<?xml version="1.0" encoding="utf-8"?>
<gpx xmlns="http://www.topografix.com/GPX/1/1" version="1.1" creator="https://mapy.com/">
	<trk>
		<name>Lago di Šance — z Valašského Meziříčí</name>
		<trkseg>
			<trkpt lat="49.472807" lon="17.964779">
				<ele>294.000000</ele>
			</trkpt>
			<trkpt lat="49.472731" lon="17.964491">
				<ele>294.000000</ele>
			</trkpt>
			<trkpt lat="49.472597" lon="17.964563">
				<ele>293.000000</ele>
			</trkpt>
			<trkpt lat="49.472830" lon="17.965461">
				<ele>293.000000</ele>
			</trkpt>
			<trkpt lat="49.472964" lon="17.965964">
				<ele>293.000000</ele>
			</trkpt>
			<trkpt lat="49.473029" lon="17.966207">
				<ele>293.000000</ele>
			</trkpt>
			<trkpt lat="49.473233" lon="17.966953">
				<ele>294.000000</ele>
			</trkpt>
			<trkpt lat="49.473449" lon="17.967752">
				<ele>294.000000</ele>
			</trkpt>
			<trkpt lat="49.473537" lon="17.968085">
				<ele>294.000000</ele>
			</trkpt>
			<trkpt lat="49.473712" lon="17.968704">
				<ele>294.000000</ele>
			</trkpt>
			<trkpt lat="49.473992" lon="17.969783">
				<ele>295.000000</ele>
			</trkpt>
			<trkpt lat="49.474161" lon="17.970609">
				<ele>295.000000</ele>
			</trkpt>
			<trkpt lat="49.474412" lon="17.971588">
				<ele>295.000000</ele>
			</trkpt>
			<trkpt lat="49.474459" lon="17.971830">
				<ele>296.000000</ele>
			</trkpt>
			<trkpt lat="49.474465" lon="17.971993">
				<ele>297.000000</ele>
			</trkpt>
			<trkpt lat="49.474436" lon="17.972010">
				<ele>297.000000</ele>
			</trkpt>
			<trkpt lat="49.474412" lon="17.972019">
				<ele>297.000000</ele>
			</trkpt>
			<trkpt lat="49.474389" lon="17.972046">
				<ele>297.000000</ele>
			</trkpt>
			<trkpt lat="49.474383" lon="17.972091">
				<ele>297.000000</ele>
			</trkpt>
			<trkpt lat="49.474371" lon="17.972127">
				<ele>297.000000</ele>
			</trkpt>
			<trkpt lat="49.474371" lon="17.972154">
				<ele>297.000000</ele>
			</trkpt>
			<trkpt lat="49.474389" lon="17.972207">
				<ele>297.000000</ele>
			</trkpt>
			<trkpt lat="49.474412" lon="17.972243">
				<ele>297.000000</ele>
			</trkpt>
			<trkpt lat="49.474442" lon="17.972270">
				<ele>297.000000</ele>
			</trkpt>
			<trkpt lat="49.474477" lon="17.972270">
				<ele>297.000000</ele>
			</trkpt>
			<trkpt lat="49.474506" lon="17.972243">
				<ele>297.000000</ele>
			</trkpt>
			<trkpt lat="49.474552" lon="17.972459">
				<ele>296.000000</ele>
			</trkpt>
			<trkpt lat="49.474617" lon="17.972792">
				<ele>296.000000</ele>
			</trkpt>
			<trkpt lat="49.474652" lon="17.973025">
				<ele>295.000000</ele>
			</trkpt>
			<trkpt lat="49.474780" lon="17.973645">
				<ele>295.000000</ele>
			</trkpt>
			<trkpt lat="49.474926" lon="17.974435">
				<ele>295.000000</ele>
			</trkpt>
			<trkpt lat="49.475031" lon="17.975083">
				<ele>295.000000</ele>
			</trkpt>
			<trkpt lat="49.475072" lon="17.975307">
				<ele>296.000000</ele>
			</trkpt>
			<trkpt lat="49.475154" lon="17.975891">
				<ele>296.000000</ele>
			</trkpt>
			<trkpt lat="49.475259" lon="17.976555">
				<ele>296.000000</ele>
			</trkpt>
			<trkpt lat="49.475358" lon="17.977085">
				<ele>296.000000</ele>
			</trkpt>
			<trkpt lat="49.475475" lon="17.977534">
				<ele>297.000000</ele>
			</trkpt>
			<trkpt lat="49.475556" lon="17.977804">
				<ele>297.000000</ele>
			</trkpt>
			<trkpt lat="49.475633" lon="17.978029">
				<ele>297.000000</ele>
			</trkpt>
			<trkpt lat="49.475533" lon="17.977939">
				<ele>297.000000</ele>
			</trkpt>
			<trkpt lat="49.475463" lon="17.977885">
				<ele>297.000000</ele>
			</trkpt>
			<trkpt lat="49.475393" lon="17.977849">
				<ele>297.000000</ele>
			</trkpt>
			<trkpt lat="49.475340" lon="17.977849">
				<ele>297.000000</ele>
			</trkpt>
			<trkpt lat="49.475323" lon="17.977849">
				<ele>297.000000</ele>
			</trkpt>
			<trkpt lat="49.475323" lon="17.977849">
				<ele>297.000000</ele>
			</trkpt>
			<trkpt lat="49.475160" lon="17.977876">
				<ele>296.000000</ele>
			</trkpt>
			<trkpt lat="49.474880" lon="17.977930">
				<ele>296.000000</ele>
			</trkpt>
			<trkpt lat="49.472848" lon="17.978209">
				<ele>295.000000</ele>
			</trkpt>
			<trkpt lat="49.472562" lon="17.979169">
				<ele>295.000000</ele>
			</trkpt>
			<trkpt lat="49.472504" lon="17.979430">
				<ele>295.000000</ele>
			</trkpt>
			<trkpt lat="49.472451" lon="17.979691">
				<ele>295.000000</ele>
			</trkpt>
			<trkpt lat="49.472311" lon="17.980409">
				<ele>295.000000</ele>
			</trkpt>
			<trkpt lat="49.472217" lon="17.981002">
				<ele>296.000000</ele>
			</trkpt>
			<trkpt lat="49.472130" lon="17.981631">
				<ele>296.000000</ele>
			</trkpt>
			<trkpt lat="49.472054" lon="17.982367">
				<ele>297.000000</ele>
			</trkpt>
			<trkpt lat="49.472048" lon="17.982394">
				<ele>297.000000</ele>
			</trkpt>
			<trkpt lat="49.472042" lon="17.982538">
				<ele>297.000000</ele>
			</trkpt>
			<trkpt lat="49.472025" lon="17.982889">
				<ele>297.000000</ele>
			</trkpt>
			<trkpt lat="49.472025" lon="17.983131">
				<ele>297.000000</ele>
			</trkpt>
			<trkpt lat="49.472025" lon="17.983239">
				<ele>297.000000</ele>
			</trkpt>
			<trkpt lat="49.472013" lon="17.983320">
				<ele>297.000000</ele>
			</trkpt>
			<trkpt lat="49.471995" lon="17.983392">
				<ele>297.000000</ele>
			</trkpt>
			<trkpt lat="49.471949" lon="17.983463">
				<ele>297.000000</ele>
			</trkpt>
			<trkpt lat="49.471873" lon="17.983625">
				<ele>297.000000</ele>
			</trkpt>
			<trkpt lat="49.471833" lon="17.983759">
				<ele>297.000000</ele>
			</trkpt>
			<trkpt lat="49.471820" lon="17.983876">
				<ele>298.000000</ele>
			</trkpt>
			<trkpt lat="49.471820" lon="17.984138">
				<ele>298.000000</ele>
			</trkpt>
			<trkpt lat="49.471826" lon="17.984388">
				<ele>298.000000</ele>
			</trkpt>
			<trkpt lat="49.471833" lon="17.984784">
				<ele>298.000000</ele>
			</trkpt>
			<trkpt lat="49.471861" lon="17.985144">
				<ele>298.000000</ele>
			</trkpt>
			<trkpt lat="49.471879" lon="17.985386">
				<ele>298.000000</ele>
			</trkpt>
			<trkpt lat="49.471908" lon="17.985593">
				<ele>299.000000</ele>
			</trkpt>
			<trkpt lat="49.471949" lon="17.985790">
				<ele>299.000000</ele>
			</trkpt>
			<trkpt lat="49.472008" lon="17.985988">
				<ele>299.000000</ele>
			</trkpt>
			<trkpt lat="49.472148" lon="17.986392">
				<ele>299.000000</ele>
			</trkpt>
			<trkpt lat="49.472200" lon="17.986572">
				<ele>299.000000</ele>
			</trkpt>
			<trkpt lat="49.472124" lon="17.986652">
				<ele>299.000000</ele>
			</trkpt>
			<trkpt lat="49.471833" lon="17.986895">
				<ele>300.000000</ele>
			</trkpt>
			<trkpt lat="49.471803" lon="17.986912">
				<ele>300.000000</ele>
			</trkpt>
			<trkpt lat="49.471786" lon="17.986878">
				<ele>300.000000</ele>
			</trkpt>
			<trkpt lat="49.471751" lon="17.986662">
				<ele>300.000000</ele>
			</trkpt>
			<trkpt lat="49.471739" lon="17.986625">
				<ele>300.000000</ele>
			</trkpt>
			<trkpt lat="49.471721" lon="17.986599">
				<ele>300.000000</ele>
			</trkpt>
			<trkpt lat="49.471715" lon="17.986878">
				<ele>300.000000</ele>
			</trkpt>
			<trkpt lat="49.471715" lon="17.986958">
				<ele>300.000000</ele>
			</trkpt>
			<trkpt lat="49.471809" lon="17.987102">
				<ele>300.000000</ele>
			</trkpt>
			<trkpt lat="49.471891" lon="17.987299">
				<ele>300.000000</ele>
			</trkpt>
			<trkpt lat="49.472299" lon="17.988279">
				<ele>300.000000</ele>
			</trkpt>
			<trkpt lat="49.472504" lon="17.988799">
				<ele>300.000000</ele>
			</trkpt>
			<trkpt lat="49.472527" lon="17.988872">
				<ele>300.000000</ele>
			</trkpt>
			<trkpt lat="49.472685" lon="17.989321">
				<ele>300.000000</ele>
			</trkpt>
			<trkpt lat="49.472778" lon="17.989617">
				<ele>300.000000</ele>
			</trkpt>
			<trkpt lat="49.472953" lon="17.990417">
				<ele>300.000000</ele>
			</trkpt>
			<trkpt lat="49.473099" lon="17.991073">
				<ele>300.000000</ele>
			</trkpt>
			<trkpt lat="49.473117" lon="17.991162">
				<ele>300.000000</ele>
			</trkpt>
			<trkpt lat="49.473158" lon="17.991216">
				<ele>300.000000</ele>
			</trkpt>
			<trkpt lat="49.473204" lon="17.991260">
				<ele>300.000000</ele>
			</trkpt>
			<trkpt lat="49.473257" lon="17.991288">
				<ele>300.000000</ele>
			</trkpt>
			<trkpt lat="49.473320" lon="17.991306">
				<ele>300.000000</ele>
			</trkpt>
			<trkpt lat="49.473391" lon="17.991315">
				<ele>300.000000</ele>
			</trkpt>
			<trkpt lat="49.473361" lon="17.991440">
				<ele>300.000000</ele>
			</trkpt>
			<trkpt lat="49.473356" lon="17.991530">
				<ele>300.000000</ele>
			</trkpt>
			<trkpt lat="49.473373" lon="17.991620">
				<ele>300.000000</ele>
			</trkpt>
			<trkpt lat="49.473397" lon="17.991755">
				<ele>300.000000</ele>
			</trkpt>
			<trkpt lat="49.473548" lon="17.992258">
				<ele>300.000000</ele>
			</trkpt>
			<trkpt lat="49.473654" lon="17.992698">
				<ele>300.000000</ele>
			</trkpt>
			<trkpt lat="49.473776" lon="17.993183">
				<ele>300.000000</ele>
			</trkpt>
			<trkpt lat="49.473963" lon="17.993875">
				<ele>300.000000</ele>
			</trkpt>
			<trkpt lat="49.474068" lon="17.994279">
				<ele>301.000000</ele>
			</trkpt>
			<trkpt lat="49.474109" lon="17.994396">
				<ele>301.000000</ele>
			</trkpt>
			<trkpt lat="49.474155" lon="17.994495">
				<ele>301.000000</ele>
			</trkpt>
			<trkpt lat="49.474214" lon="17.994612">
				<ele>301.000000</ele>
			</trkpt>
			<trkpt lat="49.474267" lon="17.994684">
				<ele>301.000000</ele>
			</trkpt>
			<trkpt lat="49.474342" lon="17.994782">
				<ele>301.000000</ele>
			</trkpt>
			<trkpt lat="49.474424" lon="17.994872">
				<ele>301.000000</ele>
			</trkpt>
			<trkpt lat="49.474658" lon="17.995105">
				<ele>301.000000</ele>
			</trkpt>
			<trkpt lat="49.474809" lon="17.995277">
				<ele>301.000000</ele>
			</trkpt>
			<trkpt lat="49.474880" lon="17.995384">
				<ele>301.000000</ele>
			</trkpt>
			<trkpt lat="49.474949" lon="17.995491">
				<ele>302.000000</ele>
			</trkpt>
			<trkpt lat="49.475008" lon="17.995600">
				<ele>302.000000</ele>
			</trkpt>
			<trkpt lat="49.475061" lon="17.995707">
				<ele>302.000000</ele>
			</trkpt>
			<trkpt lat="49.475107" lon="17.995860">
				<ele>302.000000</ele>
			</trkpt>
			<trkpt lat="49.475148" lon="17.996031">
				<ele>302.000000</ele>
			</trkpt>
			<trkpt lat="49.475241" lon="17.996552">
				<ele>302.000000</ele>
			</trkpt>
			<trkpt lat="49.475364" lon="17.997208">
				<ele>302.000000</ele>
			</trkpt>
			<trkpt lat="49.475393" lon="17.997415">
				<ele>303.000000</ele>
			</trkpt>
			<trkpt lat="49.475417" lon="17.997612">
				<ele>303.000000</ele>
			</trkpt>
			<trkpt lat="49.475417" lon="17.997818">
				<ele>303.000000</ele>
			</trkpt>
			<trkpt lat="49.475422" lon="17.997998">
				<ele>303.000000</ele>
			</trkpt>
			<trkpt lat="49.475405" lon="17.998214">
				<ele>303.000000</ele>
			</trkpt>
			<trkpt lat="49.475393" lon="17.998438">
				<ele>303.000000</ele>
			</trkpt>
			<trkpt lat="49.475142" lon="18.000505">
				<ele>304.000000</ele>
			</trkpt>
			<trkpt lat="49.475025" lon="18.001537">
				<ele>305.000000</ele>
			</trkpt>
			<trkpt lat="49.474914" lon="18.002615">
				<ele>305.000000</ele>
			</trkpt>
			<trkpt lat="49.474844" lon="18.003523">
				<ele>306.000000</ele>
			</trkpt>
			<trkpt lat="49.474821" lon="18.003864">
				<ele>306.000000</ele>
			</trkpt>
			<trkpt lat="49.474786" lon="18.004763">
				<ele>306.000000</ele>
			</trkpt>
			<trkpt lat="49.474745" lon="18.005256">
				<ele>306.000000</ele>
			</trkpt>
			<trkpt lat="49.474733" lon="18.005338">
				<ele>306.000000</ele>
			</trkpt>
			<trkpt lat="49.474716" lon="18.005409">
				<ele>306.000000</ele>
			</trkpt>
			<trkpt lat="49.474628" lon="18.005634">
				<ele>306.000000</ele>
			</trkpt>
			<trkpt lat="49.474599" lon="18.005760">
				<ele>306.000000</ele>
			</trkpt>
			<trkpt lat="49.474506" lon="18.006290">
				<ele>306.000000</ele>
			</trkpt>
			<trkpt lat="49.474465" lon="18.006487">
				<ele>306.000000</ele>
			</trkpt>
			<trkpt lat="49.474459" lon="18.006730">
				<ele>307.000000</ele>
			</trkpt>
			<trkpt lat="49.474470" lon="18.007134">
				<ele>307.000000</ele>
			</trkpt>
			<trkpt lat="49.474470" lon="18.007260">
				<ele>307.000000</ele>
			</trkpt>
			<trkpt lat="49.474448" lon="18.007376">
				<ele>307.000000</ele>
			</trkpt>
			<trkpt lat="49.474430" lon="18.007520">
				<ele>307.000000</ele>
			</trkpt>
			<trkpt lat="49.474418" lon="18.007637">
				<ele>307.000000</ele>
			</trkpt>
			<trkpt lat="49.474412" lon="18.008015">
				<ele>307.000000</ele>
			</trkpt>
			<trkpt lat="49.474412" lon="18.008113">
				<ele>307.000000</ele>
			</trkpt>
			<trkpt lat="49.474389" lon="18.008202">
				<ele>307.000000</ele>
			</trkpt>
			<trkpt lat="49.474354" lon="18.008355">
				<ele>307.000000</ele>
			</trkpt>
			<trkpt lat="49.474284" lon="18.008590">
				<ele>307.000000</ele>
			</trkpt>
			<trkpt lat="49.474092" lon="18.009137">
				<ele>307.000000</ele>
			</trkpt>
			<trkpt lat="49.473823" lon="18.010611">
				<ele>308.000000</ele>
			</trkpt>
			<trkpt lat="49.473671" lon="18.011464">
				<ele>308.000000</ele>
			</trkpt>
			<trkpt lat="49.473566" lon="18.011923">
				<ele>308.000000</ele>
			</trkpt>
			<trkpt lat="49.473467" lon="18.012344">
				<ele>308.000000</ele>
			</trkpt>
			<trkpt lat="49.473367" lon="18.012722">
				<ele>308.000000</ele>
			</trkpt>
			<trkpt lat="49.473257" lon="18.013108">
				<ele>309.000000</ele>
			</trkpt>
			<trkpt lat="49.473011" lon="18.013881">
				<ele>309.000000</ele>
			</trkpt>
			<trkpt lat="49.472912" lon="18.014276">
				<ele>309.000000</ele>
			</trkpt>
			<trkpt lat="49.472871" lon="18.014500">
				<ele>309.000000</ele>
			</trkpt>
			<trkpt lat="49.472836" lon="18.014707">
				<ele>309.000000</ele>
			</trkpt>
			<trkpt lat="49.472825" lon="18.014932">
				<ele>309.000000</ele>
			</trkpt>
			<trkpt lat="49.472807" lon="18.015165">
				<ele>309.000000</ele>
			</trkpt>
			<trkpt lat="49.472714" lon="18.016953">
				<ele>310.000000</ele>
			</trkpt>
			<trkpt lat="49.472708" lon="18.017160">
				<ele>310.000000</ele>
			</trkpt>
			<trkpt lat="49.472696" lon="18.017258">
				<ele>310.000000</ele>
			</trkpt>
			<trkpt lat="49.472667" lon="18.017366">
				<ele>310.000000</ele>
			</trkpt>
			<trkpt lat="49.472632" lon="18.017456">
				<ele>310.000000</ele>
			</trkpt>
			<trkpt lat="49.472580" lon="18.017563">
				<ele>310.000000</ele>
			</trkpt>
			<trkpt lat="49.472515" lon="18.017672">
				<ele>310.000000</ele>
			</trkpt>
			<trkpt lat="49.472422" lon="18.017806">
				<ele>310.000000</ele>
			</trkpt>
			<trkpt lat="49.472183" lon="18.018102">
				<ele>310.000000</ele>
			</trkpt>
			<trkpt lat="49.472042" lon="18.018318">
				<ele>310.000000</ele>
			</trkpt>
			<trkpt lat="49.471926" lon="18.018534">
				<ele>310.000000</ele>
			</trkpt>
			<trkpt lat="49.471867" lon="18.018668">
				<ele>310.000000</ele>
			</trkpt>
			<trkpt lat="49.471833" lon="18.018812">
				<ele>310.000000</ele>
			</trkpt>
			<trkpt lat="49.471814" lon="18.018992">
				<ele>310.000000</ele>
			</trkpt>
			<trkpt lat="49.471814" lon="18.019135">
				<ele>310.000000</ele>
			</trkpt>
			<trkpt lat="49.471762" lon="18.019307">
				<ele>311.000000</ele>
			</trkpt>
			<trkpt lat="49.471692" lon="18.019521">
				<ele>311.000000</ele>
			</trkpt>
			<trkpt lat="49.471611" lon="18.019728">
				<ele>311.000000</ele>
			</trkpt>
			<trkpt lat="49.471348" lon="18.020294">
				<ele>311.000000</ele>
			</trkpt>
			<trkpt lat="49.471254" lon="18.020519">
				<ele>311.000000</ele>
			</trkpt>
			<trkpt lat="49.471214" lon="18.020618">
				<ele>311.000000</ele>
			</trkpt>
			<trkpt lat="49.471167" lon="18.020699">
				<ele>311.000000</ele>
			</trkpt>
			<trkpt lat="49.471021" lon="18.020879">
				<ele>312.000000</ele>
			</trkpt>
			<trkpt lat="49.470957" lon="18.020959">
				<ele>312.000000</ele>
			</trkpt>
			<trkpt lat="49.470927" lon="18.021022">
				<ele>312.000000</ele>
			</trkpt>
			<trkpt lat="49.470886" lon="18.021103">
				<ele>312.000000</ele>
			</trkpt>
			<trkpt lat="49.470869" lon="18.021211">
				<ele>312.000000</ele>
			</trkpt>
			<trkpt lat="49.470845" lon="18.021301">
				<ele>312.000000</ele>
			</trkpt>
			<trkpt lat="49.470817" lon="18.021364">
				<ele>312.000000</ele>
			</trkpt>
			<trkpt lat="49.470782" lon="18.021426">
				<ele>312.000000</ele>
			</trkpt>
			<trkpt lat="49.470723" lon="18.021498">
				<ele>312.000000</ele>
			</trkpt>
			<trkpt lat="49.470612" lon="18.021588">
				<ele>312.000000</ele>
			</trkpt>
			<trkpt lat="49.470379" lon="18.021768">
				<ele>312.000000</ele>
			</trkpt>
			<trkpt lat="49.470209" lon="18.021894">
				<ele>313.000000</ele>
			</trkpt>
			<trkpt lat="49.470064" lon="18.022020">
				<ele>313.000000</ele>
			</trkpt>
			<trkpt lat="49.469923" lon="18.022154">
				<ele>313.000000</ele>
			</trkpt>
			<trkpt lat="49.469812" lon="18.022280">
				<ele>313.000000</ele>
			</trkpt>
			<trkpt lat="49.469701" lon="18.022441">
				<ele>313.000000</ele>
			</trkpt>
			<trkpt lat="49.469591" lon="18.022613">
				<ele>313.000000</ele>
			</trkpt>
			<trkpt lat="49.469421" lon="18.022944">
				<ele>313.000000</ele>
			</trkpt>
			<trkpt lat="49.469252" lon="18.023223">
				<ele>314.000000</ele>
			</trkpt>
			<trkpt lat="49.469089" lon="18.023456">
				<ele>314.000000</ele>
			</trkpt>
			<trkpt lat="49.468925" lon="18.023636">
				<ele>314.000000</ele>
			</trkpt>
			<trkpt lat="49.468610" lon="18.023978">
				<ele>314.000000</ele>
			</trkpt>
			<trkpt lat="49.468295" lon="18.024382">
				<ele>315.000000</ele>
			</trkpt>
			<trkpt lat="49.468207" lon="18.024490">
				<ele>315.000000</ele>
			</trkpt>
			<trkpt lat="49.468079" lon="18.024660">
				<ele>315.000000</ele>
			</trkpt>
			<trkpt lat="49.467746" lon="18.025091">
				<ele>315.000000</ele>
			</trkpt>
			<trkpt lat="49.467559" lon="18.025343">
				<ele>315.000000</ele>
			</trkpt>
			<trkpt lat="49.467389" lon="18.025640">
				<ele>315.000000</ele>
			</trkpt>
			<trkpt lat="49.467226" lon="18.025972">
				<ele>315.000000</ele>
			</trkpt>
			<trkpt lat="49.467104" lon="18.026242">
				<ele>315.000000</ele>
			</trkpt>
			<trkpt lat="49.466958" lon="18.026484">
				<ele>316.000000</ele>
			</trkpt>
			<trkpt lat="49.466940" lon="18.026519">
				<ele>316.000000</ele>
			</trkpt>
			<trkpt lat="49.466893" lon="18.026546">
				<ele>316.000000</ele>
			</trkpt>
			<trkpt lat="49.466852" lon="18.026546">
				<ele>316.000000</ele>
			</trkpt>
			<trkpt lat="49.466823" lon="18.026529">
				<ele>316.000000</ele>
			</trkpt>
			<trkpt lat="49.466631" lon="18.026313">
				<ele>316.000000</ele>
			</trkpt>
			<trkpt lat="49.466520" lon="18.026205">
				<ele>316.000000</ele>
			</trkpt>
			<trkpt lat="49.466088" lon="18.025837">
				<ele>317.000000</ele>
			</trkpt>
			<trkpt lat="49.465901" lon="18.025649">
				<ele>317.000000</ele>
			</trkpt>
			<trkpt lat="49.465685" lon="18.025406">
				<ele>317.000000</ele>
			</trkpt>
			<trkpt lat="49.465107" lon="18.026798">
				<ele>318.000000</ele>
			</trkpt>
			<trkpt lat="49.464529" lon="18.027643">
				<ele>319.000000</ele>
			</trkpt>
			<trkpt lat="49.464511" lon="18.027661">
				<ele>319.000000</ele>
			</trkpt>
			<trkpt lat="49.464483" lon="18.027670">
				<ele>319.000000</ele>
			</trkpt>
			<trkpt lat="49.464401" lon="18.027651">
				<ele>319.000000</ele>
			</trkpt>
			<trkpt lat="49.464302" lon="18.027588">
				<ele>319.000000</ele>
			</trkpt>
			<trkpt lat="49.464155" lon="18.027498">
				<ele>319.000000</ele>
			</trkpt>
			<trkpt lat="49.464074" lon="18.027777">
				<ele>319.000000</ele>
			</trkpt>
			<trkpt lat="49.463986" lon="18.028056">
				<ele>320.000000</ele>
			</trkpt>
			<trkpt lat="49.463887" lon="18.028307">
				<ele>320.000000</ele>
			</trkpt>
			<trkpt lat="49.463677" lon="18.028775">
				<ele>324.000000</ele>
			</trkpt>
			<trkpt lat="49.463834" lon="18.028955">
				<ele>324.000000</ele>
			</trkpt>
			<trkpt lat="49.463957" lon="18.029116">
				<ele>323.000000</ele>
			</trkpt>
			<trkpt lat="49.464296" lon="18.029592">
				<ele>322.000000</ele>
			</trkpt>
			<trkpt lat="49.464377" lon="18.029691">
				<ele>322.000000</ele>
			</trkpt>
			<trkpt lat="49.464745" lon="18.030221">
				<ele>321.000000</ele>
			</trkpt>
			<trkpt lat="49.464914" lon="18.030473">
				<ele>320.000000</ele>
			</trkpt>
			<trkpt lat="49.464745" lon="18.030598">
				<ele>320.000000</ele>
			</trkpt>
			<trkpt lat="49.464599" lon="18.030750">
				<ele>320.000000</ele>
			</trkpt>
			<trkpt lat="49.464552" lon="18.030804">
				<ele>320.000000</ele>
			</trkpt>
			<trkpt lat="49.464371" lon="18.030742">
				<ele>320.000000</ele>
			</trkpt>
			<trkpt lat="49.464278" lon="18.030724">
				<ele>320.000000</ele>
			</trkpt>
			<trkpt lat="49.464231" lon="18.030733">
				<ele>320.000000</ele>
			</trkpt>
			<trkpt lat="49.464185" lon="18.030742">
				<ele>320.000000</ele>
			</trkpt>
			<trkpt lat="49.464149" lon="18.030777">
				<ele>320.000000</ele>
			</trkpt>
			<trkpt lat="49.464108" lon="18.030823">
				<ele>320.000000</ele>
			</trkpt>
			<trkpt lat="49.463869" lon="18.031137">
				<ele>320.000000</ele>
			</trkpt>
			<trkpt lat="49.463828" lon="18.031218">
				<ele>320.000000</ele>
			</trkpt>
			<trkpt lat="49.463799" lon="18.031280">
				<ele>320.000000</ele>
			</trkpt>
			<trkpt lat="49.463793" lon="18.031379">
				<ele>320.000000</ele>
			</trkpt>
			<trkpt lat="49.463776" lon="18.031505">
				<ele>320.000000</ele>
			</trkpt>
			<trkpt lat="49.463770" lon="18.031586">
				<ele>320.000000</ele>
			</trkpt>
			<trkpt lat="49.463747" lon="18.031658">
				<ele>320.000000</ele>
			</trkpt>
			<trkpt lat="49.463717" lon="18.031703">
				<ele>320.000000</ele>
			</trkpt>
			<trkpt lat="49.463683" lon="18.031775">
				<ele>320.000000</ele>
			</trkpt>
			<trkpt lat="49.463467" lon="18.031964">
				<ele>320.000000</ele>
			</trkpt>
			<trkpt lat="49.463314" lon="18.032134">
				<ele>320.000000</ele>
			</trkpt>
			<trkpt lat="49.463210" lon="18.032242">
				<ele>320.000000</ele>
			</trkpt>
			<trkpt lat="49.463128" lon="18.032377">
				<ele>320.000000</ele>
			</trkpt>
			<trkpt lat="49.462889" lon="18.032745">
				<ele>320.000000</ele>
			</trkpt>
			<trkpt lat="49.462749" lon="18.032970">
				<ele>320.000000</ele>
			</trkpt>
			<trkpt lat="49.462696" lon="18.033024">
				<ele>320.000000</ele>
			</trkpt>
			<trkpt lat="49.462632" lon="18.033077">
				<ele>320.000000</ele>
			</trkpt>
			<trkpt lat="49.462392" lon="18.033167">
				<ele>320.000000</ele>
			</trkpt>
			<trkpt lat="49.462100" lon="18.033329">
				<ele>320.000000</ele>
			</trkpt>
			<trkpt lat="49.462054" lon="18.033356">
				<ele>320.000000</ele>
			</trkpt>
			<trkpt lat="49.462018" lon="18.033400">
				<ele>320.000000</ele>
			</trkpt>
			<trkpt lat="49.461989" lon="18.033446">
				<ele>320.000000</ele>
			</trkpt>
			<trkpt lat="49.461972" lon="18.033517">
				<ele>320.000000</ele>
			</trkpt>
			<trkpt lat="49.461960" lon="18.033572">
				<ele>320.000000</ele>
			</trkpt>
			<trkpt lat="49.461966" lon="18.033626">
				<ele>320.000000</ele>
			</trkpt>
			<trkpt lat="49.461977" lon="18.033670">
				<ele>320.000000</ele>
			</trkpt>
			<trkpt lat="49.462001" lon="18.033724">
				<ele>320.000000</ele>
			</trkpt>
			<trkpt lat="49.462036" lon="18.033787">
				<ele>320.000000</ele>
			</trkpt>
			<trkpt lat="49.462042" lon="18.033840">
				<ele>320.000000</ele>
			</trkpt>
			<trkpt lat="49.462030" lon="18.033903">
				<ele>320.000000</ele>
			</trkpt>
			<trkpt lat="49.461995" lon="18.033985">
				<ele>320.000000</ele>
			</trkpt>
			<trkpt lat="49.461931" lon="18.034119">
				<ele>320.000000</ele>
			</trkpt>
			<trkpt lat="49.461890" lon="18.034219">
				<ele>320.000000</ele>
			</trkpt>
			<trkpt lat="49.461873" lon="18.034299">
				<ele>320.000000</ele>
			</trkpt>
			<trkpt lat="49.461861" lon="18.034398">
				<ele>320.000000</ele>
			</trkpt>
			<trkpt lat="49.461832" lon="18.034614">
				<ele>320.000000</ele>
			</trkpt>
			<trkpt lat="49.461814" lon="18.034775">
				<ele>320.000000</ele>
			</trkpt>
			<trkpt lat="49.461616" lon="18.035458">
				<ele>321.000000</ele>
			</trkpt>
			<trkpt lat="49.461318" lon="18.036402">
				<ele>321.000000</ele>
			</trkpt>
			<trkpt lat="49.461143" lon="18.036949">
				<ele>321.000000</ele>
			</trkpt>
			<trkpt lat="49.460991" lon="18.037362">
				<ele>321.000000</ele>
			</trkpt>
			<trkpt lat="49.460950" lon="18.037471">
				<ele>321.000000</ele>
			</trkpt>
			<trkpt lat="49.460921" lon="18.037578">
				<ele>322.000000</ele>
			</trkpt>
			<trkpt lat="49.460909" lon="18.037685">
				<ele>322.000000</ele>
			</trkpt>
			<trkpt lat="49.460898" lon="18.037811">
				<ele>322.000000</ele>
			</trkpt>
			<trkpt lat="49.460851" lon="18.038431">
				<ele>322.000000</ele>
			</trkpt>
			<trkpt lat="49.460833" lon="18.038890">
				<ele>322.000000</ele>
			</trkpt>
			<trkpt lat="49.460821" lon="18.039186">
				<ele>322.000000</ele>
			</trkpt>
			<trkpt lat="49.460804" lon="18.039293">
				<ele>322.000000</ele>
			</trkpt>
			<trkpt lat="49.460780" lon="18.039410">
				<ele>322.000000</ele>
			</trkpt>
			<trkpt lat="49.460693" lon="18.039788">
				<ele>322.000000</ele>
			</trkpt>
			<trkpt lat="49.460582" lon="18.040192">
				<ele>323.000000</ele>
			</trkpt>
			<trkpt lat="49.460541" lon="18.040318">
				<ele>323.000000</ele>
			</trkpt>
			<trkpt lat="49.460524" lon="18.040381">
				<ele>323.000000</ele>
			</trkpt>
			<trkpt lat="49.460518" lon="18.040452">
				<ele>323.000000</ele>
			</trkpt>
			<trkpt lat="49.460536" lon="18.040551">
				<ele>323.000000</ele>
			</trkpt>
			<trkpt lat="49.460618" lon="18.041136">
				<ele>323.000000</ele>
			</trkpt>
			<trkpt lat="49.460681" lon="18.041530">
				<ele>323.000000</ele>
			</trkpt>
			<trkpt lat="49.460746" lon="18.041872">
				<ele>323.000000</ele>
			</trkpt>
			<trkpt lat="49.460804" lon="18.042213">
				<ele>323.000000</ele>
			</trkpt>
			<trkpt lat="49.460927" lon="18.042725">
				<ele>324.000000</ele>
			</trkpt>
			<trkpt lat="49.461026" lon="18.043165">
				<ele>324.000000</ele>
			</trkpt>
			<trkpt lat="49.461125" lon="18.043551">
				<ele>324.000000</ele>
			</trkpt>
			<trkpt lat="49.461201" lon="18.043920">
				<ele>324.000000</ele>
			</trkpt>
			<trkpt lat="49.461440" lon="18.045232">
				<ele>325.000000</ele>
			</trkpt>
			<trkpt lat="49.461511" lon="18.045555">
				<ele>325.000000</ele>
			</trkpt>
			<trkpt lat="49.461569" lon="18.045780">
				<ele>325.000000</ele>
			</trkpt>
			<trkpt lat="49.461755" lon="18.046427">
				<ele>325.000000</ele>
			</trkpt>
			<trkpt lat="49.461884" lon="18.046830">
				<ele>325.000000</ele>
			</trkpt>
			<trkpt lat="49.461931" lon="18.046956">
				<ele>325.000000</ele>
			</trkpt>
			<trkpt lat="49.461977" lon="18.047029">
				<ele>325.000000</ele>
			</trkpt>
			<trkpt lat="49.462036" lon="18.047163">
				<ele>325.000000</ele>
			</trkpt>
			<trkpt lat="49.462083" lon="18.047343">
				<ele>325.000000</ele>
			</trkpt>
			<trkpt lat="49.462158" lon="18.047549">
				<ele>326.000000</ele>
			</trkpt>
			<trkpt lat="49.462252" lon="18.047765">
				<ele>326.000000</ele>
			</trkpt>
			<trkpt lat="49.462316" lon="18.047855">
				<ele>326.000000</ele>
			</trkpt>
			<trkpt lat="49.462363" lon="18.047926">
				<ele>326.000000</ele>
			</trkpt>
			<trkpt lat="49.462410" lon="18.047972">
				<ele>326.000000</ele>
			</trkpt>
			<trkpt lat="49.462456" lon="18.047998">
				<ele>326.000000</ele>
			</trkpt>
			<trkpt lat="49.462451" lon="18.048205">
				<ele>326.000000</ele>
			</trkpt>
			<trkpt lat="49.462468" lon="18.048385">
				<ele>326.000000</ele>
			</trkpt>
			<trkpt lat="49.462521" lon="18.048547">
				<ele>326.000000</ele>
			</trkpt>
			<trkpt lat="49.462555" lon="18.048610">
				<ele>326.000000</ele>
			</trkpt>
			<trkpt lat="49.462596" lon="18.048681">
				<ele>326.000000</ele>
			</trkpt>
			<trkpt lat="49.462661" lon="18.048790">
				<ele>326.000000</ele>
			</trkpt>
			<trkpt lat="49.462708" lon="18.048888">
				<ele>326.000000</ele>
			</trkpt>
			<trkpt lat="49.462754" lon="18.048987">
				<ele>326.000000</ele>
			</trkpt>
			<trkpt lat="49.462783" lon="18.049094">
				<ele>326.000000</ele>
			</trkpt>
			<trkpt lat="49.462684" lon="18.049176">
				<ele>326.000000</ele>
			</trkpt>
			<trkpt lat="49.462369" lon="18.049444">
				<ele>327.000000</ele>
			</trkpt>
			<trkpt lat="49.462287" lon="18.049534">
				<ele>327.000000</ele>
			</trkpt>
			<trkpt lat="49.462346" lon="18.049687">
				<ele>327.000000</ele>
			</trkpt>
			<trkpt lat="49.462509" lon="18.049993">
				<ele>327.000000</ele>
			</trkpt>
			<trkpt lat="49.462561" lon="18.050100">
				<ele>327.000000</ele>
			</trkpt>
			<trkpt lat="49.462655" lon="18.050369">
				<ele>327.000000</ele>
			</trkpt>
			<trkpt lat="49.462842" lon="18.051071">
				<ele>327.000000</ele>
			</trkpt>
			<trkpt lat="49.462988" lon="18.051528">
				<ele>328.000000</ele>
			</trkpt>
			<trkpt lat="49.463327" lon="18.052509">
				<ele>328.000000</ele>
			</trkpt>
			<trkpt lat="49.463490" lon="18.053029">
				<ele>328.000000</ele>
			</trkpt>
			<trkpt lat="49.463636" lon="18.053577">
				<ele>328.000000</ele>
			</trkpt>
			<trkpt lat="49.463711" lon="18.053918">
				<ele>329.000000</ele>
			</trkpt>
			<trkpt lat="49.463724" lon="18.054044">
				<ele>329.000000</ele>
			</trkpt>
			<trkpt lat="49.463729" lon="18.054170">
				<ele>329.000000</ele>
			</trkpt>
			<trkpt lat="49.463735" lon="18.054277">
				<ele>329.000000</ele>
			</trkpt>
			<trkpt lat="49.463752" lon="18.054377">
				<ele>329.000000</ele>
			</trkpt>
			<trkpt lat="49.463776" lon="18.054448">
				<ele>329.000000</ele>
			</trkpt>
			<trkpt lat="49.463817" lon="18.054556">
				<ele>329.000000</ele>
			</trkpt>
			<trkpt lat="49.463893" lon="18.054754">
				<ele>329.000000</ele>
			</trkpt>
			<trkpt lat="49.464074" lon="18.055239">
				<ele>329.000000</ele>
			</trkpt>
			<trkpt lat="49.464132" lon="18.055319">
				<ele>329.000000</ele>
			</trkpt>
			<trkpt lat="49.464173" lon="18.055419">
				<ele>329.000000</ele>
			</trkpt>
			<trkpt lat="49.464214" lon="18.055535">
				<ele>329.000000</ele>
			</trkpt>
			<trkpt lat="49.464266" lon="18.055706">
				<ele>329.000000</ele>
			</trkpt>
			<trkpt lat="49.464377" lon="18.056155">
				<ele>330.000000</ele>
			</trkpt>
			<trkpt lat="49.464477" lon="18.056577">
				<ele>330.000000</ele>
			</trkpt>
			<trkpt lat="49.464529" lon="18.056891">
				<ele>330.000000</ele>
			</trkpt>
			<trkpt lat="49.464558" lon="18.057188">
				<ele>330.000000</ele>
			</trkpt>
			<trkpt lat="49.464564" lon="18.057287">
				<ele>330.000000</ele>
			</trkpt>
			<trkpt lat="49.464570" lon="18.057476">
				<ele>330.000000</ele>
			</trkpt>
			<trkpt lat="49.464576" lon="18.057656">
				<ele>330.000000</ele>
			</trkpt>
			<trkpt lat="49.464611" lon="18.057853">
				<ele>330.000000</ele>
			</trkpt>
			<trkpt lat="49.464664" lon="18.058059">
				<ele>330.000000</ele>
			</trkpt>
			<trkpt lat="49.464716" lon="18.058311">
				<ele>331.000000</ele>
			</trkpt>
			<trkpt lat="49.464763" lon="18.058589">
				<ele>331.000000</ele>
			</trkpt>
			<trkpt lat="49.464804" lon="18.058885">
				<ele>331.000000</ele>
			</trkpt>
			<trkpt lat="49.464833" lon="18.059191">
				<ele>331.000000</ele>
			</trkpt>
			<trkpt lat="49.464856" lon="18.059533">
				<ele>331.000000</ele>
			</trkpt>
			<trkpt lat="49.464862" lon="18.059784">
				<ele>331.000000</ele>
			</trkpt>
			<trkpt lat="49.464827" lon="18.060017">
				<ele>332.000000</ele>
			</trkpt>
			<trkpt lat="49.464751" lon="18.060404">
				<ele>332.000000</ele>
			</trkpt>
			<trkpt lat="49.464692" lon="18.060620">
				<ele>332.000000</ele>
			</trkpt>
			<trkpt lat="49.464576" lon="18.060943">
				<ele>332.000000</ele>
			</trkpt>
			<trkpt lat="49.464488" lon="18.061195">
				<ele>332.000000</ele>
			</trkpt>
			<trkpt lat="49.464430" lon="18.061428">
				<ele>332.000000</ele>
			</trkpt>
			<trkpt lat="49.464366" lon="18.061671">
				<ele>333.000000</ele>
			</trkpt>
			<trkpt lat="49.464231" lon="18.062048">
				<ele>333.000000</ele>
			</trkpt>
			<trkpt lat="49.464214" lon="18.062147">
				<ele>333.000000</ele>
			</trkpt>
			<trkpt lat="49.464179" lon="18.062308">
				<ele>333.000000</ele>
			</trkpt>
			<trkpt lat="49.464149" lon="18.062434">
				<ele>333.000000</ele>
			</trkpt>
			<trkpt lat="49.464108" lon="18.062543">
				<ele>333.000000</ele>
			</trkpt>
			<trkpt lat="49.464062" lon="18.062633">
				<ele>333.000000</ele>
			</trkpt>
			<trkpt lat="49.464015" lon="18.062713">
				<ele>333.000000</ele>
			</trkpt>
			<trkpt lat="49.463963" lon="18.062793">
				<ele>333.000000</ele>
			</trkpt>
			<trkpt lat="49.463741" lon="18.063027">
				<ele>334.000000</ele>
			</trkpt>
			<trkpt lat="49.463525" lon="18.063262">
				<ele>334.000000</ele>
			</trkpt>
			<trkpt lat="49.463332" lon="18.063459">
				<ele>334.000000</ele>
			</trkpt>
			<trkpt lat="49.462655" lon="18.064105">
				<ele>335.000000</ele>
			</trkpt>
			<trkpt lat="49.462322" lon="18.064447">
				<ele>335.000000</ele>
			</trkpt>
			<trkpt lat="49.462164" lon="18.064644">
				<ele>335.000000</ele>
			</trkpt>
			<trkpt lat="49.461989" lon="18.064896">
				<ele>335.000000</ele>
			</trkpt>
			<trkpt lat="49.461820" lon="18.065174">
				<ele>335.000000</ele>
			</trkpt>
			<trkpt lat="49.461633" lon="18.065507">
				<ele>335.000000</ele>
			</trkpt>
			<trkpt lat="49.461593" lon="18.065570">
				<ele>335.000000</ele>
			</trkpt>
			<trkpt lat="49.461557" lon="18.065669">
				<ele>335.000000</ele>
			</trkpt>
			<trkpt lat="49.461464" lon="18.065965">
				<ele>335.000000</ele>
			</trkpt>
			<trkpt lat="49.461435" lon="18.066063">
				<ele>335.000000</ele>
			</trkpt>
			<trkpt lat="49.461365" lon="18.066333">
				<ele>335.000000</ele>
			</trkpt>
			<trkpt lat="49.461312" lon="18.066602">
				<ele>335.000000</ele>
			</trkpt>
			<trkpt lat="49.461283" lon="18.066728">
				<ele>335.000000</ele>
			</trkpt>
			<trkpt lat="49.461236" lon="18.066845">
				<ele>335.000000</ele>
			</trkpt>
			<trkpt lat="49.461183" lon="18.066998">
				<ele>335.000000</ele>
			</trkpt>
			<trkpt lat="49.461119" lon="18.067258">
				<ele>335.000000</ele>
			</trkpt>
			<trkpt lat="49.461067" lon="18.067420">
				<ele>335.000000</ele>
			</trkpt>
			<trkpt lat="49.461002" lon="18.067520">
				<ele>336.000000</ele>
			</trkpt>
			<trkpt lat="49.460938" lon="18.067600">
				<ele>336.000000</ele>
			</trkpt>
			<trkpt lat="49.460898" lon="18.067726">
				<ele>336.000000</ele>
			</trkpt>
			<trkpt lat="49.460839" lon="18.067986">
				<ele>336.000000</ele>
			</trkpt>
			<trkpt lat="49.460816" lon="18.068130">
				<ele>336.000000</ele>
			</trkpt>
			<trkpt lat="49.460810" lon="18.068256">
				<ele>336.000000</ele>
			</trkpt>
			<trkpt lat="49.460816" lon="18.068507">
				<ele>336.000000</ele>
			</trkpt>
			<trkpt lat="49.460798" lon="18.068713">
				<ele>336.000000</ele>
			</trkpt>
			<trkpt lat="49.460775" lon="18.068902">
				<ele>336.000000</ele>
			</trkpt>
			<trkpt lat="49.460734" lon="18.069109">
				<ele>336.000000</ele>
			</trkpt>
			<trkpt lat="49.460658" lon="18.069351">
				<ele>336.000000</ele>
			</trkpt>
			<trkpt lat="49.460536" lon="18.069774">
				<ele>337.000000</ele>
			</trkpt>
			<trkpt lat="49.460495" lon="18.069944">
				<ele>337.000000</ele>
			</trkpt>
			<trkpt lat="49.460471" lon="18.070115">
				<ele>337.000000</ele>
			</trkpt>
			<trkpt lat="49.460360" lon="18.070061">
				<ele>337.000000</ele>
			</trkpt>
			<trkpt lat="49.460267" lon="18.070017">
				<ele>337.000000</ele>
			</trkpt>
			<trkpt lat="49.460197" lon="18.069971">
				<ele>337.000000</ele>
			</trkpt>
			<trkpt lat="49.460051" lon="18.069837">
				<ele>337.000000</ele>
			</trkpt>
			<trkpt lat="49.459952" lon="18.069765">
				<ele>337.000000</ele>
			</trkpt>
			<trkpt lat="49.459852" lon="18.069701">
				<ele>337.000000</ele>
			</trkpt>
			<trkpt lat="49.459596" lon="18.069585">
				<ele>338.000000</ele>
			</trkpt>
			<trkpt lat="49.459199" lon="18.069441">
				<ele>338.000000</ele>
			</trkpt>
			<trkpt lat="49.458556" lon="18.069208">
				<ele>339.000000</ele>
			</trkpt>
			<trkpt lat="49.457412" lon="18.068830">
				<ele>340.000000</ele>
			</trkpt>
			<trkpt lat="49.457347" lon="18.068651">
				<ele>340.000000</ele>
			</trkpt>
			<trkpt lat="49.457172" lon="18.068472">
				<ele>340.000000</ele>
			</trkpt>
			<trkpt lat="49.457038" lon="18.068749">
				<ele>340.000000</ele>
			</trkpt>
			<trkpt lat="49.456840" lon="18.069099">
				<ele>340.000000</ele>
			</trkpt>
			<trkpt lat="49.456728" lon="18.069271">
				<ele>341.000000</ele>
			</trkpt>
			<trkpt lat="49.456606" lon="18.069441">
				<ele>341.000000</ele>
			</trkpt>
			<trkpt lat="49.456325" lon="18.069782">
				<ele>342.000000</ele>
			</trkpt>
			<trkpt lat="49.456133" lon="18.070007">
				<ele>343.000000</ele>
			</trkpt>
			<trkpt lat="49.455584" lon="18.070564">
				<ele>345.000000</ele>
			</trkpt>
			<trkpt lat="49.455391" lon="18.070770">
				<ele>345.000000</ele>
			</trkpt>
			<trkpt lat="49.455269" lon="18.070923">
				<ele>345.000000</ele>
			</trkpt>
			<trkpt lat="49.455158" lon="18.071076">
				<ele>345.000000</ele>
			</trkpt>
			<trkpt lat="49.454941" lon="18.071409">
				<ele>345.000000</ele>
			</trkpt>
			<trkpt lat="49.454253" lon="18.072577">
				<ele>346.000000</ele>
			</trkpt>
			<trkpt lat="49.454001" lon="18.072990">
				<ele>346.000000</ele>
			</trkpt>
			<trkpt lat="49.453709" lon="18.073447">
				<ele>347.000000</ele>
			</trkpt>
			<trkpt lat="49.453552" lon="18.073673">
				<ele>347.000000</ele>
			</trkpt>
			<trkpt lat="49.453382" lon="18.073852">
				<ele>348.000000</ele>
			</trkpt>
			<trkpt lat="49.453237" lon="18.073978">
				<ele>348.000000</ele>
			</trkpt>
			<trkpt lat="49.452822" lon="18.074301">
				<ele>349.000000</ele>
			</trkpt>
			<trkpt lat="49.452337" lon="18.074678">
				<ele>350.000000</ele>
			</trkpt>
			<trkpt lat="49.451502" lon="18.075361">
				<ele>351.000000</ele>
			</trkpt>
			<trkpt lat="49.451140" lon="18.075631">
				<ele>352.000000</ele>
			</trkpt>
			<trkpt lat="49.450836" lon="18.075828">
				<ele>352.000000</ele>
			</trkpt>
			<trkpt lat="49.450573" lon="18.075990">
				<ele>353.000000</ele>
			</trkpt>
			<trkpt lat="49.450282" lon="18.076125">
				<ele>353.000000</ele>
			</trkpt>
			<trkpt lat="49.450001" lon="18.076250">
				<ele>353.000000</ele>
			</trkpt>
			<trkpt lat="49.449674" lon="18.076367">
				<ele>354.000000</ele>
			</trkpt>
			<trkpt lat="49.449476" lon="18.076449">
				<ele>354.000000</ele>
			</trkpt>
			<trkpt lat="49.449248" lon="18.076520">
				<ele>355.000000</ele>
			</trkpt>
			<trkpt lat="49.448495" lon="18.076789">
				<ele>355.000000</ele>
			</trkpt>
			<trkpt lat="49.448354" lon="18.076852">
				<ele>355.000000</ele>
			</trkpt>
			<trkpt lat="49.448243" lon="18.076906">
				<ele>356.000000</ele>
			</trkpt>
			<trkpt lat="49.448138" lon="18.076988">
				<ele>356.000000</ele>
			</trkpt>
			<trkpt lat="49.448016" lon="18.077086">
				<ele>356.000000</ele>
			</trkpt>
			<trkpt lat="49.447566" lon="18.077491">
				<ele>357.000000</ele>
			</trkpt>
			<trkpt lat="49.446836" lon="18.078101">
				<ele>358.000000</ele>
			</trkpt>
			<trkpt lat="49.446637" lon="18.078290">
				<ele>359.000000</ele>
			</trkpt>
			<trkpt lat="49.446456" lon="18.078478">
				<ele>359.000000</ele>
			</trkpt>
			<trkpt lat="49.446392" lon="18.078559">
				<ele>359.000000</ele>
			</trkpt>
			<trkpt lat="49.446392" lon="18.078559">
				<ele>359.000000</ele>
			</trkpt>
			<trkpt lat="49.446293" lon="18.078676">
				<ele>360.000000</ele>
			</trkpt>
			<trkpt lat="49.445983" lon="18.079089">
				<ele>360.000000</ele>
			</trkpt>
			<trkpt lat="49.445639" lon="18.079502">
				<ele>361.000000</ele>
			</trkpt>
			<trkpt lat="49.445358" lon="18.079862">
				<ele>362.000000</ele>
			</trkpt>
			<trkpt lat="49.444949" lon="18.080391">
				<ele>363.000000</ele>
			</trkpt>
			<trkpt lat="49.444874" lon="18.080518">
				<ele>363.000000</ele>
			</trkpt>
			<trkpt lat="49.444838" lon="18.080617">
				<ele>363.000000</ele>
			</trkpt>
			<trkpt lat="49.444809" lon="18.080724">
				<ele>363.000000</ele>
			</trkpt>
			<trkpt lat="49.444774" lon="18.080850">
				<ele>363.000000</ele>
			</trkpt>
			<trkpt lat="49.444435" lon="18.083087">
				<ele>366.000000</ele>
			</trkpt>
			<trkpt lat="49.444365" lon="18.083357">
				<ele>366.000000</ele>
			</trkpt>
			<trkpt lat="49.444330" lon="18.083455">
				<ele>366.000000</ele>
			</trkpt>
			<trkpt lat="49.444290" lon="18.083544">
				<ele>366.000000</ele>
			</trkpt>
			<trkpt lat="49.443921" lon="18.084273">
				<ele>367.000000</ele>
			</trkpt>
			<trkpt lat="49.443366" lon="18.085225">
				<ele>369.000000</ele>
			</trkpt>
			<trkpt lat="49.443320" lon="18.085305">
				<ele>369.000000</ele>
			</trkpt>
			<trkpt lat="49.443250" lon="18.085431">
				<ele>369.000000</ele>
			</trkpt>
			<trkpt lat="49.443133" lon="18.085710">
				<ele>369.000000</ele>
			</trkpt>
			<trkpt lat="49.443028" lon="18.086024">
				<ele>370.000000</ele>
			</trkpt>
			<trkpt lat="49.442969" lon="18.086240">
				<ele>370.000000</ele>
			</trkpt>
			<trkpt lat="49.442928" lon="18.086420">
				<ele>370.000000</ele>
			</trkpt>
			<trkpt lat="49.442911" lon="18.086617">
				<ele>370.000000</ele>
			</trkpt>
			<trkpt lat="49.442911" lon="18.086976">
				<ele>371.000000</ele>
			</trkpt>
			<trkpt lat="49.442975" lon="18.087965">
				<ele>372.000000</ele>
			</trkpt>
			<trkpt lat="49.442987" lon="18.088215">
				<ele>372.000000</ele>
			</trkpt>
			<trkpt lat="49.442981" lon="18.088395">
				<ele>372.000000</ele>
			</trkpt>
			<trkpt lat="49.442958" lon="18.088567">
				<ele>372.000000</ele>
			</trkpt>
			<trkpt lat="49.442917" lon="18.088747">
				<ele>373.000000</ele>
			</trkpt>
			<trkpt lat="49.442853" lon="18.088989">
				<ele>373.000000</ele>
			</trkpt>
			<trkpt lat="49.442829" lon="18.089186">
				<ele>373.000000</ele>
			</trkpt>
			<trkpt lat="49.442806" lon="18.089347">
				<ele>373.000000</ele>
			</trkpt>
			<trkpt lat="49.442812" lon="18.089500">
				<ele>373.000000</ele>
			</trkpt>
			<trkpt lat="49.442823" lon="18.089653">
				<ele>374.000000</ele>
			</trkpt>
			<trkpt lat="49.442870" lon="18.089995">
				<ele>374.000000</ele>
			</trkpt>
			<trkpt lat="49.442881" lon="18.090192">
				<ele>374.000000</ele>
			</trkpt>
			<trkpt lat="49.442841" lon="18.090678">
				<ele>375.000000</ele>
			</trkpt>
			<trkpt lat="49.442782" lon="18.091252">
				<ele>375.000000</ele>
			</trkpt>
			<trkpt lat="49.442753" lon="18.091486">
				<ele>376.000000</ele>
			</trkpt>
			<trkpt lat="49.442736" lon="18.091630">
				<ele>376.000000</ele>
			</trkpt>
			<trkpt lat="49.442700" lon="18.091783">
				<ele>376.000000</ele>
			</trkpt>
			<trkpt lat="49.442666" lon="18.091936">
				<ele>376.000000</ele>
			</trkpt>
			<trkpt lat="49.442549" lon="18.092267">
				<ele>376.000000</ele>
			</trkpt>
			<trkpt lat="49.442467" lon="18.092563">
				<ele>377.000000</ele>
			</trkpt>
			<trkpt lat="49.442385" lon="18.092842">
				<ele>377.000000</ele>
			</trkpt>
			<trkpt lat="49.442327" lon="18.093005">
				<ele>377.000000</ele>
			</trkpt>
			<trkpt lat="49.442263" lon="18.093129">
				<ele>378.000000</ele>
			</trkpt>
			<trkpt lat="49.442169" lon="18.093255">
				<ele>378.000000</ele>
			</trkpt>
			<trkpt lat="49.442029" lon="18.093408">
				<ele>378.000000</ele>
			</trkpt>
			<trkpt lat="49.441935" lon="18.093525">
				<ele>378.000000</ele>
			</trkpt>
			<trkpt lat="49.441853" lon="18.093660">
				<ele>378.000000</ele>
			</trkpt>
			<trkpt lat="49.441778" lon="18.093804">
				<ele>379.000000</ele>
			</trkpt>
			<trkpt lat="49.441591" lon="18.094316">
				<ele>379.000000</ele>
			</trkpt>
			<trkpt lat="49.441491" lon="18.094586">
				<ele>380.000000</ele>
			</trkpt>
			<trkpt lat="49.441427" lon="18.094819">
				<ele>380.000000</ele>
			</trkpt>
			<trkpt lat="49.441386" lon="18.094999">
				<ele>380.000000</ele>
			</trkpt>
			<trkpt lat="49.441369" lon="18.095286">
				<ele>380.000000</ele>
			</trkpt>
			<trkpt lat="49.441369" lon="18.095618">
				<ele>381.000000</ele>
			</trkpt>
			<trkpt lat="49.441375" lon="18.096085">
				<ele>381.000000</ele>
			</trkpt>
			<trkpt lat="49.441363" lon="18.096373">
				<ele>382.000000</ele>
			</trkpt>
			<trkpt lat="49.441357" lon="18.096651">
				<ele>382.000000</ele>
			</trkpt>
			<trkpt lat="49.441345" lon="18.096750">
				<ele>382.000000</ele>
			</trkpt>
			<trkpt lat="49.441328" lon="18.096858">
				<ele>382.000000</ele>
			</trkpt>
			<trkpt lat="49.441159" lon="18.097316">
				<ele>383.000000</ele>
			</trkpt>
			<trkpt lat="49.441100" lon="18.097450">
				<ele>383.000000</ele>
			</trkpt>
			<trkpt lat="49.441036" lon="18.097595">
				<ele>383.000000</ele>
			</trkpt>
			<trkpt lat="49.440878" lon="18.097837">
				<ele>383.000000</ele>
			</trkpt>
			<trkpt lat="49.440756" lon="18.098016">
				<ele>384.000000</ele>
			</trkpt>
			<trkpt lat="49.440627" lon="18.098179">
				<ele>384.000000</ele>
			</trkpt>
			<trkpt lat="49.440446" lon="18.098376">
				<ele>384.000000</ele>
			</trkpt>
			<trkpt lat="49.440376" lon="18.098466">
				<ele>385.000000</ele>
			</trkpt>
			<trkpt lat="49.440306" lon="18.098547">
				<ele>385.000000</ele>
			</trkpt>
			<trkpt lat="49.440253" lon="18.098637">
				<ele>385.000000</ele>
			</trkpt>
			<trkpt lat="49.440207" lon="18.098754">
				<ele>385.000000</ele>
			</trkpt>
			<trkpt lat="49.440031" lon="18.099203">
				<ele>386.000000</ele>
			</trkpt>
			<trkpt lat="49.439885" lon="18.099607">
				<ele>386.000000</ele>
			</trkpt>
			<trkpt lat="49.439798" lon="18.099903">
				<ele>386.000000</ele>
			</trkpt>
			<trkpt lat="49.439768" lon="18.100137">
				<ele>387.000000</ele>
			</trkpt>
			<trkpt lat="49.439733" lon="18.100550">
				<ele>387.000000</ele>
			</trkpt>
			<trkpt lat="49.439727" lon="18.100765">
				<ele>387.000000</ele>
			</trkpt>
			<trkpt lat="49.439739" lon="18.101018">
				<ele>388.000000</ele>
			</trkpt>
			<trkpt lat="49.439757" lon="18.101287">
				<ele>388.000000</ele>
			</trkpt>
			<trkpt lat="49.439745" lon="18.101502">
				<ele>388.000000</ele>
			</trkpt>
			<trkpt lat="49.439727" lon="18.101681">
				<ele>388.000000</ele>
			</trkpt>
			<trkpt lat="49.439716" lon="18.102203">
				<ele>389.000000</ele>
			</trkpt>
			<trkpt lat="49.439698" lon="18.102427">
				<ele>389.000000</ele>
			</trkpt>
			<trkpt lat="49.439645" lon="18.102724">
				<ele>390.000000</ele>
			</trkpt>
			<trkpt lat="49.439564" lon="18.103102">
				<ele>390.000000</ele>
			</trkpt>
			<trkpt lat="49.439523" lon="18.103299">
				<ele>391.000000</ele>
			</trkpt>
			<trkpt lat="49.439511" lon="18.103488">
				<ele>391.000000</ele>
			</trkpt>
			<trkpt lat="49.439488" lon="18.103882">
				<ele>393.000000</ele>
			</trkpt>
			<trkpt lat="49.439464" lon="18.104081">
				<ele>394.000000</ele>
			</trkpt>
			<trkpt lat="49.439441" lon="18.104268">
				<ele>395.000000</ele>
			</trkpt>
			<trkpt lat="49.439406" lon="18.104448">
				<ele>396.000000</ele>
			</trkpt>
			<trkpt lat="49.439354" lon="18.104637">
				<ele>396.000000</ele>
			</trkpt>
			<trkpt lat="49.439237" lon="18.105041">
				<ele>398.000000</ele>
			</trkpt>
			<trkpt lat="49.439201" lon="18.105176">
				<ele>398.000000</ele>
			</trkpt>
			<trkpt lat="49.439190" lon="18.105320">
				<ele>399.000000</ele>
			</trkpt>
			<trkpt lat="49.439196" lon="18.105455">
				<ele>399.000000</ele>
			</trkpt>
			<trkpt lat="49.439225" lon="18.105662">
				<ele>400.000000</ele>
			</trkpt>
			<trkpt lat="49.439313" lon="18.106165">
				<ele>403.000000</ele>
			</trkpt>
			<trkpt lat="49.439459" lon="18.106838">
				<ele>407.000000</ele>
			</trkpt>
			<trkpt lat="49.439541" lon="18.107270">
				<ele>409.000000</ele>
			</trkpt>
			<trkpt lat="49.439605" lon="18.107691">
				<ele>412.000000</ele>
			</trkpt>
			<trkpt lat="49.439628" lon="18.107826">
				<ele>414.000000</ele>
			</trkpt>
			<trkpt lat="49.439675" lon="18.107970">
				<ele>415.000000</ele>
			</trkpt>
			<trkpt lat="49.439944" lon="18.108761">
				<ele>419.000000</ele>
			</trkpt>
			<trkpt lat="49.440218" lon="18.109578">
				<ele>422.000000</ele>
			</trkpt>
			<trkpt lat="49.440487" lon="18.110423">
				<ele>425.000000</ele>
			</trkpt>
			<trkpt lat="49.440638" lon="18.110943">
				<ele>427.000000</ele>
			</trkpt>
			<trkpt lat="49.441241" lon="18.112811">
				<ele>435.000000</ele>
			</trkpt>
			<trkpt lat="49.441328" lon="18.113100">
				<ele>436.000000</ele>
			</trkpt>
			<trkpt lat="49.441433" lon="18.113360">
				<ele>438.000000</ele>
			</trkpt>
			<trkpt lat="49.441760" lon="18.114142">
				<ele>441.000000</ele>
			</trkpt>
			<trkpt lat="49.442724" lon="18.116522">
				<ele>450.000000</ele>
			</trkpt>
			<trkpt lat="49.442858" lon="18.116836">
				<ele>452.000000</ele>
			</trkpt>
			<trkpt lat="49.442987" lon="18.117079">
				<ele>453.000000</ele>
			</trkpt>
			<trkpt lat="49.443127" lon="18.117295">
				<ele>454.000000</ele>
			</trkpt>
			<trkpt lat="49.443325" lon="18.117555">
				<ele>456.000000</ele>
			</trkpt>
			<trkpt lat="49.444243" lon="18.118767">
				<ele>462.000000</ele>
			</trkpt>
			<trkpt lat="49.444394" lon="18.118956">
				<ele>463.000000</ele>
			</trkpt>
			<trkpt lat="49.445224" lon="18.120061">
				<ele>465.000000</ele>
			</trkpt>
			<trkpt lat="49.445358" lon="18.120250">
				<ele>465.000000</ele>
			</trkpt>
			<trkpt lat="49.445446" lon="18.120367">
				<ele>465.000000</ele>
			</trkpt>
			<trkpt lat="49.445510" lon="18.120493">
				<ele>465.000000</ele>
			</trkpt>
			<trkpt lat="49.445574" lon="18.120618">
				<ele>465.000000</ele>
			</trkpt>
			<trkpt lat="49.445633" lon="18.120780">
				<ele>465.000000</ele>
			</trkpt>
			<trkpt lat="49.445866" lon="18.121427">
				<ele>465.000000</ele>
			</trkpt>
			<trkpt lat="49.446024" lon="18.121866">
				<ele>464.000000</ele>
			</trkpt>
			<trkpt lat="49.446187" lon="18.122369">
				<ele>460.000000</ele>
			</trkpt>
			<trkpt lat="49.446345" lon="18.122864">
				<ele>456.000000</ele>
			</trkpt>
			<trkpt lat="49.446480" lon="18.123313">
				<ele>454.000000</ele>
			</trkpt>
			<trkpt lat="49.447040" lon="18.125271">
				<ele>445.000000</ele>
			</trkpt>
			<trkpt lat="49.447583" lon="18.127095">
				<ele>436.000000</ele>
			</trkpt>
			<trkpt lat="49.447717" lon="18.127491">
				<ele>434.000000</ele>
			</trkpt>
			<trkpt lat="49.447776" lon="18.127616">
				<ele>433.000000</ele>
			</trkpt>
			<trkpt lat="49.447835" lon="18.127732">
				<ele>432.000000</ele>
			</trkpt>
			<trkpt lat="49.447905" lon="18.127832">
				<ele>431.000000</ele>
			</trkpt>
			<trkpt lat="49.447980" lon="18.127922">
				<ele>430.000000</ele>
			</trkpt>
			<trkpt lat="49.448080" lon="18.128002">
				<ele>429.000000</ele>
			</trkpt>
			<trkpt lat="49.448167" lon="18.128048">
				<ele>429.000000</ele>
			</trkpt>
			<trkpt lat="49.449493" lon="18.128721">
				<ele>420.000000</ele>
			</trkpt>
			<trkpt lat="49.451461" lon="18.129673">
				<ele>425.000000</ele>
			</trkpt>
			<trkpt lat="49.451660" lon="18.129772">
				<ele>425.000000</ele>
			</trkpt>
			<trkpt lat="49.451806" lon="18.129862">
				<ele>425.000000</ele>
			</trkpt>
			<trkpt lat="49.451969" lon="18.129969">
				<ele>425.000000</ele>
			</trkpt>
			<trkpt lat="49.452092" lon="18.130078">
				<ele>424.000000</ele>
			</trkpt>
			<trkpt lat="49.452214" lon="18.130203">
				<ele>423.000000</ele>
			</trkpt>
			<trkpt lat="49.452319" lon="18.130338">
				<ele>421.000000</ele>
			</trkpt>
			<trkpt lat="49.452395" lon="18.130464">
				<ele>421.000000</ele>
			</trkpt>
			<trkpt lat="49.452454" lon="18.130608">
				<ele>420.000000</ele>
			</trkpt>
			<trkpt lat="49.452582" lon="18.130948">
				<ele>418.000000</ele>
			</trkpt>
			<trkpt lat="49.452658" lon="18.131101">
				<ele>416.000000</ele>
			</trkpt>
			<trkpt lat="49.452740" lon="18.131237">
				<ele>416.000000</ele>
			</trkpt>
			<trkpt lat="49.452886" lon="18.131353">
				<ele>415.000000</ele>
			</trkpt>
			<trkpt lat="49.452921" lon="18.131380">
				<ele>414.000000</ele>
			</trkpt>
			<trkpt lat="49.453225" lon="18.131614">
				<ele>413.000000</ele>
			</trkpt>
			<trkpt lat="49.453412" lon="18.131730">
				<ele>413.000000</ele>
			</trkpt>
			<trkpt lat="49.453996" lon="18.132189">
				<ele>410.000000</ele>
			</trkpt>
			<trkpt lat="49.454399" lon="18.132476">
				<ele>407.000000</ele>
			</trkpt>
			<trkpt lat="49.454684" lon="18.132646">
				<ele>404.000000</ele>
			</trkpt>
			<trkpt lat="49.454872" lon="18.132709">
				<ele>402.000000</ele>
			</trkpt>
			<trkpt lat="49.454959" lon="18.132728">
				<ele>401.000000</ele>
			</trkpt>
			<trkpt lat="49.455053" lon="18.132736">
				<ele>400.000000</ele>
			</trkpt>
			<trkpt lat="49.455292" lon="18.132709">
				<ele>398.000000</ele>
			</trkpt>
			<trkpt lat="49.455368" lon="18.132701">
				<ele>398.000000</ele>
			</trkpt>
			<trkpt lat="49.455490" lon="18.132682">
				<ele>397.000000</ele>
			</trkpt>
			<trkpt lat="49.455584" lon="18.132682">
				<ele>396.000000</ele>
			</trkpt>
			<trkpt lat="49.455654" lon="18.132692">
				<ele>395.000000</ele>
			</trkpt>
			<trkpt lat="49.455718" lon="18.132719">
				<ele>395.000000</ele>
			</trkpt>
			<trkpt lat="49.455777" lon="18.132763">
				<ele>394.000000</ele>
			</trkpt>
			<trkpt lat="49.455829" lon="18.132835">
				<ele>394.000000</ele>
			</trkpt>
			<trkpt lat="49.455881" lon="18.132925">
				<ele>393.000000</ele>
			</trkpt>
			<trkpt lat="49.455922" lon="18.133024">
				<ele>393.000000</ele>
			</trkpt>
			<trkpt lat="49.456150" lon="18.133698">
				<ele>389.000000</ele>
			</trkpt>
			<trkpt lat="49.456478" lon="18.134757">
				<ele>381.000000</ele>
			</trkpt>
			<trkpt lat="49.456547" lon="18.134956">
				<ele>379.000000</ele>
			</trkpt>
			<trkpt lat="49.456600" lon="18.135072">
				<ele>377.000000</ele>
			</trkpt>
			<trkpt lat="49.456647" lon="18.135172">
				<ele>376.000000</ele>
			</trkpt>
			<trkpt lat="49.456711" lon="18.135269">
				<ele>375.000000</ele>
			</trkpt>
			<trkpt lat="49.456758" lon="18.135369">
				<ele>375.000000</ele>
			</trkpt>
			<trkpt lat="49.456822" lon="18.135468">
				<ele>375.000000</ele>
			</trkpt>
			<trkpt lat="49.457021" lon="18.135782">
				<ele>375.000000</ele>
			</trkpt>
			<trkpt lat="49.457265" lon="18.136267">
				<ele>375.000000</ele>
			</trkpt>
			<trkpt lat="49.457412" lon="18.136573">
				<ele>375.000000</ele>
			</trkpt>
			<trkpt lat="49.457563" lon="18.136914">
				<ele>375.000000</ele>
			</trkpt>
			<trkpt lat="49.457867" lon="18.137650">
				<ele>375.000000</ele>
			</trkpt>
			<trkpt lat="49.457640" lon="18.138351">
				<ele>375.000000</ele>
			</trkpt>
			<trkpt lat="49.457703" lon="18.138441">
				<ele>375.000000</ele>
			</trkpt>
			<trkpt lat="49.457744" lon="18.138539">
				<ele>375.000000</ele>
			</trkpt>
			<trkpt lat="49.457780" lon="18.138638">
				<ele>375.000000</ele>
			</trkpt>
			<trkpt lat="49.457791" lon="18.138764">
				<ele>375.000000</ele>
			</trkpt>
			<trkpt lat="49.457826" lon="18.139078">
				<ele>375.000000</ele>
			</trkpt>
			<trkpt lat="49.457832" lon="18.139277">
				<ele>375.000000</ele>
			</trkpt>
			<trkpt lat="49.457681" lon="18.139330">
				<ele>375.000000</ele>
			</trkpt>
			<trkpt lat="49.457534" lon="18.139393">
				<ele>375.000000</ele>
			</trkpt>
			<trkpt lat="49.457423" lon="18.139474">
				<ele>375.000000</ele>
			</trkpt>
			<trkpt lat="49.457312" lon="18.139546">
				<ele>375.000000</ele>
			</trkpt>
			<trkpt lat="49.457219" lon="18.139636">
				<ele>375.000000</ele>
			</trkpt>
			<trkpt lat="49.457125" lon="18.139753">
				<ele>375.000000</ele>
			</trkpt>
			<trkpt lat="49.457043" lon="18.139869">
				<ele>375.000000</ele>
			</trkpt>
			<trkpt lat="49.456968" lon="18.140049">
				<ele>375.000000</ele>
			</trkpt>
			<trkpt lat="49.456909" lon="18.140193">
				<ele>375.000000</ele>
			</trkpt>
			<trkpt lat="49.456851" lon="18.140399">
				<ele>375.000000</ele>
			</trkpt>
			<trkpt lat="49.456810" lon="18.140579">
				<ele>375.000000</ele>
			</trkpt>
			<trkpt lat="49.456775" lon="18.140795">
				<ele>376.000000</ele>
			</trkpt>
			<trkpt lat="49.456769" lon="18.141028">
				<ele>376.000000</ele>
			</trkpt>
			<trkpt lat="49.456769" lon="18.141261">
				<ele>376.000000</ele>
			</trkpt>
			<trkpt lat="49.456799" lon="18.141558">
				<ele>376.000000</ele>
			</trkpt>
			<trkpt lat="49.456845" lon="18.141927">
				<ele>376.000000</ele>
			</trkpt>
			<trkpt lat="49.456909" lon="18.142393">
				<ele>376.000000</ele>
			</trkpt>
			<trkpt lat="49.456944" lon="18.142762">
				<ele>377.000000</ele>
			</trkpt>
			<trkpt lat="49.456944" lon="18.143095">
				<ele>377.000000</ele>
			</trkpt>
			<trkpt lat="49.456921" lon="18.143435">
				<ele>377.000000</ele>
			</trkpt>
			<trkpt lat="49.456868" lon="18.143688">
				<ele>377.000000</ele>
			</trkpt>
			<trkpt lat="49.456799" lon="18.143912">
				<ele>377.000000</ele>
			</trkpt>
			<trkpt lat="49.456722" lon="18.144118">
				<ele>377.000000</ele>
			</trkpt>
			<trkpt lat="49.456588" lon="18.144414">
				<ele>377.000000</ele>
			</trkpt>
			<trkpt lat="49.456501" lon="18.144640">
				<ele>378.000000</ele>
			</trkpt>
			<trkpt lat="49.456402" lon="18.144990">
				<ele>378.000000</ele>
			</trkpt>
			<trkpt lat="49.456256" lon="18.145619">
				<ele>378.000000</ele>
			</trkpt>
			<trkpt lat="49.456127" lon="18.146319">
				<ele>379.000000</ele>
			</trkpt>
			<trkpt lat="49.456028" lon="18.146751">
				<ele>379.000000</ele>
			</trkpt>
			<trkpt lat="49.455975" lon="18.146957">
				<ele>379.000000</ele>
			</trkpt>
			<trkpt lat="49.455928" lon="18.147154">
				<ele>379.000000</ele>
			</trkpt>
			<trkpt lat="49.455870" lon="18.147334">
				<ele>379.000000</ele>
			</trkpt>
			<trkpt lat="49.455771" lon="18.147604">
				<ele>379.000000</ele>
			</trkpt>
			<trkpt lat="49.455701" lon="18.147810">
				<ele>379.000000</ele>
			</trkpt>
			<trkpt lat="49.455566" lon="18.148269">
				<ele>380.000000</ele>
			</trkpt>
			<trkpt lat="49.455403" lon="18.148852">
				<ele>380.000000</ele>
			</trkpt>
			<trkpt lat="49.455356" lon="18.149014">
				<ele>380.000000</ele>
			</trkpt>
			<trkpt lat="49.455298" lon="18.149185">
				<ele>380.000000</ele>
			</trkpt>
			<trkpt lat="49.455152" lon="18.149580">
				<ele>380.000000</ele>
			</trkpt>
			<trkpt lat="49.455053" lon="18.149877">
				<ele>380.000000</ele>
			</trkpt>
			<trkpt lat="49.455012" lon="18.150038">
				<ele>380.000000</ele>
			</trkpt>
			<trkpt lat="49.454982" lon="18.150217">
				<ele>380.000000</ele>
			</trkpt>
			<trkpt lat="49.454965" lon="18.150397">
				<ele>380.000000</ele>
			</trkpt>
			<trkpt lat="49.454953" lon="18.150604">
				<ele>380.000000</ele>
			</trkpt>
			<trkpt lat="49.454936" lon="18.150820">
				<ele>380.000000</ele>
			</trkpt>
			<trkpt lat="49.454919" lon="18.151135">
				<ele>380.000000</ele>
			</trkpt>
			<trkpt lat="49.454895" lon="18.151286">
				<ele>380.000000</ele>
			</trkpt>
			<trkpt lat="49.454866" lon="18.151449">
				<ele>380.000000</ele>
			</trkpt>
			<trkpt lat="49.454760" lon="18.151664">
				<ele>380.000000</ele>
			</trkpt>
			<trkpt lat="49.454702" lon="18.151789">
				<ele>380.000000</ele>
			</trkpt>
			<trkpt lat="49.454656" lon="18.151934">
				<ele>380.000000</ele>
			</trkpt>
			<trkpt lat="49.454533" lon="18.152364">
				<ele>380.000000</ele>
			</trkpt>
			<trkpt lat="49.454445" lon="18.152571">
				<ele>380.000000</ele>
			</trkpt>
			<trkpt lat="49.454334" lon="18.152770">
				<ele>380.000000</ele>
			</trkpt>
			<trkpt lat="49.454177" lon="18.152984">
				<ele>380.000000</ele>
			</trkpt>
			<trkpt lat="49.454083" lon="18.153110">
				<ele>381.000000</ele>
			</trkpt>
			<trkpt lat="49.454007" lon="18.153263">
				<ele>381.000000</ele>
			</trkpt>
			<trkpt lat="49.453914" lon="18.153443">
				<ele>381.000000</ele>
			</trkpt>
			<trkpt lat="49.453850" lon="18.153632">
				<ele>381.000000</ele>
			</trkpt>
			<trkpt lat="49.453809" lon="18.153812">
				<ele>381.000000</ele>
			</trkpt>
			<trkpt lat="49.453779" lon="18.153963">
				<ele>381.000000</ele>
			</trkpt>
			<trkpt lat="49.453738" lon="18.154152">
				<ele>382.000000</ele>
			</trkpt>
			<trkpt lat="49.453698" lon="18.154314">
				<ele>382.000000</ele>
			</trkpt>
			<trkpt lat="49.453610" lon="18.154575">
				<ele>382.000000</ele>
			</trkpt>
			<trkpt lat="49.453522" lon="18.154791">
				<ele>382.000000</ele>
			</trkpt>
			<trkpt lat="49.453412" lon="18.154988">
				<ele>382.000000</ele>
			</trkpt>
			<trkpt lat="49.453272" lon="18.155204">
				<ele>383.000000</ele>
			</trkpt>
			<trkpt lat="49.453178" lon="18.155347">
				<ele>383.000000</ele>
			</trkpt>
			<trkpt lat="49.453079" lon="18.155509">
				<ele>383.000000</ele>
			</trkpt>
			<trkpt lat="49.452997" lon="18.155680">
				<ele>383.000000</ele>
			</trkpt>
			<trkpt lat="49.452910" lon="18.155869">
				<ele>384.000000</ele>
			</trkpt>
			<trkpt lat="49.452822" lon="18.156173">
				<ele>384.000000</ele>
			</trkpt>
			<trkpt lat="49.452740" lon="18.156559">
				<ele>384.000000</ele>
			</trkpt>
			<trkpt lat="49.452664" lon="18.156848">
				<ele>384.000000</ele>
			</trkpt>
			<trkpt lat="49.452606" lon="18.157072">
				<ele>385.000000</ele>
			</trkpt>
			<trkpt lat="49.452518" lon="18.157305">
				<ele>385.000000</ele>
			</trkpt>
			<trkpt lat="49.452425" lon="18.157530">
				<ele>385.000000</ele>
			</trkpt>
			<trkpt lat="49.452302" lon="18.157773">
				<ele>385.000000</ele>
			</trkpt>
			<trkpt lat="49.452104" lon="18.158078">
				<ele>386.000000</ele>
			</trkpt>
			<trkpt lat="49.451981" lon="18.158294">
				<ele>386.000000</ele>
			</trkpt>
			<trkpt lat="49.451934" lon="18.158374">
				<ele>386.000000</ele>
			</trkpt>
			<trkpt lat="49.451806" lon="18.158662">
				<ele>387.000000</ele>
			</trkpt>
			<trkpt lat="49.451642" lon="18.159066">
				<ele>387.000000</ele>
			</trkpt>
			<trkpt lat="49.451549" lon="18.159282">
				<ele>387.000000</ele>
			</trkpt>
			<trkpt lat="49.451491" lon="18.159435">
				<ele>388.000000</ele>
			</trkpt>
			<trkpt lat="49.451298" lon="18.159892">
				<ele>388.000000</ele>
			</trkpt>
			<trkpt lat="49.451251" lon="18.160028">
				<ele>388.000000</ele>
			</trkpt>
			<trkpt lat="49.451210" lon="18.160144">
				<ele>388.000000</ele>
			</trkpt>
			<trkpt lat="49.451187" lon="18.160278">
				<ele>388.000000</ele>
			</trkpt>
			<trkpt lat="49.451163" lon="18.160431">
				<ele>389.000000</ele>
			</trkpt>
			<trkpt lat="49.451163" lon="18.160584">
				<ele>389.000000</ele>
			</trkpt>
			<trkpt lat="49.451163" lon="18.160720">
				<ele>389.000000</ele>
			</trkpt>
			<trkpt lat="49.451169" lon="18.160890">
				<ele>389.000000</ele>
			</trkpt>
			<trkpt lat="49.451175" lon="18.161051">
				<ele>389.000000</ele>
			</trkpt>
			<trkpt lat="49.451175" lon="18.161150">
				<ele>389.000000</ele>
			</trkpt>
			<trkpt lat="49.451151" lon="18.161259">
				<ele>389.000000</ele>
			</trkpt>
			<trkpt lat="49.451129" lon="18.161357">
				<ele>390.000000</ele>
			</trkpt>
			<trkpt lat="49.451099" lon="18.161465">
				<ele>390.000000</ele>
			</trkpt>
			<trkpt lat="49.451023" lon="18.161707">
				<ele>390.000000</ele>
			</trkpt>
			<trkpt lat="49.450982" lon="18.161869">
				<ele>390.000000</ele>
			</trkpt>
			<trkpt lat="49.450930" lon="18.162138">
				<ele>390.000000</ele>
			</trkpt>
			<trkpt lat="49.450907" lon="18.162417">
				<ele>390.000000</ele>
			</trkpt>
			<trkpt lat="49.450877" lon="18.162785">
				<ele>391.000000</ele>
			</trkpt>
			<trkpt lat="49.450830" lon="18.163127">
				<ele>391.000000</ele>
			</trkpt>
			<trkpt lat="49.450766" lon="18.163404">
				<ele>391.000000</ele>
			</trkpt>
			<trkpt lat="49.450690" lon="18.163701">
				<ele>391.000000</ele>
			</trkpt>
			<trkpt lat="49.450591" lon="18.164007">
				<ele>391.000000</ele>
			</trkpt>
			<trkpt lat="49.450474" lon="18.164330">
				<ele>391.000000</ele>
			</trkpt>
			<trkpt lat="49.450310" lon="18.164708">
				<ele>392.000000</ele>
			</trkpt>
			<trkpt lat="49.450101" lon="18.165112">
				<ele>392.000000</ele>
			</trkpt>
			<trkpt lat="49.449989" lon="18.165328">
				<ele>392.000000</ele>
			</trkpt>
			<trkpt lat="49.449920" lon="18.165471">
				<ele>392.000000</ele>
			</trkpt>
			<trkpt lat="49.449861" lon="18.165624">
				<ele>392.000000</ele>
			</trkpt>
			<trkpt lat="49.449791" lon="18.165840">
				<ele>392.000000</ele>
			</trkpt>
			<trkpt lat="49.449762" lon="18.165983">
				<ele>393.000000</ele>
			</trkpt>
			<trkpt lat="49.449709" lon="18.166244">
				<ele>393.000000</ele>
			</trkpt>
			<trkpt lat="49.449686" lon="18.166469">
				<ele>393.000000</ele>
			</trkpt>
			<trkpt lat="49.449663" lon="18.166738">
				<ele>393.000000</ele>
			</trkpt>
			<trkpt lat="49.449616" lon="18.166972">
				<ele>393.000000</ele>
			</trkpt>
			<trkpt lat="49.449569" lon="18.167178">
				<ele>393.000000</ele>
			</trkpt>
			<trkpt lat="49.449487" lon="18.167421">
				<ele>393.000000</ele>
			</trkpt>
			<trkpt lat="49.449277" lon="18.167995">
				<ele>394.000000</ele>
			</trkpt>
			<trkpt lat="49.449236" lon="18.168094">
				<ele>394.000000</ele>
			</trkpt>
			<trkpt lat="49.449201" lon="18.168175">
				<ele>394.000000</ele>
			</trkpt>
			<trkpt lat="49.449067" lon="18.168346">
				<ele>394.000000</ele>
			</trkpt>
			<trkpt lat="49.448985" lon="18.168490">
				<ele>394.000000</ele>
			</trkpt>
			<trkpt lat="49.448956" lon="18.168553">
				<ele>394.000000</ele>
			</trkpt>
			<trkpt lat="49.448932" lon="18.168624">
				<ele>394.000000</ele>
			</trkpt>
			<trkpt lat="49.448920" lon="18.168705">
				<ele>394.000000</ele>
			</trkpt>
			<trkpt lat="49.448920" lon="18.168777">
				<ele>394.000000</ele>
			</trkpt>
			<trkpt lat="49.448926" lon="18.168857">
				<ele>394.000000</ele>
			</trkpt>
			<trkpt lat="49.448932" lon="18.168957">
				<ele>394.000000</ele>
			</trkpt>
			<trkpt lat="49.448991" lon="18.169154">
				<ele>395.000000</ele>
			</trkpt>
			<trkpt lat="49.449055" lon="18.169379">
				<ele>395.000000</ele>
			</trkpt>
			<trkpt lat="49.449073" lon="18.169486">
				<ele>395.000000</ele>
			</trkpt>
			<trkpt lat="49.449079" lon="18.169586">
				<ele>395.000000</ele>
			</trkpt>
			<trkpt lat="49.449067" lon="18.169693">
				<ele>395.000000</ele>
			</trkpt>
			<trkpt lat="49.449055" lon="18.169775">
				<ele>395.000000</ele>
			</trkpt>
			<trkpt lat="49.449026" lon="18.169899">
				<ele>395.000000</ele>
			</trkpt>
			<trkpt lat="49.448985" lon="18.170008">
				<ele>395.000000</ele>
			</trkpt>
			<trkpt lat="49.448932" lon="18.170089">
				<ele>395.000000</ele>
			</trkpt>
			<trkpt lat="49.448874" lon="18.170152">
				<ele>395.000000</ele>
			</trkpt>
			<trkpt lat="49.448821" lon="18.170188">
				<ele>395.000000</ele>
			</trkpt>
			<trkpt lat="49.448763" lon="18.170223">
				<ele>395.000000</ele>
			</trkpt>
			<trkpt lat="49.448693" lon="18.170278">
				<ele>395.000000</ele>
			</trkpt>
			<trkpt lat="49.448599" lon="18.170331">
				<ele>395.000000</ele>
			</trkpt>
			<trkpt lat="49.448506" lon="18.170367">
				<ele>395.000000</ele>
			</trkpt>
			<trkpt lat="49.448436" lon="18.170412">
				<ele>395.000000</ele>
			</trkpt>
			<trkpt lat="49.448372" lon="18.170492">
				<ele>395.000000</ele>
			</trkpt>
			<trkpt lat="49.448314" lon="18.170582">
				<ele>395.000000</ele>
			</trkpt>
			<trkpt lat="49.448167" lon="18.170933">
				<ele>395.000000</ele>
			</trkpt>
			<trkpt lat="49.448092" lon="18.171140">
				<ele>395.000000</ele>
			</trkpt>
			<trkpt lat="49.448039" lon="18.171337">
				<ele>395.000000</ele>
			</trkpt>
			<trkpt lat="49.448010" lon="18.171570">
				<ele>396.000000</ele>
			</trkpt>
			<trkpt lat="49.447963" lon="18.171903">
				<ele>396.000000</ele>
			</trkpt>
			<trkpt lat="49.447939" lon="18.172110">
				<ele>396.000000</ele>
			</trkpt>
			<trkpt lat="49.447905" lon="18.172280">
				<ele>396.000000</ele>
			</trkpt>
			<trkpt lat="49.447753" lon="18.172891">
				<ele>397.000000</ele>
			</trkpt>
			<trkpt lat="49.447636" lon="18.173394">
				<ele>397.000000</ele>
			</trkpt>
			<trkpt lat="49.447548" lon="18.173907">
				<ele>397.000000</ele>
			</trkpt>
			<trkpt lat="49.447508" lon="18.174149">
				<ele>397.000000</ele>
			</trkpt>
			<trkpt lat="49.447414" lon="18.174463">
				<ele>398.000000</ele>
			</trkpt>
			<trkpt lat="49.447327" lon="18.174679">
				<ele>398.000000</ele>
			</trkpt>
			<trkpt lat="49.447227" lon="18.174876">
				<ele>398.000000</ele>
			</trkpt>
			<trkpt lat="49.447081" lon="18.175075">
				<ele>398.000000</ele>
			</trkpt>
			<trkpt lat="49.446877" lon="18.175326">
				<ele>399.000000</ele>
			</trkpt>
			<trkpt lat="49.446719" lon="18.175505">
				<ele>399.000000</ele>
			</trkpt>
			<trkpt lat="49.446608" lon="18.175668">
				<ele>399.000000</ele>
			</trkpt>
			<trkpt lat="49.446532" lon="18.175811">
				<ele>399.000000</ele>
			</trkpt>
			<trkpt lat="49.446468" lon="18.175981">
				<ele>399.000000</ele>
			</trkpt>
			<trkpt lat="49.446386" lon="18.176242">
				<ele>399.000000</ele>
			</trkpt>
			<trkpt lat="49.446322" lon="18.176386">
				<ele>399.000000</ele>
			</trkpt>
			<trkpt lat="49.446252" lon="18.176520">
				<ele>400.000000</ele>
			</trkpt>
			<trkpt lat="49.446176" lon="18.176647">
				<ele>400.000000</ele>
			</trkpt>
			<trkpt lat="49.446077" lon="18.176790">
				<ele>400.000000</ele>
			</trkpt>
			<trkpt lat="49.445989" lon="18.176862">
				<ele>400.000000</ele>
			</trkpt>
			<trkpt lat="49.445784" lon="18.177104">
				<ele>401.000000</ele>
			</trkpt>
			<trkpt lat="49.445656" lon="18.177284">
				<ele>401.000000</ele>
			</trkpt>
			<trkpt lat="49.445545" lon="18.177446">
				<ele>402.000000</ele>
			</trkpt>
			<trkpt lat="49.445428" lon="18.177643">
				<ele>403.000000</ele>
			</trkpt>
			<trkpt lat="49.445247" lon="18.177958">
				<ele>404.000000</ele>
			</trkpt>
			<trkpt lat="49.445107" lon="18.178218">
				<ele>404.000000</ele>
			</trkpt>
			<trkpt lat="49.445014" lon="18.178442">
				<ele>405.000000</ele>
			</trkpt>
			<trkpt lat="49.444973" lon="18.178649">
				<ele>405.000000</ele>
			</trkpt>
			<trkpt lat="49.444955" lon="18.178883">
				<ele>406.000000</ele>
			</trkpt>
			<trkpt lat="49.444896" lon="18.180285">
				<ele>407.000000</ele>
			</trkpt>
			<trkpt lat="49.444850" lon="18.181111">
				<ele>408.000000</ele>
			</trkpt>
			<trkpt lat="49.444815" lon="18.181605">
				<ele>409.000000</ele>
			</trkpt>
			<trkpt lat="49.444780" lon="18.181964">
				<ele>409.000000</ele>
			</trkpt>
			<trkpt lat="49.444715" lon="18.182306">
				<ele>410.000000</ele>
			</trkpt>
			<trkpt lat="49.444646" lon="18.182639">
				<ele>410.000000</ele>
			</trkpt>
			<trkpt lat="49.444523" lon="18.183052">
				<ele>411.000000</ele>
			</trkpt>
			<trkpt lat="49.444418" lon="18.183438">
				<ele>412.000000</ele>
			</trkpt>
			<trkpt lat="49.444406" lon="18.183465">
				<ele>412.000000</ele>
			</trkpt>
			<trkpt lat="49.444318" lon="18.183742">
				<ele>412.000000</ele>
			</trkpt>
			<trkpt lat="49.444219" lon="18.183977">
				<ele>413.000000</ele>
			</trkpt>
			<trkpt lat="49.444114" lon="18.184218">
				<ele>413.000000</ele>
			</trkpt>
			<trkpt lat="49.443962" lon="18.184507">
				<ele>414.000000</ele>
			</trkpt>
			<trkpt lat="49.443822" lon="18.184784">
				<ele>414.000000</ele>
			</trkpt>
			<trkpt lat="49.443407" lon="18.185503">
				<ele>416.000000</ele>
			</trkpt>
			<trkpt lat="49.443215" lon="18.185863">
				<ele>416.000000</ele>
			</trkpt>
			<trkpt lat="49.443092" lon="18.186132">
				<ele>416.000000</ele>
			</trkpt>
			<trkpt lat="49.443022" lon="18.186321">
				<ele>417.000000</ele>
			</trkpt>
			<trkpt lat="49.442975" lon="18.186455">
				<ele>417.000000</ele>
			</trkpt>
			<trkpt lat="49.442870" lon="18.186887">
				<ele>417.000000</ele>
			</trkpt>
			<trkpt lat="49.442771" lon="18.187381">
				<ele>418.000000</ele>
			</trkpt>
			<trkpt lat="49.442654" lon="18.187839">
				<ele>418.000000</ele>
			</trkpt>
			<trkpt lat="49.442444" lon="18.188711">
				<ele>419.000000</ele>
			</trkpt>
			<trkpt lat="49.442373" lon="18.188935">
				<ele>420.000000</ele>
			</trkpt>
			<trkpt lat="49.442303" lon="18.189124">
				<ele>420.000000</ele>
			</trkpt>
			<trkpt lat="49.442210" lon="18.189358">
				<ele>420.000000</ele>
			</trkpt>
			<trkpt lat="49.441444" lon="18.191055">
				<ele>425.000000</ele>
			</trkpt>
			<trkpt lat="49.441322" lon="18.191316">
				<ele>426.000000</ele>
			</trkpt>
			<trkpt lat="49.441013" lon="18.192008">
				<ele>428.000000</ele>
			</trkpt>
			<trkpt lat="49.440697" lon="18.192744">
				<ele>430.000000</ele>
			</trkpt>
			<trkpt lat="49.440446" lon="18.193300">
				<ele>431.000000</ele>
			</trkpt>
			<trkpt lat="49.440358" lon="18.193516">
				<ele>431.000000</ele>
			</trkpt>
			<trkpt lat="49.440341" lon="18.193535">
				<ele>431.000000</ele>
			</trkpt>
			<trkpt lat="49.440090" lon="18.194101">
				<ele>432.000000</ele>
			</trkpt>
			<trkpt lat="49.439903" lon="18.194487">
				<ele>432.000000</ele>
			</trkpt>
			<trkpt lat="49.439710" lon="18.194837">
				<ele>433.000000</ele>
			</trkpt>
			<trkpt lat="49.439523" lon="18.195170">
				<ele>433.000000</ele>
			</trkpt>
			<trkpt lat="49.439295" lon="18.195529">
				<ele>434.000000</ele>
			</trkpt>
			<trkpt lat="49.438612" lon="18.196544">
				<ele>435.000000</ele>
			</trkpt>
			<trkpt lat="49.438109" lon="18.197371">
				<ele>435.000000</ele>
			</trkpt>
			<trkpt lat="49.437724" lon="18.198034">
				<ele>435.000000</ele>
			</trkpt>
			<trkpt lat="49.436930" lon="18.199374">
				<ele>435.000000</ele>
			</trkpt>
			<trkpt lat="49.436602" lon="18.199948">
				<ele>435.000000</ele>
			</trkpt>
			<trkpt lat="49.436404" lon="18.200254">
				<ele>435.000000</ele>
			</trkpt>
			<trkpt lat="49.436234" lon="18.200506">
				<ele>436.000000</ele>
			</trkpt>
			<trkpt lat="49.435755" lon="18.201233">
				<ele>439.000000</ele>
			</trkpt>
			<trkpt lat="49.435399" lon="18.201782">
				<ele>442.000000</ele>
			</trkpt>
			<trkpt lat="49.435293" lon="18.201969">
				<ele>443.000000</ele>
			</trkpt>
			<trkpt lat="49.435194" lon="18.202203">
				<ele>444.000000</ele>
			</trkpt>
			<trkpt lat="49.434867" lon="18.202976">
				<ele>446.000000</ele>
			</trkpt>
			<trkpt lat="49.434259" lon="18.204466">
				<ele>448.000000</ele>
			</trkpt>
			<trkpt lat="49.434184" lon="18.204655">
				<ele>448.000000</ele>
			</trkpt>
			<trkpt lat="49.434061" lon="18.204971">
				<ele>449.000000</ele>
			</trkpt>
			<trkpt lat="49.433541" lon="18.206192">
				<ele>450.000000</ele>
			</trkpt>
			<trkpt lat="49.433150" lon="18.207153">
				<ele>452.000000</ele>
			</trkpt>
			<trkpt lat="49.432980" lon="18.207558">
				<ele>453.000000</ele>
			</trkpt>
			<trkpt lat="49.432706" lon="18.208231">
				<ele>454.000000</ele>
			</trkpt>
			<trkpt lat="49.432379" lon="18.209139">
				<ele>457.000000</ele>
			</trkpt>
			<trkpt lat="49.432081" lon="18.210009">
				<ele>460.000000</ele>
			</trkpt>
			<trkpt lat="49.432004" lon="18.210225">
				<ele>461.000000</ele>
			</trkpt>
			<trkpt lat="49.431806" lon="18.210818">
				<ele>464.000000</ele>
			</trkpt>
			<trkpt lat="49.431713" lon="18.211133">
				<ele>466.000000</ele>
			</trkpt>
			<trkpt lat="49.431619" lon="18.211474">
				<ele>468.000000</ele>
			</trkpt>
			<trkpt lat="49.431526" lon="18.211833">
				<ele>469.000000</ele>
			</trkpt>
			<trkpt lat="49.431356" lon="18.212588">
				<ele>473.000000</ele>
			</trkpt>
			<trkpt lat="49.431286" lon="18.212885">
				<ele>474.000000</ele>
			</trkpt>
			<trkpt lat="49.431187" lon="18.213208">
				<ele>476.000000</ele>
			</trkpt>
			<trkpt lat="49.431047" lon="18.213558">
				<ele>478.000000</ele>
			</trkpt>
			<trkpt lat="49.430246" lon="18.215481">
				<ele>487.000000</ele>
			</trkpt>
			<trkpt lat="49.429919" lon="18.216288">
				<ele>492.000000</ele>
			</trkpt>
			<trkpt lat="49.429708" lon="18.216792">
				<ele>495.000000</ele>
			</trkpt>
			<trkpt lat="49.429592" lon="18.217079">
				<ele>496.000000</ele>
			</trkpt>
			<trkpt lat="49.429311" lon="18.217780">
				<ele>498.000000</ele>
			</trkpt>
			<trkpt lat="49.429317" lon="18.217835">
				<ele>498.000000</ele>
			</trkpt>
			<trkpt lat="49.429335" lon="18.217906">
				<ele>498.000000</ele>
			</trkpt>
			<trkpt lat="49.429387" lon="18.218301">
				<ele>498.000000</ele>
			</trkpt>
			<trkpt lat="49.429504" lon="18.219190">
				<ele>496.000000</ele>
			</trkpt>
			<trkpt lat="49.429504" lon="18.219190">
				<ele>496.000000</ele>
			</trkpt>
			<trkpt lat="49.429867" lon="18.221850">
				<ele>491.000000</ele>
			</trkpt>
			<trkpt lat="49.429896" lon="18.222093">
				<ele>490.000000</ele>
			</trkpt>
			<trkpt lat="49.430065" lon="18.223439">
				<ele>485.000000</ele>
			</trkpt>
			<trkpt lat="49.430135" lon="18.224005">
				<ele>482.000000</ele>
			</trkpt>
			<trkpt lat="49.430211" lon="18.224563">
				<ele>479.000000</ele>
			</trkpt>
			<trkpt lat="49.430240" lon="18.224724">
				<ele>479.000000</ele>
			</trkpt>
			<trkpt lat="49.430281" lon="18.224957">
				<ele>478.000000</ele>
			</trkpt>
			<trkpt lat="49.430339" lon="18.225156">
				<ele>477.000000</ele>
			</trkpt>
			<trkpt lat="49.430398" lon="18.225335">
				<ele>477.000000</ele>
			</trkpt>
			<trkpt lat="49.430480" lon="18.225506">
				<ele>476.000000</ele>
			</trkpt>
			<trkpt lat="49.430591" lon="18.225722">
				<ele>475.000000</ele>
			</trkpt>
			<trkpt lat="49.430959" lon="18.226412">
				<ele>475.000000</ele>
			</trkpt>
			<trkpt lat="49.431263" lon="18.226951">
				<ele>474.000000</ele>
			</trkpt>
			<trkpt lat="49.431455" lon="18.227320">
				<ele>473.000000</ele>
			</trkpt>
			<trkpt lat="49.431543" lon="18.227482">
				<ele>473.000000</ele>
			</trkpt>
			<trkpt lat="49.431648" lon="18.227643">
				<ele>472.000000</ele>
			</trkpt>
			<trkpt lat="49.431765" lon="18.227787">
				<ele>472.000000</ele>
			</trkpt>
			<trkpt lat="49.432232" lon="18.228299">
				<ele>470.000000</ele>
			</trkpt>
			<trkpt lat="49.432402" lon="18.228533">
				<ele>469.000000</ele>
			</trkpt>
			<trkpt lat="49.432594" lon="18.228775">
				<ele>468.000000</ele>
			</trkpt>
			<trkpt lat="49.433167" lon="18.229620">
				<ele>463.000000</ele>
			</trkpt>
			<trkpt lat="49.433600" lon="18.230222">
				<ele>461.000000</ele>
			</trkpt>
			<trkpt lat="49.433746" lon="18.230437">
				<ele>460.000000</ele>
			</trkpt>
			<trkpt lat="49.433909" lon="18.230716">
				<ele>459.000000</ele>
			</trkpt>
			<trkpt lat="49.434073" lon="18.231030">
				<ele>459.000000</ele>
			</trkpt>
			<trkpt lat="49.434166" lon="18.231228">
				<ele>458.000000</ele>
			</trkpt>
			<trkpt lat="49.434336" lon="18.231588">
				<ele>457.000000</ele>
			</trkpt>
			<trkpt lat="49.434400" lon="18.231722">
				<ele>457.000000</ele>
			</trkpt>
			<trkpt lat="49.434470" lon="18.231830">
				<ele>457.000000</ele>
			</trkpt>
			<trkpt lat="49.434552" lon="18.231901">
				<ele>457.000000</ele>
			</trkpt>
			<trkpt lat="49.434628" lon="18.231974">
				<ele>456.000000</ele>
			</trkpt>
			<trkpt lat="49.434850" lon="18.232144">
				<ele>456.000000</ele>
			</trkpt>
			<trkpt lat="49.434972" lon="18.232217">
				<ele>456.000000</ele>
			</trkpt>
			<trkpt lat="49.435095" lon="18.232278">
				<ele>455.000000</ele>
			</trkpt>
			<trkpt lat="49.435282" lon="18.232351">
				<ele>455.000000</ele>
			</trkpt>
			<trkpt lat="49.435375" lon="18.232387">
				<ele>454.000000</ele>
			</trkpt>
			<trkpt lat="49.435463" lon="18.232387">
				<ele>454.000000</ele>
			</trkpt>
			<trkpt lat="49.435562" lon="18.232396">
				<ele>454.000000</ele>
			</trkpt>
			<trkpt lat="49.435633" lon="18.232387">
				<ele>454.000000</ele>
			</trkpt>
			<trkpt lat="49.435825" lon="18.232333">
				<ele>453.000000</ele>
			</trkpt>
			<trkpt lat="49.436386" lon="18.232117">
				<ele>452.000000</ele>
			</trkpt>
			<trkpt lat="49.436859" lon="18.231974">
				<ele>451.000000</ele>
			</trkpt>
			<trkpt lat="49.437122" lon="18.231920">
				<ele>450.000000</ele>
			</trkpt>
			<trkpt lat="49.437350" lon="18.231901">
				<ele>449.000000</ele>
			</trkpt>
			<trkpt lat="49.437589" lon="18.231938">
				<ele>449.000000</ele>
			</trkpt>
			<trkpt lat="49.437846" lon="18.232018">
				<ele>448.000000</ele>
			</trkpt>
			<trkpt lat="49.437805" lon="18.232243">
				<ele>448.000000</ele>
			</trkpt>
			<trkpt lat="49.437742" lon="18.232540">
				<ele>449.000000</ele>
			</trkpt>
			<trkpt lat="49.437724" lon="18.232647">
				<ele>449.000000</ele>
			</trkpt>
			<trkpt lat="49.437712" lon="18.232773">
				<ele>449.000000</ele>
			</trkpt>
			<trkpt lat="49.437724" lon="18.232934">
				<ele>449.000000</ele>
			</trkpt>
			<trkpt lat="49.437753" lon="18.233106">
				<ele>449.000000</ele>
			</trkpt>
			<trkpt lat="49.437805" lon="18.233312">
				<ele>449.000000</ele>
			</trkpt>
			<trkpt lat="49.437823" lon="18.233483">
				<ele>449.000000</ele>
			</trkpt>
			<trkpt lat="49.437841" lon="18.233645">
				<ele>449.000000</ele>
			</trkpt>
			<trkpt lat="49.437841" lon="18.233825">
				<ele>449.000000</ele>
			</trkpt>
			<trkpt lat="49.437835" lon="18.234201">
				<ele>449.000000</ele>
			</trkpt>
			<trkpt lat="49.437811" lon="18.234362">
				<ele>449.000000</ele>
			</trkpt>
			<trkpt lat="49.437800" lon="18.234462">
				<ele>450.000000</ele>
			</trkpt>
			<trkpt lat="49.437736" lon="18.234750">
				<ele>450.000000</ele>
			</trkpt>
			<trkpt lat="49.437630" lon="18.235054">
				<ele>450.000000</ele>
			</trkpt>
			<trkpt lat="49.437578" lon="18.235207">
				<ele>450.000000</ele>
			</trkpt>
			<trkpt lat="49.437537" lon="18.235351">
				<ele>450.000000</ele>
			</trkpt>
			<trkpt lat="49.437508" lon="18.235486">
				<ele>450.000000</ele>
			</trkpt>
			<trkpt lat="49.437146" lon="18.237138">
				<ele>450.000000</ele>
			</trkpt>
			<trkpt lat="49.437052" lon="18.237651">
				<ele>450.000000</ele>
			</trkpt>
			<trkpt lat="49.436958" lon="18.238172">
				<ele>451.000000</ele>
			</trkpt>
			<trkpt lat="49.436900" lon="18.238522">
				<ele>451.000000</ele>
			</trkpt>
			<trkpt lat="49.436900" lon="18.238522">
				<ele>451.000000</ele>
			</trkpt>
			<trkpt lat="49.436883" lon="18.238648">
				<ele>451.000000</ele>
			</trkpt>
			<trkpt lat="49.436696" lon="18.239780">
				<ele>452.000000</ele>
			</trkpt>
			<trkpt lat="49.436643" lon="18.240085">
				<ele>452.000000</ele>
			</trkpt>
			<trkpt lat="49.436573" lon="18.240364">
				<ele>452.000000</ele>
			</trkpt>
			<trkpt lat="49.436462" lon="18.240714">
				<ele>452.000000</ele>
			</trkpt>
			<trkpt lat="49.436357" lon="18.240983">
				<ele>453.000000</ele>
			</trkpt>
			<trkpt lat="49.436105" lon="18.241630">
				<ele>453.000000</ele>
			</trkpt>
			<trkpt lat="49.435965" lon="18.241999">
				<ele>454.000000</ele>
			</trkpt>
			<trkpt lat="49.435866" lon="18.242304">
				<ele>454.000000</ele>
			</trkpt>
			<trkpt lat="49.435778" lon="18.242645">
				<ele>455.000000</ele>
			</trkpt>
			<trkpt lat="49.435685" lon="18.243050">
				<ele>455.000000</ele>
			</trkpt>
			<trkpt lat="49.435551" lon="18.243670">
				<ele>456.000000</ele>
			</trkpt>
			<trkpt lat="49.435276" lon="18.244864">
				<ele>457.000000</ele>
			</trkpt>
			<trkpt lat="49.435071" lon="18.245691">
				<ele>458.000000</ele>
			</trkpt>
			<trkpt lat="49.434739" lon="18.246939">
				<ele>459.000000</ele>
			</trkpt>
			<trkpt lat="49.434604" lon="18.247496">
				<ele>460.000000</ele>
			</trkpt>
			<trkpt lat="49.434231" lon="18.249320">
				<ele>460.000000</ele>
			</trkpt>
			<trkpt lat="49.434160" lon="18.249715">
				<ele>460.000000</ele>
			</trkpt>
			<trkpt lat="49.434102" lon="18.250084">
				<ele>460.000000</ele>
			</trkpt>
			<trkpt lat="49.434453" lon="18.250505">
				<ele>460.000000</ele>
			</trkpt>
			<trkpt lat="49.434593" lon="18.250794">
				<ele>461.000000</ele>
			</trkpt>
			<trkpt lat="49.434686" lon="18.251027">
				<ele>461.000000</ele>
			</trkpt>
			<trkpt lat="49.434821" lon="18.251457">
				<ele>462.000000</ele>
			</trkpt>
			<trkpt lat="49.434890" lon="18.251719">
				<ele>462.000000</ele>
			</trkpt>
			<trkpt lat="49.434949" lon="18.251970">
				<ele>463.000000</ele>
			</trkpt>
			<trkpt lat="49.434984" lon="18.252239">
				<ele>463.000000</ele>
			</trkpt>
			<trkpt lat="49.435008" lon="18.252446">
				<ele>463.000000</ele>
			</trkpt>
			<trkpt lat="49.435013" lon="18.252652">
				<ele>464.000000</ele>
			</trkpt>
			<trkpt lat="49.435013" lon="18.252805">
				<ele>464.000000</ele>
			</trkpt>
			<trkpt lat="49.435031" lon="18.253272">
				<ele>465.000000</ele>
			</trkpt>
			<trkpt lat="49.435060" lon="18.254081">
				<ele>466.000000</ele>
			</trkpt>
			<trkpt lat="49.435060" lon="18.254117">
				<ele>466.000000</ele>
			</trkpt>
			<trkpt lat="49.435060" lon="18.254449">
				<ele>466.000000</ele>
			</trkpt>
			<trkpt lat="49.435037" lon="18.254629">
				<ele>466.000000</ele>
			</trkpt>
			<trkpt lat="49.435013" lon="18.254809">
				<ele>466.000000</ele>
			</trkpt>
			<trkpt lat="49.434826" lon="18.255734">
				<ele>468.000000</ele>
			</trkpt>
			<trkpt lat="49.434762" lon="18.256102">
				<ele>468.000000</ele>
			</trkpt>
			<trkpt lat="49.434709" lon="18.256417">
				<ele>468.000000</ele>
			</trkpt>
			<trkpt lat="49.434668" lon="18.256757">
				<ele>469.000000</ele>
			</trkpt>
			<trkpt lat="49.434651" lon="18.257386">
				<ele>469.000000</ele>
			</trkpt>
			<trkpt lat="49.434651" lon="18.257828">
				<ele>470.000000</ele>
			</trkpt>
			<trkpt lat="49.434657" lon="18.258267">
				<ele>471.000000</ele>
			</trkpt>
			<trkpt lat="49.434686" lon="18.258788">
				<ele>471.000000</ele>
			</trkpt>
			<trkpt lat="49.434698" lon="18.258977">
				<ele>471.000000</ele>
			</trkpt>
			<trkpt lat="49.434709" lon="18.259130">
				<ele>472.000000</ele>
			</trkpt>
			<trkpt lat="49.434744" lon="18.259246">
				<ele>472.000000</ele>
			</trkpt>
			<trkpt lat="49.434780" lon="18.259354">
				<ele>472.000000</ele>
			</trkpt>
			<trkpt lat="49.434826" lon="18.259470">
				<ele>472.000000</ele>
			</trkpt>
			<trkpt lat="49.434890" lon="18.259570">
				<ele>472.000000</ele>
			</trkpt>
			<trkpt lat="49.435078" lon="18.259875">
				<ele>473.000000</ele>
			</trkpt>
			<trkpt lat="49.435399" lon="18.260352">
				<ele>473.000000</ele>
			</trkpt>
			<trkpt lat="49.435515" lon="18.260539">
				<ele>474.000000</ele>
			</trkpt>
			<trkpt lat="49.435609" lon="18.260711">
				<ele>474.000000</ele>
			</trkpt>
			<trkpt lat="49.435697" lon="18.260891">
				<ele>474.000000</ele>
			</trkpt>
			<trkpt lat="49.435790" lon="18.261132">
				<ele>475.000000</ele>
			</trkpt>
			<trkpt lat="49.436176" lon="18.262147">
				<ele>476.000000</ele>
			</trkpt>
			<trkpt lat="49.436415" lon="18.262776">
				<ele>476.000000</ele>
			</trkpt>
			<trkpt lat="49.436486" lon="18.262902">
				<ele>477.000000</ele>
			</trkpt>
			<trkpt lat="49.436544" lon="18.263019">
				<ele>477.000000</ele>
			</trkpt>
			<trkpt lat="49.436614" lon="18.263118">
				<ele>477.000000</ele>
			</trkpt>
			<trkpt lat="49.436708" lon="18.263252">
				<ele>477.000000</ele>
			</trkpt>
			<trkpt lat="49.436865" lon="18.263441">
				<ele>477.000000</ele>
			</trkpt>
			<trkpt lat="49.437350" lon="18.264178">
				<ele>478.000000</ele>
			</trkpt>
			<trkpt lat="49.437402" lon="18.264250">
				<ele>478.000000</ele>
			</trkpt>
			<trkpt lat="49.437455" lon="18.264277">
				<ele>478.000000</ele>
			</trkpt>
			<trkpt lat="49.437502" lon="18.264286">
				<ele>479.000000</ele>
			</trkpt>
			<trkpt lat="49.437542" lon="18.264260">
				<ele>479.000000</ele>
			</trkpt>
			<trkpt lat="49.437549" lon="18.264384">
				<ele>479.000000</ele>
			</trkpt>
			<trkpt lat="49.437566" lon="18.264510">
				<ele>479.000000</ele>
			</trkpt>
			<trkpt lat="49.437595" lon="18.264618">
				<ele>479.000000</ele>
			</trkpt>
			<trkpt lat="49.437654" lon="18.264780">
				<ele>479.000000</ele>
			</trkpt>
			<trkpt lat="49.437829" lon="18.265302">
				<ele>479.000000</ele>
			</trkpt>
			<trkpt lat="49.437946" lon="18.265705">
				<ele>479.000000</ele>
			</trkpt>
			<trkpt lat="49.438016" lon="18.266038">
				<ele>480.000000</ele>
			</trkpt>
			<trkpt lat="49.438092" lon="18.266451">
				<ele>480.000000</ele>
			</trkpt>
			<trkpt lat="49.438139" lon="18.266757">
				<ele>480.000000</ele>
			</trkpt>
			<trkpt lat="49.438150" lon="18.267026">
				<ele>480.000000</ele>
			</trkpt>
			<trkpt lat="49.438150" lon="18.267323">
				<ele>481.000000</ele>
			</trkpt>
			<trkpt lat="49.438127" lon="18.267619">
				<ele>481.000000</ele>
			</trkpt>
			<trkpt lat="49.438092" lon="18.267879">
				<ele>481.000000</ele>
			</trkpt>
			<trkpt lat="49.438016" lon="18.268355">
				<ele>482.000000</ele>
			</trkpt>
			<trkpt lat="49.437882" lon="18.268849">
				<ele>483.000000</ele>
			</trkpt>
			<trkpt lat="49.437811" lon="18.269065">
				<ele>483.000000</ele>
			</trkpt>
			<trkpt lat="49.437753" lon="18.269254">
				<ele>483.000000</ele>
			</trkpt>
			<trkpt lat="49.437677" lon="18.269424">
				<ele>483.000000</ele>
			</trkpt>
			<trkpt lat="49.437589" lon="18.269604">
				<ele>484.000000</ele>
			</trkpt>
			<trkpt lat="49.437496" lon="18.269774">
				<ele>484.000000</ele>
			</trkpt>
			<trkpt lat="49.437367" lon="18.269981">
				<ele>484.000000</ele>
			</trkpt>
			<trkpt lat="49.436690" lon="18.270952">
				<ele>486.000000</ele>
			</trkpt>
			<trkpt lat="49.436006" lon="18.271894">
				<ele>488.000000</ele>
			</trkpt>
			<trkpt lat="49.435697" lon="18.272388">
				<ele>489.000000</ele>
			</trkpt>
			<trkpt lat="49.435253" lon="18.273099">
				<ele>490.000000</ele>
			</trkpt>
			<trkpt lat="49.434903" lon="18.273736">
				<ele>491.000000</ele>
			</trkpt>
			<trkpt lat="49.434569" lon="18.274365">
				<ele>491.000000</ele>
			</trkpt>
			<trkpt lat="49.434272" lon="18.274994">
				<ele>492.000000</ele>
			</trkpt>
			<trkpt lat="49.434003" lon="18.275623">
				<ele>492.000000</ele>
			</trkpt>
			<trkpt lat="49.433553" lon="18.276764">
				<ele>493.000000</ele>
			</trkpt>
			<trkpt lat="49.433442" lon="18.277078">
				<ele>494.000000</ele>
			</trkpt>
			<trkpt lat="49.433331" lon="18.277384">
				<ele>494.000000</ele>
			</trkpt>
			<trkpt lat="49.433272" lon="18.277571">
				<ele>494.000000</ele>
			</trkpt>
			<trkpt lat="49.433243" lon="18.277716">
				<ele>494.000000</ele>
			</trkpt>
			<trkpt lat="49.433220" lon="18.277860">
				<ele>494.000000</ele>
			</trkpt>
			<trkpt lat="49.433214" lon="18.278057">
				<ele>494.000000</ele>
			</trkpt>
			<trkpt lat="49.433103" lon="18.278479">
				<ele>495.000000</ele>
			</trkpt>
			<trkpt lat="49.432998" lon="18.278892">
				<ele>495.000000</ele>
			</trkpt>
			<trkpt lat="49.432910" lon="18.279305">
				<ele>496.000000</ele>
			</trkpt>
			<trkpt lat="49.432835" lon="18.279674">
				<ele>496.000000</ele>
			</trkpt>
			<trkpt lat="49.432794" lon="18.279934">
				<ele>496.000000</ele>
			</trkpt>
			<trkpt lat="49.432758" lon="18.280204">
				<ele>497.000000</ele>
			</trkpt>
			<trkpt lat="49.432671" lon="18.281066">
				<ele>497.000000</ele>
			</trkpt>
			<trkpt lat="49.432630" lon="18.281579">
				<ele>498.000000</ele>
			</trkpt>
			<trkpt lat="49.432624" lon="18.282055">
				<ele>498.000000</ele>
			</trkpt>
			<trkpt lat="49.432630" lon="18.282531">
				<ele>499.000000</ele>
			</trkpt>
			<trkpt lat="49.432635" lon="18.282863">
				<ele>499.000000</ele>
			</trkpt>
			<trkpt lat="49.432653" lon="18.283204">
				<ele>500.000000</ele>
			</trkpt>
			<trkpt lat="49.432688" lon="18.283617">
				<ele>500.000000</ele>
			</trkpt>
			<trkpt lat="49.432788" lon="18.284758">
				<ele>502.000000</ele>
			</trkpt>
			<trkpt lat="49.432788" lon="18.285037">
				<ele>503.000000</ele>
			</trkpt>
			<trkpt lat="49.432782" lon="18.285271">
				<ele>503.000000</ele>
			</trkpt>
			<trkpt lat="49.432776" lon="18.285460">
				<ele>503.000000</ele>
			</trkpt>
			<trkpt lat="49.432753" lon="18.285666">
				<ele>504.000000</ele>
			</trkpt>
			<trkpt lat="49.432712" lon="18.285953">
				<ele>504.000000</ele>
			</trkpt>
			<trkpt lat="49.432635" lon="18.286267">
				<ele>505.000000</ele>
			</trkpt>
			<trkpt lat="49.432507" lon="18.286806">
				<ele>506.000000</ele>
			</trkpt>
			<trkpt lat="49.432425" lon="18.287095">
				<ele>506.000000</ele>
			</trkpt>
			<trkpt lat="49.432314" lon="18.287445">
				<ele>506.000000</ele>
			</trkpt>
			<trkpt lat="49.432168" lon="18.287875">
				<ele>507.000000</ele>
			</trkpt>
			<trkpt lat="49.432127" lon="18.288001">
				<ele>507.000000</ele>
			</trkpt>
			<trkpt lat="49.432063" lon="18.288145">
				<ele>507.000000</ele>
			</trkpt>
			<trkpt lat="49.432034" lon="18.288244">
				<ele>508.000000</ele>
			</trkpt>
			<trkpt lat="49.431946" lon="18.288450">
				<ele>508.000000</ele>
			</trkpt>
			<trkpt lat="49.431800" lon="18.288747">
				<ele>508.000000</ele>
			</trkpt>
			<trkpt lat="49.431648" lon="18.289026">
				<ele>509.000000</ele>
			</trkpt>
			<trkpt lat="49.431567" lon="18.289179">
				<ele>509.000000</ele>
			</trkpt>
			<trkpt lat="49.431321" lon="18.289546">
				<ele>510.000000</ele>
			</trkpt>
			<trkpt lat="49.431164" lon="18.289771">
				<ele>510.000000</ele>
			</trkpt>
			<trkpt lat="49.431076" lon="18.289718">
				<ele>510.000000</ele>
			</trkpt>
			<trkpt lat="49.430994" lon="18.289690">
				<ele>510.000000</ele>
			</trkpt>
			<trkpt lat="49.430901" lon="18.289699">
				<ele>510.000000</ele>
			</trkpt>
			<trkpt lat="49.430783" lon="18.289718">
				<ele>510.000000</ele>
			</trkpt>
			<trkpt lat="49.430702" lon="18.289753">
				<ele>510.000000</ele>
			</trkpt>
			<trkpt lat="49.430620" lon="18.289798">
				<ele>510.000000</ele>
			</trkpt>
			<trkpt lat="49.430539" lon="18.289888">
				<ele>510.000000</ele>
			</trkpt>
			<trkpt lat="49.430457" lon="18.289987">
				<ele>510.000000</ele>
			</trkpt>
			<trkpt lat="49.430223" lon="18.290229">
				<ele>511.000000</ele>
			</trkpt>
			<trkpt lat="49.429942" lon="18.290553">
				<ele>511.000000</ele>
			</trkpt>
			<trkpt lat="49.429820" lon="18.290724">
				<ele>511.000000</ele>
			</trkpt>
			<trkpt lat="49.429668" lon="18.290993">
				<ele>511.000000</ele>
			</trkpt>
			<trkpt lat="49.429346" lon="18.291567">
				<ele>512.000000</ele>
			</trkpt>
			<trkpt lat="49.429090" lon="18.291999">
				<ele>512.000000</ele>
			</trkpt>
			<trkpt lat="49.428827" lon="18.292412">
				<ele>513.000000</ele>
			</trkpt>
			<trkpt lat="49.428528" lon="18.292861">
				<ele>513.000000</ele>
			</trkpt>
			<trkpt lat="49.428482" lon="18.292915">
				<ele>513.000000</ele>
			</trkpt>
			<trkpt lat="49.428435" lon="18.292934">
				<ele>513.000000</ele>
			</trkpt>
			<trkpt lat="49.428388" lon="18.292934">
				<ele>513.000000</ele>
			</trkpt>
			<trkpt lat="49.428353" lon="18.292906">
				<ele>513.000000</ele>
			</trkpt>
			<trkpt lat="49.428324" lon="18.293024">
				<ele>514.000000</ele>
			</trkpt>
			<trkpt lat="49.428312" lon="18.293167">
				<ele>514.000000</ele>
			</trkpt>
			<trkpt lat="49.428318" lon="18.293221">
				<ele>514.000000</ele>
			</trkpt>
			<trkpt lat="49.428336" lon="18.293248">
				<ele>514.000000</ele>
			</trkpt>
			<trkpt lat="49.428406" lon="18.293374">
				<ele>514.000000</ele>
			</trkpt>
			<trkpt lat="49.428406" lon="18.293400">
				<ele>514.000000</ele>
			</trkpt>
			<trkpt lat="49.428382" lon="18.293445">
				<ele>514.000000</ele>
			</trkpt>
			<trkpt lat="49.428196" lon="18.293804">
				<ele>514.000000</ele>
			</trkpt>
			<trkpt lat="49.427985" lon="18.294236">
				<ele>515.000000</ele>
			</trkpt>
			<trkpt lat="49.427792" lon="18.294622">
				<ele>515.000000</ele>
			</trkpt>
			<trkpt lat="49.427640" lon="18.295008">
				<ele>516.000000</ele>
			</trkpt>
			<trkpt lat="49.427471" lon="18.295439">
				<ele>516.000000</ele>
			</trkpt>
			<trkpt lat="49.427266" lon="18.296041">
				<ele>517.000000</ele>
			</trkpt>
			<trkpt lat="49.426997" lon="18.296922">
				<ele>519.000000</ele>
			</trkpt>
			<trkpt lat="49.426898" lon="18.297308">
				<ele>520.000000</ele>
			</trkpt>
			<trkpt lat="49.426688" lon="18.298071">
				<ele>521.000000</ele>
			</trkpt>
			<trkpt lat="49.426566" lon="18.298511">
				<ele>522.000000</ele>
			</trkpt>
			<trkpt lat="49.426407" lon="18.298979">
				<ele>523.000000</ele>
			</trkpt>
			<trkpt lat="49.426262" lon="18.299383">
				<ele>524.000000</ele>
			</trkpt>
			<trkpt lat="49.426127" lon="18.299733">
				<ele>525.000000</ele>
			</trkpt>
			<trkpt lat="49.425952" lon="18.300119">
				<ele>526.000000</ele>
			</trkpt>
			<trkpt lat="49.425899" lon="18.300245">
				<ele>526.000000</ele>
			</trkpt>
			<trkpt lat="49.425864" lon="18.300335">
				<ele>526.000000</ele>
			</trkpt>
			<trkpt lat="49.425835" lon="18.300434">
				<ele>526.000000</ele>
			</trkpt>
			<trkpt lat="49.425823" lon="18.300542">
				<ele>526.000000</ele>
			</trkpt>
			<trkpt lat="49.425566" lon="18.301045">
				<ele>527.000000</ele>
			</trkpt>
			<trkpt lat="49.425444" lon="18.301261">
				<ele>528.000000</ele>
			</trkpt>
			<trkpt lat="49.425029" lon="18.302033">
				<ele>529.000000</ele>
			</trkpt>
			<trkpt lat="49.424865" lon="18.302339">
				<ele>530.000000</ele>
			</trkpt>
			<trkpt lat="49.424719" lon="18.302635">
				<ele>531.000000</ele>
			</trkpt>
			<trkpt lat="49.424497" lon="18.303156">
				<ele>531.000000</ele>
			</trkpt>
			<trkpt lat="49.424304" lon="18.303650">
				<ele>532.000000</ele>
			</trkpt>
			<trkpt lat="49.424251" lon="18.303624">
				<ele>532.000000</ele>
			</trkpt>
			<trkpt lat="49.424228" lon="18.303624">
				<ele>532.000000</ele>
			</trkpt>
			<trkpt lat="49.424205" lon="18.303632">
				<ele>532.000000</ele>
			</trkpt>
			<trkpt lat="49.424187" lon="18.303659">
				<ele>532.000000</ele>
			</trkpt>
			<trkpt lat="49.424170" lon="18.303714">
				<ele>532.000000</ele>
			</trkpt>
			<trkpt lat="49.424088" lon="18.303947">
				<ele>533.000000</ele>
			</trkpt>
			<trkpt lat="49.424006" lon="18.304153">
				<ele>533.000000</ele>
			</trkpt>
			<trkpt lat="49.423860" lon="18.304477">
				<ele>533.000000</ele>
			</trkpt>
			<trkpt lat="49.423714" lon="18.304845">
				<ele>534.000000</ele>
			</trkpt>
			<trkpt lat="49.423638" lon="18.305069">
				<ele>534.000000</ele>
			</trkpt>
			<trkpt lat="49.423568" lon="18.305285">
				<ele>534.000000</ele>
			</trkpt>
			<trkpt lat="49.423404" lon="18.305869">
				<ele>535.000000</ele>
			</trkpt>
			<trkpt lat="49.423246" lon="18.306425">
				<ele>536.000000</ele>
			</trkpt>
			<trkpt lat="49.423059" lon="18.306991">
				<ele>537.000000</ele>
			</trkpt>
			<trkpt lat="49.423001" lon="18.307207">
				<ele>538.000000</ele>
			</trkpt>
			<trkpt lat="49.422884" lon="18.307693">
				<ele>539.000000</ele>
			</trkpt>
			<trkpt lat="49.423112" lon="18.307729">
				<ele>539.000000</ele>
			</trkpt>
			<trkpt lat="49.423089" lon="18.308123">
				<ele>540.000000</ele>
			</trkpt>
			<trkpt lat="49.423089" lon="18.308375">
				<ele>541.000000</ele>
			</trkpt>
			<trkpt lat="49.423112" lon="18.308645">
				<ele>542.000000</ele>
			</trkpt>
			<trkpt lat="49.423147" lon="18.308941">
				<ele>543.000000</ele>
			</trkpt>
			<trkpt lat="49.423246" lon="18.309516">
				<ele>544.000000</ele>
			</trkpt>
			<trkpt lat="49.423545" lon="18.311061">
				<ele>550.000000</ele>
			</trkpt>
			<trkpt lat="49.423649" lon="18.311690">
				<ele>553.000000</ele>
			</trkpt>
			<trkpt lat="49.423714" lon="18.312085">
				<ele>554.000000</ele>
			</trkpt>
			<trkpt lat="49.423749" lon="18.312471">
				<ele>556.000000</ele>
			</trkpt>
			<trkpt lat="49.423772" lon="18.312912">
				<ele>557.000000</ele>
			</trkpt>
			<trkpt lat="49.423767" lon="18.313369">
				<ele>559.000000</ele>
			</trkpt>
			<trkpt lat="49.423743" lon="18.313809">
				<ele>560.000000</ele>
			</trkpt>
			<trkpt lat="49.423696" lon="18.314205">
				<ele>561.000000</ele>
			</trkpt>
			<trkpt lat="49.423620" lon="18.314673">
				<ele>562.000000</ele>
			</trkpt>
			<trkpt lat="49.423586" lon="18.314888">
				<ele>563.000000</ele>
			</trkpt>
			<trkpt lat="49.423562" lon="18.315067">
				<ele>563.000000</ele>
			</trkpt>
			<trkpt lat="49.423562" lon="18.315220">
				<ele>564.000000</ele>
			</trkpt>
			<trkpt lat="49.423562" lon="18.315400">
				<ele>564.000000</ele>
			</trkpt>
			<trkpt lat="49.423608" lon="18.315687">
				<ele>565.000000</ele>
			</trkpt>
			<trkpt lat="49.423673" lon="18.315993">
				<ele>566.000000</ele>
			</trkpt>
			<trkpt lat="49.423743" lon="18.316308">
				<ele>566.000000</ele>
			</trkpt>
			<trkpt lat="49.423872" lon="18.316838">
				<ele>568.000000</ele>
			</trkpt>
			<trkpt lat="49.423942" lon="18.317188">
				<ele>569.000000</ele>
			</trkpt>
			<trkpt lat="49.423977" lon="18.317412">
				<ele>569.000000</ele>
			</trkpt>
			<trkpt lat="49.423995" lon="18.317646">
				<ele>570.000000</ele>
			</trkpt>
			<trkpt lat="49.424006" lon="18.317897">
				<ele>570.000000</ele>
			</trkpt>
			<trkpt lat="49.424006" lon="18.318185">
				<ele>571.000000</ele>
			</trkpt>
			<trkpt lat="49.423995" lon="18.318346">
				<ele>571.000000</ele>
			</trkpt>
			<trkpt lat="49.423977" lon="18.318490">
				<ele>572.000000</ele>
			</trkpt>
			<trkpt lat="49.423948" lon="18.318733">
				<ele>572.000000</ele>
			</trkpt>
			<trkpt lat="49.423901" lon="18.318939">
				<ele>573.000000</ele>
			</trkpt>
			<trkpt lat="49.423825" lon="18.319235">
				<ele>573.000000</ele>
			</trkpt>
			<trkpt lat="49.423714" lon="18.319559">
				<ele>574.000000</ele>
			</trkpt>
			<trkpt lat="49.423620" lon="18.319775">
				<ele>575.000000</ele>
			</trkpt>
			<trkpt lat="49.423392" lon="18.320170">
				<ele>577.000000</ele>
			</trkpt>
			<trkpt lat="49.423182" lon="18.320484">
				<ele>579.000000</ele>
			</trkpt>
			<trkpt lat="49.422943" lon="18.320790">
				<ele>581.000000</ele>
			</trkpt>
			<trkpt lat="49.422318" lon="18.321562">
				<ele>585.000000</ele>
			</trkpt>
			<trkpt lat="49.421973" lon="18.322002">
				<ele>587.000000</ele>
			</trkpt>
			<trkpt lat="49.421698" lon="18.322344">
				<ele>588.000000</ele>
			</trkpt>
			<trkpt lat="49.421511" lon="18.322595">
				<ele>589.000000</ele>
			</trkpt>
			<trkpt lat="49.421131" lon="18.323107">
				<ele>590.000000</ele>
			</trkpt>
			<trkpt lat="49.420641" lon="18.323817">
				<ele>590.000000</ele>
			</trkpt>
			<trkpt lat="49.420313" lon="18.324365">
				<ele>591.000000</ele>
			</trkpt>
			<trkpt lat="49.420021" lon="18.324824">
				<ele>591.000000</ele>
			</trkpt>
			<trkpt lat="49.419916" lon="18.324994">
				<ele>591.000000</ele>
			</trkpt>
			<trkpt lat="49.419769" lon="18.325254">
				<ele>591.000000</ele>
			</trkpt>
			<trkpt lat="49.419641" lon="18.325506">
				<ele>592.000000</ele>
			</trkpt>
			<trkpt lat="49.419554" lon="18.325677">
				<ele>592.000000</ele>
			</trkpt>
			<trkpt lat="49.419477" lon="18.325866">
				<ele>592.000000</ele>
			</trkpt>
			<trkpt lat="49.419407" lon="18.326080">
				<ele>592.000000</ele>
			</trkpt>
			<trkpt lat="49.419354" lon="18.326260">
				<ele>592.000000</ele>
			</trkpt>
			<trkpt lat="49.419308" lon="18.326432">
				<ele>592.000000</ele>
			</trkpt>
			<trkpt lat="49.419232" lon="18.326845">
				<ele>592.000000</ele>
			</trkpt>
			<trkpt lat="49.419179" lon="18.327338">
				<ele>592.000000</ele>
			</trkpt>
			<trkpt lat="49.419139" lon="18.327914">
				<ele>593.000000</ele>
			</trkpt>
			<trkpt lat="49.419115" lon="18.328390">
				<ele>593.000000</ele>
			</trkpt>
			<trkpt lat="49.419115" lon="18.328767">
				<ele>593.000000</ele>
			</trkpt>
			<trkpt lat="49.419121" lon="18.329126">
				<ele>593.000000</ele>
			</trkpt>
			<trkpt lat="49.419139" lon="18.329539">
				<ele>594.000000</ele>
			</trkpt>
			<trkpt lat="49.419162" lon="18.329881">
				<ele>594.000000</ele>
			</trkpt>
			<trkpt lat="49.419197" lon="18.330204">
				<ele>594.000000</ele>
			</trkpt>
			<trkpt lat="49.419244" lon="18.330510">
				<ele>594.000000</ele>
			</trkpt>
			<trkpt lat="49.419320" lon="18.330986">
				<ele>594.000000</ele>
			</trkpt>
			<trkpt lat="49.419460" lon="18.331722">
				<ele>595.000000</ele>
			</trkpt>
			<trkpt lat="49.419618" lon="18.332495">
				<ele>595.000000</ele>
			</trkpt>
			<trkpt lat="49.419711" lon="18.332971">
				<ele>596.000000</ele>
			</trkpt>
			<trkpt lat="49.419776" lon="18.333348">
				<ele>596.000000</ele>
			</trkpt>
			<trkpt lat="49.419816" lon="18.333707">
				<ele>597.000000</ele>
			</trkpt>
			<trkpt lat="49.419840" lon="18.334094">
				<ele>598.000000</ele>
			</trkpt>
			<trkpt lat="49.419857" lon="18.334417">
				<ele>598.000000</ele>
			</trkpt>
			<trkpt lat="49.419863" lon="18.334678">
				<ele>599.000000</ele>
			</trkpt>
			<trkpt lat="49.419851" lon="18.334983">
				<ele>599.000000</ele>
			</trkpt>
			<trkpt lat="49.419828" lon="18.335225">
				<ele>600.000000</ele>
			</trkpt>
			<trkpt lat="49.419799" lon="18.335487">
				<ele>600.000000</ele>
			</trkpt>
			<trkpt lat="49.419758" lon="18.335747">
				<ele>601.000000</ele>
			</trkpt>
			<trkpt lat="49.419705" lon="18.336017">
				<ele>601.000000</ele>
			</trkpt>
			<trkpt lat="49.419623" lon="18.336367">
				<ele>602.000000</ele>
			</trkpt>
			<trkpt lat="49.419378" lon="18.337391">
				<ele>605.000000</ele>
			</trkpt>
			<trkpt lat="49.419255" lon="18.337875">
				<ele>606.000000</ele>
			</trkpt>
			<trkpt lat="49.419203" lon="18.338082">
				<ele>607.000000</ele>
			</trkpt>
			<trkpt lat="49.419086" lon="18.338487">
				<ele>608.000000</ele>
			</trkpt>
			<trkpt lat="49.418782" lon="18.339277">
				<ele>610.000000</ele>
			</trkpt>
			<trkpt lat="49.418536" lon="18.339923">
				<ele>612.000000</ele>
			</trkpt>
			<trkpt lat="49.418461" lon="18.340149">
				<ele>613.000000</ele>
			</trkpt>
			<trkpt lat="49.418390" lon="18.340401">
				<ele>614.000000</ele>
			</trkpt>
			<trkpt lat="49.418320" lon="18.340642">
				<ele>615.000000</ele>
			</trkpt>
			<trkpt lat="49.418221" lon="18.341055">
				<ele>616.000000</ele>
			</trkpt>
			<trkpt lat="49.418145" lon="18.341470">
				<ele>617.000000</ele>
			</trkpt>
			<trkpt lat="49.418098" lon="18.341883">
				<ele>618.000000</ele>
			</trkpt>
			<trkpt lat="49.418052" lon="18.342386">
				<ele>620.000000</ele>
			</trkpt>
			<trkpt lat="49.418017" lon="18.342978">
				<ele>622.000000</ele>
			</trkpt>
			<trkpt lat="49.418005" lon="18.343499">
				<ele>623.000000</ele>
			</trkpt>
			<trkpt lat="49.418005" lon="18.343499">
				<ele>623.000000</ele>
			</trkpt>
			<trkpt lat="49.417999" lon="18.343634">
				<ele>623.000000</ele>
			</trkpt>
			<trkpt lat="49.417999" lon="18.343877">
				<ele>624.000000</ele>
			</trkpt>
			<trkpt lat="49.418022" lon="18.344146">
				<ele>625.000000</ele>
			</trkpt>
			<trkpt lat="49.418058" lon="18.344487">
				<ele>626.000000</ele>
			</trkpt>
			<trkpt lat="49.418104" lon="18.344766">
				<ele>627.000000</ele>
			</trkpt>
			<trkpt lat="49.418168" lon="18.345026">
				<ele>627.000000</ele>
			</trkpt>
			<trkpt lat="49.418280" lon="18.345412">
				<ele>628.000000</ele>
			</trkpt>
			<trkpt lat="49.418379" lon="18.345709">
				<ele>629.000000</ele>
			</trkpt>
			<trkpt lat="49.418566" lon="18.346158">
				<ele>631.000000</ele>
			</trkpt>
			<trkpt lat="49.418835" lon="18.346814">
				<ele>632.000000</ele>
			</trkpt>
			<trkpt lat="49.418992" lon="18.347236">
				<ele>633.000000</ele>
			</trkpt>
			<trkpt lat="49.419074" lon="18.347479">
				<ele>634.000000</ele>
			</trkpt>
			<trkpt lat="49.419132" lon="18.347676">
				<ele>635.000000</ele>
			</trkpt>
			<trkpt lat="49.419179" lon="18.347875">
				<ele>635.000000</ele>
			</trkpt>
			<trkpt lat="49.419226" lon="18.348152">
				<ele>636.000000</ele>
			</trkpt>
			<trkpt lat="49.419273" lon="18.348521">
				<ele>636.000000</ele>
			</trkpt>
			<trkpt lat="49.419296" lon="18.348898">
				<ele>637.000000</ele>
			</trkpt>
			<trkpt lat="49.419296" lon="18.349257">
				<ele>638.000000</ele>
			</trkpt>
			<trkpt lat="49.419273" lon="18.349949">
				<ele>639.000000</ele>
			</trkpt>
			<trkpt lat="49.419279" lon="18.350416">
				<ele>640.000000</ele>
			</trkpt>
			<trkpt lat="49.419285" lon="18.350605">
				<ele>640.000000</ele>
			</trkpt>
			<trkpt lat="49.419302" lon="18.350829">
				<ele>640.000000</ele>
			</trkpt>
			<trkpt lat="49.419349" lon="18.351189">
				<ele>641.000000</ele>
			</trkpt>
			<trkpt lat="49.419536" lon="18.352787">
				<ele>646.000000</ele>
			</trkpt>
			<trkpt lat="49.419682" lon="18.353947">
				<ele>650.000000</ele>
			</trkpt>
			<trkpt lat="49.419787" lon="18.354873">
				<ele>653.000000</ele>
			</trkpt>
			<trkpt lat="49.419898" lon="18.355752">
				<ele>656.000000</ele>
			</trkpt>
			<trkpt lat="49.419945" lon="18.356282">
				<ele>658.000000</ele>
			</trkpt>
			<trkpt lat="49.419980" lon="18.356920">
				<ele>660.000000</ele>
			</trkpt>
			<trkpt lat="49.419997" lon="18.357639">
				<ele>663.000000</ele>
			</trkpt>
			<trkpt lat="49.419951" lon="18.358169">
				<ele>665.000000</ele>
			</trkpt>
			<trkpt lat="49.419916" lon="18.358475">
				<ele>666.000000</ele>
			</trkpt>
			<trkpt lat="49.419875" lon="18.358699">
				<ele>667.000000</ele>
			</trkpt>
			<trkpt lat="49.419822" lon="18.358959">
				<ele>668.000000</ele>
			</trkpt>
			<trkpt lat="49.419741" lon="18.359255">
				<ele>669.000000</ele>
			</trkpt>
			<trkpt lat="49.419606" lon="18.359660">
				<ele>671.000000</ele>
			</trkpt>
			<trkpt lat="49.419390" lon="18.360190">
				<ele>674.000000</ele>
			</trkpt>
			<trkpt lat="49.418799" lon="18.361582">
				<ele>681.000000</ele>
			</trkpt>
			<trkpt lat="49.418227" lon="18.362867">
				<ele>688.000000</ele>
			</trkpt>
			<trkpt lat="49.417514" lon="18.364448">
				<ele>696.000000</ele>
			</trkpt>
			<trkpt lat="49.417040" lon="18.365463">
				<ele>702.000000</ele>
			</trkpt>
			<trkpt lat="49.416573" lon="18.366433">
				<ele>707.000000</ele>
			</trkpt>
			<trkpt lat="49.416106" lon="18.367368">
				<ele>712.000000</ele>
			</trkpt>
			<trkpt lat="49.415901" lon="18.367781">
				<ele>714.000000</ele>
			</trkpt>
			<trkpt lat="49.416193" lon="18.368087">
				<ele>715.000000</ele>
			</trkpt>
			<trkpt lat="49.416316" lon="18.368221">
				<ele>715.000000</ele>
			</trkpt>
			<trkpt lat="49.416415" lon="18.368364">
				<ele>715.000000</ele>
			</trkpt>
			<trkpt lat="49.416497" lon="18.368481">
				<ele>715.000000</ele>
			</trkpt>
			<trkpt lat="49.416543" lon="18.368580">
				<ele>715.000000</ele>
			</trkpt>
			<trkpt lat="49.416590" lon="18.368670">
				<ele>715.000000</ele>
			</trkpt>
			<trkpt lat="49.416614" lon="18.368750">
				<ele>715.000000</ele>
			</trkpt>
			<trkpt lat="49.416643" lon="18.368876">
				<ele>715.000000</ele>
			</trkpt>
			<trkpt lat="49.416667" lon="18.369029">
				<ele>715.000000</ele>
			</trkpt>
			<trkpt lat="49.416690" lon="18.369200">
				<ele>715.000000</ele>
			</trkpt>
			<trkpt lat="49.416702" lon="18.369406">
				<ele>715.000000</ele>
			</trkpt>
			<trkpt lat="49.416737" lon="18.370593">
				<ele>714.000000</ele>
			</trkpt>
			<trkpt lat="49.416737" lon="18.370970">
				<ele>713.000000</ele>
			</trkpt>
			<trkpt lat="49.416708" lon="18.371463">
				<ele>712.000000</ele>
			</trkpt>
			<trkpt lat="49.416620" lon="18.372532">
				<ele>709.000000</ele>
			</trkpt>
			<trkpt lat="49.416532" lon="18.373647">
				<ele>705.000000</ele>
			</trkpt>
			<trkpt lat="49.416491" lon="18.374176">
				<ele>704.000000</ele>
			</trkpt>
			<trkpt lat="49.416298" lon="18.376521">
				<ele>695.000000</ele>
			</trkpt>
			<trkpt lat="49.416094" lon="18.379144">
				<ele>687.000000</ele>
			</trkpt>
			<trkpt lat="49.415930" lon="18.381283">
				<ele>680.000000</ele>
			</trkpt>
			<trkpt lat="49.415872" lon="18.382037">
				<ele>678.000000</ele>
			</trkpt>
			<trkpt lat="49.415837" lon="18.382675">
				<ele>675.000000</ele>
			</trkpt>
			<trkpt lat="49.415825" lon="18.383079">
				<ele>674.000000</ele>
			</trkpt>
			<trkpt lat="49.415837" lon="18.383304">
				<ele>674.000000</ele>
			</trkpt>
			<trkpt lat="49.415848" lon="18.383555">
				<ele>673.000000</ele>
			</trkpt>
			<trkpt lat="49.415901" lon="18.384094">
				<ele>672.000000</ele>
			</trkpt>
			<trkpt lat="49.415948" lon="18.384679">
				<ele>671.000000</ele>
			</trkpt>
			<trkpt lat="49.415971" lon="18.384939">
				<ele>671.000000</ele>
			</trkpt>
			<trkpt lat="49.415971" lon="18.385172">
				<ele>670.000000</ele>
			</trkpt>
			<trkpt lat="49.415965" lon="18.385406">
				<ele>670.000000</ele>
			</trkpt>
			<trkpt lat="49.415948" lon="18.385639">
				<ele>669.000000</ele>
			</trkpt>
			<trkpt lat="49.415925" lon="18.385891">
				<ele>669.000000</ele>
			</trkpt>
			<trkpt lat="49.415889" lon="18.386098">
				<ele>668.000000</ele>
			</trkpt>
			<trkpt lat="49.415428" lon="18.388765">
				<ele>661.000000</ele>
			</trkpt>
			<trkpt lat="49.415381" lon="18.389088">
				<ele>659.000000</ele>
			</trkpt>
			<trkpt lat="49.415346" lon="18.389367">
				<ele>658.000000</ele>
			</trkpt>
			<trkpt lat="49.415334" lon="18.389627">
				<ele>657.000000</ele>
			</trkpt>
			<trkpt lat="49.415328" lon="18.389906">
				<ele>656.000000</ele>
			</trkpt>
			<trkpt lat="49.415346" lon="18.390185">
				<ele>655.000000</ele>
			</trkpt>
			<trkpt lat="49.415363" lon="18.390472">
				<ele>654.000000</ele>
			</trkpt>
			<trkpt lat="49.415416" lon="18.390858">
				<ele>652.000000</ele>
			</trkpt>
			<trkpt lat="49.415475" lon="18.391290">
				<ele>650.000000</ele>
			</trkpt>
			<trkpt lat="49.415650" lon="18.392520">
				<ele>646.000000</ele>
			</trkpt>
			<trkpt lat="49.415749" lon="18.393122">
				<ele>644.000000</ele>
			</trkpt>
			<trkpt lat="49.415784" lon="18.393329">
				<ele>644.000000</ele>
			</trkpt>
			<trkpt lat="49.415825" lon="18.393499">
				<ele>643.000000</ele>
			</trkpt>
			<trkpt lat="49.415965" lon="18.393931">
				<ele>642.000000</ele>
			</trkpt>
			<trkpt lat="49.416368" lon="18.394901">
				<ele>640.000000</ele>
			</trkpt>
			<trkpt lat="49.417052" lon="18.396437">
				<ele>636.000000</ele>
			</trkpt>
			<trkpt lat="49.417240" lon="18.396851">
				<ele>634.000000</ele>
			</trkpt>
			<trkpt lat="49.417415" lon="18.397201">
				<ele>633.000000</ele>
			</trkpt>
			<trkpt lat="49.417572" lon="18.397461">
				<ele>632.000000</ele>
			</trkpt>
			<trkpt lat="49.417724" lon="18.397694">
				<ele>631.000000</ele>
			</trkpt>
			<trkpt lat="49.417894" lon="18.397883">
				<ele>631.000000</ele>
			</trkpt>
			<trkpt lat="49.418086" lon="18.398080">
				<ele>630.000000</ele>
			</trkpt>
			<trkpt lat="49.418286" lon="18.398243">
				<ele>629.000000</ele>
			</trkpt>
			<trkpt lat="49.418566" lon="18.398440">
				<ele>628.000000</ele>
			</trkpt>
			<trkpt lat="49.418904" lon="18.398682">
				<ele>627.000000</ele>
			</trkpt>
			<trkpt lat="49.419150" lon="18.398898">
				<ele>627.000000</ele>
			</trkpt>
			<trkpt lat="49.419366" lon="18.399105">
				<ele>626.000000</ele>
			</trkpt>
			<trkpt lat="49.419565" lon="18.399338">
				<ele>625.000000</ele>
			</trkpt>
			<trkpt lat="49.419758" lon="18.399590">
				<ele>625.000000</ele>
			</trkpt>
			<trkpt lat="49.419939" lon="18.399877">
				<ele>624.000000</ele>
			</trkpt>
			<trkpt lat="49.420144" lon="18.400246">
				<ele>623.000000</ele>
			</trkpt>
			<trkpt lat="49.420366" lon="18.400695">
				<ele>623.000000</ele>
			</trkpt>
			<trkpt lat="49.420728" lon="18.401422">
				<ele>621.000000</ele>
			</trkpt>
			<trkpt lat="49.421009" lon="18.401988">
				<ele>620.000000</ele>
			</trkpt>
			<trkpt lat="49.421154" lon="18.402321">
				<ele>620.000000</ele>
			</trkpt>
			<trkpt lat="49.421295" lon="18.402663">
				<ele>619.000000</ele>
			</trkpt>
			<trkpt lat="49.421441" lon="18.403040">
				<ele>618.000000</ele>
			</trkpt>
			<trkpt lat="49.421640" lon="18.403579">
				<ele>617.000000</ele>
			</trkpt>
			<trkpt lat="49.421739" lon="18.403830">
				<ele>617.000000</ele>
			</trkpt>
			<trkpt lat="49.421832" lon="18.404064">
				<ele>617.000000</ele>
			</trkpt>
			<trkpt lat="49.421961" lon="18.404288">
				<ele>616.000000</ele>
			</trkpt>
			<trkpt lat="49.422072" lon="18.404495">
				<ele>616.000000</ele>
			</trkpt>
			<trkpt lat="49.422224" lon="18.404711">
				<ele>615.000000</ele>
			</trkpt>
			<trkpt lat="49.422364" lon="18.404881">
				<ele>615.000000</ele>
			</trkpt>
			<trkpt lat="49.422527" lon="18.405061">
				<ele>614.000000</ele>
			</trkpt>
			<trkpt lat="49.422697" lon="18.405223">
				<ele>614.000000</ele>
			</trkpt>
			<trkpt lat="49.423311" lon="18.405762">
				<ele>612.000000</ele>
			</trkpt>
			<trkpt lat="49.423632" lon="18.406059">
				<ele>611.000000</ele>
			</trkpt>
			<trkpt lat="49.423842" lon="18.406300">
				<ele>610.000000</ele>
			</trkpt>
			<trkpt lat="49.424088" lon="18.406588">
				<ele>609.000000</ele>
			</trkpt>
			<trkpt lat="49.424286" lon="18.406894">
				<ele>608.000000</ele>
			</trkpt>
			<trkpt lat="49.424456" lon="18.407198">
				<ele>607.000000</ele>
			</trkpt>
			<trkpt lat="49.424602" lon="18.407504">
				<ele>607.000000</ele>
			</trkpt>
			<trkpt lat="49.424725" lon="18.407837">
				<ele>606.000000</ele>
			</trkpt>
			<trkpt lat="49.424848" lon="18.408214">
				<ele>605.000000</ele>
			</trkpt>
			<trkpt lat="49.424947" lon="18.408636">
				<ele>604.000000</ele>
			</trkpt>
			<trkpt lat="49.425040" lon="18.409068">
				<ele>604.000000</ele>
			</trkpt>
			<trkpt lat="49.425321" lon="18.410523">
				<ele>602.000000</ele>
			</trkpt>
			<trkpt lat="49.425403" lon="18.411017">
				<ele>602.000000</ele>
			</trkpt>
			<trkpt lat="49.425461" lon="18.411250">
				<ele>602.000000</ele>
			</trkpt>
			<trkpt lat="49.425519" lon="18.411430">
				<ele>601.000000</ele>
			</trkpt>
			<trkpt lat="49.425595" lon="18.411619">
				<ele>601.000000</ele>
			</trkpt>
			<trkpt lat="49.425689" lon="18.411780">
				<ele>601.000000</ele>
			</trkpt>
			<trkpt lat="49.425794" lon="18.411925">
				<ele>601.000000</ele>
			</trkpt>
			<trkpt lat="49.425922" lon="18.412041">
				<ele>601.000000</ele>
			</trkpt>
			<trkpt lat="49.426057" lon="18.412122">
				<ele>600.000000</ele>
			</trkpt>
			<trkpt lat="49.426197" lon="18.412158">
				<ele>600.000000</ele>
			</trkpt>
			<trkpt lat="49.426431" lon="18.412202">
				<ele>600.000000</ele>
			</trkpt>
			<trkpt lat="49.426612" lon="18.412238">
				<ele>599.000000</ele>
			</trkpt>
			<trkpt lat="49.426764" lon="18.412284">
				<ele>598.000000</ele>
			</trkpt>
			<trkpt lat="49.426916" lon="18.412328">
				<ele>598.000000</ele>
			</trkpt>
			<trkpt lat="49.427038" lon="18.412391">
				<ele>598.000000</ele>
			</trkpt>
			<trkpt lat="49.427161" lon="18.412472">
				<ele>597.000000</ele>
			</trkpt>
			<trkpt lat="49.427284" lon="18.412562">
				<ele>597.000000</ele>
			</trkpt>
			<trkpt lat="49.427406" lon="18.412678">
				<ele>596.000000</ele>
			</trkpt>
			<trkpt lat="49.427535" lon="18.412814">
				<ele>596.000000</ele>
			</trkpt>
			<trkpt lat="49.428978" lon="18.414395">
				<ele>591.000000</ele>
			</trkpt>
			<trkpt lat="49.429586" lon="18.415095">
				<ele>590.000000</ele>
			</trkpt>
			<trkpt lat="49.429761" lon="18.415320">
				<ele>589.000000</ele>
			</trkpt>
			<trkpt lat="49.429908" lon="18.415517">
				<ele>589.000000</ele>
			</trkpt>
			<trkpt lat="49.430036" lon="18.415724">
				<ele>589.000000</ele>
			</trkpt>
			<trkpt lat="49.430147" lon="18.415921">
				<ele>588.000000</ele>
			</trkpt>
			<trkpt lat="49.430246" lon="18.416164">
				<ele>588.000000</ele>
			</trkpt>
			<trkpt lat="49.430357" lon="18.416433">
				<ele>588.000000</ele>
			</trkpt>
			<trkpt lat="49.430918" lon="18.418005">
				<ele>585.000000</ele>
			</trkpt>
			<trkpt lat="49.432285" lon="18.421770">
				<ele>580.000000</ele>
			</trkpt>
			<trkpt lat="49.432478" lon="18.422309">
				<ele>579.000000</ele>
			</trkpt>
			<trkpt lat="49.432601" lon="18.422686">
				<ele>579.000000</ele>
			</trkpt>
			<trkpt lat="49.432694" lon="18.423062">
				<ele>578.000000</ele>
			</trkpt>
			<trkpt lat="49.432799" lon="18.423504">
				<ele>578.000000</ele>
			</trkpt>
			<trkpt lat="49.432957" lon="18.424339">
				<ele>577.000000</ele>
			</trkpt>
			<trkpt lat="49.433477" lon="18.427007">
				<ele>574.000000</ele>
			</trkpt>
			<trkpt lat="49.433746" lon="18.428399">
				<ele>572.000000</ele>
			</trkpt>
			<trkpt lat="49.434265" lon="18.431067">
				<ele>569.000000</ele>
			</trkpt>
			<trkpt lat="49.434587" lon="18.432747">
				<ele>567.000000</ele>
			</trkpt>
			<trkpt lat="49.434996" lon="18.434786">
				<ele>565.000000</ele>
			</trkpt>
			<trkpt lat="49.435112" lon="18.435343">
				<ele>564.000000</ele>
			</trkpt>
			<trkpt lat="49.435218" lon="18.435783">
				<ele>564.000000</ele>
			</trkpt>
			<trkpt lat="49.435323" lon="18.436134">
				<ele>563.000000</ele>
			</trkpt>
			<trkpt lat="49.435440" lon="18.436475">
				<ele>563.000000</ele>
			</trkpt>
			<trkpt lat="49.435597" lon="18.436844">
				<ele>562.000000</ele>
			</trkpt>
			<trkpt lat="49.435761" lon="18.437176">
				<ele>562.000000</ele>
			</trkpt>
			<trkpt lat="49.435901" lon="18.437446">
				<ele>561.000000</ele>
			</trkpt>
			<trkpt lat="49.436024" lon="18.437643">
				<ele>561.000000</ele>
			</trkpt>
			<trkpt lat="49.436643" lon="18.438568">
				<ele>559.000000</ele>
			</trkpt>
			<trkpt lat="49.437146" lon="18.439268">
				<ele>558.000000</ele>
			</trkpt>
			<trkpt lat="49.437794" lon="18.440167">
				<ele>556.000000</ele>
			</trkpt>
			<trkpt lat="49.438249" lon="18.440823">
				<ele>555.000000</ele>
			</trkpt>
			<trkpt lat="49.438682" lon="18.441488">
				<ele>554.000000</ele>
			</trkpt>
			<trkpt lat="49.439143" lon="18.442251">
				<ele>553.000000</ele>
			</trkpt>
			<trkpt lat="49.439272" lon="18.442457">
				<ele>553.000000</ele>
			</trkpt>
			<trkpt lat="49.439651" lon="18.443060">
				<ele>552.000000</ele>
			</trkpt>
			<trkpt lat="49.439979" lon="18.443580">
				<ele>552.000000</ele>
			</trkpt>
			<trkpt lat="49.440090" lon="18.443778">
				<ele>551.000000</ele>
			</trkpt>
			<trkpt lat="49.440183" lon="18.443976">
				<ele>551.000000</ele>
			</trkpt>
			<trkpt lat="49.440282" lon="18.444182">
				<ele>551.000000</ele>
			</trkpt>
			<trkpt lat="49.440376" lon="18.444407">
				<ele>551.000000</ele>
			</trkpt>
			<trkpt lat="49.440457" lon="18.444650">
				<ele>551.000000</ele>
			</trkpt>
			<trkpt lat="49.440534" lon="18.444901">
				<ele>550.000000</ele>
			</trkpt>
			<trkpt lat="49.440586" lon="18.445144">
				<ele>550.000000</ele>
			</trkpt>
			<trkpt lat="49.440650" lon="18.445449">
				<ele>550.000000</ele>
			</trkpt>
			<trkpt lat="49.440896" lon="18.446886">
				<ele>548.000000</ele>
			</trkpt>
			<trkpt lat="49.440972" lon="18.447371">
				<ele>548.000000</ele>
			</trkpt>
			<trkpt lat="49.441019" lon="18.447614">
				<ele>548.000000</ele>
			</trkpt>
			<trkpt lat="49.441222" lon="18.448872">
				<ele>546.000000</ele>
			</trkpt>
			<trkpt lat="49.441416" lon="18.449977">
				<ele>545.000000</ele>
			</trkpt>
			<trkpt lat="49.441491" lon="18.450444">
				<ele>545.000000</ele>
			</trkpt>
			<trkpt lat="49.441544" lon="18.450740">
				<ele>545.000000</ele>
			</trkpt>
			<trkpt lat="49.441661" lon="18.451440">
				<ele>544.000000</ele>
			</trkpt>
			<trkpt lat="49.441713" lon="18.451792">
				<ele>544.000000</ele>
			</trkpt>
			<trkpt lat="49.441795" lon="18.452528">
				<ele>544.000000</ele>
			</trkpt>
			<trkpt lat="49.441853" lon="18.453111">
				<ele>543.000000</ele>
			</trkpt>
			<trkpt lat="49.442058" lon="18.453058">
				<ele>542.000000</ele>
			</trkpt>
			<trkpt lat="49.442058" lon="18.453058">
				<ele>542.000000</ele>
			</trkpt>
			<trkpt lat="49.441853" lon="18.453111">
				<ele>543.000000</ele>
			</trkpt>
			<trkpt lat="49.441912" lon="18.453902">
				<ele>543.000000</ele>
			</trkpt>
			<trkpt lat="49.441953" lon="18.454495">
				<ele>542.000000</ele>
			</trkpt>
			<trkpt lat="49.441982" lon="18.454729">
				<ele>542.000000</ele>
			</trkpt>
			<trkpt lat="49.442023" lon="18.454926">
				<ele>542.000000</ele>
			</trkpt>
			<trkpt lat="49.442070" lon="18.455105">
				<ele>542.000000</ele>
			</trkpt>
			<trkpt lat="49.442128" lon="18.455304">
				<ele>542.000000</ele>
			</trkpt>
			<trkpt lat="49.442204" lon="18.455501">
				<ele>542.000000</ele>
			</trkpt>
			<trkpt lat="49.442280" lon="18.455681">
				<ele>542.000000</ele>
			</trkpt>
			<trkpt lat="49.442391" lon="18.455887">
				<ele>542.000000</ele>
			</trkpt>
			<trkpt lat="49.442543" lon="18.456139">
				<ele>541.000000</ele>
			</trkpt>
			<trkpt lat="49.442777" lon="18.456543">
				<ele>541.000000</ele>
			</trkpt>
			<trkpt lat="49.442999" lon="18.456939">
				<ele>541.000000</ele>
			</trkpt>
			<trkpt lat="49.443133" lon="18.457199">
				<ele>541.000000</ele>
			</trkpt>
			<trkpt lat="49.443425" lon="18.457747">
				<ele>540.000000</ele>
			</trkpt>
			<trkpt lat="49.443723" lon="18.458304">
				<ele>539.000000</ele>
			</trkpt>
			<trkpt lat="49.443816" lon="18.458501">
				<ele>539.000000</ele>
			</trkpt>
			<trkpt lat="49.444079" lon="18.459032">
				<ele>538.000000</ele>
			</trkpt>
			<trkpt lat="49.444231" lon="18.459292">
				<ele>538.000000</ele>
			</trkpt>
			<trkpt lat="49.444412" lon="18.459579">
				<ele>537.000000</ele>
			</trkpt>
			<trkpt lat="49.444663" lon="18.459912">
				<ele>536.000000</ele>
			</trkpt>
			<trkpt lat="49.444874" lon="18.460164">
				<ele>536.000000</ele>
			</trkpt>
			<trkpt lat="49.445055" lon="18.460371">
				<ele>535.000000</ele>
			</trkpt>
			<trkpt lat="49.445428" lon="18.460738">
				<ele>535.000000</ele>
			</trkpt>
			<trkpt lat="49.446036" lon="18.461296">
				<ele>535.000000</ele>
			</trkpt>
			<trkpt lat="49.446264" lon="18.461529">
				<ele>535.000000</ele>
			</trkpt>
			<trkpt lat="49.446450" lon="18.461763">
				<ele>534.000000</ele>
			</trkpt>
			<trkpt lat="49.446579" lon="18.461924">
				<ele>534.000000</ele>
			</trkpt>
			<trkpt lat="49.446795" lon="18.462229">
				<ele>534.000000</ele>
			</trkpt>
			<trkpt lat="49.447005" lon="18.462535">
				<ele>533.000000</ele>
			</trkpt>
			<trkpt lat="49.447227" lon="18.462895">
				<ele>533.000000</ele>
			</trkpt>
			<trkpt lat="49.447595" lon="18.463514">
				<ele>532.000000</ele>
			</trkpt>
			<trkpt lat="49.447577" lon="18.463568">
				<ele>532.000000</ele>
			</trkpt>
			<trkpt lat="49.447473" lon="18.463711">
				<ele>532.000000</ele>
			</trkpt>
			<trkpt lat="49.447758" lon="18.464126">
				<ele>533.000000</ele>
			</trkpt>
			<trkpt lat="49.448120" lon="18.464629">
				<ele>534.000000</ele>
			</trkpt>
			<trkpt lat="49.448243" lon="18.464790">
				<ele>534.000000</ele>
			</trkpt>
			<trkpt lat="49.448325" lon="18.464906">
				<ele>535.000000</ele>
			</trkpt>
			<trkpt lat="49.448413" lon="18.465005">
				<ele>535.000000</ele>
			</trkpt>
			<trkpt lat="49.448495" lon="18.465095">
				<ele>535.000000</ele>
			</trkpt>
			<trkpt lat="49.448599" lon="18.465176">
				<ele>535.000000</ele>
			</trkpt>
			<trkpt lat="49.448676" lon="18.465239">
				<ele>535.000000</ele>
			</trkpt>
			<trkpt lat="49.448786" lon="18.465284">
				<ele>535.000000</ele>
			</trkpt>
			<trkpt lat="49.448991" lon="18.465338">
				<ele>535.000000</ele>
			</trkpt>
			<trkpt lat="49.449563" lon="18.465436">
				<ele>535.000000</ele>
			</trkpt>
			<trkpt lat="49.450953" lon="18.465795">
				<ele>535.000000</ele>
			</trkpt>
			<trkpt lat="49.451216" lon="18.465858">
				<ele>535.000000</ele>
			</trkpt>
			<trkpt lat="49.451338" lon="18.465868">
				<ele>535.000000</ele>
			</trkpt>
			<trkpt lat="49.451455" lon="18.465858">
				<ele>535.000000</ele>
			</trkpt>
			<trkpt lat="49.451584" lon="18.465841">
				<ele>535.000000</ele>
			</trkpt>
			<trkpt lat="49.451817" lon="18.465778">
				<ele>535.000000</ele>
			</trkpt>
			<trkpt lat="49.452045" lon="18.465697">
				<ele>535.000000</ele>
			</trkpt>
			<trkpt lat="49.452110" lon="18.465688">
				<ele>535.000000</ele>
			</trkpt>
			<trkpt lat="49.452156" lon="18.465671">
				<ele>535.000000</ele>
			</trkpt>
			<trkpt lat="49.452291" lon="18.465715">
				<ele>535.000000</ele>
			</trkpt>
			<trkpt lat="49.452921" lon="18.465967">
				<ele>534.000000</ele>
			</trkpt>
			<trkpt lat="49.453020" lon="18.466021">
				<ele>534.000000</ele>
			</trkpt>
			<trkpt lat="49.453097" lon="18.466084">
				<ele>533.000000</ele>
			</trkpt>
			<trkpt lat="49.453178" lon="18.466174">
				<ele>533.000000</ele>
			</trkpt>
			<trkpt lat="49.453254" lon="18.466300">
				<ele>533.000000</ele>
			</trkpt>
			<trkpt lat="49.453400" lon="18.466560">
				<ele>532.000000</ele>
			</trkpt>
			<trkpt lat="49.453447" lon="18.466686">
				<ele>532.000000</ele>
			</trkpt>
			<trkpt lat="49.453779" lon="18.467332">
				<ele>530.000000</ele>
			</trkpt>
			<trkpt lat="49.453815" lon="18.467395">
				<ele>529.000000</ele>
			</trkpt>
			<trkpt lat="49.453867" lon="18.467440">
				<ele>529.000000</ele>
			</trkpt>
			<trkpt lat="49.453902" lon="18.467466">
				<ele>528.000000</ele>
			</trkpt>
			<trkpt lat="49.453955" lon="18.467485">
				<ele>528.000000</ele>
			</trkpt>
			<trkpt lat="49.454007" lon="18.467503">
				<ele>527.000000</ele>
			</trkpt>
			<trkpt lat="49.454072" lon="18.467493">
				<ele>527.000000</ele>
			</trkpt>
			<trkpt lat="49.454218" lon="18.467449">
				<ele>526.000000</ele>
			</trkpt>
			<trkpt lat="49.454457" lon="18.467799">
				<ele>525.000000</ele>
			</trkpt>
			<trkpt lat="49.454556" lon="18.467916">
				<ele>525.000000</ele>
			</trkpt>
			<trkpt lat="49.454638" lon="18.468015">
				<ele>525.000000</ele>
			</trkpt>
			<trkpt lat="49.454760" lon="18.468122">
				<ele>525.000000</ele>
			</trkpt>
			<trkpt lat="49.454878" lon="18.468195">
				<ele>525.000000</ele>
			</trkpt>
			<trkpt lat="49.454994" lon="18.468248">
				<ele>525.000000</ele>
			</trkpt>
			<trkpt lat="49.455128" lon="18.468275">
				<ele>525.000000</ele>
			</trkpt>
			<trkpt lat="49.455181" lon="18.468321">
				<ele>525.000000</ele>
			</trkpt>
			<trkpt lat="49.455222" lon="18.468347">
				<ele>525.000000</ele>
			</trkpt>
			<trkpt lat="49.455269" lon="18.468347">
				<ele>525.000000</ele>
			</trkpt>
			<trkpt lat="49.455321" lon="18.468338">
				<ele>525.000000</ele>
			</trkpt>
			<trkpt lat="49.455543" lon="18.468248">
				<ele>525.000000</ele>
			</trkpt>
			<trkpt lat="49.455701" lon="18.468149">
				<ele>525.000000</ele>
			</trkpt>
			<trkpt lat="49.455847" lon="18.468006">
				<ele>525.000000</ele>
			</trkpt>
			<trkpt lat="49.456016" lon="18.467808">
				<ele>525.000000</ele>
			</trkpt>
			<trkpt lat="49.456174" lon="18.467548">
				<ele>525.000000</ele>
			</trkpt>
			<trkpt lat="49.456232" lon="18.467422">
				<ele>525.000000</ele>
			</trkpt>
			<trkpt lat="49.456284" lon="18.467287">
				<ele>525.000000</ele>
			</trkpt>
			<trkpt lat="49.456320" lon="18.467197">
				<ele>525.000000</ele>
			</trkpt>
			<trkpt lat="49.456343" lon="18.467072">
				<ele>525.000000</ele>
			</trkpt>
			<trkpt lat="49.456355" lon="18.466963">
				<ele>525.000000</ele>
			</trkpt>
			<trkpt lat="49.456366" lon="18.466837">
				<ele>525.000000</ele>
			</trkpt>
			<trkpt lat="49.456361" lon="18.466713">
				<ele>525.000000</ele>
			</trkpt>
			<trkpt lat="49.456361" lon="18.466560">
				<ele>525.000000</ele>
			</trkpt>
			<trkpt lat="49.456308" lon="18.466200">
				<ele>525.000000</ele>
			</trkpt>
			<trkpt lat="49.456191" lon="18.465526">
				<ele>525.000000</ele>
			</trkpt>
			<trkpt lat="49.456028" lon="18.464692">
				<ele>524.000000</ele>
			</trkpt>
			<trkpt lat="49.456010" lon="18.464637">
				<ele>524.000000</ele>
			</trkpt>
			<trkpt lat="49.455987" lon="18.464602">
				<ele>524.000000</ele>
			</trkpt>
			<trkpt lat="49.455958" lon="18.464566">
				<ele>524.000000</ele>
			</trkpt>
			<trkpt lat="49.455922" lon="18.464547">
				<ele>524.000000</ele>
			</trkpt>
			<trkpt lat="49.455870" lon="18.464277">
				<ele>524.000000</ele>
			</trkpt>
			<trkpt lat="49.455835" lon="18.464098">
				<ele>524.000000</ele>
			</trkpt>
			<trkpt lat="49.455881" lon="18.464089">
				<ele>523.000000</ele>
			</trkpt>
			<trkpt lat="49.455911" lon="18.464071">
				<ele>523.000000</ele>
			</trkpt>
			<trkpt lat="49.455958" lon="18.464080">
				<ele>523.000000</ele>
			</trkpt>
			<trkpt lat="49.455981" lon="18.464071">
				<ele>523.000000</ele>
			</trkpt>
			<trkpt lat="49.456010" lon="18.464044">
				<ele>522.000000</ele>
			</trkpt>
			<trkpt lat="49.456028" lon="18.464000">
				<ele>522.000000</ele>
			</trkpt>
			<trkpt lat="49.456139" lon="18.463748">
				<ele>521.000000</ele>
			</trkpt>
			<trkpt lat="49.456144" lon="18.463703">
				<ele>521.000000</ele>
			</trkpt>
			<trkpt lat="49.456139" lon="18.463667">
				<ele>521.000000</ele>
			</trkpt>
			<trkpt lat="49.456133" lon="18.463640">
				<ele>520.000000</ele>
			</trkpt>
			<trkpt lat="49.456115" lon="18.463604">
				<ele>520.000000</ele>
			</trkpt>
			<trkpt lat="49.456034" lon="18.463514">
				<ele>520.000000</ele>
			</trkpt>
			<trkpt lat="49.456010" lon="18.463487">
				<ele>520.000000</ele>
			</trkpt>
			<trkpt lat="49.456010" lon="18.463451">
				<ele>520.000000</ele>
			</trkpt>
			<trkpt lat="49.456010" lon="18.463407">
				<ele>520.000000</ele>
			</trkpt>
			<trkpt lat="49.456034" lon="18.463352">
				<ele>520.000000</ele>
			</trkpt>
			<trkpt lat="49.456232" lon="18.462921">
				<ele>519.000000</ele>
			</trkpt>
			<trkpt lat="49.456425" lon="18.462535">
				<ele>519.000000</ele>
			</trkpt>
			<trkpt lat="49.456635" lon="18.462166">
				<ele>519.000000</ele>
			</trkpt>
			<trkpt lat="49.456968" lon="18.461610">
				<ele>518.000000</ele>
			</trkpt>
			<trkpt lat="49.457114" lon="18.461386">
				<ele>518.000000</ele>
			</trkpt>
			<trkpt lat="49.457312" lon="18.461107">
				<ele>518.000000</ele>
			</trkpt>
			<trkpt lat="49.457400" lon="18.460981">
				<ele>518.000000</ele>
			</trkpt>
			<trkpt lat="49.457464" lon="18.460847">
				<ele>518.000000</ele>
			</trkpt>
			<trkpt lat="49.457522" lon="18.460694">
				<ele>518.000000</ele>
			</trkpt>
			<trkpt lat="49.457575" lon="18.460523">
				<ele>517.000000</ele>
			</trkpt>
			<trkpt lat="49.457616" lon="18.460344">
				<ele>517.000000</ele>
			</trkpt>
			<trkpt lat="49.457645" lon="18.460155">
				<ele>517.000000</ele>
			</trkpt>
			<trkpt lat="49.457662" lon="18.459948">
				<ele>517.000000</ele>
			</trkpt>
			<trkpt lat="49.457692" lon="18.459606">
				<ele>517.000000</ele>
			</trkpt>
			<trkpt lat="49.457703" lon="18.459426">
				<ele>517.000000</ele>
			</trkpt>
			<trkpt lat="49.457727" lon="18.459274">
				<ele>517.000000</ele>
			</trkpt>
			<trkpt lat="49.457750" lon="18.459139">
				<ele>516.000000</ele>
			</trkpt>
			<trkpt lat="49.457780" lon="18.459013">
				<ele>516.000000</ele>
			</trkpt>
			<trkpt lat="49.457821" lon="18.458897">
				<ele>516.000000</ele>
			</trkpt>
			<trkpt lat="49.457879" lon="18.458763">
				<ele>516.000000</ele>
			</trkpt>
			<trkpt lat="49.458013" lon="18.458493">
				<ele>516.000000</ele>
			</trkpt>
			<trkpt lat="49.458118" lon="18.458321">
				<ele>516.000000</ele>
			</trkpt>
			<trkpt lat="49.458235" lon="18.458178">
				<ele>516.000000</ele>
			</trkpt>
			<trkpt lat="49.458358" lon="18.458080">
				<ele>516.000000</ele>
			</trkpt>
			<trkpt lat="49.458562" lon="18.457945">
				<ele>515.000000</ele>
			</trkpt>
			<trkpt lat="49.458807" lon="18.457765">
				<ele>515.000000</ele>
			</trkpt>
			<trkpt lat="49.459012" lon="18.457612">
				<ele>515.000000</ele>
			</trkpt>
			<trkpt lat="49.459187" lon="18.457459">
				<ele>515.000000</ele>
			</trkpt>
			<trkpt lat="49.459380" lon="18.457271">
				<ele>515.000000</ele>
			</trkpt>
			<trkpt lat="49.459397" lon="18.457244">
				<ele>515.000000</ele>
			</trkpt>
			<trkpt lat="49.459421" lon="18.457190">
				<ele>515.000000</ele>
			</trkpt>
			<trkpt lat="49.459449" lon="18.457055">
				<ele>515.000000</ele>
			</trkpt>
			<trkpt lat="49.459578" lon="18.456893">
				<ele>515.000000</ele>
			</trkpt>
			<trkpt lat="49.459695" lon="18.456750">
				<ele>515.000000</ele>
			</trkpt>
			<trkpt lat="49.459788" lon="18.456606">
				<ele>515.000000</ele>
			</trkpt>
			<trkpt lat="49.459864" lon="18.456463">
				<ele>515.000000</ele>
			</trkpt>
			<trkpt lat="49.459981" lon="18.456193">
				<ele>515.000000</ele>
			</trkpt>
			<trkpt lat="49.460080" lon="18.455933">
				<ele>515.000000</ele>
			</trkpt>
			<trkpt lat="49.460571" lon="18.454235">
				<ele>515.000000</ele>
			</trkpt>
			<trkpt lat="49.460699" lon="18.453759">
				<ele>515.000000</ele>
			</trkpt>
			<trkpt lat="49.460944" lon="18.452905">
				<ele>515.000000</ele>
			</trkpt>
			<trkpt lat="49.461283" lon="18.451665">
				<ele>510.000000</ele>
			</trkpt>
			<trkpt lat="49.461458" lon="18.451019">
				<ele>519.000000</ele>
			</trkpt>
			<trkpt lat="49.461580" lon="18.450488">
				<ele>521.000000</ele>
			</trkpt>
			<trkpt lat="49.461621" lon="18.450273">
				<ele>522.000000</ele>
			</trkpt>
			<trkpt lat="49.461656" lon="18.450067">
				<ele>523.000000</ele>
			</trkpt>
			<trkpt lat="49.461686" lon="18.449662">
				<ele>524.000000</ele>
			</trkpt>
			<trkpt lat="49.461697" lon="18.449213">
				<ele>525.000000</ele>
			</trkpt>
			<trkpt lat="49.461692" lon="18.448584">
				<ele>527.000000</ele>
			</trkpt>
			<trkpt lat="49.461621" lon="18.446356">
				<ele>534.000000</ele>
			</trkpt>
			<trkpt lat="49.461621" lon="18.446176">
				<ele>535.000000</ele>
			</trkpt>
			<trkpt lat="49.461621" lon="18.445826">
				<ele>536.000000</ele>
			</trkpt>
			<trkpt lat="49.461651" lon="18.445513">
				<ele>536.000000</ele>
			</trkpt>
			<trkpt lat="49.461686" lon="18.445243">
				<ele>537.000000</ele>
			</trkpt>
			<trkpt lat="49.461744" lon="18.444981">
				<ele>538.000000</ele>
			</trkpt>
			<trkpt lat="49.461814" lon="18.444740">
				<ele>538.000000</ele>
			</trkpt>
			<trkpt lat="49.461931" lon="18.444470">
				<ele>539.000000</ele>
			</trkpt>
			<trkpt lat="49.462065" lon="18.444192">
				<ele>540.000000</ele>
			</trkpt>
			<trkpt lat="49.462229" lon="18.443895">
				<ele>540.000000</ele>
			</trkpt>
			<trkpt lat="49.462731" lon="18.443033">
				<ele>540.000000</ele>
			</trkpt>
			<trkpt lat="49.462871" lon="18.442799">
				<ele>540.000000</ele>
			</trkpt>
			<trkpt lat="49.462976" lon="18.442601">
				<ele>540.000000</ele>
			</trkpt>
			<trkpt lat="49.463081" lon="18.442358">
				<ele>540.000000</ele>
			</trkpt>
			<trkpt lat="49.463169" lon="18.442170">
				<ele>540.000000</ele>
			</trkpt>
			<trkpt lat="49.463239" lon="18.441964">
				<ele>540.000000</ele>
			</trkpt>
			<trkpt lat="49.463309" lon="18.441765">
				<ele>539.000000</ele>
			</trkpt>
			<trkpt lat="49.463379" lon="18.441551">
				<ele>539.000000</ele>
			</trkpt>
			<trkpt lat="49.463437" lon="18.441281">
				<ele>538.000000</ele>
			</trkpt>
			<trkpt lat="49.463624" lon="18.440463">
				<ele>537.000000</ele>
			</trkpt>
			<trkpt lat="49.463694" lon="18.440203">
				<ele>536.000000</ele>
			</trkpt>
			<trkpt lat="49.463776" lon="18.439960">
				<ele>535.000000</ele>
			</trkpt>
			<trkpt lat="49.463864" lon="18.439763">
				<ele>535.000000</ele>
			</trkpt>
			<trkpt lat="49.463986" lon="18.439547">
				<ele>535.000000</ele>
			</trkpt>
			<trkpt lat="49.464097" lon="18.439394">
				<ele>535.000000</ele>
			</trkpt>
			<trkpt lat="49.464249" lon="18.439224">
				<ele>534.000000</ele>
			</trkpt>
			<trkpt lat="49.464406" lon="18.439098">
				<ele>534.000000</ele>
			</trkpt>
			<trkpt lat="49.464599" lon="18.438945">
				<ele>534.000000</ele>
			</trkpt>
			<trkpt lat="49.464903" lon="18.438729">
				<ele>533.000000</ele>
			</trkpt>
			<trkpt lat="49.465095" lon="18.438576">
				<ele>533.000000</ele>
			</trkpt>
			<trkpt lat="49.465206" lon="18.438460">
				<ele>533.000000</ele>
			</trkpt>
			<trkpt lat="49.465305" lon="18.438343">
				<ele>533.000000</ele>
			</trkpt>
			<trkpt lat="49.465393" lon="18.438226">
				<ele>532.000000</ele>
			</trkpt>
			<trkpt lat="49.465475" lon="18.438092">
				<ele>532.000000</ele>
			</trkpt>
			<trkpt lat="49.465603" lon="18.437823">
				<ele>532.000000</ele>
			</trkpt>
			<trkpt lat="49.465697" lon="18.437589">
				<ele>532.000000</ele>
			</trkpt>
			<trkpt lat="49.465779" lon="18.437337">
				<ele>531.000000</ele>
			</trkpt>
			<trkpt lat="49.465849" lon="18.437041">
				<ele>531.000000</ele>
			</trkpt>
			<trkpt lat="49.465872" lon="18.436880">
				<ele>531.000000</ele>
			</trkpt>
			<trkpt lat="49.465889" lon="18.436718">
				<ele>531.000000</ele>
			</trkpt>
			<trkpt lat="49.465889" lon="18.436547">
				<ele>531.000000</ele>
			</trkpt>
			<trkpt lat="49.465889" lon="18.436358">
				<ele>531.000000</ele>
			</trkpt>
			<trkpt lat="49.465872" lon="18.435972">
				<ele>530.000000</ele>
			</trkpt>
			<trkpt lat="49.465796" lon="18.435190">
				<ele>527.000000</ele>
			</trkpt>
			<trkpt lat="49.465784" lon="18.434993">
				<ele>527.000000</ele>
			</trkpt>
			<trkpt lat="49.465790" lon="18.434831">
				<ele>526.000000</ele>
			</trkpt>
			<trkpt lat="49.465796" lon="18.434651">
				<ele>525.000000</ele>
			</trkpt>
			<trkpt lat="49.465819" lon="18.434490">
				<ele>524.000000</ele>
			</trkpt>
			<trkpt lat="49.465849" lon="18.434318">
				<ele>524.000000</ele>
			</trkpt>
			<trkpt lat="49.465883" lon="18.434175">
				<ele>523.000000</ele>
			</trkpt>
			<trkpt lat="49.465942" lon="18.434014">
				<ele>522.000000</ele>
			</trkpt>
			<trkpt lat="49.466000" lon="18.433852">
				<ele>521.000000</ele>
			</trkpt>
			<trkpt lat="49.466076" lon="18.433691">
				<ele>520.000000</ele>
			</trkpt>
			<trkpt lat="49.466152" lon="18.433555">
				<ele>520.000000</ele>
			</trkpt>
			<trkpt lat="49.466257" lon="18.433429">
				<ele>520.000000</ele>
			</trkpt>
			<trkpt lat="49.466339" lon="18.433349">
				<ele>520.000000</ele>
			</trkpt>
			<trkpt lat="49.466433" lon="18.433276">
				<ele>520.000000</ele>
			</trkpt>
			<trkpt lat="49.466520" lon="18.433223">
				<ele>520.000000</ele>
			</trkpt>
			<trkpt lat="49.466625" lon="18.433160">
				<ele>520.000000</ele>
			</trkpt>
			<trkpt lat="49.466724" lon="18.433125">
				<ele>520.000000</ele>
			</trkpt>
			<trkpt lat="49.466841" lon="18.433106">
				<ele>520.000000</ele>
			</trkpt>
			<trkpt lat="49.467104" lon="18.433089">
				<ele>520.000000</ele>
			</trkpt>
			<trkpt lat="49.467220" lon="18.433106">
				<ele>520.000000</ele>
			</trkpt>
			<trkpt lat="49.467361" lon="18.433142">
				<ele>520.000000</ele>
			</trkpt>
			<trkpt lat="49.467687" lon="18.433304">
				<ele>520.000000</ele>
			</trkpt>
			<trkpt lat="49.467705" lon="18.433304">
				<ele>520.000000</ele>
			</trkpt>
			<trkpt lat="49.467921" lon="18.433376">
				<ele>520.000000</ele>
			</trkpt>
			<trkpt lat="49.468008" lon="18.433385">
				<ele>520.000000</ele>
			</trkpt>
			<trkpt lat="49.468085" lon="18.433385">
				<ele>520.000000</ele>
			</trkpt>
			<trkpt lat="49.468230" lon="18.433339">
				<ele>520.000000</ele>
			</trkpt>
			<trkpt lat="49.468394" lon="18.433276">
				<ele>520.000000</ele>
			</trkpt>
			<trkpt lat="49.468522" lon="18.433169">
				<ele>520.000000</ele>
			</trkpt>
			<trkpt lat="49.468633" lon="18.433070">
				<ele>520.000000</ele>
			</trkpt>
			<trkpt lat="49.468727" lon="18.432962">
				<ele>520.000000</ele>
			</trkpt>
			<trkpt lat="49.468808" lon="18.432863">
				<ele>520.000000</ele>
			</trkpt>
			<trkpt lat="49.468896" lon="18.432702">
				<ele>520.000000</ele>
			</trkpt>
			<trkpt lat="49.468960" lon="18.432540">
				<ele>520.000000</ele>
			</trkpt>
			<trkpt lat="49.469018" lon="18.432387">
				<ele>520.000000</ele>
			</trkpt>
			<trkpt lat="49.469054" lon="18.432226">
				<ele>520.000000</ele>
			</trkpt>
			<trkpt lat="49.469077" lon="18.432064">
				<ele>520.000000</ele>
			</trkpt>
			<trkpt lat="49.469089" lon="18.431857">
				<ele>520.000000</ele>
			</trkpt>
			<trkpt lat="49.469095" lon="18.431633">
				<ele>520.000000</ele>
			</trkpt>
			<trkpt lat="49.469089" lon="18.431400">
				<ele>520.000000</ele>
			</trkpt>
			<trkpt lat="49.469077" lon="18.430878">
				<ele>520.000000</ele>
			</trkpt>
			<trkpt lat="49.469083" lon="18.430565">
				<ele>520.000000</ele>
			</trkpt>
			<trkpt lat="49.469095" lon="18.430438">
				<ele>520.000000</ele>
			</trkpt>
			<trkpt lat="49.469117" lon="18.430312">
				<ele>520.000000</ele>
			</trkpt>
			<trkpt lat="49.469158" lon="18.430196">
				<ele>520.000000</ele>
			</trkpt>
			<trkpt lat="49.469199" lon="18.430060">
				<ele>520.000000</ele>
			</trkpt>
			<trkpt lat="49.469258" lon="18.429936">
				<ele>520.000000</ele>
			</trkpt>
			<trkpt lat="49.469311" lon="18.429827">
				<ele>520.000000</ele>
			</trkpt>
			<trkpt lat="49.469380" lon="18.429756">
				<ele>520.000000</ele>
			</trkpt>
			<trkpt lat="49.469462" lon="18.429693">
				<ele>521.000000</ele>
			</trkpt>
			<trkpt lat="49.469544" lon="18.429612">
				<ele>522.000000</ele>
			</trkpt>
			<trkpt lat="49.469637" lon="18.429567">
				<ele>522.000000</ele>
			</trkpt>
			<trkpt lat="49.469725" lon="18.429540">
				<ele>523.000000</ele>
			</trkpt>
			<trkpt lat="49.469842" lon="18.429504">
				<ele>524.000000</ele>
			</trkpt>
			<trkpt lat="49.469941" lon="18.429504">
				<ele>525.000000</ele>
			</trkpt>
			<trkpt lat="49.470268" lon="18.429494">
				<ele>525.000000</ele>
			</trkpt>
			<trkpt lat="49.470735" lon="18.429477">
				<ele>525.000000</ele>
			</trkpt>
			<trkpt lat="49.470898" lon="18.429459">
				<ele>525.000000</ele>
			</trkpt>
			<trkpt lat="49.471067" lon="18.429433">
				<ele>525.000000</ele>
			</trkpt>
			<trkpt lat="49.471254" lon="18.429370">
				<ele>525.000000</ele>
			</trkpt>
			<trkpt lat="49.471436" lon="18.429307">
				<ele>525.000000</ele>
			</trkpt>
			<trkpt lat="49.471617" lon="18.429207">
				<ele>525.000000</ele>
			</trkpt>
			<trkpt lat="49.471926" lon="18.429018">
				<ele>525.000000</ele>
			</trkpt>
			<trkpt lat="49.472148" lon="18.428884">
				<ele>525.000000</ele>
			</trkpt>
			<trkpt lat="49.472323" lon="18.428741">
				<ele>525.000000</ele>
			</trkpt>
			<trkpt lat="49.472480" lon="18.428588">
				<ele>523.000000</ele>
			</trkpt>
			<trkpt lat="49.472649" lon="18.428391">
				<ele>521.000000</ele>
			</trkpt>
			<trkpt lat="49.472964" lon="18.427976">
				<ele>518.000000</ele>
			</trkpt>
			<trkpt lat="49.473210" lon="18.427618">
				<ele>516.000000</ele>
			</trkpt>
			<trkpt lat="49.473438" lon="18.427259">
				<ele>513.000000</ele>
			</trkpt>
			<trkpt lat="49.473741" lon="18.426746">
				<ele>510.000000</ele>
			</trkpt>
			<trkpt lat="49.473875" lon="18.426504">
				<ele>510.000000</ele>
			</trkpt>
			<trkpt lat="49.474056" lon="18.426198">
				<ele>510.000000</ele>
			</trkpt>
			<trkpt lat="49.474202" lon="18.425974">
				<ele>510.000000</ele>
			</trkpt>
			<trkpt lat="49.474354" lon="18.425767">
				<ele>510.000000</ele>
			</trkpt>
			<trkpt lat="49.474506" lon="18.425578">
				<ele>510.000000</ele>
			</trkpt>
			<trkpt lat="49.474652" lon="18.425399">
				<ele>510.000000</ele>
			</trkpt>
			<trkpt lat="49.474914" lon="18.425183">
				<ele>511.000000</ele>
			</trkpt>
			<trkpt lat="49.475160" lon="18.425003">
				<ele>512.000000</ele>
			</trkpt>
			<trkpt lat="49.475399" lon="18.424869">
				<ele>514.000000</ele>
			</trkpt>
			<trkpt lat="49.475615" lon="18.424788">
				<ele>515.000000</ele>
			</trkpt>
			<trkpt lat="49.475813" lon="18.424760">
				<ele>517.000000</ele>
			</trkpt>
			<trkpt lat="49.476023" lon="18.424733">
				<ele>518.000000</ele>
			</trkpt>
			<trkpt lat="49.476222" lon="18.424725">
				<ele>520.000000</ele>
			</trkpt>
			<trkpt lat="49.476309" lon="18.424725">
				<ele>520.000000</ele>
			</trkpt>
			<trkpt lat="49.476309" lon="18.424725">
				<ele>520.000000</ele>
			</trkpt>
			<trkpt lat="49.476408" lon="18.424716">
				<ele>521.000000</ele>
			</trkpt>
			<trkpt lat="49.477442" lon="18.424823">
				<ele>528.000000</ele>
			</trkpt>
			<trkpt lat="49.478842" lon="18.424976">
				<ele>535.000000</ele>
			</trkpt>
			<trkpt lat="49.479024" lon="18.424986">
				<ele>535.000000</ele>
			</trkpt>
			<trkpt lat="49.479140" lon="18.424976">
				<ele>535.000000</ele>
			</trkpt>
			<trkpt lat="49.479380" lon="18.424968">
				<ele>535.000000</ele>
			</trkpt>
			<trkpt lat="49.479514" lon="18.424949">
				<ele>535.000000</ele>
			</trkpt>
			<trkpt lat="49.479654" lon="18.424923">
				<ele>535.000000</ele>
			</trkpt>
			<trkpt lat="49.479782" lon="18.424859">
				<ele>535.000000</ele>
			</trkpt>
			<trkpt lat="49.479928" lon="18.424770">
				<ele>535.000000</ele>
			</trkpt>
			<trkpt lat="49.480092" lon="18.424644">
				<ele>535.000000</ele>
			</trkpt>
			<trkpt lat="49.480237" lon="18.424519">
				<ele>535.000000</ele>
			</trkpt>
			<trkpt lat="49.480360" lon="18.424393">
				<ele>534.000000</ele>
			</trkpt>
			<trkpt lat="49.480471" lon="18.424249">
				<ele>534.000000</ele>
			</trkpt>
			<trkpt lat="49.480570" lon="18.424096">
				<ele>533.000000</ele>
			</trkpt>
			<trkpt lat="49.480664" lon="18.423926">
				<ele>532.000000</ele>
			</trkpt>
			<trkpt lat="49.480757" lon="18.423728">
				<ele>531.000000</ele>
			</trkpt>
			<trkpt lat="49.480845" lon="18.423512">
				<ele>530.000000</ele>
			</trkpt>
			<trkpt lat="49.481236" lon="18.422542">
				<ele>526.000000</ele>
			</trkpt>
			<trkpt lat="49.481299" lon="18.422380">
				<ele>525.000000</ele>
			</trkpt>
			<trkpt lat="49.481370" lon="18.422263">
				<ele>525.000000</ele>
			</trkpt>
			<trkpt lat="49.481446" lon="18.422146">
				<ele>524.000000</ele>
			</trkpt>
			<trkpt lat="49.481510" lon="18.422049">
				<ele>524.000000</ele>
			</trkpt>
			<trkpt lat="49.481603" lon="18.421976">
				<ele>523.000000</ele>
			</trkpt>
			<trkpt lat="49.481685" lon="18.421913">
				<ele>523.000000</ele>
			</trkpt>
			<trkpt lat="49.481778" lon="18.421859">
				<ele>522.000000</ele>
			</trkpt>
			<trkpt lat="49.481866" lon="18.421833">
				<ele>522.000000</ele>
			</trkpt>
			<trkpt lat="49.481977" lon="18.421806">
				<ele>521.000000</ele>
			</trkpt>
			<trkpt lat="49.482082" lon="18.421806">
				<ele>521.000000</ele>
			</trkpt>
			<trkpt lat="49.482175" lon="18.421806">
				<ele>520.000000</ele>
			</trkpt>
			<trkpt lat="49.482263" lon="18.421833">
				<ele>520.000000</ele>
			</trkpt>
			<trkpt lat="49.482344" lon="18.421877">
				<ele>520.000000</ele>
			</trkpt>
			<trkpt lat="49.482432" lon="18.421940">
				<ele>520.000000</ele>
			</trkpt>
			<trkpt lat="49.482520" lon="18.422012">
				<ele>520.000000</ele>
			</trkpt>
			<trkpt lat="49.482607" lon="18.422102">
				<ele>520.000000</ele>
			</trkpt>
			<trkpt lat="49.482911" lon="18.422443">
				<ele>520.000000</ele>
			</trkpt>
			<trkpt lat="49.483033" lon="18.422569">
				<ele>520.000000</ele>
			</trkpt>
			<trkpt lat="49.483168" lon="18.422695">
				<ele>520.000000</ele>
			</trkpt>
			<trkpt lat="49.483296" lon="18.422766">
				<ele>520.000000</ele>
			</trkpt>
			<trkpt lat="49.483430" lon="18.422812">
				<ele>520.000000</ele>
			</trkpt>
			<trkpt lat="49.483564" lon="18.422829">
				<ele>520.000000</ele>
			</trkpt>
			<trkpt lat="49.483693" lon="18.422812">
				<ele>520.000000</ele>
			</trkpt>
			<trkpt lat="49.483838" lon="18.422758">
				<ele>521.000000</ele>
			</trkpt>
			<trkpt lat="49.483973" lon="18.422668">
				<ele>521.000000</ele>
			</trkpt>
			<trkpt lat="49.484095" lon="18.422551">
				<ele>521.000000</ele>
			</trkpt>
			<trkpt lat="49.484662" lon="18.421913">
				<ele>523.000000</ele>
			</trkpt>
			<trkpt lat="49.484737" lon="18.421823">
				<ele>523.000000</ele>
			</trkpt>
			<trkpt lat="49.484842" lon="18.421733">
				<ele>523.000000</ele>
			</trkpt>
			<trkpt lat="49.485076" lon="18.421580">
				<ele>524.000000</ele>
			</trkpt>
			<trkpt lat="49.485344" lon="18.421446">
				<ele>524.000000</ele>
			</trkpt>
			<trkpt lat="49.485478" lon="18.421401">
				<ele>525.000000</ele>
			</trkpt>
			<trkpt lat="49.485607" lon="18.421374">
				<ele>525.000000</ele>
			</trkpt>
			<trkpt lat="49.485875" lon="18.421320">
				<ele>525.000000</ele>
			</trkpt>
			<trkpt lat="49.486132" lon="18.421293">
				<ele>525.000000</ele>
			</trkpt>
			<trkpt lat="49.486383" lon="18.421303">
				<ele>525.000000</ele>
			</trkpt>
			<trkpt lat="49.486634" lon="18.421320">
				<ele>525.000000</ele>
			</trkpt>
			<trkpt lat="49.487474" lon="18.421464">
				<ele>525.000000</ele>
			</trkpt>
			<trkpt lat="49.487655" lon="18.421483">
				<ele>525.000000</ele>
			</trkpt>
			<trkpt lat="49.487806" lon="18.421473">
				<ele>525.000000</ele>
			</trkpt>
			<trkpt lat="49.487941" lon="18.421428">
				<ele>525.000000</ele>
			</trkpt>
			<trkpt lat="49.488081" lon="18.421347">
				<ele>525.000000</ele>
			</trkpt>
			<trkpt lat="49.488203" lon="18.421248">
				<ele>525.000000</ele>
			</trkpt>
			<trkpt lat="49.488303" lon="18.421131">
				<ele>525.000000</ele>
			</trkpt>
			<trkpt lat="49.488390" lon="18.421015">
				<ele>525.000000</ele>
			</trkpt>
			<trkpt lat="49.488466" lon="18.420854">
				<ele>525.000000</ele>
			</trkpt>
			<trkpt lat="49.488531" lon="18.420674">
				<ele>525.000000</ele>
			</trkpt>
			<trkpt lat="49.488594" lon="18.420502">
				<ele>525.000000</ele>
			</trkpt>
			<trkpt lat="49.488723" lon="18.419946">
				<ele>525.000000</ele>
			</trkpt>
			<trkpt lat="49.488775" lon="18.419758">
				<ele>525.000000</ele>
			</trkpt>
			<trkpt lat="49.488828" lon="18.419569">
				<ele>525.000000</ele>
			</trkpt>
			<trkpt lat="49.488892" lon="18.419407">
				<ele>525.000000</ele>
			</trkpt>
			<trkpt lat="49.488950" lon="18.419272">
				<ele>525.000000</ele>
			</trkpt>
			<trkpt lat="49.489009" lon="18.419146">
				<ele>525.000000</ele>
			</trkpt>
			<trkpt lat="49.489084" lon="18.419047">
				<ele>525.000000</ele>
			</trkpt>
			<trkpt lat="49.489166" lon="18.418967">
				<ele>525.000000</ele>
			</trkpt>
			<trkpt lat="49.489259" lon="18.418894">
				<ele>525.000000</ele>
			</trkpt>
			<trkpt lat="49.489406" lon="18.418804">
				<ele>525.000000</ele>
			</trkpt>
			<trkpt lat="49.489552" lon="18.418760">
				<ele>526.000000</ele>
			</trkpt>
			<trkpt lat="49.489715" lon="18.418760">
				<ele>526.000000</ele>
			</trkpt>
			<trkpt lat="49.489855" lon="18.418796">
				<ele>527.000000</ele>
			</trkpt>
			<trkpt lat="49.490024" lon="18.418877">
				<ele>528.000000</ele>
			</trkpt>
			<trkpt lat="49.490164" lon="18.418984">
				<ele>528.000000</ele>
			</trkpt>
			<trkpt lat="49.490509" lon="18.419309">
				<ele>530.000000</ele>
			</trkpt>
			<trkpt lat="49.490742" lon="18.419523">
				<ele>531.000000</ele>
			</trkpt>
			<trkpt lat="49.490923" lon="18.419659">
				<ele>532.000000</ele>
			</trkpt>
			<trkpt lat="49.491069" lon="18.419739">
				<ele>533.000000</ele>
			</trkpt>
			<trkpt lat="49.491232" lon="18.419785">
				<ele>534.000000</ele>
			</trkpt>
			<trkpt lat="49.491401" lon="18.419802">
				<ele>535.000000</ele>
			</trkpt>
			<trkpt lat="49.491472" lon="18.419793">
				<ele>535.000000</ele>
			</trkpt>
			<trkpt lat="49.491565" lon="18.419766">
				<ele>536.000000</ele>
			</trkpt>
			<trkpt lat="49.491710" lon="18.419695">
				<ele>537.000000</ele>
			</trkpt>
			<trkpt lat="49.491868" lon="18.419596">
				<ele>537.000000</ele>
			</trkpt>
			<trkpt lat="49.491950" lon="18.419506">
				<ele>538.000000</ele>
			</trkpt>
			<trkpt lat="49.492014" lon="18.419425">
				<ele>538.000000</ele>
			</trkpt>
			<trkpt lat="49.492866" lon="18.418374">
				<ele>544.000000</ele>
			</trkpt>
			<trkpt lat="49.493660" lon="18.417359">
				<ele>550.000000</ele>
			</trkpt>
			<trkpt lat="49.493858" lon="18.417116">
				<ele>551.000000</ele>
			</trkpt>
			<trkpt lat="49.494237" lon="18.416694">
				<ele>552.000000</ele>
			</trkpt>
			<trkpt lat="49.494500" lon="18.416397">
				<ele>553.000000</ele>
			</trkpt>
			<trkpt lat="49.494686" lon="18.416164">
				<ele>554.000000</ele>
			</trkpt>
			<trkpt lat="49.494838" lon="18.415940">
				<ele>555.000000</ele>
			</trkpt>
			<trkpt lat="49.495089" lon="18.415554">
				<ele>556.000000</ele>
			</trkpt>
			<trkpt lat="49.495258" lon="18.415320">
				<ele>556.000000</ele>
			</trkpt>
			<trkpt lat="49.495369" lon="18.415185">
				<ele>556.000000</ele>
			</trkpt>
			<trkpt lat="49.495445" lon="18.415141">
				<ele>557.000000</ele>
			</trkpt>
			<trkpt lat="49.495498" lon="18.415104">
				<ele>557.000000</ele>
			</trkpt>
			<trkpt lat="49.495579" lon="18.415068">
				<ele>557.000000</ele>
			</trkpt>
			<trkpt lat="49.495661" lon="18.415041">
				<ele>557.000000</ele>
			</trkpt>
			<trkpt lat="49.495789" lon="18.415022">
				<ele>557.000000</ele>
			</trkpt>
			<trkpt lat="49.495900" lon="18.415032">
				<ele>558.000000</ele>
			</trkpt>
			<trkpt lat="49.496005" lon="18.415068">
				<ele>558.000000</ele>
			</trkpt>
			<trkpt lat="49.496104" lon="18.415112">
				<ele>558.000000</ele>
			</trkpt>
			<trkpt lat="49.496198" lon="18.415175">
				<ele>558.000000</ele>
			</trkpt>
			<trkpt lat="49.496302" lon="18.415284">
				<ele>559.000000</ele>
			</trkpt>
			<trkpt lat="49.496419" lon="18.415401">
				<ele>559.000000</ele>
			</trkpt>
			<trkpt lat="49.496518" lon="18.415544">
				<ele>559.000000</ele>
			</trkpt>
			<trkpt lat="49.496822" lon="18.415940">
				<ele>560.000000</ele>
			</trkpt>
			<trkpt lat="49.496921" lon="18.416056">
				<ele>560.000000</ele>
			</trkpt>
			<trkpt lat="49.497026" lon="18.416154">
				<ele>561.000000</ele>
			</trkpt>
			<trkpt lat="49.497137" lon="18.416236">
				<ele>561.000000</ele>
			</trkpt>
			<trkpt lat="49.497236" lon="18.416299">
				<ele>561.000000</ele>
			</trkpt>
			<trkpt lat="49.497370" lon="18.416353">
				<ele>561.000000</ele>
			</trkpt>
			<trkpt lat="49.497487" lon="18.416389">
				<ele>561.000000</ele>
			</trkpt>
			<trkpt lat="49.497755" lon="18.416416">
				<ele>562.000000</ele>
			</trkpt>
			<trkpt lat="49.497855" lon="18.416407">
				<ele>562.000000</ele>
			</trkpt>
			<trkpt lat="49.497959" lon="18.416407">
				<ele>562.000000</ele>
			</trkpt>
			<trkpt lat="49.498105" lon="18.416362">
				<ele>563.000000</ele>
			</trkpt>
			<trkpt lat="49.498251" lon="18.416272">
				<ele>563.000000</ele>
			</trkpt>
			<trkpt lat="49.498391" lon="18.416154">
				<ele>563.000000</ele>
			</trkpt>
			<trkpt lat="49.498596" lon="18.415967">
				<ele>564.000000</ele>
			</trkpt>
			<trkpt lat="49.498771" lon="18.415814">
				<ele>564.000000</ele>
			</trkpt>
			<trkpt lat="49.498928" lon="18.415724">
				<ele>564.000000</ele>
			</trkpt>
			<trkpt lat="49.498998" lon="18.415706">
				<ele>565.000000</ele>
			</trkpt>
			<trkpt lat="49.499080" lon="18.415678">
				<ele>565.000000</ele>
			</trkpt>
			<trkpt lat="49.499237" lon="18.415678">
				<ele>565.000000</ele>
			</trkpt>
			<trkpt lat="49.499371" lon="18.415697">
				<ele>565.000000</ele>
			</trkpt>
			<trkpt lat="49.499499" lon="18.415751">
				<ele>565.000000</ele>
			</trkpt>
			<trkpt lat="49.499890" lon="18.415921">
				<ele>566.000000</ele>
			</trkpt>
			<trkpt lat="49.500071" lon="18.415984">
				<ele>566.000000</ele>
			</trkpt>
			<trkpt lat="49.500270" lon="18.416038">
				<ele>567.000000</ele>
			</trkpt>
			<trkpt lat="49.500439" lon="18.416083">
				<ele>567.000000</ele>
			</trkpt>
			<trkpt lat="49.500608" lon="18.416101">
				<ele>567.000000</ele>
			</trkpt>
			<trkpt lat="49.500760" lon="18.416101">
				<ele>568.000000</ele>
			</trkpt>
			<trkpt lat="49.500912" lon="18.416083">
				<ele>568.000000</ele>
			</trkpt>
			<trkpt lat="49.501087" lon="18.416056">
				<ele>568.000000</ele>
			</trkpt>
			<trkpt lat="49.501320" lon="18.416003">
				<ele>568.000000</ele>
			</trkpt>
			<trkpt lat="49.501839" lon="18.415886">
				<ele>569.000000</ele>
			</trkpt>
			<trkpt lat="49.502166" lon="18.415814">
				<ele>570.000000</ele>
			</trkpt>
			<trkpt lat="49.502452" lon="18.415778">
				<ele>570.000000</ele>
			</trkpt>
			<trkpt lat="49.502749" lon="18.415760">
				<ele>571.000000</ele>
			</trkpt>
			<trkpt lat="49.503682" lon="18.415778">
				<ele>573.000000</ele>
			</trkpt>
			<trkpt lat="49.503846" lon="18.415796">
				<ele>573.000000</ele>
			</trkpt>
			<trkpt lat="49.504015" lon="18.415831">
				<ele>573.000000</ele>
			</trkpt>
			<trkpt lat="49.504161" lon="18.415894">
				<ele>574.000000</ele>
			</trkpt>
			<trkpt lat="49.504283" lon="18.415984">
				<ele>574.000000</ele>
			</trkpt>
			<trkpt lat="49.504395" lon="18.416110">
				<ele>574.000000</ele>
			</trkpt>
			<trkpt lat="49.504505" lon="18.416263">
				<ele>574.000000</ele>
			</trkpt>
			<trkpt lat="49.504598" lon="18.416443">
				<ele>575.000000</ele>
			</trkpt>
			<trkpt lat="49.504704" lon="18.416667">
				<ele>575.000000</ele>
			</trkpt>
			<trkpt lat="49.504855" lon="18.417035">
				<ele>574.000000</ele>
			</trkpt>
			<trkpt lat="49.505013" lon="18.417368">
				<ele>574.000000</ele>
			</trkpt>
			<trkpt lat="49.505089" lon="18.417512">
				<ele>574.000000</ele>
			</trkpt>
			<trkpt lat="49.505158" lon="18.417611">
				<ele>573.000000</ele>
			</trkpt>
			<trkpt lat="49.505229" lon="18.417701">
				<ele>573.000000</ele>
			</trkpt>
			<trkpt lat="49.505311" lon="18.417762">
				<ele>573.000000</ele>
			</trkpt>
			<trkpt lat="49.505380" lon="18.417817">
				<ele>573.000000</ele>
			</trkpt>
			<trkpt lat="49.505479" lon="18.417852">
				<ele>573.000000</ele>
			</trkpt>
			<trkpt lat="49.505573" lon="18.417888">
				<ele>572.000000</ele>
			</trkpt>
			<trkpt lat="49.505701" lon="18.417898">
				<ele>572.000000</ele>
			</trkpt>
			<trkpt lat="49.505823" lon="18.417907">
				<ele>572.000000</ele>
			</trkpt>
			<trkpt lat="49.505970" lon="18.417862">
				<ele>571.000000</ele>
			</trkpt>
			<trkpt lat="49.506074" lon="18.417799">
				<ele>571.000000</ele>
			</trkpt>
			<trkpt lat="49.506191" lon="18.417701">
				<ele>571.000000</ele>
			</trkpt>
			<trkpt lat="49.506296" lon="18.417565">
				<ele>571.000000</ele>
			</trkpt>
			<trkpt lat="49.506407" lon="18.417376">
				<ele>570.000000</ele>
			</trkpt>
			<trkpt lat="49.506512" lon="18.417170">
				<ele>569.000000</ele>
			</trkpt>
			<trkpt lat="49.506646" lon="18.416873">
				<ele>564.000000</ele>
			</trkpt>
			<trkpt lat="49.506804" lon="18.416523">
				<ele>561.000000</ele>
			</trkpt>
			<trkpt lat="49.506921" lon="18.416299">
				<ele>560.000000</ele>
			</trkpt>
			<trkpt lat="49.507031" lon="18.416065">
				<ele>558.000000</ele>
			</trkpt>
			<trkpt lat="49.507177" lon="18.415831">
				<ele>557.000000</ele>
			</trkpt>
			<trkpt lat="49.507410" lon="18.415491">
				<ele>554.000000</ele>
			</trkpt>
			<trkpt lat="49.507679" lon="18.415122">
				<ele>551.000000</ele>
			</trkpt>
			<trkpt lat="49.507924" lon="18.414835">
				<ele>550.000000</ele>
			</trkpt>
			<trkpt lat="49.508209" lon="18.414520">
				<ele>548.000000</ele>
			</trkpt>
			<trkpt lat="49.508518" lon="18.414242">
				<ele>546.000000</ele>
			</trkpt>
			<trkpt lat="49.508834" lon="18.413972">
				<ele>544.000000</ele>
			</trkpt>
			<trkpt lat="49.509207" lon="18.413667">
				<ele>540.000000</ele>
			</trkpt>
			<trkpt lat="49.509790" lon="18.413217">
				<ele>534.000000</ele>
			</trkpt>
			<trkpt lat="49.510269" lon="18.412885">
				<ele>533.000000</ele>
			</trkpt>
			<trkpt lat="49.510496" lon="18.412741">
				<ele>532.000000</ele>
			</trkpt>
			<trkpt lat="49.510694" lon="18.412634">
				<ele>531.000000</ele>
			</trkpt>
			<trkpt lat="49.510916" lon="18.412525">
				<ele>530.000000</ele>
			</trkpt>
			<trkpt lat="49.511144" lon="18.412418">
				<ele>528.000000</ele>
			</trkpt>
			<trkpt lat="49.511388" lon="18.412328">
				<ele>526.000000</ele>
			</trkpt>
			<trkpt lat="49.511616" lon="18.412256">
				<ele>524.000000</ele>
			</trkpt>
			<trkpt lat="49.512800" lon="18.411870">
				<ele>514.000000</ele>
			</trkpt>
			<trkpt lat="49.513605" lon="18.411583">
				<ele>508.000000</ele>
			</trkpt>
			<trkpt lat="49.514002" lon="18.411412">
				<ele>505.000000</ele>
			</trkpt>
			<trkpt lat="49.514339" lon="18.411214">
				<ele>502.000000</ele>
			</trkpt>
			<trkpt lat="49.514491" lon="18.411106">
				<ele>501.000000</ele>
			</trkpt>
			<trkpt lat="49.514666" lon="18.410980">
				<ele>499.000000</ele>
			</trkpt>
			<trkpt lat="49.515022" lon="18.410667">
				<ele>496.000000</ele>
			</trkpt>
			<trkpt lat="49.515937" lon="18.409822">
				<ele>489.000000</ele>
			</trkpt>
			<trkpt lat="49.516812" lon="18.408996">
				<ele>481.000000</ele>
			</trkpt>
			<trkpt lat="49.518714" lon="18.407172">
				<ele>464.000000</ele>
			</trkpt>
			<trkpt lat="49.519647" lon="18.406219">
				<ele>456.000000</ele>
			</trkpt>
			<trkpt lat="49.519647" lon="18.406219">
				<ele>456.000000</ele>
			</trkpt>
			<trkpt lat="49.519658" lon="18.406210">
				<ele>456.000000</ele>
			</trkpt>
			<trkpt lat="49.520726" lon="18.405114">
				<ele>449.000000</ele>
			</trkpt>
			<trkpt lat="49.520965" lon="18.404881">
				<ele>448.000000</ele>
			</trkpt>
			<trkpt lat="49.521227" lon="18.404675">
				<ele>447.000000</ele>
			</trkpt>
			<trkpt lat="49.521490" lon="18.404512">
				<ele>446.000000</ele>
			</trkpt>
			<trkpt lat="49.521734" lon="18.404396">
				<ele>445.000000</ele>
			</trkpt>
			<trkpt lat="49.521956" lon="18.404315">
				<ele>445.000000</ele>
			</trkpt>
			<trkpt lat="49.522149" lon="18.404252">
				<ele>444.000000</ele>
			</trkpt>
			<trkpt lat="49.522324" lon="18.404244">
				<ele>444.000000</ele>
			</trkpt>
			<trkpt lat="49.522516" lon="18.404244">
				<ele>443.000000</ele>
			</trkpt>
			<trkpt lat="49.522755" lon="18.404288">
				<ele>443.000000</ele>
			</trkpt>
			<trkpt lat="49.522941" lon="18.404325">
				<ele>442.000000</ele>
			</trkpt>
			<trkpt lat="49.523070" lon="18.404378">
				<ele>442.000000</ele>
			</trkpt>
			<trkpt lat="49.523356" lon="18.404495">
				<ele>441.000000</ele>
			</trkpt>
			<trkpt lat="49.523513" lon="18.404548">
				<ele>441.000000</ele>
			</trkpt>
			<trkpt lat="49.523641" lon="18.404567">
				<ele>441.000000</ele>
			</trkpt>
			<trkpt lat="49.523758" lon="18.404558">
				<ele>440.000000</ele>
			</trkpt>
			<trkpt lat="49.523875" lon="18.404531">
				<ele>440.000000</ele>
			</trkpt>
			<trkpt lat="49.523991" lon="18.404477">
				<ele>440.000000</ele>
			</trkpt>
			<trkpt lat="49.524113" lon="18.404405">
				<ele>439.000000</ele>
			</trkpt>
			<trkpt lat="49.524260" lon="18.404288">
				<ele>439.000000</ele>
			</trkpt>
			<trkpt lat="49.524417" lon="18.404154">
				<ele>438.000000</ele>
			</trkpt>
			<trkpt lat="49.525449" lon="18.403210">
				<ele>435.000000</ele>
			</trkpt>
			<trkpt lat="49.525536" lon="18.403139">
				<ele>435.000000</ele>
			</trkpt>
			<trkpt lat="49.526014" lon="18.402690">
				<ele>435.000000</ele>
			</trkpt>
			<trkpt lat="49.526627" lon="18.402132">
				<ele>435.000000</ele>
			</trkpt>
			<trkpt lat="49.527373" lon="18.401441">
				<ele>434.000000</ele>
			</trkpt>
			<trkpt lat="49.528347" lon="18.400551">
				<ele>432.000000</ele>
			</trkpt>
			<trkpt lat="49.528312" lon="18.400497">
				<ele>431.000000</ele>
			</trkpt>
			<trkpt lat="49.528662" lon="18.400193">
				<ele>431.000000</ele>
			</trkpt>
			<trkpt lat="49.529105" lon="18.399788">
				<ele>430.000000</ele>
			</trkpt>
			<trkpt lat="49.530271" lon="18.398709">
				<ele>429.000000</ele>
			</trkpt>
			<trkpt lat="49.530778" lon="18.398252">
				<ele>428.000000</ele>
			</trkpt>
			<trkpt lat="49.530854" lon="18.398198">
				<ele>428.000000</ele>
			</trkpt>
			<trkpt lat="49.531507" lon="18.397623">
				<ele>427.000000</ele>
			</trkpt>
			<trkpt lat="49.533291" lon="18.396059">
				<ele>424.000000</ele>
			</trkpt>
			<trkpt lat="49.534335" lon="18.395134">
				<ele>423.000000</ele>
			</trkpt>
			<trkpt lat="49.534813" lon="18.394740">
				<ele>422.000000</ele>
			</trkpt>
			<trkpt lat="49.534941" lon="18.394640">
				<ele>422.000000</ele>
			</trkpt>
			<trkpt lat="49.535349" lon="18.394290">
				<ele>422.000000</ele>
			</trkpt>
			<trkpt lat="49.535460" lon="18.394209">
				<ele>421.000000</ele>
			</trkpt>
			<trkpt lat="49.535617" lon="18.394101">
				<ele>421.000000</ele>
			</trkpt>
			<trkpt lat="49.535775" lon="18.394002">
				<ele>421.000000</ele>
			</trkpt>
			<trkpt lat="49.536119" lon="18.393832">
				<ele>421.000000</ele>
			</trkpt>
			<trkpt lat="49.536078" lon="18.393778">
				<ele>422.000000</ele>
			</trkpt>
			<trkpt lat="49.536025" lon="18.393732">
				<ele>423.000000</ele>
			</trkpt>
			<trkpt lat="49.535955" lon="18.393671">
				<ele>425.000000</ele>
			</trkpt>
			<trkpt lat="49.535810" lon="18.393562">
				<ele>426.000000</ele>
			</trkpt>
			<trkpt lat="49.535739" lon="18.393491">
				<ele>426.000000</ele>
			</trkpt>
			<trkpt lat="49.535676" lon="18.393401">
				<ele>427.000000</ele>
			</trkpt>
			<trkpt lat="49.535553" lon="18.392916">
				<ele>429.000000</ele>
			</trkpt>
			<trkpt lat="49.535454" lon="18.392583">
				<ele>431.000000</ele>
			</trkpt>
			<trkpt lat="49.535338" lon="18.392287">
				<ele>432.000000</ele>
			</trkpt>
			<trkpt lat="49.535250" lon="18.392116">
				<ele>433.000000</ele>
			</trkpt>
			<trkpt lat="49.535174" lon="18.391990">
				<ele>434.000000</ele>
			</trkpt>
			<trkpt lat="49.534976" lon="18.391604">
				<ele>436.000000</ele>
			</trkpt>
			<trkpt lat="49.534988" lon="18.391550">
				<ele>437.000000</ele>
			</trkpt>
			<trkpt lat="49.534994" lon="18.391478">
				<ele>437.000000</ele>
			</trkpt>
			<trkpt lat="49.534976" lon="18.391325">
				<ele>438.000000</ele>
			</trkpt>
			<trkpt lat="49.534918" lon="18.390958">
				<ele>440.000000</ele>
			</trkpt>
			<trkpt lat="49.534883" lon="18.390832">
				<ele>441.000000</ele>
			</trkpt>
			<trkpt lat="49.534842" lon="18.390706">
				<ele>442.000000</ele>
			</trkpt>
			<trkpt lat="49.534778" lon="18.390553">
				<ele>443.000000</ele>
			</trkpt>
			<trkpt lat="49.534690" lon="18.390346">
				<ele>444.000000</ele>
			</trkpt>
			<trkpt lat="49.534469" lon="18.389951">
				<ele>447.000000</ele>
			</trkpt>
			<trkpt lat="49.534090" lon="18.389314">
				<ele>451.000000</ele>
			</trkpt>
			<trkpt lat="49.533997" lon="18.389124">
				<ele>452.000000</ele>
			</trkpt>
			<trkpt lat="49.533921" lon="18.388945">
				<ele>453.000000</ele>
			</trkpt>
			<trkpt lat="49.533833" lon="18.388675">
				<ele>455.000000</ele>
			</trkpt>
			<trkpt lat="49.533659" lon="18.388119">
				<ele>458.000000</ele>
			</trkpt>
			<trkpt lat="49.533571" lon="18.387840">
				<ele>459.000000</ele>
			</trkpt>
			<trkpt lat="49.533478" lon="18.387616">
				<ele>460.000000</ele>
			</trkpt>
			<trkpt lat="49.533385" lon="18.387400">
				<ele>462.000000</ele>
			</trkpt>
			<trkpt lat="49.533274" lon="18.387193">
				<ele>463.000000</ele>
			</trkpt>
			<trkpt lat="49.533169" lon="18.387023">
				<ele>464.000000</ele>
			</trkpt>
			<trkpt lat="49.533058" lon="18.386853">
				<ele>465.000000</ele>
			</trkpt>
			<trkpt lat="49.532644" lon="18.386287">
				<ele>470.000000</ele>
			</trkpt>
			<trkpt lat="49.532417" lon="18.385935">
				<ele>472.000000</ele>
			</trkpt>
			<trkpt lat="49.531840" lon="18.385145">
				<ele>479.000000</ele>
			</trkpt>
			<trkpt lat="49.531624" lon="18.384903">
				<ele>481.000000</ele>
			</trkpt>
			<trkpt lat="49.531396" lon="18.384650">
				<ele>482.000000</ele>
			</trkpt>
			<trkpt lat="49.531303" lon="18.384714">
				<ele>482.000000</ele>
			</trkpt>
			<trkpt lat="49.531163" lon="18.384795">
				<ele>483.000000</ele>
			</trkpt>
			<trkpt lat="49.531064" lon="18.384849">
				<ele>484.000000</ele>
			</trkpt>
			<trkpt lat="49.530983" lon="18.384866">
				<ele>484.000000</ele>
			</trkpt>
			<trkpt lat="49.530912" lon="18.384893">
				<ele>484.000000</ele>
			</trkpt>
			<trkpt lat="49.530819" lon="18.384885">
				<ele>485.000000</ele>
			</trkpt>
			<trkpt lat="49.530685" lon="18.384849">
				<ele>486.000000</ele>
			</trkpt>
			<trkpt lat="49.530592" lon="18.384803">
				<ele>487.000000</ele>
			</trkpt>
			<trkpt lat="49.530510" lon="18.384723">
				<ele>488.000000</ele>
			</trkpt>
			<trkpt lat="49.530417" lon="18.384606">
				<ele>490.000000</ele>
			</trkpt>
			<trkpt lat="49.530347" lon="18.384516">
				<ele>491.000000</ele>
			</trkpt>
			<trkpt lat="49.530260" lon="18.384436">
				<ele>492.000000</ele>
			</trkpt>
			<trkpt lat="49.530108" lon="18.384300">
				<ele>495.000000</ele>
			</trkpt>
			<trkpt lat="49.529933" lon="18.384203">
				<ele>497.000000</ele>
			</trkpt>
			<trkpt lat="49.529648" lon="18.384094">
				<ele>500.000000</ele>
			</trkpt>
			<trkpt lat="49.529473" lon="18.384031">
				<ele>501.000000</ele>
			</trkpt>
			<trkpt lat="49.529321" lon="18.383924">
				<ele>502.000000</ele>
			</trkpt>
			<trkpt lat="49.529198" lon="18.383788">
				<ele>504.000000</ele>
			</trkpt>
			<trkpt lat="49.529070" lon="18.383600">
				<ele>505.000000</ele>
			</trkpt>
			<trkpt lat="49.528475" lon="18.382666">
				<ele>511.000000</ele>
			</trkpt>
			<trkpt lat="49.528347" lon="18.382505">
				<ele>512.000000</ele>
			</trkpt>
			<trkpt lat="49.528178" lon="18.382325">
				<ele>514.000000</ele>
			</trkpt>
			<trkpt lat="49.527985" lon="18.382163">
				<ele>517.000000</ele>
			</trkpt>
			<trkpt lat="49.527641" lon="18.381903">
				<ele>522.000000</ele>
			</trkpt>
			<trkpt lat="49.527327" lon="18.381633">
				<ele>525.000000</ele>
			</trkpt>
			<trkpt lat="49.527012" lon="18.381345">
				<ele>529.000000</ele>
			</trkpt>
			<trkpt lat="49.526808" lon="18.381184">
				<ele>531.000000</ele>
			</trkpt>
			<trkpt lat="49.526615" lon="18.381040">
				<ele>534.000000</ele>
			</trkpt>
			<trkpt lat="49.526446" lon="18.380950">
				<ele>536.000000</ele>
			</trkpt>
			<trkpt lat="49.526073" lon="18.380752">
				<ele>540.000000</ele>
			</trkpt>
			<trkpt lat="49.525915" lon="18.380662">
				<ele>542.000000</ele>
			</trkpt>
			<trkpt lat="49.525746" lon="18.380537">
				<ele>543.000000</ele>
			</trkpt>
			<trkpt lat="49.525618" lon="18.380375">
				<ele>544.000000</ele>
			</trkpt>
			<trkpt lat="49.525367" lon="18.380042">
				<ele>547.000000</ele>
			</trkpt>
			<trkpt lat="49.525262" lon="18.379908">
				<ele>548.000000</ele>
			</trkpt>
			<trkpt lat="49.525175" lon="18.379827">
				<ele>549.000000</ele>
			</trkpt>
			<trkpt lat="49.525070" lon="18.379746">
				<ele>550.000000</ele>
			</trkpt>
			<trkpt lat="49.524982" lon="18.379702">
				<ele>551.000000</ele>
			</trkpt>
			<trkpt lat="49.524883" lon="18.379666">
				<ele>552.000000</ele>
			</trkpt>
			<trkpt lat="49.524784" lon="18.379656">
				<ele>553.000000</ele>
			</trkpt>
			<trkpt lat="49.524667" lon="18.379675">
				<ele>554.000000</ele>
			</trkpt>
			<trkpt lat="49.524569" lon="18.379729">
				<ele>555.000000</ele>
			</trkpt>
			<trkpt lat="49.524359" lon="18.379836">
				<ele>557.000000</ele>
			</trkpt>
			<trkpt lat="49.524236" lon="18.379855">
				<ele>558.000000</ele>
			</trkpt>
			<trkpt lat="49.524131" lon="18.379836">
				<ele>559.000000</ele>
			</trkpt>
			<trkpt lat="49.524085" lon="18.379800">
				<ele>560.000000</ele>
			</trkpt>
			<trkpt lat="49.524050" lon="18.379773">
				<ele>560.000000</ele>
			</trkpt>
			<trkpt lat="49.524009" lon="18.379710">
				<ele>560.000000</ele>
			</trkpt>
			<trkpt lat="49.523985" lon="18.379656">
				<ele>561.000000</ele>
			</trkpt>
			<trkpt lat="49.523933" lon="18.379513">
				<ele>561.000000</ele>
			</trkpt>
			<trkpt lat="49.523938" lon="18.379379">
				<ele>561.000000</ele>
			</trkpt>
			<trkpt lat="49.523968" lon="18.379253">
				<ele>562.000000</ele>
			</trkpt>
			<trkpt lat="49.524009" lon="18.379163">
				<ele>562.000000</ele>
			</trkpt>
			<trkpt lat="49.524044" lon="18.379100">
				<ele>562.000000</ele>
			</trkpt>
			<trkpt lat="49.524091" lon="18.379046">
				<ele>563.000000</ele>
			</trkpt>
			<trkpt lat="49.524149" lon="18.378992">
				<ele>563.000000</ele>
			</trkpt>
			<trkpt lat="49.524283" lon="18.378903">
				<ele>564.000000</ele>
			</trkpt>
			<trkpt lat="49.524510" lon="18.378785">
				<ele>565.000000</ele>
			</trkpt>
			<trkpt lat="49.524650" lon="18.378723">
				<ele>565.000000</ele>
			</trkpt>
			<trkpt lat="49.524779" lon="18.378704">
				<ele>566.000000</ele>
			</trkpt>
			<trkpt lat="49.524918" lon="18.378713">
				<ele>568.000000</ele>
			</trkpt>
			<trkpt lat="49.525146" lon="18.378758">
				<ele>570.000000</ele>
			</trkpt>
			<trkpt lat="49.525222" lon="18.378758">
				<ele>570.000000</ele>
			</trkpt>
			<trkpt lat="49.525298" lon="18.378740">
				<ele>571.000000</ele>
			</trkpt>
			<trkpt lat="49.525367" lon="18.378687">
				<ele>571.000000</ele>
			</trkpt>
			<trkpt lat="49.525490" lon="18.378597">
				<ele>572.000000</ele>
			</trkpt>
			<trkpt lat="49.525717" lon="18.378453">
				<ele>574.000000</ele>
			</trkpt>
			<trkpt lat="49.525956" lon="18.378274">
				<ele>576.000000</ele>
			</trkpt>
			<trkpt lat="49.526143" lon="18.378138">
				<ele>578.000000</ele>
			</trkpt>
			<trkpt lat="49.526207" lon="18.378084">
				<ele>579.000000</ele>
			</trkpt>
			<trkpt lat="49.526254" lon="18.378031">
				<ele>580.000000</ele>
			</trkpt>
			<trkpt lat="49.526336" lon="18.377895">
				<ele>581.000000</ele>
			</trkpt>
			<trkpt lat="49.526399" lon="18.377734">
				<ele>582.000000</ele>
			</trkpt>
			<trkpt lat="49.526516" lon="18.377375">
				<ele>584.000000</ele>
			</trkpt>
			<trkpt lat="49.526633" lon="18.376979">
				<ele>586.000000</ele>
			</trkpt>
			<trkpt lat="49.526720" lon="18.376737">
				<ele>587.000000</ele>
			</trkpt>
			<trkpt lat="49.526837" lon="18.376494">
				<ele>589.000000</ele>
			</trkpt>
			<trkpt lat="49.526971" lon="18.376270">
				<ele>590.000000</ele>
			</trkpt>
			<trkpt lat="49.527461" lon="18.375471">
				<ele>595.000000</ele>
			</trkpt>
			<trkpt lat="49.527915" lon="18.374662">
				<ele>599.000000</ele>
			</trkpt>
			<trkpt lat="49.527991" lon="18.374492">
				<ele>600.000000</ele>
			</trkpt>
			<trkpt lat="49.528056" lon="18.374285">
				<ele>601.000000</ele>
			</trkpt>
			<trkpt lat="49.528097" lon="18.374079">
				<ele>601.000000</ele>
			</trkpt>
			<trkpt lat="49.528102" lon="18.373863">
				<ele>602.000000</ele>
			</trkpt>
			<trkpt lat="49.528097" lon="18.373664">
				<ele>603.000000</ele>
			</trkpt>
			<trkpt lat="49.528108" lon="18.373458">
				<ele>604.000000</ele>
			</trkpt>
			<trkpt lat="49.528119" lon="18.373278">
				<ele>605.000000</ele>
			</trkpt>
			<trkpt lat="49.528143" lon="18.373098">
				<ele>605.000000</ele>
			</trkpt>
			<trkpt lat="49.528184" lon="18.372910">
				<ele>606.000000</ele>
			</trkpt>
			<trkpt lat="49.528201" lon="18.372857">
				<ele>606.000000</ele>
			</trkpt>
			<trkpt lat="49.528231" lon="18.372802">
				<ele>607.000000</ele>
			</trkpt>
			<trkpt lat="49.528259" lon="18.372748">
				<ele>607.000000</ele>
			</trkpt>
			<trkpt lat="49.528306" lon="18.372731">
				<ele>607.000000</ele>
			</trkpt>
			<trkpt lat="49.528481" lon="18.372614">
				<ele>608.000000</ele>
			</trkpt>
			<trkpt lat="49.528545" lon="18.372560">
				<ele>609.000000</ele>
			</trkpt>
			<trkpt lat="49.528656" lon="18.372434">
				<ele>610.000000</ele>
			</trkpt>
			<trkpt lat="49.528744" lon="18.372318">
				<ele>610.000000</ele>
			</trkpt>
			<trkpt lat="49.528837" lon="18.372182">
				<ele>611.000000</ele>
			</trkpt>
			<trkpt lat="49.528919" lon="18.372021">
				<ele>612.000000</ele>
			</trkpt>
			<trkpt lat="49.528988" lon="18.371859">
				<ele>612.000000</ele>
			</trkpt>
			<trkpt lat="49.529047" lon="18.371725">
				<ele>613.000000</ele>
			</trkpt>
			<trkpt lat="49.529076" lon="18.371589">
				<ele>613.000000</ele>
			</trkpt>
			<trkpt lat="49.529099" lon="18.371455">
				<ele>614.000000</ele>
			</trkpt>
			<trkpt lat="49.529088" lon="18.371302">
				<ele>614.000000</ele>
			</trkpt>
			<trkpt lat="49.529053" lon="18.371176">
				<ele>614.000000</ele>
			</trkpt>
			<trkpt lat="49.529012" lon="18.371077">
				<ele>615.000000</ele>
			</trkpt>
			<trkpt lat="49.528954" lon="18.370943">
				<ele>616.000000</ele>
			</trkpt>
			<trkpt lat="49.528772" lon="18.370601">
				<ele>620.000000</ele>
			</trkpt>
			<trkpt lat="49.528621" lon="18.370287">
				<ele>624.000000</ele>
			</trkpt>
			<trkpt lat="49.528294" lon="18.369523">
				<ele>631.000000</ele>
			</trkpt>
			<trkpt lat="49.528201" lon="18.369308">
				<ele>634.000000</ele>
			</trkpt>
			<trkpt lat="49.528102" lon="18.369173">
				<ele>635.000000</ele>
			</trkpt>
			<trkpt lat="49.527991" lon="18.369083">
				<ele>637.000000</ele>
			</trkpt>
			<trkpt lat="49.527793" lon="18.368985">
				<ele>640.000000</ele>
			</trkpt>
			<trkpt lat="49.527600" lon="18.368895">
				<ele>642.000000</ele>
			</trkpt>
			<trkpt lat="49.527321" lon="18.368787">
				<ele>646.000000</ele>
			</trkpt>
			<trkpt lat="49.527216" lon="18.368742">
				<ele>647.000000</ele>
			</trkpt>
			<trkpt lat="49.527111" lon="18.368661">
				<ele>648.000000</ele>
			</trkpt>
			<trkpt lat="49.527012" lon="18.368599">
				<ele>649.000000</ele>
			</trkpt>
			<trkpt lat="49.526936" lon="18.368517">
				<ele>650.000000</ele>
			</trkpt>
			<trkpt lat="49.526796" lon="18.368337">
				<ele>652.000000</ele>
			</trkpt>
			<trkpt lat="49.526691" lon="18.368194">
				<ele>653.000000</ele>
			</trkpt>
			<trkpt lat="49.526615" lon="18.368023">
				<ele>654.000000</ele>
			</trkpt>
			<trkpt lat="49.526533" lon="18.367754">
				<ele>657.000000</ele>
			</trkpt>
			<trkpt lat="49.526452" lon="18.367475">
				<ele>659.000000</ele>
			</trkpt>
			<trkpt lat="49.526382" lon="18.367161">
				<ele>661.000000</ele>
			</trkpt>
			<trkpt lat="49.526312" lon="18.366838">
				<ele>663.000000</ele>
			</trkpt>
			<trkpt lat="49.526230" lon="18.366433">
				<ele>666.000000</ele>
			</trkpt>
			<trkpt lat="49.526172" lon="18.366083">
				<ele>669.000000</ele>
			</trkpt>
			<trkpt lat="49.526114" lon="18.365886">
				<ele>670.000000</ele>
			</trkpt>
			<trkpt lat="49.526038" lon="18.365687">
				<ele>672.000000</ele>
			</trkpt>
			<trkpt lat="49.525921" lon="18.365400">
				<ele>675.000000</ele>
			</trkpt>
			<trkpt lat="49.525869" lon="18.365293">
				<ele>676.000000</ele>
			</trkpt>
			<trkpt lat="49.525647" lon="18.364834">
				<ele>680.000000</ele>
			</trkpt>
			<trkpt lat="49.525530" lon="18.364521">
				<ele>680.000000</ele>
			</trkpt>
			<trkpt lat="49.525443" lon="18.364232">
				<ele>680.000000</ele>
			</trkpt>
			<trkpt lat="49.525391" lon="18.364052">
				<ele>680.000000</ele>
			</trkpt>
			<trkpt lat="49.525326" lon="18.363810">
				<ele>680.000000</ele>
			</trkpt>
			<trkpt lat="49.525268" lon="18.363576">
				<ele>680.000000</ele>
			</trkpt>
			<trkpt lat="49.525140" lon="18.362858">
				<ele>680.000000</ele>
			</trkpt>
			<trkpt lat="49.525006" lon="18.362148">
				<ele>680.000000</ele>
			</trkpt>
			<trkpt lat="49.524610" lon="18.359687">
				<ele>669.000000</ele>
			</trkpt>
			<trkpt lat="49.524323" lon="18.358079">
				<ele>661.000000</ele>
			</trkpt>
			<trkpt lat="49.524271" lon="18.357836">
				<ele>660.000000</ele>
			</trkpt>
			<trkpt lat="49.524189" lon="18.357513">
				<ele>658.000000</ele>
			</trkpt>
			<trkpt lat="49.524091" lon="18.357234">
				<ele>656.000000</ele>
			</trkpt>
			<trkpt lat="49.523974" lon="18.356920">
				<ele>655.000000</ele>
			</trkpt>
			<trkpt lat="49.523810" lon="18.356552">
				<ele>652.000000</ele>
			</trkpt>
			<trkpt lat="49.523472" lon="18.355797">
				<ele>647.000000</ele>
			</trkpt>
			<trkpt lat="49.523268" lon="18.355366">
				<ele>644.000000</ele>
			</trkpt>
			<trkpt lat="49.523151" lon="18.355169">
				<ele>643.000000</ele>
			</trkpt>
			<trkpt lat="49.523047" lon="18.355007">
				<ele>642.000000</ele>
			</trkpt>
			<trkpt lat="49.522784" lon="18.354638">
				<ele>639.000000</ele>
			</trkpt>
			<trkpt lat="49.522446" lon="18.354217">
				<ele>636.000000</ele>
			</trkpt>
			<trkpt lat="49.522067" lon="18.353776">
				<ele>633.000000</ele>
			</trkpt>
			<trkpt lat="49.521758" lon="18.353435">
				<ele>630.000000</ele>
			</trkpt>
			<trkpt lat="49.521466" lon="18.353076">
				<ele>628.000000</ele>
			</trkpt>
			<trkpt lat="49.521169" lon="18.352752">
				<ele>625.000000</ele>
			</trkpt>
			<trkpt lat="49.520177" lon="18.351773">
				<ele>617.000000</ele>
			</trkpt>
			<trkpt lat="49.520020" lon="18.351620">
				<ele>616.000000</ele>
			</trkpt>
			<trkpt lat="49.519909" lon="18.351539">
				<ele>615.000000</ele>
			</trkpt>
			<trkpt lat="49.519810" lon="18.351485">
				<ele>614.000000</ele>
			</trkpt>
			<trkpt lat="49.519600" lon="18.351387">
				<ele>613.000000</ele>
			</trkpt>
			<trkpt lat="49.519420" lon="18.351341">
				<ele>611.000000</ele>
			</trkpt>
			<trkpt lat="49.519291" lon="18.351297">
				<ele>610.000000</ele>
			</trkpt>
			<trkpt lat="49.519186" lon="18.351242">
				<ele>610.000000</ele>
			</trkpt>
			<trkpt lat="49.519076" lon="18.351152">
				<ele>609.000000</ele>
			</trkpt>
			<trkpt lat="49.518953" lon="18.350955">
				<ele>608.000000</ele>
			</trkpt>
			<trkpt lat="49.518877" lon="18.350785">
				<ele>607.000000</ele>
			</trkpt>
			<trkpt lat="49.518819" lon="18.350596">
				<ele>606.000000</ele>
			</trkpt>
			<trkpt lat="49.518772" lon="18.350372">
				<ele>605.000000</ele>
			</trkpt>
			<trkpt lat="49.518772" lon="18.350372">
				<ele>605.000000</ele>
			</trkpt>
			<trkpt lat="49.518766" lon="18.350336">
				<ele>605.000000</ele>
			</trkpt>
			<trkpt lat="49.518626" lon="18.349743">
				<ele>602.000000</ele>
			</trkpt>
			<trkpt lat="49.518614" lon="18.349617">
				<ele>602.000000</ele>
			</trkpt>
			<trkpt lat="49.518626" lon="18.349491">
				<ele>601.000000</ele>
			</trkpt>
			<trkpt lat="49.518667" lon="18.349374">
				<ele>600.000000</ele>
			</trkpt>
			<trkpt lat="49.518731" lon="18.349267">
				<ele>600.000000</ele>
			</trkpt>
			<trkpt lat="49.518865" lon="18.349068">
				<ele>598.000000</ele>
			</trkpt>
			<trkpt lat="49.518941" lon="18.348917">
				<ele>597.000000</ele>
			</trkpt>
			<trkpt lat="49.519005" lon="18.348754">
				<ele>596.000000</ele>
			</trkpt>
			<trkpt lat="49.519070" lon="18.348539">
				<ele>595.000000</ele>
			</trkpt>
			<trkpt lat="49.519087" lon="18.348422">
				<ele>594.000000</ele>
			</trkpt>
			<trkpt lat="49.519104" lon="18.348296">
				<ele>594.000000</ele>
			</trkpt>
			<trkpt lat="49.519087" lon="18.348171">
				<ele>593.000000</ele>
			</trkpt>
			<trkpt lat="49.519070" lon="18.347963">
				<ele>592.000000</ele>
			</trkpt>
			<trkpt lat="49.519035" lon="18.347766">
				<ele>592.000000</ele>
			</trkpt>
			<trkpt lat="49.519023" lon="18.347596">
				<ele>591.000000</ele>
			</trkpt>
			<trkpt lat="49.519017" lon="18.347173">
				<ele>589.000000</ele>
			</trkpt>
			<trkpt lat="49.518994" lon="18.346491">
				<ele>586.000000</ele>
			</trkpt>
			<trkpt lat="49.518964" lon="18.346158">
				<ele>585.000000</ele>
			</trkpt>
			<trkpt lat="49.518929" lon="18.345889">
				<ele>584.000000</ele>
			</trkpt>
			<trkpt lat="49.518854" lon="18.345628">
				<ele>583.000000</ele>
			</trkpt>
			<trkpt lat="49.518807" lon="18.345458">
				<ele>582.000000</ele>
			</trkpt>
			<trkpt lat="49.518754" lon="18.345313">
				<ele>582.000000</ele>
			</trkpt>
			<trkpt lat="49.518726" lon="18.345233">
				<ele>581.000000</ele>
			</trkpt>
			<trkpt lat="49.518533" lon="18.344703">
				<ele>579.000000</ele>
			</trkpt>
			<trkpt lat="49.518416" lon="18.344424">
				<ele>577.000000</ele>
			</trkpt>
			<trkpt lat="49.518335" lon="18.344244">
				<ele>576.000000</ele>
			</trkpt>
			<trkpt lat="49.518259" lon="18.344120">
				<ele>575.000000</ele>
			</trkpt>
			<trkpt lat="49.517985" lon="18.343661">
				<ele>572.000000</ele>
			</trkpt>
			<trkpt lat="49.517454" lon="18.342988">
				<ele>567.000000</ele>
			</trkpt>
			<trkpt lat="49.517291" lon="18.342808">
				<ele>565.000000</ele>
			</trkpt>
			<trkpt lat="49.517174" lon="18.342691">
				<ele>564.000000</ele>
			</trkpt>
			<trkpt lat="49.516748" lon="18.342359">
				<ele>561.000000</ele>
			</trkpt>
			<trkpt lat="49.516328" lon="18.342080">
				<ele>557.000000</ele>
			</trkpt>
			<trkpt lat="49.515984" lon="18.341837">
				<ele>554.000000</ele>
			</trkpt>
			<trkpt lat="49.515628" lon="18.341550">
				<ele>551.000000</ele>
			</trkpt>
			<trkpt lat="49.515430" lon="18.341271">
				<ele>548.000000</ele>
			</trkpt>
			<trkpt lat="49.515168" lon="18.340967">
				<ele>545.000000</ele>
			</trkpt>
			<trkpt lat="49.514876" lon="18.340678">
				<ele>542.000000</ele>
			</trkpt>
			<trkpt lat="49.514328" lon="18.340175">
				<ele>536.000000</ele>
			</trkpt>
			<trkpt lat="49.514281" lon="18.340131">
				<ele>535.000000</ele>
			</trkpt>
			<trkpt lat="49.514042" lon="18.339923">
				<ele>533.000000</ele>
			</trkpt>
			<trkpt lat="49.513529" lon="18.339483">
				<ele>528.000000</ele>
			</trkpt>
			<trkpt lat="49.513412" lon="18.339386">
				<ele>527.000000</ele>
			</trkpt>
			<trkpt lat="49.513319" lon="18.339259">
				<ele>526.000000</ele>
			</trkpt>
			<trkpt lat="49.512963" lon="18.338757">
				<ele>521.000000</ele>
			</trkpt>
			<trkpt lat="49.512858" lon="18.338613">
				<ele>520.000000</ele>
			</trkpt>
			<trkpt lat="49.512642" lon="18.338388">
				<ele>518.000000</ele>
			</trkpt>
			<trkpt lat="49.512578" lon="18.338344">
				<ele>518.000000</ele>
			</trkpt>
			<trkpt lat="49.512543" lon="18.338325">
				<ele>518.000000</ele>
			</trkpt>
			<trkpt lat="49.512497" lon="18.338325">
				<ele>517.000000</ele>
			</trkpt>
			<trkpt lat="49.512345" lon="18.338370">
				<ele>517.000000</ele>
			</trkpt>
			<trkpt lat="49.512281" lon="18.338378">
				<ele>516.000000</ele>
			</trkpt>
			<trkpt lat="49.512210" lon="18.338361">
				<ele>516.000000</ele>
			</trkpt>
			<trkpt lat="49.512141" lon="18.338315">
				<ele>515.000000</ele>
			</trkpt>
			<trkpt lat="49.512076" lon="18.338235">
				<ele>515.000000</ele>
			</trkpt>
			<trkpt lat="49.511966" lon="18.338055">
				<ele>514.000000</ele>
			</trkpt>
			<trkpt lat="49.512176" lon="18.337885">
				<ele>513.000000</ele>
			</trkpt>
			<trkpt lat="49.512432" lon="18.337751">
				<ele>513.000000</ele>
			</trkpt>
			<trkpt lat="49.512846" lon="18.337571">
				<ele>512.000000</ele>
			</trkpt>
			<trkpt lat="49.512963" lon="18.337499">
				<ele>512.000000</ele>
			</trkpt>
			<trkpt lat="49.513092" lon="18.337409">
				<ele>511.000000</ele>
			</trkpt>
			<trkpt lat="49.513348" lon="18.337238">
				<ele>511.000000</ele>
			</trkpt>
			<trkpt lat="49.513634" lon="18.337049">
				<ele>510.000000</ele>
			</trkpt>
			<trkpt lat="49.513792" lon="18.336959">
				<ele>510.000000</ele>
			</trkpt>
			<trkpt lat="49.513937" lon="18.336887">
				<ele>509.000000</ele>
			</trkpt>
			<trkpt lat="49.514415" lon="18.336681">
				<ele>508.000000</ele>
			</trkpt>
			<trkpt lat="49.514427" lon="18.336690">
				<ele>508.000000</ele>
			</trkpt>
			<trkpt lat="49.514625" lon="18.336573">
				<ele>507.000000</ele>
			</trkpt>
			<trkpt lat="49.514812" lon="18.336439">
				<ele>507.000000</ele>
			</trkpt>
			<trkpt lat="49.514958" lon="18.336277">
				<ele>506.000000</ele>
			</trkpt>
			<trkpt lat="49.515255" lon="18.336007">
				<ele>505.000000</ele>
			</trkpt>
			<trkpt lat="49.515489" lon="18.335818">
				<ele>504.000000</ele>
			</trkpt>
			<trkpt lat="49.516112" lon="18.335361">
				<ele>502.000000</ele>
			</trkpt>
			<trkpt lat="49.516609" lon="18.335011">
				<ele>500.000000</ele>
			</trkpt>
			<trkpt lat="49.517057" lon="18.334696">
				<ele>498.000000</ele>
			</trkpt>
			<trkpt lat="49.517314" lon="18.334489">
				<ele>496.000000</ele>
			</trkpt>
			<trkpt lat="49.517507" lon="18.334300">
				<ele>495.000000</ele>
			</trkpt>
			<trkpt lat="49.517612" lon="18.334193">
				<ele>495.000000</ele>
			</trkpt>
			<trkpt lat="49.517705" lon="18.334147">
				<ele>495.000000</ele>
			</trkpt>
			<trkpt lat="49.517950" lon="18.334040">
				<ele>495.000000</ele>
			</trkpt>
			<trkpt lat="49.518160" lon="18.333969">
				<ele>495.000000</ele>
			</trkpt>
			<trkpt lat="49.518982" lon="18.333843">
				<ele>492.000000</ele>
			</trkpt>
			<trkpt lat="49.519326" lon="18.333789">
				<ele>491.000000</ele>
			</trkpt>
			<trkpt lat="49.519548" lon="18.333744">
				<ele>491.000000</ele>
			</trkpt>
			<trkpt lat="49.520020" lon="18.333671">
				<ele>489.000000</ele>
			</trkpt>
			<trkpt lat="49.520212" lon="18.333609">
				<ele>489.000000</ele>
			</trkpt>
			<trkpt lat="49.520358" lon="18.333510">
				<ele>489.000000</ele>
			</trkpt>
			<trkpt lat="49.520796" lon="18.333241">
				<ele>488.000000</ele>
			</trkpt>
			<trkpt lat="49.520901" lon="18.333160">
				<ele>487.000000</ele>
			</trkpt>
			<trkpt lat="49.521291" lon="18.332854">
				<ele>487.000000</ele>
			</trkpt>
			<trkpt lat="49.521490" lon="18.332692">
				<ele>486.000000</ele>
			</trkpt>
			<trkpt lat="49.521653" lon="18.332522">
				<ele>486.000000</ele>
			</trkpt>
			<trkpt lat="49.521805" lon="18.332325">
				<ele>485.000000</ele>
			</trkpt>
			<trkpt lat="49.522096" lon="18.331946">
				<ele>485.000000</ele>
			</trkpt>
			<trkpt lat="49.522592" lon="18.331300">
				<ele>485.000000</ele>
			</trkpt>
			<trkpt lat="49.522685" lon="18.331183">
				<ele>485.000000</ele>
			</trkpt>
			<trkpt lat="49.522767" lon="18.331103">
				<ele>485.000000</ele>
			</trkpt>
			<trkpt lat="49.522860" lon="18.331040">
				<ele>485.000000</ele>
			</trkpt>
			<trkpt lat="49.522994" lon="18.330967">
				<ele>485.000000</ele>
			</trkpt>
			<trkpt lat="49.523122" lon="18.330896">
				<ele>485.000000</ele>
			</trkpt>
			<trkpt lat="49.523233" lon="18.330806">
				<ele>485.000000</ele>
			</trkpt>
			<trkpt lat="49.523344" lon="18.330717">
				<ele>484.000000</ele>
			</trkpt>
			<trkpt lat="49.523490" lon="18.330545">
				<ele>484.000000</ele>
			</trkpt>
			<trkpt lat="49.523548" lon="18.330483">
				<ele>484.000000</ele>
			</trkpt>
			<trkpt lat="49.523612" lon="18.330447">
				<ele>484.000000</ele>
			</trkpt>
			<trkpt lat="49.523665" lon="18.330401">
				<ele>484.000000</ele>
			</trkpt>
			<trkpt lat="49.523729" lon="18.330384">
				<ele>483.000000</ele>
			</trkpt>
			<trkpt lat="49.523787" lon="18.330384">
				<ele>483.000000</ele>
			</trkpt>
			<trkpt lat="49.523845" lon="18.330393">
				<ele>483.000000</ele>
			</trkpt>
			<trkpt lat="49.523979" lon="18.330438">
				<ele>483.000000</ele>
			</trkpt>
			<trkpt lat="49.524096" lon="18.330474">
				<ele>483.000000</ele>
			</trkpt>
			<trkpt lat="49.524225" lon="18.330483">
				<ele>482.000000</ele>
			</trkpt>
			<trkpt lat="49.524341" lon="18.330438">
				<ele>482.000000</ele>
			</trkpt>
			<trkpt lat="49.524504" lon="18.330365">
				<ele>482.000000</ele>
			</trkpt>
			<trkpt lat="49.524889" lon="18.330187">
				<ele>481.000000</ele>
			</trkpt>
			<trkpt lat="49.525070" lon="18.330069">
				<ele>480.000000</ele>
			</trkpt>
			<trkpt lat="49.524738" lon="18.329413">
				<ele>483.000000</ele>
			</trkpt>
			<trkpt lat="49.524604" lon="18.329117">
				<ele>484.000000</ele>
			</trkpt>
			<trkpt lat="49.524301" lon="18.328371">
				<ele>488.000000</ele>
			</trkpt>
			<trkpt lat="49.524225" lon="18.328174">
				<ele>489.000000</ele>
			</trkpt>
			<trkpt lat="49.524166" lon="18.328004">
				<ele>490.000000</ele>
			</trkpt>
			<trkpt lat="49.524126" lon="18.327851">
				<ele>490.000000</ele>
			</trkpt>
			<trkpt lat="49.524113" lon="18.327715">
				<ele>490.000000</ele>
			</trkpt>
			<trkpt lat="49.524108" lon="18.327591">
				<ele>490.000000</ele>
			</trkpt>
			<trkpt lat="49.524113" lon="18.327464">
				<ele>490.000000</ele>
			</trkpt>
			<trkpt lat="49.524143" lon="18.327329">
				<ele>490.000000</ele>
			</trkpt>
			<trkpt lat="49.524189" lon="18.327177">
				<ele>490.000000</ele>
			</trkpt>
			<trkpt lat="49.524254" lon="18.327015">
				<ele>490.000000</ele>
			</trkpt>
			<trkpt lat="49.524551" lon="18.326279">
				<ele>490.000000</ele>
			</trkpt>
			<trkpt lat="49.524650" lon="18.326017">
				<ele>490.000000</ele>
			</trkpt>
			<trkpt lat="49.524773" lon="18.325767">
				<ele>490.000000</ele>
			</trkpt>
			<trkpt lat="49.524907" lon="18.325569">
				<ele>490.000000</ele>
			</trkpt>
			<trkpt lat="49.524982" lon="18.325451">
				<ele>490.000000</ele>
			</trkpt>
			<trkpt lat="49.525035" lon="18.325344">
				<ele>490.000000</ele>
			</trkpt>
			<trkpt lat="49.525093" lon="18.325218">
				<ele>490.000000</ele>
			</trkpt>
			<trkpt lat="49.525164" lon="18.325048">
				<ele>490.000000</ele>
			</trkpt>
			<trkpt lat="49.525350" lon="18.324464">
				<ele>490.000000</ele>
			</trkpt>
			<trkpt lat="49.525455" lon="18.324168">
				<ele>490.000000</ele>
			</trkpt>
			<trkpt lat="49.525484" lon="18.324086">
				<ele>490.000000</ele>
			</trkpt>
			<trkpt lat="49.525612" lon="18.323782">
				<ele>491.000000</ele>
			</trkpt>
			<trkpt lat="49.525664" lon="18.323602">
				<ele>492.000000</ele>
			</trkpt>
			<trkpt lat="49.525688" lon="18.323422">
				<ele>493.000000</ele>
			</trkpt>
			<trkpt lat="49.525694" lon="18.323206">
				<ele>493.000000</ele>
			</trkpt>
			<trkpt lat="49.525624" lon="18.322677">
				<ele>495.000000</ele>
			</trkpt>
			<trkpt lat="49.525624" lon="18.322443">
				<ele>496.000000</ele>
			</trkpt>
			<trkpt lat="49.525630" lon="18.321885">
				<ele>498.000000</ele>
			</trkpt>
			<trkpt lat="49.525624" lon="18.321751">
				<ele>498.000000</ele>
			</trkpt>
			<trkpt lat="49.525607" lon="18.321581">
				<ele>499.000000</ele>
			</trkpt>
			<trkpt lat="49.525508" lon="18.320826">
				<ele>502.000000</ele>
			</trkpt>
			<trkpt lat="49.525461" lon="18.320539">
				<ele>503.000000</ele>
			</trkpt>
			<trkpt lat="49.525449" lon="18.320440">
				<ele>504.000000</ele>
			</trkpt>
			<trkpt lat="49.525402" lon="18.320125">
				<ele>505.000000</ele>
			</trkpt>
			<trkpt lat="49.525373" lon="18.319964">
				<ele>506.000000</ele>
			</trkpt>
			<trkpt lat="49.525227" lon="18.319425">
				<ele>509.000000</ele>
			</trkpt>
			<trkpt lat="49.525175" lon="18.319281">
				<ele>510.000000</ele>
			</trkpt>
			<trkpt lat="49.525123" lon="18.319146">
				<ele>510.000000</ele>
			</trkpt>
			<trkpt lat="49.525262" lon="18.318679">
				<ele>511.000000</ele>
			</trkpt>
			<trkpt lat="49.525315" lon="18.318562">
				<ele>511.000000</ele>
			</trkpt>
			<trkpt lat="49.525367" lon="18.318455">
				<ele>511.000000</ele>
			</trkpt>
			<trkpt lat="49.525636" lon="18.317906">
				<ele>512.000000</ele>
			</trkpt>
			<trkpt lat="49.525781" lon="18.317664">
				<ele>512.000000</ele>
			</trkpt>
			<trkpt lat="49.526149" lon="18.317080">
				<ele>513.000000</ele>
			</trkpt>
			<trkpt lat="49.526516" lon="18.316388">
				<ele>514.000000</ele>
			</trkpt>
			<trkpt lat="49.526574" lon="18.316298">
				<ele>514.000000</ele>
			</trkpt>
			<trkpt lat="49.526685" lon="18.316128">
				<ele>514.000000</ele>
			</trkpt>
			<trkpt lat="49.526965" lon="18.315759">
				<ele>514.000000</ele>
			</trkpt>
			<trkpt lat="49.527041" lon="18.315625">
				<ele>515.000000</ele>
			</trkpt>
			<trkpt lat="49.527099" lon="18.315507">
				<ele>515.000000</ele>
			</trkpt>
			<trkpt lat="49.527140" lon="18.315400">
				<ele>515.000000</ele>
			</trkpt>
			<trkpt lat="49.527181" lon="18.315256">
				<ele>515.000000</ele>
			</trkpt>
			<trkpt lat="49.527332" lon="18.314735">
				<ele>516.000000</ele>
			</trkpt>
			<trkpt lat="49.527390" lon="18.314448">
				<ele>516.000000</ele>
			</trkpt>
			<trkpt lat="49.527431" lon="18.314241">
				<ele>517.000000</ele>
			</trkpt>
			<trkpt lat="49.527490" lon="18.313819">
				<ele>518.000000</ele>
			</trkpt>
			<trkpt lat="49.527531" lon="18.313658">
				<ele>518.000000</ele>
			</trkpt>
			<trkpt lat="49.527560" lon="18.313568">
				<ele>518.000000</ele>
			</trkpt>
			<trkpt lat="49.527606" lon="18.313522">
				<ele>518.000000</ele>
			</trkpt>
			<trkpt lat="49.527653" lon="18.313478">
				<ele>519.000000</ele>
			</trkpt>
			<trkpt lat="49.527717" lon="18.313459">
				<ele>519.000000</ele>
			</trkpt>
			<trkpt lat="49.527846" lon="18.313442">
				<ele>519.000000</ele>
			</trkpt>
			<trkpt lat="49.528097" lon="18.313432">
				<ele>521.000000</ele>
			</trkpt>
			<trkpt lat="49.528178" lon="18.313406">
				<ele>522.000000</ele>
			</trkpt>
			<trkpt lat="49.528253" lon="18.313369">
				<ele>523.000000</ele>
			</trkpt>
			<trkpt lat="49.528504" lon="18.313010">
				<ele>525.000000</ele>
			</trkpt>
			<trkpt lat="49.528679" lon="18.312777">
				<ele>525.000000</ele>
			</trkpt>
			<trkpt lat="49.528796" lon="18.312643">
				<ele>525.000000</ele>
			</trkpt>
			<trkpt lat="49.528883" lon="18.312580">
				<ele>524.000000</ele>
			</trkpt>
			<trkpt lat="49.528965" lon="18.312534">
				<ele>524.000000</ele>
			</trkpt>
			<trkpt lat="49.529082" lon="18.312417">
				<ele>522.000000</ele>
			</trkpt>
			<trkpt lat="49.529566" lon="18.311815">
				<ele>525.000000</ele>
			</trkpt>
			<trkpt lat="49.529927" lon="18.311394">
				<ele>523.000000</ele>
			</trkpt>
			<trkpt lat="49.530317" lon="18.311008">
				<ele>522.000000</ele>
			</trkpt>
			<trkpt lat="49.530854" lon="18.310477">
				<ele>519.000000</ele>
			</trkpt>
			<trkpt lat="49.531017" lon="18.310306">
				<ele>518.000000</ele>
			</trkpt>
			<trkpt lat="49.531140" lon="18.310180">
				<ele>517.000000</ele>
			</trkpt>
			<trkpt lat="49.531251" lon="18.310037">
				<ele>517.000000</ele>
			</trkpt>
			<trkpt lat="49.531373" lon="18.309866">
				<ele>516.000000</ele>
			</trkpt>
			<trkpt lat="49.531676" lon="18.309381">
				<ele>514.000000</ele>
			</trkpt>
			<trkpt lat="49.532353" lon="18.308295">
				<ele>508.000000</ele>
			</trkpt>
			<trkpt lat="49.532440" lon="18.308123">
				<ele>508.000000</ele>
			</trkpt>
			<trkpt lat="49.532528" lon="18.307953">
				<ele>507.000000</ele>
			</trkpt>
			<trkpt lat="49.532743" lon="18.307343">
				<ele>504.000000</ele>
			</trkpt>
			<trkpt lat="49.532801" lon="18.307207">
				<ele>504.000000</ele>
			</trkpt>
			<trkpt lat="49.532848" lon="18.307100">
				<ele>503.000000</ele>
			</trkpt>
			<trkpt lat="49.532912" lon="18.307010">
				<ele>503.000000</ele>
			</trkpt>
			<trkpt lat="49.533000" lon="18.306901">
				<ele>502.000000</ele>
			</trkpt>
			<trkpt lat="49.533297" lon="18.306578">
				<ele>500.000000</ele>
			</trkpt>
			<trkpt lat="49.533437" lon="18.306408">
				<ele>499.000000</ele>
			</trkpt>
			<trkpt lat="49.533501" lon="18.306274">
				<ele>498.000000</ele>
			</trkpt>
			<trkpt lat="49.533659" lon="18.305895">
				<ele>495.000000</ele>
			</trkpt>
			<trkpt lat="49.533688" lon="18.305815">
				<ele>494.000000</ele>
			</trkpt>
			<trkpt lat="49.533688" lon="18.305716">
				<ele>494.000000</ele>
			</trkpt>
			<trkpt lat="49.533653" lon="18.305635">
				<ele>494.000000</ele>
			</trkpt>
			<trkpt lat="49.533600" lon="18.305563">
				<ele>494.000000</ele>
			</trkpt>
			<trkpt lat="49.533472" lon="18.305446">
				<ele>493.000000</ele>
			</trkpt>
			<trkpt lat="49.533373" lon="18.305330">
				<ele>493.000000</ele>
			</trkpt>
			<trkpt lat="49.533332" lon="18.305258">
				<ele>493.000000</ele>
			</trkpt>
			<trkpt lat="49.533315" lon="18.305169">
				<ele>493.000000</ele>
			</trkpt>
			<trkpt lat="49.533303" lon="18.305087">
				<ele>492.000000</ele>
			</trkpt>
			<trkpt lat="49.533291" lon="18.304880">
				<ele>492.000000</ele>
			</trkpt>
			<trkpt lat="49.533373" lon="18.304746">
				<ele>484.000000</ele>
			</trkpt>
			<trkpt lat="49.533478" lon="18.304530">
				<ele>483.000000</ele>
			</trkpt>
			<trkpt lat="49.533560" lon="18.304341">
				<ele>483.000000</ele>
			</trkpt>
			<trkpt lat="49.533635" lon="18.304198">
				<ele>483.000000</ele>
			</trkpt>
			<trkpt lat="49.533729" lon="18.304054">
				<ele>484.000000</ele>
			</trkpt>
			<trkpt lat="49.533828" lon="18.303920">
				<ele>484.000000</ele>
			</trkpt>
			<trkpt lat="49.534079" lon="18.303659">
				<ele>484.000000</ele>
			</trkpt>
			<trkpt lat="49.534148" lon="18.303578">
				<ele>483.000000</ele>
			</trkpt>
			<trkpt lat="49.534248" lon="18.303479">
				<ele>481.000000</ele>
			</trkpt>
			<trkpt lat="49.534364" lon="18.303389">
				<ele>480.000000</ele>
			</trkpt>
			<trkpt lat="49.534539" lon="18.303272">
				<ele>480.000000</ele>
			</trkpt>
			<trkpt lat="49.534632" lon="18.303209">
				<ele>480.000000</ele>
			</trkpt>
			<trkpt lat="49.534714" lon="18.303148">
				<ele>480.000000</ele>
			</trkpt>
			<trkpt lat="49.534789" lon="18.303058">
				<ele>481.000000</ele>
			</trkpt>
			<trkpt lat="49.534895" lon="18.302922">
				<ele>481.000000</ele>
			</trkpt>
			<trkpt lat="49.534941" lon="18.302859">
				<ele>481.000000</ele>
			</trkpt>
			<trkpt lat="49.534970" lon="18.302779">
				<ele>481.000000</ele>
			</trkpt>
			<trkpt lat="49.534982" lon="18.302706">
				<ele>481.000000</ele>
			</trkpt>
			<trkpt lat="49.534994" lon="18.302616">
				<ele>481.000000</ele>
			</trkpt>
			<trkpt lat="49.534830" lon="18.302689">
				<ele>482.000000</ele>
			</trkpt>
			<trkpt lat="49.534720" lon="18.302706">
				<ele>483.000000</ele>
			</trkpt>
			<trkpt lat="49.534667" lon="18.302706">
				<ele>483.000000</ele>
			</trkpt>
			<trkpt lat="49.534614" lon="18.302689">
				<ele>483.000000</ele>
			</trkpt>
			<trkpt lat="49.534504" lon="18.302608">
				<ele>484.000000</ele>
			</trkpt>
			<trkpt lat="49.533810" lon="18.302024">
				<ele>487.000000</ele>
			</trkpt>
			<trkpt lat="49.533431" lon="18.301719">
				<ele>490.000000</ele>
			</trkpt>
			<trkpt lat="49.532574" lon="18.301027">
				<ele>495.000000</ele>
			</trkpt>
			<trkpt lat="49.532318" lon="18.300802">
				<ele>495.000000</ele>
			</trkpt>
			<trkpt lat="49.532218" lon="18.300704">
				<ele>495.000000</ele>
			</trkpt>
			<trkpt lat="49.532143" lon="18.300595">
				<ele>495.000000</ele>
			</trkpt>
			<trkpt lat="49.532067" lon="18.300479">
				<ele>495.000000</ele>
			</trkpt>
			<trkpt lat="49.531991" lon="18.300353">
				<ele>495.000000</ele>
			</trkpt>
			<trkpt lat="49.531921" lon="18.300209">
				<ele>495.000000</ele>
			</trkpt>
			<trkpt lat="49.531834" lon="18.300012">
				<ele>495.000000</ele>
			</trkpt>
			<trkpt lat="49.531711" lon="18.299670">
				<ele>495.000000</ele>
			</trkpt>
			<trkpt lat="49.531630" lon="18.299401">
				<ele>495.000000</ele>
			</trkpt>
			<trkpt lat="49.531577" lon="18.299230">
				<ele>495.000000</ele>
			</trkpt>
			<trkpt lat="49.531530" lon="18.299087">
				<ele>495.000000</ele>
			</trkpt>
			<trkpt lat="49.531461" lon="18.298961">
				<ele>495.000000</ele>
			</trkpt>
			<trkpt lat="49.531373" lon="18.298835">
				<ele>495.000000</ele>
			</trkpt>
			<trkpt lat="49.531251" lon="18.298682">
				<ele>495.000000</ele>
			</trkpt>
			<trkpt lat="49.531128" lon="18.298565">
				<ele>495.000000</ele>
			</trkpt>
			<trkpt lat="49.531000" lon="18.298475">
				<ele>495.000000</ele>
			</trkpt>
			<trkpt lat="49.530831" lon="18.298395">
				<ele>495.000000</ele>
			</trkpt>
			<trkpt lat="49.530627" lon="18.298287">
				<ele>495.000000</ele>
			</trkpt>
			<trkpt lat="49.530545" lon="18.298234">
				<ele>495.000000</ele>
			</trkpt>
			<trkpt lat="49.530487" lon="18.298188">
				<ele>495.000000</ele>
			</trkpt>
			<trkpt lat="49.530440" lon="18.298116">
				<ele>496.000000</ele>
			</trkpt>
			<trkpt lat="49.530388" lon="18.298018">
				<ele>496.000000</ele>
			</trkpt>
			<trkpt lat="49.530265" lon="18.297748">
				<ele>498.000000</ele>
			</trkpt>
			<trkpt lat="49.530079" lon="18.297335">
				<ele>500.000000</ele>
			</trkpt>
			<trkpt lat="49.530026" lon="18.297245">
				<ele>501.000000</ele>
			</trkpt>
			<trkpt lat="49.529973" lon="18.297192">
				<ele>501.000000</ele>
			</trkpt>
			<trkpt lat="49.529904" lon="18.297146">
				<ele>501.000000</ele>
			</trkpt>
			<trkpt lat="49.529799" lon="18.297083">
				<ele>502.000000</ele>
			</trkpt>
			<trkpt lat="49.529700" lon="18.297020">
				<ele>503.000000</ele>
			</trkpt>
			<trkpt lat="49.529629" lon="18.296976">
				<ele>503.000000</ele>
			</trkpt>
			<trkpt lat="49.529566" lon="18.296903">
				<ele>503.000000</ele>
			</trkpt>
			<trkpt lat="49.529507" lon="18.296796">
				<ele>504.000000</ele>
			</trkpt>
			<trkpt lat="49.529379" lon="18.296553">
				<ele>505.000000</ele>
			</trkpt>
			<trkpt lat="49.529263" lon="18.296311">
				<ele>506.000000</ele>
			</trkpt>
			<trkpt lat="49.528947" lon="18.295611">
				<ele>507.000000</ele>
			</trkpt>
			<trkpt lat="49.528854" lon="18.295466">
				<ele>508.000000</ele>
			</trkpt>
			<trkpt lat="49.528802" lon="18.295412">
				<ele>508.000000</ele>
			</trkpt>
			<trkpt lat="49.528749" lon="18.295368">
				<ele>508.000000</ele>
			</trkpt>
			<trkpt lat="49.528638" lon="18.295314">
				<ele>508.000000</ele>
			</trkpt>
			<trkpt lat="49.528516" lon="18.295305">
				<ele>509.000000</ele>
			</trkpt>
			<trkpt lat="49.528481" lon="18.295197">
				<ele>509.000000</ele>
			</trkpt>
			<trkpt lat="49.528417" lon="18.295053">
				<ele>509.000000</ele>
			</trkpt>
			<trkpt lat="49.528213" lon="18.294586">
				<ele>511.000000</ele>
			</trkpt>
			<trkpt lat="49.528026" lon="18.294083">
				<ele>513.000000</ele>
			</trkpt>
			<trkpt lat="49.527753" lon="18.293374">
				<ele>516.000000</ele>
			</trkpt>
			<trkpt lat="49.527624" lon="18.293024">
				<ele>517.000000</ele>
			</trkpt>
			<trkpt lat="49.527502" lon="18.292421">
				<ele>518.000000</ele>
			</trkpt>
			<trkpt lat="49.527368" lon="18.291953">
				<ele>520.000000</ele>
			</trkpt>
			<trkpt lat="49.527256" lon="18.291586">
				<ele>520.000000</ele>
			</trkpt>
			<trkpt lat="49.527204" lon="18.291442">
				<ele>520.000000</ele>
			</trkpt>
			<trkpt lat="49.527128" lon="18.291290">
				<ele>521.000000</ele>
			</trkpt>
			<trkpt lat="49.526971" lon="18.291020">
				<ele>521.000000</ele>
			</trkpt>
			<trkpt lat="49.526819" lon="18.290768">
				<ele>521.000000</ele>
			</trkpt>
			<trkpt lat="49.526049" lon="18.289699">
				<ele>523.000000</ele>
			</trkpt>
			<trkpt lat="49.525711" lon="18.289242">
				<ele>524.000000</ele>
			</trkpt>
			<trkpt lat="49.525513" lon="18.288945">
				<ele>524.000000</ele>
			</trkpt>
			<trkpt lat="49.525478" lon="18.288855">
				<ele>524.000000</ele>
			</trkpt>
			<trkpt lat="49.525461" lon="18.288774">
				<ele>524.000000</ele>
			</trkpt>
			<trkpt lat="49.525467" lon="18.288676">
				<ele>524.000000</ele>
			</trkpt>
			<trkpt lat="49.525484" lon="18.288576">
				<ele>524.000000</ele>
			</trkpt>
			<trkpt lat="49.525566" lon="18.288253">
				<ele>525.000000</ele>
			</trkpt>
			<trkpt lat="49.525636" lon="18.288082">
				<ele>525.000000</ele>
			</trkpt>
			<trkpt lat="49.525664" lon="18.287938">
				<ele>526.000000</ele>
			</trkpt>
			<trkpt lat="49.525670" lon="18.287848">
				<ele>527.000000</ele>
			</trkpt>
			<trkpt lat="49.525677" lon="18.287184">
				<ele>532.000000</ele>
			</trkpt>
			<trkpt lat="49.525677" lon="18.287032">
				<ele>534.000000</ele>
			</trkpt>
			<trkpt lat="49.525653" lon="18.286888">
				<ele>535.000000</ele>
			</trkpt>
			<trkpt lat="49.525432" lon="18.285783">
				<ele>544.000000</ele>
			</trkpt>
			<trkpt lat="49.525350" lon="18.285397">
				<ele>547.000000</ele>
			</trkpt>
			<trkpt lat="49.525280" lon="18.285073">
				<ele>549.000000</ele>
			</trkpt>
			<trkpt lat="49.525216" lon="18.284875">
				<ele>551.000000</ele>
			</trkpt>
			<trkpt lat="49.525158" lon="18.284687">
				<ele>553.000000</ele>
			</trkpt>
			<trkpt lat="49.525006" lon="18.284336">
				<ele>556.000000</ele>
			</trkpt>
			<trkpt lat="49.524901" lon="18.284129">
				<ele>558.000000</ele>
			</trkpt>
			<trkpt lat="49.524801" lon="18.283932">
				<ele>559.000000</ele>
			</trkpt>
			<trkpt lat="49.524463" lon="18.283402">
				<ele>562.000000</ele>
			</trkpt>
			<trkpt lat="49.524423" lon="18.283313">
				<ele>562.000000</ele>
			</trkpt>
			<trkpt lat="49.524388" lon="18.283240">
				<ele>563.000000</ele>
			</trkpt>
			<trkpt lat="49.524370" lon="18.283160">
				<ele>563.000000</ele>
			</trkpt>
			<trkpt lat="49.524359" lon="18.283043">
				<ele>563.000000</ele>
			</trkpt>
			<trkpt lat="49.524050" lon="18.282863">
				<ele>565.000000</ele>
			</trkpt>
			<trkpt lat="49.523863" lon="18.282710">
				<ele>566.000000</ele>
			</trkpt>
			<trkpt lat="49.523711" lon="18.282558">
				<ele>567.000000</ele>
			</trkpt>
			<trkpt lat="49.523566" lon="18.282368">
				<ele>568.000000</ele>
			</trkpt>
			<trkpt lat="49.523460" lon="18.282208">
				<ele>569.000000</ele>
			</trkpt>
			<trkpt lat="49.523460" lon="18.282208">
				<ele>569.000000</ele>
			</trkpt>
			<trkpt lat="49.523402" lon="18.282108">
				<ele>569.000000</ele>
			</trkpt>
			<trkpt lat="49.523356" lon="18.281929">
				<ele>569.000000</ele>
			</trkpt>
			<trkpt lat="49.523332" lon="18.281758">
				<ele>569.000000</ele>
			</trkpt>
			<trkpt lat="49.523321" lon="18.281596">
				<ele>568.000000</ele>
			</trkpt>
			<trkpt lat="49.523297" lon="18.281292">
				<ele>568.000000</ele>
			</trkpt>
			<trkpt lat="49.523210" lon="18.279485">
				<ele>564.000000</ele>
			</trkpt>
			<trkpt lat="49.523187" lon="18.279018">
				<ele>563.000000</ele>
			</trkpt>
			<trkpt lat="49.523175" lon="18.278722">
				<ele>563.000000</ele>
			</trkpt>
			<trkpt lat="49.523181" lon="18.278416">
				<ele>562.000000</ele>
			</trkpt>
			<trkpt lat="49.523192" lon="18.278183">
				<ele>562.000000</ele>
			</trkpt>
			<trkpt lat="49.523216" lon="18.277950">
				<ele>561.000000</ele>
			</trkpt>
			<trkpt lat="49.523250" lon="18.277626">
				<ele>561.000000</ele>
			</trkpt>
			<trkpt lat="49.523285" lon="18.277365">
				<ele>560.000000</ele>
			</trkpt>
			<trkpt lat="49.523315" lon="18.277185">
				<ele>560.000000</ele>
			</trkpt>
			<trkpt lat="49.523356" lon="18.277024">
				<ele>559.000000</ele>
			</trkpt>
			<trkpt lat="49.523425" lon="18.276862">
				<ele>559.000000</ele>
			</trkpt>
			<trkpt lat="49.523466" lon="18.276736">
				<ele>558.000000</ele>
			</trkpt>
			<trkpt lat="49.523560" lon="18.276539">
				<ele>557.000000</ele>
			</trkpt>
			<trkpt lat="49.523647" lon="18.276359">
				<ele>557.000000</ele>
			</trkpt>
			<trkpt lat="49.523752" lon="18.276206">
				<ele>556.000000</ele>
			</trkpt>
			<trkpt lat="49.523875" lon="18.276018">
				<ele>555.000000</ele>
			</trkpt>
			<trkpt lat="49.524032" lon="18.275793">
				<ele>554.000000</ele>
			</trkpt>
			<trkpt lat="49.524160" lon="18.275596">
				<ele>554.000000</ele>
			</trkpt>
			<trkpt lat="49.524201" lon="18.275506">
				<ele>553.000000</ele>
			</trkpt>
			<trkpt lat="49.524260" lon="18.275371">
				<ele>553.000000</ele>
			</trkpt>
			<trkpt lat="49.524312" lon="18.275191">
				<ele>552.000000</ele>
			</trkpt>
			<trkpt lat="49.524341" lon="18.275011">
				<ele>552.000000</ele>
			</trkpt>
			<trkpt lat="49.524359" lon="18.274823">
				<ele>551.000000</ele>
			</trkpt>
			<trkpt lat="49.524353" lon="18.274544">
				<ele>550.000000</ele>
			</trkpt>
			<trkpt lat="49.524347" lon="18.274257">
				<ele>549.000000</ele>
			</trkpt>
			<trkpt lat="49.524359" lon="18.274078">
				<ele>549.000000</ele>
			</trkpt>
			<trkpt lat="49.524364" lon="18.273961">
				<ele>548.000000</ele>
			</trkpt>
			<trkpt lat="49.524347" lon="18.273879">
				<ele>548.000000</ele>
			</trkpt>
			<trkpt lat="49.524516" lon="18.273313">
				<ele>546.000000</ele>
			</trkpt>
			<trkpt lat="49.524632" lon="18.272910">
				<ele>545.000000</ele>
			</trkpt>
			<trkpt lat="49.524726" lon="18.272577">
				<ele>544.000000</ele>
			</trkpt>
			<trkpt lat="49.524831" lon="18.272254">
				<ele>543.000000</ele>
			</trkpt>
			<trkpt lat="49.525076" lon="18.271661">
				<ele>541.000000</ele>
			</trkpt>
			<trkpt lat="49.525158" lon="18.271346">
				<ele>540.000000</ele>
			</trkpt>
			<trkpt lat="49.525210" lon="18.271105">
				<ele>539.000000</ele>
			</trkpt>
			<trkpt lat="49.525280" lon="18.270484">
				<ele>537.000000</ele>
			</trkpt>
			<trkpt lat="49.525303" lon="18.270223">
				<ele>537.000000</ele>
			</trkpt>
			<trkpt lat="49.525315" lon="18.269963">
				<ele>536.000000</ele>
			</trkpt>
			<trkpt lat="49.525320" lon="18.269703">
				<ele>535.000000</ele>
			</trkpt>
			<trkpt lat="49.525320" lon="18.268975">
				<ele>530.000000</ele>
			</trkpt>
			<trkpt lat="49.525344" lon="18.268518">
				<ele>527.000000</ele>
			</trkpt>
			<trkpt lat="49.525385" lon="18.267978">
				<ele>526.000000</ele>
			</trkpt>
			<trkpt lat="49.525473" lon="18.267187">
				<ele>525.000000</ele>
			</trkpt>
			<trkpt lat="49.525502" lon="18.266990">
				<ele>524.000000</ele>
			</trkpt>
			<trkpt lat="49.525583" lon="18.266684">
				<ele>523.000000</ele>
			</trkpt>
			<trkpt lat="49.525636" lon="18.266531">
				<ele>523.000000</ele>
			</trkpt>
			<trkpt lat="49.525683" lon="18.266325">
				<ele>523.000000</ele>
			</trkpt>
			<trkpt lat="49.525700" lon="18.266235">
				<ele>522.000000</ele>
			</trkpt>
			<trkpt lat="49.525700" lon="18.266136">
				<ele>522.000000</ele>
			</trkpt>
			<trkpt lat="49.525688" lon="18.265984">
				<ele>522.000000</ele>
			</trkpt>
			<trkpt lat="49.525653" lon="18.265778">
				<ele>521.000000</ele>
			</trkpt>
			<trkpt lat="49.525432" lon="18.264717">
				<ele>518.000000</ele>
			</trkpt>
			<trkpt lat="49.525408" lon="18.264610">
				<ele>518.000000</ele>
			</trkpt>
			<trkpt lat="49.525385" lon="18.264484">
				<ele>517.000000</ele>
			</trkpt>
			<trkpt lat="49.525344" lon="18.264384">
				<ele>517.000000</ele>
			</trkpt>
			<trkpt lat="49.525303" lon="18.264286">
				<ele>516.000000</ele>
			</trkpt>
			<trkpt lat="49.525239" lon="18.264197">
				<ele>515.000000</ele>
			</trkpt>
			<trkpt lat="49.525186" lon="18.264142">
				<ele>515.000000</ele>
			</trkpt>
			<trkpt lat="49.525111" lon="18.264061">
				<ele>514.000000</ele>
			</trkpt>
			<trkpt lat="49.525041" lon="18.264017">
				<ele>513.000000</ele>
			</trkpt>
			<trkpt lat="49.524942" lon="18.263981">
				<ele>511.000000</ele>
			</trkpt>
			<trkpt lat="49.524807" lon="18.263962">
				<ele>510.000000</ele>
			</trkpt>
			<trkpt lat="49.524726" lon="18.263944">
				<ele>510.000000</ele>
			</trkpt>
			<trkpt lat="49.524656" lon="18.263908">
				<ele>510.000000</ele>
			</trkpt>
			<trkpt lat="49.524586" lon="18.263872">
				<ele>510.000000</ele>
			</trkpt>
			<trkpt lat="49.524516" lon="18.263801">
				<ele>510.000000</ele>
			</trkpt>
			<trkpt lat="49.524463" lon="18.263728">
				<ele>510.000000</ele>
			</trkpt>
			<trkpt lat="49.524429" lon="18.263648">
				<ele>510.000000</ele>
			</trkpt>
			<trkpt lat="49.524423" lon="18.263522">
				<ele>510.000000</ele>
			</trkpt>
			<trkpt lat="49.524429" lon="18.263352">
				<ele>510.000000</ele>
			</trkpt>
			<trkpt lat="49.524498" lon="18.262562">
				<ele>510.000000</ele>
			</trkpt>
			<trkpt lat="49.524510" lon="18.262354">
				<ele>510.000000</ele>
			</trkpt>
			<trkpt lat="49.524510" lon="18.262103">
				<ele>510.000000</ele>
			</trkpt>
			<trkpt lat="49.524493" lon="18.261744">
				<ele>510.000000</ele>
			</trkpt>
			<trkpt lat="49.524498" lon="18.261438">
				<ele>510.000000</ele>
			</trkpt>
			<trkpt lat="49.524545" lon="18.261168">
				<ele>510.000000</ele>
			</trkpt>
			<trkpt lat="49.524592" lon="18.260971">
				<ele>510.000000</ele>
			</trkpt>
			<trkpt lat="49.524656" lon="18.260746">
				<ele>510.000000</ele>
			</trkpt>
			<trkpt lat="49.524744" lon="18.260432">
				<ele>509.000000</ele>
			</trkpt>
			<trkpt lat="49.524825" lon="18.260118">
				<ele>508.000000</ele>
			</trkpt>
			<trkpt lat="49.525041" lon="18.259130">
				<ele>505.000000</ele>
			</trkpt>
			<trkpt lat="49.525146" lon="18.258717">
				<ele>504.000000</ele>
			</trkpt>
			<trkpt lat="49.525245" lon="18.258438">
				<ele>503.000000</ele>
			</trkpt>
			<trkpt lat="49.525426" lon="18.258061">
				<ele>502.000000</ele>
			</trkpt>
			<trkpt lat="49.525455" lon="18.258006">
				<ele>502.000000</ele>
			</trkpt>
			<trkpt lat="49.525548" lon="18.257746">
				<ele>501.000000</ele>
			</trkpt>
			<trkpt lat="49.525630" lon="18.257522">
				<ele>501.000000</ele>
			</trkpt>
			<trkpt lat="49.525688" lon="18.257288">
				<ele>500.000000</ele>
			</trkpt>
			<trkpt lat="49.525741" lon="18.257000">
				<ele>500.000000</ele>
			</trkpt>
			<trkpt lat="49.525852" lon="18.256210">
				<ele>499.000000</ele>
			</trkpt>
			<trkpt lat="49.525939" lon="18.255384">
				<ele>499.000000</ele>
			</trkpt>
			<trkpt lat="49.525962" lon="18.255195">
				<ele>499.000000</ele>
			</trkpt>
			<trkpt lat="49.525997" lon="18.255025">
				<ele>499.000000</ele>
			</trkpt>
			<trkpt lat="49.526038" lon="18.254862">
				<ele>499.000000</ele>
			</trkpt>
			<trkpt lat="49.526114" lon="18.254612">
				<ele>498.000000</ele>
			</trkpt>
			<trkpt lat="49.526306" lon="18.254136">
				<ele>495.000000</ele>
			</trkpt>
			<trkpt lat="49.526527" lon="18.253694">
				<ele>492.000000</ele>
			</trkpt>
			<trkpt lat="49.526644" lon="18.253452">
				<ele>490.000000</ele>
			</trkpt>
			<trkpt lat="49.526778" lon="18.253128">
				<ele>489.000000</ele>
			</trkpt>
			<trkpt lat="49.526825" lon="18.252994">
				<ele>489.000000</ele>
			</trkpt>
			<trkpt lat="49.526895" lon="18.252742">
				<ele>488.000000</ele>
			</trkpt>
			<trkpt lat="49.526965" lon="18.252554">
				<ele>488.000000</ele>
			</trkpt>
			<trkpt lat="49.527070" lon="18.252338">
				<ele>487.000000</ele>
			</trkpt>
			<trkpt lat="49.527461" lon="18.251520">
				<ele>485.000000</ele>
			</trkpt>
			<trkpt lat="49.527641" lon="18.251117">
				<ele>484.000000</ele>
			</trkpt>
			<trkpt lat="49.527828" lon="18.250631">
				<ele>483.000000</ele>
			</trkpt>
			<trkpt lat="49.527956" lon="18.250281">
				<ele>482.000000</ele>
			</trkpt>
			<trkpt lat="49.528056" lon="18.249931">
				<ele>481.000000</ele>
			</trkpt>
			<trkpt lat="49.528283" lon="18.249086">
				<ele>478.000000</ele>
			</trkpt>
			<trkpt lat="49.528324" lon="18.248960">
				<ele>477.000000</ele>
			</trkpt>
			<trkpt lat="49.528365" lon="18.248853">
				<ele>477.000000</ele>
			</trkpt>
			<trkpt lat="49.528504" lon="18.248557">
				<ele>476.000000</ele>
			</trkpt>
			<trkpt lat="49.528475" lon="18.248511">
				<ele>476.000000</ele>
			</trkpt>
			<trkpt lat="49.528475" lon="18.248511">
				<ele>476.000000</ele>
			</trkpt>
			<trkpt lat="49.527787" lon="18.247614">
				<ele>477.000000</ele>
			</trkpt>
			<trkpt lat="49.527507" lon="18.247236">
				<ele>478.000000</ele>
			</trkpt>
			<trkpt lat="49.527268" lon="18.246849">
				<ele>478.000000</ele>
			</trkpt>
			<trkpt lat="49.527029" lon="18.246419">
				<ele>479.000000</ele>
			</trkpt>
			<trkpt lat="49.526767" lon="18.245897">
				<ele>479.000000</ele>
			</trkpt>
			<trkpt lat="49.526481" lon="18.245331">
				<ele>480.000000</ele>
			</trkpt>
			<trkpt lat="49.526371" lon="18.245142">
				<ele>481.000000</ele>
			</trkpt>
			<trkpt lat="49.526242" lon="18.244954">
				<ele>482.000000</ele>
			</trkpt>
			<trkpt lat="49.526067" lon="18.244721">
				<ele>483.000000</ele>
			</trkpt>
			<trkpt lat="49.525927" lon="18.244559">
				<ele>484.000000</ele>
			</trkpt>
			<trkpt lat="49.525711" lon="18.244343">
				<ele>485.000000</ele>
			</trkpt>
			<trkpt lat="49.525385" lon="18.244056">
				<ele>486.000000</ele>
			</trkpt>
			<trkpt lat="49.525128" lon="18.243832">
				<ele>488.000000</ele>
			</trkpt>
			<trkpt lat="49.524942" lon="18.243624">
				<ele>489.000000</ele>
			</trkpt>
			<trkpt lat="49.524738" lon="18.243364">
				<ele>490.000000</ele>
			</trkpt>
			<trkpt lat="49.524533" lon="18.243031">
				<ele>490.000000</ele>
			</trkpt>
			<trkpt lat="49.524423" lon="18.242790">
				<ele>490.000000</ele>
			</trkpt>
			<trkpt lat="49.524341" lon="18.242574">
				<ele>490.000000</ele>
			</trkpt>
			<trkpt lat="49.524265" lon="18.242341">
				<ele>490.000000</ele>
			</trkpt>
			<trkpt lat="49.524184" lon="18.242016">
				<ele>490.000000</ele>
			</trkpt>
			<trkpt lat="49.524050" lon="18.241316">
				<ele>490.000000</ele>
			</trkpt>
			<trkpt lat="49.523875" lon="18.240291">
				<ele>490.000000</ele>
			</trkpt>
			<trkpt lat="49.523711" lon="18.239331">
				<ele>490.000000</ele>
			</trkpt>
			<trkpt lat="49.523566" lon="18.238603">
				<ele>490.000000</ele>
			</trkpt>
			<trkpt lat="49.523490" lon="18.238154">
				<ele>490.000000</ele>
			</trkpt>
			<trkpt lat="49.523443" lon="18.237830">
				<ele>491.000000</ele>
			</trkpt>
			<trkpt lat="49.523391" lon="18.237507">
				<ele>491.000000</ele>
			</trkpt>
			<trkpt lat="49.523367" lon="18.237201">
				<ele>491.000000</ele>
			</trkpt>
			<trkpt lat="49.523420" lon="18.237211">
				<ele>491.000000</ele>
			</trkpt>
			<trkpt lat="49.523472" lon="18.237184">
				<ele>490.000000</ele>
			</trkpt>
			<trkpt lat="49.523519" lon="18.237121">
				<ele>490.000000</ele>
			</trkpt>
			<trkpt lat="49.523542" lon="18.237040">
				<ele>490.000000</ele>
			</trkpt>
			<trkpt lat="49.523542" lon="18.236941">
				<ele>489.000000</ele>
			</trkpt>
			<trkpt lat="49.523519" lon="18.236851">
				<ele>490.000000</ele>
			</trkpt>
			<trkpt lat="49.523484" lon="18.236798">
				<ele>490.000000</ele>
			</trkpt>
			<trkpt lat="49.523420" lon="18.236762">
				<ele>491.000000</ele>
			</trkpt>
			<trkpt lat="49.523367" lon="18.236762">
				<ele>492.000000</ele>
			</trkpt>
			<trkpt lat="49.523321" lon="18.236788">
				<ele>492.000000</ele>
			</trkpt>
			<trkpt lat="49.523291" lon="18.236689">
				<ele>492.000000</ele>
			</trkpt>
			<trkpt lat="49.523256" lon="18.236564">
				<ele>491.000000</ele>
			</trkpt>
			<trkpt lat="49.523163" lon="18.236609">
				<ele>491.000000</ele>
			</trkpt>
			<trkpt lat="49.523094" lon="18.236232">
				<ele>491.000000</ele>
			</trkpt>
			<trkpt lat="49.523058" lon="18.235953">
				<ele>490.000000</ele>
			</trkpt>
			<trkpt lat="49.523023" lon="18.235674">
				<ele>490.000000</ele>
			</trkpt>
			<trkpt lat="49.522994" lon="18.235396">
				<ele>490.000000</ele>
			</trkpt>
			<trkpt lat="49.522901" lon="18.234175">
				<ele>489.000000</ele>
			</trkpt>
			<trkpt lat="49.522860" lon="18.233761">
				<ele>489.000000</ele>
			</trkpt>
			<trkpt lat="49.522807" lon="18.233393">
				<ele>489.000000</ele>
			</trkpt>
			<trkpt lat="49.522744" lon="18.233016">
				<ele>489.000000</ele>
			</trkpt>
			<trkpt lat="49.522697" lon="18.232513">
				<ele>489.000000</ele>
			</trkpt>
			<trkpt lat="49.522668" lon="18.232225">
				<ele>489.000000</ele>
			</trkpt>
			<trkpt lat="49.522638" lon="18.231991">
				<ele>488.000000</ele>
			</trkpt>
			<trkpt lat="49.522592" lon="18.231775">
				<ele>488.000000</ele>
			</trkpt>
			<trkpt lat="49.522534" lon="18.231525">
				<ele>488.000000</ele>
			</trkpt>
			<trkpt lat="49.522364" lon="18.230833">
				<ele>488.000000</ele>
			</trkpt>
			<trkpt lat="49.522288" lon="18.230572">
				<ele>488.000000</ele>
			</trkpt>
			<trkpt lat="49.522259" lon="18.230374">
				<ele>488.000000</ele>
			</trkpt>
			<trkpt lat="49.522248" lon="18.230230">
				<ele>488.000000</ele>
			</trkpt>
			<trkpt lat="49.522225" lon="18.230123">
				<ele>488.000000</ele>
			</trkpt>
			<trkpt lat="49.522190" lon="18.230006">
				<ele>488.000000</ele>
			</trkpt>
			<trkpt lat="49.522131" lon="18.229880">
				<ele>488.000000</ele>
			</trkpt>
			<trkpt lat="49.521665" lon="18.228811">
				<ele>487.000000</ele>
			</trkpt>
			<trkpt lat="49.521286" lon="18.227959">
				<ele>487.000000</ele>
			</trkpt>
			<trkpt lat="49.521035" lon="18.227446">
				<ele>486.000000</ele>
			</trkpt>
			<trkpt lat="49.520959" lon="18.227257">
				<ele>486.000000</ele>
			</trkpt>
			<trkpt lat="49.520895" lon="18.227104">
				<ele>486.000000</ele>
			</trkpt>
			<trkpt lat="49.520843" lon="18.226934">
				<ele>486.000000</ele>
			</trkpt>
			<trkpt lat="49.520802" lon="18.226781">
				<ele>486.000000</ele>
			</trkpt>
			<trkpt lat="49.520767" lon="18.226601">
				<ele>486.000000</ele>
			</trkpt>
			<trkpt lat="49.520731" lon="18.226404">
				<ele>486.000000</ele>
			</trkpt>
			<trkpt lat="49.520720" lon="18.226198">
				<ele>486.000000</ele>
			</trkpt>
			<trkpt lat="49.520702" lon="18.225928">
				<ele>486.000000</ele>
			</trkpt>
			<trkpt lat="49.520638" lon="18.223781">
				<ele>485.000000</ele>
			</trkpt>
			<trkpt lat="49.520627" lon="18.223475">
				<ele>485.000000</ele>
			</trkpt>
			<trkpt lat="49.520603" lon="18.223286">
				<ele>485.000000</ele>
			</trkpt>
			<trkpt lat="49.520557" lon="18.223098">
				<ele>485.000000</ele>
			</trkpt>
			<trkpt lat="49.520452" lon="18.222586">
				<ele>484.000000</ele>
			</trkpt>
			<trkpt lat="49.520311" lon="18.221948">
				<ele>484.000000</ele>
			</trkpt>
			<trkpt lat="49.520195" lon="18.221527">
				<ele>484.000000</ele>
			</trkpt>
			<trkpt lat="49.519997" lon="18.220879">
				<ele>483.000000</ele>
			</trkpt>
			<trkpt lat="49.519956" lon="18.220745">
				<ele>483.000000</ele>
			</trkpt>
			<trkpt lat="49.519880" lon="18.220529">
				<ele>483.000000</ele>
			</trkpt>
			<trkpt lat="49.519816" lon="18.220340">
				<ele>482.000000</ele>
			</trkpt>
			<trkpt lat="49.519629" lon="18.219640">
				<ele>482.000000</ele>
			</trkpt>
			<trkpt lat="49.519536" lon="18.219343">
				<ele>482.000000</ele>
			</trkpt>
			<trkpt lat="49.519448" lon="18.219146">
				<ele>481.000000</ele>
			</trkpt>
			<trkpt lat="49.519384" lon="18.218993">
				<ele>481.000000</ele>
			</trkpt>
			<trkpt lat="49.519326" lon="18.218822">
				<ele>481.000000</ele>
			</trkpt>
			<trkpt lat="49.519291" lon="18.218670">
				<ele>481.000000</ele>
			</trkpt>
			<trkpt lat="49.519279" lon="18.218472">
				<ele>481.000000</ele>
			</trkpt>
			<trkpt lat="49.519250" lon="18.218328">
				<ele>481.000000</ele>
			</trkpt>
			<trkpt lat="49.519192" lon="18.218158">
				<ele>481.000000</ele>
			</trkpt>
			<trkpt lat="49.519081" lon="18.217879">
				<ele>480.000000</ele>
			</trkpt>
			<trkpt lat="49.518988" lon="18.217663">
				<ele>480.000000</ele>
			</trkpt>
			<trkpt lat="49.518865" lon="18.217475">
				<ele>480.000000</ele>
			</trkpt>
			<trkpt lat="49.518685" lon="18.217214">
				<ele>476.000000</ele>
			</trkpt>
			<trkpt lat="49.518445" lon="18.216927">
				<ele>474.000000</ele>
			</trkpt>
			<trkpt lat="49.518136" lon="18.216586">
				<ele>471.000000</ele>
			</trkpt>
			<trkpt lat="49.517997" lon="18.216441">
				<ele>470.000000</ele>
			</trkpt>
			<trkpt lat="49.517885" lon="18.216288">
				<ele>470.000000</ele>
			</trkpt>
			<trkpt lat="49.517781" lon="18.216145">
				<ele>470.000000</ele>
			</trkpt>
			<trkpt lat="49.517669" lon="18.215974">
				<ele>470.000000</ele>
			</trkpt>
			<trkpt lat="49.517541" lon="18.215741">
				<ele>470.000000</ele>
			</trkpt>
			<trkpt lat="49.517448" lon="18.215516">
				<ele>470.000000</ele>
			</trkpt>
			<trkpt lat="49.517372" lon="18.215282">
				<ele>470.000000</ele>
			</trkpt>
			<trkpt lat="49.517285" lon="18.214923">
				<ele>470.000000</ele>
			</trkpt>
			<trkpt lat="49.516935" lon="18.213217">
				<ele>470.000000</ele>
			</trkpt>
			<trkpt lat="49.516678" lon="18.211860">
				<ele>470.000000</ele>
			</trkpt>
			<trkpt lat="49.516270" lon="18.210009">
				<ele>470.000000</ele>
			</trkpt>
			<trkpt lat="49.516072" lon="18.208932">
				<ele>470.000000</ele>
			</trkpt>
			<trkpt lat="49.516019" lon="18.208546">
				<ele>469.000000</ele>
			</trkpt>
			<trkpt lat="49.515961" lon="18.208097">
				<ele>467.000000</ele>
			</trkpt>
			<trkpt lat="49.515932" lon="18.207791">
				<ele>465.000000</ele>
			</trkpt>
			<trkpt lat="49.515920" lon="18.207711">
				<ele>465.000000</ele>
			</trkpt>
			<trkpt lat="49.515897" lon="18.207611">
				<ele>465.000000</ele>
			</trkpt>
			<trkpt lat="49.515868" lon="18.207521">
				<ele>465.000000</ele>
			</trkpt>
			<trkpt lat="49.515862" lon="18.207441">
				<ele>465.000000</ele>
			</trkpt>
			<trkpt lat="49.515740" lon="18.205734">
				<ele>463.000000</ele>
			</trkpt>
			<trkpt lat="49.515710" lon="18.205508">
				<ele>463.000000</ele>
			</trkpt>
			<trkpt lat="49.515646" lon="18.205212">
				<ele>463.000000</ele>
			</trkpt>
			<trkpt lat="49.515407" lon="18.205338">
				<ele>463.000000</ele>
			</trkpt>
			<trkpt lat="49.515378" lon="18.205221">
				<ele>463.000000</ele>
			</trkpt>
			<trkpt lat="49.515331" lon="18.204988">
				<ele>463.000000</ele>
			</trkpt>
			<trkpt lat="49.515284" lon="18.204862">
				<ele>462.000000</ele>
			</trkpt>
			<trkpt lat="49.515226" lon="18.204764">
				<ele>462.000000</ele>
			</trkpt>
			<trkpt lat="49.515080" lon="18.204584">
				<ele>462.000000</ele>
			</trkpt>
			<trkpt lat="49.515046" lon="18.204529">
				<ele>462.000000</ele>
			</trkpt>
			<trkpt lat="49.515028" lon="18.204466">
				<ele>462.000000</ele>
			</trkpt>
			<trkpt lat="49.515005" lon="18.204342">
				<ele>462.000000</ele>
			</trkpt>
			<trkpt lat="49.514993" lon="18.204162">
				<ele>462.000000</ele>
			</trkpt>
			<trkpt lat="49.514975" lon="18.204063">
				<ele>462.000000</ele>
			</trkpt>
			<trkpt lat="49.514940" lon="18.203955">
				<ele>462.000000</ele>
			</trkpt>
			<trkpt lat="49.514911" lon="18.203856">
				<ele>461.000000</ele>
			</trkpt>
			<trkpt lat="49.514865" lon="18.203766">
				<ele>461.000000</ele>
			</trkpt>
			<trkpt lat="49.514835" lon="18.203722">
				<ele>461.000000</ele>
			</trkpt>
			<trkpt lat="49.514818" lon="18.203686">
				<ele>461.000000</ele>
			</trkpt>
			<trkpt lat="49.514812" lon="18.203569">
				<ele>461.000000</ele>
			</trkpt>
			<trkpt lat="49.514713" lon="18.203569">
				<ele>462.000000</ele>
			</trkpt>
			<trkpt lat="49.514521" lon="18.203542">
				<ele>465.000000</ele>
			</trkpt>
			<trkpt lat="49.514235" lon="18.203497">
				<ele>465.000000</ele>
			</trkpt>
			<trkpt lat="49.514019" lon="18.203479">
				<ele>466.000000</ele>
			</trkpt>
			<trkpt lat="49.513832" lon="18.203453">
				<ele>467.000000</ele>
			</trkpt>
			<trkpt lat="49.513645" lon="18.203398">
				<ele>468.000000</ele>
			</trkpt>
			<trkpt lat="49.513330" lon="18.203308">
				<ele>470.000000</ele>
			</trkpt>
			<trkpt lat="49.512975" lon="18.203174">
				<ele>472.000000</ele>
			</trkpt>
			<trkpt lat="49.512257" lon="18.202868">
				<ele>476.000000</ele>
			</trkpt>
			<trkpt lat="49.512054" lon="18.202787">
				<ele>477.000000</ele>
			</trkpt>
			<trkpt lat="49.511808" lon="18.202715">
				<ele>478.000000</ele>
			</trkpt>
			<trkpt lat="49.511738" lon="18.202707">
				<ele>478.000000</ele>
			</trkpt>
			<trkpt lat="49.511668" lon="18.202734">
				<ele>479.000000</ele>
			</trkpt>
			<trkpt lat="49.511447" lon="18.202814">
				<ele>480.000000</ele>
			</trkpt>
			<trkpt lat="49.511347" lon="18.202832">
				<ele>481.000000</ele>
			</trkpt>
			<trkpt lat="49.511260" lon="18.202841">
				<ele>481.000000</ele>
			</trkpt>
			<trkpt lat="49.511166" lon="18.202805">
				<ele>482.000000</ele>
			</trkpt>
			<trkpt lat="49.511097" lon="18.202778">
				<ele>482.000000</ele>
			</trkpt>
			<trkpt lat="49.511027" lon="18.202707">
				<ele>483.000000</ele>
			</trkpt>
			<trkpt lat="49.510898" lon="18.202500">
				<ele>484.000000</ele>
			</trkpt>
			<trkpt lat="49.510857" lon="18.202419">
				<ele>484.000000</ele>
			</trkpt>
			<trkpt lat="49.510822" lon="18.202321">
				<ele>485.000000</ele>
			</trkpt>
			<trkpt lat="49.510799" lon="18.202203">
				<ele>485.000000</ele>
			</trkpt>
			<trkpt lat="49.510782" lon="18.202105">
				<ele>485.000000</ele>
			</trkpt>
			<trkpt lat="49.510776" lon="18.202005">
				<ele>485.000000</ele>
			</trkpt>
			<trkpt lat="49.510770" lon="18.201871">
				<ele>485.000000</ele>
			</trkpt>
			<trkpt lat="49.510782" lon="18.201566">
				<ele>485.000000</ele>
			</trkpt>
			<trkpt lat="49.510776" lon="18.201413">
				<ele>485.000000</ele>
			</trkpt>
			<trkpt lat="49.510764" lon="18.201260">
				<ele>485.000000</ele>
			</trkpt>
			<trkpt lat="49.510723" lon="18.201080">
				<ele>485.000000</ele>
			</trkpt>
			<trkpt lat="49.510682" lon="18.200954">
				<ele>485.000000</ele>
			</trkpt>
			<trkpt lat="49.510642" lon="18.200837">
				<ele>485.000000</ele>
			</trkpt>
			<trkpt lat="49.510455" lon="18.200424">
				<ele>485.000000</ele>
			</trkpt>
			<trkpt lat="49.510216" lon="18.199841">
				<ele>485.000000</ele>
			</trkpt>
			<trkpt lat="49.510023" lon="18.199311">
				<ele>485.000000</ele>
			</trkpt>
			<trkpt lat="49.510035" lon="18.199166">
				<ele>485.000000</ele>
			</trkpt>
			<trkpt lat="49.510035" lon="18.199015">
				<ele>483.000000</ele>
			</trkpt>
			<trkpt lat="49.509936" lon="18.197703">
				<ele>477.000000</ele>
			</trkpt>
			<trkpt lat="49.509878" lon="18.197541">
				<ele>478.000000</ele>
			</trkpt>
			<trkpt lat="49.509813" lon="18.197397">
				<ele>479.000000</ele>
			</trkpt>
			<trkpt lat="49.509750" lon="18.197271">
				<ele>480.000000</ele>
			</trkpt>
			<trkpt lat="49.509638" lon="18.197101">
				<ele>481.000000</ele>
			</trkpt>
			<trkpt lat="49.509522" lon="18.196931">
				<ele>482.000000</ele>
			</trkpt>
			<trkpt lat="49.509417" lon="18.196795">
				<ele>483.000000</ele>
			</trkpt>
			<trkpt lat="49.509312" lon="18.196688">
				<ele>484.000000</ele>
			</trkpt>
			<trkpt lat="49.509184" lon="18.196598">
				<ele>485.000000</ele>
			</trkpt>
			<trkpt lat="49.509090" lon="18.196553">
				<ele>486.000000</ele>
			</trkpt>
			<trkpt lat="49.509043" lon="18.196490">
				<ele>486.000000</ele>
			</trkpt>
			<trkpt lat="49.508991" lon="18.196436">
				<ele>486.000000</ele>
			</trkpt>
			<trkpt lat="49.508944" lon="18.196346">
				<ele>487.000000</ele>
			</trkpt>
			<trkpt lat="49.508927" lon="18.196319">
				<ele>487.000000</ele>
			</trkpt>
			<trkpt lat="49.508903" lon="18.196302">
				<ele>487.000000</ele>
			</trkpt>
			<trkpt lat="49.508822" lon="18.196283">
				<ele>488.000000</ele>
			</trkpt>
			<trkpt lat="49.508723" lon="18.196292">
				<ele>488.000000</ele>
			</trkpt>
			<trkpt lat="49.508577" lon="18.196337">
				<ele>489.000000</ele>
			</trkpt>
			<trkpt lat="49.508524" lon="18.196346">
				<ele>489.000000</ele>
			</trkpt>
			<trkpt lat="49.508472" lon="18.196319">
				<ele>489.000000</ele>
			</trkpt>
			<trkpt lat="49.508437" lon="18.196275">
				<ele>490.000000</ele>
			</trkpt>
			<trkpt lat="49.508402" lon="18.196193">
				<ele>490.000000</ele>
			</trkpt>
			<trkpt lat="49.508367" lon="18.196076">
				<ele>491.000000</ele>
			</trkpt>
			<trkpt lat="49.508343" lon="18.195933">
				<ele>492.000000</ele>
			</trkpt>
			<trkpt lat="49.508332" lon="18.195753">
				<ele>493.000000</ele>
			</trkpt>
			<trkpt lat="49.508326" lon="18.195564">
				<ele>494.000000</ele>
			</trkpt>
			<trkpt lat="49.508343" lon="18.195071">
				<ele>497.000000</ele>
			</trkpt>
			<trkpt lat="49.508378" lon="18.194325">
				<ele>502.000000</ele>
			</trkpt>
			<trkpt lat="49.508384" lon="18.194172">
				<ele>503.000000</ele>
			</trkpt>
			<trkpt lat="49.508373" lon="18.194055">
				<ele>504.000000</ele>
			</trkpt>
			<trkpt lat="49.508326" lon="18.193956">
				<ele>505.000000</ele>
			</trkpt>
			<trkpt lat="49.508274" lon="18.193885">
				<ele>505.000000</ele>
			</trkpt>
			<trkpt lat="49.507673" lon="18.193355">
				<ele>509.000000</ele>
			</trkpt>
			<trkpt lat="49.507317" lon="18.193067">
				<ele>511.000000</ele>
			</trkpt>
			<trkpt lat="49.506955" lon="18.192807">
				<ele>514.000000</ele>
			</trkpt>
			<trkpt lat="49.506880" lon="18.192763">
				<ele>513.000000</ele>
			</trkpt>
			<trkpt lat="49.506710" lon="18.192654">
				<ele>512.000000</ele>
			</trkpt>
			<trkpt lat="49.506658" lon="18.192591">
				<ele>512.000000</ele>
			</trkpt>
			<trkpt lat="49.506605" lon="18.192520">
				<ele>511.000000</ele>
			</trkpt>
			<trkpt lat="49.506506" lon="18.192421">
				<ele>511.000000</ele>
			</trkpt>
			<trkpt lat="49.506395" lon="18.192331">
				<ele>510.000000</ele>
			</trkpt>
			<trkpt lat="49.506273" lon="18.192223">
				<ele>511.000000</ele>
			</trkpt>
			<trkpt lat="49.506167" lon="18.192124">
				<ele>513.000000</ele>
			</trkpt>
			<trkpt lat="49.506069" lon="18.192008">
				<ele>514.000000</ele>
			</trkpt>
			<trkpt lat="49.505940" lon="18.191818">
				<ele>516.000000</ele>
			</trkpt>
			<trkpt lat="49.505864" lon="18.191702">
				<ele>517.000000</ele>
			</trkpt>
			<trkpt lat="49.505777" lon="18.191621">
				<ele>517.000000</ele>
			</trkpt>
			<trkpt lat="49.505689" lon="18.191541">
				<ele>518.000000</ele>
			</trkpt>
			<trkpt lat="49.505561" lon="18.191459">
				<ele>519.000000</ele>
			</trkpt>
			<trkpt lat="49.505264" lon="18.191271">
				<ele>521.000000</ele>
			</trkpt>
			<trkpt lat="49.504995" lon="18.191073">
				<ele>522.000000</ele>
			</trkpt>
			<trkpt lat="49.504762" lon="18.190885">
				<ele>523.000000</ele>
			</trkpt>
			<trkpt lat="49.504196" lon="18.190390">
				<ele>526.000000</ele>
			</trkpt>
			<trkpt lat="49.502557" lon="18.188953">
				<ele>537.000000</ele>
			</trkpt>
			<trkpt lat="49.502282" lon="18.188702">
				<ele>538.000000</ele>
			</trkpt>
			<trkpt lat="49.502189" lon="18.188602">
				<ele>539.000000</ele>
			</trkpt>
			<trkpt lat="49.502084" lon="18.188459">
				<ele>540.000000</ele>
			</trkpt>
			<trkpt lat="49.501950" lon="18.188297">
				<ele>540.000000</ele>
			</trkpt>
			<trkpt lat="49.501810" lon="18.188145">
				<ele>541.000000</ele>
			</trkpt>
			<trkpt lat="49.501098" lon="18.187534">
				<ele>544.000000</ele>
			</trkpt>
			<trkpt lat="49.501057" lon="18.187507">
				<ele>544.000000</ele>
			</trkpt>
			<trkpt lat="49.501011" lon="18.187489">
				<ele>544.000000</ele>
			</trkpt>
			<trkpt lat="49.500877" lon="18.187463">
				<ele>545.000000</ele>
			</trkpt>
			<trkpt lat="49.500795" lon="18.187463">
				<ele>545.000000</ele>
			</trkpt>
			<trkpt lat="49.500725" lon="18.187426">
				<ele>545.000000</ele>
			</trkpt>
			<trkpt lat="49.500666" lon="18.187381">
				<ele>545.000000</ele>
			</trkpt>
			<trkpt lat="49.500568" lon="18.187291">
				<ele>545.000000</ele>
			</trkpt>
			<trkpt lat="49.500293" lon="18.187031">
				<ele>545.000000</ele>
			</trkpt>
			<trkpt lat="49.500159" lon="18.186878">
				<ele>545.000000</ele>
			</trkpt>
			<trkpt lat="49.500019" lon="18.186734">
				<ele>545.000000</ele>
			</trkpt>
			<trkpt lat="49.499827" lon="18.186501">
				<ele>545.000000</ele>
			</trkpt>
			<trkpt lat="49.499756" lon="18.186421">
				<ele>545.000000</ele>
			</trkpt>
			<trkpt lat="49.499756" lon="18.186421">
				<ele>545.000000</ele>
			</trkpt>
			<trkpt lat="49.499704" lon="18.186366">
				<ele>545.000000</ele>
			</trkpt>
			<trkpt lat="49.499756" lon="18.186276">
				<ele>551.000000</ele>
			</trkpt>
			<trkpt lat="49.499261" lon="18.185755">
				<ele>547.000000</ele>
			</trkpt>
			<trkpt lat="49.498893" lon="18.185360">
				<ele>545.000000</ele>
			</trkpt>
			<trkpt lat="49.498543" lon="18.184937">
				<ele>542.000000</ele>
			</trkpt>
			<trkpt lat="49.498205" lon="18.184471">
				<ele>540.000000</ele>
			</trkpt>
			<trkpt lat="49.497930" lon="18.184039">
				<ele>537.000000</ele>
			</trkpt>
			<trkpt lat="49.497656" lon="18.183572">
				<ele>535.000000</ele>
			</trkpt>
			<trkpt lat="49.497364" lon="18.183042">
				<ele>532.000000</ele>
			</trkpt>
			<trkpt lat="49.497090" lon="18.182494">
				<ele>530.000000</ele>
			</trkpt>
			<trkpt lat="49.497014" lon="18.182449">
				<ele>529.000000</ele>
			</trkpt>
			<trkpt lat="49.496950" lon="18.182404">
				<ele>529.000000</ele>
			</trkpt>
			<trkpt lat="49.496898" lon="18.182333">
				<ele>528.000000</ele>
			</trkpt>
			<trkpt lat="49.496822" lon="18.182197">
				<ele>527.000000</ele>
			</trkpt>
			<trkpt lat="49.495661" lon="18.180302">
				<ele>513.000000</ele>
			</trkpt>
			<trkpt lat="49.495101" lon="18.179368">
				<ele>506.000000</ele>
			</trkpt>
			<trkpt lat="49.494476" lon="18.178263">
				<ele>499.000000</ele>
			</trkpt>
			<trkpt lat="49.494267" lon="18.177904">
				<ele>496.000000</ele>
			</trkpt>
			<trkpt lat="49.493805" lon="18.177104">
				<ele>492.000000</ele>
			</trkpt>
			<trkpt lat="49.493513" lon="18.176557">
				<ele>489.000000</ele>
			</trkpt>
			<trkpt lat="49.493222" lon="18.175999">
				<ele>485.000000</ele>
			</trkpt>
			<trkpt lat="49.492924" lon="18.175398">
				<ele>482.000000</ele>
			</trkpt>
			<trkpt lat="49.492738" lon="18.175002">
				<ele>480.000000</ele>
			</trkpt>
			<trkpt lat="49.492591" lon="18.174742">
				<ele>478.000000</ele>
			</trkpt>
			<trkpt lat="49.492434" lon="18.174499">
				<ele>477.000000</ele>
			</trkpt>
			<trkpt lat="49.492235" lon="18.174220">
				<ele>475.000000</ele>
			</trkpt>
			<trkpt lat="49.491915" lon="18.173834">
				<ele>472.000000</ele>
			</trkpt>
			<trkpt lat="49.491792" lon="18.173708">
				<ele>471.000000</ele>
			</trkpt>
			<trkpt lat="49.491641" lon="18.173565">
				<ele>470.000000</ele>
			</trkpt>
			<trkpt lat="49.491162" lon="18.173134">
				<ele>468.000000</ele>
			</trkpt>
			<trkpt lat="49.490701" lon="18.172748">
				<ele>466.000000</ele>
			</trkpt>
			<trkpt lat="49.490228" lon="18.172325">
				<ele>463.000000</ele>
			</trkpt>
			<trkpt lat="49.490106" lon="18.172209">
				<ele>462.000000</ele>
			</trkpt>
			<trkpt lat="49.489919" lon="18.172056">
				<ele>461.000000</ele>
			</trkpt>
			<trkpt lat="49.489762" lon="18.171966">
				<ele>460.000000</ele>
			</trkpt>
			<trkpt lat="49.489032" lon="18.171616">
				<ele>456.000000</ele>
			</trkpt>
			<trkpt lat="49.488840" lon="18.171490">
				<ele>455.000000</ele>
			</trkpt>
			<trkpt lat="49.488723" lon="18.171400">
				<ele>455.000000</ele>
			</trkpt>
			<trkpt lat="49.488565" lon="18.171283">
				<ele>454.000000</ele>
			</trkpt>
			<trkpt lat="49.488373" lon="18.171104">
				<ele>453.000000</ele>
			</trkpt>
			<trkpt lat="49.488250" lon="18.170996">
				<ele>453.000000</ele>
			</trkpt>
			<trkpt lat="49.488134" lon="18.170924">
				<ele>452.000000</ele>
			</trkpt>
			<trkpt lat="49.487993" lon="18.170844">
				<ele>451.000000</ele>
			</trkpt>
			<trkpt lat="49.486990" lon="18.170376">
				<ele>448.000000</ele>
			</trkpt>
			<trkpt lat="49.486896" lon="18.170358">
				<ele>447.000000</ele>
			</trkpt>
			<trkpt lat="49.486821" lon="18.170349">
				<ele>447.000000</ele>
			</trkpt>
			<trkpt lat="49.486739" lon="18.170358">
				<ele>447.000000</ele>
			</trkpt>
			<trkpt lat="49.486640" lon="18.170394">
				<ele>446.000000</ele>
			</trkpt>
			<trkpt lat="49.486383" lon="18.170448">
				<ele>445.000000</ele>
			</trkpt>
			<trkpt lat="49.486202" lon="18.170465">
				<ele>445.000000</ele>
			</trkpt>
			<trkpt lat="49.486015" lon="18.170448">
				<ele>445.000000</ele>
			</trkpt>
			<trkpt lat="49.485793" lon="18.170385">
				<ele>444.000000</ele>
			</trkpt>
			<trkpt lat="49.485624" lon="18.170312">
				<ele>444.000000</ele>
			</trkpt>
			<trkpt lat="49.485537" lon="18.170268">
				<ele>444.000000</ele>
			</trkpt>
			<trkpt lat="49.485467" lon="18.170205">
				<ele>444.000000</ele>
			</trkpt>
			<trkpt lat="49.485396" lon="18.170133">
				<ele>444.000000</ele>
			</trkpt>
			<trkpt lat="49.485169" lon="18.170161">
				<ele>443.000000</ele>
			</trkpt>
			<trkpt lat="49.484708" lon="18.170232">
				<ele>442.000000</ele>
			</trkpt>
			<trkpt lat="49.484346" lon="18.170251">
				<ele>441.000000</ele>
			</trkpt>
			<trkpt lat="49.484177" lon="18.170251">
				<ele>440.000000</ele>
			</trkpt>
			<trkpt lat="49.484130" lon="18.170251">
				<ele>440.000000</ele>
			</trkpt>
			<trkpt lat="49.483961" lon="18.170205">
				<ele>440.000000</ele>
			</trkpt>
			<trkpt lat="49.483792" lon="18.170169">
				<ele>439.000000</ele>
			</trkpt>
			<trkpt lat="49.483611" lon="18.170106">
				<ele>439.000000</ele>
			</trkpt>
			<trkpt lat="49.483447" lon="18.170025">
				<ele>438.000000</ele>
			</trkpt>
			<trkpt lat="49.483243" lon="18.169899">
				<ele>438.000000</ele>
			</trkpt>
			<trkpt lat="49.482916" lon="18.169649">
				<ele>437.000000</ele>
			</trkpt>
			<trkpt lat="49.482811" lon="18.169828">
				<ele>437.000000</ele>
			</trkpt>
			<trkpt lat="49.482618" lon="18.169712">
				<ele>438.000000</ele>
			</trkpt>
			<trkpt lat="49.482671" lon="18.169450">
				<ele>436.000000</ele>
			</trkpt>
			<trkpt lat="49.482350" lon="18.169190">
				<ele>435.000000</ele>
			</trkpt>
			<trkpt lat="49.481965" lon="18.168894">
				<ele>434.000000</ele>
			</trkpt>
			<trkpt lat="49.481830" lon="18.168786">
				<ele>433.000000</ele>
			</trkpt>
			<trkpt lat="49.481749" lon="18.168920">
				<ele>434.000000</ele>
			</trkpt>
			<trkpt lat="49.481655" lon="18.169010">
				<ele>434.000000</ele>
			</trkpt>
			<trkpt lat="49.481545" lon="18.169073">
				<ele>434.000000</ele>
			</trkpt>
			<trkpt lat="49.481411" lon="18.169110">
				<ele>434.000000</ele>
			</trkpt>
			<trkpt lat="49.481317" lon="18.169110">
				<ele>434.000000</ele>
			</trkpt>
			<trkpt lat="49.481096" lon="18.169083">
				<ele>435.000000</ele>
			</trkpt>
			<trkpt lat="49.480874" lon="18.169020">
				<ele>436.000000</ele>
			</trkpt>
			<trkpt lat="49.480739" lon="18.168974">
				<ele>436.000000</ele>
			</trkpt>
			<trkpt lat="49.480558" lon="18.168939">
				<ele>437.000000</ele>
			</trkpt>
			<trkpt lat="49.480453" lon="18.168930">
				<ele>437.000000</ele>
			</trkpt>
			<trkpt lat="49.480354" lon="18.168966">
				<ele>438.000000</ele>
			</trkpt>
			<trkpt lat="49.480261" lon="18.169029">
				<ele>438.000000</ele>
			</trkpt>
			<trkpt lat="49.480086" lon="18.169199">
				<ele>439.000000</ele>
			</trkpt>
			<trkpt lat="49.479928" lon="18.169352">
				<ele>439.000000</ele>
			</trkpt>
			<trkpt lat="49.479881" lon="18.169379">
				<ele>440.000000</ele>
			</trkpt>
			<trkpt lat="49.479829" lon="18.169388">
				<ele>440.000000</ele>
			</trkpt>
			<trkpt lat="49.479595" lon="18.169379">
				<ele>441.000000</ele>
			</trkpt>
			<trkpt lat="49.479280" lon="18.169352">
				<ele>442.000000</ele>
			</trkpt>
			<trkpt lat="49.479164" lon="18.169370">
				<ele>442.000000</ele>
			</trkpt>
			<trkpt lat="49.479064" lon="18.169406">
				<ele>443.000000</ele>
			</trkpt>
			<trkpt lat="49.478959" lon="18.169486">
				<ele>443.000000</ele>
			</trkpt>
			<trkpt lat="49.478860" lon="18.169603">
				<ele>443.000000</ele>
			</trkpt>
			<trkpt lat="49.478773" lon="18.169712">
				<ele>444.000000</ele>
			</trkpt>
			<trkpt lat="49.478720" lon="18.169802">
				<ele>444.000000</ele>
			</trkpt>
			<trkpt lat="49.478679" lon="18.169891">
				<ele>444.000000</ele>
			</trkpt>
			<trkpt lat="49.478638" lon="18.170016">
				<ele>445.000000</ele>
			</trkpt>
			<trkpt lat="49.478539" lon="18.169855">
				<ele>444.000000</ele>
			</trkpt>
			<trkpt lat="49.478417" lon="18.169712">
				<ele>442.000000</ele>
			</trkpt>
			<trkpt lat="49.478277" lon="18.169603">
				<ele>441.000000</ele>
			</trkpt>
			<trkpt lat="49.478107" lon="18.169513">
				<ele>440.000000</ele>
			</trkpt>
			<trkpt lat="49.477990" lon="18.169450">
				<ele>440.000000</ele>
			</trkpt>
			<trkpt lat="49.477874" lon="18.169360">
				<ele>439.000000</ele>
			</trkpt>
			<trkpt lat="49.477786" lon="18.169262">
				<ele>439.000000</ele>
			</trkpt>
			<trkpt lat="49.477705" lon="18.169146">
				<ele>439.000000</ele>
			</trkpt>
			<trkpt lat="49.477558" lon="18.168867">
				<ele>438.000000</ele>
			</trkpt>
			<trkpt lat="49.477611" lon="18.168823">
				<ele>438.000000</ele>
			</trkpt>
			<trkpt lat="49.477640" lon="18.168741">
				<ele>437.000000</ele>
			</trkpt>
			<trkpt lat="49.477646" lon="18.168643">
				<ele>437.000000</ele>
			</trkpt>
			<trkpt lat="49.477623" lon="18.168490">
				<ele>436.000000</ele>
			</trkpt>
			<trkpt lat="49.477442" lon="18.167465">
				<ele>432.000000</ele>
			</trkpt>
			<trkpt lat="49.477360" lon="18.167062">
				<ele>430.000000</ele>
			</trkpt>
			<trkpt lat="49.477336" lon="18.166953">
				<ele>429.000000</ele>
			</trkpt>
			<trkpt lat="49.477331" lon="18.166855">
				<ele>429.000000</ele>
			</trkpt>
			<trkpt lat="49.477336" lon="18.166756">
				<ele>428.000000</ele>
			</trkpt>
			<trkpt lat="49.477348" lon="18.166657">
				<ele>428.000000</ele>
			</trkpt>
			<trkpt lat="49.477395" lon="18.166460">
				<ele>426.000000</ele>
			</trkpt>
			<trkpt lat="49.477459" lon="18.166270">
				<ele>425.000000</ele>
			</trkpt>
			<trkpt lat="49.477588" lon="18.166163">
				<ele>425.000000</ele>
			</trkpt>
			<trkpt lat="49.477634" lon="18.166109">
				<ele>424.000000</ele>
			</trkpt>
			<trkpt lat="49.477658" lon="18.166046">
				<ele>424.000000</ele>
			</trkpt>
			<trkpt lat="49.477699" lon="18.165983">
				<ele>424.000000</ele>
			</trkpt>
			<trkpt lat="49.477716" lon="18.165884">
				<ele>423.000000</ele>
			</trkpt>
			<trkpt lat="49.477780" lon="18.165597">
				<ele>422.000000</ele>
			</trkpt>
			<trkpt lat="49.477342" lon="18.165255">
				<ele>422.000000</ele>
			</trkpt>
			<trkpt lat="49.477290" lon="18.165219">
				<ele>422.000000</ele>
			</trkpt>
			<trkpt lat="49.476805" lon="18.164842">
				<ele>421.000000</ele>
			</trkpt>
			<trkpt lat="49.476642" lon="18.164735">
				<ele>420.000000</ele>
			</trkpt>
			<trkpt lat="49.476017" lon="18.164286">
				<ele>419.000000</ele>
			</trkpt>
			<trkpt lat="49.475340" lon="18.163809">
				<ele>417.000000</ele>
			</trkpt>
			<trkpt lat="49.474313" lon="18.163100">
				<ele>414.000000</ele>
			</trkpt>
			<trkpt lat="49.474092" lon="18.162947">
				<ele>413.000000</ele>
			</trkpt>
			<trkpt lat="49.474004" lon="18.162894">
				<ele>413.000000</ele>
			</trkpt>
			<trkpt lat="49.472819" lon="18.162093">
				<ele>409.000000</ele>
			</trkpt>
			<trkpt lat="49.472334" lon="18.161770">
				<ele>407.000000</ele>
			</trkpt>
			<trkpt lat="49.472054" lon="18.161573">
				<ele>406.000000</ele>
			</trkpt>
			<trkpt lat="49.470711" lon="18.160665">
				<ele>402.000000</ele>
			</trkpt>
			<trkpt lat="49.469136" lon="18.159615">
				<ele>397.000000</ele>
			</trkpt>
			<trkpt lat="49.468353" lon="18.159085">
				<ele>395.000000</ele>
			</trkpt>
			<trkpt lat="49.468201" lon="18.158976">
				<ele>394.000000</ele>
			</trkpt>
			<trkpt lat="49.467670" lon="18.158599">
				<ele>393.000000</ele>
			</trkpt>
			<trkpt lat="49.466876" lon="18.157961">
				<ele>391.000000</ele>
			</trkpt>
			<trkpt lat="49.466473" lon="18.157620">
				<ele>390.000000</ele>
			</trkpt>
			<trkpt lat="49.465989" lon="18.157234">
				<ele>389.000000</ele>
			</trkpt>
			<trkpt lat="49.465895" lon="18.157152">
				<ele>388.000000</ele>
			</trkpt>
			<trkpt lat="49.465574" lon="18.156883">
				<ele>387.000000</ele>
			</trkpt>
			<trkpt lat="49.465580" lon="18.156326">
				<ele>386.000000</ele>
			</trkpt>
			<trkpt lat="49.465574" lon="18.155716">
				<ele>386.000000</ele>
			</trkpt>
			<trkpt lat="49.465562" lon="18.155491">
				<ele>386.000000</ele>
			</trkpt>
			<trkpt lat="49.465521" lon="18.155177">
				<ele>385.000000</ele>
			</trkpt>
			<trkpt lat="49.465469" lon="18.154835">
				<ele>385.000000</ele>
			</trkpt>
			<trkpt lat="49.465387" lon="18.154485">
				<ele>385.000000</ele>
			</trkpt>
			<trkpt lat="49.465294" lon="18.154125">
				<ele>384.000000</ele>
			</trkpt>
			<trkpt lat="49.465177" lon="18.153757">
				<ele>384.000000</ele>
			</trkpt>
			<trkpt lat="49.464774" lon="18.152643">
				<ele>383.000000</ele>
			</trkpt>
			<trkpt lat="49.464686" lon="18.152320">
				<ele>382.000000</ele>
			</trkpt>
			<trkpt lat="49.464664" lon="18.152221">
				<ele>382.000000</ele>
			</trkpt>
			<trkpt lat="49.464664" lon="18.152221">
				<ele>382.000000</ele>
			</trkpt>
			<trkpt lat="49.464611" lon="18.152024">
				<ele>382.000000</ele>
			</trkpt>
			<trkpt lat="49.464505" lon="18.151548">
				<ele>382.000000</ele>
			</trkpt>
			<trkpt lat="49.464348" lon="18.150775">
				<ele>381.000000</ele>
			</trkpt>
			<trkpt lat="49.464220" lon="18.150217">
				<ele>380.000000</ele>
			</trkpt>
			<trkpt lat="49.464062" lon="18.149670">
				<ele>380.000000</ele>
			</trkpt>
			<trkpt lat="49.463840" lon="18.148988">
				<ele>380.000000</ele>
			</trkpt>
			<trkpt lat="49.463724" lon="18.148682">
				<ele>380.000000</ele>
			</trkpt>
			<trkpt lat="49.463513" lon="18.148097">
				<ele>379.000000</ele>
			</trkpt>
			<trkpt lat="49.463379" lon="18.147667">
				<ele>379.000000</ele>
			</trkpt>
			<trkpt lat="49.463268" lon="18.147191">
				<ele>379.000000</ele>
			</trkpt>
			<trkpt lat="49.463139" lon="18.146517">
				<ele>378.000000</ele>
			</trkpt>
			<trkpt lat="49.463070" lon="18.146112">
				<ele>378.000000</ele>
			</trkpt>
			<trkpt lat="49.462970" lon="18.145537">
				<ele>378.000000</ele>
			</trkpt>
			<trkpt lat="49.462859" lon="18.145034">
				<ele>378.000000</ele>
			</trkpt>
			<trkpt lat="49.462731" lon="18.144531">
				<ele>378.000000</ele>
			</trkpt>
			<trkpt lat="49.462533" lon="18.143812">
				<ele>377.000000</ele>
			</trkpt>
			<trkpt lat="49.462415" lon="18.143418">
				<ele>377.000000</ele>
			</trkpt>
			<trkpt lat="49.462333" lon="18.143122">
				<ele>377.000000</ele>
			</trkpt>
			<trkpt lat="49.462270" lon="18.142860">
				<ele>377.000000</ele>
			</trkpt>
			<trkpt lat="49.461966" lon="18.141764">
				<ele>376.000000</ele>
			</trkpt>
			<trkpt lat="49.461837" lon="18.141315">
				<ele>376.000000</ele>
			</trkpt>
			<trkpt lat="49.461703" lon="18.140921">
				<ele>376.000000</ele>
			</trkpt>
			<trkpt lat="49.461569" lon="18.140579">
				<ele>376.000000</ele>
			</trkpt>
			<trkpt lat="49.461405" lon="18.140237">
				<ele>375.000000</ele>
			</trkpt>
			<trkpt lat="49.461224" lon="18.139879">
				<ele>375.000000</ele>
			</trkpt>
			<trkpt lat="49.460944" lon="18.139420">
				<ele>375.000000</ele>
			</trkpt>
			<trkpt lat="49.460676" lon="18.138998">
				<ele>375.000000</ele>
			</trkpt>
			<trkpt lat="49.460571" lon="18.138827">
				<ele>374.000000</ele>
			</trkpt>
			<trkpt lat="49.460518" lon="18.138747">
				<ele>374.000000</ele>
			</trkpt>
			<trkpt lat="49.460442" lon="18.138602">
				<ele>374.000000</ele>
			</trkpt>
			<trkpt lat="49.460355" lon="18.138414">
				<ele>374.000000</ele>
			</trkpt>
			<trkpt lat="49.460273" lon="18.138216">
				<ele>374.000000</ele>
			</trkpt>
			<trkpt lat="49.460202" lon="18.138046">
				<ele>374.000000</ele>
			</trkpt>
			<trkpt lat="49.460238" lon="18.137856">
				<ele>374.000000</ele>
			</trkpt>
			<trkpt lat="49.460255" lon="18.137776">
				<ele>374.000000</ele>
			</trkpt>
			<trkpt lat="49.460284" lon="18.137705">
				<ele>374.000000</ele>
			</trkpt>
			<trkpt lat="49.460325" lon="18.137623">
				<ele>374.000000</ele>
			</trkpt>
			<trkpt lat="49.460372" lon="18.137560">
				<ele>374.000000</ele>
			</trkpt>
			<trkpt lat="49.460483" lon="18.137443">
				<ele>374.000000</ele>
			</trkpt>
			<trkpt lat="49.460599" lon="18.137453">
				<ele>374.000000</ele>
			</trkpt>
			<trkpt lat="49.460752" lon="18.137497">
				<ele>374.000000</ele>
			</trkpt>
			<trkpt lat="49.460752" lon="18.136877">
				<ele>374.000000</ele>
			</trkpt>
			<trkpt lat="49.460746" lon="18.135432">
				<ele>373.000000</ele>
			</trkpt>
			<trkpt lat="49.460793" lon="18.135269">
				<ele>373.000000</ele>
			</trkpt>
			<trkpt lat="49.460827" lon="18.134677">
				<ele>373.000000</ele>
			</trkpt>
			<trkpt lat="49.460868" lon="18.134434">
				<ele>373.000000</ele>
			</trkpt>
			<trkpt lat="49.461177" lon="18.133680">
				<ele>375.000000</ele>
			</trkpt>
			<trkpt lat="49.461399" lon="18.133114">
				<ele>373.000000</ele>
			</trkpt>
			<trkpt lat="49.461423" lon="18.133015">
				<ele>373.000000</ele>
			</trkpt>
			<trkpt lat="49.461417" lon="18.132826">
				<ele>373.000000</ele>
			</trkpt>
			<trkpt lat="49.461552" lon="18.132809">
				<ele>373.000000</ele>
			</trkpt>
			<trkpt lat="49.461633" lon="18.132799">
				<ele>373.000000</ele>
			</trkpt>
			<trkpt lat="49.461814" lon="18.132782">
				<ele>375.000000</ele>
			</trkpt>
			<trkpt lat="49.462124" lon="18.132755">
				<ele>373.000000</ele>
			</trkpt>
			<trkpt lat="49.462112" lon="18.132206">
				<ele>373.000000</ele>
			</trkpt>
			<trkpt lat="49.462100" lon="18.131956">
				<ele>373.000000</ele>
			</trkpt>
			<trkpt lat="49.462089" lon="18.131677">
				<ele>373.000000</ele>
			</trkpt>
			<trkpt lat="49.462071" lon="18.131371">
				<ele>373.000000</ele>
			</trkpt>
			<trkpt lat="49.462059" lon="18.130797">
				<ele>373.000000</ele>
			</trkpt>
			<trkpt lat="49.462048" lon="18.130239">
				<ele>374.000000</ele>
			</trkpt>
			<trkpt lat="49.462042" lon="18.129817">
				<ele>374.000000</ele>
			</trkpt>
			<trkpt lat="49.462036" lon="18.129340">
				<ele>373.000000</ele>
			</trkpt>
			<trkpt lat="49.462036" lon="18.129340">
				<ele>373.000000</ele>
			</trkpt>
			<trkpt lat="49.462030" lon="18.129153">
				<ele>373.000000</ele>
			</trkpt>
			<trkpt lat="49.462030" lon="18.128541">
				<ele>372.000000</ele>
			</trkpt>
			<trkpt lat="49.462030" lon="18.128254">
				<ele>372.000000</ele>
			</trkpt>
			<trkpt lat="49.462024" lon="18.127724">
				<ele>371.000000</ele>
			</trkpt>
			<trkpt lat="49.462013" lon="18.124769">
				<ele>368.000000</ele>
			</trkpt>
			<trkpt lat="49.462007" lon="18.123377">
				<ele>368.000000</ele>
			</trkpt>
			<trkpt lat="49.461995" lon="18.122369">
				<ele>367.000000</ele>
			</trkpt>
			<trkpt lat="49.461242" lon="18.122388">
				<ele>366.000000</ele>
			</trkpt>
			<trkpt lat="49.460810" lon="18.122388">
				<ele>366.000000</ele>
			</trkpt>
			<trkpt lat="49.460495" lon="18.122388">
				<ele>366.000000</ele>
			</trkpt>
			<trkpt lat="49.460424" lon="18.122369">
				<ele>366.000000</ele>
			</trkpt>
			<trkpt lat="49.460360" lon="18.122352">
				<ele>366.000000</ele>
			</trkpt>
			<trkpt lat="49.460308" lon="18.122308">
				<ele>366.000000</ele>
			</trkpt>
			<trkpt lat="49.460249" lon="18.122235">
				<ele>366.000000</ele>
			</trkpt>
			<trkpt lat="49.460267" lon="18.122191">
				<ele>366.000000</ele>
			</trkpt>
			<trkpt lat="49.460279" lon="18.122119">
				<ele>366.000000</ele>
			</trkpt>
			<trkpt lat="49.460273" lon="18.121975">
				<ele>366.000000</ele>
			</trkpt>
			<trkpt lat="49.460243" lon="18.121777">
				<ele>366.000000</ele>
			</trkpt>
			<trkpt lat="49.460179" lon="18.121507">
				<ele>366.000000</ele>
			</trkpt>
			<trkpt lat="49.460121" lon="18.121283">
				<ele>366.000000</ele>
			</trkpt>
			<trkpt lat="49.460092" lon="18.121059">
				<ele>366.000000</ele>
			</trkpt>
			<trkpt lat="49.460080" lon="18.120851">
				<ele>366.000000</ele>
			</trkpt>
			<trkpt lat="49.460080" lon="18.120520">
				<ele>366.000000</ele>
			</trkpt>
			<trkpt lat="49.460127" lon="18.117438">
				<ele>365.000000</ele>
			</trkpt>
			<trkpt lat="49.460139" lon="18.116513">
				<ele>365.000000</ele>
			</trkpt>
			<trkpt lat="49.460156" lon="18.116333">
				<ele>365.000000</ele>
			</trkpt>
			<trkpt lat="49.460185" lon="18.116153">
				<ele>365.000000</ele>
			</trkpt>
			<trkpt lat="49.460238" lon="18.116000">
				<ele>365.000000</ele>
			</trkpt>
			<trkpt lat="49.460290" lon="18.115903">
				<ele>365.000000</ele>
			</trkpt>
			<trkpt lat="49.460337" lon="18.115857">
				<ele>365.000000</ele>
			</trkpt>
			<trkpt lat="49.460396" lon="18.115821">
				<ele>365.000000</ele>
			</trkpt>
			<trkpt lat="49.460448" lon="18.115794">
				<ele>365.000000</ele>
			</trkpt>
			<trkpt lat="49.460500" lon="18.115786">
				<ele>365.000000</ele>
			</trkpt>
			<trkpt lat="49.460950" lon="18.115759">
				<ele>365.000000</ele>
			</trkpt>
			<trkpt lat="49.461394" lon="18.115750">
				<ele>365.000000</ele>
			</trkpt>
			<trkpt lat="49.461405" lon="18.115750">
				<ele>365.000000</ele>
			</trkpt>
			<trkpt lat="49.461493" lon="18.115740">
				<ele>365.000000</ele>
			</trkpt>
			<trkpt lat="49.461557" lon="18.115704">
				<ele>365.000000</ele>
			</trkpt>
			<trkpt lat="49.461610" lon="18.115650">
				<ele>365.000000</ele>
			</trkpt>
			<trkpt lat="49.461639" lon="18.115561">
				<ele>365.000000</ele>
			</trkpt>
			<trkpt lat="49.461761" lon="18.115138">
				<ele>365.000000</ele>
			</trkpt>
			<trkpt lat="49.461832" lon="18.114932">
				<ele>365.000000</ele>
			</trkpt>
			<trkpt lat="49.461896" lon="18.114788">
				<ele>365.000000</ele>
			</trkpt>
			<trkpt lat="49.461966" lon="18.114635">
				<ele>365.000000</ele>
			</trkpt>
			<trkpt lat="49.462042" lon="18.114492">
				<ele>365.000000</ele>
			</trkpt>
			<trkpt lat="49.462135" lon="18.114358">
				<ele>365.000000</ele>
			</trkpt>
			<trkpt lat="49.462252" lon="18.114186">
				<ele>365.000000</ele>
			</trkpt>
			<trkpt lat="49.462311" lon="18.114105">
				<ele>365.000000</ele>
			</trkpt>
			<trkpt lat="49.462713" lon="18.113593">
				<ele>365.000000</ele>
			</trkpt>
			<trkpt lat="49.462906" lon="18.113316">
				<ele>365.000000</ele>
			</trkpt>
			<trkpt lat="49.462999" lon="18.113163">
				<ele>365.000000</ele>
			</trkpt>
			<trkpt lat="49.463075" lon="18.113027">
				<ele>365.000000</ele>
			</trkpt>
			<trkpt lat="49.463146" lon="18.112893">
				<ele>365.000000</ele>
			</trkpt>
			<trkpt lat="49.463204" lon="18.112731">
				<ele>365.000000</ele>
			</trkpt>
			<trkpt lat="49.463250" lon="18.112578">
				<ele>365.000000</ele>
			</trkpt>
			<trkpt lat="49.463291" lon="18.112417">
				<ele>365.000000</ele>
			</trkpt>
			<trkpt lat="49.463327" lon="18.112210">
				<ele>365.000000</ele>
			</trkpt>
			<trkpt lat="49.463355" lon="18.111949">
				<ele>365.000000</ele>
			</trkpt>
			<trkpt lat="49.463431" lon="18.111213">
				<ele>365.000000</ele>
			</trkpt>
			<trkpt lat="49.463484" lon="18.110566">
				<ele>365.000000</ele>
			</trkpt>
			<trkpt lat="49.463530" lon="18.109874">
				<ele>365.000000</ele>
			</trkpt>
			<trkpt lat="49.463589" lon="18.108779">
				<ele>365.000000</ele>
			</trkpt>
			<trkpt lat="49.463595" lon="18.108492">
				<ele>365.000000</ele>
			</trkpt>
			<trkpt lat="49.463595" lon="18.108230">
				<ele>365.000000</ele>
			</trkpt>
			<trkpt lat="49.463571" lon="18.107987">
				<ele>365.000000</ele>
			</trkpt>
			<trkpt lat="49.463542" lon="18.107781">
				<ele>365.000000</ele>
			</trkpt>
			<trkpt lat="49.463484" lon="18.107629">
				<ele>365.000000</ele>
			</trkpt>
			<trkpt lat="49.463431" lon="18.107494">
				<ele>365.000000</ele>
			</trkpt>
			<trkpt lat="49.463286" lon="18.107224">
				<ele>365.000000</ele>
			</trkpt>
			<trkpt lat="49.462789" lon="18.106379">
				<ele>365.000000</ele>
			</trkpt>
			<trkpt lat="49.462749" lon="18.106299">
				<ele>365.000000</ele>
			</trkpt>
			<trkpt lat="49.462702" lon="18.106200">
				<ele>365.000000</ele>
			</trkpt>
			<trkpt lat="49.462655" lon="18.106012">
				<ele>365.000000</ele>
			</trkpt>
			<trkpt lat="49.462626" lon="18.105805">
				<ele>365.000000</ele>
			</trkpt>
			<trkpt lat="49.462608" lon="18.105455">
				<ele>365.000000</ele>
			</trkpt>
			<trkpt lat="49.462591" lon="18.105014">
				<ele>365.000000</ele>
			</trkpt>
			<trkpt lat="49.462579" lon="18.104440">
				<ele>365.000000</ele>
			</trkpt>
			<trkpt lat="49.462585" lon="18.103955">
				<ele>365.000000</ele>
			</trkpt>
			<trkpt lat="49.462608" lon="18.103389">
				<ele>365.000000</ele>
			</trkpt>
			<trkpt lat="49.462643" lon="18.102750">
				<ele>364.000000</ele>
			</trkpt>
			<trkpt lat="49.462708" lon="18.102068">
				<ele>363.000000</ele>
			</trkpt>
			<trkpt lat="49.462824" lon="18.101071">
				<ele>363.000000</ele>
			</trkpt>
			<trkpt lat="49.462871" lon="18.100613">
				<ele>362.000000</ele>
			</trkpt>
			<trkpt lat="49.462918" lon="18.100182">
				<ele>362.000000</ele>
			</trkpt>
			<trkpt lat="49.462970" lon="18.099930">
				<ele>361.000000</ele>
			</trkpt>
			<trkpt lat="49.462970" lon="18.099930">
				<ele>361.000000</ele>
			</trkpt>
			<trkpt lat="49.462982" lon="18.099867">
				<ele>361.000000</ele>
			</trkpt>
			<trkpt lat="49.463116" lon="18.099221">
				<ele>361.000000</ele>
			</trkpt>
			<trkpt lat="49.463151" lon="18.099005">
				<ele>361.000000</ele>
			</trkpt>
			<trkpt lat="49.463180" lon="18.098735">
				<ele>360.000000</ele>
			</trkpt>
			<trkpt lat="49.463233" lon="18.098242">
				<ele>360.000000</ele>
			</trkpt>
			<trkpt lat="49.463286" lon="18.097900">
				<ele>360.000000</ele>
			</trkpt>
			<trkpt lat="49.463367" lon="18.097567">
				<ele>360.000000</ele>
			</trkpt>
			<trkpt lat="49.463484" lon="18.097208">
				<ele>360.000000</ele>
			</trkpt>
			<trkpt lat="49.463601" lon="18.096876">
				<ele>360.000000</ele>
			</trkpt>
			<trkpt lat="49.463653" lon="18.096705">
				<ele>360.000000</ele>
			</trkpt>
			<trkpt lat="49.463694" lon="18.096517">
				<ele>360.000000</ele>
			</trkpt>
			<trkpt lat="49.463717" lon="18.096310">
				<ele>360.000000</ele>
			</trkpt>
			<trkpt lat="49.463752" lon="18.095879">
				<ele>360.000000</ele>
			</trkpt>
			<trkpt lat="49.463799" lon="18.095609">
				<ele>360.000000</ele>
			</trkpt>
			<trkpt lat="49.463858" lon="18.095339">
				<ele>360.000000</ele>
			</trkpt>
			<trkpt lat="49.463945" lon="18.095070">
				<ele>360.000000</ele>
			</trkpt>
			<trkpt lat="49.464039" lon="18.094710">
				<ele>360.000000</ele>
			</trkpt>
			<trkpt lat="49.464062" lon="18.094523">
				<ele>359.000000</ele>
			</trkpt>
			<trkpt lat="49.464062" lon="18.094423">
				<ele>359.000000</ele>
			</trkpt>
			<trkpt lat="49.464074" lon="18.093731">
				<ele>356.000000</ele>
			</trkpt>
			<trkpt lat="49.464080" lon="18.093418">
				<ele>355.000000</ele>
			</trkpt>
			<trkpt lat="49.464068" lon="18.093282">
				<ele>355.000000</ele>
			</trkpt>
			<trkpt lat="49.464045" lon="18.093184">
				<ele>355.000000</ele>
			</trkpt>
			<trkpt lat="49.463998" lon="18.093085">
				<ele>355.000000</ele>
			</trkpt>
			<trkpt lat="49.463916" lon="18.092915">
				<ele>355.000000</ele>
			</trkpt>
			<trkpt lat="49.463852" lon="18.092825">
				<ele>354.000000</ele>
			</trkpt>
			<trkpt lat="49.463799" lon="18.092762">
				<ele>354.000000</ele>
			</trkpt>
			<trkpt lat="49.463741" lon="18.092716">
				<ele>354.000000</ele>
			</trkpt>
			<trkpt lat="49.463653" lon="18.092689">
				<ele>354.000000</ele>
			</trkpt>
			<trkpt lat="49.463560" lon="18.092653">
				<ele>354.000000</ele>
			</trkpt>
			<trkpt lat="49.463455" lon="18.092645">
				<ele>354.000000</ele>
			</trkpt>
			<trkpt lat="49.463338" lon="18.092349">
				<ele>353.000000</ele>
			</trkpt>
			<trkpt lat="49.463221" lon="18.092357">
				<ele>353.000000</ele>
			</trkpt>
			<trkpt lat="49.463133" lon="18.091397">
				<ele>353.000000</ele>
			</trkpt>
			<trkpt lat="49.463128" lon="18.091297">
				<ele>353.000000</ele>
			</trkpt>
			<trkpt lat="49.463099" lon="18.090857">
				<ele>352.000000</ele>
			</trkpt>
			<trkpt lat="49.463058" lon="18.090399">
				<ele>352.000000</ele>
			</trkpt>
			<trkpt lat="49.463052" lon="18.090273">
				<ele>352.000000</ele>
			</trkpt>
			<trkpt lat="49.463029" lon="18.090022">
				<ele>352.000000</ele>
			</trkpt>
			<trkpt lat="49.463034" lon="18.088548">
				<ele>351.000000</ele>
			</trkpt>
			<trkpt lat="49.463146" lon="18.086743">
				<ele>350.000000</ele>
			</trkpt>
			<trkpt lat="49.463180" lon="18.086105">
				<ele>350.000000</ele>
			</trkpt>
			<trkpt lat="49.463215" lon="18.085494">
				<ele>350.000000</ele>
			</trkpt>
			<trkpt lat="49.463256" lon="18.084839">
				<ele>350.000000</ele>
			</trkpt>
			<trkpt lat="49.463303" lon="18.083500">
				<ele>350.000000</ele>
			</trkpt>
			<trkpt lat="49.463327" lon="18.083311">
				<ele>350.000000</ele>
			</trkpt>
			<trkpt lat="49.463367" lon="18.083131">
				<ele>350.000000</ele>
			</trkpt>
			<trkpt lat="49.463461" lon="18.082915">
				<ele>350.000000</ele>
			</trkpt>
			<trkpt lat="49.463530" lon="18.082799">
				<ele>350.000000</ele>
			</trkpt>
			<trkpt lat="49.463659" lon="18.082557">
				<ele>350.000000</ele>
			</trkpt>
			<trkpt lat="49.463916" lon="18.082099">
				<ele>350.000000</ele>
			</trkpt>
			<trkpt lat="49.464669" lon="18.080770">
				<ele>350.000000</ele>
			</trkpt>
			<trkpt lat="49.465247" lon="18.079754">
				<ele>350.000000</ele>
			</trkpt>
			<trkpt lat="49.465282" lon="18.079691">
				<ele>350.000000</ele>
			</trkpt>
			<trkpt lat="49.465399" lon="18.079466">
				<ele>350.000000</ele>
			</trkpt>
			<trkpt lat="49.465463" lon="18.079313">
				<ele>350.000000</ele>
			</trkpt>
			<trkpt lat="49.465516" lon="18.079152">
				<ele>350.000000</ele>
			</trkpt>
			<trkpt lat="49.465557" lon="18.078973">
				<ele>350.000000</ele>
			</trkpt>
			<trkpt lat="49.465790" lon="18.077678">
				<ele>350.000000</ele>
			</trkpt>
			<trkpt lat="49.465936" lon="18.076942">
				<ele>349.000000</ele>
			</trkpt>
			<trkpt lat="49.465954" lon="18.076862">
				<ele>349.000000</ele>
			</trkpt>
			<trkpt lat="49.465977" lon="18.076709">
				<ele>348.000000</ele>
			</trkpt>
			<trkpt lat="49.465995" lon="18.076573">
				<ele>348.000000</ele>
			</trkpt>
			<trkpt lat="49.466000" lon="18.076422">
				<ele>348.000000</ele>
			</trkpt>
			<trkpt lat="49.466006" lon="18.076269">
				<ele>347.000000</ele>
			</trkpt>
			<trkpt lat="49.465989" lon="18.076133">
				<ele>347.000000</ele>
			</trkpt>
			<trkpt lat="49.465977" lon="18.075963">
				<ele>347.000000</ele>
			</trkpt>
			<trkpt lat="49.465825" lon="18.075020">
				<ele>345.000000</ele>
			</trkpt>
			<trkpt lat="49.465755" lon="18.074768">
				<ele>345.000000</ele>
			</trkpt>
			<trkpt lat="49.465603" lon="18.074175">
				<ele>344.000000</ele>
			</trkpt>
			<trkpt lat="49.465510" lon="18.073852">
				<ele>344.000000</ele>
			</trkpt>
			<trkpt lat="49.465498" lon="18.073772">
				<ele>343.000000</ele>
			</trkpt>
			<trkpt lat="49.465370" lon="18.073331">
				<ele>343.000000</ele>
			</trkpt>
			<trkpt lat="49.465323" lon="18.073070">
				<ele>343.000000</ele>
			</trkpt>
			<trkpt lat="49.465305" lon="18.072917">
				<ele>343.000000</ele>
			</trkpt>
			<trkpt lat="49.465300" lon="18.072747">
				<ele>342.000000</ele>
			</trkpt>
			<trkpt lat="49.465294" lon="18.071229">
				<ele>341.000000</ele>
			</trkpt>
			<trkpt lat="49.465282" lon="18.070735">
				<ele>340.000000</ele>
			</trkpt>
			<trkpt lat="49.465247" lon="18.070277">
				<ele>340.000000</ele>
			</trkpt>
			<trkpt lat="49.465206" lon="18.070034">
				<ele>340.000000</ele>
			</trkpt>
			<trkpt lat="49.465177" lon="18.069801">
				<ele>340.000000</ele>
			</trkpt>
			<trkpt lat="49.465061" lon="18.069252">
				<ele>339.000000</ele>
			</trkpt>
			<trkpt lat="49.465002" lon="18.068992">
				<ele>339.000000</ele>
			</trkpt>
			<trkpt lat="49.464973" lon="18.068776">
				<ele>339.000000</ele>
			</trkpt>
			<trkpt lat="49.464961" lon="18.068533">
				<ele>339.000000</ele>
			</trkpt>
			<trkpt lat="49.464961" lon="18.068256">
				<ele>339.000000</ele>
			</trkpt>
			<trkpt lat="49.464990" lon="18.067151">
				<ele>338.000000</ele>
			</trkpt>
			<trkpt lat="49.464984" lon="18.066864">
				<ele>338.000000</ele>
			</trkpt>
			<trkpt lat="49.464967" lon="18.066531">
				<ele>338.000000</ele>
			</trkpt>
			<trkpt lat="49.464949" lon="18.066298">
				<ele>337.000000</ele>
			</trkpt>
			<trkpt lat="49.464955" lon="18.066118">
				<ele>337.000000</ele>
			</trkpt>
			<trkpt lat="49.464955" lon="18.065965">
				<ele>337.000000</ele>
			</trkpt>
			<trkpt lat="49.464979" lon="18.065857">
				<ele>337.000000</ele>
			</trkpt>
			<trkpt lat="49.465008" lon="18.065759">
				<ele>337.000000</ele>
			</trkpt>
			<trkpt lat="49.465037" lon="18.065659">
				<ele>337.000000</ele>
			</trkpt>
			<trkpt lat="49.465083" lon="18.065587">
				<ele>337.000000</ele>
			</trkpt>
			<trkpt lat="49.465393" lon="18.065067">
				<ele>337.000000</ele>
			</trkpt>
			<trkpt lat="49.465480" lon="18.064904">
				<ele>336.000000</ele>
			</trkpt>
			<trkpt lat="49.465586" lon="18.064680">
				<ele>336.000000</ele>
			</trkpt>
			<trkpt lat="49.465661" lon="18.064420">
				<ele>336.000000</ele>
			</trkpt>
			<trkpt lat="49.465743" lon="18.064096">
				<ele>336.000000</ele>
			</trkpt>
			<trkpt lat="49.465773" lon="18.063944">
				<ele>336.000000</ele>
			</trkpt>
			<trkpt lat="49.465790" lon="18.063809">
				<ele>336.000000</ele>
			</trkpt>
			<trkpt lat="49.465802" lon="18.063549">
				<ele>336.000000</ele>
			</trkpt>
			<trkpt lat="49.465796" lon="18.063198">
				<ele>335.000000</ele>
			</trkpt>
			<trkpt lat="49.465767" lon="18.062820">
				<ele>335.000000</ele>
			</trkpt>
			<trkpt lat="49.465755" lon="18.062327">
				<ele>335.000000</ele>
			</trkpt>
			<trkpt lat="49.465755" lon="18.061922">
				<ele>335.000000</ele>
			</trkpt>
			<trkpt lat="49.465779" lon="18.061474">
				<ele>334.000000</ele>
			</trkpt>
			<trkpt lat="49.465825" lon="18.060988">
				<ele>334.000000</ele>
			</trkpt>
			<trkpt lat="49.465860" lon="18.060673">
				<ele>334.000000</ele>
			</trkpt>
			<trkpt lat="49.465872" lon="18.060512">
				<ele>334.000000</ele>
			</trkpt>
			<trkpt lat="49.465878" lon="18.060350">
				<ele>334.000000</ele>
			</trkpt>
			<trkpt lat="49.465878" lon="18.060153">
				<ele>334.000000</ele>
			</trkpt>
			<trkpt lat="49.465837" lon="18.059623">
				<ele>334.000000</ele>
			</trkpt>
			<trkpt lat="49.465819" lon="18.059174">
				<ele>333.000000</ele>
			</trkpt>
			<trkpt lat="49.465825" lon="18.058725">
				<ele>333.000000</ele>
			</trkpt>
			<trkpt lat="49.465842" lon="18.058356">
				<ele>333.000000</ele>
			</trkpt>
			<trkpt lat="49.465866" lon="18.057754">
				<ele>333.000000</ele>
			</trkpt>
			<trkpt lat="49.465883" lon="18.057422">
				<ele>332.000000</ele>
			</trkpt>
			<trkpt lat="49.465913" lon="18.057080">
				<ele>332.000000</ele>
			</trkpt>
			<trkpt lat="49.465959" lon="18.056677">
				<ele>332.000000</ele>
			</trkpt>
			<trkpt lat="49.466012" lon="18.056254">
				<ele>332.000000</ele>
			</trkpt>
			<trkpt lat="49.466024" lon="18.056065">
				<ele>332.000000</ele>
			</trkpt>
			<trkpt lat="49.466024" lon="18.056065">
				<ele>332.000000</ele>
			</trkpt>
			<trkpt lat="49.466036" lon="18.055885">
				<ele>332.000000</ele>
			</trkpt>
			<trkpt lat="49.465738" lon="18.055876">
				<ele>331.000000</ele>
			</trkpt>
			<trkpt lat="49.465720" lon="18.056388">
				<ele>331.000000</ele>
			</trkpt>
			<trkpt lat="49.465533" lon="18.056380">
				<ele>331.000000</ele>
			</trkpt>
			<trkpt lat="49.465195" lon="18.056325">
				<ele>331.000000</ele>
			</trkpt>
			<trkpt lat="49.465119" lon="18.056335">
				<ele>331.000000</ele>
			</trkpt>
			<trkpt lat="49.464891" lon="18.056451">
				<ele>331.000000</ele>
			</trkpt>
			<trkpt lat="49.464920" lon="18.056541">
				<ele>331.000000</ele>
			</trkpt>
			<trkpt lat="49.464874" lon="18.056587">
				<ele>330.000000</ele>
			</trkpt>
			<trkpt lat="49.464453" lon="18.056847">
				<ele>330.000000</ele>
			</trkpt>
			<trkpt lat="49.464412" lon="18.056856">
				<ele>330.000000</ele>
			</trkpt>
			<trkpt lat="49.464336" lon="18.056864">
				<ele>330.000000</ele>
			</trkpt>
			<trkpt lat="49.464261" lon="18.056891">
				<ele>330.000000</ele>
			</trkpt>
			<trkpt lat="49.464144" lon="18.056964">
				<ele>330.000000</ele>
			</trkpt>
			<trkpt lat="49.464220" lon="18.057180">
				<ele>330.000000</ele>
			</trkpt>
			<trkpt lat="49.464243" lon="18.057206">
				<ele>330.000000</ele>
			</trkpt>
			<trkpt lat="49.464278" lon="18.057233">
				<ele>330.000000</ele>
			</trkpt>
			<trkpt lat="49.464325" lon="18.057251">
				<ele>330.000000</ele>
			</trkpt>
			<trkpt lat="49.464389" lon="18.057243">
				<ele>330.000000</ele>
			</trkpt>
			<trkpt lat="49.464430" lon="18.057251">
				<ele>330.000000</ele>
			</trkpt>
			<trkpt lat="49.464494" lon="18.057260">
				<ele>330.000000</ele>
			</trkpt>
			<trkpt lat="49.464564" lon="18.057287">
				<ele>330.000000</ele>
			</trkpt>
			<trkpt lat="49.464558" lon="18.057188">
				<ele>330.000000</ele>
			</trkpt>
			<trkpt lat="49.464529" lon="18.056891">
				<ele>330.000000</ele>
			</trkpt>
			<trkpt lat="49.464477" lon="18.056577">
				<ele>330.000000</ele>
			</trkpt>
			<trkpt lat="49.464377" lon="18.056155">
				<ele>330.000000</ele>
			</trkpt>
			<trkpt lat="49.464266" lon="18.055706">
				<ele>329.000000</ele>
			</trkpt>
			<trkpt lat="49.464214" lon="18.055535">
				<ele>329.000000</ele>
			</trkpt>
			<trkpt lat="49.464173" lon="18.055419">
				<ele>329.000000</ele>
			</trkpt>
			<trkpt lat="49.464132" lon="18.055319">
				<ele>329.000000</ele>
			</trkpt>
			<trkpt lat="49.464074" lon="18.055239">
				<ele>329.000000</ele>
			</trkpt>
			<trkpt lat="49.463893" lon="18.054754">
				<ele>329.000000</ele>
			</trkpt>
			<trkpt lat="49.463817" lon="18.054556">
				<ele>329.000000</ele>
			</trkpt>
			<trkpt lat="49.463776" lon="18.054448">
				<ele>329.000000</ele>
			</trkpt>
			<trkpt lat="49.463752" lon="18.054377">
				<ele>329.000000</ele>
			</trkpt>
			<trkpt lat="49.463735" lon="18.054277">
				<ele>329.000000</ele>
			</trkpt>
			<trkpt lat="49.463729" lon="18.054170">
				<ele>329.000000</ele>
			</trkpt>
			<trkpt lat="49.463724" lon="18.054044">
				<ele>329.000000</ele>
			</trkpt>
			<trkpt lat="49.463711" lon="18.053918">
				<ele>329.000000</ele>
			</trkpt>
			<trkpt lat="49.463636" lon="18.053577">
				<ele>328.000000</ele>
			</trkpt>
			<trkpt lat="49.463490" lon="18.053029">
				<ele>328.000000</ele>
			</trkpt>
			<trkpt lat="49.463327" lon="18.052509">
				<ele>328.000000</ele>
			</trkpt>
			<trkpt lat="49.462988" lon="18.051528">
				<ele>328.000000</ele>
			</trkpt>
			<trkpt lat="49.462842" lon="18.051071">
				<ele>327.000000</ele>
			</trkpt>
			<trkpt lat="49.462655" lon="18.050369">
				<ele>327.000000</ele>
			</trkpt>
			<trkpt lat="49.462561" lon="18.050100">
				<ele>327.000000</ele>
			</trkpt>
			<trkpt lat="49.462509" lon="18.049993">
				<ele>327.000000</ele>
			</trkpt>
			<trkpt lat="49.462346" lon="18.049687">
				<ele>327.000000</ele>
			</trkpt>
			<trkpt lat="49.462287" lon="18.049534">
				<ele>327.000000</ele>
			</trkpt>
			<trkpt lat="49.462369" lon="18.049444">
				<ele>327.000000</ele>
			</trkpt>
			<trkpt lat="49.462684" lon="18.049176">
				<ele>326.000000</ele>
			</trkpt>
			<trkpt lat="49.462783" lon="18.049094">
				<ele>326.000000</ele>
			</trkpt>
			<trkpt lat="49.462754" lon="18.048987">
				<ele>326.000000</ele>
			</trkpt>
			<trkpt lat="49.462708" lon="18.048888">
				<ele>326.000000</ele>
			</trkpt>
			<trkpt lat="49.462661" lon="18.048790">
				<ele>326.000000</ele>
			</trkpt>
			<trkpt lat="49.462596" lon="18.048681">
				<ele>326.000000</ele>
			</trkpt>
			<trkpt lat="49.462555" lon="18.048610">
				<ele>326.000000</ele>
			</trkpt>
			<trkpt lat="49.462521" lon="18.048547">
				<ele>326.000000</ele>
			</trkpt>
			<trkpt lat="49.462468" lon="18.048385">
				<ele>326.000000</ele>
			</trkpt>
			<trkpt lat="49.462451" lon="18.048205">
				<ele>326.000000</ele>
			</trkpt>
			<trkpt lat="49.462456" lon="18.047998">
				<ele>326.000000</ele>
			</trkpt>
			<trkpt lat="49.462410" lon="18.047972">
				<ele>326.000000</ele>
			</trkpt>
			<trkpt lat="49.462363" lon="18.047926">
				<ele>326.000000</ele>
			</trkpt>
			<trkpt lat="49.462316" lon="18.047855">
				<ele>326.000000</ele>
			</trkpt>
			<trkpt lat="49.462252" lon="18.047765">
				<ele>326.000000</ele>
			</trkpt>
			<trkpt lat="49.462158" lon="18.047549">
				<ele>326.000000</ele>
			</trkpt>
			<trkpt lat="49.462083" lon="18.047343">
				<ele>325.000000</ele>
			</trkpt>
			<trkpt lat="49.462036" lon="18.047163">
				<ele>325.000000</ele>
			</trkpt>
			<trkpt lat="49.461977" lon="18.047029">
				<ele>325.000000</ele>
			</trkpt>
			<trkpt lat="49.461931" lon="18.046956">
				<ele>325.000000</ele>
			</trkpt>
			<trkpt lat="49.461884" lon="18.046830">
				<ele>325.000000</ele>
			</trkpt>
			<trkpt lat="49.461755" lon="18.046427">
				<ele>325.000000</ele>
			</trkpt>
			<trkpt lat="49.461569" lon="18.045780">
				<ele>325.000000</ele>
			</trkpt>
			<trkpt lat="49.461511" lon="18.045555">
				<ele>325.000000</ele>
			</trkpt>
			<trkpt lat="49.461440" lon="18.045232">
				<ele>325.000000</ele>
			</trkpt>
			<trkpt lat="49.461201" lon="18.043920">
				<ele>324.000000</ele>
			</trkpt>
			<trkpt lat="49.461125" lon="18.043551">
				<ele>324.000000</ele>
			</trkpt>
			<trkpt lat="49.461026" lon="18.043165">
				<ele>324.000000</ele>
			</trkpt>
			<trkpt lat="49.460927" lon="18.042725">
				<ele>324.000000</ele>
			</trkpt>
			<trkpt lat="49.460804" lon="18.042213">
				<ele>323.000000</ele>
			</trkpt>
			<trkpt lat="49.460746" lon="18.041872">
				<ele>323.000000</ele>
			</trkpt>
			<trkpt lat="49.460681" lon="18.041530">
				<ele>323.000000</ele>
			</trkpt>
			<trkpt lat="49.460618" lon="18.041136">
				<ele>323.000000</ele>
			</trkpt>
			<trkpt lat="49.460536" lon="18.040551">
				<ele>323.000000</ele>
			</trkpt>
			<trkpt lat="49.460518" lon="18.040452">
				<ele>323.000000</ele>
			</trkpt>
			<trkpt lat="49.460524" lon="18.040381">
				<ele>323.000000</ele>
			</trkpt>
			<trkpt lat="49.460541" lon="18.040318">
				<ele>323.000000</ele>
			</trkpt>
			<trkpt lat="49.460582" lon="18.040192">
				<ele>323.000000</ele>
			</trkpt>
			<trkpt lat="49.460693" lon="18.039788">
				<ele>322.000000</ele>
			</trkpt>
			<trkpt lat="49.460780" lon="18.039410">
				<ele>322.000000</ele>
			</trkpt>
			<trkpt lat="49.460804" lon="18.039293">
				<ele>322.000000</ele>
			</trkpt>
			<trkpt lat="49.460821" lon="18.039186">
				<ele>322.000000</ele>
			</trkpt>
			<trkpt lat="49.460833" lon="18.038890">
				<ele>322.000000</ele>
			</trkpt>
			<trkpt lat="49.460851" lon="18.038431">
				<ele>322.000000</ele>
			</trkpt>
			<trkpt lat="49.460898" lon="18.037811">
				<ele>322.000000</ele>
			</trkpt>
			<trkpt lat="49.460909" lon="18.037685">
				<ele>322.000000</ele>
			</trkpt>
			<trkpt lat="49.460921" lon="18.037578">
				<ele>322.000000</ele>
			</trkpt>
			<trkpt lat="49.460950" lon="18.037471">
				<ele>321.000000</ele>
			</trkpt>
			<trkpt lat="49.460991" lon="18.037362">
				<ele>321.000000</ele>
			</trkpt>
			<trkpt lat="49.461143" lon="18.036949">
				<ele>321.000000</ele>
			</trkpt>
			<trkpt lat="49.461318" lon="18.036402">
				<ele>321.000000</ele>
			</trkpt>
			<trkpt lat="49.461616" lon="18.035458">
				<ele>321.000000</ele>
			</trkpt>
			<trkpt lat="49.461814" lon="18.034775">
				<ele>320.000000</ele>
			</trkpt>
			<trkpt lat="49.461832" lon="18.034614">
				<ele>320.000000</ele>
			</trkpt>
			<trkpt lat="49.461861" lon="18.034398">
				<ele>320.000000</ele>
			</trkpt>
			<trkpt lat="49.461873" lon="18.034299">
				<ele>320.000000</ele>
			</trkpt>
			<trkpt lat="49.461890" lon="18.034219">
				<ele>320.000000</ele>
			</trkpt>
			<trkpt lat="49.461931" lon="18.034119">
				<ele>320.000000</ele>
			</trkpt>
			<trkpt lat="49.461995" lon="18.033985">
				<ele>320.000000</ele>
			</trkpt>
			<trkpt lat="49.462030" lon="18.033903">
				<ele>320.000000</ele>
			</trkpt>
			<trkpt lat="49.462042" lon="18.033840">
				<ele>320.000000</ele>
			</trkpt>
			<trkpt lat="49.462036" lon="18.033787">
				<ele>320.000000</ele>
			</trkpt>
			<trkpt lat="49.462001" lon="18.033724">
				<ele>320.000000</ele>
			</trkpt>
			<trkpt lat="49.461977" lon="18.033670">
				<ele>320.000000</ele>
			</trkpt>
			<trkpt lat="49.461966" lon="18.033626">
				<ele>320.000000</ele>
			</trkpt>
			<trkpt lat="49.461960" lon="18.033572">
				<ele>320.000000</ele>
			</trkpt>
			<trkpt lat="49.461972" lon="18.033517">
				<ele>320.000000</ele>
			</trkpt>
			<trkpt lat="49.461989" lon="18.033446">
				<ele>320.000000</ele>
			</trkpt>
			<trkpt lat="49.462018" lon="18.033400">
				<ele>320.000000</ele>
			</trkpt>
			<trkpt lat="49.462054" lon="18.033356">
				<ele>320.000000</ele>
			</trkpt>
			<trkpt lat="49.462100" lon="18.033329">
				<ele>320.000000</ele>
			</trkpt>
			<trkpt lat="49.462392" lon="18.033167">
				<ele>320.000000</ele>
			</trkpt>
			<trkpt lat="49.462632" lon="18.033077">
				<ele>320.000000</ele>
			</trkpt>
			<trkpt lat="49.462696" lon="18.033024">
				<ele>320.000000</ele>
			</trkpt>
			<trkpt lat="49.462749" lon="18.032970">
				<ele>320.000000</ele>
			</trkpt>
			<trkpt lat="49.462889" lon="18.032745">
				<ele>320.000000</ele>
			</trkpt>
			<trkpt lat="49.463128" lon="18.032377">
				<ele>320.000000</ele>
			</trkpt>
			<trkpt lat="49.463210" lon="18.032242">
				<ele>320.000000</ele>
			</trkpt>
			<trkpt lat="49.463314" lon="18.032134">
				<ele>320.000000</ele>
			</trkpt>
			<trkpt lat="49.463467" lon="18.031964">
				<ele>320.000000</ele>
			</trkpt>
			<trkpt lat="49.463683" lon="18.031775">
				<ele>320.000000</ele>
			</trkpt>
			<trkpt lat="49.463717" lon="18.031703">
				<ele>320.000000</ele>
			</trkpt>
			<trkpt lat="49.463747" lon="18.031658">
				<ele>320.000000</ele>
			</trkpt>
			<trkpt lat="49.463770" lon="18.031586">
				<ele>320.000000</ele>
			</trkpt>
			<trkpt lat="49.463776" lon="18.031505">
				<ele>320.000000</ele>
			</trkpt>
			<trkpt lat="49.463793" lon="18.031379">
				<ele>320.000000</ele>
			</trkpt>
			<trkpt lat="49.463799" lon="18.031280">
				<ele>320.000000</ele>
			</trkpt>
			<trkpt lat="49.463828" lon="18.031218">
				<ele>320.000000</ele>
			</trkpt>
			<trkpt lat="49.463869" lon="18.031137">
				<ele>320.000000</ele>
			</trkpt>
			<trkpt lat="49.464108" lon="18.030823">
				<ele>320.000000</ele>
			</trkpt>
			<trkpt lat="49.464149" lon="18.030777">
				<ele>320.000000</ele>
			</trkpt>
			<trkpt lat="49.464185" lon="18.030742">
				<ele>320.000000</ele>
			</trkpt>
			<trkpt lat="49.464231" lon="18.030733">
				<ele>320.000000</ele>
			</trkpt>
			<trkpt lat="49.464278" lon="18.030724">
				<ele>320.000000</ele>
			</trkpt>
			<trkpt lat="49.464371" lon="18.030742">
				<ele>320.000000</ele>
			</trkpt>
			<trkpt lat="49.464552" lon="18.030804">
				<ele>320.000000</ele>
			</trkpt>
			<trkpt lat="49.464599" lon="18.030750">
				<ele>320.000000</ele>
			</trkpt>
			<trkpt lat="49.464745" lon="18.030598">
				<ele>320.000000</ele>
			</trkpt>
			<trkpt lat="49.464914" lon="18.030473">
				<ele>320.000000</ele>
			</trkpt>
			<trkpt lat="49.464745" lon="18.030221">
				<ele>321.000000</ele>
			</trkpt>
			<trkpt lat="49.464377" lon="18.029691">
				<ele>322.000000</ele>
			</trkpt>
			<trkpt lat="49.464296" lon="18.029592">
				<ele>322.000000</ele>
			</trkpt>
			<trkpt lat="49.463957" lon="18.029116">
				<ele>323.000000</ele>
			</trkpt>
			<trkpt lat="49.463834" lon="18.028955">
				<ele>324.000000</ele>
			</trkpt>
			<trkpt lat="49.463677" lon="18.028775">
				<ele>324.000000</ele>
			</trkpt>
			<trkpt lat="49.463887" lon="18.028307">
				<ele>320.000000</ele>
			</trkpt>
			<trkpt lat="49.463986" lon="18.028056">
				<ele>320.000000</ele>
			</trkpt>
			<trkpt lat="49.464074" lon="18.027777">
				<ele>319.000000</ele>
			</trkpt>
			<trkpt lat="49.464155" lon="18.027498">
				<ele>319.000000</ele>
			</trkpt>
			<trkpt lat="49.464302" lon="18.027588">
				<ele>319.000000</ele>
			</trkpt>
			<trkpt lat="49.464401" lon="18.027651">
				<ele>319.000000</ele>
			</trkpt>
			<trkpt lat="49.464483" lon="18.027670">
				<ele>319.000000</ele>
			</trkpt>
			<trkpt lat="49.464511" lon="18.027661">
				<ele>319.000000</ele>
			</trkpt>
			<trkpt lat="49.464529" lon="18.027643">
				<ele>319.000000</ele>
			</trkpt>
			<trkpt lat="49.465107" lon="18.026798">
				<ele>318.000000</ele>
			</trkpt>
			<trkpt lat="49.465685" lon="18.025406">
				<ele>317.000000</ele>
			</trkpt>
			<trkpt lat="49.465901" lon="18.025649">
				<ele>317.000000</ele>
			</trkpt>
			<trkpt lat="49.466088" lon="18.025837">
				<ele>317.000000</ele>
			</trkpt>
			<trkpt lat="49.466520" lon="18.026205">
				<ele>316.000000</ele>
			</trkpt>
			<trkpt lat="49.466631" lon="18.026313">
				<ele>316.000000</ele>
			</trkpt>
			<trkpt lat="49.466823" lon="18.026529">
				<ele>316.000000</ele>
			</trkpt>
			<trkpt lat="49.466852" lon="18.026546">
				<ele>316.000000</ele>
			</trkpt>
			<trkpt lat="49.466893" lon="18.026546">
				<ele>316.000000</ele>
			</trkpt>
			<trkpt lat="49.466940" lon="18.026519">
				<ele>316.000000</ele>
			</trkpt>
			<trkpt lat="49.466958" lon="18.026484">
				<ele>316.000000</ele>
			</trkpt>
			<trkpt lat="49.467104" lon="18.026242">
				<ele>315.000000</ele>
			</trkpt>
			<trkpt lat="49.467226" lon="18.025972">
				<ele>315.000000</ele>
			</trkpt>
			<trkpt lat="49.467389" lon="18.025640">
				<ele>315.000000</ele>
			</trkpt>
			<trkpt lat="49.467559" lon="18.025343">
				<ele>315.000000</ele>
			</trkpt>
			<trkpt lat="49.467746" lon="18.025091">
				<ele>315.000000</ele>
			</trkpt>
			<trkpt lat="49.468079" lon="18.024660">
				<ele>315.000000</ele>
			</trkpt>
			<trkpt lat="49.468207" lon="18.024490">
				<ele>315.000000</ele>
			</trkpt>
			<trkpt lat="49.468295" lon="18.024382">
				<ele>315.000000</ele>
			</trkpt>
			<trkpt lat="49.468610" lon="18.023978">
				<ele>314.000000</ele>
			</trkpt>
			<trkpt lat="49.468925" lon="18.023636">
				<ele>314.000000</ele>
			</trkpt>
			<trkpt lat="49.469089" lon="18.023456">
				<ele>314.000000</ele>
			</trkpt>
			<trkpt lat="49.469252" lon="18.023223">
				<ele>314.000000</ele>
			</trkpt>
			<trkpt lat="49.469421" lon="18.022944">
				<ele>313.000000</ele>
			</trkpt>
			<trkpt lat="49.469591" lon="18.022613">
				<ele>313.000000</ele>
			</trkpt>
			<trkpt lat="49.469701" lon="18.022441">
				<ele>313.000000</ele>
			</trkpt>
			<trkpt lat="49.469812" lon="18.022280">
				<ele>313.000000</ele>
			</trkpt>
			<trkpt lat="49.469923" lon="18.022154">
				<ele>313.000000</ele>
			</trkpt>
			<trkpt lat="49.470064" lon="18.022020">
				<ele>313.000000</ele>
			</trkpt>
			<trkpt lat="49.470209" lon="18.021894">
				<ele>313.000000</ele>
			</trkpt>
			<trkpt lat="49.470379" lon="18.021768">
				<ele>312.000000</ele>
			</trkpt>
			<trkpt lat="49.470612" lon="18.021588">
				<ele>312.000000</ele>
			</trkpt>
			<trkpt lat="49.470723" lon="18.021498">
				<ele>312.000000</ele>
			</trkpt>
			<trkpt lat="49.470782" lon="18.021426">
				<ele>312.000000</ele>
			</trkpt>
			<trkpt lat="49.470817" lon="18.021364">
				<ele>312.000000</ele>
			</trkpt>
			<trkpt lat="49.470845" lon="18.021301">
				<ele>312.000000</ele>
			</trkpt>
			<trkpt lat="49.470869" lon="18.021211">
				<ele>312.000000</ele>
			</trkpt>
			<trkpt lat="49.470886" lon="18.021103">
				<ele>312.000000</ele>
			</trkpt>
			<trkpt lat="49.470927" lon="18.021022">
				<ele>312.000000</ele>
			</trkpt>
			<trkpt lat="49.470957" lon="18.020959">
				<ele>312.000000</ele>
			</trkpt>
			<trkpt lat="49.471021" lon="18.020879">
				<ele>312.000000</ele>
			</trkpt>
			<trkpt lat="49.471167" lon="18.020699">
				<ele>311.000000</ele>
			</trkpt>
			<trkpt lat="49.471214" lon="18.020618">
				<ele>311.000000</ele>
			</trkpt>
			<trkpt lat="49.471254" lon="18.020519">
				<ele>311.000000</ele>
			</trkpt>
			<trkpt lat="49.471348" lon="18.020294">
				<ele>311.000000</ele>
			</trkpt>
			<trkpt lat="49.471611" lon="18.019728">
				<ele>311.000000</ele>
			</trkpt>
			<trkpt lat="49.471692" lon="18.019521">
				<ele>311.000000</ele>
			</trkpt>
			<trkpt lat="49.471762" lon="18.019307">
				<ele>311.000000</ele>
			</trkpt>
			<trkpt lat="49.471814" lon="18.019135">
				<ele>310.000000</ele>
			</trkpt>
			<trkpt lat="49.471814" lon="18.018992">
				<ele>310.000000</ele>
			</trkpt>
			<trkpt lat="49.471833" lon="18.018812">
				<ele>310.000000</ele>
			</trkpt>
			<trkpt lat="49.471867" lon="18.018668">
				<ele>310.000000</ele>
			</trkpt>
			<trkpt lat="49.471926" lon="18.018534">
				<ele>310.000000</ele>
			</trkpt>
			<trkpt lat="49.472042" lon="18.018318">
				<ele>310.000000</ele>
			</trkpt>
			<trkpt lat="49.472183" lon="18.018102">
				<ele>310.000000</ele>
			</trkpt>
			<trkpt lat="49.472422" lon="18.017806">
				<ele>310.000000</ele>
			</trkpt>
			<trkpt lat="49.472515" lon="18.017672">
				<ele>310.000000</ele>
			</trkpt>
			<trkpt lat="49.472580" lon="18.017563">
				<ele>310.000000</ele>
			</trkpt>
			<trkpt lat="49.472632" lon="18.017456">
				<ele>310.000000</ele>
			</trkpt>
			<trkpt lat="49.472667" lon="18.017366">
				<ele>310.000000</ele>
			</trkpt>
			<trkpt lat="49.472696" lon="18.017258">
				<ele>310.000000</ele>
			</trkpt>
			<trkpt lat="49.472708" lon="18.017160">
				<ele>310.000000</ele>
			</trkpt>
			<trkpt lat="49.472714" lon="18.016953">
				<ele>310.000000</ele>
			</trkpt>
			<trkpt lat="49.472807" lon="18.015165">
				<ele>309.000000</ele>
			</trkpt>
			<trkpt lat="49.472825" lon="18.014932">
				<ele>309.000000</ele>
			</trkpt>
			<trkpt lat="49.472836" lon="18.014707">
				<ele>309.000000</ele>
			</trkpt>
			<trkpt lat="49.472871" lon="18.014500">
				<ele>309.000000</ele>
			</trkpt>
			<trkpt lat="49.472912" lon="18.014276">
				<ele>309.000000</ele>
			</trkpt>
			<trkpt lat="49.473011" lon="18.013881">
				<ele>309.000000</ele>
			</trkpt>
			<trkpt lat="49.473257" lon="18.013108">
				<ele>309.000000</ele>
			</trkpt>
			<trkpt lat="49.473367" lon="18.012722">
				<ele>308.000000</ele>
			</trkpt>
			<trkpt lat="49.473467" lon="18.012344">
				<ele>308.000000</ele>
			</trkpt>
			<trkpt lat="49.473566" lon="18.011923">
				<ele>308.000000</ele>
			</trkpt>
			<trkpt lat="49.473671" lon="18.011464">
				<ele>308.000000</ele>
			</trkpt>
			<trkpt lat="49.473823" lon="18.010611">
				<ele>308.000000</ele>
			</trkpt>
			<trkpt lat="49.474092" lon="18.009137">
				<ele>307.000000</ele>
			</trkpt>
			<trkpt lat="49.474284" lon="18.008590">
				<ele>307.000000</ele>
			</trkpt>
			<trkpt lat="49.474354" lon="18.008355">
				<ele>307.000000</ele>
			</trkpt>
			<trkpt lat="49.474389" lon="18.008202">
				<ele>307.000000</ele>
			</trkpt>
			<trkpt lat="49.474412" lon="18.008113">
				<ele>307.000000</ele>
			</trkpt>
			<trkpt lat="49.474412" lon="18.008015">
				<ele>307.000000</ele>
			</trkpt>
			<trkpt lat="49.474418" lon="18.007637">
				<ele>307.000000</ele>
			</trkpt>
			<trkpt lat="49.474430" lon="18.007520">
				<ele>307.000000</ele>
			</trkpt>
			<trkpt lat="49.474448" lon="18.007376">
				<ele>307.000000</ele>
			</trkpt>
			<trkpt lat="49.474470" lon="18.007260">
				<ele>307.000000</ele>
			</trkpt>
			<trkpt lat="49.474470" lon="18.007134">
				<ele>307.000000</ele>
			</trkpt>
			<trkpt lat="49.474459" lon="18.006730">
				<ele>307.000000</ele>
			</trkpt>
			<trkpt lat="49.474465" lon="18.006487">
				<ele>306.000000</ele>
			</trkpt>
			<trkpt lat="49.474506" lon="18.006290">
				<ele>306.000000</ele>
			</trkpt>
			<trkpt lat="49.474599" lon="18.005760">
				<ele>306.000000</ele>
			</trkpt>
			<trkpt lat="49.474628" lon="18.005634">
				<ele>306.000000</ele>
			</trkpt>
			<trkpt lat="49.474716" lon="18.005409">
				<ele>306.000000</ele>
			</trkpt>
			<trkpt lat="49.474733" lon="18.005338">
				<ele>306.000000</ele>
			</trkpt>
			<trkpt lat="49.474745" lon="18.005256">
				<ele>306.000000</ele>
			</trkpt>
			<trkpt lat="49.474786" lon="18.004763">
				<ele>306.000000</ele>
			</trkpt>
			<trkpt lat="49.474821" lon="18.003864">
				<ele>306.000000</ele>
			</trkpt>
			<trkpt lat="49.474844" lon="18.003523">
				<ele>306.000000</ele>
			</trkpt>
			<trkpt lat="49.474914" lon="18.002615">
				<ele>305.000000</ele>
			</trkpt>
			<trkpt lat="49.475025" lon="18.001537">
				<ele>305.000000</ele>
			</trkpt>
			<trkpt lat="49.475142" lon="18.000505">
				<ele>304.000000</ele>
			</trkpt>
			<trkpt lat="49.475393" lon="17.998438">
				<ele>303.000000</ele>
			</trkpt>
			<trkpt lat="49.475405" lon="17.998214">
				<ele>303.000000</ele>
			</trkpt>
			<trkpt lat="49.475422" lon="17.997998">
				<ele>303.000000</ele>
			</trkpt>
			<trkpt lat="49.475417" lon="17.997818">
				<ele>303.000000</ele>
			</trkpt>
			<trkpt lat="49.475417" lon="17.997612">
				<ele>303.000000</ele>
			</trkpt>
			<trkpt lat="49.475393" lon="17.997415">
				<ele>303.000000</ele>
			</trkpt>
			<trkpt lat="49.475364" lon="17.997208">
				<ele>302.000000</ele>
			</trkpt>
			<trkpt lat="49.475241" lon="17.996552">
				<ele>302.000000</ele>
			</trkpt>
			<trkpt lat="49.475148" lon="17.996031">
				<ele>302.000000</ele>
			</trkpt>
			<trkpt lat="49.475107" lon="17.995860">
				<ele>302.000000</ele>
			</trkpt>
			<trkpt lat="49.475061" lon="17.995707">
				<ele>302.000000</ele>
			</trkpt>
			<trkpt lat="49.475008" lon="17.995600">
				<ele>302.000000</ele>
			</trkpt>
			<trkpt lat="49.474949" lon="17.995491">
				<ele>302.000000</ele>
			</trkpt>
			<trkpt lat="49.474880" lon="17.995384">
				<ele>301.000000</ele>
			</trkpt>
			<trkpt lat="49.474809" lon="17.995277">
				<ele>301.000000</ele>
			</trkpt>
			<trkpt lat="49.474658" lon="17.995105">
				<ele>301.000000</ele>
			</trkpt>
			<trkpt lat="49.474424" lon="17.994872">
				<ele>301.000000</ele>
			</trkpt>
			<trkpt lat="49.474342" lon="17.994782">
				<ele>301.000000</ele>
			</trkpt>
			<trkpt lat="49.474267" lon="17.994684">
				<ele>301.000000</ele>
			</trkpt>
			<trkpt lat="49.474214" lon="17.994612">
				<ele>301.000000</ele>
			</trkpt>
			<trkpt lat="49.474155" lon="17.994495">
				<ele>301.000000</ele>
			</trkpt>
			<trkpt lat="49.474109" lon="17.994396">
				<ele>301.000000</ele>
			</trkpt>
			<trkpt lat="49.474068" lon="17.994279">
				<ele>301.000000</ele>
			</trkpt>
			<trkpt lat="49.473963" lon="17.993875">
				<ele>300.000000</ele>
			</trkpt>
			<trkpt lat="49.473776" lon="17.993183">
				<ele>300.000000</ele>
			</trkpt>
			<trkpt lat="49.473654" lon="17.992698">
				<ele>300.000000</ele>
			</trkpt>
			<trkpt lat="49.473548" lon="17.992258">
				<ele>300.000000</ele>
			</trkpt>
			<trkpt lat="49.473397" lon="17.991755">
				<ele>300.000000</ele>
			</trkpt>
			<trkpt lat="49.473373" lon="17.991620">
				<ele>300.000000</ele>
			</trkpt>
			<trkpt lat="49.473356" lon="17.991530">
				<ele>300.000000</ele>
			</trkpt>
			<trkpt lat="49.473361" lon="17.991440">
				<ele>300.000000</ele>
			</trkpt>
			<trkpt lat="49.473391" lon="17.991315">
				<ele>300.000000</ele>
			</trkpt>
			<trkpt lat="49.473320" lon="17.991306">
				<ele>300.000000</ele>
			</trkpt>
			<trkpt lat="49.473257" lon="17.991288">
				<ele>300.000000</ele>
			</trkpt>
			<trkpt lat="49.473204" lon="17.991260">
				<ele>300.000000</ele>
			</trkpt>
			<trkpt lat="49.473158" lon="17.991216">
				<ele>300.000000</ele>
			</trkpt>
			<trkpt lat="49.473117" lon="17.991162">
				<ele>300.000000</ele>
			</trkpt>
			<trkpt lat="49.473099" lon="17.991073">
				<ele>300.000000</ele>
			</trkpt>
			<trkpt lat="49.472953" lon="17.990417">
				<ele>300.000000</ele>
			</trkpt>
			<trkpt lat="49.472778" lon="17.989617">
				<ele>300.000000</ele>
			</trkpt>
			<trkpt lat="49.472685" lon="17.989321">
				<ele>300.000000</ele>
			</trkpt>
			<trkpt lat="49.472527" lon="17.988872">
				<ele>300.000000</ele>
			</trkpt>
			<trkpt lat="49.472504" lon="17.988799">
				<ele>300.000000</ele>
			</trkpt>
			<trkpt lat="49.472299" lon="17.988279">
				<ele>300.000000</ele>
			</trkpt>
			<trkpt lat="49.471891" lon="17.987299">
				<ele>300.000000</ele>
			</trkpt>
			<trkpt lat="49.471809" lon="17.987102">
				<ele>300.000000</ele>
			</trkpt>
			<trkpt lat="49.471715" lon="17.986958">
				<ele>300.000000</ele>
			</trkpt>
			<trkpt lat="49.471715" lon="17.986878">
				<ele>300.000000</ele>
			</trkpt>
			<trkpt lat="49.471617" lon="17.986868">
				<ele>300.000000</ele>
			</trkpt>
			<trkpt lat="49.471283" lon="17.986878">
				<ele>300.000000</ele>
			</trkpt>
			<trkpt lat="49.470951" lon="17.986895">
				<ele>300.000000</ele>
			</trkpt>
			<trkpt lat="49.470834" lon="17.986922">
				<ele>300.000000</ele>
			</trkpt>
			<trkpt lat="49.470723" lon="17.986886">
				<ele>300.000000</ele>
			</trkpt>
			<trkpt lat="49.470665" lon="17.986868">
				<ele>300.000000</ele>
			</trkpt>
			<trkpt lat="49.470618" lon="17.986823">
				<ele>300.000000</ele>
			</trkpt>
			<trkpt lat="49.470566" lon="17.986751">
				<ele>301.000000</ele>
			</trkpt>
			<trkpt lat="49.470530" lon="17.986671">
				<ele>302.000000</ele>
			</trkpt>
			<trkpt lat="49.470426" lon="17.986195">
				<ele>306.000000</ele>
			</trkpt>
			<trkpt lat="49.470373" lon="17.985826">
				<ele>307.000000</ele>
			</trkpt>
			<trkpt lat="49.470361" lon="17.985691">
				<ele>307.000000</ele>
			</trkpt>
			<trkpt lat="49.470361" lon="17.985583">
				<ele>308.000000</ele>
			</trkpt>
			<trkpt lat="49.470385" lon="17.985467">
				<ele>308.000000</ele>
			</trkpt>
			<trkpt lat="49.470414" lon="17.985323">
				<ele>308.000000</ele>
			</trkpt>
			<trkpt lat="49.470455" lon="17.985170">
				<ele>309.000000</ele>
			</trkpt>
			<trkpt lat="49.470461" lon="17.985017">
				<ele>309.000000</ele>
			</trkpt>
			<trkpt lat="49.470448" lon="17.984937">
				<ele>310.000000</ele>
			</trkpt>
			<trkpt lat="49.470426" lon="17.984838">
				<ele>310.000000</ele>
			</trkpt>
			<trkpt lat="49.470717" lon="17.984029">
				<ele>310.000000</ele>
			</trkpt>
			<trkpt lat="49.470834" lon="17.983688">
				<ele>310.000000</ele>
			</trkpt>
			<trkpt lat="49.470892" lon="17.983517">
				<ele>310.000000</ele>
			</trkpt>
			<trkpt lat="49.470922" lon="17.983346">
				<ele>310.000000</ele>
			</trkpt>
			<trkpt lat="49.470939" lon="17.983203">
				<ele>310.000000</ele>
			</trkpt>
			<trkpt lat="49.470974" lon="17.982826">
				<ele>310.000000</ele>
			</trkpt>
			<trkpt lat="49.471044" lon="17.981838">
				<ele>310.000000</ele>
			</trkpt>
			<trkpt lat="49.471097" lon="17.981109">
				<ele>310.000000</ele>
			</trkpt>
			<trkpt lat="49.471126" lon="17.980769">
				<ele>310.000000</ele>
			</trkpt>
			<trkpt lat="49.471196" lon="17.980220">
				<ele>310.000000</ele>
			</trkpt>
			<trkpt lat="49.471220" lon="17.979943">
				<ele>310.000000</ele>
			</trkpt>
			<trkpt lat="49.471237" lon="17.979681">
				<ele>310.000000</ele>
			</trkpt>
			<trkpt lat="49.471225" lon="17.977912">
				<ele>310.000000</ele>
			</trkpt>
			<trkpt lat="49.471231" lon="17.977670">
				<ele>310.000000</ele>
			</trkpt>
			<trkpt lat="49.471242" lon="17.976897">
				<ele>310.000000</ele>
			</trkpt>
			<trkpt lat="49.471237" lon="17.976161">
				<ele>310.000000</ele>
			</trkpt>
			<trkpt lat="49.471196" lon="17.975899">
				<ele>310.000000</ele>
			</trkpt>
			<trkpt lat="49.471161" lon="17.975630">
				<ele>310.000000</ele>
			</trkpt>
			<trkpt lat="49.471102" lon="17.975396">
				<ele>310.000000</ele>
			</trkpt>
			<trkpt lat="49.471056" lon="17.975172">
				<ele>310.000000</ele>
			</trkpt>
			<trkpt lat="49.470980" lon="17.974893">
				<ele>310.000000</ele>
			</trkpt>
			<trkpt lat="49.470939" lon="17.974767">
				<ele>310.000000</ele>
			</trkpt>
			<trkpt lat="49.470898" lon="17.974651">
				<ele>310.000000</ele>
			</trkpt>
			<trkpt lat="49.470845" lon="17.974580">
				<ele>310.000000</ele>
			</trkpt>
			<trkpt lat="49.470758" lon="17.974454">
				<ele>310.000000</ele>
			</trkpt>
			<trkpt lat="49.470583" lon="17.974220">
				<ele>310.000000</ele>
			</trkpt>
			<trkpt lat="49.470461" lon="17.974085">
				<ele>310.000000</ele>
			</trkpt>
			<trkpt lat="49.470139" lon="17.973762">
				<ele>310.000000</ele>
			</trkpt>
			<trkpt lat="49.470005" lon="17.973627">
				<ele>310.000000</ele>
			</trkpt>
			<trkpt lat="49.469952" lon="17.973572">
				<ele>310.000000</ele>
			</trkpt>
			<trkpt lat="49.469894" lon="17.973483">
				<ele>310.000000</ele>
			</trkpt>
			<trkpt lat="49.469848" lon="17.973412">
				<ele>310.000000</ele>
			</trkpt>
			<trkpt lat="49.469871" lon="17.973358">
				<ele>310.000000</ele>
			</trkpt>
			<trkpt lat="49.469889" lon="17.973303">
				<ele>310.000000</ele>
			</trkpt>
			<trkpt lat="49.470029" lon="17.973331">
				<ele>310.000000</ele>
			</trkpt>
			<trkpt lat="49.470029" lon="17.973151">
				<ele>310.000000</ele>
			</trkpt>
			<trkpt lat="49.470058" lon="17.973079">
				<ele>310.000000</ele>
			</trkpt>
			<trkpt lat="49.470233" lon="17.972882">
				<ele>309.000000</ele>
			</trkpt>
			<trkpt lat="49.470297" lon="17.972792">
				<ele>309.000000</ele>
			</trkpt>
			<trkpt lat="49.470355" lon="17.972683">
				<ele>309.000000</ele>
			</trkpt>
			<trkpt lat="49.470390" lon="17.972549">
				<ele>309.000000</ele>
			</trkpt>
			<trkpt lat="49.470501" lon="17.972639">
				<ele>308.000000</ele>
			</trkpt>
			<trkpt lat="49.470746" lon="17.972972">
				<ele>307.000000</ele>
			</trkpt>
		</trkseg>
	</trk>
</gpx>

