<?xml version="1.0" encoding="utf-8"?>
<gpx xmlns="http://www.topografix.com/GPX/1/1" version="1.1" creator="https://mapy.com/">
	<trk>
		<name>Pustevny CLIMB — z Valašského Meziříčí</name>
		<trkseg>
			<trkpt lat="49.472801" lon="17.964760">
				<ele>294.000000</ele>
			</trkpt>
			<trkpt lat="49.472731" lon="17.964491">
				<ele>294.000000</ele>
			</trkpt>
			<trkpt lat="49.472597" lon="17.964563">
				<ele>293.000000</ele>
			</trkpt>
			<trkpt lat="49.472830" lon="17.965461">
				<ele>293.000000</ele>
			</trkpt>
			<trkpt lat="49.472964" lon="17.965964">
				<ele>293.000000</ele>
			</trkpt>
			<trkpt lat="49.473029" lon="17.966207">
				<ele>293.000000</ele>
			</trkpt>
			<trkpt lat="49.473233" lon="17.966953">
				<ele>294.000000</ele>
			</trkpt>
			<trkpt lat="49.473449" lon="17.967752">
				<ele>294.000000</ele>
			</trkpt>
			<trkpt lat="49.473537" lon="17.968085">
				<ele>294.000000</ele>
			</trkpt>
			<trkpt lat="49.473712" lon="17.968704">
				<ele>294.000000</ele>
			</trkpt>
			<trkpt lat="49.473992" lon="17.969783">
				<ele>295.000000</ele>
			</trkpt>
			<trkpt lat="49.474161" lon="17.970609">
				<ele>295.000000</ele>
			</trkpt>
			<trkpt lat="49.474412" lon="17.971588">
				<ele>295.000000</ele>
			</trkpt>
			<trkpt lat="49.474459" lon="17.971830">
				<ele>296.000000</ele>
			</trkpt>
			<trkpt lat="49.474465" lon="17.971993">
				<ele>297.000000</ele>
			</trkpt>
			<trkpt lat="49.474436" lon="17.972010">
				<ele>297.000000</ele>
			</trkpt>
			<trkpt lat="49.474412" lon="17.972019">
				<ele>297.000000</ele>
			</trkpt>
			<trkpt lat="49.474389" lon="17.972046">
				<ele>297.000000</ele>
			</trkpt>
			<trkpt lat="49.474383" lon="17.972091">
				<ele>297.000000</ele>
			</trkpt>
			<trkpt lat="49.474371" lon="17.972127">
				<ele>297.000000</ele>
			</trkpt>
			<trkpt lat="49.474371" lon="17.972154">
				<ele>297.000000</ele>
			</trkpt>
			<trkpt lat="49.474389" lon="17.972207">
				<ele>297.000000</ele>
			</trkpt>
			<trkpt lat="49.474412" lon="17.972243">
				<ele>297.000000</ele>
			</trkpt>
			<trkpt lat="49.474442" lon="17.972270">
				<ele>297.000000</ele>
			</trkpt>
			<trkpt lat="49.474477" lon="17.972270">
				<ele>297.000000</ele>
			</trkpt>
			<trkpt lat="49.474506" lon="17.972243">
				<ele>297.000000</ele>
			</trkpt>
			<trkpt lat="49.474552" lon="17.972459">
				<ele>296.000000</ele>
			</trkpt>
			<trkpt lat="49.474617" lon="17.972792">
				<ele>296.000000</ele>
			</trkpt>
			<trkpt lat="49.474652" lon="17.973025">
				<ele>295.000000</ele>
			</trkpt>
			<trkpt lat="49.474780" lon="17.973645">
				<ele>295.000000</ele>
			</trkpt>
			<trkpt lat="49.474926" lon="17.974435">
				<ele>295.000000</ele>
			</trkpt>
			<trkpt lat="49.475031" lon="17.975083">
				<ele>295.000000</ele>
			</trkpt>
			<trkpt lat="49.475072" lon="17.975307">
				<ele>296.000000</ele>
			</trkpt>
			<trkpt lat="49.475154" lon="17.975891">
				<ele>296.000000</ele>
			</trkpt>
			<trkpt lat="49.475259" lon="17.976555">
				<ele>296.000000</ele>
			</trkpt>
			<trkpt lat="49.475358" lon="17.977085">
				<ele>296.000000</ele>
			</trkpt>
			<trkpt lat="49.475475" lon="17.977534">
				<ele>297.000000</ele>
			</trkpt>
			<trkpt lat="49.475556" lon="17.977804">
				<ele>297.000000</ele>
			</trkpt>
			<trkpt lat="49.475633" lon="17.978029">
				<ele>297.000000</ele>
			</trkpt>
			<trkpt lat="49.475533" lon="17.977939">
				<ele>297.000000</ele>
			</trkpt>
			<trkpt lat="49.475463" lon="17.977885">
				<ele>297.000000</ele>
			</trkpt>
			<trkpt lat="49.475393" lon="17.977849">
				<ele>297.000000</ele>
			</trkpt>
			<trkpt lat="49.475340" lon="17.977849">
				<ele>297.000000</ele>
			</trkpt>
			<trkpt lat="49.475160" lon="17.977876">
				<ele>296.000000</ele>
			</trkpt>
			<trkpt lat="49.474926" lon="17.977920">
				<ele>296.000000</ele>
			</trkpt>
			<trkpt lat="49.474926" lon="17.977920">
				<ele>296.000000</ele>
			</trkpt>
			<trkpt lat="49.474880" lon="17.977930">
				<ele>296.000000</ele>
			</trkpt>
			<trkpt lat="49.472848" lon="17.978209">
				<ele>295.000000</ele>
			</trkpt>
			<trkpt lat="49.472562" lon="17.979169">
				<ele>295.000000</ele>
			</trkpt>
			<trkpt lat="49.472504" lon="17.979430">
				<ele>295.000000</ele>
			</trkpt>
			<trkpt lat="49.472451" lon="17.979691">
				<ele>295.000000</ele>
			</trkpt>
			<trkpt lat="49.472311" lon="17.980409">
				<ele>295.000000</ele>
			</trkpt>
			<trkpt lat="49.472217" lon="17.981002">
				<ele>296.000000</ele>
			</trkpt>
			<trkpt lat="49.472130" lon="17.981631">
				<ele>296.000000</ele>
			</trkpt>
			<trkpt lat="49.472054" lon="17.982367">
				<ele>297.000000</ele>
			</trkpt>
			<trkpt lat="49.472048" lon="17.982394">
				<ele>297.000000</ele>
			</trkpt>
			<trkpt lat="49.472042" lon="17.982538">
				<ele>297.000000</ele>
			</trkpt>
			<trkpt lat="49.472025" lon="17.982889">
				<ele>297.000000</ele>
			</trkpt>
			<trkpt lat="49.472025" lon="17.983131">
				<ele>297.000000</ele>
			</trkpt>
			<trkpt lat="49.472025" lon="17.983239">
				<ele>297.000000</ele>
			</trkpt>
			<trkpt lat="49.472013" lon="17.983320">
				<ele>297.000000</ele>
			</trkpt>
			<trkpt lat="49.471995" lon="17.983392">
				<ele>297.000000</ele>
			</trkpt>
			<trkpt lat="49.471949" lon="17.983463">
				<ele>297.000000</ele>
			</trkpt>
			<trkpt lat="49.471873" lon="17.983625">
				<ele>297.000000</ele>
			</trkpt>
			<trkpt lat="49.471833" lon="17.983759">
				<ele>297.000000</ele>
			</trkpt>
			<trkpt lat="49.471820" lon="17.983876">
				<ele>298.000000</ele>
			</trkpt>
			<trkpt lat="49.471820" lon="17.984138">
				<ele>298.000000</ele>
			</trkpt>
			<trkpt lat="49.471826" lon="17.984388">
				<ele>298.000000</ele>
			</trkpt>
			<trkpt lat="49.471833" lon="17.984784">
				<ele>298.000000</ele>
			</trkpt>
			<trkpt lat="49.471861" lon="17.985144">
				<ele>298.000000</ele>
			</trkpt>
			<trkpt lat="49.471879" lon="17.985386">
				<ele>298.000000</ele>
			</trkpt>
			<trkpt lat="49.471908" lon="17.985593">
				<ele>299.000000</ele>
			</trkpt>
			<trkpt lat="49.471949" lon="17.985790">
				<ele>299.000000</ele>
			</trkpt>
			<trkpt lat="49.472008" lon="17.985988">
				<ele>299.000000</ele>
			</trkpt>
			<trkpt lat="49.472148" lon="17.986392">
				<ele>299.000000</ele>
			</trkpt>
			<trkpt lat="49.472200" lon="17.986572">
				<ele>299.000000</ele>
			</trkpt>
			<trkpt lat="49.472124" lon="17.986652">
				<ele>299.000000</ele>
			</trkpt>
			<trkpt lat="49.471833" lon="17.986895">
				<ele>300.000000</ele>
			</trkpt>
			<trkpt lat="49.471803" lon="17.986912">
				<ele>300.000000</ele>
			</trkpt>
			<trkpt lat="49.471786" lon="17.986878">
				<ele>300.000000</ele>
			</trkpt>
			<trkpt lat="49.471751" lon="17.986662">
				<ele>300.000000</ele>
			</trkpt>
			<trkpt lat="49.471739" lon="17.986625">
				<ele>300.000000</ele>
			</trkpt>
			<trkpt lat="49.471721" lon="17.986599">
				<ele>300.000000</ele>
			</trkpt>
			<trkpt lat="49.471715" lon="17.986878">
				<ele>300.000000</ele>
			</trkpt>
			<trkpt lat="49.471715" lon="17.986958">
				<ele>300.000000</ele>
			</trkpt>
			<trkpt lat="49.471809" lon="17.987102">
				<ele>300.000000</ele>
			</trkpt>
			<trkpt lat="49.471891" lon="17.987299">
				<ele>300.000000</ele>
			</trkpt>
			<trkpt lat="49.472299" lon="17.988279">
				<ele>300.000000</ele>
			</trkpt>
			<trkpt lat="49.472504" lon="17.988799">
				<ele>300.000000</ele>
			</trkpt>
			<trkpt lat="49.472527" lon="17.988872">
				<ele>300.000000</ele>
			</trkpt>
			<trkpt lat="49.472685" lon="17.989321">
				<ele>300.000000</ele>
			</trkpt>
			<trkpt lat="49.472778" lon="17.989617">
				<ele>300.000000</ele>
			</trkpt>
			<trkpt lat="49.472953" lon="17.990417">
				<ele>300.000000</ele>
			</trkpt>
			<trkpt lat="49.473099" lon="17.991073">
				<ele>300.000000</ele>
			</trkpt>
			<trkpt lat="49.473117" lon="17.991162">
				<ele>300.000000</ele>
			</trkpt>
			<trkpt lat="49.473158" lon="17.991216">
				<ele>300.000000</ele>
			</trkpt>
			<trkpt lat="49.473204" lon="17.991260">
				<ele>300.000000</ele>
			</trkpt>
			<trkpt lat="49.473257" lon="17.991288">
				<ele>300.000000</ele>
			</trkpt>
			<trkpt lat="49.473320" lon="17.991306">
				<ele>300.000000</ele>
			</trkpt>
			<trkpt lat="49.473391" lon="17.991315">
				<ele>300.000000</ele>
			</trkpt>
			<trkpt lat="49.473361" lon="17.991440">
				<ele>300.000000</ele>
			</trkpt>
			<trkpt lat="49.473356" lon="17.991530">
				<ele>300.000000</ele>
			</trkpt>
			<trkpt lat="49.473373" lon="17.991620">
				<ele>300.000000</ele>
			</trkpt>
			<trkpt lat="49.473397" lon="17.991755">
				<ele>300.000000</ele>
			</trkpt>
			<trkpt lat="49.473548" lon="17.992258">
				<ele>300.000000</ele>
			</trkpt>
			<trkpt lat="49.473654" lon="17.992698">
				<ele>300.000000</ele>
			</trkpt>
			<trkpt lat="49.473776" lon="17.993183">
				<ele>300.000000</ele>
			</trkpt>
			<trkpt lat="49.473963" lon="17.993875">
				<ele>300.000000</ele>
			</trkpt>
			<trkpt lat="49.474068" lon="17.994279">
				<ele>301.000000</ele>
			</trkpt>
			<trkpt lat="49.474109" lon="17.994396">
				<ele>301.000000</ele>
			</trkpt>
			<trkpt lat="49.474155" lon="17.994495">
				<ele>301.000000</ele>
			</trkpt>
			<trkpt lat="49.474214" lon="17.994612">
				<ele>301.000000</ele>
			</trkpt>
			<trkpt lat="49.474267" lon="17.994684">
				<ele>301.000000</ele>
			</trkpt>
			<trkpt lat="49.474342" lon="17.994782">
				<ele>301.000000</ele>
			</trkpt>
			<trkpt lat="49.474424" lon="17.994872">
				<ele>301.000000</ele>
			</trkpt>
			<trkpt lat="49.474658" lon="17.995105">
				<ele>301.000000</ele>
			</trkpt>
			<trkpt lat="49.474809" lon="17.995277">
				<ele>301.000000</ele>
			</trkpt>
			<trkpt lat="49.474880" lon="17.995384">
				<ele>301.000000</ele>
			</trkpt>
			<trkpt lat="49.474949" lon="17.995491">
				<ele>302.000000</ele>
			</trkpt>
			<trkpt lat="49.475008" lon="17.995600">
				<ele>302.000000</ele>
			</trkpt>
			<trkpt lat="49.475061" lon="17.995707">
				<ele>302.000000</ele>
			</trkpt>
			<trkpt lat="49.475107" lon="17.995860">
				<ele>302.000000</ele>
			</trkpt>
			<trkpt lat="49.475148" lon="17.996031">
				<ele>302.000000</ele>
			</trkpt>
			<trkpt lat="49.475241" lon="17.996552">
				<ele>302.000000</ele>
			</trkpt>
			<trkpt lat="49.475364" lon="17.997208">
				<ele>302.000000</ele>
			</trkpt>
			<trkpt lat="49.475393" lon="17.997415">
				<ele>303.000000</ele>
			</trkpt>
			<trkpt lat="49.475417" lon="17.997612">
				<ele>303.000000</ele>
			</trkpt>
			<trkpt lat="49.475417" lon="17.997818">
				<ele>303.000000</ele>
			</trkpt>
			<trkpt lat="49.475422" lon="17.997998">
				<ele>303.000000</ele>
			</trkpt>
			<trkpt lat="49.475405" lon="17.998214">
				<ele>303.000000</ele>
			</trkpt>
			<trkpt lat="49.475393" lon="17.998438">
				<ele>303.000000</ele>
			</trkpt>
			<trkpt lat="49.475142" lon="18.000505">
				<ele>304.000000</ele>
			</trkpt>
			<trkpt lat="49.475025" lon="18.001537">
				<ele>305.000000</ele>
			</trkpt>
			<trkpt lat="49.474914" lon="18.002615">
				<ele>305.000000</ele>
			</trkpt>
			<trkpt lat="49.474844" lon="18.003523">
				<ele>306.000000</ele>
			</trkpt>
			<trkpt lat="49.474821" lon="18.003864">
				<ele>306.000000</ele>
			</trkpt>
			<trkpt lat="49.474786" lon="18.004763">
				<ele>306.000000</ele>
			</trkpt>
			<trkpt lat="49.474745" lon="18.005256">
				<ele>306.000000</ele>
			</trkpt>
			<trkpt lat="49.474733" lon="18.005338">
				<ele>306.000000</ele>
			</trkpt>
			<trkpt lat="49.474716" lon="18.005409">
				<ele>306.000000</ele>
			</trkpt>
			<trkpt lat="49.474628" lon="18.005634">
				<ele>306.000000</ele>
			</trkpt>
			<trkpt lat="49.474599" lon="18.005760">
				<ele>306.000000</ele>
			</trkpt>
			<trkpt lat="49.474506" lon="18.006290">
				<ele>306.000000</ele>
			</trkpt>
			<trkpt lat="49.474465" lon="18.006487">
				<ele>306.000000</ele>
			</trkpt>
			<trkpt lat="49.474459" lon="18.006730">
				<ele>307.000000</ele>
			</trkpt>
			<trkpt lat="49.474470" lon="18.007134">
				<ele>307.000000</ele>
			</trkpt>
			<trkpt lat="49.474470" lon="18.007260">
				<ele>307.000000</ele>
			</trkpt>
			<trkpt lat="49.474448" lon="18.007376">
				<ele>307.000000</ele>
			</trkpt>
			<trkpt lat="49.474430" lon="18.007520">
				<ele>307.000000</ele>
			</trkpt>
			<trkpt lat="49.474418" lon="18.007637">
				<ele>307.000000</ele>
			</trkpt>
			<trkpt lat="49.474412" lon="18.008015">
				<ele>307.000000</ele>
			</trkpt>
			<trkpt lat="49.474412" lon="18.008113">
				<ele>307.000000</ele>
			</trkpt>
			<trkpt lat="49.474389" lon="18.008202">
				<ele>307.000000</ele>
			</trkpt>
			<trkpt lat="49.474354" lon="18.008355">
				<ele>307.000000</ele>
			</trkpt>
			<trkpt lat="49.474284" lon="18.008590">
				<ele>307.000000</ele>
			</trkpt>
			<trkpt lat="49.474092" lon="18.009137">
				<ele>307.000000</ele>
			</trkpt>
			<trkpt lat="49.473823" lon="18.010611">
				<ele>308.000000</ele>
			</trkpt>
			<trkpt lat="49.473671" lon="18.011464">
				<ele>308.000000</ele>
			</trkpt>
			<trkpt lat="49.473566" lon="18.011923">
				<ele>308.000000</ele>
			</trkpt>
			<trkpt lat="49.473467" lon="18.012344">
				<ele>308.000000</ele>
			</trkpt>
			<trkpt lat="49.473367" lon="18.012722">
				<ele>308.000000</ele>
			</trkpt>
			<trkpt lat="49.473257" lon="18.013108">
				<ele>309.000000</ele>
			</trkpt>
			<trkpt lat="49.473011" lon="18.013881">
				<ele>309.000000</ele>
			</trkpt>
			<trkpt lat="49.472912" lon="18.014276">
				<ele>309.000000</ele>
			</trkpt>
			<trkpt lat="49.472871" lon="18.014500">
				<ele>309.000000</ele>
			</trkpt>
			<trkpt lat="49.472836" lon="18.014707">
				<ele>309.000000</ele>
			</trkpt>
			<trkpt lat="49.472825" lon="18.014932">
				<ele>309.000000</ele>
			</trkpt>
			<trkpt lat="49.472807" lon="18.015165">
				<ele>309.000000</ele>
			</trkpt>
			<trkpt lat="49.472714" lon="18.016953">
				<ele>310.000000</ele>
			</trkpt>
			<trkpt lat="49.472708" lon="18.017160">
				<ele>310.000000</ele>
			</trkpt>
			<trkpt lat="49.472696" lon="18.017258">
				<ele>310.000000</ele>
			</trkpt>
			<trkpt lat="49.472667" lon="18.017366">
				<ele>310.000000</ele>
			</trkpt>
			<trkpt lat="49.472632" lon="18.017456">
				<ele>310.000000</ele>
			</trkpt>
			<trkpt lat="49.472580" lon="18.017563">
				<ele>310.000000</ele>
			</trkpt>
			<trkpt lat="49.472515" lon="18.017672">
				<ele>310.000000</ele>
			</trkpt>
			<trkpt lat="49.472422" lon="18.017806">
				<ele>310.000000</ele>
			</trkpt>
			<trkpt lat="49.472183" lon="18.018102">
				<ele>310.000000</ele>
			</trkpt>
			<trkpt lat="49.472042" lon="18.018318">
				<ele>310.000000</ele>
			</trkpt>
			<trkpt lat="49.471926" lon="18.018534">
				<ele>310.000000</ele>
			</trkpt>
			<trkpt lat="49.471867" lon="18.018668">
				<ele>310.000000</ele>
			</trkpt>
			<trkpt lat="49.471833" lon="18.018812">
				<ele>310.000000</ele>
			</trkpt>
			<trkpt lat="49.471814" lon="18.018992">
				<ele>310.000000</ele>
			</trkpt>
			<trkpt lat="49.471814" lon="18.019135">
				<ele>310.000000</ele>
			</trkpt>
			<trkpt lat="49.471762" lon="18.019307">
				<ele>311.000000</ele>
			</trkpt>
			<trkpt lat="49.471692" lon="18.019521">
				<ele>311.000000</ele>
			</trkpt>
			<trkpt lat="49.471611" lon="18.019728">
				<ele>311.000000</ele>
			</trkpt>
			<trkpt lat="49.471348" lon="18.020294">
				<ele>311.000000</ele>
			</trkpt>
			<trkpt lat="49.471254" lon="18.020519">
				<ele>311.000000</ele>
			</trkpt>
			<trkpt lat="49.471214" lon="18.020618">
				<ele>311.000000</ele>
			</trkpt>
			<trkpt lat="49.471167" lon="18.020699">
				<ele>311.000000</ele>
			</trkpt>
			<trkpt lat="49.471021" lon="18.020879">
				<ele>312.000000</ele>
			</trkpt>
			<trkpt lat="49.470957" lon="18.020959">
				<ele>312.000000</ele>
			</trkpt>
			<trkpt lat="49.470927" lon="18.021022">
				<ele>312.000000</ele>
			</trkpt>
			<trkpt lat="49.470886" lon="18.021103">
				<ele>312.000000</ele>
			</trkpt>
			<trkpt lat="49.470869" lon="18.021211">
				<ele>312.000000</ele>
			</trkpt>
			<trkpt lat="49.470845" lon="18.021301">
				<ele>312.000000</ele>
			</trkpt>
			<trkpt lat="49.470817" lon="18.021364">
				<ele>312.000000</ele>
			</trkpt>
			<trkpt lat="49.470782" lon="18.021426">
				<ele>312.000000</ele>
			</trkpt>
			<trkpt lat="49.470723" lon="18.021498">
				<ele>312.000000</ele>
			</trkpt>
			<trkpt lat="49.470612" lon="18.021588">
				<ele>312.000000</ele>
			</trkpt>
			<trkpt lat="49.470379" lon="18.021768">
				<ele>312.000000</ele>
			</trkpt>
			<trkpt lat="49.470209" lon="18.021894">
				<ele>313.000000</ele>
			</trkpt>
			<trkpt lat="49.470064" lon="18.022020">
				<ele>313.000000</ele>
			</trkpt>
			<trkpt lat="49.469923" lon="18.022154">
				<ele>313.000000</ele>
			</trkpt>
			<trkpt lat="49.469812" lon="18.022280">
				<ele>313.000000</ele>
			</trkpt>
			<trkpt lat="49.469701" lon="18.022441">
				<ele>313.000000</ele>
			</trkpt>
			<trkpt lat="49.469591" lon="18.022613">
				<ele>313.000000</ele>
			</trkpt>
			<trkpt lat="49.469421" lon="18.022944">
				<ele>313.000000</ele>
			</trkpt>
			<trkpt lat="49.469252" lon="18.023223">
				<ele>314.000000</ele>
			</trkpt>
			<trkpt lat="49.469089" lon="18.023456">
				<ele>314.000000</ele>
			</trkpt>
			<trkpt lat="49.468925" lon="18.023636">
				<ele>314.000000</ele>
			</trkpt>
			<trkpt lat="49.468610" lon="18.023978">
				<ele>314.000000</ele>
			</trkpt>
			<trkpt lat="49.468295" lon="18.024382">
				<ele>315.000000</ele>
			</trkpt>
			<trkpt lat="49.468207" lon="18.024490">
				<ele>315.000000</ele>
			</trkpt>
			<trkpt lat="49.468079" lon="18.024660">
				<ele>315.000000</ele>
			</trkpt>
			<trkpt lat="49.467746" lon="18.025091">
				<ele>315.000000</ele>
			</trkpt>
			<trkpt lat="49.467559" lon="18.025343">
				<ele>315.000000</ele>
			</trkpt>
			<trkpt lat="49.467389" lon="18.025640">
				<ele>315.000000</ele>
			</trkpt>
			<trkpt lat="49.467226" lon="18.025972">
				<ele>315.000000</ele>
			</trkpt>
			<trkpt lat="49.467104" lon="18.026242">
				<ele>315.000000</ele>
			</trkpt>
			<trkpt lat="49.466958" lon="18.026484">
				<ele>316.000000</ele>
			</trkpt>
			<trkpt lat="49.466940" lon="18.026519">
				<ele>316.000000</ele>
			</trkpt>
			<trkpt lat="49.466893" lon="18.026546">
				<ele>316.000000</ele>
			</trkpt>
			<trkpt lat="49.466852" lon="18.026546">
				<ele>316.000000</ele>
			</trkpt>
			<trkpt lat="49.466823" lon="18.026529">
				<ele>316.000000</ele>
			</trkpt>
			<trkpt lat="49.466631" lon="18.026313">
				<ele>316.000000</ele>
			</trkpt>
			<trkpt lat="49.466520" lon="18.026205">
				<ele>316.000000</ele>
			</trkpt>
			<trkpt lat="49.466088" lon="18.025837">
				<ele>317.000000</ele>
			</trkpt>
			<trkpt lat="49.465901" lon="18.025649">
				<ele>317.000000</ele>
			</trkpt>
			<trkpt lat="49.465685" lon="18.025406">
				<ele>317.000000</ele>
			</trkpt>
			<trkpt lat="49.465107" lon="18.026798">
				<ele>318.000000</ele>
			</trkpt>
			<trkpt lat="49.464529" lon="18.027643">
				<ele>319.000000</ele>
			</trkpt>
			<trkpt lat="49.464511" lon="18.027661">
				<ele>319.000000</ele>
			</trkpt>
			<trkpt lat="49.464483" lon="18.027670">
				<ele>319.000000</ele>
			</trkpt>
			<trkpt lat="49.464401" lon="18.027651">
				<ele>319.000000</ele>
			</trkpt>
			<trkpt lat="49.464302" lon="18.027588">
				<ele>319.000000</ele>
			</trkpt>
			<trkpt lat="49.464155" lon="18.027498">
				<ele>319.000000</ele>
			</trkpt>
			<trkpt lat="49.464074" lon="18.027777">
				<ele>319.000000</ele>
			</trkpt>
			<trkpt lat="49.463986" lon="18.028056">
				<ele>320.000000</ele>
			</trkpt>
			<trkpt lat="49.463887" lon="18.028307">
				<ele>320.000000</ele>
			</trkpt>
			<trkpt lat="49.463677" lon="18.028775">
				<ele>324.000000</ele>
			</trkpt>
			<trkpt lat="49.463834" lon="18.028955">
				<ele>324.000000</ele>
			</trkpt>
			<trkpt lat="49.463957" lon="18.029116">
				<ele>323.000000</ele>
			</trkpt>
			<trkpt lat="49.464296" lon="18.029592">
				<ele>322.000000</ele>
			</trkpt>
			<trkpt lat="49.464377" lon="18.029691">
				<ele>322.000000</ele>
			</trkpt>
			<trkpt lat="49.464745" lon="18.030221">
				<ele>321.000000</ele>
			</trkpt>
			<trkpt lat="49.464914" lon="18.030473">
				<ele>320.000000</ele>
			</trkpt>
			<trkpt lat="49.464745" lon="18.030598">
				<ele>320.000000</ele>
			</trkpt>
			<trkpt lat="49.464599" lon="18.030750">
				<ele>320.000000</ele>
			</trkpt>
			<trkpt lat="49.464552" lon="18.030804">
				<ele>320.000000</ele>
			</trkpt>
			<trkpt lat="49.464371" lon="18.030742">
				<ele>320.000000</ele>
			</trkpt>
			<trkpt lat="49.464278" lon="18.030724">
				<ele>320.000000</ele>
			</trkpt>
			<trkpt lat="49.464231" lon="18.030733">
				<ele>320.000000</ele>
			</trkpt>
			<trkpt lat="49.464185" lon="18.030742">
				<ele>320.000000</ele>
			</trkpt>
			<trkpt lat="49.464149" lon="18.030777">
				<ele>320.000000</ele>
			</trkpt>
			<trkpt lat="49.464108" lon="18.030823">
				<ele>320.000000</ele>
			</trkpt>
			<trkpt lat="49.463869" lon="18.031137">
				<ele>320.000000</ele>
			</trkpt>
			<trkpt lat="49.463828" lon="18.031218">
				<ele>320.000000</ele>
			</trkpt>
			<trkpt lat="49.463799" lon="18.031280">
				<ele>320.000000</ele>
			</trkpt>
			<trkpt lat="49.463793" lon="18.031379">
				<ele>320.000000</ele>
			</trkpt>
			<trkpt lat="49.463776" lon="18.031505">
				<ele>320.000000</ele>
			</trkpt>
			<trkpt lat="49.463770" lon="18.031586">
				<ele>320.000000</ele>
			</trkpt>
			<trkpt lat="49.463747" lon="18.031658">
				<ele>320.000000</ele>
			</trkpt>
			<trkpt lat="49.463717" lon="18.031703">
				<ele>320.000000</ele>
			</trkpt>
			<trkpt lat="49.463683" lon="18.031775">
				<ele>320.000000</ele>
			</trkpt>
			<trkpt lat="49.463467" lon="18.031964">
				<ele>320.000000</ele>
			</trkpt>
			<trkpt lat="49.463314" lon="18.032134">
				<ele>320.000000</ele>
			</trkpt>
			<trkpt lat="49.463210" lon="18.032242">
				<ele>320.000000</ele>
			</trkpt>
			<trkpt lat="49.463128" lon="18.032377">
				<ele>320.000000</ele>
			</trkpt>
			<trkpt lat="49.462889" lon="18.032745">
				<ele>320.000000</ele>
			</trkpt>
			<trkpt lat="49.462749" lon="18.032970">
				<ele>320.000000</ele>
			</trkpt>
			<trkpt lat="49.462696" lon="18.033024">
				<ele>320.000000</ele>
			</trkpt>
			<trkpt lat="49.462632" lon="18.033077">
				<ele>320.000000</ele>
			</trkpt>
			<trkpt lat="49.462392" lon="18.033167">
				<ele>320.000000</ele>
			</trkpt>
			<trkpt lat="49.462100" lon="18.033329">
				<ele>320.000000</ele>
			</trkpt>
			<trkpt lat="49.462054" lon="18.033356">
				<ele>320.000000</ele>
			</trkpt>
			<trkpt lat="49.462018" lon="18.033400">
				<ele>320.000000</ele>
			</trkpt>
			<trkpt lat="49.461989" lon="18.033446">
				<ele>320.000000</ele>
			</trkpt>
			<trkpt lat="49.461972" lon="18.033517">
				<ele>320.000000</ele>
			</trkpt>
			<trkpt lat="49.461960" lon="18.033572">
				<ele>320.000000</ele>
			</trkpt>
			<trkpt lat="49.461966" lon="18.033626">
				<ele>320.000000</ele>
			</trkpt>
			<trkpt lat="49.461977" lon="18.033670">
				<ele>320.000000</ele>
			</trkpt>
			<trkpt lat="49.462001" lon="18.033724">
				<ele>320.000000</ele>
			</trkpt>
			<trkpt lat="49.462036" lon="18.033787">
				<ele>320.000000</ele>
			</trkpt>
			<trkpt lat="49.462042" lon="18.033840">
				<ele>320.000000</ele>
			</trkpt>
			<trkpt lat="49.462030" lon="18.033903">
				<ele>320.000000</ele>
			</trkpt>
			<trkpt lat="49.461995" lon="18.033985">
				<ele>320.000000</ele>
			</trkpt>
			<trkpt lat="49.461931" lon="18.034119">
				<ele>320.000000</ele>
			</trkpt>
			<trkpt lat="49.461890" lon="18.034219">
				<ele>320.000000</ele>
			</trkpt>
			<trkpt lat="49.461873" lon="18.034299">
				<ele>320.000000</ele>
			</trkpt>
			<trkpt lat="49.461861" lon="18.034398">
				<ele>320.000000</ele>
			</trkpt>
			<trkpt lat="49.461832" lon="18.034614">
				<ele>320.000000</ele>
			</trkpt>
			<trkpt lat="49.461814" lon="18.034775">
				<ele>320.000000</ele>
			</trkpt>
			<trkpt lat="49.461616" lon="18.035458">
				<ele>321.000000</ele>
			</trkpt>
			<trkpt lat="49.461318" lon="18.036402">
				<ele>321.000000</ele>
			</trkpt>
			<trkpt lat="49.461143" lon="18.036949">
				<ele>321.000000</ele>
			</trkpt>
			<trkpt lat="49.460991" lon="18.037362">
				<ele>321.000000</ele>
			</trkpt>
			<trkpt lat="49.460950" lon="18.037471">
				<ele>321.000000</ele>
			</trkpt>
			<trkpt lat="49.460921" lon="18.037578">
				<ele>322.000000</ele>
			</trkpt>
			<trkpt lat="49.460909" lon="18.037685">
				<ele>322.000000</ele>
			</trkpt>
			<trkpt lat="49.460898" lon="18.037811">
				<ele>322.000000</ele>
			</trkpt>
			<trkpt lat="49.460851" lon="18.038431">
				<ele>322.000000</ele>
			</trkpt>
			<trkpt lat="49.460833" lon="18.038890">
				<ele>322.000000</ele>
			</trkpt>
			<trkpt lat="49.460821" lon="18.039186">
				<ele>322.000000</ele>
			</trkpt>
			<trkpt lat="49.460804" lon="18.039293">
				<ele>322.000000</ele>
			</trkpt>
			<trkpt lat="49.460780" lon="18.039410">
				<ele>322.000000</ele>
			</trkpt>
			<trkpt lat="49.460693" lon="18.039788">
				<ele>322.000000</ele>
			</trkpt>
			<trkpt lat="49.460582" lon="18.040192">
				<ele>323.000000</ele>
			</trkpt>
			<trkpt lat="49.460541" lon="18.040318">
				<ele>323.000000</ele>
			</trkpt>
			<trkpt lat="49.460524" lon="18.040381">
				<ele>323.000000</ele>
			</trkpt>
			<trkpt lat="49.460518" lon="18.040452">
				<ele>323.000000</ele>
			</trkpt>
			<trkpt lat="49.460536" lon="18.040551">
				<ele>323.000000</ele>
			</trkpt>
			<trkpt lat="49.460618" lon="18.041136">
				<ele>323.000000</ele>
			</trkpt>
			<trkpt lat="49.460681" lon="18.041530">
				<ele>323.000000</ele>
			</trkpt>
			<trkpt lat="49.460746" lon="18.041872">
				<ele>323.000000</ele>
			</trkpt>
			<trkpt lat="49.460804" lon="18.042213">
				<ele>323.000000</ele>
			</trkpt>
			<trkpt lat="49.460927" lon="18.042725">
				<ele>324.000000</ele>
			</trkpt>
			<trkpt lat="49.461026" lon="18.043165">
				<ele>324.000000</ele>
			</trkpt>
			<trkpt lat="49.461125" lon="18.043551">
				<ele>324.000000</ele>
			</trkpt>
			<trkpt lat="49.461201" lon="18.043920">
				<ele>324.000000</ele>
			</trkpt>
			<trkpt lat="49.461440" lon="18.045232">
				<ele>325.000000</ele>
			</trkpt>
			<trkpt lat="49.461511" lon="18.045555">
				<ele>325.000000</ele>
			</trkpt>
			<trkpt lat="49.461569" lon="18.045780">
				<ele>325.000000</ele>
			</trkpt>
			<trkpt lat="49.461755" lon="18.046427">
				<ele>325.000000</ele>
			</trkpt>
			<trkpt lat="49.461884" lon="18.046830">
				<ele>325.000000</ele>
			</trkpt>
			<trkpt lat="49.461931" lon="18.046956">
				<ele>325.000000</ele>
			</trkpt>
			<trkpt lat="49.461977" lon="18.047029">
				<ele>325.000000</ele>
			</trkpt>
			<trkpt lat="49.462036" lon="18.047163">
				<ele>325.000000</ele>
			</trkpt>
			<trkpt lat="49.462083" lon="18.047343">
				<ele>325.000000</ele>
			</trkpt>
			<trkpt lat="49.462158" lon="18.047549">
				<ele>326.000000</ele>
			</trkpt>
			<trkpt lat="49.462252" lon="18.047765">
				<ele>326.000000</ele>
			</trkpt>
			<trkpt lat="49.462316" lon="18.047855">
				<ele>326.000000</ele>
			</trkpt>
			<trkpt lat="49.462363" lon="18.047926">
				<ele>326.000000</ele>
			</trkpt>
			<trkpt lat="49.462410" lon="18.047972">
				<ele>326.000000</ele>
			</trkpt>
			<trkpt lat="49.462456" lon="18.047998">
				<ele>326.000000</ele>
			</trkpt>
			<trkpt lat="49.462451" lon="18.048205">
				<ele>326.000000</ele>
			</trkpt>
			<trkpt lat="49.462468" lon="18.048385">
				<ele>326.000000</ele>
			</trkpt>
			<trkpt lat="49.462521" lon="18.048547">
				<ele>326.000000</ele>
			</trkpt>
			<trkpt lat="49.462555" lon="18.048610">
				<ele>326.000000</ele>
			</trkpt>
			<trkpt lat="49.462596" lon="18.048681">
				<ele>326.000000</ele>
			</trkpt>
			<trkpt lat="49.462661" lon="18.048790">
				<ele>326.000000</ele>
			</trkpt>
			<trkpt lat="49.462708" lon="18.048888">
				<ele>326.000000</ele>
			</trkpt>
			<trkpt lat="49.462754" lon="18.048987">
				<ele>326.000000</ele>
			</trkpt>
			<trkpt lat="49.462783" lon="18.049094">
				<ele>326.000000</ele>
			</trkpt>
			<trkpt lat="49.462684" lon="18.049176">
				<ele>326.000000</ele>
			</trkpt>
			<trkpt lat="49.462369" lon="18.049444">
				<ele>327.000000</ele>
			</trkpt>
			<trkpt lat="49.462287" lon="18.049534">
				<ele>327.000000</ele>
			</trkpt>
			<trkpt lat="49.462346" lon="18.049687">
				<ele>327.000000</ele>
			</trkpt>
			<trkpt lat="49.462509" lon="18.049993">
				<ele>327.000000</ele>
			</trkpt>
			<trkpt lat="49.462561" lon="18.050100">
				<ele>327.000000</ele>
			</trkpt>
			<trkpt lat="49.462655" lon="18.050369">
				<ele>327.000000</ele>
			</trkpt>
			<trkpt lat="49.462842" lon="18.051071">
				<ele>327.000000</ele>
			</trkpt>
			<trkpt lat="49.462988" lon="18.051528">
				<ele>328.000000</ele>
			</trkpt>
			<trkpt lat="49.463327" lon="18.052509">
				<ele>328.000000</ele>
			</trkpt>
			<trkpt lat="49.463490" lon="18.053029">
				<ele>328.000000</ele>
			</trkpt>
			<trkpt lat="49.463636" lon="18.053577">
				<ele>328.000000</ele>
			</trkpt>
			<trkpt lat="49.463711" lon="18.053918">
				<ele>329.000000</ele>
			</trkpt>
			<trkpt lat="49.463724" lon="18.054044">
				<ele>329.000000</ele>
			</trkpt>
			<trkpt lat="49.463729" lon="18.054170">
				<ele>329.000000</ele>
			</trkpt>
			<trkpt lat="49.463735" lon="18.054277">
				<ele>329.000000</ele>
			</trkpt>
			<trkpt lat="49.463752" lon="18.054377">
				<ele>329.000000</ele>
			</trkpt>
			<trkpt lat="49.463776" lon="18.054448">
				<ele>329.000000</ele>
			</trkpt>
			<trkpt lat="49.463817" lon="18.054556">
				<ele>329.000000</ele>
			</trkpt>
			<trkpt lat="49.463893" lon="18.054754">
				<ele>329.000000</ele>
			</trkpt>
			<trkpt lat="49.464074" lon="18.055239">
				<ele>329.000000</ele>
			</trkpt>
			<trkpt lat="49.464132" lon="18.055319">
				<ele>329.000000</ele>
			</trkpt>
			<trkpt lat="49.464173" lon="18.055419">
				<ele>329.000000</ele>
			</trkpt>
			<trkpt lat="49.464214" lon="18.055535">
				<ele>329.000000</ele>
			</trkpt>
			<trkpt lat="49.464266" lon="18.055706">
				<ele>329.000000</ele>
			</trkpt>
			<trkpt lat="49.464377" lon="18.056155">
				<ele>330.000000</ele>
			</trkpt>
			<trkpt lat="49.464477" lon="18.056577">
				<ele>330.000000</ele>
			</trkpt>
			<trkpt lat="49.464529" lon="18.056891">
				<ele>330.000000</ele>
			</trkpt>
			<trkpt lat="49.464558" lon="18.057188">
				<ele>330.000000</ele>
			</trkpt>
			<trkpt lat="49.464564" lon="18.057287">
				<ele>330.000000</ele>
			</trkpt>
			<trkpt lat="49.464494" lon="18.057260">
				<ele>330.000000</ele>
			</trkpt>
			<trkpt lat="49.464430" lon="18.057251">
				<ele>330.000000</ele>
			</trkpt>
			<trkpt lat="49.464389" lon="18.057243">
				<ele>330.000000</ele>
			</trkpt>
			<trkpt lat="49.464325" lon="18.057251">
				<ele>330.000000</ele>
			</trkpt>
			<trkpt lat="49.464278" lon="18.057233">
				<ele>330.000000</ele>
			</trkpt>
			<trkpt lat="49.464243" lon="18.057206">
				<ele>330.000000</ele>
			</trkpt>
			<trkpt lat="49.464220" lon="18.057180">
				<ele>330.000000</ele>
			</trkpt>
			<trkpt lat="49.464144" lon="18.056964">
				<ele>330.000000</ele>
			</trkpt>
			<trkpt lat="49.464261" lon="18.056891">
				<ele>330.000000</ele>
			</trkpt>
			<trkpt lat="49.464336" lon="18.056864">
				<ele>330.000000</ele>
			</trkpt>
			<trkpt lat="49.464412" lon="18.056856">
				<ele>330.000000</ele>
			</trkpt>
			<trkpt lat="49.464453" lon="18.056847">
				<ele>330.000000</ele>
			</trkpt>
			<trkpt lat="49.464874" lon="18.056587">
				<ele>330.000000</ele>
			</trkpt>
			<trkpt lat="49.464920" lon="18.056541">
				<ele>331.000000</ele>
			</trkpt>
			<trkpt lat="49.464891" lon="18.056451">
				<ele>331.000000</ele>
			</trkpt>
			<trkpt lat="49.465119" lon="18.056335">
				<ele>331.000000</ele>
			</trkpt>
			<trkpt lat="49.465195" lon="18.056325">
				<ele>331.000000</ele>
			</trkpt>
			<trkpt lat="49.465533" lon="18.056380">
				<ele>331.000000</ele>
			</trkpt>
			<trkpt lat="49.465720" lon="18.056388">
				<ele>331.000000</ele>
			</trkpt>
			<trkpt lat="49.465738" lon="18.055876">
				<ele>331.000000</ele>
			</trkpt>
			<trkpt lat="49.466036" lon="18.055885">
				<ele>332.000000</ele>
			</trkpt>
			<trkpt lat="49.466012" lon="18.056254">
				<ele>332.000000</ele>
			</trkpt>
			<trkpt lat="49.465965" lon="18.056622">
				<ele>332.000000</ele>
			</trkpt>
			<trkpt lat="49.465965" lon="18.056622">
				<ele>332.000000</ele>
			</trkpt>
			<trkpt lat="49.465959" lon="18.056677">
				<ele>332.000000</ele>
			</trkpt>
			<trkpt lat="49.465913" lon="18.057080">
				<ele>332.000000</ele>
			</trkpt>
			<trkpt lat="49.465883" lon="18.057422">
				<ele>332.000000</ele>
			</trkpt>
			<trkpt lat="49.465866" lon="18.057754">
				<ele>333.000000</ele>
			</trkpt>
			<trkpt lat="49.465842" lon="18.058356">
				<ele>333.000000</ele>
			</trkpt>
			<trkpt lat="49.465825" lon="18.058725">
				<ele>333.000000</ele>
			</trkpt>
			<trkpt lat="49.465819" lon="18.059174">
				<ele>333.000000</ele>
			</trkpt>
			<trkpt lat="49.465837" lon="18.059623">
				<ele>334.000000</ele>
			</trkpt>
			<trkpt lat="49.465878" lon="18.060153">
				<ele>334.000000</ele>
			</trkpt>
			<trkpt lat="49.465878" lon="18.060350">
				<ele>334.000000</ele>
			</trkpt>
			<trkpt lat="49.465872" lon="18.060512">
				<ele>334.000000</ele>
			</trkpt>
			<trkpt lat="49.465860" lon="18.060673">
				<ele>334.000000</ele>
			</trkpt>
			<trkpt lat="49.465825" lon="18.060988">
				<ele>334.000000</ele>
			</trkpt>
			<trkpt lat="49.465779" lon="18.061474">
				<ele>334.000000</ele>
			</trkpt>
			<trkpt lat="49.465755" lon="18.061922">
				<ele>335.000000</ele>
			</trkpt>
			<trkpt lat="49.465755" lon="18.062327">
				<ele>335.000000</ele>
			</trkpt>
			<trkpt lat="49.465767" lon="18.062820">
				<ele>335.000000</ele>
			</trkpt>
			<trkpt lat="49.465796" lon="18.063198">
				<ele>335.000000</ele>
			</trkpt>
			<trkpt lat="49.465802" lon="18.063549">
				<ele>336.000000</ele>
			</trkpt>
			<trkpt lat="49.465790" lon="18.063809">
				<ele>336.000000</ele>
			</trkpt>
			<trkpt lat="49.465773" lon="18.063944">
				<ele>336.000000</ele>
			</trkpt>
			<trkpt lat="49.465743" lon="18.064096">
				<ele>336.000000</ele>
			</trkpt>
			<trkpt lat="49.465661" lon="18.064420">
				<ele>336.000000</ele>
			</trkpt>
			<trkpt lat="49.465586" lon="18.064680">
				<ele>336.000000</ele>
			</trkpt>
			<trkpt lat="49.465480" lon="18.064904">
				<ele>336.000000</ele>
			</trkpt>
			<trkpt lat="49.465393" lon="18.065067">
				<ele>337.000000</ele>
			</trkpt>
			<trkpt lat="49.465083" lon="18.065587">
				<ele>337.000000</ele>
			</trkpt>
			<trkpt lat="49.465037" lon="18.065659">
				<ele>337.000000</ele>
			</trkpt>
			<trkpt lat="49.465008" lon="18.065759">
				<ele>337.000000</ele>
			</trkpt>
			<trkpt lat="49.464979" lon="18.065857">
				<ele>337.000000</ele>
			</trkpt>
			<trkpt lat="49.464955" lon="18.065965">
				<ele>337.000000</ele>
			</trkpt>
			<trkpt lat="49.464955" lon="18.066118">
				<ele>337.000000</ele>
			</trkpt>
			<trkpt lat="49.464949" lon="18.066298">
				<ele>337.000000</ele>
			</trkpt>
			<trkpt lat="49.464967" lon="18.066531">
				<ele>338.000000</ele>
			</trkpt>
			<trkpt lat="49.464984" lon="18.066864">
				<ele>338.000000</ele>
			</trkpt>
			<trkpt lat="49.464990" lon="18.067151">
				<ele>338.000000</ele>
			</trkpt>
			<trkpt lat="49.464961" lon="18.068256">
				<ele>339.000000</ele>
			</trkpt>
			<trkpt lat="49.464961" lon="18.068533">
				<ele>339.000000</ele>
			</trkpt>
			<trkpt lat="49.464973" lon="18.068776">
				<ele>339.000000</ele>
			</trkpt>
			<trkpt lat="49.465002" lon="18.068992">
				<ele>339.000000</ele>
			</trkpt>
			<trkpt lat="49.465061" lon="18.069252">
				<ele>339.000000</ele>
			</trkpt>
			<trkpt lat="49.465177" lon="18.069801">
				<ele>340.000000</ele>
			</trkpt>
			<trkpt lat="49.465206" lon="18.070034">
				<ele>340.000000</ele>
			</trkpt>
			<trkpt lat="49.465247" lon="18.070277">
				<ele>340.000000</ele>
			</trkpt>
			<trkpt lat="49.465282" lon="18.070735">
				<ele>340.000000</ele>
			</trkpt>
			<trkpt lat="49.465294" lon="18.071229">
				<ele>341.000000</ele>
			</trkpt>
			<trkpt lat="49.465300" lon="18.072747">
				<ele>342.000000</ele>
			</trkpt>
			<trkpt lat="49.465305" lon="18.072917">
				<ele>343.000000</ele>
			</trkpt>
			<trkpt lat="49.465323" lon="18.073070">
				<ele>343.000000</ele>
			</trkpt>
			<trkpt lat="49.465370" lon="18.073331">
				<ele>343.000000</ele>
			</trkpt>
			<trkpt lat="49.465498" lon="18.073772">
				<ele>343.000000</ele>
			</trkpt>
			<trkpt lat="49.465510" lon="18.073852">
				<ele>344.000000</ele>
			</trkpt>
			<trkpt lat="49.465603" lon="18.074175">
				<ele>344.000000</ele>
			</trkpt>
			<trkpt lat="49.465755" lon="18.074768">
				<ele>345.000000</ele>
			</trkpt>
			<trkpt lat="49.465825" lon="18.075020">
				<ele>345.000000</ele>
			</trkpt>
			<trkpt lat="49.465977" lon="18.075963">
				<ele>347.000000</ele>
			</trkpt>
			<trkpt lat="49.465989" lon="18.076133">
				<ele>347.000000</ele>
			</trkpt>
			<trkpt lat="49.466006" lon="18.076269">
				<ele>347.000000</ele>
			</trkpt>
			<trkpt lat="49.466000" lon="18.076422">
				<ele>348.000000</ele>
			</trkpt>
			<trkpt lat="49.465995" lon="18.076573">
				<ele>348.000000</ele>
			</trkpt>
			<trkpt lat="49.465977" lon="18.076709">
				<ele>348.000000</ele>
			</trkpt>
			<trkpt lat="49.465954" lon="18.076862">
				<ele>349.000000</ele>
			</trkpt>
			<trkpt lat="49.465936" lon="18.076942">
				<ele>349.000000</ele>
			</trkpt>
			<trkpt lat="49.465790" lon="18.077678">
				<ele>350.000000</ele>
			</trkpt>
			<trkpt lat="49.465557" lon="18.078973">
				<ele>350.000000</ele>
			</trkpt>
			<trkpt lat="49.465516" lon="18.079152">
				<ele>350.000000</ele>
			</trkpt>
			<trkpt lat="49.465463" lon="18.079313">
				<ele>350.000000</ele>
			</trkpt>
			<trkpt lat="49.465399" lon="18.079466">
				<ele>350.000000</ele>
			</trkpt>
			<trkpt lat="49.465282" lon="18.079691">
				<ele>350.000000</ele>
			</trkpt>
			<trkpt lat="49.465247" lon="18.079754">
				<ele>350.000000</ele>
			</trkpt>
			<trkpt lat="49.464669" lon="18.080770">
				<ele>350.000000</ele>
			</trkpt>
			<trkpt lat="49.463916" lon="18.082099">
				<ele>350.000000</ele>
			</trkpt>
			<trkpt lat="49.463659" lon="18.082557">
				<ele>350.000000</ele>
			</trkpt>
			<trkpt lat="49.463530" lon="18.082799">
				<ele>350.000000</ele>
			</trkpt>
			<trkpt lat="49.463461" lon="18.082915">
				<ele>350.000000</ele>
			</trkpt>
			<trkpt lat="49.463367" lon="18.083131">
				<ele>350.000000</ele>
			</trkpt>
			<trkpt lat="49.463327" lon="18.083311">
				<ele>350.000000</ele>
			</trkpt>
			<trkpt lat="49.463303" lon="18.083500">
				<ele>350.000000</ele>
			</trkpt>
			<trkpt lat="49.463256" lon="18.084839">
				<ele>350.000000</ele>
			</trkpt>
			<trkpt lat="49.463215" lon="18.085494">
				<ele>350.000000</ele>
			</trkpt>
			<trkpt lat="49.463180" lon="18.086105">
				<ele>350.000000</ele>
			</trkpt>
			<trkpt lat="49.463146" lon="18.086743">
				<ele>350.000000</ele>
			</trkpt>
			<trkpt lat="49.463034" lon="18.088548">
				<ele>351.000000</ele>
			</trkpt>
			<trkpt lat="49.463029" lon="18.090022">
				<ele>352.000000</ele>
			</trkpt>
			<trkpt lat="49.463052" lon="18.090273">
				<ele>352.000000</ele>
			</trkpt>
			<trkpt lat="49.463058" lon="18.090399">
				<ele>352.000000</ele>
			</trkpt>
			<trkpt lat="49.463099" lon="18.090857">
				<ele>352.000000</ele>
			</trkpt>
			<trkpt lat="49.463128" lon="18.091297">
				<ele>353.000000</ele>
			</trkpt>
			<trkpt lat="49.463133" lon="18.091397">
				<ele>353.000000</ele>
			</trkpt>
			<trkpt lat="49.463221" lon="18.092357">
				<ele>353.000000</ele>
			</trkpt>
			<trkpt lat="49.463338" lon="18.092349">
				<ele>353.000000</ele>
			</trkpt>
			<trkpt lat="49.463455" lon="18.092645">
				<ele>354.000000</ele>
			</trkpt>
			<trkpt lat="49.463560" lon="18.092653">
				<ele>354.000000</ele>
			</trkpt>
			<trkpt lat="49.463653" lon="18.092689">
				<ele>354.000000</ele>
			</trkpt>
			<trkpt lat="49.463741" lon="18.092716">
				<ele>354.000000</ele>
			</trkpt>
			<trkpt lat="49.463799" lon="18.092762">
				<ele>354.000000</ele>
			</trkpt>
			<trkpt lat="49.463852" lon="18.092825">
				<ele>354.000000</ele>
			</trkpt>
			<trkpt lat="49.463916" lon="18.092915">
				<ele>355.000000</ele>
			</trkpt>
			<trkpt lat="49.463998" lon="18.093085">
				<ele>355.000000</ele>
			</trkpt>
			<trkpt lat="49.464045" lon="18.093184">
				<ele>355.000000</ele>
			</trkpt>
			<trkpt lat="49.464068" lon="18.093282">
				<ele>355.000000</ele>
			</trkpt>
			<trkpt lat="49.464080" lon="18.093418">
				<ele>355.000000</ele>
			</trkpt>
			<trkpt lat="49.464074" lon="18.093731">
				<ele>356.000000</ele>
			</trkpt>
			<trkpt lat="49.464062" lon="18.094423">
				<ele>359.000000</ele>
			</trkpt>
			<trkpt lat="49.464062" lon="18.094523">
				<ele>359.000000</ele>
			</trkpt>
			<trkpt lat="49.464039" lon="18.094710">
				<ele>360.000000</ele>
			</trkpt>
			<trkpt lat="49.463945" lon="18.095070">
				<ele>360.000000</ele>
			</trkpt>
			<trkpt lat="49.463858" lon="18.095339">
				<ele>360.000000</ele>
			</trkpt>
			<trkpt lat="49.463799" lon="18.095609">
				<ele>360.000000</ele>
			</trkpt>
			<trkpt lat="49.463752" lon="18.095879">
				<ele>360.000000</ele>
			</trkpt>
			<trkpt lat="49.463717" lon="18.096310">
				<ele>360.000000</ele>
			</trkpt>
			<trkpt lat="49.463694" lon="18.096517">
				<ele>360.000000</ele>
			</trkpt>
			<trkpt lat="49.463653" lon="18.096705">
				<ele>360.000000</ele>
			</trkpt>
			<trkpt lat="49.463601" lon="18.096876">
				<ele>360.000000</ele>
			</trkpt>
			<trkpt lat="49.463484" lon="18.097208">
				<ele>360.000000</ele>
			</trkpt>
			<trkpt lat="49.463367" lon="18.097567">
				<ele>360.000000</ele>
			</trkpt>
			<trkpt lat="49.463286" lon="18.097900">
				<ele>360.000000</ele>
			</trkpt>
			<trkpt lat="49.463233" lon="18.098242">
				<ele>360.000000</ele>
			</trkpt>
			<trkpt lat="49.463180" lon="18.098735">
				<ele>360.000000</ele>
			</trkpt>
			<trkpt lat="49.463151" lon="18.099005">
				<ele>361.000000</ele>
			</trkpt>
			<trkpt lat="49.463116" lon="18.099221">
				<ele>361.000000</ele>
			</trkpt>
			<trkpt lat="49.462982" lon="18.099867">
				<ele>361.000000</ele>
			</trkpt>
			<trkpt lat="49.462918" lon="18.100182">
				<ele>362.000000</ele>
			</trkpt>
			<trkpt lat="49.462871" lon="18.100613">
				<ele>362.000000</ele>
			</trkpt>
			<trkpt lat="49.462824" lon="18.101071">
				<ele>363.000000</ele>
			</trkpt>
			<trkpt lat="49.462708" lon="18.102068">
				<ele>363.000000</ele>
			</trkpt>
			<trkpt lat="49.462643" lon="18.102750">
				<ele>364.000000</ele>
			</trkpt>
			<trkpt lat="49.462608" lon="18.103389">
				<ele>365.000000</ele>
			</trkpt>
			<trkpt lat="49.462585" lon="18.103955">
				<ele>365.000000</ele>
			</trkpt>
			<trkpt lat="49.462579" lon="18.104440">
				<ele>365.000000</ele>
			</trkpt>
			<trkpt lat="49.462591" lon="18.105014">
				<ele>365.000000</ele>
			</trkpt>
			<trkpt lat="49.462608" lon="18.105455">
				<ele>365.000000</ele>
			</trkpt>
			<trkpt lat="49.462626" lon="18.105805">
				<ele>365.000000</ele>
			</trkpt>
			<trkpt lat="49.462655" lon="18.106012">
				<ele>365.000000</ele>
			</trkpt>
			<trkpt lat="49.462702" lon="18.106200">
				<ele>365.000000</ele>
			</trkpt>
			<trkpt lat="49.462749" lon="18.106299">
				<ele>365.000000</ele>
			</trkpt>
			<trkpt lat="49.462789" lon="18.106379">
				<ele>365.000000</ele>
			</trkpt>
			<trkpt lat="49.463286" lon="18.107224">
				<ele>365.000000</ele>
			</trkpt>
			<trkpt lat="49.463431" lon="18.107494">
				<ele>365.000000</ele>
			</trkpt>
			<trkpt lat="49.463484" lon="18.107629">
				<ele>365.000000</ele>
			</trkpt>
			<trkpt lat="49.463542" lon="18.107781">
				<ele>365.000000</ele>
			</trkpt>
			<trkpt lat="49.463571" lon="18.107987">
				<ele>365.000000</ele>
			</trkpt>
			<trkpt lat="49.463595" lon="18.108230">
				<ele>365.000000</ele>
			</trkpt>
			<trkpt lat="49.463595" lon="18.108492">
				<ele>365.000000</ele>
			</trkpt>
			<trkpt lat="49.463589" lon="18.108779">
				<ele>365.000000</ele>
			</trkpt>
			<trkpt lat="49.463530" lon="18.109874">
				<ele>365.000000</ele>
			</trkpt>
			<trkpt lat="49.463484" lon="18.110566">
				<ele>365.000000</ele>
			</trkpt>
			<trkpt lat="49.463431" lon="18.111213">
				<ele>365.000000</ele>
			</trkpt>
			<trkpt lat="49.463355" lon="18.111949">
				<ele>365.000000</ele>
			</trkpt>
			<trkpt lat="49.463327" lon="18.112210">
				<ele>365.000000</ele>
			</trkpt>
			<trkpt lat="49.463291" lon="18.112417">
				<ele>365.000000</ele>
			</trkpt>
			<trkpt lat="49.463250" lon="18.112578">
				<ele>365.000000</ele>
			</trkpt>
			<trkpt lat="49.463210" lon="18.112704">
				<ele>365.000000</ele>
			</trkpt>
			<trkpt lat="49.463210" lon="18.112704">
				<ele>365.000000</ele>
			</trkpt>
			<trkpt lat="49.463204" lon="18.112731">
				<ele>365.000000</ele>
			</trkpt>
			<trkpt lat="49.463146" lon="18.112893">
				<ele>365.000000</ele>
			</trkpt>
			<trkpt lat="49.463075" lon="18.113027">
				<ele>365.000000</ele>
			</trkpt>
			<trkpt lat="49.462999" lon="18.113163">
				<ele>365.000000</ele>
			</trkpt>
			<trkpt lat="49.462906" lon="18.113316">
				<ele>365.000000</ele>
			</trkpt>
			<trkpt lat="49.462713" lon="18.113593">
				<ele>365.000000</ele>
			</trkpt>
			<trkpt lat="49.462311" lon="18.114105">
				<ele>365.000000</ele>
			</trkpt>
			<trkpt lat="49.462252" lon="18.114186">
				<ele>365.000000</ele>
			</trkpt>
			<trkpt lat="49.462135" lon="18.114358">
				<ele>365.000000</ele>
			</trkpt>
			<trkpt lat="49.462042" lon="18.114492">
				<ele>365.000000</ele>
			</trkpt>
			<trkpt lat="49.461966" lon="18.114635">
				<ele>365.000000</ele>
			</trkpt>
			<trkpt lat="49.461896" lon="18.114788">
				<ele>365.000000</ele>
			</trkpt>
			<trkpt lat="49.461832" lon="18.114932">
				<ele>365.000000</ele>
			</trkpt>
			<trkpt lat="49.461761" lon="18.115138">
				<ele>365.000000</ele>
			</trkpt>
			<trkpt lat="49.461639" lon="18.115561">
				<ele>365.000000</ele>
			</trkpt>
			<trkpt lat="49.461610" lon="18.115650">
				<ele>365.000000</ele>
			</trkpt>
			<trkpt lat="49.461557" lon="18.115704">
				<ele>365.000000</ele>
			</trkpt>
			<trkpt lat="49.461493" lon="18.115740">
				<ele>365.000000</ele>
			</trkpt>
			<trkpt lat="49.461405" lon="18.115750">
				<ele>365.000000</ele>
			</trkpt>
			<trkpt lat="49.461394" lon="18.115750">
				<ele>365.000000</ele>
			</trkpt>
			<trkpt lat="49.460950" lon="18.115759">
				<ele>365.000000</ele>
			</trkpt>
			<trkpt lat="49.460500" lon="18.115786">
				<ele>365.000000</ele>
			</trkpt>
			<trkpt lat="49.460448" lon="18.115794">
				<ele>365.000000</ele>
			</trkpt>
			<trkpt lat="49.460396" lon="18.115821">
				<ele>365.000000</ele>
			</trkpt>
			<trkpt lat="49.460337" lon="18.115857">
				<ele>365.000000</ele>
			</trkpt>
			<trkpt lat="49.460290" lon="18.115903">
				<ele>365.000000</ele>
			</trkpt>
			<trkpt lat="49.460238" lon="18.116000">
				<ele>365.000000</ele>
			</trkpt>
			<trkpt lat="49.460185" lon="18.116153">
				<ele>365.000000</ele>
			</trkpt>
			<trkpt lat="49.460156" lon="18.116333">
				<ele>365.000000</ele>
			</trkpt>
			<trkpt lat="49.460139" lon="18.116513">
				<ele>365.000000</ele>
			</trkpt>
			<trkpt lat="49.460127" lon="18.117438">
				<ele>365.000000</ele>
			</trkpt>
			<trkpt lat="49.460080" lon="18.120520">
				<ele>366.000000</ele>
			</trkpt>
			<trkpt lat="49.460080" lon="18.120851">
				<ele>366.000000</ele>
			</trkpt>
			<trkpt lat="49.460092" lon="18.121059">
				<ele>366.000000</ele>
			</trkpt>
			<trkpt lat="49.460121" lon="18.121283">
				<ele>366.000000</ele>
			</trkpt>
			<trkpt lat="49.460179" lon="18.121507">
				<ele>366.000000</ele>
			</trkpt>
			<trkpt lat="49.460243" lon="18.121777">
				<ele>366.000000</ele>
			</trkpt>
			<trkpt lat="49.460273" lon="18.121975">
				<ele>366.000000</ele>
			</trkpt>
			<trkpt lat="49.460279" lon="18.122119">
				<ele>366.000000</ele>
			</trkpt>
			<trkpt lat="49.460267" lon="18.122191">
				<ele>366.000000</ele>
			</trkpt>
			<trkpt lat="49.460249" lon="18.122235">
				<ele>366.000000</ele>
			</trkpt>
			<trkpt lat="49.460308" lon="18.122308">
				<ele>366.000000</ele>
			</trkpt>
			<trkpt lat="49.460360" lon="18.122352">
				<ele>366.000000</ele>
			</trkpt>
			<trkpt lat="49.460424" lon="18.122369">
				<ele>366.000000</ele>
			</trkpt>
			<trkpt lat="49.460495" lon="18.122388">
				<ele>366.000000</ele>
			</trkpt>
			<trkpt lat="49.460810" lon="18.122388">
				<ele>366.000000</ele>
			</trkpt>
			<trkpt lat="49.461242" lon="18.122388">
				<ele>366.000000</ele>
			</trkpt>
			<trkpt lat="49.461995" lon="18.122369">
				<ele>367.000000</ele>
			</trkpt>
			<trkpt lat="49.462007" lon="18.123377">
				<ele>368.000000</ele>
			</trkpt>
			<trkpt lat="49.462013" lon="18.124769">
				<ele>368.000000</ele>
			</trkpt>
			<trkpt lat="49.462024" lon="18.127724">
				<ele>371.000000</ele>
			</trkpt>
			<trkpt lat="49.462030" lon="18.128254">
				<ele>372.000000</ele>
			</trkpt>
			<trkpt lat="49.462030" lon="18.128541">
				<ele>372.000000</ele>
			</trkpt>
			<trkpt lat="49.462030" lon="18.129153">
				<ele>373.000000</ele>
			</trkpt>
			<trkpt lat="49.462042" lon="18.129755">
				<ele>374.000000</ele>
			</trkpt>
			<trkpt lat="49.462042" lon="18.129755">
				<ele>374.000000</ele>
			</trkpt>
			<trkpt lat="49.462042" lon="18.129817">
				<ele>374.000000</ele>
			</trkpt>
			<trkpt lat="49.462048" lon="18.130239">
				<ele>374.000000</ele>
			</trkpt>
			<trkpt lat="49.462059" lon="18.130797">
				<ele>373.000000</ele>
			</trkpt>
			<trkpt lat="49.462071" lon="18.131371">
				<ele>373.000000</ele>
			</trkpt>
			<trkpt lat="49.462089" lon="18.131677">
				<ele>373.000000</ele>
			</trkpt>
			<trkpt lat="49.462100" lon="18.131956">
				<ele>373.000000</ele>
			</trkpt>
			<trkpt lat="49.462112" lon="18.132206">
				<ele>373.000000</ele>
			</trkpt>
			<trkpt lat="49.462124" lon="18.132755">
				<ele>373.000000</ele>
			</trkpt>
			<trkpt lat="49.462130" lon="18.132872">
				<ele>373.000000</ele>
			</trkpt>
			<trkpt lat="49.462130" lon="18.133032">
				<ele>373.000000</ele>
			</trkpt>
			<trkpt lat="49.462164" lon="18.133923">
				<ele>373.000000</ele>
			</trkpt>
			<trkpt lat="49.462164" lon="18.134057">
				<ele>373.000000</ele>
			</trkpt>
			<trkpt lat="49.462188" lon="18.134543">
				<ele>373.000000</ele>
			</trkpt>
			<trkpt lat="49.462211" lon="18.135342">
				<ele>373.000000</ele>
			</trkpt>
			<trkpt lat="49.462217" lon="18.135566">
				<ele>373.000000</ele>
			</trkpt>
			<trkpt lat="49.462229" lon="18.135872">
				<ele>375.000000</ele>
			</trkpt>
			<trkpt lat="49.462246" lon="18.136177">
				<ele>375.000000</ele>
			</trkpt>
			<trkpt lat="49.462258" lon="18.136663">
				<ele>375.000000</ele>
			</trkpt>
			<trkpt lat="49.462293" lon="18.137749">
				<ele>376.000000</ele>
			</trkpt>
			<trkpt lat="49.462287" lon="18.137893">
				<ele>376.000000</ele>
			</trkpt>
			<trkpt lat="49.462299" lon="18.138181">
				<ele>376.000000</ele>
			</trkpt>
			<trkpt lat="49.462433" lon="18.138235">
				<ele>377.000000</ele>
			</trkpt>
			<trkpt lat="49.462930" lon="18.138441">
				<ele>378.000000</ele>
			</trkpt>
			<trkpt lat="49.463385" lon="18.138611">
				<ele>378.000000</ele>
			</trkpt>
			<trkpt lat="49.463595" lon="18.138701">
				<ele>379.000000</ele>
			</trkpt>
			<trkpt lat="49.464523" lon="18.139097">
				<ele>381.000000</ele>
			</trkpt>
			<trkpt lat="49.464511" lon="18.139151">
				<ele>381.000000</ele>
			</trkpt>
			<trkpt lat="49.464517" lon="18.139195">
				<ele>382.000000</ele>
			</trkpt>
			<trkpt lat="49.464529" lon="18.139231">
				<ele>382.000000</ele>
			</trkpt>
			<trkpt lat="49.464564" lon="18.139277">
				<ele>382.000000</ele>
			</trkpt>
			<trkpt lat="49.464605" lon="18.139294">
				<ele>382.000000</ele>
			</trkpt>
			<trkpt lat="49.464745" lon="18.139761">
				<ele>382.000000</ele>
			</trkpt>
			<trkpt lat="49.464839" lon="18.140040">
				<ele>383.000000</ele>
			</trkpt>
			<trkpt lat="49.464973" lon="18.140426">
				<ele>383.000000</ele>
			</trkpt>
			<trkpt lat="49.465061" lon="18.140525">
				<ele>384.000000</ele>
			</trkpt>
			<trkpt lat="49.465259" lon="18.140759">
				<ele>384.000000</ele>
			</trkpt>
			<trkpt lat="49.465480" lon="18.140983">
				<ele>385.000000</ele>
			</trkpt>
			<trkpt lat="49.465708" lon="18.141189">
				<ele>386.000000</ele>
			</trkpt>
			<trkpt lat="49.466164" lon="18.141577">
				<ele>387.000000</ele>
			</trkpt>
			<trkpt lat="49.466444" lon="18.141783">
				<ele>388.000000</ele>
			</trkpt>
			<trkpt lat="49.466631" lon="18.141908">
				<ele>388.000000</ele>
			</trkpt>
			<trkpt lat="49.466759" lon="18.141971">
				<ele>389.000000</ele>
			</trkpt>
			<trkpt lat="49.466899" lon="18.142007">
				<ele>389.000000</ele>
			</trkpt>
			<trkpt lat="49.467069" lon="18.142043">
				<ele>390.000000</ele>
			</trkpt>
			<trkpt lat="49.467168" lon="18.142070">
				<ele>390.000000</ele>
			</trkpt>
			<trkpt lat="49.467775" lon="18.142267">
				<ele>392.000000</ele>
			</trkpt>
			<trkpt lat="49.467950" lon="18.142340">
				<ele>393.000000</ele>
			</trkpt>
			<trkpt lat="49.468102" lon="18.142420">
				<ele>393.000000</ele>
			</trkpt>
			<trkpt lat="49.468336" lon="18.142546">
				<ele>393.000000</ele>
			</trkpt>
			<trkpt lat="49.468534" lon="18.142690">
				<ele>394.000000</ele>
			</trkpt>
			<trkpt lat="49.468733" lon="18.142860">
				<ele>394.000000</ele>
			</trkpt>
			<trkpt lat="49.468914" lon="18.143049">
				<ele>394.000000</ele>
			</trkpt>
			<trkpt lat="49.469030" lon="18.143148">
				<ele>395.000000</ele>
			</trkpt>
			<trkpt lat="49.469153" lon="18.143220">
				<ele>395.000000</ele>
			</trkpt>
			<trkpt lat="49.469276" lon="18.143246">
				<ele>395.000000</ele>
			</trkpt>
			<trkpt lat="49.469421" lon="18.143265">
				<ele>395.000000</ele>
			</trkpt>
			<trkpt lat="49.469684" lon="18.143246">
				<ele>396.000000</ele>
			</trkpt>
			<trkpt lat="49.469889" lon="18.143265">
				<ele>396.000000</ele>
			</trkpt>
			<trkpt lat="49.470087" lon="18.143301">
				<ele>396.000000</ele>
			</trkpt>
			<trkpt lat="49.470308" lon="18.143355">
				<ele>397.000000</ele>
			</trkpt>
			<trkpt lat="49.470676" lon="18.143462">
				<ele>398.000000</ele>
			</trkpt>
			<trkpt lat="49.470933" lon="18.143525">
				<ele>398.000000</ele>
			</trkpt>
			<trkpt lat="49.471248" lon="18.143525">
				<ele>399.000000</ele>
			</trkpt>
			<trkpt lat="49.471634" lon="18.143498">
				<ele>400.000000</ele>
			</trkpt>
			<trkpt lat="49.471639" lon="18.143678">
				<ele>400.000000</ele>
			</trkpt>
			<trkpt lat="49.471651" lon="18.143902">
				<ele>400.000000</ele>
			</trkpt>
			<trkpt lat="49.471692" lon="18.144164">
				<ele>400.000000</ele>
			</trkpt>
			<trkpt lat="49.471739" lon="18.144441">
				<ele>400.000000</ele>
			</trkpt>
			<trkpt lat="49.471826" lon="18.144864">
				<ele>400.000000</ele>
			</trkpt>
			<trkpt lat="49.471861" lon="18.145043">
				<ele>400.000000</ele>
			</trkpt>
			<trkpt lat="49.471908" lon="18.145187">
				<ele>400.000000</ele>
			</trkpt>
			<trkpt lat="49.471955" lon="18.145313">
				<ele>400.000000</ele>
			</trkpt>
			<trkpt lat="49.472008" lon="18.145403">
				<ele>400.000000</ele>
			</trkpt>
			<trkpt lat="49.472095" lon="18.145502">
				<ele>401.000000</ele>
			</trkpt>
			<trkpt lat="49.472153" lon="18.145600">
				<ele>401.000000</ele>
			</trkpt>
			<trkpt lat="49.472241" lon="18.145709">
				<ele>402.000000</ele>
			</trkpt>
			<trkpt lat="49.472329" lon="18.145780">
				<ele>403.000000</ele>
			</trkpt>
			<trkpt lat="49.472410" lon="18.145825">
				<ele>403.000000</ele>
			</trkpt>
			<trkpt lat="49.472492" lon="18.145861">
				<ele>404.000000</ele>
			</trkpt>
			<trkpt lat="49.472761" lon="18.145915">
				<ele>405.000000</ele>
			</trkpt>
			<trkpt lat="49.472865" lon="18.145951">
				<ele>406.000000</ele>
			</trkpt>
			<trkpt lat="49.472953" lon="18.145996">
				<ele>406.000000</ele>
			</trkpt>
			<trkpt lat="49.473041" lon="18.146059">
				<ele>406.000000</ele>
			</trkpt>
			<trkpt lat="49.473122" lon="18.146148">
				<ele>407.000000</ele>
			</trkpt>
			<trkpt lat="49.473198" lon="18.146238">
				<ele>407.000000</ele>
			</trkpt>
			<trkpt lat="49.473268" lon="18.146355">
				<ele>408.000000</ele>
			</trkpt>
			<trkpt lat="49.473391" lon="18.146535">
				<ele>408.000000</ele>
			</trkpt>
			<trkpt lat="49.473519" lon="18.146697">
				<ele>409.000000</ele>
			</trkpt>
			<trkpt lat="49.473560" lon="18.147181">
				<ele>410.000000</ele>
			</trkpt>
			<trkpt lat="49.473583" lon="18.147424">
				<ele>411.000000</ele>
			</trkpt>
			<trkpt lat="49.473636" lon="18.147649">
				<ele>412.000000</ele>
			</trkpt>
			<trkpt lat="49.473706" lon="18.147856">
				<ele>413.000000</ele>
			</trkpt>
			<trkpt lat="49.473835" lon="18.148422">
				<ele>416.000000</ele>
			</trkpt>
			<trkpt lat="49.473875" lon="18.148556">
				<ele>417.000000</ele>
			</trkpt>
			<trkpt lat="49.473922" lon="18.148682">
				<ele>418.000000</ele>
			</trkpt>
			<trkpt lat="49.474056" lon="18.149041">
				<ele>420.000000</ele>
			</trkpt>
			<trkpt lat="49.474144" lon="18.149319">
				<ele>422.000000</ele>
			</trkpt>
			<trkpt lat="49.474202" lon="18.149625">
				<ele>423.000000</ele>
			</trkpt>
			<trkpt lat="49.474272" lon="18.150056">
				<ele>426.000000</ele>
			</trkpt>
			<trkpt lat="49.474301" lon="18.150326">
				<ele>427.000000</ele>
			</trkpt>
			<trkpt lat="49.474336" lon="18.150479">
				<ele>428.000000</ele>
			</trkpt>
			<trkpt lat="49.474377" lon="18.150630">
				<ele>428.000000</ele>
			</trkpt>
			<trkpt lat="49.474442" lon="18.150793">
				<ele>429.000000</ele>
			</trkpt>
			<trkpt lat="49.474564" lon="18.151062">
				<ele>431.000000</ele>
			</trkpt>
			<trkpt lat="49.474669" lon="18.151341">
				<ele>433.000000</ele>
			</trkpt>
			<trkpt lat="49.474768" lon="18.151655">
				<ele>435.000000</ele>
			</trkpt>
			<trkpt lat="49.474926" lon="18.152149">
				<ele>438.000000</ele>
			</trkpt>
			<trkpt lat="49.474938" lon="18.152185">
				<ele>438.000000</ele>
			</trkpt>
			<trkpt lat="49.474961" lon="18.152221">
				<ele>438.000000</ele>
			</trkpt>
			<trkpt lat="49.474990" lon="18.152230">
				<ele>439.000000</ele>
			</trkpt>
			<trkpt lat="49.475031" lon="18.152248">
				<ele>439.000000</ele>
			</trkpt>
			<trkpt lat="49.475124" lon="18.152238">
				<ele>440.000000</ele>
			</trkpt>
			<trkpt lat="49.475276" lon="18.152194">
				<ele>441.000000</ele>
			</trkpt>
			<trkpt lat="49.475340" lon="18.152177">
				<ele>442.000000</ele>
			</trkpt>
			<trkpt lat="49.475393" lon="18.152158">
				<ele>442.000000</ele>
			</trkpt>
			<trkpt lat="49.475451" lon="18.152177">
				<ele>443.000000</ele>
			</trkpt>
			<trkpt lat="49.475504" lon="18.152212">
				<ele>443.000000</ele>
			</trkpt>
			<trkpt lat="49.475597" lon="18.152301">
				<ele>444.000000</ele>
			</trkpt>
			<trkpt lat="49.475773" lon="18.152544">
				<ele>445.000000</ele>
			</trkpt>
			<trkpt lat="49.475831" lon="18.152643">
				<ele>446.000000</ele>
			</trkpt>
			<trkpt lat="49.475872" lon="18.152760">
				<ele>446.000000</ele>
			</trkpt>
			<trkpt lat="49.475889" lon="18.152859">
				<ele>447.000000</ele>
			</trkpt>
			<trkpt lat="49.475877" lon="18.153011">
				<ele>447.000000</ele>
			</trkpt>
			<trkpt lat="49.475825" lon="18.153443">
				<ele>448.000000</ele>
			</trkpt>
			<trkpt lat="49.475795" lon="18.153667">
				<ele>449.000000</ele>
			</trkpt>
			<trkpt lat="49.475778" lon="18.153901">
				<ele>450.000000</ele>
			</trkpt>
			<trkpt lat="49.475773" lon="18.154116">
				<ele>450.000000</ele>
			</trkpt>
			<trkpt lat="49.475761" lon="18.154233">
				<ele>450.000000</ele>
			</trkpt>
			<trkpt lat="49.475732" lon="18.154314">
				<ele>450.000000</ele>
			</trkpt>
			<trkpt lat="49.475685" lon="18.154404">
				<ele>449.000000</ele>
			</trkpt>
			<trkpt lat="49.475655" lon="18.154458">
				<ele>449.000000</ele>
			</trkpt>
			<trkpt lat="49.475626" lon="18.154521">
				<ele>449.000000</ele>
			</trkpt>
			<trkpt lat="49.475609" lon="18.154601">
				<ele>448.000000</ele>
			</trkpt>
			<trkpt lat="49.475597" lon="18.154674">
				<ele>448.000000</ele>
			</trkpt>
			<trkpt lat="49.475597" lon="18.154880">
				<ele>447.000000</ele>
			</trkpt>
			<trkpt lat="49.475633" lon="18.155365">
				<ele>445.000000</ele>
			</trkpt>
			<trkpt lat="49.475626" lon="18.155536">
				<ele>445.000000</ele>
			</trkpt>
			<trkpt lat="49.475615" lon="18.155590">
				<ele>444.000000</ele>
			</trkpt>
			<trkpt lat="49.475615" lon="18.155590">
				<ele>444.000000</ele>
			</trkpt>
			<trkpt lat="49.475609" lon="18.155626">
				<ele>444.000000</ele>
			</trkpt>
			<trkpt lat="49.475574" lon="18.155724">
				<ele>444.000000</ele>
			</trkpt>
			<trkpt lat="49.475521" lon="18.155806">
				<ele>443.000000</ele>
			</trkpt>
			<trkpt lat="49.475417" lon="18.155896">
				<ele>443.000000</ele>
			</trkpt>
			<trkpt lat="49.475154" lon="18.156110">
				<ele>441.000000</ele>
			</trkpt>
			<trkpt lat="49.475025" lon="18.156227">
				<ele>440.000000</ele>
			</trkpt>
			<trkpt lat="49.474967" lon="18.156309">
				<ele>440.000000</ele>
			</trkpt>
			<trkpt lat="49.474920" lon="18.156372">
				<ele>439.000000</ele>
			</trkpt>
			<trkpt lat="49.474880" lon="18.156462">
				<ele>438.000000</ele>
			</trkpt>
			<trkpt lat="49.474850" lon="18.156559">
				<ele>438.000000</ele>
			</trkpt>
			<trkpt lat="49.474763" lon="18.156928">
				<ele>435.000000</ele>
			</trkpt>
			<trkpt lat="49.474704" lon="18.157099">
				<ele>434.000000</ele>
			</trkpt>
			<trkpt lat="49.474664" lon="18.157152">
				<ele>433.000000</ele>
			</trkpt>
			<trkpt lat="49.474617" lon="18.157207">
				<ele>432.000000</ele>
			</trkpt>
			<trkpt lat="49.474599" lon="18.157234">
				<ele>432.000000</ele>
			</trkpt>
			<trkpt lat="49.474582" lon="18.157269">
				<ele>432.000000</ele>
			</trkpt>
			<trkpt lat="49.474570" lon="18.157341">
				<ele>431.000000</ele>
			</trkpt>
			<trkpt lat="49.474564" lon="18.157449">
				<ele>430.000000</ele>
			</trkpt>
			<trkpt lat="49.474582" lon="18.157620">
				<ele>429.000000</ele>
			</trkpt>
			<trkpt lat="49.474646" lon="18.157925">
				<ele>426.000000</ele>
			</trkpt>
			<trkpt lat="49.474646" lon="18.158078">
				<ele>425.000000</ele>
			</trkpt>
			<trkpt lat="49.474634" lon="18.158213">
				<ele>423.000000</ele>
			</trkpt>
			<trkpt lat="49.474599" lon="18.158339">
				<ele>422.000000</ele>
			</trkpt>
			<trkpt lat="49.474511" lon="18.158581">
				<ele>420.000000</ele>
			</trkpt>
			<trkpt lat="49.474459" lon="18.158760">
				<ele>418.000000</ele>
			</trkpt>
			<trkpt lat="49.474430" lon="18.158922">
				<ele>417.000000</ele>
			</trkpt>
			<trkpt lat="49.474412" lon="18.159102">
				<ele>415.000000</ele>
			</trkpt>
			<trkpt lat="49.474412" lon="18.159389">
				<ele>413.000000</ele>
			</trkpt>
			<trkpt lat="49.474395" lon="18.160368">
				<ele>410.000000</ele>
			</trkpt>
			<trkpt lat="49.474395" lon="18.160450">
				<ele>410.000000</ele>
			</trkpt>
			<trkpt lat="49.474401" lon="18.160594">
				<ele>410.000000</ele>
			</trkpt>
			<trkpt lat="49.474407" lon="18.160647">
				<ele>410.000000</ele>
			</trkpt>
			<trkpt lat="49.474436" lon="18.160693">
				<ele>410.000000</ele>
			</trkpt>
			<trkpt lat="49.474448" lon="18.160746">
				<ele>410.000000</ele>
			</trkpt>
			<trkpt lat="49.474459" lon="18.160800">
				<ele>410.000000</ele>
			</trkpt>
			<trkpt lat="49.474424" lon="18.161060">
				<ele>410.000000</ele>
			</trkpt>
			<trkpt lat="49.474430" lon="18.161133">
				<ele>410.000000</ele>
			</trkpt>
			<trkpt lat="49.474453" lon="18.161204">
				<ele>410.000000</ele>
			</trkpt>
			<trkpt lat="49.474488" lon="18.161259">
				<ele>410.000000</ele>
			</trkpt>
			<trkpt lat="49.474558" lon="18.161357">
				<ele>410.000000</ele>
			</trkpt>
			<trkpt lat="49.474628" lon="18.161473">
				<ele>409.000000</ele>
			</trkpt>
			<trkpt lat="49.474669" lon="18.161599">
				<ele>409.000000</ele>
			</trkpt>
			<trkpt lat="49.474686" lon="18.161653">
				<ele>409.000000</ele>
			</trkpt>
			<trkpt lat="49.474686" lon="18.161716">
				<ele>409.000000</ele>
			</trkpt>
			<trkpt lat="49.474675" lon="18.161825">
				<ele>409.000000</ele>
			</trkpt>
			<trkpt lat="49.474967" lon="18.162183">
				<ele>410.000000</ele>
			</trkpt>
			<trkpt lat="49.475055" lon="18.162273">
				<ele>410.000000</ele>
			</trkpt>
			<trkpt lat="49.475142" lon="18.162345">
				<ele>410.000000</ele>
			</trkpt>
			<trkpt lat="49.475556" lon="18.162641">
				<ele>411.000000</ele>
			</trkpt>
			<trkpt lat="49.475790" lon="18.162821">
				<ele>411.000000</ele>
			</trkpt>
			<trkpt lat="49.475971" lon="18.162983">
				<ele>412.000000</ele>
			</trkpt>
			<trkpt lat="49.476164" lon="18.163171">
				<ele>413.000000</ele>
			</trkpt>
			<trkpt lat="49.476391" lon="18.163414">
				<ele>413.000000</ele>
			</trkpt>
			<trkpt lat="49.476595" lon="18.163630">
				<ele>414.000000</ele>
			</trkpt>
			<trkpt lat="49.476736" lon="18.163764">
				<ele>414.000000</ele>
			</trkpt>
			<trkpt lat="49.476864" lon="18.163846">
				<ele>415.000000</ele>
			</trkpt>
			<trkpt lat="49.477027" lon="18.163909">
				<ele>417.000000</ele>
			</trkpt>
			<trkpt lat="49.477232" lon="18.163962">
				<ele>421.000000</ele>
			</trkpt>
			<trkpt lat="49.477377" lon="18.164196">
				<ele>422.000000</ele>
			</trkpt>
			<trkpt lat="49.477471" lon="18.164375">
				<ele>422.000000</ele>
			</trkpt>
			<trkpt lat="49.477582" lon="18.164618">
				<ele>422.000000</ele>
			</trkpt>
			<trkpt lat="49.477623" lon="18.164716">
				<ele>422.000000</ele>
			</trkpt>
			<trkpt lat="49.477705" lon="18.164806">
				<ele>422.000000</ele>
			</trkpt>
			<trkpt lat="49.477833" lon="18.164915">
				<ele>422.000000</ele>
			</trkpt>
			<trkpt lat="49.478294" lon="18.165219">
				<ele>423.000000</ele>
			</trkpt>
			<trkpt lat="49.478399" lon="18.165309">
				<ele>423.000000</ele>
			</trkpt>
			<trkpt lat="49.478504" lon="18.165408">
				<ele>423.000000</ele>
			</trkpt>
			<trkpt lat="49.478586" lon="18.165544">
				<ele>424.000000</ele>
			</trkpt>
			<trkpt lat="49.478790" lon="18.165884">
				<ele>424.000000</ele>
			</trkpt>
			<trkpt lat="49.478883" lon="18.166028">
				<ele>424.000000</ele>
			</trkpt>
			<trkpt lat="49.478948" lon="18.166127">
				<ele>424.000000</ele>
			</trkpt>
			<trkpt lat="49.478959" lon="18.166190">
				<ele>424.000000</ele>
			</trkpt>
			<trkpt lat="49.478971" lon="18.166226">
				<ele>424.000000</ele>
			</trkpt>
			<trkpt lat="49.478965" lon="18.166280">
				<ele>424.000000</ele>
			</trkpt>
			<trkpt lat="49.478959" lon="18.166351">
				<ele>424.000000</ele>
			</trkpt>
			<trkpt lat="49.478918" lon="18.166469">
				<ele>425.000000</ele>
			</trkpt>
			<trkpt lat="49.480097" lon="18.167402">
				<ele>428.000000</ele>
			</trkpt>
			<trkpt lat="49.480430" lon="18.167662">
				<ele>429.000000</ele>
			</trkpt>
			<trkpt lat="49.481102" lon="18.168202">
				<ele>431.000000</ele>
			</trkpt>
			<trkpt lat="49.481376" lon="18.168408">
				<ele>432.000000</ele>
			</trkpt>
			<trkpt lat="49.481830" lon="18.168786">
				<ele>433.000000</ele>
			</trkpt>
			<trkpt lat="49.481965" lon="18.168894">
				<ele>434.000000</ele>
			</trkpt>
			<trkpt lat="49.482350" lon="18.169190">
				<ele>435.000000</ele>
			</trkpt>
			<trkpt lat="49.482671" lon="18.169450">
				<ele>436.000000</ele>
			</trkpt>
			<trkpt lat="49.482618" lon="18.169712">
				<ele>438.000000</ele>
			</trkpt>
			<trkpt lat="49.482811" lon="18.169828">
				<ele>437.000000</ele>
			</trkpt>
			<trkpt lat="49.482916" lon="18.169649">
				<ele>437.000000</ele>
			</trkpt>
			<trkpt lat="49.483243" lon="18.169899">
				<ele>438.000000</ele>
			</trkpt>
			<trkpt lat="49.483447" lon="18.170025">
				<ele>438.000000</ele>
			</trkpt>
			<trkpt lat="49.483611" lon="18.170106">
				<ele>439.000000</ele>
			</trkpt>
			<trkpt lat="49.483792" lon="18.170169">
				<ele>439.000000</ele>
			</trkpt>
			<trkpt lat="49.483961" lon="18.170205">
				<ele>440.000000</ele>
			</trkpt>
			<trkpt lat="49.484130" lon="18.170251">
				<ele>440.000000</ele>
			</trkpt>
			<trkpt lat="49.484177" lon="18.170251">
				<ele>440.000000</ele>
			</trkpt>
			<trkpt lat="49.484346" lon="18.170251">
				<ele>441.000000</ele>
			</trkpt>
			<trkpt lat="49.484708" lon="18.170232">
				<ele>442.000000</ele>
			</trkpt>
			<trkpt lat="49.485169" lon="18.170161">
				<ele>443.000000</ele>
			</trkpt>
			<trkpt lat="49.485396" lon="18.170133">
				<ele>444.000000</ele>
			</trkpt>
			<trkpt lat="49.485467" lon="18.170205">
				<ele>444.000000</ele>
			</trkpt>
			<trkpt lat="49.485537" lon="18.170268">
				<ele>444.000000</ele>
			</trkpt>
			<trkpt lat="49.485624" lon="18.170312">
				<ele>444.000000</ele>
			</trkpt>
			<trkpt lat="49.485793" lon="18.170385">
				<ele>444.000000</ele>
			</trkpt>
			<trkpt lat="49.486015" lon="18.170448">
				<ele>445.000000</ele>
			</trkpt>
			<trkpt lat="49.486202" lon="18.170465">
				<ele>445.000000</ele>
			</trkpt>
			<trkpt lat="49.486383" lon="18.170448">
				<ele>445.000000</ele>
			</trkpt>
			<trkpt lat="49.486640" lon="18.170394">
				<ele>446.000000</ele>
			</trkpt>
			<trkpt lat="49.486739" lon="18.170358">
				<ele>447.000000</ele>
			</trkpt>
			<trkpt lat="49.486821" lon="18.170349">
				<ele>447.000000</ele>
			</trkpt>
			<trkpt lat="49.486896" lon="18.170358">
				<ele>447.000000</ele>
			</trkpt>
			<trkpt lat="49.486990" lon="18.170376">
				<ele>448.000000</ele>
			</trkpt>
			<trkpt lat="49.487993" lon="18.170844">
				<ele>451.000000</ele>
			</trkpt>
			<trkpt lat="49.488134" lon="18.170924">
				<ele>452.000000</ele>
			</trkpt>
			<trkpt lat="49.488250" lon="18.170996">
				<ele>453.000000</ele>
			</trkpt>
			<trkpt lat="49.488373" lon="18.171104">
				<ele>453.000000</ele>
			</trkpt>
			<trkpt lat="49.488565" lon="18.171283">
				<ele>454.000000</ele>
			</trkpt>
			<trkpt lat="49.488723" lon="18.171400">
				<ele>455.000000</ele>
			</trkpt>
			<trkpt lat="49.488840" lon="18.171490">
				<ele>455.000000</ele>
			</trkpt>
			<trkpt lat="49.489032" lon="18.171616">
				<ele>456.000000</ele>
			</trkpt>
			<trkpt lat="49.489762" lon="18.171966">
				<ele>460.000000</ele>
			</trkpt>
			<trkpt lat="49.489919" lon="18.172056">
				<ele>461.000000</ele>
			</trkpt>
			<trkpt lat="49.490106" lon="18.172209">
				<ele>462.000000</ele>
			</trkpt>
			<trkpt lat="49.490228" lon="18.172325">
				<ele>463.000000</ele>
			</trkpt>
			<trkpt lat="49.490701" lon="18.172748">
				<ele>466.000000</ele>
			</trkpt>
			<trkpt lat="49.491162" lon="18.173134">
				<ele>468.000000</ele>
			</trkpt>
			<trkpt lat="49.491641" lon="18.173565">
				<ele>470.000000</ele>
			</trkpt>
			<trkpt lat="49.491699" lon="18.173618">
				<ele>470.000000</ele>
			</trkpt>
			<trkpt lat="49.491699" lon="18.173618">
				<ele>470.000000</ele>
			</trkpt>
			<trkpt lat="49.491792" lon="18.173708">
				<ele>471.000000</ele>
			</trkpt>
			<trkpt lat="49.491915" lon="18.173834">
				<ele>472.000000</ele>
			</trkpt>
			<trkpt lat="49.492235" lon="18.174220">
				<ele>475.000000</ele>
			</trkpt>
			<trkpt lat="49.492434" lon="18.174499">
				<ele>477.000000</ele>
			</trkpt>
			<trkpt lat="49.492591" lon="18.174742">
				<ele>478.000000</ele>
			</trkpt>
			<trkpt lat="49.492738" lon="18.175002">
				<ele>480.000000</ele>
			</trkpt>
			<trkpt lat="49.492924" lon="18.175398">
				<ele>482.000000</ele>
			</trkpt>
			<trkpt lat="49.493222" lon="18.175999">
				<ele>485.000000</ele>
			</trkpt>
			<trkpt lat="49.493513" lon="18.176557">
				<ele>489.000000</ele>
			</trkpt>
			<trkpt lat="49.493805" lon="18.177104">
				<ele>492.000000</ele>
			</trkpt>
			<trkpt lat="49.494267" lon="18.177904">
				<ele>496.000000</ele>
			</trkpt>
			<trkpt lat="49.494476" lon="18.178263">
				<ele>499.000000</ele>
			</trkpt>
			<trkpt lat="49.495101" lon="18.179368">
				<ele>506.000000</ele>
			</trkpt>
			<trkpt lat="49.495661" lon="18.180302">
				<ele>513.000000</ele>
			</trkpt>
			<trkpt lat="49.496822" lon="18.182197">
				<ele>527.000000</ele>
			</trkpt>
			<trkpt lat="49.496898" lon="18.182333">
				<ele>528.000000</ele>
			</trkpt>
			<trkpt lat="49.496950" lon="18.182404">
				<ele>529.000000</ele>
			</trkpt>
			<trkpt lat="49.497014" lon="18.182449">
				<ele>529.000000</ele>
			</trkpt>
			<trkpt lat="49.497090" lon="18.182494">
				<ele>530.000000</ele>
			</trkpt>
			<trkpt lat="49.497364" lon="18.183042">
				<ele>532.000000</ele>
			</trkpt>
			<trkpt lat="49.497656" lon="18.183572">
				<ele>535.000000</ele>
			</trkpt>
			<trkpt lat="49.497930" lon="18.184039">
				<ele>537.000000</ele>
			</trkpt>
			<trkpt lat="49.498205" lon="18.184471">
				<ele>540.000000</ele>
			</trkpt>
			<trkpt lat="49.498543" lon="18.184937">
				<ele>542.000000</ele>
			</trkpt>
			<trkpt lat="49.498893" lon="18.185360">
				<ele>545.000000</ele>
			</trkpt>
			<trkpt lat="49.499261" lon="18.185755">
				<ele>547.000000</ele>
			</trkpt>
			<trkpt lat="49.499756" lon="18.186276">
				<ele>545.000000</ele>
			</trkpt>
			<trkpt lat="49.499704" lon="18.186366">
				<ele>545.000000</ele>
			</trkpt>
			<trkpt lat="49.499827" lon="18.186501">
				<ele>545.000000</ele>
			</trkpt>
			<trkpt lat="49.500019" lon="18.186734">
				<ele>545.000000</ele>
			</trkpt>
			<trkpt lat="49.500159" lon="18.186878">
				<ele>545.000000</ele>
			</trkpt>
			<trkpt lat="49.500293" lon="18.187031">
				<ele>545.000000</ele>
			</trkpt>
			<trkpt lat="49.500568" lon="18.187291">
				<ele>545.000000</ele>
			</trkpt>
			<trkpt lat="49.500666" lon="18.187381">
				<ele>545.000000</ele>
			</trkpt>
			<trkpt lat="49.500725" lon="18.187426">
				<ele>545.000000</ele>
			</trkpt>
			<trkpt lat="49.500795" lon="18.187463">
				<ele>545.000000</ele>
			</trkpt>
			<trkpt lat="49.500877" lon="18.187463">
				<ele>545.000000</ele>
			</trkpt>
			<trkpt lat="49.501011" lon="18.187489">
				<ele>544.000000</ele>
			</trkpt>
			<trkpt lat="49.501057" lon="18.187507">
				<ele>544.000000</ele>
			</trkpt>
			<trkpt lat="49.501098" lon="18.187534">
				<ele>544.000000</ele>
			</trkpt>
			<trkpt lat="49.501810" lon="18.188145">
				<ele>541.000000</ele>
			</trkpt>
			<trkpt lat="49.501950" lon="18.188297">
				<ele>540.000000</ele>
			</trkpt>
			<trkpt lat="49.502084" lon="18.188459">
				<ele>540.000000</ele>
			</trkpt>
			<trkpt lat="49.502189" lon="18.188602">
				<ele>539.000000</ele>
			</trkpt>
			<trkpt lat="49.502282" lon="18.188702">
				<ele>538.000000</ele>
			</trkpt>
			<trkpt lat="49.502557" lon="18.188953">
				<ele>537.000000</ele>
			</trkpt>
			<trkpt lat="49.504196" lon="18.190390">
				<ele>526.000000</ele>
			</trkpt>
			<trkpt lat="49.504762" lon="18.190885">
				<ele>523.000000</ele>
			</trkpt>
			<trkpt lat="49.504995" lon="18.191073">
				<ele>522.000000</ele>
			</trkpt>
			<trkpt lat="49.505264" lon="18.191271">
				<ele>521.000000</ele>
			</trkpt>
			<trkpt lat="49.505561" lon="18.191459">
				<ele>519.000000</ele>
			</trkpt>
			<trkpt lat="49.505689" lon="18.191541">
				<ele>518.000000</ele>
			</trkpt>
			<trkpt lat="49.505777" lon="18.191621">
				<ele>517.000000</ele>
			</trkpt>
			<trkpt lat="49.505864" lon="18.191702">
				<ele>517.000000</ele>
			</trkpt>
			<trkpt lat="49.505940" lon="18.191818">
				<ele>516.000000</ele>
			</trkpt>
			<trkpt lat="49.506069" lon="18.192008">
				<ele>514.000000</ele>
			</trkpt>
			<trkpt lat="49.506167" lon="18.192124">
				<ele>513.000000</ele>
			</trkpt>
			<trkpt lat="49.506273" lon="18.192223">
				<ele>511.000000</ele>
			</trkpt>
			<trkpt lat="49.506395" lon="18.192331">
				<ele>510.000000</ele>
			</trkpt>
			<trkpt lat="49.506506" lon="18.192421">
				<ele>511.000000</ele>
			</trkpt>
			<trkpt lat="49.506605" lon="18.192520">
				<ele>511.000000</ele>
			</trkpt>
			<trkpt lat="49.506658" lon="18.192591">
				<ele>512.000000</ele>
			</trkpt>
			<trkpt lat="49.506710" lon="18.192654">
				<ele>512.000000</ele>
			</trkpt>
			<trkpt lat="49.506880" lon="18.192763">
				<ele>513.000000</ele>
			</trkpt>
			<trkpt lat="49.506955" lon="18.192807">
				<ele>514.000000</ele>
			</trkpt>
			<trkpt lat="49.507317" lon="18.193067">
				<ele>511.000000</ele>
			</trkpt>
			<trkpt lat="49.507673" lon="18.193355">
				<ele>509.000000</ele>
			</trkpt>
			<trkpt lat="49.508274" lon="18.193885">
				<ele>505.000000</ele>
			</trkpt>
			<trkpt lat="49.508326" lon="18.193956">
				<ele>505.000000</ele>
			</trkpt>
			<trkpt lat="49.508373" lon="18.194055">
				<ele>504.000000</ele>
			</trkpt>
			<trkpt lat="49.508384" lon="18.194172">
				<ele>503.000000</ele>
			</trkpt>
			<trkpt lat="49.508378" lon="18.194325">
				<ele>502.000000</ele>
			</trkpt>
			<trkpt lat="49.508343" lon="18.195071">
				<ele>497.000000</ele>
			</trkpt>
			<trkpt lat="49.508326" lon="18.195564">
				<ele>494.000000</ele>
			</trkpt>
			<trkpt lat="49.508332" lon="18.195753">
				<ele>493.000000</ele>
			</trkpt>
			<trkpt lat="49.508343" lon="18.195933">
				<ele>492.000000</ele>
			</trkpt>
			<trkpt lat="49.508367" lon="18.196076">
				<ele>491.000000</ele>
			</trkpt>
			<trkpt lat="49.508402" lon="18.196193">
				<ele>490.000000</ele>
			</trkpt>
			<trkpt lat="49.508437" lon="18.196275">
				<ele>490.000000</ele>
			</trkpt>
			<trkpt lat="49.508472" lon="18.196319">
				<ele>489.000000</ele>
			</trkpt>
			<trkpt lat="49.508524" lon="18.196346">
				<ele>489.000000</ele>
			</trkpt>
			<trkpt lat="49.508577" lon="18.196337">
				<ele>489.000000</ele>
			</trkpt>
			<trkpt lat="49.508723" lon="18.196292">
				<ele>488.000000</ele>
			</trkpt>
			<trkpt lat="49.508822" lon="18.196283">
				<ele>488.000000</ele>
			</trkpt>
			<trkpt lat="49.508903" lon="18.196302">
				<ele>487.000000</ele>
			</trkpt>
			<trkpt lat="49.508927" lon="18.196319">
				<ele>487.000000</ele>
			</trkpt>
			<trkpt lat="49.508944" lon="18.196346">
				<ele>487.000000</ele>
			</trkpt>
			<trkpt lat="49.508991" lon="18.196436">
				<ele>486.000000</ele>
			</trkpt>
			<trkpt lat="49.509043" lon="18.196490">
				<ele>486.000000</ele>
			</trkpt>
			<trkpt lat="49.509090" lon="18.196553">
				<ele>486.000000</ele>
			</trkpt>
			<trkpt lat="49.509184" lon="18.196598">
				<ele>485.000000</ele>
			</trkpt>
			<trkpt lat="49.509312" lon="18.196688">
				<ele>484.000000</ele>
			</trkpt>
			<trkpt lat="49.509417" lon="18.196795">
				<ele>483.000000</ele>
			</trkpt>
			<trkpt lat="49.509522" lon="18.196931">
				<ele>482.000000</ele>
			</trkpt>
			<trkpt lat="49.509638" lon="18.197101">
				<ele>481.000000</ele>
			</trkpt>
			<trkpt lat="49.509750" lon="18.197271">
				<ele>480.000000</ele>
			</trkpt>
			<trkpt lat="49.509813" lon="18.197397">
				<ele>479.000000</ele>
			</trkpt>
			<trkpt lat="49.509878" lon="18.197541">
				<ele>478.000000</ele>
			</trkpt>
			<trkpt lat="49.509936" lon="18.197703">
				<ele>477.000000</ele>
			</trkpt>
			<trkpt lat="49.510035" lon="18.199015">
				<ele>483.000000</ele>
			</trkpt>
			<trkpt lat="49.510035" lon="18.199166">
				<ele>485.000000</ele>
			</trkpt>
			<trkpt lat="49.510023" lon="18.199311">
				<ele>485.000000</ele>
			</trkpt>
			<trkpt lat="49.510216" lon="18.199841">
				<ele>485.000000</ele>
			</trkpt>
			<trkpt lat="49.510455" lon="18.200424">
				<ele>485.000000</ele>
			</trkpt>
			<trkpt lat="49.510642" lon="18.200837">
				<ele>485.000000</ele>
			</trkpt>
			<trkpt lat="49.510682" lon="18.200954">
				<ele>485.000000</ele>
			</trkpt>
			<trkpt lat="49.510723" lon="18.201080">
				<ele>485.000000</ele>
			</trkpt>
			<trkpt lat="49.510764" lon="18.201260">
				<ele>485.000000</ele>
			</trkpt>
			<trkpt lat="49.510776" lon="18.201413">
				<ele>485.000000</ele>
			</trkpt>
			<trkpt lat="49.510782" lon="18.201566">
				<ele>485.000000</ele>
			</trkpt>
			<trkpt lat="49.510770" lon="18.201871">
				<ele>485.000000</ele>
			</trkpt>
			<trkpt lat="49.510776" lon="18.202005">
				<ele>485.000000</ele>
			</trkpt>
			<trkpt lat="49.510782" lon="18.202105">
				<ele>485.000000</ele>
			</trkpt>
			<trkpt lat="49.510799" lon="18.202203">
				<ele>485.000000</ele>
			</trkpt>
			<trkpt lat="49.510822" lon="18.202321">
				<ele>485.000000</ele>
			</trkpt>
			<trkpt lat="49.510857" lon="18.202419">
				<ele>484.000000</ele>
			</trkpt>
			<trkpt lat="49.510898" lon="18.202500">
				<ele>484.000000</ele>
			</trkpt>
			<trkpt lat="49.511027" lon="18.202707">
				<ele>483.000000</ele>
			</trkpt>
			<trkpt lat="49.511097" lon="18.202778">
				<ele>482.000000</ele>
			</trkpt>
			<trkpt lat="49.511166" lon="18.202805">
				<ele>482.000000</ele>
			</trkpt>
			<trkpt lat="49.511260" lon="18.202841">
				<ele>481.000000</ele>
			</trkpt>
			<trkpt lat="49.511347" lon="18.202832">
				<ele>481.000000</ele>
			</trkpt>
			<trkpt lat="49.511447" lon="18.202814">
				<ele>480.000000</ele>
			</trkpt>
			<trkpt lat="49.511668" lon="18.202734">
				<ele>479.000000</ele>
			</trkpt>
			<trkpt lat="49.511738" lon="18.202707">
				<ele>478.000000</ele>
			</trkpt>
			<trkpt lat="49.511808" lon="18.202715">
				<ele>478.000000</ele>
			</trkpt>
			<trkpt lat="49.512054" lon="18.202787">
				<ele>477.000000</ele>
			</trkpt>
			<trkpt lat="49.512257" lon="18.202868">
				<ele>476.000000</ele>
			</trkpt>
			<trkpt lat="49.512975" lon="18.203174">
				<ele>472.000000</ele>
			</trkpt>
			<trkpt lat="49.513330" lon="18.203308">
				<ele>470.000000</ele>
			</trkpt>
			<trkpt lat="49.513645" lon="18.203398">
				<ele>468.000000</ele>
			</trkpt>
			<trkpt lat="49.513832" lon="18.203453">
				<ele>467.000000</ele>
			</trkpt>
			<trkpt lat="49.514019" lon="18.203479">
				<ele>466.000000</ele>
			</trkpt>
			<trkpt lat="49.514235" lon="18.203497">
				<ele>465.000000</ele>
			</trkpt>
			<trkpt lat="49.514521" lon="18.203542">
				<ele>465.000000</ele>
			</trkpt>
			<trkpt lat="49.514713" lon="18.203569">
				<ele>462.000000</ele>
			</trkpt>
			<trkpt lat="49.514812" lon="18.203569">
				<ele>461.000000</ele>
			</trkpt>
			<trkpt lat="49.514818" lon="18.203686">
				<ele>461.000000</ele>
			</trkpt>
			<trkpt lat="49.514835" lon="18.203722">
				<ele>461.000000</ele>
			</trkpt>
			<trkpt lat="49.514865" lon="18.203766">
				<ele>461.000000</ele>
			</trkpt>
			<trkpt lat="49.514911" lon="18.203856">
				<ele>461.000000</ele>
			</trkpt>
			<trkpt lat="49.514940" lon="18.203955">
				<ele>462.000000</ele>
			</trkpt>
			<trkpt lat="49.514975" lon="18.204063">
				<ele>462.000000</ele>
			</trkpt>
			<trkpt lat="49.514993" lon="18.204162">
				<ele>462.000000</ele>
			</trkpt>
			<trkpt lat="49.515005" lon="18.204342">
				<ele>462.000000</ele>
			</trkpt>
			<trkpt lat="49.515028" lon="18.204466">
				<ele>462.000000</ele>
			</trkpt>
			<trkpt lat="49.515046" lon="18.204529">
				<ele>462.000000</ele>
			</trkpt>
			<trkpt lat="49.515080" lon="18.204584">
				<ele>462.000000</ele>
			</trkpt>
			<trkpt lat="49.515226" lon="18.204764">
				<ele>462.000000</ele>
			</trkpt>
			<trkpt lat="49.515284" lon="18.204862">
				<ele>462.000000</ele>
			</trkpt>
			<trkpt lat="49.515331" lon="18.204988">
				<ele>463.000000</ele>
			</trkpt>
			<trkpt lat="49.515378" lon="18.205221">
				<ele>463.000000</ele>
			</trkpt>
			<trkpt lat="49.515407" lon="18.205338">
				<ele>463.000000</ele>
			</trkpt>
			<trkpt lat="49.515646" lon="18.205212">
				<ele>463.000000</ele>
			</trkpt>
			<trkpt lat="49.515710" lon="18.205508">
				<ele>463.000000</ele>
			</trkpt>
			<trkpt lat="49.515740" lon="18.205734">
				<ele>463.000000</ele>
			</trkpt>
			<trkpt lat="49.515862" lon="18.207441">
				<ele>465.000000</ele>
			</trkpt>
			<trkpt lat="49.515868" lon="18.207521">
				<ele>465.000000</ele>
			</trkpt>
			<trkpt lat="49.515897" lon="18.207611">
				<ele>465.000000</ele>
			</trkpt>
			<trkpt lat="49.515920" lon="18.207711">
				<ele>465.000000</ele>
			</trkpt>
			<trkpt lat="49.515932" lon="18.207791">
				<ele>465.000000</ele>
			</trkpt>
			<trkpt lat="49.515961" lon="18.208097">
				<ele>467.000000</ele>
			</trkpt>
			<trkpt lat="49.516019" lon="18.208546">
				<ele>469.000000</ele>
			</trkpt>
			<trkpt lat="49.516072" lon="18.208932">
				<ele>470.000000</ele>
			</trkpt>
			<trkpt lat="49.516270" lon="18.210009">
				<ele>470.000000</ele>
			</trkpt>
			<trkpt lat="49.516678" lon="18.211860">
				<ele>470.000000</ele>
			</trkpt>
			<trkpt lat="49.516935" lon="18.213217">
				<ele>470.000000</ele>
			</trkpt>
			<trkpt lat="49.517285" lon="18.214923">
				<ele>470.000000</ele>
			</trkpt>
			<trkpt lat="49.517372" lon="18.215282">
				<ele>470.000000</ele>
			</trkpt>
			<trkpt lat="49.517448" lon="18.215516">
				<ele>470.000000</ele>
			</trkpt>
			<trkpt lat="49.517541" lon="18.215741">
				<ele>470.000000</ele>
			</trkpt>
			<trkpt lat="49.517669" lon="18.215974">
				<ele>470.000000</ele>
			</trkpt>
			<trkpt lat="49.517781" lon="18.216145">
				<ele>470.000000</ele>
			</trkpt>
			<trkpt lat="49.517885" lon="18.216288">
				<ele>470.000000</ele>
			</trkpt>
			<trkpt lat="49.517997" lon="18.216441">
				<ele>470.000000</ele>
			</trkpt>
			<trkpt lat="49.518136" lon="18.216586">
				<ele>471.000000</ele>
			</trkpt>
			<trkpt lat="49.518445" lon="18.216927">
				<ele>474.000000</ele>
			</trkpt>
			<trkpt lat="49.518685" lon="18.217214">
				<ele>476.000000</ele>
			</trkpt>
			<trkpt lat="49.518865" lon="18.217475">
				<ele>480.000000</ele>
			</trkpt>
			<trkpt lat="49.518988" lon="18.217663">
				<ele>480.000000</ele>
			</trkpt>
			<trkpt lat="49.519081" lon="18.217879">
				<ele>480.000000</ele>
			</trkpt>
			<trkpt lat="49.519192" lon="18.218158">
				<ele>481.000000</ele>
			</trkpt>
			<trkpt lat="49.519250" lon="18.218328">
				<ele>481.000000</ele>
			</trkpt>
			<trkpt lat="49.519279" lon="18.218472">
				<ele>481.000000</ele>
			</trkpt>
			<trkpt lat="49.519291" lon="18.218670">
				<ele>481.000000</ele>
			</trkpt>
			<trkpt lat="49.519326" lon="18.218822">
				<ele>481.000000</ele>
			</trkpt>
			<trkpt lat="49.519384" lon="18.218993">
				<ele>481.000000</ele>
			</trkpt>
			<trkpt lat="49.519448" lon="18.219146">
				<ele>481.000000</ele>
			</trkpt>
			<trkpt lat="49.519536" lon="18.219343">
				<ele>482.000000</ele>
			</trkpt>
			<trkpt lat="49.519629" lon="18.219640">
				<ele>482.000000</ele>
			</trkpt>
			<trkpt lat="49.519816" lon="18.220340">
				<ele>482.000000</ele>
			</trkpt>
			<trkpt lat="49.519880" lon="18.220529">
				<ele>483.000000</ele>
			</trkpt>
			<trkpt lat="49.519956" lon="18.220745">
				<ele>483.000000</ele>
			</trkpt>
			<trkpt lat="49.519997" lon="18.220879">
				<ele>483.000000</ele>
			</trkpt>
			<trkpt lat="49.520195" lon="18.221527">
				<ele>484.000000</ele>
			</trkpt>
			<trkpt lat="49.520311" lon="18.221948">
				<ele>484.000000</ele>
			</trkpt>
			<trkpt lat="49.520452" lon="18.222586">
				<ele>484.000000</ele>
			</trkpt>
			<trkpt lat="49.520557" lon="18.223098">
				<ele>485.000000</ele>
			</trkpt>
			<trkpt lat="49.520603" lon="18.223286">
				<ele>485.000000</ele>
			</trkpt>
			<trkpt lat="49.520627" lon="18.223475">
				<ele>485.000000</ele>
			</trkpt>
			<trkpt lat="49.520638" lon="18.223781">
				<ele>485.000000</ele>
			</trkpt>
			<trkpt lat="49.520702" lon="18.225928">
				<ele>486.000000</ele>
			</trkpt>
			<trkpt lat="49.520720" lon="18.226198">
				<ele>486.000000</ele>
			</trkpt>
			<trkpt lat="49.520731" lon="18.226404">
				<ele>486.000000</ele>
			</trkpt>
			<trkpt lat="49.520767" lon="18.226601">
				<ele>486.000000</ele>
			</trkpt>
			<trkpt lat="49.520802" lon="18.226781">
				<ele>486.000000</ele>
			</trkpt>
			<trkpt lat="49.520843" lon="18.226934">
				<ele>486.000000</ele>
			</trkpt>
			<trkpt lat="49.520895" lon="18.227104">
				<ele>486.000000</ele>
			</trkpt>
			<trkpt lat="49.520959" lon="18.227257">
				<ele>486.000000</ele>
			</trkpt>
			<trkpt lat="49.521035" lon="18.227446">
				<ele>486.000000</ele>
			</trkpt>
			<trkpt lat="49.521286" lon="18.227959">
				<ele>487.000000</ele>
			</trkpt>
			<trkpt lat="49.521665" lon="18.228811">
				<ele>487.000000</ele>
			</trkpt>
			<trkpt lat="49.522131" lon="18.229880">
				<ele>488.000000</ele>
			</trkpt>
			<trkpt lat="49.522190" lon="18.230006">
				<ele>488.000000</ele>
			</trkpt>
			<trkpt lat="49.522225" lon="18.230123">
				<ele>488.000000</ele>
			</trkpt>
			<trkpt lat="49.522248" lon="18.230230">
				<ele>488.000000</ele>
			</trkpt>
			<trkpt lat="49.522259" lon="18.230374">
				<ele>488.000000</ele>
			</trkpt>
			<trkpt lat="49.522288" lon="18.230572">
				<ele>488.000000</ele>
			</trkpt>
			<trkpt lat="49.522364" lon="18.230833">
				<ele>488.000000</ele>
			</trkpt>
			<trkpt lat="49.522534" lon="18.231525">
				<ele>488.000000</ele>
			</trkpt>
			<trkpt lat="49.522592" lon="18.231775">
				<ele>488.000000</ele>
			</trkpt>
			<trkpt lat="49.522638" lon="18.231991">
				<ele>488.000000</ele>
			</trkpt>
			<trkpt lat="49.522668" lon="18.232225">
				<ele>489.000000</ele>
			</trkpt>
			<trkpt lat="49.522697" lon="18.232513">
				<ele>489.000000</ele>
			</trkpt>
			<trkpt lat="49.522744" lon="18.233016">
				<ele>489.000000</ele>
			</trkpt>
			<trkpt lat="49.522807" lon="18.233393">
				<ele>489.000000</ele>
			</trkpt>
			<trkpt lat="49.522860" lon="18.233761">
				<ele>489.000000</ele>
			</trkpt>
			<trkpt lat="49.522901" lon="18.234175">
				<ele>489.000000</ele>
			</trkpt>
			<trkpt lat="49.522994" lon="18.235396">
				<ele>490.000000</ele>
			</trkpt>
			<trkpt lat="49.523023" lon="18.235674">
				<ele>490.000000</ele>
			</trkpt>
			<trkpt lat="49.523058" lon="18.235953">
				<ele>490.000000</ele>
			</trkpt>
			<trkpt lat="49.523094" lon="18.236232">
				<ele>491.000000</ele>
			</trkpt>
			<trkpt lat="49.523163" lon="18.236609">
				<ele>491.000000</ele>
			</trkpt>
			<trkpt lat="49.523099" lon="18.236635">
				<ele>491.000000</ele>
			</trkpt>
			<trkpt lat="49.523064" lon="18.236672">
				<ele>492.000000</ele>
			</trkpt>
			<trkpt lat="49.523064" lon="18.236716">
				<ele>492.000000</ele>
			</trkpt>
			<trkpt lat="49.523064" lon="18.236744">
				<ele>492.000000</ele>
			</trkpt>
			<trkpt lat="49.523088" lon="18.236905">
				<ele>492.000000</ele>
			</trkpt>
			<trkpt lat="49.523105" lon="18.237102">
				<ele>492.000000</ele>
			</trkpt>
			<trkpt lat="49.523017" lon="18.237138">
				<ele>493.000000</ele>
			</trkpt>
			<trkpt lat="49.522428" lon="18.237282">
				<ele>495.000000</ele>
			</trkpt>
			<trkpt lat="49.521921" lon="18.237354">
				<ele>497.000000</ele>
			</trkpt>
			<trkpt lat="49.521822" lon="18.237381">
				<ele>497.000000</ele>
			</trkpt>
			<trkpt lat="49.521349" lon="18.237417">
				<ele>499.000000</ele>
			</trkpt>
			<trkpt lat="49.521210" lon="18.237454">
				<ele>500.000000</ele>
			</trkpt>
			<trkpt lat="49.521064" lon="18.237498">
				<ele>500.000000</ele>
			</trkpt>
			<trkpt lat="49.520971" lon="18.237543">
				<ele>501.000000</ele>
			</trkpt>
			<trkpt lat="49.520854" lon="18.237614">
				<ele>501.000000</ele>
			</trkpt>
			<trkpt lat="49.520726" lon="18.237723">
				<ele>502.000000</ele>
			</trkpt>
			<trkpt lat="49.520551" lon="18.237848">
				<ele>503.000000</ele>
			</trkpt>
			<trkpt lat="49.520329" lon="18.237983">
				<ele>504.000000</ele>
			</trkpt>
			<trkpt lat="49.520119" lon="18.238083">
				<ele>504.000000</ele>
			</trkpt>
			<trkpt lat="49.520055" lon="18.238117">
				<ele>505.000000</ele>
			</trkpt>
			<trkpt lat="49.519775" lon="18.238234">
				<ele>506.000000</ele>
			</trkpt>
			<trkpt lat="49.519600" lon="18.238306">
				<ele>507.000000</ele>
			</trkpt>
			<trkpt lat="49.519536" lon="18.238333">
				<ele>507.000000</ele>
			</trkpt>
			<trkpt lat="49.519245" lon="18.238450">
				<ele>509.000000</ele>
			</trkpt>
			<trkpt lat="49.519110" lon="18.238513">
				<ele>509.000000</ele>
			</trkpt>
			<trkpt lat="49.518679" lon="18.238693">
				<ele>511.000000</ele>
			</trkpt>
			<trkpt lat="49.518551" lon="18.238756">
				<ele>512.000000</ele>
			</trkpt>
			<trkpt lat="49.518416" lon="18.238855">
				<ele>512.000000</ele>
			</trkpt>
			<trkpt lat="49.518095" lon="18.239106">
				<ele>514.000000</ele>
			</trkpt>
			<trkpt lat="49.517781" lon="18.239402">
				<ele>516.000000</ele>
			</trkpt>
			<trkpt lat="49.517530" lon="18.239627">
				<ele>517.000000</ele>
			</trkpt>
			<trkpt lat="49.517338" lon="18.239807">
				<ele>518.000000</ele>
			</trkpt>
			<trkpt lat="49.517145" lon="18.239941">
				<ele>519.000000</ele>
			</trkpt>
			<trkpt lat="49.516912" lon="18.240112">
				<ele>520.000000</ele>
			</trkpt>
			<trkpt lat="49.516719" lon="18.240220">
				<ele>521.000000</ele>
			</trkpt>
			<trkpt lat="49.516585" lon="18.240291">
				<ele>522.000000</ele>
			</trkpt>
			<trkpt lat="49.516439" lon="18.240354">
				<ele>523.000000</ele>
			</trkpt>
			<trkpt lat="49.516264" lon="18.240408">
				<ele>523.000000</ele>
			</trkpt>
			<trkpt lat="49.515710" lon="18.240553">
				<ele>526.000000</ele>
			</trkpt>
			<trkpt lat="49.515221" lon="18.240706">
				<ele>528.000000</ele>
			</trkpt>
			<trkpt lat="49.514899" lon="18.240786">
				<ele>530.000000</ele>
			</trkpt>
			<trkpt lat="49.514415" lon="18.240920">
				<ele>532.000000</ele>
			</trkpt>
			<trkpt lat="49.514287" lon="18.240974">
				<ele>533.000000</ele>
			</trkpt>
			<trkpt lat="49.514188" lon="18.241020">
				<ele>533.000000</ele>
			</trkpt>
			<trkpt lat="49.514077" lon="18.241064">
				<ele>534.000000</ele>
			</trkpt>
			<trkpt lat="49.513961" lon="18.241154">
				<ele>534.000000</ele>
			</trkpt>
			<trkpt lat="49.513756" lon="18.241325">
				<ele>535.000000</ele>
			</trkpt>
			<trkpt lat="49.513535" lon="18.241513">
				<ele>537.000000</ele>
			</trkpt>
			<trkpt lat="49.513325" lon="18.241738">
				<ele>538.000000</ele>
			</trkpt>
			<trkpt lat="49.513155" lon="18.241891">
				<ele>539.000000</ele>
			</trkpt>
			<trkpt lat="49.512992" lon="18.242016">
				<ele>540.000000</ele>
			</trkpt>
			<trkpt lat="49.512753" lon="18.242178">
				<ele>541.000000</ele>
			</trkpt>
			<trkpt lat="49.512304" lon="18.242457">
				<ele>544.000000</ele>
			</trkpt>
			<trkpt lat="49.511849" lon="18.242717">
				<ele>546.000000</ele>
			</trkpt>
			<trkpt lat="49.511144" lon="18.243140">
				<ele>550.000000</ele>
			</trkpt>
			<trkpt lat="49.510601" lon="18.243463">
				<ele>552.000000</ele>
			</trkpt>
			<trkpt lat="49.510373" lon="18.243597">
				<ele>553.000000</ele>
			</trkpt>
			<trkpt lat="49.509843" lon="18.243975">
				<ele>556.000000</ele>
			</trkpt>
			<trkpt lat="49.509510" lon="18.244218">
				<ele>557.000000</ele>
			</trkpt>
			<trkpt lat="49.509324" lon="18.244388">
				<ele>558.000000</ele>
			</trkpt>
			<trkpt lat="49.509160" lon="18.244568">
				<ele>559.000000</ele>
			</trkpt>
			<trkpt lat="49.508979" lon="18.244819">
				<ele>559.000000</ele>
			</trkpt>
			<trkpt lat="49.508775" lon="18.245142">
				<ele>561.000000</ele>
			</trkpt>
			<trkpt lat="49.508682" lon="18.245268">
				<ele>561.000000</ele>
			</trkpt>
			<trkpt lat="49.508571" lon="18.245385">
				<ele>562.000000</ele>
			</trkpt>
			<trkpt lat="49.508431" lon="18.245530">
				<ele>562.000000</ele>
			</trkpt>
			<trkpt lat="49.508209" lon="18.245708">
				<ele>563.000000</ele>
			</trkpt>
			<trkpt lat="49.508064" lon="18.245853">
				<ele>564.000000</ele>
			</trkpt>
			<trkpt lat="49.507725" lon="18.246212">
				<ele>566.000000</ele>
			</trkpt>
			<trkpt lat="49.507375" lon="18.246499">
				<ele>569.000000</ele>
			</trkpt>
			<trkpt lat="49.507049" lon="18.246733">
				<ele>571.000000</ele>
			</trkpt>
			<trkpt lat="49.506751" lon="18.246966">
				<ele>574.000000</ele>
			</trkpt>
			<trkpt lat="49.506495" lon="18.247182">
				<ele>576.000000</ele>
			</trkpt>
			<trkpt lat="49.505923" lon="18.247604">
				<ele>581.000000</ele>
			</trkpt>
			<trkpt lat="49.505888" lon="18.247631">
				<ele>581.000000</ele>
			</trkpt>
			<trkpt lat="49.505806" lon="18.247675">
				<ele>581.000000</ele>
			</trkpt>
			<trkpt lat="49.505514" lon="18.247811">
				<ele>583.000000</ele>
			</trkpt>
			<trkpt lat="49.505386" lon="18.247855">
				<ele>583.000000</ele>
			</trkpt>
			<trkpt lat="49.505123" lon="18.247918">
				<ele>584.000000</ele>
			</trkpt>
			<trkpt lat="49.504879" lon="18.247991">
				<ele>586.000000</ele>
			</trkpt>
			<trkpt lat="49.504546" lon="18.248062">
				<ele>588.000000</ele>
			</trkpt>
			<trkpt lat="49.503776" lon="18.248413">
				<ele>593.000000</ele>
			</trkpt>
			<trkpt lat="49.503053" lon="18.248700">
				<ele>598.000000</ele>
			</trkpt>
			<trkpt lat="49.503006" lon="18.248709">
				<ele>599.000000</ele>
			</trkpt>
			<trkpt lat="49.502960" lon="18.248691">
				<ele>599.000000</ele>
			</trkpt>
			<trkpt lat="49.502919" lon="18.248646">
				<ele>600.000000</ele>
			</trkpt>
			<trkpt lat="49.502889" lon="18.248593">
				<ele>600.000000</ele>
			</trkpt>
			<trkpt lat="49.502884" lon="18.248494">
				<ele>600.000000</ele>
			</trkpt>
			<trkpt lat="49.502895" lon="18.248421">
				<ele>601.000000</ele>
			</trkpt>
			<trkpt lat="49.502907" lon="18.248367">
				<ele>601.000000</ele>
			</trkpt>
			<trkpt lat="49.502936" lon="18.248314">
				<ele>601.000000</ele>
			</trkpt>
			<trkpt lat="49.502965" lon="18.248260">
				<ele>602.000000</ele>
			</trkpt>
			<trkpt lat="49.503059" lon="18.248170">
				<ele>603.000000</ele>
			</trkpt>
			<trkpt lat="49.503210" lon="18.248071">
				<ele>604.000000</ele>
			</trkpt>
			<trkpt lat="49.503479" lon="18.247910">
				<ele>606.000000</ele>
			</trkpt>
			<trkpt lat="49.503881" lon="18.247631">
				<ele>608.000000</ele>
			</trkpt>
			<trkpt lat="49.504010" lon="18.247515">
				<ele>609.000000</ele>
			</trkpt>
			<trkpt lat="49.504114" lon="18.247415">
				<ele>610.000000</ele>
			</trkpt>
			<trkpt lat="49.504213" lon="18.247299">
				<ele>610.000000</ele>
			</trkpt>
			<trkpt lat="49.504301" lon="18.247191">
				<ele>611.000000</ele>
			</trkpt>
			<trkpt lat="49.504382" lon="18.247048">
				<ele>612.000000</ele>
			</trkpt>
			<trkpt lat="49.504453" lon="18.246922">
				<ele>613.000000</ele>
			</trkpt>
			<trkpt lat="49.504505" lon="18.246786">
				<ele>614.000000</ele>
			</trkpt>
			<trkpt lat="49.504557" lon="18.246643">
				<ele>614.000000</ele>
			</trkpt>
			<trkpt lat="49.504657" lon="18.246320">
				<ele>616.000000</ele>
			</trkpt>
			<trkpt lat="49.504739" lon="18.245960">
				<ele>618.000000</ele>
			</trkpt>
			<trkpt lat="49.504902" lon="18.245287">
				<ele>623.000000</ele>
			</trkpt>
			<trkpt lat="49.504983" lon="18.244874">
				<ele>625.000000</ele>
			</trkpt>
			<trkpt lat="49.505060" lon="18.244496">
				<ele>627.000000</ele>
			</trkpt>
			<trkpt lat="49.505123" lon="18.244119">
				<ele>629.000000</ele>
			</trkpt>
			<trkpt lat="49.505223" lon="18.243383">
				<ele>634.000000</ele>
			</trkpt>
			<trkpt lat="49.505363" lon="18.241981">
				<ele>642.000000</ele>
			</trkpt>
			<trkpt lat="49.505456" lon="18.241244">
				<ele>647.000000</ele>
			</trkpt>
			<trkpt lat="49.505497" lon="18.240957">
				<ele>649.000000</ele>
			</trkpt>
			<trkpt lat="49.505561" lon="18.240714">
				<ele>651.000000</ele>
			</trkpt>
			<trkpt lat="49.505637" lon="18.240507">
				<ele>652.000000</ele>
			</trkpt>
			<trkpt lat="49.505736" lon="18.240291">
				<ele>653.000000</ele>
			</trkpt>
			<trkpt lat="49.505836" lon="18.240121">
				<ele>654.000000</ele>
			</trkpt>
			<trkpt lat="49.505975" lon="18.239941">
				<ele>655.000000</ele>
			</trkpt>
			<trkpt lat="49.506098" lon="18.239780">
				<ele>657.000000</ele>
			</trkpt>
			<trkpt lat="49.506167" lon="18.239645">
				<ele>658.000000</ele>
			</trkpt>
			<trkpt lat="49.506174" lon="18.239591">
				<ele>658.000000</ele>
			</trkpt>
			<trkpt lat="49.506180" lon="18.239546">
				<ele>658.000000</ele>
			</trkpt>
			<trkpt lat="49.506162" lon="18.239492">
				<ele>658.000000</ele>
			</trkpt>
			<trkpt lat="49.506133" lon="18.239448">
				<ele>659.000000</ele>
			</trkpt>
			<trkpt lat="49.506092" lon="18.239421">
				<ele>659.000000</ele>
			</trkpt>
			<trkpt lat="49.506039" lon="18.239375">
				<ele>660.000000</ele>
			</trkpt>
			<trkpt lat="49.505888" lon="18.239312">
				<ele>661.000000</ele>
			</trkpt>
			<trkpt lat="49.505817" lon="18.239276">
				<ele>662.000000</ele>
			</trkpt>
			<trkpt lat="49.505742" lon="18.239285">
				<ele>663.000000</ele>
			</trkpt>
			<trkpt lat="49.505678" lon="18.239312">
				<ele>663.000000</ele>
			</trkpt>
			<trkpt lat="49.505608" lon="18.239349">
				<ele>664.000000</ele>
			</trkpt>
			<trkpt lat="49.505526" lon="18.239456">
				<ele>665.000000</ele>
			</trkpt>
			<trkpt lat="49.505450" lon="18.239574">
				<ele>666.000000</ele>
			</trkpt>
			<trkpt lat="49.505363" lon="18.239691">
				<ele>667.000000</ele>
			</trkpt>
			<trkpt lat="49.505258" lon="18.239905">
				<ele>668.000000</ele>
			</trkpt>
			<trkpt lat="49.505095" lon="18.240265">
				<ele>671.000000</ele>
			</trkpt>
			<trkpt lat="49.504948" lon="18.240616">
				<ele>674.000000</ele>
			</trkpt>
			<trkpt lat="49.504814" lon="18.240939">
				<ele>677.000000</ele>
			</trkpt>
			<trkpt lat="49.504669" lon="18.241343">
				<ele>679.000000</ele>
			</trkpt>
			<trkpt lat="49.504453" lon="18.241962">
				<ele>683.000000</ele>
			</trkpt>
			<trkpt lat="49.503980" lon="18.243436">
				<ele>691.000000</ele>
			</trkpt>
			<trkpt lat="49.503718" lon="18.244199">
				<ele>694.000000</ele>
			</trkpt>
			<trkpt lat="49.503619" lon="18.244451">
				<ele>695.000000</ele>
			</trkpt>
			<trkpt lat="49.503525" lon="18.244639">
				<ele>696.000000</ele>
			</trkpt>
			<trkpt lat="49.503432" lon="18.244801">
				<ele>697.000000</ele>
			</trkpt>
			<trkpt lat="49.503327" lon="18.244928">
				<ele>698.000000</ele>
			</trkpt>
			<trkpt lat="49.503216" lon="18.245044">
				<ele>699.000000</ele>
			</trkpt>
			<trkpt lat="49.503070" lon="18.245178">
				<ele>701.000000</ele>
			</trkpt>
			<trkpt lat="49.502930" lon="18.245260">
				<ele>702.000000</ele>
			</trkpt>
			<trkpt lat="49.502749" lon="18.245350">
				<ele>704.000000</ele>
			</trkpt>
			<trkpt lat="49.502528" lon="18.245440">
				<ele>706.000000</ele>
			</trkpt>
			<trkpt lat="49.502329" lon="18.245511">
				<ele>708.000000</ele>
			</trkpt>
			<trkpt lat="49.501968" lon="18.245601">
				<ele>711.000000</ele>
			</trkpt>
			<trkpt lat="49.501618" lon="18.245654">
				<ele>714.000000</ele>
			</trkpt>
			<trkpt lat="49.500778" lon="18.245754">
				<ele>724.000000</ele>
			</trkpt>
			<trkpt lat="49.500568" lon="18.245771">
				<ele>726.000000</ele>
			</trkpt>
			<trkpt lat="49.500346" lon="18.245754">
				<ele>729.000000</ele>
			</trkpt>
			<trkpt lat="49.500141" lon="18.245700">
				<ele>732.000000</ele>
			</trkpt>
			<trkpt lat="49.499931" lon="18.245618">
				<ele>735.000000</ele>
			</trkpt>
			<trkpt lat="49.499751" lon="18.245511">
				<ele>736.000000</ele>
			</trkpt>
			<trkpt lat="49.499564" lon="18.245367">
				<ele>737.000000</ele>
			</trkpt>
			<trkpt lat="49.499337" lon="18.245178">
				<ele>739.000000</ele>
			</trkpt>
			<trkpt lat="49.499027" lon="18.244882">
				<ele>741.000000</ele>
			</trkpt>
			<trkpt lat="49.498846" lon="18.244702">
				<ele>742.000000</ele>
			</trkpt>
			<trkpt lat="49.498496" lon="18.244280">
				<ele>746.000000</ele>
			</trkpt>
			<trkpt lat="49.498345" lon="18.244128">
				<ele>750.000000</ele>
			</trkpt>
			<trkpt lat="49.498187" lon="18.243993">
				<ele>752.000000</ele>
			</trkpt>
			<trkpt lat="49.498030" lon="18.243912">
				<ele>753.000000</ele>
			</trkpt>
			<trkpt lat="49.497470" lon="18.243750">
				<ele>759.000000</ele>
			</trkpt>
			<trkpt lat="49.497265" lon="18.243660">
				<ele>761.000000</ele>
			</trkpt>
			<trkpt lat="49.496787" lon="18.243337">
				<ele>764.000000</ele>
			</trkpt>
			<trkpt lat="49.496630" lon="18.243257">
				<ele>765.000000</ele>
			</trkpt>
			<trkpt lat="49.496477" lon="18.243193">
				<ele>767.000000</ele>
			</trkpt>
			<trkpt lat="49.496157" lon="18.243077">
				<ele>770.000000</ele>
			</trkpt>
			<trkpt lat="49.495695" lon="18.242851">
				<ele>775.000000</ele>
			</trkpt>
			<trkpt lat="49.495462" lon="18.242754">
				<ele>777.000000</ele>
			</trkpt>
			<trkpt lat="49.495229" lon="18.242654">
				<ele>779.000000</ele>
			</trkpt>
			<trkpt lat="49.495071" lon="18.242601">
				<ele>780.000000</ele>
			</trkpt>
			<trkpt lat="49.494908" lon="18.242574">
				<ele>781.000000</ele>
			</trkpt>
			<trkpt lat="49.494739" lon="18.242564">
				<ele>783.000000</ele>
			</trkpt>
			<trkpt lat="49.493595" lon="18.242582">
				<ele>793.000000</ele>
			</trkpt>
			<trkpt lat="49.493280" lon="18.242591">
				<ele>796.000000</ele>
			</trkpt>
			<trkpt lat="49.493017" lon="18.242618">
				<ele>799.000000</ele>
			</trkpt>
			<trkpt lat="49.492703" lon="18.242664">
				<ele>802.000000</ele>
			</trkpt>
			<trkpt lat="49.492422" lon="18.242717">
				<ele>805.000000</ele>
			</trkpt>
			<trkpt lat="49.492113" lon="18.242790">
				<ele>809.000000</ele>
			</trkpt>
			<trkpt lat="49.491786" lon="18.242897">
				<ele>812.000000</ele>
			</trkpt>
			<trkpt lat="49.491413" lon="18.243004">
				<ele>815.000000</ele>
			</trkpt>
			<trkpt lat="49.491197" lon="18.243077">
				<ele>817.000000</ele>
			</trkpt>
			<trkpt lat="49.491034" lon="18.243104">
				<ele>818.000000</ele>
			</trkpt>
			<trkpt lat="49.490941" lon="18.243157">
				<ele>819.000000</ele>
			</trkpt>
			<trkpt lat="49.490905" lon="18.243184">
				<ele>819.000000</ele>
			</trkpt>
			<trkpt lat="49.490876" lon="18.243220">
				<ele>819.000000</ele>
			</trkpt>
			<trkpt lat="49.490859" lon="18.243274">
				<ele>820.000000</ele>
			</trkpt>
			<trkpt lat="49.490859" lon="18.243320">
				<ele>820.000000</ele>
			</trkpt>
			<trkpt lat="49.490853" lon="18.243383">
				<ele>820.000000</ele>
			</trkpt>
			<trkpt lat="49.490865" lon="18.243472">
				<ele>821.000000</ele>
			</trkpt>
			<trkpt lat="49.490888" lon="18.243526">
				<ele>821.000000</ele>
			</trkpt>
			<trkpt lat="49.490923" lon="18.243580">
				<ele>822.000000</ele>
			</trkpt>
			<trkpt lat="49.491010" lon="18.243660">
				<ele>822.000000</ele>
			</trkpt>
			<trkpt lat="49.491203" lon="18.243786">
				<ele>825.000000</ele>
			</trkpt>
			<trkpt lat="49.491291" lon="18.243840">
				<ele>825.000000</ele>
			</trkpt>
			<trkpt lat="49.491494" lon="18.244020">
				<ele>827.000000</ele>
			</trkpt>
			<trkpt lat="49.491705" lon="18.244218">
				<ele>828.000000</ele>
			</trkpt>
			<trkpt lat="49.491897" lon="18.244406">
				<ele>830.000000</ele>
			</trkpt>
			<trkpt lat="49.492072" lon="18.244595">
				<ele>831.000000</ele>
			</trkpt>
			<trkpt lat="49.492230" lon="18.244801">
				<ele>833.000000</ele>
			</trkpt>
			<trkpt lat="49.492393" lon="18.245008">
				<ele>835.000000</ele>
			</trkpt>
			<trkpt lat="49.492889" lon="18.245717">
				<ele>841.000000</ele>
			</trkpt>
			<trkpt lat="49.493035" lon="18.245916">
				<ele>842.000000</ele>
			</trkpt>
			<trkpt lat="49.493135" lon="18.246104">
				<ele>843.000000</ele>
			</trkpt>
			<trkpt lat="49.493245" lon="18.246337">
				<ele>845.000000</ele>
			</trkpt>
			<trkpt lat="49.493321" lon="18.246536">
				<ele>846.000000</ele>
			</trkpt>
			<trkpt lat="49.493379" lon="18.246733">
				<ele>848.000000</ele>
			</trkpt>
			<trkpt lat="49.493426" lon="18.246958">
				<ele>849.000000</ele>
			</trkpt>
			<trkpt lat="49.493455" lon="18.247164">
				<ele>851.000000</ele>
			</trkpt>
			<trkpt lat="49.493479" lon="18.247442">
				<ele>852.000000</ele>
			</trkpt>
			<trkpt lat="49.493473" lon="18.247685">
				<ele>853.000000</ele>
			</trkpt>
			<trkpt lat="49.493455" lon="18.247964">
				<ele>854.000000</ele>
			</trkpt>
			<trkpt lat="49.493432" lon="18.248180">
				<ele>855.000000</ele>
			</trkpt>
			<trkpt lat="49.493385" lon="18.248386">
				<ele>856.000000</ele>
			</trkpt>
			<trkpt lat="49.493338" lon="18.248574">
				<ele>857.000000</ele>
			</trkpt>
			<trkpt lat="49.493280" lon="18.248754">
				<ele>858.000000</ele>
			</trkpt>
			<trkpt lat="49.493210" lon="18.248916">
				<ele>859.000000</ele>
			</trkpt>
			<trkpt lat="49.493105" lon="18.249086">
				<ele>861.000000</ele>
			</trkpt>
			<trkpt lat="49.492994" lon="18.249275">
				<ele>862.000000</ele>
			</trkpt>
			<trkpt lat="49.492854" lon="18.249455">
				<ele>864.000000</ele>
			</trkpt>
			<trkpt lat="49.492656" lon="18.249679">
				<ele>866.000000</ele>
			</trkpt>
			<trkpt lat="49.492446" lon="18.249886">
				<ele>868.000000</ele>
			</trkpt>
			<trkpt lat="49.492218" lon="18.250048">
				<ele>871.000000</ele>
			</trkpt>
			<trkpt lat="49.491915" lon="18.250228">
				<ele>874.000000</ele>
			</trkpt>
			<trkpt lat="49.491652" lon="18.250362">
				<ele>876.000000</ele>
			</trkpt>
			<trkpt lat="49.491314" lon="18.250470">
				<ele>879.000000</ele>
			</trkpt>
			<trkpt lat="49.491016" lon="18.250541">
				<ele>881.000000</ele>
			</trkpt>
			<trkpt lat="49.490654" lon="18.250595">
				<ele>885.000000</ele>
			</trkpt>
			<trkpt lat="49.490257" lon="18.250650">
				<ele>888.000000</ele>
			</trkpt>
			<trkpt lat="49.489838" lon="18.250721">
				<ele>891.000000</ele>
			</trkpt>
			<trkpt lat="49.488484" lon="18.250991">
				<ele>903.000000</ele>
			</trkpt>
			<trkpt lat="49.487497" lon="18.251197">
				<ele>911.000000</ele>
			</trkpt>
			<trkpt lat="49.486412" lon="18.251449">
				<ele>922.000000</ele>
			</trkpt>
			<trkpt lat="49.486149" lon="18.251484">
				<ele>924.000000</ele>
			</trkpt>
			<trkpt lat="49.486050" lon="18.251520">
				<ele>925.000000</ele>
			</trkpt>
			<trkpt lat="49.485986" lon="18.251557">
				<ele>926.000000</ele>
			</trkpt>
			<trkpt lat="49.485945" lon="18.251610">
				<ele>927.000000</ele>
			</trkpt>
			<trkpt lat="49.485910" lon="18.251673">
				<ele>927.000000</ele>
			</trkpt>
			<trkpt lat="49.485881" lon="18.251727">
				<ele>927.000000</ele>
			</trkpt>
			<trkpt lat="49.485858" lon="18.251853">
				<ele>928.000000</ele>
			</trkpt>
			<trkpt lat="49.485840" lon="18.252113">
				<ele>930.000000</ele>
			</trkpt>
			<trkpt lat="49.485823" lon="18.252239">
				<ele>931.000000</ele>
			</trkpt>
			<trkpt lat="49.485787" lon="18.252356">
				<ele>931.000000</ele>
			</trkpt>
			<trkpt lat="49.485770" lon="18.252455">
				<ele>932.000000</ele>
			</trkpt>
			<trkpt lat="49.485759" lon="18.252562">
				<ele>933.000000</ele>
			</trkpt>
			<trkpt lat="49.485765" lon="18.252662">
				<ele>933.000000</ele>
			</trkpt>
			<trkpt lat="49.485770" lon="18.252761">
				<ele>934.000000</ele>
			</trkpt>
			<trkpt lat="49.485787" lon="18.252859">
				<ele>935.000000</ele>
			</trkpt>
			<trkpt lat="49.485817" lon="18.252941">
				<ele>935.000000</ele>
			</trkpt>
			<trkpt lat="49.485858" lon="18.253057">
				<ele>936.000000</ele>
			</trkpt>
			<trkpt lat="49.486225" lon="18.253757">
				<ele>941.000000</ele>
			</trkpt>
			<trkpt lat="49.486412" lon="18.254144">
				<ele>943.000000</ele>
			</trkpt>
			<trkpt lat="49.486581" lon="18.254522">
				<ele>946.000000</ele>
			</trkpt>
			<trkpt lat="49.486692" lon="18.254818">
				<ele>948.000000</ele>
			</trkpt>
			<trkpt lat="49.486739" lon="18.254988">
				<ele>949.000000</ele>
			</trkpt>
			<trkpt lat="49.486780" lon="18.255178">
				<ele>950.000000</ele>
			</trkpt>
			<trkpt lat="49.486815" lon="18.255339">
				<ele>951.000000</ele>
			</trkpt>
			<trkpt lat="49.486826" lon="18.255482">
				<ele>952.000000</ele>
			</trkpt>
			<trkpt lat="49.486832" lon="18.255617">
				<ele>953.000000</ele>
			</trkpt>
			<trkpt lat="49.486826" lon="18.255752">
				<ele>954.000000</ele>
			</trkpt>
			<trkpt lat="49.486815" lon="18.255895">
				<ele>954.000000</ele>
			</trkpt>
			<trkpt lat="49.486786" lon="18.256031">
				<ele>955.000000</ele>
			</trkpt>
			<trkpt lat="49.486465" lon="18.257172">
				<ele>961.000000</ele>
			</trkpt>
			<trkpt lat="49.486400" lon="18.257423">
				<ele>962.000000</ele>
			</trkpt>
			<trkpt lat="49.486354" lon="18.257675">
				<ele>963.000000</ele>
			</trkpt>
			<trkpt lat="49.486307" lon="18.257935">
				<ele>965.000000</ele>
			</trkpt>
			<trkpt lat="49.486284" lon="18.258204">
				<ele>966.000000</ele>
			</trkpt>
			<trkpt lat="49.486266" lon="18.258510">
				<ele>969.000000</ele>
			</trkpt>
			<trkpt lat="49.486272" lon="18.258824">
				<ele>971.000000</ele>
			</trkpt>
			<trkpt lat="49.486295" lon="18.259120">
				<ele>973.000000</ele>
			</trkpt>
			<trkpt lat="49.486348" lon="18.259373">
				<ele>975.000000</ele>
			</trkpt>
			<trkpt lat="49.486424" lon="18.259606">
				<ele>977.000000</ele>
			</trkpt>
			<trkpt lat="49.486471" lon="18.259723">
				<ele>978.000000</ele>
			</trkpt>
			<trkpt lat="49.486534" lon="18.259849">
				<ele>980.000000</ele>
			</trkpt>
			<trkpt lat="49.486646" lon="18.260036">
				<ele>981.000000</ele>
			</trkpt>
			<trkpt lat="49.486803" lon="18.260243">
				<ele>982.000000</ele>
			</trkpt>
			<trkpt lat="49.486966" lon="18.260449">
				<ele>983.000000</ele>
			</trkpt>
			<trkpt lat="49.487375" lon="18.260899">
				<ele>986.000000</ele>
			</trkpt>
			<trkpt lat="49.488040" lon="18.261610">
				<ele>993.000000</ele>
			</trkpt>
			<trkpt lat="49.488169" lon="18.261770">
				<ele>995.000000</ele>
			</trkpt>
			<trkpt lat="49.488291" lon="18.261960">
				<ele>996.000000</ele>
			</trkpt>
			<trkpt lat="49.488414" lon="18.262157">
				<ele>998.000000</ele>
			</trkpt>
			<trkpt lat="49.488519" lon="18.262399">
				<ele>999.000000</ele>
			</trkpt>
			<trkpt lat="49.488630" lon="18.262686">
				<ele>1001.000000</ele>
			</trkpt>
			<trkpt lat="49.488740" lon="18.263010">
				<ele>1004.000000</ele>
			</trkpt>
			<trkpt lat="49.488881" lon="18.263459">
				<ele>1007.000000</ele>
			</trkpt>
			<trkpt lat="49.488944" lon="18.263675">
				<ele>1008.000000</ele>
			</trkpt>
			<trkpt lat="49.488985" lon="18.263881">
				<ele>1010.000000</ele>
			</trkpt>
			<trkpt lat="49.489015" lon="18.264061">
				<ele>1011.000000</ele>
			</trkpt>
			<trkpt lat="49.489009" lon="18.264241">
				<ele>1011.000000</ele>
			</trkpt>
			<trkpt lat="49.488980" lon="18.264420">
				<ele>1014.000000</ele>
			</trkpt>
			<trkpt lat="49.488944" lon="18.264520">
				<ele>1013.000000</ele>
			</trkpt>
			<trkpt lat="49.488909" lon="18.264610">
				<ele>1013.000000</ele>
			</trkpt>
			<trkpt lat="49.489050" lon="18.264636">
				<ele>1014.000000</ele>
			</trkpt>
			<trkpt lat="49.489341" lon="18.264843">
				<ele>1016.000000</ele>
			</trkpt>
			<trkpt lat="49.489494" lon="18.264950">
				<ele>1018.000000</ele>
			</trkpt>
			<trkpt lat="49.489628" lon="18.265059">
				<ele>1020.000000</ele>
			</trkpt>
			<trkpt lat="49.489441" lon="18.265552">
				<ele>1016.000000</ele>
			</trkpt>
			<trkpt lat="49.489400" lon="18.265723">
				<ele>1015.000000</ele>
			</trkpt>
			<trkpt lat="49.489376" lon="18.265858">
				<ele>1015.000000</ele>
			</trkpt>
			<trkpt lat="49.489376" lon="18.265984">
				<ele>1015.000000</ele>
			</trkpt>
			<trkpt lat="49.489388" lon="18.266118">
				<ele>1015.000000</ele>
			</trkpt>
			<trkpt lat="49.489412" lon="18.266271">
				<ele>1015.000000</ele>
			</trkpt>
			<trkpt lat="49.489481" lon="18.266577">
				<ele>1015.000000</ele>
			</trkpt>
			<trkpt lat="49.489546" lon="18.266837">
				<ele>1015.000000</ele>
			</trkpt>
			<trkpt lat="49.489546" lon="18.266837">
				<ele>1015.000000</ele>
			</trkpt>
			<trkpt lat="49.489546" lon="18.266837">
				<ele>1015.000000</ele>
			</trkpt>
			<trkpt lat="49.489546" lon="18.266837">
				<ele>1015.000000</ele>
			</trkpt>
			<trkpt lat="49.489481" lon="18.266577">
				<ele>1015.000000</ele>
			</trkpt>
			<trkpt lat="49.489412" lon="18.266271">
				<ele>1015.000000</ele>
			</trkpt>
			<trkpt lat="49.489388" lon="18.266118">
				<ele>1015.000000</ele>
			</trkpt>
			<trkpt lat="49.489376" lon="18.265984">
				<ele>1015.000000</ele>
			</trkpt>
			<trkpt lat="49.489376" lon="18.265858">
				<ele>1015.000000</ele>
			</trkpt>
			<trkpt lat="49.489400" lon="18.265723">
				<ele>1015.000000</ele>
			</trkpt>
			<trkpt lat="49.489441" lon="18.265552">
				<ele>1016.000000</ele>
			</trkpt>
			<trkpt lat="49.489628" lon="18.265059">
				<ele>1019.000000</ele>
			</trkpt>
			<trkpt lat="49.489494" lon="18.264950">
				<ele>1018.000000</ele>
			</trkpt>
			<trkpt lat="49.489341" lon="18.264843">
				<ele>1016.000000</ele>
			</trkpt>
			<trkpt lat="49.489050" lon="18.264636">
				<ele>1014.000000</ele>
			</trkpt>
			<trkpt lat="49.488909" lon="18.264610">
				<ele>1013.000000</ele>
			</trkpt>
			<trkpt lat="49.488244" lon="18.264466">
				<ele>1009.000000</ele>
			</trkpt>
			<trkpt lat="49.487095" lon="18.264170">
				<ele>1003.000000</ele>
			</trkpt>
			<trkpt lat="49.486862" lon="18.264115">
				<ele>1003.000000</ele>
			</trkpt>
			<trkpt lat="49.486628" lon="18.264061">
				<ele>1002.000000</ele>
			</trkpt>
			<trkpt lat="49.486418" lon="18.264017">
				<ele>1001.000000</ele>
			</trkpt>
			<trkpt lat="49.486237" lon="18.264007">
				<ele>1001.000000</ele>
			</trkpt>
			<trkpt lat="49.486039" lon="18.263990">
				<ele>1000.000000</ele>
			</trkpt>
			<trkpt lat="49.485793" lon="18.263998">
				<ele>998.000000</ele>
			</trkpt>
			<trkpt lat="49.485140" lon="18.264025">
				<ele>993.000000</ele>
			</trkpt>
			<trkpt lat="49.484153" lon="18.264061">
				<ele>986.000000</ele>
			</trkpt>
			<trkpt lat="49.483605" lon="18.264061">
				<ele>981.000000</ele>
			</trkpt>
			<trkpt lat="49.483406" lon="18.264052">
				<ele>979.000000</ele>
			</trkpt>
			<trkpt lat="49.483255" lon="18.264044">
				<ele>978.000000</ele>
			</trkpt>
			<trkpt lat="49.483115" lon="18.263990">
				<ele>977.000000</ele>
			</trkpt>
			<trkpt lat="49.483010" lon="18.263944">
				<ele>977.000000</ele>
			</trkpt>
			<trkpt lat="49.482899" lon="18.263864">
				<ele>976.000000</ele>
			</trkpt>
			<trkpt lat="49.482811" lon="18.263774">
				<ele>975.000000</ele>
			</trkpt>
			<trkpt lat="49.482730" lon="18.263648">
				<ele>975.000000</ele>
			</trkpt>
			<trkpt lat="49.482659" lon="18.263514">
				<ele>974.000000</ele>
			</trkpt>
			<trkpt lat="49.482490" lon="18.263136">
				<ele>973.000000</ele>
			</trkpt>
			<trkpt lat="49.482432" lon="18.263019">
				<ele>973.000000</ele>
			</trkpt>
			<trkpt lat="49.482368" lon="18.262929">
				<ele>972.000000</ele>
			</trkpt>
			<trkpt lat="49.482292" lon="18.262830">
				<ele>972.000000</ele>
			</trkpt>
			<trkpt lat="49.482245" lon="18.262795">
				<ele>972.000000</ele>
			</trkpt>
			<trkpt lat="49.482210" lon="18.262786">
				<ele>971.000000</ele>
			</trkpt>
			<trkpt lat="49.482169" lon="18.262776">
				<ele>971.000000</ele>
			</trkpt>
			<trkpt lat="49.482123" lon="18.262795">
				<ele>971.000000</ele>
			</trkpt>
			<trkpt lat="49.482041" lon="18.262830">
				<ele>971.000000</ele>
			</trkpt>
			<trkpt lat="49.481994" lon="18.262893">
				<ele>971.000000</ele>
			</trkpt>
			<trkpt lat="49.481965" lon="18.262956">
				<ele>970.000000</ele>
			</trkpt>
			<trkpt lat="49.481942" lon="18.263028">
				<ele>970.000000</ele>
			</trkpt>
			<trkpt lat="49.481936" lon="18.263082">
				<ele>970.000000</ele>
			</trkpt>
			<trkpt lat="49.481930" lon="18.263189">
				<ele>969.000000</ele>
			</trkpt>
			<trkpt lat="49.481948" lon="18.263306">
				<ele>969.000000</ele>
			</trkpt>
			<trkpt lat="49.481971" lon="18.263405">
				<ele>968.000000</ele>
			</trkpt>
			<trkpt lat="49.482011" lon="18.263478">
				<ele>967.000000</ele>
			</trkpt>
			<trkpt lat="49.482566" lon="18.264294">
				<ele>960.000000</ele>
			</trkpt>
			<trkpt lat="49.483039" lon="18.264969">
				<ele>954.000000</ele>
			</trkpt>
			<trkpt lat="49.483337" lon="18.265328">
				<ele>950.000000</ele>
			</trkpt>
			<trkpt lat="49.483442" lon="18.265436">
				<ele>949.000000</ele>
			</trkpt>
			<trkpt lat="49.483558" lon="18.265535">
				<ele>948.000000</ele>
			</trkpt>
			<trkpt lat="49.483681" lon="18.265625">
				<ele>947.000000</ele>
			</trkpt>
			<trkpt lat="49.483821" lon="18.265705">
				<ele>945.000000</ele>
			</trkpt>
			<trkpt lat="49.484177" lon="18.265868">
				<ele>942.000000</ele>
			</trkpt>
			<trkpt lat="49.484574" lon="18.266065">
				<ele>938.000000</ele>
			</trkpt>
			<trkpt lat="49.484702" lon="18.266136">
				<ele>936.000000</ele>
			</trkpt>
			<trkpt lat="49.484813" lon="18.266218">
				<ele>935.000000</ele>
			</trkpt>
			<trkpt lat="49.484936" lon="18.266315">
				<ele>934.000000</ele>
			</trkpt>
			<trkpt lat="49.485035" lon="18.266405">
				<ele>933.000000</ele>
			</trkpt>
			<trkpt lat="49.485163" lon="18.266558">
				<ele>932.000000</ele>
			</trkpt>
			<trkpt lat="49.485280" lon="18.266702">
				<ele>931.000000</ele>
			</trkpt>
			<trkpt lat="49.485496" lon="18.266963">
				<ele>928.000000</ele>
			</trkpt>
			<trkpt lat="49.485893" lon="18.267457">
				<ele>924.000000</ele>
			</trkpt>
			<trkpt lat="49.486214" lon="18.267879">
				<ele>920.000000</ele>
			</trkpt>
			<trkpt lat="49.486365" lon="18.268086">
				<ele>918.000000</ele>
			</trkpt>
			<trkpt lat="49.486459" lon="18.268248">
				<ele>917.000000</ele>
			</trkpt>
			<trkpt lat="49.486558" lon="18.268445">
				<ele>915.000000</ele>
			</trkpt>
			<trkpt lat="49.486704" lon="18.268768">
				<ele>913.000000</ele>
			</trkpt>
			<trkpt lat="49.487218" lon="18.269990">
				<ele>904.000000</ele>
			</trkpt>
			<trkpt lat="49.487655" lon="18.270978">
				<ele>897.000000</ele>
			</trkpt>
			<trkpt lat="49.487719" lon="18.271131">
				<ele>896.000000</ele>
			</trkpt>
			<trkpt lat="49.487778" lon="18.271284">
				<ele>894.000000</ele>
			</trkpt>
			<trkpt lat="49.487818" lon="18.271428">
				<ele>894.000000</ele>
			</trkpt>
			<trkpt lat="49.487847" lon="18.271581">
				<ele>893.000000</ele>
			</trkpt>
			<trkpt lat="49.487871" lon="18.271724">
				<ele>892.000000</ele>
			</trkpt>
			<trkpt lat="49.487894" lon="18.271885">
				<ele>891.000000</ele>
			</trkpt>
			<trkpt lat="49.487894" lon="18.272065">
				<ele>890.000000</ele>
			</trkpt>
			<trkpt lat="49.487894" lon="18.272236">
				<ele>889.000000</ele>
			</trkpt>
			<trkpt lat="49.487883" lon="18.272577">
				<ele>887.000000</ele>
			</trkpt>
			<trkpt lat="49.487847" lon="18.272883">
				<ele>885.000000</ele>
			</trkpt>
			<trkpt lat="49.487801" lon="18.273170">
				<ele>884.000000</ele>
			</trkpt>
			<trkpt lat="49.487743" lon="18.273439">
				<ele>882.000000</ele>
			</trkpt>
			<trkpt lat="49.487661" lon="18.273736">
				<ele>880.000000</ele>
			</trkpt>
			<trkpt lat="49.487573" lon="18.273996">
				<ele>879.000000</ele>
			</trkpt>
			<trkpt lat="49.487486" lon="18.274212">
				<ele>877.000000</ele>
			</trkpt>
			<trkpt lat="49.487381" lon="18.274410">
				<ele>876.000000</ele>
			</trkpt>
			<trkpt lat="49.487229" lon="18.274661">
				<ele>874.000000</ele>
			</trkpt>
			<trkpt lat="49.487078" lon="18.274886">
				<ele>872.000000</ele>
			</trkpt>
			<trkpt lat="49.486931" lon="18.275101">
				<ele>871.000000</ele>
			</trkpt>
			<trkpt lat="49.486733" lon="18.275317">
				<ele>869.000000</ele>
			</trkpt>
			<trkpt lat="49.486511" lon="18.275515">
				<ele>866.000000</ele>
			</trkpt>
			<trkpt lat="49.486331" lon="18.275650">
				<ele>865.000000</ele>
			</trkpt>
			<trkpt lat="49.486138" lon="18.275766">
				<ele>863.000000</ele>
			</trkpt>
			<trkpt lat="49.485869" lon="18.275902">
				<ele>860.000000</ele>
			</trkpt>
			<trkpt lat="49.484796" lon="18.276431">
				<ele>850.000000</ele>
			</trkpt>
			<trkpt lat="49.484218" lon="18.276728">
				<ele>844.000000</ele>
			</trkpt>
			<trkpt lat="49.483716" lon="18.277005">
				<ele>839.000000</ele>
			</trkpt>
			<trkpt lat="49.483243" lon="18.277294">
				<ele>834.000000</ele>
			</trkpt>
			<trkpt lat="49.482350" lon="18.277841">
				<ele>824.000000</ele>
			</trkpt>
			<trkpt lat="49.482134" lon="18.277994">
				<ele>822.000000</ele>
			</trkpt>
			<trkpt lat="49.481942" lon="18.278147">
				<ele>820.000000</ele>
			</trkpt>
			<trkpt lat="49.481772" lon="18.278326">
				<ele>818.000000</ele>
			</trkpt>
			<trkpt lat="49.481644" lon="18.278497">
				<ele>817.000000</ele>
			</trkpt>
			<trkpt lat="49.481556" lon="18.278650">
				<ele>816.000000</ele>
			</trkpt>
			<trkpt lat="49.481486" lon="18.278793">
				<ele>815.000000</ele>
			</trkpt>
			<trkpt lat="49.481440" lon="18.278946">
				<ele>814.000000</ele>
			</trkpt>
			<trkpt lat="49.481399" lon="18.279118">
				<ele>813.000000</ele>
			</trkpt>
			<trkpt lat="49.481387" lon="18.279269">
				<ele>812.000000</ele>
			</trkpt>
			<trkpt lat="49.481381" lon="18.279422">
				<ele>812.000000</ele>
			</trkpt>
			<trkpt lat="49.481393" lon="18.279575">
				<ele>811.000000</ele>
			</trkpt>
			<trkpt lat="49.481417" lon="18.279728">
				<ele>811.000000</ele>
			</trkpt>
			<trkpt lat="49.481475" lon="18.279925">
				<ele>810.000000</ele>
			</trkpt>
			<trkpt lat="49.481580" lon="18.280267">
				<ele>808.000000</ele>
			</trkpt>
			<trkpt lat="49.481633" lon="18.280464">
				<ele>807.000000</ele>
			</trkpt>
			<trkpt lat="49.481644" lon="18.280644">
				<ele>806.000000</ele>
			</trkpt>
			<trkpt lat="49.481644" lon="18.280726">
				<ele>806.000000</ele>
			</trkpt>
			<trkpt lat="49.481627" lon="18.280833">
				<ele>805.000000</ele>
			</trkpt>
			<trkpt lat="49.481580" lon="18.281039">
				<ele>804.000000</ele>
			</trkpt>
			<trkpt lat="49.481533" lon="18.281147">
				<ele>804.000000</ele>
			</trkpt>
			<trkpt lat="49.481463" lon="18.281219">
				<ele>803.000000</ele>
			</trkpt>
			<trkpt lat="49.481399" lon="18.281292">
				<ele>803.000000</ele>
			</trkpt>
			<trkpt lat="49.481317" lon="18.281326">
				<ele>802.000000</ele>
			</trkpt>
			<trkpt lat="49.481230" lon="18.281345">
				<ele>801.000000</ele>
			</trkpt>
			<trkpt lat="49.481154" lon="18.281345">
				<ele>801.000000</ele>
			</trkpt>
			<trkpt lat="49.481078" lon="18.281309">
				<ele>800.000000</ele>
			</trkpt>
			<trkpt lat="49.480996" lon="18.281246">
				<ele>800.000000</ele>
			</trkpt>
			<trkpt lat="49.480938" lon="18.281174">
				<ele>799.000000</ele>
			</trkpt>
			<trkpt lat="49.480874" lon="18.281076">
				<ele>798.000000</ele>
			</trkpt>
			<trkpt lat="49.480833" lon="18.280950">
				<ele>798.000000</ele>
			</trkpt>
			<trkpt lat="49.480804" lon="18.280824">
				<ele>797.000000</ele>
			</trkpt>
			<trkpt lat="49.480739" lon="18.280500">
				<ele>795.000000</ele>
			</trkpt>
			<trkpt lat="49.480681" lon="18.279980">
				<ele>792.000000</ele>
			</trkpt>
			<trkpt lat="49.480640" lon="18.279818">
				<ele>792.000000</ele>
			</trkpt>
			<trkpt lat="49.480576" lon="18.279647">
				<ele>791.000000</ele>
			</trkpt>
			<trkpt lat="49.480489" lon="18.279485">
				<ele>789.000000</ele>
			</trkpt>
			<trkpt lat="49.480383" lon="18.279368">
				<ele>788.000000</ele>
			</trkpt>
			<trkpt lat="49.480314" lon="18.279324">
				<ele>787.000000</ele>
			</trkpt>
			<trkpt lat="49.480232" lon="18.279288">
				<ele>787.000000</ele>
			</trkpt>
			<trkpt lat="49.480156" lon="18.279261">
				<ele>786.000000</ele>
			</trkpt>
			<trkpt lat="49.480080" lon="18.279252">
				<ele>785.000000</ele>
			</trkpt>
			<trkpt lat="49.479992" lon="18.279242">
				<ele>784.000000</ele>
			</trkpt>
			<trkpt lat="49.479928" lon="18.279269">
				<ele>784.000000</ele>
			</trkpt>
			<trkpt lat="49.479858" lon="18.279297">
				<ele>783.000000</ele>
			</trkpt>
			<trkpt lat="49.479800" lon="18.279342">
				<ele>782.000000</ele>
			</trkpt>
			<trkpt lat="49.479175" lon="18.279871">
				<ele>776.000000</ele>
			</trkpt>
			<trkpt lat="49.479030" lon="18.279971">
				<ele>774.000000</ele>
			</trkpt>
			<trkpt lat="49.478889" lon="18.280015">
				<ele>773.000000</ele>
			</trkpt>
			<trkpt lat="49.478819" lon="18.280024">
				<ele>772.000000</ele>
			</trkpt>
			<trkpt lat="49.478755" lon="18.280024">
				<ele>771.000000</ele>
			</trkpt>
			<trkpt lat="49.478702" lon="18.280007">
				<ele>771.000000</ele>
			</trkpt>
			<trkpt lat="49.478638" lon="18.279971">
				<ele>770.000000</ele>
			</trkpt>
			<trkpt lat="49.478551" lon="18.279908">
				<ele>769.000000</ele>
			</trkpt>
			<trkpt lat="49.478475" lon="18.279808">
				<ele>769.000000</ele>
			</trkpt>
			<trkpt lat="49.478411" lon="18.279710">
				<ele>768.000000</ele>
			</trkpt>
			<trkpt lat="49.478364" lon="18.279566">
				<ele>767.000000</ele>
			</trkpt>
			<trkpt lat="49.478329" lon="18.279422">
				<ele>766.000000</ele>
			</trkpt>
			<trkpt lat="49.478311" lon="18.279261">
				<ele>765.000000</ele>
			</trkpt>
			<trkpt lat="49.478311" lon="18.279118">
				<ele>765.000000</ele>
			</trkpt>
			<trkpt lat="49.478329" lon="18.278955">
				<ele>764.000000</ele>
			</trkpt>
			<trkpt lat="49.478370" lon="18.278793">
				<ele>763.000000</ele>
			</trkpt>
			<trkpt lat="49.478422" lon="18.278676">
				<ele>762.000000</ele>
			</trkpt>
			<trkpt lat="49.478480" lon="18.278579">
				<ele>761.000000</ele>
			</trkpt>
			<trkpt lat="49.478562" lon="18.278489">
				<ele>760.000000</ele>
			</trkpt>
			<trkpt lat="49.478673" lon="18.278389">
				<ele>759.000000</ele>
			</trkpt>
			<trkpt lat="49.478767" lon="18.278290">
				<ele>759.000000</ele>
			</trkpt>
			<trkpt lat="49.478842" lon="18.278192">
				<ele>758.000000</ele>
			</trkpt>
			<trkpt lat="49.478889" lon="18.278093">
				<ele>757.000000</ele>
			</trkpt>
			<trkpt lat="49.478930" lon="18.278003">
				<ele>757.000000</ele>
			</trkpt>
			<trkpt lat="49.478942" lon="18.277896">
				<ele>756.000000</ele>
			</trkpt>
			<trkpt lat="49.478936" lon="18.277770">
				<ele>756.000000</ele>
			</trkpt>
			<trkpt lat="49.478913" lon="18.277671">
				<ele>755.000000</ele>
			</trkpt>
			<trkpt lat="49.478877" lon="18.277608">
				<ele>755.000000</ele>
			</trkpt>
			<trkpt lat="49.478842" lon="18.277554">
				<ele>754.000000</ele>
			</trkpt>
			<trkpt lat="49.478802" lon="18.277527">
				<ele>754.000000</ele>
			</trkpt>
			<trkpt lat="49.478743" lon="18.277510">
				<ele>753.000000</ele>
			</trkpt>
			<trkpt lat="49.478691" lon="18.277491">
				<ele>753.000000</ele>
			</trkpt>
			<trkpt lat="49.478627" lon="18.277500">
				<ele>752.000000</ele>
			</trkpt>
			<trkpt lat="49.478562" lon="18.277518">
				<ele>752.000000</ele>
			</trkpt>
			<trkpt lat="49.478492" lon="18.277545">
				<ele>751.000000</ele>
			</trkpt>
			<trkpt lat="49.477897" lon="18.277833">
				<ele>745.000000</ele>
			</trkpt>
			<trkpt lat="49.476958" lon="18.278282">
				<ele>736.000000</ele>
			</trkpt>
			<trkpt lat="49.476805" lon="18.278372">
				<ele>734.000000</ele>
			</trkpt>
			<trkpt lat="49.476677" lon="18.278443">
				<ele>733.000000</ele>
			</trkpt>
			<trkpt lat="49.476555" lon="18.278533">
				<ele>732.000000</ele>
			</trkpt>
			<trkpt lat="49.476467" lon="18.278623">
				<ele>731.000000</ele>
			</trkpt>
			<trkpt lat="49.476380" lon="18.278731">
				<ele>730.000000</ele>
			</trkpt>
			<trkpt lat="49.476315" lon="18.278848">
				<ele>729.000000</ele>
			</trkpt>
			<trkpt lat="49.476257" lon="18.278973">
				<ele>728.000000</ele>
			</trkpt>
			<trkpt lat="49.476228" lon="18.279089">
				<ele>727.000000</ele>
			</trkpt>
			<trkpt lat="49.476175" lon="18.279297">
				<ele>726.000000</ele>
			</trkpt>
			<trkpt lat="49.476164" lon="18.279449">
				<ele>725.000000</ele>
			</trkpt>
			<trkpt lat="49.476158" lon="18.279638">
				<ele>724.000000</ele>
			</trkpt>
			<trkpt lat="49.476169" lon="18.279791">
				<ele>723.000000</ele>
			</trkpt>
			<trkpt lat="49.476187" lon="18.279944">
				<ele>722.000000</ele>
			</trkpt>
			<trkpt lat="49.476210" lon="18.280070">
				<ele>722.000000</ele>
			</trkpt>
			<trkpt lat="49.476251" lon="18.280195">
				<ele>721.000000</ele>
			</trkpt>
			<trkpt lat="49.476298" lon="18.280330">
				<ele>720.000000</ele>
			</trkpt>
			<trkpt lat="49.476496" lon="18.280726">
				<ele>717.000000</ele>
			</trkpt>
			<trkpt lat="49.478160" lon="18.283887">
				<ele>693.000000</ele>
			</trkpt>
			<trkpt lat="49.478300" lon="18.284121">
				<ele>691.000000</ele>
			</trkpt>
			<trkpt lat="49.478434" lon="18.284309">
				<ele>689.000000</ele>
			</trkpt>
			<trkpt lat="49.478603" lon="18.284471">
				<ele>688.000000</ele>
			</trkpt>
			<trkpt lat="49.478796" lon="18.284624">
				<ele>686.000000</ele>
			</trkpt>
			<trkpt lat="49.479671" lon="18.285208">
				<ele>678.000000</ele>
			</trkpt>
			<trkpt lat="49.479730" lon="18.285252">
				<ele>678.000000</ele>
			</trkpt>
			<trkpt lat="49.479782" lon="18.285307">
				<ele>677.000000</ele>
			</trkpt>
			<trkpt lat="49.479829" lon="18.285378">
				<ele>677.000000</ele>
			</trkpt>
			<trkpt lat="49.479858" lon="18.285450">
				<ele>677.000000</ele>
			</trkpt>
			<trkpt lat="49.479887" lon="18.285521">
				<ele>676.000000</ele>
			</trkpt>
			<trkpt lat="49.479899" lon="18.285603">
				<ele>676.000000</ele>
			</trkpt>
			<trkpt lat="49.479905" lon="18.285701">
				<ele>675.000000</ele>
			</trkpt>
			<trkpt lat="49.479905" lon="18.285800">
				<ele>675.000000</ele>
			</trkpt>
			<trkpt lat="49.479893" lon="18.285900">
				<ele>675.000000</ele>
			</trkpt>
			<trkpt lat="49.479864" lon="18.285989">
				<ele>674.000000</ele>
			</trkpt>
			<trkpt lat="49.479835" lon="18.286070">
				<ele>674.000000</ele>
			</trkpt>
			<trkpt lat="49.479788" lon="18.286133">
				<ele>674.000000</ele>
			</trkpt>
			<trkpt lat="49.479742" lon="18.286187">
				<ele>674.000000</ele>
			</trkpt>
			<trkpt lat="49.479683" lon="18.286223">
				<ele>673.000000</ele>
			</trkpt>
			<trkpt lat="49.479613" lon="18.286250">
				<ele>673.000000</ele>
			</trkpt>
			<trkpt lat="49.479543" lon="18.286276">
				<ele>673.000000</ele>
			</trkpt>
			<trkpt lat="49.479461" lon="18.286267">
				<ele>672.000000</ele>
			</trkpt>
			<trkpt lat="49.478918" lon="18.286213">
				<ele>670.000000</ele>
			</trkpt>
			<trkpt lat="49.478574" lon="18.286150">
				<ele>667.000000</ele>
			</trkpt>
			<trkpt lat="49.478294" lon="18.286061">
				<ele>665.000000</ele>
			</trkpt>
			<trkpt lat="49.478020" lon="18.285936">
				<ele>663.000000</ele>
			</trkpt>
			<trkpt lat="49.477675" lon="18.285720">
				<ele>660.000000</ele>
			</trkpt>
			<trkpt lat="49.477465" lon="18.285567">
				<ele>659.000000</ele>
			</trkpt>
			<trkpt lat="49.477314" lon="18.285450">
				<ele>657.000000</ele>
			</trkpt>
			<trkpt lat="49.477173" lon="18.285324">
				<ele>656.000000</ele>
			</trkpt>
			<trkpt lat="49.477016" lon="18.285163">
				<ele>655.000000</ele>
			</trkpt>
			<trkpt lat="49.476367" lon="18.284471">
				<ele>649.000000</ele>
			</trkpt>
			<trkpt lat="49.475942" lon="18.284003">
				<ele>645.000000</ele>
			</trkpt>
			<trkpt lat="49.475714" lon="18.283753">
				<ele>643.000000</ele>
			</trkpt>
			<trkpt lat="49.475516" lon="18.283573">
				<ele>641.000000</ele>
			</trkpt>
			<trkpt lat="49.475294" lon="18.283393">
				<ele>640.000000</ele>
			</trkpt>
			<trkpt lat="49.475020" lon="18.283223">
				<ele>638.000000</ele>
			</trkpt>
			<trkpt lat="49.474593" lon="18.282971">
				<ele>635.000000</ele>
			</trkpt>
			<trkpt lat="49.474173" lon="18.282737">
				<ele>631.000000</ele>
			</trkpt>
			<trkpt lat="49.473717" lon="18.282513">
				<ele>628.000000</ele>
			</trkpt>
			<trkpt lat="49.473361" lon="18.282368">
				<ele>626.000000</ele>
			</trkpt>
			<trkpt lat="49.472970" lon="18.282216">
				<ele>622.000000</ele>
			</trkpt>
			<trkpt lat="49.472580" lon="18.282108">
				<ele>620.000000</ele>
			</trkpt>
			<trkpt lat="49.472072" lon="18.281965">
				<ele>616.000000</ele>
			</trkpt>
			<trkpt lat="49.471430" lon="18.281768">
				<ele>612.000000</ele>
			</trkpt>
			<trkpt lat="49.471278" lon="18.281713">
				<ele>611.000000</ele>
			</trkpt>
			<trkpt lat="49.471079" lon="18.281623">
				<ele>609.000000</ele>
			</trkpt>
			<trkpt lat="49.470530" lon="18.281309">
				<ele>606.000000</ele>
			</trkpt>
			<trkpt lat="49.470133" lon="18.281084">
				<ele>603.000000</ele>
			</trkpt>
			<trkpt lat="49.469865" lon="18.280932">
				<ele>602.000000</ele>
			</trkpt>
			<trkpt lat="49.469667" lon="18.280797">
				<ele>601.000000</ele>
			</trkpt>
			<trkpt lat="49.469486" lon="18.280644">
				<ele>600.000000</ele>
			</trkpt>
			<trkpt lat="49.469334" lon="18.280464">
				<ele>598.000000</ele>
			</trkpt>
			<trkpt lat="49.468966" lon="18.279988">
				<ele>596.000000</ele>
			</trkpt>
			<trkpt lat="49.468802" lon="18.279800">
				<ele>594.000000</ele>
			</trkpt>
			<trkpt lat="49.468651" lon="18.279647">
				<ele>594.000000</ele>
			</trkpt>
			<trkpt lat="49.468522" lon="18.279558">
				<ele>593.000000</ele>
			</trkpt>
			<trkpt lat="49.468370" lon="18.279494">
				<ele>592.000000</ele>
			</trkpt>
			<trkpt lat="49.467594" lon="18.279288">
				<ele>588.000000</ele>
			</trkpt>
			<trkpt lat="49.467372" lon="18.279207">
				<ele>587.000000</ele>
			</trkpt>
			<trkpt lat="49.467121" lon="18.279118">
				<ele>586.000000</ele>
			</trkpt>
			<trkpt lat="49.466438" lon="18.278793">
				<ele>583.000000</ele>
			</trkpt>
			<trkpt lat="49.465014" lon="18.278174">
				<ele>575.000000</ele>
			</trkpt>
			<trkpt lat="49.464330" lon="18.277868">
				<ele>573.000000</ele>
			</trkpt>
			<trkpt lat="49.463875" lon="18.277661">
				<ele>571.000000</ele>
			</trkpt>
			<trkpt lat="49.463700" lon="18.277581">
				<ele>571.000000</ele>
			</trkpt>
			<trkpt lat="49.463519" lon="18.277536">
				<ele>570.000000</ele>
			</trkpt>
			<trkpt lat="49.463385" lon="18.277527">
				<ele>570.000000</ele>
			</trkpt>
			<trkpt lat="49.463303" lon="18.277536">
				<ele>569.000000</ele>
			</trkpt>
			<trkpt lat="49.463215" lon="18.277571">
				<ele>569.000000</ele>
			</trkpt>
			<trkpt lat="49.463075" lon="18.277644">
				<ele>569.000000</ele>
			</trkpt>
			<trkpt lat="49.462930" lon="18.277778">
				<ele>568.000000</ele>
			</trkpt>
			<trkpt lat="49.462772" lon="18.277940">
				<ele>567.000000</ele>
			</trkpt>
			<trkpt lat="49.462492" lon="18.278309">
				<ele>566.000000</ele>
			</trkpt>
			<trkpt lat="49.461995" lon="18.278982">
				<ele>564.000000</ele>
			</trkpt>
			<trkpt lat="49.461709" lon="18.279351">
				<ele>563.000000</ele>
			</trkpt>
			<trkpt lat="49.461621" lon="18.279441">
				<ele>563.000000</ele>
			</trkpt>
			<trkpt lat="49.461540" lon="18.279531">
				<ele>563.000000</ele>
			</trkpt>
			<trkpt lat="49.461440" lon="18.279611">
				<ele>563.000000</ele>
			</trkpt>
			<trkpt lat="49.461347" lon="18.279674">
				<ele>562.000000</ele>
			</trkpt>
			<trkpt lat="49.461218" lon="18.279718">
				<ele>562.000000</ele>
			</trkpt>
			<trkpt lat="49.460991" lon="18.279781">
				<ele>562.000000</ele>
			</trkpt>
			<trkpt lat="49.460477" lon="18.279917">
				<ele>560.000000</ele>
			</trkpt>
			<trkpt lat="49.460343" lon="18.279952">
				<ele>560.000000</ele>
			</trkpt>
			<trkpt lat="49.459999" lon="18.280034">
				<ele>559.000000</ele>
			</trkpt>
			<trkpt lat="49.459741" lon="18.280060">
				<ele>558.000000</ele>
			</trkpt>
			<trkpt lat="49.459543" lon="18.280078">
				<ele>557.000000</ele>
			</trkpt>
			<trkpt lat="49.459368" lon="18.280051">
				<ele>556.000000</ele>
			</trkpt>
			<trkpt lat="49.459152" lon="18.279997">
				<ele>555.000000</ele>
			</trkpt>
			<trkpt lat="49.458895" lon="18.279908">
				<ele>554.000000</ele>
			</trkpt>
			<trkpt lat="49.458410" lon="18.279710">
				<ele>553.000000</ele>
			</trkpt>
			<trkpt lat="49.457202" lon="18.279252">
				<ele>549.000000</ele>
			</trkpt>
			<trkpt lat="49.457137" lon="18.279234">
				<ele>548.000000</ele>
			</trkpt>
			<trkpt lat="49.456875" lon="18.279135">
				<ele>548.000000</ele>
			</trkpt>
			<trkpt lat="49.456711" lon="18.279081">
				<ele>547.000000</ele>
			</trkpt>
			<trkpt lat="49.456571" lon="18.279045">
				<ele>547.000000</ele>
			</trkpt>
			<trkpt lat="49.456425" lon="18.279036">
				<ele>547.000000</ele>
			</trkpt>
			<trkpt lat="49.456273" lon="18.279045">
				<ele>546.000000</ele>
			</trkpt>
			<trkpt lat="49.456109" lon="18.279063">
				<ele>546.000000</ele>
			</trkpt>
			<trkpt lat="49.455823" lon="18.279081">
				<ele>545.000000</ele>
			</trkpt>
			<trkpt lat="49.455286" lon="18.279171">
				<ele>544.000000</ele>
			</trkpt>
			<trkpt lat="49.455064" lon="18.279179">
				<ele>543.000000</ele>
			</trkpt>
			<trkpt lat="49.454813" lon="18.279135">
				<ele>542.000000</ele>
			</trkpt>
			<trkpt lat="49.454813" lon="18.279072">
				<ele>542.000000</ele>
			</trkpt>
			<trkpt lat="49.454807" lon="18.279045">
				<ele>542.000000</ele>
			</trkpt>
			<trkpt lat="49.454790" lon="18.279036">
				<ele>542.000000</ele>
			</trkpt>
			<trkpt lat="49.454743" lon="18.279028">
				<ele>542.000000</ele>
			</trkpt>
			<trkpt lat="49.454708" lon="18.279009">
				<ele>542.000000</ele>
			</trkpt>
			<trkpt lat="49.454697" lon="18.278992">
				<ele>542.000000</ele>
			</trkpt>
			<trkpt lat="49.454661" lon="18.278965">
				<ele>542.000000</ele>
			</trkpt>
			<trkpt lat="49.454644" lon="18.278973">
				<ele>541.000000</ele>
			</trkpt>
			<trkpt lat="49.454591" lon="18.278973">
				<ele>541.000000</ele>
			</trkpt>
			<trkpt lat="49.454486" lon="18.278946">
				<ele>541.000000</ele>
			</trkpt>
			<trkpt lat="49.454153" lon="18.278856">
				<ele>540.000000</ele>
			</trkpt>
			<trkpt lat="49.453931" lon="18.278758">
				<ele>539.000000</ele>
			</trkpt>
			<trkpt lat="49.453756" lon="18.278676">
				<ele>538.000000</ele>
			</trkpt>
			<trkpt lat="49.453604" lon="18.278579">
				<ele>538.000000</ele>
			</trkpt>
			<trkpt lat="49.453499" lon="18.278489">
				<ele>537.000000</ele>
			</trkpt>
			<trkpt lat="49.453412" lon="18.278399">
				<ele>537.000000</ele>
			</trkpt>
			<trkpt lat="49.453324" lon="18.278282">
				<ele>536.000000</ele>
			</trkpt>
			<trkpt lat="49.453184" lon="18.278076">
				<ele>535.000000</ele>
			</trkpt>
			<trkpt lat="49.452950" lon="18.277743">
				<ele>534.000000</ele>
			</trkpt>
			<trkpt lat="49.452670" lon="18.277284">
				<ele>533.000000</ele>
			</trkpt>
			<trkpt lat="49.452576" lon="18.277123">
				<ele>532.000000</ele>
			</trkpt>
			<trkpt lat="49.452366" lon="18.276808">
				<ele>531.000000</ele>
			</trkpt>
			<trkpt lat="49.451625" lon="18.275623">
				<ele>528.000000</ele>
			</trkpt>
			<trkpt lat="49.451479" lon="18.275397">
				<ele>527.000000</ele>
			</trkpt>
			<trkpt lat="49.451362" lon="18.275218">
				<ele>527.000000</ele>
			</trkpt>
			<trkpt lat="49.451228" lon="18.275047">
				<ele>526.000000</ele>
			</trkpt>
			<trkpt lat="49.451058" lon="18.274841">
				<ele>526.000000</ele>
			</trkpt>
			<trkpt lat="49.450795" lon="18.274581">
				<ele>524.000000</ele>
			</trkpt>
			<trkpt lat="49.450550" lon="18.274355">
				<ele>522.000000</ele>
			</trkpt>
			<trkpt lat="49.450515" lon="18.274311">
				<ele>521.000000</ele>
			</trkpt>
			<trkpt lat="49.450498" lon="18.274284">
				<ele>521.000000</ele>
			</trkpt>
			<trkpt lat="49.450480" lon="18.274168">
				<ele>521.000000</ele>
			</trkpt>
			<trkpt lat="49.450457" lon="18.274095">
				<ele>520.000000</ele>
			</trkpt>
			<trkpt lat="49.450428" lon="18.274059">
				<ele>520.000000</ele>
			</trkpt>
			<trkpt lat="49.450369" lon="18.274015">
				<ele>520.000000</ele>
			</trkpt>
			<trkpt lat="49.450299" lon="18.274005">
				<ele>520.000000</ele>
			</trkpt>
			<trkpt lat="49.450235" lon="18.274005">
				<ele>520.000000</ele>
			</trkpt>
			<trkpt lat="49.450182" lon="18.273969">
				<ele>520.000000</ele>
			</trkpt>
			<trkpt lat="49.450165" lon="18.273952">
				<ele>520.000000</ele>
			</trkpt>
			<trkpt lat="49.450147" lon="18.273969">
				<ele>520.000000</ele>
			</trkpt>
			<trkpt lat="49.450124" lon="18.274005">
				<ele>520.000000</ele>
			</trkpt>
			<trkpt lat="49.450095" lon="18.274059">
				<ele>520.000000</ele>
			</trkpt>
			<trkpt lat="49.450060" lon="18.274141">
				<ele>520.000000</ele>
			</trkpt>
			<trkpt lat="49.449242" lon="18.273359">
				<ele>519.000000</ele>
			</trkpt>
			<trkpt lat="49.448985" lon="18.273080">
				<ele>518.000000</ele>
			</trkpt>
			<trkpt lat="49.448745" lon="18.272802">
				<ele>517.000000</ele>
			</trkpt>
			<trkpt lat="49.448459" lon="18.272407">
				<ele>516.000000</ele>
			</trkpt>
			<trkpt lat="49.448150" lon="18.271904">
				<ele>514.000000</ele>
			</trkpt>
			<trkpt lat="49.447782" lon="18.271302">
				<ele>513.000000</ele>
			</trkpt>
			<trkpt lat="49.447741" lon="18.271257">
				<ele>513.000000</ele>
			</trkpt>
			<trkpt lat="49.447700" lon="18.271239">
				<ele>512.000000</ele>
			</trkpt>
			<trkpt lat="49.447659" lon="18.271221">
				<ele>512.000000</ele>
			</trkpt>
			<trkpt lat="49.447630" lon="18.271194">
				<ele>512.000000</ele>
			</trkpt>
			<trkpt lat="49.447618" lon="18.271149">
				<ele>512.000000</ele>
			</trkpt>
			<trkpt lat="49.447601" lon="18.271095">
				<ele>512.000000</ele>
			</trkpt>
			<trkpt lat="49.447595" lon="18.271023">
				<ele>512.000000</ele>
			</trkpt>
			<trkpt lat="49.447577" lon="18.270996">
				<ele>512.000000</ele>
			</trkpt>
			<trkpt lat="49.447133" lon="18.270304">
				<ele>510.000000</ele>
			</trkpt>
			<trkpt lat="49.446929" lon="18.269990">
				<ele>509.000000</ele>
			</trkpt>
			<trkpt lat="49.446754" lon="18.269766">
				<ele>509.000000</ele>
			</trkpt>
			<trkpt lat="49.446579" lon="18.269550">
				<ele>508.000000</ele>
			</trkpt>
			<trkpt lat="49.446316" lon="18.269281">
				<ele>508.000000</ele>
			</trkpt>
			<trkpt lat="49.444768" lon="18.267717">
				<ele>504.000000</ele>
			</trkpt>
			<trkpt lat="49.444534" lon="18.267484">
				<ele>504.000000</ele>
			</trkpt>
			<trkpt lat="49.444359" lon="18.267323">
				<ele>504.000000</ele>
			</trkpt>
			<trkpt lat="49.444184" lon="18.267151">
				<ele>503.000000</ele>
			</trkpt>
			<trkpt lat="49.443945" lon="18.266971">
				<ele>503.000000</ele>
			</trkpt>
			<trkpt lat="49.443752" lon="18.266847">
				<ele>502.000000</ele>
			</trkpt>
			<trkpt lat="49.443431" lon="18.266694">
				<ele>501.000000</ele>
			</trkpt>
			<trkpt lat="49.442917" lon="18.266433">
				<ele>499.000000</ele>
			</trkpt>
			<trkpt lat="49.442572" lon="18.266289">
				<ele>498.000000</ele>
			</trkpt>
			<trkpt lat="49.442274" lon="18.266172">
				<ele>497.000000</ele>
			</trkpt>
			<trkpt lat="49.442000" lon="18.266082">
				<ele>496.000000</ele>
			</trkpt>
			<trkpt lat="49.441707" lon="18.266011">
				<ele>495.000000</ele>
			</trkpt>
			<trkpt lat="49.441304" lon="18.265956">
				<ele>493.000000</ele>
			</trkpt>
			<trkpt lat="49.441041" lon="18.265912">
				<ele>492.000000</ele>
			</trkpt>
			<trkpt lat="49.440819" lon="18.265858">
				<ele>491.000000</ele>
			</trkpt>
			<trkpt lat="49.440621" lon="18.265778">
				<ele>490.000000</ele>
			</trkpt>
			<trkpt lat="49.440405" lon="18.265660">
				<ele>489.000000</ele>
			</trkpt>
			<trkpt lat="49.440224" lon="18.265552">
				<ele>489.000000</ele>
			</trkpt>
			<trkpt lat="49.440026" lon="18.265399">
				<ele>488.000000</ele>
			</trkpt>
			<trkpt lat="49.439804" lon="18.265220">
				<ele>487.000000</ele>
			</trkpt>
			<trkpt lat="49.439681" lon="18.265130">
				<ele>487.000000</ele>
			</trkpt>
			<trkpt lat="49.439593" lon="18.265067">
				<ele>486.000000</ele>
			</trkpt>
			<trkpt lat="49.439511" lon="18.265040">
				<ele>486.000000</ele>
			</trkpt>
			<trkpt lat="49.439429" lon="18.265013">
				<ele>486.000000</ele>
			</trkpt>
			<trkpt lat="49.439348" lon="18.265013">
				<ele>485.000000</ele>
			</trkpt>
			<trkpt lat="49.439266" lon="18.265023">
				<ele>485.000000</ele>
			</trkpt>
			<trkpt lat="49.439179" lon="18.265059">
				<ele>485.000000</ele>
			</trkpt>
			<trkpt lat="49.439085" lon="18.265094">
				<ele>484.000000</ele>
			</trkpt>
			<trkpt lat="49.438986" lon="18.265166">
				<ele>484.000000</ele>
			</trkpt>
			<trkpt lat="49.438746" lon="18.265355">
				<ele>483.000000</ele>
			</trkpt>
			<trkpt lat="49.438495" lon="18.265615">
				<ele>482.000000</ele>
			</trkpt>
			<trkpt lat="49.438460" lon="18.265660">
				<ele>481.000000</ele>
			</trkpt>
			<trkpt lat="49.438425" lon="18.265669">
				<ele>481.000000</ele>
			</trkpt>
			<trkpt lat="49.438314" lon="18.265688">
				<ele>481.000000</ele>
			</trkpt>
			<trkpt lat="49.438314" lon="18.265688">
				<ele>481.000000</ele>
			</trkpt>
			<trkpt lat="49.438074" lon="18.265902">
				<ele>480.000000</ele>
			</trkpt>
			<trkpt lat="49.438016" lon="18.265669">
				<ele>479.000000</ele>
			</trkpt>
			<trkpt lat="49.437946" lon="18.265705">
				<ele>479.000000</ele>
			</trkpt>
			<trkpt lat="49.437829" lon="18.265302">
				<ele>479.000000</ele>
			</trkpt>
			<trkpt lat="49.437654" lon="18.264780">
				<ele>479.000000</ele>
			</trkpt>
			<trkpt lat="49.437595" lon="18.264618">
				<ele>479.000000</ele>
			</trkpt>
			<trkpt lat="49.437566" lon="18.264510">
				<ele>479.000000</ele>
			</trkpt>
			<trkpt lat="49.437549" lon="18.264384">
				<ele>479.000000</ele>
			</trkpt>
			<trkpt lat="49.437542" lon="18.264260">
				<ele>479.000000</ele>
			</trkpt>
			<trkpt lat="49.437502" lon="18.264286">
				<ele>479.000000</ele>
			</trkpt>
			<trkpt lat="49.437455" lon="18.264277">
				<ele>478.000000</ele>
			</trkpt>
			<trkpt lat="49.437402" lon="18.264250">
				<ele>478.000000</ele>
			</trkpt>
			<trkpt lat="49.437350" lon="18.264178">
				<ele>478.000000</ele>
			</trkpt>
			<trkpt lat="49.436865" lon="18.263441">
				<ele>477.000000</ele>
			</trkpt>
			<trkpt lat="49.436708" lon="18.263252">
				<ele>477.000000</ele>
			</trkpt>
			<trkpt lat="49.436614" lon="18.263118">
				<ele>477.000000</ele>
			</trkpt>
			<trkpt lat="49.436544" lon="18.263019">
				<ele>477.000000</ele>
			</trkpt>
			<trkpt lat="49.436486" lon="18.262902">
				<ele>477.000000</ele>
			</trkpt>
			<trkpt lat="49.436415" lon="18.262776">
				<ele>476.000000</ele>
			</trkpt>
			<trkpt lat="49.436176" lon="18.262147">
				<ele>476.000000</ele>
			</trkpt>
			<trkpt lat="49.435790" lon="18.261132">
				<ele>475.000000</ele>
			</trkpt>
			<trkpt lat="49.435697" lon="18.260891">
				<ele>474.000000</ele>
			</trkpt>
			<trkpt lat="49.435609" lon="18.260711">
				<ele>474.000000</ele>
			</trkpt>
			<trkpt lat="49.435515" lon="18.260539">
				<ele>474.000000</ele>
			</trkpt>
			<trkpt lat="49.435399" lon="18.260352">
				<ele>473.000000</ele>
			</trkpt>
			<trkpt lat="49.435078" lon="18.259875">
				<ele>473.000000</ele>
			</trkpt>
			<trkpt lat="49.434890" lon="18.259570">
				<ele>472.000000</ele>
			</trkpt>
			<trkpt lat="49.434826" lon="18.259470">
				<ele>472.000000</ele>
			</trkpt>
			<trkpt lat="49.434780" lon="18.259354">
				<ele>472.000000</ele>
			</trkpt>
			<trkpt lat="49.434744" lon="18.259246">
				<ele>472.000000</ele>
			</trkpt>
			<trkpt lat="49.434709" lon="18.259130">
				<ele>472.000000</ele>
			</trkpt>
			<trkpt lat="49.434698" lon="18.258977">
				<ele>471.000000</ele>
			</trkpt>
			<trkpt lat="49.434686" lon="18.258788">
				<ele>471.000000</ele>
			</trkpt>
			<trkpt lat="49.434657" lon="18.258267">
				<ele>471.000000</ele>
			</trkpt>
			<trkpt lat="49.434651" lon="18.257828">
				<ele>470.000000</ele>
			</trkpt>
			<trkpt lat="49.434651" lon="18.257386">
				<ele>469.000000</ele>
			</trkpt>
			<trkpt lat="49.434668" lon="18.256757">
				<ele>469.000000</ele>
			</trkpt>
			<trkpt lat="49.434709" lon="18.256417">
				<ele>468.000000</ele>
			</trkpt>
			<trkpt lat="49.434762" lon="18.256102">
				<ele>468.000000</ele>
			</trkpt>
			<trkpt lat="49.434826" lon="18.255734">
				<ele>468.000000</ele>
			</trkpt>
			<trkpt lat="49.435013" lon="18.254809">
				<ele>466.000000</ele>
			</trkpt>
			<trkpt lat="49.435037" lon="18.254629">
				<ele>466.000000</ele>
			</trkpt>
			<trkpt lat="49.435060" lon="18.254449">
				<ele>466.000000</ele>
			</trkpt>
			<trkpt lat="49.435060" lon="18.254117">
				<ele>466.000000</ele>
			</trkpt>
			<trkpt lat="49.435060" lon="18.254081">
				<ele>466.000000</ele>
			</trkpt>
			<trkpt lat="49.435031" lon="18.253272">
				<ele>465.000000</ele>
			</trkpt>
			<trkpt lat="49.435013" lon="18.252805">
				<ele>464.000000</ele>
			</trkpt>
			<trkpt lat="49.435013" lon="18.252652">
				<ele>464.000000</ele>
			</trkpt>
			<trkpt lat="49.435008" lon="18.252446">
				<ele>463.000000</ele>
			</trkpt>
			<trkpt lat="49.434984" lon="18.252239">
				<ele>463.000000</ele>
			</trkpt>
			<trkpt lat="49.434949" lon="18.251970">
				<ele>463.000000</ele>
			</trkpt>
			<trkpt lat="49.434890" lon="18.251719">
				<ele>462.000000</ele>
			</trkpt>
			<trkpt lat="49.434821" lon="18.251457">
				<ele>462.000000</ele>
			</trkpt>
			<trkpt lat="49.434686" lon="18.251027">
				<ele>461.000000</ele>
			</trkpt>
			<trkpt lat="49.434593" lon="18.250794">
				<ele>461.000000</ele>
			</trkpt>
			<trkpt lat="49.434453" lon="18.250505">
				<ele>460.000000</ele>
			</trkpt>
			<trkpt lat="49.434102" lon="18.250084">
				<ele>460.000000</ele>
			</trkpt>
			<trkpt lat="49.434160" lon="18.249715">
				<ele>460.000000</ele>
			</trkpt>
			<trkpt lat="49.434231" lon="18.249320">
				<ele>460.000000</ele>
			</trkpt>
			<trkpt lat="49.434604" lon="18.247496">
				<ele>460.000000</ele>
			</trkpt>
			<trkpt lat="49.434739" lon="18.246939">
				<ele>459.000000</ele>
			</trkpt>
			<trkpt lat="49.435071" lon="18.245691">
				<ele>458.000000</ele>
			</trkpt>
			<trkpt lat="49.435276" lon="18.244864">
				<ele>457.000000</ele>
			</trkpt>
			<trkpt lat="49.435551" lon="18.243670">
				<ele>456.000000</ele>
			</trkpt>
			<trkpt lat="49.435668" lon="18.243121">
				<ele>455.000000</ele>
			</trkpt>
			<trkpt lat="49.435668" lon="18.243121">
				<ele>455.000000</ele>
			</trkpt>
			<trkpt lat="49.435685" lon="18.243050">
				<ele>455.000000</ele>
			</trkpt>
			<trkpt lat="49.435778" lon="18.242645">
				<ele>455.000000</ele>
			</trkpt>
			<trkpt lat="49.435866" lon="18.242304">
				<ele>454.000000</ele>
			</trkpt>
			<trkpt lat="49.435965" lon="18.241999">
				<ele>454.000000</ele>
			</trkpt>
			<trkpt lat="49.436105" lon="18.241630">
				<ele>453.000000</ele>
			</trkpt>
			<trkpt lat="49.436357" lon="18.240983">
				<ele>453.000000</ele>
			</trkpt>
			<trkpt lat="49.436462" lon="18.240714">
				<ele>452.000000</ele>
			</trkpt>
			<trkpt lat="49.436573" lon="18.240364">
				<ele>452.000000</ele>
			</trkpt>
			<trkpt lat="49.436655" lon="18.240220">
				<ele>452.000000</ele>
			</trkpt>
			<trkpt lat="49.436771" lon="18.239968">
				<ele>452.000000</ele>
			</trkpt>
			<trkpt lat="49.436871" lon="18.239681">
				<ele>451.000000</ele>
			</trkpt>
			<trkpt lat="49.436947" lon="18.239412">
				<ele>451.000000</ele>
			</trkpt>
			<trkpt lat="49.437070" lon="18.238980">
				<ele>450.000000</ele>
			</trkpt>
			<trkpt lat="49.437081" lon="18.238899">
				<ele>450.000000</ele>
			</trkpt>
			<trkpt lat="49.437093" lon="18.238828">
				<ele>450.000000</ele>
			</trkpt>
			<trkpt lat="49.437105" lon="18.238746">
				<ele>450.000000</ele>
			</trkpt>
			<trkpt lat="49.437139" lon="18.238620">
				<ele>450.000000</ele>
			</trkpt>
			<trkpt lat="49.437198" lon="18.238433">
				<ele>450.000000</ele>
			</trkpt>
			<trkpt lat="49.437251" lon="18.238190">
				<ele>450.000000</ele>
			</trkpt>
			<trkpt lat="49.437303" lon="18.238028">
				<ele>450.000000</ele>
			</trkpt>
			<trkpt lat="49.437361" lon="18.237893">
				<ele>450.000000</ele>
			</trkpt>
			<trkpt lat="49.437391" lon="18.237813">
				<ele>450.000000</ele>
			</trkpt>
			<trkpt lat="49.437391" lon="18.237731">
				<ele>450.000000</ele>
			</trkpt>
			<trkpt lat="49.437397" lon="18.237597">
				<ele>450.000000</ele>
			</trkpt>
			<trkpt lat="49.437408" lon="18.237498">
				<ele>450.000000</ele>
			</trkpt>
			<trkpt lat="49.437508" lon="18.236825">
				<ele>450.000000</ele>
			</trkpt>
			<trkpt lat="49.437583" lon="18.236295">
				<ele>450.000000</ele>
			</trkpt>
			<trkpt lat="49.437800" lon="18.235064">
				<ele>450.000000</ele>
			</trkpt>
			<trkpt lat="49.437829" lon="18.234875">
				<ele>450.000000</ele>
			</trkpt>
			<trkpt lat="49.437846" lon="18.234668">
				<ele>450.000000</ele>
			</trkpt>
			<trkpt lat="49.437841" lon="18.234488">
				<ele>450.000000</ele>
			</trkpt>
			<trkpt lat="49.437852" lon="18.234354">
				<ele>450.000000</ele>
			</trkpt>
			<trkpt lat="49.437887" lon="18.234148">
				<ele>450.000000</ele>
			</trkpt>
			<trkpt lat="49.437893" lon="18.233995">
				<ele>450.000000</ele>
			</trkpt>
			<trkpt lat="49.437899" lon="18.233698">
				<ele>450.000000</ele>
			</trkpt>
			<trkpt lat="49.437882" lon="18.233483">
				<ele>450.000000</ele>
			</trkpt>
			<trkpt lat="49.437846" lon="18.233293">
				<ele>450.000000</ele>
			</trkpt>
			<trkpt lat="49.437817" lon="18.233133">
				<ele>450.000000</ele>
			</trkpt>
			<trkpt lat="49.437777" lon="18.232980">
				<ele>449.000000</ele>
			</trkpt>
			<trkpt lat="49.437712" lon="18.232773">
				<ele>449.000000</ele>
			</trkpt>
			<trkpt lat="49.437724" lon="18.232647">
				<ele>449.000000</ele>
			</trkpt>
			<trkpt lat="49.437742" lon="18.232540">
				<ele>449.000000</ele>
			</trkpt>
			<trkpt lat="49.437805" lon="18.232243">
				<ele>448.000000</ele>
			</trkpt>
			<trkpt lat="49.437846" lon="18.232018">
				<ele>448.000000</ele>
			</trkpt>
			<trkpt lat="49.437589" lon="18.231938">
				<ele>449.000000</ele>
			</trkpt>
			<trkpt lat="49.437350" lon="18.231901">
				<ele>449.000000</ele>
			</trkpt>
			<trkpt lat="49.437122" lon="18.231920">
				<ele>450.000000</ele>
			</trkpt>
			<trkpt lat="49.436859" lon="18.231974">
				<ele>451.000000</ele>
			</trkpt>
			<trkpt lat="49.436386" lon="18.232117">
				<ele>452.000000</ele>
			</trkpt>
			<trkpt lat="49.435825" lon="18.232333">
				<ele>453.000000</ele>
			</trkpt>
			<trkpt lat="49.435633" lon="18.232387">
				<ele>454.000000</ele>
			</trkpt>
			<trkpt lat="49.435562" lon="18.232396">
				<ele>454.000000</ele>
			</trkpt>
			<trkpt lat="49.435463" lon="18.232387">
				<ele>454.000000</ele>
			</trkpt>
			<trkpt lat="49.435375" lon="18.232387">
				<ele>454.000000</ele>
			</trkpt>
			<trkpt lat="49.435282" lon="18.232351">
				<ele>455.000000</ele>
			</trkpt>
			<trkpt lat="49.435095" lon="18.232278">
				<ele>455.000000</ele>
			</trkpt>
			<trkpt lat="49.434972" lon="18.232217">
				<ele>456.000000</ele>
			</trkpt>
			<trkpt lat="49.434850" lon="18.232144">
				<ele>456.000000</ele>
			</trkpt>
			<trkpt lat="49.434628" lon="18.231974">
				<ele>456.000000</ele>
			</trkpt>
			<trkpt lat="49.434552" lon="18.231901">
				<ele>457.000000</ele>
			</trkpt>
			<trkpt lat="49.434470" lon="18.231830">
				<ele>457.000000</ele>
			</trkpt>
			<trkpt lat="49.434400" lon="18.231722">
				<ele>457.000000</ele>
			</trkpt>
			<trkpt lat="49.434336" lon="18.231588">
				<ele>457.000000</ele>
			</trkpt>
			<trkpt lat="49.434166" lon="18.231228">
				<ele>458.000000</ele>
			</trkpt>
			<trkpt lat="49.434073" lon="18.231030">
				<ele>459.000000</ele>
			</trkpt>
			<trkpt lat="49.433909" lon="18.230716">
				<ele>459.000000</ele>
			</trkpt>
			<trkpt lat="49.433746" lon="18.230437">
				<ele>460.000000</ele>
			</trkpt>
			<trkpt lat="49.433600" lon="18.230222">
				<ele>461.000000</ele>
			</trkpt>
			<trkpt lat="49.433167" lon="18.229620">
				<ele>463.000000</ele>
			</trkpt>
			<trkpt lat="49.432594" lon="18.228775">
				<ele>468.000000</ele>
			</trkpt>
			<trkpt lat="49.432402" lon="18.228533">
				<ele>469.000000</ele>
			</trkpt>
			<trkpt lat="49.432232" lon="18.228299">
				<ele>470.000000</ele>
			</trkpt>
			<trkpt lat="49.431765" lon="18.227787">
				<ele>472.000000</ele>
			</trkpt>
			<trkpt lat="49.431648" lon="18.227643">
				<ele>472.000000</ele>
			</trkpt>
			<trkpt lat="49.431543" lon="18.227482">
				<ele>473.000000</ele>
			</trkpt>
			<trkpt lat="49.431455" lon="18.227320">
				<ele>473.000000</ele>
			</trkpt>
			<trkpt lat="49.431263" lon="18.226951">
				<ele>474.000000</ele>
			</trkpt>
			<trkpt lat="49.430959" lon="18.226412">
				<ele>475.000000</ele>
			</trkpt>
			<trkpt lat="49.430591" lon="18.225722">
				<ele>475.000000</ele>
			</trkpt>
			<trkpt lat="49.430480" lon="18.225506">
				<ele>476.000000</ele>
			</trkpt>
			<trkpt lat="49.430398" lon="18.225335">
				<ele>477.000000</ele>
			</trkpt>
			<trkpt lat="49.430339" lon="18.225156">
				<ele>477.000000</ele>
			</trkpt>
			<trkpt lat="49.430281" lon="18.224957">
				<ele>478.000000</ele>
			</trkpt>
			<trkpt lat="49.430240" lon="18.224724">
				<ele>479.000000</ele>
			</trkpt>
			<trkpt lat="49.430211" lon="18.224563">
				<ele>479.000000</ele>
			</trkpt>
			<trkpt lat="49.430135" lon="18.224005">
				<ele>482.000000</ele>
			</trkpt>
			<trkpt lat="49.430065" lon="18.223439">
				<ele>485.000000</ele>
			</trkpt>
			<trkpt lat="49.429896" lon="18.222093">
				<ele>490.000000</ele>
			</trkpt>
			<trkpt lat="49.429867" lon="18.221850">
				<ele>491.000000</ele>
			</trkpt>
			<trkpt lat="49.429387" lon="18.218301">
				<ele>498.000000</ele>
			</trkpt>
			<trkpt lat="49.429335" lon="18.217906">
				<ele>498.000000</ele>
			</trkpt>
			<trkpt lat="49.429317" lon="18.217835">
				<ele>498.000000</ele>
			</trkpt>
			<trkpt lat="49.429311" lon="18.217780">
				<ele>498.000000</ele>
			</trkpt>
			<trkpt lat="49.429592" lon="18.217079">
				<ele>496.000000</ele>
			</trkpt>
			<trkpt lat="49.429708" lon="18.216792">
				<ele>495.000000</ele>
			</trkpt>
			<trkpt lat="49.429919" lon="18.216288">
				<ele>492.000000</ele>
			</trkpt>
			<trkpt lat="49.430246" lon="18.215481">
				<ele>487.000000</ele>
			</trkpt>
			<trkpt lat="49.431047" lon="18.213558">
				<ele>478.000000</ele>
			</trkpt>
			<trkpt lat="49.431187" lon="18.213208">
				<ele>476.000000</ele>
			</trkpt>
			<trkpt lat="49.431286" lon="18.212885">
				<ele>474.000000</ele>
			</trkpt>
			<trkpt lat="49.431356" lon="18.212588">
				<ele>473.000000</ele>
			</trkpt>
			<trkpt lat="49.431526" lon="18.211833">
				<ele>469.000000</ele>
			</trkpt>
			<trkpt lat="49.431619" lon="18.211474">
				<ele>468.000000</ele>
			</trkpt>
			<trkpt lat="49.431713" lon="18.211133">
				<ele>466.000000</ele>
			</trkpt>
			<trkpt lat="49.431806" lon="18.210818">
				<ele>464.000000</ele>
			</trkpt>
			<trkpt lat="49.432004" lon="18.210225">
				<ele>461.000000</ele>
			</trkpt>
			<trkpt lat="49.432081" lon="18.210009">
				<ele>460.000000</ele>
			</trkpt>
			<trkpt lat="49.432379" lon="18.209139">
				<ele>457.000000</ele>
			</trkpt>
			<trkpt lat="49.432706" lon="18.208231">
				<ele>454.000000</ele>
			</trkpt>
			<trkpt lat="49.432980" lon="18.207558">
				<ele>453.000000</ele>
			</trkpt>
			<trkpt lat="49.433150" lon="18.207153">
				<ele>452.000000</ele>
			</trkpt>
			<trkpt lat="49.433541" lon="18.206192">
				<ele>450.000000</ele>
			</trkpt>
			<trkpt lat="49.434061" lon="18.204971">
				<ele>449.000000</ele>
			</trkpt>
			<trkpt lat="49.434184" lon="18.204655">
				<ele>448.000000</ele>
			</trkpt>
			<trkpt lat="49.434259" lon="18.204466">
				<ele>448.000000</ele>
			</trkpt>
			<trkpt lat="49.434867" lon="18.202976">
				<ele>446.000000</ele>
			</trkpt>
			<trkpt lat="49.435194" lon="18.202203">
				<ele>444.000000</ele>
			</trkpt>
			<trkpt lat="49.435293" lon="18.201969">
				<ele>443.000000</ele>
			</trkpt>
			<trkpt lat="49.435399" lon="18.201782">
				<ele>442.000000</ele>
			</trkpt>
			<trkpt lat="49.435755" lon="18.201233">
				<ele>439.000000</ele>
			</trkpt>
			<trkpt lat="49.436234" lon="18.200506">
				<ele>436.000000</ele>
			</trkpt>
			<trkpt lat="49.436404" lon="18.200254">
				<ele>435.000000</ele>
			</trkpt>
			<trkpt lat="49.436602" lon="18.199948">
				<ele>435.000000</ele>
			</trkpt>
			<trkpt lat="49.436930" lon="18.199374">
				<ele>435.000000</ele>
			</trkpt>
			<trkpt lat="49.437724" lon="18.198034">
				<ele>435.000000</ele>
			</trkpt>
			<trkpt lat="49.438109" lon="18.197371">
				<ele>435.000000</ele>
			</trkpt>
			<trkpt lat="49.438612" lon="18.196544">
				<ele>435.000000</ele>
			</trkpt>
			<trkpt lat="49.439295" lon="18.195529">
				<ele>434.000000</ele>
			</trkpt>
			<trkpt lat="49.439523" lon="18.195170">
				<ele>433.000000</ele>
			</trkpt>
			<trkpt lat="49.439710" lon="18.194837">
				<ele>433.000000</ele>
			</trkpt>
			<trkpt lat="49.439903" lon="18.194487">
				<ele>432.000000</ele>
			</trkpt>
			<trkpt lat="49.440090" lon="18.194101">
				<ele>432.000000</ele>
			</trkpt>
			<trkpt lat="49.440341" lon="18.193535">
				<ele>431.000000</ele>
			</trkpt>
			<trkpt lat="49.440358" lon="18.193516">
				<ele>431.000000</ele>
			</trkpt>
			<trkpt lat="49.440446" lon="18.193300">
				<ele>431.000000</ele>
			</trkpt>
			<trkpt lat="49.440697" lon="18.192744">
				<ele>430.000000</ele>
			</trkpt>
			<trkpt lat="49.441013" lon="18.192008">
				<ele>428.000000</ele>
			</trkpt>
			<trkpt lat="49.441322" lon="18.191316">
				<ele>426.000000</ele>
			</trkpt>
			<trkpt lat="49.441444" lon="18.191055">
				<ele>425.000000</ele>
			</trkpt>
			<trkpt lat="49.442210" lon="18.189358">
				<ele>420.000000</ele>
			</trkpt>
			<trkpt lat="49.442303" lon="18.189124">
				<ele>420.000000</ele>
			</trkpt>
			<trkpt lat="49.442303" lon="18.189124">
				<ele>420.000000</ele>
			</trkpt>
			<trkpt lat="49.442373" lon="18.188935">
				<ele>420.000000</ele>
			</trkpt>
			<trkpt lat="49.442444" lon="18.188711">
				<ele>419.000000</ele>
			</trkpt>
			<trkpt lat="49.442654" lon="18.187839">
				<ele>418.000000</ele>
			</trkpt>
			<trkpt lat="49.442771" lon="18.187381">
				<ele>418.000000</ele>
			</trkpt>
			<trkpt lat="49.442870" lon="18.186887">
				<ele>417.000000</ele>
			</trkpt>
			<trkpt lat="49.442975" lon="18.186455">
				<ele>417.000000</ele>
			</trkpt>
			<trkpt lat="49.443022" lon="18.186321">
				<ele>417.000000</ele>
			</trkpt>
			<trkpt lat="49.443092" lon="18.186132">
				<ele>416.000000</ele>
			</trkpt>
			<trkpt lat="49.443215" lon="18.185863">
				<ele>416.000000</ele>
			</trkpt>
			<trkpt lat="49.443407" lon="18.185503">
				<ele>416.000000</ele>
			</trkpt>
			<trkpt lat="49.443822" lon="18.184784">
				<ele>414.000000</ele>
			</trkpt>
			<trkpt lat="49.443962" lon="18.184507">
				<ele>414.000000</ele>
			</trkpt>
			<trkpt lat="49.444114" lon="18.184218">
				<ele>413.000000</ele>
			</trkpt>
			<trkpt lat="49.444219" lon="18.183977">
				<ele>413.000000</ele>
			</trkpt>
			<trkpt lat="49.444318" lon="18.183742">
				<ele>412.000000</ele>
			</trkpt>
			<trkpt lat="49.444406" lon="18.183465">
				<ele>412.000000</ele>
			</trkpt>
			<trkpt lat="49.444418" lon="18.183438">
				<ele>412.000000</ele>
			</trkpt>
			<trkpt lat="49.444523" lon="18.183052">
				<ele>411.000000</ele>
			</trkpt>
			<trkpt lat="49.444646" lon="18.182639">
				<ele>410.000000</ele>
			</trkpt>
			<trkpt lat="49.444715" lon="18.182306">
				<ele>410.000000</ele>
			</trkpt>
			<trkpt lat="49.444780" lon="18.181964">
				<ele>409.000000</ele>
			</trkpt>
			<trkpt lat="49.444815" lon="18.181605">
				<ele>409.000000</ele>
			</trkpt>
			<trkpt lat="49.444850" lon="18.181111">
				<ele>408.000000</ele>
			</trkpt>
			<trkpt lat="49.444896" lon="18.180285">
				<ele>407.000000</ele>
			</trkpt>
			<trkpt lat="49.444955" lon="18.178883">
				<ele>406.000000</ele>
			</trkpt>
			<trkpt lat="49.444973" lon="18.178649">
				<ele>405.000000</ele>
			</trkpt>
			<trkpt lat="49.445014" lon="18.178442">
				<ele>405.000000</ele>
			</trkpt>
			<trkpt lat="49.445107" lon="18.178218">
				<ele>404.000000</ele>
			</trkpt>
			<trkpt lat="49.445247" lon="18.177958">
				<ele>404.000000</ele>
			</trkpt>
			<trkpt lat="49.445428" lon="18.177643">
				<ele>403.000000</ele>
			</trkpt>
			<trkpt lat="49.445545" lon="18.177446">
				<ele>402.000000</ele>
			</trkpt>
			<trkpt lat="49.445656" lon="18.177284">
				<ele>401.000000</ele>
			</trkpt>
			<trkpt lat="49.445784" lon="18.177104">
				<ele>401.000000</ele>
			</trkpt>
			<trkpt lat="49.445989" lon="18.176862">
				<ele>400.000000</ele>
			</trkpt>
			<trkpt lat="49.446077" lon="18.176790">
				<ele>400.000000</ele>
			</trkpt>
			<trkpt lat="49.446176" lon="18.176647">
				<ele>400.000000</ele>
			</trkpt>
			<trkpt lat="49.446252" lon="18.176520">
				<ele>400.000000</ele>
			</trkpt>
			<trkpt lat="49.446322" lon="18.176386">
				<ele>399.000000</ele>
			</trkpt>
			<trkpt lat="49.446386" lon="18.176242">
				<ele>399.000000</ele>
			</trkpt>
			<trkpt lat="49.446468" lon="18.175981">
				<ele>399.000000</ele>
			</trkpt>
			<trkpt lat="49.446532" lon="18.175811">
				<ele>399.000000</ele>
			</trkpt>
			<trkpt lat="49.446608" lon="18.175668">
				<ele>399.000000</ele>
			</trkpt>
			<trkpt lat="49.446719" lon="18.175505">
				<ele>399.000000</ele>
			</trkpt>
			<trkpt lat="49.446877" lon="18.175326">
				<ele>399.000000</ele>
			</trkpt>
			<trkpt lat="49.447081" lon="18.175075">
				<ele>398.000000</ele>
			</trkpt>
			<trkpt lat="49.447227" lon="18.174876">
				<ele>398.000000</ele>
			</trkpt>
			<trkpt lat="49.447327" lon="18.174679">
				<ele>398.000000</ele>
			</trkpt>
			<trkpt lat="49.447414" lon="18.174463">
				<ele>398.000000</ele>
			</trkpt>
			<trkpt lat="49.447508" lon="18.174149">
				<ele>397.000000</ele>
			</trkpt>
			<trkpt lat="49.447548" lon="18.173907">
				<ele>397.000000</ele>
			</trkpt>
			<trkpt lat="49.447636" lon="18.173394">
				<ele>397.000000</ele>
			</trkpt>
			<trkpt lat="49.447753" lon="18.172891">
				<ele>397.000000</ele>
			</trkpt>
			<trkpt lat="49.447905" lon="18.172280">
				<ele>396.000000</ele>
			</trkpt>
			<trkpt lat="49.447939" lon="18.172110">
				<ele>396.000000</ele>
			</trkpt>
			<trkpt lat="49.447963" lon="18.171903">
				<ele>396.000000</ele>
			</trkpt>
			<trkpt lat="49.448010" lon="18.171570">
				<ele>396.000000</ele>
			</trkpt>
			<trkpt lat="49.448039" lon="18.171337">
				<ele>395.000000</ele>
			</trkpt>
			<trkpt lat="49.448092" lon="18.171140">
				<ele>395.000000</ele>
			</trkpt>
			<trkpt lat="49.448167" lon="18.170933">
				<ele>395.000000</ele>
			</trkpt>
			<trkpt lat="49.448314" lon="18.170582">
				<ele>395.000000</ele>
			</trkpt>
			<trkpt lat="49.448372" lon="18.170492">
				<ele>395.000000</ele>
			</trkpt>
			<trkpt lat="49.448436" lon="18.170412">
				<ele>395.000000</ele>
			</trkpt>
			<trkpt lat="49.448506" lon="18.170367">
				<ele>395.000000</ele>
			</trkpt>
			<trkpt lat="49.448599" lon="18.170331">
				<ele>395.000000</ele>
			</trkpt>
			<trkpt lat="49.448693" lon="18.170278">
				<ele>395.000000</ele>
			</trkpt>
			<trkpt lat="49.448763" lon="18.170223">
				<ele>395.000000</ele>
			</trkpt>
			<trkpt lat="49.448821" lon="18.170188">
				<ele>395.000000</ele>
			</trkpt>
			<trkpt lat="49.448874" lon="18.170152">
				<ele>395.000000</ele>
			</trkpt>
			<trkpt lat="49.448932" lon="18.170089">
				<ele>395.000000</ele>
			</trkpt>
			<trkpt lat="49.448985" lon="18.170008">
				<ele>395.000000</ele>
			</trkpt>
			<trkpt lat="49.449026" lon="18.169899">
				<ele>395.000000</ele>
			</trkpt>
			<trkpt lat="49.449055" lon="18.169775">
				<ele>395.000000</ele>
			</trkpt>
			<trkpt lat="49.449067" lon="18.169693">
				<ele>395.000000</ele>
			</trkpt>
			<trkpt lat="49.449079" lon="18.169586">
				<ele>395.000000</ele>
			</trkpt>
			<trkpt lat="49.449073" lon="18.169486">
				<ele>395.000000</ele>
			</trkpt>
			<trkpt lat="49.449055" lon="18.169379">
				<ele>395.000000</ele>
			</trkpt>
			<trkpt lat="49.448991" lon="18.169154">
				<ele>395.000000</ele>
			</trkpt>
			<trkpt lat="49.448932" lon="18.168957">
				<ele>394.000000</ele>
			</trkpt>
			<trkpt lat="49.448926" lon="18.168857">
				<ele>394.000000</ele>
			</trkpt>
			<trkpt lat="49.448920" lon="18.168777">
				<ele>394.000000</ele>
			</trkpt>
			<trkpt lat="49.448920" lon="18.168705">
				<ele>394.000000</ele>
			</trkpt>
			<trkpt lat="49.448932" lon="18.168624">
				<ele>394.000000</ele>
			</trkpt>
			<trkpt lat="49.448956" lon="18.168553">
				<ele>394.000000</ele>
			</trkpt>
			<trkpt lat="49.448985" lon="18.168490">
				<ele>394.000000</ele>
			</trkpt>
			<trkpt lat="49.449067" lon="18.168346">
				<ele>394.000000</ele>
			</trkpt>
			<trkpt lat="49.449201" lon="18.168175">
				<ele>394.000000</ele>
			</trkpt>
			<trkpt lat="49.449236" lon="18.168094">
				<ele>394.000000</ele>
			</trkpt>
			<trkpt lat="49.449277" lon="18.167995">
				<ele>394.000000</ele>
			</trkpt>
			<trkpt lat="49.449487" lon="18.167421">
				<ele>393.000000</ele>
			</trkpt>
			<trkpt lat="49.449569" lon="18.167178">
				<ele>393.000000</ele>
			</trkpt>
			<trkpt lat="49.449616" lon="18.166972">
				<ele>393.000000</ele>
			</trkpt>
			<trkpt lat="49.449663" lon="18.166738">
				<ele>393.000000</ele>
			</trkpt>
			<trkpt lat="49.449686" lon="18.166469">
				<ele>393.000000</ele>
			</trkpt>
			<trkpt lat="49.449709" lon="18.166244">
				<ele>393.000000</ele>
			</trkpt>
			<trkpt lat="49.449762" lon="18.165983">
				<ele>393.000000</ele>
			</trkpt>
			<trkpt lat="49.449791" lon="18.165840">
				<ele>392.000000</ele>
			</trkpt>
			<trkpt lat="49.449861" lon="18.165624">
				<ele>392.000000</ele>
			</trkpt>
			<trkpt lat="49.449920" lon="18.165471">
				<ele>392.000000</ele>
			</trkpt>
			<trkpt lat="49.449989" lon="18.165328">
				<ele>392.000000</ele>
			</trkpt>
			<trkpt lat="49.450101" lon="18.165112">
				<ele>392.000000</ele>
			</trkpt>
			<trkpt lat="49.450310" lon="18.164708">
				<ele>392.000000</ele>
			</trkpt>
			<trkpt lat="49.450474" lon="18.164330">
				<ele>391.000000</ele>
			</trkpt>
			<trkpt lat="49.450591" lon="18.164007">
				<ele>391.000000</ele>
			</trkpt>
			<trkpt lat="49.450690" lon="18.163701">
				<ele>391.000000</ele>
			</trkpt>
			<trkpt lat="49.450766" lon="18.163404">
				<ele>391.000000</ele>
			</trkpt>
			<trkpt lat="49.450830" lon="18.163127">
				<ele>391.000000</ele>
			</trkpt>
			<trkpt lat="49.450877" lon="18.162785">
				<ele>391.000000</ele>
			</trkpt>
			<trkpt lat="49.450907" lon="18.162417">
				<ele>390.000000</ele>
			</trkpt>
			<trkpt lat="49.450930" lon="18.162138">
				<ele>390.000000</ele>
			</trkpt>
			<trkpt lat="49.450982" lon="18.161869">
				<ele>390.000000</ele>
			</trkpt>
			<trkpt lat="49.451023" lon="18.161707">
				<ele>390.000000</ele>
			</trkpt>
			<trkpt lat="49.451099" lon="18.161465">
				<ele>390.000000</ele>
			</trkpt>
			<trkpt lat="49.451129" lon="18.161357">
				<ele>390.000000</ele>
			</trkpt>
			<trkpt lat="49.451151" lon="18.161259">
				<ele>389.000000</ele>
			</trkpt>
			<trkpt lat="49.451175" lon="18.161150">
				<ele>389.000000</ele>
			</trkpt>
			<trkpt lat="49.451175" lon="18.161051">
				<ele>389.000000</ele>
			</trkpt>
			<trkpt lat="49.451169" lon="18.160890">
				<ele>389.000000</ele>
			</trkpt>
			<trkpt lat="49.451163" lon="18.160720">
				<ele>389.000000</ele>
			</trkpt>
			<trkpt lat="49.451163" lon="18.160584">
				<ele>389.000000</ele>
			</trkpt>
			<trkpt lat="49.451163" lon="18.160431">
				<ele>389.000000</ele>
			</trkpt>
			<trkpt lat="49.451187" lon="18.160278">
				<ele>388.000000</ele>
			</trkpt>
			<trkpt lat="49.451210" lon="18.160144">
				<ele>388.000000</ele>
			</trkpt>
			<trkpt lat="49.451251" lon="18.160028">
				<ele>388.000000</ele>
			</trkpt>
			<trkpt lat="49.451298" lon="18.159892">
				<ele>388.000000</ele>
			</trkpt>
			<trkpt lat="49.451491" lon="18.159435">
				<ele>388.000000</ele>
			</trkpt>
			<trkpt lat="49.451549" lon="18.159282">
				<ele>387.000000</ele>
			</trkpt>
			<trkpt lat="49.451642" lon="18.159066">
				<ele>387.000000</ele>
			</trkpt>
			<trkpt lat="49.451806" lon="18.158662">
				<ele>387.000000</ele>
			</trkpt>
			<trkpt lat="49.451934" lon="18.158374">
				<ele>386.000000</ele>
			</trkpt>
			<trkpt lat="49.451981" lon="18.158294">
				<ele>386.000000</ele>
			</trkpt>
			<trkpt lat="49.452104" lon="18.158078">
				<ele>386.000000</ele>
			</trkpt>
			<trkpt lat="49.452302" lon="18.157773">
				<ele>385.000000</ele>
			</trkpt>
			<trkpt lat="49.452425" lon="18.157530">
				<ele>385.000000</ele>
			</trkpt>
			<trkpt lat="49.452518" lon="18.157305">
				<ele>385.000000</ele>
			</trkpt>
			<trkpt lat="49.452606" lon="18.157072">
				<ele>385.000000</ele>
			</trkpt>
			<trkpt lat="49.452664" lon="18.156848">
				<ele>384.000000</ele>
			</trkpt>
			<trkpt lat="49.452740" lon="18.156559">
				<ele>384.000000</ele>
			</trkpt>
			<trkpt lat="49.452822" lon="18.156173">
				<ele>384.000000</ele>
			</trkpt>
			<trkpt lat="49.452910" lon="18.155869">
				<ele>384.000000</ele>
			</trkpt>
			<trkpt lat="49.452997" lon="18.155680">
				<ele>383.000000</ele>
			</trkpt>
			<trkpt lat="49.453079" lon="18.155509">
				<ele>383.000000</ele>
			</trkpt>
			<trkpt lat="49.453178" lon="18.155347">
				<ele>383.000000</ele>
			</trkpt>
			<trkpt lat="49.453272" lon="18.155204">
				<ele>383.000000</ele>
			</trkpt>
			<trkpt lat="49.453412" lon="18.154988">
				<ele>382.000000</ele>
			</trkpt>
			<trkpt lat="49.453522" lon="18.154791">
				<ele>382.000000</ele>
			</trkpt>
			<trkpt lat="49.453610" lon="18.154575">
				<ele>382.000000</ele>
			</trkpt>
			<trkpt lat="49.453698" lon="18.154314">
				<ele>382.000000</ele>
			</trkpt>
			<trkpt lat="49.453738" lon="18.154152">
				<ele>382.000000</ele>
			</trkpt>
			<trkpt lat="49.453779" lon="18.153963">
				<ele>381.000000</ele>
			</trkpt>
			<trkpt lat="49.453809" lon="18.153812">
				<ele>381.000000</ele>
			</trkpt>
			<trkpt lat="49.453850" lon="18.153632">
				<ele>381.000000</ele>
			</trkpt>
			<trkpt lat="49.453914" lon="18.153443">
				<ele>381.000000</ele>
			</trkpt>
			<trkpt lat="49.454007" lon="18.153263">
				<ele>381.000000</ele>
			</trkpt>
			<trkpt lat="49.454083" lon="18.153110">
				<ele>381.000000</ele>
			</trkpt>
			<trkpt lat="49.454177" lon="18.152984">
				<ele>380.000000</ele>
			</trkpt>
			<trkpt lat="49.454334" lon="18.152770">
				<ele>380.000000</ele>
			</trkpt>
			<trkpt lat="49.454445" lon="18.152571">
				<ele>380.000000</ele>
			</trkpt>
			<trkpt lat="49.454533" lon="18.152364">
				<ele>380.000000</ele>
			</trkpt>
			<trkpt lat="49.454656" lon="18.151934">
				<ele>380.000000</ele>
			</trkpt>
			<trkpt lat="49.454702" lon="18.151789">
				<ele>380.000000</ele>
			</trkpt>
			<trkpt lat="49.454760" lon="18.151664">
				<ele>380.000000</ele>
			</trkpt>
			<trkpt lat="49.454866" lon="18.151449">
				<ele>380.000000</ele>
			</trkpt>
			<trkpt lat="49.454895" lon="18.151286">
				<ele>380.000000</ele>
			</trkpt>
			<trkpt lat="49.454919" lon="18.151135">
				<ele>380.000000</ele>
			</trkpt>
			<trkpt lat="49.454936" lon="18.150820">
				<ele>380.000000</ele>
			</trkpt>
			<trkpt lat="49.454953" lon="18.150604">
				<ele>380.000000</ele>
			</trkpt>
			<trkpt lat="49.454965" lon="18.150397">
				<ele>380.000000</ele>
			</trkpt>
			<trkpt lat="49.454982" lon="18.150217">
				<ele>380.000000</ele>
			</trkpt>
			<trkpt lat="49.455012" lon="18.150038">
				<ele>380.000000</ele>
			</trkpt>
			<trkpt lat="49.455053" lon="18.149877">
				<ele>380.000000</ele>
			</trkpt>
			<trkpt lat="49.455152" lon="18.149580">
				<ele>380.000000</ele>
			</trkpt>
			<trkpt lat="49.455298" lon="18.149185">
				<ele>380.000000</ele>
			</trkpt>
			<trkpt lat="49.455356" lon="18.149014">
				<ele>380.000000</ele>
			</trkpt>
			<trkpt lat="49.455403" lon="18.148852">
				<ele>380.000000</ele>
			</trkpt>
			<trkpt lat="49.455566" lon="18.148269">
				<ele>380.000000</ele>
			</trkpt>
			<trkpt lat="49.455701" lon="18.147810">
				<ele>379.000000</ele>
			</trkpt>
			<trkpt lat="49.455771" lon="18.147604">
				<ele>379.000000</ele>
			</trkpt>
			<trkpt lat="49.455870" lon="18.147334">
				<ele>379.000000</ele>
			</trkpt>
			<trkpt lat="49.455928" lon="18.147154">
				<ele>379.000000</ele>
			</trkpt>
			<trkpt lat="49.455975" lon="18.146957">
				<ele>379.000000</ele>
			</trkpt>
			<trkpt lat="49.456028" lon="18.146751">
				<ele>379.000000</ele>
			</trkpt>
			<trkpt lat="49.456127" lon="18.146319">
				<ele>379.000000</ele>
			</trkpt>
			<trkpt lat="49.456256" lon="18.145619">
				<ele>378.000000</ele>
			</trkpt>
			<trkpt lat="49.456402" lon="18.144990">
				<ele>378.000000</ele>
			</trkpt>
			<trkpt lat="49.456501" lon="18.144640">
				<ele>378.000000</ele>
			</trkpt>
			<trkpt lat="49.456588" lon="18.144414">
				<ele>377.000000</ele>
			</trkpt>
			<trkpt lat="49.456722" lon="18.144118">
				<ele>377.000000</ele>
			</trkpt>
			<trkpt lat="49.456799" lon="18.143912">
				<ele>377.000000</ele>
			</trkpt>
			<trkpt lat="49.456868" lon="18.143688">
				<ele>377.000000</ele>
			</trkpt>
			<trkpt lat="49.456921" lon="18.143435">
				<ele>377.000000</ele>
			</trkpt>
			<trkpt lat="49.456944" lon="18.143095">
				<ele>377.000000</ele>
			</trkpt>
			<trkpt lat="49.456944" lon="18.142762">
				<ele>377.000000</ele>
			</trkpt>
			<trkpt lat="49.456909" lon="18.142393">
				<ele>376.000000</ele>
			</trkpt>
			<trkpt lat="49.456845" lon="18.141927">
				<ele>376.000000</ele>
			</trkpt>
			<trkpt lat="49.456799" lon="18.141558">
				<ele>376.000000</ele>
			</trkpt>
			<trkpt lat="49.456769" lon="18.141261">
				<ele>376.000000</ele>
			</trkpt>
			<trkpt lat="49.456769" lon="18.141028">
				<ele>376.000000</ele>
			</trkpt>
			<trkpt lat="49.456775" lon="18.140795">
				<ele>376.000000</ele>
			</trkpt>
			<trkpt lat="49.456810" lon="18.140579">
				<ele>375.000000</ele>
			</trkpt>
			<trkpt lat="49.456851" lon="18.140399">
				<ele>375.000000</ele>
			</trkpt>
			<trkpt lat="49.456909" lon="18.140193">
				<ele>375.000000</ele>
			</trkpt>
			<trkpt lat="49.456968" lon="18.140049">
				<ele>375.000000</ele>
			</trkpt>
			<trkpt lat="49.457043" lon="18.139869">
				<ele>375.000000</ele>
			</trkpt>
			<trkpt lat="49.457125" lon="18.139753">
				<ele>375.000000</ele>
			</trkpt>
			<trkpt lat="49.457219" lon="18.139636">
				<ele>375.000000</ele>
			</trkpt>
			<trkpt lat="49.457312" lon="18.139546">
				<ele>375.000000</ele>
			</trkpt>
			<trkpt lat="49.457423" lon="18.139474">
				<ele>375.000000</ele>
			</trkpt>
			<trkpt lat="49.457534" lon="18.139393">
				<ele>375.000000</ele>
			</trkpt>
			<trkpt lat="49.457681" lon="18.139330">
				<ele>375.000000</ele>
			</trkpt>
			<trkpt lat="49.457832" lon="18.139277">
				<ele>375.000000</ele>
			</trkpt>
			<trkpt lat="49.458305" lon="18.139141">
				<ele>375.000000</ele>
			</trkpt>
			<trkpt lat="49.458539" lon="18.139061">
				<ele>375.000000</ele>
			</trkpt>
			<trkpt lat="49.458662" lon="18.138998">
				<ele>375.000000</ele>
			</trkpt>
			<trkpt lat="49.458778" lon="18.138908">
				<ele>375.000000</ele>
			</trkpt>
			<trkpt lat="49.458883" lon="18.138791">
				<ele>375.000000</ele>
			</trkpt>
			<trkpt lat="49.458994" lon="18.138657">
				<ele>375.000000</ele>
			</trkpt>
			<trkpt lat="49.459117" lon="18.138485">
				<ele>375.000000</ele>
			</trkpt>
			<trkpt lat="49.459257" lon="18.138279">
				<ele>375.000000</ele>
			</trkpt>
			<trkpt lat="49.459292" lon="18.138225">
				<ele>375.000000</ele>
			</trkpt>
			<trkpt lat="49.459508" lon="18.137848">
				<ele>375.000000</ele>
			</trkpt>
			<trkpt lat="49.459584" lon="18.137732">
				<ele>375.000000</ele>
			</trkpt>
			<trkpt lat="49.459642" lon="18.137669">
				<ele>375.000000</ele>
			</trkpt>
			<trkpt lat="49.459747" lon="18.137587">
				<ele>374.000000</ele>
			</trkpt>
			<trkpt lat="49.459788" lon="18.137560">
				<ele>374.000000</ele>
			</trkpt>
			<trkpt lat="49.459887" lon="18.137516">
				<ele>374.000000</ele>
			</trkpt>
			<trkpt lat="49.460033" lon="18.137470">
				<ele>374.000000</ele>
			</trkpt>
			<trkpt lat="49.460121" lon="18.137443">
				<ele>374.000000</ele>
			</trkpt>
			<trkpt lat="49.460483" lon="18.137443">
				<ele>374.000000</ele>
			</trkpt>
			<trkpt lat="49.460599" lon="18.137453">
				<ele>374.000000</ele>
			</trkpt>
			<trkpt lat="49.460752" lon="18.137497">
				<ele>374.000000</ele>
			</trkpt>
			<trkpt lat="49.460839" lon="18.137552">
				<ele>374.000000</ele>
			</trkpt>
			<trkpt lat="49.460991" lon="18.137615">
				<ele>374.000000</ele>
			</trkpt>
			<trkpt lat="49.461377" lon="18.137776">
				<ele>375.000000</ele>
			</trkpt>
			<trkpt lat="49.461914" lon="18.138001">
				<ele>376.000000</ele>
			</trkpt>
			<trkpt lat="49.462158" lon="18.138118">
				<ele>376.000000</ele>
			</trkpt>
			<trkpt lat="49.462299" lon="18.138181">
				<ele>376.000000</ele>
			</trkpt>
			<trkpt lat="49.462287" lon="18.137893">
				<ele>376.000000</ele>
			</trkpt>
			<trkpt lat="49.462293" lon="18.137749">
				<ele>376.000000</ele>
			</trkpt>
			<trkpt lat="49.462258" lon="18.136663">
				<ele>375.000000</ele>
			</trkpt>
			<trkpt lat="49.462246" lon="18.136177">
				<ele>375.000000</ele>
			</trkpt>
			<trkpt lat="49.462229" lon="18.135872">
				<ele>375.000000</ele>
			</trkpt>
			<trkpt lat="49.462217" lon="18.135566">
				<ele>373.000000</ele>
			</trkpt>
			<trkpt lat="49.462211" lon="18.135342">
				<ele>373.000000</ele>
			</trkpt>
			<trkpt lat="49.462188" lon="18.134543">
				<ele>373.000000</ele>
			</trkpt>
			<trkpt lat="49.462182" lon="18.134434">
				<ele>373.000000</ele>
			</trkpt>
			<trkpt lat="49.462182" lon="18.134434">
				<ele>373.000000</ele>
			</trkpt>
			<trkpt lat="49.462164" lon="18.134057">
				<ele>373.000000</ele>
			</trkpt>
			<trkpt lat="49.462164" lon="18.133923">
				<ele>373.000000</ele>
			</trkpt>
			<trkpt lat="49.462130" lon="18.133032">
				<ele>373.000000</ele>
			</trkpt>
			<trkpt lat="49.462130" lon="18.132872">
				<ele>373.000000</ele>
			</trkpt>
			<trkpt lat="49.462124" lon="18.132755">
				<ele>373.000000</ele>
			</trkpt>
			<trkpt lat="49.462112" lon="18.132206">
				<ele>373.000000</ele>
			</trkpt>
			<trkpt lat="49.462100" lon="18.131956">
				<ele>373.000000</ele>
			</trkpt>
			<trkpt lat="49.462089" lon="18.131677">
				<ele>373.000000</ele>
			</trkpt>
			<trkpt lat="49.462071" lon="18.131371">
				<ele>373.000000</ele>
			</trkpt>
			<trkpt lat="49.462059" lon="18.130797">
				<ele>373.000000</ele>
			</trkpt>
			<trkpt lat="49.462048" lon="18.130239">
				<ele>374.000000</ele>
			</trkpt>
			<trkpt lat="49.462042" lon="18.129817">
				<ele>374.000000</ele>
			</trkpt>
			<trkpt lat="49.462030" lon="18.129153">
				<ele>373.000000</ele>
			</trkpt>
			<trkpt lat="49.462030" lon="18.128541">
				<ele>372.000000</ele>
			</trkpt>
			<trkpt lat="49.462030" lon="18.128254">
				<ele>372.000000</ele>
			</trkpt>
			<trkpt lat="49.462024" lon="18.127724">
				<ele>371.000000</ele>
			</trkpt>
			<trkpt lat="49.462013" lon="18.124769">
				<ele>368.000000</ele>
			</trkpt>
			<trkpt lat="49.462007" lon="18.123377">
				<ele>368.000000</ele>
			</trkpt>
			<trkpt lat="49.461995" lon="18.122369">
				<ele>367.000000</ele>
			</trkpt>
			<trkpt lat="49.461242" lon="18.122388">
				<ele>366.000000</ele>
			</trkpt>
			<trkpt lat="49.460810" lon="18.122388">
				<ele>366.000000</ele>
			</trkpt>
			<trkpt lat="49.460495" lon="18.122388">
				<ele>366.000000</ele>
			</trkpt>
			<trkpt lat="49.460424" lon="18.122369">
				<ele>366.000000</ele>
			</trkpt>
			<trkpt lat="49.460360" lon="18.122352">
				<ele>366.000000</ele>
			</trkpt>
			<trkpt lat="49.460308" lon="18.122308">
				<ele>366.000000</ele>
			</trkpt>
			<trkpt lat="49.460249" lon="18.122235">
				<ele>366.000000</ele>
			</trkpt>
			<trkpt lat="49.460267" lon="18.122191">
				<ele>366.000000</ele>
			</trkpt>
			<trkpt lat="49.460279" lon="18.122119">
				<ele>366.000000</ele>
			</trkpt>
			<trkpt lat="49.460273" lon="18.121975">
				<ele>366.000000</ele>
			</trkpt>
			<trkpt lat="49.460243" lon="18.121777">
				<ele>366.000000</ele>
			</trkpt>
			<trkpt lat="49.460179" lon="18.121507">
				<ele>366.000000</ele>
			</trkpt>
			<trkpt lat="49.460121" lon="18.121283">
				<ele>366.000000</ele>
			</trkpt>
			<trkpt lat="49.460092" lon="18.121059">
				<ele>366.000000</ele>
			</trkpt>
			<trkpt lat="49.460080" lon="18.120851">
				<ele>366.000000</ele>
			</trkpt>
			<trkpt lat="49.460080" lon="18.120520">
				<ele>366.000000</ele>
			</trkpt>
			<trkpt lat="49.460127" lon="18.117438">
				<ele>365.000000</ele>
			</trkpt>
			<trkpt lat="49.460139" lon="18.116513">
				<ele>365.000000</ele>
			</trkpt>
			<trkpt lat="49.460156" lon="18.116333">
				<ele>365.000000</ele>
			</trkpt>
			<trkpt lat="49.460185" lon="18.116153">
				<ele>365.000000</ele>
			</trkpt>
			<trkpt lat="49.460238" lon="18.116000">
				<ele>365.000000</ele>
			</trkpt>
			<trkpt lat="49.460290" lon="18.115903">
				<ele>365.000000</ele>
			</trkpt>
			<trkpt lat="49.460337" lon="18.115857">
				<ele>365.000000</ele>
			</trkpt>
			<trkpt lat="49.460396" lon="18.115821">
				<ele>365.000000</ele>
			</trkpt>
			<trkpt lat="49.460448" lon="18.115794">
				<ele>365.000000</ele>
			</trkpt>
			<trkpt lat="49.460500" lon="18.115786">
				<ele>365.000000</ele>
			</trkpt>
			<trkpt lat="49.460950" lon="18.115759">
				<ele>365.000000</ele>
			</trkpt>
			<trkpt lat="49.461394" lon="18.115750">
				<ele>365.000000</ele>
			</trkpt>
			<trkpt lat="49.461405" lon="18.115750">
				<ele>365.000000</ele>
			</trkpt>
			<trkpt lat="49.461493" lon="18.115740">
				<ele>365.000000</ele>
			</trkpt>
			<trkpt lat="49.461557" lon="18.115704">
				<ele>365.000000</ele>
			</trkpt>
			<trkpt lat="49.461610" lon="18.115650">
				<ele>365.000000</ele>
			</trkpt>
			<trkpt lat="49.461639" lon="18.115561">
				<ele>365.000000</ele>
			</trkpt>
			<trkpt lat="49.461761" lon="18.115138">
				<ele>365.000000</ele>
			</trkpt>
			<trkpt lat="49.461832" lon="18.114932">
				<ele>365.000000</ele>
			</trkpt>
			<trkpt lat="49.461896" lon="18.114788">
				<ele>365.000000</ele>
			</trkpt>
			<trkpt lat="49.461966" lon="18.114635">
				<ele>365.000000</ele>
			</trkpt>
			<trkpt lat="49.462042" lon="18.114492">
				<ele>365.000000</ele>
			</trkpt>
			<trkpt lat="49.462135" lon="18.114358">
				<ele>365.000000</ele>
			</trkpt>
			<trkpt lat="49.462252" lon="18.114186">
				<ele>365.000000</ele>
			</trkpt>
			<trkpt lat="49.462311" lon="18.114105">
				<ele>365.000000</ele>
			</trkpt>
			<trkpt lat="49.462713" lon="18.113593">
				<ele>365.000000</ele>
			</trkpt>
			<trkpt lat="49.462906" lon="18.113316">
				<ele>365.000000</ele>
			</trkpt>
			<trkpt lat="49.462999" lon="18.113163">
				<ele>365.000000</ele>
			</trkpt>
			<trkpt lat="49.463075" lon="18.113027">
				<ele>365.000000</ele>
			</trkpt>
			<trkpt lat="49.463146" lon="18.112893">
				<ele>365.000000</ele>
			</trkpt>
			<trkpt lat="49.463204" lon="18.112731">
				<ele>365.000000</ele>
			</trkpt>
			<trkpt lat="49.463250" lon="18.112578">
				<ele>365.000000</ele>
			</trkpt>
			<trkpt lat="49.463291" lon="18.112417">
				<ele>365.000000</ele>
			</trkpt>
			<trkpt lat="49.463327" lon="18.112210">
				<ele>365.000000</ele>
			</trkpt>
			<trkpt lat="49.463355" lon="18.111949">
				<ele>365.000000</ele>
			</trkpt>
			<trkpt lat="49.463431" lon="18.111213">
				<ele>365.000000</ele>
			</trkpt>
			<trkpt lat="49.463484" lon="18.110566">
				<ele>365.000000</ele>
			</trkpt>
			<trkpt lat="49.463530" lon="18.109874">
				<ele>365.000000</ele>
			</trkpt>
			<trkpt lat="49.463589" lon="18.108779">
				<ele>365.000000</ele>
			</trkpt>
			<trkpt lat="49.463595" lon="18.108492">
				<ele>365.000000</ele>
			</trkpt>
			<trkpt lat="49.463595" lon="18.108230">
				<ele>365.000000</ele>
			</trkpt>
			<trkpt lat="49.463571" lon="18.107987">
				<ele>365.000000</ele>
			</trkpt>
			<trkpt lat="49.463542" lon="18.107781">
				<ele>365.000000</ele>
			</trkpt>
			<trkpt lat="49.463484" lon="18.107629">
				<ele>365.000000</ele>
			</trkpt>
			<trkpt lat="49.463431" lon="18.107494">
				<ele>365.000000</ele>
			</trkpt>
			<trkpt lat="49.463286" lon="18.107224">
				<ele>365.000000</ele>
			</trkpt>
			<trkpt lat="49.462789" lon="18.106379">
				<ele>365.000000</ele>
			</trkpt>
			<trkpt lat="49.462749" lon="18.106299">
				<ele>365.000000</ele>
			</trkpt>
			<trkpt lat="49.462702" lon="18.106200">
				<ele>365.000000</ele>
			</trkpt>
			<trkpt lat="49.462655" lon="18.106012">
				<ele>365.000000</ele>
			</trkpt>
			<trkpt lat="49.462626" lon="18.105805">
				<ele>365.000000</ele>
			</trkpt>
			<trkpt lat="49.462608" lon="18.105455">
				<ele>365.000000</ele>
			</trkpt>
			<trkpt lat="49.462591" lon="18.105014">
				<ele>365.000000</ele>
			</trkpt>
			<trkpt lat="49.462579" lon="18.104440">
				<ele>365.000000</ele>
			</trkpt>
			<trkpt lat="49.462585" lon="18.103955">
				<ele>365.000000</ele>
			</trkpt>
			<trkpt lat="49.462596" lon="18.103676">
				<ele>365.000000</ele>
			</trkpt>
			<trkpt lat="49.462596" lon="18.103676">
				<ele>365.000000</ele>
			</trkpt>
			<trkpt lat="49.462608" lon="18.103389">
				<ele>365.000000</ele>
			</trkpt>
			<trkpt lat="49.462643" lon="18.102750">
				<ele>364.000000</ele>
			</trkpt>
			<trkpt lat="49.462708" lon="18.102068">
				<ele>363.000000</ele>
			</trkpt>
			<trkpt lat="49.462824" lon="18.101071">
				<ele>363.000000</ele>
			</trkpt>
			<trkpt lat="49.462871" lon="18.100613">
				<ele>362.000000</ele>
			</trkpt>
			<trkpt lat="49.462918" lon="18.100182">
				<ele>362.000000</ele>
			</trkpt>
			<trkpt lat="49.462982" lon="18.099867">
				<ele>361.000000</ele>
			</trkpt>
			<trkpt lat="49.463116" lon="18.099221">
				<ele>361.000000</ele>
			</trkpt>
			<trkpt lat="49.463151" lon="18.099005">
				<ele>361.000000</ele>
			</trkpt>
			<trkpt lat="49.463180" lon="18.098735">
				<ele>360.000000</ele>
			</trkpt>
			<trkpt lat="49.463233" lon="18.098242">
				<ele>360.000000</ele>
			</trkpt>
			<trkpt lat="49.463286" lon="18.097900">
				<ele>360.000000</ele>
			</trkpt>
			<trkpt lat="49.463367" lon="18.097567">
				<ele>360.000000</ele>
			</trkpt>
			<trkpt lat="49.463484" lon="18.097208">
				<ele>360.000000</ele>
			</trkpt>
			<trkpt lat="49.463601" lon="18.096876">
				<ele>360.000000</ele>
			</trkpt>
			<trkpt lat="49.463653" lon="18.096705">
				<ele>360.000000</ele>
			</trkpt>
			<trkpt lat="49.463694" lon="18.096517">
				<ele>360.000000</ele>
			</trkpt>
			<trkpt lat="49.463717" lon="18.096310">
				<ele>360.000000</ele>
			</trkpt>
			<trkpt lat="49.463752" lon="18.095879">
				<ele>360.000000</ele>
			</trkpt>
			<trkpt lat="49.463799" lon="18.095609">
				<ele>360.000000</ele>
			</trkpt>
			<trkpt lat="49.463858" lon="18.095339">
				<ele>360.000000</ele>
			</trkpt>
			<trkpt lat="49.463945" lon="18.095070">
				<ele>360.000000</ele>
			</trkpt>
			<trkpt lat="49.464039" lon="18.094710">
				<ele>360.000000</ele>
			</trkpt>
			<trkpt lat="49.464062" lon="18.094523">
				<ele>359.000000</ele>
			</trkpt>
			<trkpt lat="49.464062" lon="18.094423">
				<ele>359.000000</ele>
			</trkpt>
			<trkpt lat="49.464074" lon="18.093731">
				<ele>356.000000</ele>
			</trkpt>
			<trkpt lat="49.464080" lon="18.093418">
				<ele>355.000000</ele>
			</trkpt>
			<trkpt lat="49.464068" lon="18.093282">
				<ele>355.000000</ele>
			</trkpt>
			<trkpt lat="49.464045" lon="18.093184">
				<ele>355.000000</ele>
			</trkpt>
			<trkpt lat="49.463998" lon="18.093085">
				<ele>355.000000</ele>
			</trkpt>
			<trkpt lat="49.463916" lon="18.092915">
				<ele>355.000000</ele>
			</trkpt>
			<trkpt lat="49.463852" lon="18.092825">
				<ele>354.000000</ele>
			</trkpt>
			<trkpt lat="49.463799" lon="18.092762">
				<ele>354.000000</ele>
			</trkpt>
			<trkpt lat="49.463741" lon="18.092716">
				<ele>354.000000</ele>
			</trkpt>
			<trkpt lat="49.463653" lon="18.092689">
				<ele>354.000000</ele>
			</trkpt>
			<trkpt lat="49.463560" lon="18.092653">
				<ele>354.000000</ele>
			</trkpt>
			<trkpt lat="49.463455" lon="18.092645">
				<ele>354.000000</ele>
			</trkpt>
			<trkpt lat="49.463338" lon="18.092349">
				<ele>353.000000</ele>
			</trkpt>
			<trkpt lat="49.463221" lon="18.092357">
				<ele>353.000000</ele>
			</trkpt>
			<trkpt lat="49.463133" lon="18.091397">
				<ele>353.000000</ele>
			</trkpt>
			<trkpt lat="49.463128" lon="18.091297">
				<ele>353.000000</ele>
			</trkpt>
			<trkpt lat="49.463099" lon="18.090857">
				<ele>352.000000</ele>
			</trkpt>
			<trkpt lat="49.463058" lon="18.090399">
				<ele>352.000000</ele>
			</trkpt>
			<trkpt lat="49.463052" lon="18.090273">
				<ele>352.000000</ele>
			</trkpt>
			<trkpt lat="49.463029" lon="18.090022">
				<ele>352.000000</ele>
			</trkpt>
			<trkpt lat="49.463034" lon="18.088548">
				<ele>351.000000</ele>
			</trkpt>
			<trkpt lat="49.463146" lon="18.086743">
				<ele>350.000000</ele>
			</trkpt>
			<trkpt lat="49.463180" lon="18.086105">
				<ele>350.000000</ele>
			</trkpt>
			<trkpt lat="49.463215" lon="18.085494">
				<ele>350.000000</ele>
			</trkpt>
			<trkpt lat="49.463256" lon="18.084839">
				<ele>350.000000</ele>
			</trkpt>
			<trkpt lat="49.463303" lon="18.083500">
				<ele>350.000000</ele>
			</trkpt>
			<trkpt lat="49.463327" lon="18.083311">
				<ele>350.000000</ele>
			</trkpt>
			<trkpt lat="49.463367" lon="18.083131">
				<ele>350.000000</ele>
			</trkpt>
			<trkpt lat="49.463461" lon="18.082915">
				<ele>350.000000</ele>
			</trkpt>
			<trkpt lat="49.463530" lon="18.082799">
				<ele>350.000000</ele>
			</trkpt>
			<trkpt lat="49.463659" lon="18.082557">
				<ele>350.000000</ele>
			</trkpt>
			<trkpt lat="49.463916" lon="18.082099">
				<ele>350.000000</ele>
			</trkpt>
			<trkpt lat="49.464669" lon="18.080770">
				<ele>350.000000</ele>
			</trkpt>
			<trkpt lat="49.465247" lon="18.079754">
				<ele>350.000000</ele>
			</trkpt>
			<trkpt lat="49.465282" lon="18.079691">
				<ele>350.000000</ele>
			</trkpt>
			<trkpt lat="49.465399" lon="18.079466">
				<ele>350.000000</ele>
			</trkpt>
			<trkpt lat="49.465463" lon="18.079313">
				<ele>350.000000</ele>
			</trkpt>
			<trkpt lat="49.465516" lon="18.079152">
				<ele>350.000000</ele>
			</trkpt>
			<trkpt lat="49.465557" lon="18.078973">
				<ele>350.000000</ele>
			</trkpt>
			<trkpt lat="49.465790" lon="18.077678">
				<ele>350.000000</ele>
			</trkpt>
			<trkpt lat="49.465936" lon="18.076942">
				<ele>349.000000</ele>
			</trkpt>
			<trkpt lat="49.465954" lon="18.076862">
				<ele>349.000000</ele>
			</trkpt>
			<trkpt lat="49.465977" lon="18.076709">
				<ele>348.000000</ele>
			</trkpt>
			<trkpt lat="49.465995" lon="18.076573">
				<ele>348.000000</ele>
			</trkpt>
			<trkpt lat="49.466000" lon="18.076422">
				<ele>348.000000</ele>
			</trkpt>
			<trkpt lat="49.466006" lon="18.076269">
				<ele>347.000000</ele>
			</trkpt>
			<trkpt lat="49.465989" lon="18.076133">
				<ele>347.000000</ele>
			</trkpt>
			<trkpt lat="49.465977" lon="18.075963">
				<ele>347.000000</ele>
			</trkpt>
			<trkpt lat="49.465825" lon="18.075020">
				<ele>345.000000</ele>
			</trkpt>
			<trkpt lat="49.465755" lon="18.074768">
				<ele>345.000000</ele>
			</trkpt>
			<trkpt lat="49.465603" lon="18.074175">
				<ele>344.000000</ele>
			</trkpt>
			<trkpt lat="49.465510" lon="18.073852">
				<ele>344.000000</ele>
			</trkpt>
			<trkpt lat="49.465498" lon="18.073772">
				<ele>343.000000</ele>
			</trkpt>
			<trkpt lat="49.465370" lon="18.073331">
				<ele>343.000000</ele>
			</trkpt>
			<trkpt lat="49.465323" lon="18.073070">
				<ele>343.000000</ele>
			</trkpt>
			<trkpt lat="49.465305" lon="18.072917">
				<ele>343.000000</ele>
			</trkpt>
			<trkpt lat="49.465300" lon="18.072747">
				<ele>342.000000</ele>
			</trkpt>
			<trkpt lat="49.465294" lon="18.071229">
				<ele>341.000000</ele>
			</trkpt>
			<trkpt lat="49.465282" lon="18.070735">
				<ele>340.000000</ele>
			</trkpt>
			<trkpt lat="49.465247" lon="18.070277">
				<ele>340.000000</ele>
			</trkpt>
			<trkpt lat="49.465206" lon="18.070034">
				<ele>340.000000</ele>
			</trkpt>
			<trkpt lat="49.465177" lon="18.069801">
				<ele>340.000000</ele>
			</trkpt>
			<trkpt lat="49.465061" lon="18.069252">
				<ele>339.000000</ele>
			</trkpt>
			<trkpt lat="49.465002" lon="18.068992">
				<ele>339.000000</ele>
			</trkpt>
			<trkpt lat="49.464973" lon="18.068776">
				<ele>339.000000</ele>
			</trkpt>
			<trkpt lat="49.464961" lon="18.068533">
				<ele>339.000000</ele>
			</trkpt>
			<trkpt lat="49.464961" lon="18.068256">
				<ele>339.000000</ele>
			</trkpt>
			<trkpt lat="49.464990" lon="18.067151">
				<ele>338.000000</ele>
			</trkpt>
			<trkpt lat="49.464984" lon="18.066864">
				<ele>338.000000</ele>
			</trkpt>
			<trkpt lat="49.464967" lon="18.066531">
				<ele>338.000000</ele>
			</trkpt>
			<trkpt lat="49.464949" lon="18.066298">
				<ele>337.000000</ele>
			</trkpt>
			<trkpt lat="49.464955" lon="18.066118">
				<ele>337.000000</ele>
			</trkpt>
			<trkpt lat="49.464955" lon="18.065965">
				<ele>337.000000</ele>
			</trkpt>
			<trkpt lat="49.464979" lon="18.065857">
				<ele>337.000000</ele>
			</trkpt>
			<trkpt lat="49.465008" lon="18.065759">
				<ele>337.000000</ele>
			</trkpt>
			<trkpt lat="49.465037" lon="18.065659">
				<ele>337.000000</ele>
			</trkpt>
			<trkpt lat="49.465083" lon="18.065587">
				<ele>337.000000</ele>
			</trkpt>
			<trkpt lat="49.465393" lon="18.065067">
				<ele>337.000000</ele>
			</trkpt>
			<trkpt lat="49.465480" lon="18.064904">
				<ele>336.000000</ele>
			</trkpt>
			<trkpt lat="49.465586" lon="18.064680">
				<ele>336.000000</ele>
			</trkpt>
			<trkpt lat="49.465661" lon="18.064420">
				<ele>336.000000</ele>
			</trkpt>
			<trkpt lat="49.465743" lon="18.064096">
				<ele>336.000000</ele>
			</trkpt>
			<trkpt lat="49.465773" lon="18.063944">
				<ele>336.000000</ele>
			</trkpt>
			<trkpt lat="49.465790" lon="18.063809">
				<ele>336.000000</ele>
			</trkpt>
			<trkpt lat="49.465802" lon="18.063549">
				<ele>336.000000</ele>
			</trkpt>
			<trkpt lat="49.465796" lon="18.063198">
				<ele>335.000000</ele>
			</trkpt>
			<trkpt lat="49.465767" lon="18.062820">
				<ele>335.000000</ele>
			</trkpt>
			<trkpt lat="49.465755" lon="18.062327">
				<ele>335.000000</ele>
			</trkpt>
			<trkpt lat="49.465755" lon="18.061922">
				<ele>335.000000</ele>
			</trkpt>
			<trkpt lat="49.465779" lon="18.061474">
				<ele>334.000000</ele>
			</trkpt>
			<trkpt lat="49.465825" lon="18.060988">
				<ele>334.000000</ele>
			</trkpt>
			<trkpt lat="49.465860" lon="18.060673">
				<ele>334.000000</ele>
			</trkpt>
			<trkpt lat="49.465872" lon="18.060512">
				<ele>334.000000</ele>
			</trkpt>
			<trkpt lat="49.465878" lon="18.060350">
				<ele>334.000000</ele>
			</trkpt>
			<trkpt lat="49.465878" lon="18.060153">
				<ele>334.000000</ele>
			</trkpt>
			<trkpt lat="49.465837" lon="18.059623">
				<ele>334.000000</ele>
			</trkpt>
			<trkpt lat="49.465819" lon="18.059174">
				<ele>333.000000</ele>
			</trkpt>
			<trkpt lat="49.465825" lon="18.058725">
				<ele>333.000000</ele>
			</trkpt>
			<trkpt lat="49.465842" lon="18.058356">
				<ele>333.000000</ele>
			</trkpt>
			<trkpt lat="49.465866" lon="18.057754">
				<ele>333.000000</ele>
			</trkpt>
			<trkpt lat="49.465883" lon="18.057422">
				<ele>332.000000</ele>
			</trkpt>
			<trkpt lat="49.465913" lon="18.057080">
				<ele>332.000000</ele>
			</trkpt>
			<trkpt lat="49.465959" lon="18.056677">
				<ele>332.000000</ele>
			</trkpt>
			<trkpt lat="49.466012" lon="18.056254">
				<ele>332.000000</ele>
			</trkpt>
			<trkpt lat="49.466036" lon="18.055885">
				<ele>332.000000</ele>
			</trkpt>
			<trkpt lat="49.466076" lon="18.055239">
				<ele>331.000000</ele>
			</trkpt>
			<trkpt lat="49.466111" lon="18.054304">
				<ele>331.000000</ele>
			</trkpt>
			<trkpt lat="49.466129" lon="18.054080">
				<ele>331.000000</ele>
			</trkpt>
			<trkpt lat="49.466152" lon="18.053874">
				<ele>331.000000</ele>
			</trkpt>
			<trkpt lat="49.466181" lon="18.053667">
				<ele>331.000000</ele>
			</trkpt>
			<trkpt lat="49.466252" lon="18.053371">
				<ele>331.000000</ele>
			</trkpt>
			<trkpt lat="49.466415" lon="18.052652">
				<ele>330.000000</ele>
			</trkpt>
			<trkpt lat="49.466537" lon="18.052157">
				<ele>330.000000</ele>
			</trkpt>
			<trkpt lat="49.466713" lon="18.051538">
				<ele>330.000000</ele>
			</trkpt>
			<trkpt lat="49.466794" lon="18.051304">
				<ele>330.000000</ele>
			</trkpt>
			<trkpt lat="49.466870" lon="18.051107">
				<ele>330.000000</ele>
			</trkpt>
			<trkpt lat="49.467115" lon="18.050595">
				<ele>330.000000</ele>
			</trkpt>
			<trkpt lat="49.467186" lon="18.050433">
				<ele>330.000000</ele>
			</trkpt>
			<trkpt lat="49.467214" lon="18.050280">
				<ele>330.000000</ele>
			</trkpt>
			<trkpt lat="49.467226" lon="18.050199">
				<ele>330.000000</ele>
			</trkpt>
			<trkpt lat="49.467226" lon="18.050119">
				<ele>330.000000</ele>
			</trkpt>
			<trkpt lat="49.467209" lon="18.049948">
				<ele>330.000000</ele>
			</trkpt>
			<trkpt lat="49.467168" lon="18.049769">
				<ele>330.000000</ele>
			</trkpt>
			<trkpt lat="49.467045" lon="18.049266">
				<ele>330.000000</ele>
			</trkpt>
			<trkpt lat="49.467011" lon="18.049094">
				<ele>330.000000</ele>
			</trkpt>
			<trkpt lat="49.467011" lon="18.048941">
				<ele>330.000000</ele>
			</trkpt>
			<trkpt lat="49.467028" lon="18.048798">
				<ele>330.000000</ele>
			</trkpt>
			<trkpt lat="49.467069" lon="18.048601">
				<ele>330.000000</ele>
			</trkpt>
			<trkpt lat="49.467162" lon="18.048277">
				<ele>330.000000</ele>
			</trkpt>
			<trkpt lat="49.467279" lon="18.047855">
				<ele>330.000000</ele>
			</trkpt>
			<trkpt lat="49.467308" lon="18.047801">
				<ele>330.000000</ele>
			</trkpt>
			<trkpt lat="49.467337" lon="18.047748">
				<ele>330.000000</ele>
			</trkpt>
			<trkpt lat="49.467367" lon="18.047711">
				<ele>330.000000</ele>
			</trkpt>
			<trkpt lat="49.467413" lon="18.047675">
				<ele>331.000000</ele>
			</trkpt>
			<trkpt lat="49.467477" lon="18.047639">
				<ele>331.000000</ele>
			</trkpt>
			<trkpt lat="49.467559" lon="18.047612">
				<ele>331.000000</ele>
			</trkpt>
			<trkpt lat="49.467892" lon="18.047540">
				<ele>332.000000</ele>
			</trkpt>
			<trkpt lat="49.468073" lon="18.047469">
				<ele>333.000000</ele>
			</trkpt>
			<trkpt lat="49.468254" lon="18.047379">
				<ele>334.000000</ele>
			</trkpt>
			<trkpt lat="49.468359" lon="18.047182">
				<ele>336.000000</ele>
			</trkpt>
			<trkpt lat="49.468552" lon="18.046732">
				<ele>338.000000</ele>
			</trkpt>
			<trkpt lat="49.468645" lon="18.046553">
				<ele>339.000000</ele>
			</trkpt>
			<trkpt lat="49.468873" lon="18.046166">
				<ele>341.000000</ele>
			</trkpt>
			<trkpt lat="49.468966" lon="18.045977">
				<ele>342.000000</ele>
			</trkpt>
			<trkpt lat="49.469054" lon="18.045788">
				<ele>343.000000</ele>
			</trkpt>
			<trkpt lat="49.469071" lon="18.045717">
				<ele>343.000000</ele>
			</trkpt>
			<trkpt lat="49.469083" lon="18.045654">
				<ele>343.000000</ele>
			</trkpt>
			<trkpt lat="49.469054" lon="18.045385">
				<ele>341.000000</ele>
			</trkpt>
			<trkpt lat="49.469036" lon="18.045159">
				<ele>339.000000</ele>
			</trkpt>
			<trkpt lat="49.468972" lon="18.044693">
				<ele>339.000000</ele>
			</trkpt>
			<trkpt lat="49.468919" lon="18.044316">
				<ele>339.000000</ele>
			</trkpt>
			<trkpt lat="49.468873" lon="18.044046">
				<ele>334.000000</ele>
			</trkpt>
			<trkpt lat="49.468861" lon="18.043911">
				<ele>333.000000</ele>
			</trkpt>
			<trkpt lat="49.468873" lon="18.043777">
				<ele>333.000000</ele>
			</trkpt>
			<trkpt lat="49.468896" lon="18.043633">
				<ele>332.000000</ele>
			</trkpt>
			<trkpt lat="49.469030" lon="18.043138">
				<ele>330.000000</ele>
			</trkpt>
			<trkpt lat="49.469106" lon="18.042834">
				<ele>329.000000</ele>
			</trkpt>
			<trkpt lat="49.469147" lon="18.042626">
				<ele>329.000000</ele>
			</trkpt>
			<trkpt lat="49.469194" lon="18.042438">
				<ele>328.000000</ele>
			</trkpt>
			<trkpt lat="49.469252" lon="18.042268">
				<ele>328.000000</ele>
			</trkpt>
			<trkpt lat="49.469451" lon="18.041890">
				<ele>328.000000</ele>
			</trkpt>
			<trkpt lat="49.469526" lon="18.041782">
				<ele>328.000000</ele>
			</trkpt>
			<trkpt lat="49.469620" lon="18.041693">
				<ele>328.000000</ele>
			</trkpt>
			<trkpt lat="49.469906" lon="18.041423">
				<ele>329.000000</ele>
			</trkpt>
			<trkpt lat="49.470245" lon="18.041081">
				<ele>329.000000</ele>
			</trkpt>
			<trkpt lat="49.470361" lon="18.040857">
				<ele>329.000000</ele>
			</trkpt>
			<trkpt lat="49.470448" lon="18.040614">
				<ele>329.000000</ele>
			</trkpt>
			<trkpt lat="49.470489" lon="18.040488">
				<ele>329.000000</ele>
			</trkpt>
			<trkpt lat="49.470507" lon="18.040408">
				<ele>329.000000</ele>
			</trkpt>
			<trkpt lat="49.470542" lon="18.040245">
				<ele>329.000000</ele>
			</trkpt>
			<trkpt lat="49.470554" lon="18.040085">
				<ele>329.000000</ele>
			</trkpt>
			<trkpt lat="49.470548" lon="18.039941">
				<ele>330.000000</ele>
			</trkpt>
			<trkpt lat="49.470525" lon="18.039788">
				<ele>330.000000</ele>
			</trkpt>
			<trkpt lat="49.470501" lon="18.039635">
				<ele>330.000000</ele>
			</trkpt>
			<trkpt lat="49.470455" lon="18.039429">
				<ele>331.000000</ele>
			</trkpt>
			<trkpt lat="49.470431" lon="18.039312">
				<ele>331.000000</ele>
			</trkpt>
			<trkpt lat="49.470431" lon="18.039203">
				<ele>331.000000</ele>
			</trkpt>
			<trkpt lat="49.470455" lon="18.039079">
				<ele>331.000000</ele>
			</trkpt>
			<trkpt lat="49.470513" lon="18.038880">
				<ele>331.000000</ele>
			</trkpt>
			<trkpt lat="49.470659" lon="18.038440">
				<ele>332.000000</ele>
			</trkpt>
			<trkpt lat="49.470659" lon="18.038440">
				<ele>332.000000</ele>
			</trkpt>
			<trkpt lat="49.470746" lon="18.038171">
				<ele>333.000000</ele>
			</trkpt>
			<trkpt lat="49.470922" lon="18.037632">
				<ele>335.000000</ele>
			</trkpt>
			<trkpt lat="49.470974" lon="18.037416">
				<ele>335.000000</ele>
			</trkpt>
			<trkpt lat="49.470998" lon="18.037209">
				<ele>335.000000</ele>
			</trkpt>
			<trkpt lat="49.471003" lon="18.037003">
				<ele>335.000000</ele>
			</trkpt>
			<trkpt lat="49.470980" lon="18.036545">
				<ele>335.000000</ele>
			</trkpt>
			<trkpt lat="49.470974" lon="18.036446">
				<ele>335.000000</ele>
			</trkpt>
			<trkpt lat="49.470968" lon="18.036312">
				<ele>335.000000</ele>
			</trkpt>
			<trkpt lat="49.470980" lon="18.036177">
				<ele>335.000000</ele>
			</trkpt>
			<trkpt lat="49.471003" lon="18.036024">
				<ele>335.000000</ele>
			</trkpt>
			<trkpt lat="49.471039" lon="18.035890">
				<ele>334.000000</ele>
			</trkpt>
			<trkpt lat="49.471079" lon="18.035754">
				<ele>334.000000</ele>
			</trkpt>
			<trkpt lat="49.471149" lon="18.035593">
				<ele>334.000000</ele>
			</trkpt>
			<trkpt lat="49.471319" lon="18.035242">
				<ele>333.000000</ele>
			</trkpt>
			<trkpt lat="49.471499" lon="18.034884">
				<ele>333.000000</ele>
			</trkpt>
			<trkpt lat="49.471634" lon="18.034559">
				<ele>332.000000</ele>
			</trkpt>
			<trkpt lat="49.471739" lon="18.034299">
				<ele>332.000000</ele>
			</trkpt>
			<trkpt lat="49.471833" lon="18.034102">
				<ele>331.000000</ele>
			</trkpt>
			<trkpt lat="49.471937" lon="18.033895">
				<ele>331.000000</ele>
			</trkpt>
			<trkpt lat="49.472077" lon="18.033670">
				<ele>330.000000</ele>
			</trkpt>
			<trkpt lat="49.472165" lon="18.033527">
				<ele>330.000000</ele>
			</trkpt>
			<trkpt lat="49.472223" lon="18.033410">
				<ele>330.000000</ele>
			</trkpt>
			<trkpt lat="49.472258" lon="18.033303">
				<ele>330.000000</ele>
			</trkpt>
			<trkpt lat="49.472282" lon="18.033177">
				<ele>330.000000</ele>
			</trkpt>
			<trkpt lat="49.472282" lon="18.033104">
				<ele>330.000000</ele>
			</trkpt>
			<trkpt lat="49.472276" lon="18.033033">
				<ele>330.000000</ele>
			</trkpt>
			<trkpt lat="49.472252" lon="18.032951">
				<ele>330.000000</ele>
			</trkpt>
			<trkpt lat="49.472223" lon="18.032880">
				<ele>330.000000</ele>
			</trkpt>
			<trkpt lat="49.472130" lon="18.032727">
				<ele>330.000000</ele>
			</trkpt>
			<trkpt lat="49.471961" lon="18.032448">
				<ele>330.000000</ele>
			</trkpt>
			<trkpt lat="49.471891" lon="18.032332">
				<ele>330.000000</ele>
			</trkpt>
			<trkpt lat="49.471838" lon="18.032206">
				<ele>330.000000</ele>
			</trkpt>
			<trkpt lat="49.471797" lon="18.032081">
				<ele>330.000000</ele>
			</trkpt>
			<trkpt lat="49.471733" lon="18.031819">
				<ele>330.000000</ele>
			</trkpt>
			<trkpt lat="49.471622" lon="18.031272">
				<ele>328.000000</ele>
			</trkpt>
			<trkpt lat="49.471540" lon="18.031003">
				<ele>328.000000</ele>
			</trkpt>
			<trkpt lat="49.471482" lon="18.030796">
				<ele>327.000000</ele>
			</trkpt>
			<trkpt lat="49.471447" lon="18.030598">
				<ele>327.000000</ele>
			</trkpt>
			<trkpt lat="49.471453" lon="18.030418">
				<ele>326.000000</ele>
			</trkpt>
			<trkpt lat="49.471488" lon="18.030211">
				<ele>326.000000</ele>
			</trkpt>
			<trkpt lat="49.471833" lon="18.028603">
				<ele>324.000000</ele>
			</trkpt>
			<trkpt lat="49.471885" lon="18.028370">
				<ele>323.000000</ele>
			</trkpt>
			<trkpt lat="49.471955" lon="18.028182">
				<ele>323.000000</ele>
			</trkpt>
			<trkpt lat="49.472031" lon="18.027984">
				<ele>322.000000</ele>
			</trkpt>
			<trkpt lat="49.472165" lon="18.027687">
				<ele>321.000000</ele>
			</trkpt>
			<trkpt lat="49.472211" lon="18.027553">
				<ele>320.000000</ele>
			</trkpt>
			<trkpt lat="49.472235" lon="18.027418">
				<ele>320.000000</ele>
			</trkpt>
			<trkpt lat="49.472229" lon="18.027301">
				<ele>320.000000</ele>
			</trkpt>
			<trkpt lat="49.472189" lon="18.027175">
				<ele>319.000000</ele>
			</trkpt>
			<trkpt lat="49.472118" lon="18.027050">
				<ele>319.000000</ele>
			</trkpt>
			<trkpt lat="49.472042" lon="18.026932">
				<ele>318.000000</ele>
			</trkpt>
			<trkpt lat="49.471680" lon="18.026609">
				<ele>316.000000</ele>
			</trkpt>
			<trkpt lat="49.471622" lon="18.026519">
				<ele>316.000000</ele>
			</trkpt>
			<trkpt lat="49.471570" lon="18.026421">
				<ele>316.000000</ele>
			</trkpt>
			<trkpt lat="49.471523" lon="18.026322">
				<ele>315.000000</ele>
			</trkpt>
			<trkpt lat="49.471494" lon="18.026196">
				<ele>315.000000</ele>
			</trkpt>
			<trkpt lat="49.471470" lon="18.026043">
				<ele>315.000000</ele>
			</trkpt>
			<trkpt lat="49.471447" lon="18.025783">
				<ele>315.000000</ele>
			</trkpt>
			<trkpt lat="49.471441" lon="18.025739">
				<ele>315.000000</ele>
			</trkpt>
			<trkpt lat="49.471441" lon="18.025739">
				<ele>315.000000</ele>
			</trkpt>
			<trkpt lat="49.471436" lon="18.025693">
				<ele>315.000000</ele>
			</trkpt>
			<trkpt lat="49.471418" lon="18.025640">
				<ele>315.000000</ele>
			</trkpt>
			<trkpt lat="49.471395" lon="18.025594">
				<ele>315.000000</ele>
			</trkpt>
			<trkpt lat="49.471354" lon="18.025567">
				<ele>315.000000</ele>
			</trkpt>
			<trkpt lat="49.471260" lon="18.025550">
				<ele>315.000000</ele>
			</trkpt>
			<trkpt lat="49.471003" lon="18.025559">
				<ele>315.000000</ele>
			</trkpt>
			<trkpt lat="49.470647" lon="18.025594">
				<ele>315.000000</ele>
			</trkpt>
			<trkpt lat="49.470467" lon="18.025622">
				<ele>315.000000</ele>
			</trkpt>
			<trkpt lat="49.470402" lon="18.025649">
				<ele>315.000000</ele>
			</trkpt>
			<trkpt lat="49.470338" lon="18.025684">
				<ele>315.000000</ele>
			</trkpt>
			<trkpt lat="49.470198" lon="18.025783">
				<ele>315.000000</ele>
			</trkpt>
			<trkpt lat="49.468224" lon="18.027661">
				<ele>315.000000</ele>
			</trkpt>
			<trkpt lat="49.467080" lon="18.028783">
				<ele>317.000000</ele>
			</trkpt>
			<trkpt lat="49.466823" lon="18.029026">
				<ele>317.000000</ele>
			</trkpt>
			<trkpt lat="49.466573" lon="18.029232">
				<ele>318.000000</ele>
			</trkpt>
			<trkpt lat="49.466269" lon="18.029466">
				<ele>318.000000</ele>
			</trkpt>
			<trkpt lat="49.464914" lon="18.030473">
				<ele>320.000000</ele>
			</trkpt>
			<trkpt lat="49.464745" lon="18.030221">
				<ele>321.000000</ele>
			</trkpt>
			<trkpt lat="49.464377" lon="18.029691">
				<ele>322.000000</ele>
			</trkpt>
			<trkpt lat="49.464296" lon="18.029592">
				<ele>322.000000</ele>
			</trkpt>
			<trkpt lat="49.463957" lon="18.029116">
				<ele>323.000000</ele>
			</trkpt>
			<trkpt lat="49.463834" lon="18.028955">
				<ele>324.000000</ele>
			</trkpt>
			<trkpt lat="49.463677" lon="18.028775">
				<ele>324.000000</ele>
			</trkpt>
			<trkpt lat="49.463887" lon="18.028307">
				<ele>320.000000</ele>
			</trkpt>
			<trkpt lat="49.463986" lon="18.028056">
				<ele>320.000000</ele>
			</trkpt>
			<trkpt lat="49.464074" lon="18.027777">
				<ele>319.000000</ele>
			</trkpt>
			<trkpt lat="49.464155" lon="18.027498">
				<ele>319.000000</ele>
			</trkpt>
			<trkpt lat="49.464302" lon="18.027588">
				<ele>319.000000</ele>
			</trkpt>
			<trkpt lat="49.464401" lon="18.027651">
				<ele>319.000000</ele>
			</trkpt>
			<trkpt lat="49.464483" lon="18.027670">
				<ele>319.000000</ele>
			</trkpt>
			<trkpt lat="49.464511" lon="18.027661">
				<ele>319.000000</ele>
			</trkpt>
			<trkpt lat="49.464529" lon="18.027643">
				<ele>319.000000</ele>
			</trkpt>
			<trkpt lat="49.465107" lon="18.026798">
				<ele>318.000000</ele>
			</trkpt>
			<trkpt lat="49.465685" lon="18.025406">
				<ele>317.000000</ele>
			</trkpt>
			<trkpt lat="49.465901" lon="18.025649">
				<ele>317.000000</ele>
			</trkpt>
			<trkpt lat="49.466088" lon="18.025837">
				<ele>317.000000</ele>
			</trkpt>
			<trkpt lat="49.466520" lon="18.026205">
				<ele>316.000000</ele>
			</trkpt>
			<trkpt lat="49.466631" lon="18.026313">
				<ele>316.000000</ele>
			</trkpt>
			<trkpt lat="49.466823" lon="18.026529">
				<ele>316.000000</ele>
			</trkpt>
			<trkpt lat="49.466852" lon="18.026546">
				<ele>316.000000</ele>
			</trkpt>
			<trkpt lat="49.466893" lon="18.026546">
				<ele>316.000000</ele>
			</trkpt>
			<trkpt lat="49.466940" lon="18.026519">
				<ele>316.000000</ele>
			</trkpt>
			<trkpt lat="49.466958" lon="18.026484">
				<ele>316.000000</ele>
			</trkpt>
			<trkpt lat="49.467104" lon="18.026242">
				<ele>315.000000</ele>
			</trkpt>
			<trkpt lat="49.467226" lon="18.025972">
				<ele>315.000000</ele>
			</trkpt>
			<trkpt lat="49.467389" lon="18.025640">
				<ele>315.000000</ele>
			</trkpt>
			<trkpt lat="49.467559" lon="18.025343">
				<ele>315.000000</ele>
			</trkpt>
			<trkpt lat="49.467746" lon="18.025091">
				<ele>315.000000</ele>
			</trkpt>
			<trkpt lat="49.468079" lon="18.024660">
				<ele>315.000000</ele>
			</trkpt>
			<trkpt lat="49.468207" lon="18.024490">
				<ele>315.000000</ele>
			</trkpt>
			<trkpt lat="49.468295" lon="18.024382">
				<ele>315.000000</ele>
			</trkpt>
			<trkpt lat="49.468610" lon="18.023978">
				<ele>314.000000</ele>
			</trkpt>
			<trkpt lat="49.468925" lon="18.023636">
				<ele>314.000000</ele>
			</trkpt>
			<trkpt lat="49.469089" lon="18.023456">
				<ele>314.000000</ele>
			</trkpt>
			<trkpt lat="49.469252" lon="18.023223">
				<ele>314.000000</ele>
			</trkpt>
			<trkpt lat="49.469421" lon="18.022944">
				<ele>313.000000</ele>
			</trkpt>
			<trkpt lat="49.469591" lon="18.022613">
				<ele>313.000000</ele>
			</trkpt>
			<trkpt lat="49.469701" lon="18.022441">
				<ele>313.000000</ele>
			</trkpt>
			<trkpt lat="49.469812" lon="18.022280">
				<ele>313.000000</ele>
			</trkpt>
			<trkpt lat="49.469923" lon="18.022154">
				<ele>313.000000</ele>
			</trkpt>
			<trkpt lat="49.470064" lon="18.022020">
				<ele>313.000000</ele>
			</trkpt>
			<trkpt lat="49.470209" lon="18.021894">
				<ele>313.000000</ele>
			</trkpt>
			<trkpt lat="49.470379" lon="18.021768">
				<ele>312.000000</ele>
			</trkpt>
			<trkpt lat="49.470612" lon="18.021588">
				<ele>312.000000</ele>
			</trkpt>
			<trkpt lat="49.470723" lon="18.021498">
				<ele>312.000000</ele>
			</trkpt>
			<trkpt lat="49.470782" lon="18.021426">
				<ele>312.000000</ele>
			</trkpt>
			<trkpt lat="49.470817" lon="18.021364">
				<ele>312.000000</ele>
			</trkpt>
			<trkpt lat="49.470845" lon="18.021301">
				<ele>312.000000</ele>
			</trkpt>
			<trkpt lat="49.470869" lon="18.021211">
				<ele>312.000000</ele>
			</trkpt>
			<trkpt lat="49.470886" lon="18.021103">
				<ele>312.000000</ele>
			</trkpt>
			<trkpt lat="49.470927" lon="18.021022">
				<ele>312.000000</ele>
			</trkpt>
			<trkpt lat="49.470957" lon="18.020959">
				<ele>312.000000</ele>
			</trkpt>
			<trkpt lat="49.471021" lon="18.020879">
				<ele>312.000000</ele>
			</trkpt>
			<trkpt lat="49.471167" lon="18.020699">
				<ele>311.000000</ele>
			</trkpt>
			<trkpt lat="49.471214" lon="18.020618">
				<ele>311.000000</ele>
			</trkpt>
			<trkpt lat="49.471254" lon="18.020519">
				<ele>311.000000</ele>
			</trkpt>
			<trkpt lat="49.471348" lon="18.020294">
				<ele>311.000000</ele>
			</trkpt>
			<trkpt lat="49.471611" lon="18.019728">
				<ele>311.000000</ele>
			</trkpt>
			<trkpt lat="49.471692" lon="18.019521">
				<ele>311.000000</ele>
			</trkpt>
			<trkpt lat="49.471762" lon="18.019307">
				<ele>311.000000</ele>
			</trkpt>
			<trkpt lat="49.471814" lon="18.019135">
				<ele>310.000000</ele>
			</trkpt>
			<trkpt lat="49.471814" lon="18.018992">
				<ele>310.000000</ele>
			</trkpt>
			<trkpt lat="49.471833" lon="18.018812">
				<ele>310.000000</ele>
			</trkpt>
			<trkpt lat="49.471867" lon="18.018668">
				<ele>310.000000</ele>
			</trkpt>
			<trkpt lat="49.471926" lon="18.018534">
				<ele>310.000000</ele>
			</trkpt>
			<trkpt lat="49.472042" lon="18.018318">
				<ele>310.000000</ele>
			</trkpt>
			<trkpt lat="49.472183" lon="18.018102">
				<ele>310.000000</ele>
			</trkpt>
			<trkpt lat="49.472422" lon="18.017806">
				<ele>310.000000</ele>
			</trkpt>
			<trkpt lat="49.472515" lon="18.017672">
				<ele>310.000000</ele>
			</trkpt>
			<trkpt lat="49.472580" lon="18.017563">
				<ele>310.000000</ele>
			</trkpt>
			<trkpt lat="49.472632" lon="18.017456">
				<ele>310.000000</ele>
			</trkpt>
			<trkpt lat="49.472667" lon="18.017366">
				<ele>310.000000</ele>
			</trkpt>
			<trkpt lat="49.472696" lon="18.017258">
				<ele>310.000000</ele>
			</trkpt>
			<trkpt lat="49.472708" lon="18.017160">
				<ele>310.000000</ele>
			</trkpt>
			<trkpt lat="49.472714" lon="18.016953">
				<ele>310.000000</ele>
			</trkpt>
			<trkpt lat="49.472807" lon="18.015165">
				<ele>309.000000</ele>
			</trkpt>
			<trkpt lat="49.472825" lon="18.014932">
				<ele>309.000000</ele>
			</trkpt>
			<trkpt lat="49.472836" lon="18.014707">
				<ele>309.000000</ele>
			</trkpt>
			<trkpt lat="49.472871" lon="18.014500">
				<ele>309.000000</ele>
			</trkpt>
			<trkpt lat="49.472912" lon="18.014276">
				<ele>309.000000</ele>
			</trkpt>
			<trkpt lat="49.473011" lon="18.013881">
				<ele>309.000000</ele>
			</trkpt>
			<trkpt lat="49.473257" lon="18.013108">
				<ele>309.000000</ele>
			</trkpt>
			<trkpt lat="49.473367" lon="18.012722">
				<ele>308.000000</ele>
			</trkpt>
			<trkpt lat="49.473467" lon="18.012344">
				<ele>308.000000</ele>
			</trkpt>
			<trkpt lat="49.473566" lon="18.011923">
				<ele>308.000000</ele>
			</trkpt>
			<trkpt lat="49.473671" lon="18.011464">
				<ele>308.000000</ele>
			</trkpt>
			<trkpt lat="49.473823" lon="18.010611">
				<ele>308.000000</ele>
			</trkpt>
			<trkpt lat="49.474092" lon="18.009137">
				<ele>307.000000</ele>
			</trkpt>
			<trkpt lat="49.474284" lon="18.008590">
				<ele>307.000000</ele>
			</trkpt>
			<trkpt lat="49.474354" lon="18.008355">
				<ele>307.000000</ele>
			</trkpt>
			<trkpt lat="49.474389" lon="18.008202">
				<ele>307.000000</ele>
			</trkpt>
			<trkpt lat="49.474412" lon="18.008113">
				<ele>307.000000</ele>
			</trkpt>
			<trkpt lat="49.474412" lon="18.008015">
				<ele>307.000000</ele>
			</trkpt>
			<trkpt lat="49.474418" lon="18.007637">
				<ele>307.000000</ele>
			</trkpt>
			<trkpt lat="49.474430" lon="18.007520">
				<ele>307.000000</ele>
			</trkpt>
			<trkpt lat="49.474448" lon="18.007376">
				<ele>307.000000</ele>
			</trkpt>
			<trkpt lat="49.474470" lon="18.007260">
				<ele>307.000000</ele>
			</trkpt>
			<trkpt lat="49.474470" lon="18.007134">
				<ele>307.000000</ele>
			</trkpt>
			<trkpt lat="49.474459" lon="18.006730">
				<ele>307.000000</ele>
			</trkpt>
			<trkpt lat="49.474465" lon="18.006487">
				<ele>306.000000</ele>
			</trkpt>
			<trkpt lat="49.474506" lon="18.006290">
				<ele>306.000000</ele>
			</trkpt>
			<trkpt lat="49.474599" lon="18.005760">
				<ele>306.000000</ele>
			</trkpt>
			<trkpt lat="49.474628" lon="18.005634">
				<ele>306.000000</ele>
			</trkpt>
			<trkpt lat="49.474716" lon="18.005409">
				<ele>306.000000</ele>
			</trkpt>
			<trkpt lat="49.474733" lon="18.005338">
				<ele>306.000000</ele>
			</trkpt>
			<trkpt lat="49.474745" lon="18.005256">
				<ele>306.000000</ele>
			</trkpt>
			<trkpt lat="49.474786" lon="18.004763">
				<ele>306.000000</ele>
			</trkpt>
			<trkpt lat="49.474821" lon="18.003864">
				<ele>306.000000</ele>
			</trkpt>
			<trkpt lat="49.474844" lon="18.003523">
				<ele>306.000000</ele>
			</trkpt>
			<trkpt lat="49.474914" lon="18.002615">
				<ele>305.000000</ele>
			</trkpt>
			<trkpt lat="49.475025" lon="18.001537">
				<ele>305.000000</ele>
			</trkpt>
			<trkpt lat="49.475142" lon="18.000505">
				<ele>304.000000</ele>
			</trkpt>
			<trkpt lat="49.475393" lon="17.998438">
				<ele>303.000000</ele>
			</trkpt>
			<trkpt lat="49.475405" lon="17.998214">
				<ele>303.000000</ele>
			</trkpt>
			<trkpt lat="49.475422" lon="17.997998">
				<ele>303.000000</ele>
			</trkpt>
			<trkpt lat="49.475417" lon="17.997818">
				<ele>303.000000</ele>
			</trkpt>
			<trkpt lat="49.475417" lon="17.997612">
				<ele>303.000000</ele>
			</trkpt>
			<trkpt lat="49.475393" lon="17.997415">
				<ele>303.000000</ele>
			</trkpt>
			<trkpt lat="49.475364" lon="17.997208">
				<ele>302.000000</ele>
			</trkpt>
			<trkpt lat="49.475241" lon="17.996552">
				<ele>302.000000</ele>
			</trkpt>
			<trkpt lat="49.475148" lon="17.996031">
				<ele>302.000000</ele>
			</trkpt>
			<trkpt lat="49.475107" lon="17.995860">
				<ele>302.000000</ele>
			</trkpt>
			<trkpt lat="49.475061" lon="17.995707">
				<ele>302.000000</ele>
			</trkpt>
			<trkpt lat="49.475008" lon="17.995600">
				<ele>302.000000</ele>
			</trkpt>
			<trkpt lat="49.474949" lon="17.995491">
				<ele>302.000000</ele>
			</trkpt>
			<trkpt lat="49.474880" lon="17.995384">
				<ele>301.000000</ele>
			</trkpt>
			<trkpt lat="49.474809" lon="17.995277">
				<ele>301.000000</ele>
			</trkpt>
			<trkpt lat="49.474658" lon="17.995105">
				<ele>301.000000</ele>
			</trkpt>
			<trkpt lat="49.474424" lon="17.994872">
				<ele>301.000000</ele>
			</trkpt>
			<trkpt lat="49.474342" lon="17.994782">
				<ele>301.000000</ele>
			</trkpt>
			<trkpt lat="49.474267" lon="17.994684">
				<ele>301.000000</ele>
			</trkpt>
			<trkpt lat="49.474214" lon="17.994612">
				<ele>301.000000</ele>
			</trkpt>
			<trkpt lat="49.474155" lon="17.994495">
				<ele>301.000000</ele>
			</trkpt>
			<trkpt lat="49.474109" lon="17.994396">
				<ele>301.000000</ele>
			</trkpt>
			<trkpt lat="49.474068" lon="17.994279">
				<ele>301.000000</ele>
			</trkpt>
			<trkpt lat="49.473963" lon="17.993875">
				<ele>300.000000</ele>
			</trkpt>
			<trkpt lat="49.473776" lon="17.993183">
				<ele>300.000000</ele>
			</trkpt>
			<trkpt lat="49.473654" lon="17.992698">
				<ele>300.000000</ele>
			</trkpt>
			<trkpt lat="49.473548" lon="17.992258">
				<ele>300.000000</ele>
			</trkpt>
			<trkpt lat="49.473397" lon="17.991755">
				<ele>300.000000</ele>
			</trkpt>
			<trkpt lat="49.473373" lon="17.991620">
				<ele>300.000000</ele>
			</trkpt>
			<trkpt lat="49.473356" lon="17.991530">
				<ele>300.000000</ele>
			</trkpt>
			<trkpt lat="49.473361" lon="17.991440">
				<ele>300.000000</ele>
			</trkpt>
			<trkpt lat="49.473391" lon="17.991315">
				<ele>300.000000</ele>
			</trkpt>
			<trkpt lat="49.473320" lon="17.991306">
				<ele>300.000000</ele>
			</trkpt>
			<trkpt lat="49.473257" lon="17.991288">
				<ele>300.000000</ele>
			</trkpt>
			<trkpt lat="49.473204" lon="17.991260">
				<ele>300.000000</ele>
			</trkpt>
			<trkpt lat="49.473158" lon="17.991216">
				<ele>300.000000</ele>
			</trkpt>
			<trkpt lat="49.473117" lon="17.991162">
				<ele>300.000000</ele>
			</trkpt>
			<trkpt lat="49.473099" lon="17.991073">
				<ele>300.000000</ele>
			</trkpt>
			<trkpt lat="49.472953" lon="17.990417">
				<ele>300.000000</ele>
			</trkpt>
			<trkpt lat="49.472778" lon="17.989617">
				<ele>300.000000</ele>
			</trkpt>
			<trkpt lat="49.472685" lon="17.989321">
				<ele>300.000000</ele>
			</trkpt>
			<trkpt lat="49.472527" lon="17.988872">
				<ele>300.000000</ele>
			</trkpt>
			<trkpt lat="49.472504" lon="17.988799">
				<ele>300.000000</ele>
			</trkpt>
			<trkpt lat="49.472299" lon="17.988279">
				<ele>300.000000</ele>
			</trkpt>
			<trkpt lat="49.471891" lon="17.987299">
				<ele>300.000000</ele>
			</trkpt>
			<trkpt lat="49.471809" lon="17.987102">
				<ele>300.000000</ele>
			</trkpt>
			<trkpt lat="49.471715" lon="17.986958">
				<ele>300.000000</ele>
			</trkpt>
			<trkpt lat="49.471715" lon="17.986878">
				<ele>300.000000</ele>
			</trkpt>
			<trkpt lat="49.471721" lon="17.986599">
				<ele>300.000000</ele>
			</trkpt>
			<trkpt lat="49.471739" lon="17.986625">
				<ele>300.000000</ele>
			</trkpt>
			<trkpt lat="49.471751" lon="17.986662">
				<ele>300.000000</ele>
			</trkpt>
			<trkpt lat="49.471786" lon="17.986878">
				<ele>300.000000</ele>
			</trkpt>
			<trkpt lat="49.471803" lon="17.986912">
				<ele>300.000000</ele>
			</trkpt>
			<trkpt lat="49.471833" lon="17.986895">
				<ele>300.000000</ele>
			</trkpt>
			<trkpt lat="49.472124" lon="17.986652">
				<ele>299.000000</ele>
			</trkpt>
			<trkpt lat="49.472200" lon="17.986572">
				<ele>299.000000</ele>
			</trkpt>
			<trkpt lat="49.472148" lon="17.986392">
				<ele>299.000000</ele>
			</trkpt>
			<trkpt lat="49.472008" lon="17.985988">
				<ele>299.000000</ele>
			</trkpt>
			<trkpt lat="49.471949" lon="17.985790">
				<ele>299.000000</ele>
			</trkpt>
			<trkpt lat="49.471908" lon="17.985593">
				<ele>299.000000</ele>
			</trkpt>
			<trkpt lat="49.471879" lon="17.985386">
				<ele>298.000000</ele>
			</trkpt>
			<trkpt lat="49.471861" lon="17.985144">
				<ele>298.000000</ele>
			</trkpt>
			<trkpt lat="49.471833" lon="17.984784">
				<ele>298.000000</ele>
			</trkpt>
			<trkpt lat="49.471826" lon="17.984388">
				<ele>298.000000</ele>
			</trkpt>
			<trkpt lat="49.471820" lon="17.984138">
				<ele>298.000000</ele>
			</trkpt>
			<trkpt lat="49.471820" lon="17.983876">
				<ele>298.000000</ele>
			</trkpt>
			<trkpt lat="49.471833" lon="17.983759">
				<ele>297.000000</ele>
			</trkpt>
			<trkpt lat="49.471873" lon="17.983625">
				<ele>297.000000</ele>
			</trkpt>
			<trkpt lat="49.471949" lon="17.983463">
				<ele>297.000000</ele>
			</trkpt>
			<trkpt lat="49.471995" lon="17.983392">
				<ele>297.000000</ele>
			</trkpt>
			<trkpt lat="49.472013" lon="17.983320">
				<ele>297.000000</ele>
			</trkpt>
			<trkpt lat="49.472025" lon="17.983239">
				<ele>297.000000</ele>
			</trkpt>
			<trkpt lat="49.472025" lon="17.983131">
				<ele>297.000000</ele>
			</trkpt>
			<trkpt lat="49.472025" lon="17.982889">
				<ele>297.000000</ele>
			</trkpt>
			<trkpt lat="49.472042" lon="17.982538">
				<ele>297.000000</ele>
			</trkpt>
			<trkpt lat="49.472048" lon="17.982394">
				<ele>297.000000</ele>
			</trkpt>
			<trkpt lat="49.472054" lon="17.982367">
				<ele>297.000000</ele>
			</trkpt>
			<trkpt lat="49.472130" lon="17.981631">
				<ele>296.000000</ele>
			</trkpt>
			<trkpt lat="49.472217" lon="17.981002">
				<ele>296.000000</ele>
			</trkpt>
			<trkpt lat="49.472311" lon="17.980409">
				<ele>295.000000</ele>
			</trkpt>
			<trkpt lat="49.472451" lon="17.979691">
				<ele>295.000000</ele>
			</trkpt>
			<trkpt lat="49.472504" lon="17.979430">
				<ele>295.000000</ele>
			</trkpt>
			<trkpt lat="49.472562" lon="17.979169">
				<ele>295.000000</ele>
			</trkpt>
			<trkpt lat="49.472848" lon="17.978209">
				<ele>295.000000</ele>
			</trkpt>
			<trkpt lat="49.474880" lon="17.977930">
				<ele>296.000000</ele>
			</trkpt>
			<trkpt lat="49.475160" lon="17.977876">
				<ele>296.000000</ele>
			</trkpt>
			<trkpt lat="49.475340" lon="17.977849">
				<ele>297.000000</ele>
			</trkpt>
			<trkpt lat="49.475393" lon="17.977849">
				<ele>297.000000</ele>
			</trkpt>
			<trkpt lat="49.475463" lon="17.977885">
				<ele>297.000000</ele>
			</trkpt>
			<trkpt lat="49.475475" lon="17.977894">
				<ele>297.000000</ele>
			</trkpt>
			<trkpt lat="49.475475" lon="17.977894">
				<ele>297.000000</ele>
			</trkpt>
			<trkpt lat="49.475533" lon="17.977939">
				<ele>297.000000</ele>
			</trkpt>
			<trkpt lat="49.475633" lon="17.978029">
				<ele>297.000000</ele>
			</trkpt>
			<trkpt lat="49.475556" lon="17.977804">
				<ele>297.000000</ele>
			</trkpt>
			<trkpt lat="49.475475" lon="17.977534">
				<ele>297.000000</ele>
			</trkpt>
			<trkpt lat="49.475358" lon="17.977085">
				<ele>296.000000</ele>
			</trkpt>
			<trkpt lat="49.475259" lon="17.976555">
				<ele>296.000000</ele>
			</trkpt>
			<trkpt lat="49.475154" lon="17.975891">
				<ele>296.000000</ele>
			</trkpt>
			<trkpt lat="49.475072" lon="17.975307">
				<ele>296.000000</ele>
			</trkpt>
			<trkpt lat="49.475031" lon="17.975083">
				<ele>295.000000</ele>
			</trkpt>
			<trkpt lat="49.474926" lon="17.974435">
				<ele>295.000000</ele>
			</trkpt>
			<trkpt lat="49.474780" lon="17.973645">
				<ele>295.000000</ele>
			</trkpt>
			<trkpt lat="49.474652" lon="17.973025">
				<ele>295.000000</ele>
			</trkpt>
			<trkpt lat="49.474617" lon="17.972792">
				<ele>296.000000</ele>
			</trkpt>
			<trkpt lat="49.474552" lon="17.972459">
				<ele>296.000000</ele>
			</trkpt>
			<trkpt lat="49.474506" lon="17.972243">
				<ele>297.000000</ele>
			</trkpt>
			<trkpt lat="49.474529" lon="17.972207">
				<ele>297.000000</ele>
			</trkpt>
			<trkpt lat="49.474541" lon="17.972163">
				<ele>297.000000</ele>
			</trkpt>
			<trkpt lat="49.474541" lon="17.972109">
				<ele>297.000000</ele>
			</trkpt>
			<trkpt lat="49.474535" lon="17.972073">
				<ele>297.000000</ele>
			</trkpt>
			<trkpt lat="49.474500" lon="17.972028">
				<ele>297.000000</ele>
			</trkpt>
			<trkpt lat="49.474465" lon="17.971993">
				<ele>297.000000</ele>
			</trkpt>
			<trkpt lat="49.474459" lon="17.971830">
				<ele>296.000000</ele>
			</trkpt>
			<trkpt lat="49.474412" lon="17.971588">
				<ele>295.000000</ele>
			</trkpt>
			<trkpt lat="49.474161" lon="17.970609">
				<ele>295.000000</ele>
			</trkpt>
			<trkpt lat="49.473992" lon="17.969783">
				<ele>295.000000</ele>
			</trkpt>
			<trkpt lat="49.473712" lon="17.968704">
				<ele>294.000000</ele>
			</trkpt>
			<trkpt lat="49.473537" lon="17.968085">
				<ele>294.000000</ele>
			</trkpt>
			<trkpt lat="49.473449" lon="17.967752">
				<ele>294.000000</ele>
			</trkpt>
			<trkpt lat="49.473233" lon="17.966953">
				<ele>294.000000</ele>
			</trkpt>
			<trkpt lat="49.473029" lon="17.966207">
				<ele>293.000000</ele>
			</trkpt>
			<trkpt lat="49.472964" lon="17.965964">
				<ele>293.000000</ele>
			</trkpt>
			<trkpt lat="49.473035" lon="17.965928">
				<ele>295.000000</ele>
			</trkpt>
			<trkpt lat="49.472976" lon="17.965569">
				<ele>294.000000</ele>
			</trkpt>
			<trkpt lat="49.472970" lon="17.965416">
				<ele>294.000000</ele>
			</trkpt>
			<trkpt lat="49.472871" lon="17.965022">
				<ele>294.000000</ele>
			</trkpt>
			<trkpt lat="49.472813" lon="17.964815">
				<ele>294.000000</ele>
			</trkpt>
		</trkseg>
	</trk>
</gpx>

