<?xml version="1.0" encoding="utf-8"?>
<gpx xmlns="http://www.topografix.com/GPX/1/1" version="1.1" creator="https://mapy.com/">
	<trk>
		<name>Saint Hostýn — z Valašského Meziříčí</name>
		<trkseg>
			<trkpt lat="49.471564" lon="17.971291">
				<ele>309.000000</ele>
			</trkpt>
			<trkpt lat="49.471114" lon="17.971471">
				<ele>309.000000</ele>
			</trkpt>
			<trkpt lat="49.471039" lon="17.971337">
				<ele>309.000000</ele>
			</trkpt>
			<trkpt lat="49.470968" lon="17.970861">
				<ele>310.000000</ele>
			</trkpt>
			<trkpt lat="49.470845" lon="17.970716">
				<ele>308.000000</ele>
			</trkpt>
			<trkpt lat="49.470787" lon="17.970475">
				<ele>307.000000</ele>
			</trkpt>
			<trkpt lat="49.471266" lon="17.970169">
				<ele>307.000000</ele>
			</trkpt>
			<trkpt lat="49.471319" lon="17.970096">
				<ele>307.000000</ele>
			</trkpt>
			<trkpt lat="49.471108" lon="17.969324">
				<ele>306.000000</ele>
			</trkpt>
			<trkpt lat="49.471079" lon="17.969234">
				<ele>306.000000</ele>
			</trkpt>
			<trkpt lat="49.471039" lon="17.969135">
				<ele>306.000000</ele>
			</trkpt>
			<trkpt lat="49.471091" lon="17.968901">
				<ele>306.000000</ele>
			</trkpt>
			<trkpt lat="49.471114" lon="17.968714">
				<ele>305.000000</ele>
			</trkpt>
			<trkpt lat="49.471114" lon="17.968605">
				<ele>305.000000</ele>
			</trkpt>
			<trkpt lat="49.471097" lon="17.968551">
				<ele>305.000000</ele>
			</trkpt>
			<trkpt lat="49.471061" lon="17.968479">
				<ele>305.000000</ele>
			</trkpt>
			<trkpt lat="49.471009" lon="17.968435">
				<ele>305.000000</ele>
			</trkpt>
			<trkpt lat="49.471027" lon="17.968291">
				<ele>305.000000</ele>
			</trkpt>
			<trkpt lat="49.471027" lon="17.968138">
				<ele>305.000000</ele>
			</trkpt>
			<trkpt lat="49.471027" lon="17.967905">
				<ele>304.000000</ele>
			</trkpt>
			<trkpt lat="49.471003" lon="17.967672">
				<ele>304.000000</ele>
			</trkpt>
			<trkpt lat="49.470968" lon="17.967410">
				<ele>303.000000</ele>
			</trkpt>
			<trkpt lat="49.470910" lon="17.967114">
				<ele>303.000000</ele>
			</trkpt>
			<trkpt lat="49.470676" lon="17.966117">
				<ele>301.000000</ele>
			</trkpt>
			<trkpt lat="49.470577" lon="17.965704">
				<ele>300.000000</ele>
			</trkpt>
			<trkpt lat="49.470530" lon="17.965479">
				<ele>300.000000</ele>
			</trkpt>
			<trkpt lat="49.470507" lon="17.965353">
				<ele>299.000000</ele>
			</trkpt>
			<trkpt lat="49.470467" lon="17.965156">
				<ele>299.000000</ele>
			</trkpt>
			<trkpt lat="49.470349" lon="17.964347">
				<ele>297.000000</ele>
			</trkpt>
			<trkpt lat="49.470291" lon="17.963953">
				<ele>295.000000</ele>
			</trkpt>
			<trkpt lat="49.470250" lon="17.963674">
				<ele>295.000000</ele>
			</trkpt>
			<trkpt lat="49.470098" lon="17.962659">
				<ele>293.000000</ele>
			</trkpt>
			<trkpt lat="49.469958" lon="17.961840">
				<ele>291.000000</ele>
			</trkpt>
			<trkpt lat="49.469929" lon="17.961643">
				<ele>290.000000</ele>
			</trkpt>
			<trkpt lat="49.469952" lon="17.961634">
				<ele>290.000000</ele>
			</trkpt>
			<trkpt lat="49.469982" lon="17.961590">
				<ele>290.000000</ele>
			</trkpt>
			<trkpt lat="49.469999" lon="17.961563">
				<ele>290.000000</ele>
			</trkpt>
			<trkpt lat="49.470011" lon="17.961509">
				<ele>290.000000</ele>
			</trkpt>
			<trkpt lat="49.470034" lon="17.961383">
				<ele>290.000000</ele>
			</trkpt>
			<trkpt lat="49.470017" lon="17.961248">
				<ele>290.000000</ele>
			</trkpt>
			<trkpt lat="49.469993" lon="17.961150">
				<ele>290.000000</ele>
			</trkpt>
			<trkpt lat="49.469970" lon="17.961077">
				<ele>290.000000</ele>
			</trkpt>
			<trkpt lat="49.470070" lon="17.960961">
				<ele>290.000000</ele>
			</trkpt>
			<trkpt lat="49.470163" lon="17.960871">
				<ele>290.000000</ele>
			</trkpt>
			<trkpt lat="49.470262" lon="17.960808">
				<ele>290.000000</ele>
			</trkpt>
			<trkpt lat="49.470705" lon="17.960628">
				<ele>290.000000</ele>
			</trkpt>
			<trkpt lat="49.470799" lon="17.960592">
				<ele>290.000000</ele>
			</trkpt>
			<trkpt lat="49.470828" lon="17.960745">
				<ele>290.000000</ele>
			</trkpt>
			<trkpt lat="49.470916" lon="17.961248">
				<ele>290.000000</ele>
			</trkpt>
			<trkpt lat="49.470863" lon="17.961248">
				<ele>290.000000</ele>
			</trkpt>
			<trkpt lat="49.470817" lon="17.961213">
				<ele>290.000000</ele>
			</trkpt>
			<trkpt lat="49.470782" lon="17.961167">
				<ele>290.000000</ele>
			</trkpt>
			<trkpt lat="49.470758" lon="17.961087">
				<ele>290.000000</ele>
			</trkpt>
			<trkpt lat="49.470700" lon="17.960888">
				<ele>290.000000</ele>
			</trkpt>
			<trkpt lat="49.470659" lon="17.960691">
				<ele>290.000000</ele>
			</trkpt>
			<trkpt lat="49.470519" lon="17.960009">
				<ele>290.000000</ele>
			</trkpt>
			<trkpt lat="49.470355" lon="17.959209">
				<ele>290.000000</ele>
			</trkpt>
			<trkpt lat="49.470308" lon="17.958984">
				<ele>290.000000</ele>
			</trkpt>
			<trkpt lat="49.470215" lon="17.958688">
				<ele>290.000000</ele>
			</trkpt>
			<trkpt lat="49.470087" lon="17.958238">
				<ele>289.000000</ele>
			</trkpt>
			<trkpt lat="49.469941" lon="17.957611">
				<ele>289.000000</ele>
			</trkpt>
			<trkpt lat="49.469883" lon="17.957359">
				<ele>289.000000</ele>
			</trkpt>
			<trkpt lat="49.469783" lon="17.956936">
				<ele>289.000000</ele>
			</trkpt>
			<trkpt lat="49.469766" lon="17.956756">
				<ele>289.000000</ele>
			</trkpt>
			<trkpt lat="49.469742" lon="17.956603">
				<ele>289.000000</ele>
			</trkpt>
			<trkpt lat="49.469742" lon="17.956577">
				<ele>289.000000</ele>
			</trkpt>
			<trkpt lat="49.469731" lon="17.956389">
				<ele>289.000000</ele>
			</trkpt>
			<trkpt lat="49.469725" lon="17.956137">
				<ele>289.000000</ele>
			</trkpt>
			<trkpt lat="49.469742" lon="17.955930">
				<ele>289.000000</ele>
			</trkpt>
			<trkpt lat="49.469789" lon="17.955741">
				<ele>289.000000</ele>
			</trkpt>
			<trkpt lat="49.469859" lon="17.955454">
				<ele>289.000000</ele>
			</trkpt>
			<trkpt lat="49.469941" lon="17.955139">
				<ele>289.000000</ele>
			</trkpt>
			<trkpt lat="49.470017" lon="17.954898">
				<ele>288.000000</ele>
			</trkpt>
			<trkpt lat="49.470040" lon="17.954843">
				<ele>288.000000</ele>
			</trkpt>
			<trkpt lat="49.470064" lon="17.954816">
				<ele>288.000000</ele>
			</trkpt>
			<trkpt lat="49.470092" lon="17.954789">
				<ele>288.000000</ele>
			</trkpt>
			<trkpt lat="49.470128" lon="17.954781">
				<ele>288.000000</ele>
			</trkpt>
			<trkpt lat="49.470355" lon="17.954762">
				<ele>288.000000</ele>
			</trkpt>
			<trkpt lat="49.471809" lon="17.954592">
				<ele>288.000000</ele>
			</trkpt>
			<trkpt lat="49.472025" lon="17.954565">
				<ele>288.000000</ele>
			</trkpt>
			<trkpt lat="49.472211" lon="17.954502">
				<ele>288.000000</ele>
			</trkpt>
			<trkpt lat="49.472567" lon="17.954385">
				<ele>287.000000</ele>
			</trkpt>
			<trkpt lat="49.472825" lon="17.954277">
				<ele>287.000000</ele>
			</trkpt>
			<trkpt lat="49.473198" lon="17.954133">
				<ele>287.000000</ele>
			</trkpt>
			<trkpt lat="49.473712" lon="17.953919">
				<ele>287.000000</ele>
			</trkpt>
			<trkpt lat="49.473835" lon="17.953873">
				<ele>287.000000</ele>
			</trkpt>
			<trkpt lat="49.473957" lon="17.953864">
				<ele>287.000000</ele>
			</trkpt>
			<trkpt lat="49.474073" lon="17.953846">
				<ele>287.000000</ele>
			</trkpt>
			<trkpt lat="49.474191" lon="17.953810">
				<ele>287.000000</ele>
			</trkpt>
			<trkpt lat="49.474710" lon="17.953594">
				<ele>286.000000</ele>
			</trkpt>
			<trkpt lat="49.475119" lon="17.953451">
				<ele>286.000000</ele>
			</trkpt>
			<trkpt lat="49.475218" lon="17.953441">
				<ele>286.000000</ele>
			</trkpt>
			<trkpt lat="49.475299" lon="17.953477">
				<ele>286.000000</ele>
			</trkpt>
			<trkpt lat="49.475457" lon="17.953559">
				<ele>286.000000</ele>
			</trkpt>
			<trkpt lat="49.475574" lon="17.953577">
				<ele>286.000000</ele>
			</trkpt>
			<trkpt lat="49.475655" lon="17.953567">
				<ele>286.000000</ele>
			</trkpt>
			<trkpt lat="49.475767" lon="17.953559">
				<ele>286.000000</ele>
			</trkpt>
			<trkpt lat="49.476082" lon="17.953469">
				<ele>286.000000</ele>
			</trkpt>
			<trkpt lat="49.476362" lon="17.953370">
				<ele>286.000000</ele>
			</trkpt>
			<trkpt lat="49.476607" lon="17.953263">
				<ele>286.000000</ele>
			</trkpt>
			<trkpt lat="49.476893" lon="17.953118">
				<ele>285.000000</ele>
			</trkpt>
			<trkpt lat="49.476992" lon="17.953055">
				<ele>285.000000</ele>
			</trkpt>
			<trkpt lat="49.477092" lon="17.953001">
				<ele>285.000000</ele>
			</trkpt>
			<trkpt lat="49.477185" lon="17.952965">
				<ele>285.000000</ele>
			</trkpt>
			<trkpt lat="49.477296" lon="17.952894">
				<ele>285.000000</ele>
			</trkpt>
			<trkpt lat="49.477401" lon="17.952840">
				<ele>285.000000</ele>
			</trkpt>
			<trkpt lat="49.477448" lon="17.952831">
				<ele>285.000000</ele>
			</trkpt>
			<trkpt lat="49.477500" lon="17.952831">
				<ele>285.000000</ele>
			</trkpt>
			<trkpt lat="49.477599" lon="17.952858">
				<ele>285.000000</ele>
			</trkpt>
			<trkpt lat="49.477681" lon="17.952848">
				<ele>285.000000</ele>
			</trkpt>
			<trkpt lat="49.477763" lon="17.952822">
				<ele>285.000000</ele>
			</trkpt>
			<trkpt lat="49.477833" lon="17.952840">
				<ele>285.000000</ele>
			</trkpt>
			<trkpt lat="49.478405" lon="17.952984">
				<ele>285.000000</ele>
			</trkpt>
			<trkpt lat="49.478924" lon="17.953145">
				<ele>285.000000</ele>
			</trkpt>
			<trkpt lat="49.479449" lon="17.953343">
				<ele>285.000000</ele>
			</trkpt>
			<trkpt lat="49.479619" lon="17.953406">
				<ele>285.000000</ele>
			</trkpt>
			<trkpt lat="49.479911" lon="17.953531">
				<ele>285.000000</ele>
			</trkpt>
			<trkpt lat="49.480080" lon="17.953594">
				<ele>285.000000</ele>
			</trkpt>
			<trkpt lat="49.480290" lon="17.953640">
				<ele>285.000000</ele>
			</trkpt>
			<trkpt lat="49.480611" lon="17.953676">
				<ele>285.000000</ele>
			</trkpt>
			<trkpt lat="49.480880" lon="17.953684">
				<ele>285.000000</ele>
			</trkpt>
			<trkpt lat="49.480944" lon="17.953693">
				<ele>285.000000</ele>
			</trkpt>
			<trkpt lat="49.481148" lon="17.953693">
				<ele>285.000000</ele>
			</trkpt>
			<trkpt lat="49.481329" lon="17.953676">
				<ele>285.000000</ele>
			</trkpt>
			<trkpt lat="49.481486" lon="17.953630">
				<ele>285.000000</ele>
			</trkpt>
			<trkpt lat="49.481539" lon="17.953603">
				<ele>285.000000</ele>
			</trkpt>
			<trkpt lat="49.481592" lon="17.953603">
				<ele>285.000000</ele>
			</trkpt>
			<trkpt lat="49.481702" lon="17.953630">
				<ele>285.000000</ele>
			</trkpt>
			<trkpt lat="49.481808" lon="17.953603">
				<ele>285.000000</ele>
			</trkpt>
			<trkpt lat="49.481854" lon="17.953613">
				<ele>285.000000</ele>
			</trkpt>
			<trkpt lat="49.482134" lon="17.953540">
				<ele>285.000000</ele>
			</trkpt>
			<trkpt lat="49.482391" lon="17.953451">
				<ele>286.000000</ele>
			</trkpt>
			<trkpt lat="49.482583" lon="17.953353">
				<ele>286.000000</ele>
			</trkpt>
			<trkpt lat="49.483465" lon="17.952462">
				<ele>287.000000</ele>
			</trkpt>
			<trkpt lat="49.483926" lon="17.952076">
				<ele>287.000000</ele>
			</trkpt>
			<trkpt lat="49.484095" lon="17.951852">
				<ele>287.000000</ele>
			</trkpt>
			<trkpt lat="49.484136" lon="17.952049">
				<ele>287.000000</ele>
			</trkpt>
			<trkpt lat="49.484165" lon="17.952256">
				<ele>287.000000</ele>
			</trkpt>
			<trkpt lat="49.484189" lon="17.952462">
				<ele>288.000000</ele>
			</trkpt>
			<trkpt lat="49.484189" lon="17.952642">
				<ele>288.000000</ele>
			</trkpt>
			<trkpt lat="49.484189" lon="17.952840">
				<ele>288.000000</ele>
			</trkpt>
			<trkpt lat="49.484171" lon="17.953028">
				<ele>288.000000</ele>
			</trkpt>
			<trkpt lat="49.484148" lon="17.953253">
				<ele>288.000000</ele>
			</trkpt>
			<trkpt lat="49.484118" lon="17.953451">
				<ele>288.000000</ele>
			</trkpt>
			<trkpt lat="49.483874" lon="17.954888">
				<ele>289.000000</ele>
			</trkpt>
			<trkpt lat="49.484900" lon="17.954843">
				<ele>288.000000</ele>
			</trkpt>
			<trkpt lat="49.485478" lon="17.954816">
				<ele>288.000000</ele>
			</trkpt>
			<trkpt lat="49.486009" lon="17.954825">
				<ele>288.000000</ele>
			</trkpt>
			<trkpt lat="49.486675" lon="17.954852">
				<ele>288.000000</ele>
			</trkpt>
			<trkpt lat="49.486797" lon="17.954861">
				<ele>288.000000</ele>
			</trkpt>
			<trkpt lat="49.486925" lon="17.954852">
				<ele>288.000000</ele>
			</trkpt>
			<trkpt lat="49.487042" lon="17.954816">
				<ele>288.000000</ele>
			</trkpt>
			<trkpt lat="49.487141" lon="17.954753">
				<ele>288.000000</ele>
			</trkpt>
			<trkpt lat="49.487235" lon="17.954663">
				<ele>287.000000</ele>
			</trkpt>
			<trkpt lat="49.487328" lon="17.954546">
				<ele>287.000000</ele>
			</trkpt>
			<trkpt lat="49.487434" lon="17.954403">
				<ele>287.000000</ele>
			</trkpt>
			<trkpt lat="49.487760" lon="17.953909">
				<ele>287.000000</ele>
			</trkpt>
			<trkpt lat="49.488169" lon="17.953324">
				<ele>287.000000</ele>
			</trkpt>
			<trkpt lat="49.488466" lon="17.952885">
				<ele>287.000000</ele>
			</trkpt>
			<trkpt lat="49.488542" lon="17.952768">
				<ele>287.000000</ele>
			</trkpt>
			<trkpt lat="49.488606" lon="17.952634">
				<ele>287.000000</ele>
			</trkpt>
			<trkpt lat="49.488665" lon="17.952517">
				<ele>287.000000</ele>
			</trkpt>
			<trkpt lat="49.488734" lon="17.952337">
				<ele>287.000000</ele>
			</trkpt>
			<trkpt lat="49.488775" lon="17.952131">
				<ele>286.000000</ele>
			</trkpt>
			<trkpt lat="49.488816" lon="17.951896">
				<ele>286.000000</ele>
			</trkpt>
			<trkpt lat="49.488840" lon="17.951609">
				<ele>286.000000</ele>
			</trkpt>
			<trkpt lat="49.488863" lon="17.951466">
				<ele>286.000000</ele>
			</trkpt>
			<trkpt lat="49.488886" lon="17.951322">
				<ele>286.000000</ele>
			</trkpt>
			<trkpt lat="49.488916" lon="17.951232">
				<ele>286.000000</ele>
			</trkpt>
			<trkpt lat="49.488944" lon="17.951151">
				<ele>286.000000</ele>
			</trkpt>
			<trkpt lat="49.488980" lon="17.951079">
				<ele>286.000000</ele>
			</trkpt>
			<trkpt lat="49.489026" lon="17.951016">
				<ele>286.000000</ele>
			</trkpt>
			<trkpt lat="49.489248" lon="17.950764">
				<ele>286.000000</ele>
			</trkpt>
			<trkpt lat="49.489324" lon="17.950657">
				<ele>286.000000</ele>
			</trkpt>
			<trkpt lat="49.489400" lon="17.950558">
				<ele>286.000000</ele>
			</trkpt>
			<trkpt lat="49.489458" lon="17.950450">
				<ele>286.000000</ele>
			</trkpt>
			<trkpt lat="49.489505" lon="17.950324">
				<ele>286.000000</ele>
			</trkpt>
			<trkpt lat="49.489581" lon="17.950100">
				<ele>286.000000</ele>
			</trkpt>
			<trkpt lat="49.489674" lon="17.949741">
				<ele>286.000000</ele>
			</trkpt>
			<trkpt lat="49.489691" lon="17.949615">
				<ele>286.000000</ele>
			</trkpt>
			<trkpt lat="49.489791" lon="17.949076">
				<ele>286.000000</ele>
			</trkpt>
			<trkpt lat="49.489849" lon="17.948852">
				<ele>285.000000</ele>
			</trkpt>
			<trkpt lat="49.489907" lon="17.948663">
				<ele>285.000000</ele>
			</trkpt>
			<trkpt lat="49.489966" lon="17.948501">
				<ele>285.000000</ele>
			</trkpt>
			<trkpt lat="49.490024" lon="17.948384">
				<ele>285.000000</ele>
			</trkpt>
			<trkpt lat="49.490246" lon="17.947971">
				<ele>285.000000</ele>
			</trkpt>
			<trkpt lat="49.490339" lon="17.947845">
				<ele>285.000000</ele>
			</trkpt>
			<trkpt lat="49.490427" lon="17.947747">
				<ele>285.000000</ele>
			</trkpt>
			<trkpt lat="49.490520" lon="17.947638">
				<ele>285.000000</ele>
			</trkpt>
			<trkpt lat="49.490631" lon="17.947548">
				<ele>285.000000</ele>
			</trkpt>
			<trkpt lat="49.490941" lon="17.947342">
				<ele>285.000000</ele>
			</trkpt>
			<trkpt lat="49.491034" lon="17.947279">
				<ele>285.000000</ele>
			</trkpt>
			<trkpt lat="49.491570" lon="17.946982">
				<ele>284.000000</ele>
			</trkpt>
			<trkpt lat="49.491786" lon="17.946858">
				<ele>284.000000</ele>
			</trkpt>
			<trkpt lat="49.491991" lon="17.946776">
				<ele>284.000000</ele>
			</trkpt>
			<trkpt lat="49.492213" lon="17.946722">
				<ele>284.000000</ele>
			</trkpt>
			<trkpt lat="49.492551" lon="17.946659">
				<ele>284.000000</ele>
			</trkpt>
			<trkpt lat="49.493012" lon="17.946569">
				<ele>283.000000</ele>
			</trkpt>
			<trkpt lat="49.493414" lon="17.946525">
				<ele>283.000000</ele>
			</trkpt>
			<trkpt lat="49.493969" lon="17.946462">
				<ele>283.000000</ele>
			</trkpt>
			<trkpt lat="49.494383" lon="17.946408">
				<ele>283.000000</ele>
			</trkpt>
			<trkpt lat="49.494832" lon="17.946327">
				<ele>282.000000</ele>
			</trkpt>
			<trkpt lat="49.495293" lon="17.946210">
				<ele>282.000000</ele>
			</trkpt>
			<trkpt lat="49.495520" lon="17.946147">
				<ele>282.000000</ele>
			</trkpt>
			<trkpt lat="49.495742" lon="17.946057">
				<ele>282.000000</ele>
			</trkpt>
			<trkpt lat="49.495923" lon="17.945932">
				<ele>282.000000</ele>
			</trkpt>
			<trkpt lat="49.496133" lon="17.945770">
				<ele>282.000000</ele>
			</trkpt>
			<trkpt lat="49.496384" lon="17.945546">
				<ele>281.000000</ele>
			</trkpt>
			<trkpt lat="49.496530" lon="17.945456">
				<ele>281.000000</ele>
			</trkpt>
			<trkpt lat="49.496676" lon="17.945401">
				<ele>281.000000</ele>
			</trkpt>
			<trkpt lat="49.496927" lon="17.945330">
				<ele>281.000000</ele>
			</trkpt>
			<trkpt lat="49.497189" lon="17.945267">
				<ele>281.000000</ele>
			</trkpt>
			<trkpt lat="49.497417" lon="17.945177">
				<ele>281.000000</ele>
			</trkpt>
			<trkpt lat="49.497755" lon="17.945007">
				<ele>281.000000</ele>
			</trkpt>
			<trkpt lat="49.497849" lon="17.944961">
				<ele>281.000000</ele>
			</trkpt>
			<trkpt lat="49.497954" lon="17.944881">
				<ele>280.000000</ele>
			</trkpt>
			<trkpt lat="49.498058" lon="17.944791">
				<ele>280.000000</ele>
			</trkpt>
			<trkpt lat="49.498152" lon="17.944674">
				<ele>280.000000</ele>
			</trkpt>
			<trkpt lat="49.498233" lon="17.944548">
				<ele>280.000000</ele>
			</trkpt>
			<trkpt lat="49.498327" lon="17.944395">
				<ele>280.000000</ele>
			</trkpt>
			<trkpt lat="49.498549" lon="17.943992">
				<ele>280.000000</ele>
			</trkpt>
			<trkpt lat="49.498630" lon="17.943821">
				<ele>280.000000</ele>
			</trkpt>
			<trkpt lat="49.498689" lon="17.943650">
				<ele>280.000000</ele>
			</trkpt>
			<trkpt lat="49.498736" lon="17.943533">
				<ele>280.000000</ele>
			</trkpt>
			<trkpt lat="49.498777" lon="17.943399">
				<ele>280.000000</ele>
			</trkpt>
			<trkpt lat="49.498805" lon="17.943264">
				<ele>280.000000</ele>
			</trkpt>
			<trkpt lat="49.498829" lon="17.943120">
				<ele>280.000000</ele>
			</trkpt>
			<trkpt lat="49.498840" lon="17.942986">
				<ele>280.000000</ele>
			</trkpt>
			<trkpt lat="49.498846" lon="17.942824">
				<ele>280.000000</ele>
			</trkpt>
			<trkpt lat="49.498840" lon="17.942420">
				<ele>280.000000</ele>
			</trkpt>
			<trkpt lat="49.498835" lon="17.942213">
				<ele>280.000000</ele>
			</trkpt>
			<trkpt lat="49.498840" lon="17.942051">
				<ele>280.000000</ele>
			</trkpt>
			<trkpt lat="49.498870" lon="17.941854">
				<ele>280.000000</ele>
			</trkpt>
			<trkpt lat="49.498911" lon="17.941692">
				<ele>280.000000</ele>
			</trkpt>
			<trkpt lat="49.498969" lon="17.941503">
				<ele>280.000000</ele>
			</trkpt>
			<trkpt lat="49.499045" lon="17.941359">
				<ele>280.000000</ele>
			</trkpt>
			<trkpt lat="49.499132" lon="17.941198">
				<ele>280.000000</ele>
			</trkpt>
			<trkpt lat="49.499243" lon="17.941045">
				<ele>280.000000</ele>
			</trkpt>
			<trkpt lat="49.499383" lon="17.940847">
				<ele>280.000000</ele>
			</trkpt>
			<trkpt lat="49.499482" lon="17.940677">
				<ele>280.000000</ele>
			</trkpt>
			<trkpt lat="49.499570" lon="17.940461">
				<ele>280.000000</ele>
			</trkpt>
			<trkpt lat="49.499640" lon="17.940227">
				<ele>280.000000</ele>
			</trkpt>
			<trkpt lat="49.499721" lon="17.939887">
				<ele>280.000000</ele>
			</trkpt>
			<trkpt lat="49.499803" lon="17.939437">
				<ele>280.000000</ele>
			</trkpt>
			<trkpt lat="49.499890" lon="17.938961">
				<ele>280.000000</ele>
			</trkpt>
			<trkpt lat="49.499931" lon="17.938692">
				<ele>280.000000</ele>
			</trkpt>
			<trkpt lat="49.499990" lon="17.938440">
				<ele>280.000000</ele>
			</trkpt>
			<trkpt lat="49.500060" lon="17.938216">
				<ele>280.000000</ele>
			</trkpt>
			<trkpt lat="49.500147" lon="17.937927">
				<ele>280.000000</ele>
			</trkpt>
			<trkpt lat="49.500497" lon="17.936967">
				<ele>280.000000</ele>
			</trkpt>
			<trkpt lat="49.500626" lon="17.936617">
				<ele>280.000000</ele>
			</trkpt>
			<trkpt lat="49.500626" lon="17.936617">
				<ele>280.000000</ele>
			</trkpt>
			<trkpt lat="49.501116" lon="17.935323">
				<ele>280.000000</ele>
			</trkpt>
			<trkpt lat="49.501203" lon="17.935071">
				<ele>280.000000</ele>
			</trkpt>
			<trkpt lat="49.501262" lon="17.934937">
				<ele>280.000000</ele>
			</trkpt>
			<trkpt lat="49.501297" lon="17.934801">
				<ele>280.000000</ele>
			</trkpt>
			<trkpt lat="49.501367" lon="17.934505">
				<ele>280.000000</ele>
			</trkpt>
			<trkpt lat="49.501454" lon="17.933912">
				<ele>280.000000</ele>
			</trkpt>
			<trkpt lat="49.501506" lon="17.933669">
				<ele>280.000000</ele>
			</trkpt>
			<trkpt lat="49.501571" lon="17.933409">
				<ele>280.000000</ele>
			</trkpt>
			<trkpt lat="49.501676" lon="17.932960">
				<ele>280.000000</ele>
			</trkpt>
			<trkpt lat="49.501711" lon="17.932799">
				<ele>280.000000</ele>
			</trkpt>
			<trkpt lat="49.501734" lon="17.932619">
				<ele>280.000000</ele>
			</trkpt>
			<trkpt lat="49.501793" lon="17.932017">
				<ele>280.000000</ele>
			</trkpt>
			<trkpt lat="49.501880" lon="17.931308">
				<ele>280.000000</ele>
			</trkpt>
			<trkpt lat="49.501903" lon="17.931074">
				<ele>280.000000</ele>
			</trkpt>
			<trkpt lat="49.501938" lon="17.930571">
				<ele>280.000000</ele>
			</trkpt>
			<trkpt lat="49.501950" lon="17.930426">
				<ele>280.000000</ele>
			</trkpt>
			<trkpt lat="49.501979" lon="17.930256">
				<ele>280.000000</ele>
			</trkpt>
			<trkpt lat="49.502044" lon="17.929933">
				<ele>280.000000</ele>
			</trkpt>
			<trkpt lat="49.502067" lon="17.929709">
				<ele>280.000000</ele>
			</trkpt>
			<trkpt lat="49.502061" lon="17.929501">
				<ele>280.000000</ele>
			</trkpt>
			<trkpt lat="49.502032" lon="17.929277">
				<ele>280.000000</ele>
			</trkpt>
			<trkpt lat="49.501979" lon="17.928990">
				<ele>280.000000</ele>
			</trkpt>
			<trkpt lat="49.501822" lon="17.928342">
				<ele>279.000000</ele>
			</trkpt>
			<trkpt lat="49.501781" lon="17.928136">
				<ele>279.000000</ele>
			</trkpt>
			<trkpt lat="49.501752" lon="17.927912">
				<ele>279.000000</ele>
			</trkpt>
			<trkpt lat="49.501711" lon="17.927463">
				<ele>279.000000</ele>
			</trkpt>
			<trkpt lat="49.501694" lon="17.927283">
				<ele>279.000000</ele>
			</trkpt>
			<trkpt lat="49.501699" lon="17.927094">
				<ele>279.000000</ele>
			</trkpt>
			<trkpt lat="49.501705" lon="17.926860">
				<ele>279.000000</ele>
			</trkpt>
			<trkpt lat="49.501728" lon="17.926681">
				<ele>279.000000</ele>
			</trkpt>
			<trkpt lat="49.501763" lon="17.926520">
				<ele>279.000000</ele>
			</trkpt>
			<trkpt lat="49.501793" lon="17.926348">
				<ele>279.000000</ele>
			</trkpt>
			<trkpt lat="49.501938" lon="17.925809">
				<ele>279.000000</ele>
			</trkpt>
			<trkpt lat="49.502020" lon="17.925549">
				<ele>279.000000</ele>
			</trkpt>
			<trkpt lat="49.502067" lon="17.925415">
				<ele>279.000000</ele>
			</trkpt>
			<trkpt lat="49.502125" lon="17.925279">
				<ele>279.000000</ele>
			</trkpt>
			<trkpt lat="49.502207" lon="17.925145">
				<ele>279.000000</ele>
			</trkpt>
			<trkpt lat="49.502475" lon="17.924705">
				<ele>279.000000</ele>
			</trkpt>
			<trkpt lat="49.502551" lon="17.924543">
				<ele>279.000000</ele>
			</trkpt>
			<trkpt lat="49.502632" lon="17.924354">
				<ele>278.000000</ele>
			</trkpt>
			<trkpt lat="49.502732" lon="17.924076">
				<ele>278.000000</ele>
			</trkpt>
			<trkpt lat="49.502860" lon="17.923708">
				<ele>278.000000</ele>
			</trkpt>
			<trkpt lat="49.502942" lon="17.923492">
				<ele>278.000000</ele>
			</trkpt>
			<trkpt lat="49.503012" lon="17.923357">
				<ele>278.000000</ele>
			</trkpt>
			<trkpt lat="49.503274" lon="17.922872">
				<ele>278.000000</ele>
			</trkpt>
			<trkpt lat="49.503531" lon="17.922432">
				<ele>278.000000</ele>
			</trkpt>
			<trkpt lat="49.503292" lon="17.921937">
				<ele>278.000000</ele>
			</trkpt>
			<trkpt lat="49.503094" lon="17.921489">
				<ele>278.000000</ele>
			</trkpt>
			<trkpt lat="49.502907" lon="17.921031">
				<ele>278.000000</ele>
			</trkpt>
			<trkpt lat="49.502714" lon="17.920509">
				<ele>277.000000</ele>
			</trkpt>
			<trkpt lat="49.502673" lon="17.920384">
				<ele>277.000000</ele>
			</trkpt>
			<trkpt lat="49.502644" lon="17.920294">
				<ele>277.000000</ele>
			</trkpt>
			<trkpt lat="49.502632" lon="17.920186">
				<ele>277.000000</ele>
			</trkpt>
			<trkpt lat="49.502627" lon="17.920088">
				<ele>277.000000</ele>
			</trkpt>
			<trkpt lat="49.502627" lon="17.920006">
				<ele>277.000000</ele>
			</trkpt>
			<trkpt lat="49.502650" lon="17.919899">
				<ele>277.000000</ele>
			</trkpt>
			<trkpt lat="49.502709" lon="17.919647">
				<ele>277.000000</ele>
			</trkpt>
			<trkpt lat="49.502913" lon="17.919019">
				<ele>277.000000</ele>
			</trkpt>
			<trkpt lat="49.503029" lon="17.918605">
				<ele>277.000000</ele>
			</trkpt>
			<trkpt lat="49.503135" lon="17.918174">
				<ele>277.000000</ele>
			</trkpt>
			<trkpt lat="49.503216" lon="17.917707">
				<ele>277.000000</ele>
			</trkpt>
			<trkpt lat="49.503332" lon="17.917033">
				<ele>277.000000</ele>
			</trkpt>
			<trkpt lat="49.503420" lon="17.916486">
				<ele>276.000000</ele>
			</trkpt>
			<trkpt lat="49.503479" lon="17.916161">
				<ele>276.000000</ele>
			</trkpt>
			<trkpt lat="49.503560" lon="17.915847">
				<ele>276.000000</ele>
			</trkpt>
			<trkpt lat="49.503665" lon="17.915524">
				<ele>276.000000</ele>
			</trkpt>
			<trkpt lat="49.503898" lon="17.914850">
				<ele>276.000000</ele>
			</trkpt>
			<trkpt lat="49.504155" lon="17.914033">
				<ele>276.000000</ele>
			</trkpt>
			<trkpt lat="49.504301" lon="17.913574">
				<ele>276.000000</ele>
			</trkpt>
			<trkpt lat="49.504382" lon="17.913287">
				<ele>276.000000</ele>
			</trkpt>
			<trkpt lat="49.504429" lon="17.913008">
				<ele>276.000000</ele>
			</trkpt>
			<trkpt lat="49.504488" lon="17.912685">
				<ele>276.000000</ele>
			</trkpt>
			<trkpt lat="49.504797" lon="17.910358">
				<ele>275.000000</ele>
			</trkpt>
			<trkpt lat="49.504844" lon="17.909999">
				<ele>275.000000</ele>
			</trkpt>
			<trkpt lat="49.504873" lon="17.909811">
				<ele>275.000000</ele>
			</trkpt>
			<trkpt lat="49.504925" lon="17.909613">
				<ele>275.000000</ele>
			</trkpt>
			<trkpt lat="49.504983" lon="17.909442">
				<ele>275.000000</ele>
			</trkpt>
			<trkpt lat="49.505036" lon="17.909289">
				<ele>275.000000</ele>
			</trkpt>
			<trkpt lat="49.503310" lon="17.907915">
				<ele>275.000000</ele>
			</trkpt>
			<trkpt lat="49.502435" lon="17.907241">
				<ele>275.000000</ele>
			</trkpt>
			<trkpt lat="49.502143" lon="17.907035">
				<ele>275.000000</ele>
			</trkpt>
			<trkpt lat="49.502067" lon="17.906999">
				<ele>275.000000</ele>
			</trkpt>
			<trkpt lat="49.501950" lon="17.906981">
				<ele>275.000000</ele>
			</trkpt>
			<trkpt lat="49.501443" lon="17.906928">
				<ele>275.000000</ele>
			</trkpt>
			<trkpt lat="49.501337" lon="17.906891">
				<ele>275.000000</ele>
			</trkpt>
			<trkpt lat="49.501250" lon="17.906828">
				<ele>275.000000</ele>
			</trkpt>
			<trkpt lat="49.501180" lon="17.906739">
				<ele>275.000000</ele>
			</trkpt>
			<trkpt lat="49.501122" lon="17.906631">
				<ele>275.000000</ele>
			</trkpt>
			<trkpt lat="49.500130" lon="17.904106">
				<ele>275.000000</ele>
			</trkpt>
			<trkpt lat="49.500054" lon="17.903909">
				<ele>275.000000</ele>
			</trkpt>
			<trkpt lat="49.499955" lon="17.903657">
				<ele>275.000000</ele>
			</trkpt>
			<trkpt lat="49.499751" lon="17.903146">
				<ele>275.000000</ele>
			</trkpt>
			<trkpt lat="49.499546" lon="17.902624">
				<ele>275.000000</ele>
			</trkpt>
			<trkpt lat="49.499447" lon="17.902345">
				<ele>275.000000</ele>
			</trkpt>
			<trkpt lat="49.499371" lon="17.902049">
				<ele>275.000000</ele>
			</trkpt>
			<trkpt lat="49.499307" lon="17.901699">
				<ele>275.000000</ele>
			</trkpt>
			<trkpt lat="49.499231" lon="17.901142">
				<ele>275.000000</ele>
			</trkpt>
			<trkpt lat="49.499132" lon="17.900531">
				<ele>275.000000</ele>
			</trkpt>
			<trkpt lat="49.499010" lon="17.899777">
				<ele>275.000000</ele>
			</trkpt>
			<trkpt lat="49.498899" lon="17.899148">
				<ele>275.000000</ele>
			</trkpt>
			<trkpt lat="49.498858" lon="17.898968">
				<ele>275.000000</ele>
			</trkpt>
			<trkpt lat="49.498799" lon="17.898798">
				<ele>275.000000</ele>
			</trkpt>
			<trkpt lat="49.498718" lon="17.898636">
				<ele>275.000000</ele>
			</trkpt>
			<trkpt lat="49.498642" lon="17.898528">
				<ele>275.000000</ele>
			</trkpt>
			<trkpt lat="49.498531" lon="17.898375">
				<ele>275.000000</ele>
			</trkpt>
			<trkpt lat="49.498397" lon="17.898276">
				<ele>275.000000</ele>
			</trkpt>
			<trkpt lat="49.497965" lon="17.897970">
				<ele>275.000000</ele>
			</trkpt>
			<trkpt lat="49.497901" lon="17.897926">
				<ele>275.000000</ele>
			</trkpt>
			<trkpt lat="49.497820" lon="17.897899">
				<ele>275.000000</ele>
			</trkpt>
			<trkpt lat="49.497749" lon="17.897890">
				<ele>275.000000</ele>
			</trkpt>
			<trkpt lat="49.497668" lon="17.897890">
				<ele>275.000000</ele>
			</trkpt>
			<trkpt lat="49.497487" lon="17.897899">
				<ele>275.000000</ele>
			</trkpt>
			<trkpt lat="49.497207" lon="17.897980">
				<ele>275.000000</ele>
			</trkpt>
			<trkpt lat="49.497020" lon="17.898025">
				<ele>275.000000</ele>
			</trkpt>
			<trkpt lat="49.496962" lon="17.898033">
				<ele>275.000000</ele>
			</trkpt>
			<trkpt lat="49.496909" lon="17.898025">
				<ele>275.000000</ele>
			</trkpt>
			<trkpt lat="49.496827" lon="17.897970">
				<ele>275.000000</ele>
			</trkpt>
			<trkpt lat="49.496752" lon="17.897890">
				<ele>275.000000</ele>
			</trkpt>
			<trkpt lat="49.496647" lon="17.897728">
				<ele>275.000000</ele>
			</trkpt>
			<trkpt lat="49.496524" lon="17.897513">
				<ele>276.000000</ele>
			</trkpt>
			<trkpt lat="49.496349" lon="17.897737">
				<ele>276.000000</ele>
			</trkpt>
			<trkpt lat="49.496086" lon="17.898142">
				<ele>276.000000</ele>
			</trkpt>
			<trkpt lat="49.495853" lon="17.898501">
				<ele>277.000000</ele>
			</trkpt>
			<trkpt lat="49.495678" lon="17.898779">
				<ele>277.000000</ele>
			</trkpt>
			<trkpt lat="49.495357" lon="17.898528">
				<ele>277.000000</ele>
			</trkpt>
			<trkpt lat="49.495153" lon="17.898375">
				<ele>278.000000</ele>
			</trkpt>
			<trkpt lat="49.495153" lon="17.898375">
				<ele>278.000000</ele>
			</trkpt>
			<trkpt lat="49.495066" lon="17.898312">
				<ele>278.000000</ele>
			</trkpt>
			<trkpt lat="49.494757" lon="17.898115">
				<ele>278.000000</ele>
			</trkpt>
			<trkpt lat="49.494249" lon="17.897854">
				<ele>279.000000</ele>
			</trkpt>
			<trkpt lat="49.494056" lon="17.897728">
				<ele>279.000000</ele>
			</trkpt>
			<trkpt lat="49.493957" lon="17.897639">
				<ele>279.000000</ele>
			</trkpt>
			<trkpt lat="49.493858" lon="17.897494">
				<ele>279.000000</ele>
			</trkpt>
			<trkpt lat="49.493741" lon="17.897307">
				<ele>280.000000</ele>
			</trkpt>
			<trkpt lat="49.493572" lon="17.896991">
				<ele>280.000000</ele>
			</trkpt>
			<trkpt lat="49.493321" lon="17.896498">
				<ele>280.000000</ele>
			</trkpt>
			<trkpt lat="49.493193" lon="17.896238">
				<ele>280.000000</ele>
			</trkpt>
			<trkpt lat="49.493094" lon="17.895976">
				<ele>280.000000</ele>
			</trkpt>
			<trkpt lat="49.492994" lon="17.895689">
				<ele>280.000000</ele>
			</trkpt>
			<trkpt lat="49.492842" lon="17.895222">
				<ele>281.000000</ele>
			</trkpt>
			<trkpt lat="49.492632" lon="17.894602">
				<ele>281.000000</ele>
			</trkpt>
			<trkpt lat="49.492353" lon="17.893812">
				<ele>281.000000</ele>
			</trkpt>
			<trkpt lat="49.492230" lon="17.893462">
				<ele>281.000000</ele>
			</trkpt>
			<trkpt lat="49.492107" lon="17.893165">
				<ele>281.000000</ele>
			</trkpt>
			<trkpt lat="49.491973" lon="17.892896">
				<ele>281.000000</ele>
			</trkpt>
			<trkpt lat="49.491833" lon="17.892680">
				<ele>281.000000</ele>
			</trkpt>
			<trkpt lat="49.491693" lon="17.892483">
				<ele>281.000000</ele>
			</trkpt>
			<trkpt lat="49.491518" lon="17.892276">
				<ele>282.000000</ele>
			</trkpt>
			<trkpt lat="49.491337" lon="17.892096">
				<ele>282.000000</ele>
			</trkpt>
			<trkpt lat="49.491162" lon="17.891961">
				<ele>282.000000</ele>
			</trkpt>
			<trkpt lat="49.491028" lon="17.891862">
				<ele>282.000000</ele>
			</trkpt>
			<trkpt lat="49.490923" lon="17.891772">
				<ele>282.000000</ele>
			</trkpt>
			<trkpt lat="49.490824" lon="17.891655">
				<ele>282.000000</ele>
			</trkpt>
			<trkpt lat="49.490753" lon="17.891557">
				<ele>282.000000</ele>
			</trkpt>
			<trkpt lat="49.490689" lon="17.891422">
				<ele>282.000000</ele>
			</trkpt>
			<trkpt lat="49.490625" lon="17.891296">
				<ele>282.000000</ele>
			</trkpt>
			<trkpt lat="49.490567" lon="17.891144">
				<ele>282.000000</ele>
			</trkpt>
			<trkpt lat="49.490503" lon="17.890928">
				<ele>282.000000</ele>
			</trkpt>
			<trkpt lat="49.490427" lon="17.890668">
				<ele>282.000000</ele>
			</trkpt>
			<trkpt lat="49.490252" lon="17.890110">
				<ele>282.000000</ele>
			</trkpt>
			<trkpt lat="49.490100" lon="17.889634">
				<ele>283.000000</ele>
			</trkpt>
			<trkpt lat="49.490019" lon="17.889437">
				<ele>283.000000</ele>
			</trkpt>
			<trkpt lat="49.489890" lon="17.889185">
				<ele>283.000000</ele>
			</trkpt>
			<trkpt lat="49.489744" lon="17.888925">
				<ele>283.000000</ele>
			</trkpt>
			<trkpt lat="49.489458" lon="17.888439">
				<ele>283.000000</ele>
			</trkpt>
			<trkpt lat="49.489382" lon="17.888278">
				<ele>283.000000</ele>
			</trkpt>
			<trkpt lat="49.489324" lon="17.888125">
				<ele>283.000000</ele>
			</trkpt>
			<trkpt lat="49.489289" lon="17.887972">
				<ele>283.000000</ele>
			</trkpt>
			<trkpt lat="49.489278" lon="17.887820">
				<ele>283.000000</ele>
			</trkpt>
			<trkpt lat="49.489289" lon="17.887659">
				<ele>283.000000</ele>
			</trkpt>
			<trkpt lat="49.489318" lon="17.887460">
				<ele>283.000000</ele>
			</trkpt>
			<trkpt lat="49.489376" lon="17.887263">
				<ele>283.000000</ele>
			</trkpt>
			<trkpt lat="49.489464" lon="17.887047">
				<ele>284.000000</ele>
			</trkpt>
			<trkpt lat="49.489598" lon="17.886751">
				<ele>284.000000</ele>
			</trkpt>
			<trkpt lat="49.489639" lon="17.886617">
				<ele>284.000000</ele>
			</trkpt>
			<trkpt lat="49.489669" lon="17.886500">
				<ele>284.000000</ele>
			</trkpt>
			<trkpt lat="49.489680" lon="17.886364">
				<ele>284.000000</ele>
			</trkpt>
			<trkpt lat="49.489686" lon="17.886238">
				<ele>284.000000</ele>
			</trkpt>
			<trkpt lat="49.489669" lon="17.886131">
				<ele>284.000000</ele>
			</trkpt>
			<trkpt lat="49.489633" lon="17.886014">
				<ele>284.000000</ele>
			</trkpt>
			<trkpt lat="49.489592" lon="17.885915">
				<ele>284.000000</ele>
			</trkpt>
			<trkpt lat="49.489540" lon="17.885844">
				<ele>284.000000</ele>
			</trkpt>
			<trkpt lat="49.489481" lon="17.885789">
				<ele>284.000000</ele>
			</trkpt>
			<trkpt lat="49.489259" lon="17.885592">
				<ele>284.000000</ele>
			</trkpt>
			<trkpt lat="49.489050" lon="17.885403">
				<ele>284.000000</ele>
			</trkpt>
			<trkpt lat="49.488846" lon="17.885196">
				<ele>284.000000</ele>
			</trkpt>
			<trkpt lat="49.488618" lon="17.884936">
				<ele>284.000000</ele>
			</trkpt>
			<trkpt lat="49.488437" lon="17.884703">
				<ele>284.000000</ele>
			</trkpt>
			<trkpt lat="49.488262" lon="17.884443">
				<ele>285.000000</ele>
			</trkpt>
			<trkpt lat="49.488116" lon="17.884173">
				<ele>285.000000</ele>
			</trkpt>
			<trkpt lat="49.487970" lon="17.883877">
				<ele>285.000000</ele>
			</trkpt>
			<trkpt lat="49.487877" lon="17.883661">
				<ele>285.000000</ele>
			</trkpt>
			<trkpt lat="49.487801" lon="17.883517">
				<ele>285.000000</ele>
			</trkpt>
			<trkpt lat="49.487719" lon="17.883435">
				<ele>285.000000</ele>
			</trkpt>
			<trkpt lat="49.487573" lon="17.883301">
				<ele>285.000000</ele>
			</trkpt>
			<trkpt lat="49.487515" lon="17.883256">
				<ele>285.000000</ele>
			</trkpt>
			<trkpt lat="49.487456" lon="17.883185">
				<ele>285.000000</ele>
			</trkpt>
			<trkpt lat="49.487422" lon="17.883112">
				<ele>285.000000</ele>
			</trkpt>
			<trkpt lat="49.487398" lon="17.883041">
				<ele>285.000000</ele>
			</trkpt>
			<trkpt lat="49.487375" lon="17.882942">
				<ele>285.000000</ele>
			</trkpt>
			<trkpt lat="49.487346" lon="17.882835">
				<ele>285.000000</ele>
			</trkpt>
			<trkpt lat="49.487328" lon="17.882511">
				<ele>285.000000</ele>
			</trkpt>
			<trkpt lat="49.487281" lon="17.881559">
				<ele>285.000000</ele>
			</trkpt>
			<trkpt lat="49.487258" lon="17.880938">
				<ele>285.000000</ele>
			</trkpt>
			<trkpt lat="49.487258" lon="17.880328">
				<ele>285.000000</ele>
			</trkpt>
			<trkpt lat="49.487281" lon="17.879743">
				<ele>285.000000</ele>
			</trkpt>
			<trkpt lat="49.487287" lon="17.879556">
				<ele>285.000000</ele>
			</trkpt>
			<trkpt lat="49.487281" lon="17.879385">
				<ele>285.000000</ele>
			</trkpt>
			<trkpt lat="49.487258" lon="17.879232">
				<ele>285.000000</ele>
			</trkpt>
			<trkpt lat="49.487235" lon="17.879097">
				<ele>285.000000</ele>
			</trkpt>
			<trkpt lat="49.487194" lon="17.878954">
				<ele>285.000000</ele>
			</trkpt>
			<trkpt lat="49.487124" lon="17.878810">
				<ele>285.000000</ele>
			</trkpt>
			<trkpt lat="49.487048" lon="17.878657">
				<ele>285.000000</ele>
			</trkpt>
			<trkpt lat="49.486943" lon="17.878487">
				<ele>285.000000</ele>
			</trkpt>
			<trkpt lat="49.486850" lon="17.878315">
				<ele>285.000000</ele>
			</trkpt>
			<trkpt lat="49.486745" lon="17.878127">
				<ele>285.000000</ele>
			</trkpt>
			<trkpt lat="49.486668" lon="17.877984">
				<ele>285.000000</ele>
			</trkpt>
			<trkpt lat="49.486593" lon="17.877804">
				<ele>285.000000</ele>
			</trkpt>
			<trkpt lat="49.486465" lon="17.877453">
				<ele>285.000000</ele>
			</trkpt>
			<trkpt lat="49.486231" lon="17.876735">
				<ele>285.000000</ele>
			</trkpt>
			<trkpt lat="49.486050" lon="17.876141">
				<ele>285.000000</ele>
			</trkpt>
			<trkpt lat="49.485805" lon="17.875324">
				<ele>285.000000</ele>
			</trkpt>
			<trkpt lat="49.485443" lon="17.874057">
				<ele>286.000000</ele>
			</trkpt>
			<trkpt lat="49.485227" lon="17.873375">
				<ele>286.000000</ele>
			</trkpt>
			<trkpt lat="49.485776" lon="17.872684">
				<ele>286.000000</ele>
			</trkpt>
			<trkpt lat="49.486546" lon="17.871793">
				<ele>285.000000</ele>
			</trkpt>
			<trkpt lat="49.486756" lon="17.871543">
				<ele>286.000000</ele>
			</trkpt>
			<trkpt lat="49.486925" lon="17.871372">
				<ele>287.000000</ele>
			</trkpt>
			<trkpt lat="49.487089" lon="17.871219">
				<ele>287.000000</ele>
			</trkpt>
			<trkpt lat="49.487253" lon="17.871084">
				<ele>287.000000</ele>
			</trkpt>
			<trkpt lat="49.487428" lon="17.870977">
				<ele>288.000000</ele>
			</trkpt>
			<trkpt lat="49.487603" lon="17.870877">
				<ele>288.000000</ele>
			</trkpt>
			<trkpt lat="49.487836" lon="17.870779">
				<ele>289.000000</ele>
			</trkpt>
			<trkpt lat="49.488093" lon="17.870671">
				<ele>290.000000</ele>
			</trkpt>
			<trkpt lat="49.489336" lon="17.870240">
				<ele>296.000000</ele>
			</trkpt>
			<trkpt lat="49.489972" lon="17.870015">
				<ele>299.000000</ele>
			</trkpt>
			<trkpt lat="49.490578" lon="17.869772">
				<ele>303.000000</ele>
			</trkpt>
			<trkpt lat="49.490689" lon="17.869728">
				<ele>304.000000</ele>
			</trkpt>
			<trkpt lat="49.490783" lon="17.869638">
				<ele>304.000000</ele>
			</trkpt>
			<trkpt lat="49.490865" lon="17.869558">
				<ele>305.000000</ele>
			</trkpt>
			<trkpt lat="49.490929" lon="17.869449">
				<ele>305.000000</ele>
			</trkpt>
			<trkpt lat="49.490987" lon="17.869332">
				<ele>305.000000</ele>
			</trkpt>
			<trkpt lat="49.491051" lon="17.869180">
				<ele>305.000000</ele>
			</trkpt>
			<trkpt lat="49.491121" lon="17.868964">
				<ele>304.000000</ele>
			</trkpt>
			<trkpt lat="49.491203" lon="17.868677">
				<ele>304.000000</ele>
			</trkpt>
			<trkpt lat="49.491267" lon="17.868434">
				<ele>303.000000</ele>
			</trkpt>
			<trkpt lat="49.491366" lon="17.868237">
				<ele>303.000000</ele>
			</trkpt>
			<trkpt lat="49.491477" lon="17.868048">
				<ele>302.000000</ele>
			</trkpt>
			<trkpt lat="49.491647" lon="17.867851">
				<ele>301.000000</ele>
			</trkpt>
			<trkpt lat="49.491763" lon="17.867688">
				<ele>301.000000</ele>
			</trkpt>
			<trkpt lat="49.491868" lon="17.867518">
				<ele>300.000000</ele>
			</trkpt>
			<trkpt lat="49.491938" lon="17.867329">
				<ele>300.000000</ele>
			</trkpt>
			<trkpt lat="49.492072" lon="17.866925">
				<ele>299.000000</ele>
			</trkpt>
			<trkpt lat="49.492218" lon="17.866458">
				<ele>298.000000</ele>
			</trkpt>
			<trkpt lat="49.492276" lon="17.866296">
				<ele>297.000000</ele>
			</trkpt>
			<trkpt lat="49.492341" lon="17.866153">
				<ele>297.000000</ele>
			</trkpt>
			<trkpt lat="49.492434" lon="17.865964">
				<ele>296.000000</ele>
			</trkpt>
			<trkpt lat="49.492557" lon="17.865793">
				<ele>296.000000</ele>
			</trkpt>
			<trkpt lat="49.492615" lon="17.865686">
				<ele>296.000000</ele>
			</trkpt>
			<trkpt lat="49.492691" lon="17.865443">
				<ele>295.000000</ele>
			</trkpt>
			<trkpt lat="49.492714" lon="17.865317">
				<ele>295.000000</ele>
			</trkpt>
			<trkpt lat="49.492744" lon="17.865137">
				<ele>295.000000</ele>
			</trkpt>
			<trkpt lat="49.492761" lon="17.864778">
				<ele>295.000000</ele>
			</trkpt>
			<trkpt lat="49.492779" lon="17.864239">
				<ele>296.000000</ele>
			</trkpt>
			<trkpt lat="49.492866" lon="17.862478">
				<ele>306.000000</ele>
			</trkpt>
			<trkpt lat="49.492901" lon="17.861858">
				<ele>308.000000</ele>
			</trkpt>
			<trkpt lat="49.492907" lon="17.861553">
				<ele>310.000000</ele>
			</trkpt>
			<trkpt lat="49.492919" lon="17.860700">
				<ele>314.000000</ele>
			</trkpt>
			<trkpt lat="49.492907" lon="17.860331">
				<ele>315.000000</ele>
			</trkpt>
			<trkpt lat="49.492895" lon="17.860116">
				<ele>316.000000</ele>
			</trkpt>
			<trkpt lat="49.492872" lon="17.859927">
				<ele>316.000000</ele>
			</trkpt>
			<trkpt lat="49.492842" lon="17.859748">
				<ele>317.000000</ele>
			</trkpt>
			<trkpt lat="49.492802" lon="17.859558">
				<ele>318.000000</ele>
			</trkpt>
			<trkpt lat="49.492761" lon="17.859398">
				<ele>318.000000</ele>
			</trkpt>
			<trkpt lat="49.492714" lon="17.859226">
				<ele>319.000000</ele>
			</trkpt>
			<trkpt lat="49.492591" lon="17.858903">
				<ele>320.000000</ele>
			</trkpt>
			<trkpt lat="49.492422" lon="17.858543">
				<ele>321.000000</ele>
			</trkpt>
			<trkpt lat="49.492218" lon="17.858184">
				<ele>322.000000</ele>
			</trkpt>
			<trkpt lat="49.491950" lon="17.857763">
				<ele>324.000000</ele>
			</trkpt>
			<trkpt lat="49.491844" lon="17.857547">
				<ele>325.000000</ele>
			</trkpt>
			<trkpt lat="49.491652" lon="17.857061">
				<ele>326.000000</ele>
			</trkpt>
			<trkpt lat="49.491547" lon="17.856855">
				<ele>327.000000</ele>
			</trkpt>
			<trkpt lat="49.491454" lon="17.856711">
				<ele>327.000000</ele>
			</trkpt>
			<trkpt lat="49.491337" lon="17.856558">
				<ele>327.000000</ele>
			</trkpt>
			<trkpt lat="49.491285" lon="17.856505">
				<ele>328.000000</ele>
			</trkpt>
			<trkpt lat="49.491080" lon="17.856342">
				<ele>328.000000</ele>
			</trkpt>
			<trkpt lat="49.490905" lon="17.856218">
				<ele>329.000000</ele>
			</trkpt>
			<trkpt lat="49.490701" lon="17.856109">
				<ele>330.000000</ele>
			</trkpt>
			<trkpt lat="49.490444" lon="17.856010">
				<ele>331.000000</ele>
			</trkpt>
			<trkpt lat="49.490363" lon="17.855966">
				<ele>331.000000</ele>
			</trkpt>
			<trkpt lat="49.490275" lon="17.855903">
				<ele>332.000000</ele>
			</trkpt>
			<trkpt lat="49.490188" lon="17.855832">
				<ele>332.000000</ele>
			</trkpt>
			<trkpt lat="49.490088" lon="17.855732">
				<ele>332.000000</ele>
			</trkpt>
			<trkpt lat="49.489978" lon="17.855589">
				<ele>333.000000</ele>
			</trkpt>
			<trkpt lat="49.489902" lon="17.855444">
				<ele>334.000000</ele>
			</trkpt>
			<trkpt lat="49.489849" lon="17.855292">
				<ele>334.000000</ele>
			</trkpt>
			<trkpt lat="49.489791" lon="17.855040">
				<ele>335.000000</ele>
			</trkpt>
			<trkpt lat="49.489721" lon="17.854671">
				<ele>336.000000</ele>
			</trkpt>
			<trkpt lat="49.489686" lon="17.854555">
				<ele>336.000000</ele>
			</trkpt>
			<trkpt lat="49.489686" lon="17.854555">
				<ele>336.000000</ele>
			</trkpt>
			<trkpt lat="49.489662" lon="17.854465">
				<ele>337.000000</ele>
			</trkpt>
			<trkpt lat="49.489557" lon="17.854250">
				<ele>340.000000</ele>
			</trkpt>
			<trkpt lat="49.489406" lon="17.853962">
				<ele>340.000000</ele>
			</trkpt>
			<trkpt lat="49.489079" lon="17.853585">
				<ele>340.000000</ele>
			</trkpt>
			<trkpt lat="49.488781" lon="17.853279">
				<ele>340.000000</ele>
			</trkpt>
			<trkpt lat="49.488460" lon="17.852983">
				<ele>340.000000</ele>
			</trkpt>
			<trkpt lat="49.488040" lon="17.852660">
				<ele>340.000000</ele>
			</trkpt>
			<trkpt lat="49.487743" lon="17.852417">
				<ele>340.000000</ele>
			</trkpt>
			<trkpt lat="49.487532" lon="17.852228">
				<ele>340.000000</ele>
			</trkpt>
			<trkpt lat="49.487322" lon="17.852021">
				<ele>340.000000</ele>
			</trkpt>
			<trkpt lat="49.487065" lon="17.851717">
				<ele>340.000000</ele>
			</trkpt>
			<trkpt lat="49.486873" lon="17.851501">
				<ele>340.000000</ele>
			</trkpt>
			<trkpt lat="49.486709" lon="17.851366">
				<ele>339.000000</ele>
			</trkpt>
			<trkpt lat="49.486616" lon="17.851304">
				<ele>339.000000</ele>
			</trkpt>
			<trkpt lat="49.486506" lon="17.851258">
				<ele>338.000000</ele>
			</trkpt>
			<trkpt lat="49.486272" lon="17.851169">
				<ele>338.000000</ele>
			</trkpt>
			<trkpt lat="49.486068" lon="17.851105">
				<ele>337.000000</ele>
			</trkpt>
			<trkpt lat="49.485869" lon="17.850998">
				<ele>337.000000</ele>
			</trkpt>
			<trkpt lat="49.485729" lon="17.850918">
				<ele>336.000000</ele>
			</trkpt>
			<trkpt lat="49.485350" lon="17.850648">
				<ele>335.000000</ele>
			</trkpt>
			<trkpt lat="49.485152" lon="17.850513">
				<ele>334.000000</ele>
			</trkpt>
			<trkpt lat="49.484545" lon="17.850144">
				<ele>332.000000</ele>
			</trkpt>
			<trkpt lat="49.484049" lon="17.849813">
				<ele>329.000000</ele>
			</trkpt>
			<trkpt lat="49.483897" lon="17.849696">
				<ele>327.000000</ele>
			</trkpt>
			<trkpt lat="49.483740" lon="17.849551">
				<ele>325.000000</ele>
			</trkpt>
			<trkpt lat="49.483424" lon="17.849237">
				<ele>321.000000</ele>
			</trkpt>
			<trkpt lat="49.483302" lon="17.849121">
				<ele>320.000000</ele>
			</trkpt>
			<trkpt lat="49.482986" lon="17.848761">
				<ele>315.000000</ele>
			</trkpt>
			<trkpt lat="49.482747" lon="17.848465">
				<ele>311.000000</ele>
			</trkpt>
			<trkpt lat="49.482514" lon="17.848168">
				<ele>307.000000</ele>
			</trkpt>
			<trkpt lat="49.482356" lon="17.847908">
				<ele>305.000000</ele>
			</trkpt>
			<trkpt lat="49.482082" lon="17.847396">
				<ele>300.000000</ele>
			</trkpt>
			<trkpt lat="49.481889" lon="17.847081">
				<ele>299.000000</ele>
			</trkpt>
			<trkpt lat="49.481796" lon="17.846947">
				<ele>299.000000</ele>
			</trkpt>
			<trkpt lat="49.481691" lon="17.846830">
				<ele>299.000000</ele>
			</trkpt>
			<trkpt lat="49.481592" lon="17.846758">
				<ele>298.000000</ele>
			</trkpt>
			<trkpt lat="49.481457" lon="17.846713">
				<ele>298.000000</ele>
			</trkpt>
			<trkpt lat="49.481271" lon="17.846687">
				<ele>298.000000</ele>
			</trkpt>
			<trkpt lat="49.480908" lon="17.846704">
				<ele>297.000000</ele>
			</trkpt>
			<trkpt lat="49.480687" lon="17.846650">
				<ele>296.000000</ele>
			</trkpt>
			<trkpt lat="49.480552" lon="17.846641">
				<ele>296.000000</ele>
			</trkpt>
			<trkpt lat="49.480354" lon="17.846668">
				<ele>296.000000</ele>
			</trkpt>
			<trkpt lat="49.480273" lon="17.846641">
				<ele>295.000000</ele>
			</trkpt>
			<trkpt lat="49.480161" lon="17.846578">
				<ele>295.000000</ele>
			</trkpt>
			<trkpt lat="49.480039" lon="17.846335">
				<ele>295.000000</ele>
			</trkpt>
			<trkpt lat="49.479805" lon="17.845851">
				<ele>295.000000</ele>
			</trkpt>
			<trkpt lat="49.479683" lon="17.845545">
				<ele>296.000000</ele>
			</trkpt>
			<trkpt lat="49.479327" lon="17.844656">
				<ele>296.000000</ele>
			</trkpt>
			<trkpt lat="49.479280" lon="17.844539">
				<ele>296.000000</ele>
			</trkpt>
			<trkpt lat="49.479257" lon="17.844413">
				<ele>296.000000</ele>
			</trkpt>
			<trkpt lat="49.479245" lon="17.844278">
				<ele>296.000000</ele>
			</trkpt>
			<trkpt lat="49.479239" lon="17.844108">
				<ele>296.000000</ele>
			</trkpt>
			<trkpt lat="49.479233" lon="17.843677">
				<ele>296.000000</ele>
			</trkpt>
			<trkpt lat="49.479216" lon="17.843192">
				<ele>297.000000</ele>
			</trkpt>
			<trkpt lat="49.479199" lon="17.842859">
				<ele>297.000000</ele>
			</trkpt>
			<trkpt lat="49.479152" lon="17.842526">
				<ele>297.000000</ele>
			</trkpt>
			<trkpt lat="49.479070" lon="17.842123">
				<ele>297.000000</ele>
			</trkpt>
			<trkpt lat="49.479041" lon="17.841943">
				<ele>297.000000</ele>
			</trkpt>
			<trkpt lat="49.479030" lon="17.841737">
				<ele>297.000000</ele>
			</trkpt>
			<trkpt lat="49.479035" lon="17.841503">
				<ele>297.000000</ele>
			</trkpt>
			<trkpt lat="49.479058" lon="17.841215">
				<ele>297.000000</ele>
			</trkpt>
			<trkpt lat="49.479093" lon="17.840910">
				<ele>297.000000</ele>
			</trkpt>
			<trkpt lat="49.479146" lon="17.840649">
				<ele>298.000000</ele>
			</trkpt>
			<trkpt lat="49.479205" lon="17.840406">
				<ele>298.000000</ele>
			</trkpt>
			<trkpt lat="49.479321" lon="17.840066">
				<ele>298.000000</ele>
			</trkpt>
			<trkpt lat="49.479444" lon="17.839706">
				<ele>298.000000</ele>
			</trkpt>
			<trkpt lat="49.479537" lon="17.839419">
				<ele>298.000000</ele>
			</trkpt>
			<trkpt lat="49.479595" lon="17.839113">
				<ele>298.000000</ele>
			</trkpt>
			<trkpt lat="49.479671" lon="17.838691">
				<ele>298.000000</ele>
			</trkpt>
			<trkpt lat="49.479753" lon="17.838242">
				<ele>299.000000</ele>
			</trkpt>
			<trkpt lat="49.479852" lon="17.837819">
				<ele>299.000000</ele>
			</trkpt>
			<trkpt lat="49.479893" lon="17.837694">
				<ele>299.000000</ele>
			</trkpt>
			<trkpt lat="49.479911" lon="17.837559">
				<ele>299.000000</ele>
			</trkpt>
			<trkpt lat="49.479922" lon="17.837452">
				<ele>299.000000</ele>
			</trkpt>
			<trkpt lat="49.479928" lon="17.837343">
				<ele>299.000000</ele>
			</trkpt>
			<trkpt lat="49.479917" lon="17.837110">
				<ele>299.000000</ele>
			</trkpt>
			<trkpt lat="49.479864" lon="17.836714">
				<ele>299.000000</ele>
			</trkpt>
			<trkpt lat="49.479706" lon="17.835672">
				<ele>300.000000</ele>
			</trkpt>
			<trkpt lat="49.479613" lon="17.834999">
				<ele>300.000000</ele>
			</trkpt>
			<trkpt lat="49.479602" lon="17.834846">
				<ele>300.000000</ele>
			</trkpt>
			<trkpt lat="49.479543" lon="17.834415">
				<ele>300.000000</ele>
			</trkpt>
			<trkpt lat="49.479427" lon="17.833651">
				<ele>301.000000</ele>
			</trkpt>
			<trkpt lat="49.479391" lon="17.833427">
				<ele>301.000000</ele>
			</trkpt>
			<trkpt lat="49.479380" lon="17.833167">
				<ele>301.000000</ele>
			</trkpt>
			<trkpt lat="49.479386" lon="17.832932">
				<ele>302.000000</ele>
			</trkpt>
			<trkpt lat="49.479420" lon="17.832718">
				<ele>302.000000</ele>
			</trkpt>
			<trkpt lat="49.479473" lon="17.832492">
				<ele>302.000000</ele>
			</trkpt>
			<trkpt lat="49.479549" lon="17.832242">
				<ele>302.000000</ele>
			</trkpt>
			<trkpt lat="49.479642" lon="17.831980">
				<ele>302.000000</ele>
			</trkpt>
			<trkpt lat="49.479777" lon="17.831684">
				<ele>303.000000</ele>
			</trkpt>
			<trkpt lat="49.480547" lon="17.830058">
				<ele>304.000000</ele>
			</trkpt>
			<trkpt lat="49.481918" lon="17.827211">
				<ele>309.000000</ele>
			</trkpt>
			<trkpt lat="49.482111" lon="17.826798">
				<ele>310.000000</ele>
			</trkpt>
			<trkpt lat="49.482216" lon="17.826609">
				<ele>310.000000</ele>
			</trkpt>
			<trkpt lat="49.481889" lon="17.826024">
				<ele>310.000000</ele>
			</trkpt>
			<trkpt lat="49.481696" lon="17.825737">
				<ele>310.000000</ele>
			</trkpt>
			<trkpt lat="49.481498" lon="17.825450">
				<ele>310.000000</ele>
			</trkpt>
			<trkpt lat="49.481376" lon="17.825297">
				<ele>310.000000</ele>
			</trkpt>
			<trkpt lat="49.481253" lon="17.825171">
				<ele>310.000000</ele>
			</trkpt>
			<trkpt lat="49.481130" lon="17.825055">
				<ele>311.000000</ele>
			</trkpt>
			<trkpt lat="49.481014" lon="17.824947">
				<ele>312.000000</ele>
			</trkpt>
			<trkpt lat="49.480809" lon="17.824812">
				<ele>314.000000</ele>
			</trkpt>
			<trkpt lat="49.480552" lon="17.824704">
				<ele>316.000000</ele>
			</trkpt>
			<trkpt lat="49.480267" lon="17.824588">
				<ele>317.000000</ele>
			</trkpt>
			<trkpt lat="49.479946" lon="17.824462">
				<ele>319.000000</ele>
			</trkpt>
			<trkpt lat="49.479654" lon="17.824309">
				<ele>321.000000</ele>
			</trkpt>
			<trkpt lat="49.479619" lon="17.824273">
				<ele>321.000000</ele>
			</trkpt>
			<trkpt lat="49.479502" lon="17.824210">
				<ele>321.000000</ele>
			</trkpt>
			<trkpt lat="49.479041" lon="17.824003">
				<ele>323.000000</ele>
			</trkpt>
			<trkpt lat="49.478784" lon="17.823850">
				<ele>324.000000</ele>
			</trkpt>
			<trkpt lat="49.478656" lon="17.823760">
				<ele>325.000000</ele>
			</trkpt>
			<trkpt lat="49.478545" lon="17.823636">
				<ele>325.000000</ele>
			</trkpt>
			<trkpt lat="49.478439" lon="17.823473">
				<ele>325.000000</ele>
			</trkpt>
			<trkpt lat="49.478358" lon="17.823249">
				<ele>326.000000</ele>
			</trkpt>
			<trkpt lat="49.478305" lon="17.823043">
				<ele>326.000000</ele>
			</trkpt>
			<trkpt lat="49.478264" lon="17.822827">
				<ele>326.000000</ele>
			</trkpt>
			<trkpt lat="49.478236" lon="17.822540">
				<ele>327.000000</ele>
			</trkpt>
			<trkpt lat="49.478218" lon="17.822288">
				<ele>327.000000</ele>
			</trkpt>
			<trkpt lat="49.478224" lon="17.822108">
				<ele>327.000000</ele>
			</trkpt>
			<trkpt lat="49.478259" lon="17.821812">
				<ele>328.000000</ele>
			</trkpt>
			<trkpt lat="49.478305" lon="17.821586">
				<ele>328.000000</ele>
			</trkpt>
			<trkpt lat="49.478370" lon="17.821318">
				<ele>329.000000</ele>
			</trkpt>
			<trkpt lat="49.478446" lon="17.820994">
				<ele>330.000000</ele>
			</trkpt>
			<trkpt lat="49.478516" lon="17.820770">
				<ele>330.000000</ele>
			</trkpt>
			<trkpt lat="49.478592" lon="17.820554">
				<ele>331.000000</ele>
			</trkpt>
			<trkpt lat="49.478696" lon="17.820311">
				<ele>331.000000</ele>
			</trkpt>
			<trkpt lat="49.478773" lon="17.820150">
				<ele>332.000000</ele>
			</trkpt>
			<trkpt lat="49.478802" lon="17.820060">
				<ele>332.000000</ele>
			</trkpt>
			<trkpt lat="49.478831" lon="17.819952">
				<ele>332.000000</ele>
			</trkpt>
			<trkpt lat="49.478854" lon="17.819827">
				<ele>333.000000</ele>
			</trkpt>
			<trkpt lat="49.478889" lon="17.819412">
				<ele>334.000000</ele>
			</trkpt>
			<trkpt lat="49.478913" lon="17.819152">
				<ele>334.000000</ele>
			</trkpt>
			<trkpt lat="49.478948" lon="17.818820">
				<ele>335.000000</ele>
			</trkpt>
			<trkpt lat="49.478977" lon="17.818560">
				<ele>336.000000</ele>
			</trkpt>
			<trkpt lat="49.479017" lon="17.818236">
				<ele>338.000000</ele>
			</trkpt>
			<trkpt lat="49.479024" lon="17.818030">
				<ele>338.000000</ele>
			</trkpt>
			<trkpt lat="49.479006" lon="17.817904">
				<ele>338.000000</ele>
			</trkpt>
			<trkpt lat="49.478983" lon="17.817805">
				<ele>338.000000</ele>
			</trkpt>
			<trkpt lat="49.479024" lon="17.817770">
				<ele>338.000000</ele>
			</trkpt>
			<trkpt lat="49.479041" lon="17.817724">
				<ele>338.000000</ele>
			</trkpt>
			<trkpt lat="49.479052" lon="17.817670">
				<ele>338.000000</ele>
			</trkpt>
			<trkpt lat="49.479041" lon="17.817617">
				<ele>338.000000</ele>
			</trkpt>
			<trkpt lat="49.479017" lon="17.817554">
				<ele>338.000000</ele>
			</trkpt>
			<trkpt lat="49.478989" lon="17.817527">
				<ele>338.000000</ele>
			</trkpt>
			<trkpt lat="49.478948" lon="17.817508">
				<ele>338.000000</ele>
			</trkpt>
			<trkpt lat="49.478918" lon="17.817527">
				<ele>338.000000</ele>
			</trkpt>
			<trkpt lat="49.478883" lon="17.817563">
				<ele>338.000000</ele>
			</trkpt>
			<trkpt lat="49.478825" lon="17.817365">
				<ele>337.000000</ele>
			</trkpt>
			<trkpt lat="49.478784" lon="17.817231">
				<ele>339.000000</ele>
			</trkpt>
			<trkpt lat="49.478767" lon="17.817087">
				<ele>340.000000</ele>
			</trkpt>
			<trkpt lat="49.478755" lon="17.816952">
				<ele>341.000000</ele>
			</trkpt>
			<trkpt lat="49.478761" lon="17.816728">
				<ele>342.000000</ele>
			</trkpt>
			<trkpt lat="49.478790" lon="17.816125">
				<ele>344.000000</ele>
			</trkpt>
			<trkpt lat="49.478784" lon="17.815667">
				<ele>346.000000</ele>
			</trkpt>
			<trkpt lat="49.478778" lon="17.815514">
				<ele>346.000000</ele>
			</trkpt>
			<trkpt lat="49.478755" lon="17.815307">
				<ele>346.000000</ele>
			</trkpt>
			<trkpt lat="49.478661" lon="17.814707">
				<ele>348.000000</ele>
			</trkpt>
			<trkpt lat="49.478615" lon="17.814418">
				<ele>348.000000</ele>
			</trkpt>
			<trkpt lat="49.478603" lon="17.814175">
				<ele>349.000000</ele>
			</trkpt>
			<trkpt lat="49.478598" lon="17.814024">
				<ele>349.000000</ele>
			</trkpt>
			<trkpt lat="49.478615" lon="17.813844">
				<ele>349.000000</ele>
			</trkpt>
			<trkpt lat="49.478644" lon="17.813628">
				<ele>350.000000</ele>
			</trkpt>
			<trkpt lat="49.478656" lon="17.813520">
				<ele>350.000000</ele>
			</trkpt>
			<trkpt lat="49.478650" lon="17.813395">
				<ele>350.000000</ele>
			</trkpt>
			<trkpt lat="49.478627" lon="17.813223">
				<ele>351.000000</ele>
			</trkpt>
			<trkpt lat="49.478598" lon="17.813089">
				<ele>351.000000</ele>
			</trkpt>
			<trkpt lat="49.478545" lon="17.812963">
				<ele>352.000000</ele>
			</trkpt>
			<trkpt lat="49.478469" lon="17.812820">
				<ele>352.000000</ele>
			</trkpt>
			<trkpt lat="49.478381" lon="17.812684">
				<ele>353.000000</ele>
			</trkpt>
			<trkpt lat="49.478300" lon="17.812586">
				<ele>353.000000</ele>
			</trkpt>
			<trkpt lat="49.478212" lon="17.812496">
				<ele>354.000000</ele>
			</trkpt>
			<trkpt lat="49.478089" lon="17.812397">
				<ele>354.000000</ele>
			</trkpt>
			<trkpt lat="49.477967" lon="17.812290">
				<ele>355.000000</ele>
			</trkpt>
			<trkpt lat="49.477850" lon="17.812173">
				<ele>356.000000</ele>
			</trkpt>
			<trkpt lat="49.477821" lon="17.812091">
				<ele>356.000000</ele>
			</trkpt>
			<trkpt lat="49.477792" lon="17.811994">
				<ele>356.000000</ele>
			</trkpt>
			<trkpt lat="49.477780" lon="17.811877">
				<ele>357.000000</ele>
			</trkpt>
			<trkpt lat="49.477774" lon="17.811715">
				<ele>358.000000</ele>
			</trkpt>
			<trkpt lat="49.477716" lon="17.810718">
				<ele>361.000000</ele>
			</trkpt>
			<trkpt lat="49.477705" lon="17.810233">
				<ele>362.000000</ele>
			</trkpt>
			<trkpt lat="49.477710" lon="17.809927">
				<ele>363.000000</ele>
			</trkpt>
			<trkpt lat="49.477722" lon="17.809694">
				<ele>364.000000</ele>
			</trkpt>
			<trkpt lat="49.477763" lon="17.809460">
				<ele>365.000000</ele>
			</trkpt>
			<trkpt lat="49.477552" lon="17.809317">
				<ele>364.000000</ele>
			</trkpt>
			<trkpt lat="49.477331" lon="17.809137">
				<ele>363.000000</ele>
			</trkpt>
			<trkpt lat="49.477156" lon="17.809002">
				<ele>362.000000</ele>
			</trkpt>
			<trkpt lat="49.476952" lon="17.808875">
				<ele>361.000000</ele>
			</trkpt>
			<trkpt lat="49.476811" lon="17.808812">
				<ele>360.000000</ele>
			</trkpt>
			<trkpt lat="49.476479" lon="17.808661">
				<ele>359.000000</ele>
			</trkpt>
			<trkpt lat="49.476286" lon="17.808552">
				<ele>358.000000</ele>
			</trkpt>
			<trkpt lat="49.476117" lon="17.808445">
				<ele>357.000000</ele>
			</trkpt>
			<trkpt lat="49.475983" lon="17.808336">
				<ele>356.000000</ele>
			</trkpt>
			<trkpt lat="49.475912" lon="17.808256">
				<ele>356.000000</ele>
			</trkpt>
			<trkpt lat="49.475842" lon="17.808149">
				<ele>355.000000</ele>
			</trkpt>
			<trkpt lat="49.475696" lon="17.807879">
				<ele>354.000000</ele>
			</trkpt>
			<trkpt lat="49.475399" lon="17.807267">
				<ele>352.000000</ele>
			</trkpt>
			<trkpt lat="49.475160" lon="17.806801">
				<ele>351.000000</ele>
			</trkpt>
			<trkpt lat="49.474961" lon="17.806432">
				<ele>350.000000</ele>
			</trkpt>
			<trkpt lat="49.474751" lon="17.806091">
				<ele>348.000000</ele>
			</trkpt>
			<trkpt lat="49.474535" lon="17.805741">
				<ele>345.000000</ele>
			</trkpt>
			<trkpt lat="49.474301" lon="17.805399">
				<ele>343.000000</ele>
			</trkpt>
			<trkpt lat="49.474039" lon="17.805040">
				<ele>340.000000</ele>
			</trkpt>
			<trkpt lat="49.473741" lon="17.804663">
				<ele>338.000000</ele>
			</trkpt>
			<trkpt lat="49.473315" lon="17.804141">
				<ele>336.000000</ele>
			</trkpt>
			<trkpt lat="49.473105" lon="17.803908">
				<ele>335.000000</ele>
			</trkpt>
			<trkpt lat="49.472930" lon="17.803738">
				<ele>334.000000</ele>
			</trkpt>
			<trkpt lat="49.472743" lon="17.803558">
				<ele>332.000000</ele>
			</trkpt>
			<trkpt lat="49.472550" lon="17.803396">
				<ele>331.000000</ele>
			</trkpt>
			<trkpt lat="49.472054" lon="17.803019">
				<ele>328.000000</ele>
			</trkpt>
			<trkpt lat="49.471756" lon="17.802812">
				<ele>326.000000</ele>
			</trkpt>
			<trkpt lat="49.471091" lon="17.802372">
				<ele>323.000000</ele>
			</trkpt>
			<trkpt lat="49.470817" lon="17.802174">
				<ele>322.000000</ele>
			</trkpt>
			<trkpt lat="49.470489" lon="17.801896">
				<ele>321.000000</ele>
			</trkpt>
			<trkpt lat="49.470308" lon="17.801717">
				<ele>320.000000</ele>
			</trkpt>
			<trkpt lat="49.470139" lon="17.801546">
				<ele>319.000000</ele>
			</trkpt>
			<trkpt lat="49.469736" lon="17.801124">
				<ele>317.000000</ele>
			</trkpt>
			<trkpt lat="49.469509" lon="17.800891">
				<ele>317.000000</ele>
			</trkpt>
			<trkpt lat="49.469287" lon="17.800683">
				<ele>317.000000</ele>
			</trkpt>
			<trkpt lat="49.468698" lon="17.800180">
				<ele>317.000000</ele>
			</trkpt>
			<trkpt lat="49.468511" lon="17.800019">
				<ele>317.000000</ele>
			</trkpt>
			<trkpt lat="49.468370" lon="17.799883">
				<ele>317.000000</ele>
			</trkpt>
			<trkpt lat="49.468242" lon="17.799740">
				<ele>317.000000</ele>
			</trkpt>
			<trkpt lat="49.468143" lon="17.799596">
				<ele>317.000000</ele>
			</trkpt>
			<trkpt lat="49.468049" lon="17.799453">
				<ele>317.000000</ele>
			</trkpt>
			<trkpt lat="49.467973" lon="17.799264">
				<ele>316.000000</ele>
			</trkpt>
			<trkpt lat="49.467898" lon="17.799067">
				<ele>316.000000</ele>
			</trkpt>
			<trkpt lat="49.467839" lon="17.798887">
				<ele>316.000000</ele>
			</trkpt>
			<trkpt lat="49.467501" lon="17.797602">
				<ele>316.000000</ele>
			</trkpt>
			<trkpt lat="49.466952" lon="17.795401">
				<ele>330.000000</ele>
			</trkpt>
			<trkpt lat="49.466742" lon="17.794629">
				<ele>327.000000</ele>
			</trkpt>
			<trkpt lat="49.466543" lon="17.793927">
				<ele>324.000000</ele>
			</trkpt>
			<trkpt lat="49.466327" lon="17.793254">
				<ele>321.000000</ele>
			</trkpt>
			<trkpt lat="49.466099" lon="17.792581">
				<ele>320.000000</ele>
			</trkpt>
			<trkpt lat="49.465680" lon="17.791404">
				<ele>321.000000</ele>
			</trkpt>
			<trkpt lat="49.465364" lon="17.790614">
				<ele>321.000000</ele>
			</trkpt>
			<trkpt lat="49.465025" lon="17.789822">
				<ele>322.000000</ele>
			</trkpt>
			<trkpt lat="49.464605" lon="17.788943">
				<ele>322.000000</ele>
			</trkpt>
			<trkpt lat="49.464348" lon="17.788448">
				<ele>322.000000</ele>
			</trkpt>
			<trkpt lat="49.463840" lon="17.787478">
				<ele>323.000000</ele>
			</trkpt>
			<trkpt lat="49.463642" lon="17.787082">
				<ele>323.000000</ele>
			</trkpt>
			<trkpt lat="49.463420" lon="17.786625">
				<ele>323.000000</ele>
			</trkpt>
			<trkpt lat="49.463233" lon="17.786176">
				<ele>324.000000</ele>
			</trkpt>
			<trkpt lat="49.463064" lon="17.785708">
				<ele>324.000000</ele>
			</trkpt>
			<trkpt lat="49.462894" lon="17.785205">
				<ele>324.000000</ele>
			</trkpt>
			<trkpt lat="49.462749" lon="17.784702">
				<ele>324.000000</ele>
			</trkpt>
			<trkpt lat="49.462696" lon="17.784459">
				<ele>325.000000</ele>
			</trkpt>
			<trkpt lat="49.462655" lon="17.784280">
				<ele>325.000000</ele>
			</trkpt>
			<trkpt lat="49.462626" lon="17.784056">
				<ele>325.000000</ele>
			</trkpt>
			<trkpt lat="49.462602" lon="17.783858">
				<ele>325.000000</ele>
			</trkpt>
			<trkpt lat="49.462591" lon="17.783669">
				<ele>325.000000</ele>
			</trkpt>
			<trkpt lat="49.462585" lon="17.783463">
				<ele>325.000000</ele>
			</trkpt>
			<trkpt lat="49.462591" lon="17.783238">
				<ele>325.000000</ele>
			</trkpt>
			<trkpt lat="49.462596" lon="17.782968">
				<ele>326.000000</ele>
			</trkpt>
			<trkpt lat="49.462655" lon="17.782178">
				<ele>327.000000</ele>
			</trkpt>
			<trkpt lat="49.462673" lon="17.781702">
				<ele>328.000000</ele>
			</trkpt>
			<trkpt lat="49.462678" lon="17.781226">
				<ele>329.000000</ele>
			</trkpt>
			<trkpt lat="49.462673" lon="17.780704">
				<ele>330.000000</ele>
			</trkpt>
			<trkpt lat="49.462637" lon="17.779851">
				<ele>330.000000</ele>
			</trkpt>
			<trkpt lat="49.462527" lon="17.778090">
				<ele>331.000000</ele>
			</trkpt>
			<trkpt lat="49.462497" lon="17.777758">
				<ele>332.000000</ele>
			</trkpt>
			<trkpt lat="49.462474" lon="17.777453">
				<ele>332.000000</ele>
			</trkpt>
			<trkpt lat="49.462322" lon="17.776555">
				<ele>332.000000</ele>
			</trkpt>
			<trkpt lat="49.462275" lon="17.776240">
				<ele>332.000000</ele>
			</trkpt>
			<trkpt lat="49.462246" lon="17.775935">
				<ele>333.000000</ele>
			</trkpt>
			<trkpt lat="49.462229" lon="17.775584">
				<ele>333.000000</ele>
			</trkpt>
			<trkpt lat="49.462171" lon="17.774300">
				<ele>333.000000</ele>
			</trkpt>
			<trkpt lat="49.462077" lon="17.772970">
				<ele>334.000000</ele>
			</trkpt>
			<trkpt lat="49.462024" lon="17.772333">
				<ele>334.000000</ele>
			</trkpt>
			<trkpt lat="49.461861" lon="17.770221">
				<ele>337.000000</ele>
			</trkpt>
			<trkpt lat="49.461843" lon="17.769934">
				<ele>337.000000</ele>
			</trkpt>
			<trkpt lat="49.461837" lon="17.769683">
				<ele>337.000000</ele>
			</trkpt>
			<trkpt lat="49.461843" lon="17.769503">
				<ele>338.000000</ele>
			</trkpt>
			<trkpt lat="49.461837" lon="17.769350">
				<ele>338.000000</ele>
			</trkpt>
			<trkpt lat="49.461814" lon="17.769188">
				<ele>338.000000</ele>
			</trkpt>
			<trkpt lat="49.461791" lon="17.768991">
				<ele>338.000000</ele>
			</trkpt>
			<trkpt lat="49.461744" lon="17.768658">
				<ele>339.000000</ele>
			</trkpt>
			<trkpt lat="49.461733" lon="17.768425">
				<ele>339.000000</ele>
			</trkpt>
			<trkpt lat="49.461744" lon="17.768299">
				<ele>340.000000</ele>
			</trkpt>
			<trkpt lat="49.461755" lon="17.768200">
				<ele>340.000000</ele>
			</trkpt>
			<trkpt lat="49.461791" lon="17.768056">
				<ele>340.000000</ele>
			</trkpt>
			<trkpt lat="49.461820" lon="17.767930">
				<ele>340.000000</ele>
			</trkpt>
			<trkpt lat="49.461867" lon="17.767724">
				<ele>340.000000</ele>
			</trkpt>
			<trkpt lat="49.461902" lon="17.767544">
				<ele>340.000000</ele>
			</trkpt>
			<trkpt lat="49.461919" lon="17.767400">
				<ele>341.000000</ele>
			</trkpt>
			<trkpt lat="49.461914" lon="17.767230">
				<ele>341.000000</ele>
			</trkpt>
			<trkpt lat="49.461890" lon="17.767068">
				<ele>341.000000</ele>
			</trkpt>
			<trkpt lat="49.461861" lon="17.766880">
				<ele>341.000000</ele>
			</trkpt>
			<trkpt lat="49.461802" lon="17.766674">
				<ele>341.000000</ele>
			</trkpt>
			<trkpt lat="49.461721" lon="17.766377">
				<ele>342.000000</ele>
			</trkpt>
			<trkpt lat="49.461604" lon="17.766018">
				<ele>342.000000</ele>
			</trkpt>
			<trkpt lat="49.461540" lon="17.765703">
				<ele>343.000000</ele>
			</trkpt>
			<trkpt lat="49.461493" lon="17.765389">
				<ele>343.000000</ele>
			</trkpt>
			<trkpt lat="49.461458" lon="17.765003">
				<ele>343.000000</ele>
			</trkpt>
			<trkpt lat="49.461411" lon="17.764121">
				<ele>344.000000</ele>
			</trkpt>
			<trkpt lat="49.461411" lon="17.763978">
				<ele>344.000000</ele>
			</trkpt>
			<trkpt lat="49.461405" lon="17.763645">
				<ele>345.000000</ele>
			</trkpt>
			<trkpt lat="49.461440" lon="17.763313">
				<ele>345.000000</ele>
			</trkpt>
			<trkpt lat="49.461505" lon="17.762999">
				<ele>345.000000</ele>
			</trkpt>
			<trkpt lat="49.461580" lon="17.762739">
				<ele>346.000000</ele>
			</trkpt>
			<trkpt lat="49.461680" lon="17.762442">
				<ele>346.000000</ele>
			</trkpt>
			<trkpt lat="49.461727" lon="17.762263">
				<ele>346.000000</ele>
			</trkpt>
			<trkpt lat="49.461761" lon="17.762100">
				<ele>347.000000</ele>
			</trkpt>
			<trkpt lat="49.461779" lon="17.761948">
				<ele>347.000000</ele>
			</trkpt>
			<trkpt lat="49.461774" lon="17.761588">
				<ele>347.000000</ele>
			</trkpt>
			<trkpt lat="49.461785" lon="17.761508">
				<ele>347.000000</ele>
			</trkpt>
			<trkpt lat="49.461791" lon="17.761427">
				<ele>347.000000</ele>
			</trkpt>
			<trkpt lat="49.461750" lon="17.761247">
				<ele>347.000000</ele>
			</trkpt>
			<trkpt lat="49.461686" lon="17.760663">
				<ele>348.000000</ele>
			</trkpt>
			<trkpt lat="49.461621" lon="17.760286">
				<ele>349.000000</ele>
			</trkpt>
			<trkpt lat="49.461569" lon="17.759963">
				<ele>349.000000</ele>
			</trkpt>
			<trkpt lat="49.461516" lon="17.759739">
				<ele>349.000000</ele>
			</trkpt>
			<trkpt lat="49.461557" lon="17.759720">
				<ele>349.000000</ele>
			</trkpt>
			<trkpt lat="49.461575" lon="17.759666">
				<ele>349.000000</ele>
			</trkpt>
			<trkpt lat="49.461586" lon="17.759621">
				<ele>349.000000</ele>
			</trkpt>
			<trkpt lat="49.461575" lon="17.759567">
				<ele>349.000000</ele>
			</trkpt>
			<trkpt lat="49.461557" lon="17.759523">
				<ele>349.000000</ele>
			</trkpt>
			<trkpt lat="49.461522" lon="17.759477">
				<ele>350.000000</ele>
			</trkpt>
			<trkpt lat="49.461499" lon="17.759477">
				<ele>350.000000</ele>
			</trkpt>
			<trkpt lat="49.461464" lon="17.759477">
				<ele>350.000000</ele>
			</trkpt>
			<trkpt lat="49.461446" lon="17.759397">
				<ele>350.000000</ele>
			</trkpt>
			<trkpt lat="49.461423" lon="17.759297">
				<ele>350.000000</ele>
			</trkpt>
			<trkpt lat="49.461295" lon="17.759001">
				<ele>350.000000</ele>
			</trkpt>
			<trkpt lat="49.461277" lon="17.758930">
				<ele>350.000000</ele>
			</trkpt>
			<trkpt lat="49.461248" lon="17.758777">
				<ele>350.000000</ele>
			</trkpt>
			<trkpt lat="49.461224" lon="17.758418">
				<ele>350.000000</ele>
			</trkpt>
			<trkpt lat="49.461201" lon="17.757959">
				<ele>351.000000</ele>
			</trkpt>
			<trkpt lat="49.461166" lon="17.757447">
				<ele>351.000000</ele>
			</trkpt>
			<trkpt lat="49.461149" lon="17.757196">
				<ele>351.000000</ele>
			</trkpt>
			<trkpt lat="49.461137" lon="17.756989">
				<ele>351.000000</ele>
			</trkpt>
			<trkpt lat="49.461084" lon="17.756477">
				<ele>351.000000</ele>
			</trkpt>
			<trkpt lat="49.461032" lon="17.756082">
				<ele>351.000000</ele>
			</trkpt>
			<trkpt lat="49.460956" lon="17.755705">
				<ele>352.000000</ele>
			</trkpt>
			<trkpt lat="49.460851" lon="17.755265">
				<ele>352.000000</ele>
			</trkpt>
			<trkpt lat="49.460734" lon="17.754905">
				<ele>352.000000</ele>
			</trkpt>
			<trkpt lat="49.460588" lon="17.754546">
				<ele>352.000000</ele>
			</trkpt>
			<trkpt lat="49.460413" lon="17.754141">
				<ele>352.000000</ele>
			</trkpt>
			<trkpt lat="49.460168" lon="17.753674">
				<ele>353.000000</ele>
			</trkpt>
			<trkpt lat="49.459812" lon="17.753135">
				<ele>353.000000</ele>
			</trkpt>
			<trkpt lat="49.459362" lon="17.752389">
				<ele>353.000000</ele>
			</trkpt>
			<trkpt lat="49.459093" lon="17.751986">
				<ele>353.000000</ele>
			</trkpt>
			<trkpt lat="49.458766" lon="17.751546">
				<ele>354.000000</ele>
			</trkpt>
			<trkpt lat="49.458002" lon="17.750558">
				<ele>354.000000</ele>
			</trkpt>
			<trkpt lat="49.457692" lon="17.750152">
				<ele>355.000000</ele>
			</trkpt>
			<trkpt lat="49.457295" lon="17.749650">
				<ele>355.000000</ele>
			</trkpt>
			<trkpt lat="49.456781" lon="17.749039">
				<ele>355.000000</ele>
			</trkpt>
			<trkpt lat="49.456349" lon="17.748545">
				<ele>354.000000</ele>
			</trkpt>
			<trkpt lat="49.456156" lon="17.748330">
				<ele>354.000000</ele>
			</trkpt>
			<trkpt lat="49.456051" lon="17.748258">
				<ele>354.000000</ele>
			</trkpt>
			<trkpt lat="49.455963" lon="17.748194">
				<ele>354.000000</ele>
			</trkpt>
			<trkpt lat="49.455864" lon="17.748150">
				<ele>354.000000</ele>
			</trkpt>
			<trkpt lat="49.455771" lon="17.748105">
				<ele>353.000000</ele>
			</trkpt>
			<trkpt lat="49.455672" lon="17.748087">
				<ele>353.000000</ele>
			</trkpt>
			<trkpt lat="49.455537" lon="17.748060">
				<ele>353.000000</ele>
			</trkpt>
			<trkpt lat="49.455257" lon="17.748015">
				<ele>353.000000</ele>
			</trkpt>
			<trkpt lat="49.455041" lon="17.747961">
				<ele>353.000000</ele>
			</trkpt>
			<trkpt lat="49.454872" lon="17.747889">
				<ele>352.000000</ele>
			</trkpt>
			<trkpt lat="49.454691" lon="17.747764">
				<ele>352.000000</ele>
			</trkpt>
			<trkpt lat="49.454363" lon="17.747502">
				<ele>352.000000</ele>
			</trkpt>
			<trkpt lat="49.453984" lon="17.747162">
				<ele>351.000000</ele>
			</trkpt>
			<trkpt lat="49.453897" lon="17.747089">
				<ele>351.000000</ele>
			</trkpt>
			<trkpt lat="49.453826" lon="17.747045">
				<ele>351.000000</ele>
			</trkpt>
			<trkpt lat="49.453750" lon="17.747009">
				<ele>351.000000</ele>
			</trkpt>
			<trkpt lat="49.453698" lon="17.747009">
				<ele>351.000000</ele>
			</trkpt>
			<trkpt lat="49.453645" lon="17.747036">
				<ele>351.000000</ele>
			</trkpt>
			<trkpt lat="49.453587" lon="17.747072">
				<ele>351.000000</ele>
			</trkpt>
			<trkpt lat="49.453534" lon="17.747152">
				<ele>351.000000</ele>
			</trkpt>
			<trkpt lat="49.453488" lon="17.747233">
				<ele>351.000000</ele>
			</trkpt>
			<trkpt lat="49.453231" lon="17.747781">
				<ele>350.000000</ele>
			</trkpt>
			<trkpt lat="49.453155" lon="17.747971">
				<ele>350.000000</ele>
			</trkpt>
			<trkpt lat="49.453067" lon="17.748114">
				<ele>350.000000</ele>
			</trkpt>
			<trkpt lat="49.452997" lon="17.748248">
				<ele>350.000000</ele>
			</trkpt>
			<trkpt lat="49.452910" lon="17.748357">
				<ele>350.000000</ele>
			</trkpt>
			<trkpt lat="49.452828" lon="17.748447">
				<ele>349.000000</ele>
			</trkpt>
			<trkpt lat="49.452728" lon="17.748527">
				<ele>349.000000</ele>
			</trkpt>
			<trkpt lat="49.452629" lon="17.748590">
				<ele>349.000000</ele>
			</trkpt>
			<trkpt lat="49.452518" lon="17.748653">
				<ele>348.000000</ele>
			</trkpt>
			<trkpt lat="49.452319" lon="17.748724">
				<ele>348.000000</ele>
			</trkpt>
			<trkpt lat="49.452214" lon="17.748760">
				<ele>348.000000</ele>
			</trkpt>
			<trkpt lat="49.452121" lon="17.748770">
				<ele>347.000000</ele>
			</trkpt>
			<trkpt lat="49.452022" lon="17.748779">
				<ele>347.000000</ele>
			</trkpt>
			<trkpt lat="49.451922" lon="17.748760">
				<ele>347.000000</ele>
			</trkpt>
			<trkpt lat="49.451677" lon="17.748716">
				<ele>346.000000</ele>
			</trkpt>
			<trkpt lat="49.451607" lon="17.748724">
				<ele>346.000000</ele>
			</trkpt>
			<trkpt lat="49.451537" lon="17.748734">
				<ele>346.000000</ele>
			</trkpt>
			<trkpt lat="49.451473" lon="17.748770">
				<ele>346.000000</ele>
			</trkpt>
			<trkpt lat="49.451414" lon="17.748823">
				<ele>345.000000</ele>
			</trkpt>
			<trkpt lat="49.451350" lon="17.748886">
				<ele>345.000000</ele>
			</trkpt>
			<trkpt lat="49.451286" lon="17.748986">
				<ele>345.000000</ele>
			</trkpt>
			<trkpt lat="49.451210" lon="17.749076">
				<ele>345.000000</ele>
			</trkpt>
			<trkpt lat="49.451116" lon="17.749192">
				<ele>345.000000</ele>
			</trkpt>
			<trkpt lat="49.451047" lon="17.749246">
				<ele>345.000000</ele>
			</trkpt>
			<trkpt lat="49.450947" lon="17.749326">
				<ele>345.000000</ele>
			</trkpt>
			<trkpt lat="49.450883" lon="17.749345">
				<ele>345.000000</ele>
			</trkpt>
			<trkpt lat="49.450772" lon="17.749380">
				<ele>345.000000</ele>
			</trkpt>
			<trkpt lat="49.450708" lon="17.749380">
				<ele>345.000000</ele>
			</trkpt>
			<trkpt lat="49.450603" lon="17.749372">
				<ele>345.000000</ele>
			</trkpt>
			<trkpt lat="49.450422" lon="17.749317">
				<ele>346.000000</ele>
			</trkpt>
			<trkpt lat="49.450211" lon="17.749210">
				<ele>347.000000</ele>
			</trkpt>
			<trkpt lat="49.449989" lon="17.749049">
				<ele>347.000000</ele>
			</trkpt>
			<trkpt lat="49.449458" lon="17.748644">
				<ele>350.000000</ele>
			</trkpt>
			<trkpt lat="49.449265" lon="17.748510">
				<ele>350.000000</ele>
			</trkpt>
			<trkpt lat="49.449079" lon="17.748420">
				<ele>350.000000</ele>
			</trkpt>
			<trkpt lat="49.448909" lon="17.748365">
				<ele>351.000000</ele>
			</trkpt>
			<trkpt lat="49.448681" lon="17.748330">
				<ele>351.000000</ele>
			</trkpt>
			<trkpt lat="49.448611" lon="17.748311">
				<ele>351.000000</ele>
			</trkpt>
			<trkpt lat="49.448529" lon="17.748275">
				<ele>351.000000</ele>
			</trkpt>
			<trkpt lat="49.448471" lon="17.748231">
				<ele>351.000000</ele>
			</trkpt>
			<trkpt lat="49.448407" lon="17.748177">
				<ele>351.000000</ele>
			</trkpt>
			<trkpt lat="49.448319" lon="17.748068">
				<ele>351.000000</ele>
			</trkpt>
			<trkpt lat="49.448126" lon="17.747781">
				<ele>352.000000</ele>
			</trkpt>
			<trkpt lat="49.448033" lon="17.747655">
				<ele>352.000000</ele>
			</trkpt>
			<trkpt lat="49.447683" lon="17.747252">
				<ele>353.000000</ele>
			</trkpt>
			<trkpt lat="49.447379" lon="17.746892">
				<ele>353.000000</ele>
			</trkpt>
			<trkpt lat="49.446357" lon="17.745823">
				<ele>355.000000</ele>
			</trkpt>
			<trkpt lat="49.446217" lon="17.745661">
				<ele>355.000000</ele>
			</trkpt>
			<trkpt lat="49.446094" lon="17.745518">
				<ele>355.000000</ele>
			</trkpt>
			<trkpt lat="49.446001" lon="17.745365">
				<ele>356.000000</ele>
			</trkpt>
			<trkpt lat="49.445896" lon="17.745177">
				<ele>358.000000</ele>
			</trkpt>
			<trkpt lat="49.445820" lon="17.744952">
				<ele>359.000000</ele>
			</trkpt>
			<trkpt lat="49.445773" lon="17.744745">
				<ele>360.000000</ele>
			</trkpt>
			<trkpt lat="49.445715" lon="17.744476">
				<ele>360.000000</ele>
			</trkpt>
			<trkpt lat="49.445680" lon="17.744376">
				<ele>360.000000</ele>
			</trkpt>
			<trkpt lat="49.445639" lon="17.744296">
				<ele>360.000000</ele>
			</trkpt>
			<trkpt lat="49.445557" lon="17.744099">
				<ele>360.000000</ele>
			</trkpt>
			<trkpt lat="49.445493" lon="17.743936">
				<ele>360.000000</ele>
			</trkpt>
			<trkpt lat="49.445446" lon="17.743757">
				<ele>360.000000</ele>
			</trkpt>
			<trkpt lat="49.445387" lon="17.743533">
				<ele>360.000000</ele>
			</trkpt>
			<trkpt lat="49.445335" lon="17.743361">
				<ele>360.000000</ele>
			</trkpt>
			<trkpt lat="49.445288" lon="17.743227">
				<ele>360.000000</ele>
			</trkpt>
			<trkpt lat="49.445236" lon="17.743101">
				<ele>360.000000</ele>
			</trkpt>
			<trkpt lat="49.445165" lon="17.742967">
				<ele>360.000000</ele>
			</trkpt>
			<trkpt lat="49.445096" lon="17.742858">
				<ele>360.000000</ele>
			</trkpt>
			<trkpt lat="49.445002" lon="17.742742">
				<ele>360.000000</ele>
			</trkpt>
			<trkpt lat="49.444915" lon="17.742625">
				<ele>360.000000</ele>
			</trkpt>
			<trkpt lat="49.444797" lon="17.742508">
				<ele>360.000000</ele>
			</trkpt>
			<trkpt lat="49.444570" lon="17.742328">
				<ele>360.000000</ele>
			</trkpt>
			<trkpt lat="49.444109" lon="17.741969">
				<ele>360.000000</ele>
			</trkpt>
			<trkpt lat="49.443787" lon="17.741682">
				<ele>358.000000</ele>
			</trkpt>
			<trkpt lat="49.443489" lon="17.741376">
				<ele>355.000000</ele>
			</trkpt>
			<trkpt lat="49.443180" lon="17.740999">
				<ele>353.000000</ele>
			</trkpt>
			<trkpt lat="49.442741" lon="17.740451">
				<ele>350.000000</ele>
			</trkpt>
			<trkpt lat="49.442514" lon="17.740173">
				<ele>349.000000</ele>
			</trkpt>
			<trkpt lat="49.442269" lon="17.739894">
				<ele>348.000000</ele>
			</trkpt>
			<trkpt lat="49.442006" lon="17.739625">
				<ele>347.000000</ele>
			</trkpt>
			<trkpt lat="49.441754" lon="17.739346">
				<ele>346.000000</ele>
			</trkpt>
			<trkpt lat="49.441585" lon="17.739139">
				<ele>345.000000</ele>
			</trkpt>
			<trkpt lat="49.441515" lon="17.739032">
				<ele>344.000000</ele>
			</trkpt>
			<trkpt lat="49.441456" lon="17.738897">
				<ele>344.000000</ele>
			</trkpt>
			<trkpt lat="49.441386" lon="17.738762">
				<ele>343.000000</ele>
			</trkpt>
			<trkpt lat="49.441340" lon="17.738619">
				<ele>343.000000</ele>
			</trkpt>
			<trkpt lat="49.441263" lon="17.738394">
				<ele>342.000000</ele>
			</trkpt>
			<trkpt lat="49.441176" lon="17.738197">
				<ele>342.000000</ele>
			</trkpt>
			<trkpt lat="49.441094" lon="17.738026">
				<ele>341.000000</ele>
			</trkpt>
			<trkpt lat="49.440995" lon="17.737864">
				<ele>341.000000</ele>
			</trkpt>
			<trkpt lat="49.440890" lon="17.737720">
				<ele>340.000000</ele>
			</trkpt>
			<trkpt lat="49.440785" lon="17.737594">
				<ele>340.000000</ele>
			</trkpt>
			<trkpt lat="49.440638" lon="17.737451">
				<ele>340.000000</ele>
			</trkpt>
			<trkpt lat="49.440446" lon="17.737271">
				<ele>339.000000</ele>
			</trkpt>
			<trkpt lat="49.440282" lon="17.737137">
				<ele>339.000000</ele>
			</trkpt>
			<trkpt lat="49.440154" lon="17.737038">
				<ele>339.000000</ele>
			</trkpt>
			<trkpt lat="49.440002" lon="17.736939">
				<ele>339.000000</ele>
			</trkpt>
			<trkpt lat="49.439879" lon="17.736868">
				<ele>339.000000</ele>
			</trkpt>
			<trkpt lat="49.439733" lon="17.736813">
				<ele>339.000000</ele>
			</trkpt>
			<trkpt lat="49.439610" lon="17.736786">
				<ele>339.000000</ele>
			</trkpt>
			<trkpt lat="49.439482" lon="17.736759">
				<ele>338.000000</ele>
			</trkpt>
			<trkpt lat="49.439348" lon="17.736751">
				<ele>338.000000</ele>
			</trkpt>
			<trkpt lat="49.439143" lon="17.736786">
				<ele>339.000000</ele>
			</trkpt>
			<trkpt lat="49.438898" lon="17.736822">
				<ele>339.000000</ele>
			</trkpt>
			<trkpt lat="49.438600" lon="17.736902">
				<ele>339.000000</ele>
			</trkpt>
			<trkpt lat="49.438472" lon="17.736929">
				<ele>339.000000</ele>
			</trkpt>
			<trkpt lat="49.438372" lon="17.736939">
				<ele>340.000000</ele>
			</trkpt>
			<trkpt lat="49.438273" lon="17.736912">
				<ele>340.000000</ele>
			</trkpt>
			<trkpt lat="49.438203" lon="17.736894">
				<ele>340.000000</ele>
			</trkpt>
			<trkpt lat="49.438133" lon="17.736868">
				<ele>340.000000</ele>
			</trkpt>
			<trkpt lat="49.438068" lon="17.736804">
				<ele>325.000000</ele>
			</trkpt>
			<trkpt lat="49.438016" lon="17.736751">
				<ele>325.000000</ele>
			</trkpt>
			<trkpt lat="49.437975" lon="17.736678">
				<ele>325.000000</ele>
			</trkpt>
			<trkpt lat="49.437940" lon="17.736598">
				<ele>325.000000</ele>
			</trkpt>
			<trkpt lat="49.437905" lon="17.736499">
				<ele>325.000000</ele>
			</trkpt>
			<trkpt lat="49.437742" lon="17.735825">
				<ele>325.000000</ele>
			</trkpt>
			<trkpt lat="49.437537" lon="17.734954">
				<ele>324.000000</ele>
			</trkpt>
			<trkpt lat="49.437309" lon="17.733948">
				<ele>324.000000</ele>
			</trkpt>
			<trkpt lat="49.436749" lon="17.731378">
				<ele>322.000000</ele>
			</trkpt>
			<trkpt lat="49.436585" lon="17.730669">
				<ele>322.000000</ele>
			</trkpt>
			<trkpt lat="49.436404" lon="17.729959">
				<ele>321.000000</ele>
			</trkpt>
			<trkpt lat="49.436158" lon="17.729034">
				<ele>321.000000</ele>
			</trkpt>
			<trkpt lat="49.435924" lon="17.728270">
				<ele>320.000000</ele>
			</trkpt>
			<trkpt lat="49.435662" lon="17.727470">
				<ele>320.000000</ele>
			</trkpt>
			<trkpt lat="49.435358" lon="17.726627">
				<ele>319.000000</ele>
			</trkpt>
			<trkpt lat="49.435089" lon="17.725908">
				<ele>319.000000</ele>
			</trkpt>
			<trkpt lat="49.434610" lon="17.724767">
				<ele>318.000000</ele>
			</trkpt>
			<trkpt lat="49.434382" lon="17.724201">
				<ele>317.000000</ele>
			</trkpt>
			<trkpt lat="49.434330" lon="17.724048">
				<ele>317.000000</ele>
			</trkpt>
			<trkpt lat="49.434306" lon="17.723949">
				<ele>317.000000</ele>
			</trkpt>
			<trkpt lat="49.434300" lon="17.723851">
				<ele>317.000000</ele>
			</trkpt>
			<trkpt lat="49.434312" lon="17.723742">
				<ele>317.000000</ele>
			</trkpt>
			<trkpt lat="49.434336" lon="17.723617">
				<ele>317.000000</ele>
			</trkpt>
			<trkpt lat="49.434347" lon="17.723491">
				<ele>317.000000</ele>
			</trkpt>
			<trkpt lat="49.434347" lon="17.723383">
				<ele>317.000000</ele>
			</trkpt>
			<trkpt lat="49.434341" lon="17.723275">
				<ele>317.000000</ele>
			</trkpt>
			<trkpt lat="49.434318" lon="17.723132">
				<ele>317.000000</ele>
			</trkpt>
			<trkpt lat="49.434265" lon="17.722970">
				<ele>317.000000</ele>
			</trkpt>
			<trkpt lat="49.434119" lon="17.722503">
				<ele>316.000000</ele>
			</trkpt>
			<trkpt lat="49.433991" lon="17.722099">
				<ele>316.000000</ele>
			</trkpt>
			<trkpt lat="49.433874" lon="17.721685">
				<ele>316.000000</ele>
			</trkpt>
			<trkpt lat="49.433675" lon="17.720922">
				<ele>315.000000</ele>
			</trkpt>
			<trkpt lat="49.433617" lon="17.720706">
				<ele>315.000000</ele>
			</trkpt>
			<trkpt lat="49.433541" lon="17.720509">
				<ele>315.000000</ele>
			</trkpt>
			<trkpt lat="49.433255" lon="17.719889">
				<ele>314.000000</ele>
			</trkpt>
			<trkpt lat="49.433074" lon="17.719494">
				<ele>313.000000</ele>
			</trkpt>
			<trkpt lat="49.432700" lon="17.718765">
				<ele>312.000000</ele>
			</trkpt>
			<trkpt lat="49.432566" lon="17.718469">
				<ele>311.000000</ele>
			</trkpt>
			<trkpt lat="49.432472" lon="17.718262">
				<ele>311.000000</ele>
			</trkpt>
			<trkpt lat="49.432390" lon="17.718021">
				<ele>310.000000</ele>
			</trkpt>
			<trkpt lat="49.432297" lon="17.717751">
				<ele>310.000000</ele>
			</trkpt>
			<trkpt lat="49.432133" lon="17.717266">
				<ele>309.000000</ele>
			</trkpt>
			<trkpt lat="49.431952" lon="17.716620">
				<ele>307.000000</ele>
			</trkpt>
			<trkpt lat="49.431905" lon="17.716440">
				<ele>307.000000</ele>
			</trkpt>
			<trkpt lat="49.431420" lon="17.714867">
				<ele>305.000000</ele>
			</trkpt>
			<trkpt lat="49.431082" lon="17.714167">
				<ele>305.000000</ele>
			</trkpt>
			<trkpt lat="49.431058" lon="17.714113">
				<ele>305.000000</ele>
			</trkpt>
			<trkpt lat="49.430988" lon="17.713941">
				<ele>305.000000</ele>
			</trkpt>
			<trkpt lat="49.430912" lon="17.713744">
				<ele>305.000000</ele>
			</trkpt>
			<trkpt lat="49.430772" lon="17.713754">
				<ele>305.000000</ele>
			</trkpt>
			<trkpt lat="49.430708" lon="17.713763">
				<ele>305.000000</ele>
			</trkpt>
			<trkpt lat="49.430649" lon="17.713790">
				<ele>305.000000</ele>
			</trkpt>
			<trkpt lat="49.430520" lon="17.713888">
				<ele>305.000000</ele>
			</trkpt>
			<trkpt lat="49.430410" lon="17.714023">
				<ele>305.000000</ele>
			</trkpt>
			<trkpt lat="49.430001" lon="17.714706">
				<ele>307.000000</ele>
			</trkpt>
			<trkpt lat="49.429849" lon="17.714679">
				<ele>307.000000</ele>
			</trkpt>
			<trkpt lat="49.429527" lon="17.715226">
				<ele>309.000000</ele>
			</trkpt>
			<trkpt lat="49.429358" lon="17.715505">
				<ele>310.000000</ele>
			</trkpt>
			<trkpt lat="49.429195" lon="17.715765">
				<ele>312.000000</ele>
			</trkpt>
			<trkpt lat="49.429054" lon="17.715964">
				<ele>313.000000</ele>
			</trkpt>
			<trkpt lat="49.428914" lon="17.716134">
				<ele>315.000000</ele>
			</trkpt>
			<trkpt lat="49.428774" lon="17.716287">
				<ele>316.000000</ele>
			</trkpt>
			<trkpt lat="49.428552" lon="17.716530">
				<ele>318.000000</ele>
			</trkpt>
			<trkpt lat="49.428388" lon="17.716681">
				<ele>319.000000</ele>
			</trkpt>
			<trkpt lat="49.428242" lon="17.716799">
				<ele>320.000000</ele>
			</trkpt>
			<trkpt lat="49.428037" lon="17.716943">
				<ele>321.000000</ele>
			</trkpt>
			<trkpt lat="49.427746" lon="17.717140">
				<ele>322.000000</ele>
			</trkpt>
			<trkpt lat="49.427319" lon="17.717409">
				<ele>324.000000</ele>
			</trkpt>
			<trkpt lat="49.427044" lon="17.717625">
				<ele>325.000000</ele>
			</trkpt>
			<trkpt lat="49.426688" lon="17.717939">
				<ele>326.000000</ele>
			</trkpt>
			<trkpt lat="49.426425" lon="17.718191">
				<ele>326.000000</ele>
			</trkpt>
			<trkpt lat="49.425817" lon="17.718801">
				<ele>327.000000</ele>
			</trkpt>
			<trkpt lat="49.425227" lon="17.719430">
				<ele>329.000000</ele>
			</trkpt>
			<trkpt lat="49.424281" lon="17.720409">
				<ele>331.000000</ele>
			</trkpt>
			<trkpt lat="49.424251" lon="17.720455">
				<ele>332.000000</ele>
			</trkpt>
			<trkpt lat="49.424240" lon="17.720491">
				<ele>332.000000</ele>
			</trkpt>
			<trkpt lat="49.424240" lon="17.720553">
				<ele>332.000000</ele>
			</trkpt>
			<trkpt lat="49.424258" lon="17.720643">
				<ele>332.000000</ele>
			</trkpt>
			<trkpt lat="49.423848" lon="17.721111">
				<ele>335.000000</ele>
			</trkpt>
			<trkpt lat="49.423358" lon="17.721650">
				<ele>338.000000</ele>
			</trkpt>
			<trkpt lat="49.423240" lon="17.721775">
				<ele>339.000000</ele>
			</trkpt>
			<trkpt lat="49.423141" lon="17.721857">
				<ele>339.000000</ele>
			</trkpt>
			<trkpt lat="49.423036" lon="17.721920">
				<ele>340.000000</ele>
			</trkpt>
			<trkpt lat="49.422902" lon="17.721981">
				<ele>341.000000</ele>
			</trkpt>
			<trkpt lat="49.422785" lon="17.722027">
				<ele>342.000000</ele>
			</trkpt>
			<trkpt lat="49.422709" lon="17.722080">
				<ele>343.000000</ele>
			</trkpt>
			<trkpt lat="49.422656" lon="17.722144">
				<ele>343.000000</ele>
			</trkpt>
			<trkpt lat="49.422609" lon="17.722243">
				<ele>344.000000</ele>
			</trkpt>
			<trkpt lat="49.422434" lon="17.722036">
				<ele>344.000000</ele>
			</trkpt>
			<trkpt lat="49.422294" lon="17.721847">
				<ele>343.000000</ele>
			</trkpt>
			<trkpt lat="49.422131" lon="17.721560">
				<ele>343.000000</ele>
			</trkpt>
			<trkpt lat="49.421809" lon="17.720967">
				<ele>342.000000</ele>
			</trkpt>
			<trkpt lat="49.421663" lon="17.720706">
				<ele>342.000000</ele>
			</trkpt>
			<trkpt lat="49.421593" lon="17.720599">
				<ele>342.000000</ele>
			</trkpt>
			<trkpt lat="49.421476" lon="17.720365">
				<ele>341.000000</ele>
			</trkpt>
			<trkpt lat="49.421377" lon="17.720186">
				<ele>341.000000</ele>
			</trkpt>
			<trkpt lat="49.421295" lon="17.720023">
				<ele>341.000000</ele>
			</trkpt>
			<trkpt lat="49.421225" lon="17.719870">
				<ele>341.000000</ele>
			</trkpt>
			<trkpt lat="49.421137" lon="17.719717">
				<ele>340.000000</ele>
			</trkpt>
			<trkpt lat="49.421020" lon="17.719421">
				<ele>340.000000</ele>
			</trkpt>
			<trkpt lat="49.420979" lon="17.719304">
				<ele>340.000000</ele>
			</trkpt>
			<trkpt lat="49.420915" lon="17.719153">
				<ele>339.000000</ele>
			</trkpt>
			<trkpt lat="49.420874" lon="17.719054">
				<ele>339.000000</ele>
			</trkpt>
			<trkpt lat="49.420798" lon="17.718855">
				<ele>339.000000</ele>
			</trkpt>
			<trkpt lat="49.420728" lon="17.718712">
				<ele>338.000000</ele>
			</trkpt>
			<trkpt lat="49.420652" lon="17.718568">
				<ele>338.000000</ele>
			</trkpt>
			<trkpt lat="49.420582" lon="17.718488">
				<ele>338.000000</ele>
			</trkpt>
			<trkpt lat="49.420547" lon="17.718425">
				<ele>337.000000</ele>
			</trkpt>
			<trkpt lat="49.420471" lon="17.718325">
				<ele>337.000000</ele>
			</trkpt>
			<trkpt lat="49.420354" lon="17.718182">
				<ele>337.000000</ele>
			</trkpt>
			<trkpt lat="49.420278" lon="17.718056">
				<ele>336.000000</ele>
			</trkpt>
			<trkpt lat="49.420202" lon="17.717895">
				<ele>336.000000</ele>
			</trkpt>
			<trkpt lat="49.420126" lon="17.717715">
				<ele>336.000000</ele>
			</trkpt>
			<trkpt lat="49.420068" lon="17.717509">
				<ele>335.000000</ele>
			</trkpt>
			<trkpt lat="49.420015" lon="17.717283">
				<ele>335.000000</ele>
			</trkpt>
			<trkpt lat="49.419927" lon="17.716799">
				<ele>335.000000</ele>
			</trkpt>
			<trkpt lat="49.419898" lon="17.716610">
				<ele>335.000000</ele>
			</trkpt>
			<trkpt lat="49.419840" lon="17.716430">
				<ele>335.000000</ele>
			</trkpt>
			<trkpt lat="49.419782" lon="17.716287">
				<ele>335.000000</ele>
			</trkpt>
			<trkpt lat="49.419682" lon="17.716161">
				<ele>335.000000</ele>
			</trkpt>
			<trkpt lat="49.419559" lon="17.716017">
				<ele>335.000000</ele>
			</trkpt>
			<trkpt lat="49.419296" lon="17.715757">
				<ele>335.000000</ele>
			</trkpt>
			<trkpt lat="49.419074" lon="17.715532">
				<ele>335.000000</ele>
			</trkpt>
			<trkpt lat="49.418893" lon="17.715362">
				<ele>335.000000</ele>
			</trkpt>
			<trkpt lat="49.418758" lon="17.715272">
				<ele>335.000000</ele>
			</trkpt>
			<trkpt lat="49.418654" lon="17.715191">
				<ele>335.000000</ele>
			</trkpt>
			<trkpt lat="49.418536" lon="17.715146">
				<ele>335.000000</ele>
			</trkpt>
			<trkpt lat="49.418402" lon="17.715101">
				<ele>335.000000</ele>
			</trkpt>
			<trkpt lat="49.418063" lon="17.714983">
				<ele>335.000000</ele>
			</trkpt>
			<trkpt lat="49.417987" lon="17.714939">
				<ele>335.000000</ele>
			</trkpt>
			<trkpt lat="49.417923" lon="17.714894">
				<ele>335.000000</ele>
			</trkpt>
			<trkpt lat="49.417858" lon="17.714822">
				<ele>335.000000</ele>
			</trkpt>
			<trkpt lat="49.417800" lon="17.714733">
				<ele>335.000000</ele>
			</trkpt>
			<trkpt lat="49.417426" lon="17.714094">
				<ele>337.000000</ele>
			</trkpt>
			<trkpt lat="49.417333" lon="17.713951">
				<ele>337.000000</ele>
			</trkpt>
			<trkpt lat="49.417245" lon="17.713834">
				<ele>337.000000</ele>
			</trkpt>
			<trkpt lat="49.417140" lon="17.713717">
				<ele>338.000000</ele>
			</trkpt>
			<trkpt lat="49.416982" lon="17.713574">
				<ele>338.000000</ele>
			</trkpt>
			<trkpt lat="49.416754" lon="17.713367">
				<ele>339.000000</ele>
			</trkpt>
			<trkpt lat="49.416351" lon="17.712972">
				<ele>340.000000</ele>
			</trkpt>
			<trkpt lat="49.416158" lon="17.712738">
				<ele>339.000000</ele>
			</trkpt>
			<trkpt lat="49.415953" lon="17.712451">
				<ele>338.000000</ele>
			</trkpt>
			<trkpt lat="49.415807" lon="17.712262">
				<ele>337.000000</ele>
			</trkpt>
			<trkpt lat="49.415684" lon="17.712136">
				<ele>336.000000</ele>
			</trkpt>
			<trkpt lat="49.415568" lon="17.712029">
				<ele>335.000000</ele>
			</trkpt>
			<trkpt lat="49.415457" lon="17.711957">
				<ele>335.000000</ele>
			</trkpt>
			<trkpt lat="49.415322" lon="17.711893">
				<ele>335.000000</ele>
			</trkpt>
			<trkpt lat="49.414866" lon="17.711741">
				<ele>335.000000</ele>
			</trkpt>
			<trkpt lat="49.414732" lon="17.711678">
				<ele>335.000000</ele>
			</trkpt>
			<trkpt lat="49.414592" lon="17.711589">
				<ele>335.000000</ele>
			</trkpt>
			<trkpt lat="49.414457" lon="17.711463">
				<ele>335.000000</ele>
			</trkpt>
			<trkpt lat="49.414300" lon="17.711274">
				<ele>335.000000</ele>
			</trkpt>
			<trkpt lat="49.414136" lon="17.711058">
				<ele>335.000000</ele>
			</trkpt>
			<trkpt lat="49.413973" lon="17.710815">
				<ele>335.000000</ele>
			</trkpt>
			<trkpt lat="49.413452" lon="17.709945">
				<ele>337.000000</ele>
			</trkpt>
			<trkpt lat="49.413154" lon="17.709442">
				<ele>339.000000</ele>
			</trkpt>
			<trkpt lat="49.413026" lon="17.709226">
				<ele>339.000000</ele>
			</trkpt>
			<trkpt lat="49.412886" lon="17.709028">
				<ele>340.000000</ele>
			</trkpt>
			<trkpt lat="49.412721" lon="17.708840">
				<ele>340.000000</ele>
			</trkpt>
			<trkpt lat="49.412371" lon="17.708462">
				<ele>340.000000</ele>
			</trkpt>
			<trkpt lat="49.412184" lon="17.708247">
				<ele>340.000000</ele>
			</trkpt>
			<trkpt lat="49.412009" lon="17.708014">
				<ele>340.000000</ele>
			</trkpt>
			<trkpt lat="49.411827" lon="17.707744">
				<ele>340.000000</ele>
			</trkpt>
			<trkpt lat="49.411681" lon="17.707483">
				<ele>340.000000</ele>
			</trkpt>
			<trkpt lat="49.411606" lon="17.707322">
				<ele>340.000000</ele>
			</trkpt>
			<trkpt lat="49.411553" lon="17.707159">
				<ele>340.000000</ele>
			</trkpt>
			<trkpt lat="49.411535" lon="17.706953">
				<ele>340.000000</ele>
			</trkpt>
			<trkpt lat="49.411529" lon="17.706792">
				<ele>340.000000</ele>
			</trkpt>
			<trkpt lat="49.411553" lon="17.706585">
				<ele>340.000000</ele>
			</trkpt>
			<trkpt lat="49.411593" lon="17.706333">
				<ele>340.000000</ele>
			</trkpt>
			<trkpt lat="49.412190" lon="17.703477">
				<ele>338.000000</ele>
			</trkpt>
			<trkpt lat="49.412704" lon="17.701006">
				<ele>326.000000</ele>
			</trkpt>
			<trkpt lat="49.413125" lon="17.698949">
				<ele>325.000000</ele>
			</trkpt>
			<trkpt lat="49.413207" lon="17.698536">
				<ele>325.000000</ele>
			</trkpt>
			<trkpt lat="49.413271" lon="17.698284">
				<ele>325.000000</ele>
			</trkpt>
			<trkpt lat="49.413370" lon="17.698041">
				<ele>325.000000</ele>
			</trkpt>
			<trkpt lat="49.413482" lon="17.697781">
				<ele>325.000000</ele>
			</trkpt>
			<trkpt lat="49.413773" lon="17.697161">
				<ele>327.000000</ele>
			</trkpt>
			<trkpt lat="49.413967" lon="17.696785">
				<ele>329.000000</ele>
			</trkpt>
			<trkpt lat="49.414241" lon="17.696263">
				<ele>330.000000</ele>
			</trkpt>
			<trkpt lat="49.414311" lon="17.696129">
				<ele>330.000000</ele>
			</trkpt>
			<trkpt lat="49.414416" lon="17.696003">
				<ele>330.000000</ele>
			</trkpt>
			<trkpt lat="49.415247" lon="17.695024">
				<ele>330.000000</ele>
			</trkpt>
			<trkpt lat="49.415387" lon="17.694853">
				<ele>330.000000</ele>
			</trkpt>
			<trkpt lat="49.415451" lon="17.694735">
				<ele>330.000000</ele>
			</trkpt>
			<trkpt lat="49.415509" lon="17.694601">
				<ele>330.000000</ele>
			</trkpt>
			<trkpt lat="49.415538" lon="17.694431">
				<ele>330.000000</ele>
			</trkpt>
			<trkpt lat="49.415656" lon="17.693739">
				<ele>330.000000</ele>
			</trkpt>
			<trkpt lat="49.415743" lon="17.693137">
				<ele>330.000000</ele>
			</trkpt>
			<trkpt lat="49.415790" lon="17.692651">
				<ele>330.000000</ele>
			</trkpt>
			<trkpt lat="49.415813" lon="17.692337">
				<ele>330.000000</ele>
			</trkpt>
			<trkpt lat="49.415422" lon="17.691934">
				<ele>330.000000</ele>
			</trkpt>
			<trkpt lat="49.414650" lon="17.691215">
				<ele>330.000000</ele>
			</trkpt>
			<trkpt lat="49.414504" lon="17.691080">
				<ele>330.000000</ele>
			</trkpt>
			<trkpt lat="49.414364" lon="17.690982">
				<ele>330.000000</ele>
			</trkpt>
			<trkpt lat="49.414229" lon="17.690900">
				<ele>330.000000</ele>
			</trkpt>
			<trkpt lat="49.413926" lon="17.690729">
				<ele>330.000000</ele>
			</trkpt>
			<trkpt lat="49.413517" lon="17.690532">
				<ele>330.000000</ele>
			</trkpt>
			<trkpt lat="49.413376" lon="17.690443">
				<ele>330.000000</ele>
			</trkpt>
			<trkpt lat="49.413207" lon="17.690307">
				<ele>330.000000</ele>
			</trkpt>
			<trkpt lat="49.413031" lon="17.690137">
				<ele>330.000000</ele>
			</trkpt>
			<trkpt lat="49.412886" lon="17.689957">
				<ele>330.000000</ele>
			</trkpt>
			<trkpt lat="49.412751" lon="17.689804">
				<ele>330.000000</ele>
			</trkpt>
			<trkpt lat="49.412628" lon="17.689624">
				<ele>330.000000</ele>
			</trkpt>
			<trkpt lat="49.412523" lon="17.689454">
				<ele>331.000000</ele>
			</trkpt>
			<trkpt lat="49.412424" lon="17.689284">
				<ele>332.000000</ele>
			</trkpt>
			<trkpt lat="49.412324" lon="17.689104">
				<ele>333.000000</ele>
			</trkpt>
			<trkpt lat="49.412073" lon="17.688538">
				<ele>335.000000</ele>
			</trkpt>
			<trkpt lat="49.411576" lon="17.687334">
				<ele>339.000000</ele>
			</trkpt>
			<trkpt lat="49.410986" lon="17.685978">
				<ele>342.000000</ele>
			</trkpt>
			<trkpt lat="49.410577" lon="17.685034">
				<ele>345.000000</ele>
			</trkpt>
			<trkpt lat="49.410460" lon="17.684764">
				<ele>345.000000</ele>
			</trkpt>
			<trkpt lat="49.410244" lon="17.684217">
				<ele>345.000000</ele>
			</trkpt>
			<trkpt lat="49.410085" lon="17.683768">
				<ele>345.000000</ele>
			</trkpt>
			<trkpt lat="49.409975" lon="17.683426">
				<ele>345.000000</ele>
			</trkpt>
			<trkpt lat="49.409875" lon="17.683049">
				<ele>345.000000</ele>
			</trkpt>
			<trkpt lat="49.409788" lon="17.682582">
				<ele>345.000000</ele>
			</trkpt>
			<trkpt lat="49.409747" lon="17.682366">
				<ele>345.000000</ele>
			</trkpt>
			<trkpt lat="49.409729" lon="17.682160">
				<ele>345.000000</ele>
			</trkpt>
			<trkpt lat="49.409712" lon="17.681953">
				<ele>345.000000</ele>
			</trkpt>
			<trkpt lat="49.409712" lon="17.681720">
				<ele>345.000000</ele>
			</trkpt>
			<trkpt lat="49.409712" lon="17.681225">
				<ele>345.000000</ele>
			</trkpt>
			<trkpt lat="49.409542" lon="17.681216">
				<ele>345.000000</ele>
			</trkpt>
			<trkpt lat="49.409407" lon="17.681189">
				<ele>344.000000</ele>
			</trkpt>
			<trkpt lat="49.409338" lon="17.681145">
				<ele>344.000000</ele>
			</trkpt>
			<trkpt lat="49.409256" lon="17.681099">
				<ele>343.000000</ele>
			</trkpt>
			<trkpt lat="49.409051" lon="17.680911">
				<ele>341.000000</ele>
			</trkpt>
			<trkpt lat="49.407899" lon="17.679761">
				<ele>333.000000</ele>
			</trkpt>
			<trkpt lat="49.407649" lon="17.679510">
				<ele>332.000000</ele>
			</trkpt>
			<trkpt lat="49.407462" lon="17.679339">
				<ele>331.000000</ele>
			</trkpt>
			<trkpt lat="49.406865" lon="17.678737">
				<ele>328.000000</ele>
			</trkpt>
			<trkpt lat="49.406503" lon="17.678378">
				<ele>326.000000</ele>
			</trkpt>
			<trkpt lat="49.406328" lon="17.678216">
				<ele>326.000000</ele>
			</trkpt>
			<trkpt lat="49.405994" lon="17.677955">
				<ele>324.000000</ele>
			</trkpt>
			<trkpt lat="49.405427" lon="17.677569">
				<ele>321.000000</ele>
			</trkpt>
			<trkpt lat="49.405024" lon="17.677300">
				<ele>320.000000</ele>
			</trkpt>
			<trkpt lat="49.404539" lon="17.676958">
				<ele>319.000000</ele>
			</trkpt>
			<trkpt lat="49.404282" lon="17.676787">
				<ele>319.000000</ele>
			</trkpt>
			<trkpt lat="49.403919" lon="17.676537">
				<ele>319.000000</ele>
			</trkpt>
			<trkpt lat="49.403510" lon="17.676267">
				<ele>318.000000</ele>
			</trkpt>
			<trkpt lat="49.402978" lon="17.675908">
				<ele>318.000000</ele>
			</trkpt>
			<trkpt lat="49.402855" lon="17.675818">
				<ele>318.000000</ele>
			</trkpt>
			<trkpt lat="49.402744" lon="17.675719">
				<ele>318.000000</ele>
			</trkpt>
			<trkpt lat="49.402592" lon="17.675566">
				<ele>318.000000</ele>
			</trkpt>
			<trkpt lat="49.402452" lon="17.675395">
				<ele>317.000000</ele>
			</trkpt>
			<trkpt lat="49.402206" lon="17.675090">
				<ele>317.000000</ele>
			</trkpt>
			<trkpt lat="49.402078" lon="17.674992">
				<ele>317.000000</ele>
			</trkpt>
			<trkpt lat="49.401925" lon="17.674902">
				<ele>317.000000</ele>
			</trkpt>
			<trkpt lat="49.401791" lon="17.674839">
				<ele>317.000000</ele>
			</trkpt>
			<trkpt lat="49.401592" lon="17.674740">
				<ele>317.000000</ele>
			</trkpt>
			<trkpt lat="49.401499" lon="17.674722">
				<ele>317.000000</ele>
			</trkpt>
			<trkpt lat="49.401388" lon="17.674722">
				<ele>316.000000</ele>
			</trkpt>
			<trkpt lat="49.401271" lon="17.674713">
				<ele>316.000000</ele>
			</trkpt>
			<trkpt lat="49.401183" lon="17.674703">
				<ele>316.000000</ele>
			</trkpt>
			<trkpt lat="49.401119" lon="17.674686">
				<ele>316.000000</ele>
			</trkpt>
			<trkpt lat="49.401049" lon="17.674632">
				<ele>316.000000</ele>
			</trkpt>
			<trkpt lat="49.400897" lon="17.674470">
				<ele>316.000000</ele>
			</trkpt>
			<trkpt lat="49.400751" lon="17.674326">
				<ele>316.000000</ele>
			</trkpt>
			<trkpt lat="49.400663" lon="17.674227">
				<ele>316.000000</ele>
			</trkpt>
			<trkpt lat="49.400593" lon="17.674111">
				<ele>316.000000</ele>
			</trkpt>
			<trkpt lat="49.400535" lon="17.673984">
				<ele>316.000000</ele>
			</trkpt>
			<trkpt lat="49.400505" lon="17.673913">
				<ele>316.000000</ele>
			</trkpt>
			<trkpt lat="49.400482" lon="17.673797">
				<ele>316.000000</ele>
			</trkpt>
			<trkpt lat="49.400447" lon="17.673527">
				<ele>315.000000</ele>
			</trkpt>
			<trkpt lat="49.400435" lon="17.673095">
				<ele>315.000000</ele>
			</trkpt>
			<trkpt lat="49.400441" lon="17.672871">
				<ele>315.000000</ele>
			</trkpt>
			<trkpt lat="49.400452" lon="17.672781">
				<ele>315.000000</ele>
			</trkpt>
			<trkpt lat="49.400265" lon="17.672709">
				<ele>315.000000</ele>
			</trkpt>
			<trkpt lat="49.400166" lon="17.672682">
				<ele>315.000000</ele>
			</trkpt>
			<trkpt lat="49.399914" lon="17.672602">
				<ele>315.000000</ele>
			</trkpt>
			<trkpt lat="49.399914" lon="17.672602">
				<ele>315.000000</ele>
			</trkpt>
			<trkpt lat="49.399862" lon="17.672583">
				<ele>315.000000</ele>
			</trkpt>
			<trkpt lat="49.399705" lon="17.672529">
				<ele>315.000000</ele>
			</trkpt>
			<trkpt lat="49.399652" lon="17.672512">
				<ele>315.000000</ele>
			</trkpt>
			<trkpt lat="49.399611" lon="17.672512">
				<ele>315.000000</ele>
			</trkpt>
			<trkpt lat="49.399587" lon="17.672539">
				<ele>315.000000</ele>
			</trkpt>
			<trkpt lat="49.399546" lon="17.672566">
				<ele>315.000000</ele>
			</trkpt>
			<trkpt lat="49.399523" lon="17.672619">
				<ele>315.000000</ele>
			</trkpt>
			<trkpt lat="49.399488" lon="17.672736">
				<ele>315.000000</ele>
			</trkpt>
			<trkpt lat="49.399353" lon="17.673294">
				<ele>316.000000</ele>
			</trkpt>
			<trkpt lat="49.399271" lon="17.673571">
				<ele>316.000000</ele>
			</trkpt>
			<trkpt lat="49.399184" lon="17.673841">
				<ele>317.000000</ele>
			</trkpt>
			<trkpt lat="49.398827" lon="17.674910">
				<ele>318.000000</ele>
			</trkpt>
			<trkpt lat="49.398512" lon="17.675818">
				<ele>319.000000</ele>
			</trkpt>
			<trkpt lat="49.398412" lon="17.676114">
				<ele>320.000000</ele>
			</trkpt>
			<trkpt lat="49.398278" lon="17.676518">
				<ele>320.000000</ele>
			</trkpt>
			<trkpt lat="49.397950" lon="17.677426">
				<ele>321.000000</ele>
			</trkpt>
			<trkpt lat="49.397798" lon="17.677955">
				<ele>321.000000</ele>
			</trkpt>
			<trkpt lat="49.397757" lon="17.678108">
				<ele>321.000000</ele>
			</trkpt>
			<trkpt lat="49.397746" lon="17.678225">
				<ele>321.000000</ele>
			</trkpt>
			<trkpt lat="49.397728" lon="17.678216">
				<ele>321.000000</ele>
			</trkpt>
			<trkpt lat="49.397711" lon="17.678225">
				<ele>321.000000</ele>
			</trkpt>
			<trkpt lat="49.397682" lon="17.678252">
				<ele>321.000000</ele>
			</trkpt>
			<trkpt lat="49.397670" lon="17.678279">
				<ele>321.000000</ele>
			</trkpt>
			<trkpt lat="49.397658" lon="17.678359">
				<ele>322.000000</ele>
			</trkpt>
			<trkpt lat="49.397675" lon="17.678458">
				<ele>323.000000</ele>
			</trkpt>
			<trkpt lat="49.397565" lon="17.678629">
				<ele>323.000000</ele>
			</trkpt>
			<trkpt lat="49.397424" lon="17.678845">
				<ele>324.000000</ele>
			</trkpt>
			<trkpt lat="49.397126" lon="17.679240">
				<ele>325.000000</ele>
			</trkpt>
			<trkpt lat="49.396787" lon="17.679653">
				<ele>327.000000</ele>
			</trkpt>
			<trkpt lat="49.396389" lon="17.680084">
				<ele>329.000000</ele>
			</trkpt>
			<trkpt lat="49.396325" lon="17.680147">
				<ele>329.000000</ele>
			</trkpt>
			<trkpt lat="49.396167" lon="17.680292">
				<ele>330.000000</ele>
			</trkpt>
			<trkpt lat="49.395577" lon="17.680911">
				<ele>333.000000</ele>
			</trkpt>
			<trkpt lat="49.394987" lon="17.681548">
				<ele>336.000000</ele>
			</trkpt>
			<trkpt lat="49.394729" lon="17.681827">
				<ele>338.000000</ele>
			</trkpt>
			<trkpt lat="49.394454" lon="17.682087">
				<ele>339.000000</ele>
			</trkpt>
			<trkpt lat="49.394250" lon="17.682267">
				<ele>340.000000</ele>
			</trkpt>
			<trkpt lat="49.393957" lon="17.682492">
				<ele>342.000000</ele>
			</trkpt>
			<trkpt lat="49.393682" lon="17.682663">
				<ele>343.000000</ele>
			</trkpt>
			<trkpt lat="49.393466" lon="17.682779">
				<ele>344.000000</ele>
			</trkpt>
			<trkpt lat="49.393028" lon="17.682986">
				<ele>346.000000</ele>
			</trkpt>
			<trkpt lat="49.392636" lon="17.683175">
				<ele>348.000000</ele>
			</trkpt>
			<trkpt lat="49.392343" lon="17.683292">
				<ele>350.000000</ele>
			</trkpt>
			<trkpt lat="49.392162" lon="17.683372">
				<ele>351.000000</ele>
			</trkpt>
			<trkpt lat="49.391928" lon="17.683408">
				<ele>352.000000</ele>
			</trkpt>
			<trkpt lat="49.391133" lon="17.683479">
				<ele>356.000000</ele>
			</trkpt>
			<trkpt lat="49.390765" lon="17.683525">
				<ele>357.000000</ele>
			</trkpt>
			<trkpt lat="49.390513" lon="17.683552">
				<ele>359.000000</ele>
			</trkpt>
			<trkpt lat="49.390210" lon="17.683579">
				<ele>360.000000</ele>
			</trkpt>
			<trkpt lat="49.389081" lon="17.683695">
				<ele>367.000000</ele>
			</trkpt>
			<trkpt lat="49.388847" lon="17.683722">
				<ele>369.000000</ele>
			</trkpt>
			<trkpt lat="49.388648" lon="17.683768">
				<ele>370.000000</ele>
			</trkpt>
			<trkpt lat="49.388438" lon="17.683831">
				<ele>371.000000</ele>
			</trkpt>
			<trkpt lat="49.388174" lon="17.683921">
				<ele>373.000000</ele>
			</trkpt>
			<trkpt lat="49.387233" lon="17.684315">
				<ele>380.000000</ele>
			</trkpt>
			<trkpt lat="49.386596" lon="17.684594">
				<ele>384.000000</ele>
			</trkpt>
			<trkpt lat="49.385742" lon="17.684971">
				<ele>392.000000</ele>
			</trkpt>
			<trkpt lat="49.385496" lon="17.685097">
				<ele>395.000000</ele>
			</trkpt>
			<trkpt lat="49.385350" lon="17.685187">
				<ele>396.000000</ele>
			</trkpt>
			<trkpt lat="49.385350" lon="17.685187">
				<ele>396.000000</ele>
			</trkpt>
			<trkpt lat="49.385309" lon="17.685214">
				<ele>397.000000</ele>
			</trkpt>
			<trkpt lat="49.385239" lon="17.685267">
				<ele>397.000000</ele>
			</trkpt>
			<trkpt lat="49.385192" lon="17.685330">
				<ele>398.000000</ele>
			</trkpt>
			<trkpt lat="49.385133" lon="17.685420">
				<ele>399.000000</ele>
			</trkpt>
			<trkpt lat="49.385070" lon="17.685573">
				<ele>400.000000</ele>
			</trkpt>
			<trkpt lat="49.384643" lon="17.686471">
				<ele>407.000000</ele>
			</trkpt>
			<trkpt lat="49.384473" lon="17.686894">
				<ele>410.000000</ele>
			</trkpt>
			<trkpt lat="49.384368" lon="17.687172">
				<ele>413.000000</ele>
			</trkpt>
			<trkpt lat="49.384338" lon="17.687280">
				<ele>413.000000</ele>
			</trkpt>
			<trkpt lat="49.384327" lon="17.687387">
				<ele>414.000000</ele>
			</trkpt>
			<trkpt lat="49.384321" lon="17.687487">
				<ele>415.000000</ele>
			</trkpt>
			<trkpt lat="49.384327" lon="17.687567">
				<ele>415.000000</ele>
			</trkpt>
			<trkpt lat="49.384356" lon="17.687684">
				<ele>416.000000</ele>
			</trkpt>
			<trkpt lat="49.384379" lon="17.687766">
				<ele>416.000000</ele>
			</trkpt>
			<trkpt lat="49.384578" lon="17.688152">
				<ele>419.000000</ele>
			</trkpt>
			<trkpt lat="49.384882" lon="17.688645">
				<ele>423.000000</ele>
			</trkpt>
			<trkpt lat="49.385028" lon="17.688861">
				<ele>425.000000</ele>
			</trkpt>
			<trkpt lat="49.385157" lon="17.689077">
				<ele>427.000000</ele>
			</trkpt>
			<trkpt lat="49.385268" lon="17.689319">
				<ele>429.000000</ele>
			</trkpt>
			<trkpt lat="49.385467" lon="17.689787">
				<ele>432.000000</ele>
			</trkpt>
			<trkpt lat="49.385555" lon="17.690091">
				<ele>434.000000</ele>
			</trkpt>
			<trkpt lat="49.385625" lon="17.690370">
				<ele>436.000000</ele>
			</trkpt>
			<trkpt lat="49.385672" lon="17.690640">
				<ele>437.000000</ele>
			</trkpt>
			<trkpt lat="49.385719" lon="17.690900">
				<ele>438.000000</ele>
			</trkpt>
			<trkpt lat="49.385742" lon="17.691125">
				<ele>439.000000</ele>
			</trkpt>
			<trkpt lat="49.385894" lon="17.692661">
				<ele>448.000000</ele>
			</trkpt>
			<trkpt lat="49.385929" lon="17.693093">
				<ele>450.000000</ele>
			</trkpt>
			<trkpt lat="49.385935" lon="17.693253">
				<ele>451.000000</ele>
			</trkpt>
			<trkpt lat="49.385923" lon="17.693406">
				<ele>451.000000</ele>
			</trkpt>
			<trkpt lat="49.385906" lon="17.693559">
				<ele>452.000000</ele>
			</trkpt>
			<trkpt lat="49.385888" lon="17.693703">
				<ele>453.000000</ele>
			</trkpt>
			<trkpt lat="49.385789" lon="17.694169">
				<ele>455.000000</ele>
			</trkpt>
			<trkpt lat="49.385683" lon="17.694646">
				<ele>458.000000</ele>
			</trkpt>
			<trkpt lat="49.385555" lon="17.695284">
				<ele>461.000000</ele>
			</trkpt>
			<trkpt lat="49.385362" lon="17.696282">
				<ele>467.000000</ele>
			</trkpt>
			<trkpt lat="49.385327" lon="17.696416">
				<ele>468.000000</ele>
			</trkpt>
			<trkpt lat="49.385327" lon="17.696559">
				<ele>468.000000</ele>
			</trkpt>
			<trkpt lat="49.385321" lon="17.696676">
				<ele>469.000000</ele>
			</trkpt>
			<trkpt lat="49.385339" lon="17.696829">
				<ele>469.000000</ele>
			</trkpt>
			<trkpt lat="49.385385" lon="17.697125">
				<ele>471.000000</ele>
			</trkpt>
			<trkpt lat="49.385467" lon="17.697395">
				<ele>473.000000</ele>
			</trkpt>
			<trkpt lat="49.385614" lon="17.697745">
				<ele>475.000000</ele>
			</trkpt>
			<trkpt lat="49.385765" lon="17.698087">
				<ele>477.000000</ele>
			</trkpt>
			<trkpt lat="49.385842" lon="17.698249">
				<ele>479.000000</ele>
			</trkpt>
			<trkpt lat="49.385894" lon="17.698419">
				<ele>480.000000</ele>
			</trkpt>
			<trkpt lat="49.385906" lon="17.698617">
				<ele>481.000000</ele>
			</trkpt>
			<trkpt lat="49.385911" lon="17.698850">
				<ele>482.000000</ele>
			</trkpt>
			<trkpt lat="49.385894" lon="17.699291">
				<ele>485.000000</ele>
			</trkpt>
			<trkpt lat="49.385853" lon="17.699668">
				<ele>487.000000</ele>
			</trkpt>
			<trkpt lat="49.385836" lon="17.699892">
				<ele>488.000000</ele>
			</trkpt>
			<trkpt lat="49.385789" lon="17.700125">
				<ele>489.000000</ele>
			</trkpt>
			<trkpt lat="49.385730" lon="17.700377">
				<ele>490.000000</ele>
			</trkpt>
			<trkpt lat="49.385614" lon="17.700853">
				<ele>493.000000</ele>
			</trkpt>
			<trkpt lat="49.385414" lon="17.701582">
				<ele>497.000000</ele>
			</trkpt>
			<trkpt lat="49.385327" lon="17.701959">
				<ele>499.000000</ele>
			</trkpt>
			<trkpt lat="49.385257" lon="17.702282">
				<ele>500.000000</ele>
			</trkpt>
			<trkpt lat="49.385204" lon="17.702588">
				<ele>502.000000</ele>
			</trkpt>
			<trkpt lat="49.385122" lon="17.703225">
				<ele>505.000000</ele>
			</trkpt>
			<trkpt lat="49.385087" lon="17.703396">
				<ele>506.000000</ele>
			</trkpt>
			<trkpt lat="49.385017" lon="17.703557">
				<ele>507.000000</ele>
			</trkpt>
			<trkpt lat="49.384923" lon="17.703683">
				<ele>508.000000</ele>
			</trkpt>
			<trkpt lat="49.384806" lon="17.703800">
				<ele>509.000000</ele>
			</trkpt>
			<trkpt lat="49.384748" lon="17.703854">
				<ele>510.000000</ele>
			</trkpt>
			<trkpt lat="49.384701" lon="17.703935">
				<ele>510.000000</ele>
			</trkpt>
			<trkpt lat="49.384677" lon="17.704006">
				<ele>510.000000</ele>
			</trkpt>
			<trkpt lat="49.384654" lon="17.704087">
				<ele>511.000000</ele>
			</trkpt>
			<trkpt lat="49.384643" lon="17.704177">
				<ele>511.000000</ele>
			</trkpt>
			<trkpt lat="49.384660" lon="17.704267">
				<ele>512.000000</ele>
			</trkpt>
			<trkpt lat="49.384677" lon="17.704348">
				<ele>512.000000</ele>
			</trkpt>
			<trkpt lat="49.384713" lon="17.704429">
				<ele>512.000000</ele>
			</trkpt>
			<trkpt lat="49.384812" lon="17.704672">
				<ele>514.000000</ele>
			</trkpt>
			<trkpt lat="49.384882" lon="17.704869">
				<ele>515.000000</ele>
			</trkpt>
			<trkpt lat="49.384929" lon="17.705048">
				<ele>516.000000</ele>
			</trkpt>
			<trkpt lat="49.384952" lon="17.705255">
				<ele>517.000000</ele>
			</trkpt>
			<trkpt lat="49.384982" lon="17.705821">
				<ele>521.000000</ele>
			</trkpt>
			<trkpt lat="49.384993" lon="17.706207">
				<ele>523.000000</ele>
			</trkpt>
			<trkpt lat="49.384999" lon="17.706719">
				<ele>527.000000</ele>
			</trkpt>
			<trkpt lat="49.384999" lon="17.707096">
				<ele>530.000000</ele>
			</trkpt>
			<trkpt lat="49.384982" lon="17.707483">
				<ele>532.000000</ele>
			</trkpt>
			<trkpt lat="49.384952" lon="17.707861">
				<ele>534.000000</ele>
			</trkpt>
			<trkpt lat="49.384900" lon="17.708228">
				<ele>536.000000</ele>
			</trkpt>
			<trkpt lat="49.384836" lon="17.708588">
				<ele>537.000000</ele>
			</trkpt>
			<trkpt lat="49.384748" lon="17.708911">
				<ele>539.000000</ele>
			</trkpt>
			<trkpt lat="49.384690" lon="17.709064">
				<ele>539.000000</ele>
			</trkpt>
			<trkpt lat="49.384643" lon="17.709199">
				<ele>540.000000</ele>
			</trkpt>
			<trkpt lat="49.384578" lon="17.709333">
				<ele>541.000000</ele>
			</trkpt>
			<trkpt lat="49.384514" lon="17.709442">
				<ele>542.000000</ele>
			</trkpt>
			<trkpt lat="49.384443" lon="17.709540">
				<ele>542.000000</ele>
			</trkpt>
			<trkpt lat="49.384374" lon="17.709622">
				<ele>543.000000</ele>
			</trkpt>
			<trkpt lat="49.384233" lon="17.709756">
				<ele>544.000000</ele>
			</trkpt>
			<trkpt lat="49.384116" lon="17.709828">
				<ele>545.000000</ele>
			</trkpt>
			<trkpt lat="49.383981" lon="17.709872">
				<ele>546.000000</ele>
			</trkpt>
			<trkpt lat="49.383771" lon="17.709918">
				<ele>548.000000</ele>
			</trkpt>
			<trkpt lat="49.383625" lon="17.709953">
				<ele>549.000000</ele>
			</trkpt>
			<trkpt lat="49.383479" lon="17.710016">
				<ele>550.000000</ele>
			</trkpt>
			<trkpt lat="49.383350" lon="17.710115">
				<ele>551.000000</ele>
			</trkpt>
			<trkpt lat="49.383233" lon="17.710259">
				<ele>552.000000</ele>
			</trkpt>
			<trkpt lat="49.382994" lon="17.710582">
				<ele>554.000000</ele>
			</trkpt>
			<trkpt lat="49.382842" lon="17.710807">
				<ele>556.000000</ele>
			</trkpt>
			<trkpt lat="49.382654" lon="17.711193">
				<ele>559.000000</ele>
			</trkpt>
			<trkpt lat="49.382491" lon="17.711616">
				<ele>561.000000</ele>
			</trkpt>
			<trkpt lat="49.382403" lon="17.711813">
				<ele>562.000000</ele>
			</trkpt>
			<trkpt lat="49.382339" lon="17.711966">
				<ele>563.000000</ele>
			</trkpt>
			<trkpt lat="49.382257" lon="17.712109">
				<ele>564.000000</ele>
			</trkpt>
			<trkpt lat="49.382186" lon="17.712217">
				<ele>565.000000</ele>
			</trkpt>
			<trkpt lat="49.382099" lon="17.712307">
				<ele>566.000000</ele>
			</trkpt>
			<trkpt lat="49.382023" lon="17.712370">
				<ele>567.000000</ele>
			</trkpt>
			<trkpt lat="49.381929" lon="17.712406">
				<ele>568.000000</ele>
			</trkpt>
			<trkpt lat="49.381841" lon="17.712433">
				<ele>568.000000</ele>
			</trkpt>
			<trkpt lat="49.381742" lon="17.712442">
				<ele>569.000000</ele>
			</trkpt>
			<trkpt lat="49.381625" lon="17.712433">
				<ele>570.000000</ele>
			</trkpt>
			<trkpt lat="49.381520" lon="17.712388">
				<ele>571.000000</ele>
			</trkpt>
			<trkpt lat="49.381438" lon="17.712343">
				<ele>572.000000</ele>
			</trkpt>
			<trkpt lat="49.381350" lon="17.712253">
				<ele>573.000000</ele>
			</trkpt>
			<trkpt lat="49.381292" lon="17.712172">
				<ele>574.000000</ele>
			</trkpt>
			<trkpt lat="49.381227" lon="17.712056">
				<ele>575.000000</ele>
			</trkpt>
			<trkpt lat="49.381181" lon="17.711930">
				<ele>575.000000</ele>
			</trkpt>
			<trkpt lat="49.381087" lon="17.711651">
				<ele>577.000000</ele>
			</trkpt>
			<trkpt lat="49.381017" lon="17.711463">
				<ele>577.000000</ele>
			</trkpt>
			<trkpt lat="49.380940" lon="17.711310">
				<ele>578.000000</ele>
			</trkpt>
			<trkpt lat="49.380865" lon="17.711184">
				<ele>579.000000</ele>
			</trkpt>
			<trkpt lat="49.380783" lon="17.711094">
				<ele>579.000000</ele>
			</trkpt>
			<trkpt lat="49.380695" lon="17.711031">
				<ele>580.000000</ele>
			</trkpt>
			<trkpt lat="49.380578" lon="17.710968">
				<ele>581.000000</ele>
			</trkpt>
			<trkpt lat="49.380473" lon="17.710951">
				<ele>582.000000</ele>
			</trkpt>
			<trkpt lat="49.380151" lon="17.710897">
				<ele>585.000000</ele>
			</trkpt>
			<trkpt lat="49.380063" lon="17.710870">
				<ele>586.000000</ele>
			</trkpt>
			<trkpt lat="49.379999" lon="17.710825">
				<ele>587.000000</ele>
			</trkpt>
			<trkpt lat="49.379935" lon="17.710754">
				<ele>587.000000</ele>
			</trkpt>
			<trkpt lat="49.379865" lon="17.710672">
				<ele>588.000000</ele>
			</trkpt>
			<trkpt lat="49.379818" lon="17.710555">
				<ele>589.000000</ele>
			</trkpt>
			<trkpt lat="49.379748" lon="17.710385">
				<ele>590.000000</ele>
			</trkpt>
			<trkpt lat="49.379613" lon="17.709972">
				<ele>592.000000</ele>
			</trkpt>
			<trkpt lat="49.379479" lon="17.709549">
				<ele>595.000000</ele>
			</trkpt>
			<trkpt lat="49.379379" lon="17.709262">
				<ele>596.000000</ele>
			</trkpt>
			<trkpt lat="49.379280" lon="17.708974">
				<ele>598.000000</ele>
			</trkpt>
			<trkpt lat="49.378929" lon="17.708184">
				<ele>604.000000</ele>
			</trkpt>
			<trkpt lat="49.378227" lon="17.706585">
				<ele>613.000000</ele>
			</trkpt>
			<trkpt lat="49.377981" lon="17.706019">
				<ele>617.000000</ele>
			</trkpt>
			<trkpt lat="49.377771" lon="17.705578">
				<ele>620.000000</ele>
			</trkpt>
			<trkpt lat="49.377672" lon="17.705398">
				<ele>621.000000</ele>
			</trkpt>
			<trkpt lat="49.377554" lon="17.705255">
				<ele>622.000000</ele>
			</trkpt>
			<trkpt lat="49.377425" lon="17.705112">
				<ele>622.000000</ele>
			</trkpt>
			<trkpt lat="49.377233" lon="17.704941">
				<ele>623.000000</ele>
			</trkpt>
			<trkpt lat="49.377139" lon="17.704888">
				<ele>624.000000</ele>
			</trkpt>
			<trkpt lat="49.377028" lon="17.704825">
				<ele>625.000000</ele>
			</trkpt>
			<trkpt lat="49.376841" lon="17.704743">
				<ele>626.000000</ele>
			</trkpt>
			<trkpt lat="49.376630" lon="17.704716">
				<ele>628.000000</ele>
			</trkpt>
			<trkpt lat="49.376291" lon="17.704698">
				<ele>631.000000</ele>
			</trkpt>
			<trkpt lat="49.375835" lon="17.704672">
				<ele>634.000000</ele>
			</trkpt>
			<trkpt lat="49.375549" lon="17.704645">
				<ele>636.000000</ele>
			</trkpt>
			<trkpt lat="49.375315" lon="17.704609">
				<ele>638.000000</ele>
			</trkpt>
			<trkpt lat="49.375098" lon="17.704536">
				<ele>639.000000</ele>
			</trkpt>
			<trkpt lat="49.375010" lon="17.704492">
				<ele>640.000000</ele>
			</trkpt>
			<trkpt lat="49.374922" lon="17.704429">
				<ele>641.000000</ele>
			</trkpt>
			<trkpt lat="49.374788" lon="17.704312">
				<ele>642.000000</ele>
			</trkpt>
			<trkpt lat="49.374729" lon="17.704240">
				<ele>643.000000</ele>
			</trkpt>
			<trkpt lat="49.374683" lon="17.704169">
				<ele>643.000000</ele>
			</trkpt>
			<trkpt lat="49.374642" lon="17.704069">
				<ele>644.000000</ele>
			</trkpt>
			<trkpt lat="49.374619" lon="17.703989">
				<ele>644.000000</ele>
			</trkpt>
			<trkpt lat="49.374542" lon="17.703683">
				<ele>646.000000</ele>
			</trkpt>
			<trkpt lat="49.374413" lon="17.703135">
				<ele>648.000000</ele>
			</trkpt>
			<trkpt lat="49.374344" lon="17.702911">
				<ele>649.000000</ele>
			</trkpt>
			<trkpt lat="49.374267" lon="17.702704">
				<ele>651.000000</ele>
			</trkpt>
			<trkpt lat="49.374226" lon="17.702605">
				<ele>651.000000</ele>
			</trkpt>
			<trkpt lat="49.374174" lon="17.702542">
				<ele>652.000000</ele>
			</trkpt>
			<trkpt lat="49.373776" lon="17.701968">
				<ele>656.000000</ele>
			</trkpt>
			<trkpt lat="49.373618" lon="17.701725">
				<ele>658.000000</ele>
			</trkpt>
			<trkpt lat="49.373560" lon="17.701617">
				<ele>659.000000</ele>
			</trkpt>
			<trkpt lat="49.373513" lon="17.701500">
				<ele>660.000000</ele>
			</trkpt>
			<trkpt lat="49.373472" lon="17.701393">
				<ele>660.000000</ele>
			</trkpt>
			<trkpt lat="49.373448" lon="17.701276">
				<ele>661.000000</ele>
			</trkpt>
			<trkpt lat="49.373414" lon="17.701140">
				<ele>662.000000</ele>
			</trkpt>
			<trkpt lat="49.373401" lon="17.700988">
				<ele>662.000000</ele>
			</trkpt>
			<trkpt lat="49.373396" lon="17.700917">
				<ele>663.000000</ele>
			</trkpt>
			<trkpt lat="49.373390" lon="17.700781">
				<ele>663.000000</ele>
			</trkpt>
			<trkpt lat="49.373390" lon="17.700611">
				<ele>664.000000</ele>
			</trkpt>
			<trkpt lat="49.373401" lon="17.700450">
				<ele>665.000000</ele>
			</trkpt>
			<trkpt lat="49.373437" lon="17.700314">
				<ele>666.000000</ele>
			</trkpt>
			<trkpt lat="49.373472" lon="17.700153">
				<ele>666.000000</ele>
			</trkpt>
			<trkpt lat="49.373525" lon="17.700018">
				<ele>667.000000</ele>
			</trkpt>
			<trkpt lat="49.373577" lon="17.699892">
				<ele>668.000000</ele>
			</trkpt>
			<trkpt lat="49.373648" lon="17.699785">
				<ele>669.000000</ele>
			</trkpt>
			<trkpt lat="49.373811" lon="17.699559">
				<ele>671.000000</ele>
			</trkpt>
			<trkpt lat="49.374016" lon="17.699326">
				<ele>673.000000</ele>
			</trkpt>
			<trkpt lat="49.374262" lon="17.699102">
				<ele>675.000000</ele>
			</trkpt>
			<trkpt lat="49.374513" lon="17.698913">
				<ele>677.000000</ele>
			</trkpt>
			<trkpt lat="49.374724" lon="17.698787">
				<ele>679.000000</ele>
			</trkpt>
			<trkpt lat="49.374940" lon="17.698670">
				<ele>680.000000</ele>
			</trkpt>
			<trkpt lat="49.375121" lon="17.698617">
				<ele>682.000000</ele>
			</trkpt>
			<trkpt lat="49.375490" lon="17.698500">
				<ele>684.000000</ele>
			</trkpt>
			<trkpt lat="49.375817" lon="17.698374">
				<ele>686.000000</ele>
			</trkpt>
			<trkpt lat="49.375964" lon="17.698303">
				<ele>687.000000</ele>
			</trkpt>
			<trkpt lat="49.376045" lon="17.698249">
				<ele>687.000000</ele>
			</trkpt>
			<trkpt lat="49.376151" lon="17.698123">
				<ele>688.000000</ele>
			</trkpt>
			<trkpt lat="49.376373" lon="17.697790">
				<ele>689.000000</ele>
			</trkpt>
			<trkpt lat="49.376426" lon="17.697737">
				<ele>689.000000</ele>
			</trkpt>
			<trkpt lat="49.376484" lon="17.697727">
				<ele>689.000000</ele>
			</trkpt>
			<trkpt lat="49.376537" lon="17.697745">
				<ele>690.000000</ele>
			</trkpt>
			<trkpt lat="49.376589" lon="17.697817">
				<ele>690.000000</ele>
			</trkpt>
			<trkpt lat="49.376630" lon="17.697898">
				<ele>691.000000</ele>
			</trkpt>
			<trkpt lat="49.376636" lon="17.697980">
				<ele>691.000000</ele>
			</trkpt>
			<trkpt lat="49.376695" lon="17.697961">
				<ele>691.000000</ele>
			</trkpt>
			<trkpt lat="49.376753" lon="17.697961">
				<ele>691.000000</ele>
			</trkpt>
			<trkpt lat="49.376812" lon="17.697980">
				<ele>691.000000</ele>
			</trkpt>
			<trkpt lat="49.376864" lon="17.698024">
				<ele>692.000000</ele>
			</trkpt>
			<trkpt lat="49.376917" lon="17.698077">
				<ele>693.000000</ele>
			</trkpt>
			<trkpt lat="49.376963" lon="17.698167">
				<ele>693.000000</ele>
			</trkpt>
			<trkpt lat="49.377034" lon="17.698276">
				<ele>694.000000</ele>
			</trkpt>
			<trkpt lat="49.377654" lon="17.699182">
				<ele>700.000000</ele>
			</trkpt>
			<trkpt lat="49.378034" lon="17.699722">
				<ele>704.000000</ele>
			</trkpt>
			<trkpt lat="49.378134" lon="17.699857">
				<ele>705.000000</ele>
			</trkpt>
			<trkpt lat="49.378174" lon="17.699955">
				<ele>706.000000</ele>
			</trkpt>
			<trkpt lat="49.378192" lon="17.700054">
				<ele>707.000000</ele>
			</trkpt>
			<trkpt lat="49.378186" lon="17.700188">
				<ele>708.000000</ele>
			</trkpt>
			<trkpt lat="49.378426" lon="17.700314">
				<ele>711.000000</ele>
			</trkpt>
			<trkpt lat="49.378543" lon="17.700387">
				<ele>712.000000</ele>
			</trkpt>
			<trkpt lat="49.378660" lon="17.700494">
				<ele>714.000000</ele>
			</trkpt>
			<trkpt lat="49.378759" lon="17.700638">
				<ele>716.000000</ele>
			</trkpt>
			<trkpt lat="49.378952" lon="17.700961">
				<ele>718.000000</ele>
			</trkpt>
			<trkpt lat="49.379040" lon="17.701087">
				<ele>719.000000</ele>
			</trkpt>
			<trkpt lat="49.379174" lon="17.701195">
				<ele>721.000000</ele>
			</trkpt>
			<trkpt lat="49.379286" lon="17.701240">
				<ele>723.000000</ele>
			</trkpt>
			<trkpt lat="49.379467" lon="17.701267">
				<ele>725.000000</ele>
			</trkpt>
			<trkpt lat="49.379531" lon="17.701257">
				<ele>726.000000</ele>
			</trkpt>
			<trkpt lat="49.379601" lon="17.701230">
				<ele>727.000000</ele>
			</trkpt>
			<trkpt lat="49.379829" lon="17.701132">
				<ele>730.000000</ele>
			</trkpt>
			<trkpt lat="49.379882" lon="17.701106">
				<ele>731.000000</ele>
			</trkpt>
			<trkpt lat="49.379917" lon="17.701140">
				<ele>731.000000</ele>
			</trkpt>
			<trkpt lat="49.379947" lon="17.701167">
				<ele>732.000000</ele>
			</trkpt>
			<trkpt lat="49.379964" lon="17.701213">
				<ele>732.000000</ele>
			</trkpt>
			<trkpt lat="49.380081" lon="17.701590">
				<ele>735.000000</ele>
			</trkpt>
			<trkpt lat="49.380139" lon="17.701725">
				<ele>735.000000</ele>
			</trkpt>
			<trkpt lat="49.380139" lon="17.701725">
				<ele>735.000000</ele>
			</trkpt>
			<trkpt lat="49.380081" lon="17.701590">
				<ele>735.000000</ele>
			</trkpt>
			<trkpt lat="49.379964" lon="17.701213">
				<ele>732.000000</ele>
			</trkpt>
			<trkpt lat="49.379947" lon="17.701167">
				<ele>732.000000</ele>
			</trkpt>
			<trkpt lat="49.379917" lon="17.701140">
				<ele>731.000000</ele>
			</trkpt>
			<trkpt lat="49.379882" lon="17.701106">
				<ele>731.000000</ele>
			</trkpt>
			<trkpt lat="49.379829" lon="17.701132">
				<ele>730.000000</ele>
			</trkpt>
			<trkpt lat="49.379601" lon="17.701230">
				<ele>727.000000</ele>
			</trkpt>
			<trkpt lat="49.379531" lon="17.701257">
				<ele>726.000000</ele>
			</trkpt>
			<trkpt lat="49.379467" lon="17.701267">
				<ele>725.000000</ele>
			</trkpt>
			<trkpt lat="49.379286" lon="17.701240">
				<ele>723.000000</ele>
			</trkpt>
			<trkpt lat="49.379174" lon="17.701195">
				<ele>721.000000</ele>
			</trkpt>
			<trkpt lat="49.379040" lon="17.701087">
				<ele>719.000000</ele>
			</trkpt>
			<trkpt lat="49.378952" lon="17.700961">
				<ele>718.000000</ele>
			</trkpt>
			<trkpt lat="49.378759" lon="17.700638">
				<ele>716.000000</ele>
			</trkpt>
			<trkpt lat="49.378660" lon="17.700494">
				<ele>714.000000</ele>
			</trkpt>
			<trkpt lat="49.378543" lon="17.700387">
				<ele>712.000000</ele>
			</trkpt>
			<trkpt lat="49.378426" lon="17.700314">
				<ele>711.000000</ele>
			</trkpt>
			<trkpt lat="49.378186" lon="17.700188">
				<ele>708.000000</ele>
			</trkpt>
			<trkpt lat="49.378192" lon="17.700054">
				<ele>707.000000</ele>
			</trkpt>
			<trkpt lat="49.378174" lon="17.699955">
				<ele>706.000000</ele>
			</trkpt>
			<trkpt lat="49.378134" lon="17.699857">
				<ele>705.000000</ele>
			</trkpt>
			<trkpt lat="49.378034" lon="17.699722">
				<ele>704.000000</ele>
			</trkpt>
			<trkpt lat="49.377654" lon="17.699182">
				<ele>700.000000</ele>
			</trkpt>
			<trkpt lat="49.377034" lon="17.698276">
				<ele>694.000000</ele>
			</trkpt>
			<trkpt lat="49.376963" lon="17.698167">
				<ele>693.000000</ele>
			</trkpt>
			<trkpt lat="49.376917" lon="17.698077">
				<ele>693.000000</ele>
			</trkpt>
			<trkpt lat="49.376864" lon="17.698024">
				<ele>692.000000</ele>
			</trkpt>
			<trkpt lat="49.376812" lon="17.697980">
				<ele>691.000000</ele>
			</trkpt>
			<trkpt lat="49.376753" lon="17.697961">
				<ele>691.000000</ele>
			</trkpt>
			<trkpt lat="49.376695" lon="17.697961">
				<ele>691.000000</ele>
			</trkpt>
			<trkpt lat="49.376636" lon="17.697980">
				<ele>691.000000</ele>
			</trkpt>
			<trkpt lat="49.376630" lon="17.697898">
				<ele>691.000000</ele>
			</trkpt>
			<trkpt lat="49.376589" lon="17.697817">
				<ele>690.000000</ele>
			</trkpt>
			<trkpt lat="49.376537" lon="17.697745">
				<ele>690.000000</ele>
			</trkpt>
			<trkpt lat="49.376484" lon="17.697727">
				<ele>689.000000</ele>
			</trkpt>
			<trkpt lat="49.376426" lon="17.697737">
				<ele>689.000000</ele>
			</trkpt>
			<trkpt lat="49.376373" lon="17.697790">
				<ele>689.000000</ele>
			</trkpt>
			<trkpt lat="49.376151" lon="17.698123">
				<ele>688.000000</ele>
			</trkpt>
			<trkpt lat="49.376045" lon="17.698249">
				<ele>687.000000</ele>
			</trkpt>
			<trkpt lat="49.375964" lon="17.698303">
				<ele>687.000000</ele>
			</trkpt>
			<trkpt lat="49.375817" lon="17.698374">
				<ele>686.000000</ele>
			</trkpt>
			<trkpt lat="49.375490" lon="17.698500">
				<ele>684.000000</ele>
			</trkpt>
			<trkpt lat="49.375121" lon="17.698617">
				<ele>682.000000</ele>
			</trkpt>
			<trkpt lat="49.374940" lon="17.698670">
				<ele>680.000000</ele>
			</trkpt>
			<trkpt lat="49.374724" lon="17.698787">
				<ele>679.000000</ele>
			</trkpt>
			<trkpt lat="49.374513" lon="17.698913">
				<ele>677.000000</ele>
			</trkpt>
			<trkpt lat="49.374262" lon="17.699102">
				<ele>675.000000</ele>
			</trkpt>
			<trkpt lat="49.374016" lon="17.699326">
				<ele>673.000000</ele>
			</trkpt>
			<trkpt lat="49.373811" lon="17.699559">
				<ele>671.000000</ele>
			</trkpt>
			<trkpt lat="49.373648" lon="17.699785">
				<ele>669.000000</ele>
			</trkpt>
			<trkpt lat="49.373577" lon="17.699892">
				<ele>668.000000</ele>
			</trkpt>
			<trkpt lat="49.373525" lon="17.700018">
				<ele>667.000000</ele>
			</trkpt>
			<trkpt lat="49.373472" lon="17.700153">
				<ele>666.000000</ele>
			</trkpt>
			<trkpt lat="49.373437" lon="17.700314">
				<ele>666.000000</ele>
			</trkpt>
			<trkpt lat="49.373401" lon="17.700450">
				<ele>665.000000</ele>
			</trkpt>
			<trkpt lat="49.373390" lon="17.700611">
				<ele>664.000000</ele>
			</trkpt>
			<trkpt lat="49.373390" lon="17.700781">
				<ele>663.000000</ele>
			</trkpt>
			<trkpt lat="49.373396" lon="17.700917">
				<ele>663.000000</ele>
			</trkpt>
			<trkpt lat="49.373401" lon="17.700988">
				<ele>662.000000</ele>
			</trkpt>
			<trkpt lat="49.373414" lon="17.701140">
				<ele>662.000000</ele>
			</trkpt>
			<trkpt lat="49.373448" lon="17.701276">
				<ele>661.000000</ele>
			</trkpt>
			<trkpt lat="49.373472" lon="17.701393">
				<ele>660.000000</ele>
			</trkpt>
			<trkpt lat="49.373513" lon="17.701500">
				<ele>660.000000</ele>
			</trkpt>
			<trkpt lat="49.373560" lon="17.701617">
				<ele>659.000000</ele>
			</trkpt>
			<trkpt lat="49.373618" lon="17.701725">
				<ele>658.000000</ele>
			</trkpt>
			<trkpt lat="49.373776" lon="17.701968">
				<ele>656.000000</ele>
			</trkpt>
			<trkpt lat="49.374174" lon="17.702542">
				<ele>652.000000</ele>
			</trkpt>
			<trkpt lat="49.374226" lon="17.702605">
				<ele>651.000000</ele>
			</trkpt>
			<trkpt lat="49.374267" lon="17.702704">
				<ele>651.000000</ele>
			</trkpt>
			<trkpt lat="49.374344" lon="17.702911">
				<ele>649.000000</ele>
			</trkpt>
			<trkpt lat="49.374413" lon="17.703135">
				<ele>648.000000</ele>
			</trkpt>
			<trkpt lat="49.374542" lon="17.703683">
				<ele>646.000000</ele>
			</trkpt>
			<trkpt lat="49.374619" lon="17.703989">
				<ele>644.000000</ele>
			</trkpt>
			<trkpt lat="49.374642" lon="17.704069">
				<ele>644.000000</ele>
			</trkpt>
			<trkpt lat="49.374683" lon="17.704169">
				<ele>643.000000</ele>
			</trkpt>
			<trkpt lat="49.374729" lon="17.704240">
				<ele>643.000000</ele>
			</trkpt>
			<trkpt lat="49.374788" lon="17.704312">
				<ele>642.000000</ele>
			</trkpt>
			<trkpt lat="49.374922" lon="17.704429">
				<ele>641.000000</ele>
			</trkpt>
			<trkpt lat="49.375010" lon="17.704492">
				<ele>640.000000</ele>
			</trkpt>
			<trkpt lat="49.375098" lon="17.704536">
				<ele>639.000000</ele>
			</trkpt>
			<trkpt lat="49.375315" lon="17.704609">
				<ele>638.000000</ele>
			</trkpt>
			<trkpt lat="49.375549" lon="17.704645">
				<ele>636.000000</ele>
			</trkpt>
			<trkpt lat="49.375835" lon="17.704672">
				<ele>634.000000</ele>
			</trkpt>
			<trkpt lat="49.376291" lon="17.704698">
				<ele>631.000000</ele>
			</trkpt>
			<trkpt lat="49.376630" lon="17.704716">
				<ele>628.000000</ele>
			</trkpt>
			<trkpt lat="49.376841" lon="17.704743">
				<ele>626.000000</ele>
			</trkpt>
			<trkpt lat="49.377028" lon="17.704825">
				<ele>625.000000</ele>
			</trkpt>
			<trkpt lat="49.377139" lon="17.704888">
				<ele>624.000000</ele>
			</trkpt>
			<trkpt lat="49.377233" lon="17.704941">
				<ele>623.000000</ele>
			</trkpt>
			<trkpt lat="49.377425" lon="17.705112">
				<ele>622.000000</ele>
			</trkpt>
			<trkpt lat="49.377554" lon="17.705255">
				<ele>622.000000</ele>
			</trkpt>
			<trkpt lat="49.377672" lon="17.705398">
				<ele>621.000000</ele>
			</trkpt>
			<trkpt lat="49.377771" lon="17.705578">
				<ele>620.000000</ele>
			</trkpt>
			<trkpt lat="49.377981" lon="17.706019">
				<ele>617.000000</ele>
			</trkpt>
			<trkpt lat="49.378227" lon="17.706585">
				<ele>613.000000</ele>
			</trkpt>
			<trkpt lat="49.378929" lon="17.708184">
				<ele>604.000000</ele>
			</trkpt>
			<trkpt lat="49.379280" lon="17.708974">
				<ele>598.000000</ele>
			</trkpt>
			<trkpt lat="49.379379" lon="17.709262">
				<ele>596.000000</ele>
			</trkpt>
			<trkpt lat="49.379479" lon="17.709549">
				<ele>595.000000</ele>
			</trkpt>
			<trkpt lat="49.379613" lon="17.709972">
				<ele>592.000000</ele>
			</trkpt>
			<trkpt lat="49.379748" lon="17.710385">
				<ele>590.000000</ele>
			</trkpt>
			<trkpt lat="49.379818" lon="17.710555">
				<ele>589.000000</ele>
			</trkpt>
			<trkpt lat="49.379865" lon="17.710672">
				<ele>588.000000</ele>
			</trkpt>
			<trkpt lat="49.379935" lon="17.710754">
				<ele>587.000000</ele>
			</trkpt>
			<trkpt lat="49.379999" lon="17.710825">
				<ele>587.000000</ele>
			</trkpt>
			<trkpt lat="49.380063" lon="17.710870">
				<ele>586.000000</ele>
			</trkpt>
			<trkpt lat="49.380151" lon="17.710897">
				<ele>585.000000</ele>
			</trkpt>
			<trkpt lat="49.380473" lon="17.710951">
				<ele>582.000000</ele>
			</trkpt>
			<trkpt lat="49.380578" lon="17.710968">
				<ele>581.000000</ele>
			</trkpt>
			<trkpt lat="49.380695" lon="17.711031">
				<ele>580.000000</ele>
			</trkpt>
			<trkpt lat="49.380783" lon="17.711094">
				<ele>579.000000</ele>
			</trkpt>
			<trkpt lat="49.380865" lon="17.711184">
				<ele>579.000000</ele>
			</trkpt>
			<trkpt lat="49.380940" lon="17.711310">
				<ele>578.000000</ele>
			</trkpt>
			<trkpt lat="49.381017" lon="17.711463">
				<ele>577.000000</ele>
			</trkpt>
			<trkpt lat="49.381087" lon="17.711651">
				<ele>577.000000</ele>
			</trkpt>
			<trkpt lat="49.381181" lon="17.711930">
				<ele>575.000000</ele>
			</trkpt>
			<trkpt lat="49.381227" lon="17.712056">
				<ele>575.000000</ele>
			</trkpt>
			<trkpt lat="49.381292" lon="17.712172">
				<ele>574.000000</ele>
			</trkpt>
			<trkpt lat="49.381350" lon="17.712253">
				<ele>573.000000</ele>
			</trkpt>
			<trkpt lat="49.381438" lon="17.712343">
				<ele>572.000000</ele>
			</trkpt>
			<trkpt lat="49.381520" lon="17.712388">
				<ele>571.000000</ele>
			</trkpt>
			<trkpt lat="49.381625" lon="17.712433">
				<ele>570.000000</ele>
			</trkpt>
			<trkpt lat="49.381742" lon="17.712442">
				<ele>569.000000</ele>
			</trkpt>
			<trkpt lat="49.381841" lon="17.712433">
				<ele>568.000000</ele>
			</trkpt>
			<trkpt lat="49.381929" lon="17.712406">
				<ele>568.000000</ele>
			</trkpt>
			<trkpt lat="49.382023" lon="17.712370">
				<ele>567.000000</ele>
			</trkpt>
			<trkpt lat="49.382099" lon="17.712307">
				<ele>566.000000</ele>
			</trkpt>
			<trkpt lat="49.382186" lon="17.712217">
				<ele>565.000000</ele>
			</trkpt>
			<trkpt lat="49.382257" lon="17.712109">
				<ele>564.000000</ele>
			</trkpt>
			<trkpt lat="49.382339" lon="17.711966">
				<ele>563.000000</ele>
			</trkpt>
			<trkpt lat="49.382403" lon="17.711813">
				<ele>562.000000</ele>
			</trkpt>
			<trkpt lat="49.382491" lon="17.711616">
				<ele>561.000000</ele>
			</trkpt>
			<trkpt lat="49.382654" lon="17.711193">
				<ele>559.000000</ele>
			</trkpt>
			<trkpt lat="49.382842" lon="17.710807">
				<ele>556.000000</ele>
			</trkpt>
			<trkpt lat="49.382994" lon="17.710582">
				<ele>554.000000</ele>
			</trkpt>
			<trkpt lat="49.383233" lon="17.710259">
				<ele>552.000000</ele>
			</trkpt>
			<trkpt lat="49.383350" lon="17.710115">
				<ele>551.000000</ele>
			</trkpt>
			<trkpt lat="49.383479" lon="17.710016">
				<ele>550.000000</ele>
			</trkpt>
			<trkpt lat="49.383625" lon="17.709953">
				<ele>549.000000</ele>
			</trkpt>
			<trkpt lat="49.383771" lon="17.709918">
				<ele>548.000000</ele>
			</trkpt>
			<trkpt lat="49.383981" lon="17.709872">
				<ele>546.000000</ele>
			</trkpt>
			<trkpt lat="49.384116" lon="17.709828">
				<ele>545.000000</ele>
			</trkpt>
			<trkpt lat="49.384233" lon="17.709756">
				<ele>544.000000</ele>
			</trkpt>
			<trkpt lat="49.384374" lon="17.709622">
				<ele>543.000000</ele>
			</trkpt>
			<trkpt lat="49.384443" lon="17.709540">
				<ele>542.000000</ele>
			</trkpt>
			<trkpt lat="49.384514" lon="17.709442">
				<ele>542.000000</ele>
			</trkpt>
			<trkpt lat="49.384578" lon="17.709333">
				<ele>541.000000</ele>
			</trkpt>
			<trkpt lat="49.384643" lon="17.709199">
				<ele>540.000000</ele>
			</trkpt>
			<trkpt lat="49.384690" lon="17.709064">
				<ele>539.000000</ele>
			</trkpt>
			<trkpt lat="49.384748" lon="17.708911">
				<ele>539.000000</ele>
			</trkpt>
			<trkpt lat="49.384836" lon="17.708588">
				<ele>537.000000</ele>
			</trkpt>
			<trkpt lat="49.384900" lon="17.708228">
				<ele>536.000000</ele>
			</trkpt>
			<trkpt lat="49.384952" lon="17.707861">
				<ele>534.000000</ele>
			</trkpt>
			<trkpt lat="49.384982" lon="17.707483">
				<ele>532.000000</ele>
			</trkpt>
			<trkpt lat="49.384999" lon="17.707096">
				<ele>530.000000</ele>
			</trkpt>
			<trkpt lat="49.384999" lon="17.706719">
				<ele>527.000000</ele>
			</trkpt>
			<trkpt lat="49.384993" lon="17.706207">
				<ele>523.000000</ele>
			</trkpt>
			<trkpt lat="49.384982" lon="17.705821">
				<ele>521.000000</ele>
			</trkpt>
			<trkpt lat="49.384952" lon="17.705255">
				<ele>517.000000</ele>
			</trkpt>
			<trkpt lat="49.384929" lon="17.705048">
				<ele>516.000000</ele>
			</trkpt>
			<trkpt lat="49.384882" lon="17.704869">
				<ele>515.000000</ele>
			</trkpt>
			<trkpt lat="49.384812" lon="17.704672">
				<ele>514.000000</ele>
			</trkpt>
			<trkpt lat="49.384713" lon="17.704429">
				<ele>512.000000</ele>
			</trkpt>
			<trkpt lat="49.384677" lon="17.704348">
				<ele>512.000000</ele>
			</trkpt>
			<trkpt lat="49.384660" lon="17.704267">
				<ele>512.000000</ele>
			</trkpt>
			<trkpt lat="49.384643" lon="17.704177">
				<ele>511.000000</ele>
			</trkpt>
			<trkpt lat="49.384654" lon="17.704087">
				<ele>511.000000</ele>
			</trkpt>
			<trkpt lat="49.384677" lon="17.704006">
				<ele>510.000000</ele>
			</trkpt>
			<trkpt lat="49.384701" lon="17.703935">
				<ele>510.000000</ele>
			</trkpt>
			<trkpt lat="49.384748" lon="17.703854">
				<ele>510.000000</ele>
			</trkpt>
			<trkpt lat="49.384806" lon="17.703800">
				<ele>509.000000</ele>
			</trkpt>
			<trkpt lat="49.384923" lon="17.703683">
				<ele>508.000000</ele>
			</trkpt>
			<trkpt lat="49.385017" lon="17.703557">
				<ele>507.000000</ele>
			</trkpt>
			<trkpt lat="49.385087" lon="17.703396">
				<ele>506.000000</ele>
			</trkpt>
			<trkpt lat="49.385122" lon="17.703225">
				<ele>505.000000</ele>
			</trkpt>
			<trkpt lat="49.385204" lon="17.702588">
				<ele>502.000000</ele>
			</trkpt>
			<trkpt lat="49.385257" lon="17.702282">
				<ele>500.000000</ele>
			</trkpt>
			<trkpt lat="49.385327" lon="17.701959">
				<ele>499.000000</ele>
			</trkpt>
			<trkpt lat="49.385414" lon="17.701582">
				<ele>497.000000</ele>
			</trkpt>
			<trkpt lat="49.385614" lon="17.700853">
				<ele>493.000000</ele>
			</trkpt>
			<trkpt lat="49.385730" lon="17.700377">
				<ele>490.000000</ele>
			</trkpt>
			<trkpt lat="49.385789" lon="17.700125">
				<ele>489.000000</ele>
			</trkpt>
			<trkpt lat="49.385836" lon="17.699892">
				<ele>488.000000</ele>
			</trkpt>
			<trkpt lat="49.385853" lon="17.699668">
				<ele>487.000000</ele>
			</trkpt>
			<trkpt lat="49.385894" lon="17.699291">
				<ele>485.000000</ele>
			</trkpt>
			<trkpt lat="49.385911" lon="17.698850">
				<ele>482.000000</ele>
			</trkpt>
			<trkpt lat="49.385906" lon="17.698617">
				<ele>481.000000</ele>
			</trkpt>
			<trkpt lat="49.385894" lon="17.698419">
				<ele>480.000000</ele>
			</trkpt>
			<trkpt lat="49.385842" lon="17.698249">
				<ele>479.000000</ele>
			</trkpt>
			<trkpt lat="49.385765" lon="17.698087">
				<ele>477.000000</ele>
			</trkpt>
			<trkpt lat="49.385614" lon="17.697745">
				<ele>475.000000</ele>
			</trkpt>
			<trkpt lat="49.385467" lon="17.697395">
				<ele>473.000000</ele>
			</trkpt>
			<trkpt lat="49.385385" lon="17.697125">
				<ele>471.000000</ele>
			</trkpt>
			<trkpt lat="49.385339" lon="17.696829">
				<ele>469.000000</ele>
			</trkpt>
			<trkpt lat="49.385321" lon="17.696676">
				<ele>469.000000</ele>
			</trkpt>
			<trkpt lat="49.385327" lon="17.696559">
				<ele>468.000000</ele>
			</trkpt>
			<trkpt lat="49.385327" lon="17.696416">
				<ele>468.000000</ele>
			</trkpt>
			<trkpt lat="49.385362" lon="17.696282">
				<ele>467.000000</ele>
			</trkpt>
			<trkpt lat="49.385555" lon="17.695284">
				<ele>461.000000</ele>
			</trkpt>
			<trkpt lat="49.385683" lon="17.694646">
				<ele>458.000000</ele>
			</trkpt>
			<trkpt lat="49.385789" lon="17.694169">
				<ele>455.000000</ele>
			</trkpt>
			<trkpt lat="49.385888" lon="17.693703">
				<ele>453.000000</ele>
			</trkpt>
			<trkpt lat="49.385906" lon="17.693559">
				<ele>452.000000</ele>
			</trkpt>
			<trkpt lat="49.385923" lon="17.693406">
				<ele>451.000000</ele>
			</trkpt>
			<trkpt lat="49.385935" lon="17.693253">
				<ele>451.000000</ele>
			</trkpt>
			<trkpt lat="49.385929" lon="17.693093">
				<ele>450.000000</ele>
			</trkpt>
			<trkpt lat="49.385894" lon="17.692661">
				<ele>448.000000</ele>
			</trkpt>
			<trkpt lat="49.385742" lon="17.691125">
				<ele>439.000000</ele>
			</trkpt>
			<trkpt lat="49.385719" lon="17.690900">
				<ele>438.000000</ele>
			</trkpt>
			<trkpt lat="49.385672" lon="17.690640">
				<ele>437.000000</ele>
			</trkpt>
			<trkpt lat="49.385625" lon="17.690370">
				<ele>436.000000</ele>
			</trkpt>
			<trkpt lat="49.385555" lon="17.690091">
				<ele>434.000000</ele>
			</trkpt>
			<trkpt lat="49.385467" lon="17.689787">
				<ele>432.000000</ele>
			</trkpt>
			<trkpt lat="49.385268" lon="17.689319">
				<ele>429.000000</ele>
			</trkpt>
			<trkpt lat="49.385157" lon="17.689077">
				<ele>427.000000</ele>
			</trkpt>
			<trkpt lat="49.385028" lon="17.688861">
				<ele>425.000000</ele>
			</trkpt>
			<trkpt lat="49.384882" lon="17.688645">
				<ele>423.000000</ele>
			</trkpt>
			<trkpt lat="49.384578" lon="17.688152">
				<ele>419.000000</ele>
			</trkpt>
			<trkpt lat="49.384379" lon="17.687766">
				<ele>416.000000</ele>
			</trkpt>
			<trkpt lat="49.384356" lon="17.687684">
				<ele>416.000000</ele>
			</trkpt>
			<trkpt lat="49.384327" lon="17.687567">
				<ele>415.000000</ele>
			</trkpt>
			<trkpt lat="49.384321" lon="17.687487">
				<ele>415.000000</ele>
			</trkpt>
			<trkpt lat="49.384327" lon="17.687387">
				<ele>414.000000</ele>
			</trkpt>
			<trkpt lat="49.384338" lon="17.687280">
				<ele>413.000000</ele>
			</trkpt>
			<trkpt lat="49.384368" lon="17.687172">
				<ele>413.000000</ele>
			</trkpt>
			<trkpt lat="49.384473" lon="17.686894">
				<ele>410.000000</ele>
			</trkpt>
			<trkpt lat="49.384643" lon="17.686471">
				<ele>407.000000</ele>
			</trkpt>
			<trkpt lat="49.385070" lon="17.685573">
				<ele>400.000000</ele>
			</trkpt>
			<trkpt lat="49.385133" lon="17.685420">
				<ele>399.000000</ele>
			</trkpt>
			<trkpt lat="49.385192" lon="17.685330">
				<ele>398.000000</ele>
			</trkpt>
			<trkpt lat="49.385239" lon="17.685267">
				<ele>397.000000</ele>
			</trkpt>
			<trkpt lat="49.385309" lon="17.685214">
				<ele>397.000000</ele>
			</trkpt>
			<trkpt lat="49.385496" lon="17.685097">
				<ele>395.000000</ele>
			</trkpt>
			<trkpt lat="49.385742" lon="17.684971">
				<ele>392.000000</ele>
			</trkpt>
			<trkpt lat="49.386596" lon="17.684594">
				<ele>384.000000</ele>
			</trkpt>
			<trkpt lat="49.387233" lon="17.684315">
				<ele>380.000000</ele>
			</trkpt>
			<trkpt lat="49.387753" lon="17.684100">
				<ele>376.000000</ele>
			</trkpt>
			<trkpt lat="49.387753" lon="17.684100">
				<ele>376.000000</ele>
			</trkpt>
			<trkpt lat="49.388174" lon="17.683921">
				<ele>373.000000</ele>
			</trkpt>
			<trkpt lat="49.388438" lon="17.683831">
				<ele>371.000000</ele>
			</trkpt>
			<trkpt lat="49.388648" lon="17.683768">
				<ele>370.000000</ele>
			</trkpt>
			<trkpt lat="49.388847" lon="17.683722">
				<ele>369.000000</ele>
			</trkpt>
			<trkpt lat="49.389081" lon="17.683695">
				<ele>367.000000</ele>
			</trkpt>
			<trkpt lat="49.390210" lon="17.683579">
				<ele>360.000000</ele>
			</trkpt>
			<trkpt lat="49.390513" lon="17.683552">
				<ele>359.000000</ele>
			</trkpt>
			<trkpt lat="49.390765" lon="17.683525">
				<ele>357.000000</ele>
			</trkpt>
			<trkpt lat="49.391133" lon="17.683479">
				<ele>356.000000</ele>
			</trkpt>
			<trkpt lat="49.391928" lon="17.683408">
				<ele>352.000000</ele>
			</trkpt>
			<trkpt lat="49.392162" lon="17.683372">
				<ele>351.000000</ele>
			</trkpt>
			<trkpt lat="49.392343" lon="17.683292">
				<ele>350.000000</ele>
			</trkpt>
			<trkpt lat="49.392636" lon="17.683175">
				<ele>348.000000</ele>
			</trkpt>
			<trkpt lat="49.393028" lon="17.682986">
				<ele>346.000000</ele>
			</trkpt>
			<trkpt lat="49.393466" lon="17.682779">
				<ele>344.000000</ele>
			</trkpt>
			<trkpt lat="49.393682" lon="17.682663">
				<ele>343.000000</ele>
			</trkpt>
			<trkpt lat="49.393957" lon="17.682492">
				<ele>342.000000</ele>
			</trkpt>
			<trkpt lat="49.394250" lon="17.682267">
				<ele>340.000000</ele>
			</trkpt>
			<trkpt lat="49.394454" lon="17.682087">
				<ele>339.000000</ele>
			</trkpt>
			<trkpt lat="49.394729" lon="17.681827">
				<ele>338.000000</ele>
			</trkpt>
			<trkpt lat="49.394987" lon="17.681548">
				<ele>336.000000</ele>
			</trkpt>
			<trkpt lat="49.395577" lon="17.680911">
				<ele>333.000000</ele>
			</trkpt>
			<trkpt lat="49.396167" lon="17.680292">
				<ele>330.000000</ele>
			</trkpt>
			<trkpt lat="49.396325" lon="17.680147">
				<ele>329.000000</ele>
			</trkpt>
			<trkpt lat="49.396389" lon="17.680084">
				<ele>329.000000</ele>
			</trkpt>
			<trkpt lat="49.396787" lon="17.679653">
				<ele>327.000000</ele>
			</trkpt>
			<trkpt lat="49.397126" lon="17.679240">
				<ele>325.000000</ele>
			</trkpt>
			<trkpt lat="49.397424" lon="17.678845">
				<ele>324.000000</ele>
			</trkpt>
			<trkpt lat="49.397565" lon="17.678629">
				<ele>323.000000</ele>
			</trkpt>
			<trkpt lat="49.397675" lon="17.678458">
				<ele>323.000000</ele>
			</trkpt>
			<trkpt lat="49.397699" lon="17.678512">
				<ele>322.000000</ele>
			</trkpt>
			<trkpt lat="49.397728" lon="17.678558">
				<ele>322.000000</ele>
			</trkpt>
			<trkpt lat="49.397769" lon="17.678584">
				<ele>321.000000</ele>
			</trkpt>
			<trkpt lat="49.397798" lon="17.678575">
				<ele>321.000000</ele>
			</trkpt>
			<trkpt lat="49.397834" lon="17.678684">
				<ele>321.000000</ele>
			</trkpt>
			<trkpt lat="49.397857" lon="17.678782">
				<ele>322.000000</ele>
			</trkpt>
			<trkpt lat="49.397880" lon="17.678998">
				<ele>322.000000</ele>
			</trkpt>
			<trkpt lat="49.397875" lon="17.679105">
				<ele>322.000000</ele>
			</trkpt>
			<trkpt lat="49.397857" lon="17.679221">
				<ele>323.000000</ele>
			</trkpt>
			<trkpt lat="49.397816" lon="17.679366">
				<ele>323.000000</ele>
			</trkpt>
			<trkpt lat="49.397757" lon="17.679554">
				<ele>324.000000</ele>
			</trkpt>
			<trkpt lat="49.397711" lon="17.679671">
				<ele>324.000000</ele>
			</trkpt>
			<trkpt lat="49.397559" lon="17.680147">
				<ele>325.000000</ele>
			</trkpt>
			<trkpt lat="49.397488" lon="17.680363">
				<ele>326.000000</ele>
			</trkpt>
			<trkpt lat="49.397465" lon="17.680516">
				<ele>326.000000</ele>
			</trkpt>
			<trkpt lat="49.397419" lon="17.680525">
				<ele>326.000000</ele>
			</trkpt>
			<trkpt lat="49.397383" lon="17.680569">
				<ele>326.000000</ele>
			</trkpt>
			<trkpt lat="49.397354" lon="17.680606">
				<ele>327.000000</ele>
			</trkpt>
			<trkpt lat="49.397325" lon="17.680686">
				<ele>327.000000</ele>
			</trkpt>
			<trkpt lat="49.397067" lon="17.681334">
				<ele>329.000000</ele>
			</trkpt>
			<trkpt lat="49.396869" lon="17.681791">
				<ele>330.000000</ele>
			</trkpt>
			<trkpt lat="49.396834" lon="17.681854">
				<ele>330.000000</ele>
			</trkpt>
			<trkpt lat="49.396682" lon="17.682196">
				<ele>331.000000</ele>
			</trkpt>
			<trkpt lat="49.396548" lon="17.682500">
				<ele>332.000000</ele>
			</trkpt>
			<trkpt lat="49.396430" lon="17.682860">
				<ele>332.000000</ele>
			</trkpt>
			<trkpt lat="49.396308" lon="17.683265">
				<ele>333.000000</ele>
			</trkpt>
			<trkpt lat="49.396214" lon="17.683579">
				<ele>333.000000</ele>
			</trkpt>
			<trkpt lat="49.396080" lon="17.684118">
				<ele>334.000000</ele>
			</trkpt>
			<trkpt lat="49.395986" lon="17.684558">
				<ele>335.000000</ele>
			</trkpt>
			<trkpt lat="49.395688" lon="17.685942">
				<ele>337.000000</ele>
			</trkpt>
			<trkpt lat="49.395699" lon="17.686068">
				<ele>337.000000</ele>
			</trkpt>
			<trkpt lat="49.395635" lon="17.686274">
				<ele>337.000000</ele>
			</trkpt>
			<trkpt lat="49.395577" lon="17.686418">
				<ele>338.000000</ele>
			</trkpt>
			<trkpt lat="49.395507" lon="17.686571">
				<ele>338.000000</ele>
			</trkpt>
			<trkpt lat="49.395413" lon="17.686741">
				<ele>338.000000</ele>
			</trkpt>
			<trkpt lat="49.395179" lon="17.687181">
				<ele>339.000000</ele>
			</trkpt>
			<trkpt lat="49.395092" lon="17.687370">
				<ele>339.000000</ele>
			</trkpt>
			<trkpt lat="49.395056" lon="17.687540">
				<ele>340.000000</ele>
			</trkpt>
			<trkpt lat="49.395039" lon="17.687711">
				<ele>340.000000</ele>
			</trkpt>
			<trkpt lat="49.395045" lon="17.687909">
				<ele>340.000000</ele>
			</trkpt>
			<trkpt lat="49.395115" lon="17.688672">
				<ele>341.000000</ele>
			</trkpt>
			<trkpt lat="49.395121" lon="17.688808">
				<ele>341.000000</ele>
			</trkpt>
			<trkpt lat="49.395092" lon="17.688915">
				<ele>342.000000</ele>
			</trkpt>
			<trkpt lat="49.394893" lon="17.689418">
				<ele>343.000000</ele>
			</trkpt>
			<trkpt lat="49.394776" lon="17.689741">
				<ele>343.000000</ele>
			</trkpt>
			<trkpt lat="49.394729" lon="17.689903">
				<ele>343.000000</ele>
			</trkpt>
			<trkpt lat="49.394688" lon="17.690083">
				<ele>344.000000</ele>
			</trkpt>
			<trkpt lat="49.394676" lon="17.690263">
				<ele>344.000000</ele>
			</trkpt>
			<trkpt lat="49.394641" lon="17.690657">
				<ele>344.000000</ele>
			</trkpt>
			<trkpt lat="49.394355" lon="17.692472">
				<ele>347.000000</ele>
			</trkpt>
			<trkpt lat="49.394168" lon="17.693253">
				<ele>348.000000</ele>
			</trkpt>
			<trkpt lat="49.394138" lon="17.693370">
				<ele>349.000000</ele>
			</trkpt>
			<trkpt lat="49.394127" lon="17.693469">
				<ele>349.000000</ele>
			</trkpt>
			<trkpt lat="49.394121" lon="17.693569">
				<ele>349.000000</ele>
			</trkpt>
			<trkpt lat="49.394127" lon="17.693676">
				<ele>349.000000</ele>
			</trkpt>
			<trkpt lat="49.394238" lon="17.694674">
				<ele>351.000000</ele>
			</trkpt>
			<trkpt lat="49.394331" lon="17.695419">
				<ele>353.000000</ele>
			</trkpt>
			<trkpt lat="49.394355" lon="17.696586">
				<ele>354.000000</ele>
			</trkpt>
			<trkpt lat="49.394361" lon="17.696793">
				<ele>354.000000</ele>
			</trkpt>
			<trkpt lat="49.394337" lon="17.696964">
				<ele>355.000000</ele>
			</trkpt>
			<trkpt lat="49.394308" lon="17.697117">
				<ele>355.000000</ele>
			</trkpt>
			<trkpt lat="49.394244" lon="17.697296">
				<ele>355.000000</ele>
			</trkpt>
			<trkpt lat="49.393987" lon="17.697925">
				<ele>356.000000</ele>
			</trkpt>
			<trkpt lat="49.393676" lon="17.698680">
				<ele>357.000000</ele>
			</trkpt>
			<trkpt lat="49.393601" lon="17.698859">
				<ele>358.000000</ele>
			</trkpt>
			<trkpt lat="49.393536" lon="17.699075">
				<ele>358.000000</ele>
			</trkpt>
			<trkpt lat="49.393495" lon="17.699255">
				<ele>358.000000</ele>
			</trkpt>
			<trkpt lat="49.393431" lon="17.699605">
				<ele>359.000000</ele>
			</trkpt>
			<trkpt lat="49.393390" lon="17.699785">
				<ele>359.000000</ele>
			</trkpt>
			<trkpt lat="49.393302" lon="17.700125">
				<ele>360.000000</ele>
			</trkpt>
			<trkpt lat="49.393244" lon="17.700288">
				<ele>360.000000</ele>
			</trkpt>
			<trkpt lat="49.393197" lon="17.700404">
				<ele>360.000000</ele>
			</trkpt>
			<trkpt lat="49.393104" lon="17.700611">
				<ele>361.000000</ele>
			</trkpt>
			<trkpt lat="49.393033" lon="17.700809">
				<ele>361.000000</ele>
			</trkpt>
			<trkpt lat="49.392946" lon="17.701123">
				<ele>362.000000</ele>
			</trkpt>
			<trkpt lat="49.392811" lon="17.701626">
				<ele>362.000000</ele>
			</trkpt>
			<trkpt lat="49.392519" lon="17.702605">
				<ele>364.000000</ele>
			</trkpt>
			<trkpt lat="49.392437" lon="17.702884">
				<ele>365.000000</ele>
			</trkpt>
			<trkpt lat="49.392361" lon="17.703217">
				<ele>365.000000</ele>
			</trkpt>
			<trkpt lat="49.392256" lon="17.703666">
				<ele>366.000000</ele>
			</trkpt>
			<trkpt lat="49.392162" lon="17.703997">
				<ele>367.000000</ele>
			</trkpt>
			<trkpt lat="49.392046" lon="17.704293">
				<ele>368.000000</ele>
			</trkpt>
			<trkpt lat="49.391905" lon="17.704582">
				<ele>368.000000</ele>
			</trkpt>
			<trkpt lat="49.391367" lon="17.705588">
				<ele>370.000000</ele>
			</trkpt>
			<trkpt lat="49.391233" lon="17.705884">
				<ele>371.000000</ele>
			</trkpt>
			<trkpt lat="49.391128" lon="17.706154">
				<ele>371.000000</ele>
			</trkpt>
			<trkpt lat="49.390993" lon="17.706530">
				<ele>371.000000</ele>
			</trkpt>
			<trkpt lat="49.390806" lon="17.707222">
				<ele>372.000000</ele>
			</trkpt>
			<trkpt lat="49.390887" lon="17.707303">
				<ele>372.000000</ele>
			</trkpt>
			<trkpt lat="49.390999" lon="17.707411">
				<ele>372.000000</ele>
			</trkpt>
			<trkpt lat="49.390823" lon="17.707591">
				<ele>373.000000</ele>
			</trkpt>
			<trkpt lat="49.390595" lon="17.707842">
				<ele>373.000000</ele>
			</trkpt>
			<trkpt lat="49.390408" lon="17.708094">
				<ele>374.000000</ele>
			</trkpt>
			<trkpt lat="49.390192" lon="17.708444">
				<ele>375.000000</ele>
			</trkpt>
			<trkpt lat="49.389993" lon="17.708830">
				<ele>375.000000</ele>
			</trkpt>
			<trkpt lat="49.389823" lon="17.709154">
				<ele>376.000000</ele>
			</trkpt>
			<trkpt lat="49.389695" lon="17.709396">
				<ele>377.000000</ele>
			</trkpt>
			<trkpt lat="49.389525" lon="17.709702">
				<ele>377.000000</ele>
			</trkpt>
			<trkpt lat="49.389402" lon="17.709872">
				<ele>378.000000</ele>
			</trkpt>
			<trkpt lat="49.389221" lon="17.710106">
				<ele>378.000000</ele>
			</trkpt>
			<trkpt lat="49.388999" lon="17.710402">
				<ele>379.000000</ele>
			</trkpt>
			<trkpt lat="49.388671" lon="17.710834">
				<ele>380.000000</ele>
			</trkpt>
			<trkpt lat="49.388531" lon="17.711014">
				<ele>380.000000</ele>
			</trkpt>
			<trkpt lat="49.388402" lon="17.711193">
				<ele>380.000000</ele>
			</trkpt>
			<trkpt lat="49.388127" lon="17.711660">
				<ele>380.000000</ele>
			</trkpt>
			<trkpt lat="49.387964" lon="17.711957">
				<ele>381.000000</ele>
			</trkpt>
			<trkpt lat="49.387549" lon="17.712729">
				<ele>383.000000</ele>
			</trkpt>
			<trkpt lat="49.387432" lon="17.712936">
				<ele>384.000000</ele>
			</trkpt>
			<trkpt lat="49.386502" lon="17.714643">
				<ele>388.000000</ele>
			</trkpt>
			<trkpt lat="49.386391" lon="17.714849">
				<ele>388.000000</ele>
			</trkpt>
			<trkpt lat="49.386280" lon="17.715002">
				<ele>389.000000</ele>
			</trkpt>
			<trkpt lat="49.386169" lon="17.715155">
				<ele>389.000000</ele>
			</trkpt>
			<trkpt lat="49.386040" lon="17.715299">
				<ele>389.000000</ele>
			</trkpt>
			<trkpt lat="49.385847" lon="17.715496">
				<ele>390.000000</ele>
			</trkpt>
			<trkpt lat="49.385608" lon="17.715685">
				<ele>391.000000</ele>
			</trkpt>
			<trkpt lat="49.385578" lon="17.715712">
				<ele>391.000000</ele>
			</trkpt>
			<trkpt lat="49.384999" lon="17.716161">
				<ele>392.000000</ele>
			</trkpt>
			<trkpt lat="49.384765" lon="17.716358">
				<ele>393.000000</ele>
			</trkpt>
			<trkpt lat="49.384701" lon="17.716421">
				<ele>393.000000</ele>
			</trkpt>
			<trkpt lat="49.384596" lon="17.716502">
				<ele>393.000000</ele>
			</trkpt>
			<trkpt lat="49.384514" lon="17.716591">
				<ele>394.000000</ele>
			</trkpt>
			<trkpt lat="49.384438" lon="17.716709">
				<ele>394.000000</ele>
			</trkpt>
			<trkpt lat="49.384356" lon="17.716843">
				<ele>394.000000</ele>
			</trkpt>
			<trkpt lat="49.384315" lon="17.716970">
				<ele>394.000000</ele>
			</trkpt>
			<trkpt lat="49.384280" lon="17.717086">
				<ele>395.000000</ele>
			</trkpt>
			<trkpt lat="49.384215" lon="17.717356">
				<ele>395.000000</ele>
			</trkpt>
			<trkpt lat="49.384146" lon="17.717662">
				<ele>396.000000</ele>
			</trkpt>
			<trkpt lat="49.384081" lon="17.717859">
				<ele>396.000000</ele>
			</trkpt>
			<trkpt lat="49.383912" lon="17.718254">
				<ele>397.000000</ele>
			</trkpt>
			<trkpt lat="49.383672" lon="17.718775">
				<ele>399.000000</ele>
			</trkpt>
			<trkpt lat="49.383584" lon="17.718937">
				<ele>399.000000</ele>
			</trkpt>
			<trkpt lat="49.383502" lon="17.719054">
				<ele>400.000000</ele>
			</trkpt>
			<trkpt lat="49.383403" lon="17.719188">
				<ele>400.000000</ele>
			</trkpt>
			<trkpt lat="49.383291" lon="17.719296">
				<ele>401.000000</ele>
			</trkpt>
			<trkpt lat="49.383169" lon="17.719386">
				<ele>401.000000</ele>
			</trkpt>
			<trkpt lat="49.383035" lon="17.719484">
				<ele>402.000000</ele>
			</trkpt>
			<trkpt lat="49.382561" lon="17.719746">
				<ele>404.000000</ele>
			</trkpt>
			<trkpt lat="49.382367" lon="17.719835">
				<ele>404.000000</ele>
			</trkpt>
			<trkpt lat="49.382186" lon="17.719925">
				<ele>405.000000</ele>
			</trkpt>
			<trkpt lat="49.382005" lon="17.719979">
				<ele>405.000000</ele>
			</trkpt>
			<trkpt lat="49.381795" lon="17.720033">
				<ele>406.000000</ele>
			</trkpt>
			<trkpt lat="49.381192" lon="17.720159">
				<ele>407.000000</ele>
			</trkpt>
			<trkpt lat="49.380812" lon="17.720212">
				<ele>408.000000</ele>
			</trkpt>
			<trkpt lat="49.380414" lon="17.720302">
				<ele>409.000000</ele>
			</trkpt>
			<trkpt lat="49.380244" lon="17.720365">
				<ele>409.000000</ele>
			</trkpt>
			<trkpt lat="49.380005" lon="17.720463">
				<ele>410.000000</ele>
			</trkpt>
			<trkpt lat="49.379806" lon="17.720572">
				<ele>410.000000</ele>
			</trkpt>
			<trkpt lat="49.379584" lon="17.720698">
				<ele>411.000000</ele>
			</trkpt>
			<trkpt lat="49.378929" lon="17.721119">
				<ele>412.000000</ele>
			</trkpt>
			<trkpt lat="49.378712" lon="17.721245">
				<ele>413.000000</ele>
			</trkpt>
			<trkpt lat="49.378566" lon="17.721362">
				<ele>413.000000</ele>
			</trkpt>
			<trkpt lat="49.378455" lon="17.721461">
				<ele>414.000000</ele>
			</trkpt>
			<trkpt lat="49.378368" lon="17.721568">
				<ele>414.000000</ele>
			</trkpt>
			<trkpt lat="49.378274" lon="17.721730">
				<ele>414.000000</ele>
			</trkpt>
			<trkpt lat="49.377981" lon="17.722279">
				<ele>415.000000</ele>
			</trkpt>
			<trkpt lat="49.377391" lon="17.723455">
				<ele>418.000000</ele>
			</trkpt>
			<trkpt lat="49.377250" lon="17.723725">
				<ele>418.000000</ele>
			</trkpt>
			<trkpt lat="49.377116" lon="17.723949">
				<ele>419.000000</ele>
			</trkpt>
			<trkpt lat="49.376976" lon="17.724138">
				<ele>419.000000</ele>
			</trkpt>
			<trkpt lat="49.376858" lon="17.724300">
				<ele>420.000000</ele>
			</trkpt>
			<trkpt lat="49.375583" lon="17.725728">
				<ele>424.000000</ele>
			</trkpt>
			<trkpt lat="49.375057" lon="17.726329">
				<ele>426.000000</ele>
			</trkpt>
			<trkpt lat="49.374834" lon="17.726572">
				<ele>427.000000</ele>
			</trkpt>
			<trkpt lat="49.374595" lon="17.726778">
				<ele>428.000000</ele>
			</trkpt>
			<trkpt lat="49.374466" lon="17.726878">
				<ele>429.000000</ele>
			</trkpt>
			<trkpt lat="49.374320" lon="17.726967">
				<ele>429.000000</ele>
			</trkpt>
			<trkpt lat="49.373829" lon="17.727273">
				<ele>432.000000</ele>
			</trkpt>
			<trkpt lat="49.373261" lon="17.727614">
				<ele>434.000000</ele>
			</trkpt>
			<trkpt lat="49.373150" lon="17.727704">
				<ele>435.000000</ele>
			</trkpt>
			<trkpt lat="49.373051" lon="17.727803">
				<ele>435.000000</ele>
			</trkpt>
			<trkpt lat="49.372975" lon="17.727910">
				<ele>435.000000</ele>
			</trkpt>
			<trkpt lat="49.372916" lon="17.728046">
				<ele>436.000000</ele>
			</trkpt>
			<trkpt lat="49.372881" lon="17.728180">
				<ele>436.000000</ele>
			</trkpt>
			<trkpt lat="49.372846" lon="17.728360">
				<ele>436.000000</ele>
			</trkpt>
			<trkpt lat="49.372840" lon="17.728549">
				<ele>436.000000</ele>
			</trkpt>
			<trkpt lat="49.372846" lon="17.728773">
				<ele>437.000000</ele>
			</trkpt>
			<trkpt lat="49.373039" lon="17.732034">
				<ele>444.000000</ele>
			</trkpt>
			<trkpt lat="49.373051" lon="17.732367">
				<ele>445.000000</ele>
			</trkpt>
			<trkpt lat="49.373033" lon="17.732644">
				<ele>446.000000</ele>
			</trkpt>
			<trkpt lat="49.372998" lon="17.732933">
				<ele>446.000000</ele>
			</trkpt>
			<trkpt lat="49.372916" lon="17.733472">
				<ele>448.000000</ele>
			</trkpt>
			<trkpt lat="49.372881" lon="17.733696">
				<ele>448.000000</ele>
			</trkpt>
			<trkpt lat="49.372829" lon="17.734073">
				<ele>449.000000</ele>
			</trkpt>
			<trkpt lat="49.372595" lon="17.735591">
				<ele>453.000000</ele>
			</trkpt>
			<trkpt lat="49.372501" lon="17.736239">
				<ele>454.000000</ele>
			</trkpt>
			<trkpt lat="49.372308" lon="17.737585">
				<ele>457.000000</ele>
			</trkpt>
			<trkpt lat="49.372249" lon="17.737971">
				<ele>458.000000</ele>
			</trkpt>
			<trkpt lat="49.372196" lon="17.738286">
				<ele>459.000000</ele>
			</trkpt>
			<trkpt lat="49.372138" lon="17.738502">
				<ele>459.000000</ele>
			</trkpt>
			<trkpt lat="49.372074" lon="17.738717">
				<ele>459.000000</ele>
			</trkpt>
			<trkpt lat="49.371957" lon="17.738978">
				<ele>460.000000</ele>
			</trkpt>
			<trkpt lat="49.371723" lon="17.739472">
				<ele>461.000000</ele>
			</trkpt>
			<trkpt lat="49.371483" lon="17.739931">
				<ele>462.000000</ele>
			</trkpt>
			<trkpt lat="49.371419" lon="17.740029">
				<ele>462.000000</ele>
			</trkpt>
			<trkpt lat="49.371337" lon="17.740155">
				<ele>463.000000</ele>
			</trkpt>
			<trkpt lat="49.371261" lon="17.740227">
				<ele>463.000000</ele>
			</trkpt>
			<trkpt lat="49.371167" lon="17.740334">
				<ele>463.000000</ele>
			</trkpt>
			<trkpt lat="49.370957" lon="17.740505">
				<ele>464.000000</ele>
			</trkpt>
			<trkpt lat="49.370454" lon="17.740864">
				<ele>465.000000</ele>
			</trkpt>
			<trkpt lat="49.370272" lon="17.740999">
				<ele>466.000000</ele>
			</trkpt>
			<trkpt lat="49.370114" lon="17.741160">
				<ele>467.000000</ele>
			</trkpt>
			<trkpt lat="49.369986" lon="17.741305">
				<ele>468.000000</ele>
			</trkpt>
			<trkpt lat="49.369746" lon="17.741610">
				<ele>470.000000</ele>
			</trkpt>
			<trkpt lat="49.369576" lon="17.741816">
				<ele>471.000000</ele>
			</trkpt>
			<trkpt lat="49.369430" lon="17.742032">
				<ele>472.000000</ele>
			</trkpt>
			<trkpt lat="49.369307" lon="17.742212">
				<ele>472.000000</ele>
			</trkpt>
			<trkpt lat="49.369184" lon="17.742428">
				<ele>473.000000</ele>
			</trkpt>
			<trkpt lat="49.369015" lon="17.742768">
				<ele>474.000000</ele>
			</trkpt>
			<trkpt lat="49.368816" lon="17.743110">
				<ele>475.000000</ele>
			</trkpt>
			<trkpt lat="49.368154" lon="17.744206">
				<ele>481.000000</ele>
			</trkpt>
			<trkpt lat="49.367862" lon="17.744709">
				<ele>484.000000</ele>
			</trkpt>
			<trkpt lat="49.367798" lon="17.744835">
				<ele>485.000000</ele>
			</trkpt>
			<trkpt lat="49.367739" lon="17.744942">
				<ele>486.000000</ele>
			</trkpt>
			<trkpt lat="49.367704" lon="17.745051">
				<ele>486.000000</ele>
			</trkpt>
			<trkpt lat="49.367681" lon="17.745158">
				<ele>487.000000</ele>
			</trkpt>
			<trkpt lat="49.367664" lon="17.745248">
				<ele>487.000000</ele>
			</trkpt>
			<trkpt lat="49.367651" lon="17.745365">
				<ele>488.000000</ele>
			</trkpt>
			<trkpt lat="49.367658" lon="17.745473">
				<ele>489.000000</ele>
			</trkpt>
			<trkpt lat="49.367669" lon="17.745571">
				<ele>489.000000</ele>
			</trkpt>
			<trkpt lat="49.367704" lon="17.745734">
				<ele>490.000000</ele>
			</trkpt>
			<trkpt lat="49.367763" lon="17.745923">
				<ele>491.000000</ele>
			</trkpt>
			<trkpt lat="49.367833" lon="17.746084">
				<ele>492.000000</ele>
			</trkpt>
			<trkpt lat="49.367915" lon="17.746273">
				<ele>493.000000</ele>
			</trkpt>
			<trkpt lat="49.367915" lon="17.746281">
				<ele>493.000000</ele>
			</trkpt>
			<trkpt lat="49.368079" lon="17.746587">
				<ele>496.000000</ele>
			</trkpt>
			<trkpt lat="49.368154" lon="17.746713">
				<ele>497.000000</ele>
			</trkpt>
			<trkpt lat="49.368225" lon="17.746802">
				<ele>497.000000</ele>
			</trkpt>
			<trkpt lat="49.368295" lon="17.746875">
				<ele>498.000000</ele>
			</trkpt>
			<trkpt lat="49.368388" lon="17.746928">
				<ele>499.000000</ele>
			</trkpt>
			<trkpt lat="49.368476" lon="17.746992">
				<ele>500.000000</ele>
			</trkpt>
			<trkpt lat="49.368564" lon="17.747036">
				<ele>501.000000</ele>
			</trkpt>
			<trkpt lat="49.369126" lon="17.747252">
				<ele>507.000000</ele>
			</trkpt>
			<trkpt lat="49.369354" lon="17.747359">
				<ele>509.000000</ele>
			</trkpt>
			<trkpt lat="49.369471" lon="17.747431">
				<ele>510.000000</ele>
			</trkpt>
			<trkpt lat="49.369594" lon="17.747521">
				<ele>511.000000</ele>
			</trkpt>
			<trkpt lat="49.369711" lon="17.747629">
				<ele>512.000000</ele>
			</trkpt>
			<trkpt lat="49.369840" lon="17.747755">
				<ele>513.000000</ele>
			</trkpt>
			<trkpt lat="49.369992" lon="17.747917">
				<ele>515.000000</ele>
			</trkpt>
			<trkpt lat="49.370149" lon="17.748051">
				<ele>517.000000</ele>
			</trkpt>
			<trkpt lat="49.370594" lon="17.748374">
				<ele>521.000000</ele>
			</trkpt>
			<trkpt lat="49.370892" lon="17.748626">
				<ele>524.000000</ele>
			</trkpt>
			<trkpt lat="49.371004" lon="17.748734">
				<ele>525.000000</ele>
			</trkpt>
			<trkpt lat="49.371103" lon="17.748850">
				<ele>526.000000</ele>
			</trkpt>
			<trkpt lat="49.371179" lon="17.748959">
				<ele>527.000000</ele>
			</trkpt>
			<trkpt lat="49.371266" lon="17.749102">
				<ele>528.000000</ele>
			</trkpt>
			<trkpt lat="49.371343" lon="17.749255">
				<ele>529.000000</ele>
			</trkpt>
			<trkpt lat="49.371413" lon="17.749416">
				<ele>531.000000</ele>
			</trkpt>
			<trkpt lat="49.371588" lon="17.749892">
				<ele>534.000000</ele>
			</trkpt>
			<trkpt lat="49.371641" lon="17.750045">
				<ele>535.000000</ele>
			</trkpt>
			<trkpt lat="49.371670" lon="17.750189">
				<ele>536.000000</ele>
			</trkpt>
			<trkpt lat="49.371700" lon="17.750324">
				<ele>537.000000</ele>
			</trkpt>
			<trkpt lat="49.371688" lon="17.750431">
				<ele>538.000000</ele>
			</trkpt>
			<trkpt lat="49.371665" lon="17.750531">
				<ele>539.000000</ele>
			</trkpt>
			<trkpt lat="49.371624" lon="17.750638">
				<ele>539.000000</ele>
			</trkpt>
			<trkpt lat="49.371390" lon="17.751043">
				<ele>543.000000</ele>
			</trkpt>
			<trkpt lat="49.371325" lon="17.751177">
				<ele>544.000000</ele>
			</trkpt>
			<trkpt lat="49.371266" lon="17.751313">
				<ele>545.000000</ele>
			</trkpt>
			<trkpt lat="49.371238" lon="17.751456">
				<ele>546.000000</ele>
			</trkpt>
			<trkpt lat="49.371214" lon="17.751590">
				<ele>546.000000</ele>
			</trkpt>
			<trkpt lat="49.371214" lon="17.751734">
				<ele>547.000000</ele>
			</trkpt>
			<trkpt lat="49.371220" lon="17.751887">
				<ele>547.000000</ele>
			</trkpt>
			<trkpt lat="49.371226" lon="17.752039">
				<ele>548.000000</ele>
			</trkpt>
			<trkpt lat="49.371232" lon="17.752210">
				<ele>548.000000</ele>
			</trkpt>
			<trkpt lat="49.371208" lon="17.752363">
				<ele>549.000000</ele>
			</trkpt>
			<trkpt lat="49.371179" lon="17.752516">
				<ele>549.000000</ele>
			</trkpt>
			<trkpt lat="49.371126" lon="17.752651">
				<ele>550.000000</ele>
			</trkpt>
			<trkpt lat="49.371062" lon="17.752812">
				<ele>550.000000</ele>
			</trkpt>
			<trkpt lat="49.370980" lon="17.752955">
				<ele>551.000000</ele>
			</trkpt>
			<trkpt lat="49.370863" lon="17.753135">
				<ele>552.000000</ele>
			</trkpt>
			<trkpt lat="49.370676" lon="17.753414">
				<ele>553.000000</ele>
			</trkpt>
			<trkpt lat="49.370524" lon="17.753611">
				<ele>554.000000</ele>
			</trkpt>
			<trkpt lat="49.370354" lon="17.753773">
				<ele>556.000000</ele>
			</trkpt>
			<trkpt lat="49.370126" lon="17.753989">
				<ele>557.000000</ele>
			</trkpt>
			<trkpt lat="49.369833" lon="17.754259">
				<ele>560.000000</ele>
			</trkpt>
			<trkpt lat="49.369758" lon="17.754339">
				<ele>561.000000</ele>
			</trkpt>
			<trkpt lat="49.369717" lon="17.754402">
				<ele>561.000000</ele>
			</trkpt>
			<trkpt lat="49.369681" lon="17.754510">
				<ele>561.000000</ele>
			</trkpt>
			<trkpt lat="49.369658" lon="17.754617">
				<ele>562.000000</ele>
			</trkpt>
			<trkpt lat="49.369658" lon="17.754762">
				<ele>562.000000</ele>
			</trkpt>
			<trkpt lat="49.369658" lon="17.754976">
				<ele>563.000000</ele>
			</trkpt>
			<trkpt lat="49.369711" lon="17.755974">
				<ele>568.000000</ele>
			</trkpt>
			<trkpt lat="49.369717" lon="17.756307">
				<ele>569.000000</ele>
			</trkpt>
			<trkpt lat="49.369699" lon="17.756674">
				<ele>571.000000</ele>
			</trkpt>
			<trkpt lat="49.369687" lon="17.756863">
				<ele>572.000000</ele>
			</trkpt>
			<trkpt lat="49.369658" lon="17.757089">
				<ele>573.000000</ele>
			</trkpt>
			<trkpt lat="49.369571" lon="17.757565">
				<ele>575.000000</ele>
			</trkpt>
			<trkpt lat="49.369488" lon="17.757959">
				<ele>577.000000</ele>
			</trkpt>
			<trkpt lat="49.369412" lon="17.758301">
				<ele>579.000000</ele>
			</trkpt>
			<trkpt lat="49.369325" lon="17.758552">
				<ele>580.000000</ele>
			</trkpt>
			<trkpt lat="49.369219" lon="17.758787">
				<ele>581.000000</ele>
			</trkpt>
			<trkpt lat="49.369108" lon="17.758984">
				<ele>583.000000</ele>
			</trkpt>
			<trkpt lat="49.368985" lon="17.759127">
				<ele>584.000000</ele>
			</trkpt>
			<trkpt lat="49.368699" lon="17.759433">
				<ele>586.000000</ele>
			</trkpt>
			<trkpt lat="49.368599" lon="17.759550">
				<ele>586.000000</ele>
			</trkpt>
			<trkpt lat="49.368523" lon="17.759666">
				<ele>587.000000</ele>
			</trkpt>
			<trkpt lat="49.368465" lon="17.759792">
				<ele>587.000000</ele>
			</trkpt>
			<trkpt lat="49.368430" lon="17.759900">
				<ele>587.000000</ele>
			</trkpt>
			<trkpt lat="49.368407" lon="17.760016">
				<ele>588.000000</ele>
			</trkpt>
			<trkpt lat="49.368407" lon="17.760160">
				<ele>588.000000</ele>
			</trkpt>
			<trkpt lat="49.368418" lon="17.760295">
				<ele>588.000000</ele>
			</trkpt>
			<trkpt lat="49.368453" lon="17.760421">
				<ele>589.000000</ele>
			</trkpt>
			<trkpt lat="49.368628" lon="17.760897">
				<ele>590.000000</ele>
			</trkpt>
			<trkpt lat="49.368833" lon="17.761382">
				<ele>592.000000</ele>
			</trkpt>
			<trkpt lat="49.369073" lon="17.761984">
				<ele>596.000000</ele>
			</trkpt>
			<trkpt lat="49.369401" lon="17.762855">
				<ele>600.000000</ele>
			</trkpt>
			<trkpt lat="49.369681" lon="17.763628">
				<ele>604.000000</ele>
			</trkpt>
			<trkpt lat="49.369746" lon="17.763852">
				<ele>605.000000</ele>
			</trkpt>
			<trkpt lat="49.369787" lon="17.764050">
				<ele>606.000000</ele>
			</trkpt>
			<trkpt lat="49.369827" lon="17.764274">
				<ele>607.000000</ele>
			</trkpt>
			<trkpt lat="49.369846" lon="17.764526">
				<ele>608.000000</ele>
			</trkpt>
			<trkpt lat="49.369857" lon="17.764823">
				<ele>610.000000</ele>
			</trkpt>
			<trkpt lat="49.369857" lon="17.765173">
				<ele>611.000000</ele>
			</trkpt>
			<trkpt lat="49.369851" lon="17.765919">
				<ele>615.000000</ele>
			</trkpt>
			<trkpt lat="49.369857" lon="17.766368">
				<ele>617.000000</ele>
			</trkpt>
			<trkpt lat="49.369880" lon="17.766808">
				<ele>619.000000</ele>
			</trkpt>
			<trkpt lat="49.369945" lon="17.767293">
				<ele>621.000000</ele>
			</trkpt>
			<trkpt lat="49.370061" lon="17.768255">
				<ele>625.000000</ele>
			</trkpt>
			<trkpt lat="49.370108" lon="17.768532">
				<ele>626.000000</ele>
			</trkpt>
			<trkpt lat="49.370155" lon="17.768793">
				<ele>627.000000</ele>
			</trkpt>
			<trkpt lat="49.370231" lon="17.769062">
				<ele>628.000000</ele>
			</trkpt>
			<trkpt lat="49.370319" lon="17.769332">
				<ele>629.000000</ele>
			</trkpt>
			<trkpt lat="49.370465" lon="17.769781">
				<ele>631.000000</ele>
			</trkpt>
			<trkpt lat="49.370600" lon="17.770140">
				<ele>632.000000</ele>
			</trkpt>
			<trkpt lat="49.370945" lon="17.770976">
				<ele>637.000000</ele>
			</trkpt>
			<trkpt lat="49.371068" lon="17.771263">
				<ele>638.000000</ele>
			</trkpt>
			<trkpt lat="49.371126" lon="17.771443">
				<ele>639.000000</ele>
			</trkpt>
			<trkpt lat="49.371185" lon="17.771668">
				<ele>641.000000</ele>
			</trkpt>
			<trkpt lat="49.371226" lon="17.771892">
				<ele>642.000000</ele>
			</trkpt>
			<trkpt lat="49.371354" lon="17.772943">
				<ele>646.000000</ele>
			</trkpt>
			<trkpt lat="49.371472" lon="17.773725">
				<ele>650.000000</ele>
			</trkpt>
			<trkpt lat="49.371495" lon="17.773859">
				<ele>650.000000</ele>
			</trkpt>
			<trkpt lat="49.371559" lon="17.774182">
				<ele>652.000000</ele>
			</trkpt>
			<trkpt lat="49.371571" lon="17.774308">
				<ele>653.000000</ele>
			</trkpt>
			<trkpt lat="49.371571" lon="17.774372">
				<ele>653.000000</ele>
			</trkpt>
			<trkpt lat="49.371559" lon="17.774444">
				<ele>653.000000</ele>
			</trkpt>
			<trkpt lat="49.371541" lon="17.774507">
				<ele>654.000000</ele>
			</trkpt>
			<trkpt lat="49.371513" lon="17.774551">
				<ele>654.000000</ele>
			</trkpt>
			<trkpt lat="49.371483" lon="17.774587">
				<ele>654.000000</ele>
			</trkpt>
			<trkpt lat="49.371448" lon="17.774632">
				<ele>654.000000</ele>
			</trkpt>
			<trkpt lat="49.371413" lon="17.774650">
				<ele>655.000000</ele>
			</trkpt>
			<trkpt lat="49.371360" lon="17.774668">
				<ele>655.000000</ele>
			</trkpt>
			<trkpt lat="49.371261" lon="17.774659">
				<ele>656.000000</ele>
			</trkpt>
			<trkpt lat="49.371150" lon="17.774614">
				<ele>657.000000</ele>
			</trkpt>
			<trkpt lat="49.371010" lon="17.774524">
				<ele>658.000000</ele>
			</trkpt>
			<trkpt lat="49.370922" lon="17.774471">
				<ele>658.000000</ele>
			</trkpt>
			<trkpt lat="49.370851" lon="17.774461">
				<ele>659.000000</ele>
			</trkpt>
			<trkpt lat="49.370752" lon="17.774435">
				<ele>659.000000</ele>
			</trkpt>
			<trkpt lat="49.370518" lon="17.774435">
				<ele>661.000000</ele>
			</trkpt>
			<trkpt lat="49.370272" lon="17.774461">
				<ele>662.000000</ele>
			</trkpt>
			<trkpt lat="49.370056" lon="17.774524">
				<ele>664.000000</ele>
			</trkpt>
			<trkpt lat="49.369605" lon="17.774650">
				<ele>667.000000</ele>
			</trkpt>
			<trkpt lat="49.369412" lon="17.774677">
				<ele>668.000000</ele>
			</trkpt>
			<trkpt lat="49.369255" lon="17.774695">
				<ele>669.000000</ele>
			</trkpt>
			<trkpt lat="49.369097" lon="17.774704">
				<ele>670.000000</ele>
			</trkpt>
			<trkpt lat="49.368944" lon="17.774704">
				<ele>672.000000</ele>
			</trkpt>
			<trkpt lat="49.368787" lon="17.774687">
				<ele>673.000000</ele>
			</trkpt>
			<trkpt lat="49.368658" lon="17.774668">
				<ele>674.000000</ele>
			</trkpt>
			<trkpt lat="49.368319" lon="17.774578">
				<ele>676.000000</ele>
			</trkpt>
			<trkpt lat="49.368032" lon="17.774488">
				<ele>678.000000</ele>
			</trkpt>
			<trkpt lat="49.367862" lon="17.774425">
				<ele>679.000000</ele>
			</trkpt>
			<trkpt lat="49.367710" lon="17.774335">
				<ele>680.000000</ele>
			</trkpt>
			<trkpt lat="49.367482" lon="17.774156">
				<ele>682.000000</ele>
			</trkpt>
			<trkpt lat="49.367008" lon="17.773788">
				<ele>685.000000</ele>
			</trkpt>
			<trkpt lat="49.366721" lon="17.773582">
				<ele>684.000000</ele>
			</trkpt>
			<trkpt lat="49.366581" lon="17.773482">
				<ele>683.000000</ele>
			</trkpt>
			<trkpt lat="49.366517" lon="17.773456">
				<ele>683.000000</ele>
			</trkpt>
			<trkpt lat="49.366481" lon="17.773456">
				<ele>683.000000</ele>
			</trkpt>
			<trkpt lat="49.366365" lon="17.773492">
				<ele>683.000000</ele>
			</trkpt>
			<trkpt lat="49.366318" lon="17.773509">
				<ele>683.000000</ele>
			</trkpt>
			<trkpt lat="49.366277" lon="17.773555">
				<ele>683.000000</ele>
			</trkpt>
			<trkpt lat="49.366247" lon="17.773590">
				<ele>682.000000</ele>
			</trkpt>
			<trkpt lat="49.366201" lon="17.773662">
				<ele>682.000000</ele>
			</trkpt>
			<trkpt lat="49.366172" lon="17.773743">
				<ele>682.000000</ele>
			</trkpt>
			<trkpt lat="49.366148" lon="17.773832">
				<ele>682.000000</ele>
			</trkpt>
			<trkpt lat="49.366107" lon="17.774048">
				<ele>681.000000</ele>
			</trkpt>
			<trkpt lat="49.366096" lon="17.774308">
				<ele>681.000000</ele>
			</trkpt>
			<trkpt lat="49.366090" lon="17.774425">
				<ele>681.000000</ele>
			</trkpt>
			<trkpt lat="49.366084" lon="17.775135">
				<ele>679.000000</ele>
			</trkpt>
			<trkpt lat="49.366096" lon="17.775639">
				<ele>676.000000</ele>
			</trkpt>
			<trkpt lat="49.366119" lon="17.775916">
				<ele>675.000000</ele>
			</trkpt>
			<trkpt lat="49.366154" lon="17.776232">
				<ele>674.000000</ele>
			</trkpt>
			<trkpt lat="49.366247" lon="17.776977">
				<ele>670.000000</ele>
			</trkpt>
			<trkpt lat="49.366283" lon="17.777274">
				<ele>669.000000</ele>
			</trkpt>
			<trkpt lat="49.366283" lon="17.777372">
				<ele>669.000000</ele>
			</trkpt>
			<trkpt lat="49.366277" lon="17.777453">
				<ele>669.000000</ele>
			</trkpt>
			<trkpt lat="49.366259" lon="17.777534">
				<ele>668.000000</ele>
			</trkpt>
			<trkpt lat="49.366230" lon="17.777614">
				<ele>668.000000</ele>
			</trkpt>
			<trkpt lat="49.366195" lon="17.777668">
				<ele>668.000000</ele>
			</trkpt>
			<trkpt lat="49.366148" lon="17.777723">
				<ele>668.000000</ele>
			</trkpt>
			<trkpt lat="49.366096" lon="17.777740">
				<ele>667.000000</ele>
			</trkpt>
			<trkpt lat="49.366031" lon="17.777750">
				<ele>667.000000</ele>
			</trkpt>
			<trkpt lat="49.365967" lon="17.777740">
				<ele>667.000000</ele>
			</trkpt>
			<trkpt lat="49.365897" lon="17.777687">
				<ele>666.000000</ele>
			</trkpt>
			<trkpt lat="49.365757" lon="17.777543">
				<ele>666.000000</ele>
			</trkpt>
			<trkpt lat="49.365452" lon="17.777157">
				<ele>663.000000</ele>
			</trkpt>
			<trkpt lat="49.365212" lon="17.776869">
				<ele>661.000000</ele>
			</trkpt>
			<trkpt lat="49.365136" lon="17.776798">
				<ele>661.000000</ele>
			</trkpt>
			<trkpt lat="49.365066" lon="17.776752">
				<ele>660.000000</ele>
			</trkpt>
			<trkpt lat="49.364990" lon="17.776716">
				<ele>660.000000</ele>
			</trkpt>
			<trkpt lat="49.364902" lon="17.776716">
				<ele>659.000000</ele>
			</trkpt>
			<trkpt lat="49.364814" lon="17.776735">
				<ele>659.000000</ele>
			</trkpt>
			<trkpt lat="49.364698" lon="17.776771">
				<ele>658.000000</ele>
			</trkpt>
			<trkpt lat="49.364288" lon="17.776922">
				<ele>655.000000</ele>
			</trkpt>
			<trkpt lat="49.363867" lon="17.777111">
				<ele>652.000000</ele>
			</trkpt>
			<trkpt lat="49.363159" lon="17.777480">
				<ele>646.000000</ele>
			</trkpt>
			<trkpt lat="49.362954" lon="17.777597">
				<ele>645.000000</ele>
			</trkpt>
			<trkpt lat="49.362831" lon="17.777660">
				<ele>644.000000</ele>
			</trkpt>
			<trkpt lat="49.362732" lon="17.777677">
				<ele>643.000000</ele>
			</trkpt>
			<trkpt lat="49.362603" lon="17.777668">
				<ele>642.000000</ele>
			</trkpt>
			<trkpt lat="49.362504" lon="17.777651">
				<ele>641.000000</ele>
			</trkpt>
			<trkpt lat="49.362398" lon="17.777587">
				<ele>641.000000</ele>
			</trkpt>
			<trkpt lat="49.362311" lon="17.777507">
				<ele>640.000000</ele>
			</trkpt>
			<trkpt lat="49.362234" lon="17.777398">
				<ele>639.000000</ele>
			</trkpt>
			<trkpt lat="49.362152" lon="17.777274">
				<ele>638.000000</ele>
			</trkpt>
			<trkpt lat="49.362053" lon="17.777111">
				<ele>637.000000</ele>
			</trkpt>
			<trkpt lat="49.361954" lon="17.777012">
				<ele>636.000000</ele>
			</trkpt>
			<trkpt lat="49.361901" lon="17.776968">
				<ele>635.000000</ele>
			</trkpt>
			<trkpt lat="49.361830" lon="17.776941">
				<ele>635.000000</ele>
			</trkpt>
			<trkpt lat="49.361684" lon="17.776905">
				<ele>634.000000</ele>
			</trkpt>
			<trkpt lat="49.361585" lon="17.776895">
				<ele>633.000000</ele>
			</trkpt>
			<trkpt lat="49.361497" lon="17.776905">
				<ele>633.000000</ele>
			</trkpt>
			<trkpt lat="49.361409" lon="17.776914">
				<ele>632.000000</ele>
			</trkpt>
			<trkpt lat="49.361334" lon="17.776941">
				<ele>632.000000</ele>
			</trkpt>
			<trkpt lat="49.361269" lon="17.776985">
				<ele>631.000000</ele>
			</trkpt>
			<trkpt lat="49.361216" lon="17.777040">
				<ele>631.000000</ele>
			</trkpt>
			<trkpt lat="49.361152" lon="17.777121">
				<ele>631.000000</ele>
			</trkpt>
			<trkpt lat="49.361093" lon="17.777211">
				<ele>630.000000</ele>
			</trkpt>
			<trkpt lat="49.360988" lon="17.777417">
				<ele>629.000000</ele>
			</trkpt>
			<trkpt lat="49.360889" lon="17.777561">
				<ele>628.000000</ele>
			</trkpt>
			<trkpt lat="49.360778" lon="17.777723">
				<ele>627.000000</ele>
			</trkpt>
			<trkpt lat="49.360672" lon="17.777821">
				<ele>626.000000</ele>
			</trkpt>
			<trkpt lat="49.360567" lon="17.777911">
				<ele>626.000000</ele>
			</trkpt>
			<trkpt lat="49.360444" lon="17.777974">
				<ele>625.000000</ele>
			</trkpt>
			<trkpt lat="49.360327" lon="17.778037">
				<ele>624.000000</ele>
			</trkpt>
			<trkpt lat="49.360175" lon="17.778073">
				<ele>623.000000</ele>
			</trkpt>
			<trkpt lat="49.360046" lon="17.778090">
				<ele>622.000000</ele>
			</trkpt>
			<trkpt lat="49.359865" lon="17.778090">
				<ele>621.000000</ele>
			</trkpt>
			<trkpt lat="49.359642" lon="17.778100">
				<ele>619.000000</ele>
			</trkpt>
			<trkpt lat="49.359408" lon="17.778082">
				<ele>617.000000</ele>
			</trkpt>
			<trkpt lat="49.359192" lon="17.778046">
				<ele>616.000000</ele>
			</trkpt>
			<trkpt lat="49.358987" lon="17.778001">
				<ele>614.000000</ele>
			</trkpt>
			<trkpt lat="49.358783" lon="17.777938">
				<ele>613.000000</ele>
			</trkpt>
			<trkpt lat="49.358578" lon="17.777857">
				<ele>611.000000</ele>
			</trkpt>
			<trkpt lat="49.357963" lon="17.777578">
				<ele>607.000000</ele>
			</trkpt>
			<trkpt lat="49.357794" lon="17.777507">
				<ele>605.000000</ele>
			</trkpt>
			<trkpt lat="49.357641" lon="17.777461">
				<ele>604.000000</ele>
			</trkpt>
			<trkpt lat="49.357483" lon="17.777453">
				<ele>603.000000</ele>
			</trkpt>
			<trkpt lat="49.357273" lon="17.777453">
				<ele>602.000000</ele>
			</trkpt>
			<trkpt lat="49.357039" lon="17.777471">
				<ele>600.000000</ele>
			</trkpt>
			<trkpt lat="49.356875" lon="17.777524">
				<ele>599.000000</ele>
			</trkpt>
			<trkpt lat="49.356793" lon="17.777561">
				<ele>599.000000</ele>
			</trkpt>
			<trkpt lat="49.356723" lon="17.777633">
				<ele>598.000000</ele>
			</trkpt>
			<trkpt lat="49.356641" lon="17.777695">
				<ele>598.000000</ele>
			</trkpt>
			<trkpt lat="49.356553" lon="17.777785">
				<ele>597.000000</ele>
			</trkpt>
			<trkpt lat="49.356313" lon="17.778100">
				<ele>595.000000</ele>
			</trkpt>
			<trkpt lat="49.356220" lon="17.778243">
				<ele>595.000000</ele>
			</trkpt>
			<trkpt lat="49.356109" lon="17.778432">
				<ele>593.000000</ele>
			</trkpt>
			<trkpt lat="49.355991" lon="17.778666">
				<ele>592.000000</ele>
			</trkpt>
			<trkpt lat="49.355822" lon="17.779106">
				<ele>590.000000</ele>
			</trkpt>
			<trkpt lat="49.355652" lon="17.779465">
				<ele>588.000000</ele>
			</trkpt>
			<trkpt lat="49.355447" lon="17.779815">
				<ele>586.000000</ele>
			</trkpt>
			<trkpt lat="49.355049" lon="17.780444">
				<ele>583.000000</ele>
			</trkpt>
			<trkpt lat="49.354938" lon="17.780651">
				<ele>582.000000</ele>
			</trkpt>
			<trkpt lat="49.354833" lon="17.780857">
				<ele>580.000000</ele>
			</trkpt>
			<trkpt lat="49.354757" lon="17.781073">
				<ele>580.000000</ele>
			</trkpt>
			<trkpt lat="49.354710" lon="17.781270">
				<ele>579.000000</ele>
			</trkpt>
			<trkpt lat="49.354658" lon="17.781505">
				<ele>578.000000</ele>
			</trkpt>
			<trkpt lat="49.354622" lon="17.781782">
				<ele>577.000000</ele>
			</trkpt>
			<trkpt lat="49.354611" lon="17.782071">
				<ele>576.000000</ele>
			</trkpt>
			<trkpt lat="49.354599" lon="17.782394">
				<ele>575.000000</ele>
			</trkpt>
			<trkpt lat="49.354581" lon="17.783184">
				<ele>572.000000</ele>
			</trkpt>
			<trkpt lat="49.354576" lon="17.783373">
				<ele>572.000000</ele>
			</trkpt>
			<trkpt lat="49.354564" lon="17.783499">
				<ele>571.000000</ele>
			</trkpt>
			<trkpt lat="49.354546" lon="17.783606">
				<ele>571.000000</ele>
			</trkpt>
			<trkpt lat="49.354511" lon="17.783732">
				<ele>570.000000</ele>
			</trkpt>
			<trkpt lat="49.354447" lon="17.783920">
				<ele>570.000000</ele>
			</trkpt>
			<trkpt lat="49.354295" lon="17.784280">
				<ele>568.000000</ele>
			</trkpt>
			<trkpt lat="49.353282" lon="17.786679">
				<ele>560.000000</ele>
			</trkpt>
			<trkpt lat="49.352954" lon="17.787469">
				<ele>558.000000</ele>
			</trkpt>
			<trkpt lat="49.352387" lon="17.788772">
				<ele>555.000000</ele>
			</trkpt>
			<trkpt lat="49.352183" lon="17.789283">
				<ele>554.000000</ele>
			</trkpt>
			<trkpt lat="49.352071" lon="17.789606">
				<ele>553.000000</ele>
			</trkpt>
			<trkpt lat="49.352007" lon="17.789841">
				<ele>553.000000</ele>
			</trkpt>
			<trkpt lat="49.351977" lon="17.790128">
				<ele>552.000000</ele>
			</trkpt>
			<trkpt lat="49.351954" lon="17.790524">
				<ele>551.000000</ele>
			</trkpt>
			<trkpt lat="49.351948" lon="17.790874">
				<ele>550.000000</ele>
			</trkpt>
			<trkpt lat="49.351960" lon="17.791170">
				<ele>550.000000</ele>
			</trkpt>
			<trkpt lat="49.351977" lon="17.791449">
				<ele>549.000000</ele>
			</trkpt>
			<trkpt lat="49.352018" lon="17.791727">
				<ele>548.000000</ele>
			</trkpt>
			<trkpt lat="49.352329" lon="17.793730">
				<ele>544.000000</ele>
			</trkpt>
			<trkpt lat="49.352621" lon="17.795509">
				<ele>541.000000</ele>
			</trkpt>
			<trkpt lat="49.352679" lon="17.795949">
				<ele>541.000000</ele>
			</trkpt>
			<trkpt lat="49.352697" lon="17.796281">
				<ele>540.000000</ele>
			</trkpt>
			<trkpt lat="49.352703" lon="17.796614">
				<ele>540.000000</ele>
			</trkpt>
			<trkpt lat="49.352662" lon="17.797135">
				<ele>538.000000</ele>
			</trkpt>
			<trkpt lat="49.352632" lon="17.797495">
				<ele>537.000000</ele>
			</trkpt>
			<trkpt lat="49.352592" lon="17.797998">
				<ele>536.000000</ele>
			</trkpt>
			<trkpt lat="49.352568" lon="17.798330">
				<ele>535.000000</ele>
			</trkpt>
			<trkpt lat="49.352563" lon="17.798564">
				<ele>535.000000</ele>
			</trkpt>
			<trkpt lat="49.352568" lon="17.798751">
				<ele>535.000000</ele>
			</trkpt>
			<trkpt lat="49.352592" lon="17.798931">
				<ele>535.000000</ele>
			</trkpt>
			<trkpt lat="49.352645" lon="17.799336">
				<ele>535.000000</ele>
			</trkpt>
			<trkpt lat="49.352750" lon="17.800019">
				<ele>536.000000</ele>
			</trkpt>
			<trkpt lat="49.352996" lon="17.801546">
				<ele>538.000000</ele>
			</trkpt>
			<trkpt lat="49.353095" lon="17.802283">
				<ele>539.000000</ele>
			</trkpt>
			<trkpt lat="49.353136" lon="17.802686">
				<ele>540.000000</ele>
			</trkpt>
			<trkpt lat="49.353177" lon="17.803028">
				<ele>541.000000</ele>
			</trkpt>
			<trkpt lat="49.353194" lon="17.803378">
				<ele>543.000000</ele>
			</trkpt>
			<trkpt lat="49.353212" lon="17.803764">
				<ele>544.000000</ele>
			</trkpt>
			<trkpt lat="49.353230" lon="17.804043">
				<ele>545.000000</ele>
			</trkpt>
			<trkpt lat="49.353276" lon="17.804348">
				<ele>546.000000</ele>
			</trkpt>
			<trkpt lat="49.353335" lon="17.804583">
				<ele>547.000000</ele>
			</trkpt>
			<trkpt lat="49.353417" lon="17.804833">
				<ele>548.000000</ele>
			</trkpt>
			<trkpt lat="49.353528" lon="17.805076">
				<ele>549.000000</ele>
			</trkpt>
			<trkpt lat="49.353668" lon="17.805346">
				<ele>551.000000</ele>
			</trkpt>
			<trkpt lat="49.353832" lon="17.805615">
				<ele>553.000000</ele>
			</trkpt>
			<trkpt lat="49.354055" lon="17.805948">
				<ele>555.000000</ele>
			</trkpt>
			<trkpt lat="49.354154" lon="17.806101">
				<ele>556.000000</ele>
			</trkpt>
			<trkpt lat="49.354236" lon="17.806288">
				<ele>558.000000</ele>
			</trkpt>
			<trkpt lat="49.354306" lon="17.806487">
				<ele>559.000000</ele>
			</trkpt>
			<trkpt lat="49.354347" lon="17.806693">
				<ele>560.000000</ele>
			</trkpt>
			<trkpt lat="49.354359" lon="17.806900">
				<ele>561.000000</ele>
			</trkpt>
			<trkpt lat="49.354359" lon="17.807160">
				<ele>562.000000</ele>
			</trkpt>
			<trkpt lat="49.354336" lon="17.807439">
				<ele>563.000000</ele>
			</trkpt>
			<trkpt lat="49.354295" lon="17.807762">
				<ele>565.000000</ele>
			</trkpt>
			<trkpt lat="49.354066" lon="17.809154">
				<ele>572.000000</ele>
			</trkpt>
			<trkpt lat="49.353990" lon="17.809711">
				<ele>575.000000</ele>
			</trkpt>
			<trkpt lat="49.353937" lon="17.810179">
				<ele>575.000000</ele>
			</trkpt>
			<trkpt lat="49.353856" lon="17.811185">
				<ele>577.000000</ele>
			</trkpt>
			<trkpt lat="49.353838" lon="17.811401">
				<ele>577.000000</ele>
			</trkpt>
			<trkpt lat="49.353838" lon="17.811401">
				<ele>577.000000</ele>
			</trkpt>
			<trkpt lat="49.353821" lon="17.811580">
				<ele>577.000000</ele>
			</trkpt>
			<trkpt lat="49.353774" lon="17.812110">
				<ele>578.000000</ele>
			</trkpt>
			<trkpt lat="49.353750" lon="17.812281">
				<ele>578.000000</ele>
			</trkpt>
			<trkpt lat="49.353721" lon="17.812416">
				<ele>578.000000</ele>
			</trkpt>
			<trkpt lat="49.353692" lon="17.812523">
				<ele>578.000000</ele>
			</trkpt>
			<trkpt lat="49.353651" lon="17.812613">
				<ele>578.000000</ele>
			</trkpt>
			<trkpt lat="49.353604" lon="17.812694">
				<ele>578.000000</ele>
			</trkpt>
			<trkpt lat="49.353534" lon="17.812774">
				<ele>579.000000</ele>
			</trkpt>
			<trkpt lat="49.353475" lon="17.812810">
				<ele>579.000000</ele>
			</trkpt>
			<trkpt lat="49.353423" lon="17.812837">
				<ele>579.000000</ele>
			</trkpt>
			<trkpt lat="49.353359" lon="17.812846">
				<ele>579.000000</ele>
			</trkpt>
			<trkpt lat="49.353306" lon="17.812856">
				<ele>579.000000</ele>
			</trkpt>
			<trkpt lat="49.353177" lon="17.812820">
				<ele>579.000000</ele>
			</trkpt>
			<trkpt lat="49.353037" lon="17.812730">
				<ele>580.000000</ele>
			</trkpt>
			<trkpt lat="49.352879" lon="17.812613">
				<ele>580.000000</ele>
			</trkpt>
			<trkpt lat="49.352475" lon="17.812298">
				<ele>577.000000</ele>
			</trkpt>
			<trkpt lat="49.352223" lon="17.812110">
				<ele>575.000000</ele>
			</trkpt>
			<trkpt lat="49.351995" lon="17.811957">
				<ele>574.000000</ele>
			</trkpt>
			<trkpt lat="49.351802" lon="17.811831">
				<ele>573.000000</ele>
			</trkpt>
			<trkpt lat="49.351580" lon="17.811741">
				<ele>571.000000</ele>
			</trkpt>
			<trkpt lat="49.351334" lon="17.811661">
				<ele>570.000000</ele>
			</trkpt>
			<trkpt lat="49.351070" lon="17.811571">
				<ele>568.000000</ele>
			</trkpt>
			<trkpt lat="49.350842" lon="17.811517">
				<ele>567.000000</ele>
			</trkpt>
			<trkpt lat="49.350684" lon="17.811481">
				<ele>566.000000</ele>
			</trkpt>
			<trkpt lat="49.350550" lon="17.811472">
				<ele>565.000000</ele>
			</trkpt>
			<trkpt lat="49.350421" lon="17.811481">
				<ele>564.000000</ele>
			</trkpt>
			<trkpt lat="49.350298" lon="17.811525">
				<ele>563.000000</ele>
			</trkpt>
			<trkpt lat="49.350151" lon="17.811588">
				<ele>562.000000</ele>
			</trkpt>
			<trkpt lat="49.350005" lon="17.811688">
				<ele>561.000000</ele>
			</trkpt>
			<trkpt lat="49.349859" lon="17.811804">
				<ele>560.000000</ele>
			</trkpt>
			<trkpt lat="49.349649" lon="17.811984">
				<ele>559.000000</ele>
			</trkpt>
			<trkpt lat="49.349555" lon="17.812065">
				<ele>558.000000</ele>
			</trkpt>
			<trkpt lat="49.349461" lon="17.812118">
				<ele>557.000000</ele>
			</trkpt>
			<trkpt lat="49.349374" lon="17.812137">
				<ele>557.000000</ele>
			</trkpt>
			<trkpt lat="49.349321" lon="17.812137">
				<ele>556.000000</ele>
			</trkpt>
			<trkpt lat="49.349256" lon="17.812118">
				<ele>556.000000</ele>
			</trkpt>
			<trkpt lat="49.349204" lon="17.812101">
				<ele>556.000000</ele>
			</trkpt>
			<trkpt lat="49.349140" lon="17.812057">
				<ele>555.000000</ele>
			</trkpt>
			<trkpt lat="49.349098" lon="17.812011">
				<ele>555.000000</ele>
			</trkpt>
			<trkpt lat="49.349034" lon="17.811957">
				<ele>554.000000</ele>
			</trkpt>
			<trkpt lat="49.348940" lon="17.811795">
				<ele>553.000000</ele>
			</trkpt>
			<trkpt lat="49.348595" lon="17.811112">
				<ele>549.000000</ele>
			</trkpt>
			<trkpt lat="49.348355" lon="17.810673">
				<ele>547.000000</ele>
			</trkpt>
			<trkpt lat="49.348215" lon="17.810430">
				<ele>546.000000</ele>
			</trkpt>
			<trkpt lat="49.348068" lon="17.810242">
				<ele>544.000000</ele>
			</trkpt>
			<trkpt lat="49.347910" lon="17.810089">
				<ele>543.000000</ele>
			</trkpt>
			<trkpt lat="49.347647" lon="17.809873">
				<ele>541.000000</ele>
			</trkpt>
			<trkpt lat="49.347214" lon="17.809523">
				<ele>537.000000</ele>
			</trkpt>
			<trkpt lat="49.346939" lon="17.809298">
				<ele>535.000000</ele>
			</trkpt>
			<trkpt lat="49.346640" lon="17.809038">
				<ele>533.000000</ele>
			</trkpt>
			<trkpt lat="49.346541" lon="17.808957">
				<ele>532.000000</ele>
			</trkpt>
			<trkpt lat="49.346453" lon="17.808930">
				<ele>531.000000</ele>
			</trkpt>
			<trkpt lat="49.346371" lon="17.808948">
				<ele>531.000000</ele>
			</trkpt>
			<trkpt lat="49.346289" lon="17.809002">
				<ele>530.000000</ele>
			</trkpt>
			<trkpt lat="49.346266" lon="17.809038">
				<ele>530.000000</ele>
			</trkpt>
			<trkpt lat="49.346219" lon="17.809110">
				<ele>529.000000</ele>
			</trkpt>
			<trkpt lat="49.346190" lon="17.809200">
				<ele>529.000000</ele>
			</trkpt>
			<trkpt lat="49.346172" lon="17.809325">
				<ele>528.000000</ele>
			</trkpt>
			<trkpt lat="49.346160" lon="17.809487">
				<ele>528.000000</ele>
			</trkpt>
			<trkpt lat="49.346149" lon="17.809917">
				<ele>526.000000</ele>
			</trkpt>
			<trkpt lat="49.346160" lon="17.810600">
				<ele>523.000000</ele>
			</trkpt>
			<trkpt lat="49.346160" lon="17.810753">
				<ele>522.000000</ele>
			</trkpt>
			<trkpt lat="49.346149" lon="17.810862">
				<ele>522.000000</ele>
			</trkpt>
			<trkpt lat="49.346119" lon="17.810978">
				<ele>521.000000</ele>
			</trkpt>
			<trkpt lat="49.346067" lon="17.811086">
				<ele>521.000000</ele>
			</trkpt>
			<trkpt lat="49.346003" lon="17.811158">
				<ele>520.000000</ele>
			</trkpt>
			<trkpt lat="49.345932" lon="17.811194">
				<ele>520.000000</ele>
			</trkpt>
			<trkpt lat="49.345850" lon="17.811202">
				<ele>519.000000</ele>
			</trkpt>
			<trkpt lat="49.345710" lon="17.811185">
				<ele>518.000000</ele>
			</trkpt>
			<trkpt lat="49.345610" lon="17.811175">
				<ele>518.000000</ele>
			</trkpt>
			<trkpt lat="49.345534" lon="17.811175">
				<ele>517.000000</ele>
			</trkpt>
			<trkpt lat="49.345470" lon="17.811202">
				<ele>517.000000</ele>
			</trkpt>
			<trkpt lat="49.345405" lon="17.811248">
				<ele>517.000000</ele>
			</trkpt>
			<trkpt lat="49.345382" lon="17.811292">
				<ele>516.000000</ele>
			</trkpt>
			<trkpt lat="49.345353" lon="17.811328">
				<ele>516.000000</ele>
			</trkpt>
			<trkpt lat="49.345323" lon="17.811436">
				<ele>516.000000</ele>
			</trkpt>
			<trkpt lat="49.345317" lon="17.811580">
				<ele>515.000000</ele>
			</trkpt>
			<trkpt lat="49.345341" lon="17.811760">
				<ele>515.000000</ele>
			</trkpt>
			<trkpt lat="49.345376" lon="17.811948">
				<ele>514.000000</ele>
			</trkpt>
			<trkpt lat="49.345376" lon="17.812091">
				<ele>514.000000</ele>
			</trkpt>
			<trkpt lat="49.345359" lon="17.812208">
				<ele>514.000000</ele>
			</trkpt>
			<trkpt lat="49.345317" lon="17.812317">
				<ele>514.000000</ele>
			</trkpt>
			<trkpt lat="49.345265" lon="17.812416">
				<ele>513.000000</ele>
			</trkpt>
			<trkpt lat="49.345201" lon="17.812478">
				<ele>513.000000</ele>
			</trkpt>
			<trkpt lat="49.345136" lon="17.812533">
				<ele>513.000000</ele>
			</trkpt>
			<trkpt lat="49.345019" lon="17.812568">
				<ele>513.000000</ele>
			</trkpt>
			<trkpt lat="49.344557" lon="17.812712">
				<ele>511.000000</ele>
			</trkpt>
			<trkpt lat="49.344364" lon="17.812774">
				<ele>511.000000</ele>
			</trkpt>
			<trkpt lat="49.344311" lon="17.812810">
				<ele>510.000000</ele>
			</trkpt>
			<trkpt lat="49.344253" lon="17.812864">
				<ele>510.000000</ele>
			</trkpt>
			<trkpt lat="49.344200" lon="17.812946">
				<ele>510.000000</ele>
			</trkpt>
			<trkpt lat="49.344159" lon="17.813009">
				<ele>510.000000</ele>
			</trkpt>
			<trkpt lat="49.344130" lon="17.813089">
				<ele>509.000000</ele>
			</trkpt>
			<trkpt lat="49.344100" lon="17.813223">
				<ele>509.000000</ele>
			</trkpt>
			<trkpt lat="49.344059" lon="17.813376">
				<ele>508.000000</ele>
			</trkpt>
			<trkpt lat="49.344047" lon="17.813512">
				<ele>507.000000</ele>
			</trkpt>
			<trkpt lat="49.344053" lon="17.813655">
				<ele>507.000000</ele>
			</trkpt>
			<trkpt lat="49.344077" lon="17.813762">
				<ele>506.000000</ele>
			</trkpt>
			<trkpt lat="49.344118" lon="17.813888">
				<ele>506.000000</ele>
			</trkpt>
			<trkpt lat="49.344188" lon="17.814032">
				<ele>505.000000</ele>
			</trkpt>
			<trkpt lat="49.344282" lon="17.814185">
				<ele>504.000000</ele>
			</trkpt>
			<trkpt lat="49.344399" lon="17.814355">
				<ele>503.000000</ele>
			</trkpt>
			<trkpt lat="49.344604" lon="17.814644">
				<ele>500.000000</ele>
			</trkpt>
			<trkpt lat="49.344668" lon="17.814778">
				<ele>500.000000</ele>
			</trkpt>
			<trkpt lat="49.344715" lon="17.814913">
				<ele>499.000000</ele>
			</trkpt>
			<trkpt lat="49.344750" lon="17.815083">
				<ele>498.000000</ele>
			</trkpt>
			<trkpt lat="49.344756" lon="17.815236">
				<ele>497.000000</ele>
			</trkpt>
			<trkpt lat="49.344733" lon="17.815766">
				<ele>494.000000</ele>
			</trkpt>
			<trkpt lat="49.344738" lon="17.815936">
				<ele>493.000000</ele>
			</trkpt>
			<trkpt lat="49.344750" lon="17.816099">
				<ele>493.000000</ele>
			</trkpt>
			<trkpt lat="49.344774" lon="17.816242">
				<ele>492.000000</ele>
			</trkpt>
			<trkpt lat="49.344808" lon="17.816368">
				<ele>491.000000</ele>
			</trkpt>
			<trkpt lat="49.344855" lon="17.816475">
				<ele>490.000000</ele>
			</trkpt>
			<trkpt lat="49.344920" lon="17.816575">
				<ele>490.000000</ele>
			</trkpt>
			<trkpt lat="49.344996" lon="17.816709">
				<ele>489.000000</ele>
			</trkpt>
			<trkpt lat="49.345119" lon="17.816862">
				<ele>487.000000</ele>
			</trkpt>
			<trkpt lat="49.345294" lon="17.817095">
				<ele>485.000000</ele>
			</trkpt>
			<trkpt lat="49.345400" lon="17.817267">
				<ele>484.000000</ele>
			</trkpt>
			<trkpt lat="49.345482" lon="17.817437">
				<ele>483.000000</ele>
			</trkpt>
			<trkpt lat="49.345552" lon="17.817644">
				<ele>482.000000</ele>
			</trkpt>
			<trkpt lat="49.345739" lon="17.818236">
				<ele>479.000000</ele>
			</trkpt>
			<trkpt lat="49.345950" lon="17.818955">
				<ele>474.000000</ele>
			</trkpt>
			<trkpt lat="49.345985" lon="17.819081">
				<ele>474.000000</ele>
			</trkpt>
			<trkpt lat="49.346032" lon="17.819179">
				<ele>473.000000</ele>
			</trkpt>
			<trkpt lat="49.346078" lon="17.819252">
				<ele>472.000000</ele>
			</trkpt>
			<trkpt lat="49.346149" lon="17.819324">
				<ele>471.000000</ele>
			</trkpt>
			<trkpt lat="49.346207" lon="17.819368">
				<ele>471.000000</ele>
			</trkpt>
			<trkpt lat="49.346289" lon="17.819395">
				<ele>470.000000</ele>
			</trkpt>
			<trkpt lat="49.346593" lon="17.819467">
				<ele>469.000000</ele>
			</trkpt>
			<trkpt lat="49.346816" lon="17.819548">
				<ele>468.000000</ele>
			</trkpt>
			<trkpt lat="49.346997" lon="17.819628">
				<ele>467.000000</ele>
			</trkpt>
			<trkpt lat="49.347143" lon="17.819737">
				<ele>466.000000</ele>
			</trkpt>
			<trkpt lat="49.347284" lon="17.819854">
				<ele>466.000000</ele>
			</trkpt>
			<trkpt lat="49.347419" lon="17.819997">
				<ele>465.000000</ele>
			</trkpt>
			<trkpt lat="49.347565" lon="17.820204">
				<ele>465.000000</ele>
			</trkpt>
			<trkpt lat="49.347694" lon="17.820410">
				<ele>464.000000</ele>
			</trkpt>
			<trkpt lat="49.347834" lon="17.820680">
				<ele>463.000000</ele>
			</trkpt>
			<trkpt lat="49.347893" lon="17.820823">
				<ele>463.000000</ele>
			</trkpt>
			<trkpt lat="49.347957" lon="17.821039">
				<ele>462.000000</ele>
			</trkpt>
			<trkpt lat="49.348016" lon="17.821299">
				<ele>462.000000</ele>
			</trkpt>
			<trkpt lat="49.348080" lon="17.821623">
				<ele>461.000000</ele>
			</trkpt>
			<trkpt lat="49.348109" lon="17.821902">
				<ele>461.000000</ele>
			</trkpt>
			<trkpt lat="49.348115" lon="17.821991">
				<ele>460.000000</ele>
			</trkpt>
			<trkpt lat="49.348104" lon="17.822072">
				<ele>460.000000</ele>
			</trkpt>
			<trkpt lat="49.348091" lon="17.822144">
				<ele>460.000000</ele>
			</trkpt>
			<trkpt lat="49.348063" lon="17.822225">
				<ele>460.000000</ele>
			</trkpt>
			<trkpt lat="49.347939" lon="17.822647">
				<ele>458.000000</ele>
			</trkpt>
			<trkpt lat="49.347817" lon="17.823051">
				<ele>457.000000</ele>
			</trkpt>
			<trkpt lat="49.347700" lon="17.823536">
				<ele>455.000000</ele>
			</trkpt>
			<trkpt lat="49.347617" lon="17.823869">
				<ele>454.000000</ele>
			</trkpt>
			<trkpt lat="49.347559" lon="17.824139">
				<ele>453.000000</ele>
			</trkpt>
			<trkpt lat="49.347518" lon="17.824408">
				<ele>452.000000</ele>
			</trkpt>
			<trkpt lat="49.347460" lon="17.824794">
				<ele>451.000000</ele>
			</trkpt>
			<trkpt lat="49.347436" lon="17.825010">
				<ele>451.000000</ele>
			</trkpt>
			<trkpt lat="49.347436" lon="17.825181">
				<ele>450.000000</ele>
			</trkpt>
			<trkpt lat="49.347448" lon="17.825342">
				<ele>450.000000</ele>
			</trkpt>
			<trkpt lat="49.347489" lon="17.825548">
				<ele>450.000000</ele>
			</trkpt>
			<trkpt lat="49.347636" lon="17.826142">
				<ele>449.000000</ele>
			</trkpt>
			<trkpt lat="49.347770" lon="17.826626">
				<ele>449.000000</ele>
			</trkpt>
			<trkpt lat="49.347887" lon="17.827004">
				<ele>448.000000</ele>
			</trkpt>
			<trkpt lat="49.347963" lon="17.827228">
				<ele>448.000000</ele>
			</trkpt>
			<trkpt lat="49.348057" lon="17.827426">
				<ele>448.000000</ele>
			</trkpt>
			<trkpt lat="49.348150" lon="17.827597">
				<ele>447.000000</ele>
			</trkpt>
			<trkpt lat="49.348302" lon="17.827875">
				<ele>447.000000</ele>
			</trkpt>
			<trkpt lat="49.348625" lon="17.828370">
				<ele>446.000000</ele>
			</trkpt>
			<trkpt lat="49.348782" lon="17.828657">
				<ele>446.000000</ele>
			</trkpt>
			<trkpt lat="49.348911" lon="17.828909">
				<ele>446.000000</ele>
			</trkpt>
			<trkpt lat="49.349011" lon="17.829196">
				<ele>445.000000</ele>
			</trkpt>
			<trkpt lat="49.349104" lon="17.829483">
				<ele>445.000000</ele>
			</trkpt>
			<trkpt lat="49.349151" lon="17.829681">
				<ele>444.000000</ele>
			</trkpt>
			<trkpt lat="49.349180" lon="17.829888">
				<ele>443.000000</ele>
			</trkpt>
			<trkpt lat="49.349256" lon="17.830462">
				<ele>441.000000</ele>
			</trkpt>
			<trkpt lat="49.349332" lon="17.830813">
				<ele>440.000000</ele>
			</trkpt>
			<trkpt lat="49.349414" lon="17.831154">
				<ele>439.000000</ele>
			</trkpt>
			<trkpt lat="49.349578" lon="17.831676">
				<ele>438.000000</ele>
			</trkpt>
			<trkpt lat="49.349707" lon="17.832070">
				<ele>437.000000</ele>
			</trkpt>
			<trkpt lat="49.349754" lon="17.832250">
				<ele>437.000000</ele>
			</trkpt>
			<trkpt lat="49.349789" lon="17.832394">
				<ele>437.000000</ele>
			</trkpt>
			<trkpt lat="49.349812" lon="17.832546">
				<ele>436.000000</ele>
			</trkpt>
			<trkpt lat="49.349830" lon="17.832754">
				<ele>436.000000</ele>
			</trkpt>
			<trkpt lat="49.349870" lon="17.833085">
				<ele>435.000000</ele>
			</trkpt>
			<trkpt lat="49.349929" lon="17.833436">
				<ele>435.000000</ele>
			</trkpt>
			<trkpt lat="49.350082" lon="17.833966">
				<ele>434.000000</ele>
			</trkpt>
			<trkpt lat="49.350111" lon="17.834127">
				<ele>434.000000</ele>
			</trkpt>
			<trkpt lat="49.350134" lon="17.834334">
				<ele>433.000000</ele>
			</trkpt>
			<trkpt lat="49.350146" lon="17.834550">
				<ele>433.000000</ele>
			</trkpt>
			<trkpt lat="49.350151" lon="17.834739">
				<ele>433.000000</ele>
			</trkpt>
			<trkpt lat="49.350117" lon="17.835358">
				<ele>432.000000</ele>
			</trkpt>
			<trkpt lat="49.350104" lon="17.835601">
				<ele>432.000000</ele>
			</trkpt>
			<trkpt lat="49.350099" lon="17.835834">
				<ele>431.000000</ele>
			</trkpt>
			<trkpt lat="49.350099" lon="17.836031">
				<ele>431.000000</ele>
			</trkpt>
			<trkpt lat="49.350123" lon="17.836238">
				<ele>431.000000</ele>
			</trkpt>
			<trkpt lat="49.350151" lon="17.836473">
				<ele>430.000000</ele>
			</trkpt>
			<trkpt lat="49.350222" lon="17.836976">
				<ele>429.000000</ele>
			</trkpt>
			<trkpt lat="49.350310" lon="17.837433">
				<ele>429.000000</ele>
			</trkpt>
			<trkpt lat="49.350409" lon="17.837909">
				<ele>428.000000</ele>
			</trkpt>
			<trkpt lat="49.350555" lon="17.838538">
				<ele>426.000000</ele>
			</trkpt>
			<trkpt lat="49.350608" lon="17.838790">
				<ele>426.000000</ele>
			</trkpt>
			<trkpt lat="49.350661" lon="17.839023">
				<ele>426.000000</ele>
			</trkpt>
			<trkpt lat="49.350772" lon="17.839840">
				<ele>424.000000</ele>
			</trkpt>
			<trkpt lat="49.350825" lon="17.840192">
				<ele>423.000000</ele>
			</trkpt>
			<trkpt lat="49.350889" lon="17.840515">
				<ele>423.000000</ele>
			</trkpt>
			<trkpt lat="49.351094" lon="17.841360">
				<ele>421.000000</ele>
			</trkpt>
			<trkpt lat="49.351147" lon="17.841574">
				<ele>421.000000</ele>
			</trkpt>
			<trkpt lat="49.351176" lon="17.841737">
				<ele>420.000000</ele>
			</trkpt>
			<trkpt lat="49.351199" lon="17.841889">
				<ele>420.000000</ele>
			</trkpt>
			<trkpt lat="49.351211" lon="17.842060">
				<ele>420.000000</ele>
			</trkpt>
			<trkpt lat="49.351217" lon="17.842276">
				<ele>420.000000</ele>
			</trkpt>
			<trkpt lat="49.351222" lon="17.842446">
				<ele>419.000000</ele>
			</trkpt>
			<trkpt lat="49.351234" lon="17.842608">
				<ele>419.000000</ele>
			</trkpt>
			<trkpt lat="49.351275" lon="17.842832">
				<ele>418.000000</ele>
			</trkpt>
			<trkpt lat="49.351421" lon="17.843505">
				<ele>417.000000</ele>
			</trkpt>
			<trkpt lat="49.351597" lon="17.844251">
				<ele>416.000000</ele>
			</trkpt>
			<trkpt lat="49.351632" lon="17.844396">
				<ele>415.000000</ele>
			</trkpt>
			<trkpt lat="49.351819" lon="17.845123">
				<ele>414.000000</ele>
			</trkpt>
			<trkpt lat="49.351960" lon="17.845706">
				<ele>413.000000</ele>
			</trkpt>
			<trkpt lat="49.352071" lon="17.846228">
				<ele>412.000000</ele>
			</trkpt>
			<trkpt lat="49.352118" lon="17.846488">
				<ele>412.000000</ele>
			</trkpt>
			<trkpt lat="49.352159" lon="17.846740">
				<ele>412.000000</ele>
			</trkpt>
			<trkpt lat="49.352188" lon="17.847000">
				<ele>411.000000</ele>
			</trkpt>
			<trkpt lat="49.352217" lon="17.847324">
				<ele>411.000000</ele>
			</trkpt>
			<trkpt lat="49.352217" lon="17.847566">
				<ele>410.000000</ele>
			</trkpt>
			<trkpt lat="49.352217" lon="17.847792">
				<ele>410.000000</ele>
			</trkpt>
			<trkpt lat="49.352200" lon="17.847998">
				<ele>409.000000</ele>
			</trkpt>
			<trkpt lat="49.352176" lon="17.848231">
				<ele>409.000000</ele>
			</trkpt>
			<trkpt lat="49.352007" lon="17.849318">
				<ele>406.000000</ele>
			</trkpt>
			<trkpt lat="49.351732" lon="17.850918">
				<ele>403.000000</ele>
			</trkpt>
			<trkpt lat="49.351468" lon="17.852498">
				<ele>401.000000</ele>
			</trkpt>
			<trkpt lat="49.351375" lon="17.853082">
				<ele>401.000000</ele>
			</trkpt>
			<trkpt lat="49.351357" lon="17.853289">
				<ele>400.000000</ele>
			</trkpt>
			<trkpt lat="49.351346" lon="17.853576">
				<ele>400.000000</ele>
			</trkpt>
			<trkpt lat="49.351351" lon="17.854402">
				<ele>399.000000</ele>
			</trkpt>
			<trkpt lat="49.351375" lon="17.854933">
				<ele>398.000000</ele>
			</trkpt>
			<trkpt lat="49.351387" lon="17.855140">
				<ele>398.000000</ele>
			</trkpt>
			<trkpt lat="49.351415" lon="17.855390">
				<ele>398.000000</ele>
			</trkpt>
			<trkpt lat="49.351445" lon="17.855543">
				<ele>397.000000</ele>
			</trkpt>
			<trkpt lat="49.351503" lon="17.855832">
				<ele>397.000000</ele>
			</trkpt>
			<trkpt lat="49.351668" lon="17.856738">
				<ele>396.000000</ele>
			</trkpt>
			<trkpt lat="49.351995" lon="17.858508">
				<ele>393.000000</ele>
			</trkpt>
			<trkpt lat="49.352036" lon="17.858723">
				<ele>393.000000</ele>
			</trkpt>
			<trkpt lat="49.352083" lon="17.858966">
				<ele>392.000000</ele>
			</trkpt>
			<trkpt lat="49.352276" lon="17.859937">
				<ele>391.000000</ele>
			</trkpt>
			<trkpt lat="49.352387" lon="17.860537">
				<ele>390.000000</ele>
			</trkpt>
			<trkpt lat="49.352481" lon="17.860987">
				<ele>390.000000</ele>
			</trkpt>
			<trkpt lat="49.352557" lon="17.861293">
				<ele>389.000000</ele>
			</trkpt>
			<trkpt lat="49.352715" lon="17.861876">
				<ele>389.000000</ele>
			</trkpt>
			<trkpt lat="49.353089" lon="17.863323">
				<ele>387.000000</ele>
			</trkpt>
			<trkpt lat="49.353130" lon="17.863476">
				<ele>387.000000</ele>
			</trkpt>
			<trkpt lat="49.353200" lon="17.863656">
				<ele>386.000000</ele>
			</trkpt>
			<trkpt lat="49.353306" lon="17.863943">
				<ele>386.000000</ele>
			</trkpt>
			<trkpt lat="49.353381" lon="17.864149">
				<ele>386.000000</ele>
			</trkpt>
			<trkpt lat="49.353452" lon="17.864374">
				<ele>386.000000</ele>
			</trkpt>
			<trkpt lat="49.353516" lon="17.864625">
				<ele>385.000000</ele>
			</trkpt>
			<trkpt lat="49.353622" lon="17.865074">
				<ele>385.000000</ele>
			</trkpt>
			<trkpt lat="49.353703" lon="17.865424">
				<ele>384.000000</ele>
			</trkpt>
			<trkpt lat="49.353786" lon="17.865730">
				<ele>384.000000</ele>
			</trkpt>
			<trkpt lat="49.354061" lon="17.866610">
				<ele>383.000000</ele>
			</trkpt>
			<trkpt lat="49.354113" lon="17.866782">
				<ele>383.000000</ele>
			</trkpt>
			<trkpt lat="49.354143" lon="17.866916">
				<ele>383.000000</ele>
			</trkpt>
			<trkpt lat="49.354166" lon="17.867059">
				<ele>383.000000</ele>
			</trkpt>
			<trkpt lat="49.354183" lon="17.867195">
				<ele>383.000000</ele>
			</trkpt>
			<trkpt lat="49.354177" lon="17.867338">
				<ele>383.000000</ele>
			</trkpt>
			<trkpt lat="49.354172" lon="17.867581">
				<ele>382.000000</ele>
			</trkpt>
			<trkpt lat="49.354154" lon="17.867814">
				<ele>382.000000</ele>
			</trkpt>
			<trkpt lat="49.354154" lon="17.867994">
				<ele>382.000000</ele>
			</trkpt>
			<trkpt lat="49.354166" lon="17.868174">
				<ele>382.000000</ele>
			</trkpt>
			<trkpt lat="49.354189" lon="17.868344">
				<ele>382.000000</ele>
			</trkpt>
			<trkpt lat="49.354213" lon="17.868443">
				<ele>382.000000</ele>
			</trkpt>
			<trkpt lat="49.354236" lon="17.868533">
				<ele>382.000000</ele>
			</trkpt>
			<trkpt lat="49.354347" lon="17.868820">
				<ele>381.000000</ele>
			</trkpt>
			<trkpt lat="49.354476" lon="17.869099">
				<ele>381.000000</ele>
			</trkpt>
			<trkpt lat="49.354605" lon="17.869359">
				<ele>381.000000</ele>
			</trkpt>
			<trkpt lat="49.354751" lon="17.869656">
				<ele>380.000000</ele>
			</trkpt>
			<trkpt lat="49.354810" lon="17.869782">
				<ele>380.000000</ele>
			</trkpt>
			<trkpt lat="49.354879" lon="17.869952">
				<ele>380.000000</ele>
			</trkpt>
			<trkpt lat="49.354938" lon="17.870132">
				<ele>380.000000</ele>
			</trkpt>
			<trkpt lat="49.354997" lon="17.870303">
				<ele>380.000000</ele>
			</trkpt>
			<trkpt lat="49.355096" lon="17.870653">
				<ele>379.000000</ele>
			</trkpt>
			<trkpt lat="49.355166" lon="17.870931">
				<ele>379.000000</ele>
			</trkpt>
			<trkpt lat="49.355248" lon="17.871210">
				<ele>379.000000</ele>
			</trkpt>
			<trkpt lat="49.355325" lon="17.871426">
				<ele>378.000000</ele>
			</trkpt>
			<trkpt lat="49.355377" lon="17.871552">
				<ele>378.000000</ele>
			</trkpt>
			<trkpt lat="49.355482" lon="17.871776">
				<ele>378.000000</ele>
			</trkpt>
			<trkpt lat="49.355652" lon="17.872118">
				<ele>378.000000</ele>
			</trkpt>
			<trkpt lat="49.355763" lon="17.872288">
				<ele>377.000000</ele>
			</trkpt>
			<trkpt lat="49.355881" lon="17.872432">
				<ele>377.000000</ele>
			</trkpt>
			<trkpt lat="49.356214" lon="17.872755">
				<ele>376.000000</ele>
			</trkpt>
			<trkpt lat="49.356308" lon="17.872872">
				<ele>376.000000</ele>
			</trkpt>
			<trkpt lat="49.356377" lon="17.872971">
				<ele>376.000000</ele>
			</trkpt>
			<trkpt lat="49.356448" lon="17.873097">
				<ele>376.000000</ele>
			</trkpt>
			<trkpt lat="49.356524" lon="17.873285">
				<ele>376.000000</ele>
			</trkpt>
			<trkpt lat="49.356565" lon="17.873393">
				<ele>375.000000</ele>
			</trkpt>
			<trkpt lat="49.356641" lon="17.873581">
				<ele>375.000000</ele>
			</trkpt>
			<trkpt lat="49.356776" lon="17.873932">
				<ele>375.000000</ele>
			</trkpt>
			<trkpt lat="49.356828" lon="17.874076">
				<ele>375.000000</ele>
			</trkpt>
			<trkpt lat="49.356875" lon="17.874202">
				<ele>375.000000</ele>
			</trkpt>
			<trkpt lat="49.356939" lon="17.874319">
				<ele>374.000000</ele>
			</trkpt>
			<trkpt lat="49.357109" lon="17.874588">
				<ele>374.000000</ele>
			</trkpt>
			<trkpt lat="49.357770" lon="17.875468">
				<ele>373.000000</ele>
			</trkpt>
			<trkpt lat="49.358034" lon="17.875810">
				<ele>373.000000</ele>
			</trkpt>
			<trkpt lat="49.358356" lon="17.876267">
				<ele>372.000000</ele>
			</trkpt>
			<trkpt lat="49.358443" lon="17.876403">
				<ele>372.000000</ele>
			</trkpt>
			<trkpt lat="49.358513" lon="17.876537">
				<ele>372.000000</ele>
			</trkpt>
			<trkpt lat="49.358554" lon="17.876663">
				<ele>372.000000</ele>
			</trkpt>
			<trkpt lat="49.358578" lon="17.876806">
				<ele>372.000000</ele>
			</trkpt>
			<trkpt lat="49.358584" lon="17.876942">
				<ele>372.000000</ele>
			</trkpt>
			<trkpt lat="49.358578" lon="17.877166">
				<ele>371.000000</ele>
			</trkpt>
			<trkpt lat="49.358584" lon="17.877328">
				<ele>371.000000</ele>
			</trkpt>
			<trkpt lat="49.358601" lon="17.877508">
				<ele>371.000000</ele>
			</trkpt>
			<trkpt lat="49.358642" lon="17.877749">
				<ele>371.000000</ele>
			</trkpt>
			<trkpt lat="49.358677" lon="17.877875">
				<ele>371.000000</ele>
			</trkpt>
			<trkpt lat="49.358718" lon="17.877975">
				<ele>371.000000</ele>
			</trkpt>
			<trkpt lat="49.358771" lon="17.878074">
				<ele>371.000000</ele>
			</trkpt>
			<trkpt lat="49.358882" lon="17.878244">
				<ele>370.000000</ele>
			</trkpt>
			<trkpt lat="49.358970" lon="17.878388">
				<ele>370.000000</ele>
			</trkpt>
			<trkpt lat="49.359017" lon="17.878522">
				<ele>370.000000</ele>
			</trkpt>
			<trkpt lat="49.359058" lon="17.878711">
				<ele>370.000000</ele>
			</trkpt>
			<trkpt lat="49.359099" lon="17.878990">
				<ele>370.000000</ele>
			</trkpt>
			<trkpt lat="49.359146" lon="17.879250">
				<ele>370.000000</ele>
			</trkpt>
			<trkpt lat="49.359186" lon="17.879456">
				<ele>370.000000</ele>
			</trkpt>
			<trkpt lat="49.359233" lon="17.879636">
				<ele>370.000000</ele>
			</trkpt>
			<trkpt lat="49.359292" lon="17.879852">
				<ele>369.000000</ele>
			</trkpt>
			<trkpt lat="49.359432" lon="17.880309">
				<ele>369.000000</ele>
			</trkpt>
			<trkpt lat="49.359514" lon="17.880598">
				<ele>369.000000</ele>
			</trkpt>
			<trkpt lat="49.359572" lon="17.880875">
				<ele>369.000000</ele>
			</trkpt>
			<trkpt lat="49.359636" lon="17.881208">
				<ele>368.000000</ele>
			</trkpt>
			<trkpt lat="49.359701" lon="17.881567">
				<ele>368.000000</ele>
			</trkpt>
			<trkpt lat="49.359760" lon="17.881900">
				<ele>368.000000</ele>
			</trkpt>
			<trkpt lat="49.359982" lon="17.882835">
				<ele>367.000000</ele>
			</trkpt>
			<trkpt lat="49.360041" lon="17.883131">
				<ele>367.000000</ele>
			</trkpt>
			<trkpt lat="49.360093" lon="17.883401">
				<ele>367.000000</ele>
			</trkpt>
			<trkpt lat="49.360157" lon="17.883768">
				<ele>366.000000</ele>
			</trkpt>
			<trkpt lat="49.360181" lon="17.883967">
				<ele>366.000000</ele>
			</trkpt>
			<trkpt lat="49.360198" lon="17.884146">
				<ele>366.000000</ele>
			</trkpt>
			<trkpt lat="49.360233" lon="17.884317">
				<ele>366.000000</ele>
			</trkpt>
			<trkpt lat="49.360351" lon="17.884756">
				<ele>366.000000</ele>
			</trkpt>
			<trkpt lat="49.360497" lon="17.885179">
				<ele>365.000000</ele>
			</trkpt>
			<trkpt lat="49.360795" lon="17.885888">
				<ele>365.000000</ele>
			</trkpt>
			<trkpt lat="49.360912" lon="17.886204">
				<ele>365.000000</ele>
			</trkpt>
			<trkpt lat="49.361000" lon="17.886481">
				<ele>364.000000</ele>
			</trkpt>
			<trkpt lat="49.361064" lon="17.886733">
				<ele>364.000000</ele>
			</trkpt>
			<trkpt lat="49.361228" lon="17.887416">
				<ele>364.000000</ele>
			</trkpt>
			<trkpt lat="49.361293" lon="17.887640">
				<ele>364.000000</ele>
			</trkpt>
			<trkpt lat="49.361392" lon="17.887892">
				<ele>364.000000</ele>
			</trkpt>
			<trkpt lat="49.361532" lon="17.888188">
				<ele>364.000000</ele>
			</trkpt>
			<trkpt lat="49.361655" lon="17.888529">
				<ele>363.000000</ele>
			</trkpt>
			<trkpt lat="49.361708" lon="17.888682">
				<ele>363.000000</ele>
			</trkpt>
			<trkpt lat="49.361737" lon="17.888862">
				<ele>363.000000</ele>
			</trkpt>
			<trkpt lat="49.361772" lon="17.889068">
				<ele>363.000000</ele>
			</trkpt>
			<trkpt lat="49.361790" lon="17.889347">
				<ele>363.000000</ele>
			</trkpt>
			<trkpt lat="49.361854" lon="17.890605">
				<ele>362.000000</ele>
			</trkpt>
			<trkpt lat="49.361877" lon="17.891162">
				<ele>362.000000</ele>
			</trkpt>
			<trkpt lat="49.361936" lon="17.892041">
				<ele>362.000000</ele>
			</trkpt>
			<trkpt lat="49.361989" lon="17.892607">
				<ele>361.000000</ele>
			</trkpt>
			<trkpt lat="49.362047" lon="17.893066">
				<ele>361.000000</ele>
			</trkpt>
			<trkpt lat="49.362064" lon="17.893192">
				<ele>361.000000</ele>
			</trkpt>
			<trkpt lat="49.362147" lon="17.893668">
				<ele>361.000000</ele>
			</trkpt>
			<trkpt lat="49.362229" lon="17.893974">
				<ele>361.000000</ele>
			</trkpt>
			<trkpt lat="49.362317" lon="17.894243">
				<ele>360.000000</ele>
			</trkpt>
			<trkpt lat="49.362498" lon="17.894746">
				<ele>360.000000</ele>
			</trkpt>
			<trkpt lat="49.362685" lon="17.895177">
				<ele>360.000000</ele>
			</trkpt>
			<trkpt lat="49.363176" lon="17.896192">
				<ele>359.000000</ele>
			</trkpt>
			<trkpt lat="49.364381" lon="17.898716">
				<ele>356.000000</ele>
			</trkpt>
			<trkpt lat="49.365113" lon="17.900280">
				<ele>354.000000</ele>
			</trkpt>
			<trkpt lat="49.365353" lon="17.900756">
				<ele>354.000000</ele>
			</trkpt>
			<trkpt lat="49.365499" lon="17.901025">
				<ele>354.000000</ele>
			</trkpt>
			<trkpt lat="49.365803" lon="17.901456">
				<ele>353.000000</ele>
			</trkpt>
			<trkpt lat="49.366049" lon="17.901779">
				<ele>353.000000</ele>
			</trkpt>
			<trkpt lat="49.366178" lon="17.901951">
				<ele>353.000000</ele>
			</trkpt>
			<trkpt lat="49.366289" lon="17.902121">
				<ele>352.000000</ele>
			</trkpt>
			<trkpt lat="49.366558" lon="17.902607">
				<ele>352.000000</ele>
			</trkpt>
			<trkpt lat="49.366628" lon="17.902696">
				<ele>352.000000</ele>
			</trkpt>
			<trkpt lat="49.366704" lon="17.902804">
				<ele>352.000000</ele>
			</trkpt>
			<trkpt lat="49.366809" lon="17.902939">
				<ele>351.000000</ele>
			</trkpt>
			<trkpt lat="49.366880" lon="17.903056">
				<ele>351.000000</ele>
			</trkpt>
			<trkpt lat="49.366985" lon="17.903253">
				<ele>351.000000</ele>
			</trkpt>
			<trkpt lat="49.367067" lon="17.903477">
				<ele>351.000000</ele>
			</trkpt>
			<trkpt lat="49.367102" lon="17.903603">
				<ele>351.000000</ele>
			</trkpt>
			<trkpt lat="49.367260" lon="17.904098">
				<ele>350.000000</ele>
			</trkpt>
			<trkpt lat="49.367453" lon="17.904672">
				<ele>350.000000</ele>
			</trkpt>
			<trkpt lat="49.367511" lon="17.904878">
				<ele>350.000000</ele>
			</trkpt>
			<trkpt lat="49.367552" lon="17.905031">
				<ele>349.000000</ele>
			</trkpt>
			<trkpt lat="49.367576" lon="17.905184">
				<ele>349.000000</ele>
			</trkpt>
			<trkpt lat="49.367587" lon="17.905354">
				<ele>349.000000</ele>
			</trkpt>
			<trkpt lat="49.367658" lon="17.906486">
				<ele>348.000000</ele>
			</trkpt>
			<trkpt lat="49.367669" lon="17.906685">
				<ele>348.000000</ele>
			</trkpt>
			<trkpt lat="49.367728" lon="17.907259">
				<ele>347.000000</ele>
			</trkpt>
			<trkpt lat="49.367733" lon="17.907439">
				<ele>347.000000</ele>
			</trkpt>
			<trkpt lat="49.367728" lon="17.907583">
				<ele>347.000000</ele>
			</trkpt>
			<trkpt lat="49.367710" lon="17.907718">
				<ele>347.000000</ele>
			</trkpt>
			<trkpt lat="49.367658" lon="17.907907">
				<ele>346.000000</ele>
			</trkpt>
			<trkpt lat="49.367464" lon="17.908517">
				<ele>346.000000</ele>
			</trkpt>
			<trkpt lat="49.367424" lon="17.908687">
				<ele>345.000000</ele>
			</trkpt>
			<trkpt lat="49.367389" lon="17.908867">
				<ele>345.000000</ele>
			</trkpt>
			<trkpt lat="49.367312" lon="17.909523">
				<ele>345.000000</ele>
			</trkpt>
			<trkpt lat="49.367289" lon="17.909748">
				<ele>345.000000</ele>
			</trkpt>
			<trkpt lat="49.367230" lon="17.910197">
				<ele>344.000000</ele>
			</trkpt>
			<trkpt lat="49.367230" lon="17.910251">
				<ele>344.000000</ele>
			</trkpt>
			<trkpt lat="49.367189" lon="17.910700">
				<ele>344.000000</ele>
			</trkpt>
			<trkpt lat="49.367172" lon="17.911212">
				<ele>344.000000</ele>
			</trkpt>
			<trkpt lat="49.367172" lon="17.911365">
				<ele>344.000000</ele>
			</trkpt>
			<trkpt lat="49.367160" lon="17.911553">
				<ele>344.000000</ele>
			</trkpt>
			<trkpt lat="49.367149" lon="17.911752">
				<ele>344.000000</ele>
			</trkpt>
			<trkpt lat="49.367078" lon="17.912254">
				<ele>343.000000</ele>
			</trkpt>
			<trkpt lat="49.367067" lon="17.912488">
				<ele>343.000000</ele>
			</trkpt>
			<trkpt lat="49.367078" lon="17.912649">
				<ele>343.000000</ele>
			</trkpt>
			<trkpt lat="49.367090" lon="17.912828">
				<ele>343.000000</ele>
			</trkpt>
			<trkpt lat="49.367125" lon="17.913000">
				<ele>343.000000</ele>
			</trkpt>
			<trkpt lat="49.367301" lon="17.913853">
				<ele>342.000000</ele>
			</trkpt>
			<trkpt lat="49.367458" lon="17.914698">
				<ele>342.000000</ele>
			</trkpt>
			<trkpt lat="49.367482" lon="17.914878">
				<ele>342.000000</ele>
			</trkpt>
			<trkpt lat="49.367494" lon="17.915209">
				<ele>342.000000</ele>
			</trkpt>
			<trkpt lat="49.367277" lon="17.915201">
				<ele>341.000000</ele>
			</trkpt>
			<trkpt lat="49.367248" lon="17.915515">
				<ele>341.000000</ele>
			</trkpt>
			<trkpt lat="49.367183" lon="17.916090">
				<ele>341.000000</ele>
			</trkpt>
			<trkpt lat="49.367183" lon="17.916369">
				<ele>340.000000</ele>
			</trkpt>
			<trkpt lat="49.367183" lon="17.916602">
				<ele>340.000000</ele>
			</trkpt>
			<trkpt lat="49.367213" lon="17.916863">
				<ele>340.000000</ele>
			</trkpt>
			<trkpt lat="49.367277" lon="17.917266">
				<ele>340.000000</ele>
			</trkpt>
			<trkpt lat="49.367377" lon="17.917671">
				<ele>340.000000</ele>
			</trkpt>
			<trkpt lat="49.367424" lon="17.917994">
				<ele>339.000000</ele>
			</trkpt>
			<trkpt lat="49.367441" lon="17.918255">
				<ele>339.000000</ele>
			</trkpt>
			<trkpt lat="49.367505" lon="17.918973">
				<ele>339.000000</ele>
			</trkpt>
			<trkpt lat="49.367582" lon="17.919530">
				<ele>339.000000</ele>
			</trkpt>
			<trkpt lat="49.367599" lon="17.919746">
				<ele>338.000000</ele>
			</trkpt>
			<trkpt lat="49.367605" lon="17.919926">
				<ele>338.000000</ele>
			</trkpt>
			<trkpt lat="49.367593" lon="17.920105">
				<ele>338.000000</ele>
			</trkpt>
			<trkpt lat="49.367570" lon="17.920339">
				<ele>338.000000</ele>
			</trkpt>
			<trkpt lat="49.367517" lon="17.920671">
				<ele>338.000000</ele>
			</trkpt>
			<trkpt lat="49.367417" lon="17.921075">
				<ele>338.000000</ele>
			</trkpt>
			<trkpt lat="49.367289" lon="17.921524">
				<ele>338.000000</ele>
			</trkpt>
			<trkpt lat="49.367119" lon="17.922010">
				<ele>337.000000</ele>
			</trkpt>
			<trkpt lat="49.367084" lon="17.922117">
				<ele>337.000000</ele>
			</trkpt>
			<trkpt lat="49.367061" lon="17.922207">
				<ele>337.000000</ele>
			</trkpt>
			<trkpt lat="49.367043" lon="17.922306">
				<ele>337.000000</ele>
			</trkpt>
			<trkpt lat="49.367037" lon="17.922405">
				<ele>337.000000</ele>
			</trkpt>
			<trkpt lat="49.367043" lon="17.922612">
				<ele>337.000000</ele>
			</trkpt>
			<trkpt lat="49.367073" lon="17.922889">
				<ele>337.000000</ele>
			</trkpt>
			<trkpt lat="49.367102" lon="17.923105">
				<ele>337.000000</ele>
			</trkpt>
			<trkpt lat="49.367131" lon="17.923331">
				<ele>337.000000</ele>
			</trkpt>
			<trkpt lat="49.367183" lon="17.923528">
				<ele>337.000000</ele>
			</trkpt>
			<trkpt lat="49.367254" lon="17.923834">
				<ele>336.000000</ele>
			</trkpt>
			<trkpt lat="49.367283" lon="17.924058">
				<ele>336.000000</ele>
			</trkpt>
			<trkpt lat="49.367307" lon="17.924193">
				<ele>336.000000</ele>
			</trkpt>
			<trkpt lat="49.367312" lon="17.924336">
				<ele>336.000000</ele>
			</trkpt>
			<trkpt lat="49.367312" lon="17.924489">
				<ele>336.000000</ele>
			</trkpt>
			<trkpt lat="49.367295" lon="17.924813">
				<ele>336.000000</ele>
			</trkpt>
			<trkpt lat="49.367307" lon="17.925046">
				<ele>336.000000</ele>
			</trkpt>
			<trkpt lat="49.367342" lon="17.925369">
				<ele>336.000000</ele>
			</trkpt>
			<trkpt lat="49.367353" lon="17.925602">
				<ele>336.000000</ele>
			</trkpt>
			<trkpt lat="49.367359" lon="17.925747">
				<ele>335.000000</ele>
			</trkpt>
			<trkpt lat="49.367377" lon="17.925881">
				<ele>335.000000</ele>
			</trkpt>
			<trkpt lat="49.367417" lon="17.926061">
				<ele>335.000000</ele>
			</trkpt>
			<trkpt lat="49.367488" lon="17.926304">
				<ele>335.000000</ele>
			</trkpt>
			<trkpt lat="49.367523" lon="17.926411">
				<ele>335.000000</ele>
			</trkpt>
			<trkpt lat="49.367535" lon="17.926583">
				<ele>335.000000</ele>
			</trkpt>
			<trkpt lat="49.367587" lon="17.927121">
				<ele>335.000000</ele>
			</trkpt>
			<trkpt lat="49.367605" lon="17.927436">
				<ele>335.000000</ele>
			</trkpt>
			<trkpt lat="49.367611" lon="17.927642">
				<ele>335.000000</ele>
			</trkpt>
			<trkpt lat="49.367640" lon="17.927813">
				<ele>335.000000</ele>
			</trkpt>
			<trkpt lat="49.367664" lon="17.927912">
				<ele>335.000000</ele>
			</trkpt>
			<trkpt lat="49.367681" lon="17.928011">
				<ele>335.000000</ele>
			</trkpt>
			<trkpt lat="49.367681" lon="17.928253">
				<ele>335.000000</ele>
			</trkpt>
			<trkpt lat="49.367687" lon="17.928765">
				<ele>335.000000</ele>
			</trkpt>
			<trkpt lat="49.367704" lon="17.929520">
				<ele>335.000000</ele>
			</trkpt>
			<trkpt lat="49.367716" lon="17.929717">
				<ele>335.000000</ele>
			</trkpt>
			<trkpt lat="49.367733" lon="17.929897">
				<ele>335.000000</ele>
			</trkpt>
			<trkpt lat="49.367757" lon="17.930067">
				<ele>335.000000</ele>
			</trkpt>
			<trkpt lat="49.367786" lon="17.930202">
				<ele>335.000000</ele>
			</trkpt>
			<trkpt lat="49.367821" lon="17.930329">
				<ele>335.000000</ele>
			</trkpt>
			<trkpt lat="49.367879" lon="17.930453">
				<ele>335.000000</ele>
			</trkpt>
			<trkpt lat="49.367938" lon="17.930571">
				<ele>335.000000</ele>
			</trkpt>
			<trkpt lat="49.368026" lon="17.930688">
				<ele>335.000000</ele>
			</trkpt>
			<trkpt lat="49.368254" lon="17.930966">
				<ele>335.000000</ele>
			</trkpt>
			<trkpt lat="49.368400" lon="17.931164">
				<ele>335.000000</ele>
			</trkpt>
			<trkpt lat="49.368541" lon="17.931388">
				<ele>335.000000</ele>
			</trkpt>
			<trkpt lat="49.368693" lon="17.931675">
				<ele>335.000000</ele>
			</trkpt>
			<trkpt lat="49.368740" lon="17.932439">
				<ele>335.000000</ele>
			</trkpt>
			<trkpt lat="49.368746" lon="17.932772">
				<ele>337.000000</ele>
			</trkpt>
			<trkpt lat="49.368740" lon="17.933059">
				<ele>340.000000</ele>
			</trkpt>
			<trkpt lat="49.368734" lon="17.933193">
				<ele>340.000000</ele>
			</trkpt>
			<trkpt lat="49.368746" lon="17.933292">
				<ele>340.000000</ele>
			</trkpt>
			<trkpt lat="49.368757" lon="17.933392">
				<ele>340.000000</ele>
			</trkpt>
			<trkpt lat="49.368792" lon="17.933499">
				<ele>340.000000</ele>
			</trkpt>
			<trkpt lat="49.369184" lon="17.934631">
				<ele>340.000000</ele>
			</trkpt>
			<trkpt lat="49.369243" lon="17.934811">
				<ele>339.000000</ele>
			</trkpt>
			<trkpt lat="49.369296" lon="17.934963">
				<ele>338.000000</ele>
			</trkpt>
			<trkpt lat="49.369325" lon="17.935080">
				<ele>338.000000</ele>
			</trkpt>
			<trkpt lat="49.369360" lon="17.935170">
				<ele>337.000000</ele>
			</trkpt>
			<trkpt lat="49.369412" lon="17.935260">
				<ele>337.000000</ele>
			</trkpt>
			<trkpt lat="49.369488" lon="17.935376">
				<ele>336.000000</ele>
			</trkpt>
			<trkpt lat="49.369605" lon="17.935547">
				<ele>336.000000</ele>
			</trkpt>
			<trkpt lat="49.369699" lon="17.935718">
				<ele>335.000000</ele>
			</trkpt>
			<trkpt lat="49.369775" lon="17.935889">
				<ele>335.000000</ele>
			</trkpt>
			<trkpt lat="49.369892" lon="17.936158">
				<ele>334.000000</ele>
			</trkpt>
			<trkpt lat="49.369997" lon="17.936382">
				<ele>334.000000</ele>
			</trkpt>
			<trkpt lat="49.370144" lon="17.936625">
				<ele>334.000000</ele>
			</trkpt>
			<trkpt lat="49.370167" lon="17.936679">
				<ele>333.000000</ele>
			</trkpt>
			<trkpt lat="49.370196" lon="17.936742">
				<ele>333.000000</ele>
			</trkpt>
			<trkpt lat="49.370231" lon="17.936921">
				<ele>333.000000</ele>
			</trkpt>
			<trkpt lat="49.370302" lon="17.937380">
				<ele>333.000000</ele>
			</trkpt>
			<trkpt lat="49.370319" lon="17.937560">
				<ele>332.000000</ele>
			</trkpt>
			<trkpt lat="49.370302" lon="17.937739">
				<ele>332.000000</ele>
			</trkpt>
			<trkpt lat="49.370290" lon="17.937847">
				<ele>332.000000</ele>
			</trkpt>
			<trkpt lat="49.370290" lon="17.937927">
				<ele>332.000000</ele>
			</trkpt>
			<trkpt lat="49.370302" lon="17.938153">
				<ele>332.000000</ele>
			</trkpt>
			<trkpt lat="49.370342" lon="17.938350">
				<ele>331.000000</ele>
			</trkpt>
			<trkpt lat="49.370366" lon="17.938432">
				<ele>331.000000</ele>
			</trkpt>
			<trkpt lat="49.370407" lon="17.938512">
				<ele>331.000000</ele>
			</trkpt>
			<trkpt lat="49.370442" lon="17.938583">
				<ele>331.000000</ele>
			</trkpt>
			<trkpt lat="49.370495" lon="17.938655">
				<ele>331.000000</ele>
			</trkpt>
			<trkpt lat="49.370617" lon="17.938791">
				<ele>331.000000</ele>
			</trkpt>
			<trkpt lat="49.370682" lon="17.938862">
				<ele>330.000000</ele>
			</trkpt>
			<trkpt lat="49.370729" lon="17.938952">
				<ele>330.000000</ele>
			</trkpt>
			<trkpt lat="49.370764" lon="17.939059">
				<ele>330.000000</ele>
			</trkpt>
			<trkpt lat="49.370781" lon="17.939204">
				<ele>330.000000</ele>
			</trkpt>
			<trkpt lat="49.370793" lon="17.939338">
				<ele>329.000000</ele>
			</trkpt>
			<trkpt lat="49.370816" lon="17.939464">
				<ele>328.000000</ele>
			</trkpt>
			<trkpt lat="49.370910" lon="17.939761">
				<ele>325.000000</ele>
			</trkpt>
			<trkpt lat="49.372256" lon="17.938791">
				<ele>326.000000</ele>
			</trkpt>
			<trkpt lat="49.372337" lon="17.938709">
				<ele>326.000000</ele>
			</trkpt>
			<trkpt lat="49.372402" lon="17.938646">
				<ele>326.000000</ele>
			</trkpt>
			<trkpt lat="49.372595" lon="17.938602">
				<ele>326.000000</ele>
			</trkpt>
			<trkpt lat="49.372665" lon="17.939239">
				<ele>326.000000</ele>
			</trkpt>
			<trkpt lat="49.372682" lon="17.939447">
				<ele>326.000000</ele>
			</trkpt>
			<trkpt lat="49.372770" lon="17.940273">
				<ele>325.000000</ele>
			</trkpt>
			<trkpt lat="49.372840" lon="17.941018">
				<ele>325.000000</ele>
			</trkpt>
			<trkpt lat="49.372922" lon="17.941971">
				<ele>332.000000</ele>
			</trkpt>
			<trkpt lat="49.373016" lon="17.942913">
				<ele>335.000000</ele>
			</trkpt>
			<trkpt lat="49.373080" lon="17.943632">
				<ele>335.000000</ele>
			</trkpt>
			<trkpt lat="49.373109" lon="17.944135">
				<ele>335.000000</ele>
			</trkpt>
			<trkpt lat="49.373103" lon="17.944449">
				<ele>335.000000</ele>
			</trkpt>
			<trkpt lat="49.373092" lon="17.944755">
				<ele>335.000000</ele>
			</trkpt>
			<trkpt lat="49.373068" lon="17.945070">
				<ele>334.000000</ele>
			</trkpt>
			<trkpt lat="49.373021" lon="17.945411">
				<ele>334.000000</ele>
			</trkpt>
			<trkpt lat="49.372957" lon="17.945420">
				<ele>334.000000</ele>
			</trkpt>
			<trkpt lat="49.372905" lon="17.945456">
				<ele>334.000000</ele>
			</trkpt>
			<trkpt lat="49.372875" lon="17.945537">
				<ele>334.000000</ele>
			</trkpt>
			<trkpt lat="49.372858" lon="17.945636">
				<ele>333.000000</ele>
			</trkpt>
			<trkpt lat="49.372864" lon="17.945734">
				<ele>333.000000</ele>
			</trkpt>
			<trkpt lat="49.372899" lon="17.945797">
				<ele>334.000000</ele>
			</trkpt>
			<trkpt lat="49.372939" lon="17.945842">
				<ele>334.000000</ele>
			</trkpt>
			<trkpt lat="49.373004" lon="17.945860">
				<ele>334.000000</ele>
			</trkpt>
			<trkpt lat="49.373057" lon="17.945850">
				<ele>334.000000</ele>
			</trkpt>
			<trkpt lat="49.373103" lon="17.945816">
				<ele>334.000000</ele>
			</trkpt>
			<trkpt lat="49.373139" lon="17.945734">
				<ele>334.000000</ele>
			</trkpt>
			<trkpt lat="49.373150" lon="17.945653">
				<ele>334.000000</ele>
			</trkpt>
			<trkpt lat="49.373244" lon="17.945627">
				<ele>334.000000</ele>
			</trkpt>
			<trkpt lat="49.373326" lon="17.945609">
				<ele>333.000000</ele>
			</trkpt>
			<trkpt lat="49.373408" lon="17.945573">
				<ele>333.000000</ele>
			</trkpt>
			<trkpt lat="49.373478" lon="17.945519">
				<ele>332.000000</ele>
			</trkpt>
			<trkpt lat="49.373542" lon="17.945456">
				<ele>332.000000</ele>
			</trkpt>
			<trkpt lat="49.373607" lon="17.945366">
				<ele>332.000000</ele>
			</trkpt>
			<trkpt lat="49.373653" lon="17.945285">
				<ele>331.000000</ele>
			</trkpt>
			<trkpt lat="49.373694" lon="17.945177">
				<ele>331.000000</ele>
			</trkpt>
			<trkpt lat="49.373723" lon="17.945078">
				<ele>331.000000</ele>
			</trkpt>
			<trkpt lat="49.373753" lon="17.944953">
				<ele>330.000000</ele>
			</trkpt>
			<trkpt lat="49.373776" lon="17.944845">
				<ele>330.000000</ele>
			</trkpt>
			<trkpt lat="49.373788" lon="17.944711">
				<ele>328.000000</ele>
			</trkpt>
			<trkpt lat="49.373811" lon="17.944504">
				<ele>328.000000</ele>
			</trkpt>
			<trkpt lat="49.373841" lon="17.944324">
				<ele>328.000000</ele>
			</trkpt>
			<trkpt lat="49.373876" lon="17.944162">
				<ele>328.000000</ele>
			</trkpt>
			<trkpt lat="49.373922" lon="17.944045">
				<ele>328.000000</ele>
			</trkpt>
			<trkpt lat="49.373969" lon="17.943919">
				<ele>328.000000</ele>
			</trkpt>
			<trkpt lat="49.374045" lon="17.943829">
				<ele>328.000000</ele>
			</trkpt>
			<trkpt lat="49.374121" lon="17.943740">
				<ele>328.000000</ele>
			</trkpt>
			<trkpt lat="49.374203" lon="17.943677">
				<ele>327.000000</ele>
			</trkpt>
			<trkpt lat="49.374285" lon="17.943642">
				<ele>327.000000</ele>
			</trkpt>
			<trkpt lat="49.374391" lon="17.943605">
				<ele>327.000000</ele>
			</trkpt>
			<trkpt lat="49.374788" lon="17.943542">
				<ele>327.000000</ele>
			</trkpt>
			<trkpt lat="49.375057" lon="17.943579">
				<ele>327.000000</ele>
			</trkpt>
			<trkpt lat="49.375186" lon="17.943605">
				<ele>327.000000</ele>
			</trkpt>
			<trkpt lat="49.375297" lon="17.943642">
				<ele>327.000000</ele>
			</trkpt>
			<trkpt lat="49.375519" lon="17.943758">
				<ele>327.000000</ele>
			</trkpt>
			<trkpt lat="49.375882" lon="17.943982">
				<ele>326.000000</ele>
			</trkpt>
			<trkpt lat="49.376039" lon="17.944153">
				<ele>326.000000</ele>
			</trkpt>
			<trkpt lat="49.376303" lon="17.944485">
				<ele>325.000000</ele>
			</trkpt>
			<trkpt lat="49.376835" lon="17.945213">
				<ele>325.000000</ele>
			</trkpt>
			<trkpt lat="49.377016" lon="17.945456">
				<ele>325.000000</ele>
			</trkpt>
			<trkpt lat="49.377139" lon="17.945617">
				<ele>325.000000</ele>
			</trkpt>
			<trkpt lat="49.377268" lon="17.945743">
				<ele>325.000000</ele>
			</trkpt>
			<trkpt lat="49.377425" lon="17.945896">
				<ele>325.000000</ele>
			</trkpt>
			<trkpt lat="49.378093" lon="17.946363">
				<ele>325.000000</ele>
			</trkpt>
			<trkpt lat="49.378566" lon="17.946669">
				<ele>324.000000</ele>
			</trkpt>
			<trkpt lat="49.378858" lon="17.946848">
				<ele>324.000000</ele>
			</trkpt>
			<trkpt lat="49.379040" lon="17.946965">
				<ele>324.000000</ele>
			</trkpt>
			<trkpt lat="49.379128" lon="17.947045">
				<ele>324.000000</ele>
			</trkpt>
			<trkpt lat="49.379215" lon="17.947145">
				<ele>324.000000</ele>
			</trkpt>
			<trkpt lat="49.379339" lon="17.947279">
				<ele>324.000000</ele>
			</trkpt>
			<trkpt lat="49.379461" lon="17.947424">
				<ele>324.000000</ele>
			</trkpt>
			<trkpt lat="49.379619" lon="17.947567">
				<ele>324.000000</ele>
			</trkpt>
			<trkpt lat="49.380163" lon="17.948106">
				<ele>324.000000</ele>
			</trkpt>
			<trkpt lat="49.380303" lon="17.948231">
				<ele>324.000000</ele>
			</trkpt>
			<trkpt lat="49.380572" lon="17.948439">
				<ele>324.000000</ele>
			</trkpt>
			<trkpt lat="49.380912" lon="17.948680">
				<ele>324.000000</ele>
			</trkpt>
			<trkpt lat="49.381116" lon="17.948825">
				<ele>324.000000</ele>
			</trkpt>
			<trkpt lat="49.381297" lon="17.948977">
				<ele>324.000000</ele>
			</trkpt>
			<trkpt lat="49.381572" lon="17.949238">
				<ele>324.000000</ele>
			</trkpt>
			<trkpt lat="49.381695" lon="17.949363">
				<ele>324.000000</ele>
			</trkpt>
			<trkpt lat="49.381853" lon="17.949516">
				<ele>324.000000</ele>
			</trkpt>
			<trkpt lat="49.381911" lon="17.949561">
				<ele>324.000000</ele>
			</trkpt>
			<trkpt lat="49.382029" lon="17.949651">
				<ele>324.000000</ele>
			</trkpt>
			<trkpt lat="49.382163" lon="17.949714">
				<ele>324.000000</ele>
			</trkpt>
			<trkpt lat="49.382420" lon="17.949812">
				<ele>324.000000</ele>
			</trkpt>
			<trkpt lat="49.382625" lon="17.949894">
				<ele>324.000000</ele>
			</trkpt>
			<trkpt lat="49.382713" lon="17.949948">
				<ele>324.000000</ele>
			</trkpt>
			<trkpt lat="49.382982" lon="17.950047">
				<ele>323.000000</ele>
			</trkpt>
			<trkpt lat="49.383222" lon="17.950137">
				<ele>323.000000</ele>
			</trkpt>
			<trkpt lat="49.383379" lon="17.950190">
				<ele>323.000000</ele>
			</trkpt>
			<trkpt lat="49.383379" lon="17.950190">
				<ele>323.000000</ele>
			</trkpt>
			<trkpt lat="49.383491" lon="17.950235">
				<ele>323.000000</ele>
			</trkpt>
			<trkpt lat="49.384122" lon="17.950487">
				<ele>323.000000</ele>
			</trkpt>
			<trkpt lat="49.384567" lon="17.950648">
				<ele>323.000000</ele>
			</trkpt>
			<trkpt lat="49.385005" lon="17.950810">
				<ele>323.000000</ele>
			</trkpt>
			<trkpt lat="49.385157" lon="17.950864">
				<ele>323.000000</ele>
			</trkpt>
			<trkpt lat="49.385262" lon="17.950881">
				<ele>323.000000</ele>
			</trkpt>
			<trkpt lat="49.385362" lon="17.950873">
				<ele>323.000000</ele>
			</trkpt>
			<trkpt lat="49.385473" lon="17.950864">
				<ele>323.000000</ele>
			</trkpt>
			<trkpt lat="49.385771" lon="17.950774">
				<ele>323.000000</ele>
			</trkpt>
			<trkpt lat="49.386052" lon="17.950657">
				<ele>323.000000</ele>
			</trkpt>
			<trkpt lat="49.386169" lon="17.950567">
				<ele>323.000000</ele>
			</trkpt>
			<trkpt lat="49.386274" lon="17.950487">
				<ele>323.000000</ele>
			</trkpt>
			<trkpt lat="49.386368" lon="17.950370">
				<ele>323.000000</ele>
			</trkpt>
			<trkpt lat="49.386467" lon="17.950225">
				<ele>323.000000</ele>
			</trkpt>
			<trkpt lat="49.386619" lon="17.950001">
				<ele>323.000000</ele>
			</trkpt>
			<trkpt lat="49.386713" lon="17.949867">
				<ele>323.000000</ele>
			</trkpt>
			<trkpt lat="49.386800" lon="17.949758">
				<ele>323.000000</ele>
			</trkpt>
			<trkpt lat="49.386912" lon="17.949669">
				<ele>323.000000</ele>
			</trkpt>
			<trkpt lat="49.387034" lon="17.949606">
				<ele>323.000000</ele>
			</trkpt>
			<trkpt lat="49.387233" lon="17.949543">
				<ele>323.000000</ele>
			</trkpt>
			<trkpt lat="49.387403" lon="17.949498">
				<ele>323.000000</ele>
			</trkpt>
			<trkpt lat="49.387584" lon="17.949462">
				<ele>322.000000</ele>
			</trkpt>
			<trkpt lat="49.388461" lon="17.949292">
				<ele>322.000000</ele>
			</trkpt>
			<trkpt lat="49.388385" lon="17.948303">
				<ele>320.000000</ele>
			</trkpt>
			<trkpt lat="49.388368" lon="17.948053">
				<ele>320.000000</ele>
			</trkpt>
			<trkpt lat="49.388315" lon="17.947288">
				<ele>320.000000</ele>
			</trkpt>
			<trkpt lat="49.388268" lon="17.946884">
				<ele>320.000000</ele>
			</trkpt>
			<trkpt lat="49.388250" lon="17.946596">
				<ele>320.000000</ele>
			</trkpt>
			<trkpt lat="49.388204" lon="17.946013">
				<ele>320.000000</ele>
			</trkpt>
			<trkpt lat="49.388174" lon="17.945833">
				<ele>320.000000</ele>
			</trkpt>
			<trkpt lat="49.388146" lon="17.945707">
				<ele>320.000000</ele>
			</trkpt>
			<trkpt lat="49.388075" lon="17.945348">
				<ele>320.000000</ele>
			</trkpt>
			<trkpt lat="49.388262" lon="17.945348">
				<ele>320.000000</ele>
			</trkpt>
			<trkpt lat="49.388262" lon="17.945348">
				<ele>320.000000</ele>
			</trkpt>
			<trkpt lat="49.388402" lon="17.945348">
				<ele>320.000000</ele>
			</trkpt>
			<trkpt lat="49.388677" lon="17.945313">
				<ele>320.000000</ele>
			</trkpt>
			<trkpt lat="49.388952" lon="17.945250">
				<ele>320.000000</ele>
			</trkpt>
			<trkpt lat="49.389361" lon="17.945114">
				<ele>320.000000</ele>
			</trkpt>
			<trkpt lat="49.389484" lon="17.945070">
				<ele>320.000000</ele>
			</trkpt>
			<trkpt lat="49.389595" lon="17.945078">
				<ele>320.000000</ele>
			</trkpt>
			<trkpt lat="49.389823" lon="17.945267">
				<ele>320.000000</ele>
			</trkpt>
			<trkpt lat="49.389946" lon="17.945348">
				<ele>320.000000</ele>
			</trkpt>
			<trkpt lat="49.390069" lon="17.945420">
				<ele>320.000000</ele>
			</trkpt>
			<trkpt lat="49.390197" lon="17.945483">
				<ele>320.000000</ele>
			</trkpt>
			<trkpt lat="49.390332" lon="17.945537">
				<ele>320.000000</ele>
			</trkpt>
			<trkpt lat="49.390578" lon="17.945609">
				<ele>320.000000</ele>
			</trkpt>
			<trkpt lat="49.390882" lon="17.945653">
				<ele>320.000000</ele>
			</trkpt>
			<trkpt lat="49.391145" lon="17.945663">
				<ele>320.000000</ele>
			</trkpt>
			<trkpt lat="49.391642" lon="17.945653">
				<ele>320.000000</ele>
			</trkpt>
			<trkpt lat="49.391858" lon="17.945671">
				<ele>320.000000</ele>
			</trkpt>
			<trkpt lat="49.391993" lon="17.945690">
				<ele>320.000000</ele>
			</trkpt>
			<trkpt lat="49.392104" lon="17.945726">
				<ele>320.000000</ele>
			</trkpt>
			<trkpt lat="49.392355" lon="17.945824">
				<ele>320.000000</ele>
			</trkpt>
			<trkpt lat="49.393004" lon="17.946120">
				<ele>320.000000</ele>
			</trkpt>
			<trkpt lat="49.393308" lon="17.946265">
				<ele>320.000000</ele>
			</trkpt>
			<trkpt lat="49.393566" lon="17.946408">
				<ele>320.000000</ele>
			</trkpt>
			<trkpt lat="49.393741" lon="17.946479">
				<ele>319.000000</ele>
			</trkpt>
			<trkpt lat="49.394109" lon="17.946588">
				<ele>319.000000</ele>
			</trkpt>
			<trkpt lat="49.394215" lon="17.946632">
				<ele>319.000000</ele>
			</trkpt>
			<trkpt lat="49.394320" lon="17.946722">
				<ele>319.000000</ele>
			</trkpt>
			<trkpt lat="49.394735" lon="17.947082">
				<ele>319.000000</ele>
			</trkpt>
			<trkpt lat="49.394963" lon="17.947261">
				<ele>319.000000</ele>
			</trkpt>
			<trkpt lat="49.395062" lon="17.947351">
				<ele>319.000000</ele>
			</trkpt>
			<trkpt lat="49.395150" lon="17.947432">
				<ele>319.000000</ele>
			</trkpt>
			<trkpt lat="49.395237" lon="17.947540">
				<ele>319.000000</ele>
			</trkpt>
			<trkpt lat="49.395325" lon="17.947665">
				<ele>319.000000</ele>
			</trkpt>
			<trkpt lat="49.395477" lon="17.947900">
				<ele>318.000000</ele>
			</trkpt>
			<trkpt lat="49.395664" lon="17.948133">
				<ele>318.000000</ele>
			</trkpt>
			<trkpt lat="49.395793" lon="17.948277">
				<ele>318.000000</ele>
			</trkpt>
			<trkpt lat="49.395886" lon="17.948420">
				<ele>318.000000</ele>
			</trkpt>
			<trkpt lat="49.395957" lon="17.948519">
				<ele>318.000000</ele>
			</trkpt>
			<trkpt lat="49.396056" lon="17.948609">
				<ele>318.000000</ele>
			</trkpt>
			<trkpt lat="49.396161" lon="17.948707">
				<ele>318.000000</ele>
			</trkpt>
			<trkpt lat="49.396267" lon="17.948770">
				<ele>318.000000</ele>
			</trkpt>
			<trkpt lat="49.396506" lon="17.948942">
				<ele>318.000000</ele>
			</trkpt>
			<trkpt lat="49.396600" lon="17.949022">
				<ele>318.000000</ele>
			</trkpt>
			<trkpt lat="49.396670" lon="17.949103">
				<ele>318.000000</ele>
			</trkpt>
			<trkpt lat="49.396875" lon="17.949328">
				<ele>317.000000</ele>
			</trkpt>
			<trkpt lat="49.397004" lon="17.949435">
				<ele>317.000000</ele>
			</trkpt>
			<trkpt lat="49.397073" lon="17.949481">
				<ele>317.000000</ele>
			</trkpt>
			<trkpt lat="49.397155" lon="17.949498">
				<ele>317.000000</ele>
			</trkpt>
			<trkpt lat="49.397337" lon="17.949525">
				<ele>317.000000</ele>
			</trkpt>
			<trkpt lat="49.398056" lon="17.949525">
				<ele>317.000000</ele>
			</trkpt>
			<trkpt lat="49.398272" lon="17.949516">
				<ele>317.000000</ele>
			</trkpt>
			<trkpt lat="49.398506" lon="17.949471">
				<ele>317.000000</ele>
			</trkpt>
			<trkpt lat="49.398699" lon="17.949426">
				<ele>316.000000</ele>
			</trkpt>
			<trkpt lat="49.398856" lon="17.949435">
				<ele>316.000000</ele>
			</trkpt>
			<trkpt lat="49.399020" lon="17.949471">
				<ele>316.000000</ele>
			</trkpt>
			<trkpt lat="49.399178" lon="17.949552">
				<ele>316.000000</ele>
			</trkpt>
			<trkpt lat="49.399295" lon="17.949624">
				<ele>316.000000</ele>
			</trkpt>
			<trkpt lat="49.399371" lon="17.949678">
				<ele>316.000000</ele>
			</trkpt>
			<trkpt lat="49.399465" lon="17.949695">
				<ele>316.000000</ele>
			</trkpt>
			<trkpt lat="49.399605" lon="17.949714">
				<ele>316.000000</ele>
			</trkpt>
			<trkpt lat="49.399839" lon="17.949758">
				<ele>316.000000</ele>
			</trkpt>
			<trkpt lat="49.400055" lon="17.949812">
				<ele>316.000000</ele>
			</trkpt>
			<trkpt lat="49.400248" lon="17.949894">
				<ele>316.000000</ele>
			</trkpt>
			<trkpt lat="49.400552" lon="17.950047">
				<ele>315.000000</ele>
			</trkpt>
			<trkpt lat="49.400675" lon="17.950108">
				<ele>315.000000</ele>
			</trkpt>
			<trkpt lat="49.400862" lon="17.950190">
				<ele>315.000000</ele>
			</trkpt>
			<trkpt lat="49.401066" lon="17.950298">
				<ele>315.000000</ele>
			</trkpt>
			<trkpt lat="49.401282" lon="17.950424">
				<ele>315.000000</ele>
			</trkpt>
			<trkpt lat="49.401510" lon="17.950577">
				<ele>315.000000</ele>
			</trkpt>
			<trkpt lat="49.401669" lon="17.950666">
				<ele>315.000000</ele>
			</trkpt>
			<trkpt lat="49.401850" lon="17.950729">
				<ele>315.000000</ele>
			</trkpt>
			<trkpt lat="49.402043" lon="17.950774">
				<ele>315.000000</ele>
			</trkpt>
			<trkpt lat="49.402323" lon="17.950827">
				<ele>315.000000</ele>
			</trkpt>
			<trkpt lat="49.402727" lon="17.950953">
				<ele>315.000000</ele>
			</trkpt>
			<trkpt lat="49.403060" lon="17.951079">
				<ele>315.000000</ele>
			</trkpt>
			<trkpt lat="49.403516" lon="17.951232">
				<ele>315.000000</ele>
			</trkpt>
			<trkpt lat="49.403755" lon="17.951330">
				<ele>315.000000</ele>
			</trkpt>
			<trkpt lat="49.403890" lon="17.951366">
				<ele>315.000000</ele>
			</trkpt>
			<trkpt lat="49.403989" lon="17.951385">
				<ele>315.000000</ele>
			</trkpt>
			<trkpt lat="49.404106" lon="17.951376">
				<ele>315.000000</ele>
			</trkpt>
			<trkpt lat="49.404258" lon="17.951376">
				<ele>315.000000</ele>
			</trkpt>
			<trkpt lat="49.404586" lon="17.951393">
				<ele>315.000000</ele>
			</trkpt>
			<trkpt lat="49.404872" lon="17.951475">
				<ele>315.000000</ele>
			</trkpt>
			<trkpt lat="49.404989" lon="17.951502">
				<ele>315.000000</ele>
			</trkpt>
			<trkpt lat="49.405111" lon="17.951483">
				<ele>315.000000</ele>
			</trkpt>
			<trkpt lat="49.405257" lon="17.951429">
				<ele>315.000000</ele>
			</trkpt>
			<trkpt lat="49.405310" lon="17.951393">
				<ele>315.000000</ele>
			</trkpt>
			<trkpt lat="49.405351" lon="17.951366">
				<ele>315.000000</ele>
			</trkpt>
			<trkpt lat="49.405398" lon="17.951322">
				<ele>315.000000</ele>
			</trkpt>
			<trkpt lat="49.405427" lon="17.951240">
				<ele>315.000000</ele>
			</trkpt>
			<trkpt lat="49.405497" lon="17.950953">
				<ele>315.000000</ele>
			</trkpt>
			<trkpt lat="49.405497" lon="17.950873">
				<ele>315.000000</ele>
			</trkpt>
			<trkpt lat="49.405497" lon="17.950801">
				<ele>315.000000</ele>
			</trkpt>
			<trkpt lat="49.405491" lon="17.950729">
				<ele>315.000000</ele>
			</trkpt>
			<trkpt lat="49.405468" lon="17.950657">
				<ele>315.000000</ele>
			</trkpt>
			<trkpt lat="49.405416" lon="17.950531">
				<ele>315.000000</ele>
			</trkpt>
			<trkpt lat="49.405287" lon="17.950280">
				<ele>315.000000</ele>
			</trkpt>
			<trkpt lat="49.405235" lon="17.950154">
				<ele>315.000000</ele>
			</trkpt>
			<trkpt lat="49.405310" lon="17.950028">
				<ele>315.000000</ele>
			</trkpt>
			<trkpt lat="49.405392" lon="17.949957">
				<ele>315.000000</ele>
			</trkpt>
			<trkpt lat="49.406269" lon="17.949229">
				<ele>315.000000</ele>
			</trkpt>
			<trkpt lat="49.407140" lon="17.948555">
				<ele>315.000000</ele>
			</trkpt>
			<trkpt lat="49.407268" lon="17.948439">
				<ele>315.000000</ele>
			</trkpt>
			<trkpt lat="49.407537" lon="17.948177">
				<ele>315.000000</ele>
			</trkpt>
			<trkpt lat="49.407701" lon="17.948053">
				<ele>315.000000</ele>
			</trkpt>
			<trkpt lat="49.407899" lon="17.947927">
				<ele>315.000000</ele>
			</trkpt>
			<trkpt lat="49.408314" lon="17.947711">
				<ele>315.000000</ele>
			</trkpt>
			<trkpt lat="49.409063" lon="17.947307">
				<ele>315.000000</ele>
			</trkpt>
			<trkpt lat="49.409209" lon="17.947235">
				<ele>315.000000</ele>
			</trkpt>
			<trkpt lat="49.409344" lon="17.947127">
				<ele>315.000000</ele>
			</trkpt>
			<trkpt lat="49.409472" lon="17.946982">
				<ele>315.000000</ele>
			</trkpt>
			<trkpt lat="49.409624" lon="17.946803">
				<ele>315.000000</ele>
			</trkpt>
			<trkpt lat="49.409753" lon="17.946632">
				<ele>315.000000</ele>
			</trkpt>
			<trkpt lat="49.409893" lon="17.946498">
				<ele>315.000000</ele>
			</trkpt>
			<trkpt lat="49.410039" lon="17.946399">
				<ele>315.000000</ele>
			</trkpt>
			<trkpt lat="49.410220" lon="17.946327">
				<ele>315.000000</ele>
			</trkpt>
			<trkpt lat="49.410384" lon="17.946282">
				<ele>315.000000</ele>
			</trkpt>
			<trkpt lat="49.410536" lon="17.946237">
				<ele>315.000000</ele>
			</trkpt>
			<trkpt lat="49.410688" lon="17.946219">
				<ele>315.000000</ele>
			</trkpt>
			<trkpt lat="49.410846" lon="17.946210">
				<ele>315.000000</ele>
			</trkpt>
			<trkpt lat="49.411137" lon="17.946229">
				<ele>315.000000</ele>
			</trkpt>
			<trkpt lat="49.411307" lon="17.946256">
				<ele>315.000000</ele>
			</trkpt>
			<trkpt lat="49.411384" lon="17.946282">
				<ele>315.000000</ele>
			</trkpt>
			<trkpt lat="49.411453" lon="17.946327">
				<ele>315.000000</ele>
			</trkpt>
			<trkpt lat="49.411611" lon="17.946462">
				<ele>315.000000</ele>
			</trkpt>
			<trkpt lat="49.411769" lon="17.946588">
				<ele>315.000000</ele>
			</trkpt>
			<trkpt lat="49.412067" lon="17.946812">
				<ele>315.000000</ele>
			</trkpt>
			<trkpt lat="49.412435" lon="17.947037">
				<ele>315.000000</ele>
			</trkpt>
			<trkpt lat="49.412558" lon="17.947118">
				<ele>315.000000</ele>
			</trkpt>
			<trkpt lat="49.412699" lon="17.947162">
				<ele>315.000000</ele>
			</trkpt>
			<trkpt lat="49.412903" lon="17.947235">
				<ele>315.000000</ele>
			</trkpt>
			<trkpt lat="49.413090" lon="17.947288">
				<ele>315.000000</ele>
			</trkpt>
			<trkpt lat="49.413394" lon="17.947414">
				<ele>315.000000</ele>
			</trkpt>
			<trkpt lat="49.413926" lon="17.947720">
				<ele>315.000000</ele>
			</trkpt>
			<trkpt lat="49.414078" lon="17.947783">
				<ele>315.000000</ele>
			</trkpt>
			<trkpt lat="49.414201" lon="17.947837">
				<ele>315.000000</ele>
			</trkpt>
			<trkpt lat="49.414346" lon="17.947873">
				<ele>315.000000</ele>
			</trkpt>
			<trkpt lat="49.414451" lon="17.947873">
				<ele>315.000000</ele>
			</trkpt>
			<trkpt lat="49.414569" lon="17.947854">
				<ele>315.000000</ele>
			</trkpt>
			<trkpt lat="49.414662" lon="17.947818">
				<ele>315.000000</ele>
			</trkpt>
			<trkpt lat="49.414738" lon="17.947764">
				<ele>315.000000</ele>
			</trkpt>
			<trkpt lat="49.414802" lon="17.947693">
				<ele>315.000000</ele>
			</trkpt>
			<trkpt lat="49.414948" lon="17.947531">
				<ele>315.000000</ele>
			</trkpt>
			<trkpt lat="49.415088" lon="17.947334">
				<ele>315.000000</ele>
			</trkpt>
			<trkpt lat="49.415288" lon="17.947001">
				<ele>315.000000</ele>
			</trkpt>
			<trkpt lat="49.415416" lon="17.946732">
				<ele>315.000000</ele>
			</trkpt>
			<trkpt lat="49.415544" lon="17.946462">
				<ele>315.000000</ele>
			</trkpt>
			<trkpt lat="49.415684" lon="17.946112">
				<ele>315.000000</ele>
			</trkpt>
			<trkpt lat="49.415772" lon="17.945896">
				<ele>315.000000</ele>
			</trkpt>
			<trkpt lat="49.415860" lon="17.945716">
				<ele>315.000000</ele>
			</trkpt>
			<trkpt lat="49.415942" lon="17.945554">
				<ele>315.000000</ele>
			</trkpt>
			<trkpt lat="49.416035" lon="17.945401">
				<ele>315.000000</ele>
			</trkpt>
			<trkpt lat="49.416082" lon="17.945330">
				<ele>315.000000</ele>
			</trkpt>
			<trkpt lat="49.416293" lon="17.945141">
				<ele>315.000000</ele>
			</trkpt>
			<trkpt lat="49.416368" lon="17.945070">
				<ele>315.000000</ele>
			</trkpt>
			<trkpt lat="49.416427" lon="17.944971">
				<ele>315.000000</ele>
			</trkpt>
			<trkpt lat="49.416462" lon="17.944863">
				<ele>315.000000</ele>
			</trkpt>
			<trkpt lat="49.416485" lon="17.944701">
				<ele>315.000000</ele>
			</trkpt>
			<trkpt lat="49.416503" lon="17.944359">
				<ele>315.000000</ele>
			</trkpt>
			<trkpt lat="49.416590" lon="17.944422">
				<ele>315.000000</ele>
			</trkpt>
			<trkpt lat="49.416719" lon="17.944441">
				<ele>315.000000</ele>
			</trkpt>
			<trkpt lat="49.416807" lon="17.945905">
				<ele>315.000000</ele>
			</trkpt>
			<trkpt lat="49.416906" lon="17.947351">
				<ele>315.000000</ele>
			</trkpt>
			<trkpt lat="49.416924" lon="17.947621">
				<ele>315.000000</ele>
			</trkpt>
			<trkpt lat="49.416947" lon="17.947818">
				<ele>315.000000</ele>
			</trkpt>
			<trkpt lat="49.416976" lon="17.948016">
				<ele>315.000000</ele>
			</trkpt>
			<trkpt lat="49.417029" lon="17.948240">
				<ele>315.000000</ele>
			</trkpt>
			<trkpt lat="49.417099" lon="17.948447">
				<ele>315.000000</ele>
			</trkpt>
			<trkpt lat="49.417146" lon="17.948564">
				<ele>315.000000</ele>
			</trkpt>
			<trkpt lat="49.417204" lon="17.948672">
				<ele>315.000000</ele>
			</trkpt>
			<trkpt lat="49.417333" lon="17.948860">
				<ele>315.000000</ele>
			</trkpt>
			<trkpt lat="49.417485" lon="17.949040">
				<ele>315.000000</ele>
			</trkpt>
			<trkpt lat="49.417748" lon="17.949246">
				<ele>315.000000</ele>
			</trkpt>
			<trkpt lat="49.417882" lon="17.949345">
				<ele>314.000000</ele>
			</trkpt>
			<trkpt lat="49.418011" lon="17.949481">
				<ele>314.000000</ele>
			</trkpt>
			<trkpt lat="49.418104" lon="17.949615">
				<ele>314.000000</ele>
			</trkpt>
			<trkpt lat="49.418204" lon="17.949768">
				<ele>314.000000</ele>
			</trkpt>
			<trkpt lat="49.418303" lon="17.949984">
				<ele>314.000000</ele>
			</trkpt>
			<trkpt lat="49.418618" lon="17.950729">
				<ele>313.000000</ele>
			</trkpt>
			<trkpt lat="49.418794" lon="17.951169">
				<ele>312.000000</ele>
			</trkpt>
			<trkpt lat="49.418951" lon="17.951510">
				<ele>312.000000</ele>
			</trkpt>
			<trkpt lat="49.419016" lon="17.951627">
				<ele>312.000000</ele>
			</trkpt>
			<trkpt lat="49.419104" lon="17.951753">
				<ele>312.000000</ele>
			</trkpt>
			<trkpt lat="49.419442" lon="17.952274">
				<ele>311.000000</ele>
			</trkpt>
			<trkpt lat="49.419548" lon="17.952445">
				<ele>311.000000</ele>
			</trkpt>
			<trkpt lat="49.419612" lon="17.952598">
				<ele>311.000000</ele>
			</trkpt>
			<trkpt lat="49.419664" lon="17.952750">
				<ele>311.000000</ele>
			</trkpt>
			<trkpt lat="49.419694" lon="17.952930">
				<ele>311.000000</ele>
			</trkpt>
			<trkpt lat="49.419769" lon="17.953630">
				<ele>310.000000</ele>
			</trkpt>
			<trkpt lat="49.419787" lon="17.953846">
				<ele>310.000000</ele>
			</trkpt>
			<trkpt lat="49.419869" lon="17.954969">
				<ele>310.000000</ele>
			</trkpt>
			<trkpt lat="49.419910" lon="17.955705">
				<ele>310.000000</ele>
			</trkpt>
			<trkpt lat="49.419963" lon="17.956882">
				<ele>310.000000</ele>
			</trkpt>
			<trkpt lat="49.419968" lon="17.957376">
				<ele>310.000000</ele>
			</trkpt>
			<trkpt lat="49.419927" lon="17.958221">
				<ele>310.000000</ele>
			</trkpt>
			<trkpt lat="49.419904" lon="17.959190">
				<ele>310.000000</ele>
			</trkpt>
			<trkpt lat="49.419910" lon="17.960135">
				<ele>310.000000</ele>
			</trkpt>
			<trkpt lat="49.419904" lon="17.960287">
				<ele>310.000000</ele>
			</trkpt>
			<trkpt lat="49.419892" lon="17.960422">
				<ele>310.000000</ele>
			</trkpt>
			<trkpt lat="49.419869" lon="17.960548">
				<ele>310.000000</ele>
			</trkpt>
			<trkpt lat="49.419840" lon="17.960638">
				<ele>310.000000</ele>
			</trkpt>
			<trkpt lat="49.419927" lon="17.960655">
				<ele>310.000000</ele>
			</trkpt>
			<trkpt lat="49.420021" lon="17.960674">
				<ele>310.000000</ele>
			</trkpt>
			<trkpt lat="49.420109" lon="17.960727">
				<ele>310.000000</ele>
			</trkpt>
			<trkpt lat="49.420196" lon="17.960781">
				<ele>310.000000</ele>
			</trkpt>
			<trkpt lat="49.420588" lon="17.961041">
				<ele>309.000000</ele>
			</trkpt>
			<trkpt lat="49.420675" lon="17.961087">
				<ele>309.000000</ele>
			</trkpt>
			<trkpt lat="49.420763" lon="17.961123">
				<ele>309.000000</ele>
			</trkpt>
			<trkpt lat="49.420850" lon="17.961123">
				<ele>309.000000</ele>
			</trkpt>
			<trkpt lat="49.420997" lon="17.961123">
				<ele>309.000000</ele>
			</trkpt>
			<trkpt lat="49.421581" lon="17.961131">
				<ele>308.000000</ele>
			</trkpt>
			<trkpt lat="49.421815" lon="17.961104">
				<ele>308.000000</ele>
			</trkpt>
			<trkpt lat="49.421932" lon="17.961068">
				<ele>308.000000</ele>
			</trkpt>
			<trkpt lat="49.422055" lon="17.961024">
				<ele>308.000000</ele>
			</trkpt>
			<trkpt lat="49.422171" lon="17.960943">
				<ele>308.000000</ele>
			</trkpt>
			<trkpt lat="49.422300" lon="17.960853">
				<ele>308.000000</ele>
			</trkpt>
			<trkpt lat="49.422417" lon="17.960754">
				<ele>308.000000</ele>
			</trkpt>
			<trkpt lat="49.422505" lon="17.960647">
				<ele>307.000000</ele>
			</trkpt>
			<trkpt lat="49.422574" lon="17.960557">
				<ele>307.000000</ele>
			</trkpt>
			<trkpt lat="49.422645" lon="17.960448">
				<ele>307.000000</ele>
			</trkpt>
			<trkpt lat="49.422697" lon="17.960332">
				<ele>307.000000</ele>
			</trkpt>
			<trkpt lat="49.422768" lon="17.960179">
				<ele>307.000000</ele>
			</trkpt>
			<trkpt lat="49.422872" lon="17.959856">
				<ele>307.000000</ele>
			</trkpt>
			<trkpt lat="49.422925" lon="17.959676">
				<ele>307.000000</ele>
			</trkpt>
			<trkpt lat="49.422989" lon="17.959515">
				<ele>307.000000</ele>
			</trkpt>
			<trkpt lat="49.423059" lon="17.959380">
				<ele>306.000000</ele>
			</trkpt>
			<trkpt lat="49.423130" lon="17.959280">
				<ele>306.000000</ele>
			</trkpt>
			<trkpt lat="49.423223" lon="17.959146">
				<ele>306.000000</ele>
			</trkpt>
			<trkpt lat="49.423375" lon="17.958957">
				<ele>306.000000</ele>
			</trkpt>
			<trkpt lat="49.423627" lon="17.958661">
				<ele>306.000000</ele>
			</trkpt>
			<trkpt lat="49.423784" lon="17.958464">
				<ele>306.000000</ele>
			</trkpt>
			<trkpt lat="49.423913" lon="17.958265">
				<ele>305.000000</ele>
			</trkpt>
			<trkpt lat="49.424023" lon="17.958077">
				<ele>305.000000</ele>
			</trkpt>
			<trkpt lat="49.424146" lon="17.957852">
				<ele>305.000000</ele>
			</trkpt>
			<trkpt lat="49.424462" lon="17.957232">
				<ele>305.000000</ele>
			</trkpt>
			<trkpt lat="49.424631" lon="17.956900">
				<ele>305.000000</ele>
			</trkpt>
			<trkpt lat="49.424725" lon="17.956739">
				<ele>305.000000</ele>
			</trkpt>
			<trkpt lat="49.424929" lon="17.956460">
				<ele>305.000000</ele>
			</trkpt>
			<trkpt lat="49.424999" lon="17.956343">
				<ele>305.000000</ele>
			</trkpt>
			<trkpt lat="49.425076" lon="17.956137">
				<ele>305.000000</ele>
			</trkpt>
			<trkpt lat="49.425221" lon="17.955678">
				<ele>305.000000</ele>
			</trkpt>
			<trkpt lat="49.425262" lon="17.955535">
				<ele>305.000000</ele>
			</trkpt>
			<trkpt lat="49.425385" lon="17.955202">
				<ele>305.000000</ele>
			</trkpt>
			<trkpt lat="49.425490" lon="17.954969">
				<ele>305.000000</ele>
			</trkpt>
			<trkpt lat="49.425595" lon="17.954762">
				<ele>305.000000</ele>
			</trkpt>
			<trkpt lat="49.425718" lon="17.954619">
				<ele>305.000000</ele>
			</trkpt>
			<trkpt lat="49.425853" lon="17.954466">
				<ele>305.000000</ele>
			</trkpt>
			<trkpt lat="49.425981" lon="17.954376">
				<ele>305.000000</ele>
			</trkpt>
			<trkpt lat="49.426092" lon="17.954313">
				<ele>305.000000</ele>
			</trkpt>
			<trkpt lat="49.426209" lon="17.954259">
				<ele>305.000000</ele>
			</trkpt>
			<trkpt lat="49.426325" lon="17.954259">
				<ele>305.000000</ele>
			</trkpt>
			<trkpt lat="49.426425" lon="17.954250">
				<ele>305.000000</ele>
			</trkpt>
			<trkpt lat="49.426525" lon="17.954269">
				<ele>305.000000</ele>
			</trkpt>
			<trkpt lat="49.426635" lon="17.954305">
				<ele>305.000000</ele>
			</trkpt>
			<trkpt lat="49.426741" lon="17.954367">
				<ele>305.000000</ele>
			</trkpt>
			<trkpt lat="49.426846" lon="17.954456">
				<ele>305.000000</ele>
			</trkpt>
			<trkpt lat="49.427033" lon="17.954601">
				<ele>305.000000</ele>
			</trkpt>
			<trkpt lat="49.427296" lon="17.954781">
				<ele>305.000000</ele>
			</trkpt>
			<trkpt lat="49.427576" lon="17.954969">
				<ele>305.000000</ele>
			</trkpt>
			<trkpt lat="49.427699" lon="17.955059">
				<ele>305.000000</ele>
			</trkpt>
			<trkpt lat="49.427699" lon="17.955059">
				<ele>305.000000</ele>
			</trkpt>
			<trkpt lat="49.427862" lon="17.955175">
				<ele>305.000000</ele>
			</trkpt>
			<trkpt lat="49.428412" lon="17.955571">
				<ele>305.000000</ele>
			</trkpt>
			<trkpt lat="49.429738" lon="17.956479">
				<ele>305.000000</ele>
			</trkpt>
			<trkpt lat="49.430170" lon="17.956793">
				<ele>305.000000</ele>
			</trkpt>
			<trkpt lat="49.430643" lon="17.957179">
				<ele>305.000000</ele>
			</trkpt>
			<trkpt lat="49.431035" lon="17.957475">
				<ele>305.000000</ele>
			</trkpt>
			<trkpt lat="49.431228" lon="17.957601">
				<ele>305.000000</ele>
			</trkpt>
			<trkpt lat="49.431414" lon="17.957718">
				<ele>305.000000</ele>
			</trkpt>
			<trkpt lat="49.431788" lon="17.957907">
				<ele>305.000000</ele>
			</trkpt>
			<trkpt lat="49.432338" lon="17.958167">
				<ele>305.000000</ele>
			</trkpt>
			<trkpt lat="49.432594" lon="17.958274">
				<ele>305.000000</ele>
			</trkpt>
			<trkpt lat="49.432794" lon="17.958347">
				<ele>305.000000</ele>
			</trkpt>
			<trkpt lat="49.432963" lon="17.958391">
				<ele>305.000000</ele>
			</trkpt>
			<trkpt lat="49.433138" lon="17.958418">
				<ele>305.000000</ele>
			</trkpt>
			<trkpt lat="49.433436" lon="17.958437">
				<ele>305.000000</ele>
			</trkpt>
			<trkpt lat="49.433535" lon="17.958445">
				<ele>305.000000</ele>
			</trkpt>
			<trkpt lat="49.433617" lon="17.958473">
				<ele>305.000000</ele>
			</trkpt>
			<trkpt lat="49.433693" lon="17.958517">
				<ele>305.000000</ele>
			</trkpt>
			<trkpt lat="49.433763" lon="17.958598">
				<ele>305.000000</ele>
			</trkpt>
			<trkpt lat="49.433968" lon="17.958840">
				<ele>305.000000</ele>
			</trkpt>
			<trkpt lat="49.434073" lon="17.958984">
				<ele>305.000000</ele>
			</trkpt>
			<trkpt lat="49.434242" lon="17.959227">
				<ele>305.000000</ele>
			</trkpt>
			<trkpt lat="49.434727" lon="17.959972">
				<ele>304.000000</ele>
			</trkpt>
			<trkpt lat="49.434890" lon="17.960224">
				<ele>304.000000</ele>
			</trkpt>
			<trkpt lat="49.435025" lon="17.960404">
				<ele>304.000000</ele>
			</trkpt>
			<trkpt lat="49.435487" lon="17.961005">
				<ele>303.000000</ele>
			</trkpt>
			<trkpt lat="49.435749" lon="17.961338">
				<ele>303.000000</ele>
			</trkpt>
			<trkpt lat="49.436252" lon="17.961913">
				<ele>302.000000</ele>
			</trkpt>
			<trkpt lat="49.436527" lon="17.962255">
				<ele>302.000000</ele>
			</trkpt>
			<trkpt lat="49.436812" lon="17.962649">
				<ele>302.000000</ele>
			</trkpt>
			<trkpt lat="49.437180" lon="17.963188">
				<ele>301.000000</ele>
			</trkpt>
			<trkpt lat="49.437391" lon="17.963458">
				<ele>301.000000</ele>
			</trkpt>
			<trkpt lat="49.437496" lon="17.963620">
				<ele>301.000000</ele>
			</trkpt>
			<trkpt lat="49.437589" lon="17.963790">
				<ele>301.000000</ele>
			</trkpt>
			<trkpt lat="49.437677" lon="17.963988">
				<ele>300.000000</ele>
			</trkpt>
			<trkpt lat="49.437736" lon="17.964114">
				<ele>300.000000</ele>
			</trkpt>
			<trkpt lat="49.437811" lon="17.964249">
				<ele>300.000000</ele>
			</trkpt>
			<trkpt lat="49.437899" lon="17.964393">
				<ele>300.000000</ele>
			</trkpt>
			<trkpt lat="49.438027" lon="17.964563">
				<ele>300.000000</ele>
			</trkpt>
			<trkpt lat="49.438308" lon="17.964967">
				<ele>300.000000</ele>
			</trkpt>
			<trkpt lat="49.438524" lon="17.965255">
				<ele>300.000000</ele>
			</trkpt>
			<trkpt lat="49.438279" lon="17.965668">
				<ele>300.000000</ele>
			</trkpt>
			<trkpt lat="49.437952" lon="17.966188">
				<ele>300.000000</ele>
			</trkpt>
			<trkpt lat="49.437876" lon="17.966314">
				<ele>300.000000</ele>
			</trkpt>
			<trkpt lat="49.437660" lon="17.966611">
				<ele>302.000000</ele>
			</trkpt>
			<trkpt lat="49.437583" lon="17.966467">
				<ele>302.000000</ele>
			</trkpt>
			<trkpt lat="49.437327" lon="17.966009">
				<ele>302.000000</ele>
			</trkpt>
		</trkseg>
	</trk>
</gpx>

