<?xml version="1.0" encoding="utf-8"?>
<gpx xmlns="http://www.topografix.com/GPX/1/1" version="1.1" creator="https://mapy.com/">
	<trk>
		<name>Delší trasa</name>
		<trkseg>
			<trkpt lat="49.472789" lon="17.964706">
				<ele>294.000000</ele>
			</trkpt>
			<trkpt lat="49.472731" lon="17.964491">
				<ele>294.000000</ele>
			</trkpt>
			<trkpt lat="49.472597" lon="17.964563">
				<ele>293.000000</ele>
			</trkpt>
			<trkpt lat="49.472830" lon="17.965461">
				<ele>293.000000</ele>
			</trkpt>
			<trkpt lat="49.472964" lon="17.965964">
				<ele>293.000000</ele>
			</trkpt>
			<trkpt lat="49.473029" lon="17.966207">
				<ele>293.000000</ele>
			</trkpt>
			<trkpt lat="49.473233" lon="17.966953">
				<ele>294.000000</ele>
			</trkpt>
			<trkpt lat="49.473449" lon="17.967752">
				<ele>294.000000</ele>
			</trkpt>
			<trkpt lat="49.473537" lon="17.968085">
				<ele>294.000000</ele>
			</trkpt>
			<trkpt lat="49.473712" lon="17.968704">
				<ele>294.000000</ele>
			</trkpt>
			<trkpt lat="49.473992" lon="17.969783">
				<ele>295.000000</ele>
			</trkpt>
			<trkpt lat="49.474161" lon="17.970609">
				<ele>295.000000</ele>
			</trkpt>
			<trkpt lat="49.474412" lon="17.971588">
				<ele>295.000000</ele>
			</trkpt>
			<trkpt lat="49.474459" lon="17.971830">
				<ele>296.000000</ele>
			</trkpt>
			<trkpt lat="49.474465" lon="17.971993">
				<ele>297.000000</ele>
			</trkpt>
			<trkpt lat="49.474436" lon="17.972010">
				<ele>297.000000</ele>
			</trkpt>
			<trkpt lat="49.474412" lon="17.972019">
				<ele>297.000000</ele>
			</trkpt>
			<trkpt lat="49.474389" lon="17.972046">
				<ele>297.000000</ele>
			</trkpt>
			<trkpt lat="49.474383" lon="17.972091">
				<ele>297.000000</ele>
			</trkpt>
			<trkpt lat="49.474371" lon="17.972127">
				<ele>297.000000</ele>
			</trkpt>
			<trkpt lat="49.474371" lon="17.972154">
				<ele>297.000000</ele>
			</trkpt>
			<trkpt lat="49.474389" lon="17.972207">
				<ele>297.000000</ele>
			</trkpt>
			<trkpt lat="49.474412" lon="17.972243">
				<ele>297.000000</ele>
			</trkpt>
			<trkpt lat="49.474442" lon="17.972270">
				<ele>297.000000</ele>
			</trkpt>
			<trkpt lat="49.474477" lon="17.972270">
				<ele>297.000000</ele>
			</trkpt>
			<trkpt lat="49.474506" lon="17.972243">
				<ele>297.000000</ele>
			</trkpt>
			<trkpt lat="49.474552" lon="17.972459">
				<ele>296.000000</ele>
			</trkpt>
			<trkpt lat="49.474617" lon="17.972792">
				<ele>296.000000</ele>
			</trkpt>
			<trkpt lat="49.474652" lon="17.973025">
				<ele>295.000000</ele>
			</trkpt>
			<trkpt lat="49.474780" lon="17.973645">
				<ele>295.000000</ele>
			</trkpt>
			<trkpt lat="49.474926" lon="17.974435">
				<ele>295.000000</ele>
			</trkpt>
			<trkpt lat="49.475031" lon="17.975083">
				<ele>295.000000</ele>
			</trkpt>
			<trkpt lat="49.475072" lon="17.975307">
				<ele>296.000000</ele>
			</trkpt>
			<trkpt lat="49.475154" lon="17.975891">
				<ele>296.000000</ele>
			</trkpt>
			<trkpt lat="49.475259" lon="17.976555">
				<ele>296.000000</ele>
			</trkpt>
			<trkpt lat="49.475358" lon="17.977085">
				<ele>296.000000</ele>
			</trkpt>
			<trkpt lat="49.475475" lon="17.977534">
				<ele>297.000000</ele>
			</trkpt>
			<trkpt lat="49.475556" lon="17.977804">
				<ele>297.000000</ele>
			</trkpt>
			<trkpt lat="49.475633" lon="17.978029">
				<ele>297.000000</ele>
			</trkpt>
			<trkpt lat="49.475533" lon="17.977939">
				<ele>297.000000</ele>
			</trkpt>
			<trkpt lat="49.475463" lon="17.977885">
				<ele>297.000000</ele>
			</trkpt>
			<trkpt lat="49.475393" lon="17.977849">
				<ele>297.000000</ele>
			</trkpt>
			<trkpt lat="49.475340" lon="17.977849">
				<ele>297.000000</ele>
			</trkpt>
			<trkpt lat="49.475160" lon="17.977876">
				<ele>296.000000</ele>
			</trkpt>
			<trkpt lat="49.474880" lon="17.977930">
				<ele>296.000000</ele>
			</trkpt>
			<trkpt lat="49.474483" lon="17.977983">
				<ele>296.000000</ele>
			</trkpt>
			<trkpt lat="49.474483" lon="17.977983">
				<ele>296.000000</ele>
			</trkpt>
			<trkpt lat="49.472848" lon="17.978209">
				<ele>295.000000</ele>
			</trkpt>
			<trkpt lat="49.472562" lon="17.979169">
				<ele>295.000000</ele>
			</trkpt>
			<trkpt lat="49.472504" lon="17.979430">
				<ele>295.000000</ele>
			</trkpt>
			<trkpt lat="49.472451" lon="17.979691">
				<ele>295.000000</ele>
			</trkpt>
			<trkpt lat="49.472311" lon="17.980409">
				<ele>295.000000</ele>
			</trkpt>
			<trkpt lat="49.472217" lon="17.981002">
				<ele>296.000000</ele>
			</trkpt>
			<trkpt lat="49.472130" lon="17.981631">
				<ele>296.000000</ele>
			</trkpt>
			<trkpt lat="49.472054" lon="17.982367">
				<ele>297.000000</ele>
			</trkpt>
			<trkpt lat="49.472048" lon="17.982394">
				<ele>297.000000</ele>
			</trkpt>
			<trkpt lat="49.472042" lon="17.982538">
				<ele>297.000000</ele>
			</trkpt>
			<trkpt lat="49.472025" lon="17.982889">
				<ele>297.000000</ele>
			</trkpt>
			<trkpt lat="49.472025" lon="17.983131">
				<ele>297.000000</ele>
			</trkpt>
			<trkpt lat="49.472025" lon="17.983239">
				<ele>297.000000</ele>
			</trkpt>
			<trkpt lat="49.472013" lon="17.983320">
				<ele>297.000000</ele>
			</trkpt>
			<trkpt lat="49.471995" lon="17.983392">
				<ele>297.000000</ele>
			</trkpt>
			<trkpt lat="49.471949" lon="17.983463">
				<ele>297.000000</ele>
			</trkpt>
			<trkpt lat="49.471873" lon="17.983625">
				<ele>297.000000</ele>
			</trkpt>
			<trkpt lat="49.471833" lon="17.983759">
				<ele>297.000000</ele>
			</trkpt>
			<trkpt lat="49.471820" lon="17.983876">
				<ele>298.000000</ele>
			</trkpt>
			<trkpt lat="49.471820" lon="17.984138">
				<ele>298.000000</ele>
			</trkpt>
			<trkpt lat="49.471826" lon="17.984388">
				<ele>298.000000</ele>
			</trkpt>
			<trkpt lat="49.471833" lon="17.984784">
				<ele>298.000000</ele>
			</trkpt>
			<trkpt lat="49.471861" lon="17.985144">
				<ele>298.000000</ele>
			</trkpt>
			<trkpt lat="49.471879" lon="17.985386">
				<ele>298.000000</ele>
			</trkpt>
			<trkpt lat="49.471908" lon="17.985593">
				<ele>299.000000</ele>
			</trkpt>
			<trkpt lat="49.471949" lon="17.985790">
				<ele>299.000000</ele>
			</trkpt>
			<trkpt lat="49.472008" lon="17.985988">
				<ele>299.000000</ele>
			</trkpt>
			<trkpt lat="49.472148" lon="17.986392">
				<ele>299.000000</ele>
			</trkpt>
			<trkpt lat="49.472200" lon="17.986572">
				<ele>299.000000</ele>
			</trkpt>
			<trkpt lat="49.472124" lon="17.986652">
				<ele>299.000000</ele>
			</trkpt>
			<trkpt lat="49.471833" lon="17.986895">
				<ele>300.000000</ele>
			</trkpt>
			<trkpt lat="49.471803" lon="17.986912">
				<ele>300.000000</ele>
			</trkpt>
			<trkpt lat="49.471786" lon="17.986878">
				<ele>300.000000</ele>
			</trkpt>
			<trkpt lat="49.471751" lon="17.986662">
				<ele>300.000000</ele>
			</trkpt>
			<trkpt lat="49.471739" lon="17.986625">
				<ele>300.000000</ele>
			</trkpt>
			<trkpt lat="49.471721" lon="17.986599">
				<ele>300.000000</ele>
			</trkpt>
			<trkpt lat="49.471715" lon="17.986878">
				<ele>300.000000</ele>
			</trkpt>
			<trkpt lat="49.471715" lon="17.986958">
				<ele>300.000000</ele>
			</trkpt>
			<trkpt lat="49.471809" lon="17.987102">
				<ele>300.000000</ele>
			</trkpt>
			<trkpt lat="49.471891" lon="17.987299">
				<ele>300.000000</ele>
			</trkpt>
			<trkpt lat="49.472299" lon="17.988279">
				<ele>300.000000</ele>
			</trkpt>
			<trkpt lat="49.472504" lon="17.988799">
				<ele>300.000000</ele>
			</trkpt>
			<trkpt lat="49.472527" lon="17.988872">
				<ele>300.000000</ele>
			</trkpt>
			<trkpt lat="49.472685" lon="17.989321">
				<ele>300.000000</ele>
			</trkpt>
			<trkpt lat="49.472778" lon="17.989617">
				<ele>300.000000</ele>
			</trkpt>
			<trkpt lat="49.472953" lon="17.990417">
				<ele>300.000000</ele>
			</trkpt>
			<trkpt lat="49.473099" lon="17.991073">
				<ele>300.000000</ele>
			</trkpt>
			<trkpt lat="49.473117" lon="17.991162">
				<ele>300.000000</ele>
			</trkpt>
			<trkpt lat="49.473158" lon="17.991216">
				<ele>300.000000</ele>
			</trkpt>
			<trkpt lat="49.473204" lon="17.991260">
				<ele>300.000000</ele>
			</trkpt>
			<trkpt lat="49.473257" lon="17.991288">
				<ele>300.000000</ele>
			</trkpt>
			<trkpt lat="49.473320" lon="17.991306">
				<ele>300.000000</ele>
			</trkpt>
			<trkpt lat="49.473391" lon="17.991315">
				<ele>300.000000</ele>
			</trkpt>
			<trkpt lat="49.473361" lon="17.991440">
				<ele>300.000000</ele>
			</trkpt>
			<trkpt lat="49.473356" lon="17.991530">
				<ele>300.000000</ele>
			</trkpt>
			<trkpt lat="49.473373" lon="17.991620">
				<ele>300.000000</ele>
			</trkpt>
			<trkpt lat="49.473397" lon="17.991755">
				<ele>300.000000</ele>
			</trkpt>
			<trkpt lat="49.473548" lon="17.992258">
				<ele>300.000000</ele>
			</trkpt>
			<trkpt lat="49.473654" lon="17.992698">
				<ele>300.000000</ele>
			</trkpt>
			<trkpt lat="49.473776" lon="17.993183">
				<ele>300.000000</ele>
			</trkpt>
			<trkpt lat="49.473963" lon="17.993875">
				<ele>300.000000</ele>
			</trkpt>
			<trkpt lat="49.474068" lon="17.994279">
				<ele>301.000000</ele>
			</trkpt>
			<trkpt lat="49.474109" lon="17.994396">
				<ele>301.000000</ele>
			</trkpt>
			<trkpt lat="49.474155" lon="17.994495">
				<ele>301.000000</ele>
			</trkpt>
			<trkpt lat="49.474214" lon="17.994612">
				<ele>301.000000</ele>
			</trkpt>
			<trkpt lat="49.474267" lon="17.994684">
				<ele>301.000000</ele>
			</trkpt>
			<trkpt lat="49.474342" lon="17.994782">
				<ele>301.000000</ele>
			</trkpt>
			<trkpt lat="49.474424" lon="17.994872">
				<ele>301.000000</ele>
			</trkpt>
			<trkpt lat="49.474658" lon="17.995105">
				<ele>301.000000</ele>
			</trkpt>
			<trkpt lat="49.474809" lon="17.995277">
				<ele>301.000000</ele>
			</trkpt>
			<trkpt lat="49.474880" lon="17.995384">
				<ele>301.000000</ele>
			</trkpt>
			<trkpt lat="49.474949" lon="17.995491">
				<ele>302.000000</ele>
			</trkpt>
			<trkpt lat="49.475008" lon="17.995600">
				<ele>302.000000</ele>
			</trkpt>
			<trkpt lat="49.475061" lon="17.995707">
				<ele>302.000000</ele>
			</trkpt>
			<trkpt lat="49.475107" lon="17.995860">
				<ele>302.000000</ele>
			</trkpt>
			<trkpt lat="49.475148" lon="17.996031">
				<ele>302.000000</ele>
			</trkpt>
			<trkpt lat="49.475241" lon="17.996552">
				<ele>302.000000</ele>
			</trkpt>
			<trkpt lat="49.475364" lon="17.997208">
				<ele>302.000000</ele>
			</trkpt>
			<trkpt lat="49.475393" lon="17.997415">
				<ele>303.000000</ele>
			</trkpt>
			<trkpt lat="49.475417" lon="17.997612">
				<ele>303.000000</ele>
			</trkpt>
			<trkpt lat="49.475417" lon="17.997818">
				<ele>303.000000</ele>
			</trkpt>
			<trkpt lat="49.475422" lon="17.997998">
				<ele>303.000000</ele>
			</trkpt>
			<trkpt lat="49.475405" lon="17.998214">
				<ele>303.000000</ele>
			</trkpt>
			<trkpt lat="49.475393" lon="17.998438">
				<ele>303.000000</ele>
			</trkpt>
			<trkpt lat="49.475142" lon="18.000505">
				<ele>304.000000</ele>
			</trkpt>
			<trkpt lat="49.475025" lon="18.001537">
				<ele>305.000000</ele>
			</trkpt>
			<trkpt lat="49.474914" lon="18.002615">
				<ele>305.000000</ele>
			</trkpt>
			<trkpt lat="49.474844" lon="18.003523">
				<ele>306.000000</ele>
			</trkpt>
			<trkpt lat="49.474821" lon="18.003864">
				<ele>306.000000</ele>
			</trkpt>
			<trkpt lat="49.474786" lon="18.004763">
				<ele>306.000000</ele>
			</trkpt>
			<trkpt lat="49.474745" lon="18.005256">
				<ele>306.000000</ele>
			</trkpt>
			<trkpt lat="49.474733" lon="18.005338">
				<ele>306.000000</ele>
			</trkpt>
			<trkpt lat="49.474716" lon="18.005409">
				<ele>306.000000</ele>
			</trkpt>
			<trkpt lat="49.474628" lon="18.005634">
				<ele>306.000000</ele>
			</trkpt>
			<trkpt lat="49.474599" lon="18.005760">
				<ele>306.000000</ele>
			</trkpt>
			<trkpt lat="49.474506" lon="18.006290">
				<ele>306.000000</ele>
			</trkpt>
			<trkpt lat="49.474465" lon="18.006487">
				<ele>306.000000</ele>
			</trkpt>
			<trkpt lat="49.474459" lon="18.006730">
				<ele>307.000000</ele>
			</trkpt>
			<trkpt lat="49.474470" lon="18.007134">
				<ele>307.000000</ele>
			</trkpt>
			<trkpt lat="49.474470" lon="18.007260">
				<ele>307.000000</ele>
			</trkpt>
			<trkpt lat="49.474448" lon="18.007376">
				<ele>307.000000</ele>
			</trkpt>
			<trkpt lat="49.474430" lon="18.007520">
				<ele>307.000000</ele>
			</trkpt>
			<trkpt lat="49.474418" lon="18.007637">
				<ele>307.000000</ele>
			</trkpt>
			<trkpt lat="49.474412" lon="18.008015">
				<ele>307.000000</ele>
			</trkpt>
			<trkpt lat="49.474412" lon="18.008113">
				<ele>307.000000</ele>
			</trkpt>
			<trkpt lat="49.474389" lon="18.008202">
				<ele>307.000000</ele>
			</trkpt>
			<trkpt lat="49.474354" lon="18.008355">
				<ele>307.000000</ele>
			</trkpt>
			<trkpt lat="49.474284" lon="18.008590">
				<ele>307.000000</ele>
			</trkpt>
			<trkpt lat="49.474092" lon="18.009137">
				<ele>307.000000</ele>
			</trkpt>
			<trkpt lat="49.473823" lon="18.010611">
				<ele>308.000000</ele>
			</trkpt>
			<trkpt lat="49.473671" lon="18.011464">
				<ele>308.000000</ele>
			</trkpt>
			<trkpt lat="49.473566" lon="18.011923">
				<ele>308.000000</ele>
			</trkpt>
			<trkpt lat="49.473467" lon="18.012344">
				<ele>308.000000</ele>
			</trkpt>
			<trkpt lat="49.473367" lon="18.012722">
				<ele>308.000000</ele>
			</trkpt>
			<trkpt lat="49.473257" lon="18.013108">
				<ele>309.000000</ele>
			</trkpt>
			<trkpt lat="49.473011" lon="18.013881">
				<ele>309.000000</ele>
			</trkpt>
			<trkpt lat="49.472912" lon="18.014276">
				<ele>309.000000</ele>
			</trkpt>
			<trkpt lat="49.472871" lon="18.014500">
				<ele>309.000000</ele>
			</trkpt>
			<trkpt lat="49.472836" lon="18.014707">
				<ele>309.000000</ele>
			</trkpt>
			<trkpt lat="49.472825" lon="18.014932">
				<ele>309.000000</ele>
			</trkpt>
			<trkpt lat="49.472807" lon="18.015165">
				<ele>309.000000</ele>
			</trkpt>
			<trkpt lat="49.472714" lon="18.016953">
				<ele>310.000000</ele>
			</trkpt>
			<trkpt lat="49.472708" lon="18.017160">
				<ele>310.000000</ele>
			</trkpt>
			<trkpt lat="49.472696" lon="18.017258">
				<ele>310.000000</ele>
			</trkpt>
			<trkpt lat="49.472667" lon="18.017366">
				<ele>310.000000</ele>
			</trkpt>
			<trkpt lat="49.472632" lon="18.017456">
				<ele>310.000000</ele>
			</trkpt>
			<trkpt lat="49.472580" lon="18.017563">
				<ele>310.000000</ele>
			</trkpt>
			<trkpt lat="49.472515" lon="18.017672">
				<ele>310.000000</ele>
			</trkpt>
			<trkpt lat="49.472422" lon="18.017806">
				<ele>310.000000</ele>
			</trkpt>
			<trkpt lat="49.472183" lon="18.018102">
				<ele>310.000000</ele>
			</trkpt>
			<trkpt lat="49.472042" lon="18.018318">
				<ele>310.000000</ele>
			</trkpt>
			<trkpt lat="49.471926" lon="18.018534">
				<ele>310.000000</ele>
			</trkpt>
			<trkpt lat="49.471867" lon="18.018668">
				<ele>310.000000</ele>
			</trkpt>
			<trkpt lat="49.471833" lon="18.018812">
				<ele>310.000000</ele>
			</trkpt>
			<trkpt lat="49.471814" lon="18.018992">
				<ele>310.000000</ele>
			</trkpt>
			<trkpt lat="49.471814" lon="18.019135">
				<ele>310.000000</ele>
			</trkpt>
			<trkpt lat="49.471762" lon="18.019307">
				<ele>311.000000</ele>
			</trkpt>
			<trkpt lat="49.471692" lon="18.019521">
				<ele>311.000000</ele>
			</trkpt>
			<trkpt lat="49.471611" lon="18.019728">
				<ele>311.000000</ele>
			</trkpt>
			<trkpt lat="49.471348" lon="18.020294">
				<ele>311.000000</ele>
			</trkpt>
			<trkpt lat="49.471254" lon="18.020519">
				<ele>311.000000</ele>
			</trkpt>
			<trkpt lat="49.471214" lon="18.020618">
				<ele>311.000000</ele>
			</trkpt>
			<trkpt lat="49.471167" lon="18.020699">
				<ele>311.000000</ele>
			</trkpt>
			<trkpt lat="49.471021" lon="18.020879">
				<ele>312.000000</ele>
			</trkpt>
			<trkpt lat="49.470957" lon="18.020959">
				<ele>312.000000</ele>
			</trkpt>
			<trkpt lat="49.470927" lon="18.021022">
				<ele>312.000000</ele>
			</trkpt>
			<trkpt lat="49.470886" lon="18.021103">
				<ele>312.000000</ele>
			</trkpt>
			<trkpt lat="49.470869" lon="18.021211">
				<ele>312.000000</ele>
			</trkpt>
			<trkpt lat="49.470845" lon="18.021301">
				<ele>312.000000</ele>
			</trkpt>
			<trkpt lat="49.470817" lon="18.021364">
				<ele>312.000000</ele>
			</trkpt>
			<trkpt lat="49.470782" lon="18.021426">
				<ele>312.000000</ele>
			</trkpt>
			<trkpt lat="49.470723" lon="18.021498">
				<ele>312.000000</ele>
			</trkpt>
			<trkpt lat="49.470612" lon="18.021588">
				<ele>312.000000</ele>
			</trkpt>
			<trkpt lat="49.470379" lon="18.021768">
				<ele>312.000000</ele>
			</trkpt>
			<trkpt lat="49.470209" lon="18.021894">
				<ele>313.000000</ele>
			</trkpt>
			<trkpt lat="49.470064" lon="18.022020">
				<ele>313.000000</ele>
			</trkpt>
			<trkpt lat="49.469923" lon="18.022154">
				<ele>313.000000</ele>
			</trkpt>
			<trkpt lat="49.469812" lon="18.022280">
				<ele>313.000000</ele>
			</trkpt>
			<trkpt lat="49.469701" lon="18.022441">
				<ele>313.000000</ele>
			</trkpt>
			<trkpt lat="49.469591" lon="18.022613">
				<ele>313.000000</ele>
			</trkpt>
			<trkpt lat="49.469421" lon="18.022944">
				<ele>313.000000</ele>
			</trkpt>
			<trkpt lat="49.469252" lon="18.023223">
				<ele>314.000000</ele>
			</trkpt>
			<trkpt lat="49.469089" lon="18.023456">
				<ele>314.000000</ele>
			</trkpt>
			<trkpt lat="49.468925" lon="18.023636">
				<ele>314.000000</ele>
			</trkpt>
			<trkpt lat="49.468610" lon="18.023978">
				<ele>314.000000</ele>
			</trkpt>
			<trkpt lat="49.468295" lon="18.024382">
				<ele>315.000000</ele>
			</trkpt>
			<trkpt lat="49.468207" lon="18.024490">
				<ele>315.000000</ele>
			</trkpt>
			<trkpt lat="49.468079" lon="18.024660">
				<ele>315.000000</ele>
			</trkpt>
			<trkpt lat="49.467746" lon="18.025091">
				<ele>315.000000</ele>
			</trkpt>
			<trkpt lat="49.467559" lon="18.025343">
				<ele>315.000000</ele>
			</trkpt>
			<trkpt lat="49.467389" lon="18.025640">
				<ele>315.000000</ele>
			</trkpt>
			<trkpt lat="49.467226" lon="18.025972">
				<ele>315.000000</ele>
			</trkpt>
			<trkpt lat="49.467104" lon="18.026242">
				<ele>315.000000</ele>
			</trkpt>
			<trkpt lat="49.466958" lon="18.026484">
				<ele>316.000000</ele>
			</trkpt>
			<trkpt lat="49.466940" lon="18.026519">
				<ele>316.000000</ele>
			</trkpt>
			<trkpt lat="49.466893" lon="18.026546">
				<ele>316.000000</ele>
			</trkpt>
			<trkpt lat="49.466852" lon="18.026546">
				<ele>316.000000</ele>
			</trkpt>
			<trkpt lat="49.466823" lon="18.026529">
				<ele>316.000000</ele>
			</trkpt>
			<trkpt lat="49.466631" lon="18.026313">
				<ele>316.000000</ele>
			</trkpt>
			<trkpt lat="49.466520" lon="18.026205">
				<ele>316.000000</ele>
			</trkpt>
			<trkpt lat="49.466088" lon="18.025837">
				<ele>317.000000</ele>
			</trkpt>
			<trkpt lat="49.465901" lon="18.025649">
				<ele>317.000000</ele>
			</trkpt>
			<trkpt lat="49.465685" lon="18.025406">
				<ele>317.000000</ele>
			</trkpt>
			<trkpt lat="49.464990" lon="18.024660">
				<ele>318.000000</ele>
			</trkpt>
			<trkpt lat="49.464938" lon="18.024787">
				<ele>318.000000</ele>
			</trkpt>
			<trkpt lat="49.464903" lon="18.024858">
				<ele>318.000000</ele>
			</trkpt>
			<trkpt lat="49.464903" lon="18.024858">
				<ele>318.000000</ele>
			</trkpt>
			<trkpt lat="49.464523" lon="18.025720">
				<ele>318.000000</ele>
			</trkpt>
			<trkpt lat="49.464307" lon="18.026735">
				<ele>319.000000</ele>
			</trkpt>
			<trkpt lat="49.464155" lon="18.027498">
				<ele>319.000000</ele>
			</trkpt>
			<trkpt lat="49.464074" lon="18.027777">
				<ele>319.000000</ele>
			</trkpt>
			<trkpt lat="49.463986" lon="18.028056">
				<ele>320.000000</ele>
			</trkpt>
			<trkpt lat="49.463887" lon="18.028307">
				<ele>320.000000</ele>
			</trkpt>
			<trkpt lat="49.463677" lon="18.028775">
				<ele>324.000000</ele>
			</trkpt>
			<trkpt lat="49.463834" lon="18.028955">
				<ele>324.000000</ele>
			</trkpt>
			<trkpt lat="49.463957" lon="18.029116">
				<ele>323.000000</ele>
			</trkpt>
			<trkpt lat="49.464296" lon="18.029592">
				<ele>322.000000</ele>
			</trkpt>
			<trkpt lat="49.464377" lon="18.029691">
				<ele>322.000000</ele>
			</trkpt>
			<trkpt lat="49.464745" lon="18.030221">
				<ele>321.000000</ele>
			</trkpt>
			<trkpt lat="49.464914" lon="18.030473">
				<ele>320.000000</ele>
			</trkpt>
			<trkpt lat="49.464745" lon="18.030598">
				<ele>320.000000</ele>
			</trkpt>
			<trkpt lat="49.464599" lon="18.030750">
				<ele>320.000000</ele>
			</trkpt>
			<trkpt lat="49.464552" lon="18.030804">
				<ele>320.000000</ele>
			</trkpt>
			<trkpt lat="49.464371" lon="18.030742">
				<ele>320.000000</ele>
			</trkpt>
			<trkpt lat="49.464278" lon="18.030724">
				<ele>320.000000</ele>
			</trkpt>
			<trkpt lat="49.464231" lon="18.030733">
				<ele>320.000000</ele>
			</trkpt>
			<trkpt lat="49.464185" lon="18.030742">
				<ele>320.000000</ele>
			</trkpt>
			<trkpt lat="49.464149" lon="18.030777">
				<ele>320.000000</ele>
			</trkpt>
			<trkpt lat="49.464108" lon="18.030823">
				<ele>320.000000</ele>
			</trkpt>
			<trkpt lat="49.463869" lon="18.031137">
				<ele>320.000000</ele>
			</trkpt>
			<trkpt lat="49.463828" lon="18.031218">
				<ele>320.000000</ele>
			</trkpt>
			<trkpt lat="49.463799" lon="18.031280">
				<ele>320.000000</ele>
			</trkpt>
			<trkpt lat="49.463793" lon="18.031379">
				<ele>320.000000</ele>
			</trkpt>
			<trkpt lat="49.463776" lon="18.031505">
				<ele>320.000000</ele>
			</trkpt>
			<trkpt lat="49.463770" lon="18.031586">
				<ele>320.000000</ele>
			</trkpt>
			<trkpt lat="49.463747" lon="18.031658">
				<ele>320.000000</ele>
			</trkpt>
			<trkpt lat="49.463717" lon="18.031703">
				<ele>320.000000</ele>
			</trkpt>
			<trkpt lat="49.463683" lon="18.031775">
				<ele>320.000000</ele>
			</trkpt>
			<trkpt lat="49.463467" lon="18.031964">
				<ele>320.000000</ele>
			</trkpt>
			<trkpt lat="49.463314" lon="18.032134">
				<ele>320.000000</ele>
			</trkpt>
			<trkpt lat="49.463210" lon="18.032242">
				<ele>320.000000</ele>
			</trkpt>
			<trkpt lat="49.463128" lon="18.032377">
				<ele>320.000000</ele>
			</trkpt>
			<trkpt lat="49.462889" lon="18.032745">
				<ele>320.000000</ele>
			</trkpt>
			<trkpt lat="49.462749" lon="18.032970">
				<ele>320.000000</ele>
			</trkpt>
			<trkpt lat="49.462696" lon="18.033024">
				<ele>320.000000</ele>
			</trkpt>
			<trkpt lat="49.462632" lon="18.033077">
				<ele>320.000000</ele>
			</trkpt>
			<trkpt lat="49.462392" lon="18.033167">
				<ele>320.000000</ele>
			</trkpt>
			<trkpt lat="49.462100" lon="18.033329">
				<ele>320.000000</ele>
			</trkpt>
			<trkpt lat="49.462054" lon="18.033356">
				<ele>320.000000</ele>
			</trkpt>
			<trkpt lat="49.462018" lon="18.033400">
				<ele>320.000000</ele>
			</trkpt>
			<trkpt lat="49.461989" lon="18.033446">
				<ele>320.000000</ele>
			</trkpt>
			<trkpt lat="49.461972" lon="18.033517">
				<ele>320.000000</ele>
			</trkpt>
			<trkpt lat="49.461960" lon="18.033572">
				<ele>320.000000</ele>
			</trkpt>
			<trkpt lat="49.461966" lon="18.033626">
				<ele>320.000000</ele>
			</trkpt>
			<trkpt lat="49.461977" lon="18.033670">
				<ele>320.000000</ele>
			</trkpt>
			<trkpt lat="49.462001" lon="18.033724">
				<ele>320.000000</ele>
			</trkpt>
			<trkpt lat="49.462036" lon="18.033787">
				<ele>320.000000</ele>
			</trkpt>
			<trkpt lat="49.462042" lon="18.033840">
				<ele>320.000000</ele>
			</trkpt>
			<trkpt lat="49.462030" lon="18.033903">
				<ele>320.000000</ele>
			</trkpt>
			<trkpt lat="49.461995" lon="18.033985">
				<ele>320.000000</ele>
			</trkpt>
			<trkpt lat="49.461931" lon="18.034119">
				<ele>320.000000</ele>
			</trkpt>
			<trkpt lat="49.461890" lon="18.034219">
				<ele>320.000000</ele>
			</trkpt>
			<trkpt lat="49.461873" lon="18.034299">
				<ele>320.000000</ele>
			</trkpt>
			<trkpt lat="49.461861" lon="18.034398">
				<ele>320.000000</ele>
			</trkpt>
			<trkpt lat="49.461832" lon="18.034614">
				<ele>320.000000</ele>
			</trkpt>
			<trkpt lat="49.461814" lon="18.034775">
				<ele>320.000000</ele>
			</trkpt>
			<trkpt lat="49.461616" lon="18.035458">
				<ele>321.000000</ele>
			</trkpt>
			<trkpt lat="49.461318" lon="18.036402">
				<ele>321.000000</ele>
			</trkpt>
			<trkpt lat="49.461143" lon="18.036949">
				<ele>321.000000</ele>
			</trkpt>
			<trkpt lat="49.460991" lon="18.037362">
				<ele>321.000000</ele>
			</trkpt>
			<trkpt lat="49.460950" lon="18.037471">
				<ele>321.000000</ele>
			</trkpt>
			<trkpt lat="49.460921" lon="18.037578">
				<ele>322.000000</ele>
			</trkpt>
			<trkpt lat="49.460909" lon="18.037685">
				<ele>322.000000</ele>
			</trkpt>
			<trkpt lat="49.460898" lon="18.037811">
				<ele>322.000000</ele>
			</trkpt>
			<trkpt lat="49.460851" lon="18.038431">
				<ele>322.000000</ele>
			</trkpt>
			<trkpt lat="49.460833" lon="18.038890">
				<ele>322.000000</ele>
			</trkpt>
			<trkpt lat="49.460821" lon="18.039186">
				<ele>322.000000</ele>
			</trkpt>
			<trkpt lat="49.460804" lon="18.039293">
				<ele>322.000000</ele>
			</trkpt>
			<trkpt lat="49.460780" lon="18.039410">
				<ele>322.000000</ele>
			</trkpt>
			<trkpt lat="49.460693" lon="18.039788">
				<ele>322.000000</ele>
			</trkpt>
			<trkpt lat="49.460582" lon="18.040192">
				<ele>323.000000</ele>
			</trkpt>
			<trkpt lat="49.460541" lon="18.040318">
				<ele>323.000000</ele>
			</trkpt>
			<trkpt lat="49.460524" lon="18.040381">
				<ele>323.000000</ele>
			</trkpt>
			<trkpt lat="49.460518" lon="18.040452">
				<ele>323.000000</ele>
			</trkpt>
			<trkpt lat="49.460536" lon="18.040551">
				<ele>323.000000</ele>
			</trkpt>
			<trkpt lat="49.460618" lon="18.041136">
				<ele>323.000000</ele>
			</trkpt>
			<trkpt lat="49.460681" lon="18.041530">
				<ele>323.000000</ele>
			</trkpt>
			<trkpt lat="49.460746" lon="18.041872">
				<ele>323.000000</ele>
			</trkpt>
			<trkpt lat="49.460804" lon="18.042213">
				<ele>323.000000</ele>
			</trkpt>
			<trkpt lat="49.460927" lon="18.042725">
				<ele>324.000000</ele>
			</trkpt>
			<trkpt lat="49.461026" lon="18.043165">
				<ele>324.000000</ele>
			</trkpt>
			<trkpt lat="49.461125" lon="18.043551">
				<ele>324.000000</ele>
			</trkpt>
			<trkpt lat="49.461201" lon="18.043920">
				<ele>324.000000</ele>
			</trkpt>
			<trkpt lat="49.461440" lon="18.045232">
				<ele>325.000000</ele>
			</trkpt>
			<trkpt lat="49.461511" lon="18.045555">
				<ele>325.000000</ele>
			</trkpt>
			<trkpt lat="49.461569" lon="18.045780">
				<ele>325.000000</ele>
			</trkpt>
			<trkpt lat="49.461755" lon="18.046427">
				<ele>325.000000</ele>
			</trkpt>
			<trkpt lat="49.461884" lon="18.046830">
				<ele>325.000000</ele>
			</trkpt>
			<trkpt lat="49.461931" lon="18.046956">
				<ele>325.000000</ele>
			</trkpt>
			<trkpt lat="49.461977" lon="18.047029">
				<ele>325.000000</ele>
			</trkpt>
			<trkpt lat="49.462036" lon="18.047163">
				<ele>325.000000</ele>
			</trkpt>
			<trkpt lat="49.462083" lon="18.047343">
				<ele>325.000000</ele>
			</trkpt>
			<trkpt lat="49.462158" lon="18.047549">
				<ele>326.000000</ele>
			</trkpt>
			<trkpt lat="49.462252" lon="18.047765">
				<ele>326.000000</ele>
			</trkpt>
			<trkpt lat="49.462316" lon="18.047855">
				<ele>326.000000</ele>
			</trkpt>
			<trkpt lat="49.462363" lon="18.047926">
				<ele>326.000000</ele>
			</trkpt>
			<trkpt lat="49.462410" lon="18.047972">
				<ele>326.000000</ele>
			</trkpt>
			<trkpt lat="49.462456" lon="18.047998">
				<ele>326.000000</ele>
			</trkpt>
			<trkpt lat="49.462451" lon="18.048205">
				<ele>326.000000</ele>
			</trkpt>
			<trkpt lat="49.462468" lon="18.048385">
				<ele>326.000000</ele>
			</trkpt>
			<trkpt lat="49.462521" lon="18.048547">
				<ele>326.000000</ele>
			</trkpt>
			<trkpt lat="49.462555" lon="18.048610">
				<ele>326.000000</ele>
			</trkpt>
			<trkpt lat="49.462596" lon="18.048681">
				<ele>326.000000</ele>
			</trkpt>
			<trkpt lat="49.462661" lon="18.048790">
				<ele>326.000000</ele>
			</trkpt>
			<trkpt lat="49.462708" lon="18.048888">
				<ele>326.000000</ele>
			</trkpt>
			<trkpt lat="49.462754" lon="18.048987">
				<ele>326.000000</ele>
			</trkpt>
			<trkpt lat="49.462783" lon="18.049094">
				<ele>326.000000</ele>
			</trkpt>
			<trkpt lat="49.462684" lon="18.049176">
				<ele>326.000000</ele>
			</trkpt>
			<trkpt lat="49.462369" lon="18.049444">
				<ele>327.000000</ele>
			</trkpt>
			<trkpt lat="49.462287" lon="18.049534">
				<ele>327.000000</ele>
			</trkpt>
			<trkpt lat="49.462346" lon="18.049687">
				<ele>327.000000</ele>
			</trkpt>
			<trkpt lat="49.462509" lon="18.049993">
				<ele>327.000000</ele>
			</trkpt>
			<trkpt lat="49.462561" lon="18.050100">
				<ele>327.000000</ele>
			</trkpt>
			<trkpt lat="49.462655" lon="18.050369">
				<ele>327.000000</ele>
			</trkpt>
			<trkpt lat="49.462842" lon="18.051071">
				<ele>327.000000</ele>
			</trkpt>
			<trkpt lat="49.462988" lon="18.051528">
				<ele>328.000000</ele>
			</trkpt>
			<trkpt lat="49.463327" lon="18.052509">
				<ele>328.000000</ele>
			</trkpt>
			<trkpt lat="49.463490" lon="18.053029">
				<ele>328.000000</ele>
			</trkpt>
			<trkpt lat="49.463636" lon="18.053577">
				<ele>328.000000</ele>
			</trkpt>
			<trkpt lat="49.463711" lon="18.053918">
				<ele>329.000000</ele>
			</trkpt>
			<trkpt lat="49.463724" lon="18.054044">
				<ele>329.000000</ele>
			</trkpt>
			<trkpt lat="49.463729" lon="18.054170">
				<ele>329.000000</ele>
			</trkpt>
			<trkpt lat="49.463735" lon="18.054277">
				<ele>329.000000</ele>
			</trkpt>
			<trkpt lat="49.463752" lon="18.054377">
				<ele>329.000000</ele>
			</trkpt>
			<trkpt lat="49.463776" lon="18.054448">
				<ele>329.000000</ele>
			</trkpt>
			<trkpt lat="49.463817" lon="18.054556">
				<ele>329.000000</ele>
			</trkpt>
			<trkpt lat="49.463893" lon="18.054754">
				<ele>329.000000</ele>
			</trkpt>
			<trkpt lat="49.464074" lon="18.055239">
				<ele>329.000000</ele>
			</trkpt>
			<trkpt lat="49.464132" lon="18.055319">
				<ele>329.000000</ele>
			</trkpt>
			<trkpt lat="49.464173" lon="18.055419">
				<ele>329.000000</ele>
			</trkpt>
			<trkpt lat="49.464214" lon="18.055535">
				<ele>329.000000</ele>
			</trkpt>
			<trkpt lat="49.464266" lon="18.055706">
				<ele>329.000000</ele>
			</trkpt>
			<trkpt lat="49.464377" lon="18.056155">
				<ele>330.000000</ele>
			</trkpt>
			<trkpt lat="49.464477" lon="18.056577">
				<ele>330.000000</ele>
			</trkpt>
			<trkpt lat="49.464529" lon="18.056891">
				<ele>330.000000</ele>
			</trkpt>
			<trkpt lat="49.464558" lon="18.057188">
				<ele>330.000000</ele>
			</trkpt>
			<trkpt lat="49.464564" lon="18.057287">
				<ele>330.000000</ele>
			</trkpt>
			<trkpt lat="49.464494" lon="18.057260">
				<ele>330.000000</ele>
			</trkpt>
			<trkpt lat="49.464430" lon="18.057251">
				<ele>330.000000</ele>
			</trkpt>
			<trkpt lat="49.464389" lon="18.057243">
				<ele>330.000000</ele>
			</trkpt>
			<trkpt lat="49.464325" lon="18.057251">
				<ele>330.000000</ele>
			</trkpt>
			<trkpt lat="49.464278" lon="18.057233">
				<ele>330.000000</ele>
			</trkpt>
			<trkpt lat="49.464243" lon="18.057206">
				<ele>330.000000</ele>
			</trkpt>
			<trkpt lat="49.464220" lon="18.057180">
				<ele>330.000000</ele>
			</trkpt>
			<trkpt lat="49.464144" lon="18.056964">
				<ele>330.000000</ele>
			</trkpt>
			<trkpt lat="49.464261" lon="18.056891">
				<ele>330.000000</ele>
			</trkpt>
			<trkpt lat="49.464336" lon="18.056864">
				<ele>330.000000</ele>
			</trkpt>
			<trkpt lat="49.464412" lon="18.056856">
				<ele>330.000000</ele>
			</trkpt>
			<trkpt lat="49.464453" lon="18.056847">
				<ele>330.000000</ele>
			</trkpt>
			<trkpt lat="49.464874" lon="18.056587">
				<ele>330.000000</ele>
			</trkpt>
			<trkpt lat="49.464920" lon="18.056541">
				<ele>331.000000</ele>
			</trkpt>
			<trkpt lat="49.464891" lon="18.056451">
				<ele>331.000000</ele>
			</trkpt>
			<trkpt lat="49.465119" lon="18.056335">
				<ele>331.000000</ele>
			</trkpt>
			<trkpt lat="49.465195" lon="18.056325">
				<ele>331.000000</ele>
			</trkpt>
			<trkpt lat="49.465533" lon="18.056380">
				<ele>331.000000</ele>
			</trkpt>
			<trkpt lat="49.465720" lon="18.056388">
				<ele>331.000000</ele>
			</trkpt>
			<trkpt lat="49.465738" lon="18.055876">
				<ele>331.000000</ele>
			</trkpt>
			<trkpt lat="49.466036" lon="18.055885">
				<ele>332.000000</ele>
			</trkpt>
			<trkpt lat="49.466012" lon="18.056254">
				<ele>332.000000</ele>
			</trkpt>
			<trkpt lat="49.465959" lon="18.056677">
				<ele>332.000000</ele>
			</trkpt>
			<trkpt lat="49.465913" lon="18.057080">
				<ele>332.000000</ele>
			</trkpt>
			<trkpt lat="49.465883" lon="18.057422">
				<ele>332.000000</ele>
			</trkpt>
			<trkpt lat="49.465866" lon="18.057754">
				<ele>333.000000</ele>
			</trkpt>
			<trkpt lat="49.465842" lon="18.058356">
				<ele>333.000000</ele>
			</trkpt>
			<trkpt lat="49.465837" lon="18.058464">
				<ele>333.000000</ele>
			</trkpt>
			<trkpt lat="49.465837" lon="18.058464">
				<ele>333.000000</ele>
			</trkpt>
			<trkpt lat="49.465825" lon="18.058725">
				<ele>333.000000</ele>
			</trkpt>
			<trkpt lat="49.465819" lon="18.059174">
				<ele>333.000000</ele>
			</trkpt>
			<trkpt lat="49.465837" lon="18.059623">
				<ele>334.000000</ele>
			</trkpt>
			<trkpt lat="49.465878" lon="18.060153">
				<ele>334.000000</ele>
			</trkpt>
			<trkpt lat="49.465878" lon="18.060350">
				<ele>334.000000</ele>
			</trkpt>
			<trkpt lat="49.465872" lon="18.060512">
				<ele>334.000000</ele>
			</trkpt>
			<trkpt lat="49.465860" lon="18.060673">
				<ele>334.000000</ele>
			</trkpt>
			<trkpt lat="49.465825" lon="18.060988">
				<ele>334.000000</ele>
			</trkpt>
			<trkpt lat="49.465779" lon="18.061474">
				<ele>334.000000</ele>
			</trkpt>
			<trkpt lat="49.465755" lon="18.061922">
				<ele>335.000000</ele>
			</trkpt>
			<trkpt lat="49.465755" lon="18.062327">
				<ele>335.000000</ele>
			</trkpt>
			<trkpt lat="49.465767" lon="18.062820">
				<ele>335.000000</ele>
			</trkpt>
			<trkpt lat="49.465796" lon="18.063198">
				<ele>335.000000</ele>
			</trkpt>
			<trkpt lat="49.465802" lon="18.063549">
				<ele>336.000000</ele>
			</trkpt>
			<trkpt lat="49.465790" lon="18.063809">
				<ele>336.000000</ele>
			</trkpt>
			<trkpt lat="49.465773" lon="18.063944">
				<ele>336.000000</ele>
			</trkpt>
			<trkpt lat="49.465743" lon="18.064096">
				<ele>336.000000</ele>
			</trkpt>
			<trkpt lat="49.465661" lon="18.064420">
				<ele>336.000000</ele>
			</trkpt>
			<trkpt lat="49.465586" lon="18.064680">
				<ele>336.000000</ele>
			</trkpt>
			<trkpt lat="49.465480" lon="18.064904">
				<ele>336.000000</ele>
			</trkpt>
			<trkpt lat="49.465393" lon="18.065067">
				<ele>337.000000</ele>
			</trkpt>
			<trkpt lat="49.465083" lon="18.065587">
				<ele>337.000000</ele>
			</trkpt>
			<trkpt lat="49.465037" lon="18.065659">
				<ele>337.000000</ele>
			</trkpt>
			<trkpt lat="49.465008" lon="18.065759">
				<ele>337.000000</ele>
			</trkpt>
			<trkpt lat="49.464979" lon="18.065857">
				<ele>337.000000</ele>
			</trkpt>
			<trkpt lat="49.464955" lon="18.065965">
				<ele>337.000000</ele>
			</trkpt>
			<trkpt lat="49.464955" lon="18.066118">
				<ele>337.000000</ele>
			</trkpt>
			<trkpt lat="49.464949" lon="18.066298">
				<ele>337.000000</ele>
			</trkpt>
			<trkpt lat="49.464967" lon="18.066531">
				<ele>338.000000</ele>
			</trkpt>
			<trkpt lat="49.464984" lon="18.066864">
				<ele>338.000000</ele>
			</trkpt>
			<trkpt lat="49.464990" lon="18.067151">
				<ele>338.000000</ele>
			</trkpt>
			<trkpt lat="49.464961" lon="18.068256">
				<ele>339.000000</ele>
			</trkpt>
			<trkpt lat="49.464961" lon="18.068533">
				<ele>339.000000</ele>
			</trkpt>
			<trkpt lat="49.464973" lon="18.068776">
				<ele>339.000000</ele>
			</trkpt>
			<trkpt lat="49.465002" lon="18.068992">
				<ele>339.000000</ele>
			</trkpt>
			<trkpt lat="49.465061" lon="18.069252">
				<ele>339.000000</ele>
			</trkpt>
			<trkpt lat="49.465177" lon="18.069801">
				<ele>340.000000</ele>
			</trkpt>
			<trkpt lat="49.465206" lon="18.070034">
				<ele>340.000000</ele>
			</trkpt>
			<trkpt lat="49.465247" lon="18.070277">
				<ele>340.000000</ele>
			</trkpt>
			<trkpt lat="49.465282" lon="18.070735">
				<ele>340.000000</ele>
			</trkpt>
			<trkpt lat="49.465294" lon="18.071229">
				<ele>341.000000</ele>
			</trkpt>
			<trkpt lat="49.465300" lon="18.072747">
				<ele>342.000000</ele>
			</trkpt>
			<trkpt lat="49.465305" lon="18.072917">
				<ele>343.000000</ele>
			</trkpt>
			<trkpt lat="49.465323" lon="18.073070">
				<ele>343.000000</ele>
			</trkpt>
			<trkpt lat="49.465370" lon="18.073331">
				<ele>343.000000</ele>
			</trkpt>
			<trkpt lat="49.465498" lon="18.073772">
				<ele>343.000000</ele>
			</trkpt>
			<trkpt lat="49.465510" lon="18.073852">
				<ele>344.000000</ele>
			</trkpt>
			<trkpt lat="49.465603" lon="18.074175">
				<ele>344.000000</ele>
			</trkpt>
			<trkpt lat="49.465755" lon="18.074768">
				<ele>345.000000</ele>
			</trkpt>
			<trkpt lat="49.465825" lon="18.075020">
				<ele>345.000000</ele>
			</trkpt>
			<trkpt lat="49.465977" lon="18.075963">
				<ele>347.000000</ele>
			</trkpt>
			<trkpt lat="49.465989" lon="18.076133">
				<ele>347.000000</ele>
			</trkpt>
			<trkpt lat="49.466006" lon="18.076269">
				<ele>347.000000</ele>
			</trkpt>
			<trkpt lat="49.466000" lon="18.076422">
				<ele>348.000000</ele>
			</trkpt>
			<trkpt lat="49.465995" lon="18.076573">
				<ele>348.000000</ele>
			</trkpt>
			<trkpt lat="49.465977" lon="18.076709">
				<ele>348.000000</ele>
			</trkpt>
			<trkpt lat="49.465954" lon="18.076862">
				<ele>349.000000</ele>
			</trkpt>
			<trkpt lat="49.465936" lon="18.076942">
				<ele>349.000000</ele>
			</trkpt>
			<trkpt lat="49.465790" lon="18.077678">
				<ele>350.000000</ele>
			</trkpt>
			<trkpt lat="49.465557" lon="18.078973">
				<ele>350.000000</ele>
			</trkpt>
			<trkpt lat="49.465516" lon="18.079152">
				<ele>350.000000</ele>
			</trkpt>
			<trkpt lat="49.465463" lon="18.079313">
				<ele>350.000000</ele>
			</trkpt>
			<trkpt lat="49.465399" lon="18.079466">
				<ele>350.000000</ele>
			</trkpt>
			<trkpt lat="49.465282" lon="18.079691">
				<ele>350.000000</ele>
			</trkpt>
			<trkpt lat="49.465247" lon="18.079754">
				<ele>350.000000</ele>
			</trkpt>
			<trkpt lat="49.464669" lon="18.080770">
				<ele>350.000000</ele>
			</trkpt>
			<trkpt lat="49.463916" lon="18.082099">
				<ele>350.000000</ele>
			</trkpt>
			<trkpt lat="49.463659" lon="18.082557">
				<ele>350.000000</ele>
			</trkpt>
			<trkpt lat="49.463530" lon="18.082799">
				<ele>350.000000</ele>
			</trkpt>
			<trkpt lat="49.463461" lon="18.082915">
				<ele>350.000000</ele>
			</trkpt>
			<trkpt lat="49.463367" lon="18.083131">
				<ele>350.000000</ele>
			</trkpt>
			<trkpt lat="49.463327" lon="18.083311">
				<ele>350.000000</ele>
			</trkpt>
			<trkpt lat="49.463303" lon="18.083500">
				<ele>350.000000</ele>
			</trkpt>
			<trkpt lat="49.463256" lon="18.084839">
				<ele>350.000000</ele>
			</trkpt>
			<trkpt lat="49.463215" lon="18.085494">
				<ele>350.000000</ele>
			</trkpt>
			<trkpt lat="49.463180" lon="18.086105">
				<ele>350.000000</ele>
			</trkpt>
			<trkpt lat="49.463146" lon="18.086743">
				<ele>350.000000</ele>
			</trkpt>
			<trkpt lat="49.463034" lon="18.088548">
				<ele>351.000000</ele>
			</trkpt>
			<trkpt lat="49.463029" lon="18.090022">
				<ele>352.000000</ele>
			</trkpt>
			<trkpt lat="49.463052" lon="18.090273">
				<ele>352.000000</ele>
			</trkpt>
			<trkpt lat="49.463058" lon="18.090399">
				<ele>352.000000</ele>
			</trkpt>
			<trkpt lat="49.463099" lon="18.090857">
				<ele>352.000000</ele>
			</trkpt>
			<trkpt lat="49.463128" lon="18.091297">
				<ele>353.000000</ele>
			</trkpt>
			<trkpt lat="49.463133" lon="18.091397">
				<ele>353.000000</ele>
			</trkpt>
			<trkpt lat="49.463221" lon="18.092357">
				<ele>353.000000</ele>
			</trkpt>
			<trkpt lat="49.463338" lon="18.092349">
				<ele>353.000000</ele>
			</trkpt>
			<trkpt lat="49.463455" lon="18.092645">
				<ele>354.000000</ele>
			</trkpt>
			<trkpt lat="49.463560" lon="18.092653">
				<ele>354.000000</ele>
			</trkpt>
			<trkpt lat="49.463653" lon="18.092689">
				<ele>354.000000</ele>
			</trkpt>
			<trkpt lat="49.463741" lon="18.092716">
				<ele>354.000000</ele>
			</trkpt>
			<trkpt lat="49.463799" lon="18.092762">
				<ele>354.000000</ele>
			</trkpt>
			<trkpt lat="49.463852" lon="18.092825">
				<ele>354.000000</ele>
			</trkpt>
			<trkpt lat="49.463916" lon="18.092915">
				<ele>355.000000</ele>
			</trkpt>
			<trkpt lat="49.463998" lon="18.093085">
				<ele>355.000000</ele>
			</trkpt>
			<trkpt lat="49.464045" lon="18.093184">
				<ele>355.000000</ele>
			</trkpt>
			<trkpt lat="49.464068" lon="18.093282">
				<ele>355.000000</ele>
			</trkpt>
			<trkpt lat="49.464080" lon="18.093418">
				<ele>355.000000</ele>
			</trkpt>
			<trkpt lat="49.464074" lon="18.093731">
				<ele>356.000000</ele>
			</trkpt>
			<trkpt lat="49.464062" lon="18.094423">
				<ele>359.000000</ele>
			</trkpt>
			<trkpt lat="49.464062" lon="18.094523">
				<ele>359.000000</ele>
			</trkpt>
			<trkpt lat="49.464039" lon="18.094710">
				<ele>360.000000</ele>
			</trkpt>
			<trkpt lat="49.463945" lon="18.095070">
				<ele>360.000000</ele>
			</trkpt>
			<trkpt lat="49.463858" lon="18.095339">
				<ele>360.000000</ele>
			</trkpt>
			<trkpt lat="49.463799" lon="18.095609">
				<ele>360.000000</ele>
			</trkpt>
			<trkpt lat="49.463752" lon="18.095879">
				<ele>360.000000</ele>
			</trkpt>
			<trkpt lat="49.463717" lon="18.096310">
				<ele>360.000000</ele>
			</trkpt>
			<trkpt lat="49.463694" lon="18.096517">
				<ele>360.000000</ele>
			</trkpt>
			<trkpt lat="49.463653" lon="18.096705">
				<ele>360.000000</ele>
			</trkpt>
			<trkpt lat="49.463601" lon="18.096876">
				<ele>360.000000</ele>
			</trkpt>
			<trkpt lat="49.463484" lon="18.097208">
				<ele>360.000000</ele>
			</trkpt>
			<trkpt lat="49.463367" lon="18.097567">
				<ele>360.000000</ele>
			</trkpt>
			<trkpt lat="49.463286" lon="18.097900">
				<ele>360.000000</ele>
			</trkpt>
			<trkpt lat="49.463233" lon="18.098242">
				<ele>360.000000</ele>
			</trkpt>
			<trkpt lat="49.463180" lon="18.098735">
				<ele>360.000000</ele>
			</trkpt>
			<trkpt lat="49.463151" lon="18.099005">
				<ele>361.000000</ele>
			</trkpt>
			<trkpt lat="49.463116" lon="18.099221">
				<ele>361.000000</ele>
			</trkpt>
			<trkpt lat="49.462982" lon="18.099867">
				<ele>361.000000</ele>
			</trkpt>
			<trkpt lat="49.462918" lon="18.100182">
				<ele>362.000000</ele>
			</trkpt>
			<trkpt lat="49.462871" lon="18.100613">
				<ele>362.000000</ele>
			</trkpt>
			<trkpt lat="49.462824" lon="18.101071">
				<ele>363.000000</ele>
			</trkpt>
			<trkpt lat="49.462708" lon="18.102068">
				<ele>363.000000</ele>
			</trkpt>
			<trkpt lat="49.462643" lon="18.102750">
				<ele>364.000000</ele>
			</trkpt>
			<trkpt lat="49.462608" lon="18.103389">
				<ele>365.000000</ele>
			</trkpt>
			<trkpt lat="49.462585" lon="18.103955">
				<ele>365.000000</ele>
			</trkpt>
			<trkpt lat="49.462579" lon="18.104440">
				<ele>365.000000</ele>
			</trkpt>
			<trkpt lat="49.462591" lon="18.105014">
				<ele>365.000000</ele>
			</trkpt>
			<trkpt lat="49.462608" lon="18.105455">
				<ele>365.000000</ele>
			</trkpt>
			<trkpt lat="49.462626" lon="18.105805">
				<ele>365.000000</ele>
			</trkpt>
			<trkpt lat="49.462655" lon="18.106012">
				<ele>365.000000</ele>
			</trkpt>
			<trkpt lat="49.462702" lon="18.106200">
				<ele>365.000000</ele>
			</trkpt>
			<trkpt lat="49.462749" lon="18.106299">
				<ele>365.000000</ele>
			</trkpt>
			<trkpt lat="49.462789" lon="18.106379">
				<ele>365.000000</ele>
			</trkpt>
			<trkpt lat="49.463286" lon="18.107224">
				<ele>365.000000</ele>
			</trkpt>
			<trkpt lat="49.463431" lon="18.107494">
				<ele>365.000000</ele>
			</trkpt>
			<trkpt lat="49.463484" lon="18.107629">
				<ele>365.000000</ele>
			</trkpt>
			<trkpt lat="49.463542" lon="18.107781">
				<ele>365.000000</ele>
			</trkpt>
			<trkpt lat="49.463571" lon="18.107987">
				<ele>365.000000</ele>
			</trkpt>
			<trkpt lat="49.463595" lon="18.108230">
				<ele>365.000000</ele>
			</trkpt>
			<trkpt lat="49.463595" lon="18.108492">
				<ele>365.000000</ele>
			</trkpt>
			<trkpt lat="49.463589" lon="18.108779">
				<ele>365.000000</ele>
			</trkpt>
			<trkpt lat="49.463583" lon="18.108940">
				<ele>365.000000</ele>
			</trkpt>
			<trkpt lat="49.463583" lon="18.108940">
				<ele>365.000000</ele>
			</trkpt>
			<trkpt lat="49.463530" lon="18.109874">
				<ele>365.000000</ele>
			</trkpt>
			<trkpt lat="49.463484" lon="18.110566">
				<ele>365.000000</ele>
			</trkpt>
			<trkpt lat="49.463431" lon="18.111213">
				<ele>365.000000</ele>
			</trkpt>
			<trkpt lat="49.463355" lon="18.111949">
				<ele>365.000000</ele>
			</trkpt>
			<trkpt lat="49.463327" lon="18.112210">
				<ele>365.000000</ele>
			</trkpt>
			<trkpt lat="49.463291" lon="18.112417">
				<ele>365.000000</ele>
			</trkpt>
			<trkpt lat="49.463250" lon="18.112578">
				<ele>365.000000</ele>
			</trkpt>
			<trkpt lat="49.463204" lon="18.112731">
				<ele>365.000000</ele>
			</trkpt>
			<trkpt lat="49.463146" lon="18.112893">
				<ele>365.000000</ele>
			</trkpt>
			<trkpt lat="49.463075" lon="18.113027">
				<ele>365.000000</ele>
			</trkpt>
			<trkpt lat="49.462999" lon="18.113163">
				<ele>365.000000</ele>
			</trkpt>
			<trkpt lat="49.462906" lon="18.113316">
				<ele>365.000000</ele>
			</trkpt>
			<trkpt lat="49.462713" lon="18.113593">
				<ele>365.000000</ele>
			</trkpt>
			<trkpt lat="49.462311" lon="18.114105">
				<ele>365.000000</ele>
			</trkpt>
			<trkpt lat="49.462252" lon="18.114186">
				<ele>365.000000</ele>
			</trkpt>
			<trkpt lat="49.462135" lon="18.114358">
				<ele>365.000000</ele>
			</trkpt>
			<trkpt lat="49.462042" lon="18.114492">
				<ele>365.000000</ele>
			</trkpt>
			<trkpt lat="49.461966" lon="18.114635">
				<ele>365.000000</ele>
			</trkpt>
			<trkpt lat="49.461896" lon="18.114788">
				<ele>365.000000</ele>
			</trkpt>
			<trkpt lat="49.461832" lon="18.114932">
				<ele>365.000000</ele>
			</trkpt>
			<trkpt lat="49.461761" lon="18.115138">
				<ele>365.000000</ele>
			</trkpt>
			<trkpt lat="49.461639" lon="18.115561">
				<ele>365.000000</ele>
			</trkpt>
			<trkpt lat="49.461610" lon="18.115650">
				<ele>365.000000</ele>
			</trkpt>
			<trkpt lat="49.461557" lon="18.115704">
				<ele>365.000000</ele>
			</trkpt>
			<trkpt lat="49.461493" lon="18.115740">
				<ele>365.000000</ele>
			</trkpt>
			<trkpt lat="49.461405" lon="18.115750">
				<ele>365.000000</ele>
			</trkpt>
			<trkpt lat="49.461394" lon="18.115750">
				<ele>365.000000</ele>
			</trkpt>
			<trkpt lat="49.460950" lon="18.115759">
				<ele>365.000000</ele>
			</trkpt>
			<trkpt lat="49.460500" lon="18.115786">
				<ele>365.000000</ele>
			</trkpt>
			<trkpt lat="49.460448" lon="18.115794">
				<ele>365.000000</ele>
			</trkpt>
			<trkpt lat="49.460396" lon="18.115821">
				<ele>365.000000</ele>
			</trkpt>
			<trkpt lat="49.460337" lon="18.115857">
				<ele>365.000000</ele>
			</trkpt>
			<trkpt lat="49.460290" lon="18.115903">
				<ele>365.000000</ele>
			</trkpt>
			<trkpt lat="49.460238" lon="18.116000">
				<ele>365.000000</ele>
			</trkpt>
			<trkpt lat="49.460185" lon="18.116153">
				<ele>365.000000</ele>
			</trkpt>
			<trkpt lat="49.460156" lon="18.116333">
				<ele>365.000000</ele>
			</trkpt>
			<trkpt lat="49.460139" lon="18.116513">
				<ele>365.000000</ele>
			</trkpt>
			<trkpt lat="49.460127" lon="18.117438">
				<ele>365.000000</ele>
			</trkpt>
			<trkpt lat="49.460080" lon="18.120520">
				<ele>366.000000</ele>
			</trkpt>
			<trkpt lat="49.460080" lon="18.120851">
				<ele>366.000000</ele>
			</trkpt>
			<trkpt lat="49.460092" lon="18.121059">
				<ele>366.000000</ele>
			</trkpt>
			<trkpt lat="49.460121" lon="18.121283">
				<ele>366.000000</ele>
			</trkpt>
			<trkpt lat="49.460179" lon="18.121507">
				<ele>366.000000</ele>
			</trkpt>
			<trkpt lat="49.460243" lon="18.121777">
				<ele>366.000000</ele>
			</trkpt>
			<trkpt lat="49.460273" lon="18.121975">
				<ele>366.000000</ele>
			</trkpt>
			<trkpt lat="49.460279" lon="18.122119">
				<ele>366.000000</ele>
			</trkpt>
			<trkpt lat="49.460267" lon="18.122191">
				<ele>366.000000</ele>
			</trkpt>
			<trkpt lat="49.460249" lon="18.122235">
				<ele>366.000000</ele>
			</trkpt>
			<trkpt lat="49.460308" lon="18.122308">
				<ele>366.000000</ele>
			</trkpt>
			<trkpt lat="49.460360" lon="18.122352">
				<ele>366.000000</ele>
			</trkpt>
			<trkpt lat="49.460424" lon="18.122369">
				<ele>366.000000</ele>
			</trkpt>
			<trkpt lat="49.460495" lon="18.122388">
				<ele>366.000000</ele>
			</trkpt>
			<trkpt lat="49.460810" lon="18.122388">
				<ele>366.000000</ele>
			</trkpt>
			<trkpt lat="49.461242" lon="18.122388">
				<ele>366.000000</ele>
			</trkpt>
			<trkpt lat="49.461995" lon="18.122369">
				<ele>367.000000</ele>
			</trkpt>
			<trkpt lat="49.462007" lon="18.123377">
				<ele>368.000000</ele>
			</trkpt>
			<trkpt lat="49.462013" lon="18.124769">
				<ele>368.000000</ele>
			</trkpt>
			<trkpt lat="49.462024" lon="18.127140">
				<ele>370.000000</ele>
			</trkpt>
			<trkpt lat="49.462024" lon="18.127140">
				<ele>370.000000</ele>
			</trkpt>
			<trkpt lat="49.462024" lon="18.127724">
				<ele>371.000000</ele>
			</trkpt>
			<trkpt lat="49.462030" lon="18.128254">
				<ele>372.000000</ele>
			</trkpt>
			<trkpt lat="49.462030" lon="18.128541">
				<ele>372.000000</ele>
			</trkpt>
			<trkpt lat="49.462030" lon="18.129153">
				<ele>373.000000</ele>
			</trkpt>
			<trkpt lat="49.462042" lon="18.129817">
				<ele>374.000000</ele>
			</trkpt>
			<trkpt lat="49.462048" lon="18.130239">
				<ele>374.000000</ele>
			</trkpt>
			<trkpt lat="49.462059" lon="18.130797">
				<ele>373.000000</ele>
			</trkpt>
			<trkpt lat="49.462071" lon="18.131371">
				<ele>373.000000</ele>
			</trkpt>
			<trkpt lat="49.462089" lon="18.131677">
				<ele>373.000000</ele>
			</trkpt>
			<trkpt lat="49.462100" lon="18.131956">
				<ele>373.000000</ele>
			</trkpt>
			<trkpt lat="49.462112" lon="18.132206">
				<ele>373.000000</ele>
			</trkpt>
			<trkpt lat="49.462124" lon="18.132755">
				<ele>373.000000</ele>
			</trkpt>
			<trkpt lat="49.462130" lon="18.132872">
				<ele>373.000000</ele>
			</trkpt>
			<trkpt lat="49.462130" lon="18.133032">
				<ele>373.000000</ele>
			</trkpt>
			<trkpt lat="49.462164" lon="18.133923">
				<ele>373.000000</ele>
			</trkpt>
			<trkpt lat="49.462164" lon="18.134057">
				<ele>373.000000</ele>
			</trkpt>
			<trkpt lat="49.462188" lon="18.134543">
				<ele>373.000000</ele>
			</trkpt>
			<trkpt lat="49.462211" lon="18.135342">
				<ele>373.000000</ele>
			</trkpt>
			<trkpt lat="49.462217" lon="18.135566">
				<ele>373.000000</ele>
			</trkpt>
			<trkpt lat="49.462229" lon="18.135872">
				<ele>375.000000</ele>
			</trkpt>
			<trkpt lat="49.462246" lon="18.136177">
				<ele>375.000000</ele>
			</trkpt>
			<trkpt lat="49.462258" lon="18.136663">
				<ele>375.000000</ele>
			</trkpt>
			<trkpt lat="49.462293" lon="18.137749">
				<ele>376.000000</ele>
			</trkpt>
			<trkpt lat="49.462287" lon="18.137893">
				<ele>376.000000</ele>
			</trkpt>
			<trkpt lat="49.462299" lon="18.138162">
				<ele>376.000000</ele>
			</trkpt>
			<trkpt lat="49.462299" lon="18.138162">
				<ele>376.000000</ele>
			</trkpt>
			<trkpt lat="49.462299" lon="18.138181">
				<ele>376.000000</ele>
			</trkpt>
			<trkpt lat="49.462158" lon="18.138118">
				<ele>376.000000</ele>
			</trkpt>
			<trkpt lat="49.461914" lon="18.138001">
				<ele>376.000000</ele>
			</trkpt>
			<trkpt lat="49.461377" lon="18.137776">
				<ele>375.000000</ele>
			</trkpt>
			<trkpt lat="49.460991" lon="18.137615">
				<ele>374.000000</ele>
			</trkpt>
			<trkpt lat="49.460839" lon="18.137552">
				<ele>374.000000</ele>
			</trkpt>
			<trkpt lat="49.460752" lon="18.137497">
				<ele>374.000000</ele>
			</trkpt>
			<trkpt lat="49.460599" lon="18.137453">
				<ele>374.000000</ele>
			</trkpt>
			<trkpt lat="49.460483" lon="18.137443">
				<ele>374.000000</ele>
			</trkpt>
			<trkpt lat="49.460121" lon="18.137443">
				<ele>374.000000</ele>
			</trkpt>
			<trkpt lat="49.460033" lon="18.137470">
				<ele>374.000000</ele>
			</trkpt>
			<trkpt lat="49.459887" lon="18.137516">
				<ele>374.000000</ele>
			</trkpt>
			<trkpt lat="49.459788" lon="18.137560">
				<ele>374.000000</ele>
			</trkpt>
			<trkpt lat="49.459747" lon="18.137587">
				<ele>374.000000</ele>
			</trkpt>
			<trkpt lat="49.459642" lon="18.137669">
				<ele>375.000000</ele>
			</trkpt>
			<trkpt lat="49.459584" lon="18.137732">
				<ele>375.000000</ele>
			</trkpt>
			<trkpt lat="49.459508" lon="18.137848">
				<ele>375.000000</ele>
			</trkpt>
			<trkpt lat="49.459292" lon="18.138225">
				<ele>375.000000</ele>
			</trkpt>
			<trkpt lat="49.459257" lon="18.138279">
				<ele>375.000000</ele>
			</trkpt>
			<trkpt lat="49.459117" lon="18.138485">
				<ele>375.000000</ele>
			</trkpt>
			<trkpt lat="49.458994" lon="18.138657">
				<ele>375.000000</ele>
			</trkpt>
			<trkpt lat="49.458883" lon="18.138791">
				<ele>375.000000</ele>
			</trkpt>
			<trkpt lat="49.458778" lon="18.138908">
				<ele>375.000000</ele>
			</trkpt>
			<trkpt lat="49.458662" lon="18.138998">
				<ele>375.000000</ele>
			</trkpt>
			<trkpt lat="49.458539" lon="18.139061">
				<ele>375.000000</ele>
			</trkpt>
			<trkpt lat="49.458305" lon="18.139141">
				<ele>375.000000</ele>
			</trkpt>
			<trkpt lat="49.457832" lon="18.139277">
				<ele>375.000000</ele>
			</trkpt>
			<trkpt lat="49.457681" lon="18.139330">
				<ele>375.000000</ele>
			</trkpt>
			<trkpt lat="49.457534" lon="18.139393">
				<ele>375.000000</ele>
			</trkpt>
			<trkpt lat="49.457423" lon="18.139474">
				<ele>375.000000</ele>
			</trkpt>
			<trkpt lat="49.457312" lon="18.139546">
				<ele>375.000000</ele>
			</trkpt>
			<trkpt lat="49.457219" lon="18.139636">
				<ele>375.000000</ele>
			</trkpt>
			<trkpt lat="49.457125" lon="18.139753">
				<ele>375.000000</ele>
			</trkpt>
			<trkpt lat="49.457043" lon="18.139869">
				<ele>375.000000</ele>
			</trkpt>
			<trkpt lat="49.456968" lon="18.140049">
				<ele>375.000000</ele>
			</trkpt>
			<trkpt lat="49.456909" lon="18.140193">
				<ele>375.000000</ele>
			</trkpt>
			<trkpt lat="49.456851" lon="18.140399">
				<ele>375.000000</ele>
			</trkpt>
			<trkpt lat="49.456828" lon="18.140498">
				<ele>375.000000</ele>
			</trkpt>
			<trkpt lat="49.456828" lon="18.140498">
				<ele>375.000000</ele>
			</trkpt>
			<trkpt lat="49.456810" lon="18.140579">
				<ele>375.000000</ele>
			</trkpt>
			<trkpt lat="49.456775" lon="18.140795">
				<ele>376.000000</ele>
			</trkpt>
			<trkpt lat="49.456769" lon="18.141028">
				<ele>376.000000</ele>
			</trkpt>
			<trkpt lat="49.456769" lon="18.141261">
				<ele>376.000000</ele>
			</trkpt>
			<trkpt lat="49.456799" lon="18.141558">
				<ele>376.000000</ele>
			</trkpt>
			<trkpt lat="49.456845" lon="18.141927">
				<ele>376.000000</ele>
			</trkpt>
			<trkpt lat="49.456909" lon="18.142393">
				<ele>376.000000</ele>
			</trkpt>
			<trkpt lat="49.456944" lon="18.142762">
				<ele>377.000000</ele>
			</trkpt>
			<trkpt lat="49.456944" lon="18.143095">
				<ele>377.000000</ele>
			</trkpt>
			<trkpt lat="49.456921" lon="18.143435">
				<ele>377.000000</ele>
			</trkpt>
			<trkpt lat="49.456868" lon="18.143688">
				<ele>377.000000</ele>
			</trkpt>
			<trkpt lat="49.456799" lon="18.143912">
				<ele>377.000000</ele>
			</trkpt>
			<trkpt lat="49.456722" lon="18.144118">
				<ele>377.000000</ele>
			</trkpt>
			<trkpt lat="49.456588" lon="18.144414">
				<ele>377.000000</ele>
			</trkpt>
			<trkpt lat="49.456501" lon="18.144640">
				<ele>378.000000</ele>
			</trkpt>
			<trkpt lat="49.456402" lon="18.144990">
				<ele>378.000000</ele>
			</trkpt>
			<trkpt lat="49.456156" lon="18.144936">
				<ele>378.000000</ele>
			</trkpt>
			<trkpt lat="49.455969" lon="18.144900">
				<ele>379.000000</ele>
			</trkpt>
			<trkpt lat="49.455887" lon="18.144891">
				<ele>379.000000</ele>
			</trkpt>
			<trkpt lat="49.455566" lon="18.144854">
				<ele>380.000000</ele>
			</trkpt>
			<trkpt lat="49.455362" lon="18.144846">
				<ele>380.000000</ele>
			</trkpt>
			<trkpt lat="49.454486" lon="18.144819">
				<ele>385.000000</ele>
			</trkpt>
			<trkpt lat="49.454247" lon="18.144801">
				<ele>386.000000</ele>
			</trkpt>
			<trkpt lat="49.454095" lon="18.144764">
				<ele>387.000000</ele>
			</trkpt>
			<trkpt lat="49.453943" lon="18.144684">
				<ele>388.000000</ele>
			</trkpt>
			<trkpt lat="49.453768" lon="18.144550">
				<ele>389.000000</ele>
			</trkpt>
			<trkpt lat="49.452688" lon="18.143552">
				<ele>395.000000</ele>
			</trkpt>
			<trkpt lat="49.452535" lon="18.143418">
				<ele>396.000000</ele>
			</trkpt>
			<trkpt lat="49.452448" lon="18.143346">
				<ele>396.000000</ele>
			</trkpt>
			<trkpt lat="49.451368" lon="18.142367">
				<ele>404.000000</ele>
			</trkpt>
			<trkpt lat="49.451175" lon="18.142187">
				<ele>405.000000</ele>
			</trkpt>
			<trkpt lat="49.451017" lon="18.142025">
				<ele>406.000000</ele>
			</trkpt>
			<trkpt lat="49.450871" lon="18.141837">
				<ele>407.000000</ele>
			</trkpt>
			<trkpt lat="49.450644" lon="18.141548">
				<ele>408.000000</ele>
			</trkpt>
			<trkpt lat="49.450428" lon="18.141271">
				<ele>410.000000</ele>
			</trkpt>
			<trkpt lat="49.450264" lon="18.141109">
				<ele>410.000000</ele>
			</trkpt>
			<trkpt lat="49.450107" lon="18.140965">
				<ele>410.000000</ele>
			</trkpt>
			<trkpt lat="49.449692" lon="18.140615">
				<ele>411.000000</ele>
			</trkpt>
			<trkpt lat="49.447654" lon="18.138980">
				<ele>414.000000</ele>
			</trkpt>
			<trkpt lat="49.447513" lon="18.138881">
				<ele>414.000000</ele>
			</trkpt>
			<trkpt lat="49.447373" lon="18.138774">
				<ele>414.000000</ele>
			</trkpt>
			<trkpt lat="49.447221" lon="18.138692">
				<ele>414.000000</ele>
			</trkpt>
			<trkpt lat="49.447052" lon="18.138611">
				<ele>414.000000</ele>
			</trkpt>
			<trkpt lat="49.446532" lon="18.138405">
				<ele>416.000000</ele>
			</trkpt>
			<trkpt lat="49.445907" lon="18.138198">
				<ele>418.000000</ele>
			</trkpt>
			<trkpt lat="49.445411" lon="18.138091">
				<ele>420.000000</ele>
			</trkpt>
			<trkpt lat="49.444430" lon="18.137946">
				<ele>426.000000</ele>
			</trkpt>
			<trkpt lat="49.444295" lon="18.137929">
				<ele>427.000000</ele>
			</trkpt>
			<trkpt lat="49.443431" lon="18.137803">
				<ele>430.000000</ele>
			</trkpt>
			<trkpt lat="49.443331" lon="18.137795">
				<ele>430.000000</ele>
			</trkpt>
			<trkpt lat="49.443191" lon="18.137785">
				<ele>430.000000</ele>
			</trkpt>
			<trkpt lat="49.443028" lon="18.137776">
				<ele>430.000000</ele>
			</trkpt>
			<trkpt lat="49.442625" lon="18.137822">
				<ele>430.000000</ele>
			</trkpt>
			<trkpt lat="49.442216" lon="18.137822">
				<ele>430.000000</ele>
			</trkpt>
			<trkpt lat="49.442029" lon="18.137812">
				<ele>430.000000</ele>
			</trkpt>
			<trkpt lat="49.441866" lon="18.137785">
				<ele>430.000000</ele>
			</trkpt>
			<trkpt lat="49.441538" lon="18.137740">
				<ele>430.000000</ele>
			</trkpt>
			<trkpt lat="49.440738" lon="18.137606">
				<ele>431.000000</ele>
			</trkpt>
			<trkpt lat="49.440463" lon="18.137560">
				<ele>434.000000</ele>
			</trkpt>
			<trkpt lat="49.440142" lon="18.137453">
				<ele>437.000000</ele>
			</trkpt>
			<trkpt lat="49.439546" lon="18.137210">
				<ele>442.000000</ele>
			</trkpt>
			<trkpt lat="49.438022" lon="18.136627">
				<ele>457.000000</ele>
			</trkpt>
			<trkpt lat="49.437339" lon="18.136365">
				<ele>463.000000</ele>
			</trkpt>
			<trkpt lat="49.436865" lon="18.136168">
				<ele>468.000000</ele>
			</trkpt>
			<trkpt lat="49.436730" lon="18.136088">
				<ele>469.000000</ele>
			</trkpt>
			<trkpt lat="49.436655" lon="18.136007">
				<ele>470.000000</ele>
			</trkpt>
			<trkpt lat="49.436626" lon="18.135944">
				<ele>470.000000</ele>
			</trkpt>
			<trkpt lat="49.436602" lon="18.135881">
				<ele>471.000000</ele>
			</trkpt>
			<trkpt lat="49.436602" lon="18.135531">
				<ele>473.000000</ele>
			</trkpt>
			<trkpt lat="49.436596" lon="18.135351">
				<ele>474.000000</ele>
			</trkpt>
			<trkpt lat="49.436573" lon="18.135225">
				<ele>475.000000</ele>
			</trkpt>
			<trkpt lat="49.436532" lon="18.135117">
				<ele>475.000000</ele>
			</trkpt>
			<trkpt lat="49.436480" lon="18.135027">
				<ele>476.000000</ele>
			</trkpt>
			<trkpt lat="49.436404" lon="18.134937">
				<ele>477.000000</ele>
			</trkpt>
			<trkpt lat="49.436281" lon="18.134847">
				<ele>478.000000</ele>
			</trkpt>
			<trkpt lat="49.436211" lon="18.134785">
				<ele>478.000000</ele>
			</trkpt>
			<trkpt lat="49.436146" lon="18.134730">
				<ele>479.000000</ele>
			</trkpt>
			<trkpt lat="49.436094" lon="18.134659">
				<ele>480.000000</ele>
			</trkpt>
			<trkpt lat="49.436071" lon="18.134587">
				<ele>480.000000</ele>
			</trkpt>
			<trkpt lat="49.436053" lon="18.134506">
				<ele>481.000000</ele>
			</trkpt>
			<trkpt lat="49.436047" lon="18.134416">
				<ele>481.000000</ele>
			</trkpt>
			<trkpt lat="49.436059" lon="18.134327">
				<ele>482.000000</ele>
			</trkpt>
			<trkpt lat="49.436082" lon="18.134219">
				<ele>483.000000</ele>
			</trkpt>
			<trkpt lat="49.436211" lon="18.133797">
				<ele>486.000000</ele>
			</trkpt>
			<trkpt lat="49.436287" lon="18.133482">
				<ele>488.000000</ele>
			</trkpt>
			<trkpt lat="49.436310" lon="18.133321">
				<ele>489.000000</ele>
			</trkpt>
			<trkpt lat="49.436305" lon="18.133149">
				<ele>490.000000</ele>
			</trkpt>
			<trkpt lat="49.436287" lon="18.132988">
				<ele>491.000000</ele>
			</trkpt>
			<trkpt lat="49.436228" lon="18.132818">
				<ele>492.000000</ele>
			</trkpt>
			<trkpt lat="49.435983" lon="18.132107">
				<ele>496.000000</ele>
			</trkpt>
			<trkpt lat="49.435924" lon="18.131973">
				<ele>497.000000</ele>
			</trkpt>
			<trkpt lat="49.435866" lon="18.131874">
				<ele>498.000000</ele>
			</trkpt>
			<trkpt lat="49.435784" lon="18.131793">
				<ele>499.000000</ele>
			</trkpt>
			<trkpt lat="49.435697" lon="18.131721">
				<ele>500.000000</ele>
			</trkpt>
			<trkpt lat="49.435568" lon="18.131640">
				<ele>501.000000</ele>
			</trkpt>
			<trkpt lat="49.435457" lon="18.131623">
				<ele>502.000000</ele>
			</trkpt>
			<trkpt lat="49.435352" lon="18.131631">
				<ele>503.000000</ele>
			</trkpt>
			<trkpt lat="49.435241" lon="18.131694">
				<ele>504.000000</ele>
			</trkpt>
			<trkpt lat="49.435130" lon="18.131757">
				<ele>505.000000</ele>
			</trkpt>
			<trkpt lat="49.435019" lon="18.131776">
				<ele>506.000000</ele>
			</trkpt>
			<trkpt lat="49.434926" lon="18.131784">
				<ele>507.000000</ele>
			</trkpt>
			<trkpt lat="49.434709" lon="18.131766">
				<ele>509.000000</ele>
			</trkpt>
			<trkpt lat="49.434248" lon="18.131740">
				<ele>513.000000</ele>
			</trkpt>
			<trkpt lat="49.433856" lon="18.131659">
				<ele>517.000000</ele>
			</trkpt>
			<trkpt lat="49.433588" lon="18.131587">
				<ele>519.000000</ele>
			</trkpt>
			<trkpt lat="49.433471" lon="18.131569">
				<ele>521.000000</ele>
			</trkpt>
			<trkpt lat="49.433337" lon="18.131569">
				<ele>522.000000</ele>
			</trkpt>
			<trkpt lat="49.433173" lon="18.131604">
				<ele>523.000000</ele>
			</trkpt>
			<trkpt lat="49.433021" lon="18.131623">
				<ele>524.000000</ele>
			</trkpt>
			<trkpt lat="49.432869" lon="18.131596">
				<ele>526.000000</ele>
			</trkpt>
			<trkpt lat="49.432723" lon="18.131560">
				<ele>527.000000</ele>
			</trkpt>
			<trkpt lat="49.432572" lon="18.131470">
				<ele>529.000000</ele>
			</trkpt>
			<trkpt lat="49.432443" lon="18.131390">
				<ele>530.000000</ele>
			</trkpt>
			<trkpt lat="49.432308" lon="18.131344">
				<ele>532.000000</ele>
			</trkpt>
			<trkpt lat="49.432191" lon="18.131308">
				<ele>533.000000</ele>
			</trkpt>
			<trkpt lat="49.432075" lon="18.131308">
				<ele>534.000000</ele>
			</trkpt>
			<trkpt lat="49.431958" lon="18.131335">
				<ele>535.000000</ele>
			</trkpt>
			<trkpt lat="49.431888" lon="18.131327">
				<ele>536.000000</ele>
			</trkpt>
			<trkpt lat="49.431823" lon="18.131300">
				<ele>536.000000</ele>
			</trkpt>
			<trkpt lat="49.431754" lon="18.131237">
				<ele>537.000000</ele>
			</trkpt>
			<trkpt lat="49.431724" lon="18.131210">
				<ele>537.000000</ele>
			</trkpt>
			<trkpt lat="49.431719" lon="18.131164">
				<ele>537.000000</ele>
			</trkpt>
			<trkpt lat="49.431713" lon="18.131111">
				<ele>537.000000</ele>
			</trkpt>
			<trkpt lat="49.431713" lon="18.131057">
				<ele>538.000000</ele>
			</trkpt>
			<trkpt lat="49.431724" lon="18.130975">
				<ele>538.000000</ele>
			</trkpt>
			<trkpt lat="49.431759" lon="18.130904">
				<ele>538.000000</ele>
			</trkpt>
			<trkpt lat="49.431800" lon="18.130841">
				<ele>539.000000</ele>
			</trkpt>
			<trkpt lat="49.431882" lon="18.130751">
				<ele>539.000000</ele>
			</trkpt>
			<trkpt lat="49.431976" lon="18.130617">
				<ele>540.000000</ele>
			</trkpt>
			<trkpt lat="49.432045" lon="18.130499">
				<ele>541.000000</ele>
			</trkpt>
			<trkpt lat="49.432098" lon="18.130374">
				<ele>541.000000</ele>
			</trkpt>
			<trkpt lat="49.432151" lon="18.130185">
				<ele>542.000000</ele>
			</trkpt>
			<trkpt lat="49.432180" lon="18.130006">
				<ele>543.000000</ele>
			</trkpt>
			<trkpt lat="49.432186" lon="18.129925">
				<ele>543.000000</ele>
			</trkpt>
			<trkpt lat="49.432180" lon="18.129843">
				<ele>543.000000</ele>
			</trkpt>
			<trkpt lat="49.432163" lon="18.129755">
				<ele>544.000000</ele>
			</trkpt>
			<trkpt lat="49.432145" lon="18.129665">
				<ele>544.000000</ele>
			</trkpt>
			<trkpt lat="49.432069" lon="18.129449">
				<ele>545.000000</ele>
			</trkpt>
			<trkpt lat="49.431859" lon="18.128927">
				<ele>548.000000</ele>
			</trkpt>
			<trkpt lat="49.431672" lon="18.128541">
				<ele>550.000000</ele>
			</trkpt>
			<trkpt lat="49.431631" lon="18.128470">
				<ele>551.000000</ele>
			</trkpt>
			<trkpt lat="49.431578" lon="18.128407">
				<ele>551.000000</ele>
			</trkpt>
			<trkpt lat="49.431526" lon="18.128361">
				<ele>552.000000</ele>
			</trkpt>
			<trkpt lat="49.431461" lon="18.128344">
				<ele>552.000000</ele>
			</trkpt>
			<trkpt lat="49.431397" lon="18.128344">
				<ele>553.000000</ele>
			</trkpt>
			<trkpt lat="49.431327" lon="18.128371">
				<ele>553.000000</ele>
			</trkpt>
			<trkpt lat="49.431245" lon="18.128407">
				<ele>554.000000</ele>
			</trkpt>
			<trkpt lat="49.431170" lon="18.128451">
				<ele>555.000000</ele>
			</trkpt>
			<trkpt lat="49.430492" lon="18.129027">
				<ele>561.000000</ele>
			</trkpt>
			<trkpt lat="49.430369" lon="18.129116">
				<ele>562.000000</ele>
			</trkpt>
			<trkpt lat="49.430270" lon="18.129153">
				<ele>563.000000</ele>
			</trkpt>
			<trkpt lat="49.430164" lon="18.129161">
				<ele>564.000000</ele>
			</trkpt>
			<trkpt lat="49.430053" lon="18.129126">
				<ele>565.000000</ele>
			</trkpt>
			<trkpt lat="49.429925" lon="18.129009">
				<ele>566.000000</ele>
			</trkpt>
			<trkpt lat="49.429802" lon="18.128864">
				<ele>567.000000</ele>
			</trkpt>
			<trkpt lat="49.429644" lon="18.128677">
				<ele>568.000000</ele>
			</trkpt>
			<trkpt lat="49.429522" lon="18.128470">
				<ele>569.000000</ele>
			</trkpt>
			<trkpt lat="49.429428" lon="18.128272">
				<ele>570.000000</ele>
			</trkpt>
			<trkpt lat="49.429376" lon="18.128092">
				<ele>571.000000</ele>
			</trkpt>
			<trkpt lat="49.429294" lon="18.127724">
				<ele>572.000000</ele>
			</trkpt>
			<trkpt lat="49.429113" lon="18.126835">
				<ele>575.000000</ele>
			</trkpt>
			<trkpt lat="49.429049" lon="18.126539">
				<ele>577.000000</ele>
			</trkpt>
			<trkpt lat="49.428955" lon="18.126233">
				<ele>579.000000</ele>
			</trkpt>
			<trkpt lat="49.428891" lon="18.126008">
				<ele>580.000000</ele>
			</trkpt>
			<trkpt lat="49.428832" lon="18.125837">
				<ele>581.000000</ele>
			</trkpt>
			<trkpt lat="49.428762" lon="18.125694">
				<ele>581.000000</ele>
			</trkpt>
			<trkpt lat="49.428686" lon="18.125550">
				<ele>582.000000</ele>
			</trkpt>
			<trkpt lat="49.428593" lon="18.125388">
				<ele>583.000000</ele>
			</trkpt>
			<trkpt lat="49.428493" lon="18.125235">
				<ele>583.000000</ele>
			</trkpt>
			<trkpt lat="49.428493" lon="18.125235">
				<ele>583.000000</ele>
			</trkpt>
			<trkpt lat="49.428067" lon="18.124571">
				<ele>587.000000</ele>
			</trkpt>
			<trkpt lat="49.427617" lon="18.123897">
				<ele>590.000000</ele>
			</trkpt>
			<trkpt lat="49.427576" lon="18.124014">
				<ele>591.000000</ele>
			</trkpt>
			<trkpt lat="49.427565" lon="18.124140">
				<ele>591.000000</ele>
			</trkpt>
			<trkpt lat="49.427570" lon="18.124319">
				<ele>592.000000</ele>
			</trkpt>
			<trkpt lat="49.427640" lon="18.125721">
				<ele>597.000000</ele>
			</trkpt>
			<trkpt lat="49.427658" lon="18.126340">
				<ele>599.000000</ele>
			</trkpt>
			<trkpt lat="49.427669" lon="18.126925">
				<ele>600.000000</ele>
			</trkpt>
			<trkpt lat="49.427664" lon="18.127499">
				<ele>600.000000</ele>
			</trkpt>
			<trkpt lat="49.427699" lon="18.128137">
				<ele>598.000000</ele>
			</trkpt>
			<trkpt lat="49.427710" lon="18.128317">
				<ele>596.000000</ele>
			</trkpt>
			<trkpt lat="49.427734" lon="18.128497">
				<ele>595.000000</ele>
			</trkpt>
			<trkpt lat="49.427804" lon="18.128856">
				<ele>595.000000</ele>
			</trkpt>
			<trkpt lat="49.427851" lon="18.129053">
				<ele>595.000000</ele>
			</trkpt>
			<trkpt lat="49.427921" lon="18.129306">
				<ele>595.000000</ele>
			</trkpt>
			<trkpt lat="49.427909" lon="18.129395">
				<ele>595.000000</ele>
			</trkpt>
			<trkpt lat="49.427897" lon="18.129485">
				<ele>595.000000</ele>
			</trkpt>
			<trkpt lat="49.427828" lon="18.129692">
				<ele>596.000000</ele>
			</trkpt>
			<trkpt lat="49.427821" lon="18.129782">
				<ele>597.000000</ele>
			</trkpt>
			<trkpt lat="49.427851" lon="18.129898">
				<ele>598.000000</ele>
			</trkpt>
			<trkpt lat="49.427880" lon="18.130032">
				<ele>599.000000</ele>
			</trkpt>
			<trkpt lat="49.427933" lon="18.130203">
				<ele>601.000000</ele>
			</trkpt>
			<trkpt lat="49.427985" lon="18.130419">
				<ele>603.000000</ele>
			</trkpt>
			<trkpt lat="49.428037" lon="18.130652">
				<ele>606.000000</ele>
			</trkpt>
			<trkpt lat="49.428073" lon="18.130922">
				<ele>609.000000</ele>
			</trkpt>
			<trkpt lat="49.428090" lon="18.131183">
				<ele>612.000000</ele>
			</trkpt>
			<trkpt lat="49.428119" lon="18.131587">
				<ele>616.000000</ele>
			</trkpt>
			<trkpt lat="49.428143" lon="18.131874">
				<ele>619.000000</ele>
			</trkpt>
			<trkpt lat="49.428184" lon="18.132143">
				<ele>621.000000</ele>
			</trkpt>
			<trkpt lat="49.428231" lon="18.132458">
				<ele>623.000000</ele>
			</trkpt>
			<trkpt lat="49.428265" lon="18.132709">
				<ele>625.000000</ele>
			</trkpt>
			<trkpt lat="49.428277" lon="18.132971">
				<ele>625.000000</ele>
			</trkpt>
			<trkpt lat="49.428271" lon="18.133258">
				<ele>625.000000</ele>
			</trkpt>
			<trkpt lat="49.428242" lon="18.133644">
				<ele>625.000000</ele>
			</trkpt>
			<trkpt lat="49.428224" lon="18.133877">
				<ele>625.000000</ele>
			</trkpt>
			<trkpt lat="49.428218" lon="18.134101">
				<ele>625.000000</ele>
			</trkpt>
			<trkpt lat="49.428242" lon="18.134281">
				<ele>625.000000</ele>
			</trkpt>
			<trkpt lat="49.428289" lon="18.134632">
				<ele>625.000000</ele>
			</trkpt>
			<trkpt lat="49.428382" lon="18.135323">
				<ele>625.000000</ele>
			</trkpt>
			<trkpt lat="49.428418" lon="18.135701">
				<ele>625.000000</ele>
			</trkpt>
			<trkpt lat="49.428435" lon="18.135881">
				<ele>625.000000</ele>
			</trkpt>
			<trkpt lat="49.428441" lon="18.136267">
				<ele>625.000000</ele>
			</trkpt>
			<trkpt lat="49.428452" lon="18.136501">
				<ele>625.000000</ele>
			</trkpt>
			<trkpt lat="49.428470" lon="18.136725">
				<ele>625.000000</ele>
			</trkpt>
			<trkpt lat="49.428511" lon="18.136959">
				<ele>625.000000</ele>
			</trkpt>
			<trkpt lat="49.428569" lon="18.137229">
				<ele>625.000000</ele>
			</trkpt>
			<trkpt lat="49.428774" lon="18.138135">
				<ele>625.000000</ele>
			</trkpt>
			<trkpt lat="49.428891" lon="18.138485">
				<ele>625.000000</ele>
			</trkpt>
			<trkpt lat="49.428972" lon="18.138774">
				<ele>625.000000</ele>
			</trkpt>
			<trkpt lat="49.429054" lon="18.139124">
				<ele>625.000000</ele>
			</trkpt>
			<trkpt lat="49.429159" lon="18.139636">
				<ele>625.000000</ele>
			</trkpt>
			<trkpt lat="49.429212" lon="18.139959">
				<ele>624.000000</ele>
			</trkpt>
			<trkpt lat="49.429247" lon="18.140292">
				<ele>624.000000</ele>
			</trkpt>
			<trkpt lat="49.429258" lon="18.140543">
				<ele>623.000000</ele>
			</trkpt>
			<trkpt lat="49.429265" lon="18.140776">
				<ele>623.000000</ele>
			</trkpt>
			<trkpt lat="49.429265" lon="18.140938">
				<ele>623.000000</ele>
			</trkpt>
			<trkpt lat="49.429299" lon="18.141091">
				<ele>623.000000</ele>
			</trkpt>
			<trkpt lat="49.429346" lon="18.141235">
				<ele>623.000000</ele>
			</trkpt>
			<trkpt lat="49.429458" lon="18.141504">
				<ele>622.000000</ele>
			</trkpt>
			<trkpt lat="49.429545" lon="18.141720">
				<ele>622.000000</ele>
			</trkpt>
			<trkpt lat="49.429586" lon="18.141881">
				<ele>622.000000</ele>
			</trkpt>
			<trkpt lat="49.429603" lon="18.142053">
				<ele>622.000000</ele>
			</trkpt>
			<trkpt lat="49.429627" lon="18.142330">
				<ele>621.000000</ele>
			</trkpt>
			<trkpt lat="49.429650" lon="18.142699">
				<ele>621.000000</ele>
			</trkpt>
			<trkpt lat="49.429714" lon="18.143095">
				<ele>620.000000</ele>
			</trkpt>
			<trkpt lat="49.429726" lon="18.143229">
				<ele>620.000000</ele>
			</trkpt>
			<trkpt lat="49.429732" lon="18.143355">
				<ele>619.000000</ele>
			</trkpt>
			<trkpt lat="49.429708" lon="18.143481">
				<ele>617.000000</ele>
			</trkpt>
			<trkpt lat="49.429680" lon="18.143598">
				<ele>615.000000</ele>
			</trkpt>
			<trkpt lat="49.429644" lon="18.143588">
				<ele>615.000000</ele>
			</trkpt>
			<trkpt lat="49.429644" lon="18.143588">
				<ele>615.000000</ele>
			</trkpt>
			<trkpt lat="49.429458" lon="18.143535">
				<ele>615.000000</ele>
			</trkpt>
			<trkpt lat="49.429253" lon="18.143435">
				<ele>615.000000</ele>
			</trkpt>
			<trkpt lat="49.429066" lon="18.143336">
				<ele>615.000000</ele>
			</trkpt>
			<trkpt lat="49.428692" lon="18.143122">
				<ele>611.000000</ele>
			</trkpt>
			<trkpt lat="49.428499" lon="18.143032">
				<ele>609.000000</ele>
			</trkpt>
			<trkpt lat="49.427991" lon="18.142816">
				<ele>606.000000</ele>
			</trkpt>
			<trkpt lat="49.427406" lon="18.142582">
				<ele>599.000000</ele>
			</trkpt>
			<trkpt lat="49.427278" lon="18.142537">
				<ele>598.000000</ele>
			</trkpt>
			<trkpt lat="49.427190" lon="18.142466">
				<ele>597.000000</ele>
			</trkpt>
			<trkpt lat="49.427132" lon="18.142376">
				<ele>596.000000</ele>
			</trkpt>
			<trkpt lat="49.427009" lon="18.142160">
				<ele>595.000000</ele>
			</trkpt>
			<trkpt lat="49.426910" lon="18.142169">
				<ele>595.000000</ele>
			</trkpt>
			<trkpt lat="49.426770" lon="18.142133">
				<ele>595.000000</ele>
			</trkpt>
			<trkpt lat="49.426588" lon="18.142061">
				<ele>595.000000</ele>
			</trkpt>
			<trkpt lat="49.426361" lon="18.141971">
				<ele>595.000000</ele>
			</trkpt>
			<trkpt lat="49.426127" lon="18.141845">
				<ele>595.000000</ele>
			</trkpt>
			<trkpt lat="49.425916" lon="18.141701">
				<ele>595.000000</ele>
			</trkpt>
			<trkpt lat="49.425707" lon="18.141558">
				<ele>595.000000</ele>
			</trkpt>
			<trkpt lat="49.425461" lon="18.141334">
				<ele>596.000000</ele>
			</trkpt>
			<trkpt lat="49.425216" lon="18.141109">
				<ele>599.000000</ele>
			</trkpt>
			<trkpt lat="49.425011" lon="18.140902">
				<ele>600.000000</ele>
			</trkpt>
			<trkpt lat="49.424970" lon="18.140831">
				<ele>601.000000</ele>
			</trkpt>
			<trkpt lat="49.424912" lon="18.140732">
				<ele>601.000000</ele>
			</trkpt>
			<trkpt lat="49.424807" lon="18.140506">
				<ele>601.000000</ele>
			</trkpt>
			<trkpt lat="49.424701" lon="18.140193">
				<ele>602.000000</ele>
			</trkpt>
			<trkpt lat="49.424549" lon="18.139690">
				<ele>603.000000</ele>
			</trkpt>
			<trkpt lat="49.424450" lon="18.139375">
				<ele>604.000000</ele>
			</trkpt>
			<trkpt lat="49.424386" lon="18.139195">
				<ele>604.000000</ele>
			</trkpt>
			<trkpt lat="49.424327" lon="18.139070">
				<ele>604.000000</ele>
			</trkpt>
			<trkpt lat="49.424240" lon="18.138925">
				<ele>605.000000</ele>
			</trkpt>
			<trkpt lat="49.424006" lon="18.138522">
				<ele>608.000000</ele>
			</trkpt>
			<trkpt lat="49.423638" lon="18.137839">
				<ele>616.000000</ele>
			</trkpt>
			<trkpt lat="49.423468" lon="18.137533">
				<ele>621.000000</ele>
			</trkpt>
			<trkpt lat="49.423276" lon="18.137237">
				<ele>627.000000</ele>
			</trkpt>
			<trkpt lat="49.423054" lon="18.136904">
				<ele>634.000000</ele>
			</trkpt>
			<trkpt lat="49.422808" lon="18.136581">
				<ele>641.000000</ele>
			</trkpt>
			<trkpt lat="49.422645" lon="18.136393">
				<ele>644.000000</ele>
			</trkpt>
			<trkpt lat="49.422546" lon="18.136321">
				<ele>646.000000</ele>
			</trkpt>
			<trkpt lat="49.422452" lon="18.136240">
				<ele>648.000000</ele>
			</trkpt>
			<trkpt lat="49.422218" lon="18.136114">
				<ele>651.000000</ele>
			</trkpt>
			<trkpt lat="49.422241" lon="18.136285">
				<ele>652.000000</ele>
			</trkpt>
			<trkpt lat="49.422265" lon="18.136491">
				<ele>652.000000</ele>
			</trkpt>
			<trkpt lat="49.422271" lon="18.136753">
				<ele>653.000000</ele>
			</trkpt>
			<trkpt lat="49.422259" lon="18.137030">
				<ele>654.000000</ele>
			</trkpt>
			<trkpt lat="49.422224" lon="18.137264">
				<ele>656.000000</ele>
			</trkpt>
			<trkpt lat="49.422212" lon="18.137372">
				<ele>656.000000</ele>
			</trkpt>
			<trkpt lat="49.422218" lon="18.137506">
				<ele>657.000000</ele>
			</trkpt>
			<trkpt lat="49.422241" lon="18.137650">
				<ele>658.000000</ele>
			</trkpt>
			<trkpt lat="49.422282" lon="18.138091">
				<ele>661.000000</ele>
			</trkpt>
			<trkpt lat="49.422288" lon="18.138261">
				<ele>663.000000</ele>
			</trkpt>
			<trkpt lat="49.422271" lon="18.138396">
				<ele>664.000000</ele>
			</trkpt>
			<trkpt lat="49.422241" lon="18.138522">
				<ele>665.000000</ele>
			</trkpt>
			<trkpt lat="49.422230" lon="18.138638">
				<ele>665.000000</ele>
			</trkpt>
			<trkpt lat="49.422230" lon="18.138782">
				<ele>665.000000</ele>
			</trkpt>
			<trkpt lat="49.422236" lon="18.138881">
				<ele>665.000000</ele>
			</trkpt>
			<trkpt lat="49.422259" lon="18.138988">
				<ele>665.000000</ele>
			</trkpt>
			<trkpt lat="49.422288" lon="18.139088">
				<ele>664.000000</ele>
			</trkpt>
			<trkpt lat="49.422335" lon="18.139168">
				<ele>664.000000</ele>
			</trkpt>
			<trkpt lat="49.422387" lon="18.139250">
				<ele>663.000000</ele>
			</trkpt>
			<trkpt lat="49.422645" lon="18.139590">
				<ele>660.000000</ele>
			</trkpt>
			<trkpt lat="49.422750" lon="18.139734">
				<ele>660.000000</ele>
			</trkpt>
			<trkpt lat="49.422855" lon="18.139923">
				<ele>660.000000</ele>
			</trkpt>
			<trkpt lat="49.422954" lon="18.140175">
				<ele>660.000000</ele>
			</trkpt>
			<trkpt lat="49.423059" lon="18.140426">
				<ele>660.000000</ele>
			</trkpt>
			<trkpt lat="49.423059" lon="18.140426">
				<ele>660.000000</ele>
			</trkpt>
			<trkpt lat="49.422954" lon="18.140175">
				<ele>660.000000</ele>
			</trkpt>
			<trkpt lat="49.422855" lon="18.139923">
				<ele>660.000000</ele>
			</trkpt>
			<trkpt lat="49.422750" lon="18.139734">
				<ele>660.000000</ele>
			</trkpt>
			<trkpt lat="49.422645" lon="18.139590">
				<ele>660.000000</ele>
			</trkpt>
			<trkpt lat="49.422387" lon="18.139250">
				<ele>663.000000</ele>
			</trkpt>
			<trkpt lat="49.422335" lon="18.139168">
				<ele>664.000000</ele>
			</trkpt>
			<trkpt lat="49.422288" lon="18.139088">
				<ele>664.000000</ele>
			</trkpt>
			<trkpt lat="49.422259" lon="18.138988">
				<ele>665.000000</ele>
			</trkpt>
			<trkpt lat="49.422236" lon="18.138881">
				<ele>665.000000</ele>
			</trkpt>
			<trkpt lat="49.422230" lon="18.138782">
				<ele>665.000000</ele>
			</trkpt>
			<trkpt lat="49.422230" lon="18.138638">
				<ele>665.000000</ele>
			</trkpt>
			<trkpt lat="49.422241" lon="18.138522">
				<ele>665.000000</ele>
			</trkpt>
			<trkpt lat="49.422271" lon="18.138396">
				<ele>664.000000</ele>
			</trkpt>
			<trkpt lat="49.422288" lon="18.138261">
				<ele>663.000000</ele>
			</trkpt>
			<trkpt lat="49.422282" lon="18.138091">
				<ele>661.000000</ele>
			</trkpt>
			<trkpt lat="49.422241" lon="18.137650">
				<ele>658.000000</ele>
			</trkpt>
			<trkpt lat="49.422218" lon="18.137506">
				<ele>657.000000</ele>
			</trkpt>
			<trkpt lat="49.422212" lon="18.137372">
				<ele>656.000000</ele>
			</trkpt>
			<trkpt lat="49.422224" lon="18.137264">
				<ele>656.000000</ele>
			</trkpt>
			<trkpt lat="49.422259" lon="18.137030">
				<ele>654.000000</ele>
			</trkpt>
			<trkpt lat="49.422271" lon="18.136753">
				<ele>653.000000</ele>
			</trkpt>
			<trkpt lat="49.422265" lon="18.136491">
				<ele>652.000000</ele>
			</trkpt>
			<trkpt lat="49.422241" lon="18.136285">
				<ele>652.000000</ele>
			</trkpt>
			<trkpt lat="49.422218" lon="18.136114">
				<ele>651.000000</ele>
			</trkpt>
			<trkpt lat="49.422195" lon="18.136034">
				<ele>651.000000</ele>
			</trkpt>
			<trkpt lat="49.422159" lon="18.135917">
				<ele>652.000000</ele>
			</trkpt>
			<trkpt lat="49.421909" lon="18.135296">
				<ele>654.000000</ele>
			</trkpt>
			<trkpt lat="49.421838" lon="18.135117">
				<ele>655.000000</ele>
			</trkpt>
			<trkpt lat="49.421791" lon="18.134946">
				<ele>657.000000</ele>
			</trkpt>
			<trkpt lat="49.421728" lon="18.134703">
				<ele>658.000000</ele>
			</trkpt>
			<trkpt lat="49.421692" lon="18.134596">
				<ele>659.000000</ele>
			</trkpt>
			<trkpt lat="49.421634" lon="18.134443">
				<ele>660.000000</ele>
			</trkpt>
			<trkpt lat="49.421610" lon="18.134273">
				<ele>660.000000</ele>
			</trkpt>
			<trkpt lat="49.421558" lon="18.133887">
				<ele>660.000000</ele>
			</trkpt>
			<trkpt lat="49.421487" lon="18.133518">
				<ele>659.000000</ele>
			</trkpt>
			<trkpt lat="49.421453" lon="18.133285">
				<ele>657.000000</ele>
			</trkpt>
			<trkpt lat="49.421441" lon="18.133051">
				<ele>655.000000</ele>
			</trkpt>
			<trkpt lat="49.421453" lon="18.132845">
				<ele>653.000000</ele>
			</trkpt>
			<trkpt lat="49.421505" lon="18.132269">
				<ele>648.000000</ele>
			</trkpt>
			<trkpt lat="49.421505" lon="18.132180">
				<ele>647.000000</ele>
			</trkpt>
			<trkpt lat="49.421500" lon="18.132099">
				<ele>647.000000</ele>
			</trkpt>
			<trkpt lat="49.421470" lon="18.131946">
				<ele>646.000000</ele>
			</trkpt>
			<trkpt lat="49.421406" lon="18.131847">
				<ele>645.000000</ele>
			</trkpt>
			<trkpt lat="49.421371" lon="18.131803">
				<ele>644.000000</ele>
			</trkpt>
			<trkpt lat="49.421336" lon="18.131776">
				<ele>644.000000</ele>
			</trkpt>
			<trkpt lat="49.421248" lon="18.131721">
				<ele>643.000000</ele>
			</trkpt>
			<trkpt lat="49.421178" lon="18.131703">
				<ele>642.000000</ele>
			</trkpt>
			<trkpt lat="49.421108" lon="18.131713">
				<ele>641.000000</ele>
			</trkpt>
			<trkpt lat="49.421031" lon="18.131749">
				<ele>641.000000</ele>
			</trkpt>
			<trkpt lat="49.420932" lon="18.131784">
				<ele>640.000000</ele>
			</trkpt>
			<trkpt lat="49.420862" lon="18.131793">
				<ele>639.000000</ele>
			</trkpt>
			<trkpt lat="49.420798" lon="18.131766">
				<ele>638.000000</ele>
			</trkpt>
			<trkpt lat="49.420745" lon="18.131703">
				<ele>637.000000</ele>
			</trkpt>
			<trkpt lat="49.420658" lon="18.131577">
				<ele>636.000000</ele>
			</trkpt>
			<trkpt lat="49.420600" lon="18.131506">
				<ele>635.000000</ele>
			</trkpt>
			<trkpt lat="49.420564" lon="18.131470">
				<ele>634.000000</ele>
			</trkpt>
			<trkpt lat="49.420518" lon="18.131461">
				<ele>634.000000</ele>
			</trkpt>
			<trkpt lat="49.420313" lon="18.131443">
				<ele>631.000000</ele>
			</trkpt>
			<trkpt lat="49.420243" lon="18.131424">
				<ele>631.000000</ele>
			</trkpt>
			<trkpt lat="49.420161" lon="18.131380">
				<ele>630.000000</ele>
			</trkpt>
			<trkpt lat="49.419840" lon="18.131191">
				<ele>627.000000</ele>
			</trkpt>
			<trkpt lat="49.419582" lon="18.131065">
				<ele>625.000000</ele>
			</trkpt>
			<trkpt lat="49.419337" lon="18.130967">
				<ele>624.000000</ele>
			</trkpt>
			<trkpt lat="49.419086" lon="18.130914">
				<ele>624.000000</ele>
			</trkpt>
			<trkpt lat="49.418455" lon="18.130635">
				<ele>623.000000</ele>
			</trkpt>
			<trkpt lat="49.418151" lon="18.130518">
				<ele>622.000000</ele>
			</trkpt>
			<trkpt lat="49.418052" lon="18.130491">
				<ele>622.000000</ele>
			</trkpt>
			<trkpt lat="49.417976" lon="18.130428">
				<ele>621.000000</ele>
			</trkpt>
			<trkpt lat="49.417870" lon="18.130338">
				<ele>621.000000</ele>
			</trkpt>
			<trkpt lat="49.417783" lon="18.130222">
				<ele>621.000000</ele>
			</trkpt>
			<trkpt lat="49.417701" lon="18.130078">
				<ele>621.000000</ele>
			</trkpt>
			<trkpt lat="49.417531" lon="18.129736">
				<ele>620.000000</ele>
			</trkpt>
			<trkpt lat="49.417432" lon="18.129566">
				<ele>619.000000</ele>
			</trkpt>
			<trkpt lat="49.417315" lon="18.129449">
				<ele>618.000000</ele>
			</trkpt>
			<trkpt lat="49.417245" lon="18.129386">
				<ele>618.000000</ele>
			</trkpt>
			<trkpt lat="49.417163" lon="18.129340">
				<ele>617.000000</ele>
			</trkpt>
			<trkpt lat="49.417076" lon="18.129323">
				<ele>616.000000</ele>
			</trkpt>
			<trkpt lat="49.416971" lon="18.129306">
				<ele>615.000000</ele>
			</trkpt>
			<trkpt lat="49.416790" lon="18.129287">
				<ele>613.000000</ele>
			</trkpt>
			<trkpt lat="49.416503" lon="18.129323">
				<ele>609.000000</ele>
			</trkpt>
			<trkpt lat="49.416246" lon="18.129350">
				<ele>605.000000</ele>
			</trkpt>
			<trkpt lat="49.416065" lon="18.129386">
				<ele>602.000000</ele>
			</trkpt>
			<trkpt lat="49.415901" lon="18.129457">
				<ele>600.000000</ele>
			</trkpt>
			<trkpt lat="49.415731" lon="18.129556">
				<ele>595.000000</ele>
			</trkpt>
			<trkpt lat="49.415638" lon="18.129602">
				<ele>593.000000</ele>
			</trkpt>
			<trkpt lat="49.415550" lon="18.129610">
				<ele>592.000000</ele>
			</trkpt>
			<trkpt lat="49.415457" lon="18.129602">
				<ele>591.000000</ele>
			</trkpt>
			<trkpt lat="49.415270" lon="18.129566">
				<ele>586.000000</ele>
			</trkpt>
			<trkpt lat="49.415206" lon="18.129547">
				<ele>585.000000</ele>
			</trkpt>
			<trkpt lat="49.415135" lon="18.129503">
				<ele>584.000000</ele>
			</trkpt>
			<trkpt lat="49.415083" lon="18.129440">
				<ele>583.000000</ele>
			</trkpt>
			<trkpt lat="49.415036" lon="18.129359">
				<ele>583.000000</ele>
			</trkpt>
			<trkpt lat="49.414989" lon="18.129269">
				<ele>582.000000</ele>
			</trkpt>
			<trkpt lat="49.414960" lon="18.129143">
				<ele>581.000000</ele>
			</trkpt>
			<trkpt lat="49.414925" lon="18.129009">
				<ele>580.000000</ele>
			</trkpt>
			<trkpt lat="49.414896" lon="18.128837">
				<ele>578.000000</ele>
			</trkpt>
			<trkpt lat="49.414884" lon="18.128811">
				<ele>577.000000</ele>
			</trkpt>
			<trkpt lat="49.414878" lon="18.128784">
				<ele>577.000000</ele>
			</trkpt>
			<trkpt lat="49.414832" lon="18.128774">
				<ele>576.000000</ele>
			</trkpt>
			<trkpt lat="49.414767" lon="18.128820">
				<ele>574.000000</ele>
			</trkpt>
			<trkpt lat="49.414685" lon="18.128891">
				<ele>573.000000</ele>
			</trkpt>
			<trkpt lat="49.414586" lon="18.129027">
				<ele>570.000000</ele>
			</trkpt>
			<trkpt lat="49.414498" lon="18.129189">
				<ele>568.000000</ele>
			</trkpt>
			<trkpt lat="49.414428" lon="18.129359">
				<ele>567.000000</ele>
			</trkpt>
			<trkpt lat="49.414329" lon="18.129727">
				<ele>562.000000</ele>
			</trkpt>
			<trkpt lat="49.414311" lon="18.129782">
				<ele>561.000000</ele>
			</trkpt>
			<trkpt lat="49.414276" lon="18.129808">
				<ele>561.000000</ele>
			</trkpt>
			<trkpt lat="49.414229" lon="18.129799">
				<ele>560.000000</ele>
			</trkpt>
			<trkpt lat="49.414177" lon="18.129755">
				<ele>559.000000</ele>
			</trkpt>
			<trkpt lat="49.414119" lon="18.129673">
				<ele>558.000000</ele>
			</trkpt>
			<trkpt lat="49.414054" lon="18.129575">
				<ele>556.000000</ele>
			</trkpt>
			<trkpt lat="49.414007" lon="18.129457">
				<ele>555.000000</ele>
			</trkpt>
			<trkpt lat="49.413955" lon="18.129332">
				<ele>553.000000</ele>
			</trkpt>
			<trkpt lat="49.413932" lon="18.129260">
				<ele>552.000000</ele>
			</trkpt>
			<trkpt lat="49.413896" lon="18.129216">
				<ele>551.000000</ele>
			</trkpt>
			<trkpt lat="49.413850" lon="18.129189">
				<ele>550.000000</ele>
			</trkpt>
			<trkpt lat="49.413797" lon="18.129170">
				<ele>549.000000</ele>
			</trkpt>
			<trkpt lat="49.413750" lon="18.129161">
				<ele>547.000000</ele>
			</trkpt>
			<trkpt lat="49.413715" lon="18.129189">
				<ele>546.000000</ele>
			</trkpt>
			<trkpt lat="49.413680" lon="18.129216">
				<ele>546.000000</ele>
			</trkpt>
			<trkpt lat="49.413651" lon="18.129287">
				<ele>544.000000</ele>
			</trkpt>
			<trkpt lat="49.413627" lon="18.129350">
				<ele>544.000000</ele>
			</trkpt>
			<trkpt lat="49.413610" lon="18.129430">
				<ele>543.000000</ele>
			</trkpt>
			<trkpt lat="49.413575" lon="18.129709">
				<ele>540.000000</ele>
			</trkpt>
			<trkpt lat="49.413540" lon="18.129952">
				<ele>538.000000</ele>
			</trkpt>
			<trkpt lat="49.413528" lon="18.130168">
				<ele>536.000000</ele>
			</trkpt>
			<trkpt lat="49.413505" lon="18.130877">
				<ele>528.000000</ele>
			</trkpt>
			<trkpt lat="49.413511" lon="18.131057">
				<ele>526.000000</ele>
			</trkpt>
			<trkpt lat="49.413499" lon="18.131120">
				<ele>525.000000</ele>
			</trkpt>
			<trkpt lat="49.413482" lon="18.131191">
				<ele>525.000000</ele>
			</trkpt>
			<trkpt lat="49.413446" lon="18.131245">
				<ele>524.000000</ele>
			</trkpt>
			<trkpt lat="49.413405" lon="18.131264">
				<ele>523.000000</ele>
			</trkpt>
			<trkpt lat="49.413370" lon="18.131264">
				<ele>523.000000</ele>
			</trkpt>
			<trkpt lat="49.413330" lon="18.131218">
				<ele>522.000000</ele>
			</trkpt>
			<trkpt lat="49.413277" lon="18.131137">
				<ele>520.000000</ele>
			</trkpt>
			<trkpt lat="49.413020" lon="18.130652">
				<ele>513.000000</ele>
			</trkpt>
			<trkpt lat="49.412944" lon="18.130535">
				<ele>512.000000</ele>
			</trkpt>
			<trkpt lat="49.412751" lon="18.130329">
				<ele>509.000000</ele>
			</trkpt>
			<trkpt lat="49.412593" lon="18.130168">
				<ele>508.000000</ele>
			</trkpt>
			<trkpt lat="49.412505" lon="18.130069">
				<ele>507.000000</ele>
			</trkpt>
			<trkpt lat="49.412260" lon="18.129692">
				<ele>505.000000</ele>
			</trkpt>
			<trkpt lat="49.412055" lon="18.129350">
				<ele>503.000000</ele>
			</trkpt>
			<trkpt lat="49.411950" lon="18.129216">
				<ele>502.000000</ele>
			</trkpt>
			<trkpt lat="49.411839" lon="18.129099">
				<ele>501.000000</ele>
			</trkpt>
			<trkpt lat="49.411711" lon="18.129017">
				<ele>500.000000</ele>
			</trkpt>
			<trkpt lat="49.411500" lon="18.128937">
				<ele>500.000000</ele>
			</trkpt>
			<trkpt lat="49.411360" lon="18.128864">
				<ele>499.000000</ele>
			</trkpt>
			<trkpt lat="49.411085" lon="18.128703">
				<ele>499.000000</ele>
			</trkpt>
			<trkpt lat="49.410980" lon="18.128587">
				<ele>498.000000</ele>
			</trkpt>
			<trkpt lat="49.410892" lon="18.128514">
				<ele>497.000000</ele>
			</trkpt>
			<trkpt lat="49.410600" lon="18.128325">
				<ele>496.000000</ele>
			</trkpt>
			<trkpt lat="49.410477" lon="18.128227">
				<ele>495.000000</ele>
			</trkpt>
			<trkpt lat="49.410285" lon="18.128002">
				<ele>493.000000</ele>
			</trkpt>
			<trkpt lat="49.410168" lon="18.127912">
				<ele>493.000000</ele>
			</trkpt>
			<trkpt lat="49.409858" lon="18.127742">
				<ele>491.000000</ele>
			</trkpt>
			<trkpt lat="49.409788" lon="18.127688">
				<ele>490.000000</ele>
			</trkpt>
			<trkpt lat="49.409717" lon="18.127616">
				<ele>490.000000</ele>
			</trkpt>
			<trkpt lat="49.409659" lon="18.127526">
				<ele>489.000000</ele>
			</trkpt>
			<trkpt lat="49.409618" lon="18.127409">
				<ele>489.000000</ele>
			</trkpt>
			<trkpt lat="49.409390" lon="18.126870">
				<ele>486.000000</ele>
			</trkpt>
			<trkpt lat="49.409174" lon="18.126394">
				<ele>485.000000</ele>
			</trkpt>
			<trkpt lat="49.409151" lon="18.126350">
				<ele>485.000000</ele>
			</trkpt>
			<trkpt lat="49.409080" lon="18.126233">
				<ele>485.000000</ele>
			</trkpt>
			<trkpt lat="49.409004" lon="18.126143">
				<ele>485.000000</ele>
			</trkpt>
			<trkpt lat="49.408923" lon="18.126061">
				<ele>485.000000</ele>
			</trkpt>
			<trkpt lat="49.408753" lon="18.125937">
				<ele>485.000000</ele>
			</trkpt>
			<trkpt lat="49.409022" lon="18.124813">
				<ele>483.000000</ele>
			</trkpt>
			<trkpt lat="49.409244" lon="18.123790">
				<ele>481.000000</ele>
			</trkpt>
			<trkpt lat="49.409413" lon="18.122945">
				<ele>480.000000</ele>
			</trkpt>
			<trkpt lat="49.409560" lon="18.122253">
				<ele>480.000000</ele>
			</trkpt>
			<trkpt lat="49.409618" lon="18.121912">
				<ele>480.000000</ele>
			</trkpt>
			<trkpt lat="49.409653" lon="18.121642">
				<ele>480.000000</ele>
			</trkpt>
			<trkpt lat="49.409671" lon="18.121390">
				<ele>480.000000</ele>
			</trkpt>
			<trkpt lat="49.409659" lon="18.121140">
				<ele>480.000000</ele>
			</trkpt>
			<trkpt lat="49.409624" lon="18.120798">
				<ele>480.000000</ele>
			</trkpt>
			<trkpt lat="49.409536" lon="18.120268">
				<ele>479.000000</ele>
			</trkpt>
			<trkpt lat="49.409489" lon="18.119845">
				<ele>478.000000</ele>
			</trkpt>
			<trkpt lat="49.409443" lon="18.119478">
				<ele>478.000000</ele>
			</trkpt>
			<trkpt lat="49.409361" lon="18.118516">
				<ele>476.000000</ele>
			</trkpt>
			<trkpt lat="49.409332" lon="18.118211">
				<ele>475.000000</ele>
			</trkpt>
			<trkpt lat="49.409320" lon="18.117977">
				<ele>475.000000</ele>
			</trkpt>
			<trkpt lat="49.409320" lon="18.117807">
				<ele>475.000000</ele>
			</trkpt>
			<trkpt lat="49.409332" lon="18.117645">
				<ele>475.000000</ele>
			</trkpt>
			<trkpt lat="49.409355" lon="18.117492">
				<ele>475.000000</ele>
			</trkpt>
			<trkpt lat="49.409390" lon="18.117358">
				<ele>474.000000</ele>
			</trkpt>
			<trkpt lat="49.409566" lon="18.116891">
				<ele>474.000000</ele>
			</trkpt>
			<trkpt lat="49.409741" lon="18.116432">
				<ele>474.000000</ele>
			</trkpt>
			<trkpt lat="49.409875" lon="18.116100">
				<ele>473.000000</ele>
			</trkpt>
			<trkpt lat="49.410010" lon="18.115813">
				<ele>473.000000</ele>
			</trkpt>
			<trkpt lat="49.410191" lon="18.115453">
				<ele>473.000000</ele>
			</trkpt>
			<trkpt lat="49.410308" lon="18.115211">
				<ele>472.000000</ele>
			</trkpt>
			<trkpt lat="49.410647" lon="18.114465">
				<ele>472.000000</ele>
			</trkpt>
			<trkpt lat="49.411085" lon="18.113413">
				<ele>471.000000</ele>
			</trkpt>
			<trkpt lat="49.411196" lon="18.113171">
				<ele>471.000000</ele>
			</trkpt>
			<trkpt lat="49.411319" lon="18.112974">
				<ele>470.000000</ele>
			</trkpt>
			<trkpt lat="49.411447" lon="18.112803">
				<ele>470.000000</ele>
			</trkpt>
			<trkpt lat="49.411681" lon="18.112551">
				<ele>470.000000</ele>
			</trkpt>
			<trkpt lat="49.411886" lon="18.112335">
				<ele>469.000000</ele>
			</trkpt>
			<trkpt lat="49.412055" lon="18.112111">
				<ele>469.000000</ele>
			</trkpt>
			<trkpt lat="49.412184" lon="18.111895">
				<ele>469.000000</ele>
			</trkpt>
			<trkpt lat="49.412301" lon="18.111689">
				<ele>468.000000</ele>
			</trkpt>
			<trkpt lat="49.412406" lon="18.111419">
				<ele>468.000000</ele>
			</trkpt>
			<trkpt lat="49.412494" lon="18.111213">
				<ele>468.000000</ele>
			</trkpt>
			<trkpt lat="49.412546" lon="18.111132">
				<ele>467.000000</ele>
			</trkpt>
			<trkpt lat="49.412605" lon="18.111060">
				<ele>467.000000</ele>
			</trkpt>
			<trkpt lat="49.412669" lon="18.110989">
				<ele>467.000000</ele>
			</trkpt>
			<trkpt lat="49.412739" lon="18.110926">
				<ele>467.000000</ele>
			</trkpt>
			<trkpt lat="49.412880" lon="18.110853">
				<ele>467.000000</ele>
			</trkpt>
			<trkpt lat="49.413452" lon="18.110602">
				<ele>466.000000</ele>
			</trkpt>
			<trkpt lat="49.413610" lon="18.110503">
				<ele>465.000000</ele>
			</trkpt>
			<trkpt lat="49.413739" lon="18.110396">
				<ele>465.000000</ele>
			</trkpt>
			<trkpt lat="49.413850" lon="18.110306">
				<ele>465.000000</ele>
			</trkpt>
			<trkpt lat="49.413967" lon="18.110180">
				<ele>465.000000</ele>
			</trkpt>
			<trkpt lat="49.414095" lon="18.110037">
				<ele>464.000000</ele>
			</trkpt>
			<trkpt lat="49.414218" lon="18.109928">
				<ele>464.000000</ele>
			</trkpt>
			<trkpt lat="49.414329" lon="18.109830">
				<ele>464.000000</ele>
			</trkpt>
			<trkpt lat="49.414440" lon="18.109767">
				<ele>464.000000</ele>
			</trkpt>
			<trkpt lat="49.414574" lon="18.109748">
				<ele>463.000000</ele>
			</trkpt>
			<trkpt lat="49.415170" lon="18.109685">
				<ele>462.000000</ele>
			</trkpt>
			<trkpt lat="49.415217" lon="18.109497">
				<ele>462.000000</ele>
			</trkpt>
			<trkpt lat="49.415247" lon="18.109416">
				<ele>462.000000</ele>
			</trkpt>
			<trkpt lat="49.415288" lon="18.109354">
				<ele>462.000000</ele>
			</trkpt>
			<trkpt lat="49.415334" lon="18.109282">
				<ele>462.000000</ele>
			</trkpt>
			<trkpt lat="49.415398" lon="18.109218">
				<ele>461.000000</ele>
			</trkpt>
			<trkpt lat="49.415451" lon="18.109155">
				<ele>461.000000</ele>
			</trkpt>
			<trkpt lat="49.415538" lon="18.109075">
				<ele>461.000000</ele>
			</trkpt>
			<trkpt lat="49.415603" lon="18.108985">
				<ele>461.000000</ele>
			</trkpt>
			<trkpt lat="49.415802" lon="18.108662">
				<ele>460.000000</ele>
			</trkpt>
			<trkpt lat="49.416129" lon="18.108123">
				<ele>458.000000</ele>
			</trkpt>
			<trkpt lat="49.416263" lon="18.107897">
				<ele>458.000000</ele>
			</trkpt>
			<trkpt lat="49.416362" lon="18.107664">
				<ele>457.000000</ele>
			</trkpt>
			<trkpt lat="49.416462" lon="18.107387">
				<ele>457.000000</ele>
			</trkpt>
			<trkpt lat="49.416556" lon="18.107054">
				<ele>456.000000</ele>
			</trkpt>
			<trkpt lat="49.416684" lon="18.106497">
				<ele>455.000000</ele>
			</trkpt>
			<trkpt lat="49.416766" lon="18.106165">
				<ele>455.000000</ele>
			</trkpt>
			<trkpt lat="49.416830" lon="18.105850">
				<ele>454.000000</ele>
			</trkpt>
			<trkpt lat="49.416965" lon="18.105069">
				<ele>453.000000</ele>
			</trkpt>
			<trkpt lat="49.416988" lon="18.104979">
				<ele>453.000000</ele>
			</trkpt>
			<trkpt lat="49.417046" lon="18.104664">
				<ele>453.000000</ele>
			</trkpt>
			<trkpt lat="49.417111" lon="18.104395">
				<ele>452.000000</ele>
			</trkpt>
			<trkpt lat="49.417187" lon="18.104134">
				<ele>452.000000</ele>
			</trkpt>
			<trkpt lat="49.417280" lon="18.103847">
				<ele>452.000000</ele>
			</trkpt>
			<trkpt lat="49.417432" lon="18.103433">
				<ele>451.000000</ele>
			</trkpt>
			<trkpt lat="49.417636" lon="18.102993">
				<ele>450.000000</ele>
			</trkpt>
			<trkpt lat="49.417812" lon="18.102643">
				<ele>450.000000</ele>
			</trkpt>
			<trkpt lat="49.418736" lon="18.100936">
				<ele>447.000000</ele>
			</trkpt>
			<trkpt lat="49.418736" lon="18.100936">
				<ele>447.000000</ele>
			</trkpt>
			<trkpt lat="49.418736" lon="18.100936">
				<ele>447.000000</ele>
			</trkpt>
			<trkpt lat="49.418758" lon="18.100892">
				<ele>447.000000</ele>
			</trkpt>
			<trkpt lat="49.419027" lon="18.100415">
				<ele>446.000000</ele>
			</trkpt>
			<trkpt lat="49.419197" lon="18.100037">
				<ele>446.000000</ele>
			</trkpt>
			<trkpt lat="49.419267" lon="18.099867">
				<ele>445.000000</ele>
			</trkpt>
			<trkpt lat="49.419326" lon="18.099706">
				<ele>445.000000</ele>
			</trkpt>
			<trkpt lat="49.419366" lon="18.099544">
				<ele>445.000000</ele>
			</trkpt>
			<trkpt lat="49.419395" lon="18.099364">
				<ele>445.000000</ele>
			</trkpt>
			<trkpt lat="49.419407" lon="18.099184">
				<ele>445.000000</ele>
			</trkpt>
			<trkpt lat="49.419425" lon="18.099005">
				<ele>444.000000</ele>
			</trkpt>
			<trkpt lat="49.419413" lon="18.098457">
				<ele>444.000000</ele>
			</trkpt>
			<trkpt lat="49.419413" lon="18.098106">
				<ele>444.000000</ele>
			</trkpt>
			<trkpt lat="49.419419" lon="18.097873">
				<ele>444.000000</ele>
			</trkpt>
			<trkpt lat="49.419442" lon="18.097639">
				<ele>443.000000</ele>
			</trkpt>
			<trkpt lat="49.419477" lon="18.097423">
				<ele>443.000000</ele>
			</trkpt>
			<trkpt lat="49.419524" lon="18.097154">
				<ele>443.000000</ele>
			</trkpt>
			<trkpt lat="49.419588" lon="18.096876">
				<ele>443.000000</ele>
			</trkpt>
			<trkpt lat="49.419682" lon="18.096498">
				<ele>442.000000</ele>
			</trkpt>
			<trkpt lat="49.419741" lon="18.096265">
				<ele>442.000000</ele>
			</trkpt>
			<trkpt lat="49.419822" lon="18.095942">
				<ele>442.000000</ele>
			</trkpt>
			<trkpt lat="49.419851" lon="18.095735">
				<ele>442.000000</ele>
			</trkpt>
			<trkpt lat="49.419886" lon="18.095546">
				<ele>441.000000</ele>
			</trkpt>
			<trkpt lat="49.419898" lon="18.095358">
				<ele>441.000000</ele>
			</trkpt>
			<trkpt lat="49.419916" lon="18.094999">
				<ele>441.000000</ele>
			</trkpt>
			<trkpt lat="49.419916" lon="18.094765">
				<ele>441.000000</ele>
			</trkpt>
			<trkpt lat="49.419886" lon="18.094523">
				<ele>441.000000</ele>
			</trkpt>
			<trkpt lat="49.419828" lon="18.094289">
				<ele>440.000000</ele>
			</trkpt>
			<trkpt lat="49.419746" lon="18.094047">
				<ele>440.000000</ele>
			</trkpt>
			<trkpt lat="49.419659" lon="18.093848">
				<ele>440.000000</ele>
			</trkpt>
			<trkpt lat="49.419548" lon="18.093634">
				<ele>440.000000</ele>
			</trkpt>
			<trkpt lat="49.419413" lon="18.093418">
				<ele>440.000000</ele>
			</trkpt>
			<trkpt lat="49.419162" lon="18.093076">
				<ele>439.000000</ele>
			</trkpt>
			<trkpt lat="49.419109" lon="18.092978">
				<ele>439.000000</ele>
			</trkpt>
			<trkpt lat="49.419057" lon="18.092869">
				<ele>439.000000</ele>
			</trkpt>
			<trkpt lat="49.419022" lon="18.092762">
				<ele>439.000000</ele>
			</trkpt>
			<trkpt lat="49.418998" lon="18.092618">
				<ele>439.000000</ele>
			</trkpt>
			<trkpt lat="49.418992" lon="18.092510">
				<ele>439.000000</ele>
			</trkpt>
			<trkpt lat="49.418998" lon="18.092357">
				<ele>439.000000</ele>
			</trkpt>
			<trkpt lat="49.419022" lon="18.092223">
				<ele>439.000000</ele>
			</trkpt>
			<trkpt lat="49.419051" lon="18.092087">
				<ele>439.000000</ele>
			</trkpt>
			<trkpt lat="49.419191" lon="18.091657">
				<ele>439.000000</ele>
			</trkpt>
			<trkpt lat="49.419267" lon="18.091342">
				<ele>439.000000</ele>
			</trkpt>
			<trkpt lat="49.419349" lon="18.090974">
				<ele>438.000000</ele>
			</trkpt>
			<trkpt lat="49.419407" lon="18.090561">
				<ele>438.000000</ele>
			</trkpt>
			<trkpt lat="49.419472" lon="18.090058">
				<ele>438.000000</ele>
			</trkpt>
			<trkpt lat="49.419518" lon="18.089707">
				<ele>438.000000</ele>
			</trkpt>
			<trkpt lat="49.419542" lon="18.089590">
				<ele>438.000000</ele>
			</trkpt>
			<trkpt lat="49.419594" lon="18.089223">
				<ele>438.000000</ele>
			</trkpt>
			<trkpt lat="49.419623" lon="18.088844">
				<ele>437.000000</ele>
			</trkpt>
			<trkpt lat="49.419629" lon="18.088720">
				<ele>437.000000</ele>
			</trkpt>
			<trkpt lat="49.419629" lon="18.088540">
				<ele>437.000000</ele>
			</trkpt>
			<trkpt lat="49.419629" lon="18.088360">
				<ele>437.000000</ele>
			</trkpt>
			<trkpt lat="49.419606" lon="18.088154">
				<ele>437.000000</ele>
			</trkpt>
			<trkpt lat="49.419559" lon="18.087848">
				<ele>437.000000</ele>
			</trkpt>
			<trkpt lat="49.419548" lon="18.087695">
				<ele>437.000000</ele>
			</trkpt>
			<trkpt lat="49.419548" lon="18.087552">
				<ele>437.000000</ele>
			</trkpt>
			<trkpt lat="49.419565" lon="18.087435">
				<ele>437.000000</ele>
			</trkpt>
			<trkpt lat="49.419600" lon="18.087282">
				<ele>437.000000</ele>
			</trkpt>
			<trkpt lat="49.419682" lon="18.087076">
				<ele>437.000000</ele>
			</trkpt>
			<trkpt lat="49.419741" lon="18.086913">
				<ele>437.000000</ele>
			</trkpt>
			<trkpt lat="49.419828" lon="18.086662">
				<ele>436.000000</ele>
			</trkpt>
			<trkpt lat="49.419963" lon="18.086311">
				<ele>436.000000</ele>
			</trkpt>
			<trkpt lat="49.420068" lon="18.086024">
				<ele>436.000000</ele>
			</trkpt>
			<trkpt lat="49.420144" lon="18.085871">
				<ele>436.000000</ele>
			</trkpt>
			<trkpt lat="49.420208" lon="18.085718">
				<ele>436.000000</ele>
			</trkpt>
			<trkpt lat="49.420295" lon="18.085575">
				<ele>436.000000</ele>
			</trkpt>
			<trkpt lat="49.420360" lon="18.085468">
				<ele>436.000000</ele>
			</trkpt>
			<trkpt lat="49.420447" lon="18.085378">
				<ele>436.000000</ele>
			</trkpt>
			<trkpt lat="49.420535" lon="18.085269">
				<ele>436.000000</ele>
			</trkpt>
			<trkpt lat="49.420641" lon="18.085179">
				<ele>435.000000</ele>
			</trkpt>
			<trkpt lat="49.420751" lon="18.085089">
				<ele>435.000000</ele>
			</trkpt>
			<trkpt lat="49.420997" lon="18.084928">
				<ele>435.000000</ele>
			</trkpt>
			<trkpt lat="49.421178" lon="18.084802">
				<ele>435.000000</ele>
			</trkpt>
			<trkpt lat="49.421371" lon="18.084676">
				<ele>435.000000</ele>
			</trkpt>
			<trkpt lat="49.421453" lon="18.084641">
				<ele>435.000000</ele>
			</trkpt>
			<trkpt lat="49.421528" lon="18.084613">
				<ele>435.000000</ele>
			</trkpt>
			<trkpt lat="49.421599" lon="18.084605">
				<ele>435.000000</ele>
			</trkpt>
			<trkpt lat="49.421687" lon="18.084623">
				<ele>435.000000</ele>
			</trkpt>
			<trkpt lat="49.421850" lon="18.084649">
				<ele>434.000000</ele>
			</trkpt>
			<trkpt lat="49.421967" lon="18.084686">
				<ele>434.000000</ele>
			</trkpt>
			<trkpt lat="49.422066" lon="18.084695">
				<ele>434.000000</ele>
			</trkpt>
			<trkpt lat="49.422154" lon="18.084668">
				<ele>434.000000</ele>
			</trkpt>
			<trkpt lat="49.422247" lon="18.084632">
				<ele>434.000000</ele>
			</trkpt>
			<trkpt lat="49.422487" lon="18.084452">
				<ele>434.000000</ele>
			</trkpt>
			<trkpt lat="49.422574" lon="18.084380">
				<ele>434.000000</ele>
			</trkpt>
			<trkpt lat="49.422662" lon="18.084299">
				<ele>433.000000</ele>
			</trkpt>
			<trkpt lat="49.422732" lon="18.084210">
				<ele>433.000000</ele>
			</trkpt>
			<trkpt lat="49.422802" lon="18.084093">
				<ele>433.000000</ele>
			</trkpt>
			<trkpt lat="49.422989" lon="18.083743">
				<ele>433.000000</ele>
			</trkpt>
			<trkpt lat="49.423065" lon="18.083581">
				<ele>433.000000</ele>
			</trkpt>
			<trkpt lat="49.423136" lon="18.083410">
				<ele>433.000000</ele>
			</trkpt>
			<trkpt lat="49.423165" lon="18.083267">
				<ele>433.000000</ele>
			</trkpt>
			<trkpt lat="49.423177" lon="18.083131">
				<ele>433.000000</ele>
			</trkpt>
			<trkpt lat="49.423171" lon="18.082997">
				<ele>432.000000</ele>
			</trkpt>
			<trkpt lat="49.423141" lon="18.082871">
				<ele>432.000000</ele>
			</trkpt>
			<trkpt lat="49.423089" lon="18.082718">
				<ele>432.000000</ele>
			</trkpt>
			<trkpt lat="49.422995" lon="18.082485">
				<ele>432.000000</ele>
			</trkpt>
			<trkpt lat="49.422732" lon="18.081936">
				<ele>432.000000</ele>
			</trkpt>
			<trkpt lat="49.422271" lon="18.081066">
				<ele>431.000000</ele>
			</trkpt>
			<trkpt lat="49.422049" lon="18.080625">
				<ele>431.000000</ele>
			</trkpt>
			<trkpt lat="49.421447" lon="18.079466">
				<ele>429.000000</ele>
			</trkpt>
			<trkpt lat="49.421318" lon="18.079223">
				<ele>428.000000</ele>
			</trkpt>
			<trkpt lat="49.421195" lon="18.078927">
				<ele>428.000000</ele>
			</trkpt>
			<trkpt lat="49.420804" lon="18.077948">
				<ele>425.000000</ele>
			</trkpt>
			<trkpt lat="49.420775" lon="18.077841">
				<ele>425.000000</ele>
			</trkpt>
			<trkpt lat="49.420769" lon="18.077715">
				<ele>425.000000</ele>
			</trkpt>
			<trkpt lat="49.420775" lon="18.077634">
				<ele>424.000000</ele>
			</trkpt>
			<trkpt lat="49.420798" lon="18.077562">
				<ele>424.000000</ele>
			</trkpt>
			<trkpt lat="49.420874" lon="18.077401">
				<ele>422.000000</ele>
			</trkpt>
			<trkpt lat="49.421178" lon="18.076816">
				<ele>420.000000</ele>
			</trkpt>
			<trkpt lat="49.421242" lon="18.076699">
				<ele>420.000000</ele>
			</trkpt>
			<trkpt lat="49.421283" lon="18.076601">
				<ele>420.000000</ele>
			</trkpt>
			<trkpt lat="49.421300" lon="18.076520">
				<ele>420.000000</ele>
			</trkpt>
			<trkpt lat="49.421312" lon="18.076422">
				<ele>420.000000</ele>
			</trkpt>
			<trkpt lat="49.421312" lon="18.076367">
				<ele>420.000000</ele>
			</trkpt>
			<trkpt lat="49.421306" lon="18.076286">
				<ele>420.000000</ele>
			</trkpt>
			<trkpt lat="49.421278" lon="18.076107">
				<ele>420.000000</ele>
			</trkpt>
			<trkpt lat="49.421219" lon="18.075864">
				<ele>420.000000</ele>
			</trkpt>
			<trkpt lat="49.421119" lon="18.075594">
				<ele>420.000000</ele>
			</trkpt>
			<trkpt lat="49.421044" lon="18.075397">
				<ele>420.000000</ele>
			</trkpt>
			<trkpt lat="49.420997" lon="18.075208">
				<ele>420.000000</ele>
			</trkpt>
			<trkpt lat="49.420962" lon="18.075020">
				<ele>420.000000</ele>
			</trkpt>
			<trkpt lat="49.420927" lon="18.074732">
				<ele>420.000000</ele>
			</trkpt>
			<trkpt lat="49.420810" lon="18.073736">
				<ele>420.000000</ele>
			</trkpt>
			<trkpt lat="49.420734" lon="18.073080">
				<ele>420.000000</ele>
			</trkpt>
			<trkpt lat="49.420693" lon="18.072604">
				<ele>420.000000</ele>
			</trkpt>
			<trkpt lat="49.420687" lon="18.072334">
				<ele>420.000000</ele>
			</trkpt>
			<trkpt lat="49.420704" lon="18.071238">
				<ele>420.000000</ele>
			</trkpt>
			<trkpt lat="49.420704" lon="18.071004">
				<ele>420.000000</ele>
			</trkpt>
			<trkpt lat="49.420693" lon="18.070663">
				<ele>420.000000</ele>
			</trkpt>
			<trkpt lat="49.420699" lon="18.070493">
				<ele>420.000000</ele>
			</trkpt>
			<trkpt lat="49.420681" lon="18.070313">
				<ele>420.000000</ele>
			</trkpt>
			<trkpt lat="49.420663" lon="18.070178">
				<ele>420.000000</ele>
			</trkpt>
			<trkpt lat="49.420628" lon="18.070025">
				<ele>419.000000</ele>
			</trkpt>
			<trkpt lat="49.420600" lon="18.069872">
				<ele>419.000000</ele>
			</trkpt>
			<trkpt lat="49.420547" lon="18.069728">
				<ele>419.000000</ele>
			</trkpt>
			<trkpt lat="49.420377" lon="18.069279">
				<ele>418.000000</ele>
			</trkpt>
			<trkpt lat="49.420225" lon="18.068885">
				<ele>418.000000</ele>
			</trkpt>
			<trkpt lat="49.420150" lon="18.068696">
				<ele>418.000000</ele>
			</trkpt>
			<trkpt lat="49.420056" lon="18.068516">
				<ele>417.000000</ele>
			</trkpt>
			<trkpt lat="49.419927" lon="18.068327">
				<ele>417.000000</ele>
			</trkpt>
			<trkpt lat="49.419735" lon="18.068076">
				<ele>417.000000</ele>
			</trkpt>
			<trkpt lat="49.419606" lon="18.067878">
				<ele>416.000000</ele>
			</trkpt>
			<trkpt lat="49.419477" lon="18.067663">
				<ele>416.000000</ele>
			</trkpt>
			<trkpt lat="49.419326" lon="18.067367">
				<ele>415.000000</ele>
			</trkpt>
			<trkpt lat="49.419197" lon="18.067097">
				<ele>415.000000</ele>
			</trkpt>
			<trkpt lat="49.419109" lon="18.066864">
				<ele>415.000000</ele>
			</trkpt>
			<trkpt lat="49.419039" lon="18.066585">
				<ele>414.000000</ele>
			</trkpt>
			<trkpt lat="49.419016" lon="18.066432">
				<ele>414.000000</ele>
			</trkpt>
			<trkpt lat="49.418992" lon="18.066279">
				<ele>414.000000</ele>
			</trkpt>
			<trkpt lat="49.418986" lon="18.066199">
				<ele>414.000000</ele>
			</trkpt>
			<trkpt lat="49.418986" lon="18.066099">
				<ele>414.000000</ele>
			</trkpt>
			<trkpt lat="49.418998" lon="18.066000">
				<ele>414.000000</ele>
			</trkpt>
			<trkpt lat="49.419022" lon="18.065938">
				<ele>414.000000</ele>
			</trkpt>
			<trkpt lat="49.419039" lon="18.065866">
				<ele>414.000000</ele>
			</trkpt>
			<trkpt lat="49.419074" lon="18.065785">
				<ele>413.000000</ele>
			</trkpt>
			<trkpt lat="49.419115" lon="18.065740">
				<ele>413.000000</ele>
			</trkpt>
			<trkpt lat="49.419162" lon="18.065669">
				<ele>413.000000</ele>
			</trkpt>
			<trkpt lat="49.419214" lon="18.065614">
				<ele>413.000000</ele>
			</trkpt>
			<trkpt lat="49.419320" lon="18.065489">
				<ele>413.000000</ele>
			</trkpt>
			<trkpt lat="49.419395" lon="18.065336">
				<ele>413.000000</ele>
			</trkpt>
			<trkpt lat="49.419600" lon="18.064977">
				<ele>412.000000</ele>
			</trkpt>
			<trkpt lat="49.419746" lon="18.064725">
				<ele>412.000000</ele>
			</trkpt>
			<trkpt lat="49.419822" lon="18.064564">
				<ele>412.000000</ele>
			</trkpt>
			<trkpt lat="49.419886" lon="18.064392">
				<ele>411.000000</ele>
			</trkpt>
			<trkpt lat="49.419939" lon="18.064177">
				<ele>411.000000</ele>
			</trkpt>
			<trkpt lat="49.420225" lon="18.062946">
				<ele>410.000000</ele>
			</trkpt>
			<trkpt lat="49.420600" lon="18.061321">
				<ele>410.000000</ele>
			</trkpt>
			<trkpt lat="49.420681" lon="18.060998">
				<ele>410.000000</ele>
			</trkpt>
			<trkpt lat="49.420751" lon="18.060719">
				<ele>410.000000</ele>
			</trkpt>
			<trkpt lat="49.420822" lon="18.060493">
				<ele>410.000000</ele>
			</trkpt>
			<trkpt lat="49.420938" lon="18.060126">
				<ele>410.000000</ele>
			</trkpt>
			<trkpt lat="49.420968" lon="18.060000">
				<ele>410.000000</ele>
			</trkpt>
			<trkpt lat="49.420979" lon="18.059893">
				<ele>410.000000</ele>
			</trkpt>
			<trkpt lat="49.420979" lon="18.059803">
				<ele>410.000000</ele>
			</trkpt>
			<trkpt lat="49.420968" lon="18.059677">
				<ele>410.000000</ele>
			</trkpt>
			<trkpt lat="49.420944" lon="18.059533">
				<ele>410.000000</ele>
			</trkpt>
			<trkpt lat="49.420886" lon="18.059362">
				<ele>410.000000</ele>
			</trkpt>
			<trkpt lat="49.420757" lon="18.059030">
				<ele>410.000000</ele>
			</trkpt>
			<trkpt lat="49.420710" lon="18.058895">
				<ele>410.000000</ele>
			</trkpt>
			<trkpt lat="49.420641" lon="18.058761">
				<ele>410.000000</ele>
			</trkpt>
			<trkpt lat="49.420564" lon="18.058625">
				<ele>410.000000</ele>
			</trkpt>
			<trkpt lat="49.420477" lon="18.058526">
				<ele>410.000000</ele>
			</trkpt>
			<trkpt lat="49.420377" lon="18.058438">
				<ele>410.000000</ele>
			</trkpt>
			<trkpt lat="49.420266" lon="18.058348">
				<ele>410.000000</ele>
			</trkpt>
			<trkpt lat="49.420138" lon="18.058258">
				<ele>410.000000</ele>
			</trkpt>
			<trkpt lat="49.419997" lon="18.058176">
				<ele>410.000000</ele>
			</trkpt>
			<trkpt lat="49.419711" lon="18.058050">
				<ele>410.000000</ele>
			</trkpt>
			<trkpt lat="49.419419" lon="18.057960">
				<ele>410.000000</ele>
			</trkpt>
			<trkpt lat="49.418642" lon="18.057782">
				<ele>410.000000</ele>
			</trkpt>
			<trkpt lat="49.418402" lon="18.057719">
				<ele>410.000000</ele>
			</trkpt>
			<trkpt lat="49.418198" lon="18.057637">
				<ele>410.000000</ele>
			</trkpt>
			<trkpt lat="49.418139" lon="18.057610">
				<ele>410.000000</ele>
			</trkpt>
			<trkpt lat="49.418098" lon="18.057566">
				<ele>410.000000</ele>
			</trkpt>
			<trkpt lat="49.418063" lon="18.057520">
				<ele>410.000000</ele>
			</trkpt>
			<trkpt lat="49.418028" lon="18.057449">
				<ele>410.000000</ele>
			</trkpt>
			<trkpt lat="49.418017" lon="18.057367">
				<ele>410.000000</ele>
			</trkpt>
			<trkpt lat="49.418005" lon="18.057296">
				<ele>410.000000</ele>
			</trkpt>
			<trkpt lat="49.418011" lon="18.057216">
				<ele>410.000000</ele>
			</trkpt>
			<trkpt lat="49.418022" lon="18.057134">
				<ele>410.000000</ele>
			</trkpt>
			<trkpt lat="49.418086" lon="18.056918">
				<ele>410.000000</ele>
			</trkpt>
			<trkpt lat="49.418186" lon="18.056677">
				<ele>410.000000</ele>
			</trkpt>
			<trkpt lat="49.418250" lon="18.056524">
				<ele>410.000000</ele>
			</trkpt>
			<trkpt lat="49.418338" lon="18.056388">
				<ele>409.000000</ele>
			</trkpt>
			<trkpt lat="49.418420" lon="18.056272">
				<ele>408.000000</ele>
			</trkpt>
			<trkpt lat="49.418525" lon="18.056155">
				<ele>407.000000</ele>
			</trkpt>
			<trkpt lat="49.418654" lon="18.056038">
				<ele>406.000000</ele>
			</trkpt>
			<trkpt lat="49.418788" lon="18.055922">
				<ele>405.000000</ele>
			</trkpt>
			<trkpt lat="49.418963" lon="18.055822">
				<ele>405.000000</ele>
			</trkpt>
			<trkpt lat="49.419302" lon="18.055616">
				<ele>404.000000</ele>
			</trkpt>
			<trkpt lat="49.419623" lon="18.055428">
				<ele>404.000000</ele>
			</trkpt>
			<trkpt lat="49.419804" lon="18.055329">
				<ele>404.000000</ele>
			</trkpt>
			<trkpt lat="49.419939" lon="18.055239">
				<ele>404.000000</ele>
			</trkpt>
			<trkpt lat="49.420453" lon="18.054870">
				<ele>403.000000</ele>
			</trkpt>
			<trkpt lat="49.420932" lon="18.054503">
				<ele>402.000000</ele>
			</trkpt>
			<trkpt lat="49.421055" lon="18.054386">
				<ele>402.000000</ele>
			</trkpt>
			<trkpt lat="49.421172" lon="18.054251">
				<ele>402.000000</ele>
			</trkpt>
			<trkpt lat="49.421278" lon="18.054090">
				<ele>401.000000</ele>
			</trkpt>
			<trkpt lat="49.421353" lon="18.053945">
				<ele>401.000000</ele>
			</trkpt>
			<trkpt lat="49.421400" lon="18.053801">
				<ele>401.000000</ele>
			</trkpt>
			<trkpt lat="49.421429" lon="18.053648">
				<ele>401.000000</ele>
			</trkpt>
			<trkpt lat="49.421505" lon="18.053325">
				<ele>401.000000</ele>
			</trkpt>
			<trkpt lat="49.421528" lon="18.053155">
				<ele>401.000000</ele>
			</trkpt>
			<trkpt lat="49.421528" lon="18.053029">
				<ele>400.000000</ele>
			</trkpt>
			<trkpt lat="49.421523" lon="18.052922">
				<ele>400.000000</ele>
			</trkpt>
			<trkpt lat="49.421505" lon="18.052813">
				<ele>400.000000</ele>
			</trkpt>
			<trkpt lat="49.421476" lon="18.052723">
				<ele>400.000000</ele>
			</trkpt>
			<trkpt lat="49.421429" lon="18.052643">
				<ele>400.000000</ele>
			</trkpt>
			<trkpt lat="49.421295" lon="18.052436">
				<ele>399.000000</ele>
			</trkpt>
			<trkpt lat="49.420600" lon="18.051511">
				<ele>396.000000</ele>
			</trkpt>
			<trkpt lat="49.420313" lon="18.051134">
				<ele>395.000000</ele>
			</trkpt>
			<trkpt lat="49.420243" lon="18.051052">
				<ele>395.000000</ele>
			</trkpt>
			<trkpt lat="49.420144" lon="18.050918">
				<ele>395.000000</ele>
			</trkpt>
			<trkpt lat="49.420056" lon="18.050819">
				<ele>395.000000</ele>
			</trkpt>
			<trkpt lat="49.419968" lon="18.050748">
				<ele>395.000000</ele>
			</trkpt>
			<trkpt lat="49.419875" lon="18.050694">
				<ele>395.000000</ele>
			</trkpt>
			<trkpt lat="49.419758" lon="18.050648">
				<ele>395.000000</ele>
			</trkpt>
			<trkpt lat="49.419647" lon="18.050631">
				<ele>395.000000</ele>
			</trkpt>
			<trkpt lat="49.419542" lon="18.050631">
				<ele>395.000000</ele>
			</trkpt>
			<trkpt lat="49.419413" lon="18.050658">
				<ele>395.000000</ele>
			</trkpt>
			<trkpt lat="49.418805" lon="18.050811">
				<ele>395.000000</ele>
			</trkpt>
			<trkpt lat="49.418402" lon="18.050909">
				<ele>395.000000</ele>
			</trkpt>
			<trkpt lat="49.418262" lon="18.050945">
				<ele>395.000000</ele>
			</trkpt>
			<trkpt lat="49.418127" lon="18.050945">
				<ele>395.000000</ele>
			</trkpt>
			<trkpt lat="49.418011" lon="18.050935">
				<ele>395.000000</ele>
			</trkpt>
			<trkpt lat="49.417911" lon="18.050918">
				<ele>395.000000</ele>
			</trkpt>
			<trkpt lat="49.417818" lon="18.050882">
				<ele>395.000000</ele>
			</trkpt>
			<trkpt lat="49.417707" lon="18.050828">
				<ele>395.000000</ele>
			</trkpt>
			<trkpt lat="49.417613" lon="18.050748">
				<ele>395.000000</ele>
			</trkpt>
			<trkpt lat="49.417508" lon="18.050658">
				<ele>395.000000</ele>
			</trkpt>
			<trkpt lat="49.417421" lon="18.050559">
				<ele>395.000000</ele>
			</trkpt>
			<trkpt lat="49.417350" lon="18.050459">
				<ele>395.000000</ele>
			</trkpt>
			<trkpt lat="49.417292" lon="18.050361">
				<ele>395.000000</ele>
			</trkpt>
			<trkpt lat="49.417240" lon="18.050253">
				<ele>395.000000</ele>
			</trkpt>
			<trkpt lat="49.417216" lon="18.050146">
				<ele>395.000000</ele>
			</trkpt>
			<trkpt lat="49.417180" lon="18.050002">
				<ele>395.000000</ele>
			</trkpt>
			<trkpt lat="49.417169" lon="18.049849">
				<ele>395.000000</ele>
			</trkpt>
			<trkpt lat="49.417163" lon="18.049687">
				<ele>395.000000</ele>
			</trkpt>
			<trkpt lat="49.417163" lon="18.047729">
				<ele>390.000000</ele>
			</trkpt>
			<trkpt lat="49.417180" lon="18.047369">
				<ele>390.000000</ele>
			</trkpt>
			<trkpt lat="49.417193" lon="18.047190">
				<ele>389.000000</ele>
			</trkpt>
			<trkpt lat="49.417227" lon="18.047029">
				<ele>389.000000</ele>
			</trkpt>
			<trkpt lat="49.417262" lon="18.046867">
				<ele>389.000000</ele>
			</trkpt>
			<trkpt lat="49.417315" lon="18.046677">
				<ele>389.000000</ele>
			</trkpt>
			<trkpt lat="49.417415" lon="18.046390">
				<ele>388.000000</ele>
			</trkpt>
			<trkpt lat="49.417449" lon="18.046283">
				<ele>388.000000</ele>
			</trkpt>
			<trkpt lat="49.417508" lon="18.046174">
				<ele>388.000000</ele>
			</trkpt>
			<trkpt lat="49.417543" lon="18.046121">
				<ele>388.000000</ele>
			</trkpt>
			<trkpt lat="49.417602" lon="18.046058">
				<ele>388.000000</ele>
			</trkpt>
			<trkpt lat="49.417666" lon="18.046022">
				<ele>388.000000</ele>
			</trkpt>
			<trkpt lat="49.417730" lon="18.045987">
				<ele>388.000000</ele>
			</trkpt>
			<trkpt lat="49.417882" lon="18.045941">
				<ele>387.000000</ele>
			</trkpt>
			<trkpt lat="49.418081" lon="18.045924">
				<ele>387.000000</ele>
			</trkpt>
			<trkpt lat="49.418256" lon="18.045905">
				<ele>386.000000</ele>
			</trkpt>
			<trkpt lat="49.418308" lon="18.045878">
				<ele>386.000000</ele>
			</trkpt>
			<trkpt lat="49.418355" lon="18.045842">
				<ele>386.000000</ele>
			</trkpt>
			<trkpt lat="49.418390" lon="18.045788">
				<ele>386.000000</ele>
			</trkpt>
			<trkpt lat="49.418420" lon="18.045725">
				<ele>386.000000</ele>
			</trkpt>
			<trkpt lat="49.418443" lon="18.045627">
				<ele>386.000000</ele>
			</trkpt>
			<trkpt lat="49.418455" lon="18.045537">
				<ele>386.000000</ele>
			</trkpt>
			<trkpt lat="49.418443" lon="18.045438">
				<ele>386.000000</ele>
			</trkpt>
			<trkpt lat="49.418431" lon="18.045322">
				<ele>386.000000</ele>
			</trkpt>
			<trkpt lat="49.418267" lon="18.044513">
				<ele>385.000000</ele>
			</trkpt>
			<trkpt lat="49.418267" lon="18.044513">
				<ele>385.000000</ele>
			</trkpt>
			<trkpt lat="49.418262" lon="18.044477">
				<ele>385.000000</ele>
			</trkpt>
			<trkpt lat="49.418110" lon="18.044576">
				<ele>386.000000</ele>
			</trkpt>
			<trkpt lat="49.417970" lon="18.044639">
				<ele>386.000000</ele>
			</trkpt>
			<trkpt lat="49.417771" lon="18.044675">
				<ele>386.000000</ele>
			</trkpt>
			<trkpt lat="49.417584" lon="18.044693">
				<ele>386.000000</ele>
			</trkpt>
			<trkpt lat="49.417438" lon="18.044683">
				<ele>387.000000</ele>
			</trkpt>
			<trkpt lat="49.416894" lon="18.044540">
				<ele>387.000000</ele>
			</trkpt>
			<trkpt lat="49.416760" lon="18.044522">
				<ele>388.000000</ele>
			</trkpt>
			<trkpt lat="49.416678" lon="18.044513">
				<ele>388.000000</ele>
			</trkpt>
			<trkpt lat="49.416608" lon="18.044522">
				<ele>388.000000</ele>
			</trkpt>
			<trkpt lat="49.416543" lon="18.044549">
				<ele>388.000000</ele>
			</trkpt>
			<trkpt lat="49.416480" lon="18.044585">
				<ele>388.000000</ele>
			</trkpt>
			<trkpt lat="49.416287" lon="18.044765">
				<ele>388.000000</ele>
			</trkpt>
			<trkpt lat="49.416205" lon="18.044845">
				<ele>388.000000</ele>
			</trkpt>
			<trkpt lat="49.416147" lon="18.044863">
				<ele>388.000000</ele>
			</trkpt>
			<trkpt lat="49.416076" lon="18.044890">
				<ele>389.000000</ele>
			</trkpt>
			<trkpt lat="49.415878" lon="18.044918">
				<ele>389.000000</ele>
			</trkpt>
			<trkpt lat="49.415731" lon="18.044953">
				<ele>389.000000</ele>
			</trkpt>
			<trkpt lat="49.415626" lon="18.044989">
				<ele>389.000000</ele>
			</trkpt>
			<trkpt lat="49.415516" lon="18.045035">
				<ele>389.000000</ele>
			</trkpt>
			<trkpt lat="49.415416" lon="18.045079">
				<ele>389.000000</ele>
			</trkpt>
			<trkpt lat="49.415322" lon="18.045159">
				<ele>390.000000</ele>
			</trkpt>
			<trkpt lat="49.415206" lon="18.045249">
				<ele>390.000000</ele>
			</trkpt>
			<trkpt lat="49.414972" lon="18.045484">
				<ele>390.000000</ele>
			</trkpt>
			<trkpt lat="49.414732" lon="18.045744">
				<ele>391.000000</ele>
			</trkpt>
			<trkpt lat="49.414574" lon="18.045897">
				<ele>391.000000</ele>
			</trkpt>
			<trkpt lat="49.414410" lon="18.046031">
				<ele>392.000000</ele>
			</trkpt>
			<trkpt lat="49.414206" lon="18.046140">
				<ele>392.000000</ele>
			</trkpt>
			<trkpt lat="49.414107" lon="18.046201">
				<ele>392.000000</ele>
			</trkpt>
			<trkpt lat="49.413323" lon="18.046580">
				<ele>394.000000</ele>
			</trkpt>
			<trkpt lat="49.412377" lon="18.047019">
				<ele>398.000000</ele>
			</trkpt>
			<trkpt lat="49.411331" lon="18.047505">
				<ele>401.000000</ele>
			</trkpt>
			<trkpt lat="49.411021" lon="18.047639">
				<ele>402.000000</ele>
			</trkpt>
			<trkpt lat="49.408964" lon="18.048547">
				<ele>410.000000</ele>
			</trkpt>
			<trkpt lat="49.408473" lon="18.048708">
				<ele>411.000000</ele>
			</trkpt>
			<trkpt lat="49.408034" lon="18.048843">
				<ele>412.000000</ele>
			</trkpt>
			<trkpt lat="49.407754" lon="18.048914">
				<ele>412.000000</ele>
			</trkpt>
			<trkpt lat="49.407531" lon="18.048924">
				<ele>412.000000</ele>
			</trkpt>
			<trkpt lat="49.407280" lon="18.048906">
				<ele>413.000000</ele>
			</trkpt>
			<trkpt lat="49.406982" lon="18.048834">
				<ele>413.000000</ele>
			</trkpt>
			<trkpt lat="49.406602" lon="18.048744">
				<ele>414.000000</ele>
			</trkpt>
			<trkpt lat="49.406456" lon="18.048735">
				<ele>414.000000</ele>
			</trkpt>
			<trkpt lat="49.406322" lon="18.048735">
				<ele>414.000000</ele>
			</trkpt>
			<trkpt lat="49.406128" lon="18.048753">
				<ele>414.000000</ele>
			</trkpt>
			<trkpt lat="49.405941" lon="18.048798">
				<ele>415.000000</ele>
			</trkpt>
			<trkpt lat="49.405725" lon="18.048878">
				<ele>415.000000</ele>
			</trkpt>
			<trkpt lat="49.405480" lon="18.049004">
				<ele>416.000000</ele>
			</trkpt>
			<trkpt lat="49.404480" lon="18.049580">
				<ele>420.000000</ele>
			</trkpt>
			<trkpt lat="49.403814" lon="18.049939">
				<ele>422.000000</ele>
			</trkpt>
			<trkpt lat="49.403212" lon="18.050253">
				<ele>424.000000</ele>
			</trkpt>
			<trkpt lat="49.402621" lon="18.050522">
				<ele>425.000000</ele>
			</trkpt>
			<trkpt lat="49.402393" lon="18.050604">
				<ele>426.000000</ele>
			</trkpt>
			<trkpt lat="49.402224" lon="18.050639">
				<ele>426.000000</ele>
			</trkpt>
			<trkpt lat="49.402148" lon="18.050631">
				<ele>427.000000</ele>
			</trkpt>
			<trkpt lat="49.401996" lon="18.050639">
				<ele>427.000000</ele>
			</trkpt>
			<trkpt lat="49.401861" lon="18.050612">
				<ele>427.000000</ele>
			</trkpt>
			<trkpt lat="49.401721" lon="18.050576">
				<ele>428.000000</ele>
			</trkpt>
			<trkpt lat="49.401551" lon="18.050522">
				<ele>428.000000</ele>
			</trkpt>
			<trkpt lat="49.401329" lon="18.050442">
				<ele>429.000000</ele>
			</trkpt>
			<trkpt lat="49.401113" lon="18.050388">
				<ele>429.000000</ele>
			</trkpt>
			<trkpt lat="49.400908" lon="18.050335">
				<ele>430.000000</ele>
			</trkpt>
			<trkpt lat="49.400710" lon="18.050308">
				<ele>430.000000</ele>
			</trkpt>
			<trkpt lat="49.400511" lon="18.050298">
				<ele>431.000000</ele>
			</trkpt>
			<trkpt lat="49.400271" lon="18.050298">
				<ele>432.000000</ele>
			</trkpt>
			<trkpt lat="49.399705" lon="18.050343">
				<ele>433.000000</ele>
			</trkpt>
			<trkpt lat="49.399330" lon="18.050388">
				<ele>434.000000</ele>
			</trkpt>
			<trkpt lat="49.398851" lon="18.050451">
				<ele>436.000000</ele>
			</trkpt>
			<trkpt lat="49.397477" lon="18.050685">
				<ele>440.000000</ele>
			</trkpt>
			<trkpt lat="49.397155" lon="18.050748">
				<ele>442.000000</ele>
			</trkpt>
			<trkpt lat="49.397044" lon="18.050765">
				<ele>442.000000</ele>
			</trkpt>
			<trkpt lat="49.396945" lon="18.050801">
				<ele>442.000000</ele>
			</trkpt>
			<trkpt lat="49.396851" lon="18.050855">
				<ele>443.000000</ele>
			</trkpt>
			<trkpt lat="49.396770" lon="18.050901">
				<ele>443.000000</ele>
			</trkpt>
			<trkpt lat="49.396699" lon="18.050972">
				<ele>444.000000</ele>
			</trkpt>
			<trkpt lat="49.396617" lon="18.051044">
				<ele>444.000000</ele>
			</trkpt>
			<trkpt lat="49.396542" lon="18.051134">
				<ele>444.000000</ele>
			</trkpt>
			<trkpt lat="49.396465" lon="18.051241">
				<ele>445.000000</ele>
			</trkpt>
			<trkpt lat="49.395904" lon="18.052032">
				<ele>448.000000</ele>
			</trkpt>
			<trkpt lat="49.395384" lon="18.052786">
				<ele>451.000000</ele>
			</trkpt>
			<trkpt lat="49.395045" lon="18.053226">
				<ele>453.000000</ele>
			</trkpt>
			<trkpt lat="49.394740" lon="18.053604">
				<ele>454.000000</ele>
			</trkpt>
			<trkpt lat="49.394267" lon="18.054197">
				<ele>457.000000</ele>
			</trkpt>
			<trkpt lat="49.393969" lon="18.054538">
				<ele>459.000000</ele>
			</trkpt>
			<trkpt lat="49.393753" lon="18.054799">
				<ele>461.000000</ele>
			</trkpt>
			<trkpt lat="49.393641" lon="18.054897">
				<ele>462.000000</ele>
			</trkpt>
			<trkpt lat="49.393542" lon="18.054987">
				<ele>463.000000</ele>
			</trkpt>
			<trkpt lat="49.393431" lon="18.055042">
				<ele>464.000000</ele>
			</trkpt>
			<trkpt lat="49.393379" lon="18.055050">
				<ele>464.000000</ele>
			</trkpt>
			<trkpt lat="49.393326" lon="18.055050">
				<ele>464.000000</ele>
			</trkpt>
			<trkpt lat="49.393226" lon="18.055023">
				<ele>465.000000</ele>
			</trkpt>
			<trkpt lat="49.393121" lon="18.054952">
				<ele>466.000000</ele>
			</trkpt>
			<trkpt lat="49.393004" lon="18.054817">
				<ele>467.000000</ele>
			</trkpt>
			<trkpt lat="49.392928" lon="18.054673">
				<ele>468.000000</ele>
			</trkpt>
			<trkpt lat="49.392893" lon="18.054593">
				<ele>468.000000</ele>
			</trkpt>
			<trkpt lat="49.392864" lon="18.054484">
				<ele>469.000000</ele>
			</trkpt>
			<trkpt lat="49.392823" lon="18.054268">
				<ele>470.000000</ele>
			</trkpt>
			<trkpt lat="49.392817" lon="18.054143">
				<ele>471.000000</ele>
			</trkpt>
			<trkpt lat="49.392823" lon="18.054027">
				<ele>471.000000</ele>
			</trkpt>
			<trkpt lat="49.392846" lon="18.053775">
				<ele>472.000000</ele>
			</trkpt>
			<trkpt lat="49.392887" lon="18.053514">
				<ele>474.000000</ele>
			</trkpt>
			<trkpt lat="49.392969" lon="18.053209">
				<ele>475.000000</ele>
			</trkpt>
			<trkpt lat="49.393098" lon="18.052822">
				<ele>478.000000</ele>
			</trkpt>
			<trkpt lat="49.393191" lon="18.052517">
				<ele>479.000000</ele>
			</trkpt>
			<trkpt lat="49.393261" lon="18.052283">
				<ele>481.000000</ele>
			</trkpt>
			<trkpt lat="49.393302" lon="18.052067">
				<ele>482.000000</ele>
			</trkpt>
			<trkpt lat="49.393343" lon="18.051853">
				<ele>483.000000</ele>
			</trkpt>
			<trkpt lat="49.393361" lon="18.051627">
				<ele>484.000000</ele>
			</trkpt>
			<trkpt lat="49.393367" lon="18.051385">
				<ele>485.000000</ele>
			</trkpt>
			<trkpt lat="49.393355" lon="18.051188">
				<ele>486.000000</ele>
			</trkpt>
			<trkpt lat="49.393326" lon="18.050964">
				<ele>487.000000</ele>
			</trkpt>
			<trkpt lat="49.393033" lon="18.049400">
				<ele>492.000000</ele>
			</trkpt>
			<trkpt lat="49.392992" lon="18.049193">
				<ele>492.000000</ele>
			</trkpt>
			<trkpt lat="49.392987" lon="18.049067">
				<ele>492.000000</ele>
			</trkpt>
			<trkpt lat="49.392992" lon="18.048960">
				<ele>493.000000</ele>
			</trkpt>
			<trkpt lat="49.393022" lon="18.048825">
				<ele>493.000000</ele>
			</trkpt>
			<trkpt lat="49.393039" lon="18.048771">
				<ele>493.000000</ele>
			</trkpt>
			<trkpt lat="49.393069" lon="18.048717">
				<ele>493.000000</ele>
			</trkpt>
			<trkpt lat="49.393098" lon="18.048681">
				<ele>494.000000</ele>
			</trkpt>
			<trkpt lat="49.393145" lon="18.048637">
				<ele>494.000000</ele>
			</trkpt>
			<trkpt lat="49.393232" lon="18.048601">
				<ele>494.000000</ele>
			</trkpt>
			<trkpt lat="49.393361" lon="18.048610">
				<ele>495.000000</ele>
			</trkpt>
			<trkpt lat="49.393688" lon="18.048664">
				<ele>497.000000</ele>
			</trkpt>
			<trkpt lat="49.394121" lon="18.048727">
				<ele>501.000000</ele>
			</trkpt>
			<trkpt lat="49.394267" lon="18.048753">
				<ele>502.000000</ele>
			</trkpt>
			<trkpt lat="49.394407" lon="18.048744">
				<ele>504.000000</ele>
			</trkpt>
			<trkpt lat="49.394542" lon="18.048727">
				<ele>505.000000</ele>
			</trkpt>
			<trkpt lat="49.394671" lon="18.048690">
				<ele>506.000000</ele>
			</trkpt>
			<trkpt lat="49.394787" lon="18.048627">
				<ele>507.000000</ele>
			</trkpt>
			<trkpt lat="49.394893" lon="18.048564">
				<ele>508.000000</ele>
			</trkpt>
			<trkpt lat="49.394998" lon="18.048474">
				<ele>509.000000</ele>
			</trkpt>
			<trkpt lat="49.395092" lon="18.048375">
				<ele>510.000000</ele>
			</trkpt>
			<trkpt lat="49.395466" lon="18.047945">
				<ele>513.000000</ele>
			</trkpt>
			<trkpt lat="49.395957" lon="18.047325">
				<ele>519.000000</ele>
			</trkpt>
			<trkpt lat="49.397524" lon="18.045339">
				<ele>537.000000</ele>
			</trkpt>
			<trkpt lat="49.397652" lon="18.045169">
				<ele>539.000000</ele>
			</trkpt>
			<trkpt lat="49.397746" lon="18.045035">
				<ele>540.000000</ele>
			</trkpt>
			<trkpt lat="49.397839" lon="18.044863">
				<ele>540.000000</ele>
			</trkpt>
			<trkpt lat="49.397909" lon="18.044719">
				<ele>541.000000</ele>
			</trkpt>
			<trkpt lat="49.397974" lon="18.044532">
				<ele>541.000000</ele>
			</trkpt>
			<trkpt lat="49.398026" lon="18.044352">
				<ele>542.000000</ele>
			</trkpt>
			<trkpt lat="49.398067" lon="18.044163">
				<ele>542.000000</ele>
			</trkpt>
			<trkpt lat="49.398097" lon="18.043956">
				<ele>543.000000</ele>
			</trkpt>
			<trkpt lat="49.398190" lon="18.043111">
				<ele>545.000000</ele>
			</trkpt>
			<trkpt lat="49.398278" lon="18.042159">
				<ele>547.000000</ele>
			</trkpt>
			<trkpt lat="49.398284" lon="18.041953">
				<ele>547.000000</ele>
			</trkpt>
			<trkpt lat="49.398278" lon="18.041853">
				<ele>548.000000</ele>
			</trkpt>
			<trkpt lat="49.398260" lon="18.041773">
				<ele>548.000000</ele>
			</trkpt>
			<trkpt lat="49.398237" lon="18.041719">
				<ele>548.000000</ele>
			</trkpt>
			<trkpt lat="49.398202" lon="18.041656">
				<ele>548.000000</ele>
			</trkpt>
			<trkpt lat="49.398167" lon="18.041629">
				<ele>548.000000</ele>
			</trkpt>
			<trkpt lat="49.398126" lon="18.041603">
				<ele>548.000000</ele>
			</trkpt>
			<trkpt lat="49.398079" lon="18.041593">
				<ele>549.000000</ele>
			</trkpt>
			<trkpt lat="49.398044" lon="18.041612">
				<ele>549.000000</ele>
			</trkpt>
			<trkpt lat="49.398003" lon="18.041639">
				<ele>549.000000</ele>
			</trkpt>
			<trkpt lat="49.397962" lon="18.041674">
				<ele>549.000000</ele>
			</trkpt>
			<trkpt lat="49.397916" lon="18.041737">
				<ele>549.000000</ele>
			</trkpt>
			<trkpt lat="49.397875" lon="18.041836">
				<ele>549.000000</ele>
			</trkpt>
			<trkpt lat="49.397845" lon="18.041970">
				<ele>550.000000</ele>
			</trkpt>
			<trkpt lat="49.397828" lon="18.042159">
				<ele>550.000000</ele>
			</trkpt>
			<trkpt lat="49.397793" lon="18.042887">
				<ele>553.000000</ele>
			</trkpt>
			<trkpt lat="49.397769" lon="18.043121">
				<ele>553.000000</ele>
			</trkpt>
			<trkpt lat="49.397734" lon="18.043310">
				<ele>554.000000</ele>
			</trkpt>
			<trkpt lat="49.397688" lon="18.043480">
				<ele>554.000000</ele>
			</trkpt>
			<trkpt lat="49.397629" lon="18.043606">
				<ele>555.000000</ele>
			</trkpt>
			<trkpt lat="49.397553" lon="18.043731">
				<ele>556.000000</ele>
			</trkpt>
			<trkpt lat="49.397454" lon="18.043830">
				<ele>556.000000</ele>
			</trkpt>
			<trkpt lat="49.397337" lon="18.043920">
				<ele>557.000000</ele>
			</trkpt>
			<trkpt lat="49.397196" lon="18.044001">
				<ele>558.000000</ele>
			</trkpt>
			<trkpt lat="49.396430" lon="18.044333">
				<ele>564.000000</ele>
			</trkpt>
			<trkpt lat="49.395518" lon="18.044773">
				<ele>572.000000</ele>
			</trkpt>
			<trkpt lat="49.395302" lon="18.044872">
				<ele>573.000000</ele>
			</trkpt>
			<trkpt lat="49.395115" lon="18.044918">
				<ele>575.000000</ele>
			</trkpt>
			<trkpt lat="49.395021" lon="18.044926">
				<ele>575.000000</ele>
			</trkpt>
			<trkpt lat="49.394916" lon="18.044918">
				<ele>576.000000</ele>
			</trkpt>
			<trkpt lat="49.394700" lon="18.044863">
				<ele>577.000000</ele>
			</trkpt>
			<trkpt lat="49.394039" lon="18.044603">
				<ele>581.000000</ele>
			</trkpt>
			<trkpt lat="49.393852" lon="18.044522">
				<ele>583.000000</ele>
			</trkpt>
			<trkpt lat="49.393712" lon="18.044442">
				<ele>583.000000</ele>
			</trkpt>
			<trkpt lat="49.393577" lon="18.044343">
				<ele>584.000000</ele>
			</trkpt>
			<trkpt lat="49.393448" lon="18.044207">
				<ele>585.000000</ele>
			</trkpt>
			<trkpt lat="49.393332" lon="18.044100">
				<ele>586.000000</ele>
			</trkpt>
			<trkpt lat="49.393226" lon="18.044001">
				<ele>586.000000</ele>
			</trkpt>
			<trkpt lat="49.393121" lon="18.043920">
				<ele>587.000000</ele>
			</trkpt>
			<trkpt lat="49.393016" lon="18.043866">
				<ele>587.000000</ele>
			</trkpt>
			<trkpt lat="49.392495" lon="18.043606">
				<ele>590.000000</ele>
			</trkpt>
			<trkpt lat="49.391612" lon="18.043184">
				<ele>597.000000</ele>
			</trkpt>
			<trkpt lat="49.391168" lon="18.042977">
				<ele>600.000000</ele>
			</trkpt>
			<trkpt lat="49.390975" lon="18.042905">
				<ele>601.000000</ele>
			</trkpt>
			<trkpt lat="49.390894" lon="18.042887">
				<ele>602.000000</ele>
			</trkpt>
			<trkpt lat="49.390829" lon="18.042887">
				<ele>602.000000</ele>
			</trkpt>
			<trkpt lat="49.390759" lon="18.042895">
				<ele>602.000000</ele>
			</trkpt>
			<trkpt lat="49.390694" lon="18.042924">
				<ele>603.000000</ele>
			</trkpt>
			<trkpt lat="49.390619" lon="18.042959">
				<ele>603.000000</ele>
			</trkpt>
			<trkpt lat="49.390554" lon="18.043004">
				<ele>604.000000</ele>
			</trkpt>
			<trkpt lat="49.389654" lon="18.043723">
				<ele>610.000000</ele>
			</trkpt>
			<trkpt lat="49.389268" lon="18.044046">
				<ele>614.000000</ele>
			</trkpt>
			<trkpt lat="49.389151" lon="18.044144">
				<ele>615.000000</ele>
			</trkpt>
			<trkpt lat="49.389058" lon="18.044262">
				<ele>615.000000</ele>
			</trkpt>
			<trkpt lat="49.388964" lon="18.044396">
				<ele>616.000000</ele>
			</trkpt>
			<trkpt lat="49.388888" lon="18.044532">
				<ele>617.000000</ele>
			</trkpt>
			<trkpt lat="49.388830" lon="18.044675">
				<ele>618.000000</ele>
			</trkpt>
			<trkpt lat="49.388759" lon="18.044855">
				<ele>619.000000</ele>
			</trkpt>
			<trkpt lat="49.388701" lon="18.045043">
				<ele>620.000000</ele>
			</trkpt>
			<trkpt lat="49.388660" lon="18.045249">
				<ele>621.000000</ele>
			</trkpt>
			<trkpt lat="49.388426" lon="18.046364">
				<ele>627.000000</ele>
			</trkpt>
			<trkpt lat="49.388396" lon="18.046471">
				<ele>627.000000</ele>
			</trkpt>
			<trkpt lat="49.388355" lon="18.046561">
				<ele>628.000000</ele>
			</trkpt>
			<trkpt lat="49.388309" lon="18.046633">
				<ele>628.000000</ele>
			</trkpt>
			<trkpt lat="49.388262" lon="18.046696">
				<ele>628.000000</ele>
			</trkpt>
			<trkpt lat="49.388198" lon="18.046750">
				<ele>629.000000</ele>
			</trkpt>
			<trkpt lat="49.388127" lon="18.046794">
				<ele>629.000000</ele>
			</trkpt>
			<trkpt lat="49.388034" lon="18.046822">
				<ele>630.000000</ele>
			</trkpt>
			<trkpt lat="49.387946" lon="18.046830">
				<ele>631.000000</ele>
			</trkpt>
			<trkpt lat="49.387876" lon="18.046822">
				<ele>631.000000</ele>
			</trkpt>
			<trkpt lat="49.387794" lon="18.046794">
				<ele>632.000000</ele>
			</trkpt>
			<trkpt lat="49.387724" lon="18.046732">
				<ele>632.000000</ele>
			</trkpt>
			<trkpt lat="49.387660" lon="18.046660">
				<ele>633.000000</ele>
			</trkpt>
			<trkpt lat="49.387602" lon="18.046570">
				<ele>634.000000</ele>
			</trkpt>
			<trkpt lat="49.387543" lon="18.046444">
				<ele>634.000000</ele>
			</trkpt>
			<trkpt lat="49.387490" lon="18.046301">
				<ele>635.000000</ele>
			</trkpt>
			<trkpt lat="49.387444" lon="18.046140">
				<ele>636.000000</ele>
			</trkpt>
			<trkpt lat="49.387286" lon="18.045511">
				<ele>639.000000</ele>
			</trkpt>
			<trkpt lat="49.387145" lon="18.045043">
				<ele>642.000000</ele>
			</trkpt>
			<trkpt lat="49.387081" lon="18.044836">
				<ele>643.000000</ele>
			</trkpt>
			<trkpt lat="49.386988" lon="18.044630">
				<ele>645.000000</ele>
			</trkpt>
			<trkpt lat="49.386882" lon="18.044459">
				<ele>646.000000</ele>
			</trkpt>
			<trkpt lat="49.386771" lon="18.044306">
				<ele>647.000000</ele>
			</trkpt>
			<trkpt lat="49.386648" lon="18.044153">
				<ele>648.000000</ele>
			</trkpt>
			<trkpt lat="49.386496" lon="18.044027">
				<ele>649.000000</ele>
			</trkpt>
			<trkpt lat="49.386332" lon="18.043903">
				<ele>651.000000</ele>
			</trkpt>
			<trkpt lat="49.386151" lon="18.043794">
				<ele>652.000000</ele>
			</trkpt>
			<trkpt lat="49.386011" lon="18.043731">
				<ele>653.000000</ele>
			</trkpt>
			<trkpt lat="49.385754" lon="18.043633">
				<ele>655.000000</ele>
			</trkpt>
			<trkpt lat="49.385479" lon="18.043516">
				<ele>657.000000</ele>
			</trkpt>
			<trkpt lat="49.385479" lon="18.043516">
				<ele>657.000000</ele>
			</trkpt>
			<trkpt lat="49.384970" lon="18.043310">
				<ele>662.000000</ele>
			</trkpt>
			<trkpt lat="49.384900" lon="18.043274">
				<ele>662.000000</ele>
			</trkpt>
			<trkpt lat="49.384818" lon="18.043228">
				<ele>663.000000</ele>
			</trkpt>
			<trkpt lat="49.384748" lon="18.043157">
				<ele>663.000000</ele>
			</trkpt>
			<trkpt lat="49.384671" lon="18.043058">
				<ele>664.000000</ele>
			</trkpt>
			<trkpt lat="49.384602" lon="18.042932">
				<ele>665.000000</ele>
			</trkpt>
			<trkpt lat="49.384525" lon="18.042788">
				<ele>665.000000</ele>
			</trkpt>
			<trkpt lat="49.383467" lon="18.040498">
				<ele>669.000000</ele>
			</trkpt>
			<trkpt lat="49.383186" lon="18.039878">
				<ele>670.000000</ele>
			</trkpt>
			<trkpt lat="49.382876" lon="18.039142">
				<ele>669.000000</ele>
			</trkpt>
			<trkpt lat="49.382648" lon="18.038576">
				<ele>668.000000</ele>
			</trkpt>
			<trkpt lat="49.382344" lon="18.037722">
				<ele>666.000000</ele>
			</trkpt>
			<trkpt lat="49.382145" lon="18.037138">
				<ele>665.000000</ele>
			</trkpt>
			<trkpt lat="49.382075" lon="18.036968">
				<ele>665.000000</ele>
			</trkpt>
			<trkpt lat="49.382011" lon="18.036815">
				<ele>664.000000</ele>
			</trkpt>
			<trkpt lat="49.381935" lon="18.036689">
				<ele>663.000000</ele>
			</trkpt>
			<trkpt lat="49.381847" lon="18.036553">
				<ele>662.000000</ele>
			</trkpt>
			<trkpt lat="49.381742" lon="18.036410">
				<ele>661.000000</ele>
			</trkpt>
			<trkpt lat="49.381561" lon="18.036194">
				<ele>659.000000</ele>
			</trkpt>
			<trkpt lat="49.381409" lon="18.036024">
				<ele>657.000000</ele>
			</trkpt>
			<trkpt lat="49.381046" lon="18.035611">
				<ele>653.000000</ele>
			</trkpt>
			<trkpt lat="49.380660" lon="18.035215">
				<ele>649.000000</ele>
			</trkpt>
			<trkpt lat="49.380379" lon="18.034911">
				<ele>646.000000</ele>
			</trkpt>
			<trkpt lat="49.380204" lon="18.034695">
				<ele>644.000000</ele>
			</trkpt>
			<trkpt lat="49.380134" lon="18.034578">
				<ele>643.000000</ele>
			</trkpt>
			<trkpt lat="49.380057" lon="18.034452">
				<ele>642.000000</ele>
			</trkpt>
			<trkpt lat="49.380005" lon="18.034318">
				<ele>641.000000</ele>
			</trkpt>
			<trkpt lat="49.379947" lon="18.034182">
				<ele>640.000000</ele>
			</trkpt>
			<trkpt lat="49.379906" lon="18.034039">
				<ele>639.000000</ele>
			</trkpt>
			<trkpt lat="49.379865" lon="18.033869">
				<ele>638.000000</ele>
			</trkpt>
			<trkpt lat="49.379818" lon="18.033616">
				<ele>636.000000</ele>
			</trkpt>
			<trkpt lat="49.379795" lon="18.033427">
				<ele>635.000000</ele>
			</trkpt>
			<trkpt lat="49.379718" lon="18.032691">
				<ele>631.000000</ele>
			</trkpt>
			<trkpt lat="49.379689" lon="18.032341">
				<ele>629.000000</ele>
			</trkpt>
			<trkpt lat="49.379567" lon="18.031164">
				<ele>623.000000</ele>
			</trkpt>
			<trkpt lat="49.379526" lon="18.030706">
				<ele>621.000000</ele>
			</trkpt>
			<trkpt lat="49.379490" lon="18.030293">
				<ele>619.000000</ele>
			</trkpt>
			<trkpt lat="49.379479" lon="18.030032">
				<ele>617.000000</ele>
			</trkpt>
			<trkpt lat="49.379479" lon="18.029781">
				<ele>616.000000</ele>
			</trkpt>
			<trkpt lat="49.379496" lon="18.029494">
				<ele>615.000000</ele>
			</trkpt>
			<trkpt lat="49.379496" lon="18.029314">
				<ele>614.000000</ele>
			</trkpt>
			<trkpt lat="49.379485" lon="18.029161">
				<ele>613.000000</ele>
			</trkpt>
			<trkpt lat="49.379455" lon="18.028999">
				<ele>612.000000</ele>
			</trkpt>
			<trkpt lat="49.379397" lon="18.028729">
				<ele>611.000000</ele>
			</trkpt>
			<trkpt lat="49.379286" lon="18.028217">
				<ele>608.000000</ele>
			</trkpt>
			<trkpt lat="49.379245" lon="18.028003">
				<ele>607.000000</ele>
			</trkpt>
			<trkpt lat="49.379221" lon="18.027796">
				<ele>606.000000</ele>
			</trkpt>
			<trkpt lat="49.379180" lon="18.027311">
				<ele>604.000000</ele>
			</trkpt>
			<trkpt lat="49.379128" lon="18.026205">
				<ele>599.000000</ele>
			</trkpt>
			<trkpt lat="49.379116" lon="18.025980">
				<ele>598.000000</ele>
			</trkpt>
			<trkpt lat="49.379122" lon="18.025792">
				<ele>597.000000</ele>
			</trkpt>
			<trkpt lat="49.379139" lon="18.025586">
				<ele>596.000000</ele>
			</trkpt>
			<trkpt lat="49.379163" lon="18.025343">
				<ele>595.000000</ele>
			</trkpt>
			<trkpt lat="49.379204" lon="18.025083">
				<ele>594.000000</ele>
			</trkpt>
			<trkpt lat="49.379198" lon="18.025001">
				<ele>594.000000</ele>
			</trkpt>
			<trkpt lat="49.379192" lon="18.024938">
				<ele>594.000000</ele>
			</trkpt>
			<trkpt lat="49.379163" lon="18.024903">
				<ele>594.000000</ele>
			</trkpt>
			<trkpt lat="49.379122" lon="18.024858">
				<ele>593.000000</ele>
			</trkpt>
			<trkpt lat="49.379087" lon="18.024848">
				<ele>593.000000</ele>
			</trkpt>
			<trkpt lat="49.379058" lon="18.024867">
				<ele>593.000000</ele>
			</trkpt>
			<trkpt lat="49.379028" lon="18.024894">
				<ele>593.000000</ele>
			</trkpt>
			<trkpt lat="49.379005" lon="18.024930">
				<ele>593.000000</ele>
			</trkpt>
			<trkpt lat="49.378964" lon="18.025056">
				<ele>592.000000</ele>
			</trkpt>
			<trkpt lat="49.378929" lon="18.025217">
				<ele>591.000000</ele>
			</trkpt>
			<trkpt lat="49.378748" lon="18.026511">
				<ele>585.000000</ele>
			</trkpt>
			<trkpt lat="49.378677" lon="18.027050">
				<ele>583.000000</ele>
			</trkpt>
			<trkpt lat="49.378630" lon="18.027733">
				<ele>579.000000</ele>
			</trkpt>
			<trkpt lat="49.378584" lon="18.028559">
				<ele>576.000000</ele>
			</trkpt>
			<trkpt lat="49.378555" lon="18.028936">
				<ele>574.000000</ele>
			</trkpt>
			<trkpt lat="49.378537" lon="18.029053">
				<ele>573.000000</ele>
			</trkpt>
			<trkpt lat="49.378496" lon="18.029134">
				<ele>573.000000</ele>
			</trkpt>
			<trkpt lat="49.378449" lon="18.029179">
				<ele>572.000000</ele>
			</trkpt>
			<trkpt lat="49.378385" lon="18.029188">
				<ele>572.000000</ele>
			</trkpt>
			<trkpt lat="49.378362" lon="18.029179">
				<ele>572.000000</ele>
			</trkpt>
			<trkpt lat="49.378327" lon="18.029161">
				<ele>571.000000</ele>
			</trkpt>
			<trkpt lat="49.378297" lon="18.029116">
				<ele>571.000000</ele>
			</trkpt>
			<trkpt lat="49.378274" lon="18.029071">
				<ele>571.000000</ele>
			</trkpt>
			<trkpt lat="49.378250" lon="18.028963">
				<ele>570.000000</ele>
			</trkpt>
			<trkpt lat="49.378227" lon="18.028766">
				<ele>569.000000</ele>
			</trkpt>
			<trkpt lat="49.378040" lon="18.026555">
				<ele>558.000000</ele>
			</trkpt>
			<trkpt lat="49.377940" lon="18.025280">
				<ele>551.000000</ele>
			</trkpt>
			<trkpt lat="49.377906" lon="18.024930">
				<ele>550.000000</ele>
			</trkpt>
			<trkpt lat="49.377876" lon="18.024724">
				<ele>549.000000</ele>
			</trkpt>
			<trkpt lat="49.377835" lon="18.024544">
				<ele>548.000000</ele>
			</trkpt>
			<trkpt lat="49.377765" lon="18.024328">
				<ele>546.000000</ele>
			</trkpt>
			<trkpt lat="49.377490" lon="18.023529">
				<ele>541.000000</ele>
			</trkpt>
			<trkpt lat="49.377180" lon="18.022613">
				<ele>534.000000</ele>
			</trkpt>
			<trkpt lat="49.377122" lon="18.022433">
				<ele>533.000000</ele>
			</trkpt>
			<trkpt lat="49.376969" lon="18.022047">
				<ele>530.000000</ele>
			</trkpt>
			<trkpt lat="49.376817" lon="18.021714">
				<ele>528.000000</ele>
			</trkpt>
			<trkpt lat="49.376648" lon="18.021381">
				<ele>526.000000</ele>
			</trkpt>
			<trkpt lat="49.376443" lon="18.021022">
				<ele>523.000000</ele>
			</trkpt>
			<trkpt lat="49.376262" lon="18.020735">
				<ele>521.000000</ele>
			</trkpt>
			<trkpt lat="49.376121" lon="18.020563">
				<ele>520.000000</ele>
			</trkpt>
			<trkpt lat="49.375934" lon="18.020384">
				<ele>518.000000</ele>
			</trkpt>
			<trkpt lat="49.375648" lon="18.020160">
				<ele>516.000000</ele>
			</trkpt>
			<trkpt lat="49.375186" lon="18.019837">
				<ele>512.000000</ele>
			</trkpt>
			<trkpt lat="49.374735" lon="18.019531">
				<ele>507.000000</ele>
			</trkpt>
			<trkpt lat="49.373530" lon="18.018749">
				<ele>496.000000</ele>
			</trkpt>
			<trkpt lat="49.373337" lon="18.018642">
				<ele>494.000000</ele>
			</trkpt>
			<trkpt lat="49.373167" lon="18.018561">
				<ele>493.000000</ele>
			</trkpt>
			<trkpt lat="49.372969" lon="18.018525">
				<ele>491.000000</ele>
			</trkpt>
			<trkpt lat="49.372735" lon="18.018498">
				<ele>489.000000</ele>
			</trkpt>
			<trkpt lat="49.372361" lon="18.018444">
				<ele>487.000000</ele>
			</trkpt>
			<trkpt lat="49.372243" lon="18.018408">
				<ele>486.000000</ele>
			</trkpt>
			<trkpt lat="49.372127" lon="18.018381">
				<ele>485.000000</ele>
			</trkpt>
			<trkpt lat="49.372021" lon="18.018318">
				<ele>484.000000</ele>
			</trkpt>
			<trkpt lat="49.371928" lon="18.018255">
				<ele>483.000000</ele>
			</trkpt>
			<trkpt lat="49.371811" lon="18.018148">
				<ele>482.000000</ele>
			</trkpt>
			<trkpt lat="49.371717" lon="18.018049">
				<ele>481.000000</ele>
			</trkpt>
			<trkpt lat="49.371506" lon="18.017806">
				<ele>479.000000</ele>
			</trkpt>
			<trkpt lat="49.371244" lon="18.017483">
				<ele>476.000000</ele>
			</trkpt>
			<trkpt lat="49.370922" lon="18.017060">
				<ele>473.000000</ele>
			</trkpt>
			<trkpt lat="49.370495" lon="18.016567">
				<ele>470.000000</ele>
			</trkpt>
			<trkpt lat="49.370314" lon="18.016351">
				<ele>468.000000</ele>
			</trkpt>
			<trkpt lat="49.370138" lon="18.016118">
				<ele>466.000000</ele>
			</trkpt>
			<trkpt lat="49.369705" lon="18.015470">
				<ele>462.000000</ele>
			</trkpt>
			<trkpt lat="49.369530" lon="18.015229">
				<ele>460.000000</ele>
			</trkpt>
			<trkpt lat="49.369348" lon="18.014994">
				<ele>459.000000</ele>
			</trkpt>
			<trkpt lat="49.369126" lon="18.014779">
				<ele>457.000000</ele>
			</trkpt>
			<trkpt lat="49.368933" lon="18.014617">
				<ele>455.000000</ele>
			</trkpt>
			<trkpt lat="49.368822" lon="18.014554">
				<ele>454.000000</ele>
			</trkpt>
			<trkpt lat="49.368687" lon="18.014500">
				<ele>453.000000</ele>
			</trkpt>
			<trkpt lat="49.368301" lon="18.014410">
				<ele>450.000000</ele>
			</trkpt>
			<trkpt lat="49.368067" lon="18.014366">
				<ele>448.000000</ele>
			</trkpt>
			<trkpt lat="49.367868" lon="18.014384">
				<ele>447.000000</ele>
			</trkpt>
			<trkpt lat="49.367664" lon="18.014428">
				<ele>445.000000</ele>
			</trkpt>
			<trkpt lat="49.367424" lon="18.014518">
				<ele>444.000000</ele>
			</trkpt>
			<trkpt lat="49.367213" lon="18.014617">
				<ele>442.000000</ele>
			</trkpt>
			<trkpt lat="49.367026" lon="18.014680">
				<ele>441.000000</ele>
			</trkpt>
			<trkpt lat="49.366844" lon="18.014707">
				<ele>440.000000</ele>
			</trkpt>
			<trkpt lat="49.366616" lon="18.014734">
				<ele>439.000000</ele>
			</trkpt>
			<trkpt lat="49.366464" lon="18.014724">
				<ele>438.000000</ele>
			</trkpt>
			<trkpt lat="49.366330" lon="18.014716">
				<ele>437.000000</ele>
			</trkpt>
			<trkpt lat="49.366206" lon="18.014671">
				<ele>436.000000</ele>
			</trkpt>
			<trkpt lat="49.366066" lon="18.014600">
				<ele>435.000000</ele>
			</trkpt>
			<trkpt lat="49.365932" lon="18.014500">
				<ele>435.000000</ele>
			</trkpt>
			<trkpt lat="49.365809" lon="18.014384">
				<ele>434.000000</ele>
			</trkpt>
			<trkpt lat="49.365423" lon="18.013934">
				<ele>431.000000</ele>
			</trkpt>
			<trkpt lat="49.365288" lon="18.013745">
				<ele>430.000000</ele>
			</trkpt>
			<trkpt lat="49.365189" lon="18.013584">
				<ele>430.000000</ele>
			</trkpt>
			<trkpt lat="49.365113" lon="18.013414">
				<ele>429.000000</ele>
			</trkpt>
			<trkpt lat="49.365078" lon="18.013216">
				<ele>429.000000</ele>
			</trkpt>
			<trkpt lat="49.365037" lon="18.012955">
				<ele>428.000000</ele>
			</trkpt>
			<trkpt lat="49.365019" lon="18.012650">
				<ele>427.000000</ele>
			</trkpt>
			<trkpt lat="49.365019" lon="18.012317">
				<ele>427.000000</ele>
			</trkpt>
			<trkpt lat="49.365042" lon="18.012003">
				<ele>426.000000</ele>
			</trkpt>
			<trkpt lat="49.365165" lon="18.011114">
				<ele>423.000000</ele>
			</trkpt>
			<trkpt lat="49.365177" lon="18.010925">
				<ele>423.000000</ele>
			</trkpt>
			<trkpt lat="49.365177" lon="18.010718">
				<ele>422.000000</ele>
			</trkpt>
			<trkpt lat="49.365160" lon="18.010611">
				<ele>422.000000</ele>
			</trkpt>
			<trkpt lat="49.365130" lon="18.010512">
				<ele>421.000000</ele>
			</trkpt>
			<trkpt lat="49.365083" lon="18.010395">
				<ele>421.000000</ele>
			</trkpt>
			<trkpt lat="49.365025" lon="18.010269">
				<ele>421.000000</ele>
			</trkpt>
			<trkpt lat="49.364914" lon="18.010026">
				<ele>420.000000</ele>
			</trkpt>
			<trkpt lat="49.364832" lon="18.009802">
				<ele>419.000000</ele>
			</trkpt>
			<trkpt lat="49.364698" lon="18.009371">
				<ele>418.000000</ele>
			</trkpt>
			<trkpt lat="49.364563" lon="18.009003">
				<ele>417.000000</ele>
			</trkpt>
			<trkpt lat="49.364434" lon="18.008707">
				<ele>416.000000</ele>
			</trkpt>
			<trkpt lat="49.364165" lon="18.008122">
				<ele>414.000000</ele>
			</trkpt>
			<trkpt lat="49.363996" lon="18.007709">
				<ele>413.000000</ele>
			</trkpt>
			<trkpt lat="49.363726" lon="18.007063">
				<ele>411.000000</ele>
			</trkpt>
			<trkpt lat="49.363481" lon="18.006470">
				<ele>410.000000</ele>
			</trkpt>
			<trkpt lat="49.363387" lon="18.006244">
				<ele>409.000000</ele>
			</trkpt>
			<trkpt lat="49.363317" lon="18.006029">
				<ele>408.000000</ele>
			</trkpt>
			<trkpt lat="49.363282" lon="18.005822">
				<ele>408.000000</ele>
			</trkpt>
			<trkpt lat="49.363258" lon="18.005589">
				<ele>407.000000</ele>
			</trkpt>
			<trkpt lat="49.363247" lon="18.005409">
				<ele>407.000000</ele>
			</trkpt>
			<trkpt lat="49.363223" lon="18.005256">
				<ele>406.000000</ele>
			</trkpt>
			<trkpt lat="49.363200" lon="18.005139">
				<ele>406.000000</ele>
			</trkpt>
			<trkpt lat="49.363165" lon="18.005041">
				<ele>406.000000</ele>
			</trkpt>
			<trkpt lat="49.363112" lon="18.004906">
				<ele>406.000000</ele>
			</trkpt>
			<trkpt lat="49.363065" lon="18.004816">
				<ele>405.000000</ele>
			</trkpt>
			<trkpt lat="49.362913" lon="18.004673">
				<ele>405.000000</ele>
			</trkpt>
			<trkpt lat="49.362656" lon="18.004466">
				<ele>404.000000</ele>
			</trkpt>
			<trkpt lat="49.362551" lon="18.004359">
				<ele>404.000000</ele>
			</trkpt>
			<trkpt lat="49.362439" lon="18.004233">
				<ele>403.000000</ele>
			</trkpt>
			<trkpt lat="49.362328" lon="18.004071">
				<ele>403.000000</ele>
			</trkpt>
			<trkpt lat="49.362252" lon="18.003927">
				<ele>402.000000</ele>
			</trkpt>
			<trkpt lat="49.362182" lon="18.003774">
				<ele>402.000000</ele>
			</trkpt>
			<trkpt lat="49.362123" lon="18.003586">
				<ele>402.000000</ele>
			</trkpt>
			<trkpt lat="49.362083" lon="18.003478">
				<ele>401.000000</ele>
			</trkpt>
			<trkpt lat="49.362030" lon="18.003388">
				<ele>401.000000</ele>
			</trkpt>
			<trkpt lat="49.361977" lon="18.003317">
				<ele>401.000000</ele>
			</trkpt>
			<trkpt lat="49.361871" lon="18.003218">
				<ele>401.000000</ele>
			</trkpt>
			<trkpt lat="49.361761" lon="18.003101">
				<ele>400.000000</ele>
			</trkpt>
			<trkpt lat="49.361679" lon="18.003002">
				<ele>400.000000</ele>
			</trkpt>
			<trkpt lat="49.361620" lon="18.002885">
				<ele>400.000000</ele>
			</trkpt>
			<trkpt lat="49.361568" lon="18.002759">
				<ele>399.000000</ele>
			</trkpt>
			<trkpt lat="49.361486" lon="18.002544">
				<ele>399.000000</ele>
			</trkpt>
			<trkpt lat="49.361427" lon="18.002400">
				<ele>398.000000</ele>
			</trkpt>
			<trkpt lat="49.361357" lon="18.002302">
				<ele>398.000000</ele>
			</trkpt>
			<trkpt lat="49.361269" lon="18.002212">
				<ele>398.000000</ele>
			</trkpt>
			<trkpt lat="49.361152" lon="18.002122">
				<ele>397.000000</ele>
			</trkpt>
			<trkpt lat="49.361000" lon="18.002049">
				<ele>397.000000</ele>
			</trkpt>
			<trkpt lat="49.360701" lon="18.001950">
				<ele>396.000000</ele>
			</trkpt>
			<trkpt lat="49.360351" lon="18.001799">
				<ele>395.000000</ele>
			</trkpt>
			<trkpt lat="49.360070" lon="18.001690">
				<ele>394.000000</ele>
			</trkpt>
			<trkpt lat="49.359730" lon="18.001600">
				<ele>393.000000</ele>
			</trkpt>
			<trkpt lat="49.359631" lon="18.001583">
				<ele>393.000000</ele>
			</trkpt>
			<trkpt lat="49.359549" lon="18.001573">
				<ele>393.000000</ele>
			</trkpt>
			<trkpt lat="49.359467" lon="18.001600">
				<ele>393.000000</ele>
			</trkpt>
			<trkpt lat="49.359333" lon="18.001646">
				<ele>392.000000</ele>
			</trkpt>
			<trkpt lat="49.359157" lon="18.001690">
				<ele>392.000000</ele>
			</trkpt>
			<trkpt lat="49.359075" lon="18.001699">
				<ele>392.000000</ele>
			</trkpt>
			<trkpt lat="49.358999" lon="18.001681">
				<ele>392.000000</ele>
			</trkpt>
			<trkpt lat="49.358812" lon="18.001636">
				<ele>391.000000</ele>
			</trkpt>
			<trkpt lat="49.358397" lon="18.001547">
				<ele>390.000000</ele>
			</trkpt>
			<trkpt lat="49.358203" lon="18.001493">
				<ele>390.000000</ele>
			</trkpt>
			<trkpt lat="49.358022" lon="18.001412">
				<ele>390.000000</ele>
			</trkpt>
			<trkpt lat="49.357794" lon="18.001277">
				<ele>389.000000</ele>
			</trkpt>
			<trkpt lat="49.357624" lon="18.001205">
				<ele>389.000000</ele>
			</trkpt>
			<trkpt lat="49.357460" lon="18.001160">
				<ele>388.000000</ele>
			</trkpt>
			<trkpt lat="49.357349" lon="18.001124">
				<ele>388.000000</ele>
			</trkpt>
			<trkpt lat="49.357249" lon="18.001080">
				<ele>388.000000</ele>
			</trkpt>
			<trkpt lat="49.357027" lon="18.000936">
				<ele>387.000000</ele>
			</trkpt>
			<trkpt lat="49.356910" lon="18.000891">
				<ele>387.000000</ele>
			</trkpt>
			<trkpt lat="49.356805" lon="18.000855">
				<ele>387.000000</ele>
			</trkpt>
			<trkpt lat="49.356699" lon="18.000864">
				<ele>387.000000</ele>
			</trkpt>
			<trkpt lat="49.356577" lon="18.000900">
				<ele>386.000000</ele>
			</trkpt>
			<trkpt lat="49.356308" lon="18.000981">
				<ele>386.000000</ele>
			</trkpt>
			<trkpt lat="49.356196" lon="18.000998">
				<ele>386.000000</ele>
			</trkpt>
			<trkpt lat="49.356079" lon="18.001007">
				<ele>385.000000</ele>
			</trkpt>
			<trkpt lat="49.355974" lon="18.001007">
				<ele>385.000000</ele>
			</trkpt>
			<trkpt lat="49.355886" lon="18.001007">
				<ele>385.000000</ele>
			</trkpt>
			<trkpt lat="49.355822" lon="18.000998">
				<ele>385.000000</ele>
			</trkpt>
			<trkpt lat="49.355757" lon="18.000971">
				<ele>385.000000</ele>
			</trkpt>
			<trkpt lat="49.355705" lon="18.000927">
				<ele>385.000000</ele>
			</trkpt>
			<trkpt lat="49.355664" lon="18.000881">
				<ele>384.000000</ele>
			</trkpt>
			<trkpt lat="49.355617" lon="18.000810">
				<ele>384.000000</ele>
			</trkpt>
			<trkpt lat="49.355576" lon="18.000728">
				<ele>384.000000</ele>
			</trkpt>
			<trkpt lat="49.355494" lon="18.000487">
				<ele>384.000000</ele>
			</trkpt>
			<trkpt lat="49.355447" lon="18.000361">
				<ele>384.000000</ele>
			</trkpt>
			<trkpt lat="49.355389" lon="18.000244">
				<ele>384.000000</ele>
			</trkpt>
			<trkpt lat="49.355336" lon="18.000172">
				<ele>383.000000</ele>
			</trkpt>
			<trkpt lat="49.355284" lon="18.000118">
				<ele>383.000000</ele>
			</trkpt>
			<trkpt lat="49.355160" lon="18.000011">
				<ele>383.000000</ele>
			</trkpt>
			<trkpt lat="49.355014" lon="17.999929">
				<ele>383.000000</ele>
			</trkpt>
			<trkpt lat="49.354851" lon="17.999894">
				<ele>382.000000</ele>
			</trkpt>
			<trkpt lat="49.354377" lon="17.999813">
				<ele>382.000000</ele>
			</trkpt>
			<trkpt lat="49.354207" lon="17.999786">
				<ele>381.000000</ele>
			</trkpt>
			<trkpt lat="49.353979" lon="17.999759">
				<ele>381.000000</ele>
			</trkpt>
			<trkpt lat="49.353657" lon="17.999696">
				<ele>380.000000</ele>
			</trkpt>
			<trkpt lat="49.353364" lon="17.999669">
				<ele>380.000000</ele>
			</trkpt>
			<trkpt lat="49.353294" lon="17.999660">
				<ele>379.000000</ele>
			</trkpt>
			<trkpt lat="49.352832" lon="17.999597">
				<ele>379.000000</ele>
			</trkpt>
			<trkpt lat="49.352662" lon="17.999543">
				<ele>378.000000</ele>
			</trkpt>
			<trkpt lat="49.352492" lon="17.999489">
				<ele>378.000000</ele>
			</trkpt>
			<trkpt lat="49.352147" lon="17.999373">
				<ele>377.000000</ele>
			</trkpt>
			<trkpt lat="49.351925" lon="17.999265">
				<ele>377.000000</ele>
			</trkpt>
			<trkpt lat="49.351668" lon="17.999094">
				<ele>376.000000</ele>
			</trkpt>
			<trkpt lat="49.351357" lon="17.998887">
				<ele>375.000000</ele>
			</trkpt>
			<trkpt lat="49.351129" lon="17.998690">
				<ele>375.000000</ele>
			</trkpt>
			<trkpt lat="49.350936" lon="17.998520">
				<ele>374.000000</ele>
			</trkpt>
			<trkpt lat="49.350672" lon="17.998268">
				<ele>374.000000</ele>
			</trkpt>
			<trkpt lat="49.349654" lon="17.997298">
				<ele>371.000000</ele>
			</trkpt>
			<trkpt lat="49.349338" lon="17.997002">
				<ele>370.000000</ele>
			</trkpt>
			<trkpt lat="49.349151" lon="17.996849">
				<ele>370.000000</ele>
			</trkpt>
			<trkpt lat="49.348969" lon="17.996732">
				<ele>370.000000</ele>
			</trkpt>
			<trkpt lat="49.348788" lon="17.996650">
				<ele>369.000000</ele>
			</trkpt>
			<trkpt lat="49.348683" lon="17.996615">
				<ele>369.000000</ele>
			</trkpt>
			<trkpt lat="49.348425" lon="17.996516">
				<ele>369.000000</ele>
			</trkpt>
			<trkpt lat="49.348104" lon="17.996390">
				<ele>368.000000</ele>
			</trkpt>
			<trkpt lat="49.347998" lon="17.996310">
				<ele>368.000000</ele>
			</trkpt>
			<trkpt lat="49.347898" lon="17.996237">
				<ele>368.000000</ele>
			</trkpt>
			<trkpt lat="49.347688" lon="17.996023">
				<ele>367.000000</ele>
			</trkpt>
			<trkpt lat="49.347290" lon="17.995555">
				<ele>367.000000</ele>
			</trkpt>
			<trkpt lat="49.347121" lon="17.995367">
				<ele>366.000000</ele>
			</trkpt>
			<trkpt lat="49.346956" lon="17.995187">
				<ele>366.000000</ele>
			</trkpt>
			<trkpt lat="49.346821" lon="17.995088">
				<ele>366.000000</ele>
			</trkpt>
			<trkpt lat="49.346658" lon="17.994952">
				<ele>365.000000</ele>
			</trkpt>
			<trkpt lat="49.346090" lon="17.994602">
				<ele>363.000000</ele>
			</trkpt>
			<trkpt lat="49.345540" lon="17.994252">
				<ele>360.000000</ele>
			</trkpt>
			<trkpt lat="49.345171" lon="17.994036">
				<ele>358.000000</ele>
			</trkpt>
			<trkpt lat="49.344849" lon="17.993866">
				<ele>356.000000</ele>
			</trkpt>
			<trkpt lat="49.344557" lon="17.993723">
				<ele>355.000000</ele>
			</trkpt>
			<trkpt lat="49.344287" lon="17.993623">
				<ele>354.000000</ele>
			</trkpt>
			<trkpt lat="49.343860" lon="17.993489">
				<ele>352.000000</ele>
			</trkpt>
			<trkpt lat="49.343439" lon="17.993381">
				<ele>351.000000</ele>
			</trkpt>
			<trkpt lat="49.342860" lon="17.993255">
				<ele>349.000000</ele>
			</trkpt>
			<trkpt lat="49.342374" lon="17.993165">
				<ele>347.000000</ele>
			</trkpt>
			<trkpt lat="49.342087" lon="17.993103">
				<ele>347.000000</ele>
			</trkpt>
			<trkpt lat="49.342087" lon="17.993103">
				<ele>347.000000</ele>
			</trkpt>
			<trkpt lat="49.341847" lon="17.993048">
				<ele>346.000000</ele>
			</trkpt>
			<trkpt lat="49.341672" lon="17.992914">
				<ele>345.000000</ele>
			</trkpt>
			<trkpt lat="49.341590" lon="17.992868">
				<ele>345.000000</ele>
			</trkpt>
			<trkpt lat="49.341502" lon="17.992833">
				<ele>345.000000</ele>
			</trkpt>
			<trkpt lat="49.341402" lon="17.992851">
				<ele>345.000000</ele>
			</trkpt>
			<trkpt lat="49.341396" lon="17.992797">
				<ele>345.000000</ele>
			</trkpt>
			<trkpt lat="49.341361" lon="17.992770">
				<ele>345.000000</ele>
			</trkpt>
			<trkpt lat="49.341332" lon="17.992752">
				<ele>345.000000</ele>
			</trkpt>
			<trkpt lat="49.341297" lon="17.992761">
				<ele>345.000000</ele>
			</trkpt>
			<trkpt lat="49.341338" lon="17.992186">
				<ele>345.000000</ele>
			</trkpt>
			<trkpt lat="49.341408" lon="17.991585">
				<ele>345.000000</ele>
			</trkpt>
			<trkpt lat="49.341443" lon="17.991315">
				<ele>344.000000</ele>
			</trkpt>
			<trkpt lat="49.341478" lon="17.991099">
				<ele>344.000000</ele>
			</trkpt>
			<trkpt lat="49.341525" lon="17.990937">
				<ele>344.000000</ele>
			</trkpt>
			<trkpt lat="49.341584" lon="17.990784">
				<ele>344.000000</ele>
			</trkpt>
			<trkpt lat="49.341631" lon="17.990668">
				<ele>344.000000</ele>
			</trkpt>
			<trkpt lat="49.341706" lon="17.990543">
				<ele>344.000000</ele>
			</trkpt>
			<trkpt lat="49.341783" lon="17.990417">
				<ele>344.000000</ele>
			</trkpt>
			<trkpt lat="49.341876" lon="17.990291">
				<ele>344.000000</ele>
			</trkpt>
			<trkpt lat="49.342303" lon="17.989742">
				<ele>344.000000</ele>
			</trkpt>
			<trkpt lat="49.343064" lon="17.988746">
				<ele>343.000000</ele>
			</trkpt>
			<trkpt lat="49.343292" lon="17.988359">
				<ele>343.000000</ele>
			</trkpt>
			<trkpt lat="49.343527" lon="17.987865">
				<ele>343.000000</ele>
			</trkpt>
			<trkpt lat="49.343854" lon="17.987218">
				<ele>342.000000</ele>
			</trkpt>
			<trkpt lat="49.344510" lon="17.985844">
				<ele>342.000000</ele>
			</trkpt>
			<trkpt lat="49.345049" lon="17.984721">
				<ele>341.000000</ele>
			</trkpt>
			<trkpt lat="49.345124" lon="17.984568">
				<ele>341.000000</ele>
			</trkpt>
			<trkpt lat="49.345581" lon="17.983679">
				<ele>340.000000</ele>
			</trkpt>
			<trkpt lat="49.345915" lon="17.983033">
				<ele>340.000000</ele>
			</trkpt>
			<trkpt lat="49.346055" lon="17.982709">
				<ele>340.000000</ele>
			</trkpt>
			<trkpt lat="49.346260" lon="17.982233">
				<ele>340.000000</ele>
			</trkpt>
			<trkpt lat="49.346424" lon="17.981757">
				<ele>340.000000</ele>
			</trkpt>
			<trkpt lat="49.346523" lon="17.981433">
				<ele>340.000000</ele>
			</trkpt>
			<trkpt lat="49.346628" lon="17.981119">
				<ele>340.000000</ele>
			</trkpt>
			<trkpt lat="49.346752" lon="17.980822">
				<ele>340.000000</ele>
			</trkpt>
			<trkpt lat="49.346956" lon="17.980346">
				<ele>340.000000</ele>
			</trkpt>
			<trkpt lat="49.347050" lon="17.980113">
				<ele>340.000000</ele>
			</trkpt>
			<trkpt lat="49.347108" lon="17.979951">
				<ele>340.000000</ele>
			</trkpt>
			<trkpt lat="49.347155" lon="17.979780">
				<ele>340.000000</ele>
			</trkpt>
			<trkpt lat="49.347196" lon="17.979583">
				<ele>340.000000</ele>
			</trkpt>
			<trkpt lat="49.347237" lon="17.979385">
				<ele>340.000000</ele>
			</trkpt>
			<trkpt lat="49.347267" lon="17.979125">
				<ele>340.000000</ele>
			</trkpt>
			<trkpt lat="49.347331" lon="17.978379">
				<ele>340.000000</ele>
			</trkpt>
			<trkpt lat="49.347378" lon="17.977957">
				<ele>340.000000</ele>
			</trkpt>
			<trkpt lat="49.347454" lon="17.977274">
				<ele>340.000000</ele>
			</trkpt>
			<trkpt lat="49.347507" lon="17.977004">
				<ele>340.000000</ele>
			</trkpt>
			<trkpt lat="49.347559" lon="17.976744">
				<ele>340.000000</ele>
			</trkpt>
			<trkpt lat="49.347647" lon="17.976457">
				<ele>340.000000</ele>
			</trkpt>
			<trkpt lat="49.347758" lon="17.976106">
				<ele>339.000000</ele>
			</trkpt>
			<trkpt lat="49.347870" lon="17.975783">
				<ele>339.000000</ele>
			</trkpt>
			<trkpt lat="49.347951" lon="17.975585">
				<ele>339.000000</ele>
			</trkpt>
			<trkpt lat="49.348033" lon="17.975379">
				<ele>339.000000</ele>
			</trkpt>
			<trkpt lat="49.348138" lon="17.975180">
				<ele>339.000000</ele>
			</trkpt>
			<trkpt lat="49.348250" lon="17.974993">
				<ele>339.000000</ele>
			</trkpt>
			<trkpt lat="49.348419" lon="17.974767">
				<ele>339.000000</ele>
			</trkpt>
			<trkpt lat="49.348642" lon="17.974498">
				<ele>339.000000</ele>
			</trkpt>
			<trkpt lat="49.349028" lon="17.974201">
				<ele>339.000000</ele>
			</trkpt>
			<trkpt lat="49.348823" lon="17.973528">
				<ele>339.000000</ele>
			</trkpt>
			<trkpt lat="49.348712" lon="17.973222">
				<ele>336.000000</ele>
			</trkpt>
			<trkpt lat="49.349274" lon="17.972333">
				<ele>336.000000</ele>
			</trkpt>
			<trkpt lat="49.349842" lon="17.971525">
				<ele>336.000000</ele>
			</trkpt>
			<trkpt lat="49.349900" lon="17.971364">
				<ele>336.000000</ele>
			</trkpt>
			<trkpt lat="49.349988" lon="17.971228">
				<ele>336.000000</ele>
			</trkpt>
			<trkpt lat="49.350087" lon="17.971129">
				<ele>336.000000</ele>
			</trkpt>
			<trkpt lat="49.350187" lon="17.971067">
				<ele>336.000000</ele>
			</trkpt>
			<trkpt lat="49.350269" lon="17.971012">
				<ele>336.000000</ele>
			</trkpt>
			<trkpt lat="49.350327" lon="17.970959">
				<ele>336.000000</ele>
			</trkpt>
			<trkpt lat="49.350374" lon="17.970896">
				<ele>336.000000</ele>
			</trkpt>
			<trkpt lat="49.350421" lon="17.970806">
				<ele>336.000000</ele>
			</trkpt>
			<trkpt lat="49.350509" lon="17.970591">
				<ele>336.000000</ele>
			</trkpt>
			<trkpt lat="49.350619" lon="17.970402">
				<ele>336.000000</ele>
			</trkpt>
			<trkpt lat="49.351070" lon="17.969710">
				<ele>335.000000</ele>
			</trkpt>
			<trkpt lat="49.351240" lon="17.969477">
				<ele>335.000000</ele>
			</trkpt>
			<trkpt lat="49.351421" lon="17.969225">
				<ele>335.000000</ele>
			</trkpt>
			<trkpt lat="49.351574" lon="17.969027">
				<ele>335.000000</ele>
			</trkpt>
			<trkpt lat="49.351778" lon="17.968777">
				<ele>335.000000</ele>
			</trkpt>
			<trkpt lat="49.351960" lon="17.968578">
				<ele>335.000000</ele>
			</trkpt>
			<trkpt lat="49.352130" lon="17.968425">
				<ele>335.000000</ele>
			</trkpt>
			<trkpt lat="49.352282" lon="17.968327">
				<ele>335.000000</ele>
			</trkpt>
			<trkpt lat="49.352475" lon="17.968228">
				<ele>335.000000</ele>
			</trkpt>
			<trkpt lat="49.352656" lon="17.968183">
				<ele>335.000000</ele>
			</trkpt>
			<trkpt lat="49.352861" lon="17.968156">
				<ele>335.000000</ele>
			</trkpt>
			<trkpt lat="49.353306" lon="17.968129">
				<ele>335.000000</ele>
			</trkpt>
			<trkpt lat="49.353622" lon="17.968102">
				<ele>335.000000</ele>
			</trkpt>
			<trkpt lat="49.353873" lon="17.968066">
				<ele>335.000000</ele>
			</trkpt>
			<trkpt lat="49.354137" lon="17.968012">
				<ele>335.000000</ele>
			</trkpt>
			<trkpt lat="49.354353" lon="17.967941">
				<ele>335.000000</ele>
			</trkpt>
			<trkpt lat="49.354546" lon="17.967859">
				<ele>335.000000</ele>
			</trkpt>
			<trkpt lat="49.354733" lon="17.967770">
				<ele>335.000000</ele>
			</trkpt>
			<trkpt lat="49.354920" lon="17.967662">
				<ele>335.000000</ele>
			</trkpt>
			<trkpt lat="49.355120" lon="17.967492">
				<ele>335.000000</ele>
			</trkpt>
			<trkpt lat="49.356097" lon="17.966683">
				<ele>335.000000</ele>
			</trkpt>
			<trkpt lat="49.356729" lon="17.966171">
				<ele>335.000000</ele>
			</trkpt>
			<trkpt lat="49.357378" lon="17.965668">
				<ele>335.000000</ele>
			</trkpt>
			<trkpt lat="49.358086" lon="17.965138">
				<ele>335.000000</ele>
			</trkpt>
			<trkpt lat="49.358402" lon="17.964896">
				<ele>335.000000</ele>
			</trkpt>
			<trkpt lat="49.358724" lon="17.964609">
				<ele>335.000000</ele>
			</trkpt>
			<trkpt lat="49.358999" lon="17.964339">
				<ele>335.000000</ele>
			</trkpt>
			<trkpt lat="49.359116" lon="17.964221">
				<ele>335.000000</ele>
			</trkpt>
			<trkpt lat="49.359350" lon="17.963943">
				<ele>335.000000</ele>
			</trkpt>
			<trkpt lat="49.359426" lon="17.963853">
				<ele>336.000000</ele>
			</trkpt>
			<trkpt lat="49.359479" lon="17.963745">
				<ele>336.000000</ele>
			</trkpt>
			<trkpt lat="49.359707" lon="17.963288">
				<ele>336.000000</ele>
			</trkpt>
			<trkpt lat="49.359889" lon="17.962901">
				<ele>336.000000</ele>
			</trkpt>
			<trkpt lat="49.360017" lon="17.962524">
				<ele>336.000000</ele>
			</trkpt>
			<trkpt lat="49.360076" lon="17.962353">
				<ele>336.000000</ele>
			</trkpt>
			<trkpt lat="49.360116" lon="17.962156">
				<ele>336.000000</ele>
			</trkpt>
			<trkpt lat="49.360169" lon="17.961930">
				<ele>336.000000</ele>
			</trkpt>
			<trkpt lat="49.360210" lon="17.961670">
				<ele>336.000000</ele>
			</trkpt>
			<trkpt lat="49.360338" lon="17.960584">
				<ele>336.000000</ele>
			</trkpt>
			<trkpt lat="49.360432" lon="17.959919">
				<ele>336.000000</ele>
			</trkpt>
			<trkpt lat="49.360596" lon="17.958760">
				<ele>336.000000</ele>
			</trkpt>
			<trkpt lat="49.360731" lon="17.957745">
				<ele>336.000000</ele>
			</trkpt>
			<trkpt lat="49.361111" lon="17.954475">
				<ele>336.000000</ele>
			</trkpt>
			<trkpt lat="49.361380" lon="17.954519">
				<ele>336.000000</ele>
			</trkpt>
			<trkpt lat="49.361708" lon="17.954565">
				<ele>336.000000</ele>
			</trkpt>
			<trkpt lat="49.361737" lon="17.954295">
				<ele>335.000000</ele>
			</trkpt>
			<trkpt lat="49.361772" lon="17.954143">
				<ele>335.000000</ele>
			</trkpt>
			<trkpt lat="49.361802" lon="17.954007">
				<ele>335.000000</ele>
			</trkpt>
			<trkpt lat="49.361836" lon="17.953900">
				<ele>335.000000</ele>
			</trkpt>
			<trkpt lat="49.361889" lon="17.953793">
				<ele>335.000000</ele>
			</trkpt>
			<trkpt lat="49.361936" lon="17.953703">
				<ele>335.000000</ele>
			</trkpt>
			<trkpt lat="49.361989" lon="17.953621">
				<ele>335.000000</ele>
			</trkpt>
			<trkpt lat="49.362053" lon="17.953540">
				<ele>335.000000</ele>
			</trkpt>
			<trkpt lat="49.362117" lon="17.953477">
				<ele>335.000000</ele>
			</trkpt>
			<trkpt lat="49.362182" lon="17.953424">
				<ele>335.000000</ele>
			</trkpt>
			<trkpt lat="49.362287" lon="17.953361">
				<ele>335.000000</ele>
			</trkpt>
			<trkpt lat="49.362468" lon="17.953290">
				<ele>335.000000</ele>
			</trkpt>
			<trkpt lat="49.362702" lon="17.953235">
				<ele>335.000000</ele>
			</trkpt>
			<trkpt lat="49.363498" lon="17.953091">
				<ele>335.000000</ele>
			</trkpt>
			<trkpt lat="49.363597" lon="17.953074">
				<ele>335.000000</ele>
			</trkpt>
			<trkpt lat="49.363902" lon="17.953020">
				<ele>335.000000</ele>
			</trkpt>
			<trkpt lat="49.364265" lon="17.952948">
				<ele>335.000000</ele>
			</trkpt>
			<trkpt lat="49.364358" lon="17.952911">
				<ele>335.000000</ele>
			</trkpt>
			<trkpt lat="49.364440" lon="17.952858">
				<ele>335.000000</ele>
			</trkpt>
			<trkpt lat="49.364522" lon="17.952795">
				<ele>335.000000</ele>
			</trkpt>
			<trkpt lat="49.364574" lon="17.952741">
				<ele>335.000000</ele>
			</trkpt>
			<trkpt lat="49.364639" lon="17.952661">
				<ele>335.000000</ele>
			</trkpt>
			<trkpt lat="49.364692" lon="17.952579">
				<ele>334.000000</ele>
			</trkpt>
			<trkpt lat="49.364727" lon="17.952508">
				<ele>334.000000</ele>
			</trkpt>
			<trkpt lat="49.364756" lon="17.952427">
				<ele>334.000000</ele>
			</trkpt>
			<trkpt lat="49.364785" lon="17.952328">
				<ele>333.000000</ele>
			</trkpt>
			<trkpt lat="49.364797" lon="17.952221">
				<ele>333.000000</ele>
			</trkpt>
			<trkpt lat="49.364808" lon="17.952112">
				<ele>332.000000</ele>
			</trkpt>
			<trkpt lat="49.364803" lon="17.951986">
				<ele>332.000000</ele>
			</trkpt>
			<trkpt lat="49.364797" lon="17.951861">
				<ele>332.000000</ele>
			</trkpt>
			<trkpt lat="49.364773" lon="17.951735">
				<ele>331.000000</ele>
			</trkpt>
			<trkpt lat="49.364709" lon="17.951493">
				<ele>330.000000</ele>
			</trkpt>
			<trkpt lat="49.365083" lon="17.951214">
				<ele>330.000000</ele>
			</trkpt>
			<trkpt lat="49.365394" lon="17.950963">
				<ele>330.000000</ele>
			</trkpt>
			<trkpt lat="49.365674" lon="17.950684">
				<ele>330.000000</ele>
			</trkpt>
			<trkpt lat="49.366013" lon="17.950307">
				<ele>330.000000</ele>
			</trkpt>
			<trkpt lat="49.366277" lon="17.950019">
				<ele>330.000000</ele>
			</trkpt>
			<trkpt lat="49.366681" lon="17.949535">
				<ele>330.000000</ele>
			</trkpt>
			<trkpt lat="49.366815" lon="17.949382">
				<ele>330.000000</ele>
			</trkpt>
			<trkpt lat="49.366932" lon="17.949292">
				<ele>330.000000</ele>
			</trkpt>
			<trkpt lat="49.367061" lon="17.949202">
				<ele>330.000000</ele>
			</trkpt>
			<trkpt lat="49.367213" lon="17.949129">
				<ele>330.000000</ele>
			</trkpt>
			<trkpt lat="49.367377" lon="17.949049">
				<ele>330.000000</ele>
			</trkpt>
			<trkpt lat="49.367523" lon="17.948969">
				<ele>330.000000</ele>
			</trkpt>
			<trkpt lat="49.368067" lon="17.948546">
				<ele>330.000000</ele>
			</trkpt>
			<trkpt lat="49.368377" lon="17.948330">
				<ele>330.000000</ele>
			</trkpt>
			<trkpt lat="49.368628" lon="17.948133">
				<ele>330.000000</ele>
			</trkpt>
			<trkpt lat="49.368839" lon="17.947953">
				<ele>330.000000</ele>
			</trkpt>
			<trkpt lat="49.368886" lon="17.947917">
				<ele>330.000000</ele>
			</trkpt>
			<trkpt lat="49.370430" lon="17.946606">
				<ele>330.000000</ele>
			</trkpt>
			<trkpt lat="49.371144" lon="17.946013">
				<ele>330.000000</ele>
			</trkpt>
			<trkpt lat="49.371337" lon="17.945887">
				<ele>330.000000</ele>
			</trkpt>
			<trkpt lat="49.371530" lon="17.945789">
				<ele>331.000000</ele>
			</trkpt>
			<trkpt lat="49.371711" lon="17.945699">
				<ele>331.000000</ele>
			</trkpt>
			<trkpt lat="49.371940" lon="17.945636">
				<ele>332.000000</ele>
			</trkpt>
			<trkpt lat="49.372138" lon="17.945609">
				<ele>332.000000</ele>
			</trkpt>
			<trkpt lat="49.372378" lon="17.945590">
				<ele>332.000000</ele>
			</trkpt>
			<trkpt lat="49.372595" lon="17.945600">
				<ele>333.000000</ele>
			</trkpt>
			<trkpt lat="49.372858" lon="17.945636">
				<ele>333.000000</ele>
			</trkpt>
			<trkpt lat="49.372864" lon="17.945734">
				<ele>333.000000</ele>
			</trkpt>
			<trkpt lat="49.372899" lon="17.945797">
				<ele>334.000000</ele>
			</trkpt>
			<trkpt lat="49.372939" lon="17.945842">
				<ele>334.000000</ele>
			</trkpt>
			<trkpt lat="49.373004" lon="17.945860">
				<ele>334.000000</ele>
			</trkpt>
			<trkpt lat="49.373057" lon="17.945850">
				<ele>334.000000</ele>
			</trkpt>
			<trkpt lat="49.373103" lon="17.945816">
				<ele>334.000000</ele>
			</trkpt>
			<trkpt lat="49.373139" lon="17.945734">
				<ele>334.000000</ele>
			</trkpt>
			<trkpt lat="49.373150" lon="17.945653">
				<ele>334.000000</ele>
			</trkpt>
			<trkpt lat="49.373244" lon="17.945627">
				<ele>334.000000</ele>
			</trkpt>
			<trkpt lat="49.373326" lon="17.945609">
				<ele>333.000000</ele>
			</trkpt>
			<trkpt lat="49.373408" lon="17.945573">
				<ele>333.000000</ele>
			</trkpt>
			<trkpt lat="49.373478" lon="17.945519">
				<ele>332.000000</ele>
			</trkpt>
			<trkpt lat="49.373542" lon="17.945456">
				<ele>332.000000</ele>
			</trkpt>
			<trkpt lat="49.373607" lon="17.945366">
				<ele>332.000000</ele>
			</trkpt>
			<trkpt lat="49.373653" lon="17.945285">
				<ele>331.000000</ele>
			</trkpt>
			<trkpt lat="49.373694" lon="17.945177">
				<ele>331.000000</ele>
			</trkpt>
			<trkpt lat="49.373758" lon="17.945204">
				<ele>331.000000</ele>
			</trkpt>
			<trkpt lat="49.373817" lon="17.945015">
				<ele>330.000000</ele>
			</trkpt>
			<trkpt lat="49.373858" lon="17.944863">
				<ele>329.000000</ele>
			</trkpt>
			<trkpt lat="49.373969" lon="17.944405">
				<ele>327.000000</ele>
			</trkpt>
			<trkpt lat="49.373987" lon="17.944324">
				<ele>326.000000</ele>
			</trkpt>
			<trkpt lat="49.374022" lon="17.944252">
				<ele>326.000000</ele>
			</trkpt>
			<trkpt lat="49.374069" lon="17.944216">
				<ele>325.000000</ele>
			</trkpt>
			<trkpt lat="49.374127" lon="17.944208">
				<ele>325.000000</ele>
			</trkpt>
			<trkpt lat="49.374179" lon="17.944208">
				<ele>325.000000</ele>
			</trkpt>
			<trkpt lat="49.374238" lon="17.944252">
				<ele>325.000000</ele>
			</trkpt>
			<trkpt lat="49.374847" lon="17.944359">
				<ele>325.000000</ele>
			</trkpt>
			<trkpt lat="49.374993" lon="17.944387">
				<ele>325.000000</ele>
			</trkpt>
			<trkpt lat="49.375127" lon="17.944422">
				<ele>325.000000</ele>
			</trkpt>
			<trkpt lat="49.375244" lon="17.944495">
				<ele>325.000000</ele>
			</trkpt>
			<trkpt lat="49.375425" lon="17.944621">
				<ele>325.000000</ele>
			</trkpt>
			<trkpt lat="49.376057" lon="17.945051">
				<ele>325.000000</ele>
			</trkpt>
			<trkpt lat="49.376490" lon="17.945340">
				<ele>325.000000</ele>
			</trkpt>
			<trkpt lat="49.376566" lon="17.945374">
				<ele>325.000000</ele>
			</trkpt>
			<trkpt lat="49.376642" lon="17.945374">
				<ele>325.000000</ele>
			</trkpt>
			<trkpt lat="49.376712" lon="17.945330">
				<ele>325.000000</ele>
			</trkpt>
			<trkpt lat="49.376835" lon="17.945213">
				<ele>325.000000</ele>
			</trkpt>
			<trkpt lat="49.377016" lon="17.945456">
				<ele>325.000000</ele>
			</trkpt>
			<trkpt lat="49.377139" lon="17.945617">
				<ele>325.000000</ele>
			</trkpt>
			<trkpt lat="49.377268" lon="17.945743">
				<ele>325.000000</ele>
			</trkpt>
			<trkpt lat="49.377425" lon="17.945896">
				<ele>325.000000</ele>
			</trkpt>
			<trkpt lat="49.378093" lon="17.946363">
				<ele>325.000000</ele>
			</trkpt>
			<trkpt lat="49.378566" lon="17.946669">
				<ele>324.000000</ele>
			</trkpt>
			<trkpt lat="49.379713" lon="17.943766">
				<ele>323.000000</ele>
			</trkpt>
			<trkpt lat="49.379782" lon="17.943632">
				<ele>323.000000</ele>
			</trkpt>
			<trkpt lat="49.379818" lon="17.943596">
				<ele>323.000000</ele>
			</trkpt>
			<trkpt lat="49.379865" lon="17.943560">
				<ele>323.000000</ele>
			</trkpt>
			<trkpt lat="49.379929" lon="17.943525">
				<ele>323.000000</ele>
			</trkpt>
			<trkpt lat="49.380016" lon="17.943497">
				<ele>323.000000</ele>
			</trkpt>
			<trkpt lat="49.380116" lon="17.943506">
				<ele>323.000000</ele>
			</trkpt>
			<trkpt lat="49.380286" lon="17.943542">
				<ele>323.000000</ele>
			</trkpt>
			<trkpt lat="49.380607" lon="17.943605">
				<ele>323.000000</ele>
			</trkpt>
			<trkpt lat="49.380958" lon="17.943677">
				<ele>323.000000</ele>
			</trkpt>
			<trkpt lat="49.381227" lon="17.943749">
				<ele>323.000000</ele>
			</trkpt>
			<trkpt lat="49.381537" lon="17.943848">
				<ele>322.000000</ele>
			</trkpt>
			<trkpt lat="49.381830" lon="17.943965">
				<ele>322.000000</ele>
			</trkpt>
			<trkpt lat="49.382134" lon="17.944091">
				<ele>322.000000</ele>
			</trkpt>
			<trkpt lat="49.383093" lon="17.944548">
				<ele>322.000000</ele>
			</trkpt>
			<trkpt lat="49.383257" lon="17.944629">
				<ele>322.000000</ele>
			</trkpt>
			<trkpt lat="49.383613" lon="17.944764">
				<ele>322.000000</ele>
			</trkpt>
			<trkpt lat="49.384344" lon="17.944971">
				<ele>321.000000</ele>
			</trkpt>
			<trkpt lat="49.384654" lon="17.945087">
				<ele>321.000000</ele>
			</trkpt>
			<trkpt lat="49.384853" lon="17.945177">
				<ele>321.000000</ele>
			</trkpt>
			<trkpt lat="49.385017" lon="17.945276">
				<ele>321.000000</ele>
			</trkpt>
			<trkpt lat="49.385186" lon="17.945393">
				<ele>321.000000</ele>
			</trkpt>
			<trkpt lat="49.385362" lon="17.945527">
				<ele>321.000000</ele>
			</trkpt>
			<trkpt lat="49.385719" lon="17.945806">
				<ele>320.000000</ele>
			</trkpt>
			<trkpt lat="49.385988" lon="17.946022">
				<ele>320.000000</ele>
			</trkpt>
			<trkpt lat="49.386257" lon="17.946183">
				<ele>320.000000</ele>
			</trkpt>
			<trkpt lat="49.386514" lon="17.946327">
				<ele>320.000000</ele>
			</trkpt>
			<trkpt lat="49.386771" lon="17.946453">
				<ele>320.000000</ele>
			</trkpt>
			<trkpt lat="49.387081" lon="17.946552">
				<ele>320.000000</ele>
			</trkpt>
			<trkpt lat="49.387379" lon="17.946642">
				<ele>320.000000</ele>
			</trkpt>
			<trkpt lat="49.387748" lon="17.946705">
				<ele>320.000000</ele>
			</trkpt>
			<trkpt lat="49.387859" lon="17.946722">
				<ele>320.000000</ele>
			</trkpt>
			<trkpt lat="49.387940" lon="17.946758">
				<ele>320.000000</ele>
			</trkpt>
			<trkpt lat="49.388022" lon="17.946785">
				<ele>320.000000</ele>
			</trkpt>
			<trkpt lat="49.388099" lon="17.946848">
				<ele>320.000000</ele>
			</trkpt>
			<trkpt lat="49.388180" lon="17.946884">
				<ele>320.000000</ele>
			</trkpt>
			<trkpt lat="49.388268" lon="17.946884">
				<ele>320.000000</ele>
			</trkpt>
			<trkpt lat="49.388250" lon="17.946596">
				<ele>320.000000</ele>
			</trkpt>
			<trkpt lat="49.388204" lon="17.946013">
				<ele>320.000000</ele>
			</trkpt>
			<trkpt lat="49.388174" lon="17.945833">
				<ele>320.000000</ele>
			</trkpt>
			<trkpt lat="49.388146" lon="17.945707">
				<ele>320.000000</ele>
			</trkpt>
			<trkpt lat="49.388075" lon="17.945348">
				<ele>320.000000</ele>
			</trkpt>
			<trkpt lat="49.388402" lon="17.945348">
				<ele>320.000000</ele>
			</trkpt>
			<trkpt lat="49.388677" lon="17.945313">
				<ele>320.000000</ele>
			</trkpt>
			<trkpt lat="49.388952" lon="17.945250">
				<ele>320.000000</ele>
			</trkpt>
			<trkpt lat="49.389361" lon="17.945114">
				<ele>320.000000</ele>
			</trkpt>
			<trkpt lat="49.389484" lon="17.945070">
				<ele>320.000000</ele>
			</trkpt>
			<trkpt lat="49.389595" lon="17.945078">
				<ele>320.000000</ele>
			</trkpt>
			<trkpt lat="49.389823" lon="17.945267">
				<ele>320.000000</ele>
			</trkpt>
			<trkpt lat="49.389946" lon="17.945348">
				<ele>320.000000</ele>
			</trkpt>
			<trkpt lat="49.390069" lon="17.945420">
				<ele>320.000000</ele>
			</trkpt>
			<trkpt lat="49.390197" lon="17.945483">
				<ele>320.000000</ele>
			</trkpt>
			<trkpt lat="49.390332" lon="17.945537">
				<ele>320.000000</ele>
			</trkpt>
			<trkpt lat="49.390578" lon="17.945609">
				<ele>320.000000</ele>
			</trkpt>
			<trkpt lat="49.390882" lon="17.945653">
				<ele>320.000000</ele>
			</trkpt>
			<trkpt lat="49.391145" lon="17.945663">
				<ele>320.000000</ele>
			</trkpt>
			<trkpt lat="49.391642" lon="17.945653">
				<ele>320.000000</ele>
			</trkpt>
			<trkpt lat="49.391858" lon="17.945671">
				<ele>320.000000</ele>
			</trkpt>
			<trkpt lat="49.391993" lon="17.945690">
				<ele>320.000000</ele>
			</trkpt>
			<trkpt lat="49.392104" lon="17.945726">
				<ele>320.000000</ele>
			</trkpt>
			<trkpt lat="49.392355" lon="17.945824">
				<ele>320.000000</ele>
			</trkpt>
			<trkpt lat="49.393004" lon="17.946120">
				<ele>320.000000</ele>
			</trkpt>
			<trkpt lat="49.393308" lon="17.946265">
				<ele>320.000000</ele>
			</trkpt>
			<trkpt lat="49.393566" lon="17.946408">
				<ele>320.000000</ele>
			</trkpt>
			<trkpt lat="49.393741" lon="17.946479">
				<ele>319.000000</ele>
			</trkpt>
			<trkpt lat="49.394109" lon="17.946588">
				<ele>319.000000</ele>
			</trkpt>
			<trkpt lat="49.394215" lon="17.946632">
				<ele>319.000000</ele>
			</trkpt>
			<trkpt lat="49.394320" lon="17.946722">
				<ele>319.000000</ele>
			</trkpt>
			<trkpt lat="49.394735" lon="17.947082">
				<ele>319.000000</ele>
			</trkpt>
			<trkpt lat="49.394963" lon="17.947261">
				<ele>319.000000</ele>
			</trkpt>
			<trkpt lat="49.395062" lon="17.947351">
				<ele>319.000000</ele>
			</trkpt>
			<trkpt lat="49.395150" lon="17.947432">
				<ele>319.000000</ele>
			</trkpt>
			<trkpt lat="49.395237" lon="17.947540">
				<ele>319.000000</ele>
			</trkpt>
			<trkpt lat="49.395325" lon="17.947665">
				<ele>319.000000</ele>
			</trkpt>
			<trkpt lat="49.395477" lon="17.947900">
				<ele>318.000000</ele>
			</trkpt>
			<trkpt lat="49.395664" lon="17.948133">
				<ele>318.000000</ele>
			</trkpt>
			<trkpt lat="49.395793" lon="17.948277">
				<ele>318.000000</ele>
			</trkpt>
			<trkpt lat="49.395886" lon="17.948420">
				<ele>318.000000</ele>
			</trkpt>
			<trkpt lat="49.395957" lon="17.948519">
				<ele>318.000000</ele>
			</trkpt>
			<trkpt lat="49.396056" lon="17.948609">
				<ele>318.000000</ele>
			</trkpt>
			<trkpt lat="49.396161" lon="17.948707">
				<ele>318.000000</ele>
			</trkpt>
			<trkpt lat="49.396267" lon="17.948770">
				<ele>318.000000</ele>
			</trkpt>
			<trkpt lat="49.396506" lon="17.948942">
				<ele>318.000000</ele>
			</trkpt>
			<trkpt lat="49.396600" lon="17.949022">
				<ele>318.000000</ele>
			</trkpt>
			<trkpt lat="49.396670" lon="17.949103">
				<ele>318.000000</ele>
			</trkpt>
			<trkpt lat="49.396875" lon="17.949328">
				<ele>317.000000</ele>
			</trkpt>
			<trkpt lat="49.397004" lon="17.949435">
				<ele>317.000000</ele>
			</trkpt>
			<trkpt lat="49.397073" lon="17.949481">
				<ele>317.000000</ele>
			</trkpt>
			<trkpt lat="49.397155" lon="17.949498">
				<ele>317.000000</ele>
			</trkpt>
			<trkpt lat="49.397337" lon="17.949525">
				<ele>317.000000</ele>
			</trkpt>
			<trkpt lat="49.398056" lon="17.949525">
				<ele>317.000000</ele>
			</trkpt>
			<trkpt lat="49.398272" lon="17.949516">
				<ele>317.000000</ele>
			</trkpt>
			<trkpt lat="49.398506" lon="17.949471">
				<ele>317.000000</ele>
			</trkpt>
			<trkpt lat="49.398699" lon="17.949426">
				<ele>316.000000</ele>
			</trkpt>
			<trkpt lat="49.398856" lon="17.949435">
				<ele>316.000000</ele>
			</trkpt>
			<trkpt lat="49.399020" lon="17.949471">
				<ele>316.000000</ele>
			</trkpt>
			<trkpt lat="49.399178" lon="17.949552">
				<ele>316.000000</ele>
			</trkpt>
			<trkpt lat="49.399295" lon="17.949624">
				<ele>316.000000</ele>
			</trkpt>
			<trkpt lat="49.399371" lon="17.949678">
				<ele>316.000000</ele>
			</trkpt>
			<trkpt lat="49.399465" lon="17.949695">
				<ele>316.000000</ele>
			</trkpt>
			<trkpt lat="49.399605" lon="17.949714">
				<ele>316.000000</ele>
			</trkpt>
			<trkpt lat="49.399839" lon="17.949758">
				<ele>316.000000</ele>
			</trkpt>
			<trkpt lat="49.400055" lon="17.949812">
				<ele>316.000000</ele>
			</trkpt>
			<trkpt lat="49.400248" lon="17.949894">
				<ele>316.000000</ele>
			</trkpt>
			<trkpt lat="49.400552" lon="17.950047">
				<ele>315.000000</ele>
			</trkpt>
			<trkpt lat="49.400675" lon="17.950108">
				<ele>315.000000</ele>
			</trkpt>
			<trkpt lat="49.400862" lon="17.950190">
				<ele>315.000000</ele>
			</trkpt>
			<trkpt lat="49.401066" lon="17.950298">
				<ele>315.000000</ele>
			</trkpt>
			<trkpt lat="49.401282" lon="17.950424">
				<ele>315.000000</ele>
			</trkpt>
			<trkpt lat="49.401510" lon="17.950577">
				<ele>315.000000</ele>
			</trkpt>
			<trkpt lat="49.401669" lon="17.950666">
				<ele>315.000000</ele>
			</trkpt>
			<trkpt lat="49.401850" lon="17.950729">
				<ele>315.000000</ele>
			</trkpt>
			<trkpt lat="49.402043" lon="17.950774">
				<ele>315.000000</ele>
			</trkpt>
			<trkpt lat="49.402323" lon="17.950827">
				<ele>315.000000</ele>
			</trkpt>
			<trkpt lat="49.402727" lon="17.950953">
				<ele>315.000000</ele>
			</trkpt>
			<trkpt lat="49.403060" lon="17.951079">
				<ele>315.000000</ele>
			</trkpt>
			<trkpt lat="49.403516" lon="17.951232">
				<ele>315.000000</ele>
			</trkpt>
			<trkpt lat="49.403755" lon="17.951330">
				<ele>315.000000</ele>
			</trkpt>
			<trkpt lat="49.403890" lon="17.951366">
				<ele>315.000000</ele>
			</trkpt>
			<trkpt lat="49.403989" lon="17.951385">
				<ele>315.000000</ele>
			</trkpt>
			<trkpt lat="49.404106" lon="17.951376">
				<ele>315.000000</ele>
			</trkpt>
			<trkpt lat="49.404258" lon="17.951376">
				<ele>315.000000</ele>
			</trkpt>
			<trkpt lat="49.404586" lon="17.951393">
				<ele>315.000000</ele>
			</trkpt>
			<trkpt lat="49.404872" lon="17.951475">
				<ele>315.000000</ele>
			</trkpt>
			<trkpt lat="49.404989" lon="17.951502">
				<ele>315.000000</ele>
			</trkpt>
			<trkpt lat="49.405111" lon="17.951483">
				<ele>315.000000</ele>
			</trkpt>
			<trkpt lat="49.405257" lon="17.951429">
				<ele>315.000000</ele>
			</trkpt>
			<trkpt lat="49.405310" lon="17.951393">
				<ele>315.000000</ele>
			</trkpt>
			<trkpt lat="49.405351" lon="17.951366">
				<ele>315.000000</ele>
			</trkpt>
			<trkpt lat="49.405398" lon="17.951322">
				<ele>315.000000</ele>
			</trkpt>
			<trkpt lat="49.405427" lon="17.951240">
				<ele>315.000000</ele>
			</trkpt>
			<trkpt lat="49.405497" lon="17.950953">
				<ele>315.000000</ele>
			</trkpt>
			<trkpt lat="49.405497" lon="17.950873">
				<ele>315.000000</ele>
			</trkpt>
			<trkpt lat="49.405497" lon="17.950801">
				<ele>315.000000</ele>
			</trkpt>
			<trkpt lat="49.405491" lon="17.950729">
				<ele>315.000000</ele>
			</trkpt>
			<trkpt lat="49.405468" lon="17.950657">
				<ele>315.000000</ele>
			</trkpt>
			<trkpt lat="49.405416" lon="17.950531">
				<ele>315.000000</ele>
			</trkpt>
			<trkpt lat="49.405287" lon="17.950280">
				<ele>315.000000</ele>
			</trkpt>
			<trkpt lat="49.405235" lon="17.950154">
				<ele>315.000000</ele>
			</trkpt>
			<trkpt lat="49.405310" lon="17.950028">
				<ele>315.000000</ele>
			</trkpt>
			<trkpt lat="49.405392" lon="17.949957">
				<ele>315.000000</ele>
			</trkpt>
			<trkpt lat="49.406269" lon="17.949229">
				<ele>315.000000</ele>
			</trkpt>
			<trkpt lat="49.407140" lon="17.948555">
				<ele>315.000000</ele>
			</trkpt>
			<trkpt lat="49.407268" lon="17.948439">
				<ele>315.000000</ele>
			</trkpt>
			<trkpt lat="49.407537" lon="17.948177">
				<ele>315.000000</ele>
			</trkpt>
			<trkpt lat="49.407701" lon="17.948053">
				<ele>315.000000</ele>
			</trkpt>
			<trkpt lat="49.407899" lon="17.947927">
				<ele>315.000000</ele>
			</trkpt>
			<trkpt lat="49.408314" lon="17.947711">
				<ele>315.000000</ele>
			</trkpt>
			<trkpt lat="49.409063" lon="17.947307">
				<ele>315.000000</ele>
			</trkpt>
			<trkpt lat="49.409209" lon="17.947235">
				<ele>315.000000</ele>
			</trkpt>
			<trkpt lat="49.409344" lon="17.947127">
				<ele>315.000000</ele>
			</trkpt>
			<trkpt lat="49.409472" lon="17.946982">
				<ele>315.000000</ele>
			</trkpt>
			<trkpt lat="49.409624" lon="17.946803">
				<ele>315.000000</ele>
			</trkpt>
			<trkpt lat="49.409753" lon="17.946632">
				<ele>315.000000</ele>
			</trkpt>
			<trkpt lat="49.409893" lon="17.946498">
				<ele>315.000000</ele>
			</trkpt>
			<trkpt lat="49.410039" lon="17.946399">
				<ele>315.000000</ele>
			</trkpt>
			<trkpt lat="49.410220" lon="17.946327">
				<ele>315.000000</ele>
			</trkpt>
			<trkpt lat="49.410384" lon="17.946282">
				<ele>315.000000</ele>
			</trkpt>
			<trkpt lat="49.410536" lon="17.946237">
				<ele>315.000000</ele>
			</trkpt>
			<trkpt lat="49.410688" lon="17.946219">
				<ele>315.000000</ele>
			</trkpt>
			<trkpt lat="49.410846" lon="17.946210">
				<ele>315.000000</ele>
			</trkpt>
			<trkpt lat="49.411137" lon="17.946229">
				<ele>315.000000</ele>
			</trkpt>
			<trkpt lat="49.411307" lon="17.946256">
				<ele>315.000000</ele>
			</trkpt>
			<trkpt lat="49.411384" lon="17.946282">
				<ele>315.000000</ele>
			</trkpt>
			<trkpt lat="49.411453" lon="17.946327">
				<ele>315.000000</ele>
			</trkpt>
			<trkpt lat="49.411611" lon="17.946462">
				<ele>315.000000</ele>
			</trkpt>
			<trkpt lat="49.411769" lon="17.946588">
				<ele>315.000000</ele>
			</trkpt>
			<trkpt lat="49.412067" lon="17.946812">
				<ele>315.000000</ele>
			</trkpt>
			<trkpt lat="49.412435" lon="17.947037">
				<ele>315.000000</ele>
			</trkpt>
			<trkpt lat="49.412558" lon="17.947118">
				<ele>315.000000</ele>
			</trkpt>
			<trkpt lat="49.412699" lon="17.947162">
				<ele>315.000000</ele>
			</trkpt>
			<trkpt lat="49.412903" lon="17.947235">
				<ele>315.000000</ele>
			</trkpt>
			<trkpt lat="49.413090" lon="17.947288">
				<ele>315.000000</ele>
			</trkpt>
			<trkpt lat="49.413394" lon="17.947414">
				<ele>315.000000</ele>
			</trkpt>
			<trkpt lat="49.413926" lon="17.947720">
				<ele>315.000000</ele>
			</trkpt>
			<trkpt lat="49.414078" lon="17.947783">
				<ele>315.000000</ele>
			</trkpt>
			<trkpt lat="49.414201" lon="17.947837">
				<ele>315.000000</ele>
			</trkpt>
			<trkpt lat="49.414346" lon="17.947873">
				<ele>315.000000</ele>
			</trkpt>
			<trkpt lat="49.414451" lon="17.947873">
				<ele>315.000000</ele>
			</trkpt>
			<trkpt lat="49.414569" lon="17.947854">
				<ele>315.000000</ele>
			</trkpt>
			<trkpt lat="49.414662" lon="17.947818">
				<ele>315.000000</ele>
			</trkpt>
			<trkpt lat="49.414738" lon="17.947764">
				<ele>315.000000</ele>
			</trkpt>
			<trkpt lat="49.414802" lon="17.947693">
				<ele>315.000000</ele>
			</trkpt>
			<trkpt lat="49.414948" lon="17.947531">
				<ele>315.000000</ele>
			</trkpt>
			<trkpt lat="49.415088" lon="17.947334">
				<ele>315.000000</ele>
			</trkpt>
			<trkpt lat="49.415288" lon="17.947001">
				<ele>315.000000</ele>
			</trkpt>
			<trkpt lat="49.415416" lon="17.946732">
				<ele>315.000000</ele>
			</trkpt>
			<trkpt lat="49.415544" lon="17.946462">
				<ele>315.000000</ele>
			</trkpt>
			<trkpt lat="49.415684" lon="17.946112">
				<ele>315.000000</ele>
			</trkpt>
			<trkpt lat="49.415772" lon="17.945896">
				<ele>315.000000</ele>
			</trkpt>
			<trkpt lat="49.415860" lon="17.945716">
				<ele>315.000000</ele>
			</trkpt>
			<trkpt lat="49.415942" lon="17.945554">
				<ele>315.000000</ele>
			</trkpt>
			<trkpt lat="49.416035" lon="17.945401">
				<ele>315.000000</ele>
			</trkpt>
			<trkpt lat="49.416082" lon="17.945330">
				<ele>315.000000</ele>
			</trkpt>
			<trkpt lat="49.416293" lon="17.945141">
				<ele>315.000000</ele>
			</trkpt>
			<trkpt lat="49.416368" lon="17.945070">
				<ele>315.000000</ele>
			</trkpt>
			<trkpt lat="49.416427" lon="17.944971">
				<ele>315.000000</ele>
			</trkpt>
			<trkpt lat="49.416462" lon="17.944863">
				<ele>315.000000</ele>
			</trkpt>
			<trkpt lat="49.416485" lon="17.944701">
				<ele>315.000000</ele>
			</trkpt>
			<trkpt lat="49.416503" lon="17.944359">
				<ele>315.000000</ele>
			</trkpt>
			<trkpt lat="49.416590" lon="17.944422">
				<ele>315.000000</ele>
			</trkpt>
			<trkpt lat="49.416719" lon="17.944441">
				<ele>315.000000</ele>
			</trkpt>
			<trkpt lat="49.416807" lon="17.945905">
				<ele>315.000000</ele>
			</trkpt>
			<trkpt lat="49.416906" lon="17.947351">
				<ele>315.000000</ele>
			</trkpt>
			<trkpt lat="49.416924" lon="17.947621">
				<ele>315.000000</ele>
			</trkpt>
			<trkpt lat="49.416947" lon="17.947818">
				<ele>315.000000</ele>
			</trkpt>
			<trkpt lat="49.416976" lon="17.948016">
				<ele>315.000000</ele>
			</trkpt>
			<trkpt lat="49.417029" lon="17.948240">
				<ele>315.000000</ele>
			</trkpt>
			<trkpt lat="49.417099" lon="17.948447">
				<ele>315.000000</ele>
			</trkpt>
			<trkpt lat="49.417146" lon="17.948564">
				<ele>315.000000</ele>
			</trkpt>
			<trkpt lat="49.417204" lon="17.948672">
				<ele>315.000000</ele>
			</trkpt>
			<trkpt lat="49.417333" lon="17.948860">
				<ele>315.000000</ele>
			</trkpt>
			<trkpt lat="49.417485" lon="17.949040">
				<ele>315.000000</ele>
			</trkpt>
			<trkpt lat="49.417748" lon="17.949246">
				<ele>315.000000</ele>
			</trkpt>
			<trkpt lat="49.417882" lon="17.949345">
				<ele>314.000000</ele>
			</trkpt>
			<trkpt lat="49.418011" lon="17.949481">
				<ele>314.000000</ele>
			</trkpt>
			<trkpt lat="49.418104" lon="17.949615">
				<ele>314.000000</ele>
			</trkpt>
			<trkpt lat="49.418204" lon="17.949768">
				<ele>314.000000</ele>
			</trkpt>
			<trkpt lat="49.418303" lon="17.949984">
				<ele>314.000000</ele>
			</trkpt>
			<trkpt lat="49.418618" lon="17.950729">
				<ele>313.000000</ele>
			</trkpt>
			<trkpt lat="49.418794" lon="17.951169">
				<ele>312.000000</ele>
			</trkpt>
			<trkpt lat="49.418951" lon="17.951510">
				<ele>312.000000</ele>
			</trkpt>
			<trkpt lat="49.419016" lon="17.951627">
				<ele>312.000000</ele>
			</trkpt>
			<trkpt lat="49.419104" lon="17.951753">
				<ele>312.000000</ele>
			</trkpt>
			<trkpt lat="49.419442" lon="17.952274">
				<ele>311.000000</ele>
			</trkpt>
			<trkpt lat="49.419548" lon="17.952445">
				<ele>311.000000</ele>
			</trkpt>
			<trkpt lat="49.419612" lon="17.952598">
				<ele>311.000000</ele>
			</trkpt>
			<trkpt lat="49.419664" lon="17.952750">
				<ele>311.000000</ele>
			</trkpt>
			<trkpt lat="49.419694" lon="17.952930">
				<ele>311.000000</ele>
			</trkpt>
			<trkpt lat="49.419769" lon="17.953630">
				<ele>310.000000</ele>
			</trkpt>
			<trkpt lat="49.419787" lon="17.953846">
				<ele>310.000000</ele>
			</trkpt>
			<trkpt lat="49.419869" lon="17.954969">
				<ele>310.000000</ele>
			</trkpt>
			<trkpt lat="49.419910" lon="17.955705">
				<ele>310.000000</ele>
			</trkpt>
			<trkpt lat="49.419963" lon="17.956882">
				<ele>310.000000</ele>
			</trkpt>
			<trkpt lat="49.419968" lon="17.957376">
				<ele>310.000000</ele>
			</trkpt>
			<trkpt lat="49.419927" lon="17.958221">
				<ele>310.000000</ele>
			</trkpt>
			<trkpt lat="49.419904" lon="17.959190">
				<ele>310.000000</ele>
			</trkpt>
			<trkpt lat="49.419910" lon="17.960135">
				<ele>310.000000</ele>
			</trkpt>
			<trkpt lat="49.419904" lon="17.960287">
				<ele>310.000000</ele>
			</trkpt>
			<trkpt lat="49.419892" lon="17.960422">
				<ele>310.000000</ele>
			</trkpt>
			<trkpt lat="49.419869" lon="17.960548">
				<ele>310.000000</ele>
			</trkpt>
			<trkpt lat="49.419840" lon="17.960638">
				<ele>310.000000</ele>
			</trkpt>
			<trkpt lat="49.419927" lon="17.960655">
				<ele>310.000000</ele>
			</trkpt>
			<trkpt lat="49.420021" lon="17.960674">
				<ele>310.000000</ele>
			</trkpt>
			<trkpt lat="49.420109" lon="17.960727">
				<ele>310.000000</ele>
			</trkpt>
			<trkpt lat="49.420196" lon="17.960781">
				<ele>310.000000</ele>
			</trkpt>
			<trkpt lat="49.420588" lon="17.961041">
				<ele>309.000000</ele>
			</trkpt>
			<trkpt lat="49.420675" lon="17.961087">
				<ele>309.000000</ele>
			</trkpt>
			<trkpt lat="49.420763" lon="17.961123">
				<ele>309.000000</ele>
			</trkpt>
			<trkpt lat="49.420850" lon="17.961123">
				<ele>309.000000</ele>
			</trkpt>
			<trkpt lat="49.420997" lon="17.961123">
				<ele>309.000000</ele>
			</trkpt>
			<trkpt lat="49.421581" lon="17.961131">
				<ele>308.000000</ele>
			</trkpt>
			<trkpt lat="49.421815" lon="17.961104">
				<ele>308.000000</ele>
			</trkpt>
			<trkpt lat="49.421932" lon="17.961068">
				<ele>308.000000</ele>
			</trkpt>
			<trkpt lat="49.422055" lon="17.961024">
				<ele>308.000000</ele>
			</trkpt>
			<trkpt lat="49.422171" lon="17.960943">
				<ele>308.000000</ele>
			</trkpt>
			<trkpt lat="49.422300" lon="17.960853">
				<ele>308.000000</ele>
			</trkpt>
			<trkpt lat="49.422417" lon="17.960754">
				<ele>308.000000</ele>
			</trkpt>
			<trkpt lat="49.422505" lon="17.960647">
				<ele>307.000000</ele>
			</trkpt>
			<trkpt lat="49.422574" lon="17.960557">
				<ele>307.000000</ele>
			</trkpt>
			<trkpt lat="49.422645" lon="17.960448">
				<ele>307.000000</ele>
			</trkpt>
			<trkpt lat="49.422697" lon="17.960332">
				<ele>307.000000</ele>
			</trkpt>
			<trkpt lat="49.422768" lon="17.960179">
				<ele>307.000000</ele>
			</trkpt>
			<trkpt lat="49.422872" lon="17.959856">
				<ele>307.000000</ele>
			</trkpt>
			<trkpt lat="49.422925" lon="17.959676">
				<ele>307.000000</ele>
			</trkpt>
			<trkpt lat="49.422989" lon="17.959515">
				<ele>307.000000</ele>
			</trkpt>
			<trkpt lat="49.423059" lon="17.959380">
				<ele>306.000000</ele>
			</trkpt>
			<trkpt lat="49.423130" lon="17.959280">
				<ele>306.000000</ele>
			</trkpt>
			<trkpt lat="49.423223" lon="17.959146">
				<ele>306.000000</ele>
			</trkpt>
			<trkpt lat="49.423375" lon="17.958957">
				<ele>306.000000</ele>
			</trkpt>
			<trkpt lat="49.423627" lon="17.958661">
				<ele>306.000000</ele>
			</trkpt>
			<trkpt lat="49.423784" lon="17.958464">
				<ele>306.000000</ele>
			</trkpt>
			<trkpt lat="49.423913" lon="17.958265">
				<ele>305.000000</ele>
			</trkpt>
			<trkpt lat="49.424023" lon="17.958077">
				<ele>305.000000</ele>
			</trkpt>
			<trkpt lat="49.424146" lon="17.957852">
				<ele>305.000000</ele>
			</trkpt>
			<trkpt lat="49.424462" lon="17.957232">
				<ele>305.000000</ele>
			</trkpt>
			<trkpt lat="49.424631" lon="17.956900">
				<ele>305.000000</ele>
			</trkpt>
			<trkpt lat="49.424725" lon="17.956739">
				<ele>305.000000</ele>
			</trkpt>
			<trkpt lat="49.424929" lon="17.956460">
				<ele>305.000000</ele>
			</trkpt>
			<trkpt lat="49.424999" lon="17.956343">
				<ele>305.000000</ele>
			</trkpt>
			<trkpt lat="49.425076" lon="17.956137">
				<ele>305.000000</ele>
			</trkpt>
			<trkpt lat="49.425221" lon="17.955678">
				<ele>305.000000</ele>
			</trkpt>
			<trkpt lat="49.425262" lon="17.955535">
				<ele>305.000000</ele>
			</trkpt>
			<trkpt lat="49.425385" lon="17.955202">
				<ele>305.000000</ele>
			</trkpt>
			<trkpt lat="49.425490" lon="17.954969">
				<ele>305.000000</ele>
			</trkpt>
			<trkpt lat="49.425595" lon="17.954762">
				<ele>305.000000</ele>
			</trkpt>
			<trkpt lat="49.425718" lon="17.954619">
				<ele>305.000000</ele>
			</trkpt>
			<trkpt lat="49.425853" lon="17.954466">
				<ele>305.000000</ele>
			</trkpt>
			<trkpt lat="49.425981" lon="17.954376">
				<ele>305.000000</ele>
			</trkpt>
			<trkpt lat="49.426092" lon="17.954313">
				<ele>305.000000</ele>
			</trkpt>
			<trkpt lat="49.426209" lon="17.954259">
				<ele>305.000000</ele>
			</trkpt>
			<trkpt lat="49.426325" lon="17.954259">
				<ele>305.000000</ele>
			</trkpt>
			<trkpt lat="49.426425" lon="17.954250">
				<ele>305.000000</ele>
			</trkpt>
			<trkpt lat="49.426525" lon="17.954269">
				<ele>305.000000</ele>
			</trkpt>
			<trkpt lat="49.426635" lon="17.954305">
				<ele>305.000000</ele>
			</trkpt>
			<trkpt lat="49.426741" lon="17.954367">
				<ele>305.000000</ele>
			</trkpt>
			<trkpt lat="49.426846" lon="17.954456">
				<ele>305.000000</ele>
			</trkpt>
			<trkpt lat="49.427033" lon="17.954601">
				<ele>305.000000</ele>
			</trkpt>
			<trkpt lat="49.427296" lon="17.954781">
				<ele>305.000000</ele>
			</trkpt>
			<trkpt lat="49.427576" lon="17.954969">
				<ele>305.000000</ele>
			</trkpt>
			<trkpt lat="49.427862" lon="17.955175">
				<ele>305.000000</ele>
			</trkpt>
			<trkpt lat="49.428412" lon="17.955571">
				<ele>305.000000</ele>
			</trkpt>
			<trkpt lat="49.429738" lon="17.956479">
				<ele>305.000000</ele>
			</trkpt>
			<trkpt lat="49.430170" lon="17.956793">
				<ele>305.000000</ele>
			</trkpt>
			<trkpt lat="49.430643" lon="17.957179">
				<ele>305.000000</ele>
			</trkpt>
			<trkpt lat="49.431035" lon="17.957475">
				<ele>305.000000</ele>
			</trkpt>
			<trkpt lat="49.431228" lon="17.957601">
				<ele>305.000000</ele>
			</trkpt>
			<trkpt lat="49.431414" lon="17.957718">
				<ele>305.000000</ele>
			</trkpt>
			<trkpt lat="49.431788" lon="17.957907">
				<ele>305.000000</ele>
			</trkpt>
			<trkpt lat="49.432338" lon="17.958167">
				<ele>305.000000</ele>
			</trkpt>
			<trkpt lat="49.432594" lon="17.958274">
				<ele>305.000000</ele>
			</trkpt>
			<trkpt lat="49.432794" lon="17.958347">
				<ele>305.000000</ele>
			</trkpt>
			<trkpt lat="49.432963" lon="17.958391">
				<ele>305.000000</ele>
			</trkpt>
			<trkpt lat="49.433138" lon="17.958418">
				<ele>305.000000</ele>
			</trkpt>
			<trkpt lat="49.433436" lon="17.958437">
				<ele>305.000000</ele>
			</trkpt>
			<trkpt lat="49.433535" lon="17.958445">
				<ele>305.000000</ele>
			</trkpt>
			<trkpt lat="49.433617" lon="17.958473">
				<ele>305.000000</ele>
			</trkpt>
			<trkpt lat="49.433693" lon="17.958517">
				<ele>305.000000</ele>
			</trkpt>
			<trkpt lat="49.433763" lon="17.958598">
				<ele>305.000000</ele>
			</trkpt>
			<trkpt lat="49.433968" lon="17.958840">
				<ele>305.000000</ele>
			</trkpt>
			<trkpt lat="49.434073" lon="17.958984">
				<ele>305.000000</ele>
			</trkpt>
			<trkpt lat="49.434242" lon="17.959227">
				<ele>305.000000</ele>
			</trkpt>
			<trkpt lat="49.434727" lon="17.959972">
				<ele>304.000000</ele>
			</trkpt>
			<trkpt lat="49.434890" lon="17.960224">
				<ele>304.000000</ele>
			</trkpt>
			<trkpt lat="49.435025" lon="17.960404">
				<ele>304.000000</ele>
			</trkpt>
			<trkpt lat="49.435487" lon="17.961005">
				<ele>303.000000</ele>
			</trkpt>
			<trkpt lat="49.435749" lon="17.961338">
				<ele>303.000000</ele>
			</trkpt>
			<trkpt lat="49.436252" lon="17.961913">
				<ele>302.000000</ele>
			</trkpt>
			<trkpt lat="49.436527" lon="17.962255">
				<ele>302.000000</ele>
			</trkpt>
			<trkpt lat="49.436812" lon="17.962649">
				<ele>302.000000</ele>
			</trkpt>
			<trkpt lat="49.437180" lon="17.963188">
				<ele>301.000000</ele>
			</trkpt>
			<trkpt lat="49.437391" lon="17.963458">
				<ele>301.000000</ele>
			</trkpt>
			<trkpt lat="49.437496" lon="17.963620">
				<ele>301.000000</ele>
			</trkpt>
			<trkpt lat="49.437589" lon="17.963790">
				<ele>301.000000</ele>
			</trkpt>
			<trkpt lat="49.437677" lon="17.963988">
				<ele>300.000000</ele>
			</trkpt>
			<trkpt lat="49.437736" lon="17.964114">
				<ele>300.000000</ele>
			</trkpt>
			<trkpt lat="49.437811" lon="17.964249">
				<ele>300.000000</ele>
			</trkpt>
			<trkpt lat="49.437899" lon="17.964393">
				<ele>300.000000</ele>
			</trkpt>
			<trkpt lat="49.438027" lon="17.964563">
				<ele>300.000000</ele>
			</trkpt>
			<trkpt lat="49.438308" lon="17.964967">
				<ele>300.000000</ele>
			</trkpt>
			<trkpt lat="49.438524" lon="17.965255">
				<ele>300.000000</ele>
			</trkpt>
			<trkpt lat="49.438851" lon="17.965622">
				<ele>300.000000</ele>
			</trkpt>
			<trkpt lat="49.439167" lon="17.965901">
				<ele>300.000000</ele>
			</trkpt>
			<trkpt lat="49.439313" lon="17.966018">
				<ele>300.000000</ele>
			</trkpt>
			<trkpt lat="49.439617" lon="17.966288">
				<ele>300.000000</ele>
			</trkpt>
			<trkpt lat="49.439815" lon="17.966477">
				<ele>300.000000</ele>
			</trkpt>
			<trkpt lat="49.440020" lon="17.966664">
				<ele>300.000000</ele>
			</trkpt>
			<trkpt lat="49.440247" lon="17.966917">
				<ele>300.000000</ele>
			</trkpt>
			<trkpt lat="49.440534" lon="17.967240">
				<ele>300.000000</ele>
			</trkpt>
			<trkpt lat="49.440838" lon="17.967599">
				<ele>300.000000</ele>
			</trkpt>
			<trkpt lat="49.441200" lon="17.968048">
				<ele>300.000000</ele>
			</trkpt>
			<trkpt lat="49.441304" lon="17.968183">
				<ele>300.000000</ele>
			</trkpt>
			<trkpt lat="49.441427" lon="17.968309">
				<ele>300.000000</ele>
			</trkpt>
			<trkpt lat="49.441538" lon="17.968417">
				<ele>300.000000</ele>
			</trkpt>
			<trkpt lat="49.441661" lon="17.968525">
				<ele>300.000000</ele>
			</trkpt>
			<trkpt lat="49.441853" lon="17.968659">
				<ele>301.000000</ele>
			</trkpt>
			<trkpt lat="49.442070" lon="17.968767">
				<ele>303.000000</ele>
			</trkpt>
			<trkpt lat="49.442239" lon="17.968830">
				<ele>304.000000</ele>
			</trkpt>
			<trkpt lat="49.442391" lon="17.968867">
				<ele>305.000000</ele>
			</trkpt>
			<trkpt lat="49.442525" lon="17.968893">
				<ele>306.000000</ele>
			</trkpt>
			<trkpt lat="49.442648" lon="17.968901">
				<ele>307.000000</ele>
			</trkpt>
			<trkpt lat="49.442812" lon="17.968867">
				<ele>308.000000</ele>
			</trkpt>
			<trkpt lat="49.442987" lon="17.968821">
				<ele>309.000000</ele>
			</trkpt>
			<trkpt lat="49.443653" lon="17.968534">
				<ele>310.000000</ele>
			</trkpt>
			<trkpt lat="49.443986" lon="17.968381">
				<ele>310.000000</ele>
			</trkpt>
			<trkpt lat="49.444324" lon="17.968228">
				<ele>309.000000</ele>
			</trkpt>
			<trkpt lat="49.444471" lon="17.968183">
				<ele>308.000000</ele>
			</trkpt>
			<trkpt lat="49.444605" lon="17.968102">
				<ele>308.000000</ele>
			</trkpt>
			<trkpt lat="49.444780" lon="17.968003">
				<ele>307.000000</ele>
			</trkpt>
			<trkpt lat="49.445340" lon="17.967599">
				<ele>304.000000</ele>
			</trkpt>
			<trkpt lat="49.445504" lon="17.967473">
				<ele>303.000000</ele>
			</trkpt>
			<trkpt lat="49.445568" lon="17.967680">
				<ele>303.000000</ele>
			</trkpt>
			<trkpt lat="49.445603" lon="17.967761">
				<ele>302.000000</ele>
			</trkpt>
			<trkpt lat="49.445639" lon="17.967824">
				<ele>302.000000</ele>
			</trkpt>
			<trkpt lat="49.445674" lon="17.967869">
				<ele>302.000000</ele>
			</trkpt>
			<trkpt lat="49.445726" lon="17.967913">
				<ele>302.000000</ele>
			</trkpt>
			<trkpt lat="49.445790" lon="17.967941">
				<ele>301.000000</ele>
			</trkpt>
			<trkpt lat="49.445890" lon="17.967959">
				<ele>301.000000</ele>
			</trkpt>
			<trkpt lat="49.446164" lon="17.968031">
				<ele>300.000000</ele>
			</trkpt>
			<trkpt lat="49.446223" lon="17.968175">
				<ele>300.000000</ele>
			</trkpt>
			<trkpt lat="49.446316" lon="17.968345">
				<ele>300.000000</ele>
			</trkpt>
			<trkpt lat="49.446620" lon="17.968875">
				<ele>300.000000</ele>
			</trkpt>
			<trkpt lat="49.446783" lon="17.969117">
				<ele>300.000000</ele>
			</trkpt>
			<trkpt lat="49.447174" lon="17.969737">
				<ele>300.000000</ele>
			</trkpt>
			<trkpt lat="49.447355" lon="17.970006">
				<ele>300.000000</ele>
			</trkpt>
			<trkpt lat="49.447548" lon="17.970285">
				<ele>299.000000</ele>
			</trkpt>
			<trkpt lat="49.447607" lon="17.970339">
				<ele>299.000000</ele>
			</trkpt>
			<trkpt lat="49.447654" lon="17.970385">
				<ele>299.000000</ele>
			</trkpt>
			<trkpt lat="49.447712" lon="17.970420">
				<ele>299.000000</ele>
			</trkpt>
			<trkpt lat="49.447764" lon="17.970420">
				<ele>299.000000</ele>
			</trkpt>
			<trkpt lat="49.447829" lon="17.970411">
				<ele>299.000000</ele>
			</trkpt>
			<trkpt lat="49.447905" lon="17.970375">
				<ele>299.000000</ele>
			</trkpt>
			<trkpt lat="49.448232" lon="17.970177">
				<ele>299.000000</ele>
			</trkpt>
			<trkpt lat="49.448506" lon="17.969998">
				<ele>299.000000</ele>
			</trkpt>
			<trkpt lat="49.448775" lon="17.969809">
				<ele>299.000000</ele>
			</trkpt>
			<trkpt lat="49.449067" lon="17.969576">
				<ele>299.000000</ele>
			</trkpt>
			<trkpt lat="49.449148" lon="17.969494">
				<ele>299.000000</ele>
			</trkpt>
			<trkpt lat="49.449207" lon="17.969432">
				<ele>299.000000</ele>
			</trkpt>
			<trkpt lat="49.449242" lon="17.969351">
				<ele>299.000000</ele>
			</trkpt>
			<trkpt lat="49.449283" lon="17.969243">
				<ele>299.000000</ele>
			</trkpt>
			<trkpt lat="49.449364" lon="17.968875">
				<ele>299.000000</ele>
			</trkpt>
			<trkpt lat="49.449405" lon="17.968722">
				<ele>299.000000</ele>
			</trkpt>
			<trkpt lat="49.449470" lon="17.968561">
				<ele>299.000000</ele>
			</trkpt>
			<trkpt lat="49.449563" lon="17.968408">
				<ele>299.000000</ele>
			</trkpt>
			<trkpt lat="49.449622" lon="17.968335">
				<ele>299.000000</ele>
			</trkpt>
			<trkpt lat="49.449663" lon="17.968327">
				<ele>299.000000</ele>
			</trkpt>
			<trkpt lat="49.449704" lon="17.968318">
				<ele>299.000000</ele>
			</trkpt>
			<trkpt lat="49.449791" lon="17.968345">
				<ele>299.000000</ele>
			</trkpt>
			<trkpt lat="49.449879" lon="17.968425">
				<ele>299.000000</ele>
			</trkpt>
			<trkpt lat="49.449954" lon="17.968542">
				<ele>299.000000</ele>
			</trkpt>
			<trkpt lat="49.450054" lon="17.968668">
				<ele>299.000000</ele>
			</trkpt>
			<trkpt lat="49.450107" lon="17.968740">
				<ele>299.000000</ele>
			</trkpt>
			<trkpt lat="49.450433" lon="17.969217">
				<ele>299.000000</ele>
			</trkpt>
			<trkpt lat="49.450521" lon="17.969333">
				<ele>298.000000</ele>
			</trkpt>
			<trkpt lat="49.450795" lon="17.969054">
				<ele>298.000000</ele>
			</trkpt>
			<trkpt lat="49.450918" lon="17.968956">
				<ele>298.000000</ele>
			</trkpt>
			<trkpt lat="49.451076" lon="17.968857">
				<ele>298.000000</ele>
			</trkpt>
			<trkpt lat="49.451239" lon="17.968785">
				<ele>298.000000</ele>
			</trkpt>
			<trkpt lat="49.451362" lon="17.968758">
				<ele>298.000000</ele>
			</trkpt>
			<trkpt lat="49.451473" lon="17.968758">
				<ele>298.000000</ele>
			</trkpt>
			<trkpt lat="49.451572" lon="17.968777">
				<ele>298.000000</ele>
			</trkpt>
			<trkpt lat="49.451823" lon="17.968830">
				<ele>298.000000</ele>
			</trkpt>
			<trkpt lat="49.451882" lon="17.968848">
				<ele>298.000000</ele>
			</trkpt>
			<trkpt lat="49.451940" lon="17.968838">
				<ele>298.000000</ele>
			</trkpt>
			<trkpt lat="49.451975" lon="17.968838">
				<ele>298.000000</ele>
			</trkpt>
			<trkpt lat="49.451998" lon="17.968857">
				<ele>298.000000</ele>
			</trkpt>
			<trkpt lat="49.454066" lon="17.967824">
				<ele>298.000000</ele>
			</trkpt>
			<trkpt lat="49.455245" lon="17.967230">
				<ele>297.000000</ele>
			</trkpt>
			<trkpt lat="49.457540" lon="17.966117">
				<ele>297.000000</ele>
			</trkpt>
			<trkpt lat="49.458276" lon="17.965731">
				<ele>296.000000</ele>
			</trkpt>
			<trkpt lat="49.458574" lon="17.965569">
				<ele>296.000000</ele>
			</trkpt>
			<trkpt lat="49.458865" lon="17.965362">
				<ele>296.000000</ele>
			</trkpt>
			<trkpt lat="49.459122" lon="17.965201">
				<ele>296.000000</ele>
			</trkpt>
			<trkpt lat="49.459374" lon="17.965066">
				<ele>296.000000</ele>
			</trkpt>
			<trkpt lat="49.459596" lon="17.964967">
				<ele>296.000000</ele>
			</trkpt>
			<trkpt lat="49.460109" lon="17.964752">
				<ele>296.000000</ele>
			</trkpt>
			<trkpt lat="49.461405" lon="17.964114">
				<ele>296.000000</ele>
			</trkpt>
			<trkpt lat="49.462398" lon="17.963593">
				<ele>295.000000</ele>
			</trkpt>
			<trkpt lat="49.462439" lon="17.963548">
				<ele>295.000000</ele>
			</trkpt>
			<trkpt lat="49.462468" lon="17.963485">
				<ele>295.000000</ele>
			</trkpt>
			<trkpt lat="49.462468" lon="17.963404">
				<ele>295.000000</ele>
			</trkpt>
			<trkpt lat="49.462451" lon="17.963314">
				<ele>295.000000</ele>
			</trkpt>
			<trkpt lat="49.462130" lon="17.962290">
				<ele>295.000000</ele>
			</trkpt>
			<trkpt lat="49.462112" lon="17.962219">
				<ele>295.000000</ele>
			</trkpt>
			<trkpt lat="49.462106" lon="17.962137">
				<ele>295.000000</ele>
			</trkpt>
			<trkpt lat="49.462118" lon="17.962083">
				<ele>295.000000</ele>
			</trkpt>
			<trkpt lat="49.462141" lon="17.962003">
				<ele>295.000000</ele>
			</trkpt>
			<trkpt lat="49.462164" lon="17.961958">
				<ele>295.000000</ele>
			</trkpt>
			<trkpt lat="49.462199" lon="17.961940">
				<ele>295.000000</ele>
			</trkpt>
			<trkpt lat="49.462234" lon="17.961913">
				<ele>295.000000</ele>
			</trkpt>
			<trkpt lat="49.462293" lon="17.961913">
				<ele>295.000000</ele>
			</trkpt>
			<trkpt lat="49.462509" lon="17.961895">
				<ele>295.000000</ele>
			</trkpt>
			<trkpt lat="49.462643" lon="17.961869">
				<ele>295.000000</ele>
			</trkpt>
			<trkpt lat="49.462760" lon="17.961806">
				<ele>295.000000</ele>
			</trkpt>
			<trkpt lat="49.462889" lon="17.961697">
				<ele>295.000000</ele>
			</trkpt>
			<trkpt lat="49.463174" lon="17.961374">
				<ele>294.000000</ele>
			</trkpt>
			<trkpt lat="49.463303" lon="17.961257">
				<ele>294.000000</ele>
			</trkpt>
			<trkpt lat="49.463461" lon="17.961131">
				<ele>294.000000</ele>
			</trkpt>
			<trkpt lat="49.463665" lon="17.961005">
				<ele>294.000000</ele>
			</trkpt>
			<trkpt lat="49.463793" lon="17.960943">
				<ele>294.000000</ele>
			</trkpt>
			<trkpt lat="49.463858" lon="17.960880">
				<ele>294.000000</ele>
			</trkpt>
			<trkpt lat="49.463910" lon="17.960808">
				<ele>294.000000</ele>
			</trkpt>
			<trkpt lat="49.463951" lon="17.960718">
				<ele>294.000000</ele>
			</trkpt>
			<trkpt lat="49.463793" lon="17.960502">
				<ele>294.000000</ele>
			</trkpt>
			<trkpt lat="49.463508" lon="17.960152">
				<ele>294.000000</ele>
			</trkpt>
			<trkpt lat="49.463367" lon="17.959945">
				<ele>294.000000</ele>
			</trkpt>
			<trkpt lat="49.463169" lon="17.959632">
				<ele>294.000000</ele>
			</trkpt>
			<trkpt lat="49.463070" lon="17.959479">
				<ele>294.000000</ele>
			</trkpt>
			<trkpt lat="49.463081" lon="17.959425">
				<ele>294.000000</ele>
			</trkpt>
			<trkpt lat="49.463075" lon="17.959335">
				<ele>294.000000</ele>
			</trkpt>
			<trkpt lat="49.463070" lon="17.958966">
				<ele>294.000000</ele>
			</trkpt>
			<trkpt lat="49.463034" lon="17.958095">
				<ele>293.000000</ele>
			</trkpt>
			<trkpt lat="49.463040" lon="17.957961">
				<ele>293.000000</ele>
			</trkpt>
			<trkpt lat="49.463040" lon="17.957861">
				<ele>292.000000</ele>
			</trkpt>
			<trkpt lat="49.463174" lon="17.957700">
				<ele>292.000000</ele>
			</trkpt>
			<trkpt lat="49.463355" lon="17.957502">
				<ele>292.000000</ele>
			</trkpt>
			<trkpt lat="49.463612" lon="17.957242">
				<ele>291.000000</ele>
			</trkpt>
			<trkpt lat="49.463653" lon="17.957206">
				<ele>291.000000</ele>
			</trkpt>
			<trkpt lat="49.463689" lon="17.957179">
				<ele>291.000000</ele>
			</trkpt>
			<trkpt lat="49.463799" lon="17.957161">
				<ele>291.000000</ele>
			</trkpt>
			<trkpt lat="49.463840" lon="17.957161">
				<ele>291.000000</ele>
			</trkpt>
			<trkpt lat="49.464395" lon="17.957089">
				<ele>290.000000</ele>
			</trkpt>
			<trkpt lat="49.464436" lon="17.957089">
				<ele>290.000000</ele>
			</trkpt>
			<trkpt lat="49.464471" lon="17.957106">
				<ele>290.000000</ele>
			</trkpt>
			<trkpt lat="49.464505" lon="17.957143">
				<ele>290.000000</ele>
			</trkpt>
			<trkpt lat="49.464570" lon="17.957232">
				<ele>290.000000</ele>
			</trkpt>
			<trkpt lat="49.464605" lon="17.957232">
				<ele>290.000000</ele>
			</trkpt>
			<trkpt lat="49.464856" lon="17.957223">
				<ele>290.000000</ele>
			</trkpt>
			<trkpt lat="49.465031" lon="17.957196">
				<ele>290.000000</ele>
			</trkpt>
			<trkpt lat="49.465247" lon="17.957161">
				<ele>290.000000</ele>
			</trkpt>
			<trkpt lat="49.465399" lon="17.957161">
				<ele>290.000000</ele>
			</trkpt>
			<trkpt lat="49.465498" lon="17.957169">
				<ele>290.000000</ele>
			</trkpt>
			<trkpt lat="49.465609" lon="17.957135">
				<ele>290.000000</ele>
			</trkpt>
			<trkpt lat="49.465790" lon="17.957017">
				<ele>290.000000</ele>
			</trkpt>
			<trkpt lat="49.466053" lon="17.956810">
				<ele>290.000000</ele>
			</trkpt>
			<trkpt lat="49.466199" lon="17.956720">
				<ele>290.000000</ele>
			</trkpt>
			<trkpt lat="49.466239" lon="17.956703">
				<ele>290.000000</ele>
			</trkpt>
			<trkpt lat="49.466549" lon="17.956469">
				<ele>290.000000</ele>
			</trkpt>
			<trkpt lat="49.466800" lon="17.956280">
				<ele>290.000000</ele>
			</trkpt>
			<trkpt lat="49.466888" lon="17.956190">
				<ele>290.000000</ele>
			</trkpt>
			<trkpt lat="49.466999" lon="17.956056">
				<ele>290.000000</ele>
			</trkpt>
			<trkpt lat="49.467092" lon="17.955966">
				<ele>290.000000</ele>
			</trkpt>
			<trkpt lat="49.467203" lon="17.955885">
				<ele>290.000000</ele>
			</trkpt>
			<trkpt lat="49.467553" lon="17.955687">
				<ele>290.000000</ele>
			</trkpt>
			<trkpt lat="49.467705" lon="17.955615">
				<ele>290.000000</ele>
			</trkpt>
			<trkpt lat="49.467950" lon="17.955490">
				<ele>290.000000</ele>
			</trkpt>
			<trkpt lat="49.468026" lon="17.955472">
				<ele>290.000000</ele>
			</trkpt>
			<trkpt lat="49.468067" lon="17.955454">
				<ele>290.000000</ele>
			</trkpt>
			<trkpt lat="49.468114" lon="17.955472">
				<ele>290.000000</ele>
			</trkpt>
			<trkpt lat="49.468161" lon="17.955508">
				<ele>290.000000</ele>
			</trkpt>
			<trkpt lat="49.468213" lon="17.955535">
				<ele>290.000000</ele>
			</trkpt>
			<trkpt lat="49.468283" lon="17.955561">
				<ele>290.000000</ele>
			</trkpt>
			<trkpt lat="49.468364" lon="17.955571">
				<ele>290.000000</ele>
			</trkpt>
			<trkpt lat="49.468797" lon="17.955437">
				<ele>290.000000</ele>
			</trkpt>
			<trkpt lat="49.468843" lon="17.955418">
				<ele>290.000000</ele>
			</trkpt>
			<trkpt lat="49.468879" lon="17.955437">
				<ele>290.000000</ele>
			</trkpt>
			<trkpt lat="49.468925" lon="17.955481">
				<ele>290.000000</ele>
			</trkpt>
			<trkpt lat="49.468966" lon="17.955553">
				<ele>290.000000</ele>
			</trkpt>
			<trkpt lat="49.469001" lon="17.955678">
				<ele>290.000000</ele>
			</trkpt>
			<trkpt lat="49.469024" lon="17.955831">
				<ele>290.000000</ele>
			</trkpt>
			<trkpt lat="49.469030" lon="17.955903">
				<ele>290.000000</ele>
			</trkpt>
			<trkpt lat="49.469054" lon="17.955957">
				<ele>290.000000</ele>
			</trkpt>
			<trkpt lat="49.469130" lon="17.956146">
				<ele>290.000000</ele>
			</trkpt>
			<trkpt lat="49.469182" lon="17.956271">
				<ele>290.000000</ele>
			</trkpt>
			<trkpt lat="49.469217" lon="17.956406">
				<ele>290.000000</ele>
			</trkpt>
			<trkpt lat="49.469240" lon="17.956550">
				<ele>290.000000</ele>
			</trkpt>
			<trkpt lat="49.469270" lon="17.956802">
				<ele>290.000000</ele>
			</trkpt>
			<trkpt lat="49.469281" lon="17.956900">
				<ele>290.000000</ele>
			</trkpt>
			<trkpt lat="49.469357" lon="17.957278">
				<ele>290.000000</ele>
			</trkpt>
			<trkpt lat="49.469451" lon="17.957637">
				<ele>290.000000</ele>
			</trkpt>
			<trkpt lat="49.469620" lon="17.958122">
				<ele>290.000000</ele>
			</trkpt>
			<trkpt lat="49.469748" lon="17.958481">
				<ele>290.000000</ele>
			</trkpt>
			<trkpt lat="49.469818" lon="17.958751">
				<ele>290.000000</ele>
			</trkpt>
			<trkpt lat="49.469865" lon="17.958840">
				<ele>290.000000</ele>
			</trkpt>
			<trkpt lat="49.469900" lon="17.958903">
				<ele>290.000000</ele>
			</trkpt>
			<trkpt lat="49.469911" lon="17.959003">
				<ele>290.000000</ele>
			</trkpt>
			<trkpt lat="49.469935" lon="17.959146">
				<ele>290.000000</ele>
			</trkpt>
			<trkpt lat="49.469993" lon="17.959272">
				<ele>290.000000</ele>
			</trkpt>
			<trkpt lat="49.470046" lon="17.959397">
				<ele>290.000000</ele>
			</trkpt>
			<trkpt lat="49.470105" lon="17.959559">
				<ele>290.000000</ele>
			</trkpt>
			<trkpt lat="49.470145" lon="17.959722">
				<ele>290.000000</ele>
			</trkpt>
			<trkpt lat="49.470273" lon="17.960287">
				<ele>290.000000</ele>
			</trkpt>
			<trkpt lat="49.470414" lon="17.960925">
				<ele>290.000000</ele>
			</trkpt>
			<trkpt lat="49.470426" lon="17.961203">
				<ele>290.000000</ele>
			</trkpt>
			<trkpt lat="49.470694" lon="17.962479">
				<ele>290.000000</ele>
			</trkpt>
			<trkpt lat="49.470927" lon="17.963638">
				<ele>290.000000</ele>
			</trkpt>
			<trkpt lat="49.470974" lon="17.963611">
				<ele>290.000000</ele>
			</trkpt>
			<trkpt lat="49.471202" lon="17.963503">
				<ele>290.000000</ele>
			</trkpt>
			<trkpt lat="49.471266" lon="17.963467">
				<ele>290.000000</ele>
			</trkpt>
			<trkpt lat="49.471336" lon="17.963422">
				<ele>290.000000</ele>
			</trkpt>
			<trkpt lat="49.471441" lon="17.963377">
				<ele>290.000000</ele>
			</trkpt>
			<trkpt lat="49.471727" lon="17.963225">
				<ele>291.000000</ele>
			</trkpt>
			<trkpt lat="49.472101" lon="17.963072">
				<ele>292.000000</ele>
			</trkpt>
			<trkpt lat="49.472177" lon="17.963035">
				<ele>292.000000</ele>
			</trkpt>
			<trkpt lat="49.472392" lon="17.963790">
				<ele>292.000000</ele>
			</trkpt>
			<trkpt lat="49.472486" lon="17.964167">
				<ele>292.000000</ele>
			</trkpt>
			<trkpt lat="49.472545" lon="17.964383">
				<ele>293.000000</ele>
			</trkpt>
			<trkpt lat="49.472597" lon="17.964563">
				<ele>293.000000</ele>
			</trkpt>
			<trkpt lat="49.472830" lon="17.965461">
				<ele>293.000000</ele>
			</trkpt>
			<trkpt lat="49.472964" lon="17.965964">
				<ele>293.000000</ele>
			</trkpt>
			<trkpt lat="49.473035" lon="17.965928">
				<ele>295.000000</ele>
			</trkpt>
			<trkpt lat="49.472976" lon="17.965569">
				<ele>294.000000</ele>
			</trkpt>
			<trkpt lat="49.472970" lon="17.965416">
				<ele>294.000000</ele>
			</trkpt>
			<trkpt lat="49.472871" lon="17.965022">
				<ele>294.000000</ele>
			</trkpt>
			<trkpt lat="49.472801" lon="17.964760">
				<ele>294.000000</ele>
			</trkpt>
		</trkseg>
	</trk>
</gpx>

