<?xml version="1.0" encoding="UTF-8"?>
<!-- track-length = 94403 filtered ascend = 905 plain-ascend = 1 cost=188390 energy=.6kwh time=5h 42m 41s -->
<gpx 
 xmlns="http://www.topografix.com/GPX/1/1" 
 xmlns:xsi="http://www.w3.org/2001/XMLSchema-instance" 
 xsi:schemaLocation="http://www.topografix.com/GPX/1/1 http://www.topografix.com/GPX/1/1/gpx.xsd" 
 creator="BRouter-1.7.10" version="1.1">
 <trk>
  <name>brouter_trekking_0</name>
  <trkseg>
   <trkpt lon="-4.474657" lat="36.702601"><ele>27.0</ele></trkpt>
   <trkpt lon="-4.474584" lat="36.701316"><ele>25.1</ele></trkpt>
   <trkpt lon="-4.473689" lat="36.701350"><ele>23.7</ele></trkpt>
   <trkpt lon="-4.473292" lat="36.701361"><ele>23.7</ele></trkpt>
   <trkpt lon="-4.472850" lat="36.701374"><ele>23.5</ele></trkpt>
   <trkpt lon="-4.472765" lat="36.701377"><ele>23.6</ele></trkpt>
   <trkpt lon="-4.472687" lat="36.701380"><ele>23.6</ele></trkpt>
   <trkpt lon="-4.472608" lat="36.701382"><ele>23.7</ele></trkpt>
   <trkpt lon="-4.472517" lat="36.701385"><ele>23.8</ele></trkpt>
   <trkpt lon="-4.471384" lat="36.701427"><ele>23.2</ele></trkpt>
   <trkpt lon="-4.471269" lat="36.701430"><ele>22.6</ele></trkpt>
   <trkpt lon="-4.470646" lat="36.701451"><ele>21.4</ele></trkpt>
   <trkpt lon="-4.470430" lat="36.701439"><ele>21.9</ele></trkpt>
   <trkpt lon="-4.469027" lat="36.701355"><ele>22.3</ele></trkpt>
   <trkpt lon="-4.468867" lat="36.701328"><ele>21.8</ele></trkpt>
   <trkpt lon="-4.468709" lat="36.701261"><ele>21.3</ele></trkpt>
   <trkpt lon="-4.468549" lat="36.701174"><ele>20.6</ele></trkpt>
   <trkpt lon="-4.468434" lat="36.701056"><ele>20.1</ele></trkpt>
   <trkpt lon="-4.468354" lat="36.700932"><ele>19.9</ele></trkpt>
   <trkpt lon="-4.468015" lat="36.700102"><ele>17.9</ele></trkpt>
   <trkpt lon="-4.467954" lat="36.699953"><ele>17.7</ele></trkpt>
   <trkpt lon="-4.467820" lat="36.699627"><ele>17.2</ele></trkpt>
   <trkpt lon="-4.467706" lat="36.699335"><ele>16.8</ele></trkpt>
   <trkpt lon="-4.467669" lat="36.699250"><ele>16.4</ele></trkpt>
   <trkpt lon="-4.467727" lat="36.699229"><ele>16.5</ele></trkpt>
   <trkpt lon="-4.467774" lat="36.699196"><ele>16.5</ele></trkpt>
   <trkpt lon="-4.467809" lat="36.699150"><ele>16.4</ele></trkpt>
   <trkpt lon="-4.467825" lat="36.699097"><ele>16.4</ele></trkpt>
   <trkpt lon="-4.467819" lat="36.699044"><ele>16.3</ele></trkpt>
   <trkpt lon="-4.467794" lat="36.698994"><ele>16.2</ele></trkpt>
   <trkpt lon="-4.467750" lat="36.698952"><ele>16.1</ele></trkpt>
   <trkpt lon="-4.467697" lat="36.698925"><ele>16.0</ele></trkpt>
   <trkpt lon="-4.467638" lat="36.698912"><ele>16.1</ele></trkpt>
   <trkpt lon="-4.467577" lat="36.698912"><ele>16.2</ele></trkpt>
   <trkpt lon="-4.467518" lat="36.698927"><ele>16.2</ele></trkpt>
   <trkpt lon="-4.467481" lat="36.698944"><ele>16.3</ele></trkpt>
   <trkpt lon="-4.467423" lat="36.698996"><ele>16.2</ele></trkpt>
   <trkpt lon="-4.467085" lat="36.699148"><ele>16.7</ele></trkpt>
   <trkpt lon="-4.466640" lat="36.699311"><ele>15.3</ele></trkpt>
   <trkpt lon="-4.466199" lat="36.699454"><ele>13.7</ele></trkpt>
   <trkpt lon="-4.464843" lat="36.699992"><ele>15.6</ele></trkpt>
   <trkpt lon="-4.463348" lat="36.700581"><ele>15.9</ele></trkpt>
   <trkpt lon="-4.463109" lat="36.700674"><ele>16.5</ele></trkpt>
   <trkpt lon="-4.462699" lat="36.700828"><ele>17.1</ele></trkpt>
   <trkpt lon="-4.462295" lat="36.701000"><ele>17.1</ele></trkpt>
   <trkpt lon="-4.462193" lat="36.701008"><ele>17.0</ele></trkpt>
   <trkpt lon="-4.462083" lat="36.700983"><ele>17.0</ele></trkpt>
   <trkpt lon="-4.461993" lat="36.700972"><ele>17.0</ele></trkpt>
   <trkpt lon="-4.461905" lat="36.700975"><ele>17.0</ele></trkpt>
   <trkpt lon="-4.461469" lat="36.701144"><ele>17.4</ele></trkpt>
   <trkpt lon="-4.461106" lat="36.701281"><ele>18.0</ele></trkpt>
   <trkpt lon="-4.460677" lat="36.701442"><ele>18.0</ele></trkpt>
   <trkpt lon="-4.460344" lat="36.701573"><ele>18.0</ele></trkpt>
   <trkpt lon="-4.459746" lat="36.701802"><ele>18.0</ele></trkpt>
   <trkpt lon="-4.459657" lat="36.701846"><ele>18.0</ele></trkpt>
   <trkpt lon="-4.459601" lat="36.701902"><ele>18.0</ele></trkpt>
   <trkpt lon="-4.459580" lat="36.701956"><ele>18.0</ele></trkpt>
   <trkpt lon="-4.459521" lat="36.702021"><ele>18.0</ele></trkpt>
   <trkpt lon="-4.459422" lat="36.702082"><ele>17.8</ele></trkpt>
   <trkpt lon="-4.458910" lat="36.702291"><ele>16.7</ele></trkpt>
   <trkpt lon="-4.458494" lat="36.702470"><ele>18.0</ele></trkpt>
   <trkpt lon="-4.457972" lat="36.702687"><ele>18.4</ele></trkpt>
   <trkpt lon="-4.457480" lat="36.702896"><ele>15.8</ele></trkpt>
   <trkpt lon="-4.457423" lat="36.702922"><ele>15.4</ele></trkpt>
   <trkpt lon="-4.457174" lat="36.703035"><ele>14.2</ele></trkpt>
   <trkpt lon="-4.457036" lat="36.703088"><ele>14.1</ele></trkpt>
   <trkpt lon="-4.456413" lat="36.703376"><ele>13.4</ele></trkpt>
   <trkpt lon="-4.456177" lat="36.703485"><ele>13.1</ele></trkpt>
   <trkpt lon="-4.456141" lat="36.703501"><ele>13.0</ele></trkpt>
   <trkpt lon="-4.454654" lat="36.704213"><ele>12.0</ele></trkpt>
   <trkpt lon="-4.454403" lat="36.704323"><ele>12.0</ele></trkpt>
   <trkpt lon="-4.454326" lat="36.704346"><ele>11.8</ele></trkpt>
   <trkpt lon="-4.454251" lat="36.704331"><ele>11.6</ele></trkpt>
   <trkpt lon="-4.454199" lat="36.704332"><ele>11.4</ele></trkpt>
   <trkpt lon="-4.454159" lat="36.704340"><ele>11.3</ele></trkpt>
   <trkpt lon="-4.454119" lat="36.704355"><ele>11.2</ele></trkpt>
   <trkpt lon="-4.454082" lat="36.704377"><ele>11.1</ele></trkpt>
   <trkpt lon="-4.454036" lat="36.704423"><ele>11.0</ele></trkpt>
   <trkpt lon="-4.454023" lat="36.704447"><ele>11.0</ele></trkpt>
   <trkpt lon="-4.453824" lat="36.704548"><ele>11.0</ele></trkpt>
   <trkpt lon="-4.453287" lat="36.704791"><ele>10.7</ele></trkpt>
   <trkpt lon="-4.452379" lat="36.705196"><ele>10.0</ele></trkpt>
   <trkpt lon="-4.452293" lat="36.705248"><ele>10.0</ele></trkpt>
   <trkpt lon="-4.452192" lat="36.705285"><ele>10.0</ele></trkpt>
   <trkpt lon="-4.452129" lat="36.705305"><ele>10.0</ele></trkpt>
   <trkpt lon="-4.452086" lat="36.705287"><ele>10.0</ele></trkpt>
   <trkpt lon="-4.452014" lat="36.705277"><ele>10.0</ele></trkpt>
   <trkpt lon="-4.451964" lat="36.705239"><ele>10.0</ele></trkpt>
   <trkpt lon="-4.451870" lat="36.705201"><ele>10.0</ele></trkpt>
   <trkpt lon="-4.451610" lat="36.704991"><ele>10.0</ele></trkpt>
   <trkpt lon="-4.451211" lat="36.704680"><ele>9.3</ele></trkpt>
   <trkpt lon="-4.450856" lat="36.704393"><ele>9.0</ele></trkpt>
   <trkpt lon="-4.450745" lat="36.704363"><ele>9.0</ele></trkpt>
   <trkpt lon="-4.450589" lat="36.704408"><ele>9.0</ele></trkpt>
   <trkpt lon="-4.448573" lat="36.705371"><ele>10.0</ele></trkpt>
   <trkpt lon="-4.447926" lat="36.705683"><ele>9.4</ele></trkpt>
   <trkpt lon="-4.447876" lat="36.705705"><ele>9.3</ele></trkpt>
   <trkpt lon="-4.447782" lat="36.705751"><ele>9.2</ele></trkpt>
   <trkpt lon="-4.447702" lat="36.705789"><ele>9.1</ele></trkpt>
   <trkpt lon="-4.447540" lat="36.705862"><ele>8.8</ele></trkpt>
   <trkpt lon="-4.447493" lat="36.705883"><ele>8.7</ele></trkpt>
   <trkpt lon="-4.444673" lat="36.707219"><ele>8.9</ele></trkpt>
   <trkpt lon="-4.443732" lat="36.707655"><ele>8.7</ele></trkpt>
   <trkpt lon="-4.443651" lat="36.707626"><ele>8.5</ele></trkpt>
   <trkpt lon="-4.443624" lat="36.707588"><ele>8.4</ele></trkpt>
   <trkpt lon="-4.443546" lat="36.707524"><ele>8.0</ele></trkpt>
   <trkpt lon="-4.443515" lat="36.707488"><ele>7.8</ele></trkpt>
   <trkpt lon="-4.443151" lat="36.706937"><ele>6.0</ele></trkpt>
   <trkpt lon="-4.443109" lat="36.706877"><ele>6.0</ele></trkpt>
   <trkpt lon="-4.443082" lat="36.706833"><ele>6.0</ele></trkpt>
   <trkpt lon="-4.443070" lat="36.706813"><ele>6.0</ele></trkpt>
   <trkpt lon="-4.442992" lat="36.706790"><ele>6.0</ele></trkpt>
   <trkpt lon="-4.442856" lat="36.706608"><ele>6.0</ele></trkpt>
   <trkpt lon="-4.441981" lat="36.705297"><ele>5.1</ele></trkpt>
   <trkpt lon="-4.441923" lat="36.705208"><ele>5.0</ele></trkpt>
   <trkpt lon="-4.441881" lat="36.705124"><ele>5.0</ele></trkpt>
   <trkpt lon="-4.441849" lat="36.705029"><ele>5.0</ele></trkpt>
   <trkpt lon="-4.441847" lat="36.704972"><ele>5.0</ele></trkpt>
   <trkpt lon="-4.441835" lat="36.704922"><ele>5.0</ele></trkpt>
   <trkpt lon="-4.441232" lat="36.704010"><ele>5.0</ele></trkpt>
   <trkpt lon="-4.441203" lat="36.703989"><ele>5.0</ele></trkpt>
   <trkpt lon="-4.441134" lat="36.703937"><ele>5.0</ele></trkpt>
   <trkpt lon="-4.441068" lat="36.703885"><ele>5.0</ele></trkpt>
   <trkpt lon="-4.441030" lat="36.703841"><ele>5.0</ele></trkpt>
   <trkpt lon="-4.440960" lat="36.703710"><ele>4.8</ele></trkpt>
   <trkpt lon="-4.440941" lat="36.703639"><ele>4.7</ele></trkpt>
   <trkpt lon="-4.440879" lat="36.703583"><ele>4.5</ele></trkpt>
   <trkpt lon="-4.440846" lat="36.703554"><ele>4.4</ele></trkpt>
   <trkpt lon="-4.440814" lat="36.703530"><ele>4.2</ele></trkpt>
   <trkpt lon="-4.440744" lat="36.703513"><ele>4.0</ele></trkpt>
   <trkpt lon="-4.440614" lat="36.703428"><ele>4.2</ele></trkpt>
   <trkpt lon="-4.440506" lat="36.703324"><ele>4.2</ele></trkpt>
   <trkpt lon="-4.440215" lat="36.703016"><ele>4.0</ele></trkpt>
   <trkpt lon="-4.440170" lat="36.702994"><ele>4.0</ele></trkpt>
   <trkpt lon="-4.440094" lat="36.702921"><ele>4.0</ele></trkpt>
   <trkpt lon="-4.439966" lat="36.702788"><ele>4.0</ele></trkpt>
   <trkpt lon="-4.439914" lat="36.702733"><ele>4.0</ele></trkpt>
   <trkpt lon="-4.439861" lat="36.702656"><ele>4.0</ele></trkpt>
   <trkpt lon="-4.439104" lat="36.701895"><ele>4.0</ele></trkpt>
   <trkpt lon="-4.438981" lat="36.701783"><ele>4.0</ele></trkpt>
   <trkpt lon="-4.438926" lat="36.701719"><ele>4.0</ele></trkpt>
   <trkpt lon="-4.438801" lat="36.701606"><ele>4.0</ele></trkpt>
   <trkpt lon="-4.438737" lat="36.701527"><ele>4.0</ele></trkpt>
   <trkpt lon="-4.438681" lat="36.701459"><ele>3.9</ele></trkpt>
   <trkpt lon="-4.438473" lat="36.701357"><ele>3.2</ele></trkpt>
   <trkpt lon="-4.437773" lat="36.701024"><ele>3.0</ele></trkpt>
   <trkpt lon="-4.436962" lat="36.700648"><ele>3.0</ele></trkpt>
   <trkpt lon="-4.436394" lat="36.700378"><ele>3.0</ele></trkpt>
   <trkpt lon="-4.436297" lat="36.700371"><ele>3.0</ele></trkpt>
   <trkpt lon="-4.436250" lat="36.700475"><ele>3.0</ele></trkpt>
   <trkpt lon="-4.436220" lat="36.700534"><ele>3.0</ele></trkpt>
   <trkpt lon="-4.436136" lat="36.700542"><ele>3.0</ele></trkpt>
   <trkpt lon="-4.436055" lat="36.700575"><ele>3.0</ele></trkpt>
   <trkpt lon="-4.435997" lat="36.700612"><ele>3.0</ele></trkpt>
   <trkpt lon="-4.435913" lat="36.700598"><ele>3.0</ele></trkpt>
   <trkpt lon="-4.435868" lat="36.700589"><ele>3.0</ele></trkpt>
   <trkpt lon="-4.435736" lat="36.700586"><ele>3.0</ele></trkpt>
   <trkpt lon="-4.435664" lat="36.700624"><ele>3.0</ele></trkpt>
   <trkpt lon="-4.435628" lat="36.700598"><ele>3.0</ele></trkpt>
   <trkpt lon="-4.435540" lat="36.700537"><ele>3.0</ele></trkpt>
   <trkpt lon="-4.435494" lat="36.700507"><ele>3.0</ele></trkpt>
   <trkpt lon="-4.435469" lat="36.700491"><ele>3.0</ele></trkpt>
   <trkpt lon="-4.435459" lat="36.700522"><ele>3.0</ele></trkpt>
   <trkpt lon="-4.435240" lat="36.700706"><ele>2.8</ele></trkpt>
   <trkpt lon="-4.434644" lat="36.701180"><ele>2.1</ele></trkpt>
   <trkpt lon="-4.433970" lat="36.701739"><ele>1.1</ele></trkpt>
   <trkpt lon="-4.433812" lat="36.701798"><ele>1.0</ele></trkpt>
   <trkpt lon="-4.433744" lat="36.701887"><ele>1.2</ele></trkpt>
   <trkpt lon="-4.433689" lat="36.701977"><ele>1.3</ele></trkpt>
   <trkpt lon="-4.433264" lat="36.702565"><ele>1.3</ele></trkpt>
   <trkpt lon="-4.433251" lat="36.702584"><ele>1.3</ele></trkpt>
   <trkpt lon="-4.433266" lat="36.702625"><ele>1.5</ele></trkpt>
   <trkpt lon="-4.433307" lat="36.702646"><ele>1.7</ele></trkpt>
   <trkpt lon="-4.433385" lat="36.702686"><ele>2.0</ele></trkpt>
   <trkpt lon="-4.433503" lat="36.702757"><ele>2.6</ele></trkpt>
   <trkpt lon="-4.433539" lat="36.702782"><ele>2.8</ele></trkpt>
   <trkpt lon="-4.433478" lat="36.702877"><ele>2.8</ele></trkpt>
   <trkpt lon="-4.433462" lat="36.702920"><ele>2.8</ele></trkpt>
   <trkpt lon="-4.433438" lat="36.702947"><ele>2.7</ele></trkpt>
   <trkpt lon="-4.433348" lat="36.703073"><ele>2.8</ele></trkpt>
   <trkpt lon="-4.433287" lat="36.703148"><ele>3.0</ele></trkpt>
   <trkpt lon="-4.433140" lat="36.703346"><ele>2.9</ele></trkpt>
   <trkpt lon="-4.433108" lat="36.703440"><ele>2.9</ele></trkpt>
   <trkpt lon="-4.433083" lat="36.703482"><ele>3.0</ele></trkpt>
   <trkpt lon="-4.432939" lat="36.703673"><ele>3.0</ele></trkpt>
   <trkpt lon="-4.432851" lat="36.703773"><ele>3.0</ele></trkpt>
   <trkpt lon="-4.432294" lat="36.704501"><ele>2.9</ele></trkpt>
   <trkpt lon="-4.432228" lat="36.704625"><ele>3.0</ele></trkpt>
   <trkpt lon="-4.432199" lat="36.704682"><ele>3.0</ele></trkpt>
   <trkpt lon="-4.432191" lat="36.704775"><ele>3.0</ele></trkpt>
   <trkpt lon="-4.432175" lat="36.704819"><ele>3.0</ele></trkpt>
   <trkpt lon="-4.432126" lat="36.704876"><ele>3.0</ele></trkpt>
   <trkpt lon="-4.431942" lat="36.705098"><ele>3.0</ele></trkpt>
   <trkpt lon="-4.431799" lat="36.705262"><ele>3.0</ele></trkpt>
   <trkpt lon="-4.431771" lat="36.705305"><ele>3.0</ele></trkpt>
   <trkpt lon="-4.431607" lat="36.705518"><ele>3.0</ele></trkpt>
   <trkpt lon="-4.431502" lat="36.705597"><ele>3.0</ele></trkpt>
   <trkpt lon="-4.431400" lat="36.705697"><ele>3.0</ele></trkpt>
   <trkpt lon="-4.431362" lat="36.705748"><ele>3.0</ele></trkpt>
   <trkpt lon="-4.430959" lat="36.706293"><ele>3.0</ele></trkpt>
   <trkpt lon="-4.430890" lat="36.706356"><ele>3.0</ele></trkpt>
   <trkpt lon="-4.430882" lat="36.706363"><ele>3.0</ele></trkpt>
   <trkpt lon="-4.430827" lat="36.706416"><ele>3.0</ele></trkpt>
   <trkpt lon="-4.430772" lat="36.706461"><ele>3.0</ele></trkpt>
   <trkpt lon="-4.430671" lat="36.706525"><ele>3.0</ele></trkpt>
   <trkpt lon="-4.430644" lat="36.706527"><ele>3.0</ele></trkpt>
   <trkpt lon="-4.430019" lat="36.707243"><ele>3.0</ele></trkpt>
   <trkpt lon="-4.429449" lat="36.707895"><ele>3.0</ele></trkpt>
   <trkpt lon="-4.429416" lat="36.707933"><ele>3.0</ele></trkpt>
   <trkpt lon="-4.429366" lat="36.707972"><ele>3.0</ele></trkpt>
   <trkpt lon="-4.429328" lat="36.708017"><ele>3.0</ele></trkpt>
   <trkpt lon="-4.429279" lat="36.708074"><ele>3.0</ele></trkpt>
   <trkpt lon="-4.429257" lat="36.708118"><ele>3.0</ele></trkpt>
   <trkpt lon="-4.429169" lat="36.708206"><ele>3.0</ele></trkpt>
   <trkpt lon="-4.428984" lat="36.708359"><ele>3.0</ele></trkpt>
   <trkpt lon="-4.428873" lat="36.708479"><ele>3.0</ele></trkpt>
   <trkpt lon="-4.428795" lat="36.708609"><ele>3.0</ele></trkpt>
   <trkpt lon="-4.428596" lat="36.708837"><ele>3.0</ele></trkpt>
   <trkpt lon="-4.428524" lat="36.708887"><ele>3.0</ele></trkpt>
   <trkpt lon="-4.428135" lat="36.709336"><ele>3.0</ele></trkpt>
   <trkpt lon="-4.428088" lat="36.709318"><ele>3.0</ele></trkpt>
   <trkpt lon="-4.428025" lat="36.709289"><ele>3.0</ele></trkpt>
   <trkpt lon="-4.428009" lat="36.709281"><ele>3.0</ele></trkpt>
   <trkpt lon="-4.427902" lat="36.709225"><ele>3.0</ele></trkpt>
   <trkpt lon="-4.427855" lat="36.709194"><ele>3.0</ele></trkpt>
   <trkpt lon="-4.427832" lat="36.709220"><ele>3.0</ele></trkpt>
   <trkpt lon="-4.427653" lat="36.709414"><ele>3.0</ele></trkpt>
   <trkpt lon="-4.427611" lat="36.709437"><ele>3.0</ele></trkpt>
   <trkpt lon="-4.427578" lat="36.709471"><ele>3.0</ele></trkpt>
   <trkpt lon="-4.427538" lat="36.709526"><ele>3.0</ele></trkpt>
   <trkpt lon="-4.427515" lat="36.709573"><ele>3.0</ele></trkpt>
   <trkpt lon="-4.427300" lat="36.709830"><ele>3.4</ele></trkpt>
   <trkpt lon="-4.427279" lat="36.709853"><ele>3.5</ele></trkpt>
   <trkpt lon="-4.426947" lat="36.710218"><ele>3.2</ele></trkpt>
   <trkpt lon="-4.426317" lat="36.710836"><ele>1.6</ele></trkpt>
   <trkpt lon="-4.426220" lat="36.710933"><ele>1.9</ele></trkpt>
   <trkpt lon="-4.426034" lat="36.711121"><ele>2.4</ele></trkpt>
   <trkpt lon="-4.425661" lat="36.711502"><ele>3.3</ele></trkpt>
   <trkpt lon="-4.425269" lat="36.711896"><ele>3.0</ele></trkpt>
   <trkpt lon="-4.425173" lat="36.711985"><ele>3.0</ele></trkpt>
   <trkpt lon="-4.425083" lat="36.712073"><ele>3.0</ele></trkpt>
   <trkpt lon="-4.424154" lat="36.713014"><ele>2.9</ele></trkpt>
   <trkpt lon="-4.424075" lat="36.713086"><ele>3.0</ele></trkpt>
   <trkpt lon="-4.423784" lat="36.713375"><ele>3.0</ele></trkpt>
   <trkpt lon="-4.423744" lat="36.713414"><ele>3.0</ele></trkpt>
   <trkpt lon="-4.421933" lat="36.715266"><ele>2.9</ele></trkpt>
   <trkpt lon="-4.421903" lat="36.715296"><ele>2.9</ele></trkpt>
   <trkpt lon="-4.421642" lat="36.715567"><ele>3.3</ele></trkpt>
   <trkpt lon="-4.421619" lat="36.715592"><ele>3.4</ele></trkpt>
   <trkpt lon="-4.421383" lat="36.715830"><ele>3.2</ele></trkpt>
   <trkpt lon="-4.420954" lat="36.716268"><ele>3.0</ele></trkpt>
   <trkpt lon="-4.420833" lat="36.716391"><ele>2.7</ele></trkpt>
   <trkpt lon="-4.420608" lat="36.716646"><ele>2.5</ele></trkpt>
   <trkpt lon="-4.420537" lat="36.716722"><ele>2.6</ele></trkpt>
   <trkpt lon="-4.420330" lat="36.716967"><ele>2.2</ele></trkpt>
   <trkpt lon="-4.420235" lat="36.717070"><ele>2.0</ele></trkpt>
   <trkpt lon="-4.419834" lat="36.717486"><ele>2.0</ele></trkpt>
   <trkpt lon="-4.419702" lat="36.717581"><ele>2.2</ele></trkpt>
   <trkpt lon="-4.419608" lat="36.717628"><ele>2.4</ele></trkpt>
   <trkpt lon="-4.419495" lat="36.717659"><ele>2.5</ele></trkpt>
   <trkpt lon="-4.415533" lat="36.718746"><ele>3.0</ele></trkpt>
   <trkpt lon="-4.415435" lat="36.718773"><ele>3.0</ele></trkpt>
   <trkpt lon="-4.414277" lat="36.719091"><ele>2.5</ele></trkpt>
   <trkpt lon="-4.412948" lat="36.719455"><ele>5.0</ele></trkpt>
   <trkpt lon="-4.412573" lat="36.719558"><ele>5.5</ele></trkpt>
   <trkpt lon="-4.412331" lat="36.719626"><ele>5.0</ele></trkpt>
   <trkpt lon="-4.412204" lat="36.719652"><ele>4.8</ele></trkpt>
   <trkpt lon="-4.411932" lat="36.719656"><ele>4.9</ele></trkpt>
   <trkpt lon="-4.411775" lat="36.719645"><ele>5.2</ele></trkpt>
   <trkpt lon="-4.411681" lat="36.719616"><ele>5.3</ele></trkpt>
   <trkpt lon="-4.411565" lat="36.719566"><ele>5.5</ele></trkpt>
   <trkpt lon="-4.411420" lat="36.719449"><ele>5.6</ele></trkpt>
   <trkpt lon="-4.411243" lat="36.719307"><ele>5.2</ele></trkpt>
   <trkpt lon="-4.411114" lat="36.719229"><ele>5.0</ele></trkpt>
   <trkpt lon="-4.410986" lat="36.719128"><ele>4.8</ele></trkpt>
   <trkpt lon="-4.410591" lat="36.718772"><ele>4.0</ele></trkpt>
   <trkpt lon="-4.410546" lat="36.718732"><ele>4.0</ele></trkpt>
   <trkpt lon="-4.410264" lat="36.718500"><ele>4.0</ele></trkpt>
   <trkpt lon="-4.410218" lat="36.718470"><ele>4.1</ele></trkpt>
   <trkpt lon="-4.410200" lat="36.718406"><ele>4.2</ele></trkpt>
   <trkpt lon="-4.409998" lat="36.718305"><ele>4.7</ele></trkpt>
   <trkpt lon="-4.409790" lat="36.718246"><ele>4.8</ele></trkpt>
   <trkpt lon="-4.409732" lat="36.718236"><ele>4.9</ele></trkpt>
   <trkpt lon="-4.409458" lat="36.718207"><ele>4.3</ele></trkpt>
   <trkpt lon="-4.409402" lat="36.718209"><ele>4.2</ele></trkpt>
   <trkpt lon="-4.409376" lat="36.718210"><ele>4.1</ele></trkpt>
   <trkpt lon="-4.409372" lat="36.718192"><ele>4.1</ele></trkpt>
   <trkpt lon="-4.409365" lat="36.718160"><ele>3.9</ele></trkpt>
   <trkpt lon="-4.409304" lat="36.718158"><ele>3.6</ele></trkpt>
   <trkpt lon="-4.409090" lat="36.718175"><ele>2.5</ele></trkpt>
   <trkpt lon="-4.408963" lat="36.718208"><ele>2.0</ele></trkpt>
   <trkpt lon="-4.408808" lat="36.718271"><ele>1.9</ele></trkpt>
   <trkpt lon="-4.408706" lat="36.718326"><ele>1.9</ele></trkpt>
   <trkpt lon="-4.407728" lat="36.718961"><ele>1.8</ele></trkpt>
   <trkpt lon="-4.407453" lat="36.719133"><ele>1.8</ele></trkpt>
   <trkpt lon="-4.407120" lat="36.719326"><ele>1.8</ele></trkpt>
   <trkpt lon="-4.405690" lat="36.719958"><ele>2.3</ele></trkpt>
   <trkpt lon="-4.405215" lat="36.720120"><ele>2.3</ele></trkpt>
   <trkpt lon="-4.404573" lat="36.720277"><ele>3.1</ele></trkpt>
   <trkpt lon="-4.404090" lat="36.720338"><ele>2.6</ele></trkpt>
   <trkpt lon="-4.403131" lat="36.720396"><ele>3.3</ele></trkpt>
   <trkpt lon="-4.402832" lat="36.720460"><ele>2.6</ele></trkpt>
   <trkpt lon="-4.402619" lat="36.720526"><ele>2.8</ele></trkpt>
   <trkpt lon="-4.400704" lat="36.721199"><ele>2.5</ele></trkpt>
   <trkpt lon="-4.400362" lat="36.721304"><ele>2.1</ele></trkpt>
   <trkpt lon="-4.399431" lat="36.721564"><ele>2.0</ele></trkpt>
   <trkpt lon="-4.399150" lat="36.721639"><ele>2.2</ele></trkpt>
   <trkpt lon="-4.398135" lat="36.721902"><ele>2.2</ele></trkpt>
   <trkpt lon="-4.397479" lat="36.722090"><ele>3.0</ele></trkpt>
   <trkpt lon="-4.397291" lat="36.722146"><ele>2.7</ele></trkpt>
   <trkpt lon="-4.396780" lat="36.722297"><ele>1.3</ele></trkpt>
   <trkpt lon="-4.396377" lat="36.722444"><ele>3.0</ele></trkpt>
   <trkpt lon="-4.395734" lat="36.722685"><ele>2.5</ele></trkpt>
   <trkpt lon="-4.395133" lat="36.722882"><ele>2.8</ele></trkpt>
   <trkpt lon="-4.394901" lat="36.722933"><ele>2.9</ele></trkpt>
   <trkpt lon="-4.394730" lat="36.722957"><ele>3.0</ele></trkpt>
   <trkpt lon="-4.394524" lat="36.722973"><ele>3.0</ele></trkpt>
   <trkpt lon="-4.393583" lat="36.722976"><ele>3.2</ele></trkpt>
   <trkpt lon="-4.393248" lat="36.722965"><ele>4.0</ele></trkpt>
   <trkpt lon="-4.392918" lat="36.722910"><ele>4.0</ele></trkpt>
   <trkpt lon="-4.392698" lat="36.722838"><ele>4.4</ele></trkpt>
   <trkpt lon="-4.391986" lat="36.722543"><ele>4.9</ele></trkpt>
   <trkpt lon="-4.391761" lat="36.722475"><ele>5.0</ele></trkpt>
   <trkpt lon="-4.391538" lat="36.722432"><ele>5.2</ele></trkpt>
   <trkpt lon="-4.388241" lat="36.722174"><ele>3.8</ele></trkpt>
   <trkpt lon="-4.387993" lat="36.722142"><ele>4.5</ele></trkpt>
   <trkpt lon="-4.387857" lat="36.722138"><ele>4.9</ele></trkpt>
   <trkpt lon="-4.387703" lat="36.722090"><ele>4.6</ele></trkpt>
   <trkpt lon="-4.387523" lat="36.722020"><ele>3.7</ele></trkpt>
   <trkpt lon="-4.386922" lat="36.721735"><ele>5.4</ele></trkpt>
   <trkpt lon="-4.386276" lat="36.721443"><ele>4.3</ele></trkpt>
   <trkpt lon="-4.386116" lat="36.721393"><ele>3.6</ele></trkpt>
   <trkpt lon="-4.385952" lat="36.721354"><ele>3.8</ele></trkpt>
   <trkpt lon="-4.385747" lat="36.721332"><ele>6.0</ele></trkpt>
   <trkpt lon="-4.385567" lat="36.721322"><ele>6.0</ele></trkpt>
   <trkpt lon="-4.383531" lat="36.721457"><ele>3.0</ele></trkpt>
   <trkpt lon="-4.383274" lat="36.721466"><ele>3.0</ele></trkpt>
   <trkpt lon="-4.382237" lat="36.721439"><ele>3.1</ele></trkpt>
   <trkpt lon="-4.381027" lat="36.721398"><ele>2.8</ele></trkpt>
   <trkpt lon="-4.380493" lat="36.721388"><ele>2.8</ele></trkpt>
   <trkpt lon="-4.380446" lat="36.721433"><ele>3.0</ele></trkpt>
   <trkpt lon="-4.380004" lat="36.721428"><ele>3.0</ele></trkpt>
   <trkpt lon="-4.379725" lat="36.721433"><ele>3.0</ele></trkpt>
   <trkpt lon="-4.379708" lat="36.721434"><ele>3.0</ele></trkpt>
   <trkpt lon="-4.379656" lat="36.721438"><ele>3.1</ele></trkpt>
   <trkpt lon="-4.378990" lat="36.721486"><ele>2.7</ele></trkpt>
   <trkpt lon="-4.378932" lat="36.721489"><ele>2.7</ele></trkpt>
   <trkpt lon="-4.378638" lat="36.721509"><ele>2.7</ele></trkpt>
   <trkpt lon="-4.378530" lat="36.721517"><ele>2.8</ele></trkpt>
   <trkpt lon="-4.378363" lat="36.721529"><ele>2.8</ele></trkpt>
   <trkpt lon="-4.378211" lat="36.721535"><ele>2.9</ele></trkpt>
   <trkpt lon="-4.377562" lat="36.721571"><ele>3.0</ele></trkpt>
   <trkpt lon="-4.377008" lat="36.721582"><ele>2.9</ele></trkpt>
   <trkpt lon="-4.376873" lat="36.721585"><ele>3.0</ele></trkpt>
   <trkpt lon="-4.376433" lat="36.721588"><ele>3.0</ele></trkpt>
   <trkpt lon="-4.375961" lat="36.721578"><ele>3.0</ele></trkpt>
   <trkpt lon="-4.375794" lat="36.721574"><ele>3.2</ele></trkpt>
   <trkpt lon="-4.375612" lat="36.721571"><ele>3.7</ele></trkpt>
   <trkpt lon="-4.375312" lat="36.721551"><ele>3.1</ele></trkpt>
   <trkpt lon="-4.375176" lat="36.721542"><ele>2.8</ele></trkpt>
   <trkpt lon="-4.374831" lat="36.721524"><ele>2.8</ele></trkpt>
   <trkpt lon="-4.374755" lat="36.721519"><ele>2.8</ele></trkpt>
   <trkpt lon="-4.374709" lat="36.721516"><ele>2.8</ele></trkpt>
   <trkpt lon="-4.374706" lat="36.721573"><ele>2.9</ele></trkpt>
   <trkpt lon="-4.374581" lat="36.721838"><ele>3.7</ele></trkpt>
   <trkpt lon="-4.374481" lat="36.722045"><ele>4.3</ele></trkpt>
   <trkpt lon="-4.374399" lat="36.722210"><ele>4.5</ele></trkpt>
   <trkpt lon="-4.374344" lat="36.722326"><ele>4.6</ele></trkpt>
   <trkpt lon="-4.374311" lat="36.722393"><ele>4.7</ele></trkpt>
   <trkpt lon="-4.373838" lat="36.722396"><ele>4.3</ele></trkpt>
   <trkpt lon="-4.373518" lat="36.722398"><ele>4.3</ele></trkpt>
   <trkpt lon="-4.373486" lat="36.722398"><ele>4.3</ele></trkpt>
   <trkpt lon="-4.373438" lat="36.722399"><ele>4.3</ele></trkpt>
   <trkpt lon="-4.373234" lat="36.722400"><ele>4.3</ele></trkpt>
   <trkpt lon="-4.372548" lat="36.722404"><ele>4.4</ele></trkpt>
   <trkpt lon="-4.372513" lat="36.722405"><ele>4.4</ele></trkpt>
   <trkpt lon="-4.372321" lat="36.722405"><ele>4.4</ele></trkpt>
   <trkpt lon="-4.371736" lat="36.722406"><ele>4.4</ele></trkpt>
   <trkpt lon="-4.371611" lat="36.722406"><ele>4.4</ele></trkpt>
   <trkpt lon="-4.371253" lat="36.722406"><ele>4.4</ele></trkpt>
   <trkpt lon="-4.371066" lat="36.722406"><ele>4.4</ele></trkpt>
   <trkpt lon="-4.370514" lat="36.722407"><ele>4.8</ele></trkpt>
   <trkpt lon="-4.370220" lat="36.722406"><ele>5.2</ele></trkpt>
   <trkpt lon="-4.370096" lat="36.722405"><ele>5.3</ele></trkpt>
   <trkpt lon="-4.369973" lat="36.722404"><ele>5.7</ele></trkpt>
   <trkpt lon="-4.369888" lat="36.722404"><ele>5.9</ele></trkpt>
   <trkpt lon="-4.369673" lat="36.722401"><ele>6.6</ele></trkpt>
   <trkpt lon="-4.369316" lat="36.722403"><ele>7.4</ele></trkpt>
   <trkpt lon="-4.368271" lat="36.722402"><ele>9.1</ele></trkpt>
   <trkpt lon="-4.368092" lat="36.722403"><ele>9.3</ele></trkpt>
   <trkpt lon="-4.367922" lat="36.722404"><ele>9.5</ele></trkpt>
   <trkpt lon="-4.367821" lat="36.722405"><ele>9.6</ele></trkpt>
   <trkpt lon="-4.367536" lat="36.722408"><ele>10.0</ele></trkpt>
   <trkpt lon="-4.367488" lat="36.722404"><ele>10.1</ele></trkpt>
   <trkpt lon="-4.367302" lat="36.722392"><ele>10.4</ele></trkpt>
   <trkpt lon="-4.367072" lat="36.722376"><ele>10.9</ele></trkpt>
   <trkpt lon="-4.366850" lat="36.722349"><ele>10.6</ele></trkpt>
   <trkpt lon="-4.366436" lat="36.722291"><ele>10.0</ele></trkpt>
   <trkpt lon="-4.366320" lat="36.722275"><ele>10.0</ele></trkpt>
   <trkpt lon="-4.366272" lat="36.722268"><ele>10.1</ele></trkpt>
   <trkpt lon="-4.366255" lat="36.722265"><ele>10.1</ele></trkpt>
   <trkpt lon="-4.365918" lat="36.722219"><ele>10.6</ele></trkpt>
   <trkpt lon="-4.365870" lat="36.722211"><ele>10.5</ele></trkpt>
   <trkpt lon="-4.365856" lat="36.722208"><ele>10.5</ele></trkpt>
   <trkpt lon="-4.365375" lat="36.722127"><ele>9.6</ele></trkpt>
   <trkpt lon="-4.365269" lat="36.722109"><ele>9.4</ele></trkpt>
   <trkpt lon="-4.364970" lat="36.722053"><ele>8.7</ele></trkpt>
   <trkpt lon="-4.364854" lat="36.722031"><ele>8.4</ele></trkpt>
   <trkpt lon="-4.364287" lat="36.721906"><ele>7.8</ele></trkpt>
   <trkpt lon="-4.364157" lat="36.721875"><ele>7.6</ele></trkpt>
   <trkpt lon="-4.363803" lat="36.721777"><ele>7.0</ele></trkpt>
   <trkpt lon="-4.363062" lat="36.721510"><ele>7.1</ele></trkpt>
   <trkpt lon="-4.362934" lat="36.721464"><ele>7.2</ele></trkpt>
   <trkpt lon="-4.362942" lat="36.721380"><ele>6.6</ele></trkpt>
   <trkpt lon="-4.362962" lat="36.721200"><ele>5.7</ele></trkpt>
   <trkpt lon="-4.362978" lat="36.721048"><ele>5.3</ele></trkpt>
   <trkpt lon="-4.363041" lat="36.720473"><ele>5.0</ele></trkpt>
   <trkpt lon="-4.363059" lat="36.720310"><ele>5.0</ele></trkpt>
   <trkpt lon="-4.363069" lat="36.720198"><ele>4.9</ele></trkpt>
   <trkpt lon="-4.363108" lat="36.719785"><ele>3.4</ele></trkpt>
   <trkpt lon="-4.363116" lat="36.719702"><ele>2.9</ele></trkpt>
   <trkpt lon="-4.362113" lat="36.719622"><ele>3.2</ele></trkpt>
   <trkpt lon="-4.361808" lat="36.719590"><ele>3.1</ele></trkpt>
   <trkpt lon="-4.361545" lat="36.719559"><ele>3.0</ele></trkpt>
   <trkpt lon="-4.361437" lat="36.719547"><ele>3.0</ele></trkpt>
   <trkpt lon="-4.361141" lat="36.719522"><ele>2.9</ele></trkpt>
   <trkpt lon="-4.361040" lat="36.719514"><ele>2.9</ele></trkpt>
   <trkpt lon="-4.360849" lat="36.719496"><ele>2.8</ele></trkpt>
   <trkpt lon="-4.360798" lat="36.719490"><ele>2.8</ele></trkpt>
   <trkpt lon="-4.360138" lat="36.719423"><ele>2.6</ele></trkpt>
   <trkpt lon="-4.359683" lat="36.719374"><ele>2.3</ele></trkpt>
   <trkpt lon="-4.359296" lat="36.719333"><ele>2.0</ele></trkpt>
   <trkpt lon="-4.359125" lat="36.719314"><ele>2.0</ele></trkpt>
   <trkpt lon="-4.357786" lat="36.719135"><ele>2.0</ele></trkpt>
   <trkpt lon="-4.357612" lat="36.719110"><ele>2.4</ele></trkpt>
   <trkpt lon="-4.357173" lat="36.719045"><ele>2.5</ele></trkpt>
   <trkpt lon="-4.356912" lat="36.719005"><ele>2.4</ele></trkpt>
   <trkpt lon="-4.356876" lat="36.719000"><ele>2.4</ele></trkpt>
   <trkpt lon="-4.356793" lat="36.718984"><ele>2.3</ele></trkpt>
   <trkpt lon="-4.356532" lat="36.718933"><ele>2.8</ele></trkpt>
   <trkpt lon="-4.356374" lat="36.718902"><ele>3.0</ele></trkpt>
   <trkpt lon="-4.356196" lat="36.718861"><ele>3.0</ele></trkpt>
   <trkpt lon="-4.356113" lat="36.718841"><ele>2.9</ele></trkpt>
   <trkpt lon="-4.355893" lat="36.718787"><ele>2.8</ele></trkpt>
   <trkpt lon="-4.355790" lat="36.718762"><ele>2.7</ele></trkpt>
   <trkpt lon="-4.355668" lat="36.718724"><ele>2.7</ele></trkpt>
   <trkpt lon="-4.355281" lat="36.718606"><ele>2.9</ele></trkpt>
   <trkpt lon="-4.355223" lat="36.718589"><ele>2.9</ele></trkpt>
   <trkpt lon="-4.354741" lat="36.718443"><ele>2.8</ele></trkpt>
   <trkpt lon="-4.354454" lat="36.718359"><ele>2.9</ele></trkpt>
   <trkpt lon="-4.354258" lat="36.718301"><ele>2.9</ele></trkpt>
   <trkpt lon="-4.354176" lat="36.718283"><ele>3.0</ele></trkpt>
   <trkpt lon="-4.354128" lat="36.718272"><ele>3.1</ele></trkpt>
   <trkpt lon="-4.353400" lat="36.718119"><ele>2.8</ele></trkpt>
   <trkpt lon="-4.352969" lat="36.718028"><ele>2.5</ele></trkpt>
   <trkpt lon="-4.352916" lat="36.718017"><ele>2.5</ele></trkpt>
   <trkpt lon="-4.352543" lat="36.717962"><ele>2.7</ele></trkpt>
   <trkpt lon="-4.352445" lat="36.717944"><ele>3.0</ele></trkpt>
   <trkpt lon="-4.350895" lat="36.717708"><ele>2.9</ele></trkpt>
   <trkpt lon="-4.350793" lat="36.717697"><ele>2.8</ele></trkpt>
   <trkpt lon="-4.348949" lat="36.717413"><ele>2.7</ele></trkpt>
   <trkpt lon="-4.348723" lat="36.717377"><ele>3.2</ele></trkpt>
   <trkpt lon="-4.348568" lat="36.717279"><ele>3.4</ele></trkpt>
   <trkpt lon="-4.348257" lat="36.717217"><ele>4.0</ele></trkpt>
   <trkpt lon="-4.348100" lat="36.717175"><ele>4.4</ele></trkpt>
   <trkpt lon="-4.347962" lat="36.717127"><ele>4.5</ele></trkpt>
   <trkpt lon="-4.347583" lat="36.716952"><ele>5.0</ele></trkpt>
   <trkpt lon="-4.347372" lat="36.716784"><ele>6.4</ele></trkpt>
   <trkpt lon="-4.347282" lat="36.716713"><ele>6.9</ele></trkpt>
   <trkpt lon="-4.347150" lat="36.716595"><ele>7.3</ele></trkpt>
   <trkpt lon="-4.347011" lat="36.716423"><ele>7.1</ele></trkpt>
   <trkpt lon="-4.346476" lat="36.715695"><ele>7.7</ele></trkpt>
   <trkpt lon="-4.346446" lat="36.715637"><ele>7.2</ele></trkpt>
   <trkpt lon="-4.346360" lat="36.715601"><ele>7.5</ele></trkpt>
   <trkpt lon="-4.346212" lat="36.715457"><ele>5.0</ele></trkpt>
   <trkpt lon="-4.345963" lat="36.715327"><ele>4.7</ele></trkpt>
   <trkpt lon="-4.345731" lat="36.715225"><ele>6.3</ele></trkpt>
   <trkpt lon="-4.345300" lat="36.715115"><ele>3.0</ele></trkpt>
   <trkpt lon="-4.344410" lat="36.714872"><ele>4.1</ele></trkpt>
   <trkpt lon="-4.344040" lat="36.714745"><ele>4.4</ele></trkpt>
   <trkpt lon="-4.343642" lat="36.714601"><ele>6.1</ele></trkpt>
   <trkpt lon="-4.343194" lat="36.714346"><ele>6.1</ele></trkpt>
   <trkpt lon="-4.343007" lat="36.714011"><ele>5.1</ele></trkpt>
   <trkpt lon="-4.342876" lat="36.713913"><ele>4.5</ele></trkpt>
   <trkpt lon="-4.342293" lat="36.713644"><ele>4.4</ele></trkpt>
   <trkpt lon="-4.342102" lat="36.713593"><ele>5.0</ele></trkpt>
   <trkpt lon="-4.340931" lat="36.713312"><ele>4.8</ele></trkpt>
   <trkpt lon="-4.340770" lat="36.713265"><ele>5.8</ele></trkpt>
   <trkpt lon="-4.340514" lat="36.713168"><ele>4.7</ele></trkpt>
   <trkpt lon="-4.340225" lat="36.713046"><ele>4.0</ele></trkpt>
   <trkpt lon="-4.339806" lat="36.712917"><ele>5.7</ele></trkpt>
   <trkpt lon="-4.339468" lat="36.712872"><ele>6.0</ele></trkpt>
   <trkpt lon="-4.339398" lat="36.712887"><ele>6.0</ele></trkpt>
   <trkpt lon="-4.339115" lat="36.712962"><ele>6.0</ele></trkpt>
   <trkpt lon="-4.338239" lat="36.712980"><ele>10.6</ele></trkpt>
   <trkpt lon="-4.337620" lat="36.712827"><ele>10.6</ele></trkpt>
   <trkpt lon="-4.337388" lat="36.712821"><ele>7.8</ele></trkpt>
   <trkpt lon="-4.337213" lat="36.712877"><ele>6.1</ele></trkpt>
   <trkpt lon="-4.336849" lat="36.713269"><ele>8.2</ele></trkpt>
   <trkpt lon="-4.336097" lat="36.713834"><ele>9.9</ele></trkpt>
   <trkpt lon="-4.335895" lat="36.713893"><ele>9.5</ele></trkpt>
   <trkpt lon="-4.335693" lat="36.713933"><ele>9.0</ele></trkpt>
   <trkpt lon="-4.335464" lat="36.713926"><ele>8.1</ele></trkpt>
   <trkpt lon="-4.334852" lat="36.713813"><ele>6.4</ele></trkpt>
   <trkpt lon="-4.334532" lat="36.713752"><ele>6.8</ele></trkpt>
   <trkpt lon="-4.334182" lat="36.713688"><ele>12.0</ele></trkpt>
   <trkpt lon="-4.333978" lat="36.713633"><ele>16.7</ele></trkpt>
   <trkpt lon="-4.333908" lat="36.713574"><ele>17.3</ele></trkpt>
   <trkpt lon="-4.333613" lat="36.713128"><ele>9.9</ele></trkpt>
   <trkpt lon="-4.333509" lat="36.713035"><ele>7.7</ele></trkpt>
   <trkpt lon="-4.333366" lat="36.712967"><ele>6.8</ele></trkpt>
   <trkpt lon="-4.333264" lat="36.712961"><ele>6.3</ele></trkpt>
   <trkpt lon="-4.333164" lat="36.712965"><ele>5.7</ele></trkpt>
   <trkpt lon="-4.332533" lat="36.713075"><ele>10.9</ele></trkpt>
   <trkpt lon="-4.332440" lat="36.713100"><ele>9.9</ele></trkpt>
   <trkpt lon="-4.332356" lat="36.713156"><ele>8.9</ele></trkpt>
   <trkpt lon="-4.332175" lat="36.713347"><ele>6.9</ele></trkpt>
   <trkpt lon="-4.332043" lat="36.713397"><ele>6.1</ele></trkpt>
   <trkpt lon="-4.331859" lat="36.713434"><ele>5.2</ele></trkpt>
   <trkpt lon="-4.331742" lat="36.713429"><ele>4.2</ele></trkpt>
   <trkpt lon="-4.331702" lat="36.713406"><ele>3.7</ele></trkpt>
   <trkpt lon="-4.331661" lat="36.713395"><ele>3.3</ele></trkpt>
   <trkpt lon="-4.331588" lat="36.713416"><ele>2.8</ele></trkpt>
   <trkpt lon="-4.331548" lat="36.713437"><ele>2.6</ele></trkpt>
   <trkpt lon="-4.331283" lat="36.713477"><ele>3.2</ele></trkpt>
   <trkpt lon="-4.330729" lat="36.713477"><ele>2.4</ele></trkpt>
   <trkpt lon="-4.330568" lat="36.713499"><ele>1.9</ele></trkpt>
   <trkpt lon="-4.328774" lat="36.713393"><ele>6.1</ele></trkpt>
   <trkpt lon="-4.328756" lat="36.713377"><ele>6.3</ele></trkpt>
   <trkpt lon="-4.328566" lat="36.713361"><ele>8.3</ele></trkpt>
   <trkpt lon="-4.328310" lat="36.713332"><ele>10.3</ele></trkpt>
   <trkpt lon="-4.328225" lat="36.713291"><ele>11.2</ele></trkpt>
   <trkpt lon="-4.328095" lat="36.713271"><ele>12.0</ele></trkpt>
   <trkpt lon="-4.327894" lat="36.713254"><ele>11.1</ele></trkpt>
   <trkpt lon="-4.327569" lat="36.713253"><ele>8.8</ele></trkpt>
   <trkpt lon="-4.327313" lat="36.713241"><ele>7.0</ele></trkpt>
   <trkpt lon="-4.327083" lat="36.713232"><ele>6.0</ele></trkpt>
   <trkpt lon="-4.326566" lat="36.713212"><ele>5.4</ele></trkpt>
   <trkpt lon="-4.326129" lat="36.713194"><ele>4.6</ele></trkpt>
   <trkpt lon="-4.326005" lat="36.713174"><ele>4.3</ele></trkpt>
   <trkpt lon="-4.325939" lat="36.713146"><ele>4.2</ele></trkpt>
   <trkpt lon="-4.325948" lat="36.713128"><ele>4.1</ele></trkpt>
   <trkpt lon="-4.325946" lat="36.713112"><ele>4.1</ele></trkpt>
   <trkpt lon="-4.325931" lat="36.713090"><ele>4.0</ele></trkpt>
   <trkpt lon="-4.325903" lat="36.713073"><ele>4.0</ele></trkpt>
   <trkpt lon="-4.325865" lat="36.713067"><ele>4.0</ele></trkpt>
   <trkpt lon="-4.325828" lat="36.713075"><ele>4.0</ele></trkpt>
   <trkpt lon="-4.325808" lat="36.713105"><ele>4.0</ele></trkpt>
   <trkpt lon="-4.325809" lat="36.713127"><ele>4.0</ele></trkpt>
   <trkpt lon="-4.325823" lat="36.713151"><ele>4.1</ele></trkpt>
   <trkpt lon="-4.325753" lat="36.713197"><ele>4.0</ele></trkpt>
   <trkpt lon="-4.325562" lat="36.713211"><ele>3.8</ele></trkpt>
   <trkpt lon="-4.325044" lat="36.713170"><ele>3.6</ele></trkpt>
   <trkpt lon="-4.324504" lat="36.713137"><ele>3.4</ele></trkpt>
   <trkpt lon="-4.324203" lat="36.713104"><ele>3.2</ele></trkpt>
   <trkpt lon="-4.323893" lat="36.713029"><ele>2.8</ele></trkpt>
   <trkpt lon="-4.323603" lat="36.712924"><ele>2.9</ele></trkpt>
   <trkpt lon="-4.323344" lat="36.712811"><ele>1.8</ele></trkpt>
   <trkpt lon="-4.323168" lat="36.712722"><ele>2.3</ele></trkpt>
   <trkpt lon="-4.323197" lat="36.712688"><ele>2.1</ele></trkpt>
   <trkpt lon="-4.322969" lat="36.712608"><ele>4.1</ele></trkpt>
   <trkpt lon="-4.322668" lat="36.712547"><ele>5.8</ele></trkpt>
   <trkpt lon="-4.322336" lat="36.712496"><ele>6.0</ele></trkpt>
   <trkpt lon="-4.322268" lat="36.712494"><ele>6.1</ele></trkpt>
   <trkpt lon="-4.322237" lat="36.712476"><ele>6.2</ele></trkpt>
   <trkpt lon="-4.322050" lat="36.712462"><ele>6.7</ele></trkpt>
   <trkpt lon="-4.321184" lat="36.712487"><ele>3.6</ele></trkpt>
   <trkpt lon="-4.320252" lat="36.712559"><ele>2.0</ele></trkpt>
   <trkpt lon="-4.319142" lat="36.712628"><ele>1.0</ele></trkpt>
   <trkpt lon="-4.318665" lat="36.712687"><ele>0.9</ele></trkpt>
   <trkpt lon="-4.318359" lat="36.712767"><ele>4.4</ele></trkpt>
   <trkpt lon="-4.318050" lat="36.712935"><ele>3.0</ele></trkpt>
   <trkpt lon="-4.317787" lat="36.712985"><ele>3.0</ele></trkpt>
   <trkpt lon="-4.317586" lat="36.713024"><ele>3.0</ele></trkpt>
   <trkpt lon="-4.316836" lat="36.713151"><ele>3.5</ele></trkpt>
   <trkpt lon="-4.315975" lat="36.713205"><ele>1.9</ele></trkpt>
   <trkpt lon="-4.315881" lat="36.713217"><ele>1.6</ele></trkpt>
   <trkpt lon="-4.315120" lat="36.713268"><ele>3.2</ele></trkpt>
   <trkpt lon="-4.314706" lat="36.713291"><ele>2.2</ele></trkpt>
   <trkpt lon="-4.314679" lat="36.713270"><ele>2.0</ele></trkpt>
   <trkpt lon="-4.314158" lat="36.713314"><ele>1.5</ele></trkpt>
   <trkpt lon="-4.313281" lat="36.713407"><ele>1.0</ele></trkpt>
   <trkpt lon="-4.311989" lat="36.713564"><ele>0.9</ele></trkpt>
   <trkpt lon="-4.310839" lat="36.713771"><ele>1.1</ele></trkpt>
   <trkpt lon="-4.309242" lat="36.714108"><ele>2.1</ele></trkpt>
   <trkpt lon="-4.308975" lat="36.714117"><ele>2.1</ele></trkpt>
   <trkpt lon="-4.308973" lat="36.714165"><ele>2.4</ele></trkpt>
   <trkpt lon="-4.308978" lat="36.714321"><ele>3.3</ele></trkpt>
   <trkpt lon="-4.309087" lat="36.715305"><ele>6.0</ele></trkpt>
   <trkpt lon="-4.309101" lat="36.715389"><ele>6.2</ele></trkpt>
   <trkpt lon="-4.309105" lat="36.715448"><ele>6.3</ele></trkpt>
   <trkpt lon="-4.309106" lat="36.715627"><ele>6.7</ele></trkpt>
   <trkpt lon="-4.309097" lat="36.715692"><ele>6.8</ele></trkpt>
   <trkpt lon="-4.309071" lat="36.715769"><ele>6.9</ele></trkpt>
   <trkpt lon="-4.309036" lat="36.715837"><ele>7.1</ele></trkpt>
   <trkpt lon="-4.309020" lat="36.715860"><ele>7.2</ele></trkpt>
   <trkpt lon="-4.309014" lat="36.715886"><ele>7.3</ele></trkpt>
   <trkpt lon="-4.309018" lat="36.715911"><ele>7.4</ele></trkpt>
   <trkpt lon="-4.309033" lat="36.715934"><ele>7.5</ele></trkpt>
   <trkpt lon="-4.309036" lat="36.716016"><ele>7.7</ele></trkpt>
   <trkpt lon="-4.309053" lat="36.716363"><ele>8.9</ele></trkpt>
   <trkpt lon="-4.309084" lat="36.716998"><ele>12.0</ele></trkpt>
   <trkpt lon="-4.309120" lat="36.717630"><ele>15.6</ele></trkpt>
   <trkpt lon="-4.309125" lat="36.717751"><ele>16.4</ele></trkpt>
   <trkpt lon="-4.309058" lat="36.717754"><ele>16.8</ele></trkpt>
   <trkpt lon="-4.308595" lat="36.717773"><ele>19.5</ele></trkpt>
   <trkpt lon="-4.308267" lat="36.717788"><ele>20.6</ele></trkpt>
   <trkpt lon="-4.308278" lat="36.717912"><ele>21.6</ele></trkpt>
   <trkpt lon="-4.308333" lat="36.718782"><ele>29.1</ele></trkpt>
   <trkpt lon="-4.308329" lat="36.718889"><ele>29.9</ele></trkpt>
   <trkpt lon="-4.308303" lat="36.718987"><ele>30.7</ele></trkpt>
   <trkpt lon="-4.308208" lat="36.719181"><ele>31.8</ele></trkpt>
   <trkpt lon="-4.308133" lat="36.719384"><ele>32.5</ele></trkpt>
   <trkpt lon="-4.308134" lat="36.719486"><ele>32.8</ele></trkpt>
   <trkpt lon="-4.308166" lat="36.719600"><ele>32.8</ele></trkpt>
   <trkpt lon="-4.308212" lat="36.719796"><ele>32.5</ele></trkpt>
   <trkpt lon="-4.308218" lat="36.719869"><ele>32.5</ele></trkpt>
   <trkpt lon="-4.308219" lat="36.720012"><ele>32.5</ele></trkpt>
   <trkpt lon="-4.308200" lat="36.720322"><ele>33.0</ele></trkpt>
   <trkpt lon="-4.308192" lat="36.720778"><ele>36.5</ele></trkpt>
   <trkpt lon="-4.308192" lat="36.720823"><ele>37.0</ele></trkpt>
   <trkpt lon="-4.308200" lat="36.720982"><ele>38.7</ele></trkpt>
   <trkpt lon="-4.308174" lat="36.721318"><ele>42.4</ele></trkpt>
   <trkpt lon="-4.308136" lat="36.721577"><ele>45.7</ele></trkpt>
   <trkpt lon="-4.308063" lat="36.721839"><ele>49.4</ele></trkpt>
   <trkpt lon="-4.308013" lat="36.721961"><ele>51.1</ele></trkpt>
   <trkpt lon="-4.308006" lat="36.721979"><ele>51.4</ele></trkpt>
   <trkpt lon="-4.307969" lat="36.721990"><ele>51.7</ele></trkpt>
   <trkpt lon="-4.307939" lat="36.722011"><ele>52.1</ele></trkpt>
   <trkpt lon="-4.307920" lat="36.722038"><ele>52.6</ele></trkpt>
   <trkpt lon="-4.307913" lat="36.722069"><ele>53.0</ele></trkpt>
   <trkpt lon="-4.307919" lat="36.722098"><ele>53.4</ele></trkpt>
   <trkpt lon="-4.307935" lat="36.722123"><ele>53.7</ele></trkpt>
   <trkpt lon="-4.307960" lat="36.722144"><ele>54.0</ele></trkpt>
   <trkpt lon="-4.307991" lat="36.722157"><ele>54.0</ele></trkpt>
   <trkpt lon="-4.308027" lat="36.722162"><ele>53.9</ele></trkpt>
   <trkpt lon="-4.308054" lat="36.722160"><ele>53.8</ele></trkpt>
   <trkpt lon="-4.308102" lat="36.722142"><ele>53.3</ele></trkpt>
   <trkpt lon="-4.308354" lat="36.722069"><ele>51.5</ele></trkpt>
   <trkpt lon="-4.308437" lat="36.722040"><ele>51.1</ele></trkpt>
   <trkpt lon="-4.308811" lat="36.721911"><ele>49.3</ele></trkpt>
   <trkpt lon="-4.308861" lat="36.721905"><ele>49.4</ele></trkpt>
   <trkpt lon="-4.308896" lat="36.721903"><ele>49.5</ele></trkpt>
   <trkpt lon="-4.308891" lat="36.721939"><ele>50.4</ele></trkpt>
   <trkpt lon="-4.308899" lat="36.721975"><ele>51.2</ele></trkpt>
   <trkpt lon="-4.308870" lat="36.722027"><ele>52.1</ele></trkpt>
   <trkpt lon="-4.308823" lat="36.722076"><ele>52.8</ele></trkpt>
   <trkpt lon="-4.308768" lat="36.722120"><ele>53.4</ele></trkpt>
   <trkpt lon="-4.307681" lat="36.722771"><ele>60.4</ele></trkpt>
   <trkpt lon="-4.307326" lat="36.723049"><ele>61.2</ele></trkpt>
   <trkpt lon="-4.307233" lat="36.723170"><ele>63.2</ele></trkpt>
   <trkpt lon="-4.307203" lat="36.723237"><ele>64.5</ele></trkpt>
   <trkpt lon="-4.306791" lat="36.723568"><ele>68.6</ele></trkpt>
   <trkpt lon="-4.306712" lat="36.723622"><ele>69.4</ele></trkpt>
   <trkpt lon="-4.306596" lat="36.723635"><ele>69.9</ele></trkpt>
   <trkpt lon="-4.306486" lat="36.723669"><ele>70.6</ele></trkpt>
   <trkpt lon="-4.306327" lat="36.723686"><ele>71.3</ele></trkpt>
   <trkpt lon="-4.306144" lat="36.723673"><ele>71.7</ele></trkpt>
   <trkpt lon="-4.305929" lat="36.723631"><ele>71.7</ele></trkpt>
   <trkpt lon="-4.305652" lat="36.723593"><ele>73.0</ele></trkpt>
   <trkpt lon="-4.305136" lat="36.723574"><ele>81.7</ele></trkpt>
   <trkpt lon="-4.304425" lat="36.723559"><ele>92.2</ele></trkpt>
   <trkpt lon="-4.303956" lat="36.723530"><ele>95.4</ele></trkpt>
   <trkpt lon="-4.303516" lat="36.723495"><ele>95.7</ele></trkpt>
   <trkpt lon="-4.302334" lat="36.723377"><ele>85.5</ele></trkpt>
   <trkpt lon="-4.301865" lat="36.723339"><ele>87.8</ele></trkpt>
   <trkpt lon="-4.301413" lat="36.723323"><ele>93.6</ele></trkpt>
   <trkpt lon="-4.300981" lat="36.723301"><ele>97.8</ele></trkpt>
   <trkpt lon="-4.300034" lat="36.723297"><ele>85.9</ele></trkpt>
   <trkpt lon="-4.298910" lat="36.723365"><ele>88.4</ele></trkpt>
   <trkpt lon="-4.298762" lat="36.723371"><ele>89.8</ele></trkpt>
   <trkpt lon="-4.298655" lat="36.723361"><ele>91.8</ele></trkpt>
   <trkpt lon="-4.298604" lat="36.723349"><ele>92.9</ele></trkpt>
   <trkpt lon="-4.298594" lat="36.723315"><ele>93.4</ele></trkpt>
   <trkpt lon="-4.298572" lat="36.723285"><ele>94.3</ele></trkpt>
   <trkpt lon="-4.298515" lat="36.723251"><ele>96.3</ele></trkpt>
   <trkpt lon="-4.298489" lat="36.723245"><ele>97.1</ele></trkpt>
   <trkpt lon="-4.298497" lat="36.723207"><ele>97.6</ele></trkpt>
   <trkpt lon="-4.298484" lat="36.722915"><ele>102.8</ele></trkpt>
   <trkpt lon="-4.298459" lat="36.722867"><ele>104.0</ele></trkpt>
   <trkpt lon="-4.298400" lat="36.722838"><ele>106.1</ele></trkpt>
   <trkpt lon="-4.298407" lat="36.722618"><ele>107.9</ele></trkpt>
   <trkpt lon="-4.298434" lat="36.722404"><ele>109.0</ele></trkpt>
   <trkpt lon="-4.298487" lat="36.722199"><ele>108.8</ele></trkpt>
   <trkpt lon="-4.298558" lat="36.722012"><ele>107.6</ele></trkpt>
   <trkpt lon="-4.299217" lat="36.720694"><ele>99.5</ele></trkpt>
   <trkpt lon="-4.299324" lat="36.720481"><ele>98.1</ele></trkpt>
   <trkpt lon="-4.299346" lat="36.720331"><ele>96.2</ele></trkpt>
   <trkpt lon="-4.299285" lat="36.720191"><ele>94.0</ele></trkpt>
   <trkpt lon="-4.299176" lat="36.720096"><ele>91.8</ele></trkpt>
   <trkpt lon="-4.298946" lat="36.720051"><ele>90.3</ele></trkpt>
   <trkpt lon="-4.297688" lat="36.720158"><ele>88.9</ele></trkpt>
   <trkpt lon="-4.297676" lat="36.720134"><ele>88.6</ele></trkpt>
   <trkpt lon="-4.297606" lat="36.720111"><ele>88.4</ele></trkpt>
   <trkpt lon="-4.297553" lat="36.720128"><ele>88.7</ele></trkpt>
   <trkpt lon="-4.297230" lat="36.719846"><ele>87.9</ele></trkpt>
   <trkpt lon="-4.297144" lat="36.719736"><ele>87.7</ele></trkpt>
   <trkpt lon="-4.297209" lat="36.719664"><ele>86.5</ele></trkpt>
   <trkpt lon="-4.297297" lat="36.719552"><ele>84.7</ele></trkpt>
   <trkpt lon="-4.297367" lat="36.719462"><ele>83.0</ele></trkpt>
   <trkpt lon="-4.298427" lat="36.719431"><ele>81.0</ele></trkpt>
   <trkpt lon="-4.298607" lat="36.719426"><ele>81.1</ele></trkpt>
   <trkpt lon="-4.298801" lat="36.719428"><ele>81.2</ele></trkpt>
   <trkpt lon="-4.299080" lat="36.719433"><ele>81.0</ele></trkpt>
   <trkpt lon="-4.299128" lat="36.719455"><ele>81.1</ele></trkpt>
   <trkpt lon="-4.299340" lat="36.719512"><ele>81.6</ele></trkpt>
   <trkpt lon="-4.299356" lat="36.719527"><ele>81.7</ele></trkpt>
   <trkpt lon="-4.299589" lat="36.719742"><ele>84.5</ele></trkpt>
   <trkpt lon="-4.299608" lat="36.719781"><ele>85.0</ele></trkpt>
   <trkpt lon="-4.299614" lat="36.720006"><ele>88.7</ele></trkpt>
   <trkpt lon="-4.299608" lat="36.719781"><ele>85.0</ele></trkpt>
   <trkpt lon="-4.299589" lat="36.719742"><ele>84.5</ele></trkpt>
   <trkpt lon="-4.299356" lat="36.719527"><ele>81.7</ele></trkpt>
   <trkpt lon="-4.299340" lat="36.719512"><ele>81.6</ele></trkpt>
   <trkpt lon="-4.299128" lat="36.719455"><ele>81.1</ele></trkpt>
   <trkpt lon="-4.299080" lat="36.719433"><ele>81.0</ele></trkpt>
   <trkpt lon="-4.298801" lat="36.719428"><ele>81.2</ele></trkpt>
   <trkpt lon="-4.298607" lat="36.719426"><ele>81.1</ele></trkpt>
   <trkpt lon="-4.298427" lat="36.719431"><ele>81.0</ele></trkpt>
   <trkpt lon="-4.297367" lat="36.719462"><ele>83.0</ele></trkpt>
   <trkpt lon="-4.297543" lat="36.719237"><ele>79.8</ele></trkpt>
   <trkpt lon="-4.297694" lat="36.719044"><ele>77.1</ele></trkpt>
   <trkpt lon="-4.297684" lat="36.718887"><ele>75.2</ele></trkpt>
   <trkpt lon="-4.297491" lat="36.718741"><ele>72.9</ele></trkpt>
   <trkpt lon="-4.297362" lat="36.718515"><ele>68.8</ele></trkpt>
   <trkpt lon="-4.297348" lat="36.718304"><ele>65.1</ele></trkpt>
   <trkpt lon="-4.297375" lat="36.718127"><ele>62.1</ele></trkpt>
   <trkpt lon="-4.297457" lat="36.717967"><ele>60.0</ele></trkpt>
   <trkpt lon="-4.297554" lat="36.717895"><ele>59.3</ele></trkpt>
   <trkpt lon="-4.297661" lat="36.717855"><ele>59.0</ele></trkpt>
   <trkpt lon="-4.297667" lat="36.717874"><ele>59.3</ele></trkpt>
   <trkpt lon="-4.297692" lat="36.717906"><ele>59.8</ele></trkpt>
   <trkpt lon="-4.297744" lat="36.717932"><ele>60.3</ele></trkpt>
   <trkpt lon="-4.297783" lat="36.717936"><ele>60.3</ele></trkpt>
   <trkpt lon="-4.297817" lat="36.717931"><ele>60.1</ele></trkpt>
   <trkpt lon="-4.297848" lat="36.717917"><ele>59.9</ele></trkpt>
   <trkpt lon="-4.297884" lat="36.717883"><ele>59.2</ele></trkpt>
   <trkpt lon="-4.297895" lat="36.717854"><ele>58.6</ele></trkpt>
   <trkpt lon="-4.297888" lat="36.717806"><ele>57.8</ele></trkpt>
   <trkpt lon="-4.298026" lat="36.717764"><ele>56.7</ele></trkpt>
   <trkpt lon="-4.298262" lat="36.717608"><ele>53.7</ele></trkpt>
   <trkpt lon="-4.298320" lat="36.717528"><ele>52.4</ele></trkpt>
   <trkpt lon="-4.298349" lat="36.717441"><ele>51.5</ele></trkpt>
   <trkpt lon="-4.298334" lat="36.717350"><ele>50.6</ele></trkpt>
   <trkpt lon="-4.298289" lat="36.717243"><ele>49.7</ele></trkpt>
   <trkpt lon="-4.298262" lat="36.717177"><ele>49.1</ele></trkpt>
   <trkpt lon="-4.298139" lat="36.717041"><ele>47.9</ele></trkpt>
   <trkpt lon="-4.297936" lat="36.716816"><ele>45.9</ele></trkpt>
   <trkpt lon="-4.297640" lat="36.716643"><ele>44.0</ele></trkpt>
   <trkpt lon="-4.297032" lat="36.716266"><ele>41.8</ele></trkpt>
   <trkpt lon="-4.296904" lat="36.716131"><ele>40.9</ele></trkpt>
   <trkpt lon="-4.296850" lat="36.715901"><ele>39.3</ele></trkpt>
   <trkpt lon="-4.297159" lat="36.715140"><ele>32.2</ele></trkpt>
   <trkpt lon="-4.297198" lat="36.714934"><ele>31.5</ele></trkpt>
   <trkpt lon="-4.297262" lat="36.714638"><ele>30.6</ele></trkpt>
   <trkpt lon="-4.297342" lat="36.714457"><ele>30.1</ele></trkpt>
   <trkpt lon="-4.297424" lat="36.714312"><ele>29.2</ele></trkpt>
   <trkpt lon="-4.297521" lat="36.713868"><ele>28.0</ele></trkpt>
   <trkpt lon="-4.297721" lat="36.713770"><ele>28.0</ele></trkpt>
   <trkpt lon="-4.297801" lat="36.713711"><ele>27.5</ele></trkpt>
   <trkpt lon="-4.297874" lat="36.713605"><ele>26.7</ele></trkpt>
   <trkpt lon="-4.297915" lat="36.713488"><ele>26.0</ele></trkpt>
   <trkpt lon="-4.297874" lat="36.713352"><ele>23.8</ele></trkpt>
   <trkpt lon="-4.297763" lat="36.713265"><ele>20.6</ele></trkpt>
   <trkpt lon="-4.297610" lat="36.713230"><ele>19.1</ele></trkpt>
   <trkpt lon="-4.296667" lat="36.713200"><ele>16.6</ele></trkpt>
   <trkpt lon="-4.296470" lat="36.713265"><ele>16.2</ele></trkpt>
   <trkpt lon="-4.296345" lat="36.713430"><ele>19.2</ele></trkpt>
   <trkpt lon="-4.296320" lat="36.713605"><ele>20.8</ele></trkpt>
   <trkpt lon="-4.296416" lat="36.714015"><ele>24.8</ele></trkpt>
   <trkpt lon="-4.295644" lat="36.714295"><ele>27.7</ele></trkpt>
   <trkpt lon="-4.295520" lat="36.714386"><ele>28.7</ele></trkpt>
   <trkpt lon="-4.295453" lat="36.714500"><ele>29.4</ele></trkpt>
   <trkpt lon="-4.295205" lat="36.714854"><ele>29.2</ele></trkpt>
   <trkpt lon="-4.295227" lat="36.714904"><ele>29.1</ele></trkpt>
   <trkpt lon="-4.295148" lat="36.715001"><ele>28.1</ele></trkpt>
   <trkpt lon="-4.295120" lat="36.715059"><ele>27.5</ele></trkpt>
   <trkpt lon="-4.294838" lat="36.715148"><ele>22.3</ele></trkpt>
   <trkpt lon="-4.294614" lat="36.715234"><ele>17.6</ele></trkpt>
   <trkpt lon="-4.294311" lat="36.715435"><ele>12.8</ele></trkpt>
   <trkpt lon="-4.293543" lat="36.716090"><ele>12.5</ele></trkpt>
   <trkpt lon="-4.293385" lat="36.716197"><ele>12.2</ele></trkpt>
   <trkpt lon="-4.293289" lat="36.716240"><ele>11.9</ele></trkpt>
   <trkpt lon="-4.293182" lat="36.715824"><ele>6.7</ele></trkpt>
   <trkpt lon="-4.293060" lat="36.714994"><ele>2.6</ele></trkpt>
   <trkpt lon="-4.293031" lat="36.714877"><ele>2.3</ele></trkpt>
   <trkpt lon="-4.293042" lat="36.714841"><ele>2.2</ele></trkpt>
   <trkpt lon="-4.292468" lat="36.714888"><ele>1.7</ele></trkpt>
   <trkpt lon="-4.292179" lat="36.714911"><ele>1.8</ele></trkpt>
   <trkpt lon="-4.291505" lat="36.714943"><ele>2.0</ele></trkpt>
   <trkpt lon="-4.290522" lat="36.714955"><ele>2.1</ele></trkpt>
   <trkpt lon="-4.289333" lat="36.714989"><ele>2.6</ele></trkpt>
   <trkpt lon="-4.287766" lat="36.715016"><ele>2.1</ele></trkpt>
   <trkpt lon="-4.287678" lat="36.714947"><ele>2.2</ele></trkpt>
   <trkpt lon="-4.287326" lat="36.714930"><ele>2.5</ele></trkpt>
   <trkpt lon="-4.287194" lat="36.714999"><ele>2.7</ele></trkpt>
   <trkpt lon="-4.286763" lat="36.714962"><ele>2.5</ele></trkpt>
   <trkpt lon="-4.286139" lat="36.714896"><ele>2.7</ele></trkpt>
   <trkpt lon="-4.285897" lat="36.714862"><ele>2.5</ele></trkpt>
   <trkpt lon="-4.285737" lat="36.714801"><ele>2.3</ele></trkpt>
   <trkpt lon="-4.285435" lat="36.714781"><ele>3.0</ele></trkpt>
   <trkpt lon="-4.285221" lat="36.714785"><ele>3.0</ele></trkpt>
   <trkpt lon="-4.284328" lat="36.714696"><ele>2.5</ele></trkpt>
   <trkpt lon="-4.283639" lat="36.714613"><ele>2.5</ele></trkpt>
   <trkpt lon="-4.283411" lat="36.714569"><ele>2.4</ele></trkpt>
   <trkpt lon="-4.283225" lat="36.714542"><ele>2.3</ele></trkpt>
   <trkpt lon="-4.282556" lat="36.714463"><ele>2.1</ele></trkpt>
   <trkpt lon="-4.282165" lat="36.714442"><ele>2.0</ele></trkpt>
   <trkpt lon="-4.281225" lat="36.714311"><ele>2.3</ele></trkpt>
   <trkpt lon="-4.280413" lat="36.714199"><ele>2.3</ele></trkpt>
   <trkpt lon="-4.280056" lat="36.714057"><ele>2.0</ele></trkpt>
   <trkpt lon="-4.279492" lat="36.713970"><ele>2.3</ele></trkpt>
   <trkpt lon="-4.279228" lat="36.714034"><ele>2.7</ele></trkpt>
   <trkpt lon="-4.277815" lat="36.713828"><ele>2.2</ele></trkpt>
   <trkpt lon="-4.277623" lat="36.713695"><ele>2.0</ele></trkpt>
   <trkpt lon="-4.277557" lat="36.713670"><ele>2.0</ele></trkpt>
   <trkpt lon="-4.277271" lat="36.713635"><ele>2.0</ele></trkpt>
   <trkpt lon="-4.277192" lat="36.713659"><ele>2.0</ele></trkpt>
   <trkpt lon="-4.277081" lat="36.713727"><ele>2.0</ele></trkpt>
   <trkpt lon="-4.275691" lat="36.713545"><ele>1.8</ele></trkpt>
   <trkpt lon="-4.275525" lat="36.713439"><ele>1.2</ele></trkpt>
   <trkpt lon="-4.275409" lat="36.713430"><ele>1.5</ele></trkpt>
   <trkpt lon="-4.275196" lat="36.713479"><ele>2.4</ele></trkpt>
   <trkpt lon="-4.274073" lat="36.713337"><ele>2.9</ele></trkpt>
   <trkpt lon="-4.273210" lat="36.713212"><ele>2.4</ele></trkpt>
   <trkpt lon="-4.273162" lat="36.713197"><ele>2.4</ele></trkpt>
   <trkpt lon="-4.273143" lat="36.713185"><ele>2.4</ele></trkpt>
   <trkpt lon="-4.273121" lat="36.713163"><ele>2.3</ele></trkpt>
   <trkpt lon="-4.273047" lat="36.713052"><ele>2.0</ele></trkpt>
   <trkpt lon="-4.273010" lat="36.713026"><ele>2.0</ele></trkpt>
   <trkpt lon="-4.272981" lat="36.713018"><ele>2.0</ele></trkpt>
   <trkpt lon="-4.272710" lat="36.712968"><ele>2.0</ele></trkpt>
   <trkpt lon="-4.272663" lat="36.712973"><ele>2.0</ele></trkpt>
   <trkpt lon="-4.272646" lat="36.712997"><ele>2.0</ele></trkpt>
   <trkpt lon="-4.272606" lat="36.713101"><ele>2.1</ele></trkpt>
   <trkpt lon="-4.272587" lat="36.713116"><ele>2.1</ele></trkpt>
   <trkpt lon="-4.272540" lat="36.713127"><ele>2.2</ele></trkpt>
   <trkpt lon="-4.271956" lat="36.713047"><ele>2.4</ele></trkpt>
   <trkpt lon="-4.271126" lat="36.712928"><ele>2.6</ele></trkpt>
   <trkpt lon="-4.270738" lat="36.712873"><ele>2.9</ele></trkpt>
   <trkpt lon="-4.270609" lat="36.712915"><ele>3.1</ele></trkpt>
   <trkpt lon="-4.270511" lat="36.712892"><ele>3.0</ele></trkpt>
   <trkpt lon="-4.270163" lat="36.712812"><ele>3.0</ele></trkpt>
   <trkpt lon="-4.269696" lat="36.712752"><ele>3.1</ele></trkpt>
   <trkpt lon="-4.268870" lat="36.712590"><ele>2.4</ele></trkpt>
   <trkpt lon="-4.268535" lat="36.712551"><ele>2.7</ele></trkpt>
   <trkpt lon="-4.268278" lat="36.712539"><ele>2.9</ele></trkpt>
   <trkpt lon="-4.267375" lat="36.712415"><ele>2.1</ele></trkpt>
   <trkpt lon="-4.266614" lat="36.712296"><ele>2.5</ele></trkpt>
   <trkpt lon="-4.265376" lat="36.712136"><ele>2.3</ele></trkpt>
   <trkpt lon="-4.263753" lat="36.711958"><ele>2.8</ele></trkpt>
   <trkpt lon="-4.261268" lat="36.711629"><ele>1.9</ele></trkpt>
   <trkpt lon="-4.260225" lat="36.711510"><ele>2.4</ele></trkpt>
   <trkpt lon="-4.259576" lat="36.711458"><ele>2.3</ele></trkpt>
   <trkpt lon="-4.259345" lat="36.711440"><ele>2.2</ele></trkpt>
   <trkpt lon="-4.258932" lat="36.711390"><ele>2.1</ele></trkpt>
   <trkpt lon="-4.258304" lat="36.711344"><ele>2.0</ele></trkpt>
   <trkpt lon="-4.257523" lat="36.711317"><ele>1.9</ele></trkpt>
   <trkpt lon="-4.256384" lat="36.711298"><ele>1.8</ele></trkpt>
   <trkpt lon="-4.255250" lat="36.711249"><ele>2.0</ele></trkpt>
   <trkpt lon="-4.254421" lat="36.711235"><ele>2.2</ele></trkpt>
   <trkpt lon="-4.253690" lat="36.711199"><ele>2.5</ele></trkpt>
   <trkpt lon="-4.252667" lat="36.711087"><ele>2.2</ele></trkpt>
   <trkpt lon="-4.251510" lat="36.710981"><ele>2.8</ele></trkpt>
   <trkpt lon="-4.251381" lat="36.710975"><ele>2.8</ele></trkpt>
   <trkpt lon="-4.250669" lat="36.710944"><ele>2.6</ele></trkpt>
   <trkpt lon="-4.250095" lat="36.710920"><ele>2.1</ele></trkpt>
   <trkpt lon="-4.249382" lat="36.710891"><ele>2.3</ele></trkpt>
   <trkpt lon="-4.248294" lat="36.710868"><ele>2.1</ele></trkpt>
   <trkpt lon="-4.248186" lat="36.710879"><ele>2.2</ele></trkpt>
   <trkpt lon="-4.247773" lat="36.710931"><ele>3.0</ele></trkpt>
   <trkpt lon="-4.247232" lat="36.710998"><ele>2.1</ele></trkpt>
   <trkpt lon="-4.246790" lat="36.711042"><ele>1.9</ele></trkpt>
   <trkpt lon="-4.246647" lat="36.711058"><ele>1.6</ele></trkpt>
   <trkpt lon="-4.246446" lat="36.711099"><ele>1.5</ele></trkpt>
   <trkpt lon="-4.246046" lat="36.711144"><ele>2.0</ele></trkpt>
   <trkpt lon="-4.245802" lat="36.711163"><ele>3.0</ele></trkpt>
   <trkpt lon="-4.244912" lat="36.711238"><ele>2.0</ele></trkpt>
   <trkpt lon="-4.244698" lat="36.711252"><ele>2.0</ele></trkpt>
   <trkpt lon="-4.244396" lat="36.711271"><ele>2.0</ele></trkpt>
   <trkpt lon="-4.244099" lat="36.711291"><ele>1.9</ele></trkpt>
   <trkpt lon="-4.243831" lat="36.711324"><ele>1.1</ele></trkpt>
   <trkpt lon="-4.243399" lat="36.711394"><ele>1.3</ele></trkpt>
   <trkpt lon="-4.242919" lat="36.711458"><ele>1.9</ele></trkpt>
   <trkpt lon="-4.242675" lat="36.711513"><ele>2.8</ele></trkpt>
   <trkpt lon="-4.242442" lat="36.711554"><ele>2.1</ele></trkpt>
   <trkpt lon="-4.241951" lat="36.711623"><ele>2.0</ele></trkpt>
   <trkpt lon="-4.241442" lat="36.711714"><ele>2.0</ele></trkpt>
   <trkpt lon="-4.241071" lat="36.711760"><ele>1.4</ele></trkpt>
   <trkpt lon="-4.240676" lat="36.711830"><ele>1.8</ele></trkpt>
   <trkpt lon="-4.240605" lat="36.711840"><ele>1.8</ele></trkpt>
   <trkpt lon="-4.240573" lat="36.711850"><ele>1.9</ele></trkpt>
   <trkpt lon="-4.240357" lat="36.711888"><ele>2.1</ele></trkpt>
   <trkpt lon="-4.239653" lat="36.711984"><ele>1.9</ele></trkpt>
   <trkpt lon="-4.239613" lat="36.712000"><ele>1.8</ele></trkpt>
   <trkpt lon="-4.239513" lat="36.711998"><ele>1.5</ele></trkpt>
   <trkpt lon="-4.238818" lat="36.712095"><ele>1.6</ele></trkpt>
   <trkpt lon="-4.236965" lat="36.712370"><ele>1.0</ele></trkpt>
   <trkpt lon="-4.236474" lat="36.712401"><ele>4.0</ele></trkpt>
   <trkpt lon="-4.235948" lat="36.712411"><ele>3.0</ele></trkpt>
   <trkpt lon="-4.235594" lat="36.712442"><ele>3.0</ele></trkpt>
   <trkpt lon="-4.235648" lat="36.712898"><ele>4.0</ele></trkpt>
   <trkpt lon="-4.234420" lat="36.712970"><ele>3.6</ele></trkpt>
   <trkpt lon="-4.234376" lat="36.712973"><ele>3.7</ele></trkpt>
   <trkpt lon="-4.232892" lat="36.713064"><ele>4.1</ele></trkpt>
   <trkpt lon="-4.232662" lat="36.713078"><ele>4.1</ele></trkpt>
   <trkpt lon="-4.231431" lat="36.713155"><ele>3.8</ele></trkpt>
   <trkpt lon="-4.231219" lat="36.713166"><ele>3.9</ele></trkpt>
   <trkpt lon="-4.230985" lat="36.713183"><ele>3.9</ele></trkpt>
   <trkpt lon="-4.230707" lat="36.713202"><ele>4.0</ele></trkpt>
   <trkpt lon="-4.230615" lat="36.713205"><ele>4.2</ele></trkpt>
   <trkpt lon="-4.230318" lat="36.713212"><ele>5.0</ele></trkpt>
   <trkpt lon="-4.230020" lat="36.713195"><ele>5.0</ele></trkpt>
   <trkpt lon="-4.229418" lat="36.713235"><ele>3.5</ele></trkpt>
   <trkpt lon="-4.229005" lat="36.713277"><ele>5.0</ele></trkpt>
   <trkpt lon="-4.228849" lat="36.713311"><ele>5.0</ele></trkpt>
   <trkpt lon="-4.228804" lat="36.713321"><ele>5.0</ele></trkpt>
   <trkpt lon="-4.228644" lat="36.713283"><ele>4.7</ele></trkpt>
   <trkpt lon="-4.228474" lat="36.713281"><ele>4.2</ele></trkpt>
   <trkpt lon="-4.227373" lat="36.713336"><ele>3.0</ele></trkpt>
   <trkpt lon="-4.227177" lat="36.713367"><ele>3.0</ele></trkpt>
   <trkpt lon="-4.226228" lat="36.713413"><ele>2.0</ele></trkpt>
   <trkpt lon="-4.225862" lat="36.713429"><ele>2.1</ele></trkpt>
   <trkpt lon="-4.225424" lat="36.713452"><ele>2.1</ele></trkpt>
   <trkpt lon="-4.224963" lat="36.713468"><ele>2.1</ele></trkpt>
   <trkpt lon="-4.224928" lat="36.713468"><ele>2.0</ele></trkpt>
   <trkpt lon="-4.224751" lat="36.713456"><ele>1.5</ele></trkpt>
   <trkpt lon="-4.224719" lat="36.713429"><ele>1.3</ele></trkpt>
   <trkpt lon="-4.224678" lat="36.713413"><ele>1.1</ele></trkpt>
   <trkpt lon="-4.224633" lat="36.713409"><ele>1.0</ele></trkpt>
   <trkpt lon="-4.224589" lat="36.713417"><ele>1.1</ele></trkpt>
   <trkpt lon="-4.224550" lat="36.713436"><ele>1.2</ele></trkpt>
   <trkpt lon="-4.224522" lat="36.713465"><ele>1.4</ele></trkpt>
   <trkpt lon="-4.224387" lat="36.713500"><ele>1.6</ele></trkpt>
   <trkpt lon="-4.224350" lat="36.713503"><ele>1.6</ele></trkpt>
   <trkpt lon="-4.223670" lat="36.713530"><ele>1.7</ele></trkpt>
   <trkpt lon="-4.221541" lat="36.713658"><ele>2.0</ele></trkpt>
   <trkpt lon="-4.221082" lat="36.713709"><ele>2.0</ele></trkpt>
   <trkpt lon="-4.220701" lat="36.713749"><ele>1.4</ele></trkpt>
   <trkpt lon="-4.220589" lat="36.713767"><ele>1.3</ele></trkpt>
   <trkpt lon="-4.220371" lat="36.713797"><ele>1.6</ele></trkpt>
   <trkpt lon="-4.219205" lat="36.713992"><ele>3.0</ele></trkpt>
   <trkpt lon="-4.218127" lat="36.714119"><ele>2.3</ele></trkpt>
   <trkpt lon="-4.217919" lat="36.714143"><ele>2.6</ele></trkpt>
   <trkpt lon="-4.217792" lat="36.714143"><ele>2.7</ele></trkpt>
   <trkpt lon="-4.217417" lat="36.714145"><ele>5.8</ele></trkpt>
   <trkpt lon="-4.217197" lat="36.714150"><ele>5.1</ele></trkpt>
   <trkpt lon="-4.217114" lat="36.714150"><ele>5.0</ele></trkpt>
   <trkpt lon="-4.217024" lat="36.714149"><ele>5.0</ele></trkpt>
   <trkpt lon="-4.215970" lat="36.714149"><ele>1.9</ele></trkpt>
   <trkpt lon="-4.215010" lat="36.714152"><ele>1.6</ele></trkpt>
   <trkpt lon="-4.214068" lat="36.714191"><ele>2.2</ele></trkpt>
   <trkpt lon="-4.213397" lat="36.714264"><ele>3.0</ele></trkpt>
   <trkpt lon="-4.213233" lat="36.714283"><ele>3.0</ele></trkpt>
   <trkpt lon="-4.211426" lat="36.714496"><ele>2.0</ele></trkpt>
   <trkpt lon="-4.210408" lat="36.714598"><ele>2.1</ele></trkpt>
   <trkpt lon="-4.209997" lat="36.714642"><ele>2.6</ele></trkpt>
   <trkpt lon="-4.209330" lat="36.714715"><ele>2.6</ele></trkpt>
   <trkpt lon="-4.208212" lat="36.714850"><ele>3.5</ele></trkpt>
   <trkpt lon="-4.207130" lat="36.714977"><ele>3.8</ele></trkpt>
   <trkpt lon="-4.206759" lat="36.715007"><ele>3.4</ele></trkpt>
   <trkpt lon="-4.206637" lat="36.715017"><ele>3.4</ele></trkpt>
   <trkpt lon="-4.206566" lat="36.715022"><ele>3.5</ele></trkpt>
   <trkpt lon="-4.206497" lat="36.715010"><ele>3.6</ele></trkpt>
   <trkpt lon="-4.205697" lat="36.715046"><ele>3.9</ele></trkpt>
   <trkpt lon="-4.205210" lat="36.715061"><ele>3.7</ele></trkpt>
   <trkpt lon="-4.204862" lat="36.715064"><ele>3.6</ele></trkpt>
   <trkpt lon="-4.204341" lat="36.715048"><ele>3.4</ele></trkpt>
   <trkpt lon="-4.203744" lat="36.715038"><ele>3.3</ele></trkpt>
   <trkpt lon="-4.203285" lat="36.715031"><ele>3.3</ele></trkpt>
   <trkpt lon="-4.203088" lat="36.715030"><ele>3.4</ele></trkpt>
   <trkpt lon="-4.202424" lat="36.715029"><ele>4.0</ele></trkpt>
   <trkpt lon="-4.202038" lat="36.715031"><ele>4.0</ele></trkpt>
   <trkpt lon="-4.201699" lat="36.715048"><ele>3.4</ele></trkpt>
   <trkpt lon="-4.201339" lat="36.715078"><ele>2.0</ele></trkpt>
   <trkpt lon="-4.200927" lat="36.715138"><ele>2.1</ele></trkpt>
   <trkpt lon="-4.200713" lat="36.715177"><ele>2.4</ele></trkpt>
   <trkpt lon="-4.200493" lat="36.715226"><ele>2.6</ele></trkpt>
   <trkpt lon="-4.200315" lat="36.715273"><ele>2.8</ele></trkpt>
   <trkpt lon="-4.199161" lat="36.715571"><ele>2.9</ele></trkpt>
   <trkpt lon="-4.198523" lat="36.715755"><ele>3.2</ele></trkpt>
   <trkpt lon="-4.198425" lat="36.715783"><ele>3.1</ele></trkpt>
   <trkpt lon="-4.197919" lat="36.715933"><ele>3.4</ele></trkpt>
   <trkpt lon="-4.197792" lat="36.715962"><ele>3.5</ele></trkpt>
   <trkpt lon="-4.197650" lat="36.715982"><ele>3.5</ele></trkpt>
   <trkpt lon="-4.197390" lat="36.715996"><ele>3.6</ele></trkpt>
   <trkpt lon="-4.196700" lat="36.716007"><ele>3.3</ele></trkpt>
   <trkpt lon="-4.196398" lat="36.716012"><ele>3.3</ele></trkpt>
   <trkpt lon="-4.195734" lat="36.716037"><ele>3.4</ele></trkpt>
   <trkpt lon="-4.194891" lat="36.716080"><ele>3.5</ele></trkpt>
   <trkpt lon="-4.194441" lat="36.716081"><ele>2.8</ele></trkpt>
   <trkpt lon="-4.193659" lat="36.716067"><ele>2.8</ele></trkpt>
   <trkpt lon="-4.193139" lat="36.716065"><ele>2.8</ele></trkpt>
   <trkpt lon="-4.193075" lat="36.716070"><ele>2.8</ele></trkpt>
   <trkpt lon="-4.192981" lat="36.716079"><ele>2.8</ele></trkpt>
   <trkpt lon="-4.192901" lat="36.716084"><ele>2.8</ele></trkpt>
   <trkpt lon="-4.192865" lat="36.716074"><ele>2.8</ele></trkpt>
   <trkpt lon="-4.192826" lat="36.716072"><ele>2.8</ele></trkpt>
   <trkpt lon="-4.192789" lat="36.716079"><ele>2.8</ele></trkpt>
   <trkpt lon="-4.192755" lat="36.716094"><ele>2.9</ele></trkpt>
   <trkpt lon="-4.192596" lat="36.716098"><ele>2.9</ele></trkpt>
   <trkpt lon="-4.192412" lat="36.716086"><ele>2.9</ele></trkpt>
   <trkpt lon="-4.191928" lat="36.716090"><ele>2.9</ele></trkpt>
   <trkpt lon="-4.191534" lat="36.716070"><ele>2.8</ele></trkpt>
   <trkpt lon="-4.191208" lat="36.716048"><ele>2.8</ele></trkpt>
   <trkpt lon="-4.190864" lat="36.716013"><ele>3.6</ele></trkpt>
   <trkpt lon="-4.190166" lat="36.715923"><ele>2.8</ele></trkpt>
   <trkpt lon="-4.188749" lat="36.715677"><ele>3.3</ele></trkpt>
   <trkpt lon="-4.188295" lat="36.715614"><ele>3.2</ele></trkpt>
   <trkpt lon="-4.188125" lat="36.715593"><ele>3.2</ele></trkpt>
   <trkpt lon="-4.187898" lat="36.715586"><ele>3.4</ele></trkpt>
   <trkpt lon="-4.187719" lat="36.715588"><ele>3.6</ele></trkpt>
   <trkpt lon="-4.187433" lat="36.715603"><ele>4.2</ele></trkpt>
   <trkpt lon="-4.187295" lat="36.715630"><ele>4.5</ele></trkpt>
   <trkpt lon="-4.186469" lat="36.715699"><ele>2.8</ele></trkpt>
   <trkpt lon="-4.185540" lat="36.715785"><ele>3.0</ele></trkpt>
   <trkpt lon="-4.184966" lat="36.715859"><ele>3.2</ele></trkpt>
   <trkpt lon="-4.184124" lat="36.715984"><ele>3.0</ele></trkpt>
   <trkpt lon="-4.182876" lat="36.716201"><ele>3.1</ele></trkpt>
   <trkpt lon="-4.182264" lat="36.716318"><ele>3.9</ele></trkpt>
   <trkpt lon="-4.181581" lat="36.716443"><ele>3.9</ele></trkpt>
   <trkpt lon="-4.181286" lat="36.716498"><ele>4.1</ele></trkpt>
   <trkpt lon="-4.180642" lat="36.716619"><ele>4.8</ele></trkpt>
   <trkpt lon="-4.180469" lat="36.716613"><ele>4.8</ele></trkpt>
   <trkpt lon="-4.180396" lat="36.716608"><ele>4.7</ele></trkpt>
   <trkpt lon="-4.180331" lat="36.716598"><ele>4.7</ele></trkpt>
   <trkpt lon="-4.180294" lat="36.716576"><ele>4.6</ele></trkpt>
   <trkpt lon="-4.180249" lat="36.716561"><ele>4.4</ele></trkpt>
   <trkpt lon="-4.180199" lat="36.716558"><ele>4.2</ele></trkpt>
   <trkpt lon="-4.180151" lat="36.716566"><ele>4.2</ele></trkpt>
   <trkpt lon="-4.180108" lat="36.716585"><ele>4.2</ele></trkpt>
   <trkpt lon="-4.180073" lat="36.716613"><ele>4.4</ele></trkpt>
   <trkpt lon="-4.180050" lat="36.716646"><ele>4.6</ele></trkpt>
   <trkpt lon="-4.180040" lat="36.716683"><ele>4.9</ele></trkpt>
   <trkpt lon="-4.180043" lat="36.716721"><ele>5.2</ele></trkpt>
   <trkpt lon="-4.180063" lat="36.716763"><ele>5.5</ele></trkpt>
   <trkpt lon="-4.180098" lat="36.716797"><ele>5.8</ele></trkpt>
   <trkpt lon="-4.180145" lat="36.716820"><ele>6.0</ele></trkpt>
   <trkpt lon="-4.180155" lat="36.716914"><ele>6.0</ele></trkpt>
   <trkpt lon="-4.180177" lat="36.717137"><ele>6.0</ele></trkpt>
   <trkpt lon="-4.180190" lat="36.717462"><ele>7.8</ele></trkpt>
   <trkpt lon="-4.180150" lat="36.717484"><ele>7.9</ele></trkpt>
   <trkpt lon="-4.180118" lat="36.717514"><ele>8.2</ele></trkpt>
   <trkpt lon="-4.180100" lat="36.717550"><ele>8.8</ele></trkpt>
   <trkpt lon="-4.180095" lat="36.717589"><ele>9.6</ele></trkpt>
   <trkpt lon="-4.179941" lat="36.717595"><ele>10.2</ele></trkpt>
   <trkpt lon="-4.179847" lat="36.717623"><ele>11.9</ele></trkpt>
   <trkpt lon="-4.179768" lat="36.717662"><ele>13.8</ele></trkpt>
   <trkpt lon="-4.179672" lat="36.717758"><ele>18.0</ele></trkpt>
   <trkpt lon="-4.179656" lat="36.717833"><ele>20.8</ele></trkpt>
   <trkpt lon="-4.179667" lat="36.718057"><ele>24.7</ele></trkpt>
   <trkpt lon="-4.179613" lat="36.718165"><ele>27.6</ele></trkpt>
   <trkpt lon="-4.179483" lat="36.718252"><ele>28.6</ele></trkpt>
   <trkpt lon="-4.179038" lat="36.718347"><ele>25.5</ele></trkpt>
   <trkpt lon="-4.178916" lat="36.718386"><ele>23.9</ele></trkpt>
   <trkpt lon="-4.178835" lat="36.718464"><ele>23.9</ele></trkpt>
   <trkpt lon="-4.178698" lat="36.718681"><ele>27.3</ele></trkpt>
   <trkpt lon="-4.178592" lat="36.718759"><ele>28.5</ele></trkpt>
   <trkpt lon="-4.177495" lat="36.719226"><ele>32.7</ele></trkpt>
   <trkpt lon="-4.177401" lat="36.719314"><ele>31.5</ele></trkpt>
   <trkpt lon="-4.177116" lat="36.719676"><ele>29.6</ele></trkpt>
   <trkpt lon="-4.176976" lat="36.719853"><ele>30.3</ele></trkpt>
   <trkpt lon="-4.176965" lat="36.719873"><ele>30.4</ele></trkpt>
   <trkpt lon="-4.176901" lat="36.719903"><ele>30.3</ele></trkpt>
   <trkpt lon="-4.176813" lat="36.719841"><ele>29.1</ele></trkpt>
   <trkpt lon="-4.176689" lat="36.719806"><ele>28.3</ele></trkpt>
   <trkpt lon="-4.176493" lat="36.719770"><ele>27.1</ele></trkpt>
   <trkpt lon="-4.176445" lat="36.719727"><ele>25.9</ele></trkpt>
   <trkpt lon="-4.176401" lat="36.719554"><ele>22.3</ele></trkpt>
   <trkpt lon="-4.176351" lat="36.719415"><ele>17.5</ele></trkpt>
   <trkpt lon="-4.176252" lat="36.719333"><ele>14.3</ele></trkpt>
   <trkpt lon="-4.176094" lat="36.719280"><ele>11.6</ele></trkpt>
   <trkpt lon="-4.175927" lat="36.719275"><ele>10.6</ele></trkpt>
   <trkpt lon="-4.175647" lat="36.719288"><ele>9.2</ele></trkpt>
   <trkpt lon="-4.175562" lat="36.719313"><ele>8.9</ele></trkpt>
   <trkpt lon="-4.175448" lat="36.719435"><ele>9.3</ele></trkpt>
   <trkpt lon="-4.175375" lat="36.719481"><ele>9.6</ele></trkpt>
   <trkpt lon="-4.175286" lat="36.719449"><ele>9.4</ele></trkpt>
   <trkpt lon="-4.175239" lat="36.719408"><ele>9.1</ele></trkpt>
   <trkpt lon="-4.175138" lat="36.719408"><ele>8.6</ele></trkpt>
   <trkpt lon="-4.175011" lat="36.719419"><ele>8.8</ele></trkpt>
   <trkpt lon="-4.174929" lat="36.719412"><ele>8.9</ele></trkpt>
   <trkpt lon="-4.174857" lat="36.719380"><ele>9.0</ele></trkpt>
   <trkpt lon="-4.174850" lat="36.719328"><ele>9.0</ele></trkpt>
   <trkpt lon="-4.174718" lat="36.719257"><ele>9.0</ele></trkpt>
   <trkpt lon="-4.174571" lat="36.719183"><ele>8.9</ele></trkpt>
   <trkpt lon="-4.174384" lat="36.719151"><ele>8.8</ele></trkpt>
   <trkpt lon="-4.174226" lat="36.719156"><ele>8.7</ele></trkpt>
   <trkpt lon="-4.174099" lat="36.719192"><ele>8.9</ele></trkpt>
   <trkpt lon="-4.173884" lat="36.719143"><ele>8.6</ele></trkpt>
   <trkpt lon="-4.173516" lat="36.719082"><ele>7.7</ele></trkpt>
   <trkpt lon="-4.173234" lat="36.719035"><ele>7.2</ele></trkpt>
   <trkpt lon="-4.173121" lat="36.718996"><ele>7.0</ele></trkpt>
   <trkpt lon="-4.172933" lat="36.719150"><ele>6.9</ele></trkpt>
   <trkpt lon="-4.172765" lat="36.719181"><ele>6.9</ele></trkpt>
   <trkpt lon="-4.172591" lat="36.719196"><ele>6.4</ele></trkpt>
   <trkpt lon="-4.171723" lat="36.719280"><ele>5.0</ele></trkpt>
   <trkpt lon="-4.170888" lat="36.719422"><ele>4.8</ele></trkpt>
   <trkpt lon="-4.170416" lat="36.719460"><ele>4.0</ele></trkpt>
   <trkpt lon="-4.169818" lat="36.719594"><ele>4.1</ele></trkpt>
   <trkpt lon="-4.169513" lat="36.719697"><ele>4.2</ele></trkpt>
   <trkpt lon="-4.169146" lat="36.719856"><ele>4.0</ele></trkpt>
   <trkpt lon="-4.168130" lat="36.720499"><ele>5.8</ele></trkpt>
   <trkpt lon="-4.167777" lat="36.720677"><ele>5.6</ele></trkpt>
   <trkpt lon="-4.166863" lat="36.720915"><ele>6.0</ele></trkpt>
   <trkpt lon="-4.166461" lat="36.720976"><ele>6.0</ele></trkpt>
   <trkpt lon="-4.165241" lat="36.720885"><ele>4.9</ele></trkpt>
   <trkpt lon="-4.163886" lat="36.720849"><ele>4.0</ele></trkpt>
   <trkpt lon="-4.162573" lat="36.720822"><ele>3.1</ele></trkpt>
   <trkpt lon="-4.162375" lat="36.720819"><ele>3.0</ele></trkpt>
   <trkpt lon="-4.161133" lat="36.720838"><ele>3.0</ele></trkpt>
   <trkpt lon="-4.160293" lat="36.720850"><ele>3.8</ele></trkpt>
   <trkpt lon="-4.160197" lat="36.720903"><ele>4.0</ele></trkpt>
   <trkpt lon="-4.160142" lat="36.721010"><ele>4.0</ele></trkpt>
   <trkpt lon="-4.158866" lat="36.721188"><ele>4.0</ele></trkpt>
   <trkpt lon="-4.158705" lat="36.721211"><ele>4.2</ele></trkpt>
   <trkpt lon="-4.158660" lat="36.721217"><ele>4.3</ele></trkpt>
   <trkpt lon="-4.158605" lat="36.721215"><ele>4.5</ele></trkpt>
   <trkpt lon="-4.158390" lat="36.721206"><ele>4.8</ele></trkpt>
   <trkpt lon="-4.158218" lat="36.721126"><ele>4.6</ele></trkpt>
   <trkpt lon="-4.157992" lat="36.720914"><ele>4.0</ele></trkpt>
   <trkpt lon="-4.157872" lat="36.720837"><ele>3.5</ele></trkpt>
   <trkpt lon="-4.157712" lat="36.720774"><ele>3.2</ele></trkpt>
   <trkpt lon="-4.157482" lat="36.720770"><ele>3.1</ele></trkpt>
   <trkpt lon="-4.156652" lat="36.720774"><ele>2.6</ele></trkpt>
   <trkpt lon="-4.156359" lat="36.720833"><ele>2.8</ele></trkpt>
   <trkpt lon="-4.156244" lat="36.720850"><ele>2.8</ele></trkpt>
   <trkpt lon="-4.155754" lat="36.720834"><ele>3.4</ele></trkpt>
   <trkpt lon="-4.155288" lat="36.720887"><ele>3.8</ele></trkpt>
   <trkpt lon="-4.154767" lat="36.720825"><ele>3.8</ele></trkpt>
   <trkpt lon="-4.154766" lat="36.720749"><ele>3.0</ele></trkpt>
   <trkpt lon="-4.154306" lat="36.720741"><ele>3.5</ele></trkpt>
   <trkpt lon="-4.153479" lat="36.720703"><ele>2.8</ele></trkpt>
   <trkpt lon="-4.153471" lat="36.720785"><ele>3.6</ele></trkpt>
   <trkpt lon="-4.153102" lat="36.720882"><ele>8.2</ele></trkpt>
   <trkpt lon="-4.152881" lat="36.720966"><ele>14.3</ele></trkpt>
   <trkpt lon="-4.152826" lat="36.721077"><ele>18.6</ele></trkpt>
   <trkpt lon="-4.152772" lat="36.721301"><ele>25.7</ele></trkpt>
   <trkpt lon="-4.152722" lat="36.721959"><ele>31.6</ele></trkpt>
   <trkpt lon="-4.152679" lat="36.722121"><ele>32.5</ele></trkpt>
   <trkpt lon="-4.152593" lat="36.722280"><ele>34.0</ele></trkpt>
   <trkpt lon="-4.152308" lat="36.722530"><ele>37.6</ele></trkpt>
   <trkpt lon="-4.152053" lat="36.722764"><ele>40.1</ele></trkpt>
   <trkpt lon="-4.151802" lat="36.723151"><ele>41.4</ele></trkpt>
   <trkpt lon="-4.151536" lat="36.723200"><ele>42.1</ele></trkpt>
   <trkpt lon="-4.151060" lat="36.723182"><ele>40.9</ele></trkpt>
   <trkpt lon="-4.150818" lat="36.723173"><ele>43.1</ele></trkpt>
   <trkpt lon="-4.150689" lat="36.723084"><ele>44.0</ele></trkpt>
   <trkpt lon="-4.150652" lat="36.722816"><ele>41.1</ele></trkpt>
   <trkpt lon="-4.150642" lat="36.722695"><ele>39.5</ele></trkpt>
   <trkpt lon="-4.150546" lat="36.722511"><ele>36.5</ele></trkpt>
   <trkpt lon="-4.150318" lat="36.722273"><ele>32.0</ele></trkpt>
   <trkpt lon="-4.150143" lat="36.722261"><ele>33.1</ele></trkpt>
   <trkpt lon="-4.149848" lat="36.722405"><ele>36.1</ele></trkpt>
   <trkpt lon="-4.149725" lat="36.722418"><ele>37.2</ele></trkpt>
   <trkpt lon="-4.149646" lat="36.722374"><ele>37.1</ele></trkpt>
   <trkpt lon="-4.149583" lat="36.722217"><ele>35.6</ele></trkpt>
   <trkpt lon="-4.149534" lat="36.722125"><ele>34.6</ele></trkpt>
   <trkpt lon="-4.149328" lat="36.721985"><ele>29.8</ele></trkpt>
   <trkpt lon="-4.149253" lat="36.721954"><ele>27.8</ele></trkpt>
   <trkpt lon="-4.148578" lat="36.721944"><ele>13.6</ele></trkpt>
   <trkpt lon="-4.148102" lat="36.721788"><ele>19.9</ele></trkpt>
   <trkpt lon="-4.147951" lat="36.721780"><ele>24.1</ele></trkpt>
   <trkpt lon="-4.147840" lat="36.721813"><ele>27.4</ele></trkpt>
   <trkpt lon="-4.147764" lat="36.721868"><ele>29.5</ele></trkpt>
   <trkpt lon="-4.147635" lat="36.721998"><ele>31.9</ele></trkpt>
   <trkpt lon="-4.147488" lat="36.722078"><ele>33.0</ele></trkpt>
   <trkpt lon="-4.146997" lat="36.722248"><ele>35.4</ele></trkpt>
   <trkpt lon="-4.146437" lat="36.722305"><ele>36.2</ele></trkpt>
   <trkpt lon="-4.146281" lat="36.722370"><ele>34.7</ele></trkpt>
   <trkpt lon="-4.146198" lat="36.722448"><ele>34.6</ele></trkpt>
   <trkpt lon="-4.146126" lat="36.722693"><ele>35.8</ele></trkpt>
   <trkpt lon="-4.145973" lat="36.722829"><ele>35.0</ele></trkpt>
   <trkpt lon="-4.145344" lat="36.723164"><ele>22.4</ele></trkpt>
   <trkpt lon="-4.145326" lat="36.723255"><ele>21.5</ele></trkpt>
   <trkpt lon="-4.145424" lat="36.724007"><ele>19.1</ele></trkpt>
   <trkpt lon="-4.145436" lat="36.724182"><ele>20.1</ele></trkpt>
   <trkpt lon="-4.145405" lat="36.724239"><ele>19.9</ele></trkpt>
   <trkpt lon="-4.145369" lat="36.724267"><ele>19.7</ele></trkpt>
   <trkpt lon="-4.145157" lat="36.723914"><ele>13.6</ele></trkpt>
   <trkpt lon="-4.144910" lat="36.723589"><ele>10.4</ele></trkpt>
   <trkpt lon="-4.144537" lat="36.723137"><ele>5.5</ele></trkpt>
   <trkpt lon="-4.144344" lat="36.722929"><ele>4.6</ele></trkpt>
   <trkpt lon="-4.143716" lat="36.723194"><ele>4.5</ele></trkpt>
   <trkpt lon="-4.143272" lat="36.723324"><ele>4.2</ele></trkpt>
   <trkpt lon="-4.142798" lat="36.723486"><ele>6.6</ele></trkpt>
   <trkpt lon="-4.142311" lat="36.723687"><ele>5.5</ele></trkpt>
   <trkpt lon="-4.141996" lat="36.723876"><ele>5.4</ele></trkpt>
   <trkpt lon="-4.141873" lat="36.724006"><ele>6.1</ele></trkpt>
   <trkpt lon="-4.141706" lat="36.724117"><ele>6.1</ele></trkpt>
   <trkpt lon="-4.141231" lat="36.724381"><ele>6.2</ele></trkpt>
   <trkpt lon="-4.140869" lat="36.724547"><ele>6.4</ele></trkpt>
   <trkpt lon="-4.140411" lat="36.724745"><ele>6.8</ele></trkpt>
   <trkpt lon="-4.139812" lat="36.724958"><ele>7.4</ele></trkpt>
   <trkpt lon="-4.139135" lat="36.725140"><ele>7.1</ele></trkpt>
   <trkpt lon="-4.138782" lat="36.725245"><ele>7.4</ele></trkpt>
   <trkpt lon="-4.138660" lat="36.725229"><ele>7.3</ele></trkpt>
   <trkpt lon="-4.138654" lat="36.725228"><ele>7.3</ele></trkpt>
   <trkpt lon="-4.138344" lat="36.725278"><ele>6.9</ele></trkpt>
   <trkpt lon="-4.138079" lat="36.725339"><ele>6.3</ele></trkpt>
   <trkpt lon="-4.137350" lat="36.725665"><ele>6.3</ele></trkpt>
   <trkpt lon="-4.136938" lat="36.725928"><ele>5.4</ele></trkpt>
   <trkpt lon="-4.135116" lat="36.727329"><ele>5.4</ele></trkpt>
   <trkpt lon="-4.135060" lat="36.727363"><ele>5.4</ele></trkpt>
   <trkpt lon="-4.134273" lat="36.727697"><ele>6.0</ele></trkpt>
   <trkpt lon="-4.133771" lat="36.727854"><ele>6.6</ele></trkpt>
   <trkpt lon="-4.133393" lat="36.728031"><ele>6.5</ele></trkpt>
   <trkpt lon="-4.132703" lat="36.728255"><ele>6.5</ele></trkpt>
   <trkpt lon="-4.132386" lat="36.728291"><ele>6.3</ele></trkpt>
   <trkpt lon="-4.131641" lat="36.728556"><ele>5.6</ele></trkpt>
   <trkpt lon="-4.131467" lat="36.728683"><ele>5.8</ele></trkpt>
   <trkpt lon="-4.131428" lat="36.728765"><ele>6.0</ele></trkpt>
   <trkpt lon="-4.130947" lat="36.728979"><ele>6.8</ele></trkpt>
   <trkpt lon="-4.130326" lat="36.729467"><ele>7.7</ele></trkpt>
   <trkpt lon="-4.129906" lat="36.729910"><ele>9.5</ele></trkpt>
   <trkpt lon="-4.129671" lat="36.730169"><ele>9.8</ele></trkpt>
   <trkpt lon="-4.129658" lat="36.730184"><ele>9.8</ele></trkpt>
   <trkpt lon="-4.129477" lat="36.730478"><ele>10.2</ele></trkpt>
   <trkpt lon="-4.129225" lat="36.730648"><ele>10.4</ele></trkpt>
   <trkpt lon="-4.128824" lat="36.730995"><ele>11.7</ele></trkpt>
   <trkpt lon="-4.128631" lat="36.731163"><ele>13.0</ele></trkpt>
   <trkpt lon="-4.128338" lat="36.731440"><ele>15.6</ele></trkpt>
   <trkpt lon="-4.127756" lat="36.731997"><ele>20.9</ele></trkpt>
   <trkpt lon="-4.127544" lat="36.732200"><ele>22.0</ele></trkpt>
   <trkpt lon="-4.127207" lat="36.732673"><ele>19.7</ele></trkpt>
   <trkpt lon="-4.127023" lat="36.732976"><ele>19.3</ele></trkpt>
   <trkpt lon="-4.126975" lat="36.733143"><ele>20.0</ele></trkpt>
   <trkpt lon="-4.126847" lat="36.733572"><ele>21.6</ele></trkpt>
   <trkpt lon="-4.126710" lat="36.733777"><ele>22.6</ele></trkpt>
   <trkpt lon="-4.126691" lat="36.733823"><ele>22.8</ele></trkpt>
   <trkpt lon="-4.126634" lat="36.733899"><ele>23.2</ele></trkpt>
   <trkpt lon="-4.126249" lat="36.734143"><ele>25.5</ele></trkpt>
   <trkpt lon="-4.125625" lat="36.734338"><ele>26.7</ele></trkpt>
   <trkpt lon="-4.125134" lat="36.734558"><ele>28.1</ele></trkpt>
   <trkpt lon="-4.124701" lat="36.734860"><ele>32.4</ele></trkpt>
   <trkpt lon="-4.124306" lat="36.735285"><ele>35.1</ele></trkpt>
   <trkpt lon="-4.123670" lat="36.735863"><ele>38.2</ele></trkpt>
   <trkpt lon="-4.123420" lat="36.736259"><ele>37.4</ele></trkpt>
   <trkpt lon="-4.123000" lat="36.736902"><ele>32.5</ele></trkpt>
   <trkpt lon="-4.122529" lat="36.737625"><ele>29.8</ele></trkpt>
   <trkpt lon="-4.122254" lat="36.738024"><ele>26.8</ele></trkpt>
   <trkpt lon="-4.122060" lat="36.738238"><ele>25.7</ele></trkpt>
   <trkpt lon="-4.121767" lat="36.738602"><ele>26.9</ele></trkpt>
   <trkpt lon="-4.121311" lat="36.739268"><ele>26.2</ele></trkpt>
   <trkpt lon="-4.120608" lat="36.739745"><ele>25.9</ele></trkpt>
   <trkpt lon="-4.120308" lat="36.739976"><ele>22.3</ele></trkpt>
   <trkpt lon="-4.120027" lat="36.740090"><ele>19.1</ele></trkpt>
   <trkpt lon="-4.119734" lat="36.740076"><ele>17.3</ele></trkpt>
   <trkpt lon="-4.118796" lat="36.739834"><ele>14.4</ele></trkpt>
   <trkpt lon="-4.118103" lat="36.739690"><ele>11.0</ele></trkpt>
   <trkpt lon="-4.117230" lat="36.739635"><ele>9.5</ele></trkpt>
   <trkpt lon="-4.117046" lat="36.739654"><ele>8.7</ele></trkpt>
   <trkpt lon="-4.116764" lat="36.739716"><ele>8.0</ele></trkpt>
   <trkpt lon="-4.116659" lat="36.739714"><ele>7.6</ele></trkpt>
   <trkpt lon="-4.116542" lat="36.740199"><ele>7.5</ele></trkpt>
   <trkpt lon="-4.116306" lat="36.740720"><ele>7.6</ele></trkpt>
   <trkpt lon="-4.116061" lat="36.741151"><ele>7.5</ele></trkpt>
   <trkpt lon="-4.115985" lat="36.741249"><ele>7.7</ele></trkpt>
   <trkpt lon="-4.115582" lat="36.741571"><ele>7.4</ele></trkpt>
   <trkpt lon="-4.115528" lat="36.741668"><ele>7.4</ele></trkpt>
   <trkpt lon="-4.115444" lat="36.741894"><ele>7.5</ele></trkpt>
   <trkpt lon="-4.115395" lat="36.742424"><ele>7.9</ele></trkpt>
   <trkpt lon="-4.115386" lat="36.742621"><ele>8.4</ele></trkpt>
   <trkpt lon="-4.115417" lat="36.742804"><ele>8.8</ele></trkpt>
   <trkpt lon="-4.115422" lat="36.742974"><ele>8.4</ele></trkpt>
   <trkpt lon="-4.115223" lat="36.743647"><ele>8.4</ele></trkpt>
   <trkpt lon="-4.115099" lat="36.743953"><ele>8.0</ele></trkpt>
   <trkpt lon="-4.114989" lat="36.744122"><ele>8.0</ele></trkpt>
   <trkpt lon="-4.114895" lat="36.744389"><ele>9.1</ele></trkpt>
   <trkpt lon="-4.114865" lat="36.744469"><ele>9.3</ele></trkpt>
   <trkpt lon="-4.114663" lat="36.744649"><ele>9.4</ele></trkpt>
   <trkpt lon="-4.114559" lat="36.744764"><ele>9.4</ele></trkpt>
   <trkpt lon="-4.114392" lat="36.744982"><ele>9.5</ele></trkpt>
   <trkpt lon="-4.114203" lat="36.745289"><ele>9.8</ele></trkpt>
   <trkpt lon="-4.114097" lat="36.745460"><ele>10.0</ele></trkpt>
   <trkpt lon="-4.113621" lat="36.746100"><ele>10.5</ele></trkpt>
   <trkpt lon="-4.113567" lat="36.746215"><ele>10.6</ele></trkpt>
   <trkpt lon="-4.113550" lat="36.746355"><ele>10.7</ele></trkpt>
   <trkpt lon="-4.113543" lat="36.746568"><ele>10.9</ele></trkpt>
   <trkpt lon="-4.113572" lat="36.746897"><ele>10.6</ele></trkpt>
   <trkpt lon="-4.113579" lat="36.747140"><ele>10.6</ele></trkpt>
   <trkpt lon="-4.113588" lat="36.747255"><ele>10.6</ele></trkpt>
   <trkpt lon="-4.113654" lat="36.747655"><ele>10.5</ele></trkpt>
   <trkpt lon="-4.113700" lat="36.748178"><ele>10.0</ele></trkpt>
   <trkpt lon="-4.113692" lat="36.748549"><ele>10.1</ele></trkpt>
   <trkpt lon="-4.113666" lat="36.748810"><ele>10.8</ele></trkpt>
   <trkpt lon="-4.113661" lat="36.749346"><ele>11.0</ele></trkpt>
   <trkpt lon="-4.113643" lat="36.749677"><ele>10.8</ele></trkpt>
   <trkpt lon="-4.113604" lat="36.750000"><ele>10.5</ele></trkpt>
   <trkpt lon="-4.113515" lat="36.750485"><ele>11.0</ele></trkpt>
   <trkpt lon="-4.113458" lat="36.750835"><ele>11.0</ele></trkpt>
   <trkpt lon="-4.113171" lat="36.752480"><ele>11.0</ele></trkpt>
   <trkpt lon="-4.113111" lat="36.752953"><ele>11.0</ele></trkpt>
   <trkpt lon="-4.113098" lat="36.753226"><ele>11.1</ele></trkpt>
   <trkpt lon="-4.113127" lat="36.753662"><ele>11.9</ele></trkpt>
   <trkpt lon="-4.113154" lat="36.753944"><ele>12.0</ele></trkpt>
   <trkpt lon="-4.113198" lat="36.754117"><ele>12.3</ele></trkpt>
   <trkpt lon="-4.113266" lat="36.754232"><ele>12.6</ele></trkpt>
   <trkpt lon="-4.113481" lat="36.754682"><ele>14.2</ele></trkpt>
   <trkpt lon="-4.113537" lat="36.754821"><ele>16.0</ele></trkpt>
   <trkpt lon="-4.113733" lat="36.755230"><ele>22.6</ele></trkpt>
   <trkpt lon="-4.113895" lat="36.755467"><ele>22.1</ele></trkpt>
   <trkpt lon="-4.114468" lat="36.756131"><ele>18.1</ele></trkpt>
   <trkpt lon="-4.114860" lat="36.756573"><ele>20.0</ele></trkpt>
   <trkpt lon="-4.115058" lat="36.756718"><ele>20.7</ele></trkpt>
   <trkpt lon="-4.115188" lat="36.756793"><ele>20.7</ele></trkpt>
   <trkpt lon="-4.115490" lat="36.756899"><ele>20.2</ele></trkpt>
   <trkpt lon="-4.115863" lat="36.757039"><ele>20.7</ele></trkpt>
   <trkpt lon="-4.116178" lat="36.757187"><ele>21.6</ele></trkpt>
   <trkpt lon="-4.116373" lat="36.757292"><ele>22.6</ele></trkpt>
   <trkpt lon="-4.116500" lat="36.757401"><ele>23.3</ele></trkpt>
   <trkpt lon="-4.116735" lat="36.757725"><ele>24.1</ele></trkpt>
   <trkpt lon="-4.117120" lat="36.758171"><ele>31.0</ele></trkpt>
   <trkpt lon="-4.117202" lat="36.758319"><ele>33.6</ele></trkpt>
   <trkpt lon="-4.117250" lat="36.758508"><ele>36.0</ele></trkpt>
   <trkpt lon="-4.117277" lat="36.758927"><ele>38.3</ele></trkpt>
   <trkpt lon="-4.117310" lat="36.759180"><ele>37.9</ele></trkpt>
   <trkpt lon="-4.117349" lat="36.759383"><ele>37.0</ele></trkpt>
   <trkpt lon="-4.117448" lat="36.759533"><ele>37.3</ele></trkpt>
   <trkpt lon="-4.117555" lat="36.759619"><ele>37.9</ele></trkpt>
   <trkpt lon="-4.117832" lat="36.759744"><ele>38.6</ele></trkpt>
   <trkpt lon="-4.117913" lat="36.759779"><ele>38.9</ele></trkpt>
   <trkpt lon="-4.118011" lat="36.759881"><ele>40.3</ele></trkpt>
   <trkpt lon="-4.118059" lat="36.759994"><ele>42.1</ele></trkpt>
   <trkpt lon="-4.118046" lat="36.760205"><ele>45.8</ele></trkpt>
   <trkpt lon="-4.118058" lat="36.760320"><ele>47.4</ele></trkpt>
   <trkpt lon="-4.118122" lat="36.760491"><ele>49.8</ele></trkpt>
   <trkpt lon="-4.118290" lat="36.760772"><ele>53.1</ele></trkpt>
   <trkpt lon="-4.118373" lat="36.760847"><ele>53.1</ele></trkpt>
   <trkpt lon="-4.118659" lat="36.760975"><ele>50.0</ele></trkpt>
   <trkpt lon="-4.118744" lat="36.761031"><ele>49.8</ele></trkpt>
   <trkpt lon="-4.118829" lat="36.761129"><ele>50.6</ele></trkpt>
   <trkpt lon="-4.118912" lat="36.761272"><ele>52.0</ele></trkpt>
   <trkpt lon="-4.118995" lat="36.761348"><ele>52.2</ele></trkpt>
   <trkpt lon="-4.119376" lat="36.761558"><ele>52.5</ele></trkpt>
   <trkpt lon="-4.119449" lat="36.761632"><ele>52.6</ele></trkpt>
   <trkpt lon="-4.119476" lat="36.761685"><ele>53.0</ele></trkpt>
   <trkpt lon="-4.119477" lat="36.761778"><ele>54.0</ele></trkpt>
   <trkpt lon="-4.119473" lat="36.761817"><ele>54.4</ele></trkpt>
   <trkpt lon="-4.119390" lat="36.762041"><ele>55.5</ele></trkpt>
   <trkpt lon="-4.119323" lat="36.762154"><ele>55.6</ele></trkpt>
   <trkpt lon="-4.119269" lat="36.762221"><ele>55.5</ele></trkpt>
   <trkpt lon="-4.119187" lat="36.762282"><ele>55.9</ele></trkpt>
   <trkpt lon="-4.119074" lat="36.762336"><ele>56.5</ele></trkpt>
   <trkpt lon="-4.118915" lat="36.762348"><ele>56.3</ele></trkpt>
   <trkpt lon="-4.118742" lat="36.762310"><ele>55.6</ele></trkpt>
   <trkpt lon="-4.118419" lat="36.762184"><ele>54.5</ele></trkpt>
   <trkpt lon="-4.118158" lat="36.762038"><ele>51.2</ele></trkpt>
   <trkpt lon="-4.117997" lat="36.761955"><ele>46.8</ele></trkpt>
   <trkpt lon="-4.117840" lat="36.761925"><ele>43.5</ele></trkpt>
   <trkpt lon="-4.117674" lat="36.761943"><ele>43.0</ele></trkpt>
   <trkpt lon="-4.117587" lat="36.762006"><ele>43.8</ele></trkpt>
   <trkpt lon="-4.117540" lat="36.762071"><ele>44.8</ele></trkpt>
   <trkpt lon="-4.117505" lat="36.762195"><ele>46.8</ele></trkpt>
   <trkpt lon="-4.117496" lat="36.762334"><ele>46.6</ele></trkpt>
   <trkpt lon="-4.117524" lat="36.762426"><ele>46.5</ele></trkpt>
   <trkpt lon="-4.117581" lat="36.762498"><ele>47.3</ele></trkpt>
   <trkpt lon="-4.117729" lat="36.762558"><ele>50.1</ele></trkpt>
   <trkpt lon="-4.117897" lat="36.762584"><ele>52.2</ele></trkpt>
   <trkpt lon="-4.118018" lat="36.762616"><ele>52.7</ele></trkpt>
   <trkpt lon="-4.118128" lat="36.762678"><ele>52.0</ele></trkpt>
   <trkpt lon="-4.118268" lat="36.762813"><ele>49.2</ele></trkpt>
   <trkpt lon="-4.118530" lat="36.763102"><ele>43.6</ele></trkpt>
   <trkpt lon="-4.118615" lat="36.763223"><ele>41.7</ele></trkpt>
   <trkpt lon="-4.118617" lat="36.763292"><ele>40.0</ele></trkpt>
   <trkpt lon="-4.118505" lat="36.763556"><ele>31.6</ele></trkpt>
   <trkpt lon="-4.118530" lat="36.763638"><ele>30.9</ele></trkpt>
   <trkpt lon="-4.118574" lat="36.763702"><ele>30.9</ele></trkpt>
   <trkpt lon="-4.118679" lat="36.763759"><ele>31.8</ele></trkpt>
   <trkpt lon="-4.118999" lat="36.763895"><ele>32.9</ele></trkpt>
   <trkpt lon="-4.119453" lat="36.764099"><ele>27.6</ele></trkpt>
   <trkpt lon="-4.119527" lat="36.764192"><ele>25.1</ele></trkpt>
   <trkpt lon="-4.119556" lat="36.764310"><ele>22.9</ele></trkpt>
   <trkpt lon="-4.119416" lat="36.764666"><ele>20.7</ele></trkpt>
   <trkpt lon="-4.119196" lat="36.765098"><ele>19.1</ele></trkpt>
   <trkpt lon="-4.119183" lat="36.765214"><ele>19.0</ele></trkpt>
   <trkpt lon="-4.119190" lat="36.765335"><ele>19.0</ele></trkpt>
   <trkpt lon="-4.119260" lat="36.765432"><ele>19.8</ele></trkpt>
   <trkpt lon="-4.119408" lat="36.765548"><ele>21.1</ele></trkpt>
   <trkpt lon="-4.119486" lat="36.765664"><ele>21.5</ele></trkpt>
   <trkpt lon="-4.119520" lat="36.765783"><ele>21.1</ele></trkpt>
   <trkpt lon="-4.119557" lat="36.766014"><ele>20.1</ele></trkpt>
   <trkpt lon="-4.119609" lat="36.766211"><ele>19.9</ele></trkpt>
   <trkpt lon="-4.119612" lat="36.766352"><ele>19.5</ele></trkpt>
   <trkpt lon="-4.119577" lat="36.766479"><ele>19.3</ele></trkpt>
   <trkpt lon="-4.119558" lat="36.766510"><ele>19.2</ele></trkpt>
   <trkpt lon="-4.119507" lat="36.766598"><ele>18.9</ele></trkpt>
   <trkpt lon="-4.119491" lat="36.766722"><ele>19.1</ele></trkpt>
   <trkpt lon="-4.119555" lat="36.766864"><ele>19.8</ele></trkpt>
   <trkpt lon="-4.119737" lat="36.766994"><ele>22.4</ele></trkpt>
   <trkpt lon="-4.119773" lat="36.767139"><ele>22.7</ele></trkpt>
   <trkpt lon="-4.119701" lat="36.767393"><ele>22.0</ele></trkpt>
   <trkpt lon="-4.119664" lat="36.767662"><ele>21.8</ele></trkpt>
   <trkpt lon="-4.119700" lat="36.767928"><ele>21.6</ele></trkpt>
   <trkpt lon="-4.119795" lat="36.768269"><ele>21.9</ele></trkpt>
   <trkpt lon="-4.119869" lat="36.768406"><ele>22.0</ele></trkpt>
   <trkpt lon="-4.119971" lat="36.768504"><ele>22.3</ele></trkpt>
   <trkpt lon="-4.120132" lat="36.768602"><ele>22.8</ele></trkpt>
   <trkpt lon="-4.120353" lat="36.768688"><ele>23.4</ele></trkpt>
   <trkpt lon="-4.120535" lat="36.768759"><ele>23.8</ele></trkpt>
   <trkpt lon="-4.120841" lat="36.768939"><ele>24.4</ele></trkpt>
   <trkpt lon="-4.121134" lat="36.769011"><ele>25.6</ele></trkpt>
   <trkpt lon="-4.121483" lat="36.769083"><ele>27.2</ele></trkpt>
   <trkpt lon="-4.121649" lat="36.769147"><ele>27.4</ele></trkpt>
   <trkpt lon="-4.121759" lat="36.769236"><ele>26.8</ele></trkpt>
   <trkpt lon="-4.121820" lat="36.769366"><ele>25.3</ele></trkpt>
   <trkpt lon="-4.121851" lat="36.769457"><ele>25.0</ele></trkpt>
   <trkpt lon="-4.121895" lat="36.769545"><ele>25.0</ele></trkpt>
   <trkpt lon="-4.122088" lat="36.769791"><ele>25.8</ele></trkpt>
   <trkpt lon="-4.122289" lat="36.769986"><ele>26.4</ele></trkpt>
   <trkpt lon="-4.122426" lat="36.770181"><ele>26.0</ele></trkpt>
   <trkpt lon="-4.122729" lat="36.770709"><ele>24.9</ele></trkpt>
   <trkpt lon="-4.122741" lat="36.770824"><ele>24.7</ele></trkpt>
   <trkpt lon="-4.122669" lat="36.771096"><ele>23.6</ele></trkpt>
   <trkpt lon="-4.122694" lat="36.771199"><ele>23.5</ele></trkpt>
   <trkpt lon="-4.122753" lat="36.771262"><ele>23.9</ele></trkpt>
   <trkpt lon="-4.123057" lat="36.771362"><ele>26.3</ele></trkpt>
   <trkpt lon="-4.123130" lat="36.771431"><ele>26.7</ele></trkpt>
   <trkpt lon="-4.123237" lat="36.771603"><ele>26.2</ele></trkpt>
   <trkpt lon="-4.123355" lat="36.771825"><ele>25.1</ele></trkpt>
   <trkpt lon="-4.123357" lat="36.771982"><ele>24.9</ele></trkpt>
   <trkpt lon="-4.123315" lat="36.772130"><ele>24.3</ele></trkpt>
   <trkpt lon="-4.123226" lat="36.772284"><ele>24.7</ele></trkpt>
   <trkpt lon="-4.123154" lat="36.772443"><ele>25.1</ele></trkpt>
   <trkpt lon="-4.123131" lat="36.772538"><ele>25.1</ele></trkpt>
   <trkpt lon="-4.123150" lat="36.772603"><ele>25.2</ele></trkpt>
   <trkpt lon="-4.123207" lat="36.772698"><ele>25.6</ele></trkpt>
   <trkpt lon="-4.123618" lat="36.773039"><ele>26.9</ele></trkpt>
   <trkpt lon="-4.123709" lat="36.773220"><ele>26.5</ele></trkpt>
   <trkpt lon="-4.123738" lat="36.773350"><ele>25.9</ele></trkpt>
   <trkpt lon="-4.123718" lat="36.773479"><ele>24.9</ele></trkpt>
   <trkpt lon="-4.123592" lat="36.773774"><ele>24.7</ele></trkpt>
   <trkpt lon="-4.123534" lat="36.774296"><ele>24.5</ele></trkpt>
   <trkpt lon="-4.123554" lat="36.774580"><ele>24.6</ele></trkpt>
   <trkpt lon="-4.123634" lat="36.774848"><ele>25.1</ele></trkpt>
   <trkpt lon="-4.123597" lat="36.774968"><ele>25.2</ele></trkpt>
   <trkpt lon="-4.123406" lat="36.775315"><ele>24.9</ele></trkpt>
   <trkpt lon="-4.123181" lat="36.775688"><ele>25.6</ele></trkpt>
   <trkpt lon="-4.123074" lat="36.775838"><ele>26.1</ele></trkpt>
   <trkpt lon="-4.123080" lat="36.775937"><ele>26.5</ele></trkpt>
   <trkpt lon="-4.123209" lat="36.776158"><ele>27.0</ele></trkpt>
   <trkpt lon="-4.123351" lat="36.776305"><ele>26.7</ele></trkpt>
   <trkpt lon="-4.123609" lat="36.776511"><ele>26.1</ele></trkpt>
   <trkpt lon="-4.123938" lat="36.776722"><ele>26.9</ele></trkpt>
   <trkpt lon="-4.124168" lat="36.776901"><ele>27.6</ele></trkpt>
   <trkpt lon="-4.124471" lat="36.777238"><ele>27.0</ele></trkpt>
   <trkpt lon="-4.124641" lat="36.777485"><ele>26.3</ele></trkpt>
   <trkpt lon="-4.124649" lat="36.777615"><ele>26.0</ele></trkpt>
   <trkpt lon="-4.124595" lat="36.777954"><ele>25.9</ele></trkpt>
   <trkpt lon="-4.124650" lat="36.778293"><ele>26.0</ele></trkpt>
   <trkpt lon="-4.124604" lat="36.778413"><ele>26.0</ele></trkpt>
   <trkpt lon="-4.124505" lat="36.778623"><ele>26.0</ele></trkpt>
   <trkpt lon="-4.123946" lat="36.779504"><ele>25.5</ele></trkpt>
   <trkpt lon="-4.123546" lat="36.780057"><ele>25.0</ele></trkpt>
   <trkpt lon="-4.123551" lat="36.780152"><ele>25.3</ele></trkpt>
   <trkpt lon="-4.123797" lat="36.780523"><ele>26.5</ele></trkpt>
   <trkpt lon="-4.123861" lat="36.780782"><ele>26.7</ele></trkpt>
   <trkpt lon="-4.123898" lat="36.781073"><ele>27.0</ele></trkpt>
   <trkpt lon="-4.124036" lat="36.781306"><ele>28.1</ele></trkpt>
   <trkpt lon="-4.124161" lat="36.781670"><ele>26.6</ele></trkpt>
   <trkpt lon="-4.124421" lat="36.782177"><ele>26.9</ele></trkpt>
   <trkpt lon="-4.124515" lat="36.782277"><ele>26.9</ele></trkpt>
   <trkpt lon="-4.124834" lat="36.782378"><ele>28.5</ele></trkpt>
   <trkpt lon="-4.124954" lat="36.782432"><ele>29.1</ele></trkpt>
   <trkpt lon="-4.125010" lat="36.782545"><ele>28.5</ele></trkpt>
   <trkpt lon="-4.125001" lat="36.782741"><ele>26.9</ele></trkpt>
   <trkpt lon="-4.125031" lat="36.782797"><ele>27.0</ele></trkpt>
   <trkpt lon="-4.125088" lat="36.782861"><ele>27.1</ele></trkpt>
   <trkpt lon="-4.125384" lat="36.783032"><ele>28.3</ele></trkpt>
   <trkpt lon="-4.125420" lat="36.783107"><ele>28.2</ele></trkpt>
   <trkpt lon="-4.125422" lat="36.783197"><ele>27.8</ele></trkpt>
   <trkpt lon="-4.125313" lat="36.783460"><ele>26.0</ele></trkpt>
   <trkpt lon="-4.125364" lat="36.783613"><ele>26.3</ele></trkpt>
   <trkpt lon="-4.125491" lat="36.783816"><ele>27.1</ele></trkpt>
   <trkpt lon="-4.126206" lat="36.784442"><ele>28.6</ele></trkpt>
   <trkpt lon="-4.126521" lat="36.785219"><ele>28.0</ele></trkpt>
   <trkpt lon="-4.126624" lat="36.785389"><ele>28.0</ele></trkpt>
   <trkpt lon="-4.126783" lat="36.785506"><ele>28.4</ele></trkpt>
   <trkpt lon="-4.127024" lat="36.785590"><ele>29.5</ele></trkpt>
   <trkpt lon="-4.127380" lat="36.785666"><ele>32.3</ele></trkpt>
   <trkpt lon="-4.127625" lat="36.785745"><ele>35.8</ele></trkpt>
   <trkpt lon="-4.127740" lat="36.785804"><ele>36.9</ele></trkpt>
   <trkpt lon="-4.127784" lat="36.785890"><ele>36.4</ele></trkpt>
   <trkpt lon="-4.127756" lat="36.785980"><ele>34.5</ele></trkpt>
   <trkpt lon="-4.127690" lat="36.786122"><ele>31.7</ele></trkpt>
   <trkpt lon="-4.127689" lat="36.786287"><ele>31.2</ele></trkpt>
   <trkpt lon="-4.127743" lat="36.786493"><ele>31.3</ele></trkpt>
   <trkpt lon="-4.127842" lat="36.786660"><ele>32.5</ele></trkpt>
   <trkpt lon="-4.128035" lat="36.786816"><ele>35.3</ele></trkpt>
   <trkpt lon="-4.128241" lat="36.787015"><ele>36.5</ele></trkpt>
   <trkpt lon="-4.128428" lat="36.787168"><ele>37.0</ele></trkpt>
   <trkpt lon="-4.128683" lat="36.787312"><ele>38.6</ele></trkpt>
   <trkpt lon="-4.129034" lat="36.787528"><ele>39.6</ele></trkpt>
   <trkpt lon="-4.129339" lat="36.787696"><ele>41.4</ele></trkpt>
   <trkpt lon="-4.129450" lat="36.787852"><ele>40.2</ele></trkpt>
   <trkpt lon="-4.129404" lat="36.788007"><ele>39.2</ele></trkpt>
   <trkpt lon="-4.129416" lat="36.788147"><ele>38.9</ele></trkpt>
   <trkpt lon="-4.129521" lat="36.788245"><ele>40.5</ele></trkpt>
   <trkpt lon="-4.129733" lat="36.788315"><ele>43.5</ele></trkpt>
   <trkpt lon="-4.130104" lat="36.788412"><ele>49.2</ele></trkpt>
   <trkpt lon="-4.130380" lat="36.788539"><ele>53.0</ele></trkpt>
   <trkpt lon="-4.130538" lat="36.788668"><ele>52.9</ele></trkpt>
   <trkpt lon="-4.130764" lat="36.788918"><ele>53.1</ele></trkpt>
   <trkpt lon="-4.131164" lat="36.789339"><ele>54.7</ele></trkpt>
   <trkpt lon="-4.131272" lat="36.789409"><ele>55.6</ele></trkpt>
   <trkpt lon="-4.131405" lat="36.789445"><ele>57.7</ele></trkpt>
   <trkpt lon="-4.131835" lat="36.789528"><ele>60.1</ele></trkpt>
   <trkpt lon="-4.132017" lat="36.789611"><ele>58.1</ele></trkpt>
   <trkpt lon="-4.132341" lat="36.789829"><ele>54.7</ele></trkpt>
   <trkpt lon="-4.132650" lat="36.789940"><ele>54.5</ele></trkpt>
   <trkpt lon="-4.132960" lat="36.789984"><ele>54.5</ele></trkpt>
   <trkpt lon="-4.133251" lat="36.790005"><ele>54.8</ele></trkpt>
   <trkpt lon="-4.133363" lat="36.790073"><ele>52.8</ele></trkpt>
   <trkpt lon="-4.133385" lat="36.790136"><ele>51.0</ele></trkpt>
   <trkpt lon="-4.133342" lat="36.790207"><ele>48.7</ele></trkpt>
   <trkpt lon="-4.133078" lat="36.790457"><ele>42.8</ele></trkpt>
   <trkpt lon="-4.132888" lat="36.790618"><ele>39.8</ele></trkpt>
   <trkpt lon="-4.132738" lat="36.790773"><ele>39.2</ele></trkpt>
   <trkpt lon="-4.132724" lat="36.790874"><ele>38.2</ele></trkpt>
   <trkpt lon="-4.132765" lat="36.790968"><ele>37.7</ele></trkpt>
   <trkpt lon="-4.132915" lat="36.791078"><ele>38.2</ele></trkpt>
   <trkpt lon="-4.133151" lat="36.791274"><ele>40.5</ele></trkpt>
   <trkpt lon="-4.133371" lat="36.791433"><ele>41.8</ele></trkpt>
   <trkpt lon="-4.133822" lat="36.791786"><ele>41.7</ele></trkpt>
   <trkpt lon="-4.133951" lat="36.791902"><ele>41.6</ele></trkpt>
   <trkpt lon="-4.134176" lat="36.792238"><ele>40.1</ele></trkpt>
   <trkpt lon="-4.134244" lat="36.792305"><ele>39.7</ele></trkpt>
   <trkpt lon="-4.134503" lat="36.792445"><ele>39.4</ele></trkpt>
   <trkpt lon="-4.135180" lat="36.792794"><ele>39.0</ele></trkpt>
   <trkpt lon="-4.135314" lat="36.792913"><ele>37.7</ele></trkpt>
   <trkpt lon="-4.135348" lat="36.793009"><ele>36.6</ele></trkpt>
   <trkpt lon="-4.135301" lat="36.793090"><ele>35.4</ele></trkpt>
   <trkpt lon="-4.134544" lat="36.793915"><ele>32.8</ele></trkpt>
   <trkpt lon="-4.135584" lat="36.793760"><ele>33.4</ele></trkpt>
   <trkpt lon="-4.135764" lat="36.793733"><ele>34.3</ele></trkpt>
   <trkpt lon="-4.136447" lat="36.793632"><ele>39.2</ele></trkpt>
   <trkpt lon="-4.136716" lat="36.793635"><ele>42.0</ele></trkpt>
   <trkpt lon="-4.136989" lat="36.793661"><ele>44.3</ele></trkpt>
   <trkpt lon="-4.137632" lat="36.793762"><ele>48.3</ele></trkpt>
   <trkpt lon="-4.137808" lat="36.793761"><ele>49.3</ele></trkpt>
   <trkpt lon="-4.138197" lat="36.793738"><ele>51.2</ele></trkpt>
   <trkpt lon="-4.138413" lat="36.793752"><ele>51.5</ele></trkpt>
   <trkpt lon="-4.138561" lat="36.793777"><ele>51.3</ele></trkpt>
   <trkpt lon="-4.139080" lat="36.793884"><ele>47.5</ele></trkpt>
   <trkpt lon="-4.139373" lat="36.793986"><ele>43.8</ele></trkpt>
   <trkpt lon="-4.139566" lat="36.794118"><ele>43.0</ele></trkpt>
   <trkpt lon="-4.139900" lat="36.794364"><ele>44.8</ele></trkpt>
   <trkpt lon="-4.140019" lat="36.794425"><ele>45.4</ele></trkpt>
   <trkpt lon="-4.140222" lat="36.794471"><ele>47.6</ele></trkpt>
   <trkpt lon="-4.140936" lat="36.794537"><ele>50.1</ele></trkpt>
   <trkpt lon="-4.142292" lat="36.794662"><ele>52.6</ele></trkpt>
   <trkpt lon="-4.142436" lat="36.794652"><ele>54.2</ele></trkpt>
   <trkpt lon="-4.142606" lat="36.794597"><ele>55.9</ele></trkpt>
   <trkpt lon="-4.142714" lat="36.794526"><ele>57.6</ele></trkpt>
   <trkpt lon="-4.143009" lat="36.794225"><ele>58.7</ele></trkpt>
   <trkpt lon="-4.143222" lat="36.794094"><ele>56.5</ele></trkpt>
   <trkpt lon="-4.143466" lat="36.794012"><ele>53.4</ele></trkpt>
   <trkpt lon="-4.143807" lat="36.793957"><ele>51.0</ele></trkpt>
   <trkpt lon="-4.144263" lat="36.793850"><ele>51.0</ele></trkpt>
   <trkpt lon="-4.146593" lat="36.793157"><ele>55.7</ele></trkpt>
   <trkpt lon="-4.146806" lat="36.793118"><ele>56.4</ele></trkpt>
   <trkpt lon="-4.146581" lat="36.792327"><ele>61.1</ele></trkpt>
   <trkpt lon="-4.147849" lat="36.792026"><ele>68.8</ele></trkpt>
   <trkpt lon="-4.147910" lat="36.792059"><ele>68.1</ele></trkpt>
   <trkpt lon="-4.148046" lat="36.792091"><ele>66.9</ele></trkpt>
   <trkpt lon="-4.148321" lat="36.792066"><ele>65.8</ele></trkpt>
   <trkpt lon="-4.148526" lat="36.792014"><ele>65.3</ele></trkpt>
   <trkpt lon="-4.148530" lat="36.791865"><ele>66.7</ele></trkpt>
   <trkpt lon="-4.148614" lat="36.791622"><ele>69.5</ele></trkpt>
   <trkpt lon="-4.148866" lat="36.791185"><ele>77.0</ele></trkpt>
   <trkpt lon="-4.149041" lat="36.790955"><ele>81.4</ele></trkpt>
   <trkpt lon="-4.149086" lat="36.790823"><ele>83.4</ele></trkpt>
   <trkpt lon="-4.149152" lat="36.790434"><ele>86.7</ele></trkpt>
   <trkpt lon="-4.149179" lat="36.790202"><ele>86.7</ele></trkpt>
   <trkpt lon="-4.149265" lat="36.790085"><ele>87.0</ele></trkpt>
   <trkpt lon="-4.149405" lat="36.789963"><ele>87.8</ele></trkpt>
   <trkpt lon="-4.149672" lat="36.789608"><ele>89.5</ele></trkpt>
   <trkpt lon="-4.149719" lat="36.789609"><ele>90.1</ele></trkpt>
   <trkpt lon="-4.149749" lat="36.789654"><ele>90.7</ele></trkpt>
   <trkpt lon="-4.149828" lat="36.789814"><ele>92.5</ele></trkpt>
   <trkpt lon="-4.149918" lat="36.789847"><ele>94.0</ele></trkpt>
   <trkpt lon="-4.149966" lat="36.789840"><ele>94.5</ele></trkpt>
   <trkpt lon="-4.149918" lat="36.789847"><ele>94.0</ele></trkpt>
   <trkpt lon="-4.149828" lat="36.789814"><ele>92.5</ele></trkpt>
   <trkpt lon="-4.149749" lat="36.789654"><ele>90.7</ele></trkpt>
   <trkpt lon="-4.149719" lat="36.789609"><ele>90.1</ele></trkpt>
   <trkpt lon="-4.149672" lat="36.789608"><ele>89.5</ele></trkpt>
   <trkpt lon="-4.149405" lat="36.789963"><ele>87.8</ele></trkpt>
   <trkpt lon="-4.149265" lat="36.790085"><ele>87.0</ele></trkpt>
   <trkpt lon="-4.149179" lat="36.790202"><ele>86.7</ele></trkpt>
   <trkpt lon="-4.149152" lat="36.790434"><ele>86.7</ele></trkpt>
   <trkpt lon="-4.149086" lat="36.790823"><ele>83.4</ele></trkpt>
   <trkpt lon="-4.149041" lat="36.790955"><ele>81.4</ele></trkpt>
   <trkpt lon="-4.148866" lat="36.791185"><ele>77.0</ele></trkpt>
   <trkpt lon="-4.148614" lat="36.791622"><ele>69.5</ele></trkpt>
   <trkpt lon="-4.148530" lat="36.791865"><ele>66.7</ele></trkpt>
   <trkpt lon="-4.148526" lat="36.792014"><ele>65.3</ele></trkpt>
   <trkpt lon="-4.148321" lat="36.792066"><ele>65.8</ele></trkpt>
   <trkpt lon="-4.148046" lat="36.792091"><ele>66.9</ele></trkpt>
   <trkpt lon="-4.147910" lat="36.792059"><ele>68.1</ele></trkpt>
   <trkpt lon="-4.147849" lat="36.792026"><ele>68.8</ele></trkpt>
   <trkpt lon="-4.146581" lat="36.792327"><ele>61.1</ele></trkpt>
   <trkpt lon="-4.146806" lat="36.793118"><ele>56.4</ele></trkpt>
   <trkpt lon="-4.147022" lat="36.793117"><ele>57.0</ele></trkpt>
   <trkpt lon="-4.147859" lat="36.793211"><ele>58.2</ele></trkpt>
   <trkpt lon="-4.148149" lat="36.793269"><ele>58.0</ele></trkpt>
   <trkpt lon="-4.148424" lat="36.793361"><ele>59.0</ele></trkpt>
   <trkpt lon="-4.149127" lat="36.793595"><ele>61.0</ele></trkpt>
   <trkpt lon="-4.149312" lat="36.793645"><ele>61.4</ele></trkpt>
   <trkpt lon="-4.149477" lat="36.793654"><ele>61.9</ele></trkpt>
   <trkpt lon="-4.149715" lat="36.793624"><ele>62.4</ele></trkpt>
   <trkpt lon="-4.150608" lat="36.793393"><ele>65.1</ele></trkpt>
   <trkpt lon="-4.150804" lat="36.793329"><ele>66.2</ele></trkpt>
   <trkpt lon="-4.151152" lat="36.793217"><ele>69.2</ele></trkpt>
   <trkpt lon="-4.151525" lat="36.793048"><ele>73.7</ele></trkpt>
   <trkpt lon="-4.151749" lat="36.792928"><ele>75.9</ele></trkpt>
   <trkpt lon="-4.151924" lat="36.792866"><ele>76.6</ele></trkpt>
   <trkpt lon="-4.152102" lat="36.792849"><ele>76.2</ele></trkpt>
   <trkpt lon="-4.152375" lat="36.792880"><ele>74.4</ele></trkpt>
   <trkpt lon="-4.152600" lat="36.792894"><ele>74.0</ele></trkpt>
   <trkpt lon="-4.152831" lat="36.792880"><ele>74.9</ele></trkpt>
   <trkpt lon="-4.153096" lat="36.792840"><ele>76.6</ele></trkpt>
   <trkpt lon="-4.153307" lat="36.792758"><ele>77.9</ele></trkpt>
   <trkpt lon="-4.154047" lat="36.792143"><ele>84.1</ele></trkpt>
   <trkpt lon="-4.154189" lat="36.791987"><ele>85.5</ele></trkpt>
   <trkpt lon="-4.154285" lat="36.791823"><ele>86.0</ele></trkpt>
   <trkpt lon="-4.154432" lat="36.791498"><ele>86.8</ele></trkpt>
   <trkpt lon="-4.154551" lat="36.791387"><ele>87.6</ele></trkpt>
   <trkpt lon="-4.154791" lat="36.791315"><ele>88.4</ele></trkpt>
   <trkpt lon="-4.154918" lat="36.791296"><ele>89.2</ele></trkpt>
   <trkpt lon="-4.155298" lat="36.791287"><ele>91.4</ele></trkpt>
   <trkpt lon="-4.155410" lat="36.791328"><ele>91.9</ele></trkpt>
   <trkpt lon="-4.155499" lat="36.791374"><ele>92.3</ele></trkpt>
   <trkpt lon="-4.155723" lat="36.791787"><ele>95.3</ele></trkpt>
   <trkpt lon="-4.155871" lat="36.792254"><ele>97.9</ele></trkpt>
   <trkpt lon="-4.156329" lat="36.792881"><ele>93.9</ele></trkpt>
   <trkpt lon="-4.157215" lat="36.793185"><ele>97.1</ele></trkpt>
   <trkpt lon="-4.157779" lat="36.793353"><ele>99.0</ele></trkpt>
   <trkpt lon="-4.158219" lat="36.793730"><ele>97.8</ele></trkpt>
   <trkpt lon="-4.158374" lat="36.793827"><ele>98.5</ele></trkpt>
   <trkpt lon="-4.158558" lat="36.793866"><ele>99.4</ele></trkpt>
   <trkpt lon="-4.158863" lat="36.793843"><ele>101.7</ele></trkpt>
   <trkpt lon="-4.159630" lat="36.793730"><ele>107.5</ele></trkpt>
   <trkpt lon="-4.160790" lat="36.793450"><ele>110.3</ele></trkpt>
   <trkpt lon="-4.160795" lat="36.793483"><ele>109.7</ele></trkpt>
   <trkpt lon="-4.160835" lat="36.793542"><ele>108.5</ele></trkpt>
   <trkpt lon="-4.160868" lat="36.793563"><ele>108.1</ele></trkpt>
   <trkpt lon="-4.160906" lat="36.793577"><ele>107.8</ele></trkpt>
   <trkpt lon="-4.160672" lat="36.793973"><ele>105.5</ele></trkpt>
   <trkpt lon="-4.160651" lat="36.794388"><ele>107.4</ele></trkpt>
   <trkpt lon="-4.160477" lat="36.794634"><ele>106.9</ele></trkpt>
   <trkpt lon="-4.160363" lat="36.794723"><ele>105.8</ele></trkpt>
   <trkpt lon="-4.160339" lat="36.794778"><ele>105.5</ele></trkpt>
   <trkpt lon="-4.159839" lat="36.795570"><ele>98.8</ele></trkpt>
   <trkpt lon="-4.159508" lat="36.795977"><ele>93.3</ele></trkpt>
   <trkpt lon="-4.158903" lat="36.796532"><ele>88.0</ele></trkpt>
   <trkpt lon="-4.158268" lat="36.797088"><ele>76.9</ele></trkpt>
   <trkpt lon="-4.157898" lat="36.797505"><ele>72.5</ele></trkpt>
   <trkpt lon="-4.157562" lat="36.797980"><ele>70.3</ele></trkpt>
   <trkpt lon="-4.157295" lat="36.798431"><ele>69.0</ele></trkpt>
   <trkpt lon="-4.157060" lat="36.799050"><ele>69.0</ele></trkpt>
   <trkpt lon="-4.157017" lat="36.799290"><ele>68.4</ele></trkpt>
   <trkpt lon="-4.156987" lat="36.799479"><ele>67.8</ele></trkpt>
   <trkpt lon="-4.156961" lat="36.799807"><ele>67.2</ele></trkpt>
   <trkpt lon="-4.157059" lat="36.799817"><ele>67.3</ele></trkpt>
   <trkpt lon="-4.157384" lat="36.799936"><ele>68.8</ele></trkpt>
   <trkpt lon="-4.157652" lat="36.799988"><ele>70.4</ele></trkpt>
   <trkpt lon="-4.157852" lat="36.799991"><ele>71.5</ele></trkpt>
   <trkpt lon="-4.158175" lat="36.799945"><ele>73.1</ele></trkpt>
   <trkpt lon="-4.158663" lat="36.799898"><ele>75.1</ele></trkpt>
   <trkpt lon="-4.158784" lat="36.799936"><ele>75.9</ele></trkpt>
   <trkpt lon="-4.158862" lat="36.799971"><ele>76.5</ele></trkpt>
   <trkpt lon="-4.158972" lat="36.799942"><ele>76.5</ele></trkpt>
   <trkpt lon="-4.159055" lat="36.799825"><ele>76.0</ele></trkpt>
   <trkpt lon="-4.159149" lat="36.799603"><ele>75.3</ele></trkpt>
   <trkpt lon="-4.159307" lat="36.799528"><ele>77.4</ele></trkpt>
   <trkpt lon="-4.159990" lat="36.799517"><ele>86.1</ele></trkpt>
   <trkpt lon="-4.159307" lat="36.799528"><ele>77.4</ele></trkpt>
   <trkpt lon="-4.159149" lat="36.799603"><ele>75.3</ele></trkpt>
   <trkpt lon="-4.159055" lat="36.799825"><ele>76.0</ele></trkpt>
   <trkpt lon="-4.158972" lat="36.799942"><ele>76.5</ele></trkpt>
   <trkpt lon="-4.158862" lat="36.799971"><ele>76.5</ele></trkpt>
   <trkpt lon="-4.158784" lat="36.799936"><ele>75.9</ele></trkpt>
   <trkpt lon="-4.158663" lat="36.799898"><ele>75.1</ele></trkpt>
   <trkpt lon="-4.158175" lat="36.799945"><ele>73.1</ele></trkpt>
   <trkpt lon="-4.157852" lat="36.799991"><ele>71.5</ele></trkpt>
   <trkpt lon="-4.157652" lat="36.799988"><ele>70.4</ele></trkpt>
   <trkpt lon="-4.157384" lat="36.799936"><ele>68.8</ele></trkpt>
   <trkpt lon="-4.157059" lat="36.799817"><ele>67.3</ele></trkpt>
   <trkpt lon="-4.156961" lat="36.799807"><ele>67.2</ele></trkpt>
   <trkpt lon="-4.156987" lat="36.799479"><ele>67.8</ele></trkpt>
   <trkpt lon="-4.157017" lat="36.799290"><ele>68.4</ele></trkpt>
   <trkpt lon="-4.157060" lat="36.799050"><ele>69.0</ele></trkpt>
   <trkpt lon="-4.157295" lat="36.798431"><ele>69.0</ele></trkpt>
   <trkpt lon="-4.157562" lat="36.797980"><ele>70.3</ele></trkpt>
   <trkpt lon="-4.157898" lat="36.797505"><ele>72.5</ele></trkpt>
   <trkpt lon="-4.158268" lat="36.797088"><ele>76.9</ele></trkpt>
   <trkpt lon="-4.158903" lat="36.796532"><ele>88.0</ele></trkpt>
   <trkpt lon="-4.159508" lat="36.795977"><ele>93.3</ele></trkpt>
   <trkpt lon="-4.159839" lat="36.795570"><ele>98.8</ele></trkpt>
   <trkpt lon="-4.160339" lat="36.794778"><ele>105.5</ele></trkpt>
   <trkpt lon="-4.160363" lat="36.794723"><ele>105.8</ele></trkpt>
   <trkpt lon="-4.160477" lat="36.794634"><ele>106.9</ele></trkpt>
   <trkpt lon="-4.160651" lat="36.794388"><ele>107.4</ele></trkpt>
   <trkpt lon="-4.160672" lat="36.793973"><ele>105.5</ele></trkpt>
   <trkpt lon="-4.160906" lat="36.793577"><ele>107.8</ele></trkpt>
   <trkpt lon="-4.160953" lat="36.793583"><ele>107.6</ele></trkpt>
   <trkpt lon="-4.161001" lat="36.793578"><ele>107.6</ele></trkpt>
   <trkpt lon="-4.161045" lat="36.793563"><ele>107.8</ele></trkpt>
   <trkpt lon="-4.161081" lat="36.793538"><ele>108.0</ele></trkpt>
   <trkpt lon="-4.161107" lat="36.793506"><ele>108.3</ele></trkpt>
   <trkpt lon="-4.161121" lat="36.793469"><ele>108.6</ele></trkpt>
   <trkpt lon="-4.161121" lat="36.793431"><ele>109.0</ele></trkpt>
   <trkpt lon="-4.161108" lat="36.793394"><ele>109.5</ele></trkpt>
   <trkpt lon="-4.161082" lat="36.793362"><ele>110.0</ele></trkpt>
   <trkpt lon="-4.161046" lat="36.793337"><ele>110.5</ele></trkpt>
   <trkpt lon="-4.161002" lat="36.793321"><ele>111.1</ele></trkpt>
   <trkpt lon="-4.160955" lat="36.793316"><ele>111.5</ele></trkpt>
   <trkpt lon="-4.160975" lat="36.793092"><ele>114.6</ele></trkpt>
   <trkpt lon="-4.160942" lat="36.792770"><ele>119.4</ele></trkpt>
   <trkpt lon="-4.160978" lat="36.792513"><ele>122.4</ele></trkpt>
   <trkpt lon="-4.161076" lat="36.792218"><ele>126.1</ele></trkpt>
   <trkpt lon="-4.161222" lat="36.792047"><ele>130.0</ele></trkpt>
   <trkpt lon="-4.161493" lat="36.792026"><ele>131.4</ele></trkpt>
   <trkpt lon="-4.161573" lat="36.791858"><ele>134.4</ele></trkpt>
   <trkpt lon="-4.161528" lat="36.791719"><ele>136.3</ele></trkpt>
   <trkpt lon="-4.161511" lat="36.791634"><ele>137.3</ele></trkpt>
   <trkpt lon="-4.161586" lat="36.791578"><ele>137.4</ele></trkpt>
   <trkpt lon="-4.161688" lat="36.791406"><ele>135.7</ele></trkpt>
   <trkpt lon="-4.161734" lat="36.791349"><ele>135.0</ele></trkpt>
   <trkpt lon="-4.161816" lat="36.791339"><ele>134.1</ele></trkpt>
   <trkpt lon="-4.161963" lat="36.791355"><ele>133.3</ele></trkpt>
   <trkpt lon="-4.162232" lat="36.791071"><ele>131.9</ele></trkpt>
   <trkpt lon="-4.162387" lat="36.791006"><ele>133.7</ele></trkpt>
   <trkpt lon="-4.162358" lat="36.790972"><ele>133.2</ele></trkpt>
   <trkpt lon="-4.162410" lat="36.790908"><ele>133.5</ele></trkpt>
   <trkpt lon="-4.162415" lat="36.790786"><ele>133.2</ele></trkpt>
   <trkpt lon="-4.162493" lat="36.790517"><ele>133.1</ele></trkpt>
   <trkpt lon="-4.162506" lat="36.790328"><ele>131.8</ele></trkpt>
   <trkpt lon="-4.162535" lat="36.790287"><ele>131.6</ele></trkpt>
   <trkpt lon="-4.162735" lat="36.790181"><ele>133.5</ele></trkpt>
   <trkpt lon="-4.162878" lat="36.790064"><ele>134.2</ele></trkpt>
   <trkpt lon="-4.162988" lat="36.789935"><ele>134.4</ele></trkpt>
   <trkpt lon="-4.163055" lat="36.789833"><ele>134.0</ele></trkpt>
   <trkpt lon="-4.163278" lat="36.789640"><ele>133.7</ele></trkpt>
   <trkpt lon="-4.163371" lat="36.789510"><ele>133.6</ele></trkpt>
   <trkpt lon="-4.163230" lat="36.789404"><ele>131.1</ele></trkpt>
   <trkpt lon="-4.163157" lat="36.789333"><ele>131.0</ele></trkpt>
   <trkpt lon="-4.163073" lat="36.789254"><ele>131.5</ele></trkpt>
   <trkpt lon="-4.163066" lat="36.789170"><ele>132.5</ele></trkpt>
   <trkpt lon="-4.163088" lat="36.789103"><ele>134.0</ele></trkpt>
   <trkpt lon="-4.163251" lat="36.788925"><ele>135.4</ele></trkpt>
   <trkpt lon="-4.163267" lat="36.788805"><ele>137.8</ele></trkpt>
   <trkpt lon="-4.163549" lat="36.788749"><ele>134.0</ele></trkpt>
   <trkpt lon="-4.163917" lat="36.788683"><ele>133.6</ele></trkpt>
   <trkpt lon="-4.164335" lat="36.788601"><ele>137.5</ele></trkpt>
   <trkpt lon="-4.164681" lat="36.788559"><ele>142.4</ele></trkpt>
   <trkpt lon="-4.164950" lat="36.788495"><ele>146.5</ele></trkpt>
   <trkpt lon="-4.165239" lat="36.788346"><ele>153.4</ele></trkpt>
   <trkpt lon="-4.165312" lat="36.788041"><ele>157.0</ele></trkpt>
   <trkpt lon="-4.165384" lat="36.787942"><ele>157.0</ele></trkpt>
   <trkpt lon="-4.165564" lat="36.787901"><ele>157.7</ele></trkpt>
   <trkpt lon="-4.165733" lat="36.787935"><ele>158.4</ele></trkpt>
   <trkpt lon="-4.165981" lat="36.787951"><ele>159.4</ele></trkpt>
   <trkpt lon="-4.166109" lat="36.787864"><ele>159.2</ele></trkpt>
   <trkpt lon="-4.166170" lat="36.787718"><ele>157.8</ele></trkpt>
   <trkpt lon="-4.166263" lat="36.787622"><ele>158.1</ele></trkpt>
   <trkpt lon="-4.166482" lat="36.787589"><ele>161.5</ele></trkpt>
   <trkpt lon="-4.166936" lat="36.787596"><ele>167.6</ele></trkpt>
   <trkpt lon="-4.167102" lat="36.787298"><ele>169.2</ele></trkpt>
   <trkpt lon="-4.167126" lat="36.787154"><ele>170.5</ele></trkpt>
   <trkpt lon="-4.167227" lat="36.786759"><ele>172.6</ele></trkpt>
   <trkpt lon="-4.167300" lat="36.786535"><ele>175.2</ele></trkpt>
   <trkpt lon="-4.167431" lat="36.786302"><ele>179.2</ele></trkpt>
   <trkpt lon="-4.167582" lat="36.786121"><ele>183.9</ele></trkpt>
   <trkpt lon="-4.167680" lat="36.786051"><ele>185.7</ele></trkpt>
   <trkpt lon="-4.167977" lat="36.785987"><ele>192.2</ele></trkpt>
   <trkpt lon="-4.168395" lat="36.785820"><ele>195.6</ele></trkpt>
   <trkpt lon="-4.168879" lat="36.785662"><ele>194.3</ele></trkpt>
   <trkpt lon="-4.169319" lat="36.785568"><ele>194.1</ele></trkpt>
   <trkpt lon="-4.169501" lat="36.785482"><ele>194.6</ele></trkpt>
   <trkpt lon="-4.169652" lat="36.785347"><ele>195.8</ele></trkpt>
   <trkpt lon="-4.169718" lat="36.785249"><ele>195.9</ele></trkpt>
   <trkpt lon="-4.169803" lat="36.785055"><ele>195.4</ele></trkpt>
   <trkpt lon="-4.170003" lat="36.784824"><ele>198.2</ele></trkpt>
   <trkpt lon="-4.170087" lat="36.784422"><ele>197.9</ele></trkpt>
   <trkpt lon="-4.170200" lat="36.784221"><ele>197.6</ele></trkpt>
   <trkpt lon="-4.170489" lat="36.783770"><ele>203.2</ele></trkpt>
   <trkpt lon="-4.170573" lat="36.783560"><ele>206.3</ele></trkpt>
   <trkpt lon="-4.170580" lat="36.783353"><ele>207.4</ele></trkpt>
   <trkpt lon="-4.170524" lat="36.782950"><ele>209.4</ele></trkpt>
   <trkpt lon="-4.170449" lat="36.782742"><ele>209.0</ele></trkpt>
   <trkpt lon="-4.170420" lat="36.782491"><ele>211.3</ele></trkpt>
   <trkpt lon="-4.170358" lat="36.782069"><ele>214.2</ele></trkpt>
   <trkpt lon="-4.170367" lat="36.781984"><ele>215.7</ele></trkpt>
   <trkpt lon="-4.170440" lat="36.781859"><ele>219.4</ele></trkpt>
   <trkpt lon="-4.170478" lat="36.781717"><ele>221.8</ele></trkpt>
   <trkpt lon="-4.170414" lat="36.781304"><ele>226.7</ele></trkpt>
   <trkpt lon="-4.170369" lat="36.780995"><ele>231.5</ele></trkpt>
   <trkpt lon="-4.170376" lat="36.780785"><ele>231.7</ele></trkpt>
   <trkpt lon="-4.170514" lat="36.780475"><ele>248.2</ele></trkpt>
   <trkpt lon="-4.170698" lat="36.780047"><ele>259.5</ele></trkpt>
   <trkpt lon="-4.170762" lat="36.779800"><ele>264.3</ele></trkpt>
   <trkpt lon="-4.170806" lat="36.779553"><ele>268.7</ele></trkpt>
   <trkpt lon="-4.171086" lat="36.779099"><ele>269.9</ele></trkpt>
   <trkpt lon="-4.171108" lat="36.778774"><ele>271.9</ele></trkpt>
   <trkpt lon="-4.170989" lat="36.777972"><ele>275.8</ele></trkpt>
   <trkpt lon="-4.170911" lat="36.777771"><ele>275.3</ele></trkpt>
   <trkpt lon="-4.170658" lat="36.777669"><ele>277.2</ele></trkpt>
   <trkpt lon="-4.170365" lat="36.777570"><ele>277.8</ele></trkpt>
   <trkpt lon="-4.170240" lat="36.777431"><ele>278.6</ele></trkpt>
   <trkpt lon="-4.170196" lat="36.777258"><ele>281.7</ele></trkpt>
   <trkpt lon="-4.170254" lat="36.776758"><ele>283.7</ele></trkpt>
   <trkpt lon="-4.170362" lat="36.776284"><ele>287.0</ele></trkpt>
   <trkpt lon="-4.170453" lat="36.776131"><ele>288.1</ele></trkpt>
   <trkpt lon="-4.170647" lat="36.775755"><ele>290.1</ele></trkpt>
   <trkpt lon="-4.170871" lat="36.775448"><ele>294.9</ele></trkpt>
   <trkpt lon="-4.170944" lat="36.774921"><ele>295.4</ele></trkpt>
   <trkpt lon="-4.170915" lat="36.774637"><ele>295.6</ele></trkpt>
   <trkpt lon="-4.170813" lat="36.774334"><ele>294.7</ele></trkpt>
   <trkpt lon="-4.170618" lat="36.773656"><ele>297.4</ele></trkpt>
   <trkpt lon="-4.170595" lat="36.773384"><ele>301.9</ele></trkpt>
   <trkpt lon="-4.170627" lat="36.773219"><ele>305.8</ele></trkpt>
   <trkpt lon="-4.170740" lat="36.772908"><ele>313.0</ele></trkpt>
   <trkpt lon="-4.170851" lat="36.772682"><ele>319.7</ele></trkpt>
   <trkpt lon="-4.171033" lat="36.772408"><ele>329.1</ele></trkpt>
   <trkpt lon="-4.171148" lat="36.772153"><ele>337.3</ele></trkpt>
   <trkpt lon="-4.171188" lat="36.771929"><ele>346.3</ele></trkpt>
   <trkpt lon="-4.171146" lat="36.771666"><ele>356.1</ele></trkpt>
   <trkpt lon="-4.171077" lat="36.771529"><ele>361.0</ele></trkpt>
   <trkpt lon="-4.170713" lat="36.771392"><ele>361.4</ele></trkpt>
   <trkpt lon="-4.170531" lat="36.771291"><ele>363.5</ele></trkpt>
   <trkpt lon="-4.170345" lat="36.771129"><ele>367.6</ele></trkpt>
   <trkpt lon="-4.170027" lat="36.770997"><ele>369.6</ele></trkpt>
   <trkpt lon="-4.169712" lat="36.770770"><ele>375.6</ele></trkpt>
   <trkpt lon="-4.169485" lat="36.770582"><ele>379.1</ele></trkpt>
   <trkpt lon="-4.169227" lat="36.770417"><ele>386.7</ele></trkpt>
   <trkpt lon="-4.169041" lat="36.770296"><ele>388.8</ele></trkpt>
   <trkpt lon="-4.168876" lat="36.770065"><ele>386.7</ele></trkpt>
   <trkpt lon="-4.168493" lat="36.769848"><ele>383.1</ele></trkpt>
   <trkpt lon="-4.168084" lat="36.769695"><ele>385.1</ele></trkpt>
   <trkpt lon="-4.167925" lat="36.769598"><ele>384.4</ele></trkpt>
   <trkpt lon="-4.167838" lat="36.769499"><ele>383.2</ele></trkpt>
   <trkpt lon="-4.167814" lat="36.769292"><ele>381.5</ele></trkpt>
   <trkpt lon="-4.167814" lat="36.769127"><ele>379.8</ele></trkpt>
   <trkpt lon="-4.167651" lat="36.768987"><ele>382.1</ele></trkpt>
   <trkpt lon="-4.167573" lat="36.768721"><ele>378.9</ele></trkpt>
   <trkpt lon="-4.167591" lat="36.768571"><ele>373.7</ele></trkpt>
   <trkpt lon="-4.167826" lat="36.768242"><ele>362.8</ele></trkpt>
   <trkpt lon="-4.167829" lat="36.768144"><ele>359.9</ele></trkpt>
   <trkpt lon="-4.167826" lat="36.768094"><ele>358.4</ele></trkpt>
   <trkpt lon="-4.167840" lat="36.767959"><ele>354.7</ele></trkpt>
   <trkpt lon="-4.167883" lat="36.767698"><ele>347.6</ele></trkpt>
   <trkpt lon="-4.168020" lat="36.767450"><ele>344.9</ele></trkpt>
   <trkpt lon="-4.168138" lat="36.767055"><ele>344.1</ele></trkpt>
   <trkpt lon="-4.168676" lat="36.766271"><ele>342.9</ele></trkpt>
   <trkpt lon="-4.168692" lat="36.766052"><ele>343.9</ele></trkpt>
   <trkpt lon="-4.168572" lat="36.765409"><ele>341.6</ele></trkpt>
   <trkpt lon="-4.168565" lat="36.764982"><ele>346.8</ele></trkpt>
   <trkpt lon="-4.168654" lat="36.764812"><ele>350.1</ele></trkpt>
   <trkpt lon="-4.168829" lat="36.764693"><ele>353.7</ele></trkpt>
   <trkpt lon="-4.169154" lat="36.764612"><ele>357.6</ele></trkpt>
   <trkpt lon="-4.169320" lat="36.764527"><ele>356.1</ele></trkpt>
   <trkpt lon="-4.169750" lat="36.763863"><ele>335.7</ele></trkpt>
   <trkpt lon="-4.170126" lat="36.763291"><ele>323.5</ele></trkpt>
   <trkpt lon="-4.170387" lat="36.763089"><ele>322.8</ele></trkpt>
   <trkpt lon="-4.170561" lat="36.762954"><ele>321.0</ele></trkpt>
   <trkpt lon="-4.170898" lat="36.762644"><ele>317.7</ele></trkpt>
   <trkpt lon="-4.171261" lat="36.762371"><ele>314.2</ele></trkpt>
   <trkpt lon="-4.171585" lat="36.762052"><ele>309.7</ele></trkpt>
   <trkpt lon="-4.172139" lat="36.761340"><ele>311.3</ele></trkpt>
   <trkpt lon="-4.172134" lat="36.760919"><ele>310.1</ele></trkpt>
   <trkpt lon="-4.171971" lat="36.760648"><ele>300.5</ele></trkpt>
   <trkpt lon="-4.171988" lat="36.760505"><ele>298.1</ele></trkpt>
   <trkpt lon="-4.172108" lat="36.760382"><ele>296.6</ele></trkpt>
   <trkpt lon="-4.172323" lat="36.760280"><ele>298.5</ele></trkpt>
   <trkpt lon="-4.172516" lat="36.760078"><ele>299.0</ele></trkpt>
   <trkpt lon="-4.172566" lat="36.759845"><ele>298.2</ele></trkpt>
   <trkpt lon="-4.172174" lat="36.759299"><ele>287.5</ele></trkpt>
   <trkpt lon="-4.171997" lat="36.759095"><ele>284.1</ele></trkpt>
   <trkpt lon="-4.171926" lat="36.758853"><ele>279.6</ele></trkpt>
   <trkpt lon="-4.171978" lat="36.758662"><ele>275.0</ele></trkpt>
   <trkpt lon="-4.172224" lat="36.758341"><ele>270.7</ele></trkpt>
   <trkpt lon="-4.172797" lat="36.757768"><ele>269.8</ele></trkpt>
   <trkpt lon="-4.173196" lat="36.757391"><ele>269.3</ele></trkpt>
   <trkpt lon="-4.173359" lat="36.757099"><ele>266.3</ele></trkpt>
   <trkpt lon="-4.173388" lat="36.757038"><ele>264.9</ele></trkpt>
   <trkpt lon="-4.173512" lat="36.756770"><ele>259.6</ele></trkpt>
   <trkpt lon="-4.173823" lat="36.756282"><ele>258.7</ele></trkpt>
   <trkpt lon="-4.174111" lat="36.755904"><ele>263.9</ele></trkpt>
   <trkpt lon="-4.174506" lat="36.755719"><ele>265.9</ele></trkpt>
   <trkpt lon="-4.174699" lat="36.755591"><ele>264.3</ele></trkpt>
   <trkpt lon="-4.175237" lat="36.755310"><ele>251.0</ele></trkpt>
   <trkpt lon="-4.175557" lat="36.755050"><ele>249.8</ele></trkpt>
   <trkpt lon="-4.175597" lat="36.754882"><ele>245.8</ele></trkpt>
   <trkpt lon="-4.175599" lat="36.754824"><ele>244.7</ele></trkpt>
   <trkpt lon="-4.175586" lat="36.754772"><ele>244.1</ele></trkpt>
   <trkpt lon="-4.175461" lat="36.754509"><ele>240.2</ele></trkpt>
   <trkpt lon="-4.175331" lat="36.753937"><ele>224.0</ele></trkpt>
   <trkpt lon="-4.175246" lat="36.753759"><ele>218.2</ele></trkpt>
   <trkpt lon="-4.175166" lat="36.753662"><ele>217.1</ele></trkpt>
   <trkpt lon="-4.175008" lat="36.753491"><ele>210.4</ele></trkpt>
   <trkpt lon="-4.174826" lat="36.753421"><ele>207.9</ele></trkpt>
   <trkpt lon="-4.174687" lat="36.753320"><ele>204.4</ele></trkpt>
   <trkpt lon="-4.174571" lat="36.753186"><ele>203.7</ele></trkpt>
   <trkpt lon="-4.174551" lat="36.753027"><ele>204.3</ele></trkpt>
   <trkpt lon="-4.174560" lat="36.752943"><ele>204.4</ele></trkpt>
   <trkpt lon="-4.174544" lat="36.752831"><ele>204.3</ele></trkpt>
   <trkpt lon="-4.174564" lat="36.752702"><ele>204.4</ele></trkpt>
   <trkpt lon="-4.174619" lat="36.752569"><ele>202.9</ele></trkpt>
   <trkpt lon="-4.174792" lat="36.752395"><ele>202.3</ele></trkpt>
   <trkpt lon="-4.175067" lat="36.752254"><ele>201.7</ele></trkpt>
   <trkpt lon="-4.175339" lat="36.752092"><ele>196.9</ele></trkpt>
   <trkpt lon="-4.175522" lat="36.751703"><ele>186.9</ele></trkpt>
   <trkpt lon="-4.175675" lat="36.751513"><ele>184.0</ele></trkpt>
   <trkpt lon="-4.175832" lat="36.751371"><ele>183.0</ele></trkpt>
   <trkpt lon="-4.176169" lat="36.751126"><ele>179.0</ele></trkpt>
   <trkpt lon="-4.176341" lat="36.750859"><ele>172.1</ele></trkpt>
   <trkpt lon="-4.176376" lat="36.750546"><ele>165.8</ele></trkpt>
   <trkpt lon="-4.176307" lat="36.750123"><ele>160.2</ele></trkpt>
   <trkpt lon="-4.176275" lat="36.750052"><ele>159.5</ele></trkpt>
   <trkpt lon="-4.176237" lat="36.749575"><ele>156.6</ele></trkpt>
   <trkpt lon="-4.176296" lat="36.749050"><ele>160.1</ele></trkpt>
   <trkpt lon="-4.176209" lat="36.748687"><ele>159.5</ele></trkpt>
   <trkpt lon="-4.176164" lat="36.748317"><ele>156.0</ele></trkpt>
   <trkpt lon="-4.176059" lat="36.747998"><ele>154.3</ele></trkpt>
   <trkpt lon="-4.175965" lat="36.747658"><ele>154.1</ele></trkpt>
   <trkpt lon="-4.175939" lat="36.747348"><ele>152.7</ele></trkpt>
   <trkpt lon="-4.175956" lat="36.747164"><ele>150.7</ele></trkpt>
   <trkpt lon="-4.176050" lat="36.747033"><ele>147.0</ele></trkpt>
   <trkpt lon="-4.176177" lat="36.746907"><ele>143.5</ele></trkpt>
   <trkpt lon="-4.176220" lat="36.746801"><ele>138.8</ele></trkpt>
   <trkpt lon="-4.176183" lat="36.746691"><ele>133.1</ele></trkpt>
   <trkpt lon="-4.176027" lat="36.746628"><ele>129.7</ele></trkpt>
   <trkpt lon="-4.175386" lat="36.746623"><ele>128.1</ele></trkpt>
   <trkpt lon="-4.175016" lat="36.746662"><ele>127.0</ele></trkpt>
   <trkpt lon="-4.174353" lat="36.746818"><ele>129.2</ele></trkpt>
   <trkpt lon="-4.173794" lat="36.746950"><ele>130.6</ele></trkpt>
   <trkpt lon="-4.173672" lat="36.747036"><ele>131.4</ele></trkpt>
   <trkpt lon="-4.173592" lat="36.747147"><ele>131.9</ele></trkpt>
   <trkpt lon="-4.173455" lat="36.747155"><ele>132.1</ele></trkpt>
   <trkpt lon="-4.173206" lat="36.747223"><ele>133.5</ele></trkpt>
   <trkpt lon="-4.173100" lat="36.747223"><ele>134.1</ele></trkpt>
   <trkpt lon="-4.173032" lat="36.747159"><ele>135.0</ele></trkpt>
   <trkpt lon="-4.172965" lat="36.746586"><ele>136.8</ele></trkpt>
   <trkpt lon="-4.172981" lat="36.746512"><ele>135.8</ele></trkpt>
   <trkpt lon="-4.173095" lat="36.746396"><ele>130.9</ele></trkpt>
   <trkpt lon="-4.173521" lat="36.746249"><ele>123.6</ele></trkpt>
   <trkpt lon="-4.174163" lat="36.746037"><ele>128.4</ele></trkpt>
   <trkpt lon="-4.175158" lat="36.745624"><ele>140.8</ele></trkpt>
   <trkpt lon="-4.176809" lat="36.745209"><ele>125.9</ele></trkpt>
   <trkpt lon="-4.177845" lat="36.745062"><ele>118.2</ele></trkpt>
   <trkpt lon="-4.178543" lat="36.744931"><ele>114.9</ele></trkpt>
   <trkpt lon="-4.178923" lat="36.744848"><ele>110.5</ele></trkpt>
   <trkpt lon="-4.179144" lat="36.744711"><ele>106.7</ele></trkpt>
   <trkpt lon="-4.179252" lat="36.744601"><ele>105.5</ele></trkpt>
   <trkpt lon="-4.179342" lat="36.744603"><ele>103.6</ele></trkpt>
   <trkpt lon="-4.179339" lat="36.744716"><ele>102.2</ele></trkpt>
   <trkpt lon="-4.179436" lat="36.744824"><ele>99.5</ele></trkpt>
   <trkpt lon="-4.179556" lat="36.744857"><ele>98.0</ele></trkpt>
   <trkpt lon="-4.179703" lat="36.744828"><ele>96.8</ele></trkpt>
   <trkpt lon="-4.179790" lat="36.744752"><ele>96.4</ele></trkpt>
   <trkpt lon="-4.179816" lat="36.744641"><ele>96.2</ele></trkpt>
   <trkpt lon="-4.179781" lat="36.744560"><ele>96.5</ele></trkpt>
   <trkpt lon="-4.179732" lat="36.744517"><ele>97.1</ele></trkpt>
   <trkpt lon="-4.179715" lat="36.744405"><ele>98.2</ele></trkpt>
   <trkpt lon="-4.179631" lat="36.743633"><ele>100.6</ele></trkpt>
   <trkpt lon="-4.179606" lat="36.743274"><ele>99.5</ele></trkpt>
   <trkpt lon="-4.179785" lat="36.742805"><ele>96.5</ele></trkpt>
   <trkpt lon="-4.179796" lat="36.742511"><ele>92.6</ele></trkpt>
   <trkpt lon="-4.179749" lat="36.742278"><ele>90.8</ele></trkpt>
   <trkpt lon="-4.179682" lat="36.742181"><ele>90.1</ele></trkpt>
   <trkpt lon="-4.179152" lat="36.741777"><ele>85.0</ele></trkpt>
   <trkpt lon="-4.178967" lat="36.741630"><ele>83.8</ele></trkpt>
   <trkpt lon="-4.178842" lat="36.741431"><ele>82.9</ele></trkpt>
   <trkpt lon="-4.178773" lat="36.741208"><ele>82.3</ele></trkpt>
   <trkpt lon="-4.178776" lat="36.740913"><ele>82.4</ele></trkpt>
   <trkpt lon="-4.178818" lat="36.738717"><ele>81.1</ele></trkpt>
   <trkpt lon="-4.178980" lat="36.738686"><ele>81.0</ele></trkpt>
   <trkpt lon="-4.179703" lat="36.738682"><ele>77.2</ele></trkpt>
   <trkpt lon="-4.179972" lat="36.738625"><ele>75.0</ele></trkpt>
   <trkpt lon="-4.180180" lat="36.738643"><ele>73.5</ele></trkpt>
   <trkpt lon="-4.180288" lat="36.738783"><ele>73.7</ele></trkpt>
   <trkpt lon="-4.180371" lat="36.739008"><ele>73.8</ele></trkpt>
   <trkpt lon="-4.180446" lat="36.739057"><ele>72.8</ele></trkpt>
   <trkpt lon="-4.180552" lat="36.739069"><ele>71.3</ele></trkpt>
   <trkpt lon="-4.180753" lat="36.739029"><ele>68.0</ele></trkpt>
   <trkpt lon="-4.180966" lat="36.738982"><ele>64.1</ele></trkpt>
   <trkpt lon="-4.181129" lat="36.738986"><ele>63.0</ele></trkpt>
   <trkpt lon="-4.181172" lat="36.738411"><ele>60.8</ele></trkpt>
   <trkpt lon="-4.181128" lat="36.737979"><ele>59.5</ele></trkpt>
   <trkpt lon="-4.181120" lat="36.737831"><ele>59.3</ele></trkpt>
   <trkpt lon="-4.181158" lat="36.737749"><ele>59.1</ele></trkpt>
   <trkpt lon="-4.181311" lat="36.737653"><ele>59.0</ele></trkpt>
   <trkpt lon="-4.181364" lat="36.737562"><ele>60.2</ele></trkpt>
   <trkpt lon="-4.181410" lat="36.737316"><ele>62.4</ele></trkpt>
   <trkpt lon="-4.181557" lat="36.737032"><ele>69.1</ele></trkpt>
   <trkpt lon="-4.181581" lat="36.736906"><ele>71.3</ele></trkpt>
   <trkpt lon="-4.181569" lat="36.736678"><ele>73.7</ele></trkpt>
   <trkpt lon="-4.181577" lat="36.736401"><ele>77.0</ele></trkpt>
   <trkpt lon="-4.181548" lat="36.736179"><ele>77.5</ele></trkpt>
   <trkpt lon="-4.181552" lat="36.736116"><ele>78.1</ele></trkpt>
   <trkpt lon="-4.181605" lat="36.735999"><ele>81.2</ele></trkpt>
   <trkpt lon="-4.181702" lat="36.735886"><ele>86.1</ele></trkpt>
   <trkpt lon="-4.181822" lat="36.735610"><ele>93.1</ele></trkpt>
   <trkpt lon="-4.181810" lat="36.735288"><ele>96.5</ele></trkpt>
   <trkpt lon="-4.181899" lat="36.735141"><ele>100.2</ele></trkpt>
   <trkpt lon="-4.182007" lat="36.735072"><ele>103.6</ele></trkpt>
   <trkpt lon="-4.182076" lat="36.735078"><ele>104.6</ele></trkpt>
   <trkpt lon="-4.182378" lat="36.735191"><ele>109.6</ele></trkpt>
   <trkpt lon="-4.182608" lat="36.735221"><ele>110.7</ele></trkpt>
   <trkpt lon="-4.183280" lat="36.735112"><ele>118.9</ele></trkpt>
   <trkpt lon="-4.183440" lat="36.735076"><ele>121.0</ele></trkpt>
   <trkpt lon="-4.183587" lat="36.735002"><ele>123.0</ele></trkpt>
   <trkpt lon="-4.183795" lat="36.734826"><ele>122.9</ele></trkpt>
   <trkpt lon="-4.183811" lat="36.734764"><ele>121.8</ele></trkpt>
   <trkpt lon="-4.183948" lat="36.734454"><ele>115.4</ele></trkpt>
   <trkpt lon="-4.183997" lat="36.734155"><ele>109.8</ele></trkpt>
   <trkpt lon="-4.184086" lat="36.734098"><ele>109.0</ele></trkpt>
   <trkpt lon="-4.184267" lat="36.734063"><ele>110.3</ele></trkpt>
   <trkpt lon="-4.184354" lat="36.734030"><ele>110.7</ele></trkpt>
   <trkpt lon="-4.184406" lat="36.733940"><ele>110.0</ele></trkpt>
   <trkpt lon="-4.184406" lat="36.733777"><ele>109.3</ele></trkpt>
   <trkpt lon="-4.184337" lat="36.733493"><ele>107.8</ele></trkpt>
   <trkpt lon="-4.184329" lat="36.733401"><ele>106.9</ele></trkpt>
   <trkpt lon="-4.184343" lat="36.733264"><ele>105.9</ele></trkpt>
   <trkpt lon="-4.184506" lat="36.733159"><ele>105.2</ele></trkpt>
   <trkpt lon="-4.184749" lat="36.733120"><ele>105.0</ele></trkpt>
   <trkpt lon="-4.184941" lat="36.733126"><ele>105.5</ele></trkpt>
   <trkpt lon="-4.185049" lat="36.733070"><ele>105.5</ele></trkpt>
   <trkpt lon="-4.185093" lat="36.733008"><ele>105.6</ele></trkpt>
   <trkpt lon="-4.185132" lat="36.732876"><ele>105.4</ele></trkpt>
   <trkpt lon="-4.185179" lat="36.732756"><ele>107.2</ele></trkpt>
   <trkpt lon="-4.185767" lat="36.732524"><ele>102.8</ele></trkpt>
   <trkpt lon="-4.185920" lat="36.732415"><ele>100.6</ele></trkpt>
   <trkpt lon="-4.185968" lat="36.732310"><ele>99.5</ele></trkpt>
   <trkpt lon="-4.186044" lat="36.731989"><ele>96.8</ele></trkpt>
   <trkpt lon="-4.186325" lat="36.731724"><ele>98.1</ele></trkpt>
   <trkpt lon="-4.186749" lat="36.731519"><ele>97.1</ele></trkpt>
   <trkpt lon="-4.187001" lat="36.731350"><ele>90.4</ele></trkpt>
   <trkpt lon="-4.187196" lat="36.731174"><ele>85.4</ele></trkpt>
   <trkpt lon="-4.187368" lat="36.730963"><ele>82.5</ele></trkpt>
   <trkpt lon="-4.187436" lat="36.730823"><ele>82.5</ele></trkpt>
   <trkpt lon="-4.187598" lat="36.730631"><ele>81.2</ele></trkpt>
   <trkpt lon="-4.187774" lat="36.730447"><ele>77.8</ele></trkpt>
   <trkpt lon="-4.187820" lat="36.730260"><ele>76.6</ele></trkpt>
   <trkpt lon="-4.187839" lat="36.730038"><ele>76.2</ele></trkpt>
   <trkpt lon="-4.187801" lat="36.729843"><ele>77.0</ele></trkpt>
   <trkpt lon="-4.187738" lat="36.729679"><ele>79.1</ele></trkpt>
   <trkpt lon="-4.187689" lat="36.729551"><ele>80.9</ele></trkpt>
   <trkpt lon="-4.187623" lat="36.729152"><ele>83.7</ele></trkpt>
   <trkpt lon="-4.187497" lat="36.728968"><ele>86.5</ele></trkpt>
   <trkpt lon="-4.187369" lat="36.728744"><ele>87.8</ele></trkpt>
   <trkpt lon="-4.187234" lat="36.728649"><ele>90.0</ele></trkpt>
   <trkpt lon="-4.187134" lat="36.728551"><ele>91.4</ele></trkpt>
   <trkpt lon="-4.186931" lat="36.728240"><ele>89.7</ele></trkpt>
   <trkpt lon="-4.186359" lat="36.728198"><ele>89.6</ele></trkpt>
   <trkpt lon="-4.185958" lat="36.727979"><ele>87.3</ele></trkpt>
   <trkpt lon="-4.185601" lat="36.727891"><ele>85.6</ele></trkpt>
   <trkpt lon="-4.185243" lat="36.727777"><ele>87.1</ele></trkpt>
   <trkpt lon="-4.184889" lat="36.727480"><ele>84.2</ele></trkpt>
   <trkpt lon="-4.184470" lat="36.727354"><ele>78.3</ele></trkpt>
   <trkpt lon="-4.184278" lat="36.727347"><ele>76.1</ele></trkpt>
   <trkpt lon="-4.183983" lat="36.727379"><ele>72.8</ele></trkpt>
   <trkpt lon="-4.183613" lat="36.727399"><ele>67.9</ele></trkpt>
   <trkpt lon="-4.183397" lat="36.727272"><ele>65.0</ele></trkpt>
   <trkpt lon="-4.183355" lat="36.726994"><ele>63.9</ele></trkpt>
   <trkpt lon="-4.183289" lat="36.726815"><ele>63.8</ele></trkpt>
   <trkpt lon="-4.183029" lat="36.726593"><ele>67.3</ele></trkpt>
   <trkpt lon="-4.183037" lat="36.726522"><ele>69.2</ele></trkpt>
   <trkpt lon="-4.183162" lat="36.726341"><ele>72.4</ele></trkpt>
   <trkpt lon="-4.183340" lat="36.726120"><ele>75.5</ele></trkpt>
   <trkpt lon="-4.183495" lat="36.725961"><ele>77.2</ele></trkpt>
   <trkpt lon="-4.183789" lat="36.725752"><ele>77.5</ele></trkpt>
   <trkpt lon="-4.183845" lat="36.725701"><ele>77.5</ele></trkpt>
   <trkpt lon="-4.184104" lat="36.725606"><ele>74.2</ele></trkpt>
   <trkpt lon="-4.184473" lat="36.725495"><ele>70.3</ele></trkpt>
   <trkpt lon="-4.184828" lat="36.725435"><ele>67.5</ele></trkpt>
   <trkpt lon="-4.185205" lat="36.725313"><ele>65.5</ele></trkpt>
   <trkpt lon="-4.185673" lat="36.725307"><ele>65.4</ele></trkpt>
   <trkpt lon="-4.186195" lat="36.725010"><ele>60.7</ele></trkpt>
   <trkpt lon="-4.186663" lat="36.724787"><ele>59.3</ele></trkpt>
   <trkpt lon="-4.187001" lat="36.724735"><ele>57.8</ele></trkpt>
   <trkpt lon="-4.187123" lat="36.724665"><ele>57.1</ele></trkpt>
   <trkpt lon="-4.187231" lat="36.724498"><ele>58.7</ele></trkpt>
   <trkpt lon="-4.187476" lat="36.724243"><ele>59.8</ele></trkpt>
   <trkpt lon="-4.187606" lat="36.724087"><ele>59.1</ele></trkpt>
   <trkpt lon="-4.187672" lat="36.723948"><ele>58.9</ele></trkpt>
   <trkpt lon="-4.187764" lat="36.723683"><ele>58.6</ele></trkpt>
   <trkpt lon="-4.188194" lat="36.722675"><ele>52.8</ele></trkpt>
   <trkpt lon="-4.188240" lat="36.722583"><ele>52.7</ele></trkpt>
   <trkpt lon="-4.188296" lat="36.722470"><ele>53.0</ele></trkpt>
   <trkpt lon="-4.188569" lat="36.722334"><ele>52.5</ele></trkpt>
   <trkpt lon="-4.188738" lat="36.722192"><ele>54.5</ele></trkpt>
   <trkpt lon="-4.188805" lat="36.722079"><ele>56.8</ele></trkpt>
   <trkpt lon="-4.188862" lat="36.721819"><ele>61.5</ele></trkpt>
   <trkpt lon="-4.189098" lat="36.721663"><ele>61.4</ele></trkpt>
   <trkpt lon="-4.189174" lat="36.721551"><ele>62.2</ele></trkpt>
   <trkpt lon="-4.189310" lat="36.721259"><ele>62.0</ele></trkpt>
   <trkpt lon="-4.189358" lat="36.720911"><ele>60.8</ele></trkpt>
   <trkpt lon="-4.189481" lat="36.720416"><ele>57.4</ele></trkpt>
   <trkpt lon="-4.189524" lat="36.720321"><ele>56.2</ele></trkpt>
   <trkpt lon="-4.189516" lat="36.720249"><ele>55.2</ele></trkpt>
   <trkpt lon="-4.189978" lat="36.719974"><ele>51.0</ele></trkpt>
   <trkpt lon="-4.190190" lat="36.719847"><ele>50.7</ele></trkpt>
   <trkpt lon="-4.190314" lat="36.719763"><ele>49.0</ele></trkpt>
   <trkpt lon="-4.190385" lat="36.719733"><ele>48.3</ele></trkpt>
   <trkpt lon="-4.190342" lat="36.719514"><ele>48.7</ele></trkpt>
   <trkpt lon="-4.190380" lat="36.719443"><ele>49.0</ele></trkpt>
   <trkpt lon="-4.190451" lat="36.719410"><ele>49.2</ele></trkpt>
   <trkpt lon="-4.190758" lat="36.719375"><ele>46.6</ele></trkpt>
   <trkpt lon="-4.190834" lat="36.719351"><ele>45.8</ele></trkpt>
   <trkpt lon="-4.190869" lat="36.719278"><ele>46.3</ele></trkpt>
   <trkpt lon="-4.190910" lat="36.719213"><ele>46.4</ele></trkpt>
   <trkpt lon="-4.190973" lat="36.719185"><ele>45.2</ele></trkpt>
   <trkpt lon="-4.191064" lat="36.719221"><ele>43.5</ele></trkpt>
   <trkpt lon="-4.191199" lat="36.719335"><ele>39.8</ele></trkpt>
   <trkpt lon="-4.191247" lat="36.719410"><ele>38.1</ele></trkpt>
   <trkpt lon="-4.191186" lat="36.719459"><ele>38.6</ele></trkpt>
   <trkpt lon="-4.190994" lat="36.719503"><ele>41.5</ele></trkpt>
   <trkpt lon="-4.190940" lat="36.719579"><ele>41.4</ele></trkpt>
   <trkpt lon="-4.191011" lat="36.719648"><ele>38.9</ele></trkpt>
   <trkpt lon="-4.191300" lat="36.719623"><ele>34.3</ele></trkpt>
   <trkpt lon="-4.191442" lat="36.719548"><ele>33.1</ele></trkpt>
   <trkpt lon="-4.191536" lat="36.719447"><ele>32.6</ele></trkpt>
   <trkpt lon="-4.191668" lat="36.719091"><ele>34.0</ele></trkpt>
   <trkpt lon="-4.191761" lat="36.718642"><ele>34.3</ele></trkpt>
   <trkpt lon="-4.191873" lat="36.718408"><ele>32.5</ele></trkpt>
   <trkpt lon="-4.192126" lat="36.718083"><ele>29.3</ele></trkpt>
   <trkpt lon="-4.192157" lat="36.717953"><ele>28.6</ele></trkpt>
   <trkpt lon="-4.192159" lat="36.717811"><ele>28.1</ele></trkpt>
   <trkpt lon="-4.192210" lat="36.717685"><ele>27.6</ele></trkpt>
   <trkpt lon="-4.192334" lat="36.717578"><ele>26.1</ele></trkpt>
   <trkpt lon="-4.192575" lat="36.717399"><ele>21.8</ele></trkpt>
   <trkpt lon="-4.192860" lat="36.717244"><ele>16.5</ele></trkpt>
   <trkpt lon="-4.192907" lat="36.717145"><ele>14.8</ele></trkpt>
   <trkpt lon="-4.192899" lat="36.717070"><ele>13.7</ele></trkpt>
   <trkpt lon="-4.192869" lat="36.716995"><ele>12.7</ele></trkpt>
   <trkpt lon="-4.192671" lat="36.716844"><ele>13.0</ele></trkpt>
   <trkpt lon="-4.192646" lat="36.716773"><ele>12.0</ele></trkpt>
   <trkpt lon="-4.192646" lat="36.716714"><ele>10.7</ele></trkpt>
   <trkpt lon="-4.192686" lat="36.716663"><ele>9.3</ele></trkpt>
   <trkpt lon="-4.192776" lat="36.716593"><ele>7.3</ele></trkpt>
   <trkpt lon="-4.192856" lat="36.716529"><ele>5.9</ele></trkpt>
   <trkpt lon="-4.192907" lat="36.716442"><ele>4.8</ele></trkpt>
   <trkpt lon="-4.192911" lat="36.716404"><ele>4.6</ele></trkpt>
   <trkpt lon="-4.192913" lat="36.716265"><ele>3.8</ele></trkpt>
   <trkpt lon="-4.192939" lat="36.716245"><ele>3.6</ele></trkpt>
   <trkpt lon="-4.193056" lat="36.716237"><ele>3.6</ele></trkpt>
   <trkpt lon="-4.193315" lat="36.716247"><ele>3.6</ele></trkpt>
   <trkpt lon="-4.193515" lat="36.716255"><ele>3.7</ele></trkpt>
   <trkpt lon="-4.193568" lat="36.716299"><ele>3.9</ele></trkpt>
   <trkpt lon="-4.194025" lat="36.716304"><ele>3.9</ele></trkpt>
   <trkpt lon="-4.194102" lat="36.716271"><ele>3.6</ele></trkpt>
   <trkpt lon="-4.194133" lat="36.716238"><ele>3.4</ele></trkpt>
   <trkpt lon="-4.194137" lat="36.716193"><ele>3.2</ele></trkpt>
   <trkpt lon="-4.194141" lat="36.716126"><ele>3.0</ele></trkpt>
   <trkpt lon="-4.194436" lat="36.716131"><ele>3.0</ele></trkpt>
   <trkpt lon="-4.194548" lat="36.716130"><ele>3.0</ele></trkpt>
   <trkpt lon="-4.194891" lat="36.716126"><ele>3.7</ele></trkpt>
   <trkpt lon="-4.195255" lat="36.716112"><ele>3.8</ele></trkpt>
   <trkpt lon="-4.196104" lat="36.716075"><ele>3.6</ele></trkpt>
   <trkpt lon="-4.196701" lat="36.716057"><ele>3.5</ele></trkpt>
   <trkpt lon="-4.197011" lat="36.716052"><ele>3.7</ele></trkpt>
   <trkpt lon="-4.197453" lat="36.716045"><ele>3.7</ele></trkpt>
   <trkpt lon="-4.197647" lat="36.716031"><ele>3.7</ele></trkpt>
   <trkpt lon="-4.197779" lat="36.716014"><ele>3.6</ele></trkpt>
   <trkpt lon="-4.197895" lat="36.715991"><ele>3.6</ele></trkpt>
   <trkpt lon="-4.198446" lat="36.715831"><ele>3.3</ele></trkpt>
   <trkpt lon="-4.198894" lat="36.715706"><ele>3.5</ele></trkpt>
   <trkpt lon="-4.199571" lat="36.715514"><ele>3.2</ele></trkpt>
   <trkpt lon="-4.200195" lat="36.715358"><ele>2.9</ele></trkpt>
   <trkpt lon="-4.200335" lat="36.715321"><ele>3.0</ele></trkpt>
   <trkpt lon="-4.200683" lat="36.715238"><ele>2.7</ele></trkpt>
   <trkpt lon="-4.200870" lat="36.715205"><ele>2.5</ele></trkpt>
   <trkpt lon="-4.201181" lat="36.715156"><ele>2.1</ele></trkpt>
   <trkpt lon="-4.201444" lat="36.715125"><ele>2.1</ele></trkpt>
   <trkpt lon="-4.201717" lat="36.715104"><ele>3.5</ele></trkpt>
   <trkpt lon="-4.201988" lat="36.715095"><ele>4.0</ele></trkpt>
   <trkpt lon="-4.202816" lat="36.715096"><ele>4.0</ele></trkpt>
   <trkpt lon="-4.203087" lat="36.715096"><ele>3.9</ele></trkpt>
   <trkpt lon="-4.203407" lat="36.715098"><ele>3.9</ele></trkpt>
   <trkpt lon="-4.204337" lat="36.715107"><ele>3.9</ele></trkpt>
   <trkpt lon="-4.204744" lat="36.715117"><ele>4.0</ele></trkpt>
   <trkpt lon="-4.205234" lat="36.715113"><ele>4.0</ele></trkpt>
   <trkpt lon="-4.205652" lat="36.715104"><ele>4.2</ele></trkpt>
   <trkpt lon="-4.206226" lat="36.715077"><ele>4.7</ele></trkpt>
   <trkpt lon="-4.206505" lat="36.715046"><ele>3.8</ele></trkpt>
   <trkpt lon="-4.206566" lat="36.715022"><ele>3.5</ele></trkpt>
   <trkpt lon="-4.206637" lat="36.715017"><ele>3.4</ele></trkpt>
   <trkpt lon="-4.206759" lat="36.715007"><ele>3.4</ele></trkpt>
   <trkpt lon="-4.207130" lat="36.714977"><ele>3.8</ele></trkpt>
   <trkpt lon="-4.208212" lat="36.714850"><ele>3.5</ele></trkpt>
   <trkpt lon="-4.209330" lat="36.714715"><ele>2.6</ele></trkpt>
   <trkpt lon="-4.209997" lat="36.714642"><ele>2.6</ele></trkpt>
   <trkpt lon="-4.210408" lat="36.714598"><ele>2.1</ele></trkpt>
   <trkpt lon="-4.211426" lat="36.714496"><ele>2.0</ele></trkpt>
   <trkpt lon="-4.213233" lat="36.714283"><ele>3.0</ele></trkpt>
   <trkpt lon="-4.213397" lat="36.714264"><ele>3.0</ele></trkpt>
   <trkpt lon="-4.214068" lat="36.714191"><ele>2.2</ele></trkpt>
   <trkpt lon="-4.215010" lat="36.714152"><ele>1.6</ele></trkpt>
   <trkpt lon="-4.215970" lat="36.714149"><ele>1.9</ele></trkpt>
   <trkpt lon="-4.217024" lat="36.714149"><ele>5.0</ele></trkpt>
   <trkpt lon="-4.217114" lat="36.714150"><ele>5.0</ele></trkpt>
   <trkpt lon="-4.217197" lat="36.714150"><ele>5.1</ele></trkpt>
   <trkpt lon="-4.217417" lat="36.714145"><ele>5.8</ele></trkpt>
   <trkpt lon="-4.217792" lat="36.714143"><ele>2.7</ele></trkpt>
   <trkpt lon="-4.217919" lat="36.714143"><ele>2.6</ele></trkpt>
   <trkpt lon="-4.218127" lat="36.714119"><ele>2.3</ele></trkpt>
   <trkpt lon="-4.219205" lat="36.713992"><ele>3.0</ele></trkpt>
   <trkpt lon="-4.220371" lat="36.713797"><ele>1.6</ele></trkpt>
   <trkpt lon="-4.220589" lat="36.713767"><ele>1.3</ele></trkpt>
   <trkpt lon="-4.220701" lat="36.713749"><ele>1.4</ele></trkpt>
   <trkpt lon="-4.221082" lat="36.713709"><ele>2.0</ele></trkpt>
   <trkpt lon="-4.221541" lat="36.713658"><ele>2.0</ele></trkpt>
   <trkpt lon="-4.223670" lat="36.713530"><ele>1.7</ele></trkpt>
   <trkpt lon="-4.224350" lat="36.713503"><ele>1.6</ele></trkpt>
   <trkpt lon="-4.224387" lat="36.713500"><ele>1.6</ele></trkpt>
   <trkpt lon="-4.224515" lat="36.713556"><ele>1.9</ele></trkpt>
   <trkpt lon="-4.224535" lat="36.713583"><ele>2.0</ele></trkpt>
   <trkpt lon="-4.224563" lat="36.713605"><ele>2.1</ele></trkpt>
   <trkpt lon="-4.224599" lat="36.713619"><ele>2.2</ele></trkpt>
   <trkpt lon="-4.224638" lat="36.713624"><ele>2.3</ele></trkpt>
   <trkpt lon="-4.224675" lat="36.713620"><ele>2.3</ele></trkpt>
   <trkpt lon="-4.224709" lat="36.713609"><ele>2.2</ele></trkpt>
   <trkpt lon="-4.224738" lat="36.713590"><ele>2.2</ele></trkpt>
   <trkpt lon="-4.224768" lat="36.713551"><ele>2.0</ele></trkpt>
   <trkpt lon="-4.224928" lat="36.713468"><ele>2.0</ele></trkpt>
   <trkpt lon="-4.224963" lat="36.713468"><ele>2.1</ele></trkpt>
   <trkpt lon="-4.225424" lat="36.713452"><ele>2.1</ele></trkpt>
   <trkpt lon="-4.225862" lat="36.713429"><ele>2.1</ele></trkpt>
   <trkpt lon="-4.226228" lat="36.713413"><ele>2.0</ele></trkpt>
   <trkpt lon="-4.227177" lat="36.713367"><ele>3.0</ele></trkpt>
   <trkpt lon="-4.227578" lat="36.713372"><ele>3.0</ele></trkpt>
   <trkpt lon="-4.227915" lat="36.713431"><ele>3.1</ele></trkpt>
   <trkpt lon="-4.228237" lat="36.713531"><ele>4.0</ele></trkpt>
   <trkpt lon="-4.228537" lat="36.713669"><ele>4.8</ele></trkpt>
   <trkpt lon="-4.228729" lat="36.713788"><ele>5.1</ele></trkpt>
   <trkpt lon="-4.228920" lat="36.713801"><ele>5.6</ele></trkpt>
   <trkpt lon="-4.229017" lat="36.713794"><ele>5.9</ele></trkpt>
   <trkpt lon="-4.229109" lat="36.713770"><ele>6.1</ele></trkpt>
   <trkpt lon="-4.229232" lat="36.713696"><ele>5.8</ele></trkpt>
   <trkpt lon="-4.229259" lat="36.713675"><ele>5.8</ele></trkpt>
   <trkpt lon="-4.229324" lat="36.713605"><ele>5.6</ele></trkpt>
   <trkpt lon="-4.229405" lat="36.713502"><ele>5.3</ele></trkpt>
   <trkpt lon="-4.229486" lat="36.713412"><ele>5.0</ele></trkpt>
   <trkpt lon="-4.229589" lat="36.713342"><ele>4.6</ele></trkpt>
   <trkpt lon="-4.229713" lat="36.713282"><ele>4.7</ele></trkpt>
   <trkpt lon="-4.229879" lat="36.713244"><ele>5.0</ele></trkpt>
   <trkpt lon="-4.230318" lat="36.713212"><ele>5.0</ele></trkpt>
   <trkpt lon="-4.230615" lat="36.713205"><ele>4.2</ele></trkpt>
   <trkpt lon="-4.230707" lat="36.713202"><ele>4.0</ele></trkpt>
   <trkpt lon="-4.230985" lat="36.713183"><ele>3.9</ele></trkpt>
   <trkpt lon="-4.231219" lat="36.713166"><ele>3.9</ele></trkpt>
   <trkpt lon="-4.231431" lat="36.713155"><ele>3.8</ele></trkpt>
   <trkpt lon="-4.232662" lat="36.713078"><ele>4.1</ele></trkpt>
   <trkpt lon="-4.232892" lat="36.713064"><ele>4.1</ele></trkpt>
   <trkpt lon="-4.234376" lat="36.712973"><ele>3.7</ele></trkpt>
   <trkpt lon="-4.234420" lat="36.712970"><ele>3.6</ele></trkpt>
   <trkpt lon="-4.235648" lat="36.712898"><ele>4.0</ele></trkpt>
   <trkpt lon="-4.235594" lat="36.712442"><ele>3.0</ele></trkpt>
   <trkpt lon="-4.235948" lat="36.712411"><ele>3.0</ele></trkpt>
   <trkpt lon="-4.236474" lat="36.712401"><ele>4.0</ele></trkpt>
   <trkpt lon="-4.236965" lat="36.712370"><ele>1.0</ele></trkpt>
   <trkpt lon="-4.238818" lat="36.712095"><ele>1.6</ele></trkpt>
   <trkpt lon="-4.239513" lat="36.711998"><ele>1.5</ele></trkpt>
   <trkpt lon="-4.239613" lat="36.712000"><ele>1.8</ele></trkpt>
   <trkpt lon="-4.239653" lat="36.711984"><ele>1.9</ele></trkpt>
   <trkpt lon="-4.240357" lat="36.711888"><ele>2.1</ele></trkpt>
   <trkpt lon="-4.240573" lat="36.711850"><ele>1.9</ele></trkpt>
   <trkpt lon="-4.240605" lat="36.711840"><ele>1.8</ele></trkpt>
   <trkpt lon="-4.240676" lat="36.711830"><ele>1.8</ele></trkpt>
   <trkpt lon="-4.241071" lat="36.711760"><ele>1.4</ele></trkpt>
   <trkpt lon="-4.241442" lat="36.711714"><ele>2.0</ele></trkpt>
   <trkpt lon="-4.241951" lat="36.711623"><ele>2.0</ele></trkpt>
   <trkpt lon="-4.242442" lat="36.711554"><ele>2.1</ele></trkpt>
   <trkpt lon="-4.242675" lat="36.711513"><ele>2.8</ele></trkpt>
   <trkpt lon="-4.242919" lat="36.711458"><ele>1.9</ele></trkpt>
   <trkpt lon="-4.243399" lat="36.711394"><ele>1.3</ele></trkpt>
   <trkpt lon="-4.243831" lat="36.711324"><ele>1.1</ele></trkpt>
   <trkpt lon="-4.244099" lat="36.711291"><ele>1.9</ele></trkpt>
   <trkpt lon="-4.244396" lat="36.711271"><ele>2.0</ele></trkpt>
   <trkpt lon="-4.244698" lat="36.711252"><ele>2.0</ele></trkpt>
   <trkpt lon="-4.244912" lat="36.711238"><ele>2.0</ele></trkpt>
   <trkpt lon="-4.245802" lat="36.711163"><ele>3.0</ele></trkpt>
   <trkpt lon="-4.246046" lat="36.711144"><ele>2.0</ele></trkpt>
   <trkpt lon="-4.246446" lat="36.711099"><ele>1.5</ele></trkpt>
   <trkpt lon="-4.246647" lat="36.711058"><ele>1.6</ele></trkpt>
   <trkpt lon="-4.246790" lat="36.711042"><ele>1.9</ele></trkpt>
   <trkpt lon="-4.247232" lat="36.710998"><ele>2.1</ele></trkpt>
   <trkpt lon="-4.247773" lat="36.710931"><ele>3.0</ele></trkpt>
   <trkpt lon="-4.248186" lat="36.710879"><ele>2.2</ele></trkpt>
   <trkpt lon="-4.248294" lat="36.710868"><ele>2.1</ele></trkpt>
   <trkpt lon="-4.249382" lat="36.710891"><ele>2.3</ele></trkpt>
   <trkpt lon="-4.250095" lat="36.710920"><ele>2.1</ele></trkpt>
   <trkpt lon="-4.250669" lat="36.710944"><ele>2.6</ele></trkpt>
   <trkpt lon="-4.251381" lat="36.710975"><ele>2.8</ele></trkpt>
   <trkpt lon="-4.251510" lat="36.710981"><ele>2.8</ele></trkpt>
   <trkpt lon="-4.252667" lat="36.711087"><ele>2.2</ele></trkpt>
   <trkpt lon="-4.253690" lat="36.711199"><ele>2.5</ele></trkpt>
   <trkpt lon="-4.254421" lat="36.711235"><ele>2.2</ele></trkpt>
   <trkpt lon="-4.255250" lat="36.711249"><ele>2.0</ele></trkpt>
   <trkpt lon="-4.256384" lat="36.711298"><ele>1.8</ele></trkpt>
   <trkpt lon="-4.257523" lat="36.711317"><ele>1.9</ele></trkpt>
   <trkpt lon="-4.258304" lat="36.711344"><ele>2.0</ele></trkpt>
   <trkpt lon="-4.258932" lat="36.711390"><ele>2.1</ele></trkpt>
   <trkpt lon="-4.259345" lat="36.711440"><ele>2.2</ele></trkpt>
   <trkpt lon="-4.259576" lat="36.711458"><ele>2.3</ele></trkpt>
   <trkpt lon="-4.260225" lat="36.711510"><ele>2.4</ele></trkpt>
   <trkpt lon="-4.261268" lat="36.711629"><ele>1.9</ele></trkpt>
   <trkpt lon="-4.263753" lat="36.711958"><ele>2.8</ele></trkpt>
   <trkpt lon="-4.265376" lat="36.712136"><ele>2.3</ele></trkpt>
   <trkpt lon="-4.266614" lat="36.712296"><ele>2.5</ele></trkpt>
   <trkpt lon="-4.267375" lat="36.712415"><ele>2.1</ele></trkpt>
   <trkpt lon="-4.268278" lat="36.712539"><ele>2.9</ele></trkpt>
   <trkpt lon="-4.268535" lat="36.712551"><ele>2.7</ele></trkpt>
   <trkpt lon="-4.268870" lat="36.712590"><ele>2.4</ele></trkpt>
   <trkpt lon="-4.269696" lat="36.712752"><ele>3.1</ele></trkpt>
   <trkpt lon="-4.270163" lat="36.712812"><ele>3.0</ele></trkpt>
   <trkpt lon="-4.270511" lat="36.712892"><ele>3.0</ele></trkpt>
   <trkpt lon="-4.270609" lat="36.712915"><ele>3.1</ele></trkpt>
   <trkpt lon="-4.270738" lat="36.712873"><ele>2.9</ele></trkpt>
   <trkpt lon="-4.271126" lat="36.712928"><ele>2.6</ele></trkpt>
   <trkpt lon="-4.271956" lat="36.713047"><ele>2.4</ele></trkpt>
   <trkpt lon="-4.272540" lat="36.713127"><ele>2.2</ele></trkpt>
   <trkpt lon="-4.272587" lat="36.713116"><ele>2.1</ele></trkpt>
   <trkpt lon="-4.272606" lat="36.713101"><ele>2.1</ele></trkpt>
   <trkpt lon="-4.272646" lat="36.712997"><ele>2.0</ele></trkpt>
   <trkpt lon="-4.272663" lat="36.712973"><ele>2.0</ele></trkpt>
   <trkpt lon="-4.272710" lat="36.712968"><ele>2.0</ele></trkpt>
   <trkpt lon="-4.272981" lat="36.713018"><ele>2.0</ele></trkpt>
   <trkpt lon="-4.273010" lat="36.713026"><ele>2.0</ele></trkpt>
   <trkpt lon="-4.273047" lat="36.713052"><ele>2.0</ele></trkpt>
   <trkpt lon="-4.273121" lat="36.713163"><ele>2.3</ele></trkpt>
   <trkpt lon="-4.273143" lat="36.713185"><ele>2.4</ele></trkpt>
   <trkpt lon="-4.273162" lat="36.713197"><ele>2.4</ele></trkpt>
   <trkpt lon="-4.273210" lat="36.713212"><ele>2.4</ele></trkpt>
   <trkpt lon="-4.274073" lat="36.713337"><ele>2.9</ele></trkpt>
   <trkpt lon="-4.275196" lat="36.713479"><ele>2.4</ele></trkpt>
   <trkpt lon="-4.275409" lat="36.713430"><ele>1.5</ele></trkpt>
   <trkpt lon="-4.275525" lat="36.713439"><ele>1.2</ele></trkpt>
   <trkpt lon="-4.275691" lat="36.713545"><ele>1.8</ele></trkpt>
   <trkpt lon="-4.277081" lat="36.713727"><ele>2.0</ele></trkpt>
   <trkpt lon="-4.277192" lat="36.713659"><ele>2.0</ele></trkpt>
   <trkpt lon="-4.277271" lat="36.713635"><ele>2.0</ele></trkpt>
   <trkpt lon="-4.277557" lat="36.713670"><ele>2.0</ele></trkpt>
   <trkpt lon="-4.277623" lat="36.713695"><ele>2.0</ele></trkpt>
   <trkpt lon="-4.277815" lat="36.713828"><ele>2.2</ele></trkpt>
   <trkpt lon="-4.279228" lat="36.714034"><ele>2.7</ele></trkpt>
   <trkpt lon="-4.279492" lat="36.713970"><ele>2.3</ele></trkpt>
   <trkpt lon="-4.280056" lat="36.714057"><ele>2.0</ele></trkpt>
   <trkpt lon="-4.280413" lat="36.714199"><ele>2.3</ele></trkpt>
   <trkpt lon="-4.281225" lat="36.714311"><ele>2.3</ele></trkpt>
   <trkpt lon="-4.282165" lat="36.714442"><ele>2.0</ele></trkpt>
   <trkpt lon="-4.282556" lat="36.714463"><ele>2.1</ele></trkpt>
   <trkpt lon="-4.283225" lat="36.714542"><ele>2.3</ele></trkpt>
   <trkpt lon="-4.283411" lat="36.714569"><ele>2.4</ele></trkpt>
   <trkpt lon="-4.283639" lat="36.714613"><ele>2.5</ele></trkpt>
   <trkpt lon="-4.284328" lat="36.714696"><ele>2.5</ele></trkpt>
   <trkpt lon="-4.285221" lat="36.714785"><ele>3.0</ele></trkpt>
   <trkpt lon="-4.285435" lat="36.714781"><ele>3.0</ele></trkpt>
   <trkpt lon="-4.285737" lat="36.714801"><ele>2.3</ele></trkpt>
   <trkpt lon="-4.285897" lat="36.714862"><ele>2.5</ele></trkpt>
   <trkpt lon="-4.286139" lat="36.714896"><ele>2.7</ele></trkpt>
   <trkpt lon="-4.286763" lat="36.714962"><ele>2.5</ele></trkpt>
   <trkpt lon="-4.287194" lat="36.714999"><ele>2.7</ele></trkpt>
   <trkpt lon="-4.287326" lat="36.714930"><ele>2.5</ele></trkpt>
   <trkpt lon="-4.287678" lat="36.714947"><ele>2.2</ele></trkpt>
   <trkpt lon="-4.287766" lat="36.715016"><ele>2.1</ele></trkpt>
   <trkpt lon="-4.289333" lat="36.714989"><ele>2.6</ele></trkpt>
   <trkpt lon="-4.290522" lat="36.714955"><ele>2.1</ele></trkpt>
   <trkpt lon="-4.291505" lat="36.714943"><ele>2.0</ele></trkpt>
   <trkpt lon="-4.292179" lat="36.714911"><ele>1.8</ele></trkpt>
   <trkpt lon="-4.292468" lat="36.714888"><ele>1.7</ele></trkpt>
   <trkpt lon="-4.293042" lat="36.714841"><ele>2.2</ele></trkpt>
   <trkpt lon="-4.293118" lat="36.714862"><ele>2.3</ele></trkpt>
   <trkpt lon="-4.293155" lat="36.714870"><ele>2.3</ele></trkpt>
   <trkpt lon="-4.293311" lat="36.714835"><ele>2.2</ele></trkpt>
   <trkpt lon="-4.293457" lat="36.714788"><ele>2.0</ele></trkpt>
   <trkpt lon="-4.293740" lat="36.714660"><ele>1.7</ele></trkpt>
   <trkpt lon="-4.293854" lat="36.714586"><ele>1.6</ele></trkpt>
   <trkpt lon="-4.294384" lat="36.714197"><ele>7.5</ele></trkpt>
   <trkpt lon="-4.294864" lat="36.713840"><ele>20.6</ele></trkpt>
   <trkpt lon="-4.294948" lat="36.713777"><ele>22.9</ele></trkpt>
   <trkpt lon="-4.295758" lat="36.713173"><ele>12.7</ele></trkpt>
   <trkpt lon="-4.295922" lat="36.713072"><ele>8.5</ele></trkpt>
   <trkpt lon="-4.296114" lat="36.712987"><ele>8.3</ele></trkpt>
   <trkpt lon="-4.296329" lat="36.712923"><ele>8.9</ele></trkpt>
   <trkpt lon="-4.296550" lat="36.712877"><ele>11.3</ele></trkpt>
   <trkpt lon="-4.296845" lat="36.712860"><ele>13.9</ele></trkpt>
   <trkpt lon="-4.297113" lat="36.712887"><ele>14.6</ele></trkpt>
   <trkpt lon="-4.297423" lat="36.712930"><ele>13.1</ele></trkpt>
   <trkpt lon="-4.298387" lat="36.713145"><ele>17.0</ele></trkpt>
   <trkpt lon="-4.298568" lat="36.713180"><ele>17.3</ele></trkpt>
   <trkpt lon="-4.298753" lat="36.713220"><ele>15.9</ele></trkpt>
   <trkpt lon="-4.298935" lat="36.713255"><ele>13.8</ele></trkpt>
   <trkpt lon="-4.299889" lat="36.713506"><ele>14.3</ele></trkpt>
   <trkpt lon="-4.300298" lat="36.713676"><ele>13.6</ele></trkpt>
   <trkpt lon="-4.300314" lat="36.713760"><ele>13.3</ele></trkpt>
   <trkpt lon="-4.300663" lat="36.713974"><ele>6.8</ele></trkpt>
   <trkpt lon="-4.300837" lat="36.714207"><ele>3.4</ele></trkpt>
   <trkpt lon="-4.300870" lat="36.714212"><ele>3.3</ele></trkpt>
   <trkpt lon="-4.300942" lat="36.714220"><ele>2.9</ele></trkpt>
   <trkpt lon="-4.300971" lat="36.714248"><ele>2.7</ele></trkpt>
   <trkpt lon="-4.301370" lat="36.714500"><ele>2.0</ele></trkpt>
   <trkpt lon="-4.301598" lat="36.714568"><ele>2.0</ele></trkpt>
   <trkpt lon="-4.301823" lat="36.714615"><ele>2.0</ele></trkpt>
   <trkpt lon="-4.302088" lat="36.714628"><ele>2.1</ele></trkpt>
   <trkpt lon="-4.302575" lat="36.714499"><ele>2.2</ele></trkpt>
   <trkpt lon="-4.302743" lat="36.714469"><ele>2.1</ele></trkpt>
   <trkpt lon="-4.303113" lat="36.714506"><ele>1.6</ele></trkpt>
   <trkpt lon="-4.303131" lat="36.714530"><ele>1.7</ele></trkpt>
   <trkpt lon="-4.303122" lat="36.714602"><ele>2.1</ele></trkpt>
   <trkpt lon="-4.303147" lat="36.714636"><ele>2.3</ele></trkpt>
   <trkpt lon="-4.303184" lat="36.714653"><ele>2.3</ele></trkpt>
   <trkpt lon="-4.304325" lat="36.714718"><ele>2.8</ele></trkpt>
   <trkpt lon="-4.304635" lat="36.714573"><ele>2.4</ele></trkpt>
   <trkpt lon="-4.304746" lat="36.714534"><ele>2.3</ele></trkpt>
   <trkpt lon="-4.304890" lat="36.714533"><ele>2.3</ele></trkpt>
   <trkpt lon="-4.305201" lat="36.714562"><ele>2.4</ele></trkpt>
   <trkpt lon="-4.305551" lat="36.714570"><ele>2.4</ele></trkpt>
   <trkpt lon="-4.305584" lat="36.714603"><ele>2.5</ele></trkpt>
   <trkpt lon="-4.305627" lat="36.714684"><ele>2.7</ele></trkpt>
   <trkpt lon="-4.305665" lat="36.714717"><ele>2.8</ele></trkpt>
   <trkpt lon="-4.305773" lat="36.714737"><ele>2.9</ele></trkpt>
   <trkpt lon="-4.306327" lat="36.714689"><ele>2.8</ele></trkpt>
   <trkpt lon="-4.306681" lat="36.714679"><ele>2.7</ele></trkpt>
   <trkpt lon="-4.306884" lat="36.714658"><ele>2.7</ele></trkpt>
   <trkpt lon="-4.307116" lat="36.714512"><ele>2.2</ele></trkpt>
   <trkpt lon="-4.307487" lat="36.714404"><ele>2.0</ele></trkpt>
   <trkpt lon="-4.307578" lat="36.714413"><ele>2.0</ele></trkpt>
   <trkpt lon="-4.307746" lat="36.714452"><ele>2.4</ele></trkpt>
   <trkpt lon="-4.308246" lat="36.714357"><ele>2.8</ele></trkpt>
   <trkpt lon="-4.308475" lat="36.714263"><ele>2.5</ele></trkpt>
   <trkpt lon="-4.308749" lat="36.714127"><ele>2.1</ele></trkpt>
   <trkpt lon="-4.308975" lat="36.714117"><ele>2.1</ele></trkpt>
   <trkpt lon="-4.309242" lat="36.714108"><ele>2.1</ele></trkpt>
   <trkpt lon="-4.310839" lat="36.713771"><ele>1.1</ele></trkpt>
   <trkpt lon="-4.311989" lat="36.713564"><ele>0.9</ele></trkpt>
   <trkpt lon="-4.313281" lat="36.713407"><ele>1.0</ele></trkpt>
   <trkpt lon="-4.314158" lat="36.713314"><ele>1.5</ele></trkpt>
   <trkpt lon="-4.314679" lat="36.713270"><ele>2.0</ele></trkpt>
   <trkpt lon="-4.314706" lat="36.713291"><ele>2.2</ele></trkpt>
   <trkpt lon="-4.315120" lat="36.713268"><ele>3.2</ele></trkpt>
   <trkpt lon="-4.315881" lat="36.713217"><ele>1.6</ele></trkpt>
   <trkpt lon="-4.315975" lat="36.713205"><ele>1.9</ele></trkpt>
   <trkpt lon="-4.316836" lat="36.713151"><ele>3.5</ele></trkpt>
   <trkpt lon="-4.317586" lat="36.713024"><ele>3.0</ele></trkpt>
   <trkpt lon="-4.317787" lat="36.712985"><ele>3.0</ele></trkpt>
   <trkpt lon="-4.318050" lat="36.712935"><ele>3.0</ele></trkpt>
   <trkpt lon="-4.318359" lat="36.712767"><ele>4.4</ele></trkpt>
   <trkpt lon="-4.318665" lat="36.712687"><ele>0.9</ele></trkpt>
   <trkpt lon="-4.319142" lat="36.712628"><ele>1.0</ele></trkpt>
   <trkpt lon="-4.320252" lat="36.712559"><ele>2.0</ele></trkpt>
   <trkpt lon="-4.321184" lat="36.712487"><ele>3.6</ele></trkpt>
   <trkpt lon="-4.322050" lat="36.712462"><ele>6.7</ele></trkpt>
   <trkpt lon="-4.322237" lat="36.712476"><ele>6.2</ele></trkpt>
   <trkpt lon="-4.322268" lat="36.712494"><ele>6.1</ele></trkpt>
   <trkpt lon="-4.322336" lat="36.712496"><ele>6.0</ele></trkpt>
   <trkpt lon="-4.322668" lat="36.712547"><ele>5.8</ele></trkpt>
   <trkpt lon="-4.322969" lat="36.712608"><ele>4.1</ele></trkpt>
   <trkpt lon="-4.323197" lat="36.712688"><ele>2.1</ele></trkpt>
   <trkpt lon="-4.323168" lat="36.712722"><ele>2.3</ele></trkpt>
   <trkpt lon="-4.323344" lat="36.712811"><ele>1.8</ele></trkpt>
   <trkpt lon="-4.323603" lat="36.712924"><ele>2.9</ele></trkpt>
   <trkpt lon="-4.323893" lat="36.713029"><ele>2.8</ele></trkpt>
   <trkpt lon="-4.324203" lat="36.713104"><ele>3.2</ele></trkpt>
   <trkpt lon="-4.324504" lat="36.713137"><ele>3.4</ele></trkpt>
   <trkpt lon="-4.325044" lat="36.713170"><ele>3.6</ele></trkpt>
   <trkpt lon="-4.325562" lat="36.713211"><ele>3.8</ele></trkpt>
   <trkpt lon="-4.325753" lat="36.713197"><ele>4.0</ele></trkpt>
   <trkpt lon="-4.325823" lat="36.713151"><ele>4.1</ele></trkpt>
   <trkpt lon="-4.325871" lat="36.713166"><ele>4.1</ele></trkpt>
   <trkpt lon="-4.325923" lat="36.713157"><ele>4.2</ele></trkpt>
   <trkpt lon="-4.325939" lat="36.713146"><ele>4.2</ele></trkpt>
   <trkpt lon="-4.326005" lat="36.713174"><ele>4.3</ele></trkpt>
   <trkpt lon="-4.326129" lat="36.713194"><ele>4.6</ele></trkpt>
   <trkpt lon="-4.326566" lat="36.713212"><ele>5.4</ele></trkpt>
   <trkpt lon="-4.327083" lat="36.713232"><ele>6.0</ele></trkpt>
   <trkpt lon="-4.327313" lat="36.713241"><ele>7.0</ele></trkpt>
   <trkpt lon="-4.327569" lat="36.713253"><ele>8.8</ele></trkpt>
   <trkpt lon="-4.327894" lat="36.713254"><ele>11.1</ele></trkpt>
   <trkpt lon="-4.328095" lat="36.713271"><ele>12.0</ele></trkpt>
   <trkpt lon="-4.328225" lat="36.713291"><ele>11.2</ele></trkpt>
   <trkpt lon="-4.328310" lat="36.713332"><ele>10.3</ele></trkpt>
   <trkpt lon="-4.328566" lat="36.713361"><ele>8.3</ele></trkpt>
   <trkpt lon="-4.328756" lat="36.713377"><ele>6.3</ele></trkpt>
   <trkpt lon="-4.328774" lat="36.713393"><ele>6.1</ele></trkpt>
   <trkpt lon="-4.330568" lat="36.713499"><ele>1.9</ele></trkpt>
   <trkpt lon="-4.330729" lat="36.713477"><ele>2.4</ele></trkpt>
   <trkpt lon="-4.331283" lat="36.713477"><ele>3.2</ele></trkpt>
   <trkpt lon="-4.331548" lat="36.713437"><ele>2.6</ele></trkpt>
   <trkpt lon="-4.331588" lat="36.713416"><ele>2.8</ele></trkpt>
   <trkpt lon="-4.331661" lat="36.713395"><ele>3.3</ele></trkpt>
   <trkpt lon="-4.331702" lat="36.713406"><ele>3.7</ele></trkpt>
   <trkpt lon="-4.331742" lat="36.713429"><ele>4.2</ele></trkpt>
   <trkpt lon="-4.331859" lat="36.713434"><ele>5.2</ele></trkpt>
   <trkpt lon="-4.332043" lat="36.713397"><ele>6.1</ele></trkpt>
   <trkpt lon="-4.332175" lat="36.713347"><ele>6.9</ele></trkpt>
   <trkpt lon="-4.332356" lat="36.713156"><ele>8.9</ele></trkpt>
   <trkpt lon="-4.332440" lat="36.713100"><ele>9.9</ele></trkpt>
   <trkpt lon="-4.332533" lat="36.713075"><ele>10.9</ele></trkpt>
   <trkpt lon="-4.333164" lat="36.712965"><ele>5.7</ele></trkpt>
   <trkpt lon="-4.333264" lat="36.712961"><ele>6.3</ele></trkpt>
   <trkpt lon="-4.333366" lat="36.712967"><ele>6.8</ele></trkpt>
   <trkpt lon="-4.333509" lat="36.713035"><ele>7.7</ele></trkpt>
   <trkpt lon="-4.333613" lat="36.713128"><ele>9.9</ele></trkpt>
   <trkpt lon="-4.333908" lat="36.713574"><ele>17.3</ele></trkpt>
   <trkpt lon="-4.333978" lat="36.713633"><ele>16.7</ele></trkpt>
   <trkpt lon="-4.334182" lat="36.713688"><ele>12.0</ele></trkpt>
   <trkpt lon="-4.334532" lat="36.713752"><ele>6.8</ele></trkpt>
   <trkpt lon="-4.334852" lat="36.713813"><ele>6.4</ele></trkpt>
   <trkpt lon="-4.335464" lat="36.713926"><ele>8.1</ele></trkpt>
   <trkpt lon="-4.335693" lat="36.713933"><ele>9.0</ele></trkpt>
   <trkpt lon="-4.335895" lat="36.713893"><ele>9.5</ele></trkpt>
   <trkpt lon="-4.336097" lat="36.713834"><ele>9.9</ele></trkpt>
   <trkpt lon="-4.336849" lat="36.713269"><ele>8.2</ele></trkpt>
   <trkpt lon="-4.337213" lat="36.712877"><ele>6.1</ele></trkpt>
   <trkpt lon="-4.337388" lat="36.712821"><ele>7.8</ele></trkpt>
   <trkpt lon="-4.337620" lat="36.712827"><ele>10.6</ele></trkpt>
   <trkpt lon="-4.338239" lat="36.712980"><ele>10.6</ele></trkpt>
   <trkpt lon="-4.339115" lat="36.712962"><ele>6.0</ele></trkpt>
   <trkpt lon="-4.339398" lat="36.712887"><ele>6.0</ele></trkpt>
   <trkpt lon="-4.339468" lat="36.712872"><ele>6.0</ele></trkpt>
   <trkpt lon="-4.339806" lat="36.712917"><ele>5.7</ele></trkpt>
   <trkpt lon="-4.340225" lat="36.713046"><ele>4.0</ele></trkpt>
   <trkpt lon="-4.340514" lat="36.713168"><ele>4.7</ele></trkpt>
   <trkpt lon="-4.340770" lat="36.713265"><ele>5.8</ele></trkpt>
   <trkpt lon="-4.340931" lat="36.713312"><ele>4.8</ele></trkpt>
   <trkpt lon="-4.342102" lat="36.713593"><ele>5.0</ele></trkpt>
   <trkpt lon="-4.342293" lat="36.713644"><ele>4.4</ele></trkpt>
   <trkpt lon="-4.342876" lat="36.713913"><ele>4.5</ele></trkpt>
   <trkpt lon="-4.343007" lat="36.714011"><ele>5.1</ele></trkpt>
   <trkpt lon="-4.343194" lat="36.714346"><ele>6.1</ele></trkpt>
   <trkpt lon="-4.343642" lat="36.714601"><ele>6.1</ele></trkpt>
   <trkpt lon="-4.344040" lat="36.714745"><ele>4.4</ele></trkpt>
   <trkpt lon="-4.344410" lat="36.714872"><ele>4.1</ele></trkpt>
   <trkpt lon="-4.345300" lat="36.715115"><ele>3.0</ele></trkpt>
   <trkpt lon="-4.345731" lat="36.715225"><ele>6.3</ele></trkpt>
   <trkpt lon="-4.345963" lat="36.715327"><ele>4.7</ele></trkpt>
   <trkpt lon="-4.346212" lat="36.715457"><ele>5.0</ele></trkpt>
   <trkpt lon="-4.346360" lat="36.715601"><ele>7.5</ele></trkpt>
   <trkpt lon="-4.346446" lat="36.715637"><ele>7.2</ele></trkpt>
   <trkpt lon="-4.346476" lat="36.715695"><ele>7.7</ele></trkpt>
   <trkpt lon="-4.347011" lat="36.716423"><ele>7.1</ele></trkpt>
   <trkpt lon="-4.347150" lat="36.716595"><ele>7.3</ele></trkpt>
   <trkpt lon="-4.347282" lat="36.716713"><ele>6.9</ele></trkpt>
   <trkpt lon="-4.347372" lat="36.716784"><ele>6.4</ele></trkpt>
   <trkpt lon="-4.347583" lat="36.716952"><ele>5.0</ele></trkpt>
   <trkpt lon="-4.347962" lat="36.717127"><ele>4.5</ele></trkpt>
   <trkpt lon="-4.348100" lat="36.717175"><ele>4.4</ele></trkpt>
   <trkpt lon="-4.348257" lat="36.717217"><ele>4.0</ele></trkpt>
   <trkpt lon="-4.348568" lat="36.717279"><ele>3.4</ele></trkpt>
   <trkpt lon="-4.348723" lat="36.717377"><ele>3.2</ele></trkpt>
   <trkpt lon="-4.348698" lat="36.717483"><ele>3.6</ele></trkpt>
   <trkpt lon="-4.348594" lat="36.717926"><ele>4.7</ele></trkpt>
   <trkpt lon="-4.348583" lat="36.717973"><ele>5.1</ele></trkpt>
   <trkpt lon="-4.348747" lat="36.718013"><ele>5.0</ele></trkpt>
   <trkpt lon="-4.349041" lat="36.718089"><ele>4.7</ele></trkpt>
   <trkpt lon="-4.349230" lat="36.718135"><ele>4.8</ele></trkpt>
   <trkpt lon="-4.349552" lat="36.718214"><ele>4.5</ele></trkpt>
   <trkpt lon="-4.349685" lat="36.718248"><ele>4.8</ele></trkpt>
   <trkpt lon="-4.349777" lat="36.718272"><ele>5.1</ele></trkpt>
   <trkpt lon="-4.349946" lat="36.718315"><ele>5.5</ele></trkpt>
   <trkpt lon="-4.350145" lat="36.718379"><ele>5.7</ele></trkpt>
   <trkpt lon="-4.350263" lat="36.718430"><ele>6.1</ele></trkpt>
   <trkpt lon="-4.350363" lat="36.718473"><ele>6.1</ele></trkpt>
   <trkpt lon="-4.350594" lat="36.718518"><ele>5.2</ele></trkpt>
   <trkpt lon="-4.350641" lat="36.718528"><ele>5.0</ele></trkpt>
   <trkpt lon="-4.350707" lat="36.718531"><ele>5.0</ele></trkpt>
   <trkpt lon="-4.350982" lat="36.718534"><ele>5.0</ele></trkpt>
   <trkpt lon="-4.351245" lat="36.718588"><ele>5.5</ele></trkpt>
   <trkpt lon="-4.351955" lat="36.718880"><ele>8.0</ele></trkpt>
   <trkpt lon="-4.352060" lat="36.718912"><ele>7.9</ele></trkpt>
   <trkpt lon="-4.351791" lat="36.719294"><ele>10.2</ele></trkpt>
   <trkpt lon="-4.351655" lat="36.719486"><ele>11.0</ele></trkpt>
   <trkpt lon="-4.351527" lat="36.719666"><ele>10.8</ele></trkpt>
   <trkpt lon="-4.351642" lat="36.719720"><ele>10.5</ele></trkpt>
   <trkpt lon="-4.351845" lat="36.719819"><ele>10.0</ele></trkpt>
   <trkpt lon="-4.351929" lat="36.719858"><ele>9.9</ele></trkpt>
   <trkpt lon="-4.352351" lat="36.720038"><ele>9.4</ele></trkpt>
   <trkpt lon="-4.352579" lat="36.720109"><ele>9.4</ele></trkpt>
   <trkpt lon="-4.352840" lat="36.720148"><ele>9.5</ele></trkpt>
   <trkpt lon="-4.353163" lat="36.720171"><ele>9.3</ele></trkpt>
   <trkpt lon="-4.353249" lat="36.720176"><ele>9.1</ele></trkpt>
   <trkpt lon="-4.353458" lat="36.720197"><ele>8.6</ele></trkpt>
   <trkpt lon="-4.353897" lat="36.720263"><ele>7.6</ele></trkpt>
   <trkpt lon="-4.353922" lat="36.720267"><ele>7.5</ele></trkpt>
   <trkpt lon="-4.354329" lat="36.720325"><ele>7.1</ele></trkpt>
   <trkpt lon="-4.355180" lat="36.720432"><ele>5.0</ele></trkpt>
   <trkpt lon="-4.355270" lat="36.720445"><ele>4.9</ele></trkpt>
   <trkpt lon="-4.355312" lat="36.720451"><ele>4.8</ele></trkpt>
   <trkpt lon="-4.355350" lat="36.720458"><ele>4.8</ele></trkpt>
   <trkpt lon="-4.355753" lat="36.720520"><ele>4.8</ele></trkpt>
   <trkpt lon="-4.356260" lat="36.720600"><ele>5.3</ele></trkpt>
   <trkpt lon="-4.356373" lat="36.720618"><ele>5.4</ele></trkpt>
   <trkpt lon="-4.356478" lat="36.720641"><ele>5.5</ele></trkpt>
   <trkpt lon="-4.356826" lat="36.720718"><ele>5.8</ele></trkpt>
   <trkpt lon="-4.357283" lat="36.720818"><ele>5.4</ele></trkpt>
   <trkpt lon="-4.357628" lat="36.720853"><ele>5.0</ele></trkpt>
   <trkpt lon="-4.358010" lat="36.720892"><ele>5.0</ele></trkpt>
   <trkpt lon="-4.358077" lat="36.720899"><ele>5.0</ele></trkpt>
   <trkpt lon="-4.358296" lat="36.720916"><ele>5.0</ele></trkpt>
   <trkpt lon="-4.359046" lat="36.721001"><ele>5.2</ele></trkpt>
   <trkpt lon="-4.359200" lat="36.721018"><ele>5.3</ele></trkpt>
   <trkpt lon="-4.359935" lat="36.721091"><ele>5.8</ele></trkpt>
   <trkpt lon="-4.360079" lat="36.721101"><ele>6.2</ele></trkpt>
   <trkpt lon="-4.360276" lat="36.721111"><ele>6.6</ele></trkpt>
   <trkpt lon="-4.360466" lat="36.721117"><ele>6.6</ele></trkpt>
   <trkpt lon="-4.360819" lat="36.721125"><ele>5.8</ele></trkpt>
   <trkpt lon="-4.360874" lat="36.721127"><ele>5.6</ele></trkpt>
   <trkpt lon="-4.361215" lat="36.721137"><ele>6.3</ele></trkpt>
   <trkpt lon="-4.361329" lat="36.721143"><ele>6.3</ele></trkpt>
   <trkpt lon="-4.361426" lat="36.721147"><ele>6.3</ele></trkpt>
   <trkpt lon="-4.361526" lat="36.721151"><ele>6.4</ele></trkpt>
   <trkpt lon="-4.361929" lat="36.721190"><ele>6.5</ele></trkpt>
   <trkpt lon="-4.362425" lat="36.721300"><ele>6.3</ele></trkpt>
   <trkpt lon="-4.362934" lat="36.721464"><ele>7.2</ele></trkpt>
   <trkpt lon="-4.363062" lat="36.721510"><ele>7.1</ele></trkpt>
   <trkpt lon="-4.363803" lat="36.721777"><ele>7.0</ele></trkpt>
   <trkpt lon="-4.364157" lat="36.721875"><ele>7.6</ele></trkpt>
   <trkpt lon="-4.364287" lat="36.721906"><ele>7.8</ele></trkpt>
   <trkpt lon="-4.364854" lat="36.722031"><ele>8.4</ele></trkpt>
   <trkpt lon="-4.364970" lat="36.722053"><ele>8.7</ele></trkpt>
   <trkpt lon="-4.365269" lat="36.722109"><ele>9.4</ele></trkpt>
   <trkpt lon="-4.365375" lat="36.722127"><ele>9.6</ele></trkpt>
   <trkpt lon="-4.365856" lat="36.722208"><ele>10.5</ele></trkpt>
   <trkpt lon="-4.365870" lat="36.722211"><ele>10.5</ele></trkpt>
   <trkpt lon="-4.365918" lat="36.722219"><ele>10.6</ele></trkpt>
   <trkpt lon="-4.366255" lat="36.722265"><ele>10.1</ele></trkpt>
   <trkpt lon="-4.366272" lat="36.722268"><ele>10.1</ele></trkpt>
   <trkpt lon="-4.366320" lat="36.722275"><ele>10.0</ele></trkpt>
   <trkpt lon="-4.366436" lat="36.722291"><ele>10.0</ele></trkpt>
   <trkpt lon="-4.366850" lat="36.722349"><ele>10.6</ele></trkpt>
   <trkpt lon="-4.367072" lat="36.722376"><ele>10.9</ele></trkpt>
   <trkpt lon="-4.367302" lat="36.722392"><ele>10.4</ele></trkpt>
   <trkpt lon="-4.367488" lat="36.722404"><ele>10.1</ele></trkpt>
   <trkpt lon="-4.367536" lat="36.722408"><ele>10.0</ele></trkpt>
   <trkpt lon="-4.367821" lat="36.722405"><ele>9.6</ele></trkpt>
   <trkpt lon="-4.367922" lat="36.722404"><ele>9.5</ele></trkpt>
   <trkpt lon="-4.368092" lat="36.722403"><ele>9.3</ele></trkpt>
   <trkpt lon="-4.368271" lat="36.722402"><ele>9.1</ele></trkpt>
   <trkpt lon="-4.369316" lat="36.722403"><ele>7.4</ele></trkpt>
   <trkpt lon="-4.369673" lat="36.722401"><ele>6.6</ele></trkpt>
   <trkpt lon="-4.369888" lat="36.722404"><ele>5.9</ele></trkpt>
   <trkpt lon="-4.369973" lat="36.722404"><ele>5.7</ele></trkpt>
   <trkpt lon="-4.370096" lat="36.722405"><ele>5.3</ele></trkpt>
   <trkpt lon="-4.370220" lat="36.722406"><ele>5.2</ele></trkpt>
   <trkpt lon="-4.370514" lat="36.722407"><ele>4.8</ele></trkpt>
   <trkpt lon="-4.371066" lat="36.722406"><ele>4.4</ele></trkpt>
   <trkpt lon="-4.371253" lat="36.722406"><ele>4.4</ele></trkpt>
   <trkpt lon="-4.371611" lat="36.722406"><ele>4.4</ele></trkpt>
   <trkpt lon="-4.371736" lat="36.722406"><ele>4.4</ele></trkpt>
   <trkpt lon="-4.372321" lat="36.722405"><ele>4.4</ele></trkpt>
   <trkpt lon="-4.372513" lat="36.722405"><ele>4.4</ele></trkpt>
   <trkpt lon="-4.372548" lat="36.722404"><ele>4.4</ele></trkpt>
   <trkpt lon="-4.373234" lat="36.722400"><ele>4.3</ele></trkpt>
   <trkpt lon="-4.373438" lat="36.722399"><ele>4.3</ele></trkpt>
   <trkpt lon="-4.373486" lat="36.722398"><ele>4.3</ele></trkpt>
   <trkpt lon="-4.373518" lat="36.722398"><ele>4.3</ele></trkpt>
   <trkpt lon="-4.373838" lat="36.722396"><ele>4.3</ele></trkpt>
   <trkpt lon="-4.374311" lat="36.722393"><ele>4.7</ele></trkpt>
   <trkpt lon="-4.374759" lat="36.722382"><ele>5.3</ele></trkpt>
   <trkpt lon="-4.374964" lat="36.722376"><ele>5.2</ele></trkpt>
   <trkpt lon="-4.375003" lat="36.722374"><ele>5.2</ele></trkpt>
   <trkpt lon="-4.375971" lat="36.722342"><ele>5.0</ele></trkpt>
   <trkpt lon="-4.376352" lat="36.722330"><ele>4.7</ele></trkpt>
   <trkpt lon="-4.376984" lat="36.722312"><ele>4.0</ele></trkpt>
   <trkpt lon="-4.377176" lat="36.722296"><ele>4.0</ele></trkpt>
   <trkpt lon="-4.377696" lat="36.722250"><ele>4.5</ele></trkpt>
   <trkpt lon="-4.378508" lat="36.722125"><ele>4.9</ele></trkpt>
   <trkpt lon="-4.378998" lat="36.722055"><ele>4.4</ele></trkpt>
   <trkpt lon="-4.379094" lat="36.722040"><ele>4.6</ele></trkpt>
   <trkpt lon="-4.379477" lat="36.721988"><ele>5.0</ele></trkpt>
   <trkpt lon="-4.379525" lat="36.721982"><ele>5.0</ele></trkpt>
   <trkpt lon="-4.379872" lat="36.721935"><ele>5.0</ele></trkpt>
   <trkpt lon="-4.380357" lat="36.721862"><ele>4.8</ele></trkpt>
   <trkpt lon="-4.380363" lat="36.721799"><ele>4.6</ele></trkpt>
   <trkpt lon="-4.380369" lat="36.721745"><ele>4.4</ele></trkpt>
   <trkpt lon="-4.380361" lat="36.721643"><ele>4.1</ele></trkpt>
   <trkpt lon="-4.380375" lat="36.721528"><ele>3.6</ele></trkpt>
   <trkpt lon="-4.380381" lat="36.721487"><ele>3.3</ele></trkpt>
   <trkpt lon="-4.380402" lat="36.721455"><ele>3.1</ele></trkpt>
   <trkpt lon="-4.380446" lat="36.721433"><ele>3.0</ele></trkpt>
   <trkpt lon="-4.380493" lat="36.721388"><ele>2.8</ele></trkpt>
   <trkpt lon="-4.381027" lat="36.721398"><ele>2.8</ele></trkpt>
   <trkpt lon="-4.382237" lat="36.721439"><ele>3.1</ele></trkpt>
   <trkpt lon="-4.383274" lat="36.721466"><ele>3.0</ele></trkpt>
   <trkpt lon="-4.383531" lat="36.721457"><ele>3.0</ele></trkpt>
   <trkpt lon="-4.385567" lat="36.721322"><ele>6.0</ele></trkpt>
   <trkpt lon="-4.385747" lat="36.721332"><ele>6.0</ele></trkpt>
   <trkpt lon="-4.385952" lat="36.721354"><ele>3.8</ele></trkpt>
   <trkpt lon="-4.386116" lat="36.721393"><ele>3.6</ele></trkpt>
   <trkpt lon="-4.386276" lat="36.721443"><ele>4.3</ele></trkpt>
   <trkpt lon="-4.386922" lat="36.721735"><ele>5.4</ele></trkpt>
   <trkpt lon="-4.387523" lat="36.722020"><ele>3.7</ele></trkpt>
   <trkpt lon="-4.387703" lat="36.722090"><ele>4.6</ele></trkpt>
   <trkpt lon="-4.387857" lat="36.722138"><ele>4.9</ele></trkpt>
   <trkpt lon="-4.387993" lat="36.722142"><ele>4.5</ele></trkpt>
   <trkpt lon="-4.388241" lat="36.722174"><ele>3.8</ele></trkpt>
   <trkpt lon="-4.391538" lat="36.722432"><ele>5.2</ele></trkpt>
   <trkpt lon="-4.391761" lat="36.722475"><ele>5.0</ele></trkpt>
   <trkpt lon="-4.391986" lat="36.722543"><ele>4.9</ele></trkpt>
   <trkpt lon="-4.392698" lat="36.722838"><ele>4.4</ele></trkpt>
   <trkpt lon="-4.392918" lat="36.722910"><ele>4.0</ele></trkpt>
   <trkpt lon="-4.393248" lat="36.722965"><ele>4.0</ele></trkpt>
   <trkpt lon="-4.393583" lat="36.722976"><ele>3.2</ele></trkpt>
   <trkpt lon="-4.394524" lat="36.722973"><ele>3.0</ele></trkpt>
   <trkpt lon="-4.394730" lat="36.722957"><ele>3.0</ele></trkpt>
   <trkpt lon="-4.394901" lat="36.722933"><ele>2.9</ele></trkpt>
   <trkpt lon="-4.395133" lat="36.722882"><ele>2.8</ele></trkpt>
   <trkpt lon="-4.395734" lat="36.722685"><ele>2.5</ele></trkpt>
   <trkpt lon="-4.396377" lat="36.722444"><ele>3.0</ele></trkpt>
   <trkpt lon="-4.396780" lat="36.722297"><ele>1.3</ele></trkpt>
   <trkpt lon="-4.397291" lat="36.722146"><ele>2.7</ele></trkpt>
   <trkpt lon="-4.397479" lat="36.722090"><ele>3.0</ele></trkpt>
   <trkpt lon="-4.398135" lat="36.721902"><ele>2.2</ele></trkpt>
   <trkpt lon="-4.399150" lat="36.721639"><ele>2.2</ele></trkpt>
   <trkpt lon="-4.399431" lat="36.721564"><ele>2.0</ele></trkpt>
   <trkpt lon="-4.400362" lat="36.721304"><ele>2.1</ele></trkpt>
   <trkpt lon="-4.400704" lat="36.721199"><ele>2.5</ele></trkpt>
   <trkpt lon="-4.402619" lat="36.720526"><ele>2.8</ele></trkpt>
   <trkpt lon="-4.402832" lat="36.720460"><ele>2.6</ele></trkpt>
   <trkpt lon="-4.403131" lat="36.720396"><ele>3.3</ele></trkpt>
   <trkpt lon="-4.404090" lat="36.720338"><ele>2.6</ele></trkpt>
   <trkpt lon="-4.404573" lat="36.720277"><ele>3.1</ele></trkpt>
   <trkpt lon="-4.405215" lat="36.720120"><ele>2.3</ele></trkpt>
   <trkpt lon="-4.405690" lat="36.719958"><ele>2.3</ele></trkpt>
   <trkpt lon="-4.407120" lat="36.719326"><ele>1.8</ele></trkpt>
   <trkpt lon="-4.407453" lat="36.719133"><ele>1.8</ele></trkpt>
   <trkpt lon="-4.407728" lat="36.718961"><ele>1.8</ele></trkpt>
   <trkpt lon="-4.408706" lat="36.718326"><ele>1.9</ele></trkpt>
   <trkpt lon="-4.408808" lat="36.718271"><ele>1.9</ele></trkpt>
   <trkpt lon="-4.408963" lat="36.718208"><ele>2.0</ele></trkpt>
   <trkpt lon="-4.409090" lat="36.718175"><ele>2.5</ele></trkpt>
   <trkpt lon="-4.409304" lat="36.718158"><ele>3.6</ele></trkpt>
   <trkpt lon="-4.409365" lat="36.718160"><ele>3.9</ele></trkpt>
   <trkpt lon="-4.409372" lat="36.718192"><ele>4.1</ele></trkpt>
   <trkpt lon="-4.409376" lat="36.718210"><ele>4.1</ele></trkpt>
   <trkpt lon="-4.409385" lat="36.718304"><ele>4.1</ele></trkpt>
   <trkpt lon="-4.409410" lat="36.718301"><ele>4.1</ele></trkpt>
   <trkpt lon="-4.409721" lat="36.718329"><ele>4.6</ele></trkpt>
   <trkpt lon="-4.409838" lat="36.718354"><ele>4.5</ele></trkpt>
   <trkpt lon="-4.409960" lat="36.718388"><ele>4.4</ele></trkpt>
   <trkpt lon="-4.410159" lat="36.718482"><ele>4.1</ele></trkpt>
   <trkpt lon="-4.410218" lat="36.718470"><ele>4.1</ele></trkpt>
   <trkpt lon="-4.410264" lat="36.718500"><ele>4.0</ele></trkpt>
   <trkpt lon="-4.410546" lat="36.718732"><ele>4.0</ele></trkpt>
   <trkpt lon="-4.410591" lat="36.718772"><ele>4.0</ele></trkpt>
   <trkpt lon="-4.410986" lat="36.719128"><ele>4.8</ele></trkpt>
   <trkpt lon="-4.411114" lat="36.719229"><ele>5.0</ele></trkpt>
   <trkpt lon="-4.411206" lat="36.719338"><ele>5.2</ele></trkpt>
   <trkpt lon="-4.411368" lat="36.719488"><ele>5.8</ele></trkpt>
   <trkpt lon="-4.411537" lat="36.719627"><ele>5.7</ele></trkpt>
   <trkpt lon="-4.411614" lat="36.719664"><ele>5.6</ele></trkpt>
   <trkpt lon="-4.411780" lat="36.719719"><ele>5.4</ele></trkpt>
   <trkpt lon="-4.411957" lat="36.719744"><ele>5.3</ele></trkpt>
   <trkpt lon="-4.412136" lat="36.719739"><ele>5.2</ele></trkpt>
   <trkpt lon="-4.412225" lat="36.719725"><ele>5.2</ele></trkpt>
   <trkpt lon="-4.412359" lat="36.719701"><ele>5.3</ele></trkpt>
   <trkpt lon="-4.413383" lat="36.719418"><ele>3.6</ele></trkpt>
   <trkpt lon="-4.415570" lat="36.718826"><ele>3.0</ele></trkpt>
   <trkpt lon="-4.416319" lat="36.718623"><ele>3.0</ele></trkpt>
   <trkpt lon="-4.417160" lat="36.718395"><ele>3.0</ele></trkpt>
   <trkpt lon="-4.419532" lat="36.717753"><ele>2.7</ele></trkpt>
   <trkpt lon="-4.419717" lat="36.717690"><ele>2.5</ele></trkpt>
   <trkpt lon="-4.419828" lat="36.717608"><ele>2.3</ele></trkpt>
   <trkpt lon="-4.420133" lat="36.717295"><ele>2.2</ele></trkpt>
   <trkpt lon="-4.420302" lat="36.717113"><ele>2.1</ele></trkpt>
   <trkpt lon="-4.420571" lat="36.716834"><ele>2.9</ele></trkpt>
   <trkpt lon="-4.420631" lat="36.716772"><ele>2.9</ele></trkpt>
   <trkpt lon="-4.420959" lat="36.716433"><ele>3.0</ele></trkpt>
   <trkpt lon="-4.421052" lat="36.716332"><ele>3.0</ele></trkpt>
   <trkpt lon="-4.421475" lat="36.715891"><ele>3.4</ele></trkpt>
   <trkpt lon="-4.421545" lat="36.715817"><ele>3.7</ele></trkpt>
   <trkpt lon="-4.421704" lat="36.715653"><ele>3.5</ele></trkpt>
   <trkpt lon="-4.421967" lat="36.715378"><ele>3.0</ele></trkpt>
   <trkpt lon="-4.421984" lat="36.715360"><ele>3.0</ele></trkpt>
   <trkpt lon="-4.422022" lat="36.715320"><ele>3.0</ele></trkpt>
   <trkpt lon="-4.422394" lat="36.714934"><ele>3.0</ele></trkpt>
   <trkpt lon="-4.422778" lat="36.714532"><ele>3.0</ele></trkpt>
   <trkpt lon="-4.423349" lat="36.713942"><ele>3.0</ele></trkpt>
   <trkpt lon="-4.423672" lat="36.713614"><ele>3.0</ele></trkpt>
   <trkpt lon="-4.423819" lat="36.713460"><ele>3.0</ele></trkpt>
   <trkpt lon="-4.424120" lat="36.713162"><ele>3.0</ele></trkpt>
   <trkpt lon="-4.424146" lat="36.713134"><ele>3.0</ele></trkpt>
   <trkpt lon="-4.424216" lat="36.713055"><ele>3.0</ele></trkpt>
   <trkpt lon="-4.424463" lat="36.712806"><ele>3.0</ele></trkpt>
   <trkpt lon="-4.425154" lat="36.712130"><ele>3.0</ele></trkpt>
   <trkpt lon="-4.425245" lat="36.712040"><ele>3.0</ele></trkpt>
   <trkpt lon="-4.425380" lat="36.711922"><ele>3.0</ele></trkpt>
   <trkpt lon="-4.425665" lat="36.711661"><ele>3.7</ele></trkpt>
   <trkpt lon="-4.426182" lat="36.711154"><ele>2.4</ele></trkpt>
   <trkpt lon="-4.426280" lat="36.711060"><ele>2.1</ele></trkpt>
   <trkpt lon="-4.426331" lat="36.711011"><ele>2.0</ele></trkpt>
   <trkpt lon="-4.426435" lat="36.710912"><ele>1.8</ele></trkpt>
   <trkpt lon="-4.426702" lat="36.710658"><ele>2.7</ele></trkpt>
   <trkpt lon="-4.427231" lat="36.710148"><ele>3.3</ele></trkpt>
   <trkpt lon="-4.427323" lat="36.710219"><ele>3.1</ele></trkpt>
   <trkpt lon="-4.427388" lat="36.710274"><ele>3.0</ele></trkpt>
   <trkpt lon="-4.427897" lat="36.710684"><ele>2.4</ele></trkpt>
   <trkpt lon="-4.428016" lat="36.710760"><ele>2.7</ele></trkpt>
   <trkpt lon="-4.428130" lat="36.710833"><ele>3.0</ele></trkpt>
   <trkpt lon="-4.428721" lat="36.711284"><ele>3.0</ele></trkpt>
   <trkpt lon="-4.428950" lat="36.711453"><ele>3.3</ele></trkpt>
   <trkpt lon="-4.429174" lat="36.711619"><ele>3.3</ele></trkpt>
   <trkpt lon="-4.429294" lat="36.711713"><ele>3.4</ele></trkpt>
   <trkpt lon="-4.429389" lat="36.711788"><ele>3.7</ele></trkpt>
   <trkpt lon="-4.429763" lat="36.712059"><ele>4.0</ele></trkpt>
   <trkpt lon="-4.429880" lat="36.712176"><ele>4.0</ele></trkpt>
   <trkpt lon="-4.429942" lat="36.712284"><ele>4.0</ele></trkpt>
   <trkpt lon="-4.430345" lat="36.713161"><ele>5.0</ele></trkpt>
   <trkpt lon="-4.430359" lat="36.713191"><ele>5.0</ele></trkpt>
   <trkpt lon="-4.430430" lat="36.713224"><ele>5.0</ele></trkpt>
   <trkpt lon="-4.430466" lat="36.713241"><ele>5.0</ele></trkpt>
   <trkpt lon="-4.430521" lat="36.713226"><ele>5.0</ele></trkpt>
   <trkpt lon="-4.430793" lat="36.713163"><ele>5.0</ele></trkpt>
   <trkpt lon="-4.431163" lat="36.713056"><ele>4.1</ele></trkpt>
   <trkpt lon="-4.431228" lat="36.713036"><ele>4.0</ele></trkpt>
   <trkpt lon="-4.431444" lat="36.712968"><ele>4.0</ele></trkpt>
   <trkpt lon="-4.431528" lat="36.712943"><ele>4.0</ele></trkpt>
   <trkpt lon="-4.431751" lat="36.712866"><ele>4.0</ele></trkpt>
   <trkpt lon="-4.431853" lat="36.712833"><ele>4.0</ele></trkpt>
   <trkpt lon="-4.431966" lat="36.712804"><ele>4.1</ele></trkpt>
   <trkpt lon="-4.432054" lat="36.712786"><ele>4.1</ele></trkpt>
   <trkpt lon="-4.432580" lat="36.712656"><ele>4.0</ele></trkpt>
   <trkpt lon="-4.432925" lat="36.712568"><ele>4.0</ele></trkpt>
   <trkpt lon="-4.433921" lat="36.712312"><ele>4.0</ele></trkpt>
   <trkpt lon="-4.434671" lat="36.712119"><ele>4.3</ele></trkpt>
   <trkpt lon="-4.434690" lat="36.712114"><ele>4.3</ele></trkpt>
   <trkpt lon="-4.434787" lat="36.712089"><ele>4.2</ele></trkpt>
   <trkpt lon="-4.435035" lat="36.712018"><ele>4.2</ele></trkpt>
   <trkpt lon="-4.435064" lat="36.712010"><ele>4.3</ele></trkpt>
   <trkpt lon="-4.435102" lat="36.711988"><ele>4.4</ele></trkpt>
   <trkpt lon="-4.435133" lat="36.711948"><ele>4.4</ele></trkpt>
   <trkpt lon="-4.435198" lat="36.711872"><ele>4.4</ele></trkpt>
   <trkpt lon="-4.435539" lat="36.711412"><ele>4.1</ele></trkpt>
   <trkpt lon="-4.435697" lat="36.711214"><ele>4.1</ele></trkpt>
   <trkpt lon="-4.435830" lat="36.711097"><ele>4.1</ele></trkpt>
   <trkpt lon="-4.436078" lat="36.710906"><ele>4.2</ele></trkpt>
   <trkpt lon="-4.436777" lat="36.710379"><ele>4.5</ele></trkpt>
   <trkpt lon="-4.436892" lat="36.710260"><ele>4.7</ele></trkpt>
   <trkpt lon="-4.437237" lat="36.710010"><ele>7.1</ele></trkpt>
   <trkpt lon="-4.437270" lat="36.709986"><ele>7.4</ele></trkpt>
   <trkpt lon="-4.437409" lat="36.709916"><ele>8.1</ele></trkpt>
   <trkpt lon="-4.437872" lat="36.709759"><ele>5.9</ele></trkpt>
   <trkpt lon="-4.438028" lat="36.709728"><ele>5.5</ele></trkpt>
   <trkpt lon="-4.438106" lat="36.709728"><ele>5.6</ele></trkpt>
   <trkpt lon="-4.438200" lat="36.709772"><ele>5.8</ele></trkpt>
   <trkpt lon="-4.438420" lat="36.709957"><ele>6.0</ele></trkpt>
   <trkpt lon="-4.438712" lat="36.710203"><ele>6.6</ele></trkpt>
   <trkpt lon="-4.439088" lat="36.710520"><ele>6.0</ele></trkpt>
   <trkpt lon="-4.439121" lat="36.710547"><ele>6.0</ele></trkpt>
   <trkpt lon="-4.439138" lat="36.710562"><ele>6.0</ele></trkpt>
   <trkpt lon="-4.439171" lat="36.710589"><ele>6.0</ele></trkpt>
   <trkpt lon="-4.439201" lat="36.710565"><ele>6.0</ele></trkpt>
   <trkpt lon="-4.439246" lat="36.710528"><ele>6.0</ele></trkpt>
   <trkpt lon="-4.439281" lat="36.710500"><ele>6.0</ele></trkpt>
   <trkpt lon="-4.439475" lat="36.710351"><ele>6.3</ele></trkpt>
   <trkpt lon="-4.439613" lat="36.710245"><ele>6.7</ele></trkpt>
   <trkpt lon="-4.439980" lat="36.709960"><ele>7.0</ele></trkpt>
   <trkpt lon="-4.440024" lat="36.709926"><ele>7.0</ele></trkpt>
   <trkpt lon="-4.440122" lat="36.709851"><ele>7.1</ele></trkpt>
   <trkpt lon="-4.440818" lat="36.709324"><ele>8.0</ele></trkpt>
   <trkpt lon="-4.440887" lat="36.709277"><ele>8.0</ele></trkpt>
   <trkpt lon="-4.440945" lat="36.709231"><ele>8.0</ele></trkpt>
   <trkpt lon="-4.441068" lat="36.709141"><ele>8.0</ele></trkpt>
   <trkpt lon="-4.441303" lat="36.708962"><ele>8.0</ele></trkpt>
   <trkpt lon="-4.441326" lat="36.708944"><ele>8.0</ele></trkpt>
   <trkpt lon="-4.441350" lat="36.708926"><ele>8.0</ele></trkpt>
   <trkpt lon="-4.441407" lat="36.708881"><ele>8.0</ele></trkpt>
   <trkpt lon="-4.441556" lat="36.708766"><ele>8.0</ele></trkpt>
   <trkpt lon="-4.441678" lat="36.708671"><ele>8.0</ele></trkpt>
   <trkpt lon="-4.441752" lat="36.708617"><ele>8.0</ele></trkpt>
   <trkpt lon="-4.441823" lat="36.708565"><ele>8.0</ele></trkpt>
   <trkpt lon="-4.441860" lat="36.708537"><ele>8.0</ele></trkpt>
   <trkpt lon="-4.441888" lat="36.708517"><ele>8.0</ele></trkpt>
   <trkpt lon="-4.442069" lat="36.708426"><ele>8.0</ele></trkpt>
   <trkpt lon="-4.442155" lat="36.708422"><ele>8.0</ele></trkpt>
   <trkpt lon="-4.442195" lat="36.708428"><ele>8.0</ele></trkpt>
   <trkpt lon="-4.442220" lat="36.708440"><ele>8.0</ele></trkpt>
   <trkpt lon="-4.442228" lat="36.708479"><ele>8.0</ele></trkpt>
   <trkpt lon="-4.442256" lat="36.708511"><ele>8.0</ele></trkpt>
   <trkpt lon="-4.442278" lat="36.708529"><ele>8.0</ele></trkpt>
   <trkpt lon="-4.442296" lat="36.708544"><ele>8.0</ele></trkpt>
   <trkpt lon="-4.442463" lat="36.708665"><ele>8.1</ele></trkpt>
   <trkpt lon="-4.443030" lat="36.709047"><ele>9.2</ele></trkpt>
   <trkpt lon="-4.443049" lat="36.709069"><ele>9.2</ele></trkpt>
   <trkpt lon="-4.443096" lat="36.709124"><ele>9.4</ele></trkpt>
   <trkpt lon="-4.443120" lat="36.709152"><ele>9.5</ele></trkpt>
   <trkpt lon="-4.442932" lat="36.709247"><ele>9.3</ele></trkpt>
   <trkpt lon="-4.442815" lat="36.709301"><ele>9.1</ele></trkpt>
   <trkpt lon="-4.442520" lat="36.709452"><ele>9.0</ele></trkpt>
   <trkpt lon="-4.442605" lat="36.709518"><ele>9.0</ele></trkpt>
   <trkpt lon="-4.443003" lat="36.709806"><ele>9.8</ele></trkpt>
   <trkpt lon="-4.443130" lat="36.709901"><ele>10.0</ele></trkpt>
   <trkpt lon="-4.443534" lat="36.710222"><ele>10.7</ele></trkpt>
   <trkpt lon="-4.443550" lat="36.710234"><ele>10.7</ele></trkpt>
   <trkpt lon="-4.443601" lat="36.710273"><ele>10.8</ele></trkpt>
   <trkpt lon="-4.443859" lat="36.710094"><ele>10.4</ele></trkpt>
   <trkpt lon="-4.443931" lat="36.710048"><ele>10.4</ele></trkpt>
   <trkpt lon="-4.444022" lat="36.710011"><ele>10.6</ele></trkpt>
   <trkpt lon="-4.444144" lat="36.709954"><ele>10.8</ele></trkpt>
   <trkpt lon="-4.444367" lat="36.709897"><ele>11.3</ele></trkpt>
   <trkpt lon="-4.444505" lat="36.709876"><ele>11.7</ele></trkpt>
   <trkpt lon="-4.444689" lat="36.709885"><ele>11.7</ele></trkpt>
   <trkpt lon="-4.444797" lat="36.709882"><ele>11.7</ele></trkpt>
   <trkpt lon="-4.444939" lat="36.709863"><ele>11.6</ele></trkpt>
   <trkpt lon="-4.445064" lat="36.709819"><ele>11.5</ele></trkpt>
   <trkpt lon="-4.445116" lat="36.709785"><ele>11.4</ele></trkpt>
   <trkpt lon="-4.445142" lat="36.709749"><ele>11.3</ele></trkpt>
   <trkpt lon="-4.445269" lat="36.709682"><ele>11.3</ele></trkpt>
   <trkpt lon="-4.445303" lat="36.709656"><ele>11.3</ele></trkpt>
   <trkpt lon="-4.445393" lat="36.709597"><ele>11.5</ele></trkpt>
   <trkpt lon="-4.445634" lat="36.709437"><ele>11.6</ele></trkpt>
   <trkpt lon="-4.445767" lat="36.709336"><ele>11.7</ele></trkpt>
   <trkpt lon="-4.445854" lat="36.709274"><ele>11.8</ele></trkpt>
   <trkpt lon="-4.446417" lat="36.708873"><ele>11.7</ele></trkpt>
   <trkpt lon="-4.446582" lat="36.708756"><ele>11.4</ele></trkpt>
   <trkpt lon="-4.446694" lat="36.708679"><ele>11.5</ele></trkpt>
   <trkpt lon="-4.446724" lat="36.708658"><ele>11.6</ele></trkpt>
   <trkpt lon="-4.447334" lat="36.708216"><ele>11.9</ele></trkpt>
   <trkpt lon="-4.447758" lat="36.707965"><ele>12.0</ele></trkpt>
   <trkpt lon="-4.447896" lat="36.707884"><ele>11.8</ele></trkpt>
   <trkpt lon="-4.448402" lat="36.707587"><ele>12.0</ele></trkpt>
   <trkpt lon="-4.448484" lat="36.707538"><ele>11.9</ele></trkpt>
   <trkpt lon="-4.448880" lat="36.707290"><ele>12.0</ele></trkpt>
   <trkpt lon="-4.449024" lat="36.707211"><ele>11.9</ele></trkpt>
   <trkpt lon="-4.449132" lat="36.707142"><ele>11.8</ele></trkpt>
   <trkpt lon="-4.449280" lat="36.707061"><ele>12.0</ele></trkpt>
   <trkpt lon="-4.449435" lat="36.706963"><ele>12.1</ele></trkpt>
   <trkpt lon="-4.449488" lat="36.706930"><ele>12.0</ele></trkpt>
   <trkpt lon="-4.449530" lat="36.706899"><ele>12.0</ele></trkpt>
   <trkpt lon="-4.449867" lat="36.706697"><ele>12.0</ele></trkpt>
   <trkpt lon="-4.450754" lat="36.706158"><ele>12.0</ele></trkpt>
   <trkpt lon="-4.451281" lat="36.705836"><ele>11.8</ele></trkpt>
   <trkpt lon="-4.451638" lat="36.705627"><ele>11.0</ele></trkpt>
   <trkpt lon="-4.451821" lat="36.705574"><ele>10.6</ele></trkpt>
   <trkpt lon="-4.451886" lat="36.705554"><ele>10.4</ele></trkpt>
   <trkpt lon="-4.451949" lat="36.705584"><ele>10.3</ele></trkpt>
   <trkpt lon="-4.451998" lat="36.705593"><ele>10.2</ele></trkpt>
   <trkpt lon="-4.452036" lat="36.705593"><ele>10.1</ele></trkpt>
   <trkpt lon="-4.452106" lat="36.705577"><ele>10.1</ele></trkpt>
   <trkpt lon="-4.452156" lat="36.705548"><ele>10.0</ele></trkpt>
   <trkpt lon="-4.452179" lat="36.705526"><ele>10.0</ele></trkpt>
   <trkpt lon="-4.452271" lat="36.705476"><ele>10.0</ele></trkpt>
   <trkpt lon="-4.452396" lat="36.705392"><ele>10.1</ele></trkpt>
   <trkpt lon="-4.452479" lat="36.705345"><ele>10.1</ele></trkpt>
   <trkpt lon="-4.453380" lat="36.704941"><ele>11.0</ele></trkpt>
   <trkpt lon="-4.453490" lat="36.704890"><ele>11.0</ele></trkpt>
   <trkpt lon="-4.453610" lat="36.704833"><ele>11.0</ele></trkpt>
   <trkpt lon="-4.453787" lat="36.704726"><ele>11.0</ele></trkpt>
   <trkpt lon="-4.453875" lat="36.704672"><ele>11.0</ele></trkpt>
   <trkpt lon="-4.454015" lat="36.704660"><ele>11.0</ele></trkpt>
   <trkpt lon="-4.454116" lat="36.704665"><ele>11.2</ele></trkpt>
   <trkpt lon="-4.454198" lat="36.704689"><ele>11.4</ele></trkpt>
   <trkpt lon="-4.454251" lat="36.704691"><ele>11.6</ele></trkpt>
   <trkpt lon="-4.454288" lat="36.704686"><ele>11.7</ele></trkpt>
   <trkpt lon="-4.454364" lat="36.704658"><ele>11.9</ele></trkpt>
   <trkpt lon="-4.454406" lat="36.704627"><ele>12.0</ele></trkpt>
   <trkpt lon="-4.454441" lat="36.704582"><ele>12.0</ele></trkpt>
   <trkpt lon="-4.454457" lat="36.704535"><ele>12.0</ele></trkpt>
   <trkpt lon="-4.454458" lat="36.704495"><ele>12.0</ele></trkpt>
   <trkpt lon="-4.454539" lat="36.704404"><ele>12.0</ele></trkpt>
   <trkpt lon="-4.454712" lat="36.704299"><ele>12.0</ele></trkpt>
   <trkpt lon="-4.456238" lat="36.703571"><ele>13.0</ele></trkpt>
   <trkpt lon="-4.456471" lat="36.703460"><ele>13.2</ele></trkpt>
   <trkpt lon="-4.456953" lat="36.703231"><ele>14.0</ele></trkpt>
   <trkpt lon="-4.457098" lat="36.703168"><ele>14.0</ele></trkpt>
   <trkpt lon="-4.458014" lat="36.702791"><ele>18.1</ele></trkpt>
   <trkpt lon="-4.458427" lat="36.702624"><ele>17.5</ele></trkpt>
   <trkpt lon="-4.458700" lat="36.702514"><ele>16.8</ele></trkpt>
   <trkpt lon="-4.459045" lat="36.702377"><ele>16.7</ele></trkpt>
   <trkpt lon="-4.459497" lat="36.702199"><ele>17.8</ele></trkpt>
   <trkpt lon="-4.459688" lat="36.702145"><ele>18.0</ele></trkpt>
   <trkpt lon="-4.459747" lat="36.702177"><ele>18.0</ele></trkpt>
   <trkpt lon="-4.459843" lat="36.702184"><ele>18.0</ele></trkpt>
   <trkpt lon="-4.459874" lat="36.702179"><ele>18.0</ele></trkpt>
   <trkpt lon="-4.460168" lat="36.702076"><ele>18.0</ele></trkpt>
   <trkpt lon="-4.460487" lat="36.701955"><ele>18.0</ele></trkpt>
   <trkpt lon="-4.460559" lat="36.701927"><ele>18.0</ele></trkpt>
   <trkpt lon="-4.460899" lat="36.701809"><ele>19.0</ele></trkpt>
   <trkpt lon="-4.461292" lat="36.701661"><ele>18.0</ele></trkpt>
   <trkpt lon="-4.461681" lat="36.701514"><ele>18.0</ele></trkpt>
   <trkpt lon="-4.461934" lat="36.701419"><ele>17.9</ele></trkpt>
   <trkpt lon="-4.462071" lat="36.701367"><ele>17.7</ele></trkpt>
   <trkpt lon="-4.462150" lat="36.701338"><ele>17.6</ele></trkpt>
   <trkpt lon="-4.462194" lat="36.701273"><ele>17.5</ele></trkpt>
   <trkpt lon="-4.462223" lat="36.701173"><ele>17.2</ele></trkpt>
   <trkpt lon="-4.462301" lat="36.701116"><ele>17.1</ele></trkpt>
   <trkpt lon="-4.462628" lat="36.700981"><ele>17.5</ele></trkpt>
   <trkpt lon="-4.463048" lat="36.700818"><ele>16.7</ele></trkpt>
   <trkpt lon="-4.463872" lat="36.700491"><ele>15.9</ele></trkpt>
   <trkpt lon="-4.464038" lat="36.700427"><ele>16.0</ele></trkpt>
   <trkpt lon="-4.464808" lat="36.700114"><ele>15.6</ele></trkpt>
   <trkpt lon="-4.465561" lat="36.699818"><ele>15.0</ele></trkpt>
   <trkpt lon="-4.466289" lat="36.699543"><ele>14.3</ele></trkpt>
   <trkpt lon="-4.466511" lat="36.699469"><ele>14.6</ele></trkpt>
   <trkpt lon="-4.466958" lat="36.699336"><ele>16.1</ele></trkpt>
   <trkpt lon="-4.467027" lat="36.699327"><ele>16.2</ele></trkpt>
   <trkpt lon="-4.467165" lat="36.699299"><ele>16.2</ele></trkpt>
   <trkpt lon="-4.467415" lat="36.699259"><ele>16.1</ele></trkpt>
   <trkpt lon="-4.467546" lat="36.699250"><ele>16.3</ele></trkpt>
   <trkpt lon="-4.467608" lat="36.699257"><ele>16.4</ele></trkpt>
   <trkpt lon="-4.467669" lat="36.699250"><ele>16.4</ele></trkpt>
   <trkpt lon="-4.467706" lat="36.699335"><ele>16.8</ele></trkpt>
   <trkpt lon="-4.467820" lat="36.699627"><ele>17.2</ele></trkpt>
   <trkpt lon="-4.467954" lat="36.699953"><ele>17.7</ele></trkpt>
   <trkpt lon="-4.468015" lat="36.700102"><ele>17.9</ele></trkpt>
   <trkpt lon="-4.468354" lat="36.700932"><ele>19.9</ele></trkpt>
   <trkpt lon="-4.468434" lat="36.701056"><ele>20.1</ele></trkpt>
   <trkpt lon="-4.468549" lat="36.701174"><ele>20.6</ele></trkpt>
   <trkpt lon="-4.468709" lat="36.701261"><ele>21.3</ele></trkpt>
   <trkpt lon="-4.468867" lat="36.701328"><ele>21.8</ele></trkpt>
   <trkpt lon="-4.469027" lat="36.701355"><ele>22.3</ele></trkpt>
   <trkpt lon="-4.470430" lat="36.701439"><ele>21.9</ele></trkpt>
   <trkpt lon="-4.470646" lat="36.701451"><ele>21.4</ele></trkpt>
   <trkpt lon="-4.471269" lat="36.701430"><ele>22.6</ele></trkpt>
   <trkpt lon="-4.471384" lat="36.701427"><ele>23.2</ele></trkpt>
   <trkpt lon="-4.472517" lat="36.701385"><ele>23.8</ele></trkpt>
   <trkpt lon="-4.472608" lat="36.701382"><ele>23.7</ele></trkpt>
   <trkpt lon="-4.472687" lat="36.701380"><ele>23.6</ele></trkpt>
   <trkpt lon="-4.472765" lat="36.701377"><ele>23.6</ele></trkpt>
   <trkpt lon="-4.472850" lat="36.701374"><ele>23.5</ele></trkpt>
   <trkpt lon="-4.473292" lat="36.701361"><ele>23.7</ele></trkpt>
   <trkpt lon="-4.473689" lat="36.701350"><ele>23.7</ele></trkpt>
   <trkpt lon="-4.474584" lat="36.701316"><ele>25.1</ele></trkpt>
   <trkpt lon="-4.474657" lat="36.702601"><ele>27.0</ele></trkpt>
  </trkseg>
 </trk>
</gpx>
