<?xml version="1.0" encoding="UTF-8"?>
<!-- track-length = 106040 filtered ascend = 1018 plain-ascend = 0 cost=203661 energy=.6kwh time=6h 8m 44s -->
<gpx 
 xmlns="http://www.topografix.com/GPX/1/1" 
 xmlns:xsi="http://www.w3.org/2001/XMLSchema-instance" 
 xsi:schemaLocation="http://www.topografix.com/GPX/1/1 http://www.topografix.com/GPX/1/1/gpx.xsd" 
 creator="BRouter-1.7.10" version="1.1">
 <trk>
  <name>brouter_trekking_0</name>
  <trkseg>
   <trkpt lon="-4.474657" lat="36.702601"><ele>27.0</ele></trkpt>
   <trkpt lon="-4.474731" lat="36.703910"><ele>28.6</ele></trkpt>
   <trkpt lon="-4.475624" lat="36.703881"><ele>29.1</ele></trkpt>
   <trkpt lon="-4.476511" lat="36.703853"><ele>31.0</ele></trkpt>
   <trkpt lon="-4.476620" lat="36.703851"><ele>31.1</ele></trkpt>
   <trkpt lon="-4.476632" lat="36.703994"><ele>31.1</ele></trkpt>
   <trkpt lon="-4.476645" lat="36.704340"><ele>30.6</ele></trkpt>
   <trkpt lon="-4.476589" lat="36.704678"><ele>30.0</ele></trkpt>
   <trkpt lon="-4.476504" lat="36.704953"><ele>29.9</ele></trkpt>
   <trkpt lon="-4.476418" lat="36.705157"><ele>29.6</ele></trkpt>
   <trkpt lon="-4.476362" lat="36.705260"><ele>29.4</ele></trkpt>
   <trkpt lon="-4.476255" lat="36.705434"><ele>29.6</ele></trkpt>
   <trkpt lon="-4.475831" lat="36.706131"><ele>31.0</ele></trkpt>
   <trkpt lon="-4.475456" lat="36.706723"><ele>31.4</ele></trkpt>
   <trkpt lon="-4.475202" lat="36.707153"><ele>31.9</ele></trkpt>
   <trkpt lon="-4.475165" lat="36.707234"><ele>31.8</ele></trkpt>
   <trkpt lon="-4.475150" lat="36.707297"><ele>31.8</ele></trkpt>
   <trkpt lon="-4.475124" lat="36.707369"><ele>31.7</ele></trkpt>
   <trkpt lon="-4.475238" lat="36.707496"><ele>32.0</ele></trkpt>
   <trkpt lon="-4.475324" lat="36.707514"><ele>32.3</ele></trkpt>
   <trkpt lon="-4.475398" lat="36.707529"><ele>32.5</ele></trkpt>
   <trkpt lon="-4.475372" lat="36.707595"><ele>32.4</ele></trkpt>
   <trkpt lon="-4.475364" lat="36.707614"><ele>32.4</ele></trkpt>
   <trkpt lon="-4.476123" lat="36.707765"><ele>34.0</ele></trkpt>
   <trkpt lon="-4.476653" lat="36.707853"><ele>34.2</ele></trkpt>
   <trkpt lon="-4.477051" lat="36.707884"><ele>35.3</ele></trkpt>
   <trkpt lon="-4.477225" lat="36.707888"><ele>35.7</ele></trkpt>
   <trkpt lon="-4.477282" lat="36.707891"><ele>35.8</ele></trkpt>
   <trkpt lon="-4.477440" lat="36.707894"><ele>35.8</ele></trkpt>
   <trkpt lon="-4.477654" lat="36.707893"><ele>35.8</ele></trkpt>
   <trkpt lon="-4.478196" lat="36.707899"><ele>36.7</ele></trkpt>
   <trkpt lon="-4.478372" lat="36.707908"><ele>37.0</ele></trkpt>
   <trkpt lon="-4.478682" lat="36.707940"><ele>38.1</ele></trkpt>
   <trkpt lon="-4.479655" lat="36.708126"><ele>40.5</ele></trkpt>
   <trkpt lon="-4.480738" lat="36.708346"><ele>42.3</ele></trkpt>
   <trkpt lon="-4.481093" lat="36.708411"><ele>43.1</ele></trkpt>
   <trkpt lon="-4.481379" lat="36.708453"><ele>43.5</ele></trkpt>
   <trkpt lon="-4.481619" lat="36.708470"><ele>44.6</ele></trkpt>
   <trkpt lon="-4.481764" lat="36.708481"><ele>45.2</ele></trkpt>
   <trkpt lon="-4.481809" lat="36.708478"><ele>45.4</ele></trkpt>
   <trkpt lon="-4.481874" lat="36.708546"><ele>45.6</ele></trkpt>
   <trkpt lon="-4.481941" lat="36.708589"><ele>45.8</ele></trkpt>
   <trkpt lon="-4.482060" lat="36.708649"><ele>46.2</ele></trkpt>
   <trkpt lon="-4.482115" lat="36.708648"><ele>46.3</ele></trkpt>
   <trkpt lon="-4.482232" lat="36.708633"><ele>46.5</ele></trkpt>
   <trkpt lon="-4.482298" lat="36.708625"><ele>46.7</ele></trkpt>
   <trkpt lon="-4.482358" lat="36.708603"><ele>46.9</ele></trkpt>
   <trkpt lon="-4.482433" lat="36.708551"><ele>47.1</ele></trkpt>
   <trkpt lon="-4.482508" lat="36.708462"><ele>47.3</ele></trkpt>
   <trkpt lon="-4.482565" lat="36.708420"><ele>47.5</ele></trkpt>
   <trkpt lon="-4.482689" lat="36.708385"><ele>47.9</ele></trkpt>
   <trkpt lon="-4.484848" lat="36.708252"><ele>53.7</ele></trkpt>
   <trkpt lon="-4.484975" lat="36.708267"><ele>52.8</ele></trkpt>
   <trkpt lon="-4.485052" lat="36.708311"><ele>52.5</ele></trkpt>
   <trkpt lon="-4.485109" lat="36.708367"><ele>52.5</ele></trkpt>
   <trkpt lon="-4.485234" lat="36.708432"><ele>52.5</ele></trkpt>
   <trkpt lon="-4.485403" lat="36.708469"><ele>52.3</ele></trkpt>
   <trkpt lon="-4.485457" lat="36.708461"><ele>52.0</ele></trkpt>
   <trkpt lon="-4.485605" lat="36.708407"><ele>51.2</ele></trkpt>
   <trkpt lon="-4.485660" lat="36.708378"><ele>50.8</ele></trkpt>
   <trkpt lon="-4.485731" lat="36.708289"><ele>50.2</ele></trkpt>
   <trkpt lon="-4.485805" lat="36.708243"><ele>49.8</ele></trkpt>
   <trkpt lon="-4.485866" lat="36.708226"><ele>49.5</ele></trkpt>
   <trkpt lon="-4.486636" lat="36.708186"><ele>48.9</ele></trkpt>
   <trkpt lon="-4.486865" lat="36.708184"><ele>47.8</ele></trkpt>
   <trkpt lon="-4.487152" lat="36.708191"><ele>46.9</ele></trkpt>
   <trkpt lon="-4.487374" lat="36.708213"><ele>46.2</ele></trkpt>
   <trkpt lon="-4.487707" lat="36.708264"><ele>44.2</ele></trkpt>
   <trkpt lon="-4.488449" lat="36.708391"><ele>39.8</ele></trkpt>
   <trkpt lon="-4.488728" lat="36.708424"><ele>37.3</ele></trkpt>
   <trkpt lon="-4.488749" lat="36.708461"><ele>37.1</ele></trkpt>
   <trkpt lon="-4.488979" lat="36.708433"><ele>35.4</ele></trkpt>
   <trkpt lon="-4.489384" lat="36.708443"><ele>33.5</ele></trkpt>
   <trkpt lon="-4.489945" lat="36.708395"><ele>31.9</ele></trkpt>
   <trkpt lon="-4.490870" lat="36.708282"><ele>28.2</ele></trkpt>
   <trkpt lon="-4.491392" lat="36.708257"><ele>26.8</ele></trkpt>
   <trkpt lon="-4.492238" lat="36.708151"><ele>24.6</ele></trkpt>
   <trkpt lon="-4.492392" lat="36.708147"><ele>24.1</ele></trkpt>
   <trkpt lon="-4.492426" lat="36.708146"><ele>24.0</ele></trkpt>
   <trkpt lon="-4.492681" lat="36.708179"><ele>23.2</ele></trkpt>
   <trkpt lon="-4.492909" lat="36.708216"><ele>22.4</ele></trkpt>
   <trkpt lon="-4.493592" lat="36.708151"><ele>22.0</ele></trkpt>
   <trkpt lon="-4.493701" lat="36.708100"><ele>21.8</ele></trkpt>
   <trkpt lon="-4.493770" lat="36.708015"><ele>21.4</ele></trkpt>
   <trkpt lon="-4.494215" lat="36.707805"><ele>18.6</ele></trkpt>
   <trkpt lon="-4.495118" lat="36.707651"><ele>17.3</ele></trkpt>
   <trkpt lon="-4.496580" lat="36.707499"><ele>16.7</ele></trkpt>
   <trkpt lon="-4.497535" lat="36.707407"><ele>16.6</ele></trkpt>
   <trkpt lon="-4.501909" lat="36.706988"><ele>16.2</ele></trkpt>
   <trkpt lon="-4.502052" lat="36.706838"><ele>16.0</ele></trkpt>
   <trkpt lon="-4.502843" lat="36.706169"><ele>15.8</ele></trkpt>
   <trkpt lon="-4.503712" lat="36.705432"><ele>15.0</ele></trkpt>
   <trkpt lon="-4.503958" lat="36.705222"><ele>15.0</ele></trkpt>
   <trkpt lon="-4.505219" lat="36.704148"><ele>15.0</ele></trkpt>
   <trkpt lon="-4.505139" lat="36.704032"><ele>14.8</ele></trkpt>
   <trkpt lon="-4.505072" lat="36.703848"><ele>14.4</ele></trkpt>
   <trkpt lon="-4.505087" lat="36.703662"><ele>14.5</ele></trkpt>
   <trkpt lon="-4.505228" lat="36.703443"><ele>14.7</ele></trkpt>
   <trkpt lon="-4.505720" lat="36.702896"><ele>14.6</ele></trkpt>
   <trkpt lon="-4.506185" lat="36.702399"><ele>13.3</ele></trkpt>
   <trkpt lon="-4.506344" lat="36.702258"><ele>12.9</ele></trkpt>
   <trkpt lon="-4.506583" lat="36.702143"><ele>12.9</ele></trkpt>
   <trkpt lon="-4.506826" lat="36.702099"><ele>13.2</ele></trkpt>
   <trkpt lon="-4.507812" lat="36.702078"><ele>11.8</ele></trkpt>
   <trkpt lon="-4.508150" lat="36.702061"><ele>11.8</ele></trkpt>
   <trkpt lon="-4.508386" lat="36.701949"><ele>11.4</ele></trkpt>
   <trkpt lon="-4.508465" lat="36.701890"><ele>11.3</ele></trkpt>
   <trkpt lon="-4.508586" lat="36.701801"><ele>11.0</ele></trkpt>
   <trkpt lon="-4.509776" lat="36.700951"><ele>11.1</ele></trkpt>
   <trkpt lon="-4.511368" lat="36.699806"><ele>10.9</ele></trkpt>
   <trkpt lon="-4.511615" lat="36.699594"><ele>11.4</ele></trkpt>
   <trkpt lon="-4.511998" lat="36.699284"><ele>12.3</ele></trkpt>
   <trkpt lon="-4.512964" lat="36.698635"><ele>13.3</ele></trkpt>
   <trkpt lon="-4.513923" lat="36.697823"><ele>14.6</ele></trkpt>
   <trkpt lon="-4.514394" lat="36.697477"><ele>11.6</ele></trkpt>
   <trkpt lon="-4.514525" lat="36.697372"><ele>10.1</ele></trkpt>
   <trkpt lon="-4.514769" lat="36.697378"><ele>10.1</ele></trkpt>
   <trkpt lon="-4.514997" lat="36.697396"><ele>9.8</ele></trkpt>
   <trkpt lon="-4.515224" lat="36.697528"><ele>10.2</ele></trkpt>
   <trkpt lon="-4.515375" lat="36.697710"><ele>10.8</ele></trkpt>
   <trkpt lon="-4.515515" lat="36.698002"><ele>10.0</ele></trkpt>
   <trkpt lon="-4.515568" lat="36.698070"><ele>9.9</ele></trkpt>
   <trkpt lon="-4.515703" lat="36.698181"><ele>9.8</ele></trkpt>
   <trkpt lon="-4.515759" lat="36.698203"><ele>9.9</ele></trkpt>
   <trkpt lon="-4.515816" lat="36.698203"><ele>10.0</ele></trkpt>
   <trkpt lon="-4.516080" lat="36.698151"><ele>10.0</ele></trkpt>
   <trkpt lon="-4.516406" lat="36.698083"><ele>10.6</ele></trkpt>
   <trkpt lon="-4.516421" lat="36.697965"><ele>10.6</ele></trkpt>
   <trkpt lon="-4.516472" lat="36.697817"><ele>10.7</ele></trkpt>
   <trkpt lon="-4.516643" lat="36.697703"><ele>10.7</ele></trkpt>
   <trkpt lon="-4.516518" lat="36.697483"><ele>8.4</ele></trkpt>
   <trkpt lon="-4.516346" lat="36.697328"><ele>6.9</ele></trkpt>
   <trkpt lon="-4.516019" lat="36.697079"><ele>6.2</ele></trkpt>
   <trkpt lon="-4.515847" lat="36.696748"><ele>5.2</ele></trkpt>
   <trkpt lon="-4.515862" lat="36.696551"><ele>5.4</ele></trkpt>
   <trkpt lon="-4.515892" lat="36.696312"><ele>6.1</ele></trkpt>
   <trkpt lon="-4.515882" lat="36.695979"><ele>7.0</ele></trkpt>
   <trkpt lon="-4.515976" lat="36.695823"><ele>7.0</ele></trkpt>
   <trkpt lon="-4.516172" lat="36.695022"><ele>7.0</ele></trkpt>
   <trkpt lon="-4.516204" lat="36.694801"><ele>7.5</ele></trkpt>
   <trkpt lon="-4.516304" lat="36.694674"><ele>7.9</ele></trkpt>
   <trkpt lon="-4.516401" lat="36.694552"><ele>8.7</ele></trkpt>
   <trkpt lon="-4.517027" lat="36.694375"><ele>10.4</ele></trkpt>
   <trkpt lon="-4.517162" lat="36.694303"><ele>10.9</ele></trkpt>
   <trkpt lon="-4.516988" lat="36.694254"><ele>11.0</ele></trkpt>
   <trkpt lon="-4.516950" lat="36.694071"><ele>11.0</ele></trkpt>
   <trkpt lon="-4.516979" lat="36.693888"><ele>11.0</ele></trkpt>
   <trkpt lon="-4.517014" lat="36.693803"><ele>11.0</ele></trkpt>
   <trkpt lon="-4.517176" lat="36.693641"><ele>11.0</ele></trkpt>
   <trkpt lon="-4.517303" lat="36.693461"><ele>11.3</ele></trkpt>
   <trkpt lon="-4.517356" lat="36.693292"><ele>11.4</ele></trkpt>
   <trkpt lon="-4.517325" lat="36.693017"><ele>12.0</ele></trkpt>
   <trkpt lon="-4.517386" lat="36.692721"><ele>12.0</ele></trkpt>
   <trkpt lon="-4.517671" lat="36.692081"><ele>12.0</ele></trkpt>
   <trkpt lon="-4.518519" lat="36.690515"><ele>11.9</ele></trkpt>
   <trkpt lon="-4.518363" lat="36.690179"><ele>12.8</ele></trkpt>
   <trkpt lon="-4.518282" lat="36.689794"><ele>14.3</ele></trkpt>
   <trkpt lon="-4.518540" lat="36.689265"><ele>14.4</ele></trkpt>
   <trkpt lon="-4.518786" lat="36.688969"><ele>14.5</ele></trkpt>
   <trkpt lon="-4.518914" lat="36.688859"><ele>14.2</ele></trkpt>
   <trkpt lon="-4.519376" lat="36.688656"><ele>14.7</ele></trkpt>
   <trkpt lon="-4.519654" lat="36.688516"><ele>14.3</ele></trkpt>
   <trkpt lon="-4.519737" lat="36.688486"><ele>14.4</ele></trkpt>
   <trkpt lon="-4.519837" lat="36.688465"><ele>14.6</ele></trkpt>
   <trkpt lon="-4.520123" lat="36.688388"><ele>14.9</ele></trkpt>
   <trkpt lon="-4.520386" lat="36.688317"><ele>15.0</ele></trkpt>
   <trkpt lon="-4.521175" lat="36.688239"><ele>16.0</ele></trkpt>
   <trkpt lon="-4.521667" lat="36.688177"><ele>16.1</ele></trkpt>
   <trkpt lon="-4.522093" lat="36.688099"><ele>16.9</ele></trkpt>
   <trkpt lon="-4.522759" lat="36.687979"><ele>17.6</ele></trkpt>
   <trkpt lon="-4.522821" lat="36.687967"><ele>17.7</ele></trkpt>
   <trkpt lon="-4.522965" lat="36.687941"><ele>17.9</ele></trkpt>
   <trkpt lon="-4.523042" lat="36.687936"><ele>18.0</ele></trkpt>
   <trkpt lon="-4.523199" lat="36.687927"><ele>18.0</ele></trkpt>
   <trkpt lon="-4.523786" lat="36.687827"><ele>19.3</ele></trkpt>
   <trkpt lon="-4.524156" lat="36.687739"><ele>20.0</ele></trkpt>
   <trkpt lon="-4.524254" lat="36.687699"><ele>20.0</ele></trkpt>
   <trkpt lon="-4.524489" lat="36.687602"><ele>20.0</ele></trkpt>
   <trkpt lon="-4.524900" lat="36.687501"><ele>19.9</ele></trkpt>
   <trkpt lon="-4.526428" lat="36.687159"><ele>19.1</ele></trkpt>
   <trkpt lon="-4.526698" lat="36.687093"><ele>18.0</ele></trkpt>
   <trkpt lon="-4.527170" lat="36.686958"><ele>15.9</ele></trkpt>
   <trkpt lon="-4.528206" lat="36.686596"><ele>21.0</ele></trkpt>
   <trkpt lon="-4.528623" lat="36.686436"><ele>21.0</ele></trkpt>
   <trkpt lon="-4.529035" lat="36.686250"><ele>21.8</ele></trkpt>
   <trkpt lon="-4.529524" lat="36.685984"><ele>22.1</ele></trkpt>
   <trkpt lon="-4.530051" lat="36.685685"><ele>23.0</ele></trkpt>
   <trkpt lon="-4.530570" lat="36.685402"><ele>24.0</ele></trkpt>
   <trkpt lon="-4.531119" lat="36.685097"><ele>24.0</ele></trkpt>
   <trkpt lon="-4.531876" lat="36.684713"><ele>24.0</ele></trkpt>
   <trkpt lon="-4.532528" lat="36.684377"><ele>24.9</ele></trkpt>
   <trkpt lon="-4.532905" lat="36.684211"><ele>25.0</ele></trkpt>
   <trkpt lon="-4.533095" lat="36.684122"><ele>25.0</ele></trkpt>
   <trkpt lon="-4.533214" lat="36.684059"><ele>25.0</ele></trkpt>
   <trkpt lon="-4.533392" lat="36.683973"><ele>25.0</ele></trkpt>
   <trkpt lon="-4.533688" lat="36.683843"><ele>25.2</ele></trkpt>
   <trkpt lon="-4.534089" lat="36.683712"><ele>26.0</ele></trkpt>
   <trkpt lon="-4.534542" lat="36.683546"><ele>26.0</ele></trkpt>
   <trkpt lon="-4.534813" lat="36.683436"><ele>26.0</ele></trkpt>
   <trkpt lon="-4.535157" lat="36.683273"><ele>26.7</ele></trkpt>
   <trkpt lon="-4.535333" lat="36.683172"><ele>27.0</ele></trkpt>
   <trkpt lon="-4.535584" lat="36.683041"><ele>27.0</ele></trkpt>
   <trkpt lon="-4.535869" lat="36.682922"><ele>27.3</ele></trkpt>
   <trkpt lon="-4.536256" lat="36.682793"><ele>27.9</ele></trkpt>
   <trkpt lon="-4.536673" lat="36.682677"><ele>28.0</ele></trkpt>
   <trkpt lon="-4.536849" lat="36.682670"><ele>28.0</ele></trkpt>
   <trkpt lon="-4.536994" lat="36.682639"><ele>28.1</ele></trkpt>
   <trkpt lon="-4.537076" lat="36.682635"><ele>28.3</ele></trkpt>
   <trkpt lon="-4.537137" lat="36.682650"><ele>28.5</ele></trkpt>
   <trkpt lon="-4.537186" lat="36.682662"><ele>28.6</ele></trkpt>
   <trkpt lon="-4.537205" lat="36.682710"><ele>28.6</ele></trkpt>
   <trkpt lon="-4.537241" lat="36.682751"><ele>28.7</ele></trkpt>
   <trkpt lon="-4.537295" lat="36.682782"><ele>28.8</ele></trkpt>
   <trkpt lon="-4.537358" lat="36.682799"><ele>29.0</ele></trkpt>
   <trkpt lon="-4.537424" lat="36.682798"><ele>29.1</ele></trkpt>
   <trkpt lon="-4.537552" lat="36.682824"><ele>29.4</ele></trkpt>
   <trkpt lon="-4.537747" lat="36.682889"><ele>29.3</ele></trkpt>
   <trkpt lon="-4.537870" lat="36.682939"><ele>28.8</ele></trkpt>
   <trkpt lon="-4.538104" lat="36.683044"><ele>27.8</ele></trkpt>
   <trkpt lon="-4.538369" lat="36.683135"><ele>27.0</ele></trkpt>
   <trkpt lon="-4.538987" lat="36.683303"><ele>26.0</ele></trkpt>
   <trkpt lon="-4.541628" lat="36.683948"><ele>22.8</ele></trkpt>
   <trkpt lon="-4.542289" lat="36.684110"><ele>25.1</ele></trkpt>
   <trkpt lon="-4.543345" lat="36.684368"><ele>27.0</ele></trkpt>
   <trkpt lon="-4.545549" lat="36.684906"><ele>23.5</ele></trkpt>
   <trkpt lon="-4.546344" lat="36.685099"><ele>20.9</ele></trkpt>
   <trkpt lon="-4.549980" lat="36.686004"><ele>21.0</ele></trkpt>
   <trkpt lon="-4.550275" lat="36.686118"><ele>22.7</ele></trkpt>
   <trkpt lon="-4.550516" lat="36.686243"><ele>24.0</ele></trkpt>
   <trkpt lon="-4.550799" lat="36.686450"><ele>24.7</ele></trkpt>
   <trkpt lon="-4.551054" lat="36.686709"><ele>24.7</ele></trkpt>
   <trkpt lon="-4.551228" lat="36.686955"><ele>25.3</ele></trkpt>
   <trkpt lon="-4.552650" lat="36.689213"><ele>21.9</ele></trkpt>
   <trkpt lon="-4.552886" lat="36.689525"><ele>20.5</ele></trkpt>
   <trkpt lon="-4.553190" lat="36.689830"><ele>20.1</ele></trkpt>
   <trkpt lon="-4.553522" lat="36.690085"><ele>20.3</ele></trkpt>
   <trkpt lon="-4.553871" lat="36.690299"><ele>21.0</ele></trkpt>
   <trkpt lon="-4.554790" lat="36.690810"><ele>22.0</ele></trkpt>
   <trkpt lon="-4.556681" lat="36.691865"><ele>29.6</ele></trkpt>
   <trkpt lon="-4.557306" lat="36.692239"><ele>32.0</ele></trkpt>
   <trkpt lon="-4.558152" lat="36.692782"><ele>32.8</ele></trkpt>
   <trkpt lon="-4.558604" lat="36.693071"><ele>32.8</ele></trkpt>
   <trkpt lon="-4.561053" lat="36.694679"><ele>28.9</ele></trkpt>
   <trkpt lon="-4.561230" lat="36.694795"><ele>28.5</ele></trkpt>
   <trkpt lon="-4.562639" lat="36.695710"><ele>27.6</ele></trkpt>
   <trkpt lon="-4.563584" lat="36.696325"><ele>32.7</ele></trkpt>
   <trkpt lon="-4.563875" lat="36.696513"><ele>34.0</ele></trkpt>
   <trkpt lon="-4.565943" lat="36.697776"><ele>33.5</ele></trkpt>
   <trkpt lon="-4.566026" lat="36.697826"><ele>33.6</ele></trkpt>
   <trkpt lon="-4.566180" lat="36.697918"><ele>33.8</ele></trkpt>
   <trkpt lon="-4.566351" lat="36.698019"><ele>34.0</ele></trkpt>
   <trkpt lon="-4.566536" lat="36.698140"><ele>35.1</ele></trkpt>
   <trkpt lon="-4.567372" lat="36.698689"><ele>33.1</ele></trkpt>
   <trkpt lon="-4.567694" lat="36.698949"><ele>31.8</ele></trkpt>
   <trkpt lon="-4.567965" lat="36.699206"><ele>31.2</ele></trkpt>
   <trkpt lon="-4.568411" lat="36.699718"><ele>27.2</ele></trkpt>
   <trkpt lon="-4.568701" lat="36.700051"><ele>27.7</ele></trkpt>
   <trkpt lon="-4.569679" lat="36.701175"><ele>27.5</ele></trkpt>
   <trkpt lon="-4.570855" lat="36.702502"><ele>28.6</ele></trkpt>
   <trkpt lon="-4.571794" lat="36.703453"><ele>34.0</ele></trkpt>
   <trkpt lon="-4.573411" lat="36.705025"><ele>26.4</ele></trkpt>
   <trkpt lon="-4.573897" lat="36.705497"><ele>26.3</ele></trkpt>
   <trkpt lon="-4.573957" lat="36.705556"><ele>26.5</ele></trkpt>
   <trkpt lon="-4.574344" lat="36.705990"><ele>27.3</ele></trkpt>
   <trkpt lon="-4.574615" lat="36.706355"><ele>26.7</ele></trkpt>
   <trkpt lon="-4.575244" lat="36.707445"><ele>26.5</ele></trkpt>
   <trkpt lon="-4.575770" lat="36.708402"><ele>33.0</ele></trkpt>
   <trkpt lon="-4.575887" lat="36.708584"><ele>33.9</ele></trkpt>
   <trkpt lon="-4.575950" lat="36.708684"><ele>34.5</ele></trkpt>
   <trkpt lon="-4.576125" lat="36.708900"><ele>35.5</ele></trkpt>
   <trkpt lon="-4.576216" lat="36.708979"><ele>35.4</ele></trkpt>
   <trkpt lon="-4.576375" lat="36.709115"><ele>36.7</ele></trkpt>
   <trkpt lon="-4.576603" lat="36.709272"><ele>38.1</ele></trkpt>
   <trkpt lon="-4.577306" lat="36.709657"><ele>37.0</ele></trkpt>
   <trkpt lon="-4.577594" lat="36.709815"><ele>35.6</ele></trkpt>
   <trkpt lon="-4.577952" lat="36.710081"><ele>31.9</ele></trkpt>
   <trkpt lon="-4.578296" lat="36.710441"><ele>30.3</ele></trkpt>
   <trkpt lon="-4.578594" lat="36.710904"><ele>34.0</ele></trkpt>
   <trkpt lon="-4.579161" lat="36.711964"><ele>43.5</ele></trkpt>
   <trkpt lon="-4.579316" lat="36.712200"><ele>44.1</ele></trkpt>
   <trkpt lon="-4.579520" lat="36.712436"><ele>44.3</ele></trkpt>
   <trkpt lon="-4.579779" lat="36.712646"><ele>42.6</ele></trkpt>
   <trkpt lon="-4.580032" lat="36.712797"><ele>41.8</ele></trkpt>
   <trkpt lon="-4.580332" lat="36.712948"><ele>41.4</ele></trkpt>
   <trkpt lon="-4.583741" lat="36.714237"><ele>26.9</ele></trkpt>
   <trkpt lon="-4.584056" lat="36.713968"><ele>27.8</ele></trkpt>
   <trkpt lon="-4.584099" lat="36.713974"><ele>27.9</ele></trkpt>
   <trkpt lon="-4.584203" lat="36.713976"><ele>28.3</ele></trkpt>
   <trkpt lon="-4.584483" lat="36.713968"><ele>29.4</ele></trkpt>
   <trkpt lon="-4.584588" lat="36.713982"><ele>29.8</ele></trkpt>
   <trkpt lon="-4.584660" lat="36.714040"><ele>29.8</ele></trkpt>
   <trkpt lon="-4.584687" lat="36.714115"><ele>29.6</ele></trkpt>
   <trkpt lon="-4.584686" lat="36.714184"><ele>29.4</ele></trkpt>
   <trkpt lon="-4.584652" lat="36.714267"><ele>29.0</ele></trkpt>
   <trkpt lon="-4.584659" lat="36.714345"><ele>28.8</ele></trkpt>
   <trkpt lon="-4.584706" lat="36.714420"><ele>28.8</ele></trkpt>
   <trkpt lon="-4.584728" lat="36.714487"><ele>28.5</ele></trkpt>
   <trkpt lon="-4.584763" lat="36.714544"><ele>28.3</ele></trkpt>
   <trkpt lon="-4.584811" lat="36.714584"><ele>28.1</ele></trkpt>
   <trkpt lon="-4.585350" lat="36.714835"><ele>27.3</ele></trkpt>
   <trkpt lon="-4.585675" lat="36.715017"><ele>26.4</ele></trkpt>
   <trkpt lon="-4.586174" lat="36.715318"><ele>24.4</ele></trkpt>
   <trkpt lon="-4.587215" lat="36.715960"><ele>24.0</ele></trkpt>
   <trkpt lon="-4.588009" lat="36.716438"><ele>24.2</ele></trkpt>
   <trkpt lon="-4.588881" lat="36.716993"><ele>23.4</ele></trkpt>
   <trkpt lon="-4.589017" lat="36.717091"><ele>23.3</ele></trkpt>
   <trkpt lon="-4.589122" lat="36.717180"><ele>23.0</ele></trkpt>
   <trkpt lon="-4.589196" lat="36.717267"><ele>23.0</ele></trkpt>
   <trkpt lon="-4.589288" lat="36.717330"><ele>23.2</ele></trkpt>
   <trkpt lon="-4.589737" lat="36.717493"><ele>24.5</ele></trkpt>
   <trkpt lon="-4.589856" lat="36.717516"><ele>24.8</ele></trkpt>
   <trkpt lon="-4.589954" lat="36.717548"><ele>25.3</ele></trkpt>
   <trkpt lon="-4.590013" lat="36.717601"><ele>25.6</ele></trkpt>
   <trkpt lon="-4.590062" lat="36.717668"><ele>25.8</ele></trkpt>
   <trkpt lon="-4.590108" lat="36.717725"><ele>25.9</ele></trkpt>
   <trkpt lon="-4.590116" lat="36.717734"><ele>25.9</ele></trkpt>
   <trkpt lon="-4.590154" lat="36.717784"><ele>25.9</ele></trkpt>
   <trkpt lon="-4.590161" lat="36.717839"><ele>25.7</ele></trkpt>
   <trkpt lon="-4.590134" lat="36.717907"><ele>25.6</ele></trkpt>
   <trkpt lon="-4.590083" lat="36.717985"><ele>25.5</ele></trkpt>
   <trkpt lon="-4.590068" lat="36.718077"><ele>25.4</ele></trkpt>
   <trkpt lon="-4.590091" lat="36.718135"><ele>25.5</ele></trkpt>
   <trkpt lon="-4.590298" lat="36.718273"><ele>26.1</ele></trkpt>
   <trkpt lon="-4.590486" lat="36.718340"><ele>26.9</ele></trkpt>
   <trkpt lon="-4.590632" lat="36.718363"><ele>27.7</ele></trkpt>
   <trkpt lon="-4.590760" lat="36.718374"><ele>28.4</ele></trkpt>
   <trkpt lon="-4.590946" lat="36.718372"><ele>29.5</ele></trkpt>
   <trkpt lon="-4.591181" lat="36.718346"><ele>31.2</ele></trkpt>
   <trkpt lon="-4.591604" lat="36.718270"><ele>33.6</ele></trkpt>
   <trkpt lon="-4.591715" lat="36.718271"><ele>33.8</ele></trkpt>
   <trkpt lon="-4.591764" lat="36.718285"><ele>33.8</ele></trkpt>
   <trkpt lon="-4.591767" lat="36.718321"><ele>33.8</ele></trkpt>
   <trkpt lon="-4.591751" lat="36.718365"><ele>33.7</ele></trkpt>
   <trkpt lon="-4.591185" lat="36.718936"><ele>32.1</ele></trkpt>
   <trkpt lon="-4.591038" lat="36.719092"><ele>30.3</ele></trkpt>
   <trkpt lon="-4.591037" lat="36.719114"><ele>30.1</ele></trkpt>
   <trkpt lon="-4.591054" lat="36.719135"><ele>30.0</ele></trkpt>
   <trkpt lon="-4.591133" lat="36.719166"><ele>29.9</ele></trkpt>
   <trkpt lon="-4.591278" lat="36.719202"><ele>30.1</ele></trkpt>
   <trkpt lon="-4.591442" lat="36.719233"><ele>29.7</ele></trkpt>
   <trkpt lon="-4.591739" lat="36.719272"><ele>29.6</ele></trkpt>
   <trkpt lon="-4.591810" lat="36.719287"><ele>29.6</ele></trkpt>
   <trkpt lon="-4.591830" lat="36.719299"><ele>29.6</ele></trkpt>
   <trkpt lon="-4.591839" lat="36.719319"><ele>29.4</ele></trkpt>
   <trkpt lon="-4.591835" lat="36.719365"><ele>28.8</ele></trkpt>
   <trkpt lon="-4.591827" lat="36.719405"><ele>28.3</ele></trkpt>
   <trkpt lon="-4.591819" lat="36.719450"><ele>27.7</ele></trkpt>
   <trkpt lon="-4.591810" lat="36.719493"><ele>27.2</ele></trkpt>
   <trkpt lon="-4.591831" lat="36.719544"><ele>26.7</ele></trkpt>
   <trkpt lon="-4.592084" lat="36.719701"><ele>27.4</ele></trkpt>
   <trkpt lon="-4.592200" lat="36.719783"><ele>28.1</ele></trkpt>
   <trkpt lon="-4.592317" lat="36.719852"><ele>29.0</ele></trkpt>
   <trkpt lon="-4.592339" lat="36.719855"><ele>29.1</ele></trkpt>
   <trkpt lon="-4.592359" lat="36.719855"><ele>29.1</ele></trkpt>
   <trkpt lon="-4.592394" lat="36.719855"><ele>29.3</ele></trkpt>
   <trkpt lon="-4.592430" lat="36.719855"><ele>29.4</ele></trkpt>
   <trkpt lon="-4.592542" lat="36.719841"><ele>29.8</ele></trkpt>
   <trkpt lon="-4.592569" lat="36.719825"><ele>29.9</ele></trkpt>
   <trkpt lon="-4.592660" lat="36.719748"><ele>30.4</ele></trkpt>
   <trkpt lon="-4.592708" lat="36.719718"><ele>30.5</ele></trkpt>
   <trkpt lon="-4.592789" lat="36.719692"><ele>30.6</ele></trkpt>
   <trkpt lon="-4.592847" lat="36.719685"><ele>30.6</ele></trkpt>
   <trkpt lon="-4.593011" lat="36.719701"><ele>30.6</ele></trkpt>
   <trkpt lon="-4.593128" lat="36.719721"><ele>30.7</ele></trkpt>
   <trkpt lon="-4.593292" lat="36.719752"><ele>30.8</ele></trkpt>
   <trkpt lon="-4.593579" lat="36.719817"><ele>31.1</ele></trkpt>
   <trkpt lon="-4.594055" lat="36.719912"><ele>32.1</ele></trkpt>
   <trkpt lon="-4.594250" lat="36.719932"><ele>33.2</ele></trkpt>
   <trkpt lon="-4.594455" lat="36.719942"><ele>34.0</ele></trkpt>
   <trkpt lon="-4.594653" lat="36.719940"><ele>34.6</ele></trkpt>
   <trkpt lon="-4.595008" lat="36.719907"><ele>35.8</ele></trkpt>
   <trkpt lon="-4.596142" lat="36.719779"><ele>38.7</ele></trkpt>
   <trkpt lon="-4.596614" lat="36.719744"><ele>39.6</ele></trkpt>
   <trkpt lon="-4.597052" lat="36.719719"><ele>40.1</ele></trkpt>
   <trkpt lon="-4.598105" lat="36.719705"><ele>37.8</ele></trkpt>
   <trkpt lon="-4.598792" lat="36.719683"><ele>33.9</ele></trkpt>
   <trkpt lon="-4.599302" lat="36.719660"><ele>36.5</ele></trkpt>
   <trkpt lon="-4.599601" lat="36.719656"><ele>38.5</ele></trkpt>
   <trkpt lon="-4.599890" lat="36.719665"><ele>39.9</ele></trkpt>
   <trkpt lon="-4.600307" lat="36.719702"><ele>40.3</ele></trkpt>
   <trkpt lon="-4.600658" lat="36.719761"><ele>40.6</ele></trkpt>
   <trkpt lon="-4.601096" lat="36.719843"><ele>41.2</ele></trkpt>
   <trkpt lon="-4.601959" lat="36.720008"><ele>46.3</ele></trkpt>
   <trkpt lon="-4.602657" lat="36.720158"><ele>48.3</ele></trkpt>
   <trkpt lon="-4.603934" lat="36.720418"><ele>51.5</ele></trkpt>
   <trkpt lon="-4.604108" lat="36.720460"><ele>52.1</ele></trkpt>
   <trkpt lon="-4.604380" lat="36.720512"><ele>53.1</ele></trkpt>
   <trkpt lon="-4.604529" lat="36.720613"><ele>53.4</ele></trkpt>
   <trkpt lon="-4.604572" lat="36.720610"><ele>53.6</ele></trkpt>
   <trkpt lon="-4.604599" lat="36.720607"><ele>53.8</ele></trkpt>
   <trkpt lon="-4.604647" lat="36.720604"><ele>54.1</ele></trkpt>
   <trkpt lon="-4.604667" lat="36.720602"><ele>54.2</ele></trkpt>
   <trkpt lon="-4.604800" lat="36.720592"><ele>55.0</ele></trkpt>
   <trkpt lon="-4.605074" lat="36.720639"><ele>55.7</ele></trkpt>
   <trkpt lon="-4.605653" lat="36.720751"><ele>57.1</ele></trkpt>
   <trkpt lon="-4.606445" lat="36.720853"><ele>60.7</ele></trkpt>
   <trkpt lon="-4.606923" lat="36.720873"><ele>62.0</ele></trkpt>
   <trkpt lon="-4.608644" lat="36.720820"><ele>63.9</ele></trkpt>
   <trkpt lon="-4.608777" lat="36.720839"><ele>63.6</ele></trkpt>
   <trkpt lon="-4.608898" lat="36.720878"><ele>63.3</ele></trkpt>
   <trkpt lon="-4.608987" lat="36.720930"><ele>62.9</ele></trkpt>
   <trkpt lon="-4.609069" lat="36.720951"><ele>62.6</ele></trkpt>
   <trkpt lon="-4.609196" lat="36.720948"><ele>62.2</ele></trkpt>
   <trkpt lon="-4.609323" lat="36.720969"><ele>61.6</ele></trkpt>
   <trkpt lon="-4.609416" lat="36.721015"><ele>60.8</ele></trkpt>
   <trkpt lon="-4.609587" lat="36.721166"><ele>59.4</ele></trkpt>
   <trkpt lon="-4.609701" lat="36.721328"><ele>58.3</ele></trkpt>
   <trkpt lon="-4.609759" lat="36.721480"><ele>57.3</ele></trkpt>
   <trkpt lon="-4.609799" lat="36.721798"><ele>55.1</ele></trkpt>
   <trkpt lon="-4.609873" lat="36.721794"><ele>55.9</ele></trkpt>
   <trkpt lon="-4.609902" lat="36.721792"><ele>56.2</ele></trkpt>
   <trkpt lon="-4.610001" lat="36.721787"><ele>57.3</ele></trkpt>
   <trkpt lon="-4.610020" lat="36.721786"><ele>57.5</ele></trkpt>
   <trkpt lon="-4.610020" lat="36.721865"><ele>57.0</ele></trkpt>
   <trkpt lon="-4.610069" lat="36.722419"><ele>53.3</ele></trkpt>
   <trkpt lon="-4.610141" lat="36.722788"><ele>52.5</ele></trkpt>
   <trkpt lon="-4.610262" lat="36.723003"><ele>53.3</ele></trkpt>
   <trkpt lon="-4.610405" lat="36.723142"><ele>54.5</ele></trkpt>
   <trkpt lon="-4.610607" lat="36.723260"><ele>53.8</ele></trkpt>
   <trkpt lon="-4.610940" lat="36.723348"><ele>51.8</ele></trkpt>
   <trkpt lon="-4.611178" lat="36.723361"><ele>50.8</ele></trkpt>
   <trkpt lon="-4.611390" lat="36.723330"><ele>50.7</ele></trkpt>
   <trkpt lon="-4.612324" lat="36.723155"><ele>49.7</ele></trkpt>
   <trkpt lon="-4.613589" lat="36.722905"><ele>41.4</ele></trkpt>
   <trkpt lon="-4.614229" lat="36.722835"><ele>36.0</ele></trkpt>
   <trkpt lon="-4.614820" lat="36.722784"><ele>34.0</ele></trkpt>
   <trkpt lon="-4.614861" lat="36.722697"><ele>34.0</ele></trkpt>
   <trkpt lon="-4.614920" lat="36.722645"><ele>34.0</ele></trkpt>
   <trkpt lon="-4.615521" lat="36.722124"><ele>34.5</ele></trkpt>
   <trkpt lon="-4.616508" lat="36.721332"><ele>36.1</ele></trkpt>
   <trkpt lon="-4.616523" lat="36.721287"><ele>36.1</ele></trkpt>
   <trkpt lon="-4.616522" lat="36.721257"><ele>36.1</ele></trkpt>
   <trkpt lon="-4.616511" lat="36.721072"><ele>37.2</ele></trkpt>
   <trkpt lon="-4.616550" lat="36.721018"><ele>37.4</ele></trkpt>
   <trkpt lon="-4.616573" lat="36.720998"><ele>37.5</ele></trkpt>
   <trkpt lon="-4.616647" lat="36.720969"><ele>37.5</ele></trkpt>
   <trkpt lon="-4.616656" lat="36.720965"><ele>37.5</ele></trkpt>
   <trkpt lon="-4.616925" lat="36.720960"><ele>36.9</ele></trkpt>
   <trkpt lon="-4.617027" lat="36.720922"><ele>37.0</ele></trkpt>
   <trkpt lon="-4.619294" lat="36.719104"><ele>40.6</ele></trkpt>
   <trkpt lon="-4.619694" lat="36.718809"><ele>43.0</ele></trkpt>
   <trkpt lon="-4.620200" lat="36.718511"><ele>47.4</ele></trkpt>
   <trkpt lon="-4.620249" lat="36.718463"><ele>48.3</ele></trkpt>
   <trkpt lon="-4.620294" lat="36.718374"><ele>50.2</ele></trkpt>
   <trkpt lon="-4.620318" lat="36.718328"><ele>51.1</ele></trkpt>
   <trkpt lon="-4.620373" lat="36.718278"><ele>52.1</ele></trkpt>
   <trkpt lon="-4.620512" lat="36.718231"><ele>53.1</ele></trkpt>
   <trkpt lon="-4.620688" lat="36.718221"><ele>53.2</ele></trkpt>
   <trkpt lon="-4.620785" lat="36.718191"><ele>53.5</ele></trkpt>
   <trkpt lon="-4.620877" lat="36.718134"><ele>53.8</ele></trkpt>
   <trkpt lon="-4.621151" lat="36.717894"><ele>55.0</ele></trkpt>
   <trkpt lon="-4.621877" lat="36.717430"><ele>53.2</ele></trkpt>
   <trkpt lon="-4.621920" lat="36.717362"><ele>53.4</ele></trkpt>
   <trkpt lon="-4.621972" lat="36.717277"><ele>53.7</ele></trkpt>
   <trkpt lon="-4.622089" lat="36.717233"><ele>54.0</ele></trkpt>
   <trkpt lon="-4.622083" lat="36.717279"><ele>53.9</ele></trkpt>
   <trkpt lon="-4.622100" lat="36.717330"><ele>53.8</ele></trkpt>
   <trkpt lon="-4.622139" lat="36.717372"><ele>53.8</ele></trkpt>
   <trkpt lon="-4.622183" lat="36.717395"><ele>53.8</ele></trkpt>
   <trkpt lon="-4.622232" lat="36.717406"><ele>53.9</ele></trkpt>
   <trkpt lon="-4.622284" lat="36.717405"><ele>54.1</ele></trkpt>
   <trkpt lon="-4.622333" lat="36.717392"><ele>54.3</ele></trkpt>
   <trkpt lon="-4.622375" lat="36.717367"><ele>54.5</ele></trkpt>
   <trkpt lon="-4.622400" lat="36.717342"><ele>54.7</ele></trkpt>
   <trkpt lon="-4.622417" lat="36.717312"><ele>54.8</ele></trkpt>
   <trkpt lon="-4.622425" lat="36.717279"><ele>55.0</ele></trkpt>
   <trkpt lon="-4.622506" lat="36.717159"><ele>55.5</ele></trkpt>
   <trkpt lon="-4.622654" lat="36.717051"><ele>56.5</ele></trkpt>
   <trkpt lon="-4.623198" lat="36.716817"><ele>59.0</ele></trkpt>
   <trkpt lon="-4.623218" lat="36.716809"><ele>59.1</ele></trkpt>
   <trkpt lon="-4.623370" lat="36.716725"><ele>59.6</ele></trkpt>
   <trkpt lon="-4.624487" lat="36.716017"><ele>64.3</ele></trkpt>
   <trkpt lon="-4.624511" lat="36.715930"><ele>65.2</ele></trkpt>
   <trkpt lon="-4.624533" lat="36.715850"><ele>65.9</ele></trkpt>
   <trkpt lon="-4.626363" lat="36.714673"><ele>83.5</ele></trkpt>
   <trkpt lon="-4.626469" lat="36.714646"><ele>83.0</ele></trkpt>
   <trkpt lon="-4.626581" lat="36.714649"><ele>82.6</ele></trkpt>
   <trkpt lon="-4.626617" lat="36.714652"><ele>82.4</ele></trkpt>
   <trkpt lon="-4.626673" lat="36.714643"><ele>82.2</ele></trkpt>
   <trkpt lon="-4.626721" lat="36.714620"><ele>82.2</ele></trkpt>
   <trkpt lon="-4.626757" lat="36.714585"><ele>82.3</ele></trkpt>
   <trkpt lon="-4.626775" lat="36.714542"><ele>82.4</ele></trkpt>
   <trkpt lon="-4.626777" lat="36.714513"><ele>82.6</ele></trkpt>
   <trkpt lon="-4.626821" lat="36.714415"><ele>83.2</ele></trkpt>
   <trkpt lon="-4.626906" lat="36.714336"><ele>84.0</ele></trkpt>
   <trkpt lon="-4.627049" lat="36.714217"><ele>85.0</ele></trkpt>
   <trkpt lon="-4.627198" lat="36.714040"><ele>86.2</ele></trkpt>
   <trkpt lon="-4.627441" lat="36.713705"><ele>88.6</ele></trkpt>
   <trkpt lon="-4.627648" lat="36.713456"><ele>89.1</ele></trkpt>
   <trkpt lon="-4.627839" lat="36.713303"><ele>88.9</ele></trkpt>
   <trkpt lon="-4.627971" lat="36.713248"><ele>88.0</ele></trkpt>
   <trkpt lon="-4.628101" lat="36.713223"><ele>86.8</ele></trkpt>
   <trkpt lon="-4.628282" lat="36.713219"><ele>85.7</ele></trkpt>
   <trkpt lon="-4.628473" lat="36.713247"><ele>84.5</ele></trkpt>
   <trkpt lon="-4.629098" lat="36.713400"><ele>83.6</ele></trkpt>
   <trkpt lon="-4.629250" lat="36.713427"><ele>84.0</ele></trkpt>
   <trkpt lon="-4.629400" lat="36.713423"><ele>84.5</ele></trkpt>
   <trkpt lon="-4.629525" lat="36.713400"><ele>85.0</ele></trkpt>
   <trkpt lon="-4.629685" lat="36.713332"><ele>85.3</ele></trkpt>
   <trkpt lon="-4.629756" lat="36.713273"><ele>85.6</ele></trkpt>
   <trkpt lon="-4.629921" lat="36.713128"><ele>86.1</ele></trkpt>
   <trkpt lon="-4.629978" lat="36.713099"><ele>86.0</ele></trkpt>
   <trkpt lon="-4.630104" lat="36.713036"><ele>85.9</ele></trkpt>
   <trkpt lon="-4.630243" lat="36.712992"><ele>85.8</ele></trkpt>
   <trkpt lon="-4.630968" lat="36.712855"><ele>85.8</ele></trkpt>
   <trkpt lon="-4.631129" lat="36.712801"><ele>86.2</ele></trkpt>
   <trkpt lon="-4.631251" lat="36.712738"><ele>86.6</ele></trkpt>
   <trkpt lon="-4.631368" lat="36.712650"><ele>87.0</ele></trkpt>
   <trkpt lon="-4.631561" lat="36.712416"><ele>88.6</ele></trkpt>
   <trkpt lon="-4.631637" lat="36.712324"><ele>88.8</ele></trkpt>
   <trkpt lon="-4.631782" lat="36.712420"><ele>85.4</ele></trkpt>
   <trkpt lon="-4.632020" lat="36.712642"><ele>80.1</ele></trkpt>
   <trkpt lon="-4.632249" lat="36.712882"><ele>75.2</ele></trkpt>
   <trkpt lon="-4.632436" lat="36.712755"><ele>75.0</ele></trkpt>
   <trkpt lon="-4.632725" lat="36.712639"><ele>74.6</ele></trkpt>
   <trkpt lon="-4.633004" lat="36.712974"><ele>68.7</ele></trkpt>
   <trkpt lon="-4.632725" lat="36.712639"><ele>74.6</ele></trkpt>
   <trkpt lon="-4.632436" lat="36.712755"><ele>75.0</ele></trkpt>
   <trkpt lon="-4.632229" lat="36.712488"><ele>80.7</ele></trkpt>
   <trkpt lon="-4.632031" lat="36.712213"><ele>85.8</ele></trkpt>
   <trkpt lon="-4.632238" lat="36.712070"><ele>86.7</ele></trkpt>
   <trkpt lon="-4.632710" lat="36.711994"><ele>85.5</ele></trkpt>
   <trkpt lon="-4.632872" lat="36.711941"><ele>84.8</ele></trkpt>
   <trkpt lon="-4.633385" lat="36.711647"><ele>82.2</ele></trkpt>
   <trkpt lon="-4.633652" lat="36.711558"><ele>80.3</ele></trkpt>
   <trkpt lon="-4.634066" lat="36.711479"><ele>79.4</ele></trkpt>
   <trkpt lon="-4.634431" lat="36.711450"><ele>78.0</ele></trkpt>
   <trkpt lon="-4.635068" lat="36.711428"><ele>77.4</ele></trkpt>
   <trkpt lon="-4.635303" lat="36.711438"><ele>78.3</ele></trkpt>
   <trkpt lon="-4.635496" lat="36.711475"><ele>78.5</ele></trkpt>
   <trkpt lon="-4.635704" lat="36.711528"><ele>78.2</ele></trkpt>
   <trkpt lon="-4.636372" lat="36.711841"><ele>76.1</ele></trkpt>
   <trkpt lon="-4.636560" lat="36.711908"><ele>76.2</ele></trkpt>
   <trkpt lon="-4.636761" lat="36.711956"><ele>76.4</ele></trkpt>
   <trkpt lon="-4.637257" lat="36.712074"><ele>75.5</ele></trkpt>
   <trkpt lon="-4.638420" lat="36.712379"><ele>68.9</ele></trkpt>
   <trkpt lon="-4.638587" lat="36.712402"><ele>67.5</ele></trkpt>
   <trkpt lon="-4.638769" lat="36.712403"><ele>66.5</ele></trkpt>
   <trkpt lon="-4.638940" lat="36.712384"><ele>65.8</ele></trkpt>
   <trkpt lon="-4.639235" lat="36.712329"><ele>63.6</ele></trkpt>
   <trkpt lon="-4.640104" lat="36.712164"><ele>58.6</ele></trkpt>
   <trkpt lon="-4.640713" lat="36.712058"><ele>56.2</ele></trkpt>
   <trkpt lon="-4.640895" lat="36.712034"><ele>55.5</ele></trkpt>
   <trkpt lon="-4.641078" lat="36.712022"><ele>54.6</ele></trkpt>
   <trkpt lon="-4.641248" lat="36.712033"><ele>54.1</ele></trkpt>
   <trkpt lon="-4.641453" lat="36.712056"><ele>54.0</ele></trkpt>
   <trkpt lon="-4.641693" lat="36.712112"><ele>53.7</ele></trkpt>
   <trkpt lon="-4.641920" lat="36.712187"><ele>52.8</ele></trkpt>
   <trkpt lon="-4.642154" lat="36.712317"><ele>51.4</ele></trkpt>
   <trkpt lon="-4.642226" lat="36.712358"><ele>51.0</ele></trkpt>
   <trkpt lon="-4.642256" lat="36.712389"><ele>50.7</ele></trkpt>
   <trkpt lon="-4.642299" lat="36.712411"><ele>50.6</ele></trkpt>
   <trkpt lon="-4.642358" lat="36.712470"><ele>50.4</ele></trkpt>
   <trkpt lon="-4.642529" lat="36.712575"><ele>50.0</ele></trkpt>
   <trkpt lon="-4.642635" lat="36.712621"><ele>50.0</ele></trkpt>
   <trkpt lon="-4.643134" lat="36.712936"><ele>48.3</ele></trkpt>
   <trkpt lon="-4.644404" lat="36.713771"><ele>44.4</ele></trkpt>
   <trkpt lon="-4.644577" lat="36.713915"><ele>44.0</ele></trkpt>
   <trkpt lon="-4.644700" lat="36.714039"><ele>43.6</ele></trkpt>
   <trkpt lon="-4.644814" lat="36.714175"><ele>43.1</ele></trkpt>
   <trkpt lon="-4.644912" lat="36.714334"><ele>43.0</ele></trkpt>
   <trkpt lon="-4.644941" lat="36.714291"><ele>43.0</ele></trkpt>
   <trkpt lon="-4.644996" lat="36.714247"><ele>43.0</ele></trkpt>
   <trkpt lon="-4.645080" lat="36.714219"><ele>43.0</ele></trkpt>
   <trkpt lon="-4.645225" lat="36.714215"><ele>43.0</ele></trkpt>
   <trkpt lon="-4.645729" lat="36.714417"><ele>41.5</ele></trkpt>
   <trkpt lon="-4.646196" lat="36.714583"><ele>41.5</ele></trkpt>
   <trkpt lon="-4.647037" lat="36.714808"><ele>42.2</ele></trkpt>
   <trkpt lon="-4.647797" lat="36.715018"><ele>44.4</ele></trkpt>
   <trkpt lon="-4.648284" lat="36.715127"><ele>45.8</ele></trkpt>
   <trkpt lon="-4.648519" lat="36.715141"><ele>47.0</ele></trkpt>
   <trkpt lon="-4.648925" lat="36.715047"><ele>49.6</ele></trkpt>
   <trkpt lon="-4.649315" lat="36.714922"><ele>50.9</ele></trkpt>
   <trkpt lon="-4.649784" lat="36.714878"><ele>47.5</ele></trkpt>
   <trkpt lon="-4.650841" lat="36.714629"><ele>50.4</ele></trkpt>
   <trkpt lon="-4.651247" lat="36.714591"><ele>50.3</ele></trkpt>
   <trkpt lon="-4.653147" lat="36.714314"><ele>47.8</ele></trkpt>
   <trkpt lon="-4.653741" lat="36.714259"><ele>50.5</ele></trkpt>
   <trkpt lon="-4.653966" lat="36.714203"><ele>52.0</ele></trkpt>
   <trkpt lon="-4.654595" lat="36.714105"><ele>54.2</ele></trkpt>
   <trkpt lon="-4.655255" lat="36.714065"><ele>53.2</ele></trkpt>
   <trkpt lon="-4.655408" lat="36.714066"><ele>52.7</ele></trkpt>
   <trkpt lon="-4.655781" lat="36.714136"><ele>49.4</ele></trkpt>
   <trkpt lon="-4.655934" lat="36.714147"><ele>48.3</ele></trkpt>
   <trkpt lon="-4.656221" lat="36.714094"><ele>47.3</ele></trkpt>
   <trkpt lon="-4.657003" lat="36.713984"><ele>45.4</ele></trkpt>
   <trkpt lon="-4.657404" lat="36.713974"><ele>45.6</ele></trkpt>
   <trkpt lon="-4.657862" lat="36.714028"><ele>46.1</ele></trkpt>
   <trkpt lon="-4.658635" lat="36.714215"><ele>44.5</ele></trkpt>
   <trkpt lon="-4.660130" lat="36.714337"><ele>50.9</ele></trkpt>
   <trkpt lon="-4.660302" lat="36.714381"><ele>51.1</ele></trkpt>
   <trkpt lon="-4.661306" lat="36.714777"><ele>45.0</ele></trkpt>
   <trkpt lon="-4.661591" lat="36.714878"><ele>44.1</ele></trkpt>
   <trkpt lon="-4.662613" lat="36.715260"><ele>42.0</ele></trkpt>
   <trkpt lon="-4.663009" lat="36.715438"><ele>41.0</ele></trkpt>
   <trkpt lon="-4.663068" lat="36.715460"><ele>40.7</ele></trkpt>
   <trkpt lon="-4.663457" lat="36.715612"><ele>39.9</ele></trkpt>
   <trkpt lon="-4.663563" lat="36.715653"><ele>39.4</ele></trkpt>
   <trkpt lon="-4.663497" lat="36.715779"><ele>39.9</ele></trkpt>
   <trkpt lon="-4.663490" lat="36.715967"><ele>39.7</ele></trkpt>
   <trkpt lon="-4.663533" lat="36.716271"><ele>39.1</ele></trkpt>
   <trkpt lon="-4.663553" lat="36.716362"><ele>38.9</ele></trkpt>
   <trkpt lon="-4.664179" lat="36.716711"><ele>42.3</ele></trkpt>
   <trkpt lon="-4.665099" lat="36.717253"><ele>46.5</ele></trkpt>
   <trkpt lon="-4.665678" lat="36.717579"><ele>49.4</ele></trkpt>
   <trkpt lon="-4.666245" lat="36.718059"><ele>53.0</ele></trkpt>
   <trkpt lon="-4.666767" lat="36.718395"><ele>55.2</ele></trkpt>
   <trkpt lon="-4.666881" lat="36.718467"><ele>55.6</ele></trkpt>
   <trkpt lon="-4.666933" lat="36.718537"><ele>56.1</ele></trkpt>
   <trkpt lon="-4.666962" lat="36.718615"><ele>56.7</ele></trkpt>
   <trkpt lon="-4.666967" lat="36.718691"><ele>57.3</ele></trkpt>
   <trkpt lon="-4.667003" lat="36.718745"><ele>57.8</ele></trkpt>
   <trkpt lon="-4.666970" lat="36.718790"><ele>58.1</ele></trkpt>
   <trkpt lon="-4.666775" lat="36.718920"><ele>58.1</ele></trkpt>
   <trkpt lon="-4.666652" lat="36.718961"><ele>58.0</ele></trkpt>
   <trkpt lon="-4.666515" lat="36.718986"><ele>58.0</ele></trkpt>
   <trkpt lon="-4.665691" lat="36.719135"><ele>57.7</ele></trkpt>
   <trkpt lon="-4.665508" lat="36.719201"><ele>57.4</ele></trkpt>
   <trkpt lon="-4.664933" lat="36.719470"><ele>55.0</ele></trkpt>
   <trkpt lon="-4.664811" lat="36.719585"><ele>54.9</ele></trkpt>
   <trkpt lon="-4.664652" lat="36.719995"><ele>55.6</ele></trkpt>
   <trkpt lon="-4.664433" lat="36.720395"><ele>54.5</ele></trkpt>
   <trkpt lon="-4.663998" lat="36.720969"><ele>53.2</ele></trkpt>
   <trkpt lon="-4.663548" lat="36.721965"><ele>52.5</ele></trkpt>
   <trkpt lon="-4.662629" lat="36.725336"><ele>39.1</ele></trkpt>
   <trkpt lon="-4.663253" lat="36.725522"><ele>39.5</ele></trkpt>
   <trkpt lon="-4.664117" lat="36.725544"><ele>39.6</ele></trkpt>
   <trkpt lon="-4.664644" lat="36.725589"><ele>40.0</ele></trkpt>
   <trkpt lon="-4.665030" lat="36.725679"><ele>40.0</ele></trkpt>
   <trkpt lon="-4.665999" lat="36.725713"><ele>39.1</ele></trkpt>
   <trkpt lon="-4.666553" lat="36.725949"><ele>38.6</ele></trkpt>
   <trkpt lon="-4.667845" lat="36.726293"><ele>39.3</ele></trkpt>
   <trkpt lon="-4.669600" lat="36.726495"><ele>40.1</ele></trkpt>
   <trkpt lon="-4.671587" lat="36.726838"><ele>42.0</ele></trkpt>
   <trkpt lon="-4.672676" lat="36.726917"><ele>43.3</ele></trkpt>
   <trkpt lon="-4.672939" lat="36.726884"><ele>44.1</ele></trkpt>
   <trkpt lon="-4.673188" lat="36.726822"><ele>45.1</ele></trkpt>
   <trkpt lon="-4.673882" lat="36.726730"><ele>43.0</ele></trkpt>
   <trkpt lon="-4.674174" lat="36.726726"><ele>42.1</ele></trkpt>
   <trkpt lon="-4.674263" lat="36.726738"><ele>41.8</ele></trkpt>
   <trkpt lon="-4.674385" lat="36.726725"><ele>41.5</ele></trkpt>
   <trkpt lon="-4.674391" lat="36.726974"><ele>39.7</ele></trkpt>
   <trkpt lon="-4.674309" lat="36.727467"><ele>37.2</ele></trkpt>
   <trkpt lon="-4.674302" lat="36.727745"><ele>37.2</ele></trkpt>
   <trkpt lon="-4.674243" lat="36.728088"><ele>37.0</ele></trkpt>
   <trkpt lon="-4.674191" lat="36.728267"><ele>37.0</ele></trkpt>
   <trkpt lon="-4.674178" lat="36.728464"><ele>37.0</ele></trkpt>
   <trkpt lon="-4.674196" lat="36.728588"><ele>37.0</ele></trkpt>
   <trkpt lon="-4.674223" lat="36.728638"><ele>37.0</ele></trkpt>
   <trkpt lon="-4.674241" lat="36.728709"><ele>37.0</ele></trkpt>
   <trkpt lon="-4.674304" lat="36.728745"><ele>37.0</ele></trkpt>
   <trkpt lon="-4.674406" lat="36.728866"><ele>37.0</ele></trkpt>
   <trkpt lon="-4.674518" lat="36.729130"><ele>36.9</ele></trkpt>
   <trkpt lon="-4.674690" lat="36.729657"><ele>34.8</ele></trkpt>
   <trkpt lon="-4.674625" lat="36.729912"><ele>34.4</ele></trkpt>
   <trkpt lon="-4.674554" lat="36.730056"><ele>34.8</ele></trkpt>
   <trkpt lon="-4.674485" lat="36.730143"><ele>35.1</ele></trkpt>
   <trkpt lon="-4.674439" lat="36.730270"><ele>36.0</ele></trkpt>
   <trkpt lon="-4.674141" lat="36.730376"><ele>36.1</ele></trkpt>
   <trkpt lon="-4.673865" lat="36.730763"><ele>37.7</ele></trkpt>
   <trkpt lon="-4.673863" lat="36.730914"><ele>38.0</ele></trkpt>
   <trkpt lon="-4.673839" lat="36.730926"><ele>38.0</ele></trkpt>
   <trkpt lon="-4.674132" lat="36.732248"><ele>39.0</ele></trkpt>
   <trkpt lon="-4.674347" lat="36.733037"><ele>40.2</ele></trkpt>
   <trkpt lon="-4.674424" lat="36.733531"><ele>41.0</ele></trkpt>
   <trkpt lon="-4.674453" lat="36.733993"><ele>41.2</ele></trkpt>
   <trkpt lon="-4.674461" lat="36.734127"><ele>41.5</ele></trkpt>
   <trkpt lon="-4.674591" lat="36.734552"><ele>42.0</ele></trkpt>
   <trkpt lon="-4.674570" lat="36.735031"><ele>43.3</ele></trkpt>
   <trkpt lon="-4.674442" lat="36.735279"><ele>44.1</ele></trkpt>
   <trkpt lon="-4.674715" lat="36.735353"><ele>44.0</ele></trkpt>
   <trkpt lon="-4.674904" lat="36.735381"><ele>43.8</ele></trkpt>
   <trkpt lon="-4.675198" lat="36.735376"><ele>43.4</ele></trkpt>
   <trkpt lon="-4.677495" lat="36.735067"><ele>43.5</ele></trkpt>
   <trkpt lon="-4.678335" lat="36.734905"><ele>43.0</ele></trkpt>
   <trkpt lon="-4.678577" lat="36.734816"><ele>43.8</ele></trkpt>
   <trkpt lon="-4.679480" lat="36.734433"><ele>44.3</ele></trkpt>
   <trkpt lon="-4.680161" lat="36.734319"><ele>45.6</ele></trkpt>
   <trkpt lon="-4.682284" lat="36.734261"><ele>51.0</ele></trkpt>
   <trkpt lon="-4.682899" lat="36.734242"><ele>50.0</ele></trkpt>
   <trkpt lon="-4.683348" lat="36.734250"><ele>50.8</ele></trkpt>
   <trkpt lon="-4.683587" lat="36.734300"><ele>51.7</ele></trkpt>
   <trkpt lon="-4.684020" lat="36.734439"><ele>53.1</ele></trkpt>
   <trkpt lon="-4.684417" lat="36.734604"><ele>54.8</ele></trkpt>
   <trkpt lon="-4.685266" lat="36.734796"><ele>56.6</ele></trkpt>
   <trkpt lon="-4.685617" lat="36.734963"><ele>57.4</ele></trkpt>
   <trkpt lon="-4.685922" lat="36.735136"><ele>58.8</ele></trkpt>
   <trkpt lon="-4.686196" lat="36.735191"><ele>58.6</ele></trkpt>
   <trkpt lon="-4.686607" lat="36.735231"><ele>59.4</ele></trkpt>
   <trkpt lon="-4.687186" lat="36.735379"><ele>61.7</ele></trkpt>
   <trkpt lon="-4.687900" lat="36.735609"><ele>61.1</ele></trkpt>
   <trkpt lon="-4.688715" lat="36.736009"><ele>63.2</ele></trkpt>
   <trkpt lon="-4.688977" lat="36.736287"><ele>64.9</ele></trkpt>
   <trkpt lon="-4.689360" lat="36.736901"><ele>65.0</ele></trkpt>
   <trkpt lon="-4.690145" lat="36.737375"><ele>58.9</ele></trkpt>
   <trkpt lon="-4.690503" lat="36.737448"><ele>58.6</ele></trkpt>
   <trkpt lon="-4.691175" lat="36.737451"><ele>58.7</ele></trkpt>
   <trkpt lon="-4.691599" lat="36.737333"><ele>60.7</ele></trkpt>
   <trkpt lon="-4.691971" lat="36.737265"><ele>62.9</ele></trkpt>
   <trkpt lon="-4.692151" lat="36.737288"><ele>63.0</ele></trkpt>
   <trkpt lon="-4.692417" lat="36.737396"><ele>62.9</ele></trkpt>
   <trkpt lon="-4.692757" lat="36.737642"><ele>60.8</ele></trkpt>
   <trkpt lon="-4.693074" lat="36.737834"><ele>59.2</ele></trkpt>
   <trkpt lon="-4.693351" lat="36.737966"><ele>58.0</ele></trkpt>
   <trkpt lon="-4.693653" lat="36.738017"><ele>57.3</ele></trkpt>
   <trkpt lon="-4.694223" lat="36.738060"><ele>59.2</ele></trkpt>
   <trkpt lon="-4.695038" lat="36.738285"><ele>61.0</ele></trkpt>
   <trkpt lon="-4.696082" lat="36.738944"><ele>59.0</ele></trkpt>
   <trkpt lon="-4.696228" lat="36.738994"><ele>58.6</ele></trkpt>
   <trkpt lon="-4.696947" lat="36.739238"><ele>59.0</ele></trkpt>
   <trkpt lon="-4.697201" lat="36.739473"><ele>59.1</ele></trkpt>
   <trkpt lon="-4.697359" lat="36.739710"><ele>59.3</ele></trkpt>
   <trkpt lon="-4.697449" lat="36.740003"><ele>59.0</ele></trkpt>
   <trkpt lon="-4.697424" lat="36.740490"><ele>59.2</ele></trkpt>
   <trkpt lon="-4.697449" lat="36.740898"><ele>58.5</ele></trkpt>
   <trkpt lon="-4.697603" lat="36.741246"><ele>58.1</ele></trkpt>
   <trkpt lon="-4.697714" lat="36.741596"><ele>59.4</ele></trkpt>
   <trkpt lon="-4.698008" lat="36.743045"><ele>65.8</ele></trkpt>
   <trkpt lon="-4.698403" lat="36.744059"><ele>68.0</ele></trkpt>
   <trkpt lon="-4.698684" lat="36.744782"><ele>70.3</ele></trkpt>
   <trkpt lon="-4.699172" lat="36.745979"><ele>73.3</ele></trkpt>
   <trkpt lon="-4.699397" lat="36.746356"><ele>74.0</ele></trkpt>
   <trkpt lon="-4.700676" lat="36.748419"><ele>73.8</ele></trkpt>
   <trkpt lon="-4.700848" lat="36.748746"><ele>74.2</ele></trkpt>
   <trkpt lon="-4.700907" lat="36.749085"><ele>75.8</ele></trkpt>
   <trkpt lon="-4.700869" lat="36.749383"><ele>78.1</ele></trkpt>
   <trkpt lon="-4.700710" lat="36.749836"><ele>83.9</ele></trkpt>
   <trkpt lon="-4.700678" lat="36.750088"><ele>85.4</ele></trkpt>
   <trkpt lon="-4.700872" lat="36.750649"><ele>78.9</ele></trkpt>
   <trkpt lon="-4.701181" lat="36.751467"><ele>92.1</ele></trkpt>
   <trkpt lon="-4.701824" lat="36.753473"><ele>58.8</ele></trkpt>
   <trkpt lon="-4.702114" lat="36.754073"><ele>61.9</ele></trkpt>
   <trkpt lon="-4.702469" lat="36.754632"><ele>59.3</ele></trkpt>
   <trkpt lon="-4.702946" lat="36.755162"><ele>59.1</ele></trkpt>
   <trkpt lon="-4.703410" lat="36.755600"><ele>61.3</ele></trkpt>
   <trkpt lon="-4.703900" lat="36.755980"><ele>59.0</ele></trkpt>
   <trkpt lon="-4.705612" lat="36.756972"><ele>58.8</ele></trkpt>
   <trkpt lon="-4.706033" lat="36.757178"><ele>59.3</ele></trkpt>
   <trkpt lon="-4.706582" lat="36.757344"><ele>58.1</ele></trkpt>
   <trkpt lon="-4.707253" lat="36.757547"><ele>58.8</ele></trkpt>
   <trkpt lon="-4.707698" lat="36.757738"><ele>60.6</ele></trkpt>
   <trkpt lon="-4.708244" lat="36.758040"><ele>64.0</ele></trkpt>
   <trkpt lon="-4.708588" lat="36.758223"><ele>66.0</ele></trkpt>
   <trkpt lon="-4.709011" lat="36.758382"><ele>67.6</ele></trkpt>
   <trkpt lon="-4.709828" lat="36.758598"><ele>70.4</ele></trkpt>
   <trkpt lon="-4.710415" lat="36.758745"><ele>73.7</ele></trkpt>
   <trkpt lon="-4.710464" lat="36.758757"><ele>74.1</ele></trkpt>
   <trkpt lon="-4.711035" lat="36.758956"><ele>78.3</ele></trkpt>
   <trkpt lon="-4.711630" lat="36.759391"><ele>79.2</ele></trkpt>
   <trkpt lon="-4.711771" lat="36.759566"><ele>79.4</ele></trkpt>
   <trkpt lon="-4.711866" lat="36.759784"><ele>80.9</ele></trkpt>
   <trkpt lon="-4.711889" lat="36.760084"><ele>82.7</ele></trkpt>
   <trkpt lon="-4.711820" lat="36.760515"><ele>83.3</ele></trkpt>
   <trkpt lon="-4.711868" lat="36.761329"><ele>74.2</ele></trkpt>
   <trkpt lon="-4.711698" lat="36.762129"><ele>66.5</ele></trkpt>
   <trkpt lon="-4.711574" lat="36.762551"><ele>67.0</ele></trkpt>
   <trkpt lon="-4.711510" lat="36.762662"><ele>67.2</ele></trkpt>
   <trkpt lon="-4.711133" lat="36.763139"><ele>68.0</ele></trkpt>
   <trkpt lon="-4.710991" lat="36.763296"><ele>68.1</ele></trkpt>
   <trkpt lon="-4.710767" lat="36.763546"><ele>68.9</ele></trkpt>
   <trkpt lon="-4.710616" lat="36.763715"><ele>69.4</ele></trkpt>
   <trkpt lon="-4.710535" lat="36.763804"><ele>69.6</ele></trkpt>
   <trkpt lon="-4.710403" lat="36.763958"><ele>70.1</ele></trkpt>
   <trkpt lon="-4.710364" lat="36.763969"><ele>70.3</ele></trkpt>
   <trkpt lon="-4.710330" lat="36.763987"><ele>70.4</ele></trkpt>
   <trkpt lon="-4.710302" lat="36.764012"><ele>70.5</ele></trkpt>
   <trkpt lon="-4.710283" lat="36.764041"><ele>70.6</ele></trkpt>
   <trkpt lon="-4.710274" lat="36.764073"><ele>70.7</ele></trkpt>
   <trkpt lon="-4.710274" lat="36.764105"><ele>70.7</ele></trkpt>
   <trkpt lon="-4.710285" lat="36.764137"><ele>70.8</ele></trkpt>
   <trkpt lon="-4.710302" lat="36.764164"><ele>70.8</ele></trkpt>
   <trkpt lon="-4.710357" lat="36.764204"><ele>70.8</ele></trkpt>
   <trkpt lon="-4.710395" lat="36.764386"><ele>71.3</ele></trkpt>
   <trkpt lon="-4.710405" lat="36.764610"><ele>72.0</ele></trkpt>
   <trkpt lon="-4.710431" lat="36.765001"><ele>72.0</ele></trkpt>
   <trkpt lon="-4.710600" lat="36.766309"><ele>74.0</ele></trkpt>
   <trkpt lon="-4.710616" lat="36.766600"><ele>74.0</ele></trkpt>
   <trkpt lon="-4.710590" lat="36.766889"><ele>74.7</ele></trkpt>
   <trkpt lon="-4.710516" lat="36.767148"><ele>74.9</ele></trkpt>
   <trkpt lon="-4.709648" lat="36.769298"><ele>79.5</ele></trkpt>
   <trkpt lon="-4.709088" lat="36.770678"><ele>83.3</ele></trkpt>
   <trkpt lon="-4.708997" lat="36.770859"><ele>85.2</ele></trkpt>
   <trkpt lon="-4.708960" lat="36.770878"><ele>85.5</ele></trkpt>
   <trkpt lon="-4.708928" lat="36.770906"><ele>85.9</ele></trkpt>
   <trkpt lon="-4.708906" lat="36.770941"><ele>86.3</ele></trkpt>
   <trkpt lon="-4.708897" lat="36.770986"><ele>86.6</ele></trkpt>
   <trkpt lon="-4.708905" lat="36.771024"><ele>86.9</ele></trkpt>
   <trkpt lon="-4.708925" lat="36.771058"><ele>87.1</ele></trkpt>
   <trkpt lon="-4.708949" lat="36.771082"><ele>87.2</ele></trkpt>
   <trkpt lon="-4.708976" lat="36.771148"><ele>87.7</ele></trkpt>
   <trkpt lon="-4.709067" lat="36.771292"><ele>88.7</ele></trkpt>
   <trkpt lon="-4.709101" lat="36.771332"><ele>88.8</ele></trkpt>
   <trkpt lon="-4.709188" lat="36.771476"><ele>89.5</ele></trkpt>
   <trkpt lon="-4.709228" lat="36.771556"><ele>89.9</ele></trkpt>
   <trkpt lon="-4.709288" lat="36.771668"><ele>90.4</ele></trkpt>
   <trkpt lon="-4.709388" lat="36.771822"><ele>91.7</ele></trkpt>
   <trkpt lon="-4.709497" lat="36.771912"><ele>92.5</ele></trkpt>
   <trkpt lon="-4.709772" lat="36.772002"><ele>92.8</ele></trkpt>
   <trkpt lon="-4.709998" lat="36.772100"><ele>93.8</ele></trkpt>
   <trkpt lon="-4.710056" lat="36.772141"><ele>94.6</ele></trkpt>
   <trkpt lon="-4.710232" lat="36.772259"><ele>96.7</ele></trkpt>
   <trkpt lon="-4.710374" lat="36.772385"><ele>99.2</ele></trkpt>
   <trkpt lon="-4.710393" lat="36.772489"><ele>101.4</ele></trkpt>
   <trkpt lon="-4.710378" lat="36.772560"><ele>102.2</ele></trkpt>
   <trkpt lon="-4.710324" lat="36.772644"><ele>103.5</ele></trkpt>
   <trkpt lon="-4.709940" lat="36.772825"><ele>108.4</ele></trkpt>
   <trkpt lon="-4.709777" lat="36.772869"><ele>108.6</ele></trkpt>
   <trkpt lon="-4.709214" lat="36.772925"><ele>111.4</ele></trkpt>
   <trkpt lon="-4.709073" lat="36.772976"><ele>112.8</ele></trkpt>
   <trkpt lon="-4.708954" lat="36.773035"><ele>115.1</ele></trkpt>
   <trkpt lon="-4.708897" lat="36.773097"><ele>116.7</ele></trkpt>
   <trkpt lon="-4.708885" lat="36.773210"><ele>118.2</ele></trkpt>
   <trkpt lon="-4.708902" lat="36.773266"><ele>118.4</ele></trkpt>
   <trkpt lon="-4.708933" lat="36.773317"><ele>118.1</ele></trkpt>
   <trkpt lon="-4.709304" lat="36.773591"><ele>112.4</ele></trkpt>
   <trkpt lon="-4.709362" lat="36.773681"><ele>113.2</ele></trkpt>
   <trkpt lon="-4.709383" lat="36.773735"><ele>114.0</ele></trkpt>
   <trkpt lon="-4.709387" lat="36.773824"><ele>116.2</ele></trkpt>
   <trkpt lon="-4.709345" lat="36.773899"><ele>117.7</ele></trkpt>
   <trkpt lon="-4.709003" lat="36.774230"><ele>125.4</ele></trkpt>
   <trkpt lon="-4.708776" lat="36.774463"><ele>123.2</ele></trkpt>
   <trkpt lon="-4.708545" lat="36.774631"><ele>123.8</ele></trkpt>
   <trkpt lon="-4.708485" lat="36.774742"><ele>122.5</ele></trkpt>
   <trkpt lon="-4.708477" lat="36.774865"><ele>119.8</ele></trkpt>
   <trkpt lon="-4.708485" lat="36.775034"><ele>117.1</ele></trkpt>
   <trkpt lon="-4.708463" lat="36.775114"><ele>116.6</ele></trkpt>
   <trkpt lon="-4.708384" lat="36.775277"><ele>117.7</ele></trkpt>
   <trkpt lon="-4.708387" lat="36.775341"><ele>117.6</ele></trkpt>
   <trkpt lon="-4.708413" lat="36.775414"><ele>116.8</ele></trkpt>
   <trkpt lon="-4.708502" lat="36.775489"><ele>114.0</ele></trkpt>
   <trkpt lon="-4.708787" lat="36.775638"><ele>107.2</ele></trkpt>
   <trkpt lon="-4.709038" lat="36.775715"><ele>102.6</ele></trkpt>
   <trkpt lon="-4.709238" lat="36.775792"><ele>99.7</ele></trkpt>
   <trkpt lon="-4.709301" lat="36.775864"><ele>99.8</ele></trkpt>
   <trkpt lon="-4.709319" lat="36.775916"><ele>100.0</ele></trkpt>
   <trkpt lon="-4.709321" lat="36.775973"><ele>100.5</ele></trkpt>
   <trkpt lon="-4.709295" lat="36.776050"><ele>101.8</ele></trkpt>
   <trkpt lon="-4.709173" lat="36.776158"><ele>105.6</ele></trkpt>
   <trkpt lon="-4.709012" lat="36.776333"><ele>108.7</ele></trkpt>
   <trkpt lon="-4.708975" lat="36.776401"><ele>108.8</ele></trkpt>
   <trkpt lon="-4.708946" lat="36.776498"><ele>108.3</ele></trkpt>
   <trkpt lon="-4.708947" lat="36.776543"><ele>107.8</ele></trkpt>
   <trkpt lon="-4.709003" lat="36.776600"><ele>106.3</ele></trkpt>
   <trkpt lon="-4.709051" lat="36.776620"><ele>105.3</ele></trkpt>
   <trkpt lon="-4.709162" lat="36.776629"><ele>103.1</ele></trkpt>
   <trkpt lon="-4.709403" lat="36.776632"><ele>98.3</ele></trkpt>
   <trkpt lon="-4.709544" lat="36.776667"><ele>95.9</ele></trkpt>
   <trkpt lon="-4.709708" lat="36.776730"><ele>93.5</ele></trkpt>
   <trkpt lon="-4.709863" lat="36.776860"><ele>92.3</ele></trkpt>
   <trkpt lon="-4.709949" lat="36.776999"><ele>92.6</ele></trkpt>
   <trkpt lon="-4.710057" lat="36.777317"><ele>93.5</ele></trkpt>
   <trkpt lon="-4.710181" lat="36.777531"><ele>90.9</ele></trkpt>
   <trkpt lon="-4.710369" lat="36.777706"><ele>87.8</ele></trkpt>
   <trkpt lon="-4.710736" lat="36.777920"><ele>82.5</ele></trkpt>
   <trkpt lon="-4.711225" lat="36.778178"><ele>79.6</ele></trkpt>
   <trkpt lon="-4.711337" lat="36.778269"><ele>80.0</ele></trkpt>
   <trkpt lon="-4.711400" lat="36.778353"><ele>80.7</ele></trkpt>
   <trkpt lon="-4.711394" lat="36.778876"><ele>85.4</ele></trkpt>
   <trkpt lon="-4.711409" lat="36.779144"><ele>84.8</ele></trkpt>
   <trkpt lon="-4.711492" lat="36.779642"><ele>82.8</ele></trkpt>
   <trkpt lon="-4.711527" lat="36.780007"><ele>84.4</ele></trkpt>
   <trkpt lon="-4.711492" lat="36.780855"><ele>88.7</ele></trkpt>
   <trkpt lon="-4.711457" lat="36.781205"><ele>89.0</ele></trkpt>
   <trkpt lon="-4.711337" lat="36.781653"><ele>89.6</ele></trkpt>
   <trkpt lon="-4.710945" lat="36.782535"><ele>89.7</ele></trkpt>
   <trkpt lon="-4.710713" lat="36.783166"><ele>88.3</ele></trkpt>
   <trkpt lon="-4.710622" lat="36.783526"><ele>88.6</ele></trkpt>
   <trkpt lon="-4.710568" lat="36.783668"><ele>88.8</ele></trkpt>
   <trkpt lon="-4.710500" lat="36.783790"><ele>88.6</ele></trkpt>
   <trkpt lon="-4.710422" lat="36.783872"><ele>88.3</ele></trkpt>
   <trkpt lon="-4.710251" lat="36.784038"><ele>87.4</ele></trkpt>
   <trkpt lon="-4.710184" lat="36.784177"><ele>86.7</ele></trkpt>
   <trkpt lon="-4.710129" lat="36.784459"><ele>85.7</ele></trkpt>
   <trkpt lon="-4.710090" lat="36.784726"><ele>86.8</ele></trkpt>
   <trkpt lon="-4.710057" lat="36.784807"><ele>87.1</ele></trkpt>
   <trkpt lon="-4.709919" lat="36.785018"><ele>88.0</ele></trkpt>
   <trkpt lon="-4.709460" lat="36.785614"><ele>88.7</ele></trkpt>
   <trkpt lon="-4.709035" lat="36.786194"><ele>89.9</ele></trkpt>
   <trkpt lon="-4.708967" lat="36.786302"><ele>89.9</ele></trkpt>
   <trkpt lon="-4.708866" lat="36.786452"><ele>90.1</ele></trkpt>
   <trkpt lon="-4.708666" lat="36.786726"><ele>90.4</ele></trkpt>
   <trkpt lon="-4.708447" lat="36.787072"><ele>89.8</ele></trkpt>
   <trkpt lon="-4.708162" lat="36.787601"><ele>90.0</ele></trkpt>
   <trkpt lon="-4.707966" lat="36.788217"><ele>89.4</ele></trkpt>
   <trkpt lon="-4.707851" lat="36.788576"><ele>90.1</ele></trkpt>
   <trkpt lon="-4.707731" lat="36.788756"><ele>90.8</ele></trkpt>
   <trkpt lon="-4.707689" lat="36.788830"><ele>91.0</ele></trkpt>
   <trkpt lon="-4.707580" lat="36.788942"><ele>92.0</ele></trkpt>
   <trkpt lon="-4.707463" lat="36.789099"><ele>93.0</ele></trkpt>
   <trkpt lon="-4.707365" lat="36.789290"><ele>93.3</ele></trkpt>
   <trkpt lon="-4.707296" lat="36.789511"><ele>92.6</ele></trkpt>
   <trkpt lon="-4.707253" lat="36.789608"><ele>92.4</ele></trkpt>
   <trkpt lon="-4.707170" lat="36.789747"><ele>92.3</ele></trkpt>
   <trkpt lon="-4.706340" lat="36.790607"><ele>92.5</ele></trkpt>
   <trkpt lon="-4.706015" lat="36.790799"><ele>91.8</ele></trkpt>
   <trkpt lon="-4.705902" lat="36.790855"><ele>91.8</ele></trkpt>
   <trkpt lon="-4.705573" lat="36.791067"><ele>92.6</ele></trkpt>
   <trkpt lon="-4.705034" lat="36.791471"><ele>96.0</ele></trkpt>
   <trkpt lon="-4.704667" lat="36.791732"><ele>98.7</ele></trkpt>
   <trkpt lon="-4.704492" lat="36.791902"><ele>95.5</ele></trkpt>
   <trkpt lon="-4.704424" lat="36.792026"><ele>93.1</ele></trkpt>
   <trkpt lon="-4.704381" lat="36.792103"><ele>91.8</ele></trkpt>
   <trkpt lon="-4.704315" lat="36.792200"><ele>90.1</ele></trkpt>
   <trkpt lon="-4.704178" lat="36.792360"><ele>88.7</ele></trkpt>
   <trkpt lon="-4.703980" lat="36.792521"><ele>88.2</ele></trkpt>
   <trkpt lon="-4.703810" lat="36.792631"><ele>88.4</ele></trkpt>
   <trkpt lon="-4.703505" lat="36.792846"><ele>89.5</ele></trkpt>
   <trkpt lon="-4.703362" lat="36.792960"><ele>90.5</ele></trkpt>
   <trkpt lon="-4.703184" lat="36.793164"><ele>92.5</ele></trkpt>
   <trkpt lon="-4.702966" lat="36.793442"><ele>94.5</ele></trkpt>
   <trkpt lon="-4.702866" lat="36.793624"><ele>95.8</ele></trkpt>
   <trkpt lon="-4.702681" lat="36.794141"><ele>98.6</ele></trkpt>
   <trkpt lon="-4.702569" lat="36.794360"><ele>100.6</ele></trkpt>
   <trkpt lon="-4.702387" lat="36.794661"><ele>100.6</ele></trkpt>
   <trkpt lon="-4.702274" lat="36.794868"><ele>101.6</ele></trkpt>
   <trkpt lon="-4.702245" lat="36.794954"><ele>101.8</ele></trkpt>
   <trkpt lon="-4.702235" lat="36.795092"><ele>101.9</ele></trkpt>
   <trkpt lon="-4.702272" lat="36.795363"><ele>101.0</ele></trkpt>
   <trkpt lon="-4.702377" lat="36.795660"><ele>99.0</ele></trkpt>
   <trkpt lon="-4.702428" lat="36.795772"><ele>99.0</ele></trkpt>
   <trkpt lon="-4.702534" lat="36.796058"><ele>100.0</ele></trkpt>
   <trkpt lon="-4.702645" lat="36.796659"><ele>103.1</ele></trkpt>
   <trkpt lon="-4.702722" lat="36.796991"><ele>103.6</ele></trkpt>
   <trkpt lon="-4.702853" lat="36.797592"><ele>104.5</ele></trkpt>
   <trkpt lon="-4.702857" lat="36.797771"><ele>104.3</ele></trkpt>
   <trkpt lon="-4.702816" lat="36.797887"><ele>104.0</ele></trkpt>
   <trkpt lon="-4.702777" lat="36.797951"><ele>104.0</ele></trkpt>
   <trkpt lon="-4.702754" lat="36.797990"><ele>103.9</ele></trkpt>
   <trkpt lon="-4.702660" lat="36.798083"><ele>104.0</ele></trkpt>
   <trkpt lon="-4.702512" lat="36.798188"><ele>103.8</ele></trkpt>
   <trkpt lon="-4.701818" lat="36.798561"><ele>102.4</ele></trkpt>
   <trkpt lon="-4.701540" lat="36.798750"><ele>102.0</ele></trkpt>
   <trkpt lon="-4.700677" lat="36.799303"><ele>101.7</ele></trkpt>
   <trkpt lon="-4.700427" lat="36.799451"><ele>101.4</ele></trkpt>
   <trkpt lon="-4.699659" lat="36.799878"><ele>101.1</ele></trkpt>
   <trkpt lon="-4.699480" lat="36.799982"><ele>101.8</ele></trkpt>
   <trkpt lon="-4.699348" lat="36.800073"><ele>101.6</ele></trkpt>
   <trkpt lon="-4.699175" lat="36.800265"><ele>101.9</ele></trkpt>
   <trkpt lon="-4.699052" lat="36.800511"><ele>102.9</ele></trkpt>
   <trkpt lon="-4.698980" lat="36.800720"><ele>103.2</ele></trkpt>
   <trkpt lon="-4.698896" lat="36.801390"><ele>101.9</ele></trkpt>
   <trkpt lon="-4.698854" lat="36.801872"><ele>103.1</ele></trkpt>
   <trkpt lon="-4.698805" lat="36.802183"><ele>104.0</ele></trkpt>
   <trkpt lon="-4.698762" lat="36.802303"><ele>104.1</ele></trkpt>
   <trkpt lon="-4.698739" lat="36.802364"><ele>104.1</ele></trkpt>
   <trkpt lon="-4.698535" lat="36.802671"><ele>103.8</ele></trkpt>
   <trkpt lon="-4.698512" lat="36.802810"><ele>103.8</ele></trkpt>
   <trkpt lon="-4.698540" lat="36.802952"><ele>104.2</ele></trkpt>
   <trkpt lon="-4.698621" lat="36.803139"><ele>104.5</ele></trkpt>
   <trkpt lon="-4.698694" lat="36.803427"><ele>105.5</ele></trkpt>
   <trkpt lon="-4.698702" lat="36.803634"><ele>106.1</ele></trkpt>
   <trkpt lon="-4.698692" lat="36.804088"><ele>107.1</ele></trkpt>
   <trkpt lon="-4.698616" lat="36.804697"><ele>110.0</ele></trkpt>
   <trkpt lon="-4.698639" lat="36.804998"><ele>110.7</ele></trkpt>
   <trkpt lon="-4.698628" lat="36.805393"><ele>113.1</ele></trkpt>
   <trkpt lon="-4.698565" lat="36.805568"><ele>114.9</ele></trkpt>
   <trkpt lon="-4.698386" lat="36.805804"><ele>116.1</ele></trkpt>
   <trkpt lon="-4.698132" lat="36.805935"><ele>117.6</ele></trkpt>
   <trkpt lon="-4.697586" lat="36.806116"><ele>118.3</ele></trkpt>
   <trkpt lon="-4.696953" lat="36.806306"><ele>122.5</ele></trkpt>
   <trkpt lon="-4.696636" lat="36.806567"><ele>120.8</ele></trkpt>
   <trkpt lon="-4.696002" lat="36.806815"><ele>119.9</ele></trkpt>
   <trkpt lon="-4.695791" lat="36.806888"><ele>118.4</ele></trkpt>
   <trkpt lon="-4.695515" lat="36.806946"><ele>117.6</ele></trkpt>
   <trkpt lon="-4.695429" lat="36.806963"><ele>117.6</ele></trkpt>
   <trkpt lon="-4.695369" lat="36.806966"><ele>117.7</ele></trkpt>
   <trkpt lon="-4.695314" lat="36.806985"><ele>117.5</ele></trkpt>
   <trkpt lon="-4.695269" lat="36.807017"><ele>117.1</ele></trkpt>
   <trkpt lon="-4.695240" lat="36.807059"><ele>116.8</ele></trkpt>
   <trkpt lon="-4.695230" lat="36.807114"><ele>116.2</ele></trkpt>
   <trkpt lon="-4.695247" lat="36.807167"><ele>115.6</ele></trkpt>
   <trkpt lon="-4.695287" lat="36.807212"><ele>114.8</ele></trkpt>
   <trkpt lon="-4.695346" lat="36.807242"><ele>114.0</ele></trkpt>
   <trkpt lon="-4.695368" lat="36.807289"><ele>113.3</ele></trkpt>
   <trkpt lon="-4.695378" lat="36.807370"><ele>113.2</ele></trkpt>
   <trkpt lon="-4.695374" lat="36.807418"><ele>113.3</ele></trkpt>
   <trkpt lon="-4.695150" lat="36.807748"><ele>114.5</ele></trkpt>
   <trkpt lon="-4.694953" lat="36.808005"><ele>114.8</ele></trkpt>
   <trkpt lon="-4.694830" lat="36.808208"><ele>114.3</ele></trkpt>
   <trkpt lon="-4.694770" lat="36.808333"><ele>113.9</ele></trkpt>
   <trkpt lon="-4.694738" lat="36.808418"><ele>113.4</ele></trkpt>
   <trkpt lon="-4.694716" lat="36.808563"><ele>112.0</ele></trkpt>
   <trkpt lon="-4.694742" lat="36.808631"><ele>110.8</ele></trkpt>
   <trkpt lon="-4.694798" lat="36.808709"><ele>109.7</ele></trkpt>
   <trkpt lon="-4.694918" lat="36.808796"><ele>107.7</ele></trkpt>
   <trkpt lon="-4.695063" lat="36.808883"><ele>105.3</ele></trkpt>
   <trkpt lon="-4.695237" lat="36.808932"><ele>103.6</ele></trkpt>
   <trkpt lon="-4.695362" lat="36.808958"><ele>102.5</ele></trkpt>
   <trkpt lon="-4.695459" lat="36.808958"><ele>101.8</ele></trkpt>
   <trkpt lon="-4.695668" lat="36.808942"><ele>100.5</ele></trkpt>
   <trkpt lon="-4.695848" lat="36.808802"><ele>99.7</ele></trkpt>
   <trkpt lon="-4.696011" lat="36.808723"><ele>98.8</ele></trkpt>
   <trkpt lon="-4.696184" lat="36.808712"><ele>98.2</ele></trkpt>
   <trkpt lon="-4.696355" lat="36.808777"><ele>98.3</ele></trkpt>
   <trkpt lon="-4.696468" lat="36.808938"><ele>99.4</ele></trkpt>
   <trkpt lon="-4.696537" lat="36.809116"><ele>101.6</ele></trkpt>
   <trkpt lon="-4.696577" lat="36.809326"><ele>104.2</ele></trkpt>
   <trkpt lon="-4.696609" lat="36.809601"><ele>105.8</ele></trkpt>
   <trkpt lon="-4.696633" lat="36.809749"><ele>106.2</ele></trkpt>
   <trkpt lon="-4.696693" lat="36.809959"><ele>105.5</ele></trkpt>
   <trkpt lon="-4.696985" lat="36.810650"><ele>103.3</ele></trkpt>
   <trkpt lon="-4.697136" lat="36.811071"><ele>101.9</ele></trkpt>
   <trkpt lon="-4.697341" lat="36.811513"><ele>101.9</ele></trkpt>
   <trkpt lon="-4.697416" lat="36.811810"><ele>102.7</ele></trkpt>
   <trkpt lon="-4.697455" lat="36.812099"><ele>103.0</ele></trkpt>
   <trkpt lon="-4.697514" lat="36.812329"><ele>102.4</ele></trkpt>
   <trkpt lon="-4.697616" lat="36.812557"><ele>102.5</ele></trkpt>
   <trkpt lon="-4.697755" lat="36.812673"><ele>101.9</ele></trkpt>
   <trkpt lon="-4.697962" lat="36.812964"><ele>103.6</ele></trkpt>
   <trkpt lon="-4.698047" lat="36.813114"><ele>104.8</ele></trkpt>
   <trkpt lon="-4.698079" lat="36.813264"><ele>106.7</ele></trkpt>
   <trkpt lon="-4.698057" lat="36.813469"><ele>109.6</ele></trkpt>
   <trkpt lon="-4.698107" lat="36.813912"><ele>105.8</ele></trkpt>
   <trkpt lon="-4.698184" lat="36.814957"><ele>104.6</ele></trkpt>
   <trkpt lon="-4.698191" lat="36.815397"><ele>104.6</ele></trkpt>
   <trkpt lon="-4.698216" lat="36.815510"><ele>104.5</ele></trkpt>
   <trkpt lon="-4.698239" lat="36.815604"><ele>104.5</ele></trkpt>
   <trkpt lon="-4.698266" lat="36.815669"><ele>104.5</ele></trkpt>
   <trkpt lon="-4.698289" lat="36.815722"><ele>104.4</ele></trkpt>
   <trkpt lon="-4.698282" lat="36.815755"><ele>104.5</ele></trkpt>
   <trkpt lon="-4.698286" lat="36.815789"><ele>104.5</ele></trkpt>
   <trkpt lon="-4.698303" lat="36.815819"><ele>104.5</ele></trkpt>
   <trkpt lon="-4.698334" lat="36.815848"><ele>104.6</ele></trkpt>
   <trkpt lon="-4.698374" lat="36.815867"><ele>104.6</ele></trkpt>
   <trkpt lon="-4.698420" lat="36.815874"><ele>104.5</ele></trkpt>
   <trkpt lon="-4.698467" lat="36.815870"><ele>104.3</ele></trkpt>
   <trkpt lon="-4.698506" lat="36.815855"><ele>104.1</ele></trkpt>
   <trkpt lon="-4.698538" lat="36.815832"><ele>103.9</ele></trkpt>
   <trkpt lon="-4.698560" lat="36.815803"><ele>103.7</ele></trkpt>
   <trkpt lon="-4.698826" lat="36.815745"><ele>102.6</ele></trkpt>
   <trkpt lon="-4.699115" lat="36.815699"><ele>101.8</ele></trkpt>
   <trkpt lon="-4.699781" lat="36.815714"><ele>99.7</ele></trkpt>
   <trkpt lon="-4.700168" lat="36.815792"><ele>98.9</ele></trkpt>
   <trkpt lon="-4.700525" lat="36.815913"><ele>98.3</ele></trkpt>
   <trkpt lon="-4.700872" lat="36.816101"><ele>98.7</ele></trkpt>
   <trkpt lon="-4.701131" lat="36.816310"><ele>98.6</ele></trkpt>
   <trkpt lon="-4.701368" lat="36.816624"><ele>99.0</ele></trkpt>
   <trkpt lon="-4.701516" lat="36.816992"><ele>99.0</ele></trkpt>
   <trkpt lon="-4.701561" lat="36.817297"><ele>98.7</ele></trkpt>
   <trkpt lon="-4.701581" lat="36.817708"><ele>98.6</ele></trkpt>
   <trkpt lon="-4.701642" lat="36.819004"><ele>101.0</ele></trkpt>
   <trkpt lon="-4.701635" lat="36.819317"><ele>107.4</ele></trkpt>
   <trkpt lon="-4.701605" lat="36.819495"><ele>109.4</ele></trkpt>
   <trkpt lon="-4.701543" lat="36.819706"><ele>109.7</ele></trkpt>
   <trkpt lon="-4.701398" lat="36.819971"><ele>109.7</ele></trkpt>
   <trkpt lon="-4.701200" lat="36.820200"><ele>110.4</ele></trkpt>
   <trkpt lon="-4.700898" lat="36.820438"><ele>111.8</ele></trkpt>
   <trkpt lon="-4.700709" lat="36.820546"><ele>111.7</ele></trkpt>
   <trkpt lon="-4.700520" lat="36.820634"><ele>111.7</ele></trkpt>
   <trkpt lon="-4.699880" lat="36.820905"><ele>111.0</ele></trkpt>
   <trkpt lon="-4.699906" lat="36.820945"><ele>111.9</ele></trkpt>
   <trkpt lon="-4.699943" lat="36.820954"><ele>112.5</ele></trkpt>
   <trkpt lon="-4.699989" lat="36.820947"><ele>112.7</ele></trkpt>
   <trkpt lon="-4.700403" lat="36.820779"><ele>113.5</ele></trkpt>
   <trkpt lon="-4.700459" lat="36.820761"><ele>113.6</ele></trkpt>
   <trkpt lon="-4.700509" lat="36.820756"><ele>113.7</ele></trkpt>
   <trkpt lon="-4.700711" lat="36.820734"><ele>115.0</ele></trkpt>
   <trkpt lon="-4.701482" lat="36.820605"><ele>119.7</ele></trkpt>
   <trkpt lon="-4.701601" lat="36.820558"><ele>119.6</ele></trkpt>
   <trkpt lon="-4.701653" lat="36.820551"><ele>119.9</ele></trkpt>
   <trkpt lon="-4.701698" lat="36.820583"><ele>120.7</ele></trkpt>
   <trkpt lon="-4.701740" lat="36.820677"><ele>125.1</ele></trkpt>
   <trkpt lon="-4.701819" lat="36.820784"><ele>130.5</ele></trkpt>
   <trkpt lon="-4.701870" lat="36.820855"><ele>134.1</ele></trkpt>
   <trkpt lon="-4.702034" lat="36.820930"><ele>136.1</ele></trkpt>
   <trkpt lon="-4.702272" lat="36.820996"><ele>137.7</ele></trkpt>
   <trkpt lon="-4.702362" lat="36.821036"><ele>139.9</ele></trkpt>
   <trkpt lon="-4.702488" lat="36.821141"><ele>143.6</ele></trkpt>
   <trkpt lon="-4.702616" lat="36.821190"><ele>144.4</ele></trkpt>
   <trkpt lon="-4.702799" lat="36.821217"><ele>145.2</ele></trkpt>
   <trkpt lon="-4.702944" lat="36.821198"><ele>146.5</ele></trkpt>
   <trkpt lon="-4.703066" lat="36.821215"><ele>149.3</ele></trkpt>
   <trkpt lon="-4.703291" lat="36.821460"><ele>150.2</ele></trkpt>
   <trkpt lon="-4.703361" lat="36.821503"><ele>151.1</ele></trkpt>
   <trkpt lon="-4.703440" lat="36.821518"><ele>152.3</ele></trkpt>
   <trkpt lon="-4.703536" lat="36.821516"><ele>154.3</ele></trkpt>
   <trkpt lon="-4.703605" lat="36.821360"><ele>160.4</ele></trkpt>
   <trkpt lon="-4.704818" lat="36.821448"><ele>172.9</ele></trkpt>
   <trkpt lon="-4.704789" lat="36.821607"><ele>168.3</ele></trkpt>
   <trkpt lon="-4.704797" lat="36.821641"><ele>168.2</ele></trkpt>
   <trkpt lon="-4.705066" lat="36.821997"><ele>175.1</ele></trkpt>
   <trkpt lon="-4.705130" lat="36.822193"><ele>178.7</ele></trkpt>
   <trkpt lon="-4.705117" lat="36.822311"><ele>180.1</ele></trkpt>
   <trkpt lon="-4.705006" lat="36.822469"><ele>183.0</ele></trkpt>
   <trkpt lon="-4.704975" lat="36.822508"><ele>183.9</ele></trkpt>
   <trkpt lon="-4.704930" lat="36.822695"><ele>188.7</ele></trkpt>
   <trkpt lon="-4.704881" lat="36.822745"><ele>190.5</ele></trkpt>
   <trkpt lon="-4.704772" lat="36.822748"><ele>191.5</ele></trkpt>
   <trkpt lon="-4.704574" lat="36.822596"><ele>187.2</ele></trkpt>
   <trkpt lon="-4.704523" lat="36.822578"><ele>186.1</ele></trkpt>
   <trkpt lon="-4.704426" lat="36.822544"><ele>183.8</ele></trkpt>
   <trkpt lon="-4.704231" lat="36.822613"><ele>184.5</ele></trkpt>
   <trkpt lon="-4.704031" lat="36.822706"><ele>186.9</ele></trkpt>
   <trkpt lon="-4.703632" lat="36.822778"><ele>183.9</ele></trkpt>
   <trkpt lon="-4.703614" lat="36.822841"><ele>184.8</ele></trkpt>
   <trkpt lon="-4.703629" lat="36.822961"><ele>187.4</ele></trkpt>
   <trkpt lon="-4.703699" lat="36.823182"><ele>190.3</ele></trkpt>
   <trkpt lon="-4.703597" lat="36.823567"><ele>188.5</ele></trkpt>
   <trkpt lon="-4.703603" lat="36.824047"><ele>198.7</ele></trkpt>
   <trkpt lon="-4.703447" lat="36.824333"><ele>204.5</ele></trkpt>
   <trkpt lon="-4.703870" lat="36.824477"><ele>203.1</ele></trkpt>
   <trkpt lon="-4.704248" lat="36.824640"><ele>205.4</ele></trkpt>
   <trkpt lon="-4.704297" lat="36.824766"><ele>205.3</ele></trkpt>
   <trkpt lon="-4.704112" lat="36.824832"><ele>204.0</ele></trkpt>
   <trkpt lon="-4.703840" lat="36.825012"><ele>202.5</ele></trkpt>
   <trkpt lon="-4.702998" lat="36.824917"><ele>199.8</ele></trkpt>
   <trkpt lon="-4.702914" lat="36.824938"><ele>198.9</ele></trkpt>
   <trkpt lon="-4.702826" lat="36.824985"><ele>196.7</ele></trkpt>
   <trkpt lon="-4.702925" lat="36.825094"><ele>195.3</ele></trkpt>
   <trkpt lon="-4.703018" lat="36.825262"><ele>191.6</ele></trkpt>
   <trkpt lon="-4.703057" lat="36.825362"><ele>189.4</ele></trkpt>
   <trkpt lon="-4.703067" lat="36.825489"><ele>188.1</ele></trkpt>
   <trkpt lon="-4.703084" lat="36.825693"><ele>186.3</ele></trkpt>
   <trkpt lon="-4.703098" lat="36.825886"><ele>186.8</ele></trkpt>
   <trkpt lon="-4.703115" lat="36.825999"><ele>187.4</ele></trkpt>
   <trkpt lon="-4.703127" lat="36.826077"><ele>187.9</ele></trkpt>
   <trkpt lon="-4.703210" lat="36.826441"><ele>191.3</ele></trkpt>
   <trkpt lon="-4.703239" lat="36.826568"><ele>192.7</ele></trkpt>
   <trkpt lon="-4.703324" lat="36.826923"><ele>195.8</ele></trkpt>
   <trkpt lon="-4.703391" lat="36.827086"><ele>197.4</ele></trkpt>
   <trkpt lon="-4.703413" lat="36.827118"><ele>197.7</ele></trkpt>
   <trkpt lon="-4.703712" lat="36.827557"><ele>203.1</ele></trkpt>
   <trkpt lon="-4.703738" lat="36.827596"><ele>203.5</ele></trkpt>
   <trkpt lon="-4.703810" lat="36.827764"><ele>204.8</ele></trkpt>
   <trkpt lon="-4.703837" lat="36.828008"><ele>205.4</ele></trkpt>
   <trkpt lon="-4.703913" lat="36.828260"><ele>206.7</ele></trkpt>
   <trkpt lon="-4.703249" lat="36.828358"><ele>195.6</ele></trkpt>
   <trkpt lon="-4.703263" lat="36.828467"><ele>196.1</ele></trkpt>
   <trkpt lon="-4.703341" lat="36.828744"><ele>196.4</ele></trkpt>
   <trkpt lon="-4.703350" lat="36.828889"><ele>196.0</ele></trkpt>
   <trkpt lon="-4.703332" lat="36.828983"><ele>195.4</ele></trkpt>
   <trkpt lon="-4.703340" lat="36.829084"><ele>195.2</ele></trkpt>
   <trkpt lon="-4.703438" lat="36.829351"><ele>196.2</ele></trkpt>
   <trkpt lon="-4.703468" lat="36.829412"><ele>196.5</ele></trkpt>
   <trkpt lon="-4.703505" lat="36.829630"><ele>196.5</ele></trkpt>
   <trkpt lon="-4.703530" lat="36.830135"><ele>196.2</ele></trkpt>
   <trkpt lon="-4.703561" lat="36.830789"><ele>192.0</ele></trkpt>
   <trkpt lon="-4.703762" lat="36.831678"><ele>192.8</ele></trkpt>
   <trkpt lon="-4.703400" lat="36.831704"><ele>187.6</ele></trkpt>
   <trkpt lon="-4.703391" lat="36.832063"><ele>186.8</ele></trkpt>
   <trkpt lon="-4.703387" lat="36.832412"><ele>186.3</ele></trkpt>
   <trkpt lon="-4.703400" lat="36.832460"><ele>186.4</ele></trkpt>
   <trkpt lon="-4.703430" lat="36.832507"><ele>186.6</ele></trkpt>
   <trkpt lon="-4.703496" lat="36.832566"><ele>187.1</ele></trkpt>
   <trkpt lon="-4.703606" lat="36.832649"><ele>188.1</ele></trkpt>
   <trkpt lon="-4.703306" lat="36.833005"><ele>184.3</ele></trkpt>
   <trkpt lon="-4.703199" lat="36.833181"><ele>182.5</ele></trkpt>
   <trkpt lon="-4.703103" lat="36.833405"><ele>181.2</ele></trkpt>
   <trkpt lon="-4.703078" lat="36.833565"><ele>180.9</ele></trkpt>
   <trkpt lon="-4.703073" lat="36.833768"><ele>179.7</ele></trkpt>
   <trkpt lon="-4.703094" lat="36.833915"><ele>179.0</ele></trkpt>
   <trkpt lon="-4.703149" lat="36.834101"><ele>177.5</ele></trkpt>
   <trkpt lon="-4.703232" lat="36.834255"><ele>176.7</ele></trkpt>
   <trkpt lon="-4.703348" lat="36.834452"><ele>176.5</ele></trkpt>
   <trkpt lon="-4.703584" lat="36.834683"><ele>177.5</ele></trkpt>
   <trkpt lon="-4.704284" lat="36.835243"><ele>177.5</ele></trkpt>
   <trkpt lon="-4.704352" lat="36.835300"><ele>177.8</ele></trkpt>
   <trkpt lon="-4.704476" lat="36.835470"><ele>178.2</ele></trkpt>
   <trkpt lon="-4.704671" lat="36.835844"><ele>178.4</ele></trkpt>
   <trkpt lon="-4.704746" lat="36.836048"><ele>178.8</ele></trkpt>
   <trkpt lon="-4.704836" lat="36.836171"><ele>180.2</ele></trkpt>
   <trkpt lon="-4.704946" lat="36.836258"><ele>181.8</ele></trkpt>
   <trkpt lon="-4.705140" lat="36.836365"><ele>184.0</ele></trkpt>
   <trkpt lon="-4.705290" lat="36.836435"><ele>185.3</ele></trkpt>
   <trkpt lon="-4.705381" lat="36.836521"><ele>185.2</ele></trkpt>
   <trkpt lon="-4.705415" lat="36.836614"><ele>184.3</ele></trkpt>
   <trkpt lon="-4.705648" lat="36.838146"><ele>177.7</ele></trkpt>
   <trkpt lon="-4.705694" lat="36.838289"><ele>177.9</ele></trkpt>
   <trkpt lon="-4.706124" lat="36.839057"><ele>179.9</ele></trkpt>
   <trkpt lon="-4.706217" lat="36.839158"><ele>179.8</ele></trkpt>
   <trkpt lon="-4.706335" lat="36.839236"><ele>180.3</ele></trkpt>
   <trkpt lon="-4.706562" lat="36.839360"><ele>181.2</ele></trkpt>
   <trkpt lon="-4.706652" lat="36.839440"><ele>181.0</ele></trkpt>
   <trkpt lon="-4.706672" lat="36.839493"><ele>180.6</ele></trkpt>
   <trkpt lon="-4.706685" lat="36.839575"><ele>179.7</ele></trkpt>
   <trkpt lon="-4.706628" lat="36.839854"><ele>178.1</ele></trkpt>
   <trkpt lon="-4.706646" lat="36.839983"><ele>178.6</ele></trkpt>
   <trkpt lon="-4.706821" lat="36.840328"><ele>180.3</ele></trkpt>
   <trkpt lon="-4.706874" lat="36.840539"><ele>179.4</ele></trkpt>
   <trkpt lon="-4.706905" lat="36.840831"><ele>177.2</ele></trkpt>
   <trkpt lon="-4.706971" lat="36.840984"><ele>177.1</ele></trkpt>
   <trkpt lon="-4.707054" lat="36.841078"><ele>177.6</ele></trkpt>
   <trkpt lon="-4.707307" lat="36.841323"><ele>178.6</ele></trkpt>
   <trkpt lon="-4.707362" lat="36.841452"><ele>178.0</ele></trkpt>
   <trkpt lon="-4.707366" lat="36.841576"><ele>177.3</ele></trkpt>
   <trkpt lon="-4.707187" lat="36.842024"><ele>174.8</ele></trkpt>
   <trkpt lon="-4.707153" lat="36.842189"><ele>175.2</ele></trkpt>
   <trkpt lon="-4.707120" lat="36.842571"><ele>176.1</ele></trkpt>
   <trkpt lon="-4.707156" lat="36.842697"><ele>176.1</ele></trkpt>
   <trkpt lon="-4.707255" lat="36.842814"><ele>176.2</ele></trkpt>
   <trkpt lon="-4.707375" lat="36.842889"><ele>176.2</ele></trkpt>
   <trkpt lon="-4.708320" lat="36.843357"><ele>168.0</ele></trkpt>
   <trkpt lon="-4.708421" lat="36.843451"><ele>166.2</ele></trkpt>
   <trkpt lon="-4.708484" lat="36.843559"><ele>164.3</ele></trkpt>
   <trkpt lon="-4.708557" lat="36.843911"><ele>158.7</ele></trkpt>
   <trkpt lon="-4.708628" lat="36.844045"><ele>157.5</ele></trkpt>
   <trkpt lon="-4.709117" lat="36.844743"><ele>155.4</ele></trkpt>
   <trkpt lon="-4.709211" lat="36.844848"><ele>154.7</ele></trkpt>
   <trkpt lon="-4.709358" lat="36.844957"><ele>154.3</ele></trkpt>
   <trkpt lon="-4.709458" lat="36.845013"><ele>154.2</ele></trkpt>
   <trkpt lon="-4.709739" lat="36.845159"><ele>154.2</ele></trkpt>
   <trkpt lon="-4.709927" lat="36.845236"><ele>153.0</ele></trkpt>
   <trkpt lon="-4.710126" lat="36.845275"><ele>152.4</ele></trkpt>
   <trkpt lon="-4.710357" lat="36.845302"><ele>151.3</ele></trkpt>
   <trkpt lon="-4.710514" lat="36.845359"><ele>150.1</ele></trkpt>
   <trkpt lon="-4.710618" lat="36.845444"><ele>148.9</ele></trkpt>
   <trkpt lon="-4.710976" lat="36.845938"><ele>145.6</ele></trkpt>
   <trkpt lon="-4.711298" lat="36.846253"><ele>143.7</ele></trkpt>
   <trkpt lon="-4.711413" lat="36.846398"><ele>142.8</ele></trkpt>
   <trkpt lon="-4.711767" lat="36.847088"><ele>137.9</ele></trkpt>
   <trkpt lon="-4.711806" lat="36.847163"><ele>137.2</ele></trkpt>
   <trkpt lon="-4.712523" lat="36.848561"><ele>140.4</ele></trkpt>
   <trkpt lon="-4.712620" lat="36.848631"><ele>141.4</ele></trkpt>
   <trkpt lon="-4.712902" lat="36.849309"><ele>143.6</ele></trkpt>
   <trkpt lon="-4.713209" lat="36.850011"><ele>145.3</ele></trkpt>
   <trkpt lon="-4.713351" lat="36.850334"><ele>144.8</ele></trkpt>
   <trkpt lon="-4.713463" lat="36.850811"><ele>141.1</ele></trkpt>
   <trkpt lon="-4.713540" lat="36.850975"><ele>138.5</ele></trkpt>
   <trkpt lon="-4.713800" lat="36.851369"><ele>130.8</ele></trkpt>
   <trkpt lon="-4.714057" lat="36.851828"><ele>129.0</ele></trkpt>
   <trkpt lon="-4.714693" lat="36.852778"><ele>129.9</ele></trkpt>
   <trkpt lon="-4.715322" lat="36.853949"><ele>130.0</ele></trkpt>
   <trkpt lon="-4.715461" lat="36.854351"><ele>129.8</ele></trkpt>
   <trkpt lon="-4.715727" lat="36.855476"><ele>129.9</ele></trkpt>
   <trkpt lon="-4.715744" lat="36.855550"><ele>129.8</ele></trkpt>
   <trkpt lon="-4.715782" lat="36.855810"><ele>129.6</ele></trkpt>
   <trkpt lon="-4.715833" lat="36.855961"><ele>129.3</ele></trkpt>
   <trkpt lon="-4.716165" lat="36.856493"><ele>129.0</ele></trkpt>
   <trkpt lon="-4.716231" lat="36.856651"><ele>129.0</ele></trkpt>
   <trkpt lon="-4.716291" lat="36.857000"><ele>129.0</ele></trkpt>
   <trkpt lon="-4.716331" lat="36.857129"><ele>129.0</ele></trkpt>
   <trkpt lon="-4.716390" lat="36.857199"><ele>129.1</ele></trkpt>
   <trkpt lon="-4.716753" lat="36.857545"><ele>130.1</ele></trkpt>
   <trkpt lon="-4.716831" lat="36.857691"><ele>130.5</ele></trkpt>
   <trkpt lon="-4.717226" lat="36.858208"><ele>131.7</ele></trkpt>
   <trkpt lon="-4.717714" lat="36.858723"><ele>134.2</ele></trkpt>
   <trkpt lon="-4.717986" lat="36.858963"><ele>135.0</ele></trkpt>
   <trkpt lon="-4.718274" lat="36.859205"><ele>134.8</ele></trkpt>
   <trkpt lon="-4.718608" lat="36.859592"><ele>133.7</ele></trkpt>
   <trkpt lon="-4.718831" lat="36.859842"><ele>134.3</ele></trkpt>
   <trkpt lon="-4.718952" lat="36.859893"><ele>134.8</ele></trkpt>
   <trkpt lon="-4.719106" lat="36.859902"><ele>135.4</ele></trkpt>
   <trkpt lon="-4.719493" lat="36.859945"><ele>137.1</ele></trkpt>
   <trkpt lon="-4.719649" lat="36.860002"><ele>138.1</ele></trkpt>
   <trkpt lon="-4.720053" lat="36.860211"><ele>142.0</ele></trkpt>
   <trkpt lon="-4.720378" lat="36.860335"><ele>147.1</ele></trkpt>
   <trkpt lon="-4.720859" lat="36.860555"><ele>152.3</ele></trkpt>
   <trkpt lon="-4.721077" lat="36.860774"><ele>155.5</ele></trkpt>
   <trkpt lon="-4.721210" lat="36.860808"><ele>156.3</ele></trkpt>
   <trkpt lon="-4.721528" lat="36.860788"><ele>157.9</ele></trkpt>
   <trkpt lon="-4.721911" lat="36.860883"><ele>159.7</ele></trkpt>
   <trkpt lon="-4.722274" lat="36.861011"><ele>162.6</ele></trkpt>
   <trkpt lon="-4.722487" lat="36.861051"><ele>164.0</ele></trkpt>
   <trkpt lon="-4.722760" lat="36.861059"><ele>165.3</ele></trkpt>
   <trkpt lon="-4.722931" lat="36.861064"><ele>166.3</ele></trkpt>
   <trkpt lon="-4.722860" lat="36.861480"><ele>168.4</ele></trkpt>
   <trkpt lon="-4.722859" lat="36.861754"><ele>169.3</ele></trkpt>
   <trkpt lon="-4.722922" lat="36.862616"><ele>170.2</ele></trkpt>
   <trkpt lon="-4.722970" lat="36.862780"><ele>170.5</ele></trkpt>
   <trkpt lon="-4.723046" lat="36.862889"><ele>171.0</ele></trkpt>
   <trkpt lon="-4.723187" lat="36.862984"><ele>171.4</ele></trkpt>
   <trkpt lon="-4.723249" lat="36.863001"><ele>171.6</ele></trkpt>
   <trkpt lon="-4.723948" lat="36.863195"><ele>174.8</ele></trkpt>
   <trkpt lon="-4.724054" lat="36.863245"><ele>175.0</ele></trkpt>
   <trkpt lon="-4.724128" lat="36.863332"><ele>173.9</ele></trkpt>
   <trkpt lon="-4.724536" lat="36.864325"><ele>164.7</ele></trkpt>
   <trkpt lon="-4.724601" lat="36.864541"><ele>167.3</ele></trkpt>
   <trkpt lon="-4.724713" lat="36.865016"><ele>166.1</ele></trkpt>
   <trkpt lon="-4.724692" lat="36.865103"><ele>166.8</ele></trkpt>
   <trkpt lon="-4.724649" lat="36.865175"><ele>167.1</ele></trkpt>
   <trkpt lon="-4.724564" lat="36.865216"><ele>167.0</ele></trkpt>
   <trkpt lon="-4.724478" lat="36.865241"><ele>166.7</ele></trkpt>
   <trkpt lon="-4.724355" lat="36.865235"><ele>166.0</ele></trkpt>
   <trkpt lon="-4.724037" lat="36.865176"><ele>163.2</ele></trkpt>
   <trkpt lon="-4.723875" lat="36.865187"><ele>161.4</ele></trkpt>
   <trkpt lon="-4.723756" lat="36.865216"><ele>160.5</ele></trkpt>
   <trkpt lon="-4.723652" lat="36.865266"><ele>160.0</ele></trkpt>
   <trkpt lon="-4.722806" lat="36.865870"><ele>155.6</ele></trkpt>
   <trkpt lon="-4.722683" lat="36.865970"><ele>155.5</ele></trkpt>
   <trkpt lon="-4.722630" lat="36.866064"><ele>156.0</ele></trkpt>
   <trkpt lon="-4.722597" lat="36.866154"><ele>156.4</ele></trkpt>
   <trkpt lon="-4.722603" lat="36.866266"><ele>157.2</ele></trkpt>
   <trkpt lon="-4.722646" lat="36.866385"><ele>157.2</ele></trkpt>
   <trkpt lon="-4.722667" lat="36.866481"><ele>156.2</ele></trkpt>
   <trkpt lon="-4.722665" lat="36.866592"><ele>154.9</ele></trkpt>
   <trkpt lon="-4.722635" lat="36.866704"><ele>153.8</ele></trkpt>
   <trkpt lon="-4.722576" lat="36.866790"><ele>153.7</ele></trkpt>
   <trkpt lon="-4.722463" lat="36.866888"><ele>153.0</ele></trkpt>
   <trkpt lon="-4.722329" lat="36.866938"><ele>152.0</ele></trkpt>
   <trkpt lon="-4.722058" lat="36.867063"><ele>150.7</ele></trkpt>
   <trkpt lon="-4.721916" lat="36.867150"><ele>150.5</ele></trkpt>
   <trkpt lon="-4.721854" lat="36.867209"><ele>150.7</ele></trkpt>
   <trkpt lon="-4.721745" lat="36.867339"><ele>151.3</ele></trkpt>
   <trkpt lon="-4.721616" lat="36.867438"><ele>151.6</ele></trkpt>
   <trkpt lon="-4.721458" lat="36.867533"><ele>151.9</ele></trkpt>
   <trkpt lon="-4.721331" lat="36.867566"><ele>151.5</ele></trkpt>
   <trkpt lon="-4.721171" lat="36.867569"><ele>151.0</ele></trkpt>
   <trkpt lon="-4.720886" lat="36.867555"><ele>150.1</ele></trkpt>
   <trkpt lon="-4.720709" lat="36.867558"><ele>149.8</ele></trkpt>
   <trkpt lon="-4.720591" lat="36.867573"><ele>149.5</ele></trkpt>
   <trkpt lon="-4.720171" lat="36.867783"><ele>148.9</ele></trkpt>
   <trkpt lon="-4.719905" lat="36.867915"><ele>147.8</ele></trkpt>
   <trkpt lon="-4.719801" lat="36.867967"><ele>146.7</ele></trkpt>
   <trkpt lon="-4.719653" lat="36.868079"><ele>147.1</ele></trkpt>
   <trkpt lon="-4.719577" lat="36.868221"><ele>146.3</ele></trkpt>
   <trkpt lon="-4.719443" lat="36.868602"><ele>145.7</ele></trkpt>
   <trkpt lon="-4.719412" lat="36.868793"><ele>146.0</ele></trkpt>
   <trkpt lon="-4.719422" lat="36.868940"><ele>146.1</ele></trkpt>
   <trkpt lon="-4.719495" lat="36.869074"><ele>146.7</ele></trkpt>
   <trkpt lon="-4.719640" lat="36.869227"><ele>147.1</ele></trkpt>
   <trkpt lon="-4.719920" lat="36.869490"><ele>147.0</ele></trkpt>
   <trkpt lon="-4.720422" lat="36.869962"><ele>147.2</ele></trkpt>
   <trkpt lon="-4.720716" lat="36.870190"><ele>148.5</ele></trkpt>
   <trkpt lon="-4.720895" lat="36.870296"><ele>149.9</ele></trkpt>
   <trkpt lon="-4.721240" lat="36.870484"><ele>151.6</ele></trkpt>
   <trkpt lon="-4.721498" lat="36.870583"><ele>153.1</ele></trkpt>
   <trkpt lon="-4.722024" lat="36.870691"><ele>154.5</ele></trkpt>
   <trkpt lon="-4.722219" lat="36.870781"><ele>155.6</ele></trkpt>
   <trkpt lon="-4.722543" lat="36.871005"><ele>160.9</ele></trkpt>
   <trkpt lon="-4.723198" lat="36.871265"><ele>163.5</ele></trkpt>
   <trkpt lon="-4.724024" lat="36.871778"><ele>171.7</ele></trkpt>
   <trkpt lon="-4.724128" lat="36.871825"><ele>172.0</ele></trkpt>
   <trkpt lon="-4.724383" lat="36.871921"><ele>172.3</ele></trkpt>
   <trkpt lon="-4.724841" lat="36.872067"><ele>175.2</ele></trkpt>
   <trkpt lon="-4.725021" lat="36.872158"><ele>176.3</ele></trkpt>
   <trkpt lon="-4.725406" lat="36.872406"><ele>175.8</ele></trkpt>
   <trkpt lon="-4.726026" lat="36.872630"><ele>176.3</ele></trkpt>
   <trkpt lon="-4.726304" lat="36.872807"><ele>178.2</ele></trkpt>
   <trkpt lon="-4.726861" lat="36.873249"><ele>178.5</ele></trkpt>
   <trkpt lon="-4.727010" lat="36.873335"><ele>178.6</ele></trkpt>
   <trkpt lon="-4.727180" lat="36.873397"><ele>180.1</ele></trkpt>
   <trkpt lon="-4.727607" lat="36.873509"><ele>183.7</ele></trkpt>
   <trkpt lon="-4.727765" lat="36.873583"><ele>185.1</ele></trkpt>
   <trkpt lon="-4.728228" lat="36.873881"><ele>191.0</ele></trkpt>
   <trkpt lon="-4.728415" lat="36.873947"><ele>191.5</ele></trkpt>
   <trkpt lon="-4.729810" lat="36.874399"><ele>196.7</ele></trkpt>
   <trkpt lon="-4.730264" lat="36.874665"><ele>201.8</ele></trkpt>
   <trkpt lon="-4.730958" lat="36.875001"><ele>201.8</ele></trkpt>
   <trkpt lon="-4.731014" lat="36.875063"><ele>201.4</ele></trkpt>
   <trkpt lon="-4.731042" lat="36.875117"><ele>200.9</ele></trkpt>
   <trkpt lon="-4.731070" lat="36.875198"><ele>200.1</ele></trkpt>
   <trkpt lon="-4.731064" lat="36.875259"><ele>199.9</ele></trkpt>
   <trkpt lon="-4.731059" lat="36.875306"><ele>199.9</ele></trkpt>
   <trkpt lon="-4.731021" lat="36.875429"><ele>199.7</ele></trkpt>
   <trkpt lon="-4.730960" lat="36.875632"><ele>199.9</ele></trkpt>
   <trkpt lon="-4.730942" lat="36.875804"><ele>201.3</ele></trkpt>
   <trkpt lon="-4.730953" lat="36.875931"><ele>202.3</ele></trkpt>
   <trkpt lon="-4.731033" lat="36.876196"><ele>204.3</ele></trkpt>
   <trkpt lon="-4.731103" lat="36.876370"><ele>204.0</ele></trkpt>
   <trkpt lon="-4.731154" lat="36.876541"><ele>203.4</ele></trkpt>
   <trkpt lon="-4.731275" lat="36.877139"><ele>198.3</ele></trkpt>
   <trkpt lon="-4.731514" lat="36.878321"><ele>188.7</ele></trkpt>
   <trkpt lon="-4.731550" lat="36.878501"><ele>188.2</ele></trkpt>
   <trkpt lon="-4.731600" lat="36.878758"><ele>188.4</ele></trkpt>
   <trkpt lon="-4.731641" lat="36.878960"><ele>189.1</ele></trkpt>
   <trkpt lon="-4.731667" lat="36.879083"><ele>190.1</ele></trkpt>
   <trkpt lon="-4.731670" lat="36.879236"><ele>191.2</ele></trkpt>
   <trkpt lon="-4.731571" lat="36.879650"><ele>194.1</ele></trkpt>
   <trkpt lon="-4.731541" lat="36.879749"><ele>194.2</ele></trkpt>
   <trkpt lon="-4.731478" lat="36.879859"><ele>194.5</ele></trkpt>
   <trkpt lon="-4.731354" lat="36.880020"><ele>195.1</ele></trkpt>
   <trkpt lon="-4.731318" lat="36.880112"><ele>194.7</ele></trkpt>
   <trkpt lon="-4.731327" lat="36.880189"><ele>194.0</ele></trkpt>
   <trkpt lon="-4.731332" lat="36.880238"><ele>193.5</ele></trkpt>
   <trkpt lon="-4.731373" lat="36.880293"><ele>192.5</ele></trkpt>
   <trkpt lon="-4.731425" lat="36.880339"><ele>191.3</ele></trkpt>
   <trkpt lon="-4.731516" lat="36.880391"><ele>189.2</ele></trkpt>
   <trkpt lon="-4.731645" lat="36.880419"><ele>187.4</ele></trkpt>
   <trkpt lon="-4.731862" lat="36.880423"><ele>186.9</ele></trkpt>
   <trkpt lon="-4.732008" lat="36.880450"><ele>186.8</ele></trkpt>
   <trkpt lon="-4.732113" lat="36.880507"><ele>186.2</ele></trkpt>
   <trkpt lon="-4.732185" lat="36.880568"><ele>185.2</ele></trkpt>
   <trkpt lon="-4.732235" lat="36.880668"><ele>182.9</ele></trkpt>
   <trkpt lon="-4.732238" lat="36.880765"><ele>180.9</ele></trkpt>
   <trkpt lon="-4.732218" lat="36.880853"><ele>179.0</ele></trkpt>
   <trkpt lon="-4.732171" lat="36.880950"><ele>176.5</ele></trkpt>
   <trkpt lon="-4.732132" lat="36.880987"><ele>175.4</ele></trkpt>
   <trkpt lon="-4.732092" lat="36.881025"><ele>174.5</ele></trkpt>
   <trkpt lon="-4.731535" lat="36.881459"><ele>173.6</ele></trkpt>
   <trkpt lon="-4.731397" lat="36.881524"><ele>173.9</ele></trkpt>
   <trkpt lon="-4.731208" lat="36.881579"><ele>173.2</ele></trkpt>
   <trkpt lon="-4.731091" lat="36.881646"><ele>172.9</ele></trkpt>
   <trkpt lon="-4.731007" lat="36.881720"><ele>171.6</ele></trkpt>
   <trkpt lon="-4.730790" lat="36.882059"><ele>169.0</ele></trkpt>
   <trkpt lon="-4.730757" lat="36.882146"><ele>169.0</ele></trkpt>
   <trkpt lon="-4.730764" lat="36.882211"><ele>168.9</ele></trkpt>
   <trkpt lon="-4.730792" lat="36.882273"><ele>169.0</ele></trkpt>
   <trkpt lon="-4.730854" lat="36.882337"><ele>169.9</ele></trkpt>
   <trkpt lon="-4.730969" lat="36.882383"><ele>172.9</ele></trkpt>
   <trkpt lon="-4.731151" lat="36.882391"><ele>178.0</ele></trkpt>
   <trkpt lon="-4.731375" lat="36.882353"><ele>182.4</ele></trkpt>
   <trkpt lon="-4.732077" lat="36.882188"><ele>185.9</ele></trkpt>
   <trkpt lon="-4.732335" lat="36.882154"><ele>186.0</ele></trkpt>
   <trkpt lon="-4.732560" lat="36.882166"><ele>184.4</ele></trkpt>
   <trkpt lon="-4.732761" lat="36.882219"><ele>181.8</ele></trkpt>
   <trkpt lon="-4.733503" lat="36.882530"><ele>174.3</ele></trkpt>
   <trkpt lon="-4.733739" lat="36.882603"><ele>175.1</ele></trkpt>
   <trkpt lon="-4.734517" lat="36.882723"><ele>177.1</ele></trkpt>
   <trkpt lon="-4.734790" lat="36.882783"><ele>176.8</ele></trkpt>
   <trkpt lon="-4.735074" lat="36.882873"><ele>175.6</ele></trkpt>
   <trkpt lon="-4.735300" lat="36.883015"><ele>173.7</ele></trkpt>
   <trkpt lon="-4.735494" lat="36.883185"><ele>173.3</ele></trkpt>
   <trkpt lon="-4.735663" lat="36.883374"><ele>173.1</ele></trkpt>
   <trkpt lon="-4.735844" lat="36.883543"><ele>173.8</ele></trkpt>
   <trkpt lon="-4.736094" lat="36.883714"><ele>175.1</ele></trkpt>
   <trkpt lon="-4.736324" lat="36.883837"><ele>175.3</ele></trkpt>
   <trkpt lon="-4.736614" lat="36.883973"><ele>174.7</ele></trkpt>
   <trkpt lon="-4.738673" lat="36.884541"><ele>173.0</ele></trkpt>
   <trkpt lon="-4.738889" lat="36.884594"><ele>173.4</ele></trkpt>
   <trkpt lon="-4.739152" lat="36.884611"><ele>174.5</ele></trkpt>
   <trkpt lon="-4.739796" lat="36.884585"><ele>175.8</ele></trkpt>
   <trkpt lon="-4.740144" lat="36.884632"><ele>174.9</ele></trkpt>
   <trkpt lon="-4.740354" lat="36.884714"><ele>173.8</ele></trkpt>
   <trkpt lon="-4.740515" lat="36.884842"><ele>172.3</ele></trkpt>
   <trkpt lon="-4.740595" lat="36.884967"><ele>171.4</ele></trkpt>
   <trkpt lon="-4.740633" lat="36.885078"><ele>170.7</ele></trkpt>
   <trkpt lon="-4.740681" lat="36.885439"><ele>170.9</ele></trkpt>
   <trkpt lon="-4.740724" lat="36.885619"><ele>170.8</ele></trkpt>
   <trkpt lon="-4.740793" lat="36.885739"><ele>171.1</ele></trkpt>
   <trkpt lon="-4.740896" lat="36.885859"><ele>171.2</ele></trkpt>
   <trkpt lon="-4.741083" lat="36.885997"><ele>171.7</ele></trkpt>
   <trkpt lon="-4.741288" lat="36.886098"><ele>172.3</ele></trkpt>
   <trkpt lon="-4.741443" lat="36.886151"><ele>172.5</ele></trkpt>
   <trkpt lon="-4.741593" lat="36.886172"><ele>173.0</ele></trkpt>
   <trkpt lon="-4.741810" lat="36.886165"><ele>174.4</ele></trkpt>
   <trkpt lon="-4.742023" lat="36.886100"><ele>175.7</ele></trkpt>
   <trkpt lon="-4.742283" lat="36.886060"><ele>175.8</ele></trkpt>
   <trkpt lon="-4.742465" lat="36.886062"><ele>174.6</ele></trkpt>
   <trkpt lon="-4.742601" lat="36.886130"><ele>172.6</ele></trkpt>
   <trkpt lon="-4.742712" lat="36.886216"><ele>170.7</ele></trkpt>
   <trkpt lon="-4.742745" lat="36.886296"><ele>169.5</ele></trkpt>
   <trkpt lon="-4.742807" lat="36.886449"><ele>167.4</ele></trkpt>
   <trkpt lon="-4.742790" lat="36.886557"><ele>167.1</ele></trkpt>
   <trkpt lon="-4.742746" lat="36.886673"><ele>167.0</ele></trkpt>
   <trkpt lon="-4.742415" lat="36.887221"><ele>166.0</ele></trkpt>
   <trkpt lon="-4.742378" lat="36.887330"><ele>166.0</ele></trkpt>
   <trkpt lon="-4.742422" lat="36.887443"><ele>167.6</ele></trkpt>
   <trkpt lon="-4.742479" lat="36.887519"><ele>169.1</ele></trkpt>
   <trkpt lon="-4.743519" lat="36.887870"><ele>186.4</ele></trkpt>
   <trkpt lon="-4.743661" lat="36.887902"><ele>186.3</ele></trkpt>
   <trkpt lon="-4.743780" lat="36.887892"><ele>187.4</ele></trkpt>
   <trkpt lon="-4.743881" lat="36.887851"><ele>189.6</ele></trkpt>
   <trkpt lon="-4.744131" lat="36.887694"><ele>189.6</ele></trkpt>
   <trkpt lon="-4.744249" lat="36.887659"><ele>189.7</ele></trkpt>
   <trkpt lon="-4.744391" lat="36.887659"><ele>189.9</ele></trkpt>
   <trkpt lon="-4.744466" lat="36.887669"><ele>189.9</ele></trkpt>
   <trkpt lon="-4.744631" lat="36.887721"><ele>190.5</ele></trkpt>
   <trkpt lon="-4.744729" lat="36.887786"><ele>191.1</ele></trkpt>
   <trkpt lon="-4.745050" lat="36.888083"><ele>190.7</ele></trkpt>
   <trkpt lon="-4.745171" lat="36.888167"><ele>191.6</ele></trkpt>
   <trkpt lon="-4.745384" lat="36.888237"><ele>195.0</ele></trkpt>
   <trkpt lon="-4.746246" lat="36.888391"><ele>205.8</ele></trkpt>
   <trkpt lon="-4.746398" lat="36.888394"><ele>208.0</ele></trkpt>
   <trkpt lon="-4.747215" lat="36.888186"><ele>228.5</ele></trkpt>
   <trkpt lon="-4.747587" lat="36.887859"><ele>245.1</ele></trkpt>
   <trkpt lon="-4.747671" lat="36.887808"><ele>246.1</ele></trkpt>
   <trkpt lon="-4.748303" lat="36.887819"><ele>234.3</ele></trkpt>
   <trkpt lon="-4.748435" lat="36.887829"><ele>233.9</ele></trkpt>
   <trkpt lon="-4.748735" lat="36.887900"><ele>228.9</ele></trkpt>
   <trkpt lon="-4.748945" lat="36.887867"><ele>235.6</ele></trkpt>
   <trkpt lon="-4.749103" lat="36.887867"><ele>237.6</ele></trkpt>
   <trkpt lon="-4.749228" lat="36.887905"><ele>235.0</ele></trkpt>
   <trkpt lon="-4.749563" lat="36.888102"><ele>221.3</ele></trkpt>
   <trkpt lon="-4.749725" lat="36.888321"><ele>208.3</ele></trkpt>
   <trkpt lon="-4.749823" lat="36.888426"><ele>204.6</ele></trkpt>
   <trkpt lon="-4.750191" lat="36.888594"><ele>209.8</ele></trkpt>
   <trkpt lon="-4.750282" lat="36.888662"><ele>209.4</ele></trkpt>
   <trkpt lon="-4.750350" lat="36.888794"><ele>203.4</ele></trkpt>
   <trkpt lon="-4.750461" lat="36.889318"><ele>186.1</ele></trkpt>
   <trkpt lon="-4.750475" lat="36.889456"><ele>184.3</ele></trkpt>
   <trkpt lon="-4.750390" lat="36.889696"><ele>178.1</ele></trkpt>
   <trkpt lon="-4.750394" lat="36.889967"><ele>179.6</ele></trkpt>
   <trkpt lon="-4.750218" lat="36.890318"><ele>174.0</ele></trkpt>
   <trkpt lon="-4.750195" lat="36.890445"><ele>174.1</ele></trkpt>
   <trkpt lon="-4.750188" lat="36.890664"><ele>176.2</ele></trkpt>
   <trkpt lon="-4.750110" lat="36.890828"><ele>175.8</ele></trkpt>
   <trkpt lon="-4.749918" lat="36.890966"><ele>172.3</ele></trkpt>
   <trkpt lon="-4.749806" lat="36.891090"><ele>172.0</ele></trkpt>
   <trkpt lon="-4.749661" lat="36.891363"><ele>172.8</ele></trkpt>
   <trkpt lon="-4.749614" lat="36.891558"><ele>173.9</ele></trkpt>
   <trkpt lon="-4.749556" lat="36.892574"><ele>176.1</ele></trkpt>
   <trkpt lon="-4.749607" lat="36.892733"><ele>176.1</ele></trkpt>
   <trkpt lon="-4.749711" lat="36.892806"><ele>177.5</ele></trkpt>
   <trkpt lon="-4.749823" lat="36.892833"><ele>179.5</ele></trkpt>
   <trkpt lon="-4.749965" lat="36.892833"><ele>182.5</ele></trkpt>
   <trkpt lon="-4.750390" lat="36.892793"><ele>190.6</ele></trkpt>
   <trkpt lon="-4.750546" lat="36.892793"><ele>191.3</ele></trkpt>
   <trkpt lon="-4.751761" lat="36.893149"><ele>181.2</ele></trkpt>
   <trkpt lon="-4.751982" lat="36.893269"><ele>175.6</ele></trkpt>
   <trkpt lon="-4.752423" lat="36.893789"><ele>163.4</ele></trkpt>
   <trkpt lon="-4.752570" lat="36.893952"><ele>166.2</ele></trkpt>
   <trkpt lon="-4.752654" lat="36.894100"><ele>168.5</ele></trkpt>
   <trkpt lon="-4.752696" lat="36.894200"><ele>169.6</ele></trkpt>
   <trkpt lon="-4.752702" lat="36.894359"><ele>169.9</ele></trkpt>
   <trkpt lon="-4.752657" lat="36.894489"><ele>168.9</ele></trkpt>
   <trkpt lon="-4.752341" lat="36.895066"><ele>167.2</ele></trkpt>
   <trkpt lon="-4.752061" lat="36.895621"><ele>167.5</ele></trkpt>
   <trkpt lon="-4.751736" lat="36.896170"><ele>168.9</ele></trkpt>
   <trkpt lon="-4.751650" lat="36.896346"><ele>169.2</ele></trkpt>
   <trkpt lon="-4.751549" lat="36.896469"><ele>169.5</ele></trkpt>
   <trkpt lon="-4.751437" lat="36.896561"><ele>170.0</ele></trkpt>
   <trkpt lon="-4.751297" lat="36.896613"><ele>170.0</ele></trkpt>
   <trkpt lon="-4.751205" lat="36.896633"><ele>169.8</ele></trkpt>
   <trkpt lon="-4.750737" lat="36.896765"><ele>168.9</ele></trkpt>
   <trkpt lon="-4.750555" lat="36.896830"><ele>168.2</ele></trkpt>
   <trkpt lon="-4.750421" lat="36.896904"><ele>167.8</ele></trkpt>
   <trkpt lon="-4.750334" lat="36.896980"><ele>167.9</ele></trkpt>
   <trkpt lon="-4.750055" lat="36.897382"><ele>169.2</ele></trkpt>
   <trkpt lon="-4.749968" lat="36.897528"><ele>169.3</ele></trkpt>
   <trkpt lon="-4.749915" lat="36.897687"><ele>169.5</ele></trkpt>
   <trkpt lon="-4.749909" lat="36.897870"><ele>169.8</ele></trkpt>
   <trkpt lon="-4.749945" lat="36.898096"><ele>170.3</ele></trkpt>
   <trkpt lon="-4.750018" lat="36.898322"><ele>171.0</ele></trkpt>
   <trkpt lon="-4.750135" lat="36.898624"><ele>170.3</ele></trkpt>
   <trkpt lon="-4.750235" lat="36.898838"><ele>169.7</ele></trkpt>
   <trkpt lon="-4.750377" lat="36.898986"><ele>169.6</ele></trkpt>
   <trkpt lon="-4.750712" lat="36.899305"><ele>169.2</ele></trkpt>
   <trkpt lon="-4.750956" lat="36.899506"><ele>170.1</ele></trkpt>
   <trkpt lon="-4.751601" lat="36.899956"><ele>171.9</ele></trkpt>
   <trkpt lon="-4.751917" lat="36.900167"><ele>172.4</ele></trkpt>
   <trkpt lon="-4.752238" lat="36.900304"><ele>173.0</ele></trkpt>
   <trkpt lon="-4.753675" lat="36.900881"><ele>173.7</ele></trkpt>
   <trkpt lon="-4.753819" lat="36.900933"><ele>173.9</ele></trkpt>
   <trkpt lon="-4.754004" lat="36.900972"><ele>174.5</ele></trkpt>
   <trkpt lon="-4.754135" lat="36.900972"><ele>175.3</ele></trkpt>
   <trkpt lon="-4.754274" lat="36.900953"><ele>176.2</ele></trkpt>
   <trkpt lon="-4.754505" lat="36.900898"><ele>178.5</ele></trkpt>
   <trkpt lon="-4.755275" lat="36.900674"><ele>191.1</ele></trkpt>
   <trkpt lon="-4.755961" lat="36.900491"><ele>198.4</ele></trkpt>
   <trkpt lon="-4.756347" lat="36.900409"><ele>195.7</ele></trkpt>
   <trkpt lon="-4.756717" lat="36.900363"><ele>192.4</ele></trkpt>
   <trkpt lon="-4.756862" lat="36.900355"><ele>191.5</ele></trkpt>
   <trkpt lon="-4.757000" lat="36.900348"><ele>191.8</ele></trkpt>
   <trkpt lon="-4.757558" lat="36.900365"><ele>189.6</ele></trkpt>
   <trkpt lon="-4.757942" lat="36.900396"><ele>191.2</ele></trkpt>
   <trkpt lon="-4.758339" lat="36.900483"><ele>188.6</ele></trkpt>
   <trkpt lon="-4.758644" lat="36.900574"><ele>185.9</ele></trkpt>
   <trkpt lon="-4.758979" lat="36.900711"><ele>183.8</ele></trkpt>
   <trkpt lon="-4.759466" lat="36.901018"><ele>182.1</ele></trkpt>
   <trkpt lon="-4.759780" lat="36.901314"><ele>178.8</ele></trkpt>
   <trkpt lon="-4.760074" lat="36.901519"><ele>179.3</ele></trkpt>
   <trkpt lon="-4.760186" lat="36.901616"><ele>180.3</ele></trkpt>
   <trkpt lon="-4.760267" lat="36.901719"><ele>180.2</ele></trkpt>
   <trkpt lon="-4.760335" lat="36.901871"><ele>179.3</ele></trkpt>
   <trkpt lon="-4.760767" lat="36.903184"><ele>185.4</ele></trkpt>
   <trkpt lon="-4.760824" lat="36.903322"><ele>185.7</ele></trkpt>
   <trkpt lon="-4.760935" lat="36.903482"><ele>187.2</ele></trkpt>
   <trkpt lon="-4.761044" lat="36.903599"><ele>188.5</ele></trkpt>
   <trkpt lon="-4.761362" lat="36.903859"><ele>192.2</ele></trkpt>
   <trkpt lon="-4.761417" lat="36.903912"><ele>192.4</ele></trkpt>
   <trkpt lon="-4.761443" lat="36.903991"><ele>192.2</ele></trkpt>
   <trkpt lon="-4.761440" lat="36.904076"><ele>191.6</ele></trkpt>
   <trkpt lon="-4.761387" lat="36.904171"><ele>189.8</ele></trkpt>
   <trkpt lon="-4.761372" lat="36.904270"><ele>188.5</ele></trkpt>
   <trkpt lon="-4.761417" lat="36.904423"><ele>188.1</ele></trkpt>
   <trkpt lon="-4.761527" lat="36.904718"><ele>190.2</ele></trkpt>
   <trkpt lon="-4.761850" lat="36.905283"><ele>200.3</ele></trkpt>
   <trkpt lon="-4.761912" lat="36.905379"><ele>200.6</ele></trkpt>
   <trkpt lon="-4.761987" lat="36.905468"><ele>201.1</ele></trkpt>
   <trkpt lon="-4.762121" lat="36.905563"><ele>203.6</ele></trkpt>
   <trkpt lon="-4.762364" lat="36.905700"><ele>207.3</ele></trkpt>
   <trkpt lon="-4.762517" lat="36.905803"><ele>209.1</ele></trkpt>
   <trkpt lon="-4.762566" lat="36.905844"><ele>209.1</ele></trkpt>
   <trkpt lon="-4.763089" lat="36.906343"><ele>208.8</ele></trkpt>
   <trkpt lon="-4.763492" lat="36.906745"><ele>209.6</ele></trkpt>
   <trkpt lon="-4.763653" lat="36.906872"><ele>209.6</ele></trkpt>
   <trkpt lon="-4.763760" lat="36.906926"><ele>210.2</ele></trkpt>
   <trkpt lon="-4.763862" lat="36.906967"><ele>211.2</ele></trkpt>
   <trkpt lon="-4.764197" lat="36.907060"><ele>214.0</ele></trkpt>
   <trkpt lon="-4.764294" lat="36.907098"><ele>213.6</ele></trkpt>
   <trkpt lon="-4.764317" lat="36.907054"><ele>215.6</ele></trkpt>
   <trkpt lon="-4.764365" lat="36.907016"><ele>217.6</ele></trkpt>
   <trkpt lon="-4.764499" lat="36.906851"><ele>224.8</ele></trkpt>
   <trkpt lon="-4.764585" lat="36.906821"><ele>226.3</ele></trkpt>
   <trkpt lon="-4.764673" lat="36.906801"><ele>227.4</ele></trkpt>
   <trkpt lon="-4.764849" lat="36.906812"><ele>226.2</ele></trkpt>
   <trkpt lon="-4.764963" lat="36.906763"><ele>228.2</ele></trkpt>
   <trkpt lon="-4.765326" lat="36.906373"><ele>242.2</ele></trkpt>
   <trkpt lon="-4.765365" lat="36.906360"><ele>242.2</ele></trkpt>
   <trkpt lon="-4.765410" lat="36.906366"><ele>241.5</ele></trkpt>
   <trkpt lon="-4.765457" lat="36.906419"><ele>238.4</ele></trkpt>
   <trkpt lon="-4.765567" lat="36.906588"><ele>229.6</ele></trkpt>
   <trkpt lon="-4.765648" lat="36.906731"><ele>226.3</ele></trkpt>
   <trkpt lon="-4.765655" lat="36.906793"><ele>225.7</ele></trkpt>
   <trkpt lon="-4.765615" lat="36.906847"><ele>224.7</ele></trkpt>
   <trkpt lon="-4.765448" lat="36.907005"><ele>221.1</ele></trkpt>
   <trkpt lon="-4.765329" lat="36.907170"><ele>221.7</ele></trkpt>
   <trkpt lon="-4.765265" lat="36.907344"><ele>222.8</ele></trkpt>
   <trkpt lon="-4.765253" lat="36.907616"><ele>230.0</ele></trkpt>
   <trkpt lon="-4.765236" lat="36.907767"><ele>233.2</ele></trkpt>
   <trkpt lon="-4.765131" lat="36.908025"><ele>234.9</ele></trkpt>
   <trkpt lon="-4.765113" lat="36.908179"><ele>237.8</ele></trkpt>
   <trkpt lon="-4.765192" lat="36.908237"><ele>242.6</ele></trkpt>
   <trkpt lon="-4.765409" lat="36.908203"><ele>250.9</ele></trkpt>
   <trkpt lon="-4.765384" lat="36.908046"><ele>246.6</ele></trkpt>
   <trkpt lon="-4.765460" lat="36.907921"><ele>245.9</ele></trkpt>
   <trkpt lon="-4.765584" lat="36.907774"><ele>246.4</ele></trkpt>
   <trkpt lon="-4.765460" lat="36.907921"><ele>245.9</ele></trkpt>
   <trkpt lon="-4.765384" lat="36.908046"><ele>246.6</ele></trkpt>
   <trkpt lon="-4.765409" lat="36.908203"><ele>250.9</ele></trkpt>
   <trkpt lon="-4.765192" lat="36.908237"><ele>242.6</ele></trkpt>
   <trkpt lon="-4.765113" lat="36.908179"><ele>237.8</ele></trkpt>
   <trkpt lon="-4.765131" lat="36.908025"><ele>234.9</ele></trkpt>
   <trkpt lon="-4.765236" lat="36.907767"><ele>233.2</ele></trkpt>
   <trkpt lon="-4.765253" lat="36.907616"><ele>230.0</ele></trkpt>
   <trkpt lon="-4.765265" lat="36.907344"><ele>222.8</ele></trkpt>
   <trkpt lon="-4.765329" lat="36.907170"><ele>221.7</ele></trkpt>
   <trkpt lon="-4.765448" lat="36.907005"><ele>221.1</ele></trkpt>
   <trkpt lon="-4.765615" lat="36.906847"><ele>224.7</ele></trkpt>
   <trkpt lon="-4.765655" lat="36.906793"><ele>225.7</ele></trkpt>
   <trkpt lon="-4.765648" lat="36.906731"><ele>226.3</ele></trkpt>
   <trkpt lon="-4.765567" lat="36.906588"><ele>229.6</ele></trkpt>
   <trkpt lon="-4.765457" lat="36.906419"><ele>238.4</ele></trkpt>
   <trkpt lon="-4.765410" lat="36.906366"><ele>241.5</ele></trkpt>
   <trkpt lon="-4.765365" lat="36.906360"><ele>242.2</ele></trkpt>
   <trkpt lon="-4.765326" lat="36.906373"><ele>242.2</ele></trkpt>
   <trkpt lon="-4.764963" lat="36.906763"><ele>228.2</ele></trkpt>
   <trkpt lon="-4.764849" lat="36.906812"><ele>226.2</ele></trkpt>
   <trkpt lon="-4.764673" lat="36.906801"><ele>227.4</ele></trkpt>
   <trkpt lon="-4.764585" lat="36.906821"><ele>226.3</ele></trkpt>
   <trkpt lon="-4.764499" lat="36.906851"><ele>224.8</ele></trkpt>
   <trkpt lon="-4.764365" lat="36.907016"><ele>217.6</ele></trkpt>
   <trkpt lon="-4.764317" lat="36.907054"><ele>215.6</ele></trkpt>
   <trkpt lon="-4.764294" lat="36.907098"><ele>213.6</ele></trkpt>
   <trkpt lon="-4.764197" lat="36.907060"><ele>214.0</ele></trkpt>
   <trkpt lon="-4.763862" lat="36.906967"><ele>211.2</ele></trkpt>
   <trkpt lon="-4.763760" lat="36.906926"><ele>210.2</ele></trkpt>
   <trkpt lon="-4.763653" lat="36.906872"><ele>209.6</ele></trkpt>
   <trkpt lon="-4.763492" lat="36.906745"><ele>209.6</ele></trkpt>
   <trkpt lon="-4.763089" lat="36.906343"><ele>208.8</ele></trkpt>
   <trkpt lon="-4.762566" lat="36.905844"><ele>209.1</ele></trkpt>
   <trkpt lon="-4.762517" lat="36.905803"><ele>209.1</ele></trkpt>
   <trkpt lon="-4.762364" lat="36.905700"><ele>207.3</ele></trkpt>
   <trkpt lon="-4.762121" lat="36.905563"><ele>203.6</ele></trkpt>
   <trkpt lon="-4.761987" lat="36.905468"><ele>201.1</ele></trkpt>
   <trkpt lon="-4.761912" lat="36.905379"><ele>200.6</ele></trkpt>
   <trkpt lon="-4.761850" lat="36.905283"><ele>200.3</ele></trkpt>
   <trkpt lon="-4.761527" lat="36.904718"><ele>190.2</ele></trkpt>
   <trkpt lon="-4.761417" lat="36.904423"><ele>188.1</ele></trkpt>
   <trkpt lon="-4.761372" lat="36.904270"><ele>188.5</ele></trkpt>
   <trkpt lon="-4.761387" lat="36.904171"><ele>189.8</ele></trkpt>
   <trkpt lon="-4.761440" lat="36.904076"><ele>191.6</ele></trkpt>
   <trkpt lon="-4.761443" lat="36.903991"><ele>192.2</ele></trkpt>
   <trkpt lon="-4.761417" lat="36.903912"><ele>192.4</ele></trkpt>
   <trkpt lon="-4.761362" lat="36.903859"><ele>192.2</ele></trkpt>
   <trkpt lon="-4.761044" lat="36.903599"><ele>188.5</ele></trkpt>
   <trkpt lon="-4.760935" lat="36.903482"><ele>187.2</ele></trkpt>
   <trkpt lon="-4.760824" lat="36.903322"><ele>185.7</ele></trkpt>
   <trkpt lon="-4.760767" lat="36.903184"><ele>185.4</ele></trkpt>
   <trkpt lon="-4.760335" lat="36.901871"><ele>179.3</ele></trkpt>
   <trkpt lon="-4.760267" lat="36.901719"><ele>180.2</ele></trkpt>
   <trkpt lon="-4.760186" lat="36.901616"><ele>180.3</ele></trkpt>
   <trkpt lon="-4.760074" lat="36.901519"><ele>179.3</ele></trkpt>
   <trkpt lon="-4.759780" lat="36.901314"><ele>178.8</ele></trkpt>
   <trkpt lon="-4.759466" lat="36.901018"><ele>182.1</ele></trkpt>
   <trkpt lon="-4.758979" lat="36.900711"><ele>183.8</ele></trkpt>
   <trkpt lon="-4.758644" lat="36.900574"><ele>185.9</ele></trkpt>
   <trkpt lon="-4.758339" lat="36.900483"><ele>188.6</ele></trkpt>
   <trkpt lon="-4.757942" lat="36.900396"><ele>191.2</ele></trkpt>
   <trkpt lon="-4.757558" lat="36.900365"><ele>189.6</ele></trkpt>
   <trkpt lon="-4.757000" lat="36.900348"><ele>191.8</ele></trkpt>
   <trkpt lon="-4.756862" lat="36.900355"><ele>191.5</ele></trkpt>
   <trkpt lon="-4.756717" lat="36.900363"><ele>192.4</ele></trkpt>
   <trkpt lon="-4.756347" lat="36.900409"><ele>195.7</ele></trkpt>
   <trkpt lon="-4.755961" lat="36.900491"><ele>198.4</ele></trkpt>
   <trkpt lon="-4.755275" lat="36.900674"><ele>191.1</ele></trkpt>
   <trkpt lon="-4.754505" lat="36.900898"><ele>178.5</ele></trkpt>
   <trkpt lon="-4.754274" lat="36.900953"><ele>176.2</ele></trkpt>
   <trkpt lon="-4.754135" lat="36.900972"><ele>175.3</ele></trkpt>
   <trkpt lon="-4.754004" lat="36.900972"><ele>174.5</ele></trkpt>
   <trkpt lon="-4.753819" lat="36.900933"><ele>173.9</ele></trkpt>
   <trkpt lon="-4.753675" lat="36.900881"><ele>173.7</ele></trkpt>
   <trkpt lon="-4.752238" lat="36.900304"><ele>173.0</ele></trkpt>
   <trkpt lon="-4.751917" lat="36.900167"><ele>172.4</ele></trkpt>
   <trkpt lon="-4.751601" lat="36.899956"><ele>171.9</ele></trkpt>
   <trkpt lon="-4.750956" lat="36.899506"><ele>170.1</ele></trkpt>
   <trkpt lon="-4.750712" lat="36.899305"><ele>169.2</ele></trkpt>
   <trkpt lon="-4.750377" lat="36.898986"><ele>169.6</ele></trkpt>
   <trkpt lon="-4.750235" lat="36.898838"><ele>169.7</ele></trkpt>
   <trkpt lon="-4.750135" lat="36.898624"><ele>170.3</ele></trkpt>
   <trkpt lon="-4.750018" lat="36.898322"><ele>171.0</ele></trkpt>
   <trkpt lon="-4.749945" lat="36.898096"><ele>170.3</ele></trkpt>
   <trkpt lon="-4.749909" lat="36.897870"><ele>169.8</ele></trkpt>
   <trkpt lon="-4.749915" lat="36.897687"><ele>169.5</ele></trkpt>
   <trkpt lon="-4.749968" lat="36.897528"><ele>169.3</ele></trkpt>
   <trkpt lon="-4.750055" lat="36.897382"><ele>169.2</ele></trkpt>
   <trkpt lon="-4.750334" lat="36.896980"><ele>167.9</ele></trkpt>
   <trkpt lon="-4.750421" lat="36.896904"><ele>167.8</ele></trkpt>
   <trkpt lon="-4.750555" lat="36.896830"><ele>168.2</ele></trkpt>
   <trkpt lon="-4.750737" lat="36.896765"><ele>168.9</ele></trkpt>
   <trkpt lon="-4.751205" lat="36.896633"><ele>169.8</ele></trkpt>
   <trkpt lon="-4.751297" lat="36.896613"><ele>170.0</ele></trkpt>
   <trkpt lon="-4.751437" lat="36.896561"><ele>170.0</ele></trkpt>
   <trkpt lon="-4.751549" lat="36.896469"><ele>169.5</ele></trkpt>
   <trkpt lon="-4.751650" lat="36.896346"><ele>169.2</ele></trkpt>
   <trkpt lon="-4.751736" lat="36.896170"><ele>168.9</ele></trkpt>
   <trkpt lon="-4.752061" lat="36.895621"><ele>167.5</ele></trkpt>
   <trkpt lon="-4.752341" lat="36.895066"><ele>167.2</ele></trkpt>
   <trkpt lon="-4.752657" lat="36.894489"><ele>168.9</ele></trkpt>
   <trkpt lon="-4.752702" lat="36.894359"><ele>169.9</ele></trkpt>
   <trkpt lon="-4.752696" lat="36.894200"><ele>169.6</ele></trkpt>
   <trkpt lon="-4.752654" lat="36.894100"><ele>168.5</ele></trkpt>
   <trkpt lon="-4.752570" lat="36.893952"><ele>166.2</ele></trkpt>
   <trkpt lon="-4.752423" lat="36.893789"><ele>163.4</ele></trkpt>
   <trkpt lon="-4.751982" lat="36.893269"><ele>175.6</ele></trkpt>
   <trkpt lon="-4.751761" lat="36.893149"><ele>181.2</ele></trkpt>
   <trkpt lon="-4.750546" lat="36.892793"><ele>191.3</ele></trkpt>
   <trkpt lon="-4.750390" lat="36.892793"><ele>190.6</ele></trkpt>
   <trkpt lon="-4.749965" lat="36.892833"><ele>182.5</ele></trkpt>
   <trkpt lon="-4.749823" lat="36.892833"><ele>179.5</ele></trkpt>
   <trkpt lon="-4.749711" lat="36.892806"><ele>177.5</ele></trkpt>
   <trkpt lon="-4.749607" lat="36.892733"><ele>176.1</ele></trkpt>
   <trkpt lon="-4.749556" lat="36.892574"><ele>176.1</ele></trkpt>
   <trkpt lon="-4.749614" lat="36.891558"><ele>173.9</ele></trkpt>
   <trkpt lon="-4.749661" lat="36.891363"><ele>172.8</ele></trkpt>
   <trkpt lon="-4.749806" lat="36.891090"><ele>172.0</ele></trkpt>
   <trkpt lon="-4.749918" lat="36.890966"><ele>172.3</ele></trkpt>
   <trkpt lon="-4.750110" lat="36.890828"><ele>175.8</ele></trkpt>
   <trkpt lon="-4.750188" lat="36.890664"><ele>176.2</ele></trkpt>
   <trkpt lon="-4.750195" lat="36.890445"><ele>174.1</ele></trkpt>
   <trkpt lon="-4.750218" lat="36.890318"><ele>174.0</ele></trkpt>
   <trkpt lon="-4.750394" lat="36.889967"><ele>179.6</ele></trkpt>
   <trkpt lon="-4.750390" lat="36.889696"><ele>178.1</ele></trkpt>
   <trkpt lon="-4.750475" lat="36.889456"><ele>184.3</ele></trkpt>
   <trkpt lon="-4.750461" lat="36.889318"><ele>186.1</ele></trkpt>
   <trkpt lon="-4.750350" lat="36.888794"><ele>203.4</ele></trkpt>
   <trkpt lon="-4.750282" lat="36.888662"><ele>209.4</ele></trkpt>
   <trkpt lon="-4.750191" lat="36.888594"><ele>209.8</ele></trkpt>
   <trkpt lon="-4.749823" lat="36.888426"><ele>204.6</ele></trkpt>
   <trkpt lon="-4.749725" lat="36.888321"><ele>208.3</ele></trkpt>
   <trkpt lon="-4.749563" lat="36.888102"><ele>221.3</ele></trkpt>
   <trkpt lon="-4.749228" lat="36.887905"><ele>235.0</ele></trkpt>
   <trkpt lon="-4.749103" lat="36.887867"><ele>237.6</ele></trkpt>
   <trkpt lon="-4.748945" lat="36.887867"><ele>235.6</ele></trkpt>
   <trkpt lon="-4.748735" lat="36.887900"><ele>228.9</ele></trkpt>
   <trkpt lon="-4.748435" lat="36.887829"><ele>233.9</ele></trkpt>
   <trkpt lon="-4.748303" lat="36.887819"><ele>234.3</ele></trkpt>
   <trkpt lon="-4.747671" lat="36.887808"><ele>246.1</ele></trkpt>
   <trkpt lon="-4.747587" lat="36.887859"><ele>245.1</ele></trkpt>
   <trkpt lon="-4.747215" lat="36.888186"><ele>228.5</ele></trkpt>
   <trkpt lon="-4.746398" lat="36.888394"><ele>208.0</ele></trkpt>
   <trkpt lon="-4.746246" lat="36.888391"><ele>205.8</ele></trkpt>
   <trkpt lon="-4.745384" lat="36.888237"><ele>195.0</ele></trkpt>
   <trkpt lon="-4.745171" lat="36.888167"><ele>191.6</ele></trkpt>
   <trkpt lon="-4.745050" lat="36.888083"><ele>190.7</ele></trkpt>
   <trkpt lon="-4.744729" lat="36.887786"><ele>191.1</ele></trkpt>
   <trkpt lon="-4.744631" lat="36.887721"><ele>190.5</ele></trkpt>
   <trkpt lon="-4.744466" lat="36.887669"><ele>189.9</ele></trkpt>
   <trkpt lon="-4.744391" lat="36.887659"><ele>189.9</ele></trkpt>
   <trkpt lon="-4.744249" lat="36.887659"><ele>189.7</ele></trkpt>
   <trkpt lon="-4.744131" lat="36.887694"><ele>189.6</ele></trkpt>
   <trkpt lon="-4.743881" lat="36.887851"><ele>189.6</ele></trkpt>
   <trkpt lon="-4.743780" lat="36.887892"><ele>187.4</ele></trkpt>
   <trkpt lon="-4.743661" lat="36.887902"><ele>186.3</ele></trkpt>
   <trkpt lon="-4.743519" lat="36.887870"><ele>186.4</ele></trkpt>
   <trkpt lon="-4.742479" lat="36.887519"><ele>169.1</ele></trkpt>
   <trkpt lon="-4.742422" lat="36.887443"><ele>167.6</ele></trkpt>
   <trkpt lon="-4.742378" lat="36.887330"><ele>166.0</ele></trkpt>
   <trkpt lon="-4.742415" lat="36.887221"><ele>166.0</ele></trkpt>
   <trkpt lon="-4.742746" lat="36.886673"><ele>167.0</ele></trkpt>
   <trkpt lon="-4.742790" lat="36.886557"><ele>167.1</ele></trkpt>
   <trkpt lon="-4.742807" lat="36.886449"><ele>167.4</ele></trkpt>
   <trkpt lon="-4.742745" lat="36.886296"><ele>169.5</ele></trkpt>
   <trkpt lon="-4.742712" lat="36.886216"><ele>170.7</ele></trkpt>
   <trkpt lon="-4.742601" lat="36.886130"><ele>172.6</ele></trkpt>
   <trkpt lon="-4.742465" lat="36.886062"><ele>174.6</ele></trkpt>
   <trkpt lon="-4.742283" lat="36.886060"><ele>175.8</ele></trkpt>
   <trkpt lon="-4.742023" lat="36.886100"><ele>175.7</ele></trkpt>
   <trkpt lon="-4.741810" lat="36.886165"><ele>174.4</ele></trkpt>
   <trkpt lon="-4.741593" lat="36.886172"><ele>173.0</ele></trkpt>
   <trkpt lon="-4.741443" lat="36.886151"><ele>172.5</ele></trkpt>
   <trkpt lon="-4.741288" lat="36.886098"><ele>172.3</ele></trkpt>
   <trkpt lon="-4.741083" lat="36.885997"><ele>171.7</ele></trkpt>
   <trkpt lon="-4.740896" lat="36.885859"><ele>171.2</ele></trkpt>
   <trkpt lon="-4.740793" lat="36.885739"><ele>171.1</ele></trkpt>
   <trkpt lon="-4.740724" lat="36.885619"><ele>170.8</ele></trkpt>
   <trkpt lon="-4.740681" lat="36.885439"><ele>170.9</ele></trkpt>
   <trkpt lon="-4.740633" lat="36.885078"><ele>170.7</ele></trkpt>
   <trkpt lon="-4.740595" lat="36.884967"><ele>171.4</ele></trkpt>
   <trkpt lon="-4.740515" lat="36.884842"><ele>172.3</ele></trkpt>
   <trkpt lon="-4.740354" lat="36.884714"><ele>173.8</ele></trkpt>
   <trkpt lon="-4.740144" lat="36.884632"><ele>174.9</ele></trkpt>
   <trkpt lon="-4.739796" lat="36.884585"><ele>175.8</ele></trkpt>
   <trkpt lon="-4.739152" lat="36.884611"><ele>174.5</ele></trkpt>
   <trkpt lon="-4.738889" lat="36.884594"><ele>173.4</ele></trkpt>
   <trkpt lon="-4.738673" lat="36.884541"><ele>173.0</ele></trkpt>
   <trkpt lon="-4.736614" lat="36.883973"><ele>174.7</ele></trkpt>
   <trkpt lon="-4.736324" lat="36.883837"><ele>175.3</ele></trkpt>
   <trkpt lon="-4.736094" lat="36.883714"><ele>175.1</ele></trkpt>
   <trkpt lon="-4.735844" lat="36.883543"><ele>173.8</ele></trkpt>
   <trkpt lon="-4.735663" lat="36.883374"><ele>173.1</ele></trkpt>
   <trkpt lon="-4.735494" lat="36.883185"><ele>173.3</ele></trkpt>
   <trkpt lon="-4.735300" lat="36.883015"><ele>173.7</ele></trkpt>
   <trkpt lon="-4.735074" lat="36.882873"><ele>175.6</ele></trkpt>
   <trkpt lon="-4.734790" lat="36.882783"><ele>176.8</ele></trkpt>
   <trkpt lon="-4.734517" lat="36.882723"><ele>177.1</ele></trkpt>
   <trkpt lon="-4.733739" lat="36.882603"><ele>175.1</ele></trkpt>
   <trkpt lon="-4.733503" lat="36.882530"><ele>174.3</ele></trkpt>
   <trkpt lon="-4.732761" lat="36.882219"><ele>181.8</ele></trkpt>
   <trkpt lon="-4.732560" lat="36.882166"><ele>184.4</ele></trkpt>
   <trkpt lon="-4.732335" lat="36.882154"><ele>186.0</ele></trkpt>
   <trkpt lon="-4.732077" lat="36.882188"><ele>185.9</ele></trkpt>
   <trkpt lon="-4.731375" lat="36.882353"><ele>182.4</ele></trkpt>
   <trkpt lon="-4.731151" lat="36.882391"><ele>178.0</ele></trkpt>
   <trkpt lon="-4.730969" lat="36.882383"><ele>172.9</ele></trkpt>
   <trkpt lon="-4.730854" lat="36.882337"><ele>169.9</ele></trkpt>
   <trkpt lon="-4.730792" lat="36.882273"><ele>169.0</ele></trkpt>
   <trkpt lon="-4.730764" lat="36.882211"><ele>168.9</ele></trkpt>
   <trkpt lon="-4.730757" lat="36.882146"><ele>169.0</ele></trkpt>
   <trkpt lon="-4.730790" lat="36.882059"><ele>169.0</ele></trkpt>
   <trkpt lon="-4.731007" lat="36.881720"><ele>171.6</ele></trkpt>
   <trkpt lon="-4.731091" lat="36.881646"><ele>172.9</ele></trkpt>
   <trkpt lon="-4.731208" lat="36.881579"><ele>173.2</ele></trkpt>
   <trkpt lon="-4.731397" lat="36.881524"><ele>173.9</ele></trkpt>
   <trkpt lon="-4.731535" lat="36.881459"><ele>173.6</ele></trkpt>
   <trkpt lon="-4.732092" lat="36.881025"><ele>174.5</ele></trkpt>
   <trkpt lon="-4.732132" lat="36.880987"><ele>175.4</ele></trkpt>
   <trkpt lon="-4.732171" lat="36.880950"><ele>176.5</ele></trkpt>
   <trkpt lon="-4.732218" lat="36.880853"><ele>179.0</ele></trkpt>
   <trkpt lon="-4.732238" lat="36.880765"><ele>180.9</ele></trkpt>
   <trkpt lon="-4.732235" lat="36.880668"><ele>182.9</ele></trkpt>
   <trkpt lon="-4.732185" lat="36.880568"><ele>185.2</ele></trkpt>
   <trkpt lon="-4.732113" lat="36.880507"><ele>186.2</ele></trkpt>
   <trkpt lon="-4.732008" lat="36.880450"><ele>186.8</ele></trkpt>
   <trkpt lon="-4.731862" lat="36.880423"><ele>186.9</ele></trkpt>
   <trkpt lon="-4.731645" lat="36.880419"><ele>187.4</ele></trkpt>
   <trkpt lon="-4.731516" lat="36.880391"><ele>189.2</ele></trkpt>
   <trkpt lon="-4.731425" lat="36.880339"><ele>191.3</ele></trkpt>
   <trkpt lon="-4.731373" lat="36.880293"><ele>192.5</ele></trkpt>
   <trkpt lon="-4.731332" lat="36.880238"><ele>193.5</ele></trkpt>
   <trkpt lon="-4.731327" lat="36.880189"><ele>194.0</ele></trkpt>
   <trkpt lon="-4.731318" lat="36.880112"><ele>194.7</ele></trkpt>
   <trkpt lon="-4.731354" lat="36.880020"><ele>195.1</ele></trkpt>
   <trkpt lon="-4.731478" lat="36.879859"><ele>194.5</ele></trkpt>
   <trkpt lon="-4.731541" lat="36.879749"><ele>194.2</ele></trkpt>
   <trkpt lon="-4.731571" lat="36.879650"><ele>194.1</ele></trkpt>
   <trkpt lon="-4.731670" lat="36.879236"><ele>191.2</ele></trkpt>
   <trkpt lon="-4.731667" lat="36.879083"><ele>190.1</ele></trkpt>
   <trkpt lon="-4.731641" lat="36.878960"><ele>189.1</ele></trkpt>
   <trkpt lon="-4.731600" lat="36.878758"><ele>188.4</ele></trkpt>
   <trkpt lon="-4.731550" lat="36.878501"><ele>188.2</ele></trkpt>
   <trkpt lon="-4.731514" lat="36.878321"><ele>188.7</ele></trkpt>
   <trkpt lon="-4.731275" lat="36.877139"><ele>198.3</ele></trkpt>
   <trkpt lon="-4.731154" lat="36.876541"><ele>203.4</ele></trkpt>
   <trkpt lon="-4.731103" lat="36.876370"><ele>204.0</ele></trkpt>
   <trkpt lon="-4.731033" lat="36.876196"><ele>204.3</ele></trkpt>
   <trkpt lon="-4.730953" lat="36.875931"><ele>202.3</ele></trkpt>
   <trkpt lon="-4.730942" lat="36.875804"><ele>201.3</ele></trkpt>
   <trkpt lon="-4.730960" lat="36.875632"><ele>199.9</ele></trkpt>
   <trkpt lon="-4.731021" lat="36.875429"><ele>199.7</ele></trkpt>
   <trkpt lon="-4.731059" lat="36.875306"><ele>199.9</ele></trkpt>
   <trkpt lon="-4.731064" lat="36.875259"><ele>199.9</ele></trkpt>
   <trkpt lon="-4.731070" lat="36.875198"><ele>200.1</ele></trkpt>
   <trkpt lon="-4.731042" lat="36.875117"><ele>200.9</ele></trkpt>
   <trkpt lon="-4.731014" lat="36.875063"><ele>201.4</ele></trkpt>
   <trkpt lon="-4.730958" lat="36.875001"><ele>201.8</ele></trkpt>
   <trkpt lon="-4.730264" lat="36.874665"><ele>201.8</ele></trkpt>
   <trkpt lon="-4.729810" lat="36.874399"><ele>196.7</ele></trkpt>
   <trkpt lon="-4.728415" lat="36.873947"><ele>191.5</ele></trkpt>
   <trkpt lon="-4.728228" lat="36.873881"><ele>191.0</ele></trkpt>
   <trkpt lon="-4.727765" lat="36.873583"><ele>185.1</ele></trkpt>
   <trkpt lon="-4.727607" lat="36.873509"><ele>183.7</ele></trkpt>
   <trkpt lon="-4.727180" lat="36.873397"><ele>180.1</ele></trkpt>
   <trkpt lon="-4.727010" lat="36.873335"><ele>178.6</ele></trkpt>
   <trkpt lon="-4.726861" lat="36.873249"><ele>178.5</ele></trkpt>
   <trkpt lon="-4.726304" lat="36.872807"><ele>178.2</ele></trkpt>
   <trkpt lon="-4.726026" lat="36.872630"><ele>176.3</ele></trkpt>
   <trkpt lon="-4.725406" lat="36.872406"><ele>175.8</ele></trkpt>
   <trkpt lon="-4.725021" lat="36.872158"><ele>176.3</ele></trkpt>
   <trkpt lon="-4.724841" lat="36.872067"><ele>175.2</ele></trkpt>
   <trkpt lon="-4.724383" lat="36.871921"><ele>172.3</ele></trkpt>
   <trkpt lon="-4.724128" lat="36.871825"><ele>172.0</ele></trkpt>
   <trkpt lon="-4.724024" lat="36.871778"><ele>171.7</ele></trkpt>
   <trkpt lon="-4.723198" lat="36.871265"><ele>163.5</ele></trkpt>
   <trkpt lon="-4.722543" lat="36.871005"><ele>160.9</ele></trkpt>
   <trkpt lon="-4.722219" lat="36.870781"><ele>155.6</ele></trkpt>
   <trkpt lon="-4.722024" lat="36.870691"><ele>154.5</ele></trkpt>
   <trkpt lon="-4.721498" lat="36.870583"><ele>153.1</ele></trkpt>
   <trkpt lon="-4.721240" lat="36.870484"><ele>151.6</ele></trkpt>
   <trkpt lon="-4.720895" lat="36.870296"><ele>149.9</ele></trkpt>
   <trkpt lon="-4.720716" lat="36.870190"><ele>148.5</ele></trkpt>
   <trkpt lon="-4.720422" lat="36.869962"><ele>147.2</ele></trkpt>
   <trkpt lon="-4.719920" lat="36.869490"><ele>147.0</ele></trkpt>
   <trkpt lon="-4.719640" lat="36.869227"><ele>147.1</ele></trkpt>
   <trkpt lon="-4.719495" lat="36.869074"><ele>146.7</ele></trkpt>
   <trkpt lon="-4.719422" lat="36.868940"><ele>146.1</ele></trkpt>
   <trkpt lon="-4.719412" lat="36.868793"><ele>146.0</ele></trkpt>
   <trkpt lon="-4.719443" lat="36.868602"><ele>145.7</ele></trkpt>
   <trkpt lon="-4.719577" lat="36.868221"><ele>146.3</ele></trkpt>
   <trkpt lon="-4.719653" lat="36.868079"><ele>147.1</ele></trkpt>
   <trkpt lon="-4.719801" lat="36.867967"><ele>146.7</ele></trkpt>
   <trkpt lon="-4.719905" lat="36.867915"><ele>147.8</ele></trkpt>
   <trkpt lon="-4.719888" lat="36.867224"><ele>142.2</ele></trkpt>
   <trkpt lon="-4.719900" lat="36.867153"><ele>142.0</ele></trkpt>
   <trkpt lon="-4.719934" lat="36.867090"><ele>142.0</ele></trkpt>
   <trkpt lon="-4.719992" lat="36.867039"><ele>142.2</ele></trkpt>
   <trkpt lon="-4.720113" lat="36.866974"><ele>142.2</ele></trkpt>
   <trkpt lon="-4.720183" lat="36.866919"><ele>142.2</ele></trkpt>
   <trkpt lon="-4.720205" lat="36.866856"><ele>142.0</ele></trkpt>
   <trkpt lon="-4.720168" lat="36.866748"><ele>141.4</ele></trkpt>
   <trkpt lon="-4.719849" lat="36.866442"><ele>139.1</ele></trkpt>
   <trkpt lon="-4.719603" lat="36.866050"><ele>136.2</ele></trkpt>
   <trkpt lon="-4.719572" lat="36.865937"><ele>135.8</ele></trkpt>
   <trkpt lon="-4.719571" lat="36.865731"><ele>135.2</ele></trkpt>
   <trkpt lon="-4.719622" lat="36.865367"><ele>135.0</ele></trkpt>
   <trkpt lon="-4.719622" lat="36.865262"><ele>134.8</ele></trkpt>
   <trkpt lon="-4.719555" lat="36.864989"><ele>133.6</ele></trkpt>
   <trkpt lon="-4.719597" lat="36.864943"><ele>133.7</ele></trkpt>
   <trkpt lon="-4.719494" lat="36.864589"><ele>131.9</ele></trkpt>
   <trkpt lon="-4.719484" lat="36.864512"><ele>131.4</ele></trkpt>
   <trkpt lon="-4.719506" lat="36.864448"><ele>131.2</ele></trkpt>
   <trkpt lon="-4.719849" lat="36.864035"><ele>130.8</ele></trkpt>
   <trkpt lon="-4.719945" lat="36.863947"><ele>130.8</ele></trkpt>
   <trkpt lon="-4.720176" lat="36.863814"><ele>132.2</ele></trkpt>
   <trkpt lon="-4.720229" lat="36.863735"><ele>132.4</ele></trkpt>
   <trkpt lon="-4.720311" lat="36.863372"><ele>132.2</ele></trkpt>
   <trkpt lon="-4.720347" lat="36.863104"><ele>132.4</ele></trkpt>
   <trkpt lon="-4.720327" lat="36.862824"><ele>132.1</ele></trkpt>
   <trkpt lon="-4.720245" lat="36.862276"><ele>133.6</ele></trkpt>
   <trkpt lon="-4.720100" lat="36.861846"><ele>136.2</ele></trkpt>
   <trkpt lon="-4.719946" lat="36.861583"><ele>136.4</ele></trkpt>
   <trkpt lon="-4.719580" lat="36.860999"><ele>136.6</ele></trkpt>
   <trkpt lon="-4.719405" lat="36.860676"><ele>135.8</ele></trkpt>
   <trkpt lon="-4.719364" lat="36.860644"><ele>135.4</ele></trkpt>
   <trkpt lon="-4.719311" lat="36.860647"><ele>134.8</ele></trkpt>
   <trkpt lon="-4.719194" lat="36.860695"><ele>133.8</ele></trkpt>
   <trkpt lon="-4.718878" lat="36.860756"><ele>131.2</ele></trkpt>
   <trkpt lon="-4.718699" lat="36.860738"><ele>130.3</ele></trkpt>
   <trkpt lon="-4.718565" lat="36.860696"><ele>129.8</ele></trkpt>
   <trkpt lon="-4.718461" lat="36.860635"><ele>129.5</ele></trkpt>
   <trkpt lon="-4.718256" lat="36.860437"><ele>129.4</ele></trkpt>
   <trkpt lon="-4.718297" lat="36.860205"><ele>131.1</ele></trkpt>
   <trkpt lon="-4.718359" lat="36.860103"><ele>131.7</ele></trkpt>
   <trkpt lon="-4.718506" lat="36.859967"><ele>132.6</ele></trkpt>
   <trkpt lon="-4.718523" lat="36.859885"><ele>132.7</ele></trkpt>
   <trkpt lon="-4.718456" lat="36.859760"><ele>132.8</ele></trkpt>
   <trkpt lon="-4.718440" lat="36.859698"><ele>132.9</ele></trkpt>
   <trkpt lon="-4.718477" lat="36.859671"><ele>133.1</ele></trkpt>
   <trkpt lon="-4.718560" lat="36.859624"><ele>133.5</ele></trkpt>
   <trkpt lon="-4.718608" lat="36.859592"><ele>133.7</ele></trkpt>
   <trkpt lon="-4.718274" lat="36.859205"><ele>134.8</ele></trkpt>
   <trkpt lon="-4.717986" lat="36.858963"><ele>135.0</ele></trkpt>
   <trkpt lon="-4.717714" lat="36.858723"><ele>134.2</ele></trkpt>
   <trkpt lon="-4.717226" lat="36.858208"><ele>131.7</ele></trkpt>
   <trkpt lon="-4.716831" lat="36.857691"><ele>130.5</ele></trkpt>
   <trkpt lon="-4.716753" lat="36.857545"><ele>130.1</ele></trkpt>
   <trkpt lon="-4.716390" lat="36.857199"><ele>129.1</ele></trkpt>
   <trkpt lon="-4.716331" lat="36.857129"><ele>129.0</ele></trkpt>
   <trkpt lon="-4.716291" lat="36.857000"><ele>129.0</ele></trkpt>
   <trkpt lon="-4.716231" lat="36.856651"><ele>129.0</ele></trkpt>
   <trkpt lon="-4.716165" lat="36.856493"><ele>129.0</ele></trkpt>
   <trkpt lon="-4.715833" lat="36.855961"><ele>129.3</ele></trkpt>
   <trkpt lon="-4.715782" lat="36.855810"><ele>129.6</ele></trkpt>
   <trkpt lon="-4.715744" lat="36.855550"><ele>129.8</ele></trkpt>
   <trkpt lon="-4.715727" lat="36.855476"><ele>129.9</ele></trkpt>
   <trkpt lon="-4.715461" lat="36.854351"><ele>129.8</ele></trkpt>
   <trkpt lon="-4.715322" lat="36.853949"><ele>130.0</ele></trkpt>
   <trkpt lon="-4.714693" lat="36.852778"><ele>129.9</ele></trkpt>
   <trkpt lon="-4.714057" lat="36.851828"><ele>129.0</ele></trkpt>
   <trkpt lon="-4.713800" lat="36.851369"><ele>130.8</ele></trkpt>
   <trkpt lon="-4.713540" lat="36.850975"><ele>138.5</ele></trkpt>
   <trkpt lon="-4.713463" lat="36.850811"><ele>141.1</ele></trkpt>
   <trkpt lon="-4.713351" lat="36.850334"><ele>144.8</ele></trkpt>
   <trkpt lon="-4.713209" lat="36.850011"><ele>145.3</ele></trkpt>
   <trkpt lon="-4.712902" lat="36.849309"><ele>143.6</ele></trkpt>
   <trkpt lon="-4.712620" lat="36.848631"><ele>141.4</ele></trkpt>
   <trkpt lon="-4.712523" lat="36.848561"><ele>140.4</ele></trkpt>
   <trkpt lon="-4.711806" lat="36.847163"><ele>137.2</ele></trkpt>
   <trkpt lon="-4.711767" lat="36.847088"><ele>137.9</ele></trkpt>
   <trkpt lon="-4.711413" lat="36.846398"><ele>142.8</ele></trkpt>
   <trkpt lon="-4.711298" lat="36.846253"><ele>143.7</ele></trkpt>
   <trkpt lon="-4.710976" lat="36.845938"><ele>145.6</ele></trkpt>
   <trkpt lon="-4.710618" lat="36.845444"><ele>148.9</ele></trkpt>
   <trkpt lon="-4.710514" lat="36.845359"><ele>150.1</ele></trkpt>
   <trkpt lon="-4.710357" lat="36.845302"><ele>151.3</ele></trkpt>
   <trkpt lon="-4.710126" lat="36.845275"><ele>152.4</ele></trkpt>
   <trkpt lon="-4.709927" lat="36.845236"><ele>153.0</ele></trkpt>
   <trkpt lon="-4.709739" lat="36.845159"><ele>154.2</ele></trkpt>
   <trkpt lon="-4.709458" lat="36.845013"><ele>154.2</ele></trkpt>
   <trkpt lon="-4.709358" lat="36.844957"><ele>154.3</ele></trkpt>
   <trkpt lon="-4.709211" lat="36.844848"><ele>154.7</ele></trkpt>
   <trkpt lon="-4.709117" lat="36.844743"><ele>155.4</ele></trkpt>
   <trkpt lon="-4.708628" lat="36.844045"><ele>157.5</ele></trkpt>
   <trkpt lon="-4.708557" lat="36.843911"><ele>158.7</ele></trkpt>
   <trkpt lon="-4.708484" lat="36.843559"><ele>164.3</ele></trkpt>
   <trkpt lon="-4.708421" lat="36.843451"><ele>166.2</ele></trkpt>
   <trkpt lon="-4.708320" lat="36.843357"><ele>168.0</ele></trkpt>
   <trkpt lon="-4.707375" lat="36.842889"><ele>176.2</ele></trkpt>
   <trkpt lon="-4.707255" lat="36.842814"><ele>176.2</ele></trkpt>
   <trkpt lon="-4.707156" lat="36.842697"><ele>176.1</ele></trkpt>
   <trkpt lon="-4.707120" lat="36.842571"><ele>176.1</ele></trkpt>
   <trkpt lon="-4.707153" lat="36.842189"><ele>175.2</ele></trkpt>
   <trkpt lon="-4.707187" lat="36.842024"><ele>174.8</ele></trkpt>
   <trkpt lon="-4.707366" lat="36.841576"><ele>177.3</ele></trkpt>
   <trkpt lon="-4.707362" lat="36.841452"><ele>178.0</ele></trkpt>
   <trkpt lon="-4.707307" lat="36.841323"><ele>178.6</ele></trkpt>
   <trkpt lon="-4.707054" lat="36.841078"><ele>177.6</ele></trkpt>
   <trkpt lon="-4.706971" lat="36.840984"><ele>177.1</ele></trkpt>
   <trkpt lon="-4.706905" lat="36.840831"><ele>177.2</ele></trkpt>
   <trkpt lon="-4.706874" lat="36.840539"><ele>179.4</ele></trkpt>
   <trkpt lon="-4.706821" lat="36.840328"><ele>180.3</ele></trkpt>
   <trkpt lon="-4.706646" lat="36.839983"><ele>178.6</ele></trkpt>
   <trkpt lon="-4.706628" lat="36.839854"><ele>178.1</ele></trkpt>
   <trkpt lon="-4.706685" lat="36.839575"><ele>179.7</ele></trkpt>
   <trkpt lon="-4.706672" lat="36.839493"><ele>180.6</ele></trkpt>
   <trkpt lon="-4.706652" lat="36.839440"><ele>181.0</ele></trkpt>
   <trkpt lon="-4.706562" lat="36.839360"><ele>181.2</ele></trkpt>
   <trkpt lon="-4.706335" lat="36.839236"><ele>180.3</ele></trkpt>
   <trkpt lon="-4.706217" lat="36.839158"><ele>179.8</ele></trkpt>
   <trkpt lon="-4.706124" lat="36.839057"><ele>179.9</ele></trkpt>
   <trkpt lon="-4.705694" lat="36.838289"><ele>177.9</ele></trkpt>
   <trkpt lon="-4.705648" lat="36.838146"><ele>177.7</ele></trkpt>
   <trkpt lon="-4.705415" lat="36.836614"><ele>184.3</ele></trkpt>
   <trkpt lon="-4.705381" lat="36.836521"><ele>185.2</ele></trkpt>
   <trkpt lon="-4.705290" lat="36.836435"><ele>185.3</ele></trkpt>
   <trkpt lon="-4.705140" lat="36.836365"><ele>184.0</ele></trkpt>
   <trkpt lon="-4.704946" lat="36.836258"><ele>181.8</ele></trkpt>
   <trkpt lon="-4.704836" lat="36.836171"><ele>180.2</ele></trkpt>
   <trkpt lon="-4.704746" lat="36.836048"><ele>178.8</ele></trkpt>
   <trkpt lon="-4.704671" lat="36.835844"><ele>178.4</ele></trkpt>
   <trkpt lon="-4.704476" lat="36.835470"><ele>178.2</ele></trkpt>
   <trkpt lon="-4.704352" lat="36.835300"><ele>177.8</ele></trkpt>
   <trkpt lon="-4.704284" lat="36.835243"><ele>177.5</ele></trkpt>
   <trkpt lon="-4.703584" lat="36.834683"><ele>177.5</ele></trkpt>
   <trkpt lon="-4.703348" lat="36.834452"><ele>176.5</ele></trkpt>
   <trkpt lon="-4.703232" lat="36.834255"><ele>176.7</ele></trkpt>
   <trkpt lon="-4.703149" lat="36.834101"><ele>177.5</ele></trkpt>
   <trkpt lon="-4.703094" lat="36.833915"><ele>179.0</ele></trkpt>
   <trkpt lon="-4.703073" lat="36.833768"><ele>179.7</ele></trkpt>
   <trkpt lon="-4.703078" lat="36.833565"><ele>180.9</ele></trkpt>
   <trkpt lon="-4.703103" lat="36.833405"><ele>181.2</ele></trkpt>
   <trkpt lon="-4.703199" lat="36.833181"><ele>182.5</ele></trkpt>
   <trkpt lon="-4.703306" lat="36.833005"><ele>184.3</ele></trkpt>
   <trkpt lon="-4.703606" lat="36.832649"><ele>188.1</ele></trkpt>
   <trkpt lon="-4.703788" lat="36.832429"><ele>190.4</ele></trkpt>
   <trkpt lon="-4.704290" lat="36.831799"><ele>197.7</ele></trkpt>
   <trkpt lon="-4.704320" lat="36.831646"><ele>199.3</ele></trkpt>
   <trkpt lon="-4.704306" lat="36.831389"><ele>200.7</ele></trkpt>
   <trkpt lon="-4.704292" lat="36.831264"><ele>200.9</ele></trkpt>
   <trkpt lon="-4.704284" lat="36.831134"><ele>201.3</ele></trkpt>
   <trkpt lon="-4.704267" lat="36.830780"><ele>203.1</ele></trkpt>
   <trkpt lon="-4.704236" lat="36.830280"><ele>205.0</ele></trkpt>
   <trkpt lon="-4.704242" lat="36.830079"><ele>205.3</ele></trkpt>
   <trkpt lon="-4.704268" lat="36.829954"><ele>205.3</ele></trkpt>
   <trkpt lon="-4.704520" lat="36.829402"><ele>208.2</ele></trkpt>
   <trkpt lon="-4.704554" lat="36.829267"><ele>209.3</ele></trkpt>
   <trkpt lon="-4.704559" lat="36.829137"><ele>210.1</ele></trkpt>
   <trkpt lon="-4.704574" lat="36.829041"><ele>211.3</ele></trkpt>
   <trkpt lon="-4.704597" lat="36.828957"><ele>212.7</ele></trkpt>
   <trkpt lon="-4.704642" lat="36.828904"><ele>213.8</ele></trkpt>
   <trkpt lon="-4.704648" lat="36.828876"><ele>214.1</ele></trkpt>
   <trkpt lon="-4.704644" lat="36.828838"><ele>214.6</ele></trkpt>
   <trkpt lon="-4.704627" lat="36.828803"><ele>214.8</ele></trkpt>
   <trkpt lon="-4.704597" lat="36.828774"><ele>214.7</ele></trkpt>
   <trkpt lon="-4.704560" lat="36.828755"><ele>214.2</ele></trkpt>
   <trkpt lon="-4.704518" lat="36.828744"><ele>213.6</ele></trkpt>
   <trkpt lon="-4.704474" lat="36.828744"><ele>212.8</ele></trkpt>
   <trkpt lon="-4.704346" lat="36.828714"><ele>210.8</ele></trkpt>
   <trkpt lon="-4.704200" lat="36.828658"><ele>209.0</ele></trkpt>
   <trkpt lon="-4.704115" lat="36.828596"><ele>208.3</ele></trkpt>
   <trkpt lon="-4.704060" lat="36.828540"><ele>208.0</ele></trkpt>
   <trkpt lon="-4.704017" lat="36.828480"><ele>207.9</ele></trkpt>
   <trkpt lon="-4.703913" lat="36.828260"><ele>206.7</ele></trkpt>
   <trkpt lon="-4.703837" lat="36.828008"><ele>205.4</ele></trkpt>
   <trkpt lon="-4.703810" lat="36.827764"><ele>204.8</ele></trkpt>
   <trkpt lon="-4.703738" lat="36.827596"><ele>203.5</ele></trkpt>
   <trkpt lon="-4.703712" lat="36.827557"><ele>203.1</ele></trkpt>
   <trkpt lon="-4.703413" lat="36.827118"><ele>197.7</ele></trkpt>
   <trkpt lon="-4.703391" lat="36.827086"><ele>197.4</ele></trkpt>
   <trkpt lon="-4.703324" lat="36.826923"><ele>195.8</ele></trkpt>
   <trkpt lon="-4.703239" lat="36.826568"><ele>192.7</ele></trkpt>
   <trkpt lon="-4.703210" lat="36.826441"><ele>191.3</ele></trkpt>
   <trkpt lon="-4.703127" lat="36.826077"><ele>187.9</ele></trkpt>
   <trkpt lon="-4.703115" lat="36.825999"><ele>187.4</ele></trkpt>
   <trkpt lon="-4.703098" lat="36.825886"><ele>186.8</ele></trkpt>
   <trkpt lon="-4.703084" lat="36.825693"><ele>186.3</ele></trkpt>
   <trkpt lon="-4.703067" lat="36.825489"><ele>188.1</ele></trkpt>
   <trkpt lon="-4.703057" lat="36.825362"><ele>189.4</ele></trkpt>
   <trkpt lon="-4.703360" lat="36.825450"><ele>192.9</ele></trkpt>
   <trkpt lon="-4.703469" lat="36.825386"><ele>195.0</ele></trkpt>
   <trkpt lon="-4.703840" lat="36.825012"><ele>202.5</ele></trkpt>
   <trkpt lon="-4.704112" lat="36.824832"><ele>204.0</ele></trkpt>
   <trkpt lon="-4.704297" lat="36.824766"><ele>205.3</ele></trkpt>
   <trkpt lon="-4.704248" lat="36.824640"><ele>205.4</ele></trkpt>
   <trkpt lon="-4.703870" lat="36.824477"><ele>203.1</ele></trkpt>
   <trkpt lon="-4.703447" lat="36.824333"><ele>204.5</ele></trkpt>
   <trkpt lon="-4.703603" lat="36.824047"><ele>198.7</ele></trkpt>
   <trkpt lon="-4.703597" lat="36.823567"><ele>188.5</ele></trkpt>
   <trkpt lon="-4.703699" lat="36.823182"><ele>190.3</ele></trkpt>
   <trkpt lon="-4.703629" lat="36.822961"><ele>187.4</ele></trkpt>
   <trkpt lon="-4.703614" lat="36.822841"><ele>184.8</ele></trkpt>
   <trkpt lon="-4.703632" lat="36.822778"><ele>183.9</ele></trkpt>
   <trkpt lon="-4.704031" lat="36.822706"><ele>186.9</ele></trkpt>
   <trkpt lon="-4.704231" lat="36.822613"><ele>184.5</ele></trkpt>
   <trkpt lon="-4.704426" lat="36.822544"><ele>183.8</ele></trkpt>
   <trkpt lon="-4.704523" lat="36.822578"><ele>186.1</ele></trkpt>
   <trkpt lon="-4.704574" lat="36.822596"><ele>187.2</ele></trkpt>
   <trkpt lon="-4.704772" lat="36.822748"><ele>191.5</ele></trkpt>
   <trkpt lon="-4.704881" lat="36.822745"><ele>190.5</ele></trkpt>
   <trkpt lon="-4.704930" lat="36.822695"><ele>188.7</ele></trkpt>
   <trkpt lon="-4.704975" lat="36.822508"><ele>183.9</ele></trkpt>
   <trkpt lon="-4.705006" lat="36.822469"><ele>183.0</ele></trkpt>
   <trkpt lon="-4.705117" lat="36.822311"><ele>180.1</ele></trkpt>
   <trkpt lon="-4.705130" lat="36.822193"><ele>178.7</ele></trkpt>
   <trkpt lon="-4.705066" lat="36.821997"><ele>175.1</ele></trkpt>
   <trkpt lon="-4.704797" lat="36.821641"><ele>168.2</ele></trkpt>
   <trkpt lon="-4.704789" lat="36.821607"><ele>168.3</ele></trkpt>
   <trkpt lon="-4.704818" lat="36.821448"><ele>172.9</ele></trkpt>
   <trkpt lon="-4.703605" lat="36.821360"><ele>160.4</ele></trkpt>
   <trkpt lon="-4.703536" lat="36.821516"><ele>154.3</ele></trkpt>
   <trkpt lon="-4.703440" lat="36.821518"><ele>152.3</ele></trkpt>
   <trkpt lon="-4.703361" lat="36.821503"><ele>151.1</ele></trkpt>
   <trkpt lon="-4.703291" lat="36.821460"><ele>150.2</ele></trkpt>
   <trkpt lon="-4.703066" lat="36.821215"><ele>149.3</ele></trkpt>
   <trkpt lon="-4.702957" lat="36.821199"><ele>146.9</ele></trkpt>
   <trkpt lon="-4.702944" lat="36.821198"><ele>146.5</ele></trkpt>
   <trkpt lon="-4.702799" lat="36.821217"><ele>145.2</ele></trkpt>
   <trkpt lon="-4.702616" lat="36.821190"><ele>144.4</ele></trkpt>
   <trkpt lon="-4.702488" lat="36.821141"><ele>143.6</ele></trkpt>
   <trkpt lon="-4.702362" lat="36.821036"><ele>139.9</ele></trkpt>
   <trkpt lon="-4.702272" lat="36.820996"><ele>137.7</ele></trkpt>
   <trkpt lon="-4.702034" lat="36.820930"><ele>136.1</ele></trkpt>
   <trkpt lon="-4.701870" lat="36.820855"><ele>134.1</ele></trkpt>
   <trkpt lon="-4.701819" lat="36.820784"><ele>130.5</ele></trkpt>
   <trkpt lon="-4.701740" lat="36.820677"><ele>125.1</ele></trkpt>
   <trkpt lon="-4.701698" lat="36.820583"><ele>120.7</ele></trkpt>
   <trkpt lon="-4.701653" lat="36.820551"><ele>119.9</ele></trkpt>
   <trkpt lon="-4.701601" lat="36.820558"><ele>119.6</ele></trkpt>
   <trkpt lon="-4.701482" lat="36.820605"><ele>119.7</ele></trkpt>
   <trkpt lon="-4.700711" lat="36.820734"><ele>115.0</ele></trkpt>
   <trkpt lon="-4.700509" lat="36.820756"><ele>113.7</ele></trkpt>
   <trkpt lon="-4.700459" lat="36.820761"><ele>113.6</ele></trkpt>
   <trkpt lon="-4.700403" lat="36.820779"><ele>113.5</ele></trkpt>
   <trkpt lon="-4.699989" lat="36.820947"><ele>112.7</ele></trkpt>
   <trkpt lon="-4.699943" lat="36.820954"><ele>112.5</ele></trkpt>
   <trkpt lon="-4.699906" lat="36.820945"><ele>111.9</ele></trkpt>
   <trkpt lon="-4.699880" lat="36.820905"><ele>111.0</ele></trkpt>
   <trkpt lon="-4.700520" lat="36.820634"><ele>111.7</ele></trkpt>
   <trkpt lon="-4.700709" lat="36.820546"><ele>111.7</ele></trkpt>
   <trkpt lon="-4.700898" lat="36.820438"><ele>111.8</ele></trkpt>
   <trkpt lon="-4.701200" lat="36.820200"><ele>110.4</ele></trkpt>
   <trkpt lon="-4.701398" lat="36.819971"><ele>109.7</ele></trkpt>
   <trkpt lon="-4.701543" lat="36.819706"><ele>109.7</ele></trkpt>
   <trkpt lon="-4.701605" lat="36.819495"><ele>109.4</ele></trkpt>
   <trkpt lon="-4.701635" lat="36.819317"><ele>107.4</ele></trkpt>
   <trkpt lon="-4.701642" lat="36.819004"><ele>101.0</ele></trkpt>
   <trkpt lon="-4.701581" lat="36.817708"><ele>98.6</ele></trkpt>
   <trkpt lon="-4.701561" lat="36.817297"><ele>98.7</ele></trkpt>
   <trkpt lon="-4.701516" lat="36.816992"><ele>99.0</ele></trkpt>
   <trkpt lon="-4.701368" lat="36.816624"><ele>99.0</ele></trkpt>
   <trkpt lon="-4.701131" lat="36.816310"><ele>98.6</ele></trkpt>
   <trkpt lon="-4.700872" lat="36.816101"><ele>98.7</ele></trkpt>
   <trkpt lon="-4.700525" lat="36.815913"><ele>98.3</ele></trkpt>
   <trkpt lon="-4.700168" lat="36.815792"><ele>98.9</ele></trkpt>
   <trkpt lon="-4.699781" lat="36.815714"><ele>99.7</ele></trkpt>
   <trkpt lon="-4.699115" lat="36.815699"><ele>101.8</ele></trkpt>
   <trkpt lon="-4.698776" lat="36.815694"><ele>102.4</ele></trkpt>
   <trkpt lon="-4.698600" lat="36.815686"><ele>103.1</ele></trkpt>
   <trkpt lon="-4.698536" lat="36.815683"><ele>103.4</ele></trkpt>
   <trkpt lon="-4.698509" lat="36.815663"><ele>103.4</ele></trkpt>
   <trkpt lon="-4.698441" lat="36.815643"><ele>103.7</ele></trkpt>
   <trkpt lon="-4.698369" lat="36.815538"><ele>103.8</ele></trkpt>
   <trkpt lon="-4.698319" lat="36.815449"><ele>103.9</ele></trkpt>
   <trkpt lon="-4.698184" lat="36.814957"><ele>104.6</ele></trkpt>
   <trkpt lon="-4.698107" lat="36.813912"><ele>105.8</ele></trkpt>
   <trkpt lon="-4.698057" lat="36.813469"><ele>109.6</ele></trkpt>
   <trkpt lon="-4.698079" lat="36.813264"><ele>106.7</ele></trkpt>
   <trkpt lon="-4.698047" lat="36.813114"><ele>104.8</ele></trkpt>
   <trkpt lon="-4.697962" lat="36.812964"><ele>103.6</ele></trkpt>
   <trkpt lon="-4.697755" lat="36.812673"><ele>101.9</ele></trkpt>
   <trkpt lon="-4.697616" lat="36.812557"><ele>102.5</ele></trkpt>
   <trkpt lon="-4.697514" lat="36.812329"><ele>102.4</ele></trkpt>
   <trkpt lon="-4.697455" lat="36.812099"><ele>103.0</ele></trkpt>
   <trkpt lon="-4.697416" lat="36.811810"><ele>102.7</ele></trkpt>
   <trkpt lon="-4.697341" lat="36.811513"><ele>101.9</ele></trkpt>
   <trkpt lon="-4.697136" lat="36.811071"><ele>101.9</ele></trkpt>
   <trkpt lon="-4.696985" lat="36.810650"><ele>103.3</ele></trkpt>
   <trkpt lon="-4.696693" lat="36.809959"><ele>105.5</ele></trkpt>
   <trkpt lon="-4.696633" lat="36.809749"><ele>106.2</ele></trkpt>
   <trkpt lon="-4.696609" lat="36.809601"><ele>105.8</ele></trkpt>
   <trkpt lon="-4.696577" lat="36.809326"><ele>104.2</ele></trkpt>
   <trkpt lon="-4.696537" lat="36.809116"><ele>101.6</ele></trkpt>
   <trkpt lon="-4.696468" lat="36.808938"><ele>99.4</ele></trkpt>
   <trkpt lon="-4.696355" lat="36.808777"><ele>98.3</ele></trkpt>
   <trkpt lon="-4.696184" lat="36.808712"><ele>98.2</ele></trkpt>
   <trkpt lon="-4.696011" lat="36.808723"><ele>98.8</ele></trkpt>
   <trkpt lon="-4.695848" lat="36.808802"><ele>99.7</ele></trkpt>
   <trkpt lon="-4.695668" lat="36.808942"><ele>100.5</ele></trkpt>
   <trkpt lon="-4.695459" lat="36.808958"><ele>101.8</ele></trkpt>
   <trkpt lon="-4.695362" lat="36.808958"><ele>102.5</ele></trkpt>
   <trkpt lon="-4.695237" lat="36.808932"><ele>103.6</ele></trkpt>
   <trkpt lon="-4.695063" lat="36.808883"><ele>105.3</ele></trkpt>
   <trkpt lon="-4.694918" lat="36.808796"><ele>107.7</ele></trkpt>
   <trkpt lon="-4.694798" lat="36.808709"><ele>109.7</ele></trkpt>
   <trkpt lon="-4.694742" lat="36.808631"><ele>110.8</ele></trkpt>
   <trkpt lon="-4.694716" lat="36.808563"><ele>112.0</ele></trkpt>
   <trkpt lon="-4.694738" lat="36.808418"><ele>113.4</ele></trkpt>
   <trkpt lon="-4.694770" lat="36.808333"><ele>113.9</ele></trkpt>
   <trkpt lon="-4.694830" lat="36.808208"><ele>114.3</ele></trkpt>
   <trkpt lon="-4.694953" lat="36.808005"><ele>114.8</ele></trkpt>
   <trkpt lon="-4.695150" lat="36.807748"><ele>114.5</ele></trkpt>
   <trkpt lon="-4.695374" lat="36.807418"><ele>113.3</ele></trkpt>
   <trkpt lon="-4.695413" lat="36.807375"><ele>113.0</ele></trkpt>
   <trkpt lon="-4.695468" lat="36.807285"><ele>112.8</ele></trkpt>
   <trkpt lon="-4.695496" lat="36.807235"><ele>113.4</ele></trkpt>
   <trkpt lon="-4.695530" lat="36.807216"><ele>113.6</ele></trkpt>
   <trkpt lon="-4.695560" lat="36.807189"><ele>113.9</ele></trkpt>
   <trkpt lon="-4.695580" lat="36.807156"><ele>114.3</ele></trkpt>
   <trkpt lon="-4.695590" lat="36.807121"><ele>114.8</ele></trkpt>
   <trkpt lon="-4.695581" lat="36.807059"><ele>115.7</ele></trkpt>
   <trkpt lon="-4.695633" lat="36.806996"><ele>116.5</ele></trkpt>
   <trkpt lon="-4.695686" lat="36.806949"><ele>117.0</ele></trkpt>
   <trkpt lon="-4.695791" lat="36.806888"><ele>118.4</ele></trkpt>
   <trkpt lon="-4.696002" lat="36.806815"><ele>119.9</ele></trkpt>
   <trkpt lon="-4.696636" lat="36.806567"><ele>120.8</ele></trkpt>
   <trkpt lon="-4.696953" lat="36.806306"><ele>122.5</ele></trkpt>
   <trkpt lon="-4.697586" lat="36.806116"><ele>118.3</ele></trkpt>
   <trkpt lon="-4.698132" lat="36.805935"><ele>117.6</ele></trkpt>
   <trkpt lon="-4.698386" lat="36.805804"><ele>116.1</ele></trkpt>
   <trkpt lon="-4.698565" lat="36.805568"><ele>114.9</ele></trkpt>
   <trkpt lon="-4.698628" lat="36.805393"><ele>113.1</ele></trkpt>
   <trkpt lon="-4.698639" lat="36.804998"><ele>110.7</ele></trkpt>
   <trkpt lon="-4.698616" lat="36.804697"><ele>110.0</ele></trkpt>
   <trkpt lon="-4.698692" lat="36.804088"><ele>107.1</ele></trkpt>
   <trkpt lon="-4.698702" lat="36.803634"><ele>106.1</ele></trkpt>
   <trkpt lon="-4.698694" lat="36.803427"><ele>105.5</ele></trkpt>
   <trkpt lon="-4.698621" lat="36.803139"><ele>104.5</ele></trkpt>
   <trkpt lon="-4.698540" lat="36.802952"><ele>104.2</ele></trkpt>
   <trkpt lon="-4.698512" lat="36.802810"><ele>103.8</ele></trkpt>
   <trkpt lon="-4.698535" lat="36.802671"><ele>103.8</ele></trkpt>
   <trkpt lon="-4.698739" lat="36.802364"><ele>104.1</ele></trkpt>
   <trkpt lon="-4.698762" lat="36.802303"><ele>104.1</ele></trkpt>
   <trkpt lon="-4.698805" lat="36.802183"><ele>104.0</ele></trkpt>
   <trkpt lon="-4.698854" lat="36.801872"><ele>103.1</ele></trkpt>
   <trkpt lon="-4.698896" lat="36.801390"><ele>101.9</ele></trkpt>
   <trkpt lon="-4.698980" lat="36.800720"><ele>103.2</ele></trkpt>
   <trkpt lon="-4.699052" lat="36.800511"><ele>102.9</ele></trkpt>
   <trkpt lon="-4.699175" lat="36.800265"><ele>101.9</ele></trkpt>
   <trkpt lon="-4.699348" lat="36.800073"><ele>101.6</ele></trkpt>
   <trkpt lon="-4.699480" lat="36.799982"><ele>101.8</ele></trkpt>
   <trkpt lon="-4.699659" lat="36.799878"><ele>101.1</ele></trkpt>
   <trkpt lon="-4.700427" lat="36.799451"><ele>101.4</ele></trkpt>
   <trkpt lon="-4.700677" lat="36.799303"><ele>101.7</ele></trkpt>
   <trkpt lon="-4.701540" lat="36.798750"><ele>102.0</ele></trkpt>
   <trkpt lon="-4.701818" lat="36.798561"><ele>102.4</ele></trkpt>
   <trkpt lon="-4.702512" lat="36.798188"><ele>103.8</ele></trkpt>
   <trkpt lon="-4.702660" lat="36.798083"><ele>104.0</ele></trkpt>
   <trkpt lon="-4.702754" lat="36.797990"><ele>103.9</ele></trkpt>
   <trkpt lon="-4.702777" lat="36.797951"><ele>104.0</ele></trkpt>
   <trkpt lon="-4.702816" lat="36.797887"><ele>104.0</ele></trkpt>
   <trkpt lon="-4.702857" lat="36.797771"><ele>104.3</ele></trkpt>
   <trkpt lon="-4.702853" lat="36.797592"><ele>104.5</ele></trkpt>
   <trkpt lon="-4.702722" lat="36.796991"><ele>103.6</ele></trkpt>
   <trkpt lon="-4.702645" lat="36.796659"><ele>103.1</ele></trkpt>
   <trkpt lon="-4.702534" lat="36.796058"><ele>100.0</ele></trkpt>
   <trkpt lon="-4.702428" lat="36.795772"><ele>99.0</ele></trkpt>
   <trkpt lon="-4.702377" lat="36.795660"><ele>99.0</ele></trkpt>
   <trkpt lon="-4.702272" lat="36.795363"><ele>101.0</ele></trkpt>
   <trkpt lon="-4.702235" lat="36.795092"><ele>101.9</ele></trkpt>
   <trkpt lon="-4.702245" lat="36.794954"><ele>101.8</ele></trkpt>
   <trkpt lon="-4.702274" lat="36.794868"><ele>101.6</ele></trkpt>
   <trkpt lon="-4.702387" lat="36.794661"><ele>100.6</ele></trkpt>
   <trkpt lon="-4.702569" lat="36.794360"><ele>100.6</ele></trkpt>
   <trkpt lon="-4.702681" lat="36.794141"><ele>98.6</ele></trkpt>
   <trkpt lon="-4.702866" lat="36.793624"><ele>95.8</ele></trkpt>
   <trkpt lon="-4.702966" lat="36.793442"><ele>94.5</ele></trkpt>
   <trkpt lon="-4.703184" lat="36.793164"><ele>92.5</ele></trkpt>
   <trkpt lon="-4.703362" lat="36.792960"><ele>90.5</ele></trkpt>
   <trkpt lon="-4.703505" lat="36.792846"><ele>89.5</ele></trkpt>
   <trkpt lon="-4.703810" lat="36.792631"><ele>88.4</ele></trkpt>
   <trkpt lon="-4.703980" lat="36.792521"><ele>88.2</ele></trkpt>
   <trkpt lon="-4.704178" lat="36.792360"><ele>88.7</ele></trkpt>
   <trkpt lon="-4.704315" lat="36.792200"><ele>90.1</ele></trkpt>
   <trkpt lon="-4.704381" lat="36.792103"><ele>91.8</ele></trkpt>
   <trkpt lon="-4.704424" lat="36.792026"><ele>93.1</ele></trkpt>
   <trkpt lon="-4.704492" lat="36.791902"><ele>95.5</ele></trkpt>
   <trkpt lon="-4.704667" lat="36.791732"><ele>98.7</ele></trkpt>
   <trkpt lon="-4.705034" lat="36.791471"><ele>96.0</ele></trkpt>
   <trkpt lon="-4.705573" lat="36.791067"><ele>92.6</ele></trkpt>
   <trkpt lon="-4.705902" lat="36.790855"><ele>91.8</ele></trkpt>
   <trkpt lon="-4.706015" lat="36.790799"><ele>91.8</ele></trkpt>
   <trkpt lon="-4.706340" lat="36.790607"><ele>92.5</ele></trkpt>
   <trkpt lon="-4.707170" lat="36.789747"><ele>92.3</ele></trkpt>
   <trkpt lon="-4.707253" lat="36.789608"><ele>92.4</ele></trkpt>
   <trkpt lon="-4.707296" lat="36.789511"><ele>92.6</ele></trkpt>
   <trkpt lon="-4.707365" lat="36.789290"><ele>93.3</ele></trkpt>
   <trkpt lon="-4.707463" lat="36.789099"><ele>93.0</ele></trkpt>
   <trkpt lon="-4.707580" lat="36.788942"><ele>92.0</ele></trkpt>
   <trkpt lon="-4.707689" lat="36.788830"><ele>91.0</ele></trkpt>
   <trkpt lon="-4.707731" lat="36.788756"><ele>90.8</ele></trkpt>
   <trkpt lon="-4.707851" lat="36.788576"><ele>90.1</ele></trkpt>
   <trkpt lon="-4.707966" lat="36.788217"><ele>89.4</ele></trkpt>
   <trkpt lon="-4.708162" lat="36.787601"><ele>90.0</ele></trkpt>
   <trkpt lon="-4.708447" lat="36.787072"><ele>89.8</ele></trkpt>
   <trkpt lon="-4.708666" lat="36.786726"><ele>90.4</ele></trkpt>
   <trkpt lon="-4.708866" lat="36.786452"><ele>90.1</ele></trkpt>
   <trkpt lon="-4.708967" lat="36.786302"><ele>89.9</ele></trkpt>
   <trkpt lon="-4.709035" lat="36.786194"><ele>89.9</ele></trkpt>
   <trkpt lon="-4.709460" lat="36.785614"><ele>88.7</ele></trkpt>
   <trkpt lon="-4.709919" lat="36.785018"><ele>88.0</ele></trkpt>
   <trkpt lon="-4.710057" lat="36.784807"><ele>87.1</ele></trkpt>
   <trkpt lon="-4.710090" lat="36.784726"><ele>86.8</ele></trkpt>
   <trkpt lon="-4.710129" lat="36.784459"><ele>85.7</ele></trkpt>
   <trkpt lon="-4.710184" lat="36.784177"><ele>86.7</ele></trkpt>
   <trkpt lon="-4.710251" lat="36.784038"><ele>87.4</ele></trkpt>
   <trkpt lon="-4.710422" lat="36.783872"><ele>88.3</ele></trkpt>
   <trkpt lon="-4.710500" lat="36.783790"><ele>88.6</ele></trkpt>
   <trkpt lon="-4.710568" lat="36.783668"><ele>88.8</ele></trkpt>
   <trkpt lon="-4.710622" lat="36.783526"><ele>88.6</ele></trkpt>
   <trkpt lon="-4.710713" lat="36.783166"><ele>88.3</ele></trkpt>
   <trkpt lon="-4.710945" lat="36.782535"><ele>89.7</ele></trkpt>
   <trkpt lon="-4.711337" lat="36.781653"><ele>89.6</ele></trkpt>
   <trkpt lon="-4.711457" lat="36.781205"><ele>89.0</ele></trkpt>
   <trkpt lon="-4.711492" lat="36.780855"><ele>88.7</ele></trkpt>
   <trkpt lon="-4.711527" lat="36.780007"><ele>84.4</ele></trkpt>
   <trkpt lon="-4.711492" lat="36.779642"><ele>82.8</ele></trkpt>
   <trkpt lon="-4.711409" lat="36.779144"><ele>84.8</ele></trkpt>
   <trkpt lon="-4.711394" lat="36.778876"><ele>85.4</ele></trkpt>
   <trkpt lon="-4.711400" lat="36.778353"><ele>80.7</ele></trkpt>
   <trkpt lon="-4.711337" lat="36.778269"><ele>80.0</ele></trkpt>
   <trkpt lon="-4.711225" lat="36.778178"><ele>79.6</ele></trkpt>
   <trkpt lon="-4.710736" lat="36.777920"><ele>82.5</ele></trkpt>
   <trkpt lon="-4.710369" lat="36.777706"><ele>87.8</ele></trkpt>
   <trkpt lon="-4.710181" lat="36.777531"><ele>90.9</ele></trkpt>
   <trkpt lon="-4.710057" lat="36.777317"><ele>93.5</ele></trkpt>
   <trkpt lon="-4.709949" lat="36.776999"><ele>92.6</ele></trkpt>
   <trkpt lon="-4.709863" lat="36.776860"><ele>92.3</ele></trkpt>
   <trkpt lon="-4.709708" lat="36.776730"><ele>93.5</ele></trkpt>
   <trkpt lon="-4.709544" lat="36.776667"><ele>95.9</ele></trkpt>
   <trkpt lon="-4.709403" lat="36.776632"><ele>98.3</ele></trkpt>
   <trkpt lon="-4.709162" lat="36.776629"><ele>103.1</ele></trkpt>
   <trkpt lon="-4.709051" lat="36.776620"><ele>105.3</ele></trkpt>
   <trkpt lon="-4.709003" lat="36.776600"><ele>106.3</ele></trkpt>
   <trkpt lon="-4.708947" lat="36.776543"><ele>107.8</ele></trkpt>
   <trkpt lon="-4.708946" lat="36.776498"><ele>108.3</ele></trkpt>
   <trkpt lon="-4.708975" lat="36.776401"><ele>108.8</ele></trkpt>
   <trkpt lon="-4.709012" lat="36.776333"><ele>108.7</ele></trkpt>
   <trkpt lon="-4.709173" lat="36.776158"><ele>105.6</ele></trkpt>
   <trkpt lon="-4.709295" lat="36.776050"><ele>101.8</ele></trkpt>
   <trkpt lon="-4.709321" lat="36.775973"><ele>100.5</ele></trkpt>
   <trkpt lon="-4.709319" lat="36.775916"><ele>100.0</ele></trkpt>
   <trkpt lon="-4.709301" lat="36.775864"><ele>99.8</ele></trkpt>
   <trkpt lon="-4.709238" lat="36.775792"><ele>99.7</ele></trkpt>
   <trkpt lon="-4.709038" lat="36.775715"><ele>102.6</ele></trkpt>
   <trkpt lon="-4.708787" lat="36.775638"><ele>107.2</ele></trkpt>
   <trkpt lon="-4.708502" lat="36.775489"><ele>114.0</ele></trkpt>
   <trkpt lon="-4.708413" lat="36.775414"><ele>116.8</ele></trkpt>
   <trkpt lon="-4.708387" lat="36.775341"><ele>117.6</ele></trkpt>
   <trkpt lon="-4.708384" lat="36.775277"><ele>117.7</ele></trkpt>
   <trkpt lon="-4.708463" lat="36.775114"><ele>116.6</ele></trkpt>
   <trkpt lon="-4.708485" lat="36.775034"><ele>117.1</ele></trkpt>
   <trkpt lon="-4.708477" lat="36.774865"><ele>119.8</ele></trkpt>
   <trkpt lon="-4.708485" lat="36.774742"><ele>122.5</ele></trkpt>
   <trkpt lon="-4.708545" lat="36.774631"><ele>123.8</ele></trkpt>
   <trkpt lon="-4.708776" lat="36.774463"><ele>123.2</ele></trkpt>
   <trkpt lon="-4.709003" lat="36.774230"><ele>125.4</ele></trkpt>
   <trkpt lon="-4.709345" lat="36.773899"><ele>117.7</ele></trkpt>
   <trkpt lon="-4.709387" lat="36.773824"><ele>116.2</ele></trkpt>
   <trkpt lon="-4.709383" lat="36.773735"><ele>114.0</ele></trkpt>
   <trkpt lon="-4.709362" lat="36.773681"><ele>113.2</ele></trkpt>
   <trkpt lon="-4.709304" lat="36.773591"><ele>112.4</ele></trkpt>
   <trkpt lon="-4.708933" lat="36.773317"><ele>118.1</ele></trkpt>
   <trkpt lon="-4.708902" lat="36.773266"><ele>118.4</ele></trkpt>
   <trkpt lon="-4.708885" lat="36.773210"><ele>118.2</ele></trkpt>
   <trkpt lon="-4.708897" lat="36.773097"><ele>116.7</ele></trkpt>
   <trkpt lon="-4.708954" lat="36.773035"><ele>115.1</ele></trkpt>
   <trkpt lon="-4.709073" lat="36.772976"><ele>112.8</ele></trkpt>
   <trkpt lon="-4.709214" lat="36.772925"><ele>111.4</ele></trkpt>
   <trkpt lon="-4.709777" lat="36.772869"><ele>108.6</ele></trkpt>
   <trkpt lon="-4.709940" lat="36.772825"><ele>108.4</ele></trkpt>
   <trkpt lon="-4.710324" lat="36.772644"><ele>103.5</ele></trkpt>
   <trkpt lon="-4.710378" lat="36.772560"><ele>102.2</ele></trkpt>
   <trkpt lon="-4.710393" lat="36.772489"><ele>101.4</ele></trkpt>
   <trkpt lon="-4.710374" lat="36.772385"><ele>99.2</ele></trkpt>
   <trkpt lon="-4.710232" lat="36.772259"><ele>96.7</ele></trkpt>
   <trkpt lon="-4.710056" lat="36.772141"><ele>94.6</ele></trkpt>
   <trkpt lon="-4.709998" lat="36.772100"><ele>93.8</ele></trkpt>
   <trkpt lon="-4.709772" lat="36.772002"><ele>92.8</ele></trkpt>
   <trkpt lon="-4.709497" lat="36.771912"><ele>92.5</ele></trkpt>
   <trkpt lon="-4.709388" lat="36.771822"><ele>91.7</ele></trkpt>
   <trkpt lon="-4.709288" lat="36.771668"><ele>90.4</ele></trkpt>
   <trkpt lon="-4.709228" lat="36.771556"><ele>89.9</ele></trkpt>
   <trkpt lon="-4.709188" lat="36.771476"><ele>89.5</ele></trkpt>
   <trkpt lon="-4.709101" lat="36.771332"><ele>88.8</ele></trkpt>
   <trkpt lon="-4.709101" lat="36.771118"><ele>87.0</ele></trkpt>
   <trkpt lon="-4.709141" lat="36.771107"><ele>86.8</ele></trkpt>
   <trkpt lon="-4.709191" lat="36.771078"><ele>86.4</ele></trkpt>
   <trkpt lon="-4.709225" lat="36.771037"><ele>86.0</ele></trkpt>
   <trkpt lon="-4.709237" lat="36.771000"><ele>85.6</ele></trkpt>
   <trkpt lon="-4.709292" lat="36.770934"><ele>84.9</ele></trkpt>
   <trkpt lon="-4.709354" lat="36.770879"><ele>84.2</ele></trkpt>
   <trkpt lon="-4.709766" lat="36.770679"><ele>81.5</ele></trkpt>
   <trkpt lon="-4.709916" lat="36.770642"><ele>81.3</ele></trkpt>
   <trkpt lon="-4.709946" lat="36.770663"><ele>81.5</ele></trkpt>
   <trkpt lon="-4.709982" lat="36.770677"><ele>81.5</ele></trkpt>
   <trkpt lon="-4.710061" lat="36.770684"><ele>81.6</ele></trkpt>
   <trkpt lon="-4.710100" lat="36.770676"><ele>81.5</ele></trkpt>
   <trkpt lon="-4.710135" lat="36.770661"><ele>81.3</ele></trkpt>
   <trkpt lon="-4.710167" lat="36.770637"><ele>81.0</ele></trkpt>
   <trkpt lon="-4.710190" lat="36.770607"><ele>80.8</ele></trkpt>
   <trkpt lon="-4.710204" lat="36.770574"><ele>80.6</ele></trkpt>
   <trkpt lon="-4.710206" lat="36.770539"><ele>80.4</ele></trkpt>
   <trkpt lon="-4.710196" lat="36.770505"><ele>80.2</ele></trkpt>
   <trkpt lon="-4.710176" lat="36.770474"><ele>80.1</ele></trkpt>
   <trkpt lon="-4.710151" lat="36.770450"><ele>80.0</ele></trkpt>
   <trkpt lon="-4.710119" lat="36.770432"><ele>80.0</ele></trkpt>
   <trkpt lon="-4.710083" lat="36.770421"><ele>80.0</ele></trkpt>
   <trkpt lon="-4.710044" lat="36.770416"><ele>80.0</ele></trkpt>
   <trkpt lon="-4.709968" lat="36.770428"><ele>80.1</ele></trkpt>
   <trkpt lon="-4.709614" lat="36.769951"><ele>79.2</ele></trkpt>
   <trkpt lon="-4.709610" lat="36.769839"><ele>79.1</ele></trkpt>
   <trkpt lon="-4.709860" lat="36.769285"><ele>78.8</ele></trkpt>
   <trkpt lon="-4.710557" lat="36.767562"><ele>74.6</ele></trkpt>
   <trkpt lon="-4.710858" lat="36.766797"><ele>74.3</ele></trkpt>
   <trkpt lon="-4.710882" lat="36.766681"><ele>74.0</ele></trkpt>
   <trkpt lon="-4.710830" lat="36.766665"><ele>74.0</ele></trkpt>
   <trkpt lon="-4.710826" lat="36.766579"><ele>74.0</ele></trkpt>
   <trkpt lon="-4.710603" lat="36.764961"><ele>72.0</ele></trkpt>
   <trkpt lon="-4.710606" lat="36.764722"><ele>71.6</ele></trkpt>
   <trkpt lon="-4.710595" lat="36.764512"><ele>71.3</ele></trkpt>
   <trkpt lon="-4.710585" lat="36.764149"><ele>70.6</ele></trkpt>
   <trkpt lon="-4.710599" lat="36.764120"><ele>70.5</ele></trkpt>
   <trkpt lon="-4.710604" lat="36.764090"><ele>70.5</ele></trkpt>
   <trkpt lon="-4.710600" lat="36.764060"><ele>70.4</ele></trkpt>
   <trkpt lon="-4.710584" lat="36.764025"><ele>70.3</ele></trkpt>
   <trkpt lon="-4.710557" lat="36.763995"><ele>70.2</ele></trkpt>
   <trkpt lon="-4.710530" lat="36.763977"><ele>70.1</ele></trkpt>
   <trkpt lon="-4.710535" lat="36.763804"><ele>69.6</ele></trkpt>
   <trkpt lon="-4.710616" lat="36.763715"><ele>69.4</ele></trkpt>
   <trkpt lon="-4.710767" lat="36.763546"><ele>68.9</ele></trkpt>
   <trkpt lon="-4.710991" lat="36.763296"><ele>68.1</ele></trkpt>
   <trkpt lon="-4.711133" lat="36.763139"><ele>68.0</ele></trkpt>
   <trkpt lon="-4.711510" lat="36.762662"><ele>67.2</ele></trkpt>
   <trkpt lon="-4.711574" lat="36.762551"><ele>67.0</ele></trkpt>
   <trkpt lon="-4.711698" lat="36.762129"><ele>66.5</ele></trkpt>
   <trkpt lon="-4.711868" lat="36.761329"><ele>74.2</ele></trkpt>
   <trkpt lon="-4.711820" lat="36.760515"><ele>83.3</ele></trkpt>
   <trkpt lon="-4.711889" lat="36.760084"><ele>82.7</ele></trkpt>
   <trkpt lon="-4.711866" lat="36.759784"><ele>80.9</ele></trkpt>
   <trkpt lon="-4.711771" lat="36.759566"><ele>79.4</ele></trkpt>
   <trkpt lon="-4.711630" lat="36.759391"><ele>79.2</ele></trkpt>
   <trkpt lon="-4.711035" lat="36.758956"><ele>78.3</ele></trkpt>
   <trkpt lon="-4.710464" lat="36.758757"><ele>74.1</ele></trkpt>
   <trkpt lon="-4.710415" lat="36.758745"><ele>73.7</ele></trkpt>
   <trkpt lon="-4.709828" lat="36.758598"><ele>70.4</ele></trkpt>
   <trkpt lon="-4.709011" lat="36.758382"><ele>67.6</ele></trkpt>
   <trkpt lon="-4.708588" lat="36.758223"><ele>66.0</ele></trkpt>
   <trkpt lon="-4.708244" lat="36.758040"><ele>64.0</ele></trkpt>
   <trkpt lon="-4.707698" lat="36.757738"><ele>60.6</ele></trkpt>
   <trkpt lon="-4.707253" lat="36.757547"><ele>58.8</ele></trkpt>
   <trkpt lon="-4.706582" lat="36.757344"><ele>58.1</ele></trkpt>
   <trkpt lon="-4.706033" lat="36.757178"><ele>59.3</ele></trkpt>
   <trkpt lon="-4.705612" lat="36.756972"><ele>58.8</ele></trkpt>
   <trkpt lon="-4.703900" lat="36.755980"><ele>59.0</ele></trkpt>
   <trkpt lon="-4.703410" lat="36.755600"><ele>61.3</ele></trkpt>
   <trkpt lon="-4.702946" lat="36.755162"><ele>59.1</ele></trkpt>
   <trkpt lon="-4.702469" lat="36.754632"><ele>59.3</ele></trkpt>
   <trkpt lon="-4.702114" lat="36.754073"><ele>61.9</ele></trkpt>
   <trkpt lon="-4.701824" lat="36.753473"><ele>58.8</ele></trkpt>
   <trkpt lon="-4.701181" lat="36.751467"><ele>92.1</ele></trkpt>
   <trkpt lon="-4.700872" lat="36.750649"><ele>78.9</ele></trkpt>
   <trkpt lon="-4.700678" lat="36.750088"><ele>85.4</ele></trkpt>
   <trkpt lon="-4.700710" lat="36.749836"><ele>83.9</ele></trkpt>
   <trkpt lon="-4.700869" lat="36.749383"><ele>78.1</ele></trkpt>
   <trkpt lon="-4.700907" lat="36.749085"><ele>75.8</ele></trkpt>
   <trkpt lon="-4.700848" lat="36.748746"><ele>74.2</ele></trkpt>
   <trkpt lon="-4.700676" lat="36.748419"><ele>73.8</ele></trkpt>
   <trkpt lon="-4.699397" lat="36.746356"><ele>74.0</ele></trkpt>
   <trkpt lon="-4.699172" lat="36.745979"><ele>73.3</ele></trkpt>
   <trkpt lon="-4.698684" lat="36.744782"><ele>70.3</ele></trkpt>
   <trkpt lon="-4.698403" lat="36.744059"><ele>68.0</ele></trkpt>
   <trkpt lon="-4.698008" lat="36.743045"><ele>65.8</ele></trkpt>
   <trkpt lon="-4.697714" lat="36.741596"><ele>59.4</ele></trkpt>
   <trkpt lon="-4.697603" lat="36.741246"><ele>58.1</ele></trkpt>
   <trkpt lon="-4.697449" lat="36.740898"><ele>58.5</ele></trkpt>
   <trkpt lon="-4.697424" lat="36.740490"><ele>59.2</ele></trkpt>
   <trkpt lon="-4.697449" lat="36.740003"><ele>59.0</ele></trkpt>
   <trkpt lon="-4.697359" lat="36.739710"><ele>59.3</ele></trkpt>
   <trkpt lon="-4.697201" lat="36.739473"><ele>59.1</ele></trkpt>
   <trkpt lon="-4.696947" lat="36.739238"><ele>59.0</ele></trkpt>
   <trkpt lon="-4.696228" lat="36.738994"><ele>58.6</ele></trkpt>
   <trkpt lon="-4.696082" lat="36.738944"><ele>59.0</ele></trkpt>
   <trkpt lon="-4.695038" lat="36.738285"><ele>61.0</ele></trkpt>
   <trkpt lon="-4.694223" lat="36.738060"><ele>59.2</ele></trkpt>
   <trkpt lon="-4.693653" lat="36.738017"><ele>57.3</ele></trkpt>
   <trkpt lon="-4.693351" lat="36.737966"><ele>58.0</ele></trkpt>
   <trkpt lon="-4.693074" lat="36.737834"><ele>59.2</ele></trkpt>
   <trkpt lon="-4.692757" lat="36.737642"><ele>60.8</ele></trkpt>
   <trkpt lon="-4.692417" lat="36.737396"><ele>62.9</ele></trkpt>
   <trkpt lon="-4.692151" lat="36.737288"><ele>63.0</ele></trkpt>
   <trkpt lon="-4.691971" lat="36.737265"><ele>62.9</ele></trkpt>
   <trkpt lon="-4.691599" lat="36.737333"><ele>60.7</ele></trkpt>
   <trkpt lon="-4.691175" lat="36.737451"><ele>58.7</ele></trkpt>
   <trkpt lon="-4.690503" lat="36.737448"><ele>58.6</ele></trkpt>
   <trkpt lon="-4.690145" lat="36.737375"><ele>58.9</ele></trkpt>
   <trkpt lon="-4.689360" lat="36.736901"><ele>65.0</ele></trkpt>
   <trkpt lon="-4.688977" lat="36.736287"><ele>64.9</ele></trkpt>
   <trkpt lon="-4.688715" lat="36.736009"><ele>63.2</ele></trkpt>
   <trkpt lon="-4.687900" lat="36.735609"><ele>61.1</ele></trkpt>
   <trkpt lon="-4.687186" lat="36.735379"><ele>61.7</ele></trkpt>
   <trkpt lon="-4.686607" lat="36.735231"><ele>59.4</ele></trkpt>
   <trkpt lon="-4.686196" lat="36.735191"><ele>58.6</ele></trkpt>
   <trkpt lon="-4.685922" lat="36.735136"><ele>58.8</ele></trkpt>
   <trkpt lon="-4.685617" lat="36.734963"><ele>57.4</ele></trkpt>
   <trkpt lon="-4.685266" lat="36.734796"><ele>56.6</ele></trkpt>
   <trkpt lon="-4.684417" lat="36.734604"><ele>54.8</ele></trkpt>
   <trkpt lon="-4.684020" lat="36.734439"><ele>53.1</ele></trkpt>
   <trkpt lon="-4.683587" lat="36.734300"><ele>51.7</ele></trkpt>
   <trkpt lon="-4.683348" lat="36.734250"><ele>50.8</ele></trkpt>
   <trkpt lon="-4.682899" lat="36.734242"><ele>50.0</ele></trkpt>
   <trkpt lon="-4.682284" lat="36.734261"><ele>51.0</ele></trkpt>
   <trkpt lon="-4.680161" lat="36.734319"><ele>45.6</ele></trkpt>
   <trkpt lon="-4.679480" lat="36.734433"><ele>44.3</ele></trkpt>
   <trkpt lon="-4.678577" lat="36.734816"><ele>43.8</ele></trkpt>
   <trkpt lon="-4.678335" lat="36.734905"><ele>43.0</ele></trkpt>
   <trkpt lon="-4.677495" lat="36.735067"><ele>43.5</ele></trkpt>
   <trkpt lon="-4.675198" lat="36.735376"><ele>43.4</ele></trkpt>
   <trkpt lon="-4.674904" lat="36.735381"><ele>43.8</ele></trkpt>
   <trkpt lon="-4.674715" lat="36.735353"><ele>44.0</ele></trkpt>
   <trkpt lon="-4.674442" lat="36.735279"><ele>44.1</ele></trkpt>
   <trkpt lon="-4.673987" lat="36.735080"><ele>43.3</ele></trkpt>
   <trkpt lon="-4.672889" lat="36.734516"><ele>43.4</ele></trkpt>
   <trkpt lon="-4.671980" lat="36.734077"><ele>40.1</ele></trkpt>
   <trkpt lon="-4.671624" lat="36.733949"><ele>39.2</ele></trkpt>
   <trkpt lon="-4.671431" lat="36.733907"><ele>39.3</ele></trkpt>
   <trkpt lon="-4.670328" lat="36.733692"><ele>39.2</ele></trkpt>
   <trkpt lon="-4.669253" lat="36.733505"><ele>38.8</ele></trkpt>
   <trkpt lon="-4.668928" lat="36.733477"><ele>38.1</ele></trkpt>
   <trkpt lon="-4.668621" lat="36.733531"><ele>37.5</ele></trkpt>
   <trkpt lon="-4.668308" lat="36.733666"><ele>37.2</ele></trkpt>
   <trkpt lon="-4.667023" lat="36.734482"><ele>36.6</ele></trkpt>
   <trkpt lon="-4.666587" lat="36.734687"><ele>37.4</ele></trkpt>
   <trkpt lon="-4.664367" lat="36.734761"><ele>37.2</ele></trkpt>
   <trkpt lon="-4.663796" lat="36.734750"><ele>38.2</ele></trkpt>
   <trkpt lon="-4.663412" lat="36.734687"><ele>38.9</ele></trkpt>
   <trkpt lon="-4.662964" lat="36.734555"><ele>39.9</ele></trkpt>
   <trkpt lon="-4.658381" lat="36.732524"><ele>40.8</ele></trkpt>
   <trkpt lon="-4.657824" lat="36.732166"><ele>38.9</ele></trkpt>
   <trkpt lon="-4.657479" lat="36.731980"><ele>37.0</ele></trkpt>
   <trkpt lon="-4.657084" lat="36.731933"><ele>36.3</ele></trkpt>
   <trkpt lon="-4.656656" lat="36.731944"><ele>38.4</ele></trkpt>
   <trkpt lon="-4.656304" lat="36.731893"><ele>40.0</ele></trkpt>
   <trkpt lon="-4.655485" lat="36.731529"><ele>37.5</ele></trkpt>
   <trkpt lon="-4.654549" lat="36.731345"><ele>40.1</ele></trkpt>
   <trkpt lon="-4.653757" lat="36.730905"><ele>40.5</ele></trkpt>
   <trkpt lon="-4.653409" lat="36.730762"><ele>40.2</ele></trkpt>
   <trkpt lon="-4.651896" lat="36.730465"><ele>45.1</ele></trkpt>
   <trkpt lon="-4.649197" lat="36.729574"><ele>38.0</ele></trkpt>
   <trkpt lon="-4.647687" lat="36.729205"><ele>37.2</ele></trkpt>
   <trkpt lon="-4.647159" lat="36.729162"><ele>38.7</ele></trkpt>
   <trkpt lon="-4.646900" lat="36.729107"><ele>40.2</ele></trkpt>
   <trkpt lon="-4.646724" lat="36.729050"><ele>41.2</ele></trkpt>
   <trkpt lon="-4.645969" lat="36.728780"><ele>44.8</ele></trkpt>
   <trkpt lon="-4.644981" lat="36.728482"><ele>43.3</ele></trkpt>
   <trkpt lon="-4.643971" lat="36.728314"><ele>41.3</ele></trkpt>
   <trkpt lon="-4.642292" lat="36.728276"><ele>38.0</ele></trkpt>
   <trkpt lon="-4.641445" lat="36.728281"><ele>37.1</ele></trkpt>
   <trkpt lon="-4.640581" lat="36.728330"><ele>36.5</ele></trkpt>
   <trkpt lon="-4.639277" lat="36.728481"><ele>36.9</ele></trkpt>
   <trkpt lon="-4.637269" lat="36.728770"><ele>41.0</ele></trkpt>
   <trkpt lon="-4.636738" lat="36.728784"><ele>41.0</ele></trkpt>
   <trkpt lon="-4.636578" lat="36.728789"><ele>41.0</ele></trkpt>
   <trkpt lon="-4.634934" lat="36.728839"><ele>37.9</ele></trkpt>
   <trkpt lon="-4.634247" lat="36.728849"><ele>37.1</ele></trkpt>
   <trkpt lon="-4.633576" lat="36.728941"><ele>36.4</ele></trkpt>
   <trkpt lon="-4.632682" lat="36.729099"><ele>34.3</ele></trkpt>
   <trkpt lon="-4.631107" lat="36.729440"><ele>34.0</ele></trkpt>
   <trkpt lon="-4.630822" lat="36.729500"><ele>33.7</ele></trkpt>
   <trkpt lon="-4.630656" lat="36.729528"><ele>33.3</ele></trkpt>
   <trkpt lon="-4.630534" lat="36.729550"><ele>33.0</ele></trkpt>
   <trkpt lon="-4.629882" lat="36.729590"><ele>31.1</ele></trkpt>
   <trkpt lon="-4.629434" lat="36.729692"><ele>30.6</ele></trkpt>
   <trkpt lon="-4.628760" lat="36.729867"><ele>30.2</ele></trkpt>
   <trkpt lon="-4.628424" lat="36.729995"><ele>30.0</ele></trkpt>
   <trkpt lon="-4.628101" lat="36.730193"><ele>30.3</ele></trkpt>
   <trkpt lon="-4.627802" lat="36.730363"><ele>30.3</ele></trkpt>
   <trkpt lon="-4.627327" lat="36.730555"><ele>30.7</ele></trkpt>
   <trkpt lon="-4.627123" lat="36.730689"><ele>30.8</ele></trkpt>
   <trkpt lon="-4.627012" lat="36.730811"><ele>30.9</ele></trkpt>
   <trkpt lon="-4.626935" lat="36.730943"><ele>31.2</ele></trkpt>
   <trkpt lon="-4.626954" lat="36.731137"><ele>32.8</ele></trkpt>
   <trkpt lon="-4.627146" lat="36.731774"><ele>33.5</ele></trkpt>
   <trkpt lon="-4.627091" lat="36.731965"><ele>32.6</ele></trkpt>
   <trkpt lon="-4.626895" lat="36.732201"><ele>32.0</ele></trkpt>
   <trkpt lon="-4.626555" lat="36.732354"><ele>32.0</ele></trkpt>
   <trkpt lon="-4.625929" lat="36.732568"><ele>30.7</ele></trkpt>
   <trkpt lon="-4.625311" lat="36.732759"><ele>30.7</ele></trkpt>
   <trkpt lon="-4.624127" lat="36.733087"><ele>30.3</ele></trkpt>
   <trkpt lon="-4.623697" lat="36.733171"><ele>29.8</ele></trkpt>
   <trkpt lon="-4.623552" lat="36.733187"><ele>29.5</ele></trkpt>
   <trkpt lon="-4.622918" lat="36.733258"><ele>29.9</ele></trkpt>
   <trkpt lon="-4.622269" lat="36.733317"><ele>30.0</ele></trkpt>
   <trkpt lon="-4.621741" lat="36.733325"><ele>30.1</ele></trkpt>
   <trkpt lon="-4.621366" lat="36.733307"><ele>30.4</ele></trkpt>
   <trkpt lon="-4.620363" lat="36.733229"><ele>31.4</ele></trkpt>
   <trkpt lon="-4.619590" lat="36.733129"><ele>29.5</ele></trkpt>
   <trkpt lon="-4.619074" lat="36.733021"><ele>29.2</ele></trkpt>
   <trkpt lon="-4.618359" lat="36.732856"><ele>29.7</ele></trkpt>
   <trkpt lon="-4.617509" lat="36.732639"><ele>29.9</ele></trkpt>
   <trkpt lon="-4.617397" lat="36.732606"><ele>30.0</ele></trkpt>
   <trkpt lon="-4.617232" lat="36.732560"><ele>30.2</ele></trkpt>
   <trkpt lon="-4.616603" lat="36.732392"><ele>31.3</ele></trkpt>
   <trkpt lon="-4.615914" lat="36.732246"><ele>30.9</ele></trkpt>
   <trkpt lon="-4.615563" lat="36.732215"><ele>31.3</ele></trkpt>
   <trkpt lon="-4.614894" lat="36.732246"><ele>34.9</ele></trkpt>
   <trkpt lon="-4.614452" lat="36.732293"><ele>36.3</ele></trkpt>
   <trkpt lon="-4.614148" lat="36.732309"><ele>35.9</ele></trkpt>
   <trkpt lon="-4.613885" lat="36.732387"><ele>34.6</ele></trkpt>
   <trkpt lon="-4.613690" lat="36.732465"><ele>34.5</ele></trkpt>
   <trkpt lon="-4.613450" lat="36.732599"><ele>35.3</ele></trkpt>
   <trkpt lon="-4.613304" lat="36.732655"><ele>35.7</ele></trkpt>
   <trkpt lon="-4.613195" lat="36.732683"><ele>35.9</ele></trkpt>
   <trkpt lon="-4.613149" lat="36.732672"><ele>36.0</ele></trkpt>
   <trkpt lon="-4.613094" lat="36.732674"><ele>36.1</ele></trkpt>
   <trkpt lon="-4.613042" lat="36.732689"><ele>36.1</ele></trkpt>
   <trkpt lon="-4.612998" lat="36.732717"><ele>36.2</ele></trkpt>
   <trkpt lon="-4.612969" lat="36.732755"><ele>36.2</ele></trkpt>
   <trkpt lon="-4.612956" lat="36.732799"><ele>36.1</ele></trkpt>
   <trkpt lon="-4.612958" lat="36.732832"><ele>36.0</ele></trkpt>
   <trkpt lon="-4.612967" lat="36.732859"><ele>36.0</ele></trkpt>
   <trkpt lon="-4.612942" lat="36.732959"><ele>36.0</ele></trkpt>
   <trkpt lon="-4.612877" lat="36.733126"><ele>36.0</ele></trkpt>
   <trkpt lon="-4.612689" lat="36.733588"><ele>34.7</ele></trkpt>
   <trkpt lon="-4.612677" lat="36.733645"><ele>34.6</ele></trkpt>
   <trkpt lon="-4.612619" lat="36.733750"><ele>34.2</ele></trkpt>
   <trkpt lon="-4.612487" lat="36.734038"><ele>32.8</ele></trkpt>
   <trkpt lon="-4.612447" lat="36.734077"><ele>32.5</ele></trkpt>
   <trkpt lon="-4.612432" lat="36.734101"><ele>32.4</ele></trkpt>
   <trkpt lon="-4.612357" lat="36.734268"><ele>32.0</ele></trkpt>
   <trkpt lon="-4.612282" lat="36.734445"><ele>32.0</ele></trkpt>
   <trkpt lon="-4.612209" lat="36.734577"><ele>32.0</ele></trkpt>
   <trkpt lon="-4.612127" lat="36.734695"><ele>32.0</ele></trkpt>
   <trkpt lon="-4.612019" lat="36.734819"><ele>30.4</ele></trkpt>
   <trkpt lon="-4.611829" lat="36.735009"><ele>30.4</ele></trkpt>
   <trkpt lon="-4.611431" lat="36.735361"><ele>29.3</ele></trkpt>
   <trkpt lon="-4.611305" lat="36.735467"><ele>29.4</ele></trkpt>
   <trkpt lon="-4.611028" lat="36.735672"><ele>29.2</ele></trkpt>
   <trkpt lon="-4.610983" lat="36.735708"><ele>29.3</ele></trkpt>
   <trkpt lon="-4.610950" lat="36.735745"><ele>29.4</ele></trkpt>
   <trkpt lon="-4.610852" lat="36.735786"><ele>29.6</ele></trkpt>
   <trkpt lon="-4.610743" lat="36.735829"><ele>29.7</ele></trkpt>
   <trkpt lon="-4.609936" lat="36.736226"><ele>31.2</ele></trkpt>
   <trkpt lon="-4.609769" lat="36.736301"><ele>31.9</ele></trkpt>
   <trkpt lon="-4.609040" lat="36.736643"><ele>31.1</ele></trkpt>
   <trkpt lon="-4.608938" lat="36.736700"><ele>31.2</ele></trkpt>
   <trkpt lon="-4.608935" lat="36.736765"><ele>31.4</ele></trkpt>
   <trkpt lon="-4.608838" lat="36.736780"><ele>31.5</ele></trkpt>
   <trkpt lon="-4.608633" lat="36.736834"><ele>31.7</ele></trkpt>
   <trkpt lon="-4.608409" lat="36.736874"><ele>32.0</ele></trkpt>
   <trkpt lon="-4.608135" lat="36.736898"><ele>32.5</ele></trkpt>
   <trkpt lon="-4.607945" lat="36.736905"><ele>32.9</ele></trkpt>
   <trkpt lon="-4.607905" lat="36.736903"><ele>32.9</ele></trkpt>
   <trkpt lon="-4.607776" lat="36.736893"><ele>32.9</ele></trkpt>
   <trkpt lon="-4.606860" lat="36.736780"><ele>32.9</ele></trkpt>
   <trkpt lon="-4.606276" lat="36.736708"><ele>33.3</ele></trkpt>
   <trkpt lon="-4.605350" lat="36.736594"><ele>32.9</ele></trkpt>
   <trkpt lon="-4.605123" lat="36.736565"><ele>32.8</ele></trkpt>
   <trkpt lon="-4.604261" lat="36.736458"><ele>33.0</ele></trkpt>
   <trkpt lon="-4.603867" lat="36.736410"><ele>33.1</ele></trkpt>
   <trkpt lon="-4.603823" lat="36.736404"><ele>33.1</ele></trkpt>
   <trkpt lon="-4.603127" lat="36.736309"><ele>33.0</ele></trkpt>
   <trkpt lon="-4.602906" lat="36.736265"><ele>33.0</ele></trkpt>
   <trkpt lon="-4.602633" lat="36.736189"><ele>32.0</ele></trkpt>
   <trkpt lon="-4.602452" lat="36.736128"><ele>31.4</ele></trkpt>
   <trkpt lon="-4.600396" lat="36.735330"><ele>30.0</ele></trkpt>
   <trkpt lon="-4.600147" lat="36.735233"><ele>30.0</ele></trkpt>
   <trkpt lon="-4.599030" lat="36.734801"><ele>31.1</ele></trkpt>
   <trkpt lon="-4.598877" lat="36.734733"><ele>31.6</ele></trkpt>
   <trkpt lon="-4.598619" lat="36.734460"><ele>32.0</ele></trkpt>
   <trkpt lon="-4.598619" lat="36.734430"><ele>31.9</ele></trkpt>
   <trkpt lon="-4.598590" lat="36.734365"><ele>31.8</ele></trkpt>
   <trkpt lon="-4.598537" lat="36.734311"><ele>31.8</ele></trkpt>
   <trkpt lon="-4.598466" lat="36.734273"><ele>32.1</ele></trkpt>
   <trkpt lon="-4.598383" lat="36.734254"><ele>32.7</ele></trkpt>
   <trkpt lon="-4.598013" lat="36.734020"><ele>35.6</ele></trkpt>
   <trkpt lon="-4.598003" lat="36.734011"><ele>35.7</ele></trkpt>
   <trkpt lon="-4.596992" lat="36.731927"><ele>31.3</ele></trkpt>
   <trkpt lon="-4.596767" lat="36.731610"><ele>30.3</ele></trkpt>
   <trkpt lon="-4.596426" lat="36.731371"><ele>30.0</ele></trkpt>
   <trkpt lon="-4.596147" lat="36.731288"><ele>29.5</ele></trkpt>
   <trkpt lon="-4.595695" lat="36.731228"><ele>28.1</ele></trkpt>
   <trkpt lon="-4.594023" lat="36.731143"><ele>28.9</ele></trkpt>
   <trkpt lon="-4.593805" lat="36.731165"><ele>30.3</ele></trkpt>
   <trkpt lon="-4.593751" lat="36.731170"><ele>30.6</ele></trkpt>
   <trkpt lon="-4.593532" lat="36.731214"><ele>30.9</ele></trkpt>
   <trkpt lon="-4.593263" lat="36.731311"><ele>30.1</ele></trkpt>
   <trkpt lon="-4.592999" lat="36.731453"><ele>28.2</ele></trkpt>
   <trkpt lon="-4.592796" lat="36.731598"><ele>27.4</ele></trkpt>
   <trkpt lon="-4.592377" lat="36.731942"><ele>27.8</ele></trkpt>
   <trkpt lon="-4.592272" lat="36.732028"><ele>28.1</ele></trkpt>
   <trkpt lon="-4.591956" lat="36.732196"><ele>29.2</ele></trkpt>
   <trkpt lon="-4.591576" lat="36.732323"><ele>32.0</ele></trkpt>
   <trkpt lon="-4.591245" lat="36.732369"><ele>31.9</ele></trkpt>
   <trkpt lon="-4.591181" lat="36.732378"><ele>31.9</ele></trkpt>
   <trkpt lon="-4.590969" lat="36.732390"><ele>31.8</ele></trkpt>
   <trkpt lon="-4.590343" lat="36.732424"><ele>33.0</ele></trkpt>
   <trkpt lon="-4.590000" lat="36.732475"><ele>33.9</ele></trkpt>
   <trkpt lon="-4.586874" lat="36.733100"><ele>46.7</ele></trkpt>
   <trkpt lon="-4.586394" lat="36.733088"><ele>44.9</ele></trkpt>
   <trkpt lon="-4.586149" lat="36.733040"><ele>44.0</ele></trkpt>
   <trkpt lon="-4.585995" lat="36.733010"><ele>43.5</ele></trkpt>
   <trkpt lon="-4.585249" lat="36.732797"><ele>39.8</ele></trkpt>
   <trkpt lon="-4.584982" lat="36.732711"><ele>38.5</ele></trkpt>
   <trkpt lon="-4.584665" lat="36.732698"><ele>36.9</ele></trkpt>
   <trkpt lon="-4.584152" lat="36.732724"><ele>34.5</ele></trkpt>
   <trkpt lon="-4.583131" lat="36.732932"><ele>31.3</ele></trkpt>
   <trkpt lon="-4.581976" lat="36.733062"><ele>30.6</ele></trkpt>
   <trkpt lon="-4.580498" lat="36.733260"><ele>30.9</ele></trkpt>
   <trkpt lon="-4.580181" lat="36.733310"><ele>32.1</ele></trkpt>
   <trkpt lon="-4.579116" lat="36.733482"><ele>34.0</ele></trkpt>
   <trkpt lon="-4.578825" lat="36.733531"><ele>33.4</ele></trkpt>
   <trkpt lon="-4.578069" lat="36.733660"><ele>31.9</ele></trkpt>
   <trkpt lon="-4.577325" lat="36.733779"><ele>31.6</ele></trkpt>
   <trkpt lon="-4.576175" lat="36.733957"><ele>35.1</ele></trkpt>
   <trkpt lon="-4.576052" lat="36.733978"><ele>36.1</ele></trkpt>
   <trkpt lon="-4.575862" lat="36.734009"><ele>37.6</ele></trkpt>
   <trkpt lon="-4.575415" lat="36.734083"><ele>40.6</ele></trkpt>
   <trkpt lon="-4.575174" lat="36.734099"><ele>41.1</ele></trkpt>
   <trkpt lon="-4.574800" lat="36.734094"><ele>40.4</ele></trkpt>
   <trkpt lon="-4.574487" lat="36.734049"><ele>39.1</ele></trkpt>
   <trkpt lon="-4.574096" lat="36.733954"><ele>37.3</ele></trkpt>
   <trkpt lon="-4.573732" lat="36.733838"><ele>36.8</ele></trkpt>
   <trkpt lon="-4.573675" lat="36.733786"><ele>36.5</ele></trkpt>
   <trkpt lon="-4.573641" lat="36.733725"><ele>36.2</ele></trkpt>
   <trkpt lon="-4.573652" lat="36.733699"><ele>36.1</ele></trkpt>
   <trkpt lon="-4.573650" lat="36.733670"><ele>35.9</ele></trkpt>
   <trkpt lon="-4.573635" lat="36.733645"><ele>35.8</ele></trkpt>
   <trkpt lon="-4.573609" lat="36.733626"><ele>35.6</ele></trkpt>
   <trkpt lon="-4.573576" lat="36.733616"><ele>35.5</ele></trkpt>
   <trkpt lon="-4.573507" lat="36.733573"><ele>35.1</ele></trkpt>
   <trkpt lon="-4.573462" lat="36.733550"><ele>35.0</ele></trkpt>
   <trkpt lon="-4.573389" lat="36.733513"><ele>34.9</ele></trkpt>
   <trkpt lon="-4.572980" lat="36.733357"><ele>35.1</ele></trkpt>
   <trkpt lon="-4.572635" lat="36.733224"><ele>35.1</ele></trkpt>
   <trkpt lon="-4.572314" lat="36.733094"><ele>35.1</ele></trkpt>
   <trkpt lon="-4.572228" lat="36.733060"><ele>35.0</ele></trkpt>
   <trkpt lon="-4.571678" lat="36.732851"><ele>34.0</ele></trkpt>
   <trkpt lon="-4.571296" lat="36.732743"><ele>33.4</ele></trkpt>
   <trkpt lon="-4.570838" lat="36.732663"><ele>32.4</ele></trkpt>
   <trkpt lon="-4.570789" lat="36.732659"><ele>32.3</ele></trkpt>
   <trkpt lon="-4.570219" lat="36.732619"><ele>31.3</ele></trkpt>
   <trkpt lon="-4.569661" lat="36.732599"><ele>31.5</ele></trkpt>
   <trkpt lon="-4.569532" lat="36.732592"><ele>31.8</ele></trkpt>
   <trkpt lon="-4.569306" lat="36.732581"><ele>32.8</ele></trkpt>
   <trkpt lon="-4.569171" lat="36.732575"><ele>33.6</ele></trkpt>
   <trkpt lon="-4.568748" lat="36.732555"><ele>35.0</ele></trkpt>
   <trkpt lon="-4.568638" lat="36.732551"><ele>35.4</ele></trkpt>
   <trkpt lon="-4.568160" lat="36.732532"><ele>36.0</ele></trkpt>
   <trkpt lon="-4.567962" lat="36.732523"><ele>36.0</ele></trkpt>
   <trkpt lon="-4.567707" lat="36.732516"><ele>35.9</ele></trkpt>
   <trkpt lon="-4.567581" lat="36.732493"><ele>35.4</ele></trkpt>
   <trkpt lon="-4.567481" lat="36.732491"><ele>35.1</ele></trkpt>
   <trkpt lon="-4.566491" lat="36.732716"><ele>35.6</ele></trkpt>
   <trkpt lon="-4.566218" lat="36.732784"><ele>36.0</ele></trkpt>
   <trkpt lon="-4.566221" lat="36.732882"><ele>36.0</ele></trkpt>
   <trkpt lon="-4.566007" lat="36.732946"><ele>36.1</ele></trkpt>
   <trkpt lon="-4.565506" lat="36.733039"><ele>37.0</ele></trkpt>
   <trkpt lon="-4.565404" lat="36.733069"><ele>37.0</ele></trkpt>
   <trkpt lon="-4.565352" lat="36.733068"><ele>37.0</ele></trkpt>
   <trkpt lon="-4.565304" lat="36.733085"><ele>37.1</ele></trkpt>
   <trkpt lon="-4.565275" lat="36.733114"><ele>37.2</ele></trkpt>
   <trkpt lon="-4.565268" lat="36.733133"><ele>37.2</ele></trkpt>
   <trkpt lon="-4.565262" lat="36.733149"><ele>37.2</ele></trkpt>
   <trkpt lon="-4.565268" lat="36.733186"><ele>37.2</ele></trkpt>
   <trkpt lon="-4.565304" lat="36.733232"><ele>37.1</ele></trkpt>
   <trkpt lon="-4.565309" lat="36.733294"><ele>37.1</ele></trkpt>
   <trkpt lon="-4.565302" lat="36.733328"><ele>37.1</ele></trkpt>
   <trkpt lon="-4.565285" lat="36.733357"><ele>37.2</ele></trkpt>
   <trkpt lon="-4.565243" lat="36.733381"><ele>37.3</ele></trkpt>
   <trkpt lon="-4.565205" lat="36.733383"><ele>37.4</ele></trkpt>
   <trkpt lon="-4.564700" lat="36.733425"><ele>38.3</ele></trkpt>
   <trkpt lon="-4.563889" lat="36.733455"><ele>40.4</ele></trkpt>
   <trkpt lon="-4.563562" lat="36.733462"><ele>41.0</ele></trkpt>
   <trkpt lon="-4.563012" lat="36.733454"><ele>42.6</ele></trkpt>
   <trkpt lon="-4.562898" lat="36.733449"><ele>43.2</ele></trkpt>
   <trkpt lon="-4.562611" lat="36.733439"><ele>45.0</ele></trkpt>
   <trkpt lon="-4.562408" lat="36.733431"><ele>46.2</ele></trkpt>
   <trkpt lon="-4.562071" lat="36.733401"><ele>47.9</ele></trkpt>
   <trkpt lon="-4.561943" lat="36.733389"><ele>48.4</ele></trkpt>
   <trkpt lon="-4.561540" lat="36.733341"><ele>49.7</ele></trkpt>
   <trkpt lon="-4.561274" lat="36.733306"><ele>50.0</ele></trkpt>
   <trkpt lon="-4.561008" lat="36.733253"><ele>50.8</ele></trkpt>
   <trkpt lon="-4.560913" lat="36.733234"><ele>51.1</ele></trkpt>
   <trkpt lon="-4.560713" lat="36.733182"><ele>50.9</ele></trkpt>
   <trkpt lon="-4.560312" lat="36.733069"><ele>51.4</ele></trkpt>
   <trkpt lon="-4.560230" lat="36.733044"><ele>51.5</ele></trkpt>
   <trkpt lon="-4.560256" lat="36.732961"><ele>51.2</ele></trkpt>
   <trkpt lon="-4.560213" lat="36.732842"><ele>51.0</ele></trkpt>
   <trkpt lon="-4.560128" lat="36.732762"><ele>51.0</ele></trkpt>
   <trkpt lon="-4.559893" lat="36.732701"><ele>51.0</ele></trkpt>
   <trkpt lon="-4.559529" lat="36.732645"><ele>51.0</ele></trkpt>
   <trkpt lon="-4.558960" lat="36.732616"><ele>50.0</ele></trkpt>
   <trkpt lon="-4.558610" lat="36.732617"><ele>49.8</ele></trkpt>
   <trkpt lon="-4.556036" lat="36.732624"><ele>44.3</ele></trkpt>
   <trkpt lon="-4.554805" lat="36.732590"><ele>42.1</ele></trkpt>
   <trkpt lon="-4.554697" lat="36.732473"><ele>42.2</ele></trkpt>
   <trkpt lon="-4.554013" lat="36.732375"><ele>43.7</ele></trkpt>
   <trkpt lon="-4.553432" lat="36.732296"><ele>44.6</ele></trkpt>
   <trkpt lon="-4.553463" lat="36.732112"><ele>43.6</ele></trkpt>
   <trkpt lon="-4.552998" lat="36.732018"><ele>44.6</ele></trkpt>
   <trkpt lon="-4.552952" lat="36.732008"><ele>44.6</ele></trkpt>
   <trkpt lon="-4.552732" lat="36.731912"><ele>44.4</ele></trkpt>
   <trkpt lon="-4.552383" lat="36.731780"><ele>44.6</ele></trkpt>
   <trkpt lon="-4.551727" lat="36.731503"><ele>43.0</ele></trkpt>
   <trkpt lon="-4.551447" lat="36.731328"><ele>43.0</ele></trkpt>
   <trkpt lon="-4.551336" lat="36.731232"><ele>43.0</ele></trkpt>
   <trkpt lon="-4.551269" lat="36.731071"><ele>42.9</ele></trkpt>
   <trkpt lon="-4.551267" lat="36.730909"><ele>42.8</ele></trkpt>
   <trkpt lon="-4.551233" lat="36.730834"><ele>42.7</ele></trkpt>
   <trkpt lon="-4.551131" lat="36.730764"><ele>42.3</ele></trkpt>
   <trkpt lon="-4.551023" lat="36.730758"><ele>41.9</ele></trkpt>
   <trkpt lon="-4.550950" lat="36.730810"><ele>41.8</ele></trkpt>
   <trkpt lon="-4.550913" lat="36.730941"><ele>42.2</ele></trkpt>
   <trkpt lon="-4.550913" lat="36.731021"><ele>42.5</ele></trkpt>
   <trkpt lon="-4.550845" lat="36.730964"><ele>42.2</ele></trkpt>
   <trkpt lon="-4.550758" lat="36.730925"><ele>41.8</ele></trkpt>
   <trkpt lon="-4.550660" lat="36.730907"><ele>41.5</ele></trkpt>
   <trkpt lon="-4.550560" lat="36.730913"><ele>41.8</ele></trkpt>
   <trkpt lon="-4.550491" lat="36.730932"><ele>42.0</ele></trkpt>
   <trkpt lon="-4.550380" lat="36.730946"><ele>42.3</ele></trkpt>
   <trkpt lon="-4.550275" lat="36.730934"><ele>42.5</ele></trkpt>
   <trkpt lon="-4.550066" lat="36.730873"><ele>42.9</ele></trkpt>
   <trkpt lon="-4.549745" lat="36.730661"><ele>43.1</ele></trkpt>
   <trkpt lon="-4.549550" lat="36.730531"><ele>44.0</ele></trkpt>
   <trkpt lon="-4.549418" lat="36.730370"><ele>45.0</ele></trkpt>
   <trkpt lon="-4.549504" lat="36.730226"><ele>44.2</ele></trkpt>
   <trkpt lon="-4.549572" lat="36.730088"><ele>43.9</ele></trkpt>
   <trkpt lon="-4.549668" lat="36.729900"><ele>44.1</ele></trkpt>
   <trkpt lon="-4.549644" lat="36.729656"><ele>45.8</ele></trkpt>
   <trkpt lon="-4.549636" lat="36.729520"><ele>46.7</ele></trkpt>
   <trkpt lon="-4.549590" lat="36.728813"><ele>48.3</ele></trkpt>
   <trkpt lon="-4.549593" lat="36.728707"><ele>47.9</ele></trkpt>
   <trkpt lon="-4.549693" lat="36.728074"><ele>45.7</ele></trkpt>
   <trkpt lon="-4.549710" lat="36.727980"><ele>45.9</ele></trkpt>
   <trkpt lon="-4.549725" lat="36.727879"><ele>46.1</ele></trkpt>
   <trkpt lon="-4.549801" lat="36.727356"><ele>46.7</ele></trkpt>
   <trkpt lon="-4.549881" lat="36.726795"><ele>47.3</ele></trkpt>
   <trkpt lon="-4.549885" lat="36.726730"><ele>47.3</ele></trkpt>
   <trkpt lon="-4.549866" lat="36.726665"><ele>47.4</ele></trkpt>
   <trkpt lon="-4.549821" lat="36.726617"><ele>47.6</ele></trkpt>
   <trkpt lon="-4.549766" lat="36.726583"><ele>47.9</ele></trkpt>
   <trkpt lon="-4.549613" lat="36.726521"><ele>48.6</ele></trkpt>
   <trkpt lon="-4.549502" lat="36.726492"><ele>48.9</ele></trkpt>
   <trkpt lon="-4.549469" lat="36.726485"><ele>49.0</ele></trkpt>
   <trkpt lon="-4.549427" lat="36.726476"><ele>49.2</ele></trkpt>
   <trkpt lon="-4.549286" lat="36.726428"><ele>49.7</ele></trkpt>
   <trkpt lon="-4.549191" lat="36.726336"><ele>49.8</ele></trkpt>
   <trkpt lon="-4.549121" lat="36.726199"><ele>50.0</ele></trkpt>
   <trkpt lon="-4.549113" lat="36.726038"><ele>50.4</ele></trkpt>
   <trkpt lon="-4.549129" lat="36.725967"><ele>50.2</ele></trkpt>
   <trkpt lon="-4.549174" lat="36.725895"><ele>50.0</ele></trkpt>
   <trkpt lon="-4.549261" lat="36.725820"><ele>49.7</ele></trkpt>
   <trkpt lon="-4.549299" lat="36.725804"><ele>49.6</ele></trkpt>
   <trkpt lon="-4.549448" lat="36.725757"><ele>50.1</ele></trkpt>
   <trkpt lon="-4.549814" lat="36.725746"><ele>50.9</ele></trkpt>
   <trkpt lon="-4.549925" lat="36.725706"><ele>51.0</ele></trkpt>
   <trkpt lon="-4.549990" lat="36.725633"><ele>50.8</ele></trkpt>
   <trkpt lon="-4.550002" lat="36.725515"><ele>50.3</ele></trkpt>
   <trkpt lon="-4.549971" lat="36.725337"><ele>50.0</ele></trkpt>
   <trkpt lon="-4.549817" lat="36.725078"><ele>49.5</ele></trkpt>
   <trkpt lon="-4.549802" lat="36.725011"><ele>49.5</ele></trkpt>
   <trkpt lon="-4.549803" lat="36.724929"><ele>49.5</ele></trkpt>
   <trkpt lon="-4.549833" lat="36.724828"><ele>49.6</ele></trkpt>
   <trkpt lon="-4.549948" lat="36.724626"><ele>49.6</ele></trkpt>
   <trkpt lon="-4.549986" lat="36.724518"><ele>49.1</ele></trkpt>
   <trkpt lon="-4.549986" lat="36.724432"><ele>48.6</ele></trkpt>
   <trkpt lon="-4.549948" lat="36.724361"><ele>48.1</ele></trkpt>
   <trkpt lon="-4.549847" lat="36.724230"><ele>46.0</ele></trkpt>
   <trkpt lon="-4.549717" lat="36.724108"><ele>43.5</ele></trkpt>
   <trkpt lon="-4.549593" lat="36.724042"><ele>42.1</ele></trkpt>
   <trkpt lon="-4.549528" lat="36.724033"><ele>42.3</ele></trkpt>
   <trkpt lon="-4.549457" lat="36.724039"><ele>42.7</ele></trkpt>
   <trkpt lon="-4.549322" lat="36.724070"><ele>43.6</ele></trkpt>
   <trkpt lon="-4.549199" lat="36.724066"><ele>43.5</ele></trkpt>
   <trkpt lon="-4.549112" lat="36.724039"><ele>43.3</ele></trkpt>
   <trkpt lon="-4.549031" lat="36.723976"><ele>43.0</ele></trkpt>
   <trkpt lon="-4.548919" lat="36.723847"><ele>42.2</ele></trkpt>
   <trkpt lon="-4.548889" lat="36.723748"><ele>41.7</ele></trkpt>
   <trkpt lon="-4.548898" lat="36.723654"><ele>41.5</ele></trkpt>
   <trkpt lon="-4.548925" lat="36.723508"><ele>41.3</ele></trkpt>
   <trkpt lon="-4.549011" lat="36.723168"><ele>39.7</ele></trkpt>
   <trkpt lon="-4.548999" lat="36.723047"><ele>38.7</ele></trkpt>
   <trkpt lon="-4.548955" lat="36.722990"><ele>38.2</ele></trkpt>
   <trkpt lon="-4.548927" lat="36.722960"><ele>37.8</ele></trkpt>
   <trkpt lon="-4.548889" lat="36.722920"><ele>37.0</ele></trkpt>
   <trkpt lon="-4.548763" lat="36.722848"><ele>35.5</ele></trkpt>
   <trkpt lon="-4.548586" lat="36.722808"><ele>34.6</ele></trkpt>
   <trkpt lon="-4.548407" lat="36.722819"><ele>34.3</ele></trkpt>
   <trkpt lon="-4.548171" lat="36.722915"><ele>34.1</ele></trkpt>
   <trkpt lon="-4.548093" lat="36.722953"><ele>34.0</ele></trkpt>
   <trkpt lon="-4.547966" lat="36.723032"><ele>34.0</ele></trkpt>
   <trkpt lon="-4.548011" lat="36.722674"><ele>35.3</ele></trkpt>
   <trkpt lon="-4.548057" lat="36.722426"><ele>36.4</ele></trkpt>
   <trkpt lon="-4.548228" lat="36.721848"><ele>38.4</ele></trkpt>
   <trkpt lon="-4.548298" lat="36.721588"><ele>39.0</ele></trkpt>
   <trkpt lon="-4.548347" lat="36.721400"><ele>38.5</ele></trkpt>
   <trkpt lon="-4.548397" lat="36.721213"><ele>38.2</ele></trkpt>
   <trkpt lon="-4.548412" lat="36.721157"><ele>38.1</ele></trkpt>
   <trkpt lon="-4.548451" lat="36.721010"><ele>37.8</ele></trkpt>
   <trkpt lon="-4.548506" lat="36.720779"><ele>37.7</ele></trkpt>
   <trkpt lon="-4.548547" lat="36.720591"><ele>37.8</ele></trkpt>
   <trkpt lon="-4.548566" lat="36.720404"><ele>37.4</ele></trkpt>
   <trkpt lon="-4.548576" lat="36.720380"><ele>37.3</ele></trkpt>
   <trkpt lon="-4.548591" lat="36.720344"><ele>37.2</ele></trkpt>
   <trkpt lon="-4.548700" lat="36.719756"><ele>36.6</ele></trkpt>
   <trkpt lon="-4.548765" lat="36.719512"><ele>36.6</ele></trkpt>
   <trkpt lon="-4.548832" lat="36.719261"><ele>36.9</ele></trkpt>
   <trkpt lon="-4.548875" lat="36.719092"><ele>36.7</ele></trkpt>
   <trkpt lon="-4.548899" lat="36.718998"><ele>36.4</ele></trkpt>
   <trkpt lon="-4.548961" lat="36.718741"><ele>36.0</ele></trkpt>
   <trkpt lon="-4.549139" lat="36.718053"><ele>35.3</ele></trkpt>
   <trkpt lon="-4.549219" lat="36.717765"><ele>35.0</ele></trkpt>
   <trkpt lon="-4.549544" lat="36.716588"><ele>33.5</ele></trkpt>
   <trkpt lon="-4.550007" lat="36.714839"><ele>30.3</ele></trkpt>
   <trkpt lon="-4.550141" lat="36.714339"><ele>30.4</ele></trkpt>
   <trkpt lon="-4.550187" lat="36.714118"><ele>30.0</ele></trkpt>
   <trkpt lon="-4.550192" lat="36.714027"><ele>30.0</ele></trkpt>
   <trkpt lon="-4.550177" lat="36.713748"><ele>29.9</ele></trkpt>
   <trkpt lon="-4.549984" lat="36.713123"><ele>31.0</ele></trkpt>
   <trkpt lon="-4.549953" lat="36.713059"><ele>31.0</ele></trkpt>
   <trkpt lon="-4.549864" lat="36.712836"><ele>31.0</ele></trkpt>
   <trkpt lon="-4.549514" lat="36.712098"><ele>30.5</ele></trkpt>
   <trkpt lon="-4.549259" lat="36.711418"><ele>29.1</ele></trkpt>
   <trkpt lon="-4.549139" lat="36.711200"><ele>27.8</ele></trkpt>
   <trkpt lon="-4.548785" lat="36.710739"><ele>26.6</ele></trkpt>
   <trkpt lon="-4.548726" lat="36.710592"><ele>26.7</ele></trkpt>
   <trkpt lon="-4.548715" lat="36.710464"><ele>26.7</ele></trkpt>
   <trkpt lon="-4.548747" lat="36.710201"><ele>26.9</ele></trkpt>
   <trkpt lon="-4.548767" lat="36.710068"><ele>27.3</ele></trkpt>
   <trkpt lon="-4.548782" lat="36.709977"><ele>27.5</ele></trkpt>
   <trkpt lon="-4.548789" lat="36.709933"><ele>27.7</ele></trkpt>
   <trkpt lon="-4.548803" lat="36.709807"><ele>28.1</ele></trkpt>
   <trkpt lon="-4.548802" lat="36.709540"><ele>28.4</ele></trkpt>
   <trkpt lon="-4.548821" lat="36.709120"><ele>27.1</ele></trkpt>
   <trkpt lon="-4.548823" lat="36.709064"><ele>26.8</ele></trkpt>
   <trkpt lon="-4.548826" lat="36.708836"><ele>25.6</ele></trkpt>
   <trkpt lon="-4.548849" lat="36.708032"><ele>19.9</ele></trkpt>
   <trkpt lon="-4.548894" lat="36.707689"><ele>18.4</ele></trkpt>
   <trkpt lon="-4.547829" lat="36.707199"><ele>18.5</ele></trkpt>
   <trkpt lon="-4.547371" lat="36.707002"><ele>16.6</ele></trkpt>
   <trkpt lon="-4.547006" lat="36.706867"><ele>16.0</ele></trkpt>
   <trkpt lon="-4.546815" lat="36.706801"><ele>16.2</ele></trkpt>
   <trkpt lon="-4.546713" lat="36.706765"><ele>16.3</ele></trkpt>
   <trkpt lon="-4.545699" lat="36.706482"><ele>17.3</ele></trkpt>
   <trkpt lon="-4.545391" lat="36.706410"><ele>18.2</ele></trkpt>
   <trkpt lon="-4.545201" lat="36.706390"><ele>19.0</ele></trkpt>
   <trkpt lon="-4.545085" lat="36.706377"><ele>19.4</ele></trkpt>
   <trkpt lon="-4.544952" lat="36.706338"><ele>19.7</ele></trkpt>
   <trkpt lon="-4.544732" lat="36.706219"><ele>20.0</ele></trkpt>
   <trkpt lon="-4.544658" lat="36.706204"><ele>20.0</ele></trkpt>
   <trkpt lon="-4.544394" lat="36.706162"><ele>20.0</ele></trkpt>
   <trkpt lon="-4.543630" lat="36.706047"><ele>18.0</ele></trkpt>
   <trkpt lon="-4.542919" lat="36.705943"><ele>16.4</ele></trkpt>
   <trkpt lon="-4.542001" lat="36.705810"><ele>16.3</ele></trkpt>
   <trkpt lon="-4.541342" lat="36.705694"><ele>16.4</ele></trkpt>
   <trkpt lon="-4.540787" lat="36.705599"><ele>16.9</ele></trkpt>
   <trkpt lon="-4.540584" lat="36.705554"><ele>17.0</ele></trkpt>
   <trkpt lon="-4.540527" lat="36.705532"><ele>17.1</ele></trkpt>
   <trkpt lon="-4.540461" lat="36.705482"><ele>17.2</ele></trkpt>
   <trkpt lon="-4.540426" lat="36.705449"><ele>17.3</ele></trkpt>
   <trkpt lon="-4.540380" lat="36.705428"><ele>17.4</ele></trkpt>
   <trkpt lon="-4.540327" lat="36.705421"><ele>17.4</ele></trkpt>
   <trkpt lon="-4.540274" lat="36.705428"><ele>17.4</ele></trkpt>
   <trkpt lon="-4.540228" lat="36.705449"><ele>17.3</ele></trkpt>
   <trkpt lon="-4.540113" lat="36.705475"><ele>17.2</ele></trkpt>
   <trkpt lon="-4.539908" lat="36.705492"><ele>16.8</ele></trkpt>
   <trkpt lon="-4.539202" lat="36.705462"><ele>16.3</ele></trkpt>
   <trkpt lon="-4.538750" lat="36.705425"><ele>15.1</ele></trkpt>
   <trkpt lon="-4.538163" lat="36.705356"><ele>15.3</ele></trkpt>
   <trkpt lon="-4.537932" lat="36.705351"><ele>16.1</ele></trkpt>
   <trkpt lon="-4.537911" lat="36.705351"><ele>16.2</ele></trkpt>
   <trkpt lon="-4.537788" lat="36.705342"><ele>16.6</ele></trkpt>
   <trkpt lon="-4.537502" lat="36.705237"><ele>18.4</ele></trkpt>
   <trkpt lon="-4.537238" lat="36.705127"><ele>19.6</ele></trkpt>
   <trkpt lon="-4.537100" lat="36.705092"><ele>20.1</ele></trkpt>
   <trkpt lon="-4.536940" lat="36.705012"><ele>20.6</ele></trkpt>
   <trkpt lon="-4.536693" lat="36.704992"><ele>20.7</ele></trkpt>
   <trkpt lon="-4.536150" lat="36.704983"><ele>21.2</ele></trkpt>
   <trkpt lon="-4.534737" lat="36.705055"><ele>22.5</ele></trkpt>
   <trkpt lon="-4.533250" lat="36.705105"><ele>20.7</ele></trkpt>
   <trkpt lon="-4.532652" lat="36.705110"><ele>20.0</ele></trkpt>
   <trkpt lon="-4.532351" lat="36.705113"><ele>19.8</ele></trkpt>
   <trkpt lon="-4.531022" lat="36.705083"><ele>19.6</ele></trkpt>
   <trkpt lon="-4.529581" lat="36.704975"><ele>19.5</ele></trkpt>
   <trkpt lon="-4.528347" lat="36.704840"><ele>16.2</ele></trkpt>
   <trkpt lon="-4.527862" lat="36.704766"><ele>15.0</ele></trkpt>
   <trkpt lon="-4.527305" lat="36.704682"><ele>14.4</ele></trkpt>
   <trkpt lon="-4.527240" lat="36.704678"><ele>14.4</ele></trkpt>
   <trkpt lon="-4.527159" lat="36.704708"><ele>14.5</ele></trkpt>
   <trkpt lon="-4.527124" lat="36.704764"><ele>14.7</ele></trkpt>
   <trkpt lon="-4.526991" lat="36.705423"><ele>16.0</ele></trkpt>
   <trkpt lon="-4.526949" lat="36.705550"><ele>16.0</ele></trkpt>
   <trkpt lon="-4.526837" lat="36.705678"><ele>15.9</ele></trkpt>
   <trkpt lon="-4.526692" lat="36.705750"><ele>16.0</ele></trkpt>
   <trkpt lon="-4.526426" lat="36.705772"><ele>16.0</ele></trkpt>
   <trkpt lon="-4.524354" lat="36.705785"><ele>16.0</ele></trkpt>
   <trkpt lon="-4.522989" lat="36.705819"><ele>15.9</ele></trkpt>
   <trkpt lon="-4.521666" lat="36.705811"><ele>15.0</ele></trkpt>
   <trkpt lon="-4.519358" lat="36.705850"><ele>15.0</ele></trkpt>
   <trkpt lon="-4.519266" lat="36.705847"><ele>15.0</ele></trkpt>
   <trkpt lon="-4.519091" lat="36.705850"><ele>15.0</ele></trkpt>
   <trkpt lon="-4.518939" lat="36.705855"><ele>15.0</ele></trkpt>
   <trkpt lon="-4.518855" lat="36.705839"><ele>15.0</ele></trkpt>
   <trkpt lon="-4.518724" lat="36.705847"><ele>14.9</ele></trkpt>
   <trkpt lon="-4.518609" lat="36.705889"><ele>15.0</ele></trkpt>
   <trkpt lon="-4.518476" lat="36.705908"><ele>14.7</ele></trkpt>
   <trkpt lon="-4.518316" lat="36.705908"><ele>14.2</ele></trkpt>
   <trkpt lon="-4.518208" lat="36.705893"><ele>14.0</ele></trkpt>
   <trkpt lon="-4.518090" lat="36.705859"><ele>14.0</ele></trkpt>
   <trkpt lon="-4.517986" lat="36.705857"><ele>14.0</ele></trkpt>
   <trkpt lon="-4.517608" lat="36.705802"><ele>14.0</ele></trkpt>
   <trkpt lon="-4.516972" lat="36.705784"><ele>14.0</ele></trkpt>
   <trkpt lon="-4.516440" lat="36.705827"><ele>14.0</ele></trkpt>
   <trkpt lon="-4.516252" lat="36.705861"><ele>14.0</ele></trkpt>
   <trkpt lon="-4.515340" lat="36.706026"><ele>14.3</ele></trkpt>
   <trkpt lon="-4.514757" lat="36.706150"><ele>18.8</ele></trkpt>
   <trkpt lon="-4.514625" lat="36.706172"><ele>20.7</ele></trkpt>
   <trkpt lon="-4.514308" lat="36.706204"><ele>22.3</ele></trkpt>
   <trkpt lon="-4.513950" lat="36.706240"><ele>18.7</ele></trkpt>
   <trkpt lon="-4.513121" lat="36.706311"><ele>14.0</ele></trkpt>
   <trkpt lon="-4.512906" lat="36.706322"><ele>14.0</ele></trkpt>
   <trkpt lon="-4.512725" lat="36.706292"><ele>14.0</ele></trkpt>
   <trkpt lon="-4.512578" lat="36.706222"><ele>13.9</ele></trkpt>
   <trkpt lon="-4.512521" lat="36.706183"><ele>13.8</ele></trkpt>
   <trkpt lon="-4.512446" lat="36.706091"><ele>13.6</ele></trkpt>
   <trkpt lon="-4.512342" lat="36.706019"><ele>13.5</ele></trkpt>
   <trkpt lon="-4.512218" lat="36.705972"><ele>13.7</ele></trkpt>
   <trkpt lon="-4.512088" lat="36.705954"><ele>14.0</ele></trkpt>
   <trkpt lon="-4.512011" lat="36.705960"><ele>14.0</ele></trkpt>
   <trkpt lon="-4.511957" lat="36.705964"><ele>14.0</ele></trkpt>
   <trkpt lon="-4.511835" lat="36.706001"><ele>14.0</ele></trkpt>
   <trkpt lon="-4.511729" lat="36.706062"><ele>14.0</ele></trkpt>
   <trkpt lon="-4.511630" lat="36.706165"><ele>14.3</ele></trkpt>
   <trkpt lon="-4.511589" lat="36.706248"><ele>14.5</ele></trkpt>
   <trkpt lon="-4.511412" lat="36.706367"><ele>14.6</ele></trkpt>
   <trkpt lon="-4.511252" lat="36.706408"><ele>14.3</ele></trkpt>
   <trkpt lon="-4.510998" lat="36.706426"><ele>13.9</ele></trkpt>
   <trkpt lon="-4.510263" lat="36.706459"><ele>13.9</ele></trkpt>
   <trkpt lon="-4.509562" lat="36.706447"><ele>14.6</ele></trkpt>
   <trkpt lon="-4.508923" lat="36.706378"><ele>17.0</ele></trkpt>
   <trkpt lon="-4.506451" lat="36.706103"><ele>18.1</ele></trkpt>
   <trkpt lon="-4.506242" lat="36.706106"><ele>17.6</ele></trkpt>
   <trkpt lon="-4.505939" lat="36.706110"><ele>17.6</ele></trkpt>
   <trkpt lon="-4.505848" lat="36.706115"><ele>17.6</ele></trkpt>
   <trkpt lon="-4.505546" lat="36.706145"><ele>17.6</ele></trkpt>
   <trkpt lon="-4.505364" lat="36.706179"><ele>17.1</ele></trkpt>
   <trkpt lon="-4.505239" lat="36.706210"><ele>16.9</ele></trkpt>
   <trkpt lon="-4.504952" lat="36.706293"><ele>16.4</ele></trkpt>
   <trkpt lon="-4.504818" lat="36.706334"><ele>16.5</ele></trkpt>
   <trkpt lon="-4.504758" lat="36.706352"><ele>16.5</ele></trkpt>
   <trkpt lon="-4.504497" lat="36.706441"><ele>16.6</ele></trkpt>
   <trkpt lon="-4.503517" lat="36.706757"><ele>17.0</ele></trkpt>
   <trkpt lon="-4.503175" lat="36.706841"><ele>17.0</ele></trkpt>
   <trkpt lon="-4.502535" lat="36.706937"><ele>17.0</ele></trkpt>
   <trkpt lon="-4.501909" lat="36.706988"><ele>16.2</ele></trkpt>
   <trkpt lon="-4.497535" lat="36.707407"><ele>16.6</ele></trkpt>
   <trkpt lon="-4.497278" lat="36.707364"><ele>16.3</ele></trkpt>
   <trkpt lon="-4.496914" lat="36.707398"><ele>16.4</ele></trkpt>
   <trkpt lon="-4.496530" lat="36.707400"><ele>16.4</ele></trkpt>
   <trkpt lon="-4.495881" lat="36.707459"><ele>16.6</ele></trkpt>
   <trkpt lon="-4.495417" lat="36.707504"><ele>16.7</ele></trkpt>
   <trkpt lon="-4.495026" lat="36.707551"><ele>16.8</ele></trkpt>
   <trkpt lon="-4.494694" lat="36.707619"><ele>16.2</ele></trkpt>
   <trkpt lon="-4.494598" lat="36.707631"><ele>16.5</ele></trkpt>
   <trkpt lon="-4.494365" lat="36.707711"><ele>17.6</ele></trkpt>
   <trkpt lon="-4.494143" lat="36.707730"><ele>18.3</ele></trkpt>
   <trkpt lon="-4.493905" lat="36.707696"><ele>19.3</ele></trkpt>
   <trkpt lon="-4.493711" lat="36.707685"><ele>20.8</ele></trkpt>
   <trkpt lon="-4.493607" lat="36.707620"><ele>21.3</ele></trkpt>
   <trkpt lon="-4.493346" lat="36.707621"><ele>22.8</ele></trkpt>
   <trkpt lon="-4.493094" lat="36.707637"><ele>23.6</ele></trkpt>
   <trkpt lon="-4.492870" lat="36.707663"><ele>24.1</ele></trkpt>
   <trkpt lon="-4.492792" lat="36.707635"><ele>24.4</ele></trkpt>
   <trkpt lon="-4.492764" lat="36.707645"><ele>24.5</ele></trkpt>
   <trkpt lon="-4.492703" lat="36.707681"><ele>24.6</ele></trkpt>
   <trkpt lon="-4.492654" lat="36.707730"><ele>24.6</ele></trkpt>
   <trkpt lon="-4.492624" lat="36.707768"><ele>24.6</ele></trkpt>
   <trkpt lon="-4.492567" lat="36.707822"><ele>24.6</ele></trkpt>
   <trkpt lon="-4.492467" lat="36.707868"><ele>24.7</ele></trkpt>
   <trkpt lon="-4.492361" lat="36.707902"><ele>24.9</ele></trkpt>
   <trkpt lon="-4.492364" lat="36.707926"><ele>24.9</ele></trkpt>
   <trkpt lon="-4.492381" lat="36.708069"><ele>24.4</ele></trkpt>
   <trkpt lon="-4.492389" lat="36.708132"><ele>24.2</ele></trkpt>
   <trkpt lon="-4.492238" lat="36.708135"><ele>24.6</ele></trkpt>
   <trkpt lon="-4.491329" lat="36.708236"><ele>27.1</ele></trkpt>
   <trkpt lon="-4.490983" lat="36.708252"><ele>28.1</ele></trkpt>
   <trkpt lon="-4.489727" lat="36.708400"><ele>32.5</ele></trkpt>
   <trkpt lon="-4.489446" lat="36.708421"><ele>33.3</ele></trkpt>
   <trkpt lon="-4.489241" lat="36.708426"><ele>33.9</ele></trkpt>
   <trkpt lon="-4.488964" lat="36.708421"><ele>35.5</ele></trkpt>
   <trkpt lon="-4.488979" lat="36.708433"><ele>35.4</ele></trkpt>
   <trkpt lon="-4.488888" lat="36.708478"><ele>36.0</ele></trkpt>
   <trkpt lon="-4.488754" lat="36.708474"><ele>37.1</ele></trkpt>
   <trkpt lon="-4.488749" lat="36.708461"><ele>37.1</ele></trkpt>
   <trkpt lon="-4.488728" lat="36.708424"><ele>37.3</ele></trkpt>
   <trkpt lon="-4.488449" lat="36.708391"><ele>39.8</ele></trkpt>
   <trkpt lon="-4.487707" lat="36.708264"><ele>44.2</ele></trkpt>
   <trkpt lon="-4.487374" lat="36.708213"><ele>46.2</ele></trkpt>
   <trkpt lon="-4.487152" lat="36.708191"><ele>46.9</ele></trkpt>
   <trkpt lon="-4.486865" lat="36.708184"><ele>47.8</ele></trkpt>
   <trkpt lon="-4.486636" lat="36.708186"><ele>48.9</ele></trkpt>
   <trkpt lon="-4.485866" lat="36.708226"><ele>49.5</ele></trkpt>
   <trkpt lon="-4.485805" lat="36.708243"><ele>49.8</ele></trkpt>
   <trkpt lon="-4.485731" lat="36.708289"><ele>50.2</ele></trkpt>
   <trkpt lon="-4.485660" lat="36.708378"><ele>50.8</ele></trkpt>
   <trkpt lon="-4.485605" lat="36.708407"><ele>51.2</ele></trkpt>
   <trkpt lon="-4.485457" lat="36.708461"><ele>52.0</ele></trkpt>
   <trkpt lon="-4.485403" lat="36.708469"><ele>52.3</ele></trkpt>
   <trkpt lon="-4.485234" lat="36.708432"><ele>52.5</ele></trkpt>
   <trkpt lon="-4.485109" lat="36.708367"><ele>52.5</ele></trkpt>
   <trkpt lon="-4.485052" lat="36.708311"><ele>52.5</ele></trkpt>
   <trkpt lon="-4.484975" lat="36.708267"><ele>52.8</ele></trkpt>
   <trkpt lon="-4.484848" lat="36.708252"><ele>53.7</ele></trkpt>
   <trkpt lon="-4.482689" lat="36.708385"><ele>47.9</ele></trkpt>
   <trkpt lon="-4.482565" lat="36.708420"><ele>47.5</ele></trkpt>
   <trkpt lon="-4.482508" lat="36.708462"><ele>47.3</ele></trkpt>
   <trkpt lon="-4.482433" lat="36.708551"><ele>47.1</ele></trkpt>
   <trkpt lon="-4.482358" lat="36.708603"><ele>46.9</ele></trkpt>
   <trkpt lon="-4.482298" lat="36.708625"><ele>46.7</ele></trkpt>
   <trkpt lon="-4.482232" lat="36.708633"><ele>46.5</ele></trkpt>
   <trkpt lon="-4.482115" lat="36.708648"><ele>46.3</ele></trkpt>
   <trkpt lon="-4.482060" lat="36.708649"><ele>46.2</ele></trkpt>
   <trkpt lon="-4.481941" lat="36.708589"><ele>45.8</ele></trkpt>
   <trkpt lon="-4.481874" lat="36.708546"><ele>45.6</ele></trkpt>
   <trkpt lon="-4.481809" lat="36.708478"><ele>45.4</ele></trkpt>
   <trkpt lon="-4.481793" lat="36.708461"><ele>45.4</ele></trkpt>
   <trkpt lon="-4.481620" lat="36.708456"><ele>44.6</ele></trkpt>
   <trkpt lon="-4.481626" lat="36.708386"><ele>44.6</ele></trkpt>
   <trkpt lon="-4.481634" lat="36.708293"><ele>44.5</ele></trkpt>
   <trkpt lon="-4.481529" lat="36.708291"><ele>43.9</ele></trkpt>
   <trkpt lon="-4.481073" lat="36.708236"><ele>43.3</ele></trkpt>
   <trkpt lon="-4.480640" lat="36.708151"><ele>42.2</ele></trkpt>
   <trkpt lon="-4.480493" lat="36.708042"><ele>41.7</ele></trkpt>
   <trkpt lon="-4.480354" lat="36.707993"><ele>41.0</ele></trkpt>
   <trkpt lon="-4.479864" lat="36.707891"><ele>39.9</ele></trkpt>
   <trkpt lon="-4.479644" lat="36.707845"><ele>39.7</ele></trkpt>
   <trkpt lon="-4.478988" lat="36.707720"><ele>39.0</ele></trkpt>
   <trkpt lon="-4.478657" lat="36.707674"><ele>38.0</ele></trkpt>
   <trkpt lon="-4.478256" lat="36.707641"><ele>35.2</ele></trkpt>
   <trkpt lon="-4.477223" lat="36.707631"><ele>35.1</ele></trkpt>
   <trkpt lon="-4.476869" lat="36.707609"><ele>34.8</ele></trkpt>
   <trkpt lon="-4.476546" lat="36.707570"><ele>34.0</ele></trkpt>
   <trkpt lon="-4.476205" lat="36.707514"><ele>34.0</ele></trkpt>
   <trkpt lon="-4.475464" lat="36.707362"><ele>32.7</ele></trkpt>
   <trkpt lon="-4.475227" lat="36.707313"><ele>32.0</ele></trkpt>
   <trkpt lon="-4.475150" lat="36.707297"><ele>31.8</ele></trkpt>
   <trkpt lon="-4.475165" lat="36.707234"><ele>31.8</ele></trkpt>
   <trkpt lon="-4.475202" lat="36.707153"><ele>31.9</ele></trkpt>
   <trkpt lon="-4.475456" lat="36.706723"><ele>31.4</ele></trkpt>
   <trkpt lon="-4.475831" lat="36.706131"><ele>31.0</ele></trkpt>
   <trkpt lon="-4.476255" lat="36.705434"><ele>29.6</ele></trkpt>
   <trkpt lon="-4.476362" lat="36.705260"><ele>29.4</ele></trkpt>
   <trkpt lon="-4.476418" lat="36.705157"><ele>29.6</ele></trkpt>
   <trkpt lon="-4.476504" lat="36.704953"><ele>29.9</ele></trkpt>
   <trkpt lon="-4.476589" lat="36.704678"><ele>30.0</ele></trkpt>
   <trkpt lon="-4.476645" lat="36.704340"><ele>30.6</ele></trkpt>
   <trkpt lon="-4.476632" lat="36.703994"><ele>31.1</ele></trkpt>
   <trkpt lon="-4.476620" lat="36.703851"><ele>31.1</ele></trkpt>
   <trkpt lon="-4.476511" lat="36.703853"><ele>31.0</ele></trkpt>
   <trkpt lon="-4.475624" lat="36.703881"><ele>29.1</ele></trkpt>
   <trkpt lon="-4.474731" lat="36.703910"><ele>28.6</ele></trkpt>
   <trkpt lon="-4.474657" lat="36.702601"><ele>27.0</ele></trkpt>
  </trkseg>
 </trk>
</gpx>
