<?xml version="1.0" encoding="UTF-8"?>
<!-- track-length = 120277 filtered ascend = 2522 plain-ascend = 0 cost=274082 energy=.9kwh time=9h 27m 27s -->
<gpx 
 xmlns="http://www.topografix.com/GPX/1/1" 
 xmlns:xsi="http://www.w3.org/2001/XMLSchema-instance" 
 xsi:schemaLocation="http://www.topografix.com/GPX/1/1 http://www.topografix.com/GPX/1/1/gpx.xsd" 
 creator="BRouter-1.7.10" version="1.1">
 <trk>
  <name>brouter_trekking_0</name>
  <trkseg>
   <trkpt lon="-4.474657" lat="36.702601"><ele>27.0</ele></trkpt>
   <trkpt lon="-4.474731" lat="36.703910"><ele>28.6</ele></trkpt>
   <trkpt lon="-4.473837" lat="36.703939"><ele>30.4</ele></trkpt>
   <trkpt lon="-4.473321" lat="36.703958"><ele>32.6</ele></trkpt>
   <trkpt lon="-4.473177" lat="36.703968"><ele>33.0</ele></trkpt>
   <trkpt lon="-4.473150" lat="36.703899"><ele>33.1</ele></trkpt>
   <trkpt lon="-4.473098" lat="36.703841"><ele>33.5</ele></trkpt>
   <trkpt lon="-4.473027" lat="36.703797"><ele>33.9</ele></trkpt>
   <trkpt lon="-4.472943" lat="36.703773"><ele>34.5</ele></trkpt>
   <trkpt lon="-4.472854" lat="36.703770"><ele>35.1</ele></trkpt>
   <trkpt lon="-4.472758" lat="36.703792"><ele>35.4</ele></trkpt>
   <trkpt lon="-4.472676" lat="36.703839"><ele>35.5</ele></trkpt>
   <trkpt lon="-4.472623" lat="36.703899"><ele>35.4</ele></trkpt>
   <trkpt lon="-4.472595" lat="36.703970"><ele>35.1</ele></trkpt>
   <trkpt lon="-4.472596" lat="36.704044"><ele>34.7</ele></trkpt>
   <trkpt lon="-4.472626" lat="36.704115"><ele>34.4</ele></trkpt>
   <trkpt lon="-4.472682" lat="36.704174"><ele>34.1</ele></trkpt>
   <trkpt lon="-4.472758" lat="36.704217"><ele>33.9</ele></trkpt>
   <trkpt lon="-4.472728" lat="36.704267"><ele>33.7</ele></trkpt>
   <trkpt lon="-4.472416" lat="36.704793"><ele>31.2</ele></trkpt>
   <trkpt lon="-4.472329" lat="36.704936"><ele>30.8</ele></trkpt>
   <trkpt lon="-4.472074" lat="36.705361"><ele>29.5</ele></trkpt>
   <trkpt lon="-4.471927" lat="36.705599"><ele>28.1</ele></trkpt>
   <trkpt lon="-4.471552" lat="36.706222"><ele>24.5</ele></trkpt>
   <trkpt lon="-4.471534" lat="36.706253"><ele>24.4</ele></trkpt>
   <trkpt lon="-4.471296" lat="36.706528"><ele>24.4</ele></trkpt>
   <trkpt lon="-4.471220" lat="36.706630"><ele>24.8</ele></trkpt>
   <trkpt lon="-4.471208" lat="36.706721"><ele>24.9</ele></trkpt>
   <trkpt lon="-4.471233" lat="36.706799"><ele>24.9</ele></trkpt>
   <trkpt lon="-4.471289" lat="36.706866"><ele>24.9</ele></trkpt>
   <trkpt lon="-4.471361" lat="36.706912"><ele>25.0</ele></trkpt>
   <trkpt lon="-4.471470" lat="36.706941"><ele>25.1</ele></trkpt>
   <trkpt lon="-4.471480" lat="36.706995"><ele>25.2</ele></trkpt>
   <trkpt lon="-4.471499" lat="36.707089"><ele>25.5</ele></trkpt>
   <trkpt lon="-4.471610" lat="36.707609"><ele>26.0</ele></trkpt>
   <trkpt lon="-4.471779" lat="36.708355"><ele>27.0</ele></trkpt>
   <trkpt lon="-4.471980" lat="36.709163"><ele>27.8</ele></trkpt>
   <trkpt lon="-4.472075" lat="36.709552"><ele>28.2</ele></trkpt>
   <trkpt lon="-4.472168" lat="36.709929"><ele>28.8</ele></trkpt>
   <trkpt lon="-4.472383" lat="36.710800"><ele>29.1</ele></trkpt>
   <trkpt lon="-4.472432" lat="36.711001"><ele>29.2</ele></trkpt>
   <trkpt lon="-4.472586" lat="36.711644"><ele>31.2</ele></trkpt>
   <trkpt lon="-4.472792" lat="36.712483"><ele>34.1</ele></trkpt>
   <trkpt lon="-4.472884" lat="36.712917"><ele>36.4</ele></trkpt>
   <trkpt lon="-4.472928" lat="36.713106"><ele>36.8</ele></trkpt>
   <trkpt lon="-4.472937" lat="36.713136"><ele>36.9</ele></trkpt>
   <trkpt lon="-4.472975" lat="36.713271"><ele>37.2</ele></trkpt>
   <trkpt lon="-4.472976" lat="36.713313"><ele>37.3</ele></trkpt>
   <trkpt lon="-4.472963" lat="36.713317"><ele>37.4</ele></trkpt>
   <trkpt lon="-4.472893" lat="36.713366"><ele>37.7</ele></trkpt>
   <trkpt lon="-4.472825" lat="36.713437"><ele>38.0</ele></trkpt>
   <trkpt lon="-4.472807" lat="36.713478"><ele>38.1</ele></trkpt>
   <trkpt lon="-4.472806" lat="36.713547"><ele>38.1</ele></trkpt>
   <trkpt lon="-4.472814" lat="36.713592"><ele>38.1</ele></trkpt>
   <trkpt lon="-4.472837" lat="36.713642"><ele>38.0</ele></trkpt>
   <trkpt lon="-4.472916" lat="36.713713"><ele>38.2</ele></trkpt>
   <trkpt lon="-4.473004" lat="36.713750"><ele>38.5</ele></trkpt>
   <trkpt lon="-4.473057" lat="36.713759"><ele>38.7</ele></trkpt>
   <trkpt lon="-4.473092" lat="36.713788"><ele>38.8</ele></trkpt>
   <trkpt lon="-4.473114" lat="36.713816"><ele>38.9</ele></trkpt>
   <trkpt lon="-4.473172" lat="36.713922"><ele>39.0</ele></trkpt>
   <trkpt lon="-4.473220" lat="36.714009"><ele>38.8</ele></trkpt>
   <trkpt lon="-4.473479" lat="36.714474"><ele>38.4</ele></trkpt>
   <trkpt lon="-4.473721" lat="36.714802"><ele>38.0</ele></trkpt>
   <trkpt lon="-4.474069" lat="36.715185"><ele>39.2</ele></trkpt>
   <trkpt lon="-4.474499" lat="36.715569"><ele>39.8</ele></trkpt>
   <trkpt lon="-4.474853" lat="36.715804"><ele>40.1</ele></trkpt>
   <trkpt lon="-4.474889" lat="36.715778"><ele>39.9</ele></trkpt>
   <trkpt lon="-4.474924" lat="36.715745"><ele>39.8</ele></trkpt>
   <trkpt lon="-4.474933" lat="36.715736"><ele>39.8</ele></trkpt>
   <trkpt lon="-4.474946" lat="36.715739"><ele>39.8</ele></trkpt>
   <trkpt lon="-4.475157" lat="36.715889"><ele>40.3</ele></trkpt>
   <trkpt lon="-4.475287" lat="36.715919"><ele>40.4</ele></trkpt>
   <trkpt lon="-4.475372" lat="36.715896"><ele>40.3</ele></trkpt>
   <trkpt lon="-4.475453" lat="36.715893"><ele>40.3</ele></trkpt>
   <trkpt lon="-4.475472" lat="36.715916"><ele>40.4</ele></trkpt>
   <trkpt lon="-4.475481" lat="36.715971"><ele>40.5</ele></trkpt>
   <trkpt lon="-4.475493" lat="36.716029"><ele>40.7</ele></trkpt>
   <trkpt lon="-4.475506" lat="36.716056"><ele>40.8</ele></trkpt>
   <trkpt lon="-4.475523" lat="36.716060"><ele>40.8</ele></trkpt>
   <trkpt lon="-4.475857" lat="36.716020"><ele>41.0</ele></trkpt>
   <trkpt lon="-4.475908" lat="36.715994"><ele>41.0</ele></trkpt>
   <trkpt lon="-4.475984" lat="36.715975"><ele>41.2</ele></trkpt>
   <trkpt lon="-4.476334" lat="36.715931"><ele>42.2</ele></trkpt>
   <trkpt lon="-4.476489" lat="36.715919"><ele>42.3</ele></trkpt>
   <trkpt lon="-4.476696" lat="36.715913"><ele>42.3</ele></trkpt>
   <trkpt lon="-4.476891" lat="36.715919"><ele>42.3</ele></trkpt>
   <trkpt lon="-4.477068" lat="36.715934"><ele>42.4</ele></trkpt>
   <trkpt lon="-4.478308" lat="36.716096"><ele>42.7</ele></trkpt>
   <trkpt lon="-4.479687" lat="36.716286"><ele>43.3</ele></trkpt>
   <trkpt lon="-4.480304" lat="36.716383"><ele>43.4</ele></trkpt>
   <trkpt lon="-4.480907" lat="36.716468"><ele>43.3</ele></trkpt>
   <trkpt lon="-4.481038" lat="36.716518"><ele>43.2</ele></trkpt>
   <trkpt lon="-4.481299" lat="36.716556"><ele>43.6</ele></trkpt>
   <trkpt lon="-4.481405" lat="36.716540"><ele>43.5</ele></trkpt>
   <trkpt lon="-4.481814" lat="36.716596"><ele>44.0</ele></trkpt>
   <trkpt lon="-4.481973" lat="36.716633"><ele>44.3</ele></trkpt>
   <trkpt lon="-4.482041" lat="36.716655"><ele>44.5</ele></trkpt>
   <trkpt lon="-4.482242" lat="36.716711"><ele>45.0</ele></trkpt>
   <trkpt lon="-4.482392" lat="36.716741"><ele>45.3</ele></trkpt>
   <trkpt lon="-4.482457" lat="36.716778"><ele>45.6</ele></trkpt>
   <trkpt lon="-4.482481" lat="36.716782"><ele>45.6</ele></trkpt>
   <trkpt lon="-4.482489" lat="36.716776"><ele>45.6</ele></trkpt>
   <trkpt lon="-4.482512" lat="36.716756"><ele>45.4</ele></trkpt>
   <trkpt lon="-4.482576" lat="36.716827"><ele>46.0</ele></trkpt>
   <trkpt lon="-4.482621" lat="36.716906"><ele>46.5</ele></trkpt>
   <trkpt lon="-4.482662" lat="36.716974"><ele>46.9</ele></trkpt>
   <trkpt lon="-4.482620" lat="36.717059"><ele>47.4</ele></trkpt>
   <trkpt lon="-4.482610" lat="36.717105"><ele>47.7</ele></trkpt>
   <trkpt lon="-4.482607" lat="36.717142"><ele>47.9</ele></trkpt>
   <trkpt lon="-4.482609" lat="36.717170"><ele>48.0</ele></trkpt>
   <trkpt lon="-4.482523" lat="36.717233"><ele>48.4</ele></trkpt>
   <trkpt lon="-4.482348" lat="36.717334"><ele>49.0</ele></trkpt>
   <trkpt lon="-4.482293" lat="36.717398"><ele>49.4</ele></trkpt>
   <trkpt lon="-4.482259" lat="36.717431"><ele>49.6</ele></trkpt>
   <trkpt lon="-4.482207" lat="36.717517"><ele>50.1</ele></trkpt>
   <trkpt lon="-4.482168" lat="36.717728"><ele>52.0</ele></trkpt>
   <trkpt lon="-4.482152" lat="36.718220"><ele>55.3</ele></trkpt>
   <trkpt lon="-4.482180" lat="36.718620"><ele>55.6</ele></trkpt>
   <trkpt lon="-4.482197" lat="36.718813"><ele>56.3</ele></trkpt>
   <trkpt lon="-4.482169" lat="36.718815"><ele>56.2</ele></trkpt>
   <trkpt lon="-4.482143" lat="36.718825"><ele>56.1</ele></trkpt>
   <trkpt lon="-4.482117" lat="36.718851"><ele>56.1</ele></trkpt>
   <trkpt lon="-4.482108" lat="36.718884"><ele>56.2</ele></trkpt>
   <trkpt lon="-4.482117" lat="36.718910"><ele>56.2</ele></trkpt>
   <trkpt lon="-4.482138" lat="36.718932"><ele>56.3</ele></trkpt>
   <trkpt lon="-4.482168" lat="36.718944"><ele>56.3</ele></trkpt>
   <trkpt lon="-4.482203" lat="36.718946"><ele>56.4</ele></trkpt>
   <trkpt lon="-4.482187" lat="36.719101"><ele>56.4</ele></trkpt>
   <trkpt lon="-4.482160" lat="36.719379"><ele>56.6</ele></trkpt>
   <trkpt lon="-4.482102" lat="36.719968"><ele>58.0</ele></trkpt>
   <trkpt lon="-4.482071" lat="36.720165"><ele>58.0</ele></trkpt>
   <trkpt lon="-4.481988" lat="36.720691"><ele>57.8</ele></trkpt>
   <trkpt lon="-4.481973" lat="36.720908"><ele>57.8</ele></trkpt>
   <trkpt lon="-4.481898" lat="36.720920"><ele>57.5</ele></trkpt>
   <trkpt lon="-4.481834" lat="36.720956"><ele>57.4</ele></trkpt>
   <trkpt lon="-4.481795" lat="36.721011"><ele>57.5</ele></trkpt>
   <trkpt lon="-4.481785" lat="36.721057"><ele>57.5</ele></trkpt>
   <trkpt lon="-4.481794" lat="36.721104"><ele>57.6</ele></trkpt>
   <trkpt lon="-4.481820" lat="36.721146"><ele>57.8</ele></trkpt>
   <trkpt lon="-4.481856" lat="36.721176"><ele>57.9</ele></trkpt>
   <trkpt lon="-4.481900" lat="36.721197"><ele>57.9</ele></trkpt>
   <trkpt lon="-4.481950" lat="36.721208"><ele>58.0</ele></trkpt>
   <trkpt lon="-4.482001" lat="36.721207"><ele>58.0</ele></trkpt>
   <trkpt lon="-4.482027" lat="36.721284"><ele>58.1</ele></trkpt>
   <trkpt lon="-4.482062" lat="36.721365"><ele>58.3</ele></trkpt>
   <trkpt lon="-4.482101" lat="36.721456"><ele>58.6</ele></trkpt>
   <trkpt lon="-4.482371" lat="36.721793"><ele>59.0</ele></trkpt>
   <trkpt lon="-4.482442" lat="36.721896"><ele>59.0</ele></trkpt>
   <trkpt lon="-4.482618" lat="36.722104"><ele>59.0</ele></trkpt>
   <trkpt lon="-4.483166" lat="36.722816"><ele>60.1</ele></trkpt>
   <trkpt lon="-4.483277" lat="36.722941"><ele>60.5</ele></trkpt>
   <trkpt lon="-4.483340" lat="36.723012"><ele>60.8</ele></trkpt>
   <trkpt lon="-4.483386" lat="36.723077"><ele>60.9</ele></trkpt>
   <trkpt lon="-4.483550" lat="36.723312"><ele>61.4</ele></trkpt>
   <trkpt lon="-4.483566" lat="36.723400"><ele>61.7</ele></trkpt>
   <trkpt lon="-4.483576" lat="36.723467"><ele>61.9</ele></trkpt>
   <trkpt lon="-4.483587" lat="36.723541"><ele>62.2</ele></trkpt>
   <trkpt lon="-4.483570" lat="36.723558"><ele>62.2</ele></trkpt>
   <trkpt lon="-4.483549" lat="36.723610"><ele>62.3</ele></trkpt>
   <trkpt lon="-4.483548" lat="36.723664"><ele>62.4</ele></trkpt>
   <trkpt lon="-4.483569" lat="36.723716"><ele>62.5</ele></trkpt>
   <trkpt lon="-4.483610" lat="36.723760"><ele>62.7</ele></trkpt>
   <trkpt lon="-4.483635" lat="36.723774"><ele>62.8</ele></trkpt>
   <trkpt lon="-4.483667" lat="36.723791"><ele>62.8</ele></trkpt>
   <trkpt lon="-4.483700" lat="36.723799"><ele>62.9</ele></trkpt>
   <trkpt lon="-4.483789" lat="36.723845"><ele>63.0</ele></trkpt>
   <trkpt lon="-4.483841" lat="36.723889"><ele>63.2</ele></trkpt>
   <trkpt lon="-4.483957" lat="36.723998"><ele>63.6</ele></trkpt>
   <trkpt lon="-4.484703" lat="36.725336"><ele>69.9</ele></trkpt>
   <trkpt lon="-4.484725" lat="36.725377"><ele>70.1</ele></trkpt>
   <trkpt lon="-4.484771" lat="36.725457"><ele>70.6</ele></trkpt>
   <trkpt lon="-4.484792" lat="36.725498"><ele>70.8</ele></trkpt>
   <trkpt lon="-4.484811" lat="36.725536"><ele>71.0</ele></trkpt>
   <trkpt lon="-4.484755" lat="36.725570"><ele>71.3</ele></trkpt>
   <trkpt lon="-4.484716" lat="36.725617"><ele>71.5</ele></trkpt>
   <trkpt lon="-4.484699" lat="36.725672"><ele>71.9</ele></trkpt>
   <trkpt lon="-4.484703" lat="36.725725"><ele>72.1</ele></trkpt>
   <trkpt lon="-4.484727" lat="36.725774"><ele>72.2</ele></trkpt>
   <trkpt lon="-4.484769" lat="36.725815"><ele>72.3</ele></trkpt>
   <trkpt lon="-4.484811" lat="36.725839"><ele>72.3</ele></trkpt>
   <trkpt lon="-4.484874" lat="36.725856"><ele>72.2</ele></trkpt>
   <trkpt lon="-4.484940" lat="36.725858"><ele>72.0</ele></trkpt>
   <trkpt lon="-4.485004" lat="36.725843"><ele>71.8</ele></trkpt>
   <trkpt lon="-4.485053" lat="36.725817"><ele>71.6</ele></trkpt>
   <trkpt lon="-4.485091" lat="36.725783"><ele>71.4</ele></trkpt>
   <trkpt lon="-4.485116" lat="36.725741"><ele>71.2</ele></trkpt>
   <trkpt lon="-4.485127" lat="36.725695"><ele>71.0</ele></trkpt>
   <trkpt lon="-4.485269" lat="36.725605"><ele>70.6</ele></trkpt>
   <trkpt lon="-4.486203" lat="36.725265"><ele>69.4</ele></trkpt>
   <trkpt lon="-4.486327" lat="36.725221"><ele>68.9</ele></trkpt>
   <trkpt lon="-4.487205" lat="36.724908"><ele>67.6</ele></trkpt>
   <trkpt lon="-4.487384" lat="36.724866"><ele>67.2</ele></trkpt>
   <trkpt lon="-4.487454" lat="36.724858"><ele>67.1</ele></trkpt>
   <trkpt lon="-4.487535" lat="36.724863"><ele>67.0</ele></trkpt>
   <trkpt lon="-4.487617" lat="36.724869"><ele>66.9</ele></trkpt>
   <trkpt lon="-4.487707" lat="36.724894"><ele>66.8</ele></trkpt>
   <trkpt lon="-4.487800" lat="36.724955"><ele>66.9</ele></trkpt>
   <trkpt lon="-4.487848" lat="36.725048"><ele>67.2</ele></trkpt>
   <trkpt lon="-4.488049" lat="36.725715"><ele>69.6</ele></trkpt>
   <trkpt lon="-4.488208" lat="36.726399"><ele>73.0</ele></trkpt>
   <trkpt lon="-4.488506" lat="36.727957"><ele>75.5</ele></trkpt>
   <trkpt lon="-4.489040" lat="36.730869"><ele>82.8</ele></trkpt>
   <trkpt lon="-4.489266" lat="36.732084"><ele>87.7</ele></trkpt>
   <trkpt lon="-4.489248" lat="36.732266"><ele>88.5</ele></trkpt>
   <trkpt lon="-4.489185" lat="36.732324"><ele>88.9</ele></trkpt>
   <trkpt lon="-4.489159" lat="36.732398"><ele>89.5</ele></trkpt>
   <trkpt lon="-4.489175" lat="36.732474"><ele>89.8</ele></trkpt>
   <trkpt lon="-4.489228" lat="36.732537"><ele>90.0</ele></trkpt>
   <trkpt lon="-4.489287" lat="36.732570"><ele>90.0</ele></trkpt>
   <trkpt lon="-4.489356" lat="36.732585"><ele>89.8</ele></trkpt>
   <trkpt lon="-4.489427" lat="36.732583"><ele>89.6</ele></trkpt>
   <trkpt lon="-4.489494" lat="36.732562"><ele>89.3</ele></trkpt>
   <trkpt lon="-4.489549" lat="36.732526"><ele>89.0</ele></trkpt>
   <trkpt lon="-4.489670" lat="36.732639"><ele>88.9</ele></trkpt>
   <trkpt lon="-4.489825" lat="36.732794"><ele>88.4</ele></trkpt>
   <trkpt lon="-4.489917" lat="36.732886"><ele>87.9</ele></trkpt>
   <trkpt lon="-4.490107" lat="36.733138"><ele>86.5</ele></trkpt>
   <trkpt lon="-4.490350" lat="36.733587"><ele>85.5</ele></trkpt>
   <trkpt lon="-4.490591" lat="36.733904"><ele>85.1</ele></trkpt>
   <trkpt lon="-4.490723" lat="36.734077"><ele>85.1</ele></trkpt>
   <trkpt lon="-4.491063" lat="36.734355"><ele>83.2</ele></trkpt>
   <trkpt lon="-4.491151" lat="36.734423"><ele>82.5</ele></trkpt>
   <trkpt lon="-4.491245" lat="36.734487"><ele>81.8</ele></trkpt>
   <trkpt lon="-4.491587" lat="36.734743"><ele>82.0</ele></trkpt>
   <trkpt lon="-4.492179" lat="36.735188"><ele>82.8</ele></trkpt>
   <trkpt lon="-4.492417" lat="36.735393"><ele>83.4</ele></trkpt>
   <trkpt lon="-4.492640" lat="36.735681"><ele>84.2</ele></trkpt>
   <trkpt lon="-4.492749" lat="36.735905"><ele>84.9</ele></trkpt>
   <trkpt lon="-4.492823" lat="36.736157"><ele>86.2</ele></trkpt>
   <trkpt lon="-4.492849" lat="36.736403"><ele>87.1</ele></trkpt>
   <trkpt lon="-4.492832" lat="36.736651"><ele>87.9</ele></trkpt>
   <trkpt lon="-4.492795" lat="36.736811"><ele>88.3</ele></trkpt>
   <trkpt lon="-4.492720" lat="36.736944"><ele>88.7</ele></trkpt>
   <trkpt lon="-4.492657" lat="36.737032"><ele>89.3</ele></trkpt>
   <trkpt lon="-4.492415" lat="36.737478"><ele>93.8</ele></trkpt>
   <trkpt lon="-4.492301" lat="36.737699"><ele>95.5</ele></trkpt>
   <trkpt lon="-4.492118" lat="36.738060"><ele>94.6</ele></trkpt>
   <trkpt lon="-4.492227" lat="36.738096"><ele>93.3</ele></trkpt>
   <trkpt lon="-4.492302" lat="36.737953"><ele>93.2</ele></trkpt>
   <trkpt lon="-4.492362" lat="36.737972"><ele>92.7</ele></trkpt>
   <trkpt lon="-4.492476" lat="36.738006"><ele>91.9</ele></trkpt>
   <trkpt lon="-4.492817" lat="36.738101"><ele>90.8</ele></trkpt>
   <trkpt lon="-4.492999" lat="36.738172"><ele>90.5</ele></trkpt>
   <trkpt lon="-4.493080" lat="36.738223"><ele>90.4</ele></trkpt>
   <trkpt lon="-4.493144" lat="36.738278"><ele>90.4</ele></trkpt>
   <trkpt lon="-4.493258" lat="36.738407"><ele>91.0</ele></trkpt>
   <trkpt lon="-4.493376" lat="36.738563"><ele>91.8</ele></trkpt>
   <trkpt lon="-4.493410" lat="36.738608"><ele>92.0</ele></trkpt>
   <trkpt lon="-4.493472" lat="36.738677"><ele>92.1</ele></trkpt>
   <trkpt lon="-4.493648" lat="36.738850"><ele>91.6</ele></trkpt>
   <trkpt lon="-4.494085" lat="36.739196"><ele>97.5</ele></trkpt>
   <trkpt lon="-4.494104" lat="36.739212"><ele>97.8</ele></trkpt>
   <trkpt lon="-4.494254" lat="36.739340"><ele>99.2</ele></trkpt>
   <trkpt lon="-4.494260" lat="36.739345"><ele>99.3</ele></trkpt>
   <trkpt lon="-4.494277" lat="36.739357"><ele>99.4</ele></trkpt>
   <trkpt lon="-4.494329" lat="36.739393"><ele>99.9</ele></trkpt>
   <trkpt lon="-4.494676" lat="36.740035"><ele>104.0</ele></trkpt>
   <trkpt lon="-4.494733" lat="36.740193"><ele>105.3</ele></trkpt>
   <trkpt lon="-4.494729" lat="36.740279"><ele>106.1</ele></trkpt>
   <trkpt lon="-4.494633" lat="36.742040"><ele>115.1</ele></trkpt>
   <trkpt lon="-4.494629" lat="36.742116"><ele>115.5</ele></trkpt>
   <trkpt lon="-4.494626" lat="36.742160"><ele>115.7</ele></trkpt>
   <trkpt lon="-4.494594" lat="36.742497"><ele>117.2</ele></trkpt>
   <trkpt lon="-4.494574" lat="36.742587"><ele>117.5</ele></trkpt>
   <trkpt lon="-4.494509" lat="36.742711"><ele>117.8</ele></trkpt>
   <trkpt lon="-4.493698" lat="36.744024"><ele>123.9</ele></trkpt>
   <trkpt lon="-4.493670" lat="36.744065"><ele>124.0</ele></trkpt>
   <trkpt lon="-4.493660" lat="36.744079"><ele>124.0</ele></trkpt>
   <trkpt lon="-4.493639" lat="36.744077"><ele>124.1</ele></trkpt>
   <trkpt lon="-4.493622" lat="36.744082"><ele>124.2</ele></trkpt>
   <trkpt lon="-4.493611" lat="36.744094"><ele>124.2</ele></trkpt>
   <trkpt lon="-4.493607" lat="36.744109"><ele>124.3</ele></trkpt>
   <trkpt lon="-4.493614" lat="36.744123"><ele>124.3</ele></trkpt>
   <trkpt lon="-4.493629" lat="36.744133"><ele>124.2</ele></trkpt>
   <trkpt lon="-4.493612" lat="36.744158"><ele>124.4</ele></trkpt>
   <trkpt lon="-4.493580" lat="36.744207"><ele>124.7</ele></trkpt>
   <trkpt lon="-4.492276" lat="36.746303"><ele>126.8</ele></trkpt>
   <trkpt lon="-4.492218" lat="36.746387"><ele>127.5</ele></trkpt>
   <trkpt lon="-4.492194" lat="36.746449"><ele>127.9</ele></trkpt>
   <trkpt lon="-4.492178" lat="36.746569"><ele>128.6</ele></trkpt>
   <trkpt lon="-4.492225" lat="36.746636"><ele>128.9</ele></trkpt>
   <trkpt lon="-4.492265" lat="36.746690"><ele>129.1</ele></trkpt>
   <trkpt lon="-4.492515" lat="36.747040"><ele>132.0</ele></trkpt>
   <trkpt lon="-4.492619" lat="36.747204"><ele>133.9</ele></trkpt>
   <trkpt lon="-4.492709" lat="36.747423"><ele>135.1</ele></trkpt>
   <trkpt lon="-4.492770" lat="36.747664"><ele>136.0</ele></trkpt>
   <trkpt lon="-4.492795" lat="36.747830"><ele>136.4</ele></trkpt>
   <trkpt lon="-4.492885" lat="36.748463"><ele>134.4</ele></trkpt>
   <trkpt lon="-4.492880" lat="36.748546"><ele>134.0</ele></trkpt>
   <trkpt lon="-4.492860" lat="36.748605"><ele>133.8</ele></trkpt>
   <trkpt lon="-4.492818" lat="36.748670"><ele>133.8</ele></trkpt>
   <trkpt lon="-4.492777" lat="36.748702"><ele>133.9</ele></trkpt>
   <trkpt lon="-4.492747" lat="36.748742"><ele>133.8</ele></trkpt>
   <trkpt lon="-4.492730" lat="36.748787"><ele>133.6</ele></trkpt>
   <trkpt lon="-4.492729" lat="36.748834"><ele>133.3</ele></trkpt>
   <trkpt lon="-4.492682" lat="36.748888"><ele>133.1</ele></trkpt>
   <trkpt lon="-4.492546" lat="36.749072"><ele>134.6</ele></trkpt>
   <trkpt lon="-4.491858" lat="36.750392"><ele>133.0</ele></trkpt>
   <trkpt lon="-4.491815" lat="36.750507"><ele>132.7</ele></trkpt>
   <trkpt lon="-4.491773" lat="36.750807"><ele>133.9</ele></trkpt>
   <trkpt lon="-4.491732" lat="36.750978"><ele>135.5</ele></trkpt>
   <trkpt lon="-4.491704" lat="36.751033"><ele>136.2</ele></trkpt>
   <trkpt lon="-4.491672" lat="36.751097"><ele>137.0</ele></trkpt>
   <trkpt lon="-4.491568" lat="36.751169"><ele>138.2</ele></trkpt>
   <trkpt lon="-4.491500" lat="36.751225"><ele>139.1</ele></trkpt>
   <trkpt lon="-4.491387" lat="36.751358"><ele>141.3</ele></trkpt>
   <trkpt lon="-4.491328" lat="36.751488"><ele>143.6</ele></trkpt>
   <trkpt lon="-4.491317" lat="36.751525"><ele>144.2</ele></trkpt>
   <trkpt lon="-4.491309" lat="36.751641"><ele>146.0</ele></trkpt>
   <trkpt lon="-4.491323" lat="36.751772"><ele>146.4</ele></trkpt>
   <trkpt lon="-4.491376" lat="36.751914"><ele>146.8</ele></trkpt>
   <trkpt lon="-4.491471" lat="36.752046"><ele>147.7</ele></trkpt>
   <trkpt lon="-4.491526" lat="36.752096"><ele>148.2</ele></trkpt>
   <trkpt lon="-4.491640" lat="36.752181"><ele>148.7</ele></trkpt>
   <trkpt lon="-4.491771" lat="36.752244"><ele>148.3</ele></trkpt>
   <trkpt lon="-4.491930" lat="36.752295"><ele>147.3</ele></trkpt>
   <trkpt lon="-4.492105" lat="36.752316"><ele>145.3</ele></trkpt>
   <trkpt lon="-4.492289" lat="36.752309"><ele>143.3</ele></trkpt>
   <trkpt lon="-4.492410" lat="36.752287"><ele>142.8</ele></trkpt>
   <trkpt lon="-4.492469" lat="36.752306"><ele>142.2</ele></trkpt>
   <trkpt lon="-4.492572" lat="36.752355"><ele>141.3</ele></trkpt>
   <trkpt lon="-4.492649" lat="36.752427"><ele>140.6</ele></trkpt>
   <trkpt lon="-4.492732" lat="36.752581"><ele>139.8</ele></trkpt>
   <trkpt lon="-4.492949" lat="36.753001"><ele>141.1</ele></trkpt>
   <trkpt lon="-4.493267" lat="36.753592"><ele>141.2</ele></trkpt>
   <trkpt lon="-4.493466" lat="36.753941"><ele>140.9</ele></trkpt>
   <trkpt lon="-4.493578" lat="36.754117"><ele>141.3</ele></trkpt>
   <trkpt lon="-4.493684" lat="36.754253"><ele>141.8</ele></trkpt>
   <trkpt lon="-4.494020" lat="36.754638"><ele>142.5</ele></trkpt>
   <trkpt lon="-4.494329" lat="36.755010"><ele>141.9</ele></trkpt>
   <trkpt lon="-4.494466" lat="36.755173"><ele>142.3</ele></trkpt>
   <trkpt lon="-4.494624" lat="36.755382"><ele>143.1</ele></trkpt>
   <trkpt lon="-4.494736" lat="36.755573"><ele>143.7</ele></trkpt>
   <trkpt lon="-4.495057" lat="36.756341"><ele>144.5</ele></trkpt>
   <trkpt lon="-4.495133" lat="36.756507"><ele>144.1</ele></trkpt>
   <trkpt lon="-4.495421" lat="36.757143"><ele>142.7</ele></trkpt>
   <trkpt lon="-4.495687" lat="36.757800"><ele>141.4</ele></trkpt>
   <trkpt lon="-4.495727" lat="36.757843"><ele>140.7</ele></trkpt>
   <trkpt lon="-4.495819" lat="36.757946"><ele>139.6</ele></trkpt>
   <trkpt lon="-4.496370" lat="36.758307"><ele>136.6</ele></trkpt>
   <trkpt lon="-4.496641" lat="36.758533"><ele>133.5</ele></trkpt>
   <trkpt lon="-4.496817" lat="36.758847"><ele>130.6</ele></trkpt>
   <trkpt lon="-4.496940" lat="36.759168"><ele>129.5</ele></trkpt>
   <trkpt lon="-4.497014" lat="36.759395"><ele>128.6</ele></trkpt>
   <trkpt lon="-4.497052" lat="36.759569"><ele>128.0</ele></trkpt>
   <trkpt lon="-4.497078" lat="36.759677"><ele>127.4</ele></trkpt>
   <trkpt lon="-4.497095" lat="36.759762"><ele>127.0</ele></trkpt>
   <trkpt lon="-4.497113" lat="36.759851"><ele>126.6</ele></trkpt>
   <trkpt lon="-4.497133" lat="36.759952"><ele>126.1</ele></trkpt>
   <trkpt lon="-4.497159" lat="36.760079"><ele>125.5</ele></trkpt>
   <trkpt lon="-4.497204" lat="36.760469"><ele>124.3</ele></trkpt>
   <trkpt lon="-4.497208" lat="36.760625"><ele>124.5</ele></trkpt>
   <trkpt lon="-4.497214" lat="36.760963"><ele>125.7</ele></trkpt>
   <trkpt lon="-4.497155" lat="36.761212"><ele>127.2</ele></trkpt>
   <trkpt lon="-4.497078" lat="36.761415"><ele>126.7</ele></trkpt>
   <trkpt lon="-4.496995" lat="36.761614"><ele>128.0</ele></trkpt>
   <trkpt lon="-4.496985" lat="36.761638"><ele>128.5</ele></trkpt>
   <trkpt lon="-4.496972" lat="36.761670"><ele>129.2</ele></trkpt>
   <trkpt lon="-4.496990" lat="36.761675"><ele>129.1</ele></trkpt>
   <trkpt lon="-4.496989" lat="36.761806"><ele>131.4</ele></trkpt>
   <trkpt lon="-4.497063" lat="36.762206"><ele>138.0</ele></trkpt>
   <trkpt lon="-4.497143" lat="36.762296"><ele>136.7</ele></trkpt>
   <trkpt lon="-4.497240" lat="36.762374"><ele>135.1</ele></trkpt>
   <trkpt lon="-4.497356" lat="36.762523"><ele>134.5</ele></trkpt>
   <trkpt lon="-4.497424" lat="36.762653"><ele>135.5</ele></trkpt>
   <trkpt lon="-4.497467" lat="36.762769"><ele>137.0</ele></trkpt>
   <trkpt lon="-4.497557" lat="36.763033"><ele>139.9</ele></trkpt>
   <trkpt lon="-4.497769" lat="36.763406"><ele>139.5</ele></trkpt>
   <trkpt lon="-4.497775" lat="36.763509"><ele>140.6</ele></trkpt>
   <trkpt lon="-4.497742" lat="36.763622"><ele>142.2</ele></trkpt>
   <trkpt lon="-4.497658" lat="36.763716"><ele>144.0</ele></trkpt>
   <trkpt lon="-4.497296" lat="36.763961"><ele>152.5</ele></trkpt>
   <trkpt lon="-4.497017" lat="36.764227"><ele>156.0</ele></trkpt>
   <trkpt lon="-4.496811" lat="36.764450"><ele>157.4</ele></trkpt>
   <trkpt lon="-4.496675" lat="36.764614"><ele>156.3</ele></trkpt>
   <trkpt lon="-4.496650" lat="36.764683"><ele>155.6</ele></trkpt>
   <trkpt lon="-4.496604" lat="36.764895"><ele>152.7</ele></trkpt>
   <trkpt lon="-4.496562" lat="36.765008"><ele>151.3</ele></trkpt>
   <trkpt lon="-4.496470" lat="36.765097"><ele>150.8</ele></trkpt>
   <trkpt lon="-4.496304" lat="36.765173"><ele>150.8</ele></trkpt>
   <trkpt lon="-4.496074" lat="36.765224"><ele>150.7</ele></trkpt>
   <trkpt lon="-4.495704" lat="36.765269"><ele>147.2</ele></trkpt>
   <trkpt lon="-4.495140" lat="36.765273"><ele>138.5</ele></trkpt>
   <trkpt lon="-4.494940" lat="36.765311"><ele>136.1</ele></trkpt>
   <trkpt lon="-4.494841" lat="36.765368"><ele>136.2</ele></trkpt>
   <trkpt lon="-4.494796" lat="36.765452"><ele>136.2</ele></trkpt>
   <trkpt lon="-4.494809" lat="36.765513"><ele>135.9</ele></trkpt>
   <trkpt lon="-4.494814" lat="36.765537"><ele>135.8</ele></trkpt>
   <trkpt lon="-4.494865" lat="36.765628"><ele>134.9</ele></trkpt>
   <trkpt lon="-4.495036" lat="36.765763"><ele>134.1</ele></trkpt>
   <trkpt lon="-4.495383" lat="36.765864"><ele>133.2</ele></trkpt>
   <trkpt lon="-4.495523" lat="36.765971"><ele>132.2</ele></trkpt>
   <trkpt lon="-4.495524" lat="36.766066"><ele>132.1</ele></trkpt>
   <trkpt lon="-4.495354" lat="36.766213"><ele>133.2</ele></trkpt>
   <trkpt lon="-4.495349" lat="36.766305"><ele>132.8</ele></trkpt>
   <trkpt lon="-4.495438" lat="36.766351"><ele>131.5</ele></trkpt>
   <trkpt lon="-4.495817" lat="36.766274"><ele>129.7</ele></trkpt>
   <trkpt lon="-4.496676" lat="36.766456"><ele>121.9</ele></trkpt>
   <trkpt lon="-4.496923" lat="36.766560"><ele>119.7</ele></trkpt>
   <trkpt lon="-4.496998" lat="36.766653"><ele>117.0</ele></trkpt>
   <trkpt lon="-4.497015" lat="36.766757"><ele>115.4</ele></trkpt>
   <trkpt lon="-4.496987" lat="36.766896"><ele>113.5</ele></trkpt>
   <trkpt lon="-4.496935" lat="36.767249"><ele>116.1</ele></trkpt>
   <trkpt lon="-4.496970" lat="36.767512"><ele>118.8</ele></trkpt>
   <trkpt lon="-4.496924" lat="36.767701"><ele>121.1</ele></trkpt>
   <trkpt lon="-4.496785" lat="36.767775"><ele>122.1</ele></trkpt>
   <trkpt lon="-4.496509" lat="36.767740"><ele>124.0</ele></trkpt>
   <trkpt lon="-4.496258" lat="36.767764"><ele>125.5</ele></trkpt>
   <trkpt lon="-4.496005" lat="36.767995"><ele>125.2</ele></trkpt>
   <trkpt lon="-4.495849" lat="36.768138"><ele>125.7</ele></trkpt>
   <trkpt lon="-4.495613" lat="36.768390"><ele>125.0</ele></trkpt>
   <trkpt lon="-4.495545" lat="36.768676"><ele>128.1</ele></trkpt>
   <trkpt lon="-4.495711" lat="36.768979"><ele>128.1</ele></trkpt>
   <trkpt lon="-4.495989" lat="36.769229"><ele>123.5</ele></trkpt>
   <trkpt lon="-4.496168" lat="36.769479"><ele>124.6</ele></trkpt>
   <trkpt lon="-4.496159" lat="36.769768"><ele>128.6</ele></trkpt>
   <trkpt lon="-4.495993" lat="36.769963"><ele>130.6</ele></trkpt>
   <trkpt lon="-4.495373" lat="36.770153"><ele>140.1</ele></trkpt>
   <trkpt lon="-4.495133" lat="36.770349"><ele>136.0</ele></trkpt>
   <trkpt lon="-4.494952" lat="36.770612"><ele>132.3</ele></trkpt>
   <trkpt lon="-4.494454" lat="36.771291"><ele>135.1</ele></trkpt>
   <trkpt lon="-4.494088" lat="36.771470"><ele>137.8</ele></trkpt>
   <trkpt lon="-4.493915" lat="36.771553"><ele>138.8</ele></trkpt>
   <trkpt lon="-4.493688" lat="36.771658"><ele>139.4</ele></trkpt>
   <trkpt lon="-4.493420" lat="36.771847"><ele>141.7</ele></trkpt>
   <trkpt lon="-4.493326" lat="36.772095"><ele>139.4</ele></trkpt>
   <trkpt lon="-4.493316" lat="36.772341"><ele>138.4</ele></trkpt>
   <trkpt lon="-4.493256" lat="36.772585"><ele>141.4</ele></trkpt>
   <trkpt lon="-4.493207" lat="36.772803"><ele>145.6</ele></trkpt>
   <trkpt lon="-4.493155" lat="36.772998"><ele>149.1</ele></trkpt>
   <trkpt lon="-4.492996" lat="36.773326"><ele>154.9</ele></trkpt>
   <trkpt lon="-4.492977" lat="36.773559"><ele>155.4</ele></trkpt>
   <trkpt lon="-4.493090" lat="36.773766"><ele>153.0</ele></trkpt>
   <trkpt lon="-4.493555" lat="36.774010"><ele>145.6</ele></trkpt>
   <trkpt lon="-4.493667" lat="36.774222"><ele>148.9</ele></trkpt>
   <trkpt lon="-4.493600" lat="36.774740"><ele>155.2</ele></trkpt>
   <trkpt lon="-4.493385" lat="36.775166"><ele>161.9</ele></trkpt>
   <trkpt lon="-4.493390" lat="36.775326"><ele>163.2</ele></trkpt>
   <trkpt lon="-4.493562" lat="36.775667"><ele>159.9</ele></trkpt>
   <trkpt lon="-4.493552" lat="36.776014"><ele>158.7</ele></trkpt>
   <trkpt lon="-4.493551" lat="36.776024"><ele>158.6</ele></trkpt>
   <trkpt lon="-4.493546" lat="36.776224"><ele>156.4</ele></trkpt>
   <trkpt lon="-4.493541" lat="36.776325"><ele>157.5</ele></trkpt>
   <trkpt lon="-4.493587" lat="36.777082"><ele>168.7</ele></trkpt>
   <trkpt lon="-4.493434" lat="36.777464"><ele>172.5</ele></trkpt>
   <trkpt lon="-4.493115" lat="36.777769"><ele>174.9</ele></trkpt>
   <trkpt lon="-4.492826" lat="36.777979"><ele>177.5</ele></trkpt>
   <trkpt lon="-4.492761" lat="36.778073"><ele>177.7</ele></trkpt>
   <trkpt lon="-4.492688" lat="36.778206"><ele>177.2</ele></trkpt>
   <trkpt lon="-4.492642" lat="36.778481"><ele>176.3</ele></trkpt>
   <trkpt lon="-4.492609" lat="36.778675"><ele>175.6</ele></trkpt>
   <trkpt lon="-4.492433" lat="36.778863"><ele>175.7</ele></trkpt>
   <trkpt lon="-4.491899" lat="36.779071"><ele>175.9</ele></trkpt>
   <trkpt lon="-4.491754" lat="36.779144"><ele>174.4</ele></trkpt>
   <trkpt lon="-4.491695" lat="36.779250"><ele>171.5</ele></trkpt>
   <trkpt lon="-4.491789" lat="36.779336"><ele>168.2</ele></trkpt>
   <trkpt lon="-4.492033" lat="36.779332"><ele>166.0</ele></trkpt>
   <trkpt lon="-4.492282" lat="36.779274"><ele>164.7</ele></trkpt>
   <trkpt lon="-4.492520" lat="36.779283"><ele>162.3</ele></trkpt>
   <trkpt lon="-4.492759" lat="36.779311"><ele>159.7</ele></trkpt>
   <trkpt lon="-4.492903" lat="36.779360"><ele>157.7</ele></trkpt>
   <trkpt lon="-4.493047" lat="36.779487"><ele>155.1</ele></trkpt>
   <trkpt lon="-4.493087" lat="36.780022"><ele>142.9</ele></trkpt>
   <trkpt lon="-4.493165" lat="36.780227"><ele>140.9</ele></trkpt>
   <trkpt lon="-4.493388" lat="36.780422"><ele>140.3</ele></trkpt>
   <trkpt lon="-4.493633" lat="36.780545"><ele>140.9</ele></trkpt>
   <trkpt lon="-4.494598" lat="36.780639"><ele>139.1</ele></trkpt>
   <trkpt lon="-4.494812" lat="36.780731"><ele>129.0</ele></trkpt>
   <trkpt lon="-4.494994" lat="36.780864"><ele>129.0</ele></trkpt>
   <trkpt lon="-4.495192" lat="36.780895"><ele>129.0</ele></trkpt>
   <trkpt lon="-4.495483" lat="36.780942"><ele>128.3</ele></trkpt>
   <trkpt lon="-4.496089" lat="36.781039"><ele>124.6</ele></trkpt>
   <trkpt lon="-4.496421" lat="36.781149"><ele>125.9</ele></trkpt>
   <trkpt lon="-4.496646" lat="36.781363"><ele>128.4</ele></trkpt>
   <trkpt lon="-4.496845" lat="36.781527"><ele>131.6</ele></trkpt>
   <trkpt lon="-4.496977" lat="36.781579"><ele>130.7</ele></trkpt>
   <trkpt lon="-4.497161" lat="36.781552"><ele>127.3</ele></trkpt>
   <trkpt lon="-4.497722" lat="36.781341"><ele>119.1</ele></trkpt>
   <trkpt lon="-4.498015" lat="36.781327"><ele>120.5</ele></trkpt>
   <trkpt lon="-4.498182" lat="36.781334"><ele>120.7</ele></trkpt>
   <trkpt lon="-4.498334" lat="36.781376"><ele>122.5</ele></trkpt>
   <trkpt lon="-4.498544" lat="36.781511"><ele>128.6</ele></trkpt>
   <trkpt lon="-4.498742" lat="36.781686"><ele>133.0</ele></trkpt>
   <trkpt lon="-4.499020" lat="36.781835"><ele>128.8</ele></trkpt>
   <trkpt lon="-4.499140" lat="36.781918"><ele>127.4</ele></trkpt>
   <trkpt lon="-4.499197" lat="36.781984"><ele>127.8</ele></trkpt>
   <trkpt lon="-4.499229" lat="36.782050"><ele>128.4</ele></trkpt>
   <trkpt lon="-4.499197" lat="36.782172"><ele>130.1</ele></trkpt>
   <trkpt lon="-4.499091" lat="36.782385"><ele>133.3</ele></trkpt>
   <trkpt lon="-4.499039" lat="36.782545"><ele>131.5</ele></trkpt>
   <trkpt lon="-4.498992" lat="36.782582"><ele>131.6</ele></trkpt>
   <trkpt lon="-4.498959" lat="36.782607"><ele>131.6</ele></trkpt>
   <trkpt lon="-4.498815" lat="36.782660"><ele>132.7</ele></trkpt>
   <trkpt lon="-4.498719" lat="36.782728"><ele>133.0</ele></trkpt>
   <trkpt lon="-4.498705" lat="36.782799"><ele>132.5</ele></trkpt>
   <trkpt lon="-4.498770" lat="36.782846"><ele>130.6</ele></trkpt>
   <trkpt lon="-4.499229" lat="36.782941"><ele>122.1</ele></trkpt>
   <trkpt lon="-4.499418" lat="36.782992"><ele>119.0</ele></trkpt>
   <trkpt lon="-4.499672" lat="36.783092"><ele>116.0</ele></trkpt>
   <trkpt lon="-4.499917" lat="36.783291"><ele>115.7</ele></trkpt>
   <trkpt lon="-4.500050" lat="36.783419"><ele>114.7</ele></trkpt>
   <trkpt lon="-4.500095" lat="36.783589"><ele>116.1</ele></trkpt>
   <trkpt lon="-4.500012" lat="36.783740"><ele>119.8</ele></trkpt>
   <trkpt lon="-4.499862" lat="36.783839"><ele>120.7</ele></trkpt>
   <trkpt lon="-4.499572" lat="36.783896"><ele>126.3</ele></trkpt>
   <trkpt lon="-4.499355" lat="36.784009"><ele>129.7</ele></trkpt>
   <trkpt lon="-4.498816" lat="36.784529"><ele>121.7</ele></trkpt>
   <trkpt lon="-4.498603" lat="36.784567"><ele>121.3</ele></trkpt>
   <trkpt lon="-4.498306" lat="36.784488"><ele>125.5</ele></trkpt>
   <trkpt lon="-4.498166" lat="36.784468"><ele>126.9</ele></trkpt>
   <trkpt lon="-4.498076" lat="36.784539"><ele>127.1</ele></trkpt>
   <trkpt lon="-4.498091" lat="36.784664"><ele>125.2</ele></trkpt>
   <trkpt lon="-4.498310" lat="36.784951"><ele>120.4</ele></trkpt>
   <trkpt lon="-4.498364" lat="36.785107"><ele>119.8</ele></trkpt>
   <trkpt lon="-4.498296" lat="36.785280"><ele>118.5</ele></trkpt>
   <trkpt lon="-4.498049" lat="36.785404"><ele>119.1</ele></trkpt>
   <trkpt lon="-4.497745" lat="36.785433"><ele>120.2</ele></trkpt>
   <trkpt lon="-4.497549" lat="36.785517"><ele>121.7</ele></trkpt>
   <trkpt lon="-4.497461" lat="36.785673"><ele>118.0</ele></trkpt>
   <trkpt lon="-4.497299" lat="36.786175"><ele>112.8</ele></trkpt>
   <trkpt lon="-4.497235" lat="36.786278"><ele>113.2</ele></trkpt>
   <trkpt lon="-4.497087" lat="36.786427"><ele>116.7</ele></trkpt>
   <trkpt lon="-4.496998" lat="36.786499"><ele>117.2</ele></trkpt>
   <trkpt lon="-4.496845" lat="36.786659"><ele>117.2</ele></trkpt>
   <trkpt lon="-4.496758" lat="36.786852"><ele>116.7</ele></trkpt>
   <trkpt lon="-4.496742" lat="36.787065"><ele>113.1</ele></trkpt>
   <trkpt lon="-4.496783" lat="36.787312"><ele>106.3</ele></trkpt>
   <trkpt lon="-4.496872" lat="36.787554"><ele>97.9</ele></trkpt>
   <trkpt lon="-4.496950" lat="36.787718"><ele>92.2</ele></trkpt>
   <trkpt lon="-4.497020" lat="36.787832"><ele>88.8</ele></trkpt>
   <trkpt lon="-4.497030" lat="36.788003"><ele>85.3</ele></trkpt>
   <trkpt lon="-4.497000" lat="36.788137"><ele>82.8</ele></trkpt>
   <trkpt lon="-4.497013" lat="36.788261"><ele>84.2</ele></trkpt>
   <trkpt lon="-4.497074" lat="36.788464"><ele>88.1</ele></trkpt>
   <trkpt lon="-4.497211" lat="36.788710"><ele>91.2</ele></trkpt>
   <trkpt lon="-4.497375" lat="36.788791"><ele>89.0</ele></trkpt>
   <trkpt lon="-4.497518" lat="36.788826"><ele>86.8</ele></trkpt>
   <trkpt lon="-4.497700" lat="36.788855"><ele>84.2</ele></trkpt>
   <trkpt lon="-4.497876" lat="36.788897"><ele>84.2</ele></trkpt>
   <trkpt lon="-4.497989" lat="36.789011"><ele>86.6</ele></trkpt>
   <trkpt lon="-4.498045" lat="36.789127"><ele>89.0</ele></trkpt>
   <trkpt lon="-4.498161" lat="36.789548"><ele>92.4</ele></trkpt>
   <trkpt lon="-4.498192" lat="36.789799"><ele>92.0</ele></trkpt>
   <trkpt lon="-4.498134" lat="36.790103"><ele>92.5</ele></trkpt>
   <trkpt lon="-4.498056" lat="36.790402"><ele>93.7</ele></trkpt>
   <trkpt lon="-4.498053" lat="36.790908"><ele>92.6</ele></trkpt>
   <trkpt lon="-4.498096" lat="36.791121"><ele>90.7</ele></trkpt>
   <trkpt lon="-4.498194" lat="36.791357"><ele>90.2</ele></trkpt>
   <trkpt lon="-4.498372" lat="36.791589"><ele>89.7</ele></trkpt>
   <trkpt lon="-4.498680" lat="36.791915"><ele>89.9</ele></trkpt>
   <trkpt lon="-4.498870" lat="36.792092"><ele>90.5</ele></trkpt>
   <trkpt lon="-4.498990" lat="36.792189"><ele>89.8</ele></trkpt>
   <trkpt lon="-4.499115" lat="36.792268"><ele>88.2</ele></trkpt>
   <trkpt lon="-4.499619" lat="36.792434"><ele>84.1</ele></trkpt>
   <trkpt lon="-4.499766" lat="36.792493"><ele>83.6</ele></trkpt>
   <trkpt lon="-4.499834" lat="36.792522"><ele>83.6</ele></trkpt>
   <trkpt lon="-4.500018" lat="36.792584"><ele>84.5</ele></trkpt>
   <trkpt lon="-4.500280" lat="36.792719"><ele>87.8</ele></trkpt>
   <trkpt lon="-4.500377" lat="36.792802"><ele>89.5</ele></trkpt>
   <trkpt lon="-4.500457" lat="36.792913"><ele>91.4</ele></trkpt>
   <trkpt lon="-4.500601" lat="36.793354"><ele>96.4</ele></trkpt>
   <trkpt lon="-4.500753" lat="36.794244"><ele>103.1</ele></trkpt>
   <trkpt lon="-4.500922" lat="36.795393"><ele>113.8</ele></trkpt>
   <trkpt lon="-4.500839" lat="36.795455"><ele>115.7</ele></trkpt>
   <trkpt lon="-4.500395" lat="36.796213"><ele>121.6</ele></trkpt>
   <trkpt lon="-4.500160" lat="36.796347"><ele>122.1</ele></trkpt>
   <trkpt lon="-4.499506" lat="36.796240"><ele>128.4</ele></trkpt>
   <trkpt lon="-4.499225" lat="36.796267"><ele>128.6</ele></trkpt>
   <trkpt lon="-4.498948" lat="36.796438"><ele>124.3</ele></trkpt>
   <trkpt lon="-4.498682" lat="36.796451"><ele>123.1</ele></trkpt>
   <trkpt lon="-4.498547" lat="36.796339"><ele>125.4</ele></trkpt>
   <trkpt lon="-4.498526" lat="36.796098"><ele>130.0</ele></trkpt>
   <trkpt lon="-4.498381" lat="36.795965"><ele>131.5</ele></trkpt>
   <trkpt lon="-4.498112" lat="36.795929"><ele>131.5</ele></trkpt>
   <trkpt lon="-4.497977" lat="36.796012"><ele>132.3</ele></trkpt>
   <trkpt lon="-4.497887" lat="36.796255"><ele>132.1</ele></trkpt>
   <trkpt lon="-4.497553" lat="36.796346"><ele>134.2</ele></trkpt>
   <trkpt lon="-4.497218" lat="36.796285"><ele>137.6</ele></trkpt>
   <trkpt lon="-4.497006" lat="36.796311"><ele>140.7</ele></trkpt>
   <trkpt lon="-4.496721" lat="36.796541"><ele>140.8</ele></trkpt>
   <trkpt lon="-4.496566" lat="36.796583"><ele>139.6</ele></trkpt>
   <trkpt lon="-4.496038" lat="36.796468"><ele>142.9</ele></trkpt>
   <trkpt lon="-4.495696" lat="36.796453"><ele>144.6</ele></trkpt>
   <trkpt lon="-4.495437" lat="36.796387"><ele>146.4</ele></trkpt>
   <trkpt lon="-4.494982" lat="36.796499"><ele>147.4</ele></trkpt>
   <trkpt lon="-4.494603" lat="36.796489"><ele>152.1</ele></trkpt>
   <trkpt lon="-4.494381" lat="36.796603"><ele>155.3</ele></trkpt>
   <trkpt lon="-4.494156" lat="36.796912"><ele>155.1</ele></trkpt>
   <trkpt lon="-4.494072" lat="36.796939"><ele>155.6</ele></trkpt>
   <trkpt lon="-4.493996" lat="36.796964"><ele>156.2</ele></trkpt>
   <trkpt lon="-4.493472" lat="36.796954"><ele>163.7</ele></trkpt>
   <trkpt lon="-4.492955" lat="36.797190"><ele>170.4</ele></trkpt>
   <trkpt lon="-4.492809" lat="36.797334"><ele>169.1</ele></trkpt>
   <trkpt lon="-4.492822" lat="36.797742"><ele>162.0</ele></trkpt>
   <trkpt lon="-4.492690" lat="36.797898"><ele>159.6</ele></trkpt>
   <trkpt lon="-4.492329" lat="36.797901"><ele>158.1</ele></trkpt>
   <trkpt lon="-4.492271" lat="36.797911"><ele>157.7</ele></trkpt>
   <trkpt lon="-4.492143" lat="36.798021"><ele>156.7</ele></trkpt>
   <trkpt lon="-4.492111" lat="36.798122"><ele>157.0</ele></trkpt>
   <trkpt lon="-4.492168" lat="36.798243"><ele>158.1</ele></trkpt>
   <trkpt lon="-4.492401" lat="36.798359"><ele>159.2</ele></trkpt>
   <trkpt lon="-4.492649" lat="36.798378"><ele>158.7</ele></trkpt>
   <trkpt lon="-4.492873" lat="36.798364"><ele>157.9</ele></trkpt>
   <trkpt lon="-4.493001" lat="36.798423"><ele>158.4</ele></trkpt>
   <trkpt lon="-4.493022" lat="36.798519"><ele>161.4</ele></trkpt>
   <trkpt lon="-4.492801" lat="36.798779"><ele>170.6</ele></trkpt>
   <trkpt lon="-4.492778" lat="36.799062"><ele>176.2</ele></trkpt>
   <trkpt lon="-4.492444" lat="36.799282"><ele>181.1</ele></trkpt>
   <trkpt lon="-4.492433" lat="36.799308"><ele>181.7</ele></trkpt>
   <trkpt lon="-4.492349" lat="36.799518"><ele>186.0</ele></trkpt>
   <trkpt lon="-4.492450" lat="36.799804"><ele>185.0</ele></trkpt>
   <trkpt lon="-4.492965" lat="36.800318"><ele>187.8</ele></trkpt>
   <trkpt lon="-4.493076" lat="36.800511"><ele>190.3</ele></trkpt>
   <trkpt lon="-4.493093" lat="36.800614"><ele>191.8</ele></trkpt>
   <trkpt lon="-4.493077" lat="36.800710"><ele>193.5</ele></trkpt>
   <trkpt lon="-4.492938" lat="36.801049"><ele>199.0</ele></trkpt>
   <trkpt lon="-4.492913" lat="36.801455"><ele>196.9</ele></trkpt>
   <trkpt lon="-4.492850" lat="36.801561"><ele>196.2</ele></trkpt>
   <trkpt lon="-4.492734" lat="36.801695"><ele>195.6</ele></trkpt>
   <trkpt lon="-4.492324" lat="36.801902"><ele>197.3</ele></trkpt>
   <trkpt lon="-4.491705" lat="36.802361"><ele>191.5</ele></trkpt>
   <trkpt lon="-4.491235" lat="36.803208"><ele>184.3</ele></trkpt>
   <trkpt lon="-4.490978" lat="36.803422"><ele>184.5</ele></trkpt>
   <trkpt lon="-4.490779" lat="36.803901"><ele>178.8</ele></trkpt>
   <trkpt lon="-4.490397" lat="36.804451"><ele>183.1</ele></trkpt>
   <trkpt lon="-4.490395" lat="36.804880"><ele>177.9</ele></trkpt>
   <trkpt lon="-4.490235" lat="36.805287"><ele>178.9</ele></trkpt>
   <trkpt lon="-4.490190" lat="36.805616"><ele>177.5</ele></trkpt>
   <trkpt lon="-4.490313" lat="36.806048"><ele>173.5</ele></trkpt>
   <trkpt lon="-4.490294" lat="36.806313"><ele>175.0</ele></trkpt>
   <trkpt lon="-4.490064" lat="36.806753"><ele>179.4</ele></trkpt>
   <trkpt lon="-4.490068" lat="36.807021"><ele>174.8</ele></trkpt>
   <trkpt lon="-4.490335" lat="36.808259"><ele>147.5</ele></trkpt>
   <trkpt lon="-4.490383" lat="36.808479"><ele>158.4</ele></trkpt>
   <trkpt lon="-4.490624" lat="36.808789"><ele>173.2</ele></trkpt>
   <trkpt lon="-4.490659" lat="36.809065"><ele>183.1</ele></trkpt>
   <trkpt lon="-4.490531" lat="36.809300"><ele>193.4</ele></trkpt>
   <trkpt lon="-4.490549" lat="36.809501"><ele>193.4</ele></trkpt>
   <trkpt lon="-4.490565" lat="36.809678"><ele>192.9</ele></trkpt>
   <trkpt lon="-4.490617" lat="36.809735"><ele>192.0</ele></trkpt>
   <trkpt lon="-4.490856" lat="36.810000"><ele>189.7</ele></trkpt>
   <trkpt lon="-4.490861" lat="36.810365"><ele>198.6</ele></trkpt>
   <trkpt lon="-4.491102" lat="36.810919"><ele>196.9</ele></trkpt>
   <trkpt lon="-4.490759" lat="36.811330"><ele>212.3</ele></trkpt>
   <trkpt lon="-4.490521" lat="36.811721"><ele>225.2</ele></trkpt>
   <trkpt lon="-4.490140" lat="36.812111"><ele>234.3</ele></trkpt>
   <trkpt lon="-4.490007" lat="36.812437"><ele>235.8</ele></trkpt>
   <trkpt lon="-4.489811" lat="36.813470"><ele>229.3</ele></trkpt>
   <trkpt lon="-4.489362" lat="36.814197"><ele>233.7</ele></trkpt>
   <trkpt lon="-4.489292" lat="36.814466"><ele>228.7</ele></trkpt>
   <trkpt lon="-4.489442" lat="36.814968"><ele>223.4</ele></trkpt>
   <trkpt lon="-4.489373" lat="36.815367"><ele>227.5</ele></trkpt>
   <trkpt lon="-4.489605" lat="36.816051"><ele>223.5</ele></trkpt>
   <trkpt lon="-4.489504" lat="36.816637"><ele>223.7</ele></trkpt>
   <trkpt lon="-4.489199" lat="36.817524"><ele>220.6</ele></trkpt>
   <trkpt lon="-4.488720" lat="36.817896"><ele>222.2</ele></trkpt>
   <trkpt lon="-4.488658" lat="36.818093"><ele>216.6</ele></trkpt>
   <trkpt lon="-4.488658" lat="36.818247"><ele>211.3</ele></trkpt>
   <trkpt lon="-4.488998" lat="36.818529"><ele>203.3</ele></trkpt>
   <trkpt lon="-4.489996" lat="36.818808"><ele>209.3</ele></trkpt>
   <trkpt lon="-4.491089" lat="36.818822"><ele>208.6</ele></trkpt>
   <trkpt lon="-4.491464" lat="36.818791"><ele>210.5</ele></trkpt>
   <trkpt lon="-4.491764" lat="36.818691"><ele>211.3</ele></trkpt>
   <trkpt lon="-4.493625" lat="36.817944"><ele>221.8</ele></trkpt>
   <trkpt lon="-4.494636" lat="36.817734"><ele>236.1</ele></trkpt>
   <trkpt lon="-4.495047" lat="36.817840"><ele>241.9</ele></trkpt>
   <trkpt lon="-4.495195" lat="36.817970"><ele>242.1</ele></trkpt>
   <trkpt lon="-4.495236" lat="36.818414"><ele>245.1</ele></trkpt>
   <trkpt lon="-4.494993" lat="36.819106"><ele>240.0</ele></trkpt>
   <trkpt lon="-4.494731" lat="36.819830"><ele>231.7</ele></trkpt>
   <trkpt lon="-4.494768" lat="36.820051"><ele>227.2</ele></trkpt>
   <trkpt lon="-4.494861" lat="36.820242"><ele>223.0</ele></trkpt>
   <trkpt lon="-4.495254" lat="36.820503"><ele>214.3</ele></trkpt>
   <trkpt lon="-4.495899" lat="36.820482"><ele>204.2</ele></trkpt>
   <trkpt lon="-4.496388" lat="36.820571"><ele>200.3</ele></trkpt>
   <trkpt lon="-4.496933" lat="36.820404"><ele>191.3</ele></trkpt>
   <trkpt lon="-4.497218" lat="36.820473"><ele>193.3</ele></trkpt>
   <trkpt lon="-4.497435" lat="36.820737"><ele>195.1</ele></trkpt>
   <trkpt lon="-4.497778" lat="36.820960"><ele>188.1</ele></trkpt>
   <trkpt lon="-4.498217" lat="36.820895"><ele>182.4</ele></trkpt>
   <trkpt lon="-4.498714" lat="36.820586"><ele>173.8</ele></trkpt>
   <trkpt lon="-4.499289" lat="36.820487"><ele>170.4</ele></trkpt>
   <trkpt lon="-4.499830" lat="36.820624"><ele>172.5</ele></trkpt>
   <trkpt lon="-4.500168" lat="36.820834"><ele>173.7</ele></trkpt>
   <trkpt lon="-4.501063" lat="36.821798"><ele>176.3</ele></trkpt>
   <trkpt lon="-4.501173" lat="36.822229"><ele>180.0</ele></trkpt>
   <trkpt lon="-4.501037" lat="36.822568"><ele>183.3</ele></trkpt>
   <trkpt lon="-4.500559" lat="36.823109"><ele>183.9</ele></trkpt>
   <trkpt lon="-4.500618" lat="36.823532"><ele>170.4</ele></trkpt>
   <trkpt lon="-4.500977" lat="36.823748"><ele>164.0</ele></trkpt>
   <trkpt lon="-4.501294" lat="36.823775"><ele>164.4</ele></trkpt>
   <trkpt lon="-4.501572" lat="36.823667"><ele>162.1</ele></trkpt>
   <trkpt lon="-4.501936" lat="36.823392"><ele>162.0</ele></trkpt>
   <trkpt lon="-4.502184" lat="36.823342"><ele>167.2</ele></trkpt>
   <trkpt lon="-4.502421" lat="36.823406"><ele>173.9</ele></trkpt>
   <trkpt lon="-4.502589" lat="36.823525"><ele>178.9</ele></trkpt>
   <trkpt lon="-4.503459" lat="36.824405"><ele>201.1</ele></trkpt>
   <trkpt lon="-4.504075" lat="36.825232"><ele>208.9</ele></trkpt>
   <trkpt lon="-4.504125" lat="36.825397"><ele>212.1</ele></trkpt>
   <trkpt lon="-4.504104" lat="36.825566"><ele>213.2</ele></trkpt>
   <trkpt lon="-4.503998" lat="36.825876"><ele>213.3</ele></trkpt>
   <trkpt lon="-4.503591" lat="36.826465"><ele>210.2</ele></trkpt>
   <trkpt lon="-4.503525" lat="36.826748"><ele>205.0</ele></trkpt>
   <trkpt lon="-4.503602" lat="36.827705"><ele>197.0</ele></trkpt>
   <trkpt lon="-4.503996" lat="36.828321"><ele>169.2</ele></trkpt>
   <trkpt lon="-4.504356" lat="36.828573"><ele>167.6</ele></trkpt>
   <trkpt lon="-4.504613" lat="36.828754"><ele>169.9</ele></trkpt>
   <trkpt lon="-4.505240" lat="36.828878"><ele>166.6</ele></trkpt>
   <trkpt lon="-4.505846" lat="36.828847"><ele>163.1</ele></trkpt>
   <trkpt lon="-4.506427" lat="36.828656"><ele>163.3</ele></trkpt>
   <trkpt lon="-4.506672" lat="36.828451"><ele>163.3</ele></trkpt>
   <trkpt lon="-4.506851" lat="36.828220"><ele>163.2</ele></trkpt>
   <trkpt lon="-4.507044" lat="36.827867"><ele>162.4</ele></trkpt>
   <trkpt lon="-4.507127" lat="36.827239"><ele>160.8</ele></trkpt>
   <trkpt lon="-4.507132" lat="36.825995"><ele>156.3</ele></trkpt>
   <trkpt lon="-4.507248" lat="36.825837"><ele>156.5</ele></trkpt>
   <trkpt lon="-4.507427" lat="36.825741"><ele>156.8</ele></trkpt>
   <trkpt lon="-4.507771" lat="36.825730"><ele>157.4</ele></trkpt>
   <trkpt lon="-4.508125" lat="36.825827"><ele>161.3</ele></trkpt>
   <trkpt lon="-4.508402" lat="36.825998"><ele>167.7</ele></trkpt>
   <trkpt lon="-4.508754" lat="36.826137"><ele>166.3</ele></trkpt>
   <trkpt lon="-4.508832" lat="36.826267"><ele>170.3</ele></trkpt>
   <trkpt lon="-4.508860" lat="36.826658"><ele>179.7</ele></trkpt>
   <trkpt lon="-4.508779" lat="36.827086"><ele>183.2</ele></trkpt>
   <trkpt lon="-4.508604" lat="36.827402"><ele>188.8</ele></trkpt>
   <trkpt lon="-4.508607" lat="36.827621"><ele>188.5</ele></trkpt>
   <trkpt lon="-4.508542" lat="36.827790"><ele>191.3</ele></trkpt>
   <trkpt lon="-4.508610" lat="36.828033"><ele>187.5</ele></trkpt>
   <trkpt lon="-4.508753" lat="36.828193"><ele>182.1</ele></trkpt>
   <trkpt lon="-4.509119" lat="36.828270"><ele>169.9</ele></trkpt>
   <trkpt lon="-4.509481" lat="36.828410"><ele>166.7</ele></trkpt>
   <trkpt lon="-4.510797" lat="36.828403"><ele>164.8</ele></trkpt>
   <trkpt lon="-4.511578" lat="36.828247"><ele>165.0</ele></trkpt>
   <trkpt lon="-4.512006" lat="36.828234"><ele>166.2</ele></trkpt>
   <trkpt lon="-4.513124" lat="36.828358"><ele>170.6</ele></trkpt>
   <trkpt lon="-4.513923" lat="36.828487"><ele>167.3</ele></trkpt>
   <trkpt lon="-4.514320" lat="36.828435"><ele>163.9</ele></trkpt>
   <trkpt lon="-4.514785" lat="36.828461"><ele>165.2</ele></trkpt>
   <trkpt lon="-4.515260" lat="36.828524"><ele>167.6</ele></trkpt>
   <trkpt lon="-4.515409" lat="36.828475"><ele>167.1</ele></trkpt>
   <trkpt lon="-4.515985" lat="36.828107"><ele>167.2</ele></trkpt>
   <trkpt lon="-4.516666" lat="36.827823"><ele>169.5</ele></trkpt>
   <trkpt lon="-4.517345" lat="36.827470"><ele>171.2</ele></trkpt>
   <trkpt lon="-4.518615" lat="36.826417"><ele>174.5</ele></trkpt>
   <trkpt lon="-4.519041" lat="36.826252"><ele>175.3</ele></trkpt>
   <trkpt lon="-4.519477" lat="36.826255"><ele>175.7</ele></trkpt>
   <trkpt lon="-4.520365" lat="36.826489"><ele>177.1</ele></trkpt>
   <trkpt lon="-4.520641" lat="36.826634"><ele>178.4</ele></trkpt>
   <trkpt lon="-4.520841" lat="36.826933"><ele>181.8</ele></trkpt>
   <trkpt lon="-4.520817" lat="36.827211"><ele>184.1</ele></trkpt>
   <trkpt lon="-4.520572" lat="36.827439"><ele>187.9</ele></trkpt>
   <trkpt lon="-4.519444" lat="36.827769"><ele>198.4</ele></trkpt>
   <trkpt lon="-4.518818" lat="36.828052"><ele>196.5</ele></trkpt>
   <trkpt lon="-4.518529" lat="36.828331"><ele>196.2</ele></trkpt>
   <trkpt lon="-4.518349" lat="36.829045"><ele>193.4</ele></trkpt>
   <trkpt lon="-4.518501" lat="36.829365"><ele>185.9</ele></trkpt>
   <trkpt lon="-4.518604" lat="36.830558"><ele>187.9</ele></trkpt>
   <trkpt lon="-4.518677" lat="36.830812"><ele>188.2</ele></trkpt>
   <trkpt lon="-4.518891" lat="36.831499"><ele>194.3</ele></trkpt>
   <trkpt lon="-4.518746" lat="36.831907"><ele>203.0</ele></trkpt>
   <trkpt lon="-4.518728" lat="36.832101"><ele>203.4</ele></trkpt>
   <trkpt lon="-4.519017" lat="36.832432"><ele>196.3</ele></trkpt>
   <trkpt lon="-4.519452" lat="36.832730"><ele>192.0</ele></trkpt>
   <trkpt lon="-4.519814" lat="36.832842"><ele>188.2</ele></trkpt>
   <trkpt lon="-4.520258" lat="36.832692"><ele>180.2</ele></trkpt>
   <trkpt lon="-4.520513" lat="36.832666"><ele>178.8</ele></trkpt>
   <trkpt lon="-4.522646" lat="36.833651"><ele>188.4</ele></trkpt>
   <trkpt lon="-4.523182" lat="36.833969"><ele>189.6</ele></trkpt>
   <trkpt lon="-4.523296" lat="36.834099"><ele>190.9</ele></trkpt>
   <trkpt lon="-4.523441" lat="36.834381"><ele>193.9</ele></trkpt>
   <trkpt lon="-4.523598" lat="36.834599"><ele>194.3</ele></trkpt>
   <trkpt lon="-4.523860" lat="36.835166"><ele>199.2</ele></trkpt>
   <trkpt lon="-4.523868" lat="36.835288"><ele>200.9</ele></trkpt>
   <trkpt lon="-4.523952" lat="36.835391"><ele>200.0</ele></trkpt>
   <trkpt lon="-4.524528" lat="36.835855"><ele>196.6</ele></trkpt>
   <trkpt lon="-4.524779" lat="36.835965"><ele>191.2</ele></trkpt>
   <trkpt lon="-4.525113" lat="36.836024"><ele>192.5</ele></trkpt>
   <trkpt lon="-4.525293" lat="36.836146"><ele>194.8</ele></trkpt>
   <trkpt lon="-4.525363" lat="36.836264"><ele>197.4</ele></trkpt>
   <trkpt lon="-4.525431" lat="36.836598"><ele>201.4</ele></trkpt>
   <trkpt lon="-4.525356" lat="36.836866"><ele>203.7</ele></trkpt>
   <trkpt lon="-4.524953" lat="36.837248"><ele>207.0</ele></trkpt>
   <trkpt lon="-4.524781" lat="36.837429"><ele>205.7</ele></trkpt>
   <trkpt lon="-4.524287" lat="36.838360"><ele>220.6</ele></trkpt>
   <trkpt lon="-4.523901" lat="36.838635"><ele>223.0</ele></trkpt>
   <trkpt lon="-4.523772" lat="36.839184"><ele>224.7</ele></trkpt>
   <trkpt lon="-4.523625" lat="36.839453"><ele>226.5</ele></trkpt>
   <trkpt lon="-4.522744" lat="36.840216"><ele>228.7</ele></trkpt>
   <trkpt lon="-4.522173" lat="36.840479"><ele>233.8</ele></trkpt>
   <trkpt lon="-4.522121" lat="36.840879"><ele>228.7</ele></trkpt>
   <trkpt lon="-4.521398" lat="36.841437"><ele>235.3</ele></trkpt>
   <trkpt lon="-4.521242" lat="36.841475"><ele>235.0</ele></trkpt>
   <trkpt lon="-4.520926" lat="36.841454"><ele>240.9</ele></trkpt>
   <trkpt lon="-4.520704" lat="36.841527"><ele>241.9</ele></trkpt>
   <trkpt lon="-4.520310" lat="36.841934"><ele>234.6</ele></trkpt>
   <trkpt lon="-4.520249" lat="36.842064"><ele>230.6</ele></trkpt>
   <trkpt lon="-4.519739" lat="36.842588"><ele>229.6</ele></trkpt>
   <trkpt lon="-4.519353" lat="36.843360"><ele>232.9</ele></trkpt>
   <trkpt lon="-4.519353" lat="36.843545"><ele>233.4</ele></trkpt>
   <trkpt lon="-4.519519" lat="36.843896"><ele>231.7</ele></trkpt>
   <trkpt lon="-4.519592" lat="36.844120"><ele>232.0</ele></trkpt>
   <trkpt lon="-4.519653" lat="36.845383"><ele>236.4</ele></trkpt>
   <trkpt lon="-4.519660" lat="36.845528"><ele>235.8</ele></trkpt>
   <trkpt lon="-4.519721" lat="36.845646"><ele>233.6</ele></trkpt>
   <trkpt lon="-4.520053" lat="36.845742"><ele>225.3</ele></trkpt>
   <trkpt lon="-4.520519" lat="36.845931"><ele>225.0</ele></trkpt>
   <trkpt lon="-4.521053" lat="36.846190"><ele>228.6</ele></trkpt>
   <trkpt lon="-4.521321" lat="36.846139"><ele>222.5</ele></trkpt>
   <trkpt lon="-4.521526" lat="36.846137"><ele>221.3</ele></trkpt>
   <trkpt lon="-4.521717" lat="36.846288"><ele>226.4</ele></trkpt>
   <trkpt lon="-4.521792" lat="36.846448"><ele>233.6</ele></trkpt>
   <trkpt lon="-4.521796" lat="36.846774"><ele>240.8</ele></trkpt>
   <trkpt lon="-4.521720" lat="36.846923"><ele>243.5</ele></trkpt>
   <trkpt lon="-4.521499" lat="36.847145"><ele>245.5</ele></trkpt>
   <trkpt lon="-4.521426" lat="36.847274"><ele>243.7</ele></trkpt>
   <trkpt lon="-4.521582" lat="36.847937"><ele>220.3</ele></trkpt>
   <trkpt lon="-4.521936" lat="36.848219"><ele>226.0</ele></trkpt>
   <trkpt lon="-4.522356" lat="36.848762"><ele>236.7</ele></trkpt>
   <trkpt lon="-4.522478" lat="36.848863"><ele>237.1</ele></trkpt>
   <trkpt lon="-4.522969" lat="36.849032"><ele>236.2</ele></trkpt>
   <trkpt lon="-4.523705" lat="36.849268"><ele>237.0</ele></trkpt>
   <trkpt lon="-4.524244" lat="36.849333"><ele>235.7</ele></trkpt>
   <trkpt lon="-4.524463" lat="36.849394"><ele>238.0</ele></trkpt>
   <trkpt lon="-4.524924" lat="36.849750"><ele>247.8</ele></trkpt>
   <trkpt lon="-4.525589" lat="36.850281"><ele>260.4</ele></trkpt>
   <trkpt lon="-4.526172" lat="36.850544"><ele>260.1</ele></trkpt>
   <trkpt lon="-4.526478" lat="36.850821"><ele>268.3</ele></trkpt>
   <trkpt lon="-4.526629" lat="36.850874"><ele>267.3</ele></trkpt>
   <trkpt lon="-4.527341" lat="36.850757"><ele>260.6</ele></trkpt>
   <trkpt lon="-4.527433" lat="36.850712"><ele>260.4</ele></trkpt>
   <trkpt lon="-4.527544" lat="36.850541"><ele>258.6</ele></trkpt>
   <trkpt lon="-4.527624" lat="36.850522"><ele>261.0</ele></trkpt>
   <trkpt lon="-4.527660" lat="36.850555"><ele>263.2</ele></trkpt>
   <trkpt lon="-4.527566" lat="36.850775"><ele>266.1</ele></trkpt>
   <trkpt lon="-4.527496" lat="36.850833"><ele>266.1</ele></trkpt>
   <trkpt lon="-4.526082" lat="36.851203"><ele>295.9</ele></trkpt>
   <trkpt lon="-4.525899" lat="36.851292"><ele>305.4</ele></trkpt>
   <trkpt lon="-4.525764" lat="36.851429"><ele>306.4</ele></trkpt>
   <trkpt lon="-4.525533" lat="36.851536"><ele>307.8</ele></trkpt>
   <trkpt lon="-4.525269" lat="36.851709"><ele>308.4</ele></trkpt>
   <trkpt lon="-4.525095" lat="36.851862"><ele>306.2</ele></trkpt>
   <trkpt lon="-4.524401" lat="36.852145"><ele>317.9</ele></trkpt>
   <trkpt lon="-4.524282" lat="36.852396"><ele>317.5</ele></trkpt>
   <trkpt lon="-4.524273" lat="36.852933"><ele>312.8</ele></trkpt>
   <trkpt lon="-4.524063" lat="36.853181"><ele>317.8</ele></trkpt>
   <trkpt lon="-4.523926" lat="36.853732"><ele>318.0</ele></trkpt>
   <trkpt lon="-4.523878" lat="36.853909"><ele>316.9</ele></trkpt>
   <trkpt lon="-4.523507" lat="36.854076"><ele>318.7</ele></trkpt>
   <trkpt lon="-4.523332" lat="36.854079"><ele>320.2</ele></trkpt>
   <trkpt lon="-4.523040" lat="36.853955"><ele>328.4</ele></trkpt>
   <trkpt lon="-4.522880" lat="36.853953"><ele>332.3</ele></trkpt>
   <trkpt lon="-4.522479" lat="36.854153"><ele>339.1</ele></trkpt>
   <trkpt lon="-4.522383" lat="36.854288"><ele>340.7</ele></trkpt>
   <trkpt lon="-4.522376" lat="36.854779"><ele>339.5</ele></trkpt>
   <trkpt lon="-4.522027" lat="36.855140"><ele>344.5</ele></trkpt>
   <trkpt lon="-4.521673" lat="36.855268"><ele>349.6</ele></trkpt>
   <trkpt lon="-4.521239" lat="36.855504"><ele>353.5</ele></trkpt>
   <trkpt lon="-4.521063" lat="36.855655"><ele>353.6</ele></trkpt>
   <trkpt lon="-4.520951" lat="36.855924"><ele>356.2</ele></trkpt>
   <trkpt lon="-4.520971" lat="36.856130"><ele>357.1</ele></trkpt>
   <trkpt lon="-4.521178" lat="36.856369"><ele>350.4</ele></trkpt>
   <trkpt lon="-4.521229" lat="36.856498"><ele>349.7</ele></trkpt>
   <trkpt lon="-4.521204" lat="36.856588"><ele>351.5</ele></trkpt>
   <trkpt lon="-4.520918" lat="36.856745"><ele>362.2</ele></trkpt>
   <trkpt lon="-4.520814" lat="36.856885"><ele>364.8</ele></trkpt>
   <trkpt lon="-4.520818" lat="36.857078"><ele>364.1</ele></trkpt>
   <trkpt lon="-4.520735" lat="36.857298"><ele>364.6</ele></trkpt>
   <trkpt lon="-4.520493" lat="36.857490"><ele>364.6</ele></trkpt>
   <trkpt lon="-4.520329" lat="36.857548"><ele>362.3</ele></trkpt>
   <trkpt lon="-4.520081" lat="36.857466"><ele>364.3</ele></trkpt>
   <trkpt lon="-4.519715" lat="36.857173"><ele>370.9</ele></trkpt>
   <trkpt lon="-4.519350" lat="36.856985"><ele>379.3</ele></trkpt>
   <trkpt lon="-4.519313" lat="36.856919"><ele>380.8</ele></trkpt>
   <trkpt lon="-4.519406" lat="36.856870"><ele>380.5</ele></trkpt>
   <trkpt lon="-4.520080" lat="36.857191"><ele>370.3</ele></trkpt>
   <trkpt lon="-4.520176" lat="36.857176"><ele>371.1</ele></trkpt>
   <trkpt lon="-4.520174" lat="36.857106"><ele>372.6</ele></trkpt>
   <trkpt lon="-4.519614" lat="36.856700"><ele>382.6</ele></trkpt>
   <trkpt lon="-4.518857" lat="36.856469"><ele>384.5</ele></trkpt>
   <trkpt lon="-4.518543" lat="36.856439"><ele>381.0</ele></trkpt>
   <trkpt lon="-4.518149" lat="36.856418"><ele>381.4</ele></trkpt>
   <trkpt lon="-4.517505" lat="36.856212"><ele>374.5</ele></trkpt>
   <trkpt lon="-4.517245" lat="36.856155"><ele>369.9</ele></trkpt>
   <trkpt lon="-4.517077" lat="36.856202"><ele>367.1</ele></trkpt>
   <trkpt lon="-4.516994" lat="36.856324"><ele>367.8</ele></trkpt>
   <trkpt lon="-4.516963" lat="36.856698"><ele>370.8</ele></trkpt>
   <trkpt lon="-4.516570" lat="36.857328"><ele>366.1</ele></trkpt>
   <trkpt lon="-4.516603" lat="36.857571"><ele>369.5</ele></trkpt>
   <trkpt lon="-4.516587" lat="36.857654"><ele>369.5</ele></trkpt>
   <trkpt lon="-4.516308" lat="36.857917"><ele>364.5</ele></trkpt>
   <trkpt lon="-4.516198" lat="36.858721"><ele>367.9</ele></trkpt>
   <trkpt lon="-4.515999" lat="36.858977"><ele>371.8</ele></trkpt>
   <trkpt lon="-4.515818" lat="36.859305"><ele>383.1</ele></trkpt>
   <trkpt lon="-4.515843" lat="36.859833"><ele>399.7</ele></trkpt>
   <trkpt lon="-4.515702" lat="36.860761"><ele>412.7</ele></trkpt>
   <trkpt lon="-4.515140" lat="36.861672"><ele>434.2</ele></trkpt>
   <trkpt lon="-4.515159" lat="36.862053"><ele>419.5</ele></trkpt>
   <trkpt lon="-4.514751" lat="36.862640"><ele>410.1</ele></trkpt>
   <trkpt lon="-4.514361" lat="36.862752"><ele>417.6</ele></trkpt>
   <trkpt lon="-4.514236" lat="36.862913"><ele>415.4</ele></trkpt>
   <trkpt lon="-4.514244" lat="36.863163"><ele>407.2</ele></trkpt>
   <trkpt lon="-4.513805" lat="36.863575"><ele>410.4</ele></trkpt>
   <trkpt lon="-4.513694" lat="36.863909"><ele>399.7</ele></trkpt>
   <trkpt lon="-4.513315" lat="36.864300"><ele>405.1</ele></trkpt>
   <trkpt lon="-4.513364" lat="36.864482"><ele>400.3</ele></trkpt>
   <trkpt lon="-4.513767" lat="36.864770"><ele>384.9</ele></trkpt>
   <trkpt lon="-4.514157" lat="36.865203"><ele>382.2</ele></trkpt>
   <trkpt lon="-4.514513" lat="36.865961"><ele>382.0</ele></trkpt>
   <trkpt lon="-4.514899" lat="36.866533"><ele>374.4</ele></trkpt>
   <trkpt lon="-4.515190" lat="36.866742"><ele>367.0</ele></trkpt>
   <trkpt lon="-4.515484" lat="36.866920"><ele>362.1</ele></trkpt>
   <trkpt lon="-4.515514" lat="36.867040"><ele>364.6</ele></trkpt>
   <trkpt lon="-4.515418" lat="36.867151"><ele>365.1</ele></trkpt>
   <trkpt lon="-4.515075" lat="36.867275"><ele>365.5</ele></trkpt>
   <trkpt lon="-4.514766" lat="36.867284"><ele>365.9</ele></trkpt>
   <trkpt lon="-4.514447" lat="36.867213"><ele>370.1</ele></trkpt>
   <trkpt lon="-4.514301" lat="36.867240"><ele>371.2</ele></trkpt>
   <trkpt lon="-4.513960" lat="36.867485"><ele>366.8</ele></trkpt>
   <trkpt lon="-4.513920" lat="36.867635"><ele>362.9</ele></trkpt>
   <trkpt lon="-4.513965" lat="36.867732"><ele>361.1</ele></trkpt>
   <trkpt lon="-4.514340" lat="36.867936"><ele>359.9</ele></trkpt>
   <trkpt lon="-4.514490" lat="36.868066"><ele>380.7</ele></trkpt>
   <trkpt lon="-4.514682" lat="36.868196"><ele>373.4</ele></trkpt>
   <trkpt lon="-4.514902" lat="36.868309"><ele>365.5</ele></trkpt>
   <trkpt lon="-4.514952" lat="36.868385"><ele>363.9</ele></trkpt>
   <trkpt lon="-4.514942" lat="36.868528"><ele>369.4</ele></trkpt>
   <trkpt lon="-4.514871" lat="36.868707"><ele>379.1</ele></trkpt>
   <trkpt lon="-4.514834" lat="36.868878"><ele>381.6</ele></trkpt>
   <trkpt lon="-4.514973" lat="36.869011"><ele>375.8</ele></trkpt>
   <trkpt lon="-4.515406" lat="36.869176"><ele>362.4</ele></trkpt>
   <trkpt lon="-4.515614" lat="36.869318"><ele>361.4</ele></trkpt>
   <trkpt lon="-4.515689" lat="36.869441"><ele>363.7</ele></trkpt>
   <trkpt lon="-4.515739" lat="36.869622"><ele>365.3</ele></trkpt>
   <trkpt lon="-4.515767" lat="36.869722"><ele>366.2</ele></trkpt>
   <trkpt lon="-4.515736" lat="36.869850"><ele>366.6</ele></trkpt>
   <trkpt lon="-4.515191" lat="36.870415"><ele>369.9</ele></trkpt>
   <trkpt lon="-4.515142" lat="36.870546"><ele>367.4</ele></trkpt>
   <trkpt lon="-4.515168" lat="36.870828"><ele>360.9</ele></trkpt>
   <trkpt lon="-4.515161" lat="36.870956"><ele>361.1</ele></trkpt>
   <trkpt lon="-4.515187" lat="36.871208"><ele>359.2</ele></trkpt>
   <trkpt lon="-4.515264" lat="36.871331"><ele>356.4</ele></trkpt>
   <trkpt lon="-4.515375" lat="36.871369"><ele>354.6</ele></trkpt>
   <trkpt lon="-4.515687" lat="36.871336"><ele>352.6</ele></trkpt>
   <trkpt lon="-4.515795" lat="36.871370"><ele>352.8</ele></trkpt>
   <trkpt lon="-4.515853" lat="36.871432"><ele>353.7</ele></trkpt>
   <trkpt lon="-4.515851" lat="36.871887"><ele>360.2</ele></trkpt>
   <trkpt lon="-4.515788" lat="36.871939"><ele>360.1</ele></trkpt>
   <trkpt lon="-4.515239" lat="36.872209"><ele>365.9</ele></trkpt>
   <trkpt lon="-4.515129" lat="36.872336"><ele>367.2</ele></trkpt>
   <trkpt lon="-4.515110" lat="36.872472"><ele>367.6</ele></trkpt>
   <trkpt lon="-4.515378" lat="36.872643"><ele>359.4</ele></trkpt>
   <trkpt lon="-4.515737" lat="36.872674"><ele>352.0</ele></trkpt>
   <trkpt lon="-4.515935" lat="36.872724"><ele>349.3</ele></trkpt>
   <trkpt lon="-4.516033" lat="36.872804"><ele>348.7</ele></trkpt>
   <trkpt lon="-4.516059" lat="36.872947"><ele>351.6</ele></trkpt>
   <trkpt lon="-4.515991" lat="36.873192"><ele>359.3</ele></trkpt>
   <trkpt lon="-4.516190" lat="36.873499"><ele>359.9</ele></trkpt>
   <trkpt lon="-4.516230" lat="36.873616"><ele>359.0</ele></trkpt>
   <trkpt lon="-4.516188" lat="36.873699"><ele>360.6</ele></trkpt>
   <trkpt lon="-4.515663" lat="36.873991"><ele>374.6</ele></trkpt>
   <trkpt lon="-4.515356" lat="36.874473"><ele>378.3</ele></trkpt>
   <trkpt lon="-4.515356" lat="36.874621"><ele>376.8</ele></trkpt>
   <trkpt lon="-4.515454" lat="36.874711"><ele>373.5</ele></trkpt>
   <trkpt lon="-4.516554" lat="36.874663"><ele>356.3</ele></trkpt>
   <trkpt lon="-4.516623" lat="36.874731"><ele>359.1</ele></trkpt>
   <trkpt lon="-4.516563" lat="36.875125"><ele>378.1</ele></trkpt>
   <trkpt lon="-4.516345" lat="36.875535"><ele>392.1</ele></trkpt>
   <trkpt lon="-4.516259" lat="36.875866"><ele>390.6</ele></trkpt>
   <trkpt lon="-4.515895" lat="36.876037"><ele>398.5</ele></trkpt>
   <trkpt lon="-4.515865" lat="36.876138"><ele>397.4</ele></trkpt>
   <trkpt lon="-4.515885" lat="36.876254"><ele>394.5</ele></trkpt>
   <trkpt lon="-4.516086" lat="36.876556"><ele>385.7</ele></trkpt>
   <trkpt lon="-4.516057" lat="36.876800"><ele>386.3</ele></trkpt>
   <trkpt lon="-4.516101" lat="36.876987"><ele>383.9</ele></trkpt>
   <trkpt lon="-4.516016" lat="36.877159"><ele>382.1</ele></trkpt>
   <trkpt lon="-4.515477" lat="36.877344"><ele>385.8</ele></trkpt>
   <trkpt lon="-4.514631" lat="36.877917"><ele>380.2</ele></trkpt>
   <trkpt lon="-4.513773" lat="36.878809"><ele>373.7</ele></trkpt>
   <trkpt lon="-4.512958" lat="36.879702"><ele>382.7</ele></trkpt>
   <trkpt lon="-4.512228" lat="36.880629"><ele>381.2</ele></trkpt>
   <trkpt lon="-4.511820" lat="36.881045"><ele>383.4</ele></trkpt>
   <trkpt lon="-4.511639" lat="36.881520"><ele>386.1</ele></trkpt>
   <trkpt lon="-4.511628" lat="36.881730"><ele>387.6</ele></trkpt>
   <trkpt lon="-4.511605" lat="36.882542"><ele>389.2</ele></trkpt>
   <trkpt lon="-4.511334" lat="36.883033"><ele>386.9</ele></trkpt>
   <trkpt lon="-4.511332" lat="36.883191"><ele>384.6</ele></trkpt>
   <trkpt lon="-4.511375" lat="36.883332"><ele>382.2</ele></trkpt>
   <trkpt lon="-4.511452" lat="36.883473"><ele>380.9</ele></trkpt>
   <trkpt lon="-4.512011" lat="36.884053"><ele>379.5</ele></trkpt>
   <trkpt lon="-4.512280" lat="36.884239"><ele>377.9</ele></trkpt>
   <trkpt lon="-4.512628" lat="36.884382"><ele>376.4</ele></trkpt>
   <trkpt lon="-4.513411" lat="36.884655"><ele>374.3</ele></trkpt>
   <trkpt lon="-4.513990" lat="36.884805"><ele>371.7</ele></trkpt>
   <trkpt lon="-4.514089" lat="36.884898"><ele>371.9</ele></trkpt>
   <trkpt lon="-4.514126" lat="36.884946"><ele>372.2</ele></trkpt>
   <trkpt lon="-4.514246" lat="36.884906"><ele>371.1</ele></trkpt>
   <trkpt lon="-4.514396" lat="36.884891"><ele>370.2</ele></trkpt>
   <trkpt lon="-4.514556" lat="36.884901"><ele>369.5</ele></trkpt>
   <trkpt lon="-4.514804" lat="36.884957"><ele>368.8</ele></trkpt>
   <trkpt lon="-4.514958" lat="36.885034"><ele>369.1</ele></trkpt>
   <trkpt lon="-4.514990" lat="36.885102"><ele>369.9</ele></trkpt>
   <trkpt lon="-4.514974" lat="36.885213"><ele>370.0</ele></trkpt>
   <trkpt lon="-4.514906" lat="36.885312"><ele>370.4</ele></trkpt>
   <trkpt lon="-4.514436" lat="36.885685"><ele>369.5</ele></trkpt>
   <trkpt lon="-4.513394" lat="36.886087"><ele>366.0</ele></trkpt>
   <trkpt lon="-4.513317" lat="36.886146"><ele>364.8</ele></trkpt>
   <trkpt lon="-4.513278" lat="36.886203"><ele>363.8</ele></trkpt>
   <trkpt lon="-4.513256" lat="36.886272"><ele>362.6</ele></trkpt>
   <trkpt lon="-4.513286" lat="36.886374"><ele>360.8</ele></trkpt>
   <trkpt lon="-4.513359" lat="36.886456"><ele>359.4</ele></trkpt>
   <trkpt lon="-4.513468" lat="36.886512"><ele>358.9</ele></trkpt>
   <trkpt lon="-4.513684" lat="36.886541"><ele>358.0</ele></trkpt>
   <trkpt lon="-4.513836" lat="36.886589"><ele>357.8</ele></trkpt>
   <trkpt lon="-4.513976" lat="36.886657"><ele>357.8</ele></trkpt>
   <trkpt lon="-4.514260" lat="36.886898"><ele>359.9</ele></trkpt>
   <trkpt lon="-4.514515" lat="36.887149"><ele>361.9</ele></trkpt>
   <trkpt lon="-4.514565" lat="36.887252"><ele>362.8</ele></trkpt>
   <trkpt lon="-4.514576" lat="36.887386"><ele>363.8</ele></trkpt>
   <trkpt lon="-4.514432" lat="36.887843"><ele>365.3</ele></trkpt>
   <trkpt lon="-4.514419" lat="36.887932"><ele>365.4</ele></trkpt>
   <trkpt lon="-4.514450" lat="36.888124"><ele>365.3</ele></trkpt>
   <trkpt lon="-4.514584" lat="36.888484"><ele>364.4</ele></trkpt>
   <trkpt lon="-4.514679" lat="36.888673"><ele>363.6</ele></trkpt>
   <trkpt lon="-4.514836" lat="36.888915"><ele>362.1</ele></trkpt>
   <trkpt lon="-4.515023" lat="36.889146"><ele>361.8</ele></trkpt>
   <trkpt lon="-4.515206" lat="36.889322"><ele>362.2</ele></trkpt>
   <trkpt lon="-4.515307" lat="36.889400"><ele>362.2</ele></trkpt>
   <trkpt lon="-4.515453" lat="36.889553"><ele>362.7</ele></trkpt>
   <trkpt lon="-4.515556" lat="36.889693"><ele>364.1</ele></trkpt>
   <trkpt lon="-4.515620" lat="36.889839"><ele>365.8</ele></trkpt>
   <trkpt lon="-4.515816" lat="36.890474"><ele>369.5</ele></trkpt>
   <trkpt lon="-4.515824" lat="36.890749"><ele>370.8</ele></trkpt>
   <trkpt lon="-4.515760" lat="36.890916"><ele>371.8</ele></trkpt>
   <trkpt lon="-4.515559" lat="36.891220"><ele>371.8</ele></trkpt>
   <trkpt lon="-4.515481" lat="36.891343"><ele>371.2</ele></trkpt>
   <trkpt lon="-4.515446" lat="36.891463"><ele>370.2</ele></trkpt>
   <trkpt lon="-4.515427" lat="36.891605"><ele>368.9</ele></trkpt>
   <trkpt lon="-4.515417" lat="36.891821"><ele>367.7</ele></trkpt>
   <trkpt lon="-4.515462" lat="36.892244"><ele>364.5</ele></trkpt>
   <trkpt lon="-4.515512" lat="36.892484"><ele>363.4</ele></trkpt>
   <trkpt lon="-4.515568" lat="36.892655"><ele>362.5</ele></trkpt>
   <trkpt lon="-4.515637" lat="36.892815"><ele>361.7</ele></trkpt>
   <trkpt lon="-4.515730" lat="36.892987"><ele>360.8</ele></trkpt>
   <trkpt lon="-4.515818" lat="36.893117"><ele>361.0</ele></trkpt>
   <trkpt lon="-4.516149" lat="36.893425"><ele>361.3</ele></trkpt>
   <trkpt lon="-4.517008" lat="36.894218"><ele>361.3</ele></trkpt>
   <trkpt lon="-4.517331" lat="36.894487"><ele>361.6</ele></trkpt>
   <trkpt lon="-4.517889" lat="36.894873"><ele>362.2</ele></trkpt>
   <trkpt lon="-4.518409" lat="36.895188"><ele>363.8</ele></trkpt>
   <trkpt lon="-4.520441" lat="36.896386"><ele>367.3</ele></trkpt>
   <trkpt lon="-4.522301" lat="36.897505"><ele>370.4</ele></trkpt>
   <trkpt lon="-4.522686" lat="36.897706"><ele>371.6</ele></trkpt>
   <trkpt lon="-4.523068" lat="36.897940"><ele>373.9</ele></trkpt>
   <trkpt lon="-4.523861" lat="36.898511"><ele>377.6</ele></trkpt>
   <trkpt lon="-4.524033" lat="36.898612"><ele>377.5</ele></trkpt>
   <trkpt lon="-4.524231" lat="36.898669"><ele>376.0</ele></trkpt>
   <trkpt lon="-4.524372" lat="36.898684"><ele>374.2</ele></trkpt>
   <trkpt lon="-4.525533" lat="36.898511"><ele>372.6</ele></trkpt>
   <trkpt lon="-4.525850" lat="36.898519"><ele>372.9</ele></trkpt>
   <trkpt lon="-4.526045" lat="36.898546"><ele>373.4</ele></trkpt>
   <trkpt lon="-4.526338" lat="36.898599"><ele>375.1</ele></trkpt>
   <trkpt lon="-4.526832" lat="36.898745"><ele>377.1</ele></trkpt>
   <trkpt lon="-4.526961" lat="36.898801"><ele>378.0</ele></trkpt>
   <trkpt lon="-4.527042" lat="36.898860"><ele>379.0</ele></trkpt>
   <trkpt lon="-4.527106" lat="36.898959"><ele>380.3</ele></trkpt>
   <trkpt lon="-4.527165" lat="36.899137"><ele>382.3</ele></trkpt>
   <trkpt lon="-4.527165" lat="36.899314"><ele>386.2</ele></trkpt>
   <trkpt lon="-4.526864" lat="36.901000"><ele>394.1</ele></trkpt>
   <trkpt lon="-4.526791" lat="36.901405"><ele>395.5</ele></trkpt>
   <trkpt lon="-4.526710" lat="36.901857"><ele>397.7</ele></trkpt>
   <trkpt lon="-4.526666" lat="36.902060"><ele>398.2</ele></trkpt>
   <trkpt lon="-4.526588" lat="36.902265"><ele>399.0</ele></trkpt>
   <trkpt lon="-4.526516" lat="36.902385"><ele>399.5</ele></trkpt>
   <trkpt lon="-4.525852" lat="36.903491"><ele>404.8</ele></trkpt>
   <trkpt lon="-4.525795" lat="36.903650"><ele>404.9</ele></trkpt>
   <trkpt lon="-4.525763" lat="36.903816"><ele>404.3</ele></trkpt>
   <trkpt lon="-4.525748" lat="36.903982"><ele>404.0</ele></trkpt>
   <trkpt lon="-4.525889" lat="36.904499"><ele>406.0</ele></trkpt>
   <trkpt lon="-4.525889" lat="36.904648"><ele>407.6</ele></trkpt>
   <trkpt lon="-4.525864" lat="36.904783"><ele>409.2</ele></trkpt>
   <trkpt lon="-4.525816" lat="36.904906"><ele>411.2</ele></trkpt>
   <trkpt lon="-4.525663" lat="36.905161"><ele>414.4</ele></trkpt>
   <trkpt lon="-4.525416" lat="36.905537"><ele>418.6</ele></trkpt>
   <trkpt lon="-4.525195" lat="36.905830"><ele>419.8</ele></trkpt>
   <trkpt lon="-4.524648" lat="36.906488"><ele>421.0</ele></trkpt>
   <trkpt lon="-4.524374" lat="36.906789"><ele>420.1</ele></trkpt>
   <trkpt lon="-4.524147" lat="36.907046"><ele>420.5</ele></trkpt>
   <trkpt lon="-4.523898" lat="36.907382"><ele>421.5</ele></trkpt>
   <trkpt lon="-4.523296" lat="36.908178"><ele>417.4</ele></trkpt>
   <trkpt lon="-4.523008" lat="36.909738"><ele>422.0</ele></trkpt>
   <trkpt lon="-4.523013" lat="36.909972"><ele>421.2</ele></trkpt>
   <trkpt lon="-4.523043" lat="36.910114"><ele>420.9</ele></trkpt>
   <trkpt lon="-4.523383" lat="36.911276"><ele>417.5</ele></trkpt>
   <trkpt lon="-4.523442" lat="36.911591"><ele>415.4</ele></trkpt>
   <trkpt lon="-4.523465" lat="36.911871"><ele>413.3</ele></trkpt>
   <trkpt lon="-4.523493" lat="36.912638"><ele>414.2</ele></trkpt>
   <trkpt lon="-4.523427" lat="36.912579"><ele>414.8</ele></trkpt>
   <trkpt lon="-4.523395" lat="36.912500"><ele>414.9</ele></trkpt>
   <trkpt lon="-4.523372" lat="36.912393"><ele>414.6</ele></trkpt>
   <trkpt lon="-4.523320" lat="36.912298"><ele>414.1</ele></trkpt>
   <trkpt lon="-4.523256" lat="36.912229"><ele>413.8</ele></trkpt>
   <trkpt lon="-4.523189" lat="36.912202"><ele>413.9</ele></trkpt>
   <trkpt lon="-4.523136" lat="36.912193"><ele>414.1</ele></trkpt>
   <trkpt lon="-4.523095" lat="36.912193"><ele>414.3</ele></trkpt>
   <trkpt lon="-4.523041" lat="36.912206"><ele>414.6</ele></trkpt>
   <trkpt lon="-4.522971" lat="36.912236"><ele>415.0</ele></trkpt>
   <trkpt lon="-4.522896" lat="36.912307"><ele>415.3</ele></trkpt>
   <trkpt lon="-4.522843" lat="36.912405"><ele>415.5</ele></trkpt>
   <trkpt lon="-4.522623" lat="36.912618"><ele>417.9</ele></trkpt>
   <trkpt lon="-4.522499" lat="36.912706"><ele>418.8</ele></trkpt>
   <trkpt lon="-4.522403" lat="36.912759"><ele>419.2</ele></trkpt>
   <trkpt lon="-4.522317" lat="36.912819"><ele>419.8</ele></trkpt>
   <trkpt lon="-4.522228" lat="36.912869"><ele>420.4</ele></trkpt>
   <trkpt lon="-4.522153" lat="36.912952"><ele>421.9</ele></trkpt>
   <trkpt lon="-4.521996" lat="36.913186"><ele>426.2</ele></trkpt>
   <trkpt lon="-4.521880" lat="36.913327"><ele>428.3</ele></trkpt>
   <trkpt lon="-4.521711" lat="36.913499"><ele>430.7</ele></trkpt>
   <trkpt lon="-4.521448" lat="36.913726"><ele>434.7</ele></trkpt>
   <trkpt lon="-4.521325" lat="36.913819"><ele>436.5</ele></trkpt>
   <trkpt lon="-4.521193" lat="36.913907"><ele>438.5</ele></trkpt>
   <trkpt lon="-4.521089" lat="36.913964"><ele>439.8</ele></trkpt>
   <trkpt lon="-4.520970" lat="36.913995"><ele>440.6</ele></trkpt>
   <trkpt lon="-4.520179" lat="36.914007"><ele>440.9</ele></trkpt>
   <trkpt lon="-4.519970" lat="36.914052"><ele>441.5</ele></trkpt>
   <trkpt lon="-4.519609" lat="36.914171"><ele>445.2</ele></trkpt>
   <trkpt lon="-4.519479" lat="36.914179"><ele>445.8</ele></trkpt>
   <trkpt lon="-4.519324" lat="36.914175"><ele>445.9</ele></trkpt>
   <trkpt lon="-4.519187" lat="36.914205"><ele>446.6</ele></trkpt>
   <trkpt lon="-4.518908" lat="36.914385"><ele>450.1</ele></trkpt>
   <trkpt lon="-4.518787" lat="36.914438"><ele>451.2</ele></trkpt>
   <trkpt lon="-4.518691" lat="36.914471"><ele>452.1</ele></trkpt>
   <trkpt lon="-4.518550" lat="36.914480"><ele>452.2</ele></trkpt>
   <trkpt lon="-4.518453" lat="36.914495"><ele>452.2</ele></trkpt>
   <trkpt lon="-4.518367" lat="36.914523"><ele>452.6</ele></trkpt>
   <trkpt lon="-4.518253" lat="36.914576"><ele>453.3</ele></trkpt>
   <trkpt lon="-4.517840" lat="36.914814"><ele>460.9</ele></trkpt>
   <trkpt lon="-4.517260" lat="36.915054"><ele>465.7</ele></trkpt>
   <trkpt lon="-4.517105" lat="36.915112"><ele>464.4</ele></trkpt>
   <trkpt lon="-4.516958" lat="36.915230"><ele>463.1</ele></trkpt>
   <trkpt lon="-4.516598" lat="36.915489"><ele>460.6</ele></trkpt>
   <trkpt lon="-4.516440" lat="36.915556"><ele>460.6</ele></trkpt>
   <trkpt lon="-4.516274" lat="36.915652"><ele>461.0</ele></trkpt>
   <trkpt lon="-4.516097" lat="36.915744"><ele>461.6</ele></trkpt>
   <trkpt lon="-4.515839" lat="36.915927"><ele>463.7</ele></trkpt>
   <trkpt lon="-4.516097" lat="36.915744"><ele>461.6</ele></trkpt>
   <trkpt lon="-4.516274" lat="36.915652"><ele>461.0</ele></trkpt>
   <trkpt lon="-4.516440" lat="36.915556"><ele>460.6</ele></trkpt>
   <trkpt lon="-4.516598" lat="36.915489"><ele>460.6</ele></trkpt>
   <trkpt lon="-4.516958" lat="36.915230"><ele>463.1</ele></trkpt>
   <trkpt lon="-4.517105" lat="36.915112"><ele>464.4</ele></trkpt>
   <trkpt lon="-4.517260" lat="36.915054"><ele>465.7</ele></trkpt>
   <trkpt lon="-4.517840" lat="36.914814"><ele>460.9</ele></trkpt>
   <trkpt lon="-4.518253" lat="36.914576"><ele>453.3</ele></trkpt>
   <trkpt lon="-4.518367" lat="36.914523"><ele>452.6</ele></trkpt>
   <trkpt lon="-4.518453" lat="36.914495"><ele>452.2</ele></trkpt>
   <trkpt lon="-4.518550" lat="36.914480"><ele>452.2</ele></trkpt>
   <trkpt lon="-4.518691" lat="36.914471"><ele>452.1</ele></trkpt>
   <trkpt lon="-4.518787" lat="36.914438"><ele>451.2</ele></trkpt>
   <trkpt lon="-4.518908" lat="36.914385"><ele>450.1</ele></trkpt>
   <trkpt lon="-4.519187" lat="36.914205"><ele>446.6</ele></trkpt>
   <trkpt lon="-4.519324" lat="36.914175"><ele>445.9</ele></trkpt>
   <trkpt lon="-4.519479" lat="36.914179"><ele>445.8</ele></trkpt>
   <trkpt lon="-4.519609" lat="36.914171"><ele>445.2</ele></trkpt>
   <trkpt lon="-4.519970" lat="36.914052"><ele>441.5</ele></trkpt>
   <trkpt lon="-4.520179" lat="36.914007"><ele>440.9</ele></trkpt>
   <trkpt lon="-4.520970" lat="36.913995"><ele>440.6</ele></trkpt>
   <trkpt lon="-4.521089" lat="36.913964"><ele>439.8</ele></trkpt>
   <trkpt lon="-4.521193" lat="36.913907"><ele>438.5</ele></trkpt>
   <trkpt lon="-4.521325" lat="36.913819"><ele>436.5</ele></trkpt>
   <trkpt lon="-4.521448" lat="36.913726"><ele>434.7</ele></trkpt>
   <trkpt lon="-4.521711" lat="36.913499"><ele>430.7</ele></trkpt>
   <trkpt lon="-4.521880" lat="36.913327"><ele>428.3</ele></trkpt>
   <trkpt lon="-4.521996" lat="36.913186"><ele>426.2</ele></trkpt>
   <trkpt lon="-4.522153" lat="36.912952"><ele>421.9</ele></trkpt>
   <trkpt lon="-4.522228" lat="36.912869"><ele>420.4</ele></trkpt>
   <trkpt lon="-4.522317" lat="36.912819"><ele>419.8</ele></trkpt>
   <trkpt lon="-4.522403" lat="36.912759"><ele>419.2</ele></trkpt>
   <trkpt lon="-4.522499" lat="36.912706"><ele>418.8</ele></trkpt>
   <trkpt lon="-4.522623" lat="36.912618"><ele>417.9</ele></trkpt>
   <trkpt lon="-4.522843" lat="36.912405"><ele>415.5</ele></trkpt>
   <trkpt lon="-4.522896" lat="36.912307"><ele>415.3</ele></trkpt>
   <trkpt lon="-4.522971" lat="36.912236"><ele>415.0</ele></trkpt>
   <trkpt lon="-4.523041" lat="36.912206"><ele>414.6</ele></trkpt>
   <trkpt lon="-4.523095" lat="36.912193"><ele>414.3</ele></trkpt>
   <trkpt lon="-4.523136" lat="36.912193"><ele>414.1</ele></trkpt>
   <trkpt lon="-4.523189" lat="36.912202"><ele>413.9</ele></trkpt>
   <trkpt lon="-4.523256" lat="36.912229"><ele>413.8</ele></trkpt>
   <trkpt lon="-4.523320" lat="36.912298"><ele>414.1</ele></trkpt>
   <trkpt lon="-4.523372" lat="36.912393"><ele>414.6</ele></trkpt>
   <trkpt lon="-4.523395" lat="36.912500"><ele>414.9</ele></trkpt>
   <trkpt lon="-4.523427" lat="36.912579"><ele>414.8</ele></trkpt>
   <trkpt lon="-4.523493" lat="36.912638"><ele>414.2</ele></trkpt>
   <trkpt lon="-4.523619" lat="36.915017"><ele>416.4</ele></trkpt>
   <trkpt lon="-4.523712" lat="36.915664"><ele>420.9</ele></trkpt>
   <trkpt lon="-4.523718" lat="36.915901"><ele>423.1</ele></trkpt>
   <trkpt lon="-4.523716" lat="36.916066"><ele>424.1</ele></trkpt>
   <trkpt lon="-4.523676" lat="36.916297"><ele>425.6</ele></trkpt>
   <trkpt lon="-4.523454" lat="36.916830"><ele>427.5</ele></trkpt>
   <trkpt lon="-4.523454" lat="36.916875"><ele>427.2</ele></trkpt>
   <trkpt lon="-4.523481" lat="36.916913"><ele>426.4</ele></trkpt>
   <trkpt lon="-4.523530" lat="36.916935"><ele>425.3</ele></trkpt>
   <trkpt lon="-4.523764" lat="36.916981"><ele>421.0</ele></trkpt>
   <trkpt lon="-4.523865" lat="36.917003"><ele>419.4</ele></trkpt>
   <trkpt lon="-4.524004" lat="36.917052"><ele>417.5</ele></trkpt>
   <trkpt lon="-4.524183" lat="36.917146"><ele>416.9</ele></trkpt>
   <trkpt lon="-4.524286" lat="36.917245"><ele>417.2</ele></trkpt>
   <trkpt lon="-4.524357" lat="36.917338"><ele>417.8</ele></trkpt>
   <trkpt lon="-4.524523" lat="36.917605"><ele>420.1</ele></trkpt>
   <trkpt lon="-4.524715" lat="36.918032"><ele>422.9</ele></trkpt>
   <trkpt lon="-4.524819" lat="36.918251"><ele>429.1</ele></trkpt>
   <trkpt lon="-4.524842" lat="36.918403"><ele>429.5</ele></trkpt>
   <trkpt lon="-4.524847" lat="36.918507"><ele>429.8</ele></trkpt>
   <trkpt lon="-4.524880" lat="36.918589"><ele>430.2</ele></trkpt>
   <trkpt lon="-4.524957" lat="36.918648"><ele>430.7</ele></trkpt>
   <trkpt lon="-4.525048" lat="36.918659"><ele>430.8</ele></trkpt>
   <trkpt lon="-4.525592" lat="36.918421"><ele>435.9</ele></trkpt>
   <trkpt lon="-4.525697" lat="36.918402"><ele>436.7</ele></trkpt>
   <trkpt lon="-4.525792" lat="36.918419"><ele>437.3</ele></trkpt>
   <trkpt lon="-4.525850" lat="36.918486"><ele>438.3</ele></trkpt>
   <trkpt lon="-4.525810" lat="36.918615"><ele>439.6</ele></trkpt>
   <trkpt lon="-4.525524" lat="36.919049"><ele>441.1</ele></trkpt>
   <trkpt lon="-4.525480" lat="36.919184"><ele>442.1</ele></trkpt>
   <trkpt lon="-4.525526" lat="36.919698"><ele>447.7</ele></trkpt>
   <trkpt lon="-4.525503" lat="36.919933"><ele>449.5</ele></trkpt>
   <trkpt lon="-4.525427" lat="36.920338"><ele>452.9</ele></trkpt>
   <trkpt lon="-4.525425" lat="36.920451"><ele>453.9</ele></trkpt>
   <trkpt lon="-4.525504" lat="36.920651"><ele>456.9</ele></trkpt>
   <trkpt lon="-4.525714" lat="36.920864"><ele>461.9</ele></trkpt>
   <trkpt lon="-4.525910" lat="36.921034"><ele>465.4</ele></trkpt>
   <trkpt lon="-4.526005" lat="36.921145"><ele>466.8</ele></trkpt>
   <trkpt lon="-4.526052" lat="36.921366"><ele>467.7</ele></trkpt>
   <trkpt lon="-4.526064" lat="36.921858"><ele>470.0</ele></trkpt>
   <trkpt lon="-4.526141" lat="36.923137"><ele>481.8</ele></trkpt>
   <trkpt lon="-4.526123" lat="36.923331"><ele>483.3</ele></trkpt>
   <trkpt lon="-4.526097" lat="36.923448"><ele>484.6</ele></trkpt>
   <trkpt lon="-4.526040" lat="36.923557"><ele>485.6</ele></trkpt>
   <trkpt lon="-4.525690" lat="36.923939"><ele>487.8</ele></trkpt>
   <trkpt lon="-4.525430" lat="36.924222"><ele>489.2</ele></trkpt>
   <trkpt lon="-4.525354" lat="36.924319"><ele>489.7</ele></trkpt>
   <trkpt lon="-4.525327" lat="36.924407"><ele>490.5</ele></trkpt>
   <trkpt lon="-4.525364" lat="36.924514"><ele>492.2</ele></trkpt>
   <trkpt lon="-4.525457" lat="36.924620"><ele>494.7</ele></trkpt>
   <trkpt lon="-4.525793" lat="36.924863"><ele>500.5</ele></trkpt>
   <trkpt lon="-4.525901" lat="36.925029"><ele>502.2</ele></trkpt>
   <trkpt lon="-4.526010" lat="36.925233"><ele>503.9</ele></trkpt>
   <trkpt lon="-4.526134" lat="36.925373"><ele>505.6</ele></trkpt>
   <trkpt lon="-4.526275" lat="36.925496"><ele>507.4</ele></trkpt>
   <trkpt lon="-4.526464" lat="36.925721"><ele>509.6</ele></trkpt>
   <trkpt lon="-4.526592" lat="36.925840"><ele>511.7</ele></trkpt>
   <trkpt lon="-4.526683" lat="36.925903"><ele>513.1</ele></trkpt>
   <trkpt lon="-4.526750" lat="36.925931"><ele>514.1</ele></trkpt>
   <trkpt lon="-4.526801" lat="36.925935"><ele>514.8</ele></trkpt>
   <trkpt lon="-4.526839" lat="36.925926"><ele>515.3</ele></trkpt>
   <trkpt lon="-4.526879" lat="36.925898"><ele>515.9</ele></trkpt>
   <trkpt lon="-4.527003" lat="36.925633"><ele>517.5</ele></trkpt>
   <trkpt lon="-4.527117" lat="36.925431"><ele>518.1</ele></trkpt>
   <trkpt lon="-4.527177" lat="36.925360"><ele>518.3</ele></trkpt>
   <trkpt lon="-4.527245" lat="36.925314"><ele>518.5</ele></trkpt>
   <trkpt lon="-4.527300" lat="36.925296"><ele>518.8</ele></trkpt>
   <trkpt lon="-4.527348" lat="36.925296"><ele>519.2</ele></trkpt>
   <trkpt lon="-4.527392" lat="36.925309"><ele>519.7</ele></trkpt>
   <trkpt lon="-4.527429" lat="36.925338"><ele>520.3</ele></trkpt>
   <trkpt lon="-4.527578" lat="36.925518"><ele>522.8</ele></trkpt>
   <trkpt lon="-4.527711" lat="36.925662"><ele>524.8</ele></trkpt>
   <trkpt lon="-4.527896" lat="36.925837"><ele>527.3</ele></trkpt>
   <trkpt lon="-4.528058" lat="36.925955"><ele>529.6</ele></trkpt>
   <trkpt lon="-4.528356" lat="36.926148"><ele>533.3</ele></trkpt>
   <trkpt lon="-4.528399" lat="36.926190"><ele>533.9</ele></trkpt>
   <trkpt lon="-4.528428" lat="36.926233"><ele>534.4</ele></trkpt>
   <trkpt lon="-4.528439" lat="36.926280"><ele>534.8</ele></trkpt>
   <trkpt lon="-4.528436" lat="36.926346"><ele>535.1</ele></trkpt>
   <trkpt lon="-4.528276" lat="36.926877"><ele>538.7</ele></trkpt>
   <trkpt lon="-4.528179" lat="36.927291"><ele>540.1</ele></trkpt>
   <trkpt lon="-4.528173" lat="36.927374"><ele>540.3</ele></trkpt>
   <trkpt lon="-4.528180" lat="36.927453"><ele>540.7</ele></trkpt>
   <trkpt lon="-4.528198" lat="36.927515"><ele>541.4</ele></trkpt>
   <trkpt lon="-4.528240" lat="36.927593"><ele>542.7</ele></trkpt>
   <trkpt lon="-4.528398" lat="36.927794"><ele>547.5</ele></trkpt>
   <trkpt lon="-4.528438" lat="36.927861"><ele>548.7</ele></trkpt>
   <trkpt lon="-4.528449" lat="36.927929"><ele>549.3</ele></trkpt>
   <trkpt lon="-4.528438" lat="36.928002"><ele>549.5</ele></trkpt>
   <trkpt lon="-4.528395" lat="36.928160"><ele>550.0</ele></trkpt>
   <trkpt lon="-4.528398" lat="36.928290"><ele>551.6</ele></trkpt>
   <trkpt lon="-4.528430" lat="36.928408"><ele>553.5</ele></trkpt>
   <trkpt lon="-4.528479" lat="36.928529"><ele>555.2</ele></trkpt>
   <trkpt lon="-4.528617" lat="36.928769"><ele>557.9</ele></trkpt>
   <trkpt lon="-4.528652" lat="36.928859"><ele>559.0</ele></trkpt>
   <trkpt lon="-4.528660" lat="36.928949"><ele>559.9</ele></trkpt>
   <trkpt lon="-4.528647" lat="36.929045"><ele>560.6</ele></trkpt>
   <trkpt lon="-4.528606" lat="36.929180"><ele>561.5</ele></trkpt>
   <trkpt lon="-4.528563" lat="36.929271"><ele>562.6</ele></trkpt>
   <trkpt lon="-4.528523" lat="36.929334"><ele>563.3</ele></trkpt>
   <trkpt lon="-4.528463" lat="36.929401"><ele>564.1</ele></trkpt>
   <trkpt lon="-4.528353" lat="36.929486"><ele>565.2</ele></trkpt>
   <trkpt lon="-4.528190" lat="36.929587"><ele>566.3</ele></trkpt>
   <trkpt lon="-4.527989" lat="36.929674"><ele>567.1</ele></trkpt>
   <trkpt lon="-4.527659" lat="36.929803"><ele>567.7</ele></trkpt>
   <trkpt lon="-4.527562" lat="36.929839"><ele>567.8</ele></trkpt>
   <trkpt lon="-4.527503" lat="36.929888"><ele>568.2</ele></trkpt>
   <trkpt lon="-4.527460" lat="36.929989"><ele>569.4</ele></trkpt>
   <trkpt lon="-4.527461" lat="36.930269"><ele>573.5</ele></trkpt>
   <trkpt lon="-4.527475" lat="36.930433"><ele>576.0</ele></trkpt>
   <trkpt lon="-4.527506" lat="36.930610"><ele>578.1</ele></trkpt>
   <trkpt lon="-4.527556" lat="36.930757"><ele>579.8</ele></trkpt>
   <trkpt lon="-4.527835" lat="36.931276"><ele>588.0</ele></trkpt>
   <trkpt lon="-4.528023" lat="36.931436"><ele>590.6</ele></trkpt>
   <trkpt lon="-4.528169" lat="36.931531"><ele>592.1</ele></trkpt>
   <trkpt lon="-4.528524" lat="36.931732"><ele>595.9</ele></trkpt>
   <trkpt lon="-4.528725" lat="36.931829"><ele>597.4</ele></trkpt>
   <trkpt lon="-4.528900" lat="36.932043"><ele>600.3</ele></trkpt>
   <trkpt lon="-4.529028" lat="36.932304"><ele>603.7</ele></trkpt>
   <trkpt lon="-4.528459" lat="36.932715"><ele>608.6</ele></trkpt>
   <trkpt lon="-4.527950" lat="36.933084"><ele>610.2</ele></trkpt>
   <trkpt lon="-4.527876" lat="36.933144"><ele>610.4</ele></trkpt>
   <trkpt lon="-4.527827" lat="36.933203"><ele>610.8</ele></trkpt>
   <trkpt lon="-4.527805" lat="36.933256"><ele>611.3</ele></trkpt>
   <trkpt lon="-4.527804" lat="36.933314"><ele>612.2</ele></trkpt>
   <trkpt lon="-4.527825" lat="36.933361"><ele>613.2</ele></trkpt>
   <trkpt lon="-4.527869" lat="36.933402"><ele>614.4</ele></trkpt>
   <trkpt lon="-4.527922" lat="36.933430"><ele>615.6</ele></trkpt>
   <trkpt lon="-4.528252" lat="36.933522"><ele>621.0</ele></trkpt>
   <trkpt lon="-4.528367" lat="36.933585"><ele>623.0</ele></trkpt>
   <trkpt lon="-4.528434" lat="36.933657"><ele>624.5</ele></trkpt>
   <trkpt lon="-4.528499" lat="36.933777"><ele>626.3</ele></trkpt>
   <trkpt lon="-4.528550" lat="36.933979"><ele>628.7</ele></trkpt>
   <trkpt lon="-4.528566" lat="36.934208"><ele>631.0</ele></trkpt>
   <trkpt lon="-4.528545" lat="36.934711"><ele>635.0</ele></trkpt>
   <trkpt lon="-4.528564" lat="36.934813"><ele>635.7</ele></trkpt>
   <trkpt lon="-4.528610" lat="36.934891"><ele>636.6</ele></trkpt>
   <trkpt lon="-4.528694" lat="36.934914"><ele>637.9</ele></trkpt>
   <trkpt lon="-4.528819" lat="36.934915"><ele>639.7</ele></trkpt>
   <trkpt lon="-4.529214" lat="36.934856"><ele>641.2</ele></trkpt>
   <trkpt lon="-4.529405" lat="36.934865"><ele>642.2</ele></trkpt>
   <trkpt lon="-4.529623" lat="36.934947"><ele>644.7</ele></trkpt>
   <trkpt lon="-4.529777" lat="36.935081"><ele>648.2</ele></trkpt>
   <trkpt lon="-4.530049" lat="36.935448"><ele>656.2</ele></trkpt>
   <trkpt lon="-4.530234" lat="36.935736"><ele>661.5</ele></trkpt>
   <trkpt lon="-4.530255" lat="36.935864"><ele>663.6</ele></trkpt>
   <trkpt lon="-4.530227" lat="36.935977"><ele>665.8</ele></trkpt>
   <trkpt lon="-4.530177" lat="36.936067"><ele>667.0</ele></trkpt>
   <trkpt lon="-4.530032" lat="36.936214"><ele>668.4</ele></trkpt>
   <trkpt lon="-4.529636" lat="36.936568"><ele>669.7</ele></trkpt>
   <trkpt lon="-4.529540" lat="36.936711"><ele>669.6</ele></trkpt>
   <trkpt lon="-4.529485" lat="36.936897"><ele>669.3</ele></trkpt>
   <trkpt lon="-4.529475" lat="36.937134"><ele>670.4</ele></trkpt>
   <trkpt lon="-4.529547" lat="36.937278"><ele>673.5</ele></trkpt>
   <trkpt lon="-4.529652" lat="36.937354"><ele>676.6</ele></trkpt>
   <trkpt lon="-4.530725" lat="36.937881"><ele>690.3</ele></trkpt>
   <trkpt lon="-4.530823" lat="36.937959"><ele>691.3</ele></trkpt>
   <trkpt lon="-4.531179" lat="36.938351"><ele>696.6</ele></trkpt>
   <trkpt lon="-4.531329" lat="36.938467"><ele>698.2</ele></trkpt>
   <trkpt lon="-4.531535" lat="36.938615"><ele>700.8</ele></trkpt>
   <trkpt lon="-4.531769" lat="36.938827"><ele>703.4</ele></trkpt>
   <trkpt lon="-4.532045" lat="36.939024"><ele>706.3</ele></trkpt>
   <trkpt lon="-4.532727" lat="36.939441"><ele>714.1</ele></trkpt>
   <trkpt lon="-4.532860" lat="36.939653"><ele>716.9</ele></trkpt>
   <trkpt lon="-4.532906" lat="36.939838"><ele>719.6</ele></trkpt>
   <trkpt lon="-4.532915" lat="36.939971"><ele>721.5</ele></trkpt>
   <trkpt lon="-4.532885" lat="36.940061"><ele>722.7</ele></trkpt>
   <trkpt lon="-4.532765" lat="36.940223"><ele>724.2</ele></trkpt>
   <trkpt lon="-4.532507" lat="36.940521"><ele>725.8</ele></trkpt>
   <trkpt lon="-4.532455" lat="36.940689"><ele>727.7</ele></trkpt>
   <trkpt lon="-4.532456" lat="36.940878"><ele>730.5</ele></trkpt>
   <trkpt lon="-4.532481" lat="36.940974"><ele>732.2</ele></trkpt>
   <trkpt lon="-4.532570" lat="36.941061"><ele>734.4</ele></trkpt>
   <trkpt lon="-4.532693" lat="36.941106"><ele>736.2</ele></trkpt>
   <trkpt lon="-4.534169" lat="36.941493"><ele>752.0</ele></trkpt>
   <trkpt lon="-4.535520" lat="36.941853"><ele>764.2</ele></trkpt>
   <trkpt lon="-4.535662" lat="36.941921"><ele>766.2</ele></trkpt>
   <trkpt lon="-4.535749" lat="36.941998"><ele>768.6</ele></trkpt>
   <trkpt lon="-4.535751" lat="36.942079"><ele>770.8</ele></trkpt>
   <trkpt lon="-4.535671" lat="36.942140"><ele>772.5</ele></trkpt>
   <trkpt lon="-4.535429" lat="36.942172"><ele>773.4</ele></trkpt>
   <trkpt lon="-4.535080" lat="36.942200"><ele>774.3</ele></trkpt>
   <trkpt lon="-4.534907" lat="36.942259"><ele>776.0</ele></trkpt>
   <trkpt lon="-4.534824" lat="36.942343"><ele>778.2</ele></trkpt>
   <trkpt lon="-4.534795" lat="36.942489"><ele>781.9</ele></trkpt>
   <trkpt lon="-4.534761" lat="36.943176"><ele>788.8</ele></trkpt>
   <trkpt lon="-4.534795" lat="36.943314"><ele>789.0</ele></trkpt>
   <trkpt lon="-4.534902" lat="36.943497"><ele>790.3</ele></trkpt>
   <trkpt lon="-4.535029" lat="36.943599"><ele>791.7</ele></trkpt>
   <trkpt lon="-4.535199" lat="36.943647"><ele>793.7</ele></trkpt>
   <trkpt lon="-4.535399" lat="36.943648"><ele>795.9</ele></trkpt>
   <trkpt lon="-4.535698" lat="36.943614"><ele>798.6</ele></trkpt>
   <trkpt lon="-4.535957" lat="36.943622"><ele>800.8</ele></trkpt>
   <trkpt lon="-4.536125" lat="36.943674"><ele>802.6</ele></trkpt>
   <trkpt lon="-4.536262" lat="36.943751"><ele>805.0</ele></trkpt>
   <trkpt lon="-4.536339" lat="36.943825"><ele>807.0</ele></trkpt>
   <trkpt lon="-4.536380" lat="36.943918"><ele>808.5</ele></trkpt>
   <trkpt lon="-4.536357" lat="36.944103"><ele>811.3</ele></trkpt>
   <trkpt lon="-4.536189" lat="36.944642"><ele>816.1</ele></trkpt>
   <trkpt lon="-4.536153" lat="36.944758"><ele>817.2</ele></trkpt>
   <trkpt lon="-4.536138" lat="36.944835"><ele>818.0</ele></trkpt>
   <trkpt lon="-4.536141" lat="36.944882"><ele>818.8</ele></trkpt>
   <trkpt lon="-4.536169" lat="36.944933"><ele>820.1</ele></trkpt>
   <trkpt lon="-4.536238" lat="36.944958"><ele>821.6</ele></trkpt>
   <trkpt lon="-4.536606" lat="36.944954"><ele>826.9</ele></trkpt>
   <trkpt lon="-4.536730" lat="36.944967"><ele>828.3</ele></trkpt>
   <trkpt lon="-4.536786" lat="36.945007"><ele>829.3</ele></trkpt>
   <trkpt lon="-4.536809" lat="36.945061"><ele>830.4</ele></trkpt>
   <trkpt lon="-4.536785" lat="36.945144"><ele>831.8</ele></trkpt>
   <trkpt lon="-4.536684" lat="36.945286"><ele>833.8</ele></trkpt>
   <trkpt lon="-4.536405" lat="36.945718"><ele>836.8</ele></trkpt>
   <trkpt lon="-4.536235" lat="36.945931"><ele>838.1</ele></trkpt>
   <trkpt lon="-4.536073" lat="36.946066"><ele>839.4</ele></trkpt>
   <trkpt lon="-4.535723" lat="36.946294"><ele>841.3</ele></trkpt>
   <trkpt lon="-4.535068" lat="36.946605"><ele>838.5</ele></trkpt>
   <trkpt lon="-4.534413" lat="36.946947"><ele>841.5</ele></trkpt>
   <trkpt lon="-4.534284" lat="36.947050"><ele>842.1</ele></trkpt>
   <trkpt lon="-4.534186" lat="36.947177"><ele>843.6</ele></trkpt>
   <trkpt lon="-4.534055" lat="36.947550"><ele>845.5</ele></trkpt>
   <trkpt lon="-4.533976" lat="36.947742"><ele>847.0</ele></trkpt>
   <trkpt lon="-4.533917" lat="36.947817"><ele>847.8</ele></trkpt>
   <trkpt lon="-4.533786" lat="36.947910"><ele>848.9</ele></trkpt>
   <trkpt lon="-4.533650" lat="36.947962"><ele>849.6</ele></trkpt>
   <trkpt lon="-4.533525" lat="36.947990"><ele>850.0</ele></trkpt>
   <trkpt lon="-4.533034" lat="36.948121"><ele>851.0</ele></trkpt>
   <trkpt lon="-4.532903" lat="36.948169"><ele>851.3</ele></trkpt>
   <trkpt lon="-4.532774" lat="36.948254"><ele>852.0</ele></trkpt>
   <trkpt lon="-4.532717" lat="36.948322"><ele>852.4</ele></trkpt>
   <trkpt lon="-4.532595" lat="36.948630"><ele>854.4</ele></trkpt>
   <trkpt lon="-4.532500" lat="36.948780"><ele>855.4</ele></trkpt>
   <trkpt lon="-4.532223" lat="36.949104"><ele>859.3</ele></trkpt>
   <trkpt lon="-4.531806" lat="36.949539"><ele>865.8</ele></trkpt>
   <trkpt lon="-4.531646" lat="36.949668"><ele>867.4</ele></trkpt>
   <trkpt lon="-4.531478" lat="36.949786"><ele>868.6</ele></trkpt>
   <trkpt lon="-4.531188" lat="36.949939"><ele>870.4</ele></trkpt>
   <trkpt lon="-4.530763" lat="36.950108"><ele>873.3</ele></trkpt>
   <trkpt lon="-4.529926" lat="36.950428"><ele>880.9</ele></trkpt>
   <trkpt lon="-4.529805" lat="36.950503"><ele>881.6</ele></trkpt>
   <trkpt lon="-4.529693" lat="36.950619"><ele>881.9</ele></trkpt>
   <trkpt lon="-4.529635" lat="36.950814"><ele>882.4</ele></trkpt>
   <trkpt lon="-4.529645" lat="36.951181"><ele>883.9</ele></trkpt>
   <trkpt lon="-4.529598" lat="36.951386"><ele>885.8</ele></trkpt>
   <trkpt lon="-4.528507" lat="36.952387"><ele>888.7</ele></trkpt>
   <trkpt lon="-4.528340" lat="36.952489"><ele>889.5</ele></trkpt>
   <trkpt lon="-4.527223" lat="36.952835"><ele>889.6</ele></trkpt>
   <trkpt lon="-4.526972" lat="36.952941"><ele>889.4</ele></trkpt>
   <trkpt lon="-4.526336" lat="36.953327"><ele>893.8</ele></trkpt>
   <trkpt lon="-4.525833" lat="36.953487"><ele>898.5</ele></trkpt>
   <trkpt lon="-4.525306" lat="36.953588"><ele>903.4</ele></trkpt>
   <trkpt lon="-4.525023" lat="36.953660"><ele>905.0</ele></trkpt>
   <trkpt lon="-4.524767" lat="36.953771"><ele>906.8</ele></trkpt>
   <trkpt lon="-4.524597" lat="36.953877"><ele>906.3</ele></trkpt>
   <trkpt lon="-4.524435" lat="36.954006"><ele>905.9</ele></trkpt>
   <trkpt lon="-4.524126" lat="36.954272"><ele>904.8</ele></trkpt>
   <trkpt lon="-4.523527" lat="36.954666"><ele>905.0</ele></trkpt>
   <trkpt lon="-4.522266" lat="36.955389"><ele>907.3</ele></trkpt>
   <trkpt lon="-4.521922" lat="36.955681"><ele>910.0</ele></trkpt>
   <trkpt lon="-4.521695" lat="36.955914"><ele>909.0</ele></trkpt>
   <trkpt lon="-4.521336" lat="36.956200"><ele>911.3</ele></trkpt>
   <trkpt lon="-4.520992" lat="36.956428"><ele>913.5</ele></trkpt>
   <trkpt lon="-4.519953" lat="36.957019"><ele>919.4</ele></trkpt>
   <trkpt lon="-4.519775" lat="36.957164"><ele>919.0</ele></trkpt>
   <trkpt lon="-4.519563" lat="36.957408"><ele>920.1</ele></trkpt>
   <trkpt lon="-4.519484" lat="36.957554"><ele>920.9</ele></trkpt>
   <trkpt lon="-4.519427" lat="36.957705"><ele>921.9</ele></trkpt>
   <trkpt lon="-4.519373" lat="36.958234"><ele>928.2</ele></trkpt>
   <trkpt lon="-4.519310" lat="36.958364"><ele>928.4</ele></trkpt>
   <trkpt lon="-4.519201" lat="36.958469"><ele>928.7</ele></trkpt>
   <trkpt lon="-4.519033" lat="36.958546"><ele>930.1</ele></trkpt>
   <trkpt lon="-4.518614" lat="36.958626"><ele>932.7</ele></trkpt>
   <trkpt lon="-4.518420" lat="36.958701"><ele>932.0</ele></trkpt>
   <trkpt lon="-4.518265" lat="36.958818"><ele>931.1</ele></trkpt>
   <trkpt lon="-4.518161" lat="36.958954"><ele>932.7</ele></trkpt>
   <trkpt lon="-4.518081" lat="36.959157"><ele>936.8</ele></trkpt>
   <trkpt lon="-4.518032" lat="36.959334"><ele>940.5</ele></trkpt>
   <trkpt lon="-4.517973" lat="36.959407"><ele>942.1</ele></trkpt>
   <trkpt lon="-4.517858" lat="36.959476"><ele>943.8</ele></trkpt>
   <trkpt lon="-4.517595" lat="36.959563"><ele>945.3</ele></trkpt>
   <trkpt lon="-4.517373" lat="36.959675"><ele>943.8</ele></trkpt>
   <trkpt lon="-4.517254" lat="36.959788"><ele>942.5</ele></trkpt>
   <trkpt lon="-4.517033" lat="36.960085"><ele>938.5</ele></trkpt>
   <trkpt lon="-4.516878" lat="36.960260"><ele>935.8</ele></trkpt>
   <trkpt lon="-4.516659" lat="36.960430"><ele>934.3</ele></trkpt>
   <trkpt lon="-4.515945" lat="36.960851"><ele>934.5</ele></trkpt>
   <trkpt lon="-4.515862" lat="36.960908"><ele>934.4</ele></trkpt>
   <trkpt lon="-4.515779" lat="36.960994"><ele>934.2</ele></trkpt>
   <trkpt lon="-4.515667" lat="36.961162"><ele>934.4</ele></trkpt>
   <trkpt lon="-4.515498" lat="36.961445"><ele>934.9</ele></trkpt>
   <trkpt lon="-4.515359" lat="36.961621"><ele>935.8</ele></trkpt>
   <trkpt lon="-4.515093" lat="36.961855"><ele>937.7</ele></trkpt>
   <trkpt lon="-4.514095" lat="36.962486"><ele>941.3</ele></trkpt>
   <trkpt lon="-4.512188" lat="36.963534"><ele>946.5</ele></trkpt>
   <trkpt lon="-4.511075" lat="36.964159"><ele>947.3</ele></trkpt>
   <trkpt lon="-4.510846" lat="36.964290"><ele>946.9</ele></trkpt>
   <trkpt lon="-4.510949" lat="36.964312"><ele>948.0</ele></trkpt>
   <trkpt lon="-4.511078" lat="36.964304"><ele>949.0</ele></trkpt>
   <trkpt lon="-4.511213" lat="36.964277"><ele>949.4</ele></trkpt>
   <trkpt lon="-4.511295" lat="36.964252"><ele>949.6</ele></trkpt>
   <trkpt lon="-4.511331" lat="36.964238"><ele>949.6</ele></trkpt>
   <trkpt lon="-4.511558" lat="36.964151"><ele>949.8</ele></trkpt>
   <trkpt lon="-4.512091" lat="36.963948"><ele>950.8</ele></trkpt>
   <trkpt lon="-4.512158" lat="36.963924"><ele>951.4</ele></trkpt>
   <trkpt lon="-4.513493" lat="36.963485"><ele>958.4</ele></trkpt>
   <trkpt lon="-4.514052" lat="36.963324"><ele>959.9</ele></trkpt>
   <trkpt lon="-4.514532" lat="36.963125"><ele>961.1</ele></trkpt>
   <trkpt lon="-4.515285" lat="36.962717"><ele>964.5</ele></trkpt>
   <trkpt lon="-4.515508" lat="36.962647"><ele>967.4</ele></trkpt>
   <trkpt lon="-4.515587" lat="36.962631"><ele>968.5</ele></trkpt>
   <trkpt lon="-4.516027" lat="36.962541"><ele>973.8</ele></trkpt>
   <trkpt lon="-4.516541" lat="36.962452"><ele>979.7</ele></trkpt>
   <trkpt lon="-4.517595" lat="36.962255"><ele>993.7</ele></trkpt>
   <trkpt lon="-4.518135" lat="36.962186"><ele>1002.6</ele></trkpt>
   <trkpt lon="-4.518375" lat="36.962180"><ele>1006.0</ele></trkpt>
   <trkpt lon="-4.518471" lat="36.962187"><ele>1007.3</ele></trkpt>
   <trkpt lon="-4.518614" lat="36.962199"><ele>1009.2</ele></trkpt>
   <trkpt lon="-4.518932" lat="36.962267"><ele>1014.3</ele></trkpt>
   <trkpt lon="-4.519426" lat="36.962422"><ele>1020.0</ele></trkpt>
   <trkpt lon="-4.519676" lat="36.962490"><ele>1022.5</ele></trkpt>
   <trkpt lon="-4.519860" lat="36.962515"><ele>1023.3</ele></trkpt>
   <trkpt lon="-4.520046" lat="36.962526"><ele>1024.1</ele></trkpt>
   <trkpt lon="-4.520427" lat="36.962507"><ele>1026.2</ele></trkpt>
   <trkpt lon="-4.520777" lat="36.962472"><ele>1029.3</ele></trkpt>
   <trkpt lon="-4.521084" lat="36.962427"><ele>1032.7</ele></trkpt>
   <trkpt lon="-4.521910" lat="36.962180"><ele>1041.6</ele></trkpt>
   <trkpt lon="-4.523002" lat="36.961835"><ele>1056.0</ele></trkpt>
   <trkpt lon="-4.523522" lat="36.961716"><ele>1061.9</ele></trkpt>
   <trkpt lon="-4.524153" lat="36.961597"><ele>1067.9</ele></trkpt>
   <trkpt lon="-4.524538" lat="36.961512"><ele>1071.1</ele></trkpt>
   <trkpt lon="-4.524992" lat="36.961399"><ele>1075.2</ele></trkpt>
   <trkpt lon="-4.525340" lat="36.961290"><ele>1075.5</ele></trkpt>
   <trkpt lon="-4.525718" lat="36.961115"><ele>1077.0</ele></trkpt>
   <trkpt lon="-4.526419" lat="36.960775"><ele>1080.7</ele></trkpt>
   <trkpt lon="-4.526888" lat="36.960564"><ele>1085.0</ele></trkpt>
   <trkpt lon="-4.527371" lat="36.960331"><ele>1088.0</ele></trkpt>
   <trkpt lon="-4.527657" lat="36.960167"><ele>1089.2</ele></trkpt>
   <trkpt lon="-4.528513" lat="36.959617"><ele>1092.6</ele></trkpt>
   <trkpt lon="-4.528944" lat="36.959373"><ele>1096.5</ele></trkpt>
   <trkpt lon="-4.530188" lat="36.958757"><ele>1106.7</ele></trkpt>
   <trkpt lon="-4.530488" lat="36.958617"><ele>1111.4</ele></trkpt>
   <trkpt lon="-4.530653" lat="36.958559"><ele>1113.8</ele></trkpt>
   <trkpt lon="-4.530823" lat="36.958508"><ele>1116.8</ele></trkpt>
   <trkpt lon="-4.530966" lat="36.958474"><ele>1119.3</ele></trkpt>
   <trkpt lon="-4.531146" lat="36.958444"><ele>1122.7</ele></trkpt>
   <trkpt lon="-4.531343" lat="36.958423"><ele>1125.8</ele></trkpt>
   <trkpt lon="-4.532018" lat="36.958410"><ele>1135.5</ele></trkpt>
   <trkpt lon="-4.532261" lat="36.958395"><ele>1138.0</ele></trkpt>
   <trkpt lon="-4.532385" lat="36.958365"><ele>1138.9</ele></trkpt>
   <trkpt lon="-4.532844" lat="36.958122"><ele>1144.3</ele></trkpt>
   <trkpt lon="-4.532912" lat="36.958100"><ele>1145.8</ele></trkpt>
   <trkpt lon="-4.532978" lat="36.958090"><ele>1147.3</ele></trkpt>
   <trkpt lon="-4.533065" lat="36.958091"><ele>1148.9</ele></trkpt>
   <trkpt lon="-4.533153" lat="36.958107"><ele>1150.3</ele></trkpt>
   <trkpt lon="-4.533237" lat="36.958145"><ele>1151.0</ele></trkpt>
   <trkpt lon="-4.533325" lat="36.958195"><ele>1152.2</ele></trkpt>
   <trkpt lon="-4.533685" lat="36.958443"><ele>1155.5</ele></trkpt>
   <trkpt lon="-4.533958" lat="36.958649"><ele>1159.4</ele></trkpt>
   <trkpt lon="-4.534013" lat="36.958673"><ele>1160.5</ele></trkpt>
   <trkpt lon="-4.534092" lat="36.958692"><ele>1162.0</ele></trkpt>
   <trkpt lon="-4.534168" lat="36.958692"><ele>1163.5</ele></trkpt>
   <trkpt lon="-4.534448" lat="36.958640"><ele>1170.4</ele></trkpt>
   <trkpt lon="-4.534633" lat="36.958627"><ele>1175.2</ele></trkpt>
   <trkpt lon="-4.534971" lat="36.958649"><ele>1179.2</ele></trkpt>
   <trkpt lon="-4.535196" lat="36.958674"><ele>1178.3</ele></trkpt>
   <trkpt lon="-4.535350" lat="36.958674"><ele>1178.5</ele></trkpt>
   <trkpt lon="-4.535482" lat="36.958646"><ele>1179.6</ele></trkpt>
   <trkpt lon="-4.535748" lat="36.958576"><ele>1180.8</ele></trkpt>
   <trkpt lon="-4.536036" lat="36.958486"><ele>1181.9</ele></trkpt>
   <trkpt lon="-4.536277" lat="36.958395"><ele>1185.8</ele></trkpt>
   <trkpt lon="-4.536349" lat="36.958343"><ele>1186.9</ele></trkpt>
   <trkpt lon="-4.536415" lat="36.958264"><ele>1187.8</ele></trkpt>
   <trkpt lon="-4.536522" lat="36.958078"><ele>1187.7</ele></trkpt>
   <trkpt lon="-4.536584" lat="36.958003"><ele>1187.1</ele></trkpt>
   <trkpt lon="-4.536677" lat="36.957942"><ele>1186.7</ele></trkpt>
   <trkpt lon="-4.536989" lat="36.957810"><ele>1187.8</ele></trkpt>
   <trkpt lon="-4.537818" lat="36.957451"><ele>1193.6</ele></trkpt>
   <trkpt lon="-4.538254" lat="36.957259"><ele>1195.1</ele></trkpt>
   <trkpt lon="-4.538458" lat="36.957149"><ele>1196.3</ele></trkpt>
   <trkpt lon="-4.538504" lat="36.957111"><ele>1196.5</ele></trkpt>
   <trkpt lon="-4.538550" lat="36.957060"><ele>1196.5</ele></trkpt>
   <trkpt lon="-4.538786" lat="36.956703"><ele>1197.1</ele></trkpt>
   <trkpt lon="-4.538963" lat="36.956515"><ele>1199.6</ele></trkpt>
   <trkpt lon="-4.539046" lat="36.956448"><ele>1200.7</ele></trkpt>
   <trkpt lon="-4.539123" lat="36.956398"><ele>1201.9</ele></trkpt>
   <trkpt lon="-4.539489" lat="36.956221"><ele>1207.4</ele></trkpt>
   <trkpt lon="-4.539733" lat="36.956085"><ele>1212.8</ele></trkpt>
   <trkpt lon="-4.540192" lat="36.955857"><ele>1223.5</ele></trkpt>
   <trkpt lon="-4.540748" lat="36.955572"><ele>1224.0</ele></trkpt>
   <trkpt lon="-4.540824" lat="36.955544"><ele>1224.0</ele></trkpt>
   <trkpt lon="-4.540920" lat="36.955519"><ele>1224.0</ele></trkpt>
   <trkpt lon="-4.541003" lat="36.955506"><ele>1224.0</ele></trkpt>
   <trkpt lon="-4.541102" lat="36.955498"><ele>1224.0</ele></trkpt>
   <trkpt lon="-4.541277" lat="36.955497"><ele>1224.5</ele></trkpt>
   <trkpt lon="-4.542245" lat="36.955536"><ele>1224.0</ele></trkpt>
   <trkpt lon="-4.542351" lat="36.955518"><ele>1224.0</ele></trkpt>
   <trkpt lon="-4.542446" lat="36.955496"><ele>1224.0</ele></trkpt>
   <trkpt lon="-4.542590" lat="36.955449"><ele>1224.0</ele></trkpt>
   <trkpt lon="-4.543274" lat="36.955135"><ele>1215.2</ele></trkpt>
   <trkpt lon="-4.543363" lat="36.955062"><ele>1214.2</ele></trkpt>
   <trkpt lon="-4.543403" lat="36.955015"><ele>1213.8</ele></trkpt>
   <trkpt lon="-4.543955" lat="36.954062"><ele>1211.3</ele></trkpt>
   <trkpt lon="-4.544051" lat="36.953891"><ele>1210.8</ele></trkpt>
   <trkpt lon="-4.544141" lat="36.953710"><ele>1210.3</ele></trkpt>
   <trkpt lon="-4.544180" lat="36.953616"><ele>1210.3</ele></trkpt>
   <trkpt lon="-4.544295" lat="36.953288"><ele>1210.4</ele></trkpt>
   <trkpt lon="-4.544461" lat="36.953252"><ele>1209.2</ele></trkpt>
   <trkpt lon="-4.544593" lat="36.953229"><ele>1208.8</ele></trkpt>
   <trkpt lon="-4.544664" lat="36.953424"><ele>1208.0</ele></trkpt>
   <trkpt lon="-4.544644" lat="36.953483"><ele>1208.0</ele></trkpt>
   <trkpt lon="-4.544545" lat="36.953560"><ele>1208.0</ele></trkpt>
   <trkpt lon="-4.544517" lat="36.953632"><ele>1208.0</ele></trkpt>
   <trkpt lon="-4.544511" lat="36.953758"><ele>1208.1</ele></trkpt>
   <trkpt lon="-4.544491" lat="36.953905"><ele>1208.2</ele></trkpt>
   <trkpt lon="-4.544461" lat="36.953982"><ele>1208.4</ele></trkpt>
   <trkpt lon="-4.544430" lat="36.954141"><ele>1208.5</ele></trkpt>
   <trkpt lon="-4.544384" lat="36.954247"><ele>1208.8</ele></trkpt>
   <trkpt lon="-4.544295" lat="36.954302"><ele>1209.3</ele></trkpt>
   <trkpt lon="-4.544236" lat="36.954375"><ele>1209.7</ele></trkpt>
   <trkpt lon="-4.544224" lat="36.954460"><ele>1209.6</ele></trkpt>
   <trkpt lon="-4.544239" lat="36.954579"><ele>1209.2</ele></trkpt>
   <trkpt lon="-4.544285" lat="36.954619"><ele>1209.0</ele></trkpt>
   <trkpt lon="-4.544422" lat="36.954686"><ele>1208.3</ele></trkpt>
   <trkpt lon="-4.544463" lat="36.954741"><ele>1208.2</ele></trkpt>
   <trkpt lon="-4.544494" lat="36.954864"><ele>1208.1</ele></trkpt>
   <trkpt lon="-4.544481" lat="36.954917"><ele>1208.2</ele></trkpt>
   <trkpt lon="-4.544537" lat="36.955075"><ele>1208.0</ele></trkpt>
   <trkpt lon="-4.544481" lat="36.954917"><ele>1208.2</ele></trkpt>
   <trkpt lon="-4.544494" lat="36.954864"><ele>1208.1</ele></trkpt>
   <trkpt lon="-4.544463" lat="36.954741"><ele>1208.2</ele></trkpt>
   <trkpt lon="-4.544422" lat="36.954686"><ele>1208.3</ele></trkpt>
   <trkpt lon="-4.544285" lat="36.954619"><ele>1209.0</ele></trkpt>
   <trkpt lon="-4.544239" lat="36.954579"><ele>1209.2</ele></trkpt>
   <trkpt lon="-4.544224" lat="36.954460"><ele>1209.6</ele></trkpt>
   <trkpt lon="-4.544236" lat="36.954375"><ele>1209.7</ele></trkpt>
   <trkpt lon="-4.544295" lat="36.954302"><ele>1209.3</ele></trkpt>
   <trkpt lon="-4.544384" lat="36.954247"><ele>1208.8</ele></trkpt>
   <trkpt lon="-4.544430" lat="36.954141"><ele>1208.5</ele></trkpt>
   <trkpt lon="-4.544461" lat="36.953982"><ele>1208.4</ele></trkpt>
   <trkpt lon="-4.544491" lat="36.953905"><ele>1208.2</ele></trkpt>
   <trkpt lon="-4.544511" lat="36.953758"><ele>1208.1</ele></trkpt>
   <trkpt lon="-4.544517" lat="36.953632"><ele>1208.0</ele></trkpt>
   <trkpt lon="-4.544545" lat="36.953560"><ele>1208.0</ele></trkpt>
   <trkpt lon="-4.544644" lat="36.953483"><ele>1208.0</ele></trkpt>
   <trkpt lon="-4.544664" lat="36.953424"><ele>1208.0</ele></trkpt>
   <trkpt lon="-4.544593" lat="36.953229"><ele>1208.8</ele></trkpt>
   <trkpt lon="-4.544605" lat="36.953197"><ele>1209.0</ele></trkpt>
   <trkpt lon="-4.544727" lat="36.952868"><ele>1210.3</ele></trkpt>
   <trkpt lon="-4.544731" lat="36.952814"><ele>1210.6</ele></trkpt>
   <trkpt lon="-4.544718" lat="36.952789"><ele>1210.8</ele></trkpt>
   <trkpt lon="-4.544695" lat="36.952770"><ele>1211.1</ele></trkpt>
   <trkpt lon="-4.544658" lat="36.952755"><ele>1211.5</ele></trkpt>
   <trkpt lon="-4.544612" lat="36.952745"><ele>1211.9</ele></trkpt>
   <trkpt lon="-4.544578" lat="36.952747"><ele>1212.1</ele></trkpt>
   <trkpt lon="-4.544548" lat="36.952762"><ele>1212.3</ele></trkpt>
   <trkpt lon="-4.544532" lat="36.952779"><ele>1212.3</ele></trkpt>
   <trkpt lon="-4.544295" lat="36.953288"><ele>1210.4</ele></trkpt>
   <trkpt lon="-4.544180" lat="36.953616"><ele>1210.3</ele></trkpt>
   <trkpt lon="-4.544141" lat="36.953710"><ele>1210.3</ele></trkpt>
   <trkpt lon="-4.544051" lat="36.953891"><ele>1210.8</ele></trkpt>
   <trkpt lon="-4.543955" lat="36.954062"><ele>1211.3</ele></trkpt>
   <trkpt lon="-4.543403" lat="36.955015"><ele>1213.8</ele></trkpt>
   <trkpt lon="-4.543363" lat="36.955062"><ele>1214.2</ele></trkpt>
   <trkpt lon="-4.543274" lat="36.955135"><ele>1215.2</ele></trkpt>
   <trkpt lon="-4.542590" lat="36.955449"><ele>1224.0</ele></trkpt>
   <trkpt lon="-4.542446" lat="36.955496"><ele>1224.0</ele></trkpt>
   <trkpt lon="-4.542351" lat="36.955518"><ele>1224.0</ele></trkpt>
   <trkpt lon="-4.542245" lat="36.955536"><ele>1224.0</ele></trkpt>
   <trkpt lon="-4.541277" lat="36.955497"><ele>1224.5</ele></trkpt>
   <trkpt lon="-4.541102" lat="36.955498"><ele>1224.0</ele></trkpt>
   <trkpt lon="-4.541003" lat="36.955506"><ele>1224.0</ele></trkpt>
   <trkpt lon="-4.540920" lat="36.955519"><ele>1224.0</ele></trkpt>
   <trkpt lon="-4.540824" lat="36.955544"><ele>1224.0</ele></trkpt>
   <trkpt lon="-4.540748" lat="36.955572"><ele>1224.0</ele></trkpt>
   <trkpt lon="-4.540192" lat="36.955857"><ele>1223.5</ele></trkpt>
   <trkpt lon="-4.539733" lat="36.956085"><ele>1212.8</ele></trkpt>
   <trkpt lon="-4.539489" lat="36.956221"><ele>1207.4</ele></trkpt>
   <trkpt lon="-4.539123" lat="36.956398"><ele>1201.9</ele></trkpt>
   <trkpt lon="-4.539046" lat="36.956448"><ele>1200.7</ele></trkpt>
   <trkpt lon="-4.538963" lat="36.956515"><ele>1199.6</ele></trkpt>
   <trkpt lon="-4.538786" lat="36.956703"><ele>1197.1</ele></trkpt>
   <trkpt lon="-4.538550" lat="36.957060"><ele>1196.5</ele></trkpt>
   <trkpt lon="-4.538504" lat="36.957111"><ele>1196.5</ele></trkpt>
   <trkpt lon="-4.538458" lat="36.957149"><ele>1196.3</ele></trkpt>
   <trkpt lon="-4.538254" lat="36.957259"><ele>1195.1</ele></trkpt>
   <trkpt lon="-4.537818" lat="36.957451"><ele>1193.6</ele></trkpt>
   <trkpt lon="-4.536989" lat="36.957810"><ele>1187.8</ele></trkpt>
   <trkpt lon="-4.536677" lat="36.957942"><ele>1186.7</ele></trkpt>
   <trkpt lon="-4.536584" lat="36.958003"><ele>1187.1</ele></trkpt>
   <trkpt lon="-4.536522" lat="36.958078"><ele>1187.7</ele></trkpt>
   <trkpt lon="-4.536415" lat="36.958264"><ele>1187.8</ele></trkpt>
   <trkpt lon="-4.536349" lat="36.958343"><ele>1186.9</ele></trkpt>
   <trkpt lon="-4.536277" lat="36.958395"><ele>1185.8</ele></trkpt>
   <trkpt lon="-4.536036" lat="36.958486"><ele>1181.9</ele></trkpt>
   <trkpt lon="-4.535748" lat="36.958576"><ele>1180.8</ele></trkpt>
   <trkpt lon="-4.535482" lat="36.958646"><ele>1179.6</ele></trkpt>
   <trkpt lon="-4.535350" lat="36.958674"><ele>1178.5</ele></trkpt>
   <trkpt lon="-4.535196" lat="36.958674"><ele>1178.3</ele></trkpt>
   <trkpt lon="-4.534971" lat="36.958649"><ele>1179.2</ele></trkpt>
   <trkpt lon="-4.534633" lat="36.958627"><ele>1175.2</ele></trkpt>
   <trkpt lon="-4.534448" lat="36.958640"><ele>1170.4</ele></trkpt>
   <trkpt lon="-4.534168" lat="36.958692"><ele>1163.5</ele></trkpt>
   <trkpt lon="-4.534092" lat="36.958692"><ele>1162.0</ele></trkpt>
   <trkpt lon="-4.534013" lat="36.958673"><ele>1160.5</ele></trkpt>
   <trkpt lon="-4.533958" lat="36.958649"><ele>1159.4</ele></trkpt>
   <trkpt lon="-4.533685" lat="36.958443"><ele>1155.5</ele></trkpt>
   <trkpt lon="-4.533325" lat="36.958195"><ele>1152.2</ele></trkpt>
   <trkpt lon="-4.533237" lat="36.958145"><ele>1151.0</ele></trkpt>
   <trkpt lon="-4.533153" lat="36.958107"><ele>1150.3</ele></trkpt>
   <trkpt lon="-4.533065" lat="36.958091"><ele>1148.9</ele></trkpt>
   <trkpt lon="-4.532978" lat="36.958090"><ele>1147.3</ele></trkpt>
   <trkpt lon="-4.532912" lat="36.958100"><ele>1145.8</ele></trkpt>
   <trkpt lon="-4.532844" lat="36.958122"><ele>1144.3</ele></trkpt>
   <trkpt lon="-4.532385" lat="36.958365"><ele>1138.9</ele></trkpt>
   <trkpt lon="-4.532261" lat="36.958395"><ele>1138.0</ele></trkpt>
   <trkpt lon="-4.532018" lat="36.958410"><ele>1135.5</ele></trkpt>
   <trkpt lon="-4.531343" lat="36.958423"><ele>1125.8</ele></trkpt>
   <trkpt lon="-4.531146" lat="36.958444"><ele>1122.7</ele></trkpt>
   <trkpt lon="-4.530966" lat="36.958474"><ele>1119.3</ele></trkpt>
   <trkpt lon="-4.530823" lat="36.958508"><ele>1116.8</ele></trkpt>
   <trkpt lon="-4.530653" lat="36.958559"><ele>1113.8</ele></trkpt>
   <trkpt lon="-4.530488" lat="36.958617"><ele>1111.4</ele></trkpt>
   <trkpt lon="-4.530188" lat="36.958757"><ele>1106.7</ele></trkpt>
   <trkpt lon="-4.528944" lat="36.959373"><ele>1096.5</ele></trkpt>
   <trkpt lon="-4.528513" lat="36.959617"><ele>1092.6</ele></trkpt>
   <trkpt lon="-4.527657" lat="36.960167"><ele>1089.2</ele></trkpt>
   <trkpt lon="-4.527371" lat="36.960331"><ele>1088.0</ele></trkpt>
   <trkpt lon="-4.526888" lat="36.960564"><ele>1085.0</ele></trkpt>
   <trkpt lon="-4.526419" lat="36.960775"><ele>1080.7</ele></trkpt>
   <trkpt lon="-4.525718" lat="36.961115"><ele>1077.0</ele></trkpt>
   <trkpt lon="-4.525340" lat="36.961290"><ele>1075.5</ele></trkpt>
   <trkpt lon="-4.524992" lat="36.961399"><ele>1075.2</ele></trkpt>
   <trkpt lon="-4.524538" lat="36.961512"><ele>1071.1</ele></trkpt>
   <trkpt lon="-4.524153" lat="36.961597"><ele>1067.9</ele></trkpt>
   <trkpt lon="-4.523522" lat="36.961716"><ele>1061.9</ele></trkpt>
   <trkpt lon="-4.523002" lat="36.961835"><ele>1056.0</ele></trkpt>
   <trkpt lon="-4.521910" lat="36.962180"><ele>1041.6</ele></trkpt>
   <trkpt lon="-4.521084" lat="36.962427"><ele>1032.7</ele></trkpt>
   <trkpt lon="-4.520777" lat="36.962472"><ele>1029.3</ele></trkpt>
   <trkpt lon="-4.520427" lat="36.962507"><ele>1026.2</ele></trkpt>
   <trkpt lon="-4.520046" lat="36.962526"><ele>1024.1</ele></trkpt>
   <trkpt lon="-4.519860" lat="36.962515"><ele>1023.3</ele></trkpt>
   <trkpt lon="-4.519676" lat="36.962490"><ele>1022.5</ele></trkpt>
   <trkpt lon="-4.519426" lat="36.962422"><ele>1020.0</ele></trkpt>
   <trkpt lon="-4.518932" lat="36.962267"><ele>1014.3</ele></trkpt>
   <trkpt lon="-4.518614" lat="36.962199"><ele>1009.2</ele></trkpt>
   <trkpt lon="-4.518471" lat="36.962187"><ele>1007.3</ele></trkpt>
   <trkpt lon="-4.518375" lat="36.962180"><ele>1006.0</ele></trkpt>
   <trkpt lon="-4.518135" lat="36.962186"><ele>1002.6</ele></trkpt>
   <trkpt lon="-4.517595" lat="36.962255"><ele>993.7</ele></trkpt>
   <trkpt lon="-4.516541" lat="36.962452"><ele>979.7</ele></trkpt>
   <trkpt lon="-4.516027" lat="36.962541"><ele>973.8</ele></trkpt>
   <trkpt lon="-4.515587" lat="36.962631"><ele>968.5</ele></trkpt>
   <trkpt lon="-4.515508" lat="36.962647"><ele>967.4</ele></trkpt>
   <trkpt lon="-4.515285" lat="36.962717"><ele>964.5</ele></trkpt>
   <trkpt lon="-4.514532" lat="36.963125"><ele>961.1</ele></trkpt>
   <trkpt lon="-4.514052" lat="36.963324"><ele>959.9</ele></trkpt>
   <trkpt lon="-4.513493" lat="36.963485"><ele>958.4</ele></trkpt>
   <trkpt lon="-4.512158" lat="36.963924"><ele>951.4</ele></trkpt>
   <trkpt lon="-4.512091" lat="36.963948"><ele>950.8</ele></trkpt>
   <trkpt lon="-4.511558" lat="36.964151"><ele>949.8</ele></trkpt>
   <trkpt lon="-4.511331" lat="36.964238"><ele>949.6</ele></trkpt>
   <trkpt lon="-4.511295" lat="36.964252"><ele>949.6</ele></trkpt>
   <trkpt lon="-4.511213" lat="36.964244"><ele>949.0</ele></trkpt>
   <trkpt lon="-4.511154" lat="36.964226"><ele>948.5</ele></trkpt>
   <trkpt lon="-4.511075" lat="36.964159"><ele>947.3</ele></trkpt>
   <trkpt lon="-4.510846" lat="36.964290"><ele>946.9</ele></trkpt>
   <trkpt lon="-4.510473" lat="36.964515"><ele>945.1</ele></trkpt>
   <trkpt lon="-4.509764" lat="36.965074"><ele>940.4</ele></trkpt>
   <trkpt lon="-4.509518" lat="36.965244"><ele>940.2</ele></trkpt>
   <trkpt lon="-4.508116" lat="36.965987"><ele>949.1</ele></trkpt>
   <trkpt lon="-4.507554" lat="36.966262"><ele>953.0</ele></trkpt>
   <trkpt lon="-4.507157" lat="36.966417"><ele>955.2</ele></trkpt>
   <trkpt lon="-4.506665" lat="36.966532"><ele>953.4</ele></trkpt>
   <trkpt lon="-4.506380" lat="36.966613"><ele>950.9</ele></trkpt>
   <trkpt lon="-4.506090" lat="36.966716"><ele>949.2</ele></trkpt>
   <trkpt lon="-4.505408" lat="36.966998"><ele>950.4</ele></trkpt>
   <trkpt lon="-4.504786" lat="36.967287"><ele>951.6</ele></trkpt>
   <trkpt lon="-4.504448" lat="36.967467"><ele>953.9</ele></trkpt>
   <trkpt lon="-4.504098" lat="36.967666"><ele>957.0</ele></trkpt>
   <trkpt lon="-4.503863" lat="36.967861"><ele>959.2</ele></trkpt>
   <trkpt lon="-4.503332" lat="36.968439"><ele>959.6</ele></trkpt>
   <trkpt lon="-4.503012" lat="36.968728"><ele>953.5</ele></trkpt>
   <trkpt lon="-4.502694" lat="36.968945"><ele>948.3</ele></trkpt>
   <trkpt lon="-4.502377" lat="36.969117"><ele>943.7</ele></trkpt>
   <trkpt lon="-4.502073" lat="36.969254"><ele>940.6</ele></trkpt>
   <trkpt lon="-4.501750" lat="36.969425"><ele>935.5</ele></trkpt>
   <trkpt lon="-4.501498" lat="36.969605"><ele>931.8</ele></trkpt>
   <trkpt lon="-4.501244" lat="36.969810"><ele>927.6</ele></trkpt>
   <trkpt lon="-4.500968" lat="36.970064"><ele>924.2</ele></trkpt>
   <trkpt lon="-4.500645" lat="36.970407"><ele>921.9</ele></trkpt>
   <trkpt lon="-4.500541" lat="36.970461"><ele>920.9</ele></trkpt>
   <trkpt lon="-4.500455" lat="36.970450"><ele>919.4</ele></trkpt>
   <trkpt lon="-4.500382" lat="36.970410"><ele>917.4</ele></trkpt>
   <trkpt lon="-4.500339" lat="36.970348"><ele>916.0</ele></trkpt>
   <trkpt lon="-4.500337" lat="36.970222"><ele>914.8</ele></trkpt>
   <trkpt lon="-4.500485" lat="36.969862"><ele>916.0</ele></trkpt>
   <trkpt lon="-4.500492" lat="36.969777"><ele>916.1</ele></trkpt>
   <trkpt lon="-4.500444" lat="36.969713"><ele>915.7</ele></trkpt>
   <trkpt lon="-4.500366" lat="36.969704"><ele>914.7</ele></trkpt>
   <trkpt lon="-4.500253" lat="36.969738"><ele>912.8</ele></trkpt>
   <trkpt lon="-4.500160" lat="36.969787"><ele>911.2</ele></trkpt>
   <trkpt lon="-4.499958" lat="36.969905"><ele>908.8</ele></trkpt>
   <trkpt lon="-4.498764" lat="36.970571"><ele>897.9</ele></trkpt>
   <trkpt lon="-4.498238" lat="36.970855"><ele>895.4</ele></trkpt>
   <trkpt lon="-4.497735" lat="36.971114"><ele>894.0</ele></trkpt>
   <trkpt lon="-4.497311" lat="36.971263"><ele>892.7</ele></trkpt>
   <trkpt lon="-4.497209" lat="36.971305"><ele>892.6</ele></trkpt>
   <trkpt lon="-4.497094" lat="36.971391"><ele>892.4</ele></trkpt>
   <trkpt lon="-4.496855" lat="36.971605"><ele>892.1</ele></trkpt>
   <trkpt lon="-4.496678" lat="36.971715"><ele>891.5</ele></trkpt>
   <trkpt lon="-4.496429" lat="36.971809"><ele>891.8</ele></trkpt>
   <trkpt lon="-4.496142" lat="36.971902"><ele>891.5</ele></trkpt>
   <trkpt lon="-4.495887" lat="36.971997"><ele>890.9</ele></trkpt>
   <trkpt lon="-4.495789" lat="36.972033"><ele>891.0</ele></trkpt>
   <trkpt lon="-4.495513" lat="36.972170"><ele>891.4</ele></trkpt>
   <trkpt lon="-4.495286" lat="36.972307"><ele>890.4</ele></trkpt>
   <trkpt lon="-4.495058" lat="36.972484"><ele>888.8</ele></trkpt>
   <trkpt lon="-4.494422" lat="36.972992"><ele>884.3</ele></trkpt>
   <trkpt lon="-4.494177" lat="36.973152"><ele>882.4</ele></trkpt>
   <trkpt lon="-4.493909" lat="36.973284"><ele>880.6</ele></trkpt>
   <trkpt lon="-4.493667" lat="36.973380"><ele>878.0</ele></trkpt>
   <trkpt lon="-4.493496" lat="36.973411"><ele>876.1</ele></trkpt>
   <trkpt lon="-4.493208" lat="36.973431"><ele>874.2</ele></trkpt>
   <trkpt lon="-4.492954" lat="36.973463"><ele>872.4</ele></trkpt>
   <trkpt lon="-4.492716" lat="36.973518"><ele>870.4</ele></trkpt>
   <trkpt lon="-4.492505" lat="36.973588"><ele>869.5</ele></trkpt>
   <trkpt lon="-4.492421" lat="36.973634"><ele>869.2</ele></trkpt>
   <trkpt lon="-4.492383" lat="36.973664"><ele>869.0</ele></trkpt>
   <trkpt lon="-4.492353" lat="36.973720"><ele>868.4</ele></trkpt>
   <trkpt lon="-4.492367" lat="36.973785"><ele>867.6</ele></trkpt>
   <trkpt lon="-4.492432" lat="36.973808"><ele>866.9</ele></trkpt>
   <trkpt lon="-4.492553" lat="36.973818"><ele>866.1</ele></trkpt>
   <trkpt lon="-4.492709" lat="36.973812"><ele>865.4</ele></trkpt>
   <trkpt lon="-4.493206" lat="36.973774"><ele>864.8</ele></trkpt>
   <trkpt lon="-4.493617" lat="36.973755"><ele>864.9</ele></trkpt>
   <trkpt lon="-4.493930" lat="36.973728"><ele>864.5</ele></trkpt>
   <trkpt lon="-4.494127" lat="36.973685"><ele>864.3</ele></trkpt>
   <trkpt lon="-4.494343" lat="36.973618"><ele>864.0</ele></trkpt>
   <trkpt lon="-4.494520" lat="36.973547"><ele>863.1</ele></trkpt>
   <trkpt lon="-4.494676" lat="36.973475"><ele>862.8</ele></trkpt>
   <trkpt lon="-4.494817" lat="36.973404"><ele>863.0</ele></trkpt>
   <trkpt lon="-4.494910" lat="36.973344"><ele>863.3</ele></trkpt>
   <trkpt lon="-4.494996" lat="36.973312"><ele>862.7</ele></trkpt>
   <trkpt lon="-4.495048" lat="36.973313"><ele>861.8</ele></trkpt>
   <trkpt lon="-4.495100" lat="36.973341"><ele>860.0</ele></trkpt>
   <trkpt lon="-4.495116" lat="36.973391"><ele>858.3</ele></trkpt>
   <trkpt lon="-4.495100" lat="36.973440"><ele>857.3</ele></trkpt>
   <trkpt lon="-4.494692" lat="36.973893"><ele>850.5</ele></trkpt>
   <trkpt lon="-4.494663" lat="36.973943"><ele>850.1</ele></trkpt>
   <trkpt lon="-4.494674" lat="36.974003"><ele>849.1</ele></trkpt>
   <trkpt lon="-4.494747" lat="36.974057"><ele>847.6</ele></trkpt>
   <trkpt lon="-4.494821" lat="36.974051"><ele>847.0</ele></trkpt>
   <trkpt lon="-4.494914" lat="36.974021"><ele>846.7</ele></trkpt>
   <trkpt lon="-4.495366" lat="36.973831"><ele>845.6</ele></trkpt>
   <trkpt lon="-4.495522" lat="36.973771"><ele>845.3</ele></trkpt>
   <trkpt lon="-4.495720" lat="36.973747"><ele>844.0</ele></trkpt>
   <trkpt lon="-4.496033" lat="36.973755"><ele>841.4</ele></trkpt>
   <trkpt lon="-4.496271" lat="36.973768"><ele>839.7</ele></trkpt>
   <trkpt lon="-4.496530" lat="36.973767"><ele>839.3</ele></trkpt>
   <trkpt lon="-4.496748" lat="36.973805"><ele>838.8</ele></trkpt>
   <trkpt lon="-4.496956" lat="36.973899"><ele>837.4</ele></trkpt>
   <trkpt lon="-4.497339" lat="36.974089"><ele>834.2</ele></trkpt>
   <trkpt lon="-4.497892" lat="36.974345"><ele>830.6</ele></trkpt>
   <trkpt lon="-4.498380" lat="36.974583"><ele>826.9</ele></trkpt>
   <trkpt lon="-4.498831" lat="36.974836"><ele>825.2</ele></trkpt>
   <trkpt lon="-4.499162" lat="36.975058"><ele>822.7</ele></trkpt>
   <trkpt lon="-4.499345" lat="36.975136"><ele>823.1</ele></trkpt>
   <trkpt lon="-4.499634" lat="36.975260"><ele>822.0</ele></trkpt>
   <trkpt lon="-4.500303" lat="36.975621"><ele>813.4</ele></trkpt>
   <trkpt lon="-4.500834" lat="36.975833"><ele>810.0</ele></trkpt>
   <trkpt lon="-4.501318" lat="36.975973"><ele>808.9</ele></trkpt>
   <trkpt lon="-4.501871" lat="36.976237"><ele>802.3</ele></trkpt>
   <trkpt lon="-4.502599" lat="36.976638"><ele>794.9</ele></trkpt>
   <trkpt lon="-4.503289" lat="36.976947"><ele>789.2</ele></trkpt>
   <trkpt lon="-4.504045" lat="36.977452"><ele>780.8</ele></trkpt>
   <trkpt lon="-4.505021" lat="36.978014"><ele>775.5</ele></trkpt>
   <trkpt lon="-4.505448" lat="36.978357"><ele>768.3</ele></trkpt>
   <trkpt lon="-4.506002" lat="36.978736"><ele>765.1</ele></trkpt>
   <trkpt lon="-4.506885" lat="36.979285"><ele>762.8</ele></trkpt>
   <trkpt lon="-4.507728" lat="36.979757"><ele>755.5</ele></trkpt>
   <trkpt lon="-4.507943" lat="36.979906"><ele>754.3</ele></trkpt>
   <trkpt lon="-4.508226" lat="36.980141"><ele>751.1</ele></trkpt>
   <trkpt lon="-4.508549" lat="36.980456"><ele>747.3</ele></trkpt>
   <trkpt lon="-4.508870" lat="36.980729"><ele>744.8</ele></trkpt>
   <trkpt lon="-4.509161" lat="36.980943"><ele>741.9</ele></trkpt>
   <trkpt lon="-4.509369" lat="36.981076"><ele>740.2</ele></trkpt>
   <trkpt lon="-4.509514" lat="36.981128"><ele>739.6</ele></trkpt>
   <trkpt lon="-4.509678" lat="36.981154"><ele>739.8</ele></trkpt>
   <trkpt lon="-4.509952" lat="36.981155"><ele>739.1</ele></trkpt>
   <trkpt lon="-4.510138" lat="36.981144"><ele>738.6</ele></trkpt>
   <trkpt lon="-4.510438" lat="36.981160"><ele>737.1</ele></trkpt>
   <trkpt lon="-4.510655" lat="36.981219"><ele>735.5</ele></trkpt>
   <trkpt lon="-4.512307" lat="36.981965"><ele>718.1</ele></trkpt>
   <trkpt lon="-4.513094" lat="36.982227"><ele>710.5</ele></trkpt>
   <trkpt lon="-4.513562" lat="36.982411"><ele>704.4</ele></trkpt>
   <trkpt lon="-4.513847" lat="36.982543"><ele>701.1</ele></trkpt>
   <trkpt lon="-4.514238" lat="36.982698"><ele>698.0</ele></trkpt>
   <trkpt lon="-4.514602" lat="36.982799"><ele>696.5</ele></trkpt>
   <trkpt lon="-4.515681" lat="36.983118"><ele>688.3</ele></trkpt>
   <trkpt lon="-4.516395" lat="36.983285"><ele>684.4</ele></trkpt>
   <trkpt lon="-4.516722" lat="36.983335"><ele>682.3</ele></trkpt>
   <trkpt lon="-4.517030" lat="36.983319"><ele>682.8</ele></trkpt>
   <trkpt lon="-4.517404" lat="36.983260"><ele>684.6</ele></trkpt>
   <trkpt lon="-4.517740" lat="36.983260"><ele>682.9</ele></trkpt>
   <trkpt lon="-4.518367" lat="36.983348"><ele>675.2</ele></trkpt>
   <trkpt lon="-4.518695" lat="36.983372"><ele>673.3</ele></trkpt>
   <trkpt lon="-4.519046" lat="36.983365"><ele>673.0</ele></trkpt>
   <trkpt lon="-4.519520" lat="36.983384"><ele>670.3</ele></trkpt>
   <trkpt lon="-4.520016" lat="36.983435"><ele>665.5</ele></trkpt>
   <trkpt lon="-4.520453" lat="36.983524"><ele>662.2</ele></trkpt>
   <trkpt lon="-4.520861" lat="36.983629"><ele>658.7</ele></trkpt>
   <trkpt lon="-4.521791" lat="36.983891"><ele>653.3</ele></trkpt>
   <trkpt lon="-4.522493" lat="36.984102"><ele>650.6</ele></trkpt>
   <trkpt lon="-4.523189" lat="36.984276"><ele>649.5</ele></trkpt>
   <trkpt lon="-4.523331" lat="36.984318"><ele>648.5</ele></trkpt>
   <trkpt lon="-4.523663" lat="36.984487"><ele>645.3</ele></trkpt>
   <trkpt lon="-4.524714" lat="36.985158"><ele>641.1</ele></trkpt>
   <trkpt lon="-4.524953" lat="36.985311"><ele>640.5</ele></trkpt>
   <trkpt lon="-4.525407" lat="36.985556"><ele>640.0</ele></trkpt>
   <trkpt lon="-4.526138" lat="36.985878"><ele>642.4</ele></trkpt>
   <trkpt lon="-4.527032" lat="36.986254"><ele>635.5</ele></trkpt>
   <trkpt lon="-4.528035" lat="36.986713"><ele>623.7</ele></trkpt>
   <trkpt lon="-4.528265" lat="36.986818"><ele>624.7</ele></trkpt>
   <trkpt lon="-4.528378" lat="36.986906"><ele>625.5</ele></trkpt>
   <trkpt lon="-4.528512" lat="36.987056"><ele>626.7</ele></trkpt>
   <trkpt lon="-4.528609" lat="36.987193"><ele>627.0</ele></trkpt>
   <trkpt lon="-4.528738" lat="36.987257"><ele>626.6</ele></trkpt>
   <trkpt lon="-4.528861" lat="36.987266"><ele>625.5</ele></trkpt>
   <trkpt lon="-4.529002" lat="36.987224"><ele>622.9</ele></trkpt>
   <trkpt lon="-4.529204" lat="36.987079"><ele>619.2</ele></trkpt>
   <trkpt lon="-4.529520" lat="36.986670"><ele>613.6</ele></trkpt>
   <trkpt lon="-4.529641" lat="36.986589"><ele>613.0</ele></trkpt>
   <trkpt lon="-4.529768" lat="36.986528"><ele>612.4</ele></trkpt>
   <trkpt lon="-4.530014" lat="36.986490"><ele>611.9</ele></trkpt>
   <trkpt lon="-4.530580" lat="36.986548"><ele>611.5</ele></trkpt>
   <trkpt lon="-4.530713" lat="36.986557"><ele>610.7</ele></trkpt>
   <trkpt lon="-4.530889" lat="36.986541"><ele>609.5</ele></trkpt>
   <trkpt lon="-4.531528" lat="36.986396"><ele>606.2</ele></trkpt>
   <trkpt lon="-4.531812" lat="36.986363"><ele>605.1</ele></trkpt>
   <trkpt lon="-4.532067" lat="36.986381"><ele>604.1</ele></trkpt>
   <trkpt lon="-4.532340" lat="36.986433"><ele>603.3</ele></trkpt>
   <trkpt lon="-4.532413" lat="36.986471"><ele>603.3</ele></trkpt>
   <trkpt lon="-4.532895" lat="36.986689"><ele>600.2</ele></trkpt>
   <trkpt lon="-4.533045" lat="36.986743"><ele>598.9</ele></trkpt>
   <trkpt lon="-4.533206" lat="36.986778"><ele>597.5</ele></trkpt>
   <trkpt lon="-4.533457" lat="36.986792"><ele>595.8</ele></trkpt>
   <trkpt lon="-4.534301" lat="36.986783"><ele>593.7</ele></trkpt>
   <trkpt lon="-4.537465" lat="36.986946"><ele>591.8</ele></trkpt>
   <trkpt lon="-4.539248" lat="36.987032"><ele>585.3</ele></trkpt>
   <trkpt lon="-4.540035" lat="36.987062"><ele>580.9</ele></trkpt>
   <trkpt lon="-4.540283" lat="36.987077"><ele>579.7</ele></trkpt>
   <trkpt lon="-4.540540" lat="36.987127"><ele>579.0</ele></trkpt>
   <trkpt lon="-4.540772" lat="36.987195"><ele>579.0</ele></trkpt>
   <trkpt lon="-4.541007" lat="36.987362"><ele>579.0</ele></trkpt>
   <trkpt lon="-4.541197" lat="36.987583"><ele>579.1</ele></trkpt>
   <trkpt lon="-4.541316" lat="36.987741"><ele>579.0</ele></trkpt>
   <trkpt lon="-4.541639" lat="36.988285"><ele>579.5</ele></trkpt>
   <trkpt lon="-4.541874" lat="36.988696"><ele>580.3</ele></trkpt>
   <trkpt lon="-4.541963" lat="36.988993"><ele>579.5</ele></trkpt>
   <trkpt lon="-4.541976" lat="36.989056"><ele>579.3</ele></trkpt>
   <trkpt lon="-4.542048" lat="36.989390"><ele>578.8</ele></trkpt>
   <trkpt lon="-4.542196" lat="36.990257"><ele>577.5</ele></trkpt>
   <trkpt lon="-4.542256" lat="36.990541"><ele>577.5</ele></trkpt>
   <trkpt lon="-4.542340" lat="36.990712"><ele>577.4</ele></trkpt>
   <trkpt lon="-4.542631" lat="36.990935"><ele>577.9</ele></trkpt>
   <trkpt lon="-4.544016" lat="36.991835"><ele>579.0</ele></trkpt>
   <trkpt lon="-4.544208" lat="36.991916"><ele>579.1</ele></trkpt>
   <trkpt lon="-4.544396" lat="36.991968"><ele>579.8</ele></trkpt>
   <trkpt lon="-4.545168" lat="36.992008"><ele>579.4</ele></trkpt>
   <trkpt lon="-4.545438" lat="36.992081"><ele>578.6</ele></trkpt>
   <trkpt lon="-4.545689" lat="36.992218"><ele>577.5</ele></trkpt>
   <trkpt lon="-4.546113" lat="36.992507"><ele>577.2</ele></trkpt>
   <trkpt lon="-4.546589" lat="36.992803"><ele>576.4</ele></trkpt>
   <trkpt lon="-4.546951" lat="36.992977"><ele>575.4</ele></trkpt>
   <trkpt lon="-4.547536" lat="36.993224"><ele>574.0</ele></trkpt>
   <trkpt lon="-4.548120" lat="36.993449"><ele>574.4</ele></trkpt>
   <trkpt lon="-4.548463" lat="36.993589"><ele>573.2</ele></trkpt>
   <trkpt lon="-4.548794" lat="36.993755"><ele>571.7</ele></trkpt>
   <trkpt lon="-4.550224" lat="36.994805"><ele>567.6</ele></trkpt>
   <trkpt lon="-4.550604" lat="36.995046"><ele>567.7</ele></trkpt>
   <trkpt lon="-4.550790" lat="36.995262"><ele>567.1</ele></trkpt>
   <trkpt lon="-4.550939" lat="36.995448"><ele>566.4</ele></trkpt>
   <trkpt lon="-4.551094" lat="36.995738"><ele>565.5</ele></trkpt>
   <trkpt lon="-4.551253" lat="36.995980"><ele>565.9</ele></trkpt>
   <trkpt lon="-4.551536" lat="36.996209"><ele>567.2</ele></trkpt>
   <trkpt lon="-4.551825" lat="36.996377"><ele>567.1</ele></trkpt>
   <trkpt lon="-4.552163" lat="36.996456"><ele>567.7</ele></trkpt>
   <trkpt lon="-4.552516" lat="36.996516"><ele>566.6</ele></trkpt>
   <trkpt lon="-4.552836" lat="36.996666"><ele>562.0</ele></trkpt>
   <trkpt lon="-4.553011" lat="36.996800"><ele>559.1</ele></trkpt>
   <trkpt lon="-4.553207" lat="36.996977"><ele>555.7</ele></trkpt>
   <trkpt lon="-4.553382" lat="36.997167"><ele>552.6</ele></trkpt>
   <trkpt lon="-4.553457" lat="36.997347"><ele>551.7</ele></trkpt>
   <trkpt lon="-4.553535" lat="36.997568"><ele>551.2</ele></trkpt>
   <trkpt lon="-4.553887" lat="36.998037"><ele>550.1</ele></trkpt>
   <trkpt lon="-4.553997" lat="36.998785"><ele>548.0</ele></trkpt>
   <trkpt lon="-4.554109" lat="36.999327"><ele>545.2</ele></trkpt>
   <trkpt lon="-4.554335" lat="36.999948"><ele>542.8</ele></trkpt>
   <trkpt lon="-4.554448" lat="37.000369"><ele>540.0</ele></trkpt>
   <trkpt lon="-4.554488" lat="37.000538"><ele>539.4</ele></trkpt>
   <trkpt lon="-4.554506" lat="37.000616"><ele>539.4</ele></trkpt>
   <trkpt lon="-4.554636" lat="37.000782"><ele>539.7</ele></trkpt>
   <trkpt lon="-4.554810" lat="37.000916"><ele>540.8</ele></trkpt>
   <trkpt lon="-4.554954" lat="37.001004"><ele>542.5</ele></trkpt>
   <trkpt lon="-4.555040" lat="37.001044"><ele>543.4</ele></trkpt>
   <trkpt lon="-4.554990" lat="37.001058"><ele>542.9</ele></trkpt>
   <trkpt lon="-4.554680" lat="37.001049"><ele>540.1</ele></trkpt>
   <trkpt lon="-4.554449" lat="37.001053"><ele>538.5</ele></trkpt>
   <trkpt lon="-4.554287" lat="37.001148"><ele>537.7</ele></trkpt>
   <trkpt lon="-4.554119" lat="37.001408"><ele>536.7</ele></trkpt>
   <trkpt lon="-4.554095" lat="37.001637"><ele>536.2</ele></trkpt>
   <trkpt lon="-4.553992" lat="37.001908"><ele>536.0</ele></trkpt>
   <trkpt lon="-4.553998" lat="37.002093"><ele>535.8</ele></trkpt>
   <trkpt lon="-4.554043" lat="37.002249"><ele>535.7</ele></trkpt>
   <trkpt lon="-4.554054" lat="37.002288"><ele>535.7</ele></trkpt>
   <trkpt lon="-4.554058" lat="37.002435"><ele>535.3</ele></trkpt>
   <trkpt lon="-4.553884" lat="37.002721"><ele>536.7</ele></trkpt>
   <trkpt lon="-4.553724" lat="37.002782"><ele>536.1</ele></trkpt>
   <trkpt lon="-4.553378" lat="37.002819"><ele>535.2</ele></trkpt>
   <trkpt lon="-4.553090" lat="37.002887"><ele>534.1</ele></trkpt>
   <trkpt lon="-4.553025" lat="37.002962"><ele>534.4</ele></trkpt>
   <trkpt lon="-4.552841" lat="37.003307"><ele>533.2</ele></trkpt>
   <trkpt lon="-4.552756" lat="37.003791"><ele>531.3</ele></trkpt>
   <trkpt lon="-4.552772" lat="37.003963"><ele>531.2</ele></trkpt>
   <trkpt lon="-4.552894" lat="37.004192"><ele>532.1</ele></trkpt>
   <trkpt lon="-4.553076" lat="37.004368"><ele>532.5</ele></trkpt>
   <trkpt lon="-4.553597" lat="37.004712"><ele>533.7</ele></trkpt>
   <trkpt lon="-4.553706" lat="37.004852"><ele>531.1</ele></trkpt>
   <trkpt lon="-4.553890" lat="37.005480"><ele>526.5</ele></trkpt>
   <trkpt lon="-4.554042" lat="37.006239"><ele>525.2</ele></trkpt>
   <trkpt lon="-4.554125" lat="37.006412"><ele>525.7</ele></trkpt>
   <trkpt lon="-4.554525" lat="37.006884"><ele>528.8</ele></trkpt>
   <trkpt lon="-4.555061" lat="37.007317"><ele>527.6</ele></trkpt>
   <trkpt lon="-4.555102" lat="37.007429"><ele>526.1</ele></trkpt>
   <trkpt lon="-4.555140" lat="37.007532"><ele>524.8</ele></trkpt>
   <trkpt lon="-4.555266" lat="37.007770"><ele>523.9</ele></trkpt>
   <trkpt lon="-4.555274" lat="37.007953"><ele>522.4</ele></trkpt>
   <trkpt lon="-4.555215" lat="37.008213"><ele>521.3</ele></trkpt>
   <trkpt lon="-4.555135" lat="37.008410"><ele>520.4</ele></trkpt>
   <trkpt lon="-4.554775" lat="37.008718"><ele>515.6</ele></trkpt>
   <trkpt lon="-4.554691" lat="37.008856"><ele>516.2</ele></trkpt>
   <trkpt lon="-4.554612" lat="37.009071"><ele>516.3</ele></trkpt>
   <trkpt lon="-4.554603" lat="37.009359"><ele>516.2</ele></trkpt>
   <trkpt lon="-4.554656" lat="37.009541"><ele>516.6</ele></trkpt>
   <trkpt lon="-4.554731" lat="37.009711"><ele>516.7</ele></trkpt>
   <trkpt lon="-4.554875" lat="37.009952"><ele>517.6</ele></trkpt>
   <trkpt lon="-4.555003" lat="37.010329"><ele>515.2</ele></trkpt>
   <trkpt lon="-4.555324" lat="37.010636"><ele>516.2</ele></trkpt>
   <trkpt lon="-4.555464" lat="37.010771"><ele>515.0</ele></trkpt>
   <trkpt lon="-4.555937" lat="37.010940"><ele>520.9</ele></trkpt>
   <trkpt lon="-4.556049" lat="37.011040"><ele>517.8</ele></trkpt>
   <trkpt lon="-4.556303" lat="37.011400"><ele>512.5</ele></trkpt>
   <trkpt lon="-4.556823" lat="37.011637"><ele>516.8</ele></trkpt>
   <trkpt lon="-4.557040" lat="37.011937"><ele>515.7</ele></trkpt>
   <trkpt lon="-4.556869" lat="37.012025"><ele>514.5</ele></trkpt>
   <trkpt lon="-4.556354" lat="37.012075"><ele>507.4</ele></trkpt>
   <trkpt lon="-4.556142" lat="37.012154"><ele>504.7</ele></trkpt>
   <trkpt lon="-4.555923" lat="37.012461"><ele>507.1</ele></trkpt>
   <trkpt lon="-4.555792" lat="37.012633"><ele>505.9</ele></trkpt>
   <trkpt lon="-4.555743" lat="37.012762"><ele>505.6</ele></trkpt>
   <trkpt lon="-4.555661" lat="37.012839"><ele>506.2</ele></trkpt>
   <trkpt lon="-4.555107" lat="37.013361"><ele>500.6</ele></trkpt>
   <trkpt lon="-4.555027" lat="37.013516"><ele>500.2</ele></trkpt>
   <trkpt lon="-4.555132" lat="37.014039"><ele>502.3</ele></trkpt>
   <trkpt lon="-4.555117" lat="37.014173"><ele>501.7</ele></trkpt>
   <trkpt lon="-4.555094" lat="37.014233"><ele>501.6</ele></trkpt>
   <trkpt lon="-4.555018" lat="37.014297"><ele>500.7</ele></trkpt>
   <trkpt lon="-4.554922" lat="37.014394"><ele>499.4</ele></trkpt>
   <trkpt lon="-4.554818" lat="37.014684"><ele>498.6</ele></trkpt>
   <trkpt lon="-4.554865" lat="37.014693"><ele>500.0</ele></trkpt>
   <trkpt lon="-4.554963" lat="37.014904"><ele>504.2</ele></trkpt>
   <trkpt lon="-4.555031" lat="37.015165"><ele>507.1</ele></trkpt>
   <trkpt lon="-4.554899" lat="37.015386"><ele>506.3</ele></trkpt>
   <trkpt lon="-4.554979" lat="37.015643"><ele>512.2</ele></trkpt>
   <trkpt lon="-4.555007" lat="37.015680"><ele>513.4</ele></trkpt>
   <trkpt lon="-4.555137" lat="37.015996"><ele>518.2</ele></trkpt>
   <trkpt lon="-4.555189" lat="37.015981"><ele>518.5</ele></trkpt>
   <trkpt lon="-4.555378" lat="37.015964"><ele>519.9</ele></trkpt>
   <trkpt lon="-4.555494" lat="37.015961"><ele>520.7</ele></trkpt>
   <trkpt lon="-4.555539" lat="37.015975"><ele>520.7</ele></trkpt>
   <trkpt lon="-4.555615" lat="37.015999"><ele>520.7</ele></trkpt>
   <trkpt lon="-4.555838" lat="37.016119"><ele>519.0</ele></trkpt>
   <trkpt lon="-4.555995" lat="37.016222"><ele>517.0</ele></trkpt>
   <trkpt lon="-4.556134" lat="37.016338"><ele>514.6</ele></trkpt>
   <trkpt lon="-4.556308" lat="37.016537"><ele>510.0</ele></trkpt>
   <trkpt lon="-4.556393" lat="37.016596"><ele>509.2</ele></trkpt>
   <trkpt lon="-4.556670" lat="37.016789"><ele>507.0</ele></trkpt>
   <trkpt lon="-4.556807" lat="37.016861"><ele>506.2</ele></trkpt>
   <trkpt lon="-4.556803" lat="37.016918"><ele>505.6</ele></trkpt>
   <trkpt lon="-4.556832" lat="37.016974"><ele>505.1</ele></trkpt>
   <trkpt lon="-4.557037" lat="37.017132"><ele>504.3</ele></trkpt>
   <trkpt lon="-4.557086" lat="37.017170"><ele>504.1</ele></trkpt>
   <trkpt lon="-4.557411" lat="37.017587"><ele>502.8</ele></trkpt>
   <trkpt lon="-4.557583" lat="37.017877"><ele>503.3</ele></trkpt>
   <trkpt lon="-4.558027" lat="37.018635"><ele>503.0</ele></trkpt>
   <trkpt lon="-4.558255" lat="37.018753"><ele>503.1</ele></trkpt>
   <trkpt lon="-4.558292" lat="37.018762"><ele>503.2</ele></trkpt>
   <trkpt lon="-4.558775" lat="37.018981"><ele>503.0</ele></trkpt>
   <trkpt lon="-4.559324" lat="37.019210"><ele>503.5</ele></trkpt>
   <trkpt lon="-4.559635" lat="37.019321"><ele>504.2</ele></trkpt>
   <trkpt lon="-4.560094" lat="37.019498"><ele>504.9</ele></trkpt>
   <trkpt lon="-4.560129" lat="37.019279"><ele>505.7</ele></trkpt>
   <trkpt lon="-4.560106" lat="37.018994"><ele>506.4</ele></trkpt>
   <trkpt lon="-4.560067" lat="37.018528"><ele>509.5</ele></trkpt>
   <trkpt lon="-4.559984" lat="37.017886"><ele>512.3</ele></trkpt>
   <trkpt lon="-4.559850" lat="37.017252"><ele>512.8</ele></trkpt>
   <trkpt lon="-4.559904" lat="37.017195"><ele>513.1</ele></trkpt>
   <trkpt lon="-4.560029" lat="37.017133"><ele>514.0</ele></trkpt>
   <trkpt lon="-4.559695" lat="37.016727"><ele>512.3</ele></trkpt>
   <trkpt lon="-4.559483" lat="37.016410"><ele>513.1</ele></trkpt>
   <trkpt lon="-4.559397" lat="37.016292"><ele>514.4</ele></trkpt>
   <trkpt lon="-4.559335" lat="37.016265"><ele>514.8</ele></trkpt>
   <trkpt lon="-4.559267" lat="37.016261"><ele>515.0</ele></trkpt>
   <trkpt lon="-4.559235" lat="37.016264"><ele>515.1</ele></trkpt>
   <trkpt lon="-4.559183" lat="37.016209"><ele>515.8</ele></trkpt>
   <trkpt lon="-4.558657" lat="37.015766"><ele>524.4</ele></trkpt>
   <trkpt lon="-4.558514" lat="37.015630"><ele>528.6</ele></trkpt>
   <trkpt lon="-4.558357" lat="37.015650"><ele>529.4</ele></trkpt>
   <trkpt lon="-4.558186" lat="37.015663"><ele>530.6</ele></trkpt>
   <trkpt lon="-4.557745" lat="37.015655"><ele>534.6</ele></trkpt>
   <trkpt lon="-4.557545" lat="37.015664"><ele>535.5</ele></trkpt>
   <trkpt lon="-4.556944" lat="37.015754"><ele>533.1</ele></trkpt>
   <trkpt lon="-4.556370" lat="37.015852"><ele>528.7</ele></trkpt>
   <trkpt lon="-4.556140" lat="37.015916"><ele>526.2</ele></trkpt>
   <trkpt lon="-4.555879" lat="37.015951"><ele>523.4</ele></trkpt>
   <trkpt lon="-4.555630" lat="37.015969"><ele>521.4</ele></trkpt>
   <trkpt lon="-4.555539" lat="37.015975"><ele>520.7</ele></trkpt>
   <trkpt lon="-4.555494" lat="37.015961"><ele>520.7</ele></trkpt>
   <trkpt lon="-4.555378" lat="37.015964"><ele>519.9</ele></trkpt>
   <trkpt lon="-4.555189" lat="37.015981"><ele>518.5</ele></trkpt>
   <trkpt lon="-4.555137" lat="37.015996"><ele>518.2</ele></trkpt>
   <trkpt lon="-4.555007" lat="37.015680"><ele>513.4</ele></trkpt>
   <trkpt lon="-4.555070" lat="37.015394"><ele>510.2</ele></trkpt>
   <trkpt lon="-4.555137" lat="37.015337"><ele>511.5</ele></trkpt>
   <trkpt lon="-4.555329" lat="37.014915"><ele>516.0</ele></trkpt>
   <trkpt lon="-4.555491" lat="37.014509"><ele>517.8</ele></trkpt>
   <trkpt lon="-4.555528" lat="37.014343"><ele>518.0</ele></trkpt>
   <trkpt lon="-4.555626" lat="37.013624"><ele>518.7</ele></trkpt>
   <trkpt lon="-4.555653" lat="37.013531"><ele>518.3</ele></trkpt>
   <trkpt lon="-4.555710" lat="37.013401"><ele>517.5</ele></trkpt>
   <trkpt lon="-4.555788" lat="37.013273"><ele>515.8</ele></trkpt>
   <trkpt lon="-4.556035" lat="37.012855"><ele>513.6</ele></trkpt>
   <trkpt lon="-4.556191" lat="37.012715"><ele>515.2</ele></trkpt>
   <trkpt lon="-4.556558" lat="37.012448"><ele>519.4</ele></trkpt>
   <trkpt lon="-4.556702" lat="37.012242"><ele>516.6</ele></trkpt>
   <trkpt lon="-4.556807" lat="37.012180"><ele>516.6</ele></trkpt>
   <trkpt lon="-4.556928" lat="37.012164"><ele>517.2</ele></trkpt>
   <trkpt lon="-4.557005" lat="37.012183"><ele>518.5</ele></trkpt>
   <trkpt lon="-4.557194" lat="37.012249"><ele>521.8</ele></trkpt>
   <trkpt lon="-4.557368" lat="37.012292"><ele>522.4</ele></trkpt>
   <trkpt lon="-4.557506" lat="37.012289"><ele>521.8</ele></trkpt>
   <trkpt lon="-4.557665" lat="37.012270"><ele>520.8</ele></trkpt>
   <trkpt lon="-4.557069" lat="37.011981"><ele>516.0</ele></trkpt>
   <trkpt lon="-4.557040" lat="37.011937"><ele>515.7</ele></trkpt>
   <trkpt lon="-4.556823" lat="37.011637"><ele>516.8</ele></trkpt>
   <trkpt lon="-4.556303" lat="37.011400"><ele>512.5</ele></trkpt>
   <trkpt lon="-4.556049" lat="37.011040"><ele>517.8</ele></trkpt>
   <trkpt lon="-4.555937" lat="37.010940"><ele>520.9</ele></trkpt>
   <trkpt lon="-4.555464" lat="37.010771"><ele>515.0</ele></trkpt>
   <trkpt lon="-4.555324" lat="37.010636"><ele>516.2</ele></trkpt>
   <trkpt lon="-4.555003" lat="37.010329"><ele>515.2</ele></trkpt>
   <trkpt lon="-4.554875" lat="37.009952"><ele>517.6</ele></trkpt>
   <trkpt lon="-4.554731" lat="37.009711"><ele>516.7</ele></trkpt>
   <trkpt lon="-4.554656" lat="37.009541"><ele>516.6</ele></trkpt>
   <trkpt lon="-4.554603" lat="37.009359"><ele>516.2</ele></trkpt>
   <trkpt lon="-4.554612" lat="37.009071"><ele>516.3</ele></trkpt>
   <trkpt lon="-4.554691" lat="37.008856"><ele>516.2</ele></trkpt>
   <trkpt lon="-4.554775" lat="37.008718"><ele>515.6</ele></trkpt>
   <trkpt lon="-4.555135" lat="37.008410"><ele>520.4</ele></trkpt>
   <trkpt lon="-4.555215" lat="37.008213"><ele>521.3</ele></trkpt>
   <trkpt lon="-4.555274" lat="37.007953"><ele>522.4</ele></trkpt>
   <trkpt lon="-4.555266" lat="37.007770"><ele>523.9</ele></trkpt>
   <trkpt lon="-4.555140" lat="37.007532"><ele>524.8</ele></trkpt>
   <trkpt lon="-4.555102" lat="37.007429"><ele>526.1</ele></trkpt>
   <trkpt lon="-4.555061" lat="37.007317"><ele>527.6</ele></trkpt>
   <trkpt lon="-4.554525" lat="37.006884"><ele>528.8</ele></trkpt>
   <trkpt lon="-4.554125" lat="37.006412"><ele>525.7</ele></trkpt>
   <trkpt lon="-4.554042" lat="37.006239"><ele>525.2</ele></trkpt>
   <trkpt lon="-4.553890" lat="37.005480"><ele>526.5</ele></trkpt>
   <trkpt lon="-4.553706" lat="37.004852"><ele>531.1</ele></trkpt>
   <trkpt lon="-4.553597" lat="37.004712"><ele>533.7</ele></trkpt>
   <trkpt lon="-4.553076" lat="37.004368"><ele>532.5</ele></trkpt>
   <trkpt lon="-4.552894" lat="37.004192"><ele>532.1</ele></trkpt>
   <trkpt lon="-4.552772" lat="37.003963"><ele>531.2</ele></trkpt>
   <trkpt lon="-4.552756" lat="37.003791"><ele>531.3</ele></trkpt>
   <trkpt lon="-4.552841" lat="37.003307"><ele>533.2</ele></trkpt>
   <trkpt lon="-4.553025" lat="37.002962"><ele>534.4</ele></trkpt>
   <trkpt lon="-4.553090" lat="37.002887"><ele>534.1</ele></trkpt>
   <trkpt lon="-4.553378" lat="37.002819"><ele>535.2</ele></trkpt>
   <trkpt lon="-4.553724" lat="37.002782"><ele>536.1</ele></trkpt>
   <trkpt lon="-4.553884" lat="37.002721"><ele>536.7</ele></trkpt>
   <trkpt lon="-4.554058" lat="37.002435"><ele>535.3</ele></trkpt>
   <trkpt lon="-4.554054" lat="37.002288"><ele>535.7</ele></trkpt>
   <trkpt lon="-4.554043" lat="37.002249"><ele>535.7</ele></trkpt>
   <trkpt lon="-4.553998" lat="37.002093"><ele>535.8</ele></trkpt>
   <trkpt lon="-4.553992" lat="37.001908"><ele>536.0</ele></trkpt>
   <trkpt lon="-4.554095" lat="37.001637"><ele>536.2</ele></trkpt>
   <trkpt lon="-4.554119" lat="37.001408"><ele>536.7</ele></trkpt>
   <trkpt lon="-4.554287" lat="37.001148"><ele>537.7</ele></trkpt>
   <trkpt lon="-4.554449" lat="37.001053"><ele>538.5</ele></trkpt>
   <trkpt lon="-4.554680" lat="37.001049"><ele>540.1</ele></trkpt>
   <trkpt lon="-4.554990" lat="37.001058"><ele>542.9</ele></trkpt>
   <trkpt lon="-4.555040" lat="37.001044"><ele>543.4</ele></trkpt>
   <trkpt lon="-4.554954" lat="37.001004"><ele>542.5</ele></trkpt>
   <trkpt lon="-4.554810" lat="37.000916"><ele>540.8</ele></trkpt>
   <trkpt lon="-4.554636" lat="37.000782"><ele>539.7</ele></trkpt>
   <trkpt lon="-4.554506" lat="37.000616"><ele>539.4</ele></trkpt>
   <trkpt lon="-4.554488" lat="37.000538"><ele>539.4</ele></trkpt>
   <trkpt lon="-4.554448" lat="37.000369"><ele>540.0</ele></trkpt>
   <trkpt lon="-4.554335" lat="36.999948"><ele>542.8</ele></trkpt>
   <trkpt lon="-4.554109" lat="36.999327"><ele>545.2</ele></trkpt>
   <trkpt lon="-4.553997" lat="36.998785"><ele>548.0</ele></trkpt>
   <trkpt lon="-4.553887" lat="36.998037"><ele>550.1</ele></trkpt>
   <trkpt lon="-4.553535" lat="36.997568"><ele>551.2</ele></trkpt>
   <trkpt lon="-4.553457" lat="36.997347"><ele>551.7</ele></trkpt>
   <trkpt lon="-4.553382" lat="36.997167"><ele>552.6</ele></trkpt>
   <trkpt lon="-4.553207" lat="36.996977"><ele>555.7</ele></trkpt>
   <trkpt lon="-4.553011" lat="36.996800"><ele>559.1</ele></trkpt>
   <trkpt lon="-4.552836" lat="36.996666"><ele>562.0</ele></trkpt>
   <trkpt lon="-4.552516" lat="36.996516"><ele>566.6</ele></trkpt>
   <trkpt lon="-4.552163" lat="36.996456"><ele>567.7</ele></trkpt>
   <trkpt lon="-4.551825" lat="36.996377"><ele>567.1</ele></trkpt>
   <trkpt lon="-4.551536" lat="36.996209"><ele>567.2</ele></trkpt>
   <trkpt lon="-4.551253" lat="36.995980"><ele>565.9</ele></trkpt>
   <trkpt lon="-4.551094" lat="36.995738"><ele>565.5</ele></trkpt>
   <trkpt lon="-4.550939" lat="36.995448"><ele>566.4</ele></trkpt>
   <trkpt lon="-4.550790" lat="36.995262"><ele>567.1</ele></trkpt>
   <trkpt lon="-4.550604" lat="36.995046"><ele>567.7</ele></trkpt>
   <trkpt lon="-4.550224" lat="36.994805"><ele>567.6</ele></trkpt>
   <trkpt lon="-4.548794" lat="36.993755"><ele>571.7</ele></trkpt>
   <trkpt lon="-4.548463" lat="36.993589"><ele>573.2</ele></trkpt>
   <trkpt lon="-4.548120" lat="36.993449"><ele>574.4</ele></trkpt>
   <trkpt lon="-4.547536" lat="36.993224"><ele>574.0</ele></trkpt>
   <trkpt lon="-4.546951" lat="36.992977"><ele>575.4</ele></trkpt>
   <trkpt lon="-4.546589" lat="36.992803"><ele>576.4</ele></trkpt>
   <trkpt lon="-4.546113" lat="36.992507"><ele>577.2</ele></trkpt>
   <trkpt lon="-4.545689" lat="36.992218"><ele>577.5</ele></trkpt>
   <trkpt lon="-4.545438" lat="36.992081"><ele>578.6</ele></trkpt>
   <trkpt lon="-4.545168" lat="36.992008"><ele>579.4</ele></trkpt>
   <trkpt lon="-4.544396" lat="36.991968"><ele>579.8</ele></trkpt>
   <trkpt lon="-4.544208" lat="36.991916"><ele>579.1</ele></trkpt>
   <trkpt lon="-4.544016" lat="36.991835"><ele>579.0</ele></trkpt>
   <trkpt lon="-4.542631" lat="36.990935"><ele>577.9</ele></trkpt>
   <trkpt lon="-4.542340" lat="36.990712"><ele>577.4</ele></trkpt>
   <trkpt lon="-4.542256" lat="36.990541"><ele>577.5</ele></trkpt>
   <trkpt lon="-4.542196" lat="36.990257"><ele>577.5</ele></trkpt>
   <trkpt lon="-4.542048" lat="36.989390"><ele>578.8</ele></trkpt>
   <trkpt lon="-4.541976" lat="36.989056"><ele>579.3</ele></trkpt>
   <trkpt lon="-4.541963" lat="36.988993"><ele>579.5</ele></trkpt>
   <trkpt lon="-4.541874" lat="36.988696"><ele>580.3</ele></trkpt>
   <trkpt lon="-4.541639" lat="36.988285"><ele>579.5</ele></trkpt>
   <trkpt lon="-4.541316" lat="36.987741"><ele>579.0</ele></trkpt>
   <trkpt lon="-4.541197" lat="36.987583"><ele>579.1</ele></trkpt>
   <trkpt lon="-4.541007" lat="36.987362"><ele>579.0</ele></trkpt>
   <trkpt lon="-4.540772" lat="36.987195"><ele>579.0</ele></trkpt>
   <trkpt lon="-4.540540" lat="36.987127"><ele>579.0</ele></trkpt>
   <trkpt lon="-4.540283" lat="36.987077"><ele>579.7</ele></trkpt>
   <trkpt lon="-4.540035" lat="36.987062"><ele>580.9</ele></trkpt>
   <trkpt lon="-4.539248" lat="36.987032"><ele>585.3</ele></trkpt>
   <trkpt lon="-4.537465" lat="36.986946"><ele>591.8</ele></trkpt>
   <trkpt lon="-4.534301" lat="36.986783"><ele>593.7</ele></trkpt>
   <trkpt lon="-4.533457" lat="36.986792"><ele>595.8</ele></trkpt>
   <trkpt lon="-4.533206" lat="36.986778"><ele>597.5</ele></trkpt>
   <trkpt lon="-4.533045" lat="36.986743"><ele>598.9</ele></trkpt>
   <trkpt lon="-4.532895" lat="36.986689"><ele>600.2</ele></trkpt>
   <trkpt lon="-4.532413" lat="36.986471"><ele>603.3</ele></trkpt>
   <trkpt lon="-4.532340" lat="36.986433"><ele>603.3</ele></trkpt>
   <trkpt lon="-4.532067" lat="36.986381"><ele>604.1</ele></trkpt>
   <trkpt lon="-4.531812" lat="36.986363"><ele>605.1</ele></trkpt>
   <trkpt lon="-4.531528" lat="36.986396"><ele>606.2</ele></trkpt>
   <trkpt lon="-4.530889" lat="36.986541"><ele>609.5</ele></trkpt>
   <trkpt lon="-4.530713" lat="36.986557"><ele>610.7</ele></trkpt>
   <trkpt lon="-4.530580" lat="36.986548"><ele>611.5</ele></trkpt>
   <trkpt lon="-4.530014" lat="36.986490"><ele>611.9</ele></trkpt>
   <trkpt lon="-4.529768" lat="36.986528"><ele>612.4</ele></trkpt>
   <trkpt lon="-4.529641" lat="36.986589"><ele>613.0</ele></trkpt>
   <trkpt lon="-4.529520" lat="36.986670"><ele>613.6</ele></trkpt>
   <trkpt lon="-4.529204" lat="36.987079"><ele>619.2</ele></trkpt>
   <trkpt lon="-4.529002" lat="36.987224"><ele>622.9</ele></trkpt>
   <trkpt lon="-4.528861" lat="36.987266"><ele>625.5</ele></trkpt>
   <trkpt lon="-4.528738" lat="36.987257"><ele>626.6</ele></trkpt>
   <trkpt lon="-4.528609" lat="36.987193"><ele>627.0</ele></trkpt>
   <trkpt lon="-4.528512" lat="36.987056"><ele>626.7</ele></trkpt>
   <trkpt lon="-4.528378" lat="36.986906"><ele>625.5</ele></trkpt>
   <trkpt lon="-4.528265" lat="36.986818"><ele>624.7</ele></trkpt>
   <trkpt lon="-4.528035" lat="36.986713"><ele>623.7</ele></trkpt>
   <trkpt lon="-4.527032" lat="36.986254"><ele>635.5</ele></trkpt>
   <trkpt lon="-4.526138" lat="36.985878"><ele>642.4</ele></trkpt>
   <trkpt lon="-4.525407" lat="36.985556"><ele>640.0</ele></trkpt>
   <trkpt lon="-4.524953" lat="36.985311"><ele>640.5</ele></trkpt>
   <trkpt lon="-4.524714" lat="36.985158"><ele>641.1</ele></trkpt>
   <trkpt lon="-4.523663" lat="36.984487"><ele>645.3</ele></trkpt>
   <trkpt lon="-4.523331" lat="36.984318"><ele>648.5</ele></trkpt>
   <trkpt lon="-4.523189" lat="36.984276"><ele>649.5</ele></trkpt>
   <trkpt lon="-4.522493" lat="36.984102"><ele>650.6</ele></trkpt>
   <trkpt lon="-4.521791" lat="36.983891"><ele>653.3</ele></trkpt>
   <trkpt lon="-4.520861" lat="36.983629"><ele>658.7</ele></trkpt>
   <trkpt lon="-4.520453" lat="36.983524"><ele>662.2</ele></trkpt>
   <trkpt lon="-4.520016" lat="36.983435"><ele>665.5</ele></trkpt>
   <trkpt lon="-4.519520" lat="36.983384"><ele>670.3</ele></trkpt>
   <trkpt lon="-4.519046" lat="36.983365"><ele>673.0</ele></trkpt>
   <trkpt lon="-4.518695" lat="36.983372"><ele>673.3</ele></trkpt>
   <trkpt lon="-4.518367" lat="36.983348"><ele>675.2</ele></trkpt>
   <trkpt lon="-4.517740" lat="36.983260"><ele>682.9</ele></trkpt>
   <trkpt lon="-4.517404" lat="36.983260"><ele>684.6</ele></trkpt>
   <trkpt lon="-4.517030" lat="36.983319"><ele>682.8</ele></trkpt>
   <trkpt lon="-4.516722" lat="36.983335"><ele>682.3</ele></trkpt>
   <trkpt lon="-4.516395" lat="36.983285"><ele>684.4</ele></trkpt>
   <trkpt lon="-4.515681" lat="36.983118"><ele>688.3</ele></trkpt>
   <trkpt lon="-4.514602" lat="36.982799"><ele>696.5</ele></trkpt>
   <trkpt lon="-4.514238" lat="36.982698"><ele>698.0</ele></trkpt>
   <trkpt lon="-4.513847" lat="36.982543"><ele>701.1</ele></trkpt>
   <trkpt lon="-4.513562" lat="36.982411"><ele>704.4</ele></trkpt>
   <trkpt lon="-4.513094" lat="36.982227"><ele>710.5</ele></trkpt>
   <trkpt lon="-4.512307" lat="36.981965"><ele>718.1</ele></trkpt>
   <trkpt lon="-4.510655" lat="36.981219"><ele>735.5</ele></trkpt>
   <trkpt lon="-4.510438" lat="36.981160"><ele>737.1</ele></trkpt>
   <trkpt lon="-4.510138" lat="36.981144"><ele>738.6</ele></trkpt>
   <trkpt lon="-4.509952" lat="36.981155"><ele>739.1</ele></trkpt>
   <trkpt lon="-4.509678" lat="36.981154"><ele>739.8</ele></trkpt>
   <trkpt lon="-4.509514" lat="36.981128"><ele>739.6</ele></trkpt>
   <trkpt lon="-4.509369" lat="36.981076"><ele>740.2</ele></trkpt>
   <trkpt lon="-4.509161" lat="36.980943"><ele>741.9</ele></trkpt>
   <trkpt lon="-4.508870" lat="36.980729"><ele>744.8</ele></trkpt>
   <trkpt lon="-4.508549" lat="36.980456"><ele>747.3</ele></trkpt>
   <trkpt lon="-4.508226" lat="36.980141"><ele>751.1</ele></trkpt>
   <trkpt lon="-4.507943" lat="36.979906"><ele>754.3</ele></trkpt>
   <trkpt lon="-4.507728" lat="36.979757"><ele>755.5</ele></trkpt>
   <trkpt lon="-4.506885" lat="36.979285"><ele>762.8</ele></trkpt>
   <trkpt lon="-4.506002" lat="36.978736"><ele>765.1</ele></trkpt>
   <trkpt lon="-4.505448" lat="36.978357"><ele>768.3</ele></trkpt>
   <trkpt lon="-4.505021" lat="36.978014"><ele>775.5</ele></trkpt>
   <trkpt lon="-4.504045" lat="36.977452"><ele>780.8</ele></trkpt>
   <trkpt lon="-4.503289" lat="36.976947"><ele>789.2</ele></trkpt>
   <trkpt lon="-4.502599" lat="36.976638"><ele>794.9</ele></trkpt>
   <trkpt lon="-4.501871" lat="36.976237"><ele>802.3</ele></trkpt>
   <trkpt lon="-4.501318" lat="36.975973"><ele>808.9</ele></trkpt>
   <trkpt lon="-4.500834" lat="36.975833"><ele>810.0</ele></trkpt>
   <trkpt lon="-4.500303" lat="36.975621"><ele>813.4</ele></trkpt>
   <trkpt lon="-4.499634" lat="36.975260"><ele>822.0</ele></trkpt>
   <trkpt lon="-4.499345" lat="36.975136"><ele>823.1</ele></trkpt>
   <trkpt lon="-4.499162" lat="36.975058"><ele>822.7</ele></trkpt>
   <trkpt lon="-4.498831" lat="36.974836"><ele>825.2</ele></trkpt>
   <trkpt lon="-4.498380" lat="36.974583"><ele>826.9</ele></trkpt>
   <trkpt lon="-4.497892" lat="36.974345"><ele>830.6</ele></trkpt>
   <trkpt lon="-4.497339" lat="36.974089"><ele>834.2</ele></trkpt>
   <trkpt lon="-4.496956" lat="36.973899"><ele>837.4</ele></trkpt>
   <trkpt lon="-4.496748" lat="36.973805"><ele>838.8</ele></trkpt>
   <trkpt lon="-4.496530" lat="36.973767"><ele>839.3</ele></trkpt>
   <trkpt lon="-4.496271" lat="36.973768"><ele>839.7</ele></trkpt>
   <trkpt lon="-4.496033" lat="36.973755"><ele>841.4</ele></trkpt>
   <trkpt lon="-4.495720" lat="36.973747"><ele>844.0</ele></trkpt>
   <trkpt lon="-4.495522" lat="36.973771"><ele>845.3</ele></trkpt>
   <trkpt lon="-4.495366" lat="36.973831"><ele>845.6</ele></trkpt>
   <trkpt lon="-4.494914" lat="36.974021"><ele>846.7</ele></trkpt>
   <trkpt lon="-4.494821" lat="36.974051"><ele>847.0</ele></trkpt>
   <trkpt lon="-4.494747" lat="36.974057"><ele>847.6</ele></trkpt>
   <trkpt lon="-4.494674" lat="36.974003"><ele>849.1</ele></trkpt>
   <trkpt lon="-4.494663" lat="36.973943"><ele>850.1</ele></trkpt>
   <trkpt lon="-4.494692" lat="36.973893"><ele>850.5</ele></trkpt>
   <trkpt lon="-4.495100" lat="36.973440"><ele>857.3</ele></trkpt>
   <trkpt lon="-4.495116" lat="36.973391"><ele>858.3</ele></trkpt>
   <trkpt lon="-4.495100" lat="36.973341"><ele>860.0</ele></trkpt>
   <trkpt lon="-4.495048" lat="36.973313"><ele>861.8</ele></trkpt>
   <trkpt lon="-4.494996" lat="36.973312"><ele>862.7</ele></trkpt>
   <trkpt lon="-4.494910" lat="36.973344"><ele>863.3</ele></trkpt>
   <trkpt lon="-4.494817" lat="36.973404"><ele>863.0</ele></trkpt>
   <trkpt lon="-4.494676" lat="36.973475"><ele>862.8</ele></trkpt>
   <trkpt lon="-4.494520" lat="36.973547"><ele>863.1</ele></trkpt>
   <trkpt lon="-4.494343" lat="36.973618"><ele>864.0</ele></trkpt>
   <trkpt lon="-4.494127" lat="36.973685"><ele>864.3</ele></trkpt>
   <trkpt lon="-4.493930" lat="36.973728"><ele>864.5</ele></trkpt>
   <trkpt lon="-4.493617" lat="36.973755"><ele>864.9</ele></trkpt>
   <trkpt lon="-4.493206" lat="36.973774"><ele>864.8</ele></trkpt>
   <trkpt lon="-4.492709" lat="36.973812"><ele>865.4</ele></trkpt>
   <trkpt lon="-4.492553" lat="36.973818"><ele>866.1</ele></trkpt>
   <trkpt lon="-4.492432" lat="36.973808"><ele>866.9</ele></trkpt>
   <trkpt lon="-4.492367" lat="36.973785"><ele>867.6</ele></trkpt>
   <trkpt lon="-4.492353" lat="36.973720"><ele>868.4</ele></trkpt>
   <trkpt lon="-4.492383" lat="36.973664"><ele>869.0</ele></trkpt>
   <trkpt lon="-4.492421" lat="36.973634"><ele>869.2</ele></trkpt>
   <trkpt lon="-4.492505" lat="36.973588"><ele>869.5</ele></trkpt>
   <trkpt lon="-4.492716" lat="36.973518"><ele>870.4</ele></trkpt>
   <trkpt lon="-4.492954" lat="36.973463"><ele>872.4</ele></trkpt>
   <trkpt lon="-4.493208" lat="36.973431"><ele>874.2</ele></trkpt>
   <trkpt lon="-4.493496" lat="36.973411"><ele>876.1</ele></trkpt>
   <trkpt lon="-4.493667" lat="36.973380"><ele>878.0</ele></trkpt>
   <trkpt lon="-4.493909" lat="36.973284"><ele>880.6</ele></trkpt>
   <trkpt lon="-4.494177" lat="36.973152"><ele>882.4</ele></trkpt>
   <trkpt lon="-4.494422" lat="36.972992"><ele>884.3</ele></trkpt>
   <trkpt lon="-4.495058" lat="36.972484"><ele>888.8</ele></trkpt>
   <trkpt lon="-4.495286" lat="36.972307"><ele>890.4</ele></trkpt>
   <trkpt lon="-4.495513" lat="36.972170"><ele>891.4</ele></trkpt>
   <trkpt lon="-4.495789" lat="36.972033"><ele>891.0</ele></trkpt>
   <trkpt lon="-4.495887" lat="36.971997"><ele>890.9</ele></trkpt>
   <trkpt lon="-4.496142" lat="36.971902"><ele>891.5</ele></trkpt>
   <trkpt lon="-4.496429" lat="36.971809"><ele>891.8</ele></trkpt>
   <trkpt lon="-4.496678" lat="36.971715"><ele>891.5</ele></trkpt>
   <trkpt lon="-4.496855" lat="36.971605"><ele>892.1</ele></trkpt>
   <trkpt lon="-4.497094" lat="36.971391"><ele>892.4</ele></trkpt>
   <trkpt lon="-4.497209" lat="36.971305"><ele>892.6</ele></trkpt>
   <trkpt lon="-4.497311" lat="36.971263"><ele>892.7</ele></trkpt>
   <trkpt lon="-4.497735" lat="36.971114"><ele>894.0</ele></trkpt>
   <trkpt lon="-4.498238" lat="36.970855"><ele>895.4</ele></trkpt>
   <trkpt lon="-4.498764" lat="36.970571"><ele>897.9</ele></trkpt>
   <trkpt lon="-4.499958" lat="36.969905"><ele>908.8</ele></trkpt>
   <trkpt lon="-4.500160" lat="36.969787"><ele>911.2</ele></trkpt>
   <trkpt lon="-4.500253" lat="36.969738"><ele>912.8</ele></trkpt>
   <trkpt lon="-4.500366" lat="36.969704"><ele>914.7</ele></trkpt>
   <trkpt lon="-4.500444" lat="36.969713"><ele>915.7</ele></trkpt>
   <trkpt lon="-4.500492" lat="36.969777"><ele>916.1</ele></trkpt>
   <trkpt lon="-4.500485" lat="36.969862"><ele>916.0</ele></trkpt>
   <trkpt lon="-4.500337" lat="36.970222"><ele>914.8</ele></trkpt>
   <trkpt lon="-4.500339" lat="36.970348"><ele>916.0</ele></trkpt>
   <trkpt lon="-4.500382" lat="36.970410"><ele>917.4</ele></trkpt>
   <trkpt lon="-4.500455" lat="36.970450"><ele>919.4</ele></trkpt>
   <trkpt lon="-4.500541" lat="36.970461"><ele>920.9</ele></trkpt>
   <trkpt lon="-4.500645" lat="36.970407"><ele>921.9</ele></trkpt>
   <trkpt lon="-4.500968" lat="36.970064"><ele>924.2</ele></trkpt>
   <trkpt lon="-4.501244" lat="36.969810"><ele>927.6</ele></trkpt>
   <trkpt lon="-4.501498" lat="36.969605"><ele>931.8</ele></trkpt>
   <trkpt lon="-4.501750" lat="36.969425"><ele>935.5</ele></trkpt>
   <trkpt lon="-4.502073" lat="36.969254"><ele>940.6</ele></trkpt>
   <trkpt lon="-4.502377" lat="36.969117"><ele>943.7</ele></trkpt>
   <trkpt lon="-4.502694" lat="36.968945"><ele>948.3</ele></trkpt>
   <trkpt lon="-4.503012" lat="36.968728"><ele>953.5</ele></trkpt>
   <trkpt lon="-4.503332" lat="36.968439"><ele>959.6</ele></trkpt>
   <trkpt lon="-4.503863" lat="36.967861"><ele>959.2</ele></trkpt>
   <trkpt lon="-4.504098" lat="36.967666"><ele>957.0</ele></trkpt>
   <trkpt lon="-4.504448" lat="36.967467"><ele>953.9</ele></trkpt>
   <trkpt lon="-4.504786" lat="36.967287"><ele>951.6</ele></trkpt>
   <trkpt lon="-4.505408" lat="36.966998"><ele>950.4</ele></trkpt>
   <trkpt lon="-4.506090" lat="36.966716"><ele>949.2</ele></trkpt>
   <trkpt lon="-4.506380" lat="36.966613"><ele>950.9</ele></trkpt>
   <trkpt lon="-4.506665" lat="36.966532"><ele>953.4</ele></trkpt>
   <trkpt lon="-4.507157" lat="36.966417"><ele>955.2</ele></trkpt>
   <trkpt lon="-4.507554" lat="36.966262"><ele>953.0</ele></trkpt>
   <trkpt lon="-4.508116" lat="36.965987"><ele>949.1</ele></trkpt>
   <trkpt lon="-4.509518" lat="36.965244"><ele>940.2</ele></trkpt>
   <trkpt lon="-4.509764" lat="36.965074"><ele>940.4</ele></trkpt>
   <trkpt lon="-4.510473" lat="36.964515"><ele>945.1</ele></trkpt>
   <trkpt lon="-4.510846" lat="36.964290"><ele>946.9</ele></trkpt>
   <trkpt lon="-4.511075" lat="36.964159"><ele>947.3</ele></trkpt>
   <trkpt lon="-4.512188" lat="36.963534"><ele>946.5</ele></trkpt>
   <trkpt lon="-4.514095" lat="36.962486"><ele>941.3</ele></trkpt>
   <trkpt lon="-4.515093" lat="36.961855"><ele>937.7</ele></trkpt>
   <trkpt lon="-4.515359" lat="36.961621"><ele>935.8</ele></trkpt>
   <trkpt lon="-4.515498" lat="36.961445"><ele>934.9</ele></trkpt>
   <trkpt lon="-4.515667" lat="36.961162"><ele>934.4</ele></trkpt>
   <trkpt lon="-4.515779" lat="36.960994"><ele>934.2</ele></trkpt>
   <trkpt lon="-4.515862" lat="36.960908"><ele>934.4</ele></trkpt>
   <trkpt lon="-4.515945" lat="36.960851"><ele>934.5</ele></trkpt>
   <trkpt lon="-4.516659" lat="36.960430"><ele>934.3</ele></trkpt>
   <trkpt lon="-4.516878" lat="36.960260"><ele>935.8</ele></trkpt>
   <trkpt lon="-4.517033" lat="36.960085"><ele>938.5</ele></trkpt>
   <trkpt lon="-4.517254" lat="36.959788"><ele>942.5</ele></trkpt>
   <trkpt lon="-4.517373" lat="36.959675"><ele>943.8</ele></trkpt>
   <trkpt lon="-4.517595" lat="36.959563"><ele>945.3</ele></trkpt>
   <trkpt lon="-4.517858" lat="36.959476"><ele>943.8</ele></trkpt>
   <trkpt lon="-4.517973" lat="36.959407"><ele>942.1</ele></trkpt>
   <trkpt lon="-4.518032" lat="36.959334"><ele>940.5</ele></trkpt>
   <trkpt lon="-4.518081" lat="36.959157"><ele>936.8</ele></trkpt>
   <trkpt lon="-4.518161" lat="36.958954"><ele>932.7</ele></trkpt>
   <trkpt lon="-4.518265" lat="36.958818"><ele>931.1</ele></trkpt>
   <trkpt lon="-4.518420" lat="36.958701"><ele>932.0</ele></trkpt>
   <trkpt lon="-4.518614" lat="36.958626"><ele>932.7</ele></trkpt>
   <trkpt lon="-4.519033" lat="36.958546"><ele>930.1</ele></trkpt>
   <trkpt lon="-4.519201" lat="36.958469"><ele>928.7</ele></trkpt>
   <trkpt lon="-4.519310" lat="36.958364"><ele>928.4</ele></trkpt>
   <trkpt lon="-4.519373" lat="36.958234"><ele>928.2</ele></trkpt>
   <trkpt lon="-4.519427" lat="36.957705"><ele>921.9</ele></trkpt>
   <trkpt lon="-4.519484" lat="36.957554"><ele>920.9</ele></trkpt>
   <trkpt lon="-4.519563" lat="36.957408"><ele>920.1</ele></trkpt>
   <trkpt lon="-4.519775" lat="36.957164"><ele>919.0</ele></trkpt>
   <trkpt lon="-4.519953" lat="36.957019"><ele>919.4</ele></trkpt>
   <trkpt lon="-4.520992" lat="36.956428"><ele>913.5</ele></trkpt>
   <trkpt lon="-4.521336" lat="36.956200"><ele>911.3</ele></trkpt>
   <trkpt lon="-4.521695" lat="36.955914"><ele>909.0</ele></trkpt>
   <trkpt lon="-4.521922" lat="36.955681"><ele>910.0</ele></trkpt>
   <trkpt lon="-4.522266" lat="36.955389"><ele>907.3</ele></trkpt>
   <trkpt lon="-4.523527" lat="36.954666"><ele>905.0</ele></trkpt>
   <trkpt lon="-4.524126" lat="36.954272"><ele>904.8</ele></trkpt>
   <trkpt lon="-4.524435" lat="36.954006"><ele>905.9</ele></trkpt>
   <trkpt lon="-4.524597" lat="36.953877"><ele>906.3</ele></trkpt>
   <trkpt lon="-4.524767" lat="36.953771"><ele>906.8</ele></trkpt>
   <trkpt lon="-4.525023" lat="36.953660"><ele>905.0</ele></trkpt>
   <trkpt lon="-4.525306" lat="36.953588"><ele>903.4</ele></trkpt>
   <trkpt lon="-4.525833" lat="36.953487"><ele>898.5</ele></trkpt>
   <trkpt lon="-4.526336" lat="36.953327"><ele>893.8</ele></trkpt>
   <trkpt lon="-4.526972" lat="36.952941"><ele>889.4</ele></trkpt>
   <trkpt lon="-4.527223" lat="36.952835"><ele>889.6</ele></trkpt>
   <trkpt lon="-4.528340" lat="36.952489"><ele>889.5</ele></trkpt>
   <trkpt lon="-4.528507" lat="36.952387"><ele>888.7</ele></trkpt>
   <trkpt lon="-4.529598" lat="36.951386"><ele>885.8</ele></trkpt>
   <trkpt lon="-4.529645" lat="36.951181"><ele>883.9</ele></trkpt>
   <trkpt lon="-4.529635" lat="36.950814"><ele>882.4</ele></trkpt>
   <trkpt lon="-4.529693" lat="36.950619"><ele>881.9</ele></trkpt>
   <trkpt lon="-4.529805" lat="36.950503"><ele>881.6</ele></trkpt>
   <trkpt lon="-4.529926" lat="36.950428"><ele>880.9</ele></trkpt>
   <trkpt lon="-4.530763" lat="36.950108"><ele>873.3</ele></trkpt>
   <trkpt lon="-4.531188" lat="36.949939"><ele>870.4</ele></trkpt>
   <trkpt lon="-4.531478" lat="36.949786"><ele>868.6</ele></trkpt>
   <trkpt lon="-4.531646" lat="36.949668"><ele>867.4</ele></trkpt>
   <trkpt lon="-4.531806" lat="36.949539"><ele>865.8</ele></trkpt>
   <trkpt lon="-4.532223" lat="36.949104"><ele>859.3</ele></trkpt>
   <trkpt lon="-4.532500" lat="36.948780"><ele>855.4</ele></trkpt>
   <trkpt lon="-4.532595" lat="36.948630"><ele>854.4</ele></trkpt>
   <trkpt lon="-4.532717" lat="36.948322"><ele>852.4</ele></trkpt>
   <trkpt lon="-4.532774" lat="36.948254"><ele>852.0</ele></trkpt>
   <trkpt lon="-4.532903" lat="36.948169"><ele>851.3</ele></trkpt>
   <trkpt lon="-4.533034" lat="36.948121"><ele>851.0</ele></trkpt>
   <trkpt lon="-4.533525" lat="36.947990"><ele>850.0</ele></trkpt>
   <trkpt lon="-4.533650" lat="36.947962"><ele>849.6</ele></trkpt>
   <trkpt lon="-4.533786" lat="36.947910"><ele>848.9</ele></trkpt>
   <trkpt lon="-4.533917" lat="36.947817"><ele>847.8</ele></trkpt>
   <trkpt lon="-4.533976" lat="36.947742"><ele>847.0</ele></trkpt>
   <trkpt lon="-4.534055" lat="36.947550"><ele>845.5</ele></trkpt>
   <trkpt lon="-4.534186" lat="36.947177"><ele>843.6</ele></trkpt>
   <trkpt lon="-4.534284" lat="36.947050"><ele>842.1</ele></trkpt>
   <trkpt lon="-4.534413" lat="36.946947"><ele>841.5</ele></trkpt>
   <trkpt lon="-4.535068" lat="36.946605"><ele>838.5</ele></trkpt>
   <trkpt lon="-4.535723" lat="36.946294"><ele>841.3</ele></trkpt>
   <trkpt lon="-4.536073" lat="36.946066"><ele>839.4</ele></trkpt>
   <trkpt lon="-4.536235" lat="36.945931"><ele>838.1</ele></trkpt>
   <trkpt lon="-4.536405" lat="36.945718"><ele>836.8</ele></trkpt>
   <trkpt lon="-4.536684" lat="36.945286"><ele>833.8</ele></trkpt>
   <trkpt lon="-4.536785" lat="36.945144"><ele>831.8</ele></trkpt>
   <trkpt lon="-4.536809" lat="36.945061"><ele>830.4</ele></trkpt>
   <trkpt lon="-4.536786" lat="36.945007"><ele>829.3</ele></trkpt>
   <trkpt lon="-4.536730" lat="36.944967"><ele>828.3</ele></trkpt>
   <trkpt lon="-4.536606" lat="36.944954"><ele>826.9</ele></trkpt>
   <trkpt lon="-4.536238" lat="36.944958"><ele>821.6</ele></trkpt>
   <trkpt lon="-4.536169" lat="36.944933"><ele>820.1</ele></trkpt>
   <trkpt lon="-4.536141" lat="36.944882"><ele>818.8</ele></trkpt>
   <trkpt lon="-4.536138" lat="36.944835"><ele>818.0</ele></trkpt>
   <trkpt lon="-4.536153" lat="36.944758"><ele>817.2</ele></trkpt>
   <trkpt lon="-4.536189" lat="36.944642"><ele>816.1</ele></trkpt>
   <trkpt lon="-4.536357" lat="36.944103"><ele>811.3</ele></trkpt>
   <trkpt lon="-4.536380" lat="36.943918"><ele>808.5</ele></trkpt>
   <trkpt lon="-4.536339" lat="36.943825"><ele>807.0</ele></trkpt>
   <trkpt lon="-4.536262" lat="36.943751"><ele>805.0</ele></trkpt>
   <trkpt lon="-4.536125" lat="36.943674"><ele>802.6</ele></trkpt>
   <trkpt lon="-4.535957" lat="36.943622"><ele>800.8</ele></trkpt>
   <trkpt lon="-4.535698" lat="36.943614"><ele>798.6</ele></trkpt>
   <trkpt lon="-4.535399" lat="36.943648"><ele>795.9</ele></trkpt>
   <trkpt lon="-4.535199" lat="36.943647"><ele>793.7</ele></trkpt>
   <trkpt lon="-4.535029" lat="36.943599"><ele>791.7</ele></trkpt>
   <trkpt lon="-4.534902" lat="36.943497"><ele>790.3</ele></trkpt>
   <trkpt lon="-4.534795" lat="36.943314"><ele>789.0</ele></trkpt>
   <trkpt lon="-4.534761" lat="36.943176"><ele>788.8</ele></trkpt>
   <trkpt lon="-4.534795" lat="36.942489"><ele>781.9</ele></trkpt>
   <trkpt lon="-4.534824" lat="36.942343"><ele>778.2</ele></trkpt>
   <trkpt lon="-4.534907" lat="36.942259"><ele>776.0</ele></trkpt>
   <trkpt lon="-4.535080" lat="36.942200"><ele>774.3</ele></trkpt>
   <trkpt lon="-4.535429" lat="36.942172"><ele>773.4</ele></trkpt>
   <trkpt lon="-4.535671" lat="36.942140"><ele>772.5</ele></trkpt>
   <trkpt lon="-4.535751" lat="36.942079"><ele>770.8</ele></trkpt>
   <trkpt lon="-4.535749" lat="36.941998"><ele>768.6</ele></trkpt>
   <trkpt lon="-4.535662" lat="36.941921"><ele>766.2</ele></trkpt>
   <trkpt lon="-4.535520" lat="36.941853"><ele>764.2</ele></trkpt>
   <trkpt lon="-4.534169" lat="36.941493"><ele>752.0</ele></trkpt>
   <trkpt lon="-4.532693" lat="36.941106"><ele>736.2</ele></trkpt>
   <trkpt lon="-4.532570" lat="36.941061"><ele>734.4</ele></trkpt>
   <trkpt lon="-4.532481" lat="36.940974"><ele>732.2</ele></trkpt>
   <trkpt lon="-4.532456" lat="36.940878"><ele>730.5</ele></trkpt>
   <trkpt lon="-4.532455" lat="36.940689"><ele>727.7</ele></trkpt>
   <trkpt lon="-4.532507" lat="36.940521"><ele>725.8</ele></trkpt>
   <trkpt lon="-4.532765" lat="36.940223"><ele>724.2</ele></trkpt>
   <trkpt lon="-4.532885" lat="36.940061"><ele>722.7</ele></trkpt>
   <trkpt lon="-4.532915" lat="36.939971"><ele>721.5</ele></trkpt>
   <trkpt lon="-4.532906" lat="36.939838"><ele>719.6</ele></trkpt>
   <trkpt lon="-4.532860" lat="36.939653"><ele>716.9</ele></trkpt>
   <trkpt lon="-4.532727" lat="36.939441"><ele>714.1</ele></trkpt>
   <trkpt lon="-4.532045" lat="36.939024"><ele>706.3</ele></trkpt>
   <trkpt lon="-4.531769" lat="36.938827"><ele>703.4</ele></trkpt>
   <trkpt lon="-4.531535" lat="36.938615"><ele>700.8</ele></trkpt>
   <trkpt lon="-4.531329" lat="36.938467"><ele>698.2</ele></trkpt>
   <trkpt lon="-4.531179" lat="36.938351"><ele>696.6</ele></trkpt>
   <trkpt lon="-4.530823" lat="36.937959"><ele>691.3</ele></trkpt>
   <trkpt lon="-4.530725" lat="36.937881"><ele>690.3</ele></trkpt>
   <trkpt lon="-4.529652" lat="36.937354"><ele>676.6</ele></trkpt>
   <trkpt lon="-4.529547" lat="36.937278"><ele>673.5</ele></trkpt>
   <trkpt lon="-4.529475" lat="36.937134"><ele>670.4</ele></trkpt>
   <trkpt lon="-4.529485" lat="36.936897"><ele>669.3</ele></trkpt>
   <trkpt lon="-4.529540" lat="36.936711"><ele>669.6</ele></trkpt>
   <trkpt lon="-4.529636" lat="36.936568"><ele>669.7</ele></trkpt>
   <trkpt lon="-4.530032" lat="36.936214"><ele>668.4</ele></trkpt>
   <trkpt lon="-4.530177" lat="36.936067"><ele>667.0</ele></trkpt>
   <trkpt lon="-4.530227" lat="36.935977"><ele>665.8</ele></trkpt>
   <trkpt lon="-4.530255" lat="36.935864"><ele>663.6</ele></trkpt>
   <trkpt lon="-4.530234" lat="36.935736"><ele>661.5</ele></trkpt>
   <trkpt lon="-4.530049" lat="36.935448"><ele>656.2</ele></trkpt>
   <trkpt lon="-4.529777" lat="36.935081"><ele>648.2</ele></trkpt>
   <trkpt lon="-4.529623" lat="36.934947"><ele>644.7</ele></trkpt>
   <trkpt lon="-4.529405" lat="36.934865"><ele>642.2</ele></trkpt>
   <trkpt lon="-4.529214" lat="36.934856"><ele>641.2</ele></trkpt>
   <trkpt lon="-4.528819" lat="36.934915"><ele>639.7</ele></trkpt>
   <trkpt lon="-4.528694" lat="36.934914"><ele>637.9</ele></trkpt>
   <trkpt lon="-4.528610" lat="36.934891"><ele>636.6</ele></trkpt>
   <trkpt lon="-4.528564" lat="36.934813"><ele>635.7</ele></trkpt>
   <trkpt lon="-4.528545" lat="36.934711"><ele>635.0</ele></trkpt>
   <trkpt lon="-4.528566" lat="36.934208"><ele>631.0</ele></trkpt>
   <trkpt lon="-4.528550" lat="36.933979"><ele>628.7</ele></trkpt>
   <trkpt lon="-4.528499" lat="36.933777"><ele>626.3</ele></trkpt>
   <trkpt lon="-4.528434" lat="36.933657"><ele>624.5</ele></trkpt>
   <trkpt lon="-4.528367" lat="36.933585"><ele>623.0</ele></trkpt>
   <trkpt lon="-4.528252" lat="36.933522"><ele>621.0</ele></trkpt>
   <trkpt lon="-4.527922" lat="36.933430"><ele>615.6</ele></trkpt>
   <trkpt lon="-4.527869" lat="36.933402"><ele>614.4</ele></trkpt>
   <trkpt lon="-4.527825" lat="36.933361"><ele>613.2</ele></trkpt>
   <trkpt lon="-4.527804" lat="36.933314"><ele>612.2</ele></trkpt>
   <trkpt lon="-4.527805" lat="36.933256"><ele>611.3</ele></trkpt>
   <trkpt lon="-4.527827" lat="36.933203"><ele>610.8</ele></trkpt>
   <trkpt lon="-4.527876" lat="36.933144"><ele>610.4</ele></trkpt>
   <trkpt lon="-4.527950" lat="36.933084"><ele>610.2</ele></trkpt>
   <trkpt lon="-4.528459" lat="36.932715"><ele>608.6</ele></trkpt>
   <trkpt lon="-4.529028" lat="36.932304"><ele>603.7</ele></trkpt>
   <trkpt lon="-4.529595" lat="36.931839"><ele>602.5</ele></trkpt>
   <trkpt lon="-4.530280" lat="36.931238"><ele>600.8</ele></trkpt>
   <trkpt lon="-4.530344" lat="36.931197"><ele>600.1</ele></trkpt>
   <trkpt lon="-4.530740" lat="36.931074"><ele>597.7</ele></trkpt>
   <trkpt lon="-4.531564" lat="36.930818"><ele>598.7</ele></trkpt>
   <trkpt lon="-4.532178" lat="36.930627"><ele>594.2</ele></trkpt>
   <trkpt lon="-4.532303" lat="36.930602"><ele>594.0</ele></trkpt>
   <trkpt lon="-4.532362" lat="36.930574"><ele>593.8</ele></trkpt>
   <trkpt lon="-4.532438" lat="36.930494"><ele>593.5</ele></trkpt>
   <trkpt lon="-4.532600" lat="36.930300"><ele>592.9</ele></trkpt>
   <trkpt lon="-4.532720" lat="36.930156"><ele>592.8</ele></trkpt>
   <trkpt lon="-4.532781" lat="36.930083"><ele>592.5</ele></trkpt>
   <trkpt lon="-4.532912" lat="36.929908"><ele>591.7</ele></trkpt>
   <trkpt lon="-4.533015" lat="36.929821"><ele>590.9</ele></trkpt>
   <trkpt lon="-4.533111" lat="36.929773"><ele>590.1</ele></trkpt>
   <trkpt lon="-4.533221" lat="36.929745"><ele>589.8</ele></trkpt>
   <trkpt lon="-4.533379" lat="36.929734"><ele>589.2</ele></trkpt>
   <trkpt lon="-4.533724" lat="36.929765"><ele>588.9</ele></trkpt>
   <trkpt lon="-4.533858" lat="36.929770"><ele>588.9</ele></trkpt>
   <trkpt lon="-4.533965" lat="36.929757"><ele>588.5</ele></trkpt>
   <trkpt lon="-4.534106" lat="36.929716"><ele>587.8</ele></trkpt>
   <trkpt lon="-4.534640" lat="36.929498"><ele>586.2</ele></trkpt>
   <trkpt lon="-4.535313" lat="36.929247"><ele>586.9</ele></trkpt>
   <trkpt lon="-4.535446" lat="36.929222"><ele>586.8</ele></trkpt>
   <trkpt lon="-4.535520" lat="36.929219"><ele>586.8</ele></trkpt>
   <trkpt lon="-4.535669" lat="36.929221"><ele>586.9</ele></trkpt>
   <trkpt lon="-4.535795" lat="36.929238"><ele>586.9</ele></trkpt>
   <trkpt lon="-4.535927" lat="36.929264"><ele>587.1</ele></trkpt>
   <trkpt lon="-4.536179" lat="36.929340"><ele>586.9</ele></trkpt>
   <trkpt lon="-4.536334" lat="36.929398"><ele>586.9</ele></trkpt>
   <trkpt lon="-4.536526" lat="36.929486"><ele>586.8</ele></trkpt>
   <trkpt lon="-4.537405" lat="36.929927"><ele>584.7</ele></trkpt>
   <trkpt lon="-4.537503" lat="36.929964"><ele>584.2</ele></trkpt>
   <trkpt lon="-4.537605" lat="36.929994"><ele>583.7</ele></trkpt>
   <trkpt lon="-4.537720" lat="36.929990"><ele>582.8</ele></trkpt>
   <trkpt lon="-4.537827" lat="36.929964"><ele>582.2</ele></trkpt>
   <trkpt lon="-4.537930" lat="36.929905"><ele>581.2</ele></trkpt>
   <trkpt lon="-4.538027" lat="36.929836"><ele>580.1</ele></trkpt>
   <trkpt lon="-4.538735" lat="36.929207"><ele>577.6</ele></trkpt>
   <trkpt lon="-4.538868" lat="36.929115"><ele>577.6</ele></trkpt>
   <trkpt lon="-4.539013" lat="36.929048"><ele>577.6</ele></trkpt>
   <trkpt lon="-4.539176" lat="36.929012"><ele>577.5</ele></trkpt>
   <trkpt lon="-4.539354" lat="36.928996"><ele>577.4</ele></trkpt>
   <trkpt lon="-4.540637" lat="36.928982"><ele>574.6</ele></trkpt>
   <trkpt lon="-4.540741" lat="36.928969"><ele>573.6</ele></trkpt>
   <trkpt lon="-4.540817" lat="36.928946"><ele>573.1</ele></trkpt>
   <trkpt lon="-4.540879" lat="36.928912"><ele>572.8</ele></trkpt>
   <trkpt lon="-4.540925" lat="36.928874"><ele>572.3</ele></trkpt>
   <trkpt lon="-4.540979" lat="36.928809"><ele>571.3</ele></trkpt>
   <trkpt lon="-4.541258" lat="36.928280"><ele>570.6</ele></trkpt>
   <trkpt lon="-4.541301" lat="36.928163"><ele>570.9</ele></trkpt>
   <trkpt lon="-4.541334" lat="36.928015"><ele>570.8</ele></trkpt>
   <trkpt lon="-4.541414" lat="36.927465"><ele>567.8</ele></trkpt>
   <trkpt lon="-4.541486" lat="36.927096"><ele>565.5</ele></trkpt>
   <trkpt lon="-4.541517" lat="36.927026"><ele>565.1</ele></trkpt>
   <trkpt lon="-4.541556" lat="36.926965"><ele>565.0</ele></trkpt>
   <trkpt lon="-4.541644" lat="36.926879"><ele>565.3</ele></trkpt>
   <trkpt lon="-4.542449" lat="36.926372"><ele>567.3</ele></trkpt>
   <trkpt lon="-4.542758" lat="36.926096"><ele>566.7</ele></trkpt>
   <trkpt lon="-4.542996" lat="36.925898"><ele>568.1</ele></trkpt>
   <trkpt lon="-4.543166" lat="36.925783"><ele>569.1</ele></trkpt>
   <trkpt lon="-4.543355" lat="36.925690"><ele>568.4</ele></trkpt>
   <trkpt lon="-4.543788" lat="36.925524"><ele>565.6</ele></trkpt>
   <trkpt lon="-4.543877" lat="36.925472"><ele>565.2</ele></trkpt>
   <trkpt lon="-4.543939" lat="36.925412"><ele>565.1</ele></trkpt>
   <trkpt lon="-4.544000" lat="36.925327"><ele>564.9</ele></trkpt>
   <trkpt lon="-4.544045" lat="36.925214"><ele>564.2</ele></trkpt>
   <trkpt lon="-4.544267" lat="36.924259"><ele>558.8</ele></trkpt>
   <trkpt lon="-4.544380" lat="36.923887"><ele>554.9</ele></trkpt>
   <trkpt lon="-4.544458" lat="36.923735"><ele>552.5</ele></trkpt>
   <trkpt lon="-4.544847" lat="36.923215"><ele>547.9</ele></trkpt>
   <trkpt lon="-4.544977" lat="36.923075"><ele>547.2</ele></trkpt>
   <trkpt lon="-4.545091" lat="36.922995"><ele>547.1</ele></trkpt>
   <trkpt lon="-4.545206" lat="36.922935"><ele>548.6</ele></trkpt>
   <trkpt lon="-4.545672" lat="36.922774"><ele>552.5</ele></trkpt>
   <trkpt lon="-4.545751" lat="36.922726"><ele>552.7</ele></trkpt>
   <trkpt lon="-4.545708" lat="36.922496"><ele>558.0</ele></trkpt>
   <trkpt lon="-4.544083" lat="36.922134"><ele>561.7</ele></trkpt>
   <trkpt lon="-4.543342" lat="36.921264"><ele>548.6</ele></trkpt>
   <trkpt lon="-4.543447" lat="36.919721"><ele>561.7</ele></trkpt>
   <trkpt lon="-4.543008" lat="36.918944"><ele>562.4</ele></trkpt>
   <trkpt lon="-4.543027" lat="36.918622"><ele>561.6</ele></trkpt>
   <trkpt lon="-4.546817" lat="36.917309"><ele>541.5</ele></trkpt>
   <trkpt lon="-4.547344" lat="36.916793"><ele>536.0</ele></trkpt>
   <trkpt lon="-4.547901" lat="36.916598"><ele>536.3</ele></trkpt>
   <trkpt lon="-4.548623" lat="36.915659"><ele>532.5</ele></trkpt>
   <trkpt lon="-4.548544" lat="36.914634"><ele>529.9</ele></trkpt>
   <trkpt lon="-4.548051" lat="36.913974"><ele>523.5</ele></trkpt>
   <trkpt lon="-4.547775" lat="36.912968"><ele>521.1</ele></trkpt>
   <trkpt lon="-4.546955" lat="36.912249"><ele>516.5</ele></trkpt>
   <trkpt lon="-4.546898" lat="36.911922"><ele>513.2</ele></trkpt>
   <trkpt lon="-4.547688" lat="36.911330"><ele>509.9</ele></trkpt>
   <trkpt lon="-4.547644" lat="36.910653"><ele>501.6</ele></trkpt>
   <trkpt lon="-4.547976" lat="36.909747"><ele>498.9</ele></trkpt>
   <trkpt lon="-4.548155" lat="36.909101"><ele>494.2</ele></trkpt>
   <trkpt lon="-4.548687" lat="36.908700"><ele>497.2</ele></trkpt>
   <trkpt lon="-4.548862" lat="36.908027"><ele>495.1</ele></trkpt>
   <trkpt lon="-4.549568" lat="36.907880"><ele>500.0</ele></trkpt>
   <trkpt lon="-4.550334" lat="36.907995"><ele>501.3</ele></trkpt>
   <trkpt lon="-4.551016" lat="36.907606"><ele>491.1</ele></trkpt>
   <trkpt lon="-4.551920" lat="36.907563"><ele>491.3</ele></trkpt>
   <trkpt lon="-4.552125" lat="36.906663"><ele>479.1</ele></trkpt>
   <trkpt lon="-4.552644" lat="36.906216"><ele>479.2</ele></trkpt>
   <trkpt lon="-4.553506" lat="36.906102"><ele>480.4</ele></trkpt>
   <trkpt lon="-4.555017" lat="36.906079"><ele>476.1</ele></trkpt>
   <trkpt lon="-4.555478" lat="36.906247"><ele>476.8</ele></trkpt>
   <trkpt lon="-4.555818" lat="36.906520"><ele>477.2</ele></trkpt>
   <trkpt lon="-4.556290" lat="36.907044"><ele>477.2</ele></trkpt>
   <trkpt lon="-4.556472" lat="36.907162"><ele>476.3</ele></trkpt>
   <trkpt lon="-4.556833" lat="36.907218"><ele>471.8</ele></trkpt>
   <trkpt lon="-4.557664" lat="36.907321"><ele>466.4</ele></trkpt>
   <trkpt lon="-4.558319" lat="36.907075"><ele>467.1</ele></trkpt>
   <trkpt lon="-4.558373" lat="36.906957"><ele>468.5</ele></trkpt>
   <trkpt lon="-4.557986" lat="36.906500"><ele>466.5</ele></trkpt>
   <trkpt lon="-4.557783" lat="36.905368"><ele>473.1</ele></trkpt>
   <trkpt lon="-4.557693" lat="36.904060"><ele>488.6</ele></trkpt>
   <trkpt lon="-4.556843" lat="36.903227"><ele>492.0</ele></trkpt>
   <trkpt lon="-4.556720" lat="36.903002"><ele>493.0</ele></trkpt>
   <trkpt lon="-4.556674" lat="36.902556"><ele>497.6</ele></trkpt>
   <trkpt lon="-4.556136" lat="36.901677"><ele>501.0</ele></trkpt>
   <trkpt lon="-4.556070" lat="36.901568"><ele>500.9</ele></trkpt>
   <trkpt lon="-4.556183" lat="36.901416"><ele>500.0</ele></trkpt>
   <trkpt lon="-4.556383" lat="36.901364"><ele>498.9</ele></trkpt>
   <trkpt lon="-4.557853" lat="36.901543"><ele>493.6</ele></trkpt>
   <trkpt lon="-4.558704" lat="36.901466"><ele>486.5</ele></trkpt>
   <trkpt lon="-4.559575" lat="36.901724"><ele>484.4</ele></trkpt>
   <trkpt lon="-4.560068" lat="36.901658"><ele>481.7</ele></trkpt>
   <trkpt lon="-4.560239" lat="36.901244"><ele>479.8</ele></trkpt>
   <trkpt lon="-4.560892" lat="36.900679"><ele>483.9</ele></trkpt>
   <trkpt lon="-4.561858" lat="36.900292"><ele>488.5</ele></trkpt>
   <trkpt lon="-4.562033" lat="36.900108"><ele>488.4</ele></trkpt>
   <trkpt lon="-4.562403" lat="36.899045"><ele>492.9</ele></trkpt>
   <trkpt lon="-4.562721" lat="36.898457"><ele>492.1</ele></trkpt>
   <trkpt lon="-4.563064" lat="36.897907"><ele>496.0</ele></trkpt>
   <trkpt lon="-4.563579" lat="36.897358"><ele>502.0</ele></trkpt>
   <trkpt lon="-4.563827" lat="36.897186"><ele>500.4</ele></trkpt>
   <trkpt lon="-4.564040" lat="36.897061"><ele>499.2</ele></trkpt>
   <trkpt lon="-4.564502" lat="36.896879"><ele>498.1</ele></trkpt>
   <trkpt lon="-4.565871" lat="36.896459"><ele>506.6</ele></trkpt>
   <trkpt lon="-4.566026" lat="36.896446"><ele>508.4</ele></trkpt>
   <trkpt lon="-4.566134" lat="36.896460"><ele>509.6</ele></trkpt>
   <trkpt lon="-4.566216" lat="36.896498"><ele>510.5</ele></trkpt>
   <trkpt lon="-4.566302" lat="36.896563"><ele>511.4</ele></trkpt>
   <trkpt lon="-4.566363" lat="36.896653"><ele>512.0</ele></trkpt>
   <trkpt lon="-4.566782" lat="36.897277"><ele>514.3</ele></trkpt>
   <trkpt lon="-4.566914" lat="36.897392"><ele>514.1</ele></trkpt>
   <trkpt lon="-4.567039" lat="36.897423"><ele>513.4</ele></trkpt>
   <trkpt lon="-4.567194" lat="36.897430"><ele>512.2</ele></trkpt>
   <trkpt lon="-4.567373" lat="36.897422"><ele>510.5</ele></trkpt>
   <trkpt lon="-4.567532" lat="36.897391"><ele>510.3</ele></trkpt>
   <trkpt lon="-4.568539" lat="36.896894"><ele>513.0</ele></trkpt>
   <trkpt lon="-4.569185" lat="36.896566"><ele>514.1</ele></trkpt>
   <trkpt lon="-4.569286" lat="36.896465"><ele>514.1</ele></trkpt>
   <trkpt lon="-4.569516" lat="36.895901"><ele>515.9</ele></trkpt>
   <trkpt lon="-4.569541" lat="36.895816"><ele>516.8</ele></trkpt>
   <trkpt lon="-4.569533" lat="36.895705"><ele>517.1</ele></trkpt>
   <trkpt lon="-4.569476" lat="36.895610"><ele>515.9</ele></trkpt>
   <trkpt lon="-4.569343" lat="36.895475"><ele>512.4</ele></trkpt>
   <trkpt lon="-4.569327" lat="36.895407"><ele>512.0</ele></trkpt>
   <trkpt lon="-4.569332" lat="36.895317"><ele>512.1</ele></trkpt>
   <trkpt lon="-4.569490" lat="36.894892"><ele>514.3</ele></trkpt>
   <trkpt lon="-4.569576" lat="36.894764"><ele>514.9</ele></trkpt>
   <trkpt lon="-4.569958" lat="36.894471"><ele>517.5</ele></trkpt>
   <trkpt lon="-4.570031" lat="36.894371"><ele>517.6</ele></trkpt>
   <trkpt lon="-4.570074" lat="36.894258"><ele>517.5</ele></trkpt>
   <trkpt lon="-4.570139" lat="36.893861"><ele>515.5</ele></trkpt>
   <trkpt lon="-4.570174" lat="36.893775"><ele>515.2</ele></trkpt>
   <trkpt lon="-4.570269" lat="36.893671"><ele>515.8</ele></trkpt>
   <trkpt lon="-4.570834" lat="36.893308"><ele>513.6</ele></trkpt>
   <trkpt lon="-4.570977" lat="36.893255"><ele>514.4</ele></trkpt>
   <trkpt lon="-4.571126" lat="36.893228"><ele>515.9</ele></trkpt>
   <trkpt lon="-4.571265" lat="36.893223"><ele>517.9</ele></trkpt>
   <trkpt lon="-4.571408" lat="36.893226"><ele>520.1</ele></trkpt>
   <trkpt lon="-4.571591" lat="36.893267"><ele>523.1</ele></trkpt>
   <trkpt lon="-4.572022" lat="36.893459"><ele>531.6</ele></trkpt>
   <trkpt lon="-4.572095" lat="36.893475"><ele>531.8</ele></trkpt>
   <trkpt lon="-4.572175" lat="36.893477"><ele>531.6</ele></trkpt>
   <trkpt lon="-4.572258" lat="36.893460"><ele>531.4</ele></trkpt>
   <trkpt lon="-4.572317" lat="36.893425"><ele>530.8</ele></trkpt>
   <trkpt lon="-4.572378" lat="36.893368"><ele>529.9</ele></trkpt>
   <trkpt lon="-4.573032" lat="36.891890"><ele>535.5</ele></trkpt>
   <trkpt lon="-4.573057" lat="36.891687"><ele>537.5</ele></trkpt>
   <trkpt lon="-4.572907" lat="36.891074"><ele>538.0</ele></trkpt>
   <trkpt lon="-4.572914" lat="36.890955"><ele>538.1</ele></trkpt>
   <trkpt lon="-4.572931" lat="36.890858"><ele>538.1</ele></trkpt>
   <trkpt lon="-4.572990" lat="36.890780"><ele>538.8</ele></trkpt>
   <trkpt lon="-4.573300" lat="36.890547"><ele>542.5</ele></trkpt>
   <trkpt lon="-4.573373" lat="36.890454"><ele>543.8</ele></trkpt>
   <trkpt lon="-4.573403" lat="36.890360"><ele>544.4</ele></trkpt>
   <trkpt lon="-4.573406" lat="36.890246"><ele>544.7</ele></trkpt>
   <trkpt lon="-4.573220" lat="36.889351"><ele>551.7</ele></trkpt>
   <trkpt lon="-4.573131" lat="36.889099"><ele>553.0</ele></trkpt>
   <trkpt lon="-4.572917" lat="36.888725"><ele>553.3</ele></trkpt>
   <trkpt lon="-4.572795" lat="36.888437"><ele>554.8</ele></trkpt>
   <trkpt lon="-4.572590" lat="36.887569"><ele>554.4</ele></trkpt>
   <trkpt lon="-4.572514" lat="36.887391"><ele>554.7</ele></trkpt>
   <trkpt lon="-4.572332" lat="36.887153"><ele>554.0</ele></trkpt>
   <trkpt lon="-4.572254" lat="36.886986"><ele>555.2</ele></trkpt>
   <trkpt lon="-4.572116" lat="36.886558"><ele>557.2</ele></trkpt>
   <trkpt lon="-4.572013" lat="36.886395"><ele>557.0</ele></trkpt>
   <trkpt lon="-4.571666" lat="36.886035"><ele>558.7</ele></trkpt>
   <trkpt lon="-4.571466" lat="36.885770"><ele>561.0</ele></trkpt>
   <trkpt lon="-4.571328" lat="36.885528"><ele>561.9</ele></trkpt>
   <trkpt lon="-4.571214" lat="36.885293"><ele>564.5</ele></trkpt>
   <trkpt lon="-4.571168" lat="36.885137"><ele>566.3</ele></trkpt>
   <trkpt lon="-4.571154" lat="36.884924"><ele>566.8</ele></trkpt>
   <trkpt lon="-4.571148" lat="36.884133"><ele>567.0</ele></trkpt>
   <trkpt lon="-4.571119" lat="36.883969"><ele>565.4</ele></trkpt>
   <trkpt lon="-4.571057" lat="36.883864"><ele>565.3</ele></trkpt>
   <trkpt lon="-4.570710" lat="36.883429"><ele>567.1</ele></trkpt>
   <trkpt lon="-4.570653" lat="36.883317"><ele>567.5</ele></trkpt>
   <trkpt lon="-4.570544" lat="36.882922"><ele>569.7</ele></trkpt>
   <trkpt lon="-4.570530" lat="36.882724"><ele>571.1</ele></trkpt>
   <trkpt lon="-4.570580" lat="36.881847"><ele>564.7</ele></trkpt>
   <trkpt lon="-4.570642" lat="36.881515"><ele>562.4</ele></trkpt>
   <trkpt lon="-4.570647" lat="36.881388"><ele>561.4</ele></trkpt>
   <trkpt lon="-4.570636" lat="36.881226"><ele>560.8</ele></trkpt>
   <trkpt lon="-4.570357" lat="36.880124"><ele>557.5</ele></trkpt>
   <trkpt lon="-4.570325" lat="36.879898"><ele>557.1</ele></trkpt>
   <trkpt lon="-4.570311" lat="36.879597"><ele>558.2</ele></trkpt>
   <trkpt lon="-4.570282" lat="36.879451"><ele>558.7</ele></trkpt>
   <trkpt lon="-4.570208" lat="36.879319"><ele>558.4</ele></trkpt>
   <trkpt lon="-4.570058" lat="36.879103"><ele>558.7</ele></trkpt>
   <trkpt lon="-4.569312" lat="36.878376"><ele>557.5</ele></trkpt>
   <trkpt lon="-4.569116" lat="36.878217"><ele>557.5</ele></trkpt>
   <trkpt lon="-4.567830" lat="36.877432"><ele>554.0</ele></trkpt>
   <trkpt lon="-4.567651" lat="36.877311"><ele>553.9</ele></trkpt>
   <trkpt lon="-4.567510" lat="36.877155"><ele>554.1</ele></trkpt>
   <trkpt lon="-4.567412" lat="36.876997"><ele>554.7</ele></trkpt>
   <trkpt lon="-4.567340" lat="36.876796"><ele>555.5</ele></trkpt>
   <trkpt lon="-4.567168" lat="36.875705"><ele>555.9</ele></trkpt>
   <trkpt lon="-4.567117" lat="36.875557"><ele>555.6</ele></trkpt>
   <trkpt lon="-4.567020" lat="36.875387"><ele>555.2</ele></trkpt>
   <trkpt lon="-4.566342" lat="36.874638"><ele>554.0</ele></trkpt>
   <trkpt lon="-4.566226" lat="36.874544"><ele>553.5</ele></trkpt>
   <trkpt lon="-4.566093" lat="36.874487"><ele>553.5</ele></trkpt>
   <trkpt lon="-4.565958" lat="36.874461"><ele>553.2</ele></trkpt>
   <trkpt lon="-4.565808" lat="36.874470"><ele>552.8</ele></trkpt>
   <trkpt lon="-4.565646" lat="36.874501"><ele>552.8</ele></trkpt>
   <trkpt lon="-4.565167" lat="36.874654"><ele>555.1</ele></trkpt>
   <trkpt lon="-4.565021" lat="36.874653"><ele>556.2</ele></trkpt>
   <trkpt lon="-4.564898" lat="36.874610"><ele>557.6</ele></trkpt>
   <trkpt lon="-4.564815" lat="36.874550"><ele>558.8</ele></trkpt>
   <trkpt lon="-4.564757" lat="36.874434"><ele>559.4</ele></trkpt>
   <trkpt lon="-4.564333" lat="36.871784"><ele>559.0</ele></trkpt>
   <trkpt lon="-4.564340" lat="36.871591"><ele>560.1</ele></trkpt>
   <trkpt lon="-4.564379" lat="36.871464"><ele>560.6</ele></trkpt>
   <trkpt lon="-4.564433" lat="36.871348"><ele>561.3</ele></trkpt>
   <trkpt lon="-4.564562" lat="36.871219"><ele>561.7</ele></trkpt>
   <trkpt lon="-4.565069" lat="36.870883"><ele>562.6</ele></trkpt>
   <trkpt lon="-4.565230" lat="36.870717"><ele>563.0</ele></trkpt>
   <trkpt lon="-4.565276" lat="36.870619"><ele>563.3</ele></trkpt>
   <trkpt lon="-4.565299" lat="36.870512"><ele>563.8</ele></trkpt>
   <trkpt lon="-4.565294" lat="36.870421"><ele>564.3</ele></trkpt>
   <trkpt lon="-4.564668" lat="36.869065"><ele>553.0</ele></trkpt>
   <trkpt lon="-4.564532" lat="36.868872"><ele>550.9</ele></trkpt>
   <trkpt lon="-4.564450" lat="36.868757"><ele>549.6</ele></trkpt>
   <trkpt lon="-4.564036" lat="36.868339"><ele>541.3</ele></trkpt>
   <trkpt lon="-4.563972" lat="36.868230"><ele>539.8</ele></trkpt>
   <trkpt lon="-4.563953" lat="36.868127"><ele>539.4</ele></trkpt>
   <trkpt lon="-4.563968" lat="36.868023"><ele>535.2</ele></trkpt>
   <trkpt lon="-4.564021" lat="36.867912"><ele>533.8</ele></trkpt>
   <trkpt lon="-4.564087" lat="36.867843"><ele>533.3</ele></trkpt>
   <trkpt lon="-4.564176" lat="36.867793"><ele>533.5</ele></trkpt>
   <trkpt lon="-4.564296" lat="36.867767"><ele>534.7</ele></trkpt>
   <trkpt lon="-4.564858" lat="36.867823"><ele>537.8</ele></trkpt>
   <trkpt lon="-4.564967" lat="36.867807"><ele>537.3</ele></trkpt>
   <trkpt lon="-4.565044" lat="36.867778"><ele>536.7</ele></trkpt>
   <trkpt lon="-4.565091" lat="36.867728"><ele>535.6</ele></trkpt>
   <trkpt lon="-4.565115" lat="36.867654"><ele>535.0</ele></trkpt>
   <trkpt lon="-4.565114" lat="36.867558"><ele>535.0</ele></trkpt>
   <trkpt lon="-4.565055" lat="36.867418"><ele>534.0</ele></trkpt>
   <trkpt lon="-4.565021" lat="36.867338"><ele>533.7</ele></trkpt>
   <trkpt lon="-4.564683" lat="36.866914"><ele>532.4</ele></trkpt>
   <trkpt lon="-4.564544" lat="36.866800"><ele>531.8</ele></trkpt>
   <trkpt lon="-4.563535" lat="36.866355"><ele>523.5</ele></trkpt>
   <trkpt lon="-4.563400" lat="36.866277"><ele>521.9</ele></trkpt>
   <trkpt lon="-4.563262" lat="36.866168"><ele>520.5</ele></trkpt>
   <trkpt lon="-4.562644" lat="36.865538"><ele>502.0</ele></trkpt>
   <trkpt lon="-4.562625" lat="36.865471"><ele>500.1</ele></trkpt>
   <trkpt lon="-4.562644" lat="36.865414"><ele>499.7</ele></trkpt>
   <trkpt lon="-4.562688" lat="36.865353"><ele>499.8</ele></trkpt>
   <trkpt lon="-4.562769" lat="36.865308"><ele>500.9</ele></trkpt>
   <trkpt lon="-4.562884" lat="36.865284"><ele>503.2</ele></trkpt>
   <trkpt lon="-4.563201" lat="36.865266"><ele>508.7</ele></trkpt>
   <trkpt lon="-4.563282" lat="36.865229"><ele>509.1</ele></trkpt>
   <trkpt lon="-4.563323" lat="36.865167"><ele>507.8</ele></trkpt>
   <trkpt lon="-4.563367" lat="36.864901"><ele>501.8</ele></trkpt>
   <trkpt lon="-4.563455" lat="36.864658"><ele>499.3</ele></trkpt>
   <trkpt lon="-4.563546" lat="36.864491"><ele>497.9</ele></trkpt>
   <trkpt lon="-4.563630" lat="36.864391"><ele>497.3</ele></trkpt>
   <trkpt lon="-4.563737" lat="36.864317"><ele>497.5</ele></trkpt>
   <trkpt lon="-4.564848" lat="36.863986"><ele>500.4</ele></trkpt>
   <trkpt lon="-4.564900" lat="36.863934"><ele>500.2</ele></trkpt>
   <trkpt lon="-4.564919" lat="36.863873"><ele>500.7</ele></trkpt>
   <trkpt lon="-4.564906" lat="36.863818"><ele>500.9</ele></trkpt>
   <trkpt lon="-4.564869" lat="36.863762"><ele>500.9</ele></trkpt>
   <trkpt lon="-4.564788" lat="36.863706"><ele>500.5</ele></trkpt>
   <trkpt lon="-4.564025" lat="36.863460"><ele>492.1</ele></trkpt>
   <trkpt lon="-4.563056" lat="36.863106"><ele>491.1</ele></trkpt>
   <trkpt lon="-4.562909" lat="36.863072"><ele>491.9</ele></trkpt>
   <trkpt lon="-4.562750" lat="36.863064"><ele>491.9</ele></trkpt>
   <trkpt lon="-4.562309" lat="36.863080"><ele>486.8</ele></trkpt>
   <trkpt lon="-4.562164" lat="36.863061"><ele>485.0</ele></trkpt>
   <trkpt lon="-4.562029" lat="36.863014"><ele>483.4</ele></trkpt>
   <trkpt lon="-4.561906" lat="36.862938"><ele>481.7</ele></trkpt>
   <trkpt lon="-4.561800" lat="36.862848"><ele>480.9</ele></trkpt>
   <trkpt lon="-4.561553" lat="36.862522"><ele>478.0</ele></trkpt>
   <trkpt lon="-4.561435" lat="36.862285"><ele>477.2</ele></trkpt>
   <trkpt lon="-4.561166" lat="36.861588"><ele>476.9</ele></trkpt>
   <trkpt lon="-4.561051" lat="36.861428"><ele>476.2</ele></trkpt>
   <trkpt lon="-4.560798" lat="36.861184"><ele>474.7</ele></trkpt>
   <trkpt lon="-4.560223" lat="36.860580"><ele>471.9</ele></trkpt>
   <trkpt lon="-4.560149" lat="36.860463"><ele>471.5</ele></trkpt>
   <trkpt lon="-4.560100" lat="36.860316"><ele>471.3</ele></trkpt>
   <trkpt lon="-4.560010" lat="36.859954"><ele>470.8</ele></trkpt>
   <trkpt lon="-4.559935" lat="36.859814"><ele>470.0</ele></trkpt>
   <trkpt lon="-4.559835" lat="36.859661"><ele>469.8</ele></trkpt>
   <trkpt lon="-4.559328" lat="36.859087"><ele>466.6</ele></trkpt>
   <trkpt lon="-4.559252" lat="36.858946"><ele>465.8</ele></trkpt>
   <trkpt lon="-4.559196" lat="36.858646"><ele>464.5</ele></trkpt>
   <trkpt lon="-4.559043" lat="36.858219"><ele>463.6</ele></trkpt>
   <trkpt lon="-4.558937" lat="36.858063"><ele>463.0</ele></trkpt>
   <trkpt lon="-4.558824" lat="36.857944"><ele>462.4</ele></trkpt>
   <trkpt lon="-4.558423" lat="36.857604"><ele>460.4</ele></trkpt>
   <trkpt lon="-4.558281" lat="36.857475"><ele>460.0</ele></trkpt>
   <trkpt lon="-4.558187" lat="36.857390"><ele>460.0</ele></trkpt>
   <trkpt lon="-4.557998" lat="36.857172"><ele>462.5</ele></trkpt>
   <trkpt lon="-4.557437" lat="36.856275"><ele>465.1</ele></trkpt>
   <trkpt lon="-4.557322" lat="36.856153"><ele>465.0</ele></trkpt>
   <trkpt lon="-4.556713" lat="36.855730"><ele>462.9</ele></trkpt>
   <trkpt lon="-4.556594" lat="36.855626"><ele>461.9</ele></trkpt>
   <trkpt lon="-4.556378" lat="36.855359"><ele>456.4</ele></trkpt>
   <trkpt lon="-4.556264" lat="36.855261"><ele>454.9</ele></trkpt>
   <trkpt lon="-4.555757" lat="36.854996"><ele>452.3</ele></trkpt>
   <trkpt lon="-4.555576" lat="36.854879"><ele>452.3</ele></trkpt>
   <trkpt lon="-4.554321" lat="36.853703"><ele>448.8</ele></trkpt>
   <trkpt lon="-4.553588" lat="36.853192"><ele>445.7</ele></trkpt>
   <trkpt lon="-4.553394" lat="36.853088"><ele>444.1</ele></trkpt>
   <trkpt lon="-4.553007" lat="36.852970"><ele>445.1</ele></trkpt>
   <trkpt lon="-4.552888" lat="36.852928"><ele>445.9</ele></trkpt>
   <trkpt lon="-4.552771" lat="36.852850"><ele>446.5</ele></trkpt>
   <trkpt lon="-4.552672" lat="36.852727"><ele>446.4</ele></trkpt>
   <trkpt lon="-4.551798" lat="36.851318"><ele>445.4</ele></trkpt>
   <trkpt lon="-4.551619" lat="36.851116"><ele>444.7</ele></trkpt>
   <trkpt lon="-4.551335" lat="36.850859"><ele>443.6</ele></trkpt>
   <trkpt lon="-4.551132" lat="36.850651"><ele>443.0</ele></trkpt>
   <trkpt lon="-4.550724" lat="36.850156"><ele>443.8</ele></trkpt>
   <trkpt lon="-4.550626" lat="36.850096"><ele>444.0</ele></trkpt>
   <trkpt lon="-4.550489" lat="36.850065"><ele>443.5</ele></trkpt>
   <trkpt lon="-4.550355" lat="36.850062"><ele>442.8</ele></trkpt>
   <trkpt lon="-4.550020" lat="36.850082"><ele>439.7</ele></trkpt>
   <trkpt lon="-4.549850" lat="36.850056"><ele>438.8</ele></trkpt>
   <trkpt lon="-4.549708" lat="36.850001"><ele>438.2</ele></trkpt>
   <trkpt lon="-4.549596" lat="36.849933"><ele>438.2</ele></trkpt>
   <trkpt lon="-4.549517" lat="36.849843"><ele>438.3</ele></trkpt>
   <trkpt lon="-4.549493" lat="36.849737"><ele>438.2</ele></trkpt>
   <trkpt lon="-4.549517" lat="36.849366"><ele>437.5</ele></trkpt>
   <trkpt lon="-4.549388" lat="36.848056"><ele>433.8</ele></trkpt>
   <trkpt lon="-4.549395" lat="36.847630"><ele>432.0</ele></trkpt>
   <trkpt lon="-4.549370" lat="36.847498"><ele>431.0</ele></trkpt>
   <trkpt lon="-4.549309" lat="36.847351"><ele>429.2</ele></trkpt>
   <trkpt lon="-4.549232" lat="36.847227"><ele>427.3</ele></trkpt>
   <trkpt lon="-4.548796" lat="36.846670"><ele>424.6</ele></trkpt>
   <trkpt lon="-4.548305" lat="36.845957"><ele>429.7</ele></trkpt>
   <trkpt lon="-4.548166" lat="36.845813"><ele>431.3</ele></trkpt>
   <trkpt lon="-4.547700" lat="36.845515"><ele>428.1</ele></trkpt>
   <trkpt lon="-4.547607" lat="36.845433"><ele>426.8</ele></trkpt>
   <trkpt lon="-4.547550" lat="36.845330"><ele>426.7</ele></trkpt>
   <trkpt lon="-4.547280" lat="36.844668"><ele>428.8</ele></trkpt>
   <trkpt lon="-4.547253" lat="36.844492"><ele>430.0</ele></trkpt>
   <trkpt lon="-4.547247" lat="36.844371"><ele>430.8</ele></trkpt>
   <trkpt lon="-4.547278" lat="36.844197"><ele>433.3</ele></trkpt>
   <trkpt lon="-4.547288" lat="36.844099"><ele>434.8</ele></trkpt>
   <trkpt lon="-4.547259" lat="36.843989"><ele>435.5</ele></trkpt>
   <trkpt lon="-4.547040" lat="36.843594"><ele>432.8</ele></trkpt>
   <trkpt lon="-4.546988" lat="36.843471"><ele>432.2</ele></trkpt>
   <trkpt lon="-4.546981" lat="36.843346"><ele>430.4</ele></trkpt>
   <trkpt lon="-4.547002" lat="36.843231"><ele>429.6</ele></trkpt>
   <trkpt lon="-4.547158" lat="36.842847"><ele>429.0</ele></trkpt>
   <trkpt lon="-4.547385" lat="36.842482"><ele>431.3</ele></trkpt>
   <trkpt lon="-4.547415" lat="36.842363"><ele>432.2</ele></trkpt>
   <trkpt lon="-4.547424" lat="36.842257"><ele>433.1</ele></trkpt>
   <trkpt lon="-4.547406" lat="36.842131"><ele>433.4</ele></trkpt>
   <trkpt lon="-4.547283" lat="36.841897"><ele>429.8</ele></trkpt>
   <trkpt lon="-4.547289" lat="36.841824"><ele>429.5</ele></trkpt>
   <trkpt lon="-4.547312" lat="36.841762"><ele>429.4</ele></trkpt>
   <trkpt lon="-4.547384" lat="36.841702"><ele>427.6</ele></trkpt>
   <trkpt lon="-4.547698" lat="36.841578"><ele>426.2</ele></trkpt>
   <trkpt lon="-4.547832" lat="36.841483"><ele>425.3</ele></trkpt>
   <trkpt lon="-4.547948" lat="36.841371"><ele>424.8</ele></trkpt>
   <trkpt lon="-4.548011" lat="36.841258"><ele>425.1</ele></trkpt>
   <trkpt lon="-4.548027" lat="36.841147"><ele>424.3</ele></trkpt>
   <trkpt lon="-4.548005" lat="36.840925"><ele>419.8</ele></trkpt>
   <trkpt lon="-4.548025" lat="36.840808"><ele>418.1</ele></trkpt>
   <trkpt lon="-4.548081" lat="36.840702"><ele>418.1</ele></trkpt>
   <trkpt lon="-4.548231" lat="36.840524"><ele>421.4</ele></trkpt>
   <trkpt lon="-4.548263" lat="36.840449"><ele>421.9</ele></trkpt>
   <trkpt lon="-4.548250" lat="36.840339"><ele>422.5</ele></trkpt>
   <trkpt lon="-4.548187" lat="36.840196"><ele>424.2</ele></trkpt>
   <trkpt lon="-4.547860" lat="36.839805"><ele>424.4</ele></trkpt>
   <trkpt lon="-4.547399" lat="36.838950"><ele>422.4</ele></trkpt>
   <trkpt lon="-4.547128" lat="36.838609"><ele>417.1</ele></trkpt>
   <trkpt lon="-4.547067" lat="36.838467"><ele>415.4</ele></trkpt>
   <trkpt lon="-4.546983" lat="36.838132"><ele>414.0</ele></trkpt>
   <trkpt lon="-4.546982" lat="36.838021"><ele>414.8</ele></trkpt>
   <trkpt lon="-4.547040" lat="36.837742"><ele>424.2</ele></trkpt>
   <trkpt lon="-4.547036" lat="36.837640"><ele>427.2</ele></trkpt>
   <trkpt lon="-4.547004" lat="36.837548"><ele>430.4</ele></trkpt>
   <trkpt lon="-4.546986" lat="36.837523"><ele>431.1</ele></trkpt>
   <trkpt lon="-4.546927" lat="36.837447"><ele>433.6</ele></trkpt>
   <trkpt lon="-4.546801" lat="36.837351"><ele>436.6</ele></trkpt>
   <trkpt lon="-4.546250" lat="36.837177"><ele>438.2</ele></trkpt>
   <trkpt lon="-4.546121" lat="36.837121"><ele>440.8</ele></trkpt>
   <trkpt lon="-4.545923" lat="36.837010"><ele>445.8</ele></trkpt>
   <trkpt lon="-4.545815" lat="36.836979"><ele>447.9</ele></trkpt>
   <trkpt lon="-4.545699" lat="36.836983"><ele>449.1</ele></trkpt>
   <trkpt lon="-4.545593" lat="36.837021"><ele>449.5</ele></trkpt>
   <trkpt lon="-4.545525" lat="36.837067"><ele>449.1</ele></trkpt>
   <trkpt lon="-4.545465" lat="36.837145"><ele>447.6</ele></trkpt>
   <trkpt lon="-4.545410" lat="36.837410"><ele>442.5</ele></trkpt>
   <trkpt lon="-4.545371" lat="36.837468"><ele>441.0</ele></trkpt>
   <trkpt lon="-4.545311" lat="36.837506"><ele>440.1</ele></trkpt>
   <trkpt lon="-4.545240" lat="36.837521"><ele>439.9</ele></trkpt>
   <trkpt lon="-4.545158" lat="36.837518"><ele>439.5</ele></trkpt>
   <trkpt lon="-4.544722" lat="36.837398"><ele>437.2</ele></trkpt>
   <trkpt lon="-4.544609" lat="36.837340"><ele>437.5</ele></trkpt>
   <trkpt lon="-4.544523" lat="36.837266"><ele>435.9</ele></trkpt>
   <trkpt lon="-4.544470" lat="36.837166"><ele>433.1</ele></trkpt>
   <trkpt lon="-4.544431" lat="36.837027"><ele>429.5</ele></trkpt>
   <trkpt lon="-4.544507" lat="36.836322"><ele>422.8</ele></trkpt>
   <trkpt lon="-4.544472" lat="36.836157"><ele>422.2</ele></trkpt>
   <trkpt lon="-4.544413" lat="36.836008"><ele>421.9</ele></trkpt>
   <trkpt lon="-4.544181" lat="36.835695"><ele>419.2</ele></trkpt>
   <trkpt lon="-4.543194" lat="36.834613"><ele>410.3</ele></trkpt>
   <trkpt lon="-4.542877" lat="36.834266"><ele>408.3</ele></trkpt>
   <trkpt lon="-4.542436" lat="36.833779"><ele>406.8</ele></trkpt>
   <trkpt lon="-4.542185" lat="36.833484"><ele>407.2</ele></trkpt>
   <trkpt lon="-4.541991" lat="36.833246"><ele>407.0</ele></trkpt>
   <trkpt lon="-4.541976" lat="36.833218"><ele>406.9</ele></trkpt>
   <trkpt lon="-4.541862" lat="36.833005"><ele>406.8</ele></trkpt>
   <trkpt lon="-4.541795" lat="36.832824"><ele>406.8</ele></trkpt>
   <trkpt lon="-4.541594" lat="36.832275"><ele>405.2</ele></trkpt>
   <trkpt lon="-4.541510" lat="36.832000"><ele>404.3</ele></trkpt>
   <trkpt lon="-4.541411" lat="36.831584"><ele>403.3</ele></trkpt>
   <trkpt lon="-4.541312" lat="36.831220"><ele>402.9</ele></trkpt>
   <trkpt lon="-4.541227" lat="36.830887"><ele>404.7</ele></trkpt>
   <trkpt lon="-4.541185" lat="36.830611"><ele>405.8</ele></trkpt>
   <trkpt lon="-4.541135" lat="36.829627"><ele>408.0</ele></trkpt>
   <trkpt lon="-4.541098" lat="36.828755"><ele>415.3</ele></trkpt>
   <trkpt lon="-4.541066" lat="36.828602"><ele>416.5</ele></trkpt>
   <trkpt lon="-4.541038" lat="36.828528"><ele>417.2</ele></trkpt>
   <trkpt lon="-4.540927" lat="36.828398"><ele>418.7</ele></trkpt>
   <trkpt lon="-4.539993" lat="36.827761"><ele>408.3</ele></trkpt>
   <trkpt lon="-4.539825" lat="36.827646"><ele>408.3</ele></trkpt>
   <trkpt lon="-4.539687" lat="36.827495"><ele>405.7</ele></trkpt>
   <trkpt lon="-4.539516" lat="36.827231"><ele>396.9</ele></trkpt>
   <trkpt lon="-4.539441" lat="36.827197"><ele>394.5</ele></trkpt>
   <trkpt lon="-4.539338" lat="36.827187"><ele>392.7</ele></trkpt>
   <trkpt lon="-4.539176" lat="36.827218"><ele>392.4</ele></trkpt>
   <trkpt lon="-4.538637" lat="36.827246"><ele>389.1</ele></trkpt>
   <trkpt lon="-4.538556" lat="36.827267"><ele>389.9</ele></trkpt>
   <trkpt lon="-4.538482" lat="36.827314"><ele>392.2</ele></trkpt>
   <trkpt lon="-4.538365" lat="36.827456"><ele>399.3</ele></trkpt>
   <trkpt lon="-4.538308" lat="36.827501"><ele>401.1</ele></trkpt>
   <trkpt lon="-4.538230" lat="36.827535"><ele>403.0</ele></trkpt>
   <trkpt lon="-4.538158" lat="36.827548"><ele>404.3</ele></trkpt>
   <trkpt lon="-4.538083" lat="36.827553"><ele>405.1</ele></trkpt>
   <trkpt lon="-4.537998" lat="36.827531"><ele>405.0</ele></trkpt>
   <trkpt lon="-4.537706" lat="36.827361"><ele>398.1</ele></trkpt>
   <trkpt lon="-4.537618" lat="36.827349"><ele>396.9</ele></trkpt>
   <trkpt lon="-4.537481" lat="36.827355"><ele>396.1</ele></trkpt>
   <trkpt lon="-4.537267" lat="36.827393"><ele>397.0</ele></trkpt>
   <trkpt lon="-4.536505" lat="36.827616"><ele>408.7</ele></trkpt>
   <trkpt lon="-4.536323" lat="36.827685"><ele>412.3</ele></trkpt>
   <trkpt lon="-4.536273" lat="36.827711"><ele>412.8</ele></trkpt>
   <trkpt lon="-4.535738" lat="36.828128"><ele>411.8</ele></trkpt>
   <trkpt lon="-4.535123" lat="36.828630"><ele>412.2</ele></trkpt>
   <trkpt lon="-4.535030" lat="36.828676"><ele>413.8</ele></trkpt>
   <trkpt lon="-4.534925" lat="36.828691"><ele>414.5</ele></trkpt>
   <trkpt lon="-4.534813" lat="36.828687"><ele>414.9</ele></trkpt>
   <trkpt lon="-4.534216" lat="36.828567"><ele>415.7</ele></trkpt>
   <trkpt lon="-4.533941" lat="36.828524"><ele>415.1</ele></trkpt>
   <trkpt lon="-4.533781" lat="36.828491"><ele>413.9</ele></trkpt>
   <trkpt lon="-4.533677" lat="36.828430"><ele>413.4</ele></trkpt>
   <trkpt lon="-4.533565" lat="36.828338"><ele>411.6</ele></trkpt>
   <trkpt lon="-4.533232" lat="36.828015"><ele>410.2</ele></trkpt>
   <trkpt lon="-4.532780" lat="36.827617"><ele>405.6</ele></trkpt>
   <trkpt lon="-4.532477" lat="36.827384"><ele>406.1</ele></trkpt>
   <trkpt lon="-4.532369" lat="36.827287"><ele>405.5</ele></trkpt>
   <trkpt lon="-4.532302" lat="36.827183"><ele>405.6</ele></trkpt>
   <trkpt lon="-4.532263" lat="36.827062"><ele>406.3</ele></trkpt>
   <trkpt lon="-4.532263" lat="36.826966"><ele>407.7</ele></trkpt>
   <trkpt lon="-4.532300" lat="36.826863"><ele>409.1</ele></trkpt>
   <trkpt lon="-4.532453" lat="36.826634"><ele>413.4</ele></trkpt>
   <trkpt lon="-4.532563" lat="36.826428"><ele>417.5</ele></trkpt>
   <trkpt lon="-4.532693" lat="36.826031"><ele>423.1</ele></trkpt>
   <trkpt lon="-4.532763" lat="36.825878"><ele>424.2</ele></trkpt>
   <trkpt lon="-4.532842" lat="36.825781"><ele>423.4</ele></trkpt>
   <trkpt lon="-4.533068" lat="36.825577"><ele>415.9</ele></trkpt>
   <trkpt lon="-4.533170" lat="36.825453"><ele>412.1</ele></trkpt>
   <trkpt lon="-4.533212" lat="36.825336"><ele>410.0</ele></trkpt>
   <trkpt lon="-4.533212" lat="36.825211"><ele>407.5</ele></trkpt>
   <trkpt lon="-4.533178" lat="36.825101"><ele>406.8</ele></trkpt>
   <trkpt lon="-4.532906" lat="36.824571"><ele>403.1</ele></trkpt>
   <trkpt lon="-4.532486" lat="36.824116"><ele>396.4</ele></trkpt>
   <trkpt lon="-4.532281" lat="36.823959"><ele>393.0</ele></trkpt>
   <trkpt lon="-4.531914" lat="36.823753"><ele>388.3</ele></trkpt>
   <trkpt lon="-4.531730" lat="36.823692"><ele>387.0</ele></trkpt>
   <trkpt lon="-4.531118" lat="36.823563"><ele>392.6</ele></trkpt>
   <trkpt lon="-4.531083" lat="36.823548"><ele>393.2</ele></trkpt>
   <trkpt lon="-4.530990" lat="36.823507"><ele>394.5</ele></trkpt>
   <trkpt lon="-4.530898" lat="36.823434"><ele>395.0</ele></trkpt>
   <trkpt lon="-4.530814" lat="36.823330"><ele>393.6</ele></trkpt>
   <trkpt lon="-4.530610" lat="36.822970"><ele>386.8</ele></trkpt>
   <trkpt lon="-4.530523" lat="36.822890"><ele>384.4</ele></trkpt>
   <trkpt lon="-4.530390" lat="36.822802"><ele>380.7</ele></trkpt>
   <trkpt lon="-4.530245" lat="36.822769"><ele>379.0</ele></trkpt>
   <trkpt lon="-4.529984" lat="36.822756"><ele>379.7</ele></trkpt>
   <trkpt lon="-4.529986" lat="36.822730"><ele>378.9</ele></trkpt>
   <trkpt lon="-4.529977" lat="36.822704"><ele>378.2</ele></trkpt>
   <trkpt lon="-4.529957" lat="36.822683"><ele>377.8</ele></trkpt>
   <trkpt lon="-4.529907" lat="36.822662"><ele>377.8</ele></trkpt>
   <trkpt lon="-4.529851" lat="36.822668"><ele>378.5</ele></trkpt>
   <trkpt lon="-4.529827" lat="36.822680"><ele>379.2</ele></trkpt>
   <trkpt lon="-4.529809" lat="36.822698"><ele>379.8</ele></trkpt>
   <trkpt lon="-4.529797" lat="36.822719"><ele>380.5</ele></trkpt>
   <trkpt lon="-4.529794" lat="36.822742"><ele>381.0</ele></trkpt>
   <trkpt lon="-4.529588" lat="36.822698"><ele>383.3</ele></trkpt>
   <trkpt lon="-4.529492" lat="36.822654"><ele>384.3</ele></trkpt>
   <trkpt lon="-4.529385" lat="36.822584"><ele>385.1</ele></trkpt>
   <trkpt lon="-4.529181" lat="36.822296"><ele>385.4</ele></trkpt>
   <trkpt lon="-4.529087" lat="36.822204"><ele>385.3</ele></trkpt>
   <trkpt lon="-4.528703" lat="36.821936"><ele>393.0</ele></trkpt>
   <trkpt lon="-4.528587" lat="36.821788"><ele>395.4</ele></trkpt>
   <trkpt lon="-4.528504" lat="36.821455"><ele>390.8</ele></trkpt>
   <trkpt lon="-4.528510" lat="36.821332"><ele>386.9</ele></trkpt>
   <trkpt lon="-4.528587" lat="36.821080"><ele>377.0</ele></trkpt>
   <trkpt lon="-4.528560" lat="36.821014"><ele>375.0</ele></trkpt>
   <trkpt lon="-4.528488" lat="36.820969"><ele>374.1</ele></trkpt>
   <trkpt lon="-4.528217" lat="36.820940"><ele>378.4</ele></trkpt>
   <trkpt lon="-4.528120" lat="36.820912"><ele>379.5</ele></trkpt>
   <trkpt lon="-4.528031" lat="36.820845"><ele>378.5</ele></trkpt>
   <trkpt lon="-4.527822" lat="36.820547"><ele>371.3</ele></trkpt>
   <trkpt lon="-4.527738" lat="36.820464"><ele>369.3</ele></trkpt>
   <trkpt lon="-4.527614" lat="36.820427"><ele>368.6</ele></trkpt>
   <trkpt lon="-4.527236" lat="36.820417"><ele>368.2</ele></trkpt>
   <trkpt lon="-4.527075" lat="36.820416"><ele>367.7</ele></trkpt>
   <trkpt lon="-4.526712" lat="36.820456"><ele>367.3</ele></trkpt>
   <trkpt lon="-4.526571" lat="36.820462"><ele>368.0</ele></trkpt>
   <trkpt lon="-4.526473" lat="36.820446"><ele>368.2</ele></trkpt>
   <trkpt lon="-4.526376" lat="36.820407"><ele>367.7</ele></trkpt>
   <trkpt lon="-4.526142" lat="36.820247"><ele>365.0</ele></trkpt>
   <trkpt lon="-4.525969" lat="36.820181"><ele>362.7</ele></trkpt>
   <trkpt lon="-4.525846" lat="36.820103"><ele>360.7</ele></trkpt>
   <trkpt lon="-4.525733" lat="36.819953"><ele>359.5</ele></trkpt>
   <trkpt lon="-4.525507" lat="36.819586"><ele>360.8</ele></trkpt>
   <trkpt lon="-4.525427" lat="36.819503"><ele>361.4</ele></trkpt>
   <trkpt lon="-4.525335" lat="36.819463"><ele>362.3</ele></trkpt>
   <trkpt lon="-4.525337" lat="36.819360"><ele>363.0</ele></trkpt>
   <trkpt lon="-4.524984" lat="36.818891"><ele>371.0</ele></trkpt>
   <trkpt lon="-4.524787" lat="36.818569"><ele>370.1</ele></trkpt>
   <trkpt lon="-4.524673" lat="36.818468"><ele>368.4</ele></trkpt>
   <trkpt lon="-4.524501" lat="36.818438"><ele>367.4</ele></trkpt>
   <trkpt lon="-4.523866" lat="36.818660"><ele>380.2</ele></trkpt>
   <trkpt lon="-4.523739" lat="36.818653"><ele>381.6</ele></trkpt>
   <trkpt lon="-4.523347" lat="36.818554"><ele>379.4</ele></trkpt>
   <trkpt lon="-4.522955" lat="36.818655"><ele>386.4</ele></trkpt>
   <trkpt lon="-4.522673" lat="36.818635"><ele>388.6</ele></trkpt>
   <trkpt lon="-4.522380" lat="36.818631"><ele>395.1</ele></trkpt>
   <trkpt lon="-4.522072" lat="36.818666"><ele>404.5</ele></trkpt>
   <trkpt lon="-4.521888" lat="36.818602"><ele>409.0</ele></trkpt>
   <trkpt lon="-4.521819" lat="36.818492"><ele>409.6</ele></trkpt>
   <trkpt lon="-4.521699" lat="36.818316"><ele>410.4</ele></trkpt>
   <trkpt lon="-4.520966" lat="36.817774"><ele>430.0</ele></trkpt>
   <trkpt lon="-4.520602" lat="36.817438"><ele>437.1</ele></trkpt>
   <trkpt lon="-4.520440" lat="36.817303"><ele>439.9</ele></trkpt>
   <trkpt lon="-4.519977" lat="36.817191"><ele>449.3</ele></trkpt>
   <trkpt lon="-4.519825" lat="36.817060"><ele>454.1</ele></trkpt>
   <trkpt lon="-4.519718" lat="36.816185"><ele>453.6</ele></trkpt>
   <trkpt lon="-4.519631" lat="36.816002"><ele>451.7</ele></trkpt>
   <trkpt lon="-4.519334" lat="36.815592"><ele>443.9</ele></trkpt>
   <trkpt lon="-4.519231" lat="36.815315"><ele>442.4</ele></trkpt>
   <trkpt lon="-4.519446" lat="36.814742"><ele>445.6</ele></trkpt>
   <trkpt lon="-4.519380" lat="36.813978"><ele>445.1</ele></trkpt>
   <trkpt lon="-4.519423" lat="36.813619"><ele>439.0</ele></trkpt>
   <trkpt lon="-4.519687" lat="36.812501"><ele>411.6</ele></trkpt>
   <trkpt lon="-4.519865" lat="36.812241"><ele>407.1</ele></trkpt>
   <trkpt lon="-4.520323" lat="36.811846"><ele>408.3</ele></trkpt>
   <trkpt lon="-4.520440" lat="36.811745"><ele>409.5</ele></trkpt>
   <trkpt lon="-4.520444" lat="36.811600"><ele>410.7</ele></trkpt>
   <trkpt lon="-4.520282" lat="36.811358"><ele>411.0</ele></trkpt>
   <trkpt lon="-4.520041" lat="36.811202"><ele>404.5</ele></trkpt>
   <trkpt lon="-4.519925" lat="36.811079"><ele>401.3</ele></trkpt>
   <trkpt lon="-4.519909" lat="36.810671"><ele>399.1</ele></trkpt>
   <trkpt lon="-4.520009" lat="36.810273"><ele>404.4</ele></trkpt>
   <trkpt lon="-4.520003" lat="36.810219"><ele>404.6</ele></trkpt>
   <trkpt lon="-4.519884" lat="36.810031"><ele>402.0</ele></trkpt>
   <trkpt lon="-4.519790" lat="36.809602"><ele>402.2</ele></trkpt>
   <trkpt lon="-4.519762" lat="36.809524"><ele>402.2</ele></trkpt>
   <trkpt lon="-4.519731" lat="36.809440"><ele>402.5</ele></trkpt>
   <trkpt lon="-4.519508" lat="36.809180"><ele>401.5</ele></trkpt>
   <trkpt lon="-4.519438" lat="36.808994"><ele>403.9</ele></trkpt>
   <trkpt lon="-4.519381" lat="36.808529"><ele>407.1</ele></trkpt>
   <trkpt lon="-4.519063" lat="36.807941"><ele>398.6</ele></trkpt>
   <trkpt lon="-4.518814" lat="36.807756"><ele>391.0</ele></trkpt>
   <trkpt lon="-4.518603" lat="36.807701"><ele>390.9</ele></trkpt>
   <trkpt lon="-4.518263" lat="36.807585"><ele>391.1</ele></trkpt>
   <trkpt lon="-4.517997" lat="36.807323"><ele>387.2</ele></trkpt>
   <trkpt lon="-4.517584" lat="36.807164"><ele>380.8</ele></trkpt>
   <trkpt lon="-4.516847" lat="36.806687"><ele>368.0</ele></trkpt>
   <trkpt lon="-4.516571" lat="36.806395"><ele>367.6</ele></trkpt>
   <trkpt lon="-4.516316" lat="36.805913"><ele>365.9</ele></trkpt>
   <trkpt lon="-4.516242" lat="36.805792"><ele>364.0</ele></trkpt>
   <trkpt lon="-4.515894" lat="36.805368"><ele>354.9</ele></trkpt>
   <trkpt lon="-4.515601" lat="36.805114"><ele>344.4</ele></trkpt>
   <trkpt lon="-4.515051" lat="36.804932"><ele>335.3</ele></trkpt>
   <trkpt lon="-4.514839" lat="36.804765"><ele>331.2</ele></trkpt>
   <trkpt lon="-4.514813" lat="36.804549"><ele>327.7</ele></trkpt>
   <trkpt lon="-4.514955" lat="36.804312"><ele>322.7</ele></trkpt>
   <trkpt lon="-4.515223" lat="36.804065"><ele>324.5</ele></trkpt>
   <trkpt lon="-4.515539" lat="36.803836"><ele>324.2</ele></trkpt>
   <trkpt lon="-4.515683" lat="36.803608"><ele>319.7</ele></trkpt>
   <trkpt lon="-4.515766" lat="36.803213"><ele>315.0</ele></trkpt>
   <trkpt lon="-4.515780" lat="36.802952"><ele>312.6</ele></trkpt>
   <trkpt lon="-4.516212" lat="36.801393"><ele>306.5</ele></trkpt>
   <trkpt lon="-4.516888" lat="36.800442"><ele>305.1</ele></trkpt>
   <trkpt lon="-4.517362" lat="36.799610"><ele>308.4</ele></trkpt>
   <trkpt lon="-4.517650" lat="36.799310"><ele>312.1</ele></trkpt>
   <trkpt lon="-4.517744" lat="36.799176"><ele>311.6</ele></trkpt>
   <trkpt lon="-4.517809" lat="36.799021"><ele>310.6</ele></trkpt>
   <trkpt lon="-4.517868" lat="36.798652"><ele>304.4</ele></trkpt>
   <trkpt lon="-4.517915" lat="36.798467"><ele>299.6</ele></trkpt>
   <trkpt lon="-4.517965" lat="36.798321"><ele>296.1</ele></trkpt>
   <trkpt lon="-4.518102" lat="36.798128"><ele>292.7</ele></trkpt>
   <trkpt lon="-4.518335" lat="36.797878"><ele>290.5</ele></trkpt>
   <trkpt lon="-4.518662" lat="36.797486"><ele>289.3</ele></trkpt>
   <trkpt lon="-4.518813" lat="36.797284"><ele>289.8</ele></trkpt>
   <trkpt lon="-4.518884" lat="36.797153"><ele>290.6</ele></trkpt>
   <trkpt lon="-4.518911" lat="36.797086"><ele>290.9</ele></trkpt>
   <trkpt lon="-4.518943" lat="36.796984"><ele>290.1</ele></trkpt>
   <trkpt lon="-4.518938" lat="36.796688"><ele>285.8</ele></trkpt>
   <trkpt lon="-4.518944" lat="36.796563"><ele>283.3</ele></trkpt>
   <trkpt lon="-4.518965" lat="36.796498"><ele>282.1</ele></trkpt>
   <trkpt lon="-4.519011" lat="36.796414"><ele>280.8</ele></trkpt>
   <trkpt lon="-4.519422" lat="36.795792"><ele>284.7</ele></trkpt>
   <trkpt lon="-4.519512" lat="36.795580"><ele>287.5</ele></trkpt>
   <trkpt lon="-4.519551" lat="36.795473"><ele>289.0</ele></trkpt>
   <trkpt lon="-4.519594" lat="36.795274"><ele>291.1</ele></trkpt>
   <trkpt lon="-4.519599" lat="36.795148"><ele>291.5</ele></trkpt>
   <trkpt lon="-4.519626" lat="36.794859"><ele>293.8</ele></trkpt>
   <trkpt lon="-4.519707" lat="36.794680"><ele>296.2</ele></trkpt>
   <trkpt lon="-4.519950" lat="36.794386"><ele>299.8</ele></trkpt>
   <trkpt lon="-4.520147" lat="36.794198"><ele>298.6</ele></trkpt>
   <trkpt lon="-4.520441" lat="36.794039"><ele>296.7</ele></trkpt>
   <trkpt lon="-4.520521" lat="36.793950"><ele>296.2</ele></trkpt>
   <trkpt lon="-4.520539" lat="36.793877"><ele>294.7</ele></trkpt>
   <trkpt lon="-4.520532" lat="36.793811"><ele>293.5</ele></trkpt>
   <trkpt lon="-4.520506" lat="36.793741"><ele>292.2</ele></trkpt>
   <trkpt lon="-4.520445" lat="36.793657"><ele>291.1</ele></trkpt>
   <trkpt lon="-4.520350" lat="36.793550"><ele>290.9</ele></trkpt>
   <trkpt lon="-4.520164" lat="36.793400"><ele>292.4</ele></trkpt>
   <trkpt lon="-4.520017" lat="36.793315"><ele>294.6</ele></trkpt>
   <trkpt lon="-4.519956" lat="36.793296"><ele>295.7</ele></trkpt>
   <trkpt lon="-4.519875" lat="36.793270"><ele>296.1</ele></trkpt>
   <trkpt lon="-4.519635" lat="36.793195"><ele>297.4</ele></trkpt>
   <trkpt lon="-4.519022" lat="36.793024"><ele>297.9</ele></trkpt>
   <trkpt lon="-4.518864" lat="36.792948"><ele>299.2</ele></trkpt>
   <trkpt lon="-4.518709" lat="36.792840"><ele>298.9</ele></trkpt>
   <trkpt lon="-4.518558" lat="36.792660"><ele>297.0</ele></trkpt>
   <trkpt lon="-4.518001" lat="36.791715"><ele>282.6</ele></trkpt>
   <trkpt lon="-4.517879" lat="36.791559"><ele>282.7</ele></trkpt>
   <trkpt lon="-4.517383" lat="36.790988"><ele>273.4</ele></trkpt>
   <trkpt lon="-4.517294" lat="36.790861"><ele>271.1</ele></trkpt>
   <trkpt lon="-4.517259" lat="36.790741"><ele>270.4</ele></trkpt>
   <trkpt lon="-4.517244" lat="36.790592"><ele>270.4</ele></trkpt>
   <trkpt lon="-4.517239" lat="36.790424"><ele>272.1</ele></trkpt>
   <trkpt lon="-4.517218" lat="36.790241"><ele>274.6</ele></trkpt>
   <trkpt lon="-4.517195" lat="36.790131"><ele>276.1</ele></trkpt>
   <trkpt lon="-4.517159" lat="36.790033"><ele>277.6</ele></trkpt>
   <trkpt lon="-4.517022" lat="36.789665"><ele>279.8</ele></trkpt>
   <trkpt lon="-4.516972" lat="36.789508"><ele>279.8</ele></trkpt>
   <trkpt lon="-4.516931" lat="36.789341"><ele>279.8</ele></trkpt>
   <trkpt lon="-4.516917" lat="36.789248"><ele>279.8</ele></trkpt>
   <trkpt lon="-4.516943" lat="36.789154"><ele>278.0</ele></trkpt>
   <trkpt lon="-4.517017" lat="36.789017"><ele>272.8</ele></trkpt>
   <trkpt lon="-4.517060" lat="36.788972"><ele>270.5</ele></trkpt>
   <trkpt lon="-4.517131" lat="36.788886"><ele>266.4</ele></trkpt>
   <trkpt lon="-4.517829" lat="36.788335"><ele>238.4</ele></trkpt>
   <trkpt lon="-4.518062" lat="36.788028"><ele>228.9</ele></trkpt>
   <trkpt lon="-4.518222" lat="36.787979"><ele>229.7</ele></trkpt>
   <trkpt lon="-4.518491" lat="36.788012"><ele>233.2</ele></trkpt>
   <trkpt lon="-4.518629" lat="36.787978"><ele>232.4</ele></trkpt>
   <trkpt lon="-4.518794" lat="36.787865"><ele>228.0</ele></trkpt>
   <trkpt lon="-4.519018" lat="36.787493"><ele>217.9</ele></trkpt>
   <trkpt lon="-4.519146" lat="36.787205"><ele>220.0</ele></trkpt>
   <trkpt lon="-4.519103" lat="36.787040"><ele>219.0</ele></trkpt>
   <trkpt lon="-4.518470" lat="36.786198"><ele>209.2</ele></trkpt>
   <trkpt lon="-4.518008" lat="36.785790"><ele>198.1</ele></trkpt>
   <trkpt lon="-4.516908" lat="36.784162"><ele>179.7</ele></trkpt>
   <trkpt lon="-4.516718" lat="36.783846"><ele>178.1</ele></trkpt>
   <trkpt lon="-4.516465" lat="36.783551"><ele>177.1</ele></trkpt>
   <trkpt lon="-4.516184" lat="36.783381"><ele>171.8</ele></trkpt>
   <trkpt lon="-4.515865" lat="36.783172"><ele>161.3</ele></trkpt>
   <trkpt lon="-4.515747" lat="36.783024"><ele>157.1</ele></trkpt>
   <trkpt lon="-4.515613" lat="36.782383"><ele>148.1</ele></trkpt>
   <trkpt lon="-4.515653" lat="36.782202"><ele>143.4</ele></trkpt>
   <trkpt lon="-4.515883" lat="36.782062"><ele>143.2</ele></trkpt>
   <trkpt lon="-4.516121" lat="36.781970"><ele>144.4</ele></trkpt>
   <trkpt lon="-4.516366" lat="36.781901"><ele>145.6</ele></trkpt>
   <trkpt lon="-4.516535" lat="36.781929"><ele>147.8</ele></trkpt>
   <trkpt lon="-4.516663" lat="36.781994"><ele>148.6</ele></trkpt>
   <trkpt lon="-4.516774" lat="36.782039"><ele>149.0</ele></trkpt>
   <trkpt lon="-4.516827" lat="36.782041"><ele>148.7</ele></trkpt>
   <trkpt lon="-4.516866" lat="36.782028"><ele>148.2</ele></trkpt>
   <trkpt lon="-4.516885" lat="36.781989"><ele>147.1</ele></trkpt>
   <trkpt lon="-4.516767" lat="36.781565"><ele>138.6</ele></trkpt>
   <trkpt lon="-4.516666" lat="36.781086"><ele>125.2</ele></trkpt>
   <trkpt lon="-4.516660" lat="36.781058"><ele>124.3</ele></trkpt>
   <trkpt lon="-4.516586" lat="36.780993"><ele>122.2</ele></trkpt>
   <trkpt lon="-4.516496" lat="36.780969"><ele>121.7</ele></trkpt>
   <trkpt lon="-4.516419" lat="36.780950"><ele>121.0</ele></trkpt>
   <trkpt lon="-4.516322" lat="36.780936"><ele>120.2</ele></trkpt>
   <trkpt lon="-4.516216" lat="36.780926"><ele>119.2</ele></trkpt>
   <trkpt lon="-4.515932" lat="36.780929"><ele>115.2</ele></trkpt>
   <trkpt lon="-4.515801" lat="36.780918"><ele>113.0</ele></trkpt>
   <trkpt lon="-4.515641" lat="36.780901"><ele>109.8</ele></trkpt>
   <trkpt lon="-4.515526" lat="36.780951"><ele>107.4</ele></trkpt>
   <trkpt lon="-4.515438" lat="36.781032"><ele>106.5</ele></trkpt>
   <trkpt lon="-4.515364" lat="36.781243"><ele>109.2</ele></trkpt>
   <trkpt lon="-4.515305" lat="36.781304"><ele>109.2</ele></trkpt>
   <trkpt lon="-4.515256" lat="36.781320"><ele>108.5</ele></trkpt>
   <trkpt lon="-4.515224" lat="36.781299"><ele>107.5</ele></trkpt>
   <trkpt lon="-4.515196" lat="36.781280"><ele>106.6</ele></trkpt>
   <trkpt lon="-4.515169" lat="36.781009"><ele>101.3</ele></trkpt>
   <trkpt lon="-4.515217" lat="36.780777"><ele>101.9</ele></trkpt>
   <trkpt lon="-4.515339" lat="36.780651"><ele>98.5</ele></trkpt>
   <trkpt lon="-4.515526" lat="36.780526"><ele>100.0</ele></trkpt>
   <trkpt lon="-4.515599" lat="36.780463"><ele>100.1</ele></trkpt>
   <trkpt lon="-4.515703" lat="36.780304"><ele>99.1</ele></trkpt>
   <trkpt lon="-4.515654" lat="36.780178"><ele>97.7</ele></trkpt>
   <trkpt lon="-4.515595" lat="36.780046"><ele>96.5</ele></trkpt>
   <trkpt lon="-4.515422" lat="36.779714"><ele>93.9</ele></trkpt>
   <trkpt lon="-4.515394" lat="36.779641"><ele>93.4</ele></trkpt>
   <trkpt lon="-4.515247" lat="36.779430"><ele>92.1</ele></trkpt>
   <trkpt lon="-4.515035" lat="36.779158"><ele>90.2</ele></trkpt>
   <trkpt lon="-4.514940" lat="36.779106"><ele>89.3</ele></trkpt>
   <trkpt lon="-4.514410" lat="36.778816"><ele>83.3</ele></trkpt>
   <trkpt lon="-4.514134" lat="36.778656"><ele>81.4</ele></trkpt>
   <trkpt lon="-4.513988" lat="36.778570"><ele>80.6</ele></trkpt>
   <trkpt lon="-4.513864" lat="36.778499"><ele>80.3</ele></trkpt>
   <trkpt lon="-4.513741" lat="36.778375"><ele>79.7</ele></trkpt>
   <trkpt lon="-4.513105" lat="36.777527"><ele>68.4</ele></trkpt>
   <trkpt lon="-4.512955" lat="36.777274"><ele>65.8</ele></trkpt>
   <trkpt lon="-4.512877" lat="36.777037"><ele>64.5</ele></trkpt>
   <trkpt lon="-4.512656" lat="36.776370"><ele>62.8</ele></trkpt>
   <trkpt lon="-4.512314" lat="36.775753"><ele>60.9</ele></trkpt>
   <trkpt lon="-4.511517" lat="36.774824"><ele>56.2</ele></trkpt>
   <trkpt lon="-4.511481" lat="36.774700"><ele>55.8</ele></trkpt>
   <trkpt lon="-4.511506" lat="36.774597"><ele>55.5</ele></trkpt>
   <trkpt lon="-4.511597" lat="36.774447"><ele>55.5</ele></trkpt>
   <trkpt lon="-4.512046" lat="36.774036"><ele>54.7</ele></trkpt>
   <trkpt lon="-4.512634" lat="36.773586"><ele>54.8</ele></trkpt>
   <trkpt lon="-4.513030" lat="36.773389"><ele>54.3</ele></trkpt>
   <trkpt lon="-4.513304" lat="36.773348"><ele>54.5</ele></trkpt>
   <trkpt lon="-4.513369" lat="36.773308"><ele>54.3</ele></trkpt>
   <trkpt lon="-4.513393" lat="36.773229"><ele>53.7</ele></trkpt>
   <trkpt lon="-4.513073" lat="36.772572"><ele>56.4</ele></trkpt>
   <trkpt lon="-4.513070" lat="36.772431"><ele>57.0</ele></trkpt>
   <trkpt lon="-4.513148" lat="36.772215"><ele>57.0</ele></trkpt>
   <trkpt lon="-4.512755" lat="36.772385"><ele>57.0</ele></trkpt>
   <trkpt lon="-4.512610" lat="36.772424"><ele>57.0</ele></trkpt>
   <trkpt lon="-4.512384" lat="36.772496"><ele>56.9</ele></trkpt>
   <trkpt lon="-4.512287" lat="36.772517"><ele>57.0</ele></trkpt>
   <trkpt lon="-4.512162" lat="36.772506"><ele>57.1</ele></trkpt>
   <trkpt lon="-4.511950" lat="36.772477"><ele>57.5</ele></trkpt>
   <trkpt lon="-4.511679" lat="36.772389"><ele>58.2</ele></trkpt>
   <trkpt lon="-4.511511" lat="36.772318"><ele>58.7</ele></trkpt>
   <trkpt lon="-4.510901" lat="36.772315"><ele>59.8</ele></trkpt>
   <trkpt lon="-4.510457" lat="36.772279"><ele>60.4</ele></trkpt>
   <trkpt lon="-4.510013" lat="36.772184"><ele>61.2</ele></trkpt>
   <trkpt lon="-4.509427" lat="36.771940"><ele>64.0</ele></trkpt>
   <trkpt lon="-4.509094" lat="36.771763"><ele>65.6</ele></trkpt>
   <trkpt lon="-4.508354" lat="36.771458"><ele>65.1</ele></trkpt>
   <trkpt lon="-4.508068" lat="36.771361"><ele>65.8</ele></trkpt>
   <trkpt lon="-4.507921" lat="36.771294"><ele>66.3</ele></trkpt>
   <trkpt lon="-4.508001" lat="36.770964"><ele>72.3</ele></trkpt>
   <trkpt lon="-4.508069" lat="36.770570"><ele>86.5</ele></trkpt>
   <trkpt lon="-4.507967" lat="36.770543"><ele>87.8</ele></trkpt>
   <trkpt lon="-4.507792" lat="36.770525"><ele>88.8</ele></trkpt>
   <trkpt lon="-4.507589" lat="36.770507"><ele>89.3</ele></trkpt>
   <trkpt lon="-4.507255" lat="36.770495"><ele>86.7</ele></trkpt>
   <trkpt lon="-4.507095" lat="36.770411"><ele>87.9</ele></trkpt>
   <trkpt lon="-4.506923" lat="36.770309"><ele>89.6</ele></trkpt>
   <trkpt lon="-4.506364" lat="36.769964"><ele>90.0</ele></trkpt>
   <trkpt lon="-4.506218" lat="36.769863"><ele>87.5</ele></trkpt>
   <trkpt lon="-4.506128" lat="36.769757"><ele>86.0</ele></trkpt>
   <trkpt lon="-4.506056" lat="36.769584"><ele>85.7</ele></trkpt>
   <trkpt lon="-4.506003" lat="36.769422"><ele>85.6</ele></trkpt>
   <trkpt lon="-4.505932" lat="36.769283"><ele>85.7</ele></trkpt>
   <trkpt lon="-4.505737" lat="36.768967"><ele>84.3</ele></trkpt>
   <trkpt lon="-4.505306" lat="36.768172"><ele>84.1</ele></trkpt>
   <trkpt lon="-4.505160" lat="36.767960"><ele>86.0</ele></trkpt>
   <trkpt lon="-4.504984" lat="36.767774"><ele>86.8</ele></trkpt>
   <trkpt lon="-4.504733" lat="36.767563"><ele>84.9</ele></trkpt>
   <trkpt lon="-4.504415" lat="36.767320"><ele>82.2</ele></trkpt>
   <trkpt lon="-4.504168" lat="36.767041"><ele>85.0</ele></trkpt>
   <trkpt lon="-4.503650" lat="36.766693"><ele>91.2</ele></trkpt>
   <trkpt lon="-4.503404" lat="36.766602"><ele>90.8</ele></trkpt>
   <trkpt lon="-4.503154" lat="36.766561"><ele>89.4</ele></trkpt>
   <trkpt lon="-4.502874" lat="36.766570"><ele>87.5</ele></trkpt>
   <trkpt lon="-4.502729" lat="36.766589"><ele>86.0</ele></trkpt>
   <trkpt lon="-4.502609" lat="36.766613"><ele>84.8</ele></trkpt>
   <trkpt lon="-4.502511" lat="36.766592"><ele>84.1</ele></trkpt>
   <trkpt lon="-4.502436" lat="36.766563"><ele>83.8</ele></trkpt>
   <trkpt lon="-4.502346" lat="36.766441"><ele>83.9</ele></trkpt>
   <trkpt lon="-4.502347" lat="36.766320"><ele>84.5</ele></trkpt>
   <trkpt lon="-4.502380" lat="36.766163"><ele>85.5</ele></trkpt>
   <trkpt lon="-4.502460" lat="36.766004"><ele>85.3</ele></trkpt>
   <trkpt lon="-4.502548" lat="36.765886"><ele>85.4</ele></trkpt>
   <trkpt lon="-4.502614" lat="36.765799"><ele>86.3</ele></trkpt>
   <trkpt lon="-4.502823" lat="36.765561"><ele>86.0</ele></trkpt>
   <trkpt lon="-4.502919" lat="36.765440"><ele>85.8</ele></trkpt>
   <trkpt lon="-4.503029" lat="36.765260"><ele>86.5</ele></trkpt>
   <trkpt lon="-4.503106" lat="36.764834"><ele>90.7</ele></trkpt>
   <trkpt lon="-4.503087" lat="36.764724"><ele>93.0</ele></trkpt>
   <trkpt lon="-4.502990" lat="36.764616"><ele>94.3</ele></trkpt>
   <trkpt lon="-4.502812" lat="36.764495"><ele>97.7</ele></trkpt>
   <trkpt lon="-4.502149" lat="36.764288"><ele>100.6</ele></trkpt>
   <trkpt lon="-4.501973" lat="36.764270"><ele>102.3</ele></trkpt>
   <trkpt lon="-4.501866" lat="36.764282"><ele>102.5</ele></trkpt>
   <trkpt lon="-4.501594" lat="36.764379"><ele>99.3</ele></trkpt>
   <trkpt lon="-4.501456" lat="36.764404"><ele>98.2</ele></trkpt>
   <trkpt lon="-4.501205" lat="36.764395"><ele>96.8</ele></trkpt>
   <trkpt lon="-4.501101" lat="36.764348"><ele>96.8</ele></trkpt>
   <trkpt lon="-4.500889" lat="36.764182"><ele>97.7</ele></trkpt>
   <trkpt lon="-4.500504" lat="36.763927"><ele>98.2</ele></trkpt>
   <trkpt lon="-4.500416" lat="36.763878"><ele>99.4</ele></trkpt>
   <trkpt lon="-4.500224" lat="36.763821"><ele>100.7</ele></trkpt>
   <trkpt lon="-4.499819" lat="36.763775"><ele>101.5</ele></trkpt>
   <trkpt lon="-4.499390" lat="36.763673"><ele>104.6</ele></trkpt>
   <trkpt lon="-4.499242" lat="36.763625"><ele>106.9</ele></trkpt>
   <trkpt lon="-4.499116" lat="36.763401"><ele>109.7</ele></trkpt>
   <trkpt lon="-4.499049" lat="36.763234"><ele>111.7</ele></trkpt>
   <trkpt lon="-4.499040" lat="36.763167"><ele>112.2</ele></trkpt>
   <trkpt lon="-4.499017" lat="36.762989"><ele>113.7</ele></trkpt>
   <trkpt lon="-4.499007" lat="36.762809"><ele>114.3</ele></trkpt>
   <trkpt lon="-4.498988" lat="36.762650"><ele>114.9</ele></trkpt>
   <trkpt lon="-4.498824" lat="36.762376"><ele>119.0</ele></trkpt>
   <trkpt lon="-4.498801" lat="36.762289"><ele>119.0</ele></trkpt>
   <trkpt lon="-4.498831" lat="36.762198"><ele>118.0</ele></trkpt>
   <trkpt lon="-4.498844" lat="36.762076"><ele>116.5</ele></trkpt>
   <trkpt lon="-4.498806" lat="36.761839"><ele>114.7</ele></trkpt>
   <trkpt lon="-4.498645" lat="36.761596"><ele>115.6</ele></trkpt>
   <trkpt lon="-4.498570" lat="36.761481"><ele>116.5</ele></trkpt>
   <trkpt lon="-4.498538" lat="36.761432"><ele>116.9</ele></trkpt>
   <trkpt lon="-4.498370" lat="36.761077"><ele>118.5</ele></trkpt>
   <trkpt lon="-4.498305" lat="36.760933"><ele>118.9</ele></trkpt>
   <trkpt lon="-4.498025" lat="36.760534"><ele>119.3</ele></trkpt>
   <trkpt lon="-4.497895" lat="36.760311"><ele>120.2</ele></trkpt>
   <trkpt lon="-4.497765" lat="36.760089"><ele>121.2</ele></trkpt>
   <trkpt lon="-4.497499" lat="36.759771"><ele>123.7</ele></trkpt>
   <trkpt lon="-4.497439" lat="36.759711"><ele>124.2</ele></trkpt>
   <trkpt lon="-4.497375" lat="36.759672"><ele>124.8</ele></trkpt>
   <trkpt lon="-4.497318" lat="36.759633"><ele>125.4</ele></trkpt>
   <trkpt lon="-4.497271" lat="36.759571"><ele>126.0</ele></trkpt>
   <trkpt lon="-4.497197" lat="36.759365"><ele>126.9</ele></trkpt>
   <trkpt lon="-4.497150" lat="36.759200"><ele>127.3</ele></trkpt>
   <trkpt lon="-4.497073" lat="36.759039"><ele>128.3</ele></trkpt>
   <trkpt lon="-4.497013" lat="36.758942"><ele>129.1</ele></trkpt>
   <trkpt lon="-4.496754" lat="36.758620"><ele>132.0</ele></trkpt>
   <trkpt lon="-4.496641" lat="36.758533"><ele>133.5</ele></trkpt>
   <trkpt lon="-4.496370" lat="36.758307"><ele>136.6</ele></trkpt>
   <trkpt lon="-4.495819" lat="36.757946"><ele>139.6</ele></trkpt>
   <trkpt lon="-4.495727" lat="36.757843"><ele>140.7</ele></trkpt>
   <trkpt lon="-4.495687" lat="36.757800"><ele>141.4</ele></trkpt>
   <trkpt lon="-4.495421" lat="36.757143"><ele>142.7</ele></trkpt>
   <trkpt lon="-4.495133" lat="36.756507"><ele>144.1</ele></trkpt>
   <trkpt lon="-4.495057" lat="36.756341"><ele>144.5</ele></trkpt>
   <trkpt lon="-4.494736" lat="36.755573"><ele>143.7</ele></trkpt>
   <trkpt lon="-4.494624" lat="36.755382"><ele>143.1</ele></trkpt>
   <trkpt lon="-4.494466" lat="36.755173"><ele>142.3</ele></trkpt>
   <trkpt lon="-4.494329" lat="36.755010"><ele>141.9</ele></trkpt>
   <trkpt lon="-4.494020" lat="36.754638"><ele>142.5</ele></trkpt>
   <trkpt lon="-4.493684" lat="36.754253"><ele>141.8</ele></trkpt>
   <trkpt lon="-4.493578" lat="36.754117"><ele>141.3</ele></trkpt>
   <trkpt lon="-4.493466" lat="36.753941"><ele>140.9</ele></trkpt>
   <trkpt lon="-4.493267" lat="36.753592"><ele>141.2</ele></trkpt>
   <trkpt lon="-4.492949" lat="36.753001"><ele>141.1</ele></trkpt>
   <trkpt lon="-4.492732" lat="36.752581"><ele>139.8</ele></trkpt>
   <trkpt lon="-4.492649" lat="36.752427"><ele>140.6</ele></trkpt>
   <trkpt lon="-4.492628" lat="36.752319"><ele>141.1</ele></trkpt>
   <trkpt lon="-4.492632" lat="36.752241"><ele>142.0</ele></trkpt>
   <trkpt lon="-4.492642" lat="36.752185"><ele>142.5</ele></trkpt>
   <trkpt lon="-4.492792" lat="36.752062"><ele>142.3</ele></trkpt>
   <trkpt lon="-4.492892" lat="36.751953"><ele>142.2</ele></trkpt>
   <trkpt lon="-4.492948" lat="36.751803"><ele>142.8</ele></trkpt>
   <trkpt lon="-4.492962" lat="36.751621"><ele>143.7</ele></trkpt>
   <trkpt lon="-4.492929" lat="36.751471"><ele>141.1</ele></trkpt>
   <trkpt lon="-4.492879" lat="36.751344"><ele>138.6</ele></trkpt>
   <trkpt lon="-4.492812" lat="36.751247"><ele>136.5</ele></trkpt>
   <trkpt lon="-4.492793" lat="36.751227"><ele>136.1</ele></trkpt>
   <trkpt lon="-4.492671" lat="36.751141"><ele>134.3</ele></trkpt>
   <trkpt lon="-4.492524" lat="36.751063"><ele>133.4</ele></trkpt>
   <trkpt lon="-4.492330" lat="36.751000"><ele>133.4</ele></trkpt>
   <trkpt lon="-4.492158" lat="36.750985"><ele>133.8</ele></trkpt>
   <trkpt lon="-4.491996" lat="36.750990"><ele>134.3</ele></trkpt>
   <trkpt lon="-4.491901" lat="36.750905"><ele>134.0</ele></trkpt>
   <trkpt lon="-4.491871" lat="36.750812"><ele>133.5</ele></trkpt>
   <trkpt lon="-4.491922" lat="36.750520"><ele>132.6</ele></trkpt>
   <trkpt lon="-4.492017" lat="36.750273"><ele>134.4</ele></trkpt>
   <trkpt lon="-4.492654" lat="36.749079"><ele>133.9</ele></trkpt>
   <trkpt lon="-4.492703" lat="36.749024"><ele>133.5</ele></trkpt>
   <trkpt lon="-4.492770" lat="36.748988"><ele>133.1</ele></trkpt>
   <trkpt lon="-4.492837" lat="36.748968"><ele>132.7</ele></trkpt>
   <trkpt lon="-4.492899" lat="36.748988"><ele>132.7</ele></trkpt>
   <trkpt lon="-4.492967" lat="36.748993"><ele>132.5</ele></trkpt>
   <trkpt lon="-4.493051" lat="36.748975"><ele>132.6</ele></trkpt>
   <trkpt lon="-4.493121" lat="36.748932"><ele>132.6</ele></trkpt>
   <trkpt lon="-4.493164" lat="36.748871"><ele>132.5</ele></trkpt>
   <trkpt lon="-4.493176" lat="36.748821"><ele>132.4</ele></trkpt>
   <trkpt lon="-4.493286" lat="36.748701"><ele>131.8</ele></trkpt>
   <trkpt lon="-4.493345" lat="36.748576"><ele>130.9</ele></trkpt>
   <trkpt lon="-4.493309" lat="36.748453"><ele>131.1</ele></trkpt>
   <trkpt lon="-4.493276" lat="36.748402"><ele>131.4</ele></trkpt>
   <trkpt lon="-4.493250" lat="36.748361"><ele>131.6</ele></trkpt>
   <trkpt lon="-4.493207" lat="36.748348"><ele>132.1</ele></trkpt>
   <trkpt lon="-4.493114" lat="36.748304"><ele>133.1</ele></trkpt>
   <trkpt lon="-4.493012" lat="36.747947"><ele>134.8</ele></trkpt>
   <trkpt lon="-4.492965" lat="36.747761"><ele>135.1</ele></trkpt>
   <trkpt lon="-4.492934" lat="36.747637"><ele>135.2</ele></trkpt>
   <trkpt lon="-4.492854" lat="36.747389"><ele>134.8</ele></trkpt>
   <trkpt lon="-4.492760" lat="36.747176"><ele>133.8</ele></trkpt>
   <trkpt lon="-4.492669" lat="36.747012"><ele>132.4</ele></trkpt>
   <trkpt lon="-4.492356" lat="36.746577"><ele>128.5</ele></trkpt>
   <trkpt lon="-4.492218" lat="36.746387"><ele>127.5</ele></trkpt>
   <trkpt lon="-4.491875" lat="36.745752"><ele>125.1</ele></trkpt>
   <trkpt lon="-4.491815" lat="36.745706"><ele>125.3</ele></trkpt>
   <trkpt lon="-4.491714" lat="36.745475"><ele>124.2</ele></trkpt>
   <trkpt lon="-4.491600" lat="36.745255"><ele>122.3</ele></trkpt>
   <trkpt lon="-4.491420" lat="36.744977"><ele>121.0</ele></trkpt>
   <trkpt lon="-4.491267" lat="36.744786"><ele>119.8</ele></trkpt>
   <trkpt lon="-4.491170" lat="36.744663"><ele>119.4</ele></trkpt>
   <trkpt lon="-4.490453" lat="36.744014"><ele>120.1</ele></trkpt>
   <trkpt lon="-4.490408" lat="36.743972"><ele>120.3</ele></trkpt>
   <trkpt lon="-4.489811" lat="36.743434"><ele>117.9</ele></trkpt>
   <trkpt lon="-4.489650" lat="36.743282"><ele>117.0</ele></trkpt>
   <trkpt lon="-4.489310" lat="36.742980"><ele>117.1</ele></trkpt>
   <trkpt lon="-4.489211" lat="36.742895"><ele>117.5</ele></trkpt>
   <trkpt lon="-4.489077" lat="36.742769"><ele>117.9</ele></trkpt>
   <trkpt lon="-4.489052" lat="36.742745"><ele>117.9</ele></trkpt>
   <trkpt lon="-4.488961" lat="36.742656"><ele>118.0</ele></trkpt>
   <trkpt lon="-4.488836" lat="36.742524"><ele>117.6</ele></trkpt>
   <trkpt lon="-4.488591" lat="36.742260"><ele>116.1</ele></trkpt>
   <trkpt lon="-4.488611" lat="36.742084"><ele>115.2</ele></trkpt>
   <trkpt lon="-4.488615" lat="36.742016"><ele>115.1</ele></trkpt>
   <trkpt lon="-4.488539" lat="36.741699"><ele>114.1</ele></trkpt>
   <trkpt lon="-4.488524" lat="36.741595"><ele>114.3</ele></trkpt>
   <trkpt lon="-4.488528" lat="36.741394"><ele>114.9</ele></trkpt>
   <trkpt lon="-4.488584" lat="36.741169"><ele>116.0</ele></trkpt>
   <trkpt lon="-4.488647" lat="36.741002"><ele>116.5</ele></trkpt>
   <trkpt lon="-4.488823" lat="36.740536"><ele>115.6</ele></trkpt>
   <trkpt lon="-4.488842" lat="36.740457"><ele>115.3</ele></trkpt>
   <trkpt lon="-4.488830" lat="36.740372"><ele>114.7</ele></trkpt>
   <trkpt lon="-4.488805" lat="36.740307"><ele>114.4</ele></trkpt>
   <trkpt lon="-4.488698" lat="36.740055"><ele>113.0</ele></trkpt>
   <trkpt lon="-4.488523" lat="36.739643"><ele>112.0</ele></trkpt>
   <trkpt lon="-4.488409" lat="36.739441"><ele>112.0</ele></trkpt>
   <trkpt lon="-4.488402" lat="36.739320"><ele>112.0</ele></trkpt>
   <trkpt lon="-4.488367" lat="36.739190"><ele>111.0</ele></trkpt>
   <trkpt lon="-4.488189" lat="36.738971"><ele>108.7</ele></trkpt>
   <trkpt lon="-4.488117" lat="36.738743"><ele>106.7</ele></trkpt>
   <trkpt lon="-4.488117" lat="36.738419"><ele>106.5</ele></trkpt>
   <trkpt lon="-4.488117" lat="36.738384"><ele>106.5</ele></trkpt>
   <trkpt lon="-4.488117" lat="36.738059"><ele>106.5</ele></trkpt>
   <trkpt lon="-4.488121" lat="36.737990"><ele>106.5</ele></trkpt>
   <trkpt lon="-4.488133" lat="36.737827"><ele>106.3</ele></trkpt>
   <trkpt lon="-4.488178" lat="36.737830"><ele>106.5</ele></trkpt>
   <trkpt lon="-4.488222" lat="36.737820"><ele>106.4</ele></trkpt>
   <trkpt lon="-4.488284" lat="36.737778"><ele>106.1</ele></trkpt>
   <trkpt lon="-4.488306" lat="36.737715"><ele>105.9</ele></trkpt>
   <trkpt lon="-4.488290" lat="36.737665"><ele>105.8</ele></trkpt>
   <trkpt lon="-4.488248" lat="36.737625"><ele>105.8</ele></trkpt>
   <trkpt lon="-4.488188" lat="36.737605"><ele>105.9</ele></trkpt>
   <trkpt lon="-4.488148" lat="36.737604"><ele>105.7</ele></trkpt>
   <trkpt lon="-4.488110" lat="36.737612"><ele>105.6</ele></trkpt>
   <trkpt lon="-4.488075" lat="36.737628"><ele>105.6</ele></trkpt>
   <trkpt lon="-4.488048" lat="36.737652"><ele>105.6</ele></trkpt>
   <trkpt lon="-4.487918" lat="36.737585"><ele>104.9</ele></trkpt>
   <trkpt lon="-4.487456" lat="36.737329"><ele>99.8</ele></trkpt>
   <trkpt lon="-4.487310" lat="36.737249"><ele>98.5</ele></trkpt>
   <trkpt lon="-4.487186" lat="36.737180"><ele>97.3</ele></trkpt>
   <trkpt lon="-4.486262" lat="36.736672"><ele>93.0</ele></trkpt>
   <trkpt lon="-4.486108" lat="36.736582"><ele>93.0</ele></trkpt>
   <trkpt lon="-4.486134" lat="36.736524"><ele>93.0</ele></trkpt>
   <trkpt lon="-4.486124" lat="36.736463"><ele>93.1</ele></trkpt>
   <trkpt lon="-4.486075" lat="36.736408"><ele>93.3</ele></trkpt>
   <trkpt lon="-4.485999" lat="36.736381"><ele>93.6</ele></trkpt>
   <trkpt lon="-4.485915" lat="36.736388"><ele>93.9</ele></trkpt>
   <trkpt lon="-4.485848" lat="36.736427"><ele>94.0</ele></trkpt>
   <trkpt lon="-4.485813" lat="36.736489"><ele>93.8</ele></trkpt>
   <trkpt lon="-4.485822" lat="36.736555"><ele>93.4</ele></trkpt>
   <trkpt lon="-4.485699" lat="36.736610"><ele>94.0</ele></trkpt>
   <trkpt lon="-4.485348" lat="36.736751"><ele>97.0</ele></trkpt>
   <trkpt lon="-4.484740" lat="36.737020"><ele>102.4</ele></trkpt>
   <trkpt lon="-4.484621" lat="36.737073"><ele>103.3</ele></trkpt>
   <trkpt lon="-4.484577" lat="36.736941"><ele>103.2</ele></trkpt>
   <trkpt lon="-4.484550" lat="36.736725"><ele>103.2</ele></trkpt>
   <trkpt lon="-4.484582" lat="36.736585"><ele>102.7</ele></trkpt>
   <trkpt lon="-4.484711" lat="36.736371"><ele>101.5</ele></trkpt>
   <trkpt lon="-4.485113" lat="36.735834"><ele>100.1</ele></trkpt>
   <trkpt lon="-4.485229" lat="36.735683"><ele>99.6</ele></trkpt>
   <trkpt lon="-4.485523" lat="36.735292"><ele>98.7</ele></trkpt>
   <trkpt lon="-4.485809" lat="36.734917"><ele>97.0</ele></trkpt>
   <trkpt lon="-4.485910" lat="36.734642"><ele>96.5</ele></trkpt>
   <trkpt lon="-4.485937" lat="36.734425"><ele>96.0</ele></trkpt>
   <trkpt lon="-4.485931" lat="36.734285"><ele>95.7</ele></trkpt>
   <trkpt lon="-4.485915" lat="36.734246"><ele>95.7</ele></trkpt>
   <trkpt lon="-4.485878" lat="36.734208"><ele>95.7</ele></trkpt>
   <trkpt lon="-4.485769" lat="36.734136"><ele>95.8</ele></trkpt>
   <trkpt lon="-4.485726" lat="36.734116"><ele>95.7</ele></trkpt>
   <trkpt lon="-4.485473" lat="36.733999"><ele>96.0</ele></trkpt>
   <trkpt lon="-4.485003" lat="36.733766"><ele>95.6</ele></trkpt>
   <trkpt lon="-4.484902" lat="36.733715"><ele>95.5</ele></trkpt>
   <trkpt lon="-4.484796" lat="36.733665"><ele>95.3</ele></trkpt>
   <trkpt lon="-4.484319" lat="36.733425"><ele>94.4</ele></trkpt>
   <trkpt lon="-4.483941" lat="36.733181"><ele>95.4</ele></trkpt>
   <trkpt lon="-4.483859" lat="36.733108"><ele>95.9</ele></trkpt>
   <trkpt lon="-4.483881" lat="36.733079"><ele>95.7</ele></trkpt>
   <trkpt lon="-4.483883" lat="36.733044"><ele>95.6</ele></trkpt>
   <trkpt lon="-4.483892" lat="36.732915"><ele>95.3</ele></trkpt>
   <trkpt lon="-4.483899" lat="36.732814"><ele>95.2</ele></trkpt>
   <trkpt lon="-4.483915" lat="36.732774"><ele>95.1</ele></trkpt>
   <trkpt lon="-4.483956" lat="36.732684"><ele>94.9</ele></trkpt>
   <trkpt lon="-4.484002" lat="36.732595"><ele>94.9</ele></trkpt>
   <trkpt lon="-4.484130" lat="36.732348"><ele>94.4</ele></trkpt>
   <trkpt lon="-4.484247" lat="36.732094"><ele>93.6</ele></trkpt>
   <trkpt lon="-4.484325" lat="36.731833"><ele>92.6</ele></trkpt>
   <trkpt lon="-4.484362" lat="36.731601"><ele>91.4</ele></trkpt>
   <trkpt lon="-4.484366" lat="36.731453"><ele>90.5</ele></trkpt>
   <trkpt lon="-4.484352" lat="36.731287"><ele>89.6</ele></trkpt>
   <trkpt lon="-4.484321" lat="36.731058"><ele>89.4</ele></trkpt>
   <trkpt lon="-4.483950" lat="36.729631"><ele>95.6</ele></trkpt>
   <trkpt lon="-4.483860" lat="36.729313"><ele>94.2</ele></trkpt>
   <trkpt lon="-4.483781" lat="36.728972"><ele>90.9</ele></trkpt>
   <trkpt lon="-4.483716" lat="36.728453"><ele>87.2</ele></trkpt>
   <trkpt lon="-4.483738" lat="36.728005"><ele>84.8</ele></trkpt>
   <trkpt lon="-4.483829" lat="36.727643"><ele>83.7</ele></trkpt>
   <trkpt lon="-4.483968" lat="36.727261"><ele>80.7</ele></trkpt>
   <trkpt lon="-4.484164" lat="36.726870"><ele>78.2</ele></trkpt>
   <trkpt lon="-4.484382" lat="36.726568"><ele>76.1</ele></trkpt>
   <trkpt lon="-4.484728" lat="36.726187"><ele>73.8</ele></trkpt>
   <trkpt lon="-4.484856" lat="36.726081"><ele>73.1</ele></trkpt>
   <trkpt lon="-4.484943" lat="36.725982"><ele>72.4</ele></trkpt>
   <trkpt lon="-4.484989" lat="36.725885"><ele>72.0</ele></trkpt>
   <trkpt lon="-4.485004" lat="36.725843"><ele>71.8</ele></trkpt>
   <trkpt lon="-4.485053" lat="36.725817"><ele>71.6</ele></trkpt>
   <trkpt lon="-4.485091" lat="36.725783"><ele>71.4</ele></trkpt>
   <trkpt lon="-4.485116" lat="36.725741"><ele>71.2</ele></trkpt>
   <trkpt lon="-4.485127" lat="36.725695"><ele>71.0</ele></trkpt>
   <trkpt lon="-4.485122" lat="36.725649"><ele>70.9</ele></trkpt>
   <trkpt lon="-4.485102" lat="36.725606"><ele>70.8</ele></trkpt>
   <trkpt lon="-4.485068" lat="36.725569"><ele>70.7</ele></trkpt>
   <trkpt lon="-4.485023" lat="36.725540"><ele>70.7</ele></trkpt>
   <trkpt lon="-4.484955" lat="36.725519"><ele>70.7</ele></trkpt>
   <trkpt lon="-4.484881" lat="36.725517"><ele>70.8</ele></trkpt>
   <trkpt lon="-4.484811" lat="36.725536"><ele>71.0</ele></trkpt>
   <trkpt lon="-4.484792" lat="36.725498"><ele>70.8</ele></trkpt>
   <trkpt lon="-4.484771" lat="36.725457"><ele>70.6</ele></trkpt>
   <trkpt lon="-4.484725" lat="36.725377"><ele>70.1</ele></trkpt>
   <trkpt lon="-4.484703" lat="36.725336"><ele>69.9</ele></trkpt>
   <trkpt lon="-4.483957" lat="36.723998"><ele>63.6</ele></trkpt>
   <trkpt lon="-4.483933" lat="36.723864"><ele>63.3</ele></trkpt>
   <trkpt lon="-4.483938" lat="36.723771"><ele>63.2</ele></trkpt>
   <trkpt lon="-4.483945" lat="36.723714"><ele>63.1</ele></trkpt>
   <trkpt lon="-4.483965" lat="36.723655"><ele>63.0</ele></trkpt>
   <trkpt lon="-4.483967" lat="36.723622"><ele>63.0</ele></trkpt>
   <trkpt lon="-4.483953" lat="36.723575"><ele>62.9</ele></trkpt>
   <trkpt lon="-4.483917" lat="36.723528"><ele>62.8</ele></trkpt>
   <trkpt lon="-4.483865" lat="36.723493"><ele>62.7</ele></trkpt>
   <trkpt lon="-4.483802" lat="36.723473"><ele>62.5</ele></trkpt>
   <trkpt lon="-4.483775" lat="36.723470"><ele>62.5</ele></trkpt>
   <trkpt lon="-4.483660" lat="36.723385"><ele>61.9</ele></trkpt>
   <trkpt lon="-4.483550" lat="36.723312"><ele>61.4</ele></trkpt>
   <trkpt lon="-4.483386" lat="36.723077"><ele>60.9</ele></trkpt>
   <trkpt lon="-4.483340" lat="36.723012"><ele>60.8</ele></trkpt>
   <trkpt lon="-4.483277" lat="36.722941"><ele>60.5</ele></trkpt>
   <trkpt lon="-4.483166" lat="36.722816"><ele>60.1</ele></trkpt>
   <trkpt lon="-4.482618" lat="36.722104"><ele>59.0</ele></trkpt>
   <trkpt lon="-4.482442" lat="36.721896"><ele>59.0</ele></trkpt>
   <trkpt lon="-4.482371" lat="36.721793"><ele>59.0</ele></trkpt>
   <trkpt lon="-4.482101" lat="36.721456"><ele>58.6</ele></trkpt>
   <trkpt lon="-4.482062" lat="36.721365"><ele>58.3</ele></trkpt>
   <trkpt lon="-4.482027" lat="36.721284"><ele>58.1</ele></trkpt>
   <trkpt lon="-4.482001" lat="36.721207"><ele>58.0</ele></trkpt>
   <trkpt lon="-4.482060" lat="36.721191"><ele>58.0</ele></trkpt>
   <trkpt lon="-4.482110" lat="36.721161"><ele>58.1</ele></trkpt>
   <trkpt lon="-4.482144" lat="36.721119"><ele>58.2</ele></trkpt>
   <trkpt lon="-4.482160" lat="36.721071"><ele>58.1</ele></trkpt>
   <trkpt lon="-4.482155" lat="36.721021"><ele>58.1</ele></trkpt>
   <trkpt lon="-4.482125" lat="36.720970"><ele>58.0</ele></trkpt>
   <trkpt lon="-4.482075" lat="36.720932"><ele>58.0</ele></trkpt>
   <trkpt lon="-4.482011" lat="36.720911"><ele>57.9</ele></trkpt>
   <trkpt lon="-4.481973" lat="36.720908"><ele>57.8</ele></trkpt>
   <trkpt lon="-4.481988" lat="36.720691"><ele>57.8</ele></trkpt>
   <trkpt lon="-4.482071" lat="36.720165"><ele>58.0</ele></trkpt>
   <trkpt lon="-4.482102" lat="36.719968"><ele>58.0</ele></trkpt>
   <trkpt lon="-4.482160" lat="36.719379"><ele>56.6</ele></trkpt>
   <trkpt lon="-4.482187" lat="36.719101"><ele>56.4</ele></trkpt>
   <trkpt lon="-4.482203" lat="36.718946"><ele>56.4</ele></trkpt>
   <trkpt lon="-4.482232" lat="36.718938"><ele>56.5</ele></trkpt>
   <trkpt lon="-4.482256" lat="36.718922"><ele>56.6</ele></trkpt>
   <trkpt lon="-4.482271" lat="36.718901"><ele>56.6</ele></trkpt>
   <trkpt lon="-4.482275" lat="36.718876"><ele>56.6</ele></trkpt>
   <trkpt lon="-4.482267" lat="36.718852"><ele>56.6</ele></trkpt>
   <trkpt lon="-4.482249" lat="36.718831"><ele>56.5</ele></trkpt>
   <trkpt lon="-4.482221" lat="36.718817"><ele>56.3</ele></trkpt>
   <trkpt lon="-4.482197" lat="36.718813"><ele>56.3</ele></trkpt>
   <trkpt lon="-4.482169" lat="36.718815"><ele>56.2</ele></trkpt>
   <trkpt lon="-4.482143" lat="36.718825"><ele>56.1</ele></trkpt>
   <trkpt lon="-4.482117" lat="36.718851"><ele>56.1</ele></trkpt>
   <trkpt lon="-4.482108" lat="36.718884"><ele>56.2</ele></trkpt>
   <trkpt lon="-4.481957" lat="36.718929"><ele>55.7</ele></trkpt>
   <trkpt lon="-4.481834" lat="36.718971"><ele>55.4</ele></trkpt>
   <trkpt lon="-4.481052" lat="36.719238"><ele>52.2</ele></trkpt>
   <trkpt lon="-4.480761" lat="36.719296"><ele>50.3</ele></trkpt>
   <trkpt lon="-4.480482" lat="36.719352"><ele>49.3</ele></trkpt>
   <trkpt lon="-4.480326" lat="36.719383"><ele>49.0</ele></trkpt>
   <trkpt lon="-4.480105" lat="36.719427"><ele>49.1</ele></trkpt>
   <trkpt lon="-4.480080" lat="36.719395"><ele>48.7</ele></trkpt>
   <trkpt lon="-4.480043" lat="36.719370"><ele>48.5</ele></trkpt>
   <trkpt lon="-4.479999" lat="36.719356"><ele>48.3</ele></trkpt>
   <trkpt lon="-4.479952" lat="36.719354"><ele>48.4</ele></trkpt>
   <trkpt lon="-4.479906" lat="36.719364"><ele>48.6</ele></trkpt>
   <trkpt lon="-4.479867" lat="36.719385"><ele>48.9</ele></trkpt>
   <trkpt lon="-4.479838" lat="36.719415"><ele>49.3</ele></trkpt>
   <trkpt lon="-4.479822" lat="36.719451"><ele>49.6</ele></trkpt>
   <trkpt lon="-4.479821" lat="36.719489"><ele>50.0</ele></trkpt>
   <trkpt lon="-4.479597" lat="36.719502"><ele>50.8</ele></trkpt>
   <trkpt lon="-4.479154" lat="36.719519"><ele>52.3</ele></trkpt>
   <trkpt lon="-4.478961" lat="36.719514"><ele>52.8</ele></trkpt>
   <trkpt lon="-4.478700" lat="36.719510"><ele>52.9</ele></trkpt>
   <trkpt lon="-4.478438" lat="36.719495"><ele>52.8</ele></trkpt>
   <trkpt lon="-4.478265" lat="36.719484"><ele>52.9</ele></trkpt>
   <trkpt lon="-4.477780" lat="36.719424"><ele>53.1</ele></trkpt>
   <trkpt lon="-4.477687" lat="36.719407"><ele>53.0</ele></trkpt>
   <trkpt lon="-4.477545" lat="36.719382"><ele>52.9</ele></trkpt>
   <trkpt lon="-4.477512" lat="36.719376"><ele>52.8</ele></trkpt>
   <trkpt lon="-4.477312" lat="36.719339"><ele>52.4</ele></trkpt>
   <trkpt lon="-4.476821" lat="36.719220"><ele>51.0</ele></trkpt>
   <trkpt lon="-4.476387" lat="36.719094"><ele>50.9</ele></trkpt>
   <trkpt lon="-4.476205" lat="36.719025"><ele>51.0</ele></trkpt>
   <trkpt lon="-4.476058" lat="36.718960"><ele>50.9</ele></trkpt>
   <trkpt lon="-4.476097" lat="36.718868"><ele>50.4</ele></trkpt>
   <trkpt lon="-4.476110" lat="36.718822"><ele>50.2</ele></trkpt>
   <trkpt lon="-4.476224" lat="36.718429"><ele>48.7</ele></trkpt>
   <trkpt lon="-4.476266" lat="36.718288"><ele>48.3</ele></trkpt>
   <trkpt lon="-4.476279" lat="36.718199"><ele>48.0</ele></trkpt>
   <trkpt lon="-4.476293" lat="36.717748"><ele>46.4</ele></trkpt>
   <trkpt lon="-4.476267" lat="36.717484"><ele>44.9</ele></trkpt>
   <trkpt lon="-4.476257" lat="36.717380"><ele>44.6</ele></trkpt>
   <trkpt lon="-4.476315" lat="36.717359"><ele>44.6</ele></trkpt>
   <trkpt lon="-4.476361" lat="36.717322"><ele>44.5</ele></trkpt>
   <trkpt lon="-4.476380" lat="36.717294"><ele>44.4</ele></trkpt>
   <trkpt lon="-4.476393" lat="36.717241"><ele>44.2</ele></trkpt>
   <trkpt lon="-4.476383" lat="36.717193"><ele>44.1</ele></trkpt>
   <trkpt lon="-4.476360" lat="36.717157"><ele>44.0</ele></trkpt>
   <trkpt lon="-4.476309" lat="36.717118"><ele>43.8</ele></trkpt>
   <trkpt lon="-4.476255" lat="36.717100"><ele>43.8</ele></trkpt>
   <trkpt lon="-4.476222" lat="36.717096"><ele>43.8</ele></trkpt>
   <trkpt lon="-4.476120" lat="36.716939"><ele>43.3</ele></trkpt>
   <trkpt lon="-4.475921" lat="36.716638"><ele>42.4</ele></trkpt>
   <trkpt lon="-4.475853" lat="36.716545"><ele>42.2</ele></trkpt>
   <trkpt lon="-4.475828" lat="36.716513"><ele>42.1</ele></trkpt>
   <trkpt lon="-4.475783" lat="36.716470"><ele>42.0</ele></trkpt>
   <trkpt lon="-4.475565" lat="36.716259"><ele>41.4</ele></trkpt>
   <trkpt lon="-4.475395" lat="36.716136"><ele>41.0</ele></trkpt>
   <trkpt lon="-4.475207" lat="36.716002"><ele>40.6</ele></trkpt>
   <trkpt lon="-4.474916" lat="36.715798"><ele>40.0</ele></trkpt>
   <trkpt lon="-4.474889" lat="36.715778"><ele>39.9</ele></trkpt>
   <trkpt lon="-4.474575" lat="36.715562"><ele>39.6</ele></trkpt>
   <trkpt lon="-4.474203" lat="36.715242"><ele>38.7</ele></trkpt>
   <trkpt lon="-4.473876" lat="36.714911"><ele>38.2</ele></trkpt>
   <trkpt lon="-4.473533" lat="36.714462"><ele>38.0</ele></trkpt>
   <trkpt lon="-4.473312" lat="36.714076"><ele>38.2</ele></trkpt>
   <trkpt lon="-4.473230" lat="36.713909"><ele>38.9</ele></trkpt>
   <trkpt lon="-4.473224" lat="36.713874"><ele>38.9</ele></trkpt>
   <trkpt lon="-4.473237" lat="36.713791"><ele>39.0</ele></trkpt>
   <trkpt lon="-4.473261" lat="36.713717"><ele>38.8</ele></trkpt>
   <trkpt lon="-4.473314" lat="36.713678"><ele>38.5</ele></trkpt>
   <trkpt lon="-4.473344" lat="36.713638"><ele>38.2</ele></trkpt>
   <trkpt lon="-4.473368" lat="36.713591"><ele>37.8</ele></trkpt>
   <trkpt lon="-4.473377" lat="36.713544"><ele>37.4</ele></trkpt>
   <trkpt lon="-4.473374" lat="36.713489"><ele>37.0</ele></trkpt>
   <trkpt lon="-4.473339" lat="36.713412"><ele>36.6</ele></trkpt>
   <trkpt lon="-4.473247" lat="36.713333"><ele>36.5</ele></trkpt>
   <trkpt lon="-4.473182" lat="36.713304"><ele>36.7</ele></trkpt>
   <trkpt lon="-4.473129" lat="36.713294"><ele>36.8</ele></trkpt>
   <trkpt lon="-4.473076" lat="36.713271"><ele>36.9</ele></trkpt>
   <trkpt lon="-4.473017" lat="36.713232"><ele>37.0</ele></trkpt>
   <trkpt lon="-4.472937" lat="36.713136"><ele>36.9</ele></trkpt>
   <trkpt lon="-4.472928" lat="36.713106"><ele>36.8</ele></trkpt>
   <trkpt lon="-4.472884" lat="36.712917"><ele>36.4</ele></trkpt>
   <trkpt lon="-4.472792" lat="36.712483"><ele>34.1</ele></trkpt>
   <trkpt lon="-4.472586" lat="36.711644"><ele>31.2</ele></trkpt>
   <trkpt lon="-4.472432" lat="36.711001"><ele>29.2</ele></trkpt>
   <trkpt lon="-4.472383" lat="36.710800"><ele>29.1</ele></trkpt>
   <trkpt lon="-4.472168" lat="36.709929"><ele>28.8</ele></trkpt>
   <trkpt lon="-4.472075" lat="36.709552"><ele>28.2</ele></trkpt>
   <trkpt lon="-4.471980" lat="36.709163"><ele>27.8</ele></trkpt>
   <trkpt lon="-4.471779" lat="36.708355"><ele>27.0</ele></trkpt>
   <trkpt lon="-4.471610" lat="36.707609"><ele>26.0</ele></trkpt>
   <trkpt lon="-4.471499" lat="36.707089"><ele>25.5</ele></trkpt>
   <trkpt lon="-4.471480" lat="36.706995"><ele>25.2</ele></trkpt>
   <trkpt lon="-4.471470" lat="36.706941"><ele>25.1</ele></trkpt>
   <trkpt lon="-4.471528" lat="36.706943"><ele>25.2</ele></trkpt>
   <trkpt lon="-4.471586" lat="36.706936"><ele>25.4</ele></trkpt>
   <trkpt lon="-4.471641" lat="36.706919"><ele>25.5</ele></trkpt>
   <trkpt lon="-4.471691" lat="36.706895"><ele>25.6</ele></trkpt>
   <trkpt lon="-4.471734" lat="36.706864"><ele>25.6</ele></trkpt>
   <trkpt lon="-4.471782" lat="36.706807"><ele>25.6</ele></trkpt>
   <trkpt lon="-4.471812" lat="36.706713"><ele>25.4</ele></trkpt>
   <trkpt lon="-4.471809" lat="36.706662"><ele>25.2</ele></trkpt>
   <trkpt lon="-4.471793" lat="36.706614"><ele>25.1</ele></trkpt>
   <trkpt lon="-4.471760" lat="36.706563"><ele>24.9</ele></trkpt>
   <trkpt lon="-4.471716" lat="36.706523"><ele>24.8</ele></trkpt>
   <trkpt lon="-4.471663" lat="36.706491"><ele>24.7</ele></trkpt>
   <trkpt lon="-4.471561" lat="36.706406"><ele>24.4</ele></trkpt>
   <trkpt lon="-4.471534" lat="36.706253"><ele>24.4</ele></trkpt>
   <trkpt lon="-4.471552" lat="36.706222"><ele>24.5</ele></trkpt>
   <trkpt lon="-4.471927" lat="36.705599"><ele>28.1</ele></trkpt>
   <trkpt lon="-4.472074" lat="36.705361"><ele>29.5</ele></trkpt>
   <trkpt lon="-4.472329" lat="36.704936"><ele>30.8</ele></trkpt>
   <trkpt lon="-4.472416" lat="36.704793"><ele>31.2</ele></trkpt>
   <trkpt lon="-4.472728" lat="36.704267"><ele>33.7</ele></trkpt>
   <trkpt lon="-4.472758" lat="36.704217"><ele>33.9</ele></trkpt>
   <trkpt lon="-4.472858" lat="36.704239"><ele>33.8</ele></trkpt>
   <trkpt lon="-4.472961" lat="36.704233"><ele>33.6</ele></trkpt>
   <trkpt lon="-4.473055" lat="36.704197"><ele>33.4</ele></trkpt>
   <trkpt lon="-4.473117" lat="36.704151"><ele>33.2</ele></trkpt>
   <trkpt lon="-4.473160" lat="36.704092"><ele>33.1</ele></trkpt>
   <trkpt lon="-4.473179" lat="36.704025"><ele>33.0</ele></trkpt>
   <trkpt lon="-4.473177" lat="36.703968"><ele>33.0</ele></trkpt>
   <trkpt lon="-4.473321" lat="36.703958"><ele>32.6</ele></trkpt>
   <trkpt lon="-4.473837" lat="36.703939"><ele>30.4</ele></trkpt>
   <trkpt lon="-4.474731" lat="36.703910"><ele>28.6</ele></trkpt>
   <trkpt lon="-4.474657" lat="36.702601"><ele>27.0</ele></trkpt>
  </trkseg>
 </trk>
</gpx>
