<?xml version="1.0" encoding="UTF-8"?>
<!-- track-length = 121983 filtered ascend = 1765 plain-ascend = 0 cost=234563 energy=.8kwh time=8h 3m 20s -->
<gpx 
 xmlns="http://www.topografix.com/GPX/1/1" 
 xmlns:xsi="http://www.w3.org/2001/XMLSchema-instance" 
 xsi:schemaLocation="http://www.topografix.com/GPX/1/1 http://www.topografix.com/GPX/1/1/gpx.xsd" 
 creator="BRouter-1.7.10" version="1.1">
 <trk>
  <name>brouter_trekking_0</name>
  <trkseg>
   <trkpt lon="-4.474657" lat="36.702601"><ele>27.0</ele></trkpt>
   <trkpt lon="-4.474731" lat="36.703910"><ele>28.6</ele></trkpt>
   <trkpt lon="-4.475624" lat="36.703881"><ele>29.1</ele></trkpt>
   <trkpt lon="-4.476511" lat="36.703853"><ele>31.0</ele></trkpt>
   <trkpt lon="-4.476620" lat="36.703851"><ele>31.1</ele></trkpt>
   <trkpt lon="-4.476632" lat="36.703994"><ele>31.1</ele></trkpt>
   <trkpt lon="-4.476645" lat="36.704340"><ele>30.6</ele></trkpt>
   <trkpt lon="-4.476589" lat="36.704678"><ele>30.0</ele></trkpt>
   <trkpt lon="-4.476504" lat="36.704953"><ele>29.9</ele></trkpt>
   <trkpt lon="-4.476418" lat="36.705157"><ele>29.6</ele></trkpt>
   <trkpt lon="-4.476362" lat="36.705260"><ele>29.4</ele></trkpt>
   <trkpt lon="-4.476255" lat="36.705434"><ele>29.6</ele></trkpt>
   <trkpt lon="-4.475831" lat="36.706131"><ele>31.0</ele></trkpt>
   <trkpt lon="-4.475456" lat="36.706723"><ele>31.4</ele></trkpt>
   <trkpt lon="-4.475202" lat="36.707153"><ele>31.9</ele></trkpt>
   <trkpt lon="-4.475165" lat="36.707234"><ele>31.8</ele></trkpt>
   <trkpt lon="-4.475150" lat="36.707297"><ele>31.8</ele></trkpt>
   <trkpt lon="-4.475124" lat="36.707369"><ele>31.7</ele></trkpt>
   <trkpt lon="-4.475238" lat="36.707496"><ele>32.0</ele></trkpt>
   <trkpt lon="-4.475324" lat="36.707514"><ele>32.3</ele></trkpt>
   <trkpt lon="-4.475398" lat="36.707529"><ele>32.5</ele></trkpt>
   <trkpt lon="-4.475372" lat="36.707595"><ele>32.4</ele></trkpt>
   <trkpt lon="-4.475364" lat="36.707614"><ele>32.4</ele></trkpt>
   <trkpt lon="-4.476123" lat="36.707765"><ele>34.0</ele></trkpt>
   <trkpt lon="-4.476653" lat="36.707853"><ele>34.2</ele></trkpt>
   <trkpt lon="-4.477051" lat="36.707884"><ele>35.3</ele></trkpt>
   <trkpt lon="-4.477225" lat="36.707888"><ele>35.7</ele></trkpt>
   <trkpt lon="-4.477282" lat="36.707891"><ele>35.8</ele></trkpt>
   <trkpt lon="-4.477440" lat="36.707894"><ele>35.8</ele></trkpt>
   <trkpt lon="-4.477654" lat="36.707893"><ele>35.8</ele></trkpt>
   <trkpt lon="-4.478196" lat="36.707899"><ele>36.7</ele></trkpt>
   <trkpt lon="-4.478372" lat="36.707908"><ele>37.0</ele></trkpt>
   <trkpt lon="-4.478682" lat="36.707940"><ele>38.1</ele></trkpt>
   <trkpt lon="-4.479655" lat="36.708126"><ele>40.5</ele></trkpt>
   <trkpt lon="-4.480738" lat="36.708346"><ele>42.3</ele></trkpt>
   <trkpt lon="-4.481093" lat="36.708411"><ele>43.1</ele></trkpt>
   <trkpt lon="-4.481379" lat="36.708453"><ele>43.5</ele></trkpt>
   <trkpt lon="-4.481619" lat="36.708470"><ele>44.6</ele></trkpt>
   <trkpt lon="-4.481764" lat="36.708481"><ele>45.2</ele></trkpt>
   <trkpt lon="-4.481809" lat="36.708478"><ele>45.4</ele></trkpt>
   <trkpt lon="-4.481874" lat="36.708546"><ele>45.6</ele></trkpt>
   <trkpt lon="-4.481941" lat="36.708589"><ele>45.8</ele></trkpt>
   <trkpt lon="-4.482060" lat="36.708649"><ele>46.2</ele></trkpt>
   <trkpt lon="-4.482115" lat="36.708648"><ele>46.3</ele></trkpt>
   <trkpt lon="-4.482232" lat="36.708633"><ele>46.5</ele></trkpt>
   <trkpt lon="-4.482298" lat="36.708625"><ele>46.7</ele></trkpt>
   <trkpt lon="-4.482358" lat="36.708603"><ele>46.9</ele></trkpt>
   <trkpt lon="-4.482433" lat="36.708551"><ele>47.1</ele></trkpt>
   <trkpt lon="-4.482508" lat="36.708462"><ele>47.3</ele></trkpt>
   <trkpt lon="-4.482565" lat="36.708420"><ele>47.5</ele></trkpt>
   <trkpt lon="-4.482689" lat="36.708385"><ele>47.9</ele></trkpt>
   <trkpt lon="-4.484848" lat="36.708252"><ele>53.7</ele></trkpt>
   <trkpt lon="-4.484975" lat="36.708267"><ele>52.8</ele></trkpt>
   <trkpt lon="-4.485052" lat="36.708311"><ele>52.5</ele></trkpt>
   <trkpt lon="-4.485109" lat="36.708367"><ele>52.5</ele></trkpt>
   <trkpt lon="-4.485234" lat="36.708432"><ele>52.5</ele></trkpt>
   <trkpt lon="-4.485403" lat="36.708469"><ele>52.3</ele></trkpt>
   <trkpt lon="-4.485457" lat="36.708461"><ele>52.0</ele></trkpt>
   <trkpt lon="-4.485605" lat="36.708407"><ele>51.2</ele></trkpt>
   <trkpt lon="-4.485660" lat="36.708378"><ele>50.8</ele></trkpt>
   <trkpt lon="-4.485731" lat="36.708289"><ele>50.2</ele></trkpt>
   <trkpt lon="-4.485805" lat="36.708243"><ele>49.8</ele></trkpt>
   <trkpt lon="-4.485866" lat="36.708226"><ele>49.5</ele></trkpt>
   <trkpt lon="-4.486636" lat="36.708186"><ele>48.9</ele></trkpt>
   <trkpt lon="-4.486865" lat="36.708184"><ele>47.8</ele></trkpt>
   <trkpt lon="-4.487152" lat="36.708191"><ele>46.9</ele></trkpt>
   <trkpt lon="-4.487374" lat="36.708213"><ele>46.2</ele></trkpt>
   <trkpt lon="-4.487707" lat="36.708264"><ele>44.2</ele></trkpt>
   <trkpt lon="-4.488449" lat="36.708391"><ele>39.8</ele></trkpt>
   <trkpt lon="-4.488728" lat="36.708424"><ele>37.3</ele></trkpt>
   <trkpt lon="-4.488749" lat="36.708461"><ele>37.1</ele></trkpt>
   <trkpt lon="-4.488979" lat="36.708433"><ele>35.4</ele></trkpt>
   <trkpt lon="-4.489384" lat="36.708443"><ele>33.5</ele></trkpt>
   <trkpt lon="-4.489945" lat="36.708395"><ele>31.9</ele></trkpt>
   <trkpt lon="-4.490870" lat="36.708282"><ele>28.2</ele></trkpt>
   <trkpt lon="-4.491392" lat="36.708257"><ele>26.8</ele></trkpt>
   <trkpt lon="-4.492238" lat="36.708151"><ele>24.6</ele></trkpt>
   <trkpt lon="-4.492392" lat="36.708147"><ele>24.1</ele></trkpt>
   <trkpt lon="-4.492426" lat="36.708146"><ele>24.0</ele></trkpt>
   <trkpt lon="-4.492681" lat="36.708179"><ele>23.2</ele></trkpt>
   <trkpt lon="-4.492909" lat="36.708216"><ele>22.4</ele></trkpt>
   <trkpt lon="-4.493592" lat="36.708151"><ele>22.0</ele></trkpt>
   <trkpt lon="-4.493701" lat="36.708100"><ele>21.8</ele></trkpt>
   <trkpt lon="-4.493770" lat="36.708015"><ele>21.4</ele></trkpt>
   <trkpt lon="-4.494215" lat="36.707805"><ele>18.6</ele></trkpt>
   <trkpt lon="-4.495118" lat="36.707651"><ele>17.3</ele></trkpt>
   <trkpt lon="-4.496580" lat="36.707499"><ele>16.7</ele></trkpt>
   <trkpt lon="-4.497535" lat="36.707407"><ele>16.6</ele></trkpt>
   <trkpt lon="-4.501909" lat="36.706988"><ele>16.2</ele></trkpt>
   <trkpt lon="-4.502052" lat="36.706838"><ele>16.0</ele></trkpt>
   <trkpt lon="-4.502843" lat="36.706169"><ele>15.8</ele></trkpt>
   <trkpt lon="-4.503712" lat="36.705432"><ele>15.0</ele></trkpt>
   <trkpt lon="-4.503958" lat="36.705222"><ele>15.0</ele></trkpt>
   <trkpt lon="-4.505219" lat="36.704148"><ele>15.0</ele></trkpt>
   <trkpt lon="-4.505139" lat="36.704032"><ele>14.8</ele></trkpt>
   <trkpt lon="-4.505072" lat="36.703848"><ele>14.4</ele></trkpt>
   <trkpt lon="-4.505087" lat="36.703662"><ele>14.5</ele></trkpt>
   <trkpt lon="-4.505228" lat="36.703443"><ele>14.7</ele></trkpt>
   <trkpt lon="-4.505720" lat="36.702896"><ele>14.6</ele></trkpt>
   <trkpt lon="-4.506185" lat="36.702399"><ele>13.3</ele></trkpt>
   <trkpt lon="-4.506344" lat="36.702258"><ele>12.9</ele></trkpt>
   <trkpt lon="-4.506583" lat="36.702143"><ele>12.9</ele></trkpt>
   <trkpt lon="-4.506826" lat="36.702099"><ele>13.2</ele></trkpt>
   <trkpt lon="-4.507812" lat="36.702078"><ele>11.8</ele></trkpt>
   <trkpt lon="-4.508150" lat="36.702061"><ele>11.8</ele></trkpt>
   <trkpt lon="-4.508386" lat="36.701949"><ele>11.4</ele></trkpt>
   <trkpt lon="-4.508465" lat="36.701890"><ele>11.3</ele></trkpt>
   <trkpt lon="-4.508586" lat="36.701801"><ele>11.0</ele></trkpt>
   <trkpt lon="-4.509776" lat="36.700951"><ele>11.1</ele></trkpt>
   <trkpt lon="-4.511368" lat="36.699806"><ele>10.9</ele></trkpt>
   <trkpt lon="-4.511615" lat="36.699594"><ele>11.4</ele></trkpt>
   <trkpt lon="-4.511998" lat="36.699284"><ele>12.3</ele></trkpt>
   <trkpt lon="-4.512964" lat="36.698635"><ele>13.3</ele></trkpt>
   <trkpt lon="-4.513923" lat="36.697823"><ele>14.6</ele></trkpt>
   <trkpt lon="-4.514394" lat="36.697477"><ele>11.6</ele></trkpt>
   <trkpt lon="-4.514525" lat="36.697372"><ele>10.1</ele></trkpt>
   <trkpt lon="-4.514769" lat="36.697378"><ele>10.1</ele></trkpt>
   <trkpt lon="-4.514997" lat="36.697396"><ele>9.8</ele></trkpt>
   <trkpt lon="-4.515224" lat="36.697528"><ele>10.2</ele></trkpt>
   <trkpt lon="-4.515375" lat="36.697710"><ele>10.8</ele></trkpt>
   <trkpt lon="-4.515515" lat="36.698002"><ele>10.0</ele></trkpt>
   <trkpt lon="-4.515568" lat="36.698070"><ele>9.9</ele></trkpt>
   <trkpt lon="-4.515703" lat="36.698181"><ele>9.8</ele></trkpt>
   <trkpt lon="-4.515759" lat="36.698203"><ele>9.9</ele></trkpt>
   <trkpt lon="-4.515816" lat="36.698203"><ele>10.0</ele></trkpt>
   <trkpt lon="-4.516080" lat="36.698151"><ele>10.0</ele></trkpt>
   <trkpt lon="-4.516406" lat="36.698083"><ele>10.6</ele></trkpt>
   <trkpt lon="-4.516421" lat="36.697965"><ele>10.6</ele></trkpt>
   <trkpt lon="-4.516472" lat="36.697817"><ele>10.7</ele></trkpt>
   <trkpt lon="-4.516643" lat="36.697703"><ele>10.7</ele></trkpt>
   <trkpt lon="-4.516518" lat="36.697483"><ele>8.4</ele></trkpt>
   <trkpt lon="-4.516346" lat="36.697328"><ele>6.9</ele></trkpt>
   <trkpt lon="-4.516019" lat="36.697079"><ele>6.2</ele></trkpt>
   <trkpt lon="-4.515847" lat="36.696748"><ele>5.2</ele></trkpt>
   <trkpt lon="-4.515862" lat="36.696551"><ele>5.4</ele></trkpt>
   <trkpt lon="-4.515892" lat="36.696312"><ele>6.1</ele></trkpt>
   <trkpt lon="-4.515882" lat="36.695979"><ele>7.0</ele></trkpt>
   <trkpt lon="-4.515976" lat="36.695823"><ele>7.0</ele></trkpt>
   <trkpt lon="-4.516172" lat="36.695022"><ele>7.0</ele></trkpt>
   <trkpt lon="-4.516204" lat="36.694801"><ele>7.5</ele></trkpt>
   <trkpt lon="-4.516304" lat="36.694674"><ele>7.9</ele></trkpt>
   <trkpt lon="-4.516401" lat="36.694552"><ele>8.7</ele></trkpt>
   <trkpt lon="-4.517027" lat="36.694375"><ele>10.4</ele></trkpt>
   <trkpt lon="-4.517162" lat="36.694303"><ele>10.9</ele></trkpt>
   <trkpt lon="-4.516988" lat="36.694254"><ele>11.0</ele></trkpt>
   <trkpt lon="-4.516950" lat="36.694071"><ele>11.0</ele></trkpt>
   <trkpt lon="-4.516979" lat="36.693888"><ele>11.0</ele></trkpt>
   <trkpt lon="-4.517014" lat="36.693803"><ele>11.0</ele></trkpt>
   <trkpt lon="-4.517176" lat="36.693641"><ele>11.0</ele></trkpt>
   <trkpt lon="-4.517303" lat="36.693461"><ele>11.3</ele></trkpt>
   <trkpt lon="-4.517356" lat="36.693292"><ele>11.4</ele></trkpt>
   <trkpt lon="-4.517325" lat="36.693017"><ele>12.0</ele></trkpt>
   <trkpt lon="-4.517386" lat="36.692721"><ele>12.0</ele></trkpt>
   <trkpt lon="-4.517671" lat="36.692081"><ele>12.0</ele></trkpt>
   <trkpt lon="-4.518519" lat="36.690515"><ele>11.9</ele></trkpt>
   <trkpt lon="-4.518363" lat="36.690179"><ele>12.8</ele></trkpt>
   <trkpt lon="-4.518282" lat="36.689794"><ele>14.3</ele></trkpt>
   <trkpt lon="-4.518540" lat="36.689265"><ele>14.4</ele></trkpt>
   <trkpt lon="-4.518786" lat="36.688969"><ele>14.5</ele></trkpt>
   <trkpt lon="-4.518914" lat="36.688859"><ele>14.2</ele></trkpt>
   <trkpt lon="-4.519376" lat="36.688656"><ele>14.7</ele></trkpt>
   <trkpt lon="-4.519654" lat="36.688516"><ele>14.3</ele></trkpt>
   <trkpt lon="-4.519737" lat="36.688486"><ele>14.4</ele></trkpt>
   <trkpt lon="-4.519837" lat="36.688465"><ele>14.6</ele></trkpt>
   <trkpt lon="-4.520123" lat="36.688388"><ele>14.9</ele></trkpt>
   <trkpt lon="-4.520386" lat="36.688317"><ele>15.0</ele></trkpt>
   <trkpt lon="-4.521175" lat="36.688239"><ele>16.0</ele></trkpt>
   <trkpt lon="-4.521667" lat="36.688177"><ele>16.1</ele></trkpt>
   <trkpt lon="-4.522093" lat="36.688099"><ele>16.9</ele></trkpt>
   <trkpt lon="-4.522759" lat="36.687979"><ele>17.6</ele></trkpt>
   <trkpt lon="-4.522821" lat="36.687967"><ele>17.7</ele></trkpt>
   <trkpt lon="-4.522965" lat="36.687941"><ele>17.9</ele></trkpt>
   <trkpt lon="-4.523042" lat="36.687936"><ele>18.0</ele></trkpt>
   <trkpt lon="-4.523199" lat="36.687927"><ele>18.0</ele></trkpt>
   <trkpt lon="-4.523786" lat="36.687827"><ele>19.3</ele></trkpt>
   <trkpt lon="-4.524156" lat="36.687739"><ele>20.0</ele></trkpt>
   <trkpt lon="-4.524254" lat="36.687699"><ele>20.0</ele></trkpt>
   <trkpt lon="-4.524489" lat="36.687602"><ele>20.0</ele></trkpt>
   <trkpt lon="-4.524900" lat="36.687501"><ele>19.9</ele></trkpt>
   <trkpt lon="-4.526428" lat="36.687159"><ele>19.1</ele></trkpt>
   <trkpt lon="-4.526698" lat="36.687093"><ele>18.0</ele></trkpt>
   <trkpt lon="-4.527170" lat="36.686958"><ele>15.9</ele></trkpt>
   <trkpt lon="-4.528206" lat="36.686596"><ele>21.0</ele></trkpt>
   <trkpt lon="-4.528623" lat="36.686436"><ele>21.0</ele></trkpt>
   <trkpt lon="-4.529035" lat="36.686250"><ele>21.8</ele></trkpt>
   <trkpt lon="-4.529524" lat="36.685984"><ele>22.1</ele></trkpt>
   <trkpt lon="-4.530051" lat="36.685685"><ele>23.0</ele></trkpt>
   <trkpt lon="-4.530570" lat="36.685402"><ele>24.0</ele></trkpt>
   <trkpt lon="-4.531119" lat="36.685097"><ele>24.0</ele></trkpt>
   <trkpt lon="-4.531876" lat="36.684713"><ele>24.0</ele></trkpt>
   <trkpt lon="-4.532528" lat="36.684377"><ele>24.9</ele></trkpt>
   <trkpt lon="-4.532905" lat="36.684211"><ele>25.0</ele></trkpt>
   <trkpt lon="-4.533095" lat="36.684122"><ele>25.0</ele></trkpt>
   <trkpt lon="-4.533214" lat="36.684059"><ele>25.0</ele></trkpt>
   <trkpt lon="-4.533392" lat="36.683973"><ele>25.0</ele></trkpt>
   <trkpt lon="-4.533688" lat="36.683843"><ele>25.2</ele></trkpt>
   <trkpt lon="-4.534089" lat="36.683712"><ele>26.0</ele></trkpt>
   <trkpt lon="-4.534542" lat="36.683546"><ele>26.0</ele></trkpt>
   <trkpt lon="-4.534813" lat="36.683436"><ele>26.0</ele></trkpt>
   <trkpt lon="-4.535157" lat="36.683273"><ele>26.7</ele></trkpt>
   <trkpt lon="-4.535333" lat="36.683172"><ele>27.0</ele></trkpt>
   <trkpt lon="-4.535584" lat="36.683041"><ele>27.0</ele></trkpt>
   <trkpt lon="-4.535869" lat="36.682922"><ele>27.3</ele></trkpt>
   <trkpt lon="-4.536256" lat="36.682793"><ele>27.9</ele></trkpt>
   <trkpt lon="-4.536673" lat="36.682677"><ele>28.0</ele></trkpt>
   <trkpt lon="-4.536849" lat="36.682670"><ele>28.0</ele></trkpt>
   <trkpt lon="-4.536994" lat="36.682639"><ele>28.1</ele></trkpt>
   <trkpt lon="-4.537076" lat="36.682635"><ele>28.3</ele></trkpt>
   <trkpt lon="-4.537137" lat="36.682650"><ele>28.5</ele></trkpt>
   <trkpt lon="-4.537186" lat="36.682662"><ele>28.6</ele></trkpt>
   <trkpt lon="-4.537205" lat="36.682710"><ele>28.6</ele></trkpt>
   <trkpt lon="-4.537241" lat="36.682751"><ele>28.7</ele></trkpt>
   <trkpt lon="-4.537295" lat="36.682782"><ele>28.8</ele></trkpt>
   <trkpt lon="-4.537358" lat="36.682799"><ele>29.0</ele></trkpt>
   <trkpt lon="-4.537424" lat="36.682798"><ele>29.1</ele></trkpt>
   <trkpt lon="-4.537552" lat="36.682824"><ele>29.4</ele></trkpt>
   <trkpt lon="-4.537747" lat="36.682889"><ele>29.3</ele></trkpt>
   <trkpt lon="-4.537870" lat="36.682939"><ele>28.8</ele></trkpt>
   <trkpt lon="-4.538104" lat="36.683044"><ele>27.8</ele></trkpt>
   <trkpt lon="-4.538369" lat="36.683135"><ele>27.0</ele></trkpt>
   <trkpt lon="-4.538987" lat="36.683303"><ele>26.0</ele></trkpt>
   <trkpt lon="-4.541628" lat="36.683948"><ele>22.8</ele></trkpt>
   <trkpt lon="-4.542289" lat="36.684110"><ele>25.1</ele></trkpt>
   <trkpt lon="-4.543345" lat="36.684368"><ele>27.0</ele></trkpt>
   <trkpt lon="-4.545549" lat="36.684906"><ele>23.5</ele></trkpt>
   <trkpt lon="-4.546344" lat="36.685099"><ele>20.9</ele></trkpt>
   <trkpt lon="-4.549980" lat="36.686004"><ele>21.0</ele></trkpt>
   <trkpt lon="-4.550275" lat="36.686118"><ele>22.7</ele></trkpt>
   <trkpt lon="-4.550516" lat="36.686243"><ele>24.0</ele></trkpt>
   <trkpt lon="-4.550799" lat="36.686450"><ele>24.7</ele></trkpt>
   <trkpt lon="-4.551054" lat="36.686709"><ele>24.7</ele></trkpt>
   <trkpt lon="-4.551228" lat="36.686955"><ele>25.3</ele></trkpt>
   <trkpt lon="-4.552650" lat="36.689213"><ele>21.9</ele></trkpt>
   <trkpt lon="-4.552886" lat="36.689525"><ele>20.5</ele></trkpt>
   <trkpt lon="-4.553190" lat="36.689830"><ele>20.1</ele></trkpt>
   <trkpt lon="-4.553522" lat="36.690085"><ele>20.3</ele></trkpt>
   <trkpt lon="-4.553871" lat="36.690299"><ele>21.0</ele></trkpt>
   <trkpt lon="-4.554790" lat="36.690810"><ele>22.0</ele></trkpt>
   <trkpt lon="-4.556681" lat="36.691865"><ele>29.6</ele></trkpt>
   <trkpt lon="-4.557306" lat="36.692239"><ele>32.0</ele></trkpt>
   <trkpt lon="-4.558152" lat="36.692782"><ele>32.8</ele></trkpt>
   <trkpt lon="-4.558604" lat="36.693071"><ele>32.8</ele></trkpt>
   <trkpt lon="-4.561053" lat="36.694679"><ele>28.9</ele></trkpt>
   <trkpt lon="-4.561230" lat="36.694795"><ele>28.5</ele></trkpt>
   <trkpt lon="-4.562639" lat="36.695710"><ele>27.6</ele></trkpt>
   <trkpt lon="-4.563584" lat="36.696325"><ele>32.7</ele></trkpt>
   <trkpt lon="-4.563875" lat="36.696513"><ele>34.0</ele></trkpt>
   <trkpt lon="-4.565943" lat="36.697776"><ele>33.5</ele></trkpt>
   <trkpt lon="-4.566026" lat="36.697826"><ele>33.6</ele></trkpt>
   <trkpt lon="-4.566180" lat="36.697918"><ele>33.8</ele></trkpt>
   <trkpt lon="-4.566351" lat="36.698019"><ele>34.0</ele></trkpt>
   <trkpt lon="-4.566536" lat="36.698140"><ele>35.1</ele></trkpt>
   <trkpt lon="-4.567372" lat="36.698689"><ele>33.1</ele></trkpt>
   <trkpt lon="-4.567694" lat="36.698949"><ele>31.8</ele></trkpt>
   <trkpt lon="-4.567965" lat="36.699206"><ele>31.2</ele></trkpt>
   <trkpt lon="-4.568411" lat="36.699718"><ele>27.2</ele></trkpt>
   <trkpt lon="-4.568701" lat="36.700051"><ele>27.7</ele></trkpt>
   <trkpt lon="-4.569679" lat="36.701175"><ele>27.5</ele></trkpt>
   <trkpt lon="-4.570855" lat="36.702502"><ele>28.6</ele></trkpt>
   <trkpt lon="-4.571794" lat="36.703453"><ele>34.0</ele></trkpt>
   <trkpt lon="-4.573411" lat="36.705025"><ele>26.4</ele></trkpt>
   <trkpt lon="-4.573897" lat="36.705497"><ele>26.3</ele></trkpt>
   <trkpt lon="-4.573957" lat="36.705556"><ele>26.5</ele></trkpt>
   <trkpt lon="-4.574344" lat="36.705990"><ele>27.3</ele></trkpt>
   <trkpt lon="-4.574615" lat="36.706355"><ele>26.7</ele></trkpt>
   <trkpt lon="-4.575244" lat="36.707445"><ele>26.5</ele></trkpt>
   <trkpt lon="-4.575770" lat="36.708402"><ele>33.0</ele></trkpt>
   <trkpt lon="-4.575887" lat="36.708584"><ele>33.9</ele></trkpt>
   <trkpt lon="-4.575950" lat="36.708684"><ele>34.5</ele></trkpt>
   <trkpt lon="-4.576125" lat="36.708900"><ele>35.5</ele></trkpt>
   <trkpt lon="-4.576216" lat="36.708979"><ele>35.4</ele></trkpt>
   <trkpt lon="-4.576375" lat="36.709115"><ele>36.7</ele></trkpt>
   <trkpt lon="-4.576603" lat="36.709272"><ele>38.1</ele></trkpt>
   <trkpt lon="-4.577306" lat="36.709657"><ele>37.0</ele></trkpt>
   <trkpt lon="-4.577594" lat="36.709815"><ele>35.6</ele></trkpt>
   <trkpt lon="-4.577952" lat="36.710081"><ele>31.9</ele></trkpt>
   <trkpt lon="-4.578296" lat="36.710441"><ele>30.3</ele></trkpt>
   <trkpt lon="-4.578594" lat="36.710904"><ele>34.0</ele></trkpt>
   <trkpt lon="-4.579161" lat="36.711964"><ele>43.5</ele></trkpt>
   <trkpt lon="-4.579316" lat="36.712200"><ele>44.1</ele></trkpt>
   <trkpt lon="-4.579520" lat="36.712436"><ele>44.3</ele></trkpt>
   <trkpt lon="-4.579779" lat="36.712646"><ele>42.6</ele></trkpt>
   <trkpt lon="-4.580032" lat="36.712797"><ele>41.8</ele></trkpt>
   <trkpt lon="-4.580332" lat="36.712948"><ele>41.4</ele></trkpt>
   <trkpt lon="-4.583741" lat="36.714237"><ele>26.9</ele></trkpt>
   <trkpt lon="-4.584056" lat="36.713968"><ele>27.8</ele></trkpt>
   <trkpt lon="-4.584099" lat="36.713974"><ele>27.9</ele></trkpt>
   <trkpt lon="-4.584203" lat="36.713976"><ele>28.3</ele></trkpt>
   <trkpt lon="-4.584483" lat="36.713968"><ele>29.4</ele></trkpt>
   <trkpt lon="-4.584588" lat="36.713982"><ele>29.8</ele></trkpt>
   <trkpt lon="-4.584660" lat="36.714040"><ele>29.8</ele></trkpt>
   <trkpt lon="-4.584687" lat="36.714115"><ele>29.6</ele></trkpt>
   <trkpt lon="-4.584686" lat="36.714184"><ele>29.4</ele></trkpt>
   <trkpt lon="-4.584652" lat="36.714267"><ele>29.0</ele></trkpt>
   <trkpt lon="-4.584659" lat="36.714345"><ele>28.8</ele></trkpt>
   <trkpt lon="-4.584706" lat="36.714420"><ele>28.8</ele></trkpt>
   <trkpt lon="-4.584728" lat="36.714487"><ele>28.5</ele></trkpt>
   <trkpt lon="-4.584763" lat="36.714544"><ele>28.3</ele></trkpt>
   <trkpt lon="-4.584811" lat="36.714584"><ele>28.1</ele></trkpt>
   <trkpt lon="-4.585350" lat="36.714835"><ele>27.3</ele></trkpt>
   <trkpt lon="-4.585675" lat="36.715017"><ele>26.4</ele></trkpt>
   <trkpt lon="-4.586174" lat="36.715318"><ele>24.4</ele></trkpt>
   <trkpt lon="-4.587215" lat="36.715960"><ele>24.0</ele></trkpt>
   <trkpt lon="-4.588009" lat="36.716438"><ele>24.2</ele></trkpt>
   <trkpt lon="-4.588881" lat="36.716993"><ele>23.4</ele></trkpt>
   <trkpt lon="-4.589017" lat="36.717091"><ele>23.3</ele></trkpt>
   <trkpt lon="-4.589122" lat="36.717180"><ele>23.0</ele></trkpt>
   <trkpt lon="-4.589196" lat="36.717267"><ele>23.0</ele></trkpt>
   <trkpt lon="-4.589288" lat="36.717330"><ele>23.2</ele></trkpt>
   <trkpt lon="-4.589737" lat="36.717493"><ele>24.5</ele></trkpt>
   <trkpt lon="-4.589856" lat="36.717516"><ele>24.8</ele></trkpt>
   <trkpt lon="-4.589954" lat="36.717548"><ele>25.3</ele></trkpt>
   <trkpt lon="-4.590013" lat="36.717601"><ele>25.6</ele></trkpt>
   <trkpt lon="-4.590062" lat="36.717668"><ele>25.8</ele></trkpt>
   <trkpt lon="-4.590108" lat="36.717725"><ele>25.9</ele></trkpt>
   <trkpt lon="-4.590116" lat="36.717734"><ele>25.9</ele></trkpt>
   <trkpt lon="-4.590154" lat="36.717784"><ele>25.9</ele></trkpt>
   <trkpt lon="-4.590161" lat="36.717839"><ele>25.7</ele></trkpt>
   <trkpt lon="-4.590134" lat="36.717907"><ele>25.6</ele></trkpt>
   <trkpt lon="-4.590083" lat="36.717985"><ele>25.5</ele></trkpt>
   <trkpt lon="-4.590068" lat="36.718077"><ele>25.4</ele></trkpt>
   <trkpt lon="-4.590091" lat="36.718135"><ele>25.5</ele></trkpt>
   <trkpt lon="-4.590298" lat="36.718273"><ele>26.1</ele></trkpt>
   <trkpt lon="-4.590486" lat="36.718340"><ele>26.9</ele></trkpt>
   <trkpt lon="-4.590632" lat="36.718363"><ele>27.7</ele></trkpt>
   <trkpt lon="-4.590760" lat="36.718374"><ele>28.4</ele></trkpt>
   <trkpt lon="-4.590946" lat="36.718372"><ele>29.5</ele></trkpt>
   <trkpt lon="-4.591181" lat="36.718346"><ele>31.2</ele></trkpt>
   <trkpt lon="-4.591604" lat="36.718270"><ele>33.6</ele></trkpt>
   <trkpt lon="-4.591715" lat="36.718271"><ele>33.8</ele></trkpt>
   <trkpt lon="-4.591764" lat="36.718285"><ele>33.8</ele></trkpt>
   <trkpt lon="-4.591767" lat="36.718321"><ele>33.8</ele></trkpt>
   <trkpt lon="-4.591751" lat="36.718365"><ele>33.7</ele></trkpt>
   <trkpt lon="-4.591185" lat="36.718936"><ele>32.1</ele></trkpt>
   <trkpt lon="-4.591038" lat="36.719092"><ele>30.3</ele></trkpt>
   <trkpt lon="-4.591037" lat="36.719114"><ele>30.1</ele></trkpt>
   <trkpt lon="-4.591054" lat="36.719135"><ele>30.0</ele></trkpt>
   <trkpt lon="-4.591133" lat="36.719166"><ele>29.9</ele></trkpt>
   <trkpt lon="-4.591278" lat="36.719202"><ele>30.1</ele></trkpt>
   <trkpt lon="-4.591442" lat="36.719233"><ele>29.7</ele></trkpt>
   <trkpt lon="-4.591739" lat="36.719272"><ele>29.6</ele></trkpt>
   <trkpt lon="-4.591810" lat="36.719287"><ele>29.6</ele></trkpt>
   <trkpt lon="-4.591830" lat="36.719299"><ele>29.6</ele></trkpt>
   <trkpt lon="-4.591839" lat="36.719319"><ele>29.4</ele></trkpt>
   <trkpt lon="-4.591835" lat="36.719365"><ele>28.8</ele></trkpt>
   <trkpt lon="-4.591827" lat="36.719405"><ele>28.3</ele></trkpt>
   <trkpt lon="-4.591819" lat="36.719450"><ele>27.7</ele></trkpt>
   <trkpt lon="-4.591810" lat="36.719493"><ele>27.2</ele></trkpt>
   <trkpt lon="-4.591831" lat="36.719544"><ele>26.7</ele></trkpt>
   <trkpt lon="-4.592084" lat="36.719701"><ele>27.4</ele></trkpt>
   <trkpt lon="-4.592200" lat="36.719783"><ele>28.1</ele></trkpt>
   <trkpt lon="-4.592317" lat="36.719852"><ele>29.0</ele></trkpt>
   <trkpt lon="-4.592339" lat="36.719855"><ele>29.1</ele></trkpt>
   <trkpt lon="-4.592359" lat="36.719855"><ele>29.1</ele></trkpt>
   <trkpt lon="-4.592394" lat="36.719855"><ele>29.3</ele></trkpt>
   <trkpt lon="-4.592430" lat="36.719855"><ele>29.4</ele></trkpt>
   <trkpt lon="-4.592542" lat="36.719841"><ele>29.8</ele></trkpt>
   <trkpt lon="-4.592569" lat="36.719825"><ele>29.9</ele></trkpt>
   <trkpt lon="-4.592660" lat="36.719748"><ele>30.4</ele></trkpt>
   <trkpt lon="-4.592708" lat="36.719718"><ele>30.5</ele></trkpt>
   <trkpt lon="-4.592789" lat="36.719692"><ele>30.6</ele></trkpt>
   <trkpt lon="-4.592847" lat="36.719685"><ele>30.6</ele></trkpt>
   <trkpt lon="-4.593011" lat="36.719701"><ele>30.6</ele></trkpt>
   <trkpt lon="-4.593128" lat="36.719721"><ele>30.7</ele></trkpt>
   <trkpt lon="-4.593292" lat="36.719752"><ele>30.8</ele></trkpt>
   <trkpt lon="-4.593579" lat="36.719817"><ele>31.1</ele></trkpt>
   <trkpt lon="-4.594055" lat="36.719912"><ele>32.1</ele></trkpt>
   <trkpt lon="-4.594250" lat="36.719932"><ele>33.2</ele></trkpt>
   <trkpt lon="-4.594455" lat="36.719942"><ele>34.0</ele></trkpt>
   <trkpt lon="-4.594653" lat="36.719940"><ele>34.6</ele></trkpt>
   <trkpt lon="-4.595008" lat="36.719907"><ele>35.8</ele></trkpt>
   <trkpt lon="-4.596142" lat="36.719779"><ele>38.7</ele></trkpt>
   <trkpt lon="-4.596614" lat="36.719744"><ele>39.6</ele></trkpt>
   <trkpt lon="-4.597052" lat="36.719719"><ele>40.1</ele></trkpt>
   <trkpt lon="-4.598105" lat="36.719705"><ele>37.8</ele></trkpt>
   <trkpt lon="-4.598792" lat="36.719683"><ele>33.9</ele></trkpt>
   <trkpt lon="-4.599302" lat="36.719660"><ele>36.5</ele></trkpt>
   <trkpt lon="-4.599601" lat="36.719656"><ele>38.5</ele></trkpt>
   <trkpt lon="-4.599890" lat="36.719665"><ele>39.9</ele></trkpt>
   <trkpt lon="-4.600307" lat="36.719702"><ele>40.3</ele></trkpt>
   <trkpt lon="-4.600658" lat="36.719761"><ele>40.6</ele></trkpt>
   <trkpt lon="-4.601096" lat="36.719843"><ele>41.2</ele></trkpt>
   <trkpt lon="-4.601959" lat="36.720008"><ele>46.3</ele></trkpt>
   <trkpt lon="-4.602657" lat="36.720158"><ele>48.3</ele></trkpt>
   <trkpt lon="-4.603934" lat="36.720418"><ele>51.5</ele></trkpt>
   <trkpt lon="-4.604108" lat="36.720460"><ele>52.1</ele></trkpt>
   <trkpt lon="-4.604380" lat="36.720512"><ele>53.1</ele></trkpt>
   <trkpt lon="-4.604529" lat="36.720613"><ele>53.4</ele></trkpt>
   <trkpt lon="-4.604572" lat="36.720610"><ele>53.6</ele></trkpt>
   <trkpt lon="-4.604599" lat="36.720607"><ele>53.8</ele></trkpt>
   <trkpt lon="-4.604647" lat="36.720604"><ele>54.1</ele></trkpt>
   <trkpt lon="-4.604667" lat="36.720602"><ele>54.2</ele></trkpt>
   <trkpt lon="-4.604800" lat="36.720592"><ele>55.0</ele></trkpt>
   <trkpt lon="-4.605074" lat="36.720639"><ele>55.7</ele></trkpt>
   <trkpt lon="-4.605653" lat="36.720751"><ele>57.1</ele></trkpt>
   <trkpt lon="-4.606445" lat="36.720853"><ele>60.7</ele></trkpt>
   <trkpt lon="-4.606923" lat="36.720873"><ele>62.0</ele></trkpt>
   <trkpt lon="-4.608644" lat="36.720820"><ele>63.9</ele></trkpt>
   <trkpt lon="-4.608777" lat="36.720839"><ele>63.6</ele></trkpt>
   <trkpt lon="-4.608898" lat="36.720878"><ele>63.3</ele></trkpt>
   <trkpt lon="-4.608987" lat="36.720930"><ele>62.9</ele></trkpt>
   <trkpt lon="-4.609069" lat="36.720951"><ele>62.6</ele></trkpt>
   <trkpt lon="-4.609196" lat="36.720948"><ele>62.2</ele></trkpt>
   <trkpt lon="-4.609323" lat="36.720969"><ele>61.6</ele></trkpt>
   <trkpt lon="-4.609416" lat="36.721015"><ele>60.8</ele></trkpt>
   <trkpt lon="-4.609587" lat="36.721166"><ele>59.4</ele></trkpt>
   <trkpt lon="-4.609701" lat="36.721328"><ele>58.3</ele></trkpt>
   <trkpt lon="-4.609759" lat="36.721480"><ele>57.3</ele></trkpt>
   <trkpt lon="-4.609799" lat="36.721798"><ele>55.1</ele></trkpt>
   <trkpt lon="-4.609873" lat="36.721794"><ele>55.9</ele></trkpt>
   <trkpt lon="-4.609902" lat="36.721792"><ele>56.2</ele></trkpt>
   <trkpt lon="-4.610001" lat="36.721787"><ele>57.3</ele></trkpt>
   <trkpt lon="-4.610020" lat="36.721786"><ele>57.5</ele></trkpt>
   <trkpt lon="-4.610020" lat="36.721865"><ele>57.0</ele></trkpt>
   <trkpt lon="-4.610069" lat="36.722419"><ele>53.3</ele></trkpt>
   <trkpt lon="-4.610141" lat="36.722788"><ele>52.5</ele></trkpt>
   <trkpt lon="-4.610262" lat="36.723003"><ele>53.3</ele></trkpt>
   <trkpt lon="-4.610405" lat="36.723142"><ele>54.5</ele></trkpt>
   <trkpt lon="-4.610607" lat="36.723260"><ele>53.8</ele></trkpt>
   <trkpt lon="-4.610940" lat="36.723348"><ele>51.8</ele></trkpt>
   <trkpt lon="-4.611178" lat="36.723361"><ele>50.8</ele></trkpt>
   <trkpt lon="-4.611390" lat="36.723330"><ele>50.7</ele></trkpt>
   <trkpt lon="-4.612324" lat="36.723155"><ele>49.7</ele></trkpt>
   <trkpt lon="-4.613589" lat="36.722905"><ele>41.4</ele></trkpt>
   <trkpt lon="-4.614229" lat="36.722835"><ele>36.0</ele></trkpt>
   <trkpt lon="-4.614820" lat="36.722784"><ele>34.0</ele></trkpt>
   <trkpt lon="-4.614861" lat="36.722697"><ele>34.0</ele></trkpt>
   <trkpt lon="-4.614920" lat="36.722645"><ele>34.0</ele></trkpt>
   <trkpt lon="-4.615521" lat="36.722124"><ele>34.5</ele></trkpt>
   <trkpt lon="-4.616508" lat="36.721332"><ele>36.1</ele></trkpt>
   <trkpt lon="-4.616523" lat="36.721287"><ele>36.1</ele></trkpt>
   <trkpt lon="-4.616522" lat="36.721257"><ele>36.1</ele></trkpt>
   <trkpt lon="-4.616511" lat="36.721072"><ele>37.2</ele></trkpt>
   <trkpt lon="-4.616550" lat="36.721018"><ele>37.4</ele></trkpt>
   <trkpt lon="-4.616573" lat="36.720998"><ele>37.5</ele></trkpt>
   <trkpt lon="-4.616647" lat="36.720969"><ele>37.5</ele></trkpt>
   <trkpt lon="-4.616656" lat="36.720965"><ele>37.5</ele></trkpt>
   <trkpt lon="-4.616925" lat="36.720960"><ele>36.9</ele></trkpt>
   <trkpt lon="-4.617027" lat="36.720922"><ele>37.0</ele></trkpt>
   <trkpt lon="-4.619294" lat="36.719104"><ele>40.6</ele></trkpt>
   <trkpt lon="-4.619694" lat="36.718809"><ele>43.0</ele></trkpt>
   <trkpt lon="-4.620200" lat="36.718511"><ele>47.4</ele></trkpt>
   <trkpt lon="-4.620249" lat="36.718463"><ele>48.3</ele></trkpt>
   <trkpt lon="-4.620294" lat="36.718374"><ele>50.2</ele></trkpt>
   <trkpt lon="-4.620318" lat="36.718328"><ele>51.1</ele></trkpt>
   <trkpt lon="-4.620373" lat="36.718278"><ele>52.1</ele></trkpt>
   <trkpt lon="-4.620512" lat="36.718231"><ele>53.1</ele></trkpt>
   <trkpt lon="-4.620688" lat="36.718221"><ele>53.2</ele></trkpt>
   <trkpt lon="-4.620785" lat="36.718191"><ele>53.5</ele></trkpt>
   <trkpt lon="-4.620877" lat="36.718134"><ele>53.8</ele></trkpt>
   <trkpt lon="-4.621151" lat="36.717894"><ele>55.0</ele></trkpt>
   <trkpt lon="-4.621877" lat="36.717430"><ele>53.2</ele></trkpt>
   <trkpt lon="-4.621920" lat="36.717362"><ele>53.4</ele></trkpt>
   <trkpt lon="-4.621972" lat="36.717277"><ele>53.7</ele></trkpt>
   <trkpt lon="-4.622089" lat="36.717233"><ele>54.0</ele></trkpt>
   <trkpt lon="-4.622083" lat="36.717279"><ele>53.9</ele></trkpt>
   <trkpt lon="-4.622100" lat="36.717330"><ele>53.8</ele></trkpt>
   <trkpt lon="-4.622139" lat="36.717372"><ele>53.8</ele></trkpt>
   <trkpt lon="-4.622183" lat="36.717395"><ele>53.8</ele></trkpt>
   <trkpt lon="-4.622232" lat="36.717406"><ele>53.9</ele></trkpt>
   <trkpt lon="-4.622284" lat="36.717405"><ele>54.1</ele></trkpt>
   <trkpt lon="-4.622333" lat="36.717392"><ele>54.3</ele></trkpt>
   <trkpt lon="-4.622375" lat="36.717367"><ele>54.5</ele></trkpt>
   <trkpt lon="-4.622400" lat="36.717342"><ele>54.7</ele></trkpt>
   <trkpt lon="-4.622417" lat="36.717312"><ele>54.8</ele></trkpt>
   <trkpt lon="-4.622425" lat="36.717279"><ele>55.0</ele></trkpt>
   <trkpt lon="-4.622506" lat="36.717159"><ele>55.5</ele></trkpt>
   <trkpt lon="-4.622654" lat="36.717051"><ele>56.5</ele></trkpt>
   <trkpt lon="-4.623198" lat="36.716817"><ele>59.0</ele></trkpt>
   <trkpt lon="-4.623218" lat="36.716809"><ele>59.1</ele></trkpt>
   <trkpt lon="-4.623370" lat="36.716725"><ele>59.6</ele></trkpt>
   <trkpt lon="-4.624487" lat="36.716017"><ele>64.3</ele></trkpt>
   <trkpt lon="-4.624511" lat="36.715930"><ele>65.2</ele></trkpt>
   <trkpt lon="-4.624533" lat="36.715850"><ele>65.9</ele></trkpt>
   <trkpt lon="-4.626363" lat="36.714673"><ele>83.5</ele></trkpt>
   <trkpt lon="-4.626469" lat="36.714646"><ele>83.0</ele></trkpt>
   <trkpt lon="-4.626581" lat="36.714649"><ele>82.6</ele></trkpt>
   <trkpt lon="-4.626617" lat="36.714652"><ele>82.4</ele></trkpt>
   <trkpt lon="-4.626673" lat="36.714643"><ele>82.2</ele></trkpt>
   <trkpt lon="-4.626721" lat="36.714620"><ele>82.2</ele></trkpt>
   <trkpt lon="-4.626757" lat="36.714585"><ele>82.3</ele></trkpt>
   <trkpt lon="-4.626775" lat="36.714542"><ele>82.4</ele></trkpt>
   <trkpt lon="-4.626777" lat="36.714513"><ele>82.6</ele></trkpt>
   <trkpt lon="-4.626821" lat="36.714415"><ele>83.2</ele></trkpt>
   <trkpt lon="-4.626906" lat="36.714336"><ele>84.0</ele></trkpt>
   <trkpt lon="-4.627049" lat="36.714217"><ele>85.0</ele></trkpt>
   <trkpt lon="-4.627198" lat="36.714040"><ele>86.2</ele></trkpt>
   <trkpt lon="-4.627441" lat="36.713705"><ele>88.6</ele></trkpt>
   <trkpt lon="-4.627648" lat="36.713456"><ele>89.1</ele></trkpt>
   <trkpt lon="-4.627839" lat="36.713303"><ele>88.9</ele></trkpt>
   <trkpt lon="-4.627971" lat="36.713248"><ele>88.0</ele></trkpt>
   <trkpt lon="-4.628101" lat="36.713223"><ele>86.8</ele></trkpt>
   <trkpt lon="-4.628282" lat="36.713219"><ele>85.7</ele></trkpt>
   <trkpt lon="-4.628473" lat="36.713247"><ele>84.5</ele></trkpt>
   <trkpt lon="-4.629098" lat="36.713400"><ele>83.6</ele></trkpt>
   <trkpt lon="-4.629250" lat="36.713427"><ele>84.0</ele></trkpt>
   <trkpt lon="-4.629400" lat="36.713423"><ele>84.5</ele></trkpt>
   <trkpt lon="-4.629525" lat="36.713400"><ele>85.0</ele></trkpt>
   <trkpt lon="-4.629685" lat="36.713332"><ele>85.3</ele></trkpt>
   <trkpt lon="-4.629756" lat="36.713273"><ele>85.6</ele></trkpt>
   <trkpt lon="-4.629921" lat="36.713128"><ele>86.1</ele></trkpt>
   <trkpt lon="-4.629978" lat="36.713099"><ele>86.0</ele></trkpt>
   <trkpt lon="-4.630104" lat="36.713036"><ele>85.9</ele></trkpt>
   <trkpt lon="-4.630243" lat="36.712992"><ele>85.8</ele></trkpt>
   <trkpt lon="-4.630968" lat="36.712855"><ele>85.8</ele></trkpt>
   <trkpt lon="-4.631129" lat="36.712801"><ele>86.2</ele></trkpt>
   <trkpt lon="-4.631251" lat="36.712738"><ele>86.6</ele></trkpt>
   <trkpt lon="-4.631368" lat="36.712650"><ele>87.0</ele></trkpt>
   <trkpt lon="-4.631561" lat="36.712416"><ele>88.6</ele></trkpt>
   <trkpt lon="-4.631637" lat="36.712324"><ele>88.8</ele></trkpt>
   <trkpt lon="-4.631782" lat="36.712420"><ele>85.4</ele></trkpt>
   <trkpt lon="-4.632020" lat="36.712642"><ele>80.1</ele></trkpt>
   <trkpt lon="-4.632249" lat="36.712882"><ele>75.2</ele></trkpt>
   <trkpt lon="-4.632436" lat="36.712755"><ele>75.0</ele></trkpt>
   <trkpt lon="-4.632725" lat="36.712639"><ele>74.6</ele></trkpt>
   <trkpt lon="-4.633004" lat="36.712974"><ele>68.7</ele></trkpt>
   <trkpt lon="-4.632725" lat="36.712639"><ele>74.6</ele></trkpt>
   <trkpt lon="-4.632436" lat="36.712755"><ele>75.0</ele></trkpt>
   <trkpt lon="-4.632229" lat="36.712488"><ele>80.7</ele></trkpt>
   <trkpt lon="-4.632031" lat="36.712213"><ele>85.8</ele></trkpt>
   <trkpt lon="-4.632238" lat="36.712070"><ele>86.7</ele></trkpt>
   <trkpt lon="-4.632710" lat="36.711994"><ele>85.5</ele></trkpt>
   <trkpt lon="-4.632872" lat="36.711941"><ele>84.8</ele></trkpt>
   <trkpt lon="-4.633385" lat="36.711647"><ele>82.2</ele></trkpt>
   <trkpt lon="-4.633652" lat="36.711558"><ele>80.3</ele></trkpt>
   <trkpt lon="-4.634066" lat="36.711479"><ele>79.4</ele></trkpt>
   <trkpt lon="-4.634431" lat="36.711450"><ele>78.0</ele></trkpt>
   <trkpt lon="-4.635068" lat="36.711428"><ele>77.4</ele></trkpt>
   <trkpt lon="-4.635303" lat="36.711438"><ele>78.3</ele></trkpt>
   <trkpt lon="-4.635496" lat="36.711475"><ele>78.5</ele></trkpt>
   <trkpt lon="-4.635704" lat="36.711528"><ele>78.2</ele></trkpt>
   <trkpt lon="-4.636372" lat="36.711841"><ele>76.1</ele></trkpt>
   <trkpt lon="-4.636560" lat="36.711908"><ele>76.2</ele></trkpt>
   <trkpt lon="-4.636761" lat="36.711956"><ele>76.4</ele></trkpt>
   <trkpt lon="-4.637257" lat="36.712074"><ele>75.5</ele></trkpt>
   <trkpt lon="-4.638420" lat="36.712379"><ele>68.9</ele></trkpt>
   <trkpt lon="-4.638587" lat="36.712402"><ele>67.5</ele></trkpt>
   <trkpt lon="-4.638769" lat="36.712403"><ele>66.5</ele></trkpt>
   <trkpt lon="-4.638940" lat="36.712384"><ele>65.8</ele></trkpt>
   <trkpt lon="-4.639235" lat="36.712329"><ele>63.6</ele></trkpt>
   <trkpt lon="-4.640104" lat="36.712164"><ele>58.6</ele></trkpt>
   <trkpt lon="-4.640713" lat="36.712058"><ele>56.2</ele></trkpt>
   <trkpt lon="-4.640895" lat="36.712034"><ele>55.5</ele></trkpt>
   <trkpt lon="-4.641078" lat="36.712022"><ele>54.6</ele></trkpt>
   <trkpt lon="-4.641248" lat="36.712033"><ele>54.1</ele></trkpt>
   <trkpt lon="-4.641453" lat="36.712056"><ele>54.0</ele></trkpt>
   <trkpt lon="-4.641693" lat="36.712112"><ele>53.7</ele></trkpt>
   <trkpt lon="-4.641920" lat="36.712187"><ele>52.8</ele></trkpt>
   <trkpt lon="-4.642154" lat="36.712317"><ele>51.4</ele></trkpt>
   <trkpt lon="-4.642226" lat="36.712358"><ele>51.0</ele></trkpt>
   <trkpt lon="-4.642256" lat="36.712389"><ele>50.7</ele></trkpt>
   <trkpt lon="-4.642299" lat="36.712411"><ele>50.6</ele></trkpt>
   <trkpt lon="-4.642349" lat="36.712421"><ele>50.4</ele></trkpt>
   <trkpt lon="-4.642400" lat="36.712416"><ele>50.3</ele></trkpt>
   <trkpt lon="-4.642446" lat="36.712397"><ele>50.1</ele></trkpt>
   <trkpt lon="-4.642481" lat="36.712367"><ele>50.2</ele></trkpt>
   <trkpt lon="-4.642501" lat="36.712330"><ele>50.5</ele></trkpt>
   <trkpt lon="-4.642505" lat="36.712294"><ele>50.8</ele></trkpt>
   <trkpt lon="-4.642496" lat="36.712260"><ele>51.1</ele></trkpt>
   <trkpt lon="-4.642562" lat="36.712143"><ele>52.0</ele></trkpt>
   <trkpt lon="-4.642638" lat="36.712035"><ele>52.7</ele></trkpt>
   <trkpt lon="-4.643546" lat="36.711348"><ele>48.7</ele></trkpt>
   <trkpt lon="-4.643566" lat="36.711355"><ele>48.5</ele></trkpt>
   <trkpt lon="-4.643588" lat="36.711350"><ele>48.3</ele></trkpt>
   <trkpt lon="-4.643601" lat="36.711326"><ele>48.2</ele></trkpt>
   <trkpt lon="-4.643591" lat="36.711310"><ele>48.2</ele></trkpt>
   <trkpt lon="-4.644645" lat="36.710505"><ele>45.5</ele></trkpt>
   <trkpt lon="-4.645468" lat="36.709961"><ele>46.1</ele></trkpt>
   <trkpt lon="-4.645976" lat="36.709713"><ele>47.2</ele></trkpt>
   <trkpt lon="-4.647256" lat="36.709136"><ele>49.0</ele></trkpt>
   <trkpt lon="-4.647555" lat="36.709020"><ele>48.5</ele></trkpt>
   <trkpt lon="-4.649438" lat="36.708415"><ele>50.7</ele></trkpt>
   <trkpt lon="-4.650000" lat="36.708216"><ele>51.2</ele></trkpt>
   <trkpt lon="-4.650469" lat="36.707866"><ele>52.5</ele></trkpt>
   <trkpt lon="-4.650776" lat="36.707639"><ele>53.0</ele></trkpt>
   <trkpt lon="-4.651247" lat="36.707238"><ele>53.0</ele></trkpt>
   <trkpt lon="-4.653330" lat="36.704999"><ele>58.2</ele></trkpt>
   <trkpt lon="-4.653536" lat="36.704869"><ele>58.4</ele></trkpt>
   <trkpt lon="-4.653717" lat="36.704825"><ele>58.8</ele></trkpt>
   <trkpt lon="-4.653994" lat="36.704822"><ele>58.9</ele></trkpt>
   <trkpt lon="-4.655687" lat="36.704899"><ele>60.2</ele></trkpt>
   <trkpt lon="-4.657123" lat="36.705276"><ele>63.5</ele></trkpt>
   <trkpt lon="-4.657631" lat="36.705329"><ele>64.2</ele></trkpt>
   <trkpt lon="-4.658317" lat="36.705251"><ele>67.1</ele></trkpt>
   <trkpt lon="-4.658530" lat="36.705227"><ele>68.9</ele></trkpt>
   <trkpt lon="-4.659053" lat="36.705089"><ele>73.2</ele></trkpt>
   <trkpt lon="-4.659726" lat="36.704749"><ele>75.5</ele></trkpt>
   <trkpt lon="-4.660687" lat="36.704493"><ele>73.9</ele></trkpt>
   <trkpt lon="-4.660911" lat="36.704433"><ele>73.3</ele></trkpt>
   <trkpt lon="-4.661710" lat="36.704220"><ele>72.9</ele></trkpt>
   <trkpt lon="-4.661944" lat="36.704094"><ele>73.8</ele></trkpt>
   <trkpt lon="-4.662051" lat="36.704037"><ele>74.2</ele></trkpt>
   <trkpt lon="-4.662533" lat="36.703219"><ele>73.3</ele></trkpt>
   <trkpt lon="-4.662632" lat="36.703117"><ele>72.0</ele></trkpt>
   <trkpt lon="-4.662760" lat="36.702984"><ele>71.5</ele></trkpt>
   <trkpt lon="-4.664252" lat="36.702217"><ele>77.0</ele></trkpt>
   <trkpt lon="-4.664796" lat="36.701937"><ele>76.3</ele></trkpt>
   <trkpt lon="-4.665231" lat="36.701818"><ele>75.3</ele></trkpt>
   <trkpt lon="-4.665335" lat="36.701830"><ele>75.0</ele></trkpt>
   <trkpt lon="-4.665899" lat="36.701893"><ele>73.5</ele></trkpt>
   <trkpt lon="-4.666137" lat="36.701919"><ele>73.1</ele></trkpt>
   <trkpt lon="-4.666582" lat="36.701916"><ele>71.5</ele></trkpt>
   <trkpt lon="-4.667740" lat="36.701530"><ele>65.3</ele></trkpt>
   <trkpt lon="-4.668158" lat="36.701390"><ele>64.5</ele></trkpt>
   <trkpt lon="-4.668478" lat="36.701283"><ele>66.0</ele></trkpt>
   <trkpt lon="-4.668963" lat="36.701188"><ele>66.0</ele></trkpt>
   <trkpt lon="-4.670897" lat="36.701212"><ele>61.2</ele></trkpt>
   <trkpt lon="-4.671129" lat="36.701195"><ele>60.5</ele></trkpt>
   <trkpt lon="-4.671284" lat="36.701161"><ele>59.3</ele></trkpt>
   <trkpt lon="-4.671472" lat="36.701090"><ele>57.6</ele></trkpt>
   <trkpt lon="-4.671986" lat="36.700811"><ele>54.6</ele></trkpt>
   <trkpt lon="-4.672111" lat="36.700721"><ele>54.0</ele></trkpt>
   <trkpt lon="-4.672252" lat="36.700595"><ele>53.8</ele></trkpt>
   <trkpt lon="-4.672387" lat="36.700419"><ele>53.9</ele></trkpt>
   <trkpt lon="-4.672485" lat="36.700201"><ele>53.4</ele></trkpt>
   <trkpt lon="-4.672733" lat="36.699324"><ele>50.3</ele></trkpt>
   <trkpt lon="-4.672872" lat="36.698858"><ele>50.0</ele></trkpt>
   <trkpt lon="-4.673083" lat="36.698464"><ele>50.9</ele></trkpt>
   <trkpt lon="-4.673403" lat="36.698184"><ele>51.2</ele></trkpt>
   <trkpt lon="-4.673874" lat="36.697969"><ele>51.7</ele></trkpt>
   <trkpt lon="-4.674111" lat="36.697768"><ele>51.7</ele></trkpt>
   <trkpt lon="-4.675029" lat="36.696705"><ele>53.0</ele></trkpt>
   <trkpt lon="-4.675606" lat="36.695953"><ele>55.0</ele></trkpt>
   <trkpt lon="-4.676186" lat="36.694971"><ele>58.1</ele></trkpt>
   <trkpt lon="-4.676402" lat="36.694637"><ele>59.0</ele></trkpt>
   <trkpt lon="-4.676625" lat="36.694404"><ele>58.3</ele></trkpt>
   <trkpt lon="-4.677044" lat="36.694140"><ele>58.4</ele></trkpt>
   <trkpt lon="-4.677395" lat="36.693986"><ele>58.6</ele></trkpt>
   <trkpt lon="-4.679219" lat="36.693403"><ele>60.0</ele></trkpt>
   <trkpt lon="-4.679534" lat="36.693271"><ele>60.5</ele></trkpt>
   <trkpt lon="-4.681772" lat="36.691953"><ele>69.2</ele></trkpt>
   <trkpt lon="-4.682319" lat="36.691616"><ele>70.7</ele></trkpt>
   <trkpt lon="-4.682586" lat="36.691428"><ele>71.1</ele></trkpt>
   <trkpt lon="-4.682827" lat="36.691183"><ele>71.7</ele></trkpt>
   <trkpt lon="-4.683369" lat="36.690516"><ele>70.0</ele></trkpt>
   <trkpt lon="-4.683607" lat="36.690247"><ele>71.2</ele></trkpt>
   <trkpt lon="-4.683765" lat="36.690097"><ele>72.1</ele></trkpt>
   <trkpt lon="-4.684018" lat="36.689925"><ele>73.1</ele></trkpt>
   <trkpt lon="-4.685565" lat="36.689127"><ele>76.3</ele></trkpt>
   <trkpt lon="-4.685747" lat="36.689040"><ele>75.0</ele></trkpt>
   <trkpt lon="-4.689568" lat="36.687343"><ele>81.2</ele></trkpt>
   <trkpt lon="-4.691221" lat="36.686591"><ele>79.6</ele></trkpt>
   <trkpt lon="-4.691597" lat="36.686456"><ele>76.6</ele></trkpt>
   <trkpt lon="-4.691744" lat="36.686418"><ele>75.1</ele></trkpt>
   <trkpt lon="-4.692925" lat="36.686211"><ele>70.8</ele></trkpt>
   <trkpt lon="-4.693223" lat="36.686117"><ele>71.6</ele></trkpt>
   <trkpt lon="-4.693372" lat="36.686056"><ele>72.1</ele></trkpt>
   <trkpt lon="-4.693871" lat="36.685758"><ele>72.5</ele></trkpt>
   <trkpt lon="-4.694060" lat="36.685594"><ele>73.1</ele></trkpt>
   <trkpt lon="-4.694471" lat="36.685142"><ele>74.5</ele></trkpt>
   <trkpt lon="-4.694558" lat="36.685046"><ele>75.3</ele></trkpt>
   <trkpt lon="-4.694753" lat="36.684875"><ele>78.5</ele></trkpt>
   <trkpt lon="-4.695202" lat="36.684586"><ele>82.8</ele></trkpt>
   <trkpt lon="-4.695715" lat="36.684302"><ele>83.9</ele></trkpt>
   <trkpt lon="-4.696767" lat="36.683752"><ele>85.7</ele></trkpt>
   <trkpt lon="-4.696964" lat="36.683671"><ele>86.1</ele></trkpt>
   <trkpt lon="-4.699038" lat="36.683022"><ele>92.3</ele></trkpt>
   <trkpt lon="-4.699131" lat="36.683035"><ele>92.8</ele></trkpt>
   <trkpt lon="-4.699222" lat="36.683043"><ele>93.1</ele></trkpt>
   <trkpt lon="-4.699336" lat="36.683067"><ele>93.2</ele></trkpt>
   <trkpt lon="-4.699384" lat="36.683077"><ele>93.3</ele></trkpt>
   <trkpt lon="-4.699434" lat="36.683074"><ele>93.4</ele></trkpt>
   <trkpt lon="-4.699477" lat="36.683058"><ele>93.7</ele></trkpt>
   <trkpt lon="-4.699512" lat="36.683032"><ele>94.9</ele></trkpt>
   <trkpt lon="-4.699534" lat="36.682998"><ele>95.3</ele></trkpt>
   <trkpt lon="-4.699542" lat="36.682961"><ele>95.8</ele></trkpt>
   <trkpt lon="-4.699542" lat="36.682949"><ele>95.9</ele></trkpt>
   <trkpt lon="-4.699617" lat="36.682880"><ele>96.7</ele></trkpt>
   <trkpt lon="-4.699662" lat="36.682838"><ele>97.2</ele></trkpt>
   <trkpt lon="-4.701313" lat="36.682193"><ele>102.3</ele></trkpt>
   <trkpt lon="-4.702657" lat="36.681400"><ele>108.3</ele></trkpt>
   <trkpt lon="-4.704139" lat="36.681013"><ele>109.5</ele></trkpt>
   <trkpt lon="-4.704229" lat="36.680989"><ele>109.8</ele></trkpt>
   <trkpt lon="-4.705338" lat="36.680700"><ele>114.0</ele></trkpt>
   <trkpt lon="-4.706925" lat="36.680321"><ele>121.6</ele></trkpt>
   <trkpt lon="-4.708382" lat="36.679973"><ele>130.9</ele></trkpt>
   <trkpt lon="-4.709801" lat="36.679827"><ele>136.8</ele></trkpt>
   <trkpt lon="-4.712240" lat="36.679956"><ele>139.3</ele></trkpt>
   <trkpt lon="-4.713205" lat="36.679906"><ele>138.7</ele></trkpt>
   <trkpt lon="-4.713391" lat="36.679907"><ele>138.1</ele></trkpt>
   <trkpt lon="-4.713609" lat="36.679930"><ele>137.7</ele></trkpt>
   <trkpt lon="-4.714303" lat="36.680074"><ele>138.2</ele></trkpt>
   <trkpt lon="-4.714669" lat="36.680138"><ele>139.2</ele></trkpt>
   <trkpt lon="-4.715163" lat="36.680181"><ele>141.5</ele></trkpt>
   <trkpt lon="-4.715728" lat="36.680213"><ele>142.5</ele></trkpt>
   <trkpt lon="-4.716575" lat="36.680246"><ele>144.9</ele></trkpt>
   <trkpt lon="-4.716769" lat="36.680240"><ele>145.0</ele></trkpt>
   <trkpt lon="-4.716941" lat="36.680215"><ele>145.4</ele></trkpt>
   <trkpt lon="-4.717229" lat="36.680162"><ele>146.4</ele></trkpt>
   <trkpt lon="-4.718605" lat="36.679797"><ele>150.2</ele></trkpt>
   <trkpt lon="-4.718751" lat="36.679774"><ele>149.7</ele></trkpt>
   <trkpt lon="-4.719069" lat="36.679690"><ele>149.3</ele></trkpt>
   <trkpt lon="-4.720683" lat="36.679258"><ele>146.1</ele></trkpt>
   <trkpt lon="-4.721392" lat="36.679069"><ele>148.5</ele></trkpt>
   <trkpt lon="-4.721444" lat="36.679037"><ele>149.1</ele></trkpt>
   <trkpt lon="-4.723259" lat="36.678561"><ele>147.8</ele></trkpt>
   <trkpt lon="-4.723927" lat="36.678349"><ele>148.6</ele></trkpt>
   <trkpt lon="-4.724051" lat="36.678311"><ele>148.5</ele></trkpt>
   <trkpt lon="-4.724126" lat="36.678292"><ele>148.6</ele></trkpt>
   <trkpt lon="-4.724208" lat="36.678299"><ele>148.6</ele></trkpt>
   <trkpt lon="-4.724305" lat="36.678327"><ele>148.3</ele></trkpt>
   <trkpt lon="-4.724334" lat="36.678366"><ele>147.9</ele></trkpt>
   <trkpt lon="-4.724418" lat="36.678438"><ele>147.3</ele></trkpt>
   <trkpt lon="-4.724522" lat="36.678499"><ele>146.6</ele></trkpt>
   <trkpt lon="-4.724608" lat="36.678533"><ele>146.3</ele></trkpt>
   <trkpt lon="-4.724703" lat="36.678559"><ele>146.1</ele></trkpt>
   <trkpt lon="-4.724802" lat="36.678572"><ele>145.8</ele></trkpt>
   <trkpt lon="-4.724903" lat="36.678574"><ele>145.2</ele></trkpt>
   <trkpt lon="-4.725002" lat="36.678563"><ele>144.7</ele></trkpt>
   <trkpt lon="-4.725126" lat="36.678533"><ele>144.2</ele></trkpt>
   <trkpt lon="-4.725240" lat="36.678484"><ele>144.6</ele></trkpt>
   <trkpt lon="-4.725328" lat="36.678428"><ele>144.8</ele></trkpt>
   <trkpt lon="-4.725404" lat="36.678361"><ele>145.0</ele></trkpt>
   <trkpt lon="-4.725464" lat="36.678284"><ele>145.2</ele></trkpt>
   <trkpt lon="-4.725508" lat="36.678201"><ele>146.1</ele></trkpt>
   <trkpt lon="-4.725534" lat="36.678114"><ele>147.3</ele></trkpt>
   <trkpt lon="-4.725541" lat="36.678023"><ele>148.5</ele></trkpt>
   <trkpt lon="-4.725574" lat="36.677942"><ele>149.8</ele></trkpt>
   <trkpt lon="-4.725627" lat="36.677888"><ele>150.8</ele></trkpt>
   <trkpt lon="-4.725725" lat="36.677824"><ele>152.4</ele></trkpt>
   <trkpt lon="-4.725883" lat="36.677784"><ele>154.1</ele></trkpt>
   <trkpt lon="-4.726335" lat="36.677744"><ele>156.7</ele></trkpt>
   <trkpt lon="-4.727242" lat="36.677636"><ele>159.5</ele></trkpt>
   <trkpt lon="-4.727522" lat="36.677581"><ele>160.4</ele></trkpt>
   <trkpt lon="-4.727813" lat="36.677501"><ele>162.5</ele></trkpt>
   <trkpt lon="-4.728126" lat="36.677378"><ele>164.0</ele></trkpt>
   <trkpt lon="-4.728796" lat="36.677055"><ele>164.6</ele></trkpt>
   <trkpt lon="-4.728891" lat="36.677053"><ele>163.0</ele></trkpt>
   <trkpt lon="-4.728925" lat="36.677066"><ele>162.0</ele></trkpt>
   <trkpt lon="-4.728962" lat="36.677070"><ele>161.3</ele></trkpt>
   <trkpt lon="-4.728999" lat="36.677064"><ele>161.1</ele></trkpt>
   <trkpt lon="-4.729032" lat="36.677049"><ele>161.1</ele></trkpt>
   <trkpt lon="-4.729058" lat="36.677025"><ele>161.4</ele></trkpt>
   <trkpt lon="-4.729073" lat="36.676996"><ele>162.1</ele></trkpt>
   <trkpt lon="-4.729075" lat="36.676965"><ele>163.0</ele></trkpt>
   <trkpt lon="-4.729148" lat="36.676878"><ele>164.1</ele></trkpt>
   <trkpt lon="-4.729702" lat="36.676585"><ele>161.4</ele></trkpt>
   <trkpt lon="-4.730574" lat="36.676043"><ele>163.1</ele></trkpt>
   <trkpt lon="-4.731682" lat="36.675192"><ele>168.6</ele></trkpt>
   <trkpt lon="-4.732030" lat="36.675037"><ele>168.6</ele></trkpt>
   <trkpt lon="-4.732104" lat="36.675027"><ele>168.4</ele></trkpt>
   <trkpt lon="-4.732154" lat="36.675004"><ele>168.4</ele></trkpt>
   <trkpt lon="-4.732193" lat="36.674970"><ele>168.5</ele></trkpt>
   <trkpt lon="-4.732217" lat="36.674931"><ele>168.7</ele></trkpt>
   <trkpt lon="-4.732227" lat="36.674888"><ele>169.1</ele></trkpt>
   <trkpt lon="-4.732221" lat="36.674845"><ele>169.6</ele></trkpt>
   <trkpt lon="-4.732396" lat="36.674579"><ele>172.7</ele></trkpt>
   <trkpt lon="-4.732697" lat="36.674325"><ele>173.6</ele></trkpt>
   <trkpt lon="-4.733086" lat="36.674036"><ele>173.6</ele></trkpt>
   <trkpt lon="-4.733515" lat="36.673761"><ele>172.1</ele></trkpt>
   <trkpt lon="-4.733536" lat="36.673668"><ele>172.9</ele></trkpt>
   <trkpt lon="-4.733886" lat="36.673561"><ele>168.9</ele></trkpt>
   <trkpt lon="-4.734176" lat="36.673497"><ele>165.6</ele></trkpt>
   <trkpt lon="-4.734617" lat="36.673411"><ele>162.0</ele></trkpt>
   <trkpt lon="-4.735800" lat="36.673189"><ele>156.2</ele></trkpt>
   <trkpt lon="-4.735905" lat="36.673154"><ele>156.0</ele></trkpt>
   <trkpt lon="-4.735981" lat="36.673120"><ele>155.8</ele></trkpt>
   <trkpt lon="-4.736060" lat="36.673075"><ele>155.9</ele></trkpt>
   <trkpt lon="-4.736420" lat="36.672778"><ele>155.1</ele></trkpt>
   <trkpt lon="-4.736540" lat="36.672709"><ele>154.9</ele></trkpt>
   <trkpt lon="-4.738498" lat="36.671766"><ele>152.3</ele></trkpt>
   <trkpt lon="-4.738624" lat="36.671700"><ele>152.3</ele></trkpt>
   <trkpt lon="-4.738791" lat="36.671602"><ele>152.0</ele></trkpt>
   <trkpt lon="-4.738941" lat="36.671463"><ele>150.8</ele></trkpt>
   <trkpt lon="-4.739030" lat="36.671349"><ele>149.7</ele></trkpt>
   <trkpt lon="-4.739289" lat="36.671052"><ele>148.3</ele></trkpt>
   <trkpt lon="-4.739545" lat="36.670817"><ele>147.6</ele></trkpt>
   <trkpt lon="-4.739620" lat="36.670758"><ele>147.7</ele></trkpt>
   <trkpt lon="-4.739635" lat="36.670652"><ele>147.5</ele></trkpt>
   <trkpt lon="-4.739941" lat="36.670415"><ele>149.0</ele></trkpt>
   <trkpt lon="-4.740874" lat="36.669786"><ele>148.0</ele></trkpt>
   <trkpt lon="-4.741008" lat="36.669695"><ele>147.3</ele></trkpt>
   <trkpt lon="-4.741135" lat="36.669597"><ele>146.7</ele></trkpt>
   <trkpt lon="-4.741867" lat="36.669021"><ele>144.0</ele></trkpt>
   <trkpt lon="-4.741930" lat="36.668959"><ele>144.0</ele></trkpt>
   <trkpt lon="-4.742189" lat="36.668735"><ele>144.0</ele></trkpt>
   <trkpt lon="-4.742316" lat="36.668630"><ele>143.9</ele></trkpt>
   <trkpt lon="-4.743181" lat="36.667911"><ele>143.0</ele></trkpt>
   <trkpt lon="-4.743365" lat="36.667811"><ele>143.0</ele></trkpt>
   <trkpt lon="-4.743782" lat="36.667584"><ele>143.2</ele></trkpt>
   <trkpt lon="-4.744286" lat="36.667283"><ele>144.2</ele></trkpt>
   <trkpt lon="-4.744809" lat="36.666778"><ele>148.1</ele></trkpt>
   <trkpt lon="-4.744909" lat="36.666646"><ele>150.0</ele></trkpt>
   <trkpt lon="-4.745092" lat="36.666299"><ele>152.6</ele></trkpt>
   <trkpt lon="-4.745150" lat="36.666190"><ele>153.1</ele></trkpt>
   <trkpt lon="-4.745289" lat="36.666234"><ele>153.2</ele></trkpt>
   <trkpt lon="-4.745427" lat="36.666278"><ele>153.1</ele></trkpt>
   <trkpt lon="-4.745499" lat="36.666006"><ele>154.5</ele></trkpt>
   <trkpt lon="-4.745486" lat="36.665853"><ele>155.3</ele></trkpt>
   <trkpt lon="-4.745720" lat="36.665202"><ele>157.9</ele></trkpt>
   <trkpt lon="-4.745773" lat="36.665085"><ele>157.7</ele></trkpt>
   <trkpt lon="-4.745852" lat="36.664975"><ele>157.3</ele></trkpt>
   <trkpt lon="-4.745955" lat="36.664873"><ele>156.9</ele></trkpt>
   <trkpt lon="-4.746205" lat="36.664673"><ele>155.6</ele></trkpt>
   <trkpt lon="-4.746443" lat="36.664520"><ele>154.0</ele></trkpt>
   <trkpt lon="-4.746577" lat="36.664410"><ele>153.2</ele></trkpt>
   <trkpt lon="-4.746620" lat="36.664361"><ele>152.9</ele></trkpt>
   <trkpt lon="-4.746787" lat="36.664123"><ele>151.9</ele></trkpt>
   <trkpt lon="-4.746826" lat="36.664105"><ele>151.7</ele></trkpt>
   <trkpt lon="-4.746855" lat="36.664076"><ele>151.6</ele></trkpt>
   <trkpt lon="-4.746869" lat="36.664049"><ele>151.5</ele></trkpt>
   <trkpt lon="-4.746867" lat="36.663992"><ele>151.5</ele></trkpt>
   <trkpt lon="-4.747000" lat="36.663803"><ele>151.2</ele></trkpt>
   <trkpt lon="-4.747163" lat="36.663667"><ele>151.1</ele></trkpt>
   <trkpt lon="-4.747215" lat="36.663643"><ele>151.0</ele></trkpt>
   <trkpt lon="-4.747402" lat="36.663555"><ele>151.0</ele></trkpt>
   <trkpt lon="-4.747643" lat="36.663520"><ele>151.2</ele></trkpt>
   <trkpt lon="-4.748119" lat="36.663565"><ele>151.4</ele></trkpt>
   <trkpt lon="-4.748947" lat="36.663659"><ele>152.0</ele></trkpt>
   <trkpt lon="-4.749127" lat="36.663667"><ele>152.5</ele></trkpt>
   <trkpt lon="-4.749442" lat="36.663626"><ele>153.4</ele></trkpt>
   <trkpt lon="-4.749462" lat="36.663619"><ele>153.5</ele></trkpt>
   <trkpt lon="-4.749678" lat="36.663545"><ele>154.1</ele></trkpt>
   <trkpt lon="-4.750095" lat="36.663339"><ele>157.1</ele></trkpt>
   <trkpt lon="-4.750394" lat="36.663175"><ele>159.0</ele></trkpt>
   <trkpt lon="-4.750739" lat="36.663020"><ele>160.4</ele></trkpt>
   <trkpt lon="-4.750808" lat="36.663033"><ele>160.8</ele></trkpt>
   <trkpt lon="-4.750963" lat="36.663009"><ele>161.8</ele></trkpt>
   <trkpt lon="-4.751107" lat="36.662980"><ele>162.6</ele></trkpt>
   <trkpt lon="-4.751146" lat="36.662964"><ele>162.8</ele></trkpt>
   <trkpt lon="-4.751156" lat="36.662956"><ele>162.9</ele></trkpt>
   <trkpt lon="-4.751532" lat="36.662918"><ele>164.2</ele></trkpt>
   <trkpt lon="-4.751911" lat="36.662915"><ele>165.4</ele></trkpt>
   <trkpt lon="-4.752136" lat="36.662925"><ele>166.3</ele></trkpt>
   <trkpt lon="-4.752460" lat="36.662976"><ele>168.1</ele></trkpt>
   <trkpt lon="-4.752548" lat="36.662981"><ele>168.7</ele></trkpt>
   <trkpt lon="-4.752944" lat="36.663038"><ele>170.3</ele></trkpt>
   <trkpt lon="-4.753197" lat="36.663029"><ele>171.1</ele></trkpt>
   <trkpt lon="-4.753217" lat="36.663022"><ele>171.2</ele></trkpt>
   <trkpt lon="-4.753584" lat="36.662892"><ele>173.0</ele></trkpt>
   <trkpt lon="-4.754287" lat="36.662644"><ele>174.8</ele></trkpt>
   <trkpt lon="-4.754530" lat="36.662576"><ele>176.3</ele></trkpt>
   <trkpt lon="-4.754730" lat="36.662584"><ele>178.0</ele></trkpt>
   <trkpt lon="-4.755002" lat="36.662677"><ele>179.2</ele></trkpt>
   <trkpt lon="-4.755163" lat="36.662670"><ele>180.7</ele></trkpt>
   <trkpt lon="-4.756193" lat="36.662380"><ele>190.5</ele></trkpt>
   <trkpt lon="-4.756582" lat="36.662341"><ele>192.3</ele></trkpt>
   <trkpt lon="-4.756810" lat="36.662309"><ele>194.0</ele></trkpt>
   <trkpt lon="-4.757045" lat="36.662247"><ele>195.3</ele></trkpt>
   <trkpt lon="-4.757057" lat="36.662298"><ele>194.5</ele></trkpt>
   <trkpt lon="-4.757087" lat="36.662339"><ele>193.9</ele></trkpt>
   <trkpt lon="-4.757207" lat="36.662380"><ele>193.4</ele></trkpt>
   <trkpt lon="-4.757286" lat="36.662399"><ele>193.2</ele></trkpt>
   <trkpt lon="-4.757346" lat="36.662384"><ele>193.4</ele></trkpt>
   <trkpt lon="-4.757378" lat="36.662335"><ele>194.0</ele></trkpt>
   <trkpt lon="-4.757353" lat="36.662277"><ele>194.7</ele></trkpt>
   <trkpt lon="-4.757214" lat="36.662212"><ele>195.8</ele></trkpt>
   <trkpt lon="-4.757175" lat="36.662204"><ele>196.0</ele></trkpt>
   <trkpt lon="-4.756955" lat="36.661804"><ele>197.2</ele></trkpt>
   <trkpt lon="-4.756920" lat="36.661654"><ele>197.6</ele></trkpt>
   <trkpt lon="-4.756980" lat="36.661503"><ele>198.1</ele></trkpt>
   <trkpt lon="-4.757010" lat="36.661407"><ele>198.3</ele></trkpt>
   <trkpt lon="-4.757123" lat="36.661127"><ele>199.2</ele></trkpt>
   <trkpt lon="-4.757126" lat="36.661121"><ele>199.2</ele></trkpt>
   <trkpt lon="-4.757482" lat="36.660472"><ele>201.1</ele></trkpt>
   <trkpt lon="-4.757488" lat="36.660420"><ele>201.1</ele></trkpt>
   <trkpt lon="-4.757539" lat="36.659967"><ele>202.1</ele></trkpt>
   <trkpt lon="-4.757582" lat="36.659870"><ele>202.7</ele></trkpt>
   <trkpt lon="-4.757763" lat="36.659698"><ele>203.8</ele></trkpt>
   <trkpt lon="-4.757950" lat="36.659604"><ele>204.2</ele></trkpt>
   <trkpt lon="-4.758018" lat="36.659595"><ele>204.3</ele></trkpt>
   <trkpt lon="-4.758471" lat="36.659458"><ele>205.9</ele></trkpt>
   <trkpt lon="-4.758571" lat="36.659472"><ele>206.1</ele></trkpt>
   <trkpt lon="-4.758622" lat="36.659489"><ele>206.1</ele></trkpt>
   <trkpt lon="-4.758775" lat="36.659571"><ele>206.1</ele></trkpt>
   <trkpt lon="-4.759034" lat="36.659415"><ele>208.0</ele></trkpt>
   <trkpt lon="-4.759519" lat="36.659163"><ele>212.6</ele></trkpt>
   <trkpt lon="-4.759914" lat="36.658955"><ele>213.1</ele></trkpt>
   <trkpt lon="-4.760038" lat="36.658877"><ele>213.5</ele></trkpt>
   <trkpt lon="-4.760112" lat="36.658831"><ele>213.8</ele></trkpt>
   <trkpt lon="-4.760779" lat="36.658059"><ele>217.5</ele></trkpt>
   <trkpt lon="-4.761183" lat="36.657596"><ele>219.2</ele></trkpt>
   <trkpt lon="-4.761393" lat="36.657522"><ele>218.6</ele></trkpt>
   <trkpt lon="-4.761456" lat="36.657503"><ele>218.3</ele></trkpt>
   <trkpt lon="-4.761517" lat="36.657461"><ele>218.4</ele></trkpt>
   <trkpt lon="-4.761570" lat="36.657415"><ele>218.7</ele></trkpt>
   <trkpt lon="-4.761610" lat="36.657353"><ele>219.7</ele></trkpt>
   <trkpt lon="-4.761852" lat="36.656880"><ele>228.0</ele></trkpt>
   <trkpt lon="-4.762061" lat="36.656647"><ele>230.7</ele></trkpt>
   <trkpt lon="-4.763236" lat="36.655731"><ele>225.5</ele></trkpt>
   <trkpt lon="-4.763441" lat="36.655536"><ele>224.0</ele></trkpt>
   <trkpt lon="-4.763674" lat="36.655306"><ele>223.4</ele></trkpt>
   <trkpt lon="-4.763913" lat="36.655088"><ele>221.8</ele></trkpt>
   <trkpt lon="-4.764088" lat="36.654980"><ele>221.2</ele></trkpt>
   <trkpt lon="-4.764374" lat="36.654899"><ele>220.4</ele></trkpt>
   <trkpt lon="-4.764634" lat="36.654809"><ele>219.2</ele></trkpt>
   <trkpt lon="-4.764861" lat="36.654685"><ele>218.1</ele></trkpt>
   <trkpt lon="-4.764955" lat="36.654609"><ele>217.2</ele></trkpt>
   <trkpt lon="-4.765043" lat="36.654508"><ele>216.5</ele></trkpt>
   <trkpt lon="-4.765123" lat="36.654383"><ele>215.9</ele></trkpt>
   <trkpt lon="-4.765229" lat="36.654068"><ele>214.8</ele></trkpt>
   <trkpt lon="-4.765330" lat="36.653873"><ele>214.8</ele></trkpt>
   <trkpt lon="-4.765553" lat="36.653612"><ele>215.7</ele></trkpt>
   <trkpt lon="-4.765757" lat="36.653439"><ele>216.6</ele></trkpt>
   <trkpt lon="-4.765893" lat="36.653338"><ele>216.3</ele></trkpt>
   <trkpt lon="-4.767477" lat="36.652591"><ele>211.9</ele></trkpt>
   <trkpt lon="-4.768194" lat="36.652243"><ele>206.6</ele></trkpt>
   <trkpt lon="-4.768434" lat="36.652144"><ele>204.7</ele></trkpt>
   <trkpt lon="-4.769162" lat="36.651787"><ele>205.1</ele></trkpt>
   <trkpt lon="-4.769466" lat="36.651620"><ele>206.0</ele></trkpt>
   <trkpt lon="-4.769741" lat="36.651457"><ele>207.0</ele></trkpt>
   <trkpt lon="-4.770031" lat="36.651305"><ele>207.2</ele></trkpt>
   <trkpt lon="-4.770519" lat="36.651102"><ele>207.6</ele></trkpt>
   <trkpt lon="-4.771080" lat="36.650851"><ele>208.3</ele></trkpt>
   <trkpt lon="-4.771407" lat="36.650712"><ele>209.8</ele></trkpt>
   <trkpt lon="-4.771529" lat="36.650661"><ele>210.0</ele></trkpt>
   <trkpt lon="-4.771644" lat="36.650613"><ele>210.7</ele></trkpt>
   <trkpt lon="-4.771780" lat="36.650547"><ele>211.7</ele></trkpt>
   <trkpt lon="-4.771875" lat="36.650494"><ele>212.3</ele></trkpt>
   <trkpt lon="-4.772105" lat="36.650340"><ele>212.8</ele></trkpt>
   <trkpt lon="-4.772644" lat="36.649935"><ele>213.6</ele></trkpt>
   <trkpt lon="-4.772838" lat="36.649762"><ele>214.4</ele></trkpt>
   <trkpt lon="-4.773021" lat="36.649563"><ele>215.2</ele></trkpt>
   <trkpt lon="-4.773191" lat="36.649357"><ele>216.7</ele></trkpt>
   <trkpt lon="-4.773375" lat="36.649090"><ele>219.1</ele></trkpt>
   <trkpt lon="-4.773456" lat="36.648947"><ele>220.4</ele></trkpt>
   <trkpt lon="-4.773570" lat="36.648701"><ele>223.6</ele></trkpt>
   <trkpt lon="-4.773633" lat="36.648560"><ele>225.4</ele></trkpt>
   <trkpt lon="-4.773672" lat="36.648448"><ele>226.2</ele></trkpt>
   <trkpt lon="-4.773804" lat="36.648020"><ele>227.3</ele></trkpt>
   <trkpt lon="-4.773903" lat="36.647654"><ele>227.3</ele></trkpt>
   <trkpt lon="-4.774012" lat="36.647192"><ele>232.8</ele></trkpt>
   <trkpt lon="-4.774049" lat="36.646948"><ele>236.5</ele></trkpt>
   <trkpt lon="-4.774070" lat="36.646688"><ele>240.0</ele></trkpt>
   <trkpt lon="-4.774079" lat="36.646442"><ele>242.8</ele></trkpt>
   <trkpt lon="-4.774066" lat="36.646196"><ele>244.1</ele></trkpt>
   <trkpt lon="-4.774033" lat="36.645872"><ele>246.0</ele></trkpt>
   <trkpt lon="-4.773968" lat="36.645548"><ele>247.2</ele></trkpt>
   <trkpt lon="-4.773884" lat="36.645244"><ele>248.0</ele></trkpt>
   <trkpt lon="-4.773853" lat="36.645154"><ele>248.2</ele></trkpt>
   <trkpt lon="-4.773811" lat="36.645032"><ele>249.3</ele></trkpt>
   <trkpt lon="-4.773710" lat="36.644750"><ele>252.3</ele></trkpt>
   <trkpt lon="-4.773621" lat="36.644526"><ele>254.5</ele></trkpt>
   <trkpt lon="-4.773441" lat="36.644149"><ele>258.3</ele></trkpt>
   <trkpt lon="-4.773228" lat="36.643726"><ele>261.5</ele></trkpt>
   <trkpt lon="-4.773183" lat="36.643559"><ele>262.9</ele></trkpt>
   <trkpt lon="-4.773049" lat="36.643301"><ele>263.8</ele></trkpt>
   <trkpt lon="-4.772858" lat="36.642915"><ele>265.6</ele></trkpt>
   <trkpt lon="-4.772759" lat="36.642686"><ele>266.7</ele></trkpt>
   <trkpt lon="-4.772737" lat="36.642636"><ele>266.9</ele></trkpt>
   <trkpt lon="-4.772692" lat="36.642533"><ele>267.3</ele></trkpt>
   <trkpt lon="-4.772637" lat="36.642378"><ele>268.4</ele></trkpt>
   <trkpt lon="-4.772597" lat="36.642204"><ele>270.4</ele></trkpt>
   <trkpt lon="-4.772547" lat="36.642013"><ele>272.7</ele></trkpt>
   <trkpt lon="-4.772550" lat="36.641874"><ele>274.8</ele></trkpt>
   <trkpt lon="-4.772566" lat="36.641737"><ele>276.9</ele></trkpt>
   <trkpt lon="-4.772704" lat="36.641134"><ele>291.6</ele></trkpt>
   <trkpt lon="-4.772747" lat="36.640923"><ele>296.3</ele></trkpt>
   <trkpt lon="-4.772802" lat="36.640523"><ele>302.1</ele></trkpt>
   <trkpt lon="-4.772825" lat="36.640137"><ele>305.1</ele></trkpt>
   <trkpt lon="-4.772877" lat="36.640008"><ele>304.5</ele></trkpt>
   <trkpt lon="-4.772896" lat="36.639764"><ele>304.6</ele></trkpt>
   <trkpt lon="-4.772922" lat="36.639711"><ele>304.2</ele></trkpt>
   <trkpt lon="-4.772980" lat="36.639672"><ele>302.9</ele></trkpt>
   <trkpt lon="-4.773024" lat="36.639669"><ele>301.8</ele></trkpt>
   <trkpt lon="-4.773059" lat="36.639667"><ele>301.0</ele></trkpt>
   <trkpt lon="-4.773224" lat="36.639749"><ele>297.0</ele></trkpt>
   <trkpt lon="-4.773407" lat="36.639831"><ele>294.3</ele></trkpt>
   <trkpt lon="-4.773580" lat="36.639885"><ele>291.8</ele></trkpt>
   <trkpt lon="-4.773762" lat="36.639929"><ele>290.9</ele></trkpt>
   <trkpt lon="-4.774804" lat="36.640149"><ele>288.4</ele></trkpt>
   <trkpt lon="-4.775130" lat="36.640176"><ele>287.9</ele></trkpt>
   <trkpt lon="-4.775335" lat="36.640214"><ele>287.0</ele></trkpt>
   <trkpt lon="-4.775736" lat="36.640261"><ele>283.8</ele></trkpt>
   <trkpt lon="-4.776320" lat="36.640312"><ele>279.6</ele></trkpt>
   <trkpt lon="-4.778230" lat="36.640476"><ele>266.7</ele></trkpt>
   <trkpt lon="-4.779057" lat="36.640539"><ele>283.7</ele></trkpt>
   <trkpt lon="-4.779239" lat="36.640540"><ele>283.9</ele></trkpt>
   <trkpt lon="-4.779570" lat="36.640522"><ele>285.2</ele></trkpt>
   <trkpt lon="-4.779925" lat="36.640467"><ele>287.8</ele></trkpt>
   <trkpt lon="-4.780112" lat="36.640411"><ele>289.9</ele></trkpt>
   <trkpt lon="-4.780305" lat="36.640341"><ele>291.7</ele></trkpt>
   <trkpt lon="-4.780483" lat="36.640257"><ele>292.7</ele></trkpt>
   <trkpt lon="-4.780668" lat="36.640161"><ele>292.9</ele></trkpt>
   <trkpt lon="-4.780859" lat="36.640037"><ele>292.4</ele></trkpt>
   <trkpt lon="-4.781013" lat="36.639919"><ele>289.2</ele></trkpt>
   <trkpt lon="-4.781863" lat="36.639205"><ele>291.4</ele></trkpt>
   <trkpt lon="-4.782206" lat="36.638916"><ele>299.1</ele></trkpt>
   <trkpt lon="-4.782513" lat="36.638690"><ele>301.6</ele></trkpt>
   <trkpt lon="-4.782684" lat="36.638588"><ele>302.5</ele></trkpt>
   <trkpt lon="-4.782877" lat="36.638491"><ele>303.9</ele></trkpt>
   <trkpt lon="-4.783116" lat="36.638394"><ele>305.8</ele></trkpt>
   <trkpt lon="-4.783345" lat="36.638330"><ele>307.4</ele></trkpt>
   <trkpt lon="-4.783535" lat="36.638292"><ele>308.6</ele></trkpt>
   <trkpt lon="-4.783751" lat="36.638261"><ele>309.6</ele></trkpt>
   <trkpt lon="-4.784041" lat="36.638245"><ele>308.7</ele></trkpt>
   <trkpt lon="-4.784290" lat="36.638255"><ele>307.7</ele></trkpt>
   <trkpt lon="-4.784550" lat="36.638277"><ele>307.6</ele></trkpt>
   <trkpt lon="-4.785042" lat="36.638352"><ele>307.6</ele></trkpt>
   <trkpt lon="-4.785556" lat="36.638424"><ele>306.3</ele></trkpt>
   <trkpt lon="-4.785895" lat="36.638465"><ele>305.2</ele></trkpt>
   <trkpt lon="-4.786077" lat="36.638477"><ele>305.0</ele></trkpt>
   <trkpt lon="-4.786551" lat="36.638501"><ele>306.2</ele></trkpt>
   <trkpt lon="-4.786893" lat="36.638505"><ele>305.1</ele></trkpt>
   <trkpt lon="-4.787219" lat="36.638500"><ele>305.2</ele></trkpt>
   <trkpt lon="-4.787618" lat="36.638474"><ele>303.2</ele></trkpt>
   <trkpt lon="-4.788026" lat="36.638435"><ele>299.9</ele></trkpt>
   <trkpt lon="-4.788442" lat="36.638369"><ele>297.3</ele></trkpt>
   <trkpt lon="-4.788831" lat="36.638292"><ele>297.3</ele></trkpt>
   <trkpt lon="-4.791391" lat="36.637765"><ele>315.2</ele></trkpt>
   <trkpt lon="-4.792292" lat="36.637589"><ele>323.9</ele></trkpt>
   <trkpt lon="-4.793420" lat="36.637462"><ele>325.5</ele></trkpt>
   <trkpt lon="-4.794674" lat="36.637396"><ele>330.5</ele></trkpt>
   <trkpt lon="-4.795566" lat="36.637457"><ele>330.0</ele></trkpt>
   <trkpt lon="-4.796394" lat="36.637537"><ele>326.7</ele></trkpt>
   <trkpt lon="-4.797866" lat="36.637820"><ele>320.3</ele></trkpt>
   <trkpt lon="-4.798668" lat="36.637955"><ele>316.6</ele></trkpt>
   <trkpt lon="-4.799185" lat="36.638008"><ele>315.5</ele></trkpt>
   <trkpt lon="-4.799719" lat="36.638046"><ele>314.9</ele></trkpt>
   <trkpt lon="-4.800287" lat="36.638054"><ele>313.9</ele></trkpt>
   <trkpt lon="-4.800580" lat="36.638046"><ele>314.6</ele></trkpt>
   <trkpt lon="-4.801222" lat="36.637992"><ele>316.7</ele></trkpt>
   <trkpt lon="-4.801897" lat="36.637907"><ele>320.1</ele></trkpt>
   <trkpt lon="-4.802667" lat="36.637747"><ele>318.7</ele></trkpt>
   <trkpt lon="-4.802948" lat="36.637678"><ele>317.5</ele></trkpt>
   <trkpt lon="-4.803885" lat="36.637393"><ele>316.9</ele></trkpt>
   <trkpt lon="-4.803984" lat="36.637381"><ele>317.1</ele></trkpt>
   <trkpt lon="-4.804468" lat="36.637235"><ele>316.9</ele></trkpt>
   <trkpt lon="-4.804837" lat="36.637134"><ele>316.6</ele></trkpt>
   <trkpt lon="-4.805260" lat="36.637028"><ele>317.2</ele></trkpt>
   <trkpt lon="-4.805722" lat="36.636927"><ele>318.3</ele></trkpt>
   <trkpt lon="-4.806288" lat="36.636817"><ele>320.0</ele></trkpt>
   <trkpt lon="-4.806348" lat="36.636785"><ele>320.4</ele></trkpt>
   <trkpt lon="-4.807217" lat="36.636653"><ele>324.0</ele></trkpt>
   <trkpt lon="-4.808039" lat="36.636561"><ele>328.0</ele></trkpt>
   <trkpt lon="-4.808536" lat="36.636520"><ele>330.5</ele></trkpt>
   <trkpt lon="-4.809043" lat="36.636486"><ele>331.4</ele></trkpt>
   <trkpt lon="-4.809603" lat="36.636470"><ele>330.3</ele></trkpt>
   <trkpt lon="-4.810261" lat="36.636468"><ele>326.7</ele></trkpt>
   <trkpt lon="-4.811043" lat="36.636486"><ele>321.1</ele></trkpt>
   <trkpt lon="-4.811454" lat="36.636498"><ele>318.4</ele></trkpt>
   <trkpt lon="-4.812714" lat="36.636519"><ele>316.1</ele></trkpt>
   <trkpt lon="-4.813197" lat="36.636517"><ele>315.5</ele></trkpt>
   <trkpt lon="-4.813280" lat="36.636532"><ele>315.4</ele></trkpt>
   <trkpt lon="-4.813441" lat="36.636524"><ele>315.4</ele></trkpt>
   <trkpt lon="-4.813705" lat="36.636498"><ele>315.6</ele></trkpt>
   <trkpt lon="-4.813925" lat="36.636464"><ele>315.6</ele></trkpt>
   <trkpt lon="-4.814127" lat="36.636424"><ele>315.2</ele></trkpt>
   <trkpt lon="-4.814389" lat="36.636363"><ele>314.4</ele></trkpt>
   <trkpt lon="-4.814489" lat="36.636333"><ele>314.0</ele></trkpt>
   <trkpt lon="-4.814661" lat="36.636282"><ele>313.6</ele></trkpt>
   <trkpt lon="-4.814911" lat="36.636200"><ele>313.2</ele></trkpt>
   <trkpt lon="-4.815130" lat="36.636115"><ele>312.8</ele></trkpt>
   <trkpt lon="-4.815368" lat="36.635996"><ele>312.2</ele></trkpt>
   <trkpt lon="-4.815450" lat="36.635948"><ele>312.2</ele></trkpt>
   <trkpt lon="-4.815609" lat="36.635835"><ele>312.0</ele></trkpt>
   <trkpt lon="-4.815731" lat="36.635763"><ele>311.5</ele></trkpt>
   <trkpt lon="-4.815871" lat="36.635672"><ele>310.9</ele></trkpt>
   <trkpt lon="-4.816355" lat="36.635317"><ele>312.9</ele></trkpt>
   <trkpt lon="-4.816418" lat="36.635270"><ele>313.2</ele></trkpt>
   <trkpt lon="-4.817047" lat="36.634809"><ele>318.8</ele></trkpt>
   <trkpt lon="-4.817381" lat="36.634585"><ele>323.0</ele></trkpt>
   <trkpt lon="-4.817759" lat="36.634370"><ele>326.8</ele></trkpt>
   <trkpt lon="-4.818088" lat="36.634199"><ele>328.2</ele></trkpt>
   <trkpt lon="-4.818474" lat="36.634030"><ele>329.4</ele></trkpt>
   <trkpt lon="-4.818861" lat="36.633885"><ele>328.8</ele></trkpt>
   <trkpt lon="-4.819839" lat="36.633535"><ele>337.3</ele></trkpt>
   <trkpt lon="-4.820056" lat="36.633445"><ele>338.9</ele></trkpt>
   <trkpt lon="-4.820238" lat="36.633356"><ele>340.0</ele></trkpt>
   <trkpt lon="-4.820415" lat="36.633251"><ele>340.6</ele></trkpt>
   <trkpt lon="-4.820612" lat="36.633122"><ele>341.1</ele></trkpt>
   <trkpt lon="-4.820840" lat="36.632946"><ele>342.3</ele></trkpt>
   <trkpt lon="-4.821004" lat="36.632792"><ele>343.1</ele></trkpt>
   <trkpt lon="-4.821146" lat="36.632640"><ele>344.8</ele></trkpt>
   <trkpt lon="-4.821288" lat="36.632461"><ele>345.6</ele></trkpt>
   <trkpt lon="-4.821408" lat="36.632281"><ele>347.0</ele></trkpt>
   <trkpt lon="-4.821499" lat="36.632119"><ele>349.2</ele></trkpt>
   <trkpt lon="-4.821585" lat="36.631927"><ele>352.4</ele></trkpt>
   <trkpt lon="-4.821666" lat="36.631716"><ele>356.0</ele></trkpt>
   <trkpt lon="-4.821824" lat="36.631186"><ele>363.1</ele></trkpt>
   <trkpt lon="-4.821903" lat="36.630959"><ele>358.8</ele></trkpt>
   <trkpt lon="-4.821918" lat="36.630910"><ele>357.5</ele></trkpt>
   <trkpt lon="-4.821971" lat="36.630767"><ele>353.1</ele></trkpt>
   <trkpt lon="-4.822022" lat="36.630660"><ele>349.1</ele></trkpt>
   <trkpt lon="-4.822168" lat="36.630410"><ele>339.6</ele></trkpt>
   <trkpt lon="-4.822342" lat="36.630172"><ele>331.7</ele></trkpt>
   <trkpt lon="-4.822461" lat="36.630039"><ele>329.8</ele></trkpt>
   <trkpt lon="-4.822606" lat="36.629899"><ele>329.4</ele></trkpt>
   <trkpt lon="-4.822725" lat="36.629795"><ele>329.1</ele></trkpt>
   <trkpt lon="-4.822924" lat="36.629647"><ele>333.7</ele></trkpt>
   <trkpt lon="-4.823142" lat="36.629503"><ele>338.9</ele></trkpt>
   <trkpt lon="-4.823348" lat="36.629392"><ele>346.5</ele></trkpt>
   <trkpt lon="-4.823633" lat="36.629266"><ele>355.8</ele></trkpt>
   <trkpt lon="-4.823909" lat="36.629171"><ele>361.7</ele></trkpt>
   <trkpt lon="-4.824129" lat="36.629105"><ele>365.1</ele></trkpt>
   <trkpt lon="-4.824341" lat="36.629059"><ele>368.5</ele></trkpt>
   <trkpt lon="-4.824578" lat="36.629021"><ele>372.5</ele></trkpt>
   <trkpt lon="-4.824794" lat="36.628996"><ele>376.6</ele></trkpt>
   <trkpt lon="-4.825073" lat="36.628983"><ele>381.2</ele></trkpt>
   <trkpt lon="-4.825757" lat="36.628983"><ele>386.1</ele></trkpt>
   <trkpt lon="-4.825888" lat="36.628983"><ele>386.1</ele></trkpt>
   <trkpt lon="-4.826122" lat="36.628977"><ele>385.7</ele></trkpt>
   <trkpt lon="-4.826409" lat="36.628955"><ele>385.2</ele></trkpt>
   <trkpt lon="-4.826649" lat="36.628923"><ele>384.8</ele></trkpt>
   <trkpt lon="-4.826892" lat="36.628879"><ele>384.4</ele></trkpt>
   <trkpt lon="-4.827169" lat="36.628807"><ele>384.7</ele></trkpt>
   <trkpt lon="-4.827545" lat="36.628690"><ele>386.8</ele></trkpt>
   <trkpt lon="-4.827841" lat="36.628591"><ele>389.9</ele></trkpt>
   <trkpt lon="-4.828193" lat="36.628478"><ele>397.6</ele></trkpt>
   <trkpt lon="-4.828476" lat="36.628408"><ele>403.9</ele></trkpt>
   <trkpt lon="-4.828778" lat="36.628354"><ele>407.4</ele></trkpt>
   <trkpt lon="-4.829043" lat="36.628322"><ele>408.2</ele></trkpt>
   <trkpt lon="-4.830193" lat="36.628252"><ele>410.6</ele></trkpt>
   <trkpt lon="-4.830368" lat="36.628238"><ele>412.4</ele></trkpt>
   <trkpt lon="-4.830707" lat="36.628192"><ele>417.4</ele></trkpt>
   <trkpt lon="-4.831054" lat="36.628128"><ele>422.0</ele></trkpt>
   <trkpt lon="-4.831357" lat="36.628040"><ele>424.9</ele></trkpt>
   <trkpt lon="-4.831604" lat="36.627949"><ele>425.6</ele></trkpt>
   <trkpt lon="-4.831708" lat="36.627904"><ele>424.9</ele></trkpt>
   <trkpt lon="-4.832041" lat="36.627728"><ele>422.4</ele></trkpt>
   <trkpt lon="-4.832579" lat="36.627359"><ele>425.4</ele></trkpt>
   <trkpt lon="-4.833115" lat="36.626948"><ele>426.4</ele></trkpt>
   <trkpt lon="-4.833693" lat="36.626523"><ele>432.1</ele></trkpt>
   <trkpt lon="-4.834225" lat="36.626201"><ele>434.9</ele></trkpt>
   <trkpt lon="-4.834795" lat="36.625988"><ele>423.5</ele></trkpt>
   <trkpt lon="-4.835276" lat="36.625876"><ele>418.8</ele></trkpt>
   <trkpt lon="-4.837656" lat="36.625704"><ele>430.4</ele></trkpt>
   <trkpt lon="-4.838507" lat="36.625615"><ele>436.4</ele></trkpt>
   <trkpt lon="-4.839346" lat="36.625489"><ele>442.0</ele></trkpt>
   <trkpt lon="-4.839860" lat="36.625397"><ele>441.9</ele></trkpt>
   <trkpt lon="-4.840337" lat="36.625296"><ele>442.0</ele></trkpt>
   <trkpt lon="-4.840675" lat="36.625226"><ele>441.5</ele></trkpt>
   <trkpt lon="-4.840821" lat="36.625189"><ele>441.1</ele></trkpt>
   <trkpt lon="-4.841398" lat="36.625043"><ele>439.3</ele></trkpt>
   <trkpt lon="-4.842149" lat="36.624829"><ele>438.6</ele></trkpt>
   <trkpt lon="-4.842749" lat="36.624630"><ele>437.2</ele></trkpt>
   <trkpt lon="-4.843466" lat="36.624367"><ele>440.5</ele></trkpt>
   <trkpt lon="-4.844126" lat="36.624099"><ele>444.6</ele></trkpt>
   <trkpt lon="-4.844588" lat="36.623897"><ele>448.6</ele></trkpt>
   <trkpt lon="-4.845003" lat="36.623694"><ele>452.3</ele></trkpt>
   <trkpt lon="-4.845350" lat="36.623526"><ele>455.5</ele></trkpt>
   <trkpt lon="-4.845549" lat="36.623425"><ele>457.6</ele></trkpt>
   <trkpt lon="-4.846246" lat="36.623032"><ele>462.9</ele></trkpt>
   <trkpt lon="-4.847026" lat="36.622546"><ele>468.3</ele></trkpt>
   <trkpt lon="-4.847937" lat="36.621898"><ele>473.0</ele></trkpt>
   <trkpt lon="-4.848487" lat="36.621444"><ele>474.6</ele></trkpt>
   <trkpt lon="-4.849699" lat="36.620386"><ele>444.0</ele></trkpt>
   <trkpt lon="-4.850059" lat="36.619998"><ele>439.7</ele></trkpt>
   <trkpt lon="-4.850139" lat="36.619896"><ele>438.6</ele></trkpt>
   <trkpt lon="-4.850218" lat="36.619781"><ele>438.2</ele></trkpt>
   <trkpt lon="-4.850326" lat="36.619585"><ele>438.4</ele></trkpt>
   <trkpt lon="-4.850402" lat="36.619371"><ele>441.7</ele></trkpt>
   <trkpt lon="-4.850438" lat="36.619220"><ele>444.1</ele></trkpt>
   <trkpt lon="-4.850456" lat="36.619073"><ele>446.0</ele></trkpt>
   <trkpt lon="-4.850453" lat="36.618760"><ele>448.2</ele></trkpt>
   <trkpt lon="-4.850406" lat="36.618566"><ele>447.6</ele></trkpt>
   <trkpt lon="-4.850261" lat="36.618199"><ele>431.4</ele></trkpt>
   <trkpt lon="-4.850118" lat="36.617953"><ele>420.9</ele></trkpt>
   <trkpt lon="-4.849923" lat="36.617608"><ele>416.7</ele></trkpt>
   <trkpt lon="-4.849856" lat="36.617471"><ele>416.3</ele></trkpt>
   <trkpt lon="-4.849791" lat="36.617308"><ele>419.0</ele></trkpt>
   <trkpt lon="-4.849748" lat="36.617162"><ele>420.9</ele></trkpt>
   <trkpt lon="-4.849720" lat="36.617009"><ele>422.2</ele></trkpt>
   <trkpt lon="-4.849709" lat="36.616851"><ele>423.8</ele></trkpt>
   <trkpt lon="-4.849710" lat="36.616705"><ele>424.1</ele></trkpt>
   <trkpt lon="-4.849726" lat="36.616554"><ele>424.3</ele></trkpt>
   <trkpt lon="-4.849857" lat="36.615815"><ele>425.3</ele></trkpt>
   <trkpt lon="-4.849868" lat="36.615650"><ele>427.8</ele></trkpt>
   <trkpt lon="-4.849856" lat="36.615470"><ele>430.7</ele></trkpt>
   <trkpt lon="-4.849824" lat="36.615251"><ele>434.3</ele></trkpt>
   <trkpt lon="-4.849770" lat="36.615036"><ele>436.0</ele></trkpt>
   <trkpt lon="-4.849620" lat="36.614477"><ele>433.5</ele></trkpt>
   <trkpt lon="-4.849600" lat="36.614346"><ele>434.0</ele></trkpt>
   <trkpt lon="-4.849589" lat="36.614071"><ele>434.6</ele></trkpt>
   <trkpt lon="-4.849607" lat="36.613801"><ele>434.7</ele></trkpt>
   <trkpt lon="-4.849744" lat="36.612613"><ele>441.3</ele></trkpt>
   <trkpt lon="-4.849782" lat="36.612414"><ele>444.6</ele></trkpt>
   <trkpt lon="-4.849823" lat="36.612261"><ele>446.5</ele></trkpt>
   <trkpt lon="-4.849880" lat="36.612096"><ele>448.2</ele></trkpt>
   <trkpt lon="-4.849985" lat="36.611877"><ele>448.6</ele></trkpt>
   <trkpt lon="-4.850096" lat="36.611690"><ele>448.6</ele></trkpt>
   <trkpt lon="-4.850243" lat="36.611477"><ele>447.1</ele></trkpt>
   <trkpt lon="-4.850823" lat="36.610806"><ele>449.0</ele></trkpt>
   <trkpt lon="-4.851004" lat="36.610541"><ele>450.6</ele></trkpt>
   <trkpt lon="-4.851107" lat="36.610349"><ele>449.2</ele></trkpt>
   <trkpt lon="-4.851172" lat="36.610162"><ele>448.7</ele></trkpt>
   <trkpt lon="-4.851210" lat="36.609988"><ele>448.5</ele></trkpt>
   <trkpt lon="-4.851220" lat="36.609892"><ele>449.8</ele></trkpt>
   <trkpt lon="-4.851224" lat="36.609770"><ele>451.4</ele></trkpt>
   <trkpt lon="-4.851211" lat="36.609531"><ele>455.1</ele></trkpt>
   <trkpt lon="-4.851187" lat="36.609406"><ele>457.3</ele></trkpt>
   <trkpt lon="-4.851149" lat="36.609265"><ele>459.9</ele></trkpt>
   <trkpt lon="-4.851061" lat="36.609058"><ele>463.5</ele></trkpt>
   <trkpt lon="-4.850992" lat="36.608903"><ele>465.7</ele></trkpt>
   <trkpt lon="-4.850921" lat="36.608764"><ele>466.9</ele></trkpt>
   <trkpt lon="-4.850711" lat="36.608298"><ele>468.7</ele></trkpt>
   <trkpt lon="-4.850669" lat="36.608189"><ele>468.5</ele></trkpt>
   <trkpt lon="-4.850634" lat="36.608060"><ele>468.3</ele></trkpt>
   <trkpt lon="-4.850575" lat="36.607790"><ele>467.9</ele></trkpt>
   <trkpt lon="-4.850555" lat="36.607622"><ele>467.6</ele></trkpt>
   <trkpt lon="-4.850555" lat="36.607430"><ele>468.0</ele></trkpt>
   <trkpt lon="-4.850567" lat="36.607264"><ele>468.7</ele></trkpt>
   <trkpt lon="-4.850595" lat="36.607069"><ele>469.7</ele></trkpt>
   <trkpt lon="-4.850631" lat="36.606899"><ele>470.7</ele></trkpt>
   <trkpt lon="-4.850688" lat="36.606726"><ele>471.6</ele></trkpt>
   <trkpt lon="-4.850823" lat="36.606419"><ele>472.5</ele></trkpt>
   <trkpt lon="-4.851058" lat="36.605919"><ele>474.0</ele></trkpt>
   <trkpt lon="-4.851179" lat="36.605669"><ele>471.0</ele></trkpt>
   <trkpt lon="-4.852229" lat="36.603489"><ele>471.1</ele></trkpt>
   <trkpt lon="-4.852705" lat="36.602519"><ele>474.4</ele></trkpt>
   <trkpt lon="-4.852843" lat="36.602196"><ele>472.2</ele></trkpt>
   <trkpt lon="-4.852961" lat="36.601872"><ele>472.3</ele></trkpt>
   <trkpt lon="-4.852925" lat="36.601860"><ele>471.5</ele></trkpt>
   <trkpt lon="-4.852896" lat="36.601838"><ele>470.9</ele></trkpt>
   <trkpt lon="-4.852877" lat="36.601809"><ele>470.3</ele></trkpt>
   <trkpt lon="-4.852871" lat="36.601777"><ele>470.1</ele></trkpt>
   <trkpt lon="-4.852878" lat="36.601746"><ele>470.1</ele></trkpt>
   <trkpt lon="-4.852895" lat="36.601427"><ele>469.9</ele></trkpt>
   <trkpt lon="-4.852933" lat="36.601116"><ele>472.3</ele></trkpt>
   <trkpt lon="-4.852954" lat="36.600817"><ele>475.5</ele></trkpt>
   <trkpt lon="-4.852972" lat="36.600579"><ele>477.8</ele></trkpt>
   <trkpt lon="-4.852922" lat="36.600313"><ele>479.0</ele></trkpt>
   <trkpt lon="-4.852930" lat="36.600177"><ele>479.3</ele></trkpt>
   <trkpt lon="-4.852986" lat="36.599988"><ele>479.5</ele></trkpt>
   <trkpt lon="-4.853017" lat="36.599836"><ele>478.9</ele></trkpt>
   <trkpt lon="-4.853074" lat="36.599210"><ele>481.2</ele></trkpt>
   <trkpt lon="-4.853094" lat="36.598850"><ele>484.1</ele></trkpt>
   <trkpt lon="-4.853142" lat="36.598066"><ele>488.1</ele></trkpt>
   <trkpt lon="-4.853182" lat="36.597650"><ele>491.6</ele></trkpt>
   <trkpt lon="-4.853218" lat="36.597371"><ele>493.2</ele></trkpt>
   <trkpt lon="-4.853285" lat="36.597278"><ele>493.6</ele></trkpt>
   <trkpt lon="-4.853289" lat="36.596030"><ele>492.4</ele></trkpt>
   <trkpt lon="-4.853304" lat="36.595785"><ele>491.6</ele></trkpt>
   <trkpt lon="-4.853326" lat="36.595481"><ele>491.1</ele></trkpt>
   <trkpt lon="-4.853424" lat="36.594648"><ele>492.6</ele></trkpt>
   <trkpt lon="-4.853436" lat="36.594451"><ele>494.2</ele></trkpt>
   <trkpt lon="-4.853433" lat="36.594154"><ele>497.2</ele></trkpt>
   <trkpt lon="-4.853403" lat="36.593809"><ele>500.1</ele></trkpt>
   <trkpt lon="-4.853319" lat="36.593441"><ele>500.4</ele></trkpt>
   <trkpt lon="-4.853260" lat="36.593261"><ele>499.2</ele></trkpt>
   <trkpt lon="-4.853196" lat="36.593090"><ele>499.3</ele></trkpt>
   <trkpt lon="-4.853088" lat="36.592838"><ele>499.5</ele></trkpt>
   <trkpt lon="-4.852956" lat="36.592592"><ele>500.5</ele></trkpt>
   <trkpt lon="-4.852768" lat="36.592293"><ele>501.2</ele></trkpt>
   <trkpt lon="-4.852745" lat="36.592213"><ele>501.9</ele></trkpt>
   <trkpt lon="-4.852656" lat="36.592069"><ele>502.5</ele></trkpt>
   <trkpt lon="-4.852498" lat="36.591813"><ele>503.4</ele></trkpt>
   <trkpt lon="-4.852315" lat="36.591499"><ele>504.0</ele></trkpt>
   <trkpt lon="-4.852210" lat="36.591277"><ele>504.3</ele></trkpt>
   <trkpt lon="-4.852097" lat="36.590994"><ele>505.0</ele></trkpt>
   <trkpt lon="-4.852025" lat="36.590775"><ele>506.2</ele></trkpt>
   <trkpt lon="-4.851979" lat="36.590536"><ele>507.6</ele></trkpt>
   <trkpt lon="-4.851953" lat="36.590462"><ele>507.8</ele></trkpt>
   <trkpt lon="-4.851959" lat="36.590182"><ele>509.5</ele></trkpt>
   <trkpt lon="-4.852048" lat="36.589305"><ele>515.2</ele></trkpt>
   <trkpt lon="-4.852070" lat="36.589031"><ele>517.5</ele></trkpt>
   <trkpt lon="-4.852074" lat="36.587984"><ele>520.8</ele></trkpt>
   <trkpt lon="-4.852109" lat="36.587594"><ele>524.5</ele></trkpt>
   <trkpt lon="-4.852174" lat="36.587210"><ele>528.9</ele></trkpt>
   <trkpt lon="-4.852388" lat="36.586536"><ele>534.5</ele></trkpt>
   <trkpt lon="-4.852423" lat="36.586495"><ele>534.4</ele></trkpt>
   <trkpt lon="-4.852552" lat="36.586093"><ele>542.6</ele></trkpt>
   <trkpt lon="-4.852584" lat="36.585981"><ele>544.6</ele></trkpt>
   <trkpt lon="-4.852620" lat="36.585791"><ele>547.5</ele></trkpt>
   <trkpt lon="-4.852667" lat="36.585539"><ele>548.9</ele></trkpt>
   <trkpt lon="-4.852695" lat="36.585299"><ele>550.0</ele></trkpt>
   <trkpt lon="-4.852709" lat="36.585058"><ele>551.6</ele></trkpt>
   <trkpt lon="-4.852709" lat="36.584816"><ele>554.3</ele></trkpt>
   <trkpt lon="-4.852686" lat="36.584508"><ele>557.5</ele></trkpt>
   <trkpt lon="-4.852660" lat="36.584405"><ele>558.7</ele></trkpt>
   <trkpt lon="-4.852631" lat="36.583992"><ele>559.5</ele></trkpt>
   <trkpt lon="-4.852630" lat="36.583839"><ele>558.9</ele></trkpt>
   <trkpt lon="-4.852643" lat="36.583673"><ele>557.9</ele></trkpt>
   <trkpt lon="-4.852688" lat="36.583385"><ele>551.8</ele></trkpt>
   <trkpt lon="-4.852717" lat="36.583324"><ele>551.0</ele></trkpt>
   <trkpt lon="-4.852799" lat="36.582924"><ele>547.9</ele></trkpt>
   <trkpt lon="-4.852778" lat="36.582841"><ele>547.7</ele></trkpt>
   <trkpt lon="-4.852783" lat="36.582790"><ele>548.0</ele></trkpt>
   <trkpt lon="-4.852779" lat="36.582766"><ele>547.9</ele></trkpt>
   <trkpt lon="-4.852766" lat="36.582751"><ele>547.6</ele></trkpt>
   <trkpt lon="-4.852753" lat="36.582741"><ele>547.2</ele></trkpt>
   <trkpt lon="-4.852712" lat="36.582722"><ele>545.8</ele></trkpt>
   <trkpt lon="-4.852630" lat="36.582717"><ele>542.8</ele></trkpt>
   <trkpt lon="-4.852551" lat="36.582744"><ele>540.0</ele></trkpt>
   <trkpt lon="-4.852457" lat="36.582696"><ele>536.3</ele></trkpt>
   <trkpt lon="-4.852414" lat="36.582661"><ele>534.3</ele></trkpt>
   <trkpt lon="-4.852376" lat="36.582612"><ele>532.1</ele></trkpt>
   <trkpt lon="-4.852355" lat="36.582573"><ele>530.8</ele></trkpt>
   <trkpt lon="-4.852356" lat="36.582506"><ele>530.1</ele></trkpt>
   <trkpt lon="-4.852374" lat="36.582438"><ele>530.3</ele></trkpt>
   <trkpt lon="-4.852414" lat="36.582358"><ele>531.6</ele></trkpt>
   <trkpt lon="-4.852557" lat="36.582134"><ele>535.3</ele></trkpt>
   <trkpt lon="-4.852576" lat="36.582063"><ele>535.5</ele></trkpt>
   <trkpt lon="-4.852574" lat="36.582004"><ele>535.1</ele></trkpt>
   <trkpt lon="-4.852546" lat="36.581941"><ele>534.2</ele></trkpt>
   <trkpt lon="-4.852378" lat="36.581700"><ele>529.1</ele></trkpt>
   <trkpt lon="-4.852330" lat="36.581617"><ele>527.6</ele></trkpt>
   <trkpt lon="-4.852291" lat="36.581501"><ele>526.4</ele></trkpt>
   <trkpt lon="-4.852217" lat="36.581207"><ele>525.7</ele></trkpt>
   <trkpt lon="-4.852191" lat="36.581126"><ele>526.0</ele></trkpt>
   <trkpt lon="-4.852131" lat="36.580995"><ele>526.0</ele></trkpt>
   <trkpt lon="-4.852076" lat="36.580922"><ele>525.1</ele></trkpt>
   <trkpt lon="-4.852003" lat="36.580849"><ele>523.4</ele></trkpt>
   <trkpt lon="-4.851560" lat="36.580468"><ele>512.9</ele></trkpt>
   <trkpt lon="-4.851517" lat="36.580400"><ele>511.6</ele></trkpt>
   <trkpt lon="-4.851511" lat="36.580345"><ele>511.3</ele></trkpt>
   <trkpt lon="-4.851527" lat="36.580278"><ele>511.5</ele></trkpt>
   <trkpt lon="-4.851574" lat="36.580219"><ele>510.0</ele></trkpt>
   <trkpt lon="-4.851638" lat="36.580185"><ele>509.5</ele></trkpt>
   <trkpt lon="-4.851726" lat="36.580170"><ele>510.1</ele></trkpt>
   <trkpt lon="-4.851846" lat="36.580169"><ele>510.3</ele></trkpt>
   <trkpt lon="-4.851951" lat="36.580192"><ele>511.7</ele></trkpt>
   <trkpt lon="-4.852048" lat="36.580233"><ele>514.3</ele></trkpt>
   <trkpt lon="-4.852137" lat="36.580291"><ele>517.0</ele></trkpt>
   <trkpt lon="-4.852258" lat="36.580419"><ele>521.4</ele></trkpt>
   <trkpt lon="-4.852328" lat="36.580474"><ele>523.7</ele></trkpt>
   <trkpt lon="-4.852387" lat="36.580512"><ele>525.5</ele></trkpt>
   <trkpt lon="-4.852480" lat="36.580526"><ele>525.4</ele></trkpt>
   <trkpt lon="-4.852562" lat="36.580517"><ele>524.0</ele></trkpt>
   <trkpt lon="-4.852617" lat="36.580487"><ele>521.9</ele></trkpt>
   <trkpt lon="-4.852657" lat="36.580444"><ele>519.5</ele></trkpt>
   <trkpt lon="-4.852679" lat="36.580381"><ele>516.3</ele></trkpt>
   <trkpt lon="-4.852667" lat="36.580313"><ele>513.3</ele></trkpt>
   <trkpt lon="-4.852621" lat="36.580260"><ele>511.3</ele></trkpt>
   <trkpt lon="-4.852551" lat="36.580228"><ele>510.2</ele></trkpt>
   <trkpt lon="-4.852450" lat="36.580196"><ele>509.0</ele></trkpt>
   <trkpt lon="-4.851955" lat="36.580072"><ele>504.6</ele></trkpt>
   <trkpt lon="-4.851396" lat="36.579937"><ele>497.9</ele></trkpt>
   <trkpt lon="-4.851310" lat="36.579927"><ele>495.4</ele></trkpt>
   <trkpt lon="-4.851233" lat="36.579925"><ele>493.9</ele></trkpt>
   <trkpt lon="-4.851151" lat="36.579938"><ele>492.8</ele></trkpt>
   <trkpt lon="-4.851071" lat="36.579968"><ele>491.7</ele></trkpt>
   <trkpt lon="-4.851012" lat="36.580016"><ele>490.5</ele></trkpt>
   <trkpt lon="-4.850974" lat="36.580065"><ele>489.8</ele></trkpt>
   <trkpt lon="-4.850942" lat="36.580128"><ele>489.3</ele></trkpt>
   <trkpt lon="-4.850914" lat="36.580250"><ele>489.7</ele></trkpt>
   <trkpt lon="-4.850925" lat="36.580312"><ele>490.3</ele></trkpt>
   <trkpt lon="-4.850956" lat="36.580361"><ele>491.3</ele></trkpt>
   <trkpt lon="-4.851119" lat="36.580548"><ele>496.9</ele></trkpt>
   <trkpt lon="-4.851155" lat="36.580610"><ele>497.9</ele></trkpt>
   <trkpt lon="-4.851170" lat="36.580669"><ele>497.8</ele></trkpt>
   <trkpt lon="-4.851170" lat="36.580723"><ele>497.2</ele></trkpt>
   <trkpt lon="-4.851146" lat="36.580776"><ele>495.8</ele></trkpt>
   <trkpt lon="-4.851097" lat="36.580812"><ele>493.9</ele></trkpt>
   <trkpt lon="-4.851022" lat="36.580836"><ele>491.3</ele></trkpt>
   <trkpt lon="-4.850942" lat="36.580828"><ele>488.6</ele></trkpt>
   <trkpt lon="-4.850867" lat="36.580802"><ele>485.9</ele></trkpt>
   <trkpt lon="-4.850807" lat="36.580763"><ele>483.5</ele></trkpt>
   <trkpt lon="-4.850769" lat="36.580703"><ele>481.7</ele></trkpt>
   <trkpt lon="-4.850751" lat="36.580638"><ele>480.4</ele></trkpt>
   <trkpt lon="-4.850636" lat="36.580195"><ele>477.1</ele></trkpt>
   <trkpt lon="-4.850587" lat="36.579956"><ele>474.3</ele></trkpt>
   <trkpt lon="-4.850583" lat="36.579881"><ele>472.4</ele></trkpt>
   <trkpt lon="-4.850597" lat="36.579814"><ele>470.8</ele></trkpt>
   <trkpt lon="-4.850653" lat="36.579697"><ele>468.6</ele></trkpt>
   <trkpt lon="-4.850697" lat="36.579641"><ele>467.9</ele></trkpt>
   <trkpt lon="-4.850751" lat="36.579597"><ele>467.7</ele></trkpt>
   <trkpt lon="-4.850820" lat="36.579560"><ele>467.3</ele></trkpt>
   <trkpt lon="-4.850887" lat="36.579539"><ele>467.6</ele></trkpt>
   <trkpt lon="-4.851055" lat="36.579515"><ele>469.3</ele></trkpt>
   <trkpt lon="-4.851276" lat="36.579519"><ele>471.9</ele></trkpt>
   <trkpt lon="-4.851471" lat="36.579543"><ele>474.9</ele></trkpt>
   <trkpt lon="-4.851544" lat="36.579542"><ele>475.2</ele></trkpt>
   <trkpt lon="-4.851613" lat="36.579528"><ele>475.3</ele></trkpt>
   <trkpt lon="-4.851660" lat="36.579500"><ele>474.6</ele></trkpt>
   <trkpt lon="-4.851687" lat="36.579472"><ele>474.1</ele></trkpt>
   <trkpt lon="-4.851762" lat="36.579364"><ele>472.4</ele></trkpt>
   <trkpt lon="-4.851782" lat="36.579311"><ele>471.8</ele></trkpt>
   <trkpt lon="-4.851784" lat="36.579265"><ele>470.9</ele></trkpt>
   <trkpt lon="-4.851764" lat="36.579212"><ele>469.5</ele></trkpt>
   <trkpt lon="-4.851736" lat="36.579167"><ele>468.2</ele></trkpt>
   <trkpt lon="-4.851568" lat="36.578937"><ele>461.0</ele></trkpt>
   <trkpt lon="-4.851531" lat="36.578876"><ele>459.3</ele></trkpt>
   <trkpt lon="-4.851509" lat="36.578815"><ele>458.1</ele></trkpt>
   <trkpt lon="-4.851497" lat="36.578754"><ele>457.3</ele></trkpt>
   <trkpt lon="-4.851487" lat="36.578625"><ele>456.2</ele></trkpt>
   <trkpt lon="-4.851503" lat="36.577622"><ele>457.3</ele></trkpt>
   <trkpt lon="-4.851492" lat="36.577555"><ele>456.4</ele></trkpt>
   <trkpt lon="-4.851470" lat="36.577502"><ele>454.5</ele></trkpt>
   <trkpt lon="-4.851420" lat="36.577460"><ele>451.3</ele></trkpt>
   <trkpt lon="-4.851348" lat="36.577430"><ele>447.1</ele></trkpt>
   <trkpt lon="-4.851267" lat="36.577419"><ele>442.6</ele></trkpt>
   <trkpt lon="-4.851198" lat="36.577430"><ele>439.3</ele></trkpt>
   <trkpt lon="-4.851138" lat="36.577461"><ele>436.9</ele></trkpt>
   <trkpt lon="-4.851078" lat="36.577539"><ele>435.6</ele></trkpt>
   <trkpt lon="-4.851064" lat="36.577612"><ele>436.3</ele></trkpt>
   <trkpt lon="-4.851093" lat="36.578648"><ele>444.7</ele></trkpt>
   <trkpt lon="-4.851087" lat="36.578716"><ele>445.4</ele></trkpt>
   <trkpt lon="-4.851064" lat="36.578790"><ele>445.6</ele></trkpt>
   <trkpt lon="-4.851022" lat="36.578847"><ele>445.4</ele></trkpt>
   <trkpt lon="-4.850972" lat="36.578883"><ele>445.0</ele></trkpt>
   <trkpt lon="-4.850909" lat="36.578903"><ele>444.1</ele></trkpt>
   <trkpt lon="-4.850840" lat="36.578907"><ele>443.0</ele></trkpt>
   <trkpt lon="-4.850771" lat="36.578897"><ele>441.5</ele></trkpt>
   <trkpt lon="-4.850712" lat="36.578878"><ele>439.9</ele></trkpt>
   <trkpt lon="-4.850656" lat="36.578843"><ele>437.8</ele></trkpt>
   <trkpt lon="-4.850611" lat="36.578797"><ele>435.6</ele></trkpt>
   <trkpt lon="-4.850580" lat="36.578740"><ele>433.4</ele></trkpt>
   <trkpt lon="-4.850570" lat="36.578690"><ele>431.9</ele></trkpt>
   <trkpt lon="-4.850577" lat="36.578635"><ele>430.8</ele></trkpt>
   <trkpt lon="-4.850690" lat="36.578322"><ele>429.9</ele></trkpt>
   <trkpt lon="-4.850702" lat="36.578282"><ele>429.8</ele></trkpt>
   <trkpt lon="-4.850706" lat="36.578227"><ele>429.5</ele></trkpt>
   <trkpt lon="-4.850692" lat="36.578086"><ele>427.4</ele></trkpt>
   <trkpt lon="-4.850609" lat="36.577785"><ele>420.6</ele></trkpt>
   <trkpt lon="-4.850600" lat="36.577674"><ele>418.3</ele></trkpt>
   <trkpt lon="-4.850607" lat="36.577589"><ele>417.0</ele></trkpt>
   <trkpt lon="-4.850781" lat="36.577079"><ele>411.1</ele></trkpt>
   <trkpt lon="-4.850913" lat="36.576357"><ele>408.1</ele></trkpt>
   <trkpt lon="-4.850939" lat="36.576227"><ele>407.0</ele></trkpt>
   <trkpt lon="-4.850967" lat="36.576147"><ele>406.9</ele></trkpt>
   <trkpt lon="-4.851008" lat="36.576078"><ele>407.6</ele></trkpt>
   <trkpt lon="-4.851083" lat="36.576012"><ele>409.0</ele></trkpt>
   <trkpt lon="-4.851216" lat="36.575919"><ele>410.8</ele></trkpt>
   <trkpt lon="-4.851287" lat="36.575846"><ele>411.1</ele></trkpt>
   <trkpt lon="-4.851328" lat="36.575779"><ele>411.8</ele></trkpt>
   <trkpt lon="-4.851344" lat="36.575727"><ele>412.2</ele></trkpt>
   <trkpt lon="-4.851339" lat="36.575639"><ele>412.3</ele></trkpt>
   <trkpt lon="-4.851308" lat="36.575556"><ele>411.9</ele></trkpt>
   <trkpt lon="-4.851240" lat="36.575490"><ele>410.7</ele></trkpt>
   <trkpt lon="-4.850977" lat="36.575334"><ele>406.9</ele></trkpt>
   <trkpt lon="-4.850890" lat="36.575264"><ele>406.2</ele></trkpt>
   <trkpt lon="-4.850786" lat="36.575152"><ele>406.0</ele></trkpt>
   <trkpt lon="-4.850711" lat="36.575097"><ele>404.7</ele></trkpt>
   <trkpt lon="-4.850504" lat="36.575042"><ele>399.5</ele></trkpt>
   <trkpt lon="-4.850381" lat="36.574998"><ele>396.5</ele></trkpt>
   <trkpt lon="-4.850321" lat="36.574956"><ele>395.2</ele></trkpt>
   <trkpt lon="-4.850275" lat="36.574891"><ele>394.3</ele></trkpt>
   <trkpt lon="-4.850254" lat="36.574826"><ele>394.0</ele></trkpt>
   <trkpt lon="-4.850229" lat="36.574640"><ele>394.5</ele></trkpt>
   <trkpt lon="-4.850196" lat="36.574556"><ele>394.2</ele></trkpt>
   <trkpt lon="-4.850157" lat="36.574494"><ele>393.6</ele></trkpt>
   <trkpt lon="-4.849929" lat="36.574282"><ele>388.8</ele></trkpt>
   <trkpt lon="-4.849879" lat="36.574211"><ele>387.9</ele></trkpt>
   <trkpt lon="-4.849827" lat="36.574112"><ele>387.4</ele></trkpt>
   <trkpt lon="-4.849786" lat="36.573970"><ele>389.2</ele></trkpt>
   <trkpt lon="-4.849742" lat="36.573878"><ele>389.7</ele></trkpt>
   <trkpt lon="-4.849684" lat="36.573814"><ele>389.3</ele></trkpt>
   <trkpt lon="-4.849619" lat="36.573766"><ele>388.5</ele></trkpt>
   <trkpt lon="-4.849546" lat="36.573719"><ele>387.4</ele></trkpt>
   <trkpt lon="-4.849280" lat="36.573601"><ele>382.0</ele></trkpt>
   <trkpt lon="-4.849116" lat="36.573469"><ele>378.9</ele></trkpt>
   <trkpt lon="-4.848866" lat="36.573060"><ele>375.5</ele></trkpt>
   <trkpt lon="-4.848702" lat="36.572681"><ele>376.9</ele></trkpt>
   <trkpt lon="-4.848579" lat="36.572547"><ele>379.1</ele></trkpt>
   <trkpt lon="-4.848445" lat="36.572445"><ele>378.2</ele></trkpt>
   <trkpt lon="-4.848338" lat="36.572392"><ele>375.7</ele></trkpt>
   <trkpt lon="-4.848199" lat="36.572352"><ele>370.9</ele></trkpt>
   <trkpt lon="-4.848094" lat="36.572299"><ele>367.9</ele></trkpt>
   <trkpt lon="-4.848002" lat="36.572231"><ele>365.8</ele></trkpt>
   <trkpt lon="-4.847831" lat="36.572084"><ele>360.7</ele></trkpt>
   <trkpt lon="-4.847762" lat="36.572012"><ele>358.3</ele></trkpt>
   <trkpt lon="-4.847397" lat="36.571492"><ele>343.0</ele></trkpt>
   <trkpt lon="-4.847367" lat="36.571432"><ele>341.3</ele></trkpt>
   <trkpt lon="-4.847351" lat="36.571372"><ele>339.5</ele></trkpt>
   <trkpt lon="-4.847350" lat="36.571318"><ele>337.9</ele></trkpt>
   <trkpt lon="-4.847370" lat="36.571256"><ele>337.0</ele></trkpt>
   <trkpt lon="-4.847404" lat="36.571199"><ele>337.0</ele></trkpt>
   <trkpt lon="-4.847579" lat="36.570994"><ele>339.1</ele></trkpt>
   <trkpt lon="-4.847664" lat="36.570868"><ele>338.5</ele></trkpt>
   <trkpt lon="-4.847741" lat="36.570736"><ele>337.5</ele></trkpt>
   <trkpt lon="-4.847863" lat="36.570439"><ele>330.6</ele></trkpt>
   <trkpt lon="-4.847910" lat="36.570356"><ele>329.0</ele></trkpt>
   <trkpt lon="-4.847967" lat="36.570289"><ele>328.0</ele></trkpt>
   <trkpt lon="-4.848220" lat="36.570070"><ele>327.8</ele></trkpt>
   <trkpt lon="-4.848391" lat="36.569933"><ele>326.7</ele></trkpt>
   <trkpt lon="-4.848496" lat="36.569882"><ele>326.9</ele></trkpt>
   <trkpt lon="-4.848604" lat="36.569856"><ele>329.3</ele></trkpt>
   <trkpt lon="-4.848840" lat="36.569846"><ele>336.6</ele></trkpt>
   <trkpt lon="-4.848948" lat="36.569831"><ele>338.8</ele></trkpt>
   <trkpt lon="-4.849061" lat="36.569797"><ele>340.1</ele></trkpt>
   <trkpt lon="-4.849164" lat="36.569722"><ele>339.5</ele></trkpt>
   <trkpt lon="-4.849219" lat="36.569640"><ele>339.2</ele></trkpt>
   <trkpt lon="-4.849227" lat="36.569564"><ele>337.9</ele></trkpt>
   <trkpt lon="-4.849159" lat="36.569194"><ele>323.6</ele></trkpt>
   <trkpt lon="-4.849171" lat="36.569114"><ele>321.4</ele></trkpt>
   <trkpt lon="-4.849207" lat="36.569042"><ele>320.8</ele></trkpt>
   <trkpt lon="-4.849261" lat="36.568982"><ele>320.9</ele></trkpt>
   <trkpt lon="-4.849345" lat="36.568922"><ele>322.0</ele></trkpt>
   <trkpt lon="-4.849495" lat="36.568838"><ele>323.6</ele></trkpt>
   <trkpt lon="-4.849699" lat="36.568752"><ele>327.0</ele></trkpt>
   <trkpt lon="-4.849883" lat="36.568656"><ele>326.6</ele></trkpt>
   <trkpt lon="-4.850083" lat="36.568528"><ele>324.6</ele></trkpt>
   <trkpt lon="-4.850182" lat="36.568482"><ele>324.2</ele></trkpt>
   <trkpt lon="-4.850295" lat="36.568470"><ele>326.2</ele></trkpt>
   <trkpt lon="-4.850557" lat="36.568477"><ele>331.0</ele></trkpt>
   <trkpt lon="-4.850641" lat="36.568462"><ele>331.1</ele></trkpt>
   <trkpt lon="-4.850784" lat="36.568371"><ele>328.4</ele></trkpt>
   <trkpt lon="-4.850836" lat="36.568308"><ele>326.9</ele></trkpt>
   <trkpt lon="-4.850904" lat="36.568071"><ele>319.7</ele></trkpt>
   <trkpt lon="-4.850955" lat="36.567929"><ele>316.5</ele></trkpt>
   <trkpt lon="-4.851065" lat="36.567745"><ele>314.5</ele></trkpt>
   <trkpt lon="-4.851127" lat="36.567669"><ele>314.3</ele></trkpt>
   <trkpt lon="-4.851217" lat="36.567591"><ele>314.7</ele></trkpt>
   <trkpt lon="-4.851330" lat="36.567520"><ele>315.8</ele></trkpt>
   <trkpt lon="-4.851452" lat="36.567463"><ele>317.2</ele></trkpt>
   <trkpt lon="-4.851584" lat="36.567407"><ele>317.9</ele></trkpt>
   <trkpt lon="-4.851705" lat="36.567370"><ele>318.9</ele></trkpt>
   <trkpt lon="-4.851848" lat="36.567337"><ele>319.8</ele></trkpt>
   <trkpt lon="-4.852073" lat="36.567321"><ele>322.9</ele></trkpt>
   <trkpt lon="-4.852224" lat="36.567292"><ele>322.9</ele></trkpt>
   <trkpt lon="-4.852363" lat="36.567276"><ele>323.8</ele></trkpt>
   <trkpt lon="-4.852465" lat="36.567279"><ele>325.2</ele></trkpt>
   <trkpt lon="-4.852583" lat="36.567295"><ele>327.0</ele></trkpt>
   <trkpt lon="-4.852718" lat="36.567336"><ele>330.6</ele></trkpt>
   <trkpt lon="-4.852764" lat="36.567340"><ele>331.2</ele></trkpt>
   <trkpt lon="-4.852821" lat="36.567336"><ele>331.7</ele></trkpt>
   <trkpt lon="-4.852868" lat="36.567320"><ele>331.4</ele></trkpt>
   <trkpt lon="-4.852974" lat="36.567231"><ele>331.2</ele></trkpt>
   <trkpt lon="-4.853012" lat="36.567160"><ele>331.4</ele></trkpt>
   <trkpt lon="-4.853019" lat="36.567091"><ele>331.1</ele></trkpt>
   <trkpt lon="-4.853003" lat="36.567019"><ele>330.0</ele></trkpt>
   <trkpt lon="-4.852753" lat="36.566520"><ele>321.5</ele></trkpt>
   <trkpt lon="-4.852637" lat="36.566142"><ele>315.4</ele></trkpt>
   <trkpt lon="-4.852626" lat="36.566064"><ele>314.4</ele></trkpt>
   <trkpt lon="-4.852635" lat="36.565982"><ele>314.2</ele></trkpt>
   <trkpt lon="-4.852766" lat="36.565739"><ele>315.3</ele></trkpt>
   <trkpt lon="-4.852838" lat="36.565593"><ele>315.4</ele></trkpt>
   <trkpt lon="-4.852899" lat="36.565438"><ele>317.2</ele></trkpt>
   <trkpt lon="-4.852967" lat="36.565221"><ele>317.6</ele></trkpt>
   <trkpt lon="-4.853223" lat="36.564984"><ele>317.8</ele></trkpt>
   <trkpt lon="-4.853729" lat="36.564832"><ele>318.2</ele></trkpt>
   <trkpt lon="-4.854138" lat="36.564738"><ele>318.4</ele></trkpt>
   <trkpt lon="-4.854545" lat="36.564646"><ele>319.7</ele></trkpt>
   <trkpt lon="-4.854634" lat="36.564646"><ele>320.9</ele></trkpt>
   <trkpt lon="-4.854782" lat="36.564689"><ele>323.9</ele></trkpt>
   <trkpt lon="-4.854855" lat="36.564715"><ele>325.1</ele></trkpt>
   <trkpt lon="-4.854893" lat="36.564744"><ele>325.8</ele></trkpt>
   <trkpt lon="-4.854923" lat="36.564770"><ele>326.4</ele></trkpt>
   <trkpt lon="-4.854957" lat="36.564797"><ele>327.1</ele></trkpt>
   <trkpt lon="-4.855236" lat="36.564984"><ele>330.5</ele></trkpt>
   <trkpt lon="-4.855406" lat="36.565044"><ele>329.8</ele></trkpt>
   <trkpt lon="-4.855679" lat="36.565157"><ele>327.8</ele></trkpt>
   <trkpt lon="-4.855757" lat="36.565179"><ele>326.9</ele></trkpt>
   <trkpt lon="-4.855864" lat="36.565184"><ele>325.4</ele></trkpt>
   <trkpt lon="-4.856282" lat="36.565166"><ele>321.0</ele></trkpt>
   <trkpt lon="-4.856359" lat="36.565163"><ele>321.0</ele></trkpt>
   <trkpt lon="-4.856455" lat="36.565158"><ele>321.0</ele></trkpt>
   <trkpt lon="-4.856762" lat="36.565141"><ele>322.4</ele></trkpt>
   <trkpt lon="-4.856937" lat="36.565103"><ele>322.3</ele></trkpt>
   <trkpt lon="-4.857118" lat="36.565053"><ele>321.6</ele></trkpt>
   <trkpt lon="-4.857184" lat="36.565038"><ele>321.5</ele></trkpt>
   <trkpt lon="-4.857265" lat="36.565028"><ele>321.7</ele></trkpt>
   <trkpt lon="-4.857348" lat="36.565031"><ele>322.3</ele></trkpt>
   <trkpt lon="-4.857459" lat="36.565044"><ele>323.7</ele></trkpt>
   <trkpt lon="-4.857516" lat="36.565060"><ele>324.7</ele></trkpt>
   <trkpt lon="-4.857593" lat="36.565092"><ele>325.6</ele></trkpt>
   <trkpt lon="-4.857664" lat="36.565128"><ele>326.3</ele></trkpt>
   <trkpt lon="-4.857760" lat="36.565200"><ele>327.8</ele></trkpt>
   <trkpt lon="-4.857834" lat="36.565244"><ele>328.3</ele></trkpt>
   <trkpt lon="-4.857888" lat="36.565252"><ele>327.8</ele></trkpt>
   <trkpt lon="-4.857948" lat="36.565248"><ele>326.4</ele></trkpt>
   <trkpt lon="-4.858127" lat="36.565192"><ele>320.6</ele></trkpt>
   <trkpt lon="-4.858431" lat="36.565079"><ele>313.6</ele></trkpt>
   <trkpt lon="-4.858510" lat="36.565036"><ele>311.7</ele></trkpt>
   <trkpt lon="-4.858598" lat="36.564981"><ele>309.7</ele></trkpt>
   <trkpt lon="-4.858731" lat="36.564841"><ele>307.6</ele></trkpt>
   <trkpt lon="-4.858836" lat="36.564731"><ele>305.9</ele></trkpt>
   <trkpt lon="-4.858869" lat="36.564709"><ele>305.7</ele></trkpt>
   <trkpt lon="-4.858989" lat="36.564629"><ele>306.2</ele></trkpt>
   <trkpt lon="-4.859252" lat="36.564491"><ele>312.4</ele></trkpt>
   <trkpt lon="-4.859316" lat="36.564451"><ele>314.2</ele></trkpt>
   <trkpt lon="-4.859363" lat="36.564411"><ele>315.5</ele></trkpt>
   <trkpt lon="-4.859390" lat="36.564370"><ele>316.0</ele></trkpt>
   <trkpt lon="-4.859403" lat="36.564326"><ele>315.9</ele></trkpt>
   <trkpt lon="-4.859339" lat="36.564037"><ele>311.7</ele></trkpt>
   <trkpt lon="-4.859340" lat="36.563985"><ele>311.7</ele></trkpt>
   <trkpt lon="-4.859351" lat="36.563927"><ele>312.2</ele></trkpt>
   <trkpt lon="-4.859373" lat="36.563874"><ele>313.6</ele></trkpt>
   <trkpt lon="-4.859394" lat="36.563768"><ele>316.7</ele></trkpt>
   <trkpt lon="-4.859391" lat="36.563694"><ele>318.0</ele></trkpt>
   <trkpt lon="-4.859374" lat="36.563648"><ele>318.2</ele></trkpt>
   <trkpt lon="-4.859347" lat="36.563603"><ele>317.9</ele></trkpt>
   <trkpt lon="-4.859282" lat="36.563534"><ele>316.4</ele></trkpt>
   <trkpt lon="-4.859130" lat="36.563413"><ele>311.2</ele></trkpt>
   <trkpt lon="-4.859080" lat="36.563361"><ele>309.5</ele></trkpt>
   <trkpt lon="-4.859036" lat="36.563302"><ele>308.1</ele></trkpt>
   <trkpt lon="-4.859012" lat="36.563236"><ele>307.6</ele></trkpt>
   <trkpt lon="-4.858984" lat="36.563108"><ele>306.1</ele></trkpt>
   <trkpt lon="-4.859002" lat="36.562782"><ele>305.0</ele></trkpt>
   <trkpt lon="-4.859038" lat="36.562621"><ele>304.7</ele></trkpt>
   <trkpt lon="-4.859069" lat="36.562560"><ele>305.0</ele></trkpt>
   <trkpt lon="-4.859111" lat="36.562514"><ele>305.6</ele></trkpt>
   <trkpt lon="-4.859332" lat="36.562321"><ele>309.7</ele></trkpt>
   <trkpt lon="-4.859394" lat="36.562254"><ele>310.9</ele></trkpt>
   <trkpt lon="-4.859435" lat="36.562165"><ele>311.6</ele></trkpt>
   <trkpt lon="-4.859442" lat="36.562081"><ele>313.0</ele></trkpt>
   <trkpt lon="-4.859419" lat="36.562009"><ele>313.1</ele></trkpt>
   <trkpt lon="-4.859385" lat="36.561935"><ele>312.6</ele></trkpt>
   <trkpt lon="-4.859008" lat="36.561454"><ele>304.1</ele></trkpt>
   <trkpt lon="-4.858983" lat="36.561383"><ele>304.0</ele></trkpt>
   <trkpt lon="-4.858981" lat="36.561292"><ele>304.9</ele></trkpt>
   <trkpt lon="-4.859011" lat="36.561123"><ele>308.9</ele></trkpt>
   <trkpt lon="-4.859005" lat="36.561049"><ele>311.5</ele></trkpt>
   <trkpt lon="-4.858978" lat="36.560981"><ele>313.3</ele></trkpt>
   <trkpt lon="-4.858916" lat="36.560914"><ele>314.2</ele></trkpt>
   <trkpt lon="-4.858777" lat="36.560833"><ele>313.9</ele></trkpt>
   <trkpt lon="-4.858680" lat="36.560786"><ele>312.4</ele></trkpt>
   <trkpt lon="-4.858593" lat="36.560747"><ele>310.7</ele></trkpt>
   <trkpt lon="-4.858258" lat="36.560650"><ele>304.6</ele></trkpt>
   <trkpt lon="-4.858175" lat="36.560617"><ele>303.4</ele></trkpt>
   <trkpt lon="-4.858111" lat="36.560580"><ele>302.9</ele></trkpt>
   <trkpt lon="-4.858064" lat="36.560531"><ele>303.0</ele></trkpt>
   <trkpt lon="-4.858033" lat="36.560475"><ele>303.7</ele></trkpt>
   <trkpt lon="-4.858014" lat="36.560402"><ele>303.1</ele></trkpt>
   <trkpt lon="-4.858055" lat="36.560250"><ele>302.9</ele></trkpt>
   <trkpt lon="-4.858116" lat="36.560172"><ele>303.2</ele></trkpt>
   <trkpt lon="-4.858155" lat="36.560139"><ele>303.3</ele></trkpt>
   <trkpt lon="-4.858179" lat="36.560090"><ele>303.9</ele></trkpt>
   <trkpt lon="-4.858179" lat="36.559998"><ele>304.7</ele></trkpt>
   <trkpt lon="-4.858152" lat="36.559901"><ele>304.9</ele></trkpt>
   <trkpt lon="-4.858127" lat="36.559857"><ele>304.6</ele></trkpt>
   <trkpt lon="-4.858081" lat="36.559838"><ele>303.5</ele></trkpt>
   <trkpt lon="-4.858026" lat="36.559838"><ele>302.0</ele></trkpt>
   <trkpt lon="-4.857965" lat="36.559857"><ele>300.5</ele></trkpt>
   <trkpt lon="-4.857890" lat="36.559749"><ele>298.3</ele></trkpt>
   <trkpt lon="-4.857658" lat="36.559451"><ele>293.9</ele></trkpt>
   <trkpt lon="-4.857595" lat="36.559353"><ele>291.5</ele></trkpt>
   <trkpt lon="-4.857571" lat="36.559274"><ele>290.5</ele></trkpt>
   <trkpt lon="-4.857571" lat="36.559200"><ele>290.0</ele></trkpt>
   <trkpt lon="-4.857592" lat="36.559118"><ele>289.9</ele></trkpt>
   <trkpt lon="-4.857647" lat="36.559054"><ele>289.4</ele></trkpt>
   <trkpt lon="-4.857721" lat="36.559017"><ele>289.7</ele></trkpt>
   <trkpt lon="-4.857796" lat="36.558988"><ele>290.2</ele></trkpt>
   <trkpt lon="-4.857905" lat="36.558983"><ele>292.1</ele></trkpt>
   <trkpt lon="-4.857989" lat="36.558967"><ele>293.4</ele></trkpt>
   <trkpt lon="-4.858052" lat="36.558925"><ele>293.6</ele></trkpt>
   <trkpt lon="-4.858105" lat="36.558853"><ele>293.2</ele></trkpt>
   <trkpt lon="-4.858119" lat="36.558780"><ele>291.9</ele></trkpt>
   <trkpt lon="-4.858100" lat="36.558686"><ele>291.3</ele></trkpt>
   <trkpt lon="-4.858022" lat="36.558551"><ele>289.3</ele></trkpt>
   <trkpt lon="-4.857990" lat="36.558418"><ele>288.6</ele></trkpt>
   <trkpt lon="-4.858000" lat="36.558292"><ele>288.9</ele></trkpt>
   <trkpt lon="-4.858034" lat="36.558166"><ele>289.4</ele></trkpt>
   <trkpt lon="-4.858096" lat="36.558087"><ele>289.8</ele></trkpt>
   <trkpt lon="-4.858176" lat="36.558019"><ele>289.1</ele></trkpt>
   <trkpt lon="-4.858423" lat="36.557882"><ele>290.2</ele></trkpt>
   <trkpt lon="-4.858477" lat="36.557838"><ele>290.5</ele></trkpt>
   <trkpt lon="-4.858504" lat="36.557781"><ele>290.1</ele></trkpt>
   <trkpt lon="-4.858520" lat="36.557691"><ele>289.4</ele></trkpt>
   <trkpt lon="-4.858623" lat="36.557376"><ele>288.4</ele></trkpt>
   <trkpt lon="-4.858658" lat="36.557320"><ele>287.9</ele></trkpt>
   <trkpt lon="-4.858690" lat="36.557285"><ele>287.6</ele></trkpt>
   <trkpt lon="-4.858756" lat="36.557235"><ele>287.1</ele></trkpt>
   <trkpt lon="-4.858879" lat="36.557164"><ele>286.0</ele></trkpt>
   <trkpt lon="-4.859132" lat="36.557058"><ele>283.4</ele></trkpt>
   <trkpt lon="-4.860431" lat="36.556718"><ele>278.8</ele></trkpt>
   <trkpt lon="-4.861209" lat="36.556596"><ele>279.2</ele></trkpt>
   <trkpt lon="-4.861422" lat="36.556580"><ele>284.5</ele></trkpt>
   <trkpt lon="-4.861661" lat="36.556590"><ele>291.1</ele></trkpt>
   <trkpt lon="-4.861734" lat="36.556570"><ele>292.3</ele></trkpt>
   <trkpt lon="-4.861803" lat="36.556530"><ele>293.4</ele></trkpt>
   <trkpt lon="-4.861845" lat="36.556474"><ele>294.0</ele></trkpt>
   <trkpt lon="-4.861864" lat="36.556421"><ele>294.3</ele></trkpt>
   <trkpt lon="-4.861859" lat="36.556363"><ele>294.6</ele></trkpt>
   <trkpt lon="-4.861836" lat="36.556315"><ele>295.2</ele></trkpt>
   <trkpt lon="-4.861800" lat="36.556269"><ele>295.3</ele></trkpt>
   <trkpt lon="-4.861628" lat="36.556116"><ele>292.9</ele></trkpt>
   <trkpt lon="-4.861577" lat="36.556045"><ele>291.5</ele></trkpt>
   <trkpt lon="-4.861397" lat="36.555521"><ele>292.6</ele></trkpt>
   <trkpt lon="-4.861242" lat="36.555125"><ele>296.8</ele></trkpt>
   <trkpt lon="-4.861017" lat="36.554741"><ele>306.4</ele></trkpt>
   <trkpt lon="-4.860907" lat="36.554614"><ele>308.9</ele></trkpt>
   <trkpt lon="-4.860515" lat="36.554321"><ele>309.7</ele></trkpt>
   <trkpt lon="-4.860266" lat="36.554053"><ele>310.2</ele></trkpt>
   <trkpt lon="-4.860230" lat="36.553996"><ele>312.0</ele></trkpt>
   <trkpt lon="-4.860209" lat="36.553948"><ele>311.0</ele></trkpt>
   <trkpt lon="-4.860215" lat="36.553886"><ele>309.3</ele></trkpt>
   <trkpt lon="-4.860232" lat="36.553838"><ele>307.8</ele></trkpt>
   <trkpt lon="-4.860255" lat="36.553805"><ele>306.8</ele></trkpt>
   <trkpt lon="-4.860306" lat="36.553770"><ele>305.3</ele></trkpt>
   <trkpt lon="-4.860489" lat="36.553679"><ele>301.3</ele></trkpt>
   <trkpt lon="-4.860689" lat="36.553636"><ele>298.1</ele></trkpt>
   <trkpt lon="-4.861153" lat="36.553579"><ele>297.5</ele></trkpt>
   <trkpt lon="-4.861270" lat="36.553540"><ele>297.3</ele></trkpt>
   <trkpt lon="-4.861368" lat="36.553496"><ele>297.8</ele></trkpt>
   <trkpt lon="-4.861590" lat="36.553330"><ele>298.0</ele></trkpt>
   <trkpt lon="-4.861667" lat="36.553260"><ele>301.3</ele></trkpt>
   <trkpt lon="-4.861689" lat="36.553199"><ele>304.1</ele></trkpt>
   <trkpt lon="-4.861686" lat="36.553125"><ele>306.7</ele></trkpt>
   <trkpt lon="-4.861659" lat="36.553071"><ele>307.8</ele></trkpt>
   <trkpt lon="-4.861584" lat="36.552994"><ele>308.0</ele></trkpt>
   <trkpt lon="-4.861501" lat="36.552927"><ele>307.9</ele></trkpt>
   <trkpt lon="-4.861079" lat="36.552647"><ele>302.4</ele></trkpt>
   <trkpt lon="-4.860959" lat="36.552546"><ele>299.5</ele></trkpt>
   <trkpt lon="-4.860826" lat="36.552413"><ele>296.5</ele></trkpt>
   <trkpt lon="-4.860766" lat="36.552330"><ele>295.5</ele></trkpt>
   <trkpt lon="-4.860731" lat="36.552249"><ele>296.0</ele></trkpt>
   <trkpt lon="-4.860712" lat="36.551708"><ele>316.3</ele></trkpt>
   <trkpt lon="-4.860685" lat="36.551638"><ele>319.0</ele></trkpt>
   <trkpt lon="-4.860656" lat="36.551585"><ele>321.2</ele></trkpt>
   <trkpt lon="-4.860607" lat="36.551546"><ele>322.3</ele></trkpt>
   <trkpt lon="-4.860561" lat="36.551519"><ele>322.3</ele></trkpt>
   <trkpt lon="-4.860492" lat="36.551505"><ele>321.0</ele></trkpt>
   <trkpt lon="-4.860279" lat="36.551498"><ele>316.0</ele></trkpt>
   <trkpt lon="-4.860201" lat="36.551478"><ele>313.9</ele></trkpt>
   <trkpt lon="-4.860123" lat="36.551440"><ele>312.7</ele></trkpt>
   <trkpt lon="-4.860070" lat="36.551392"><ele>312.7</ele></trkpt>
   <trkpt lon="-4.859766" lat="36.551004"><ele>309.3</ele></trkpt>
   <trkpt lon="-4.859736" lat="36.550933"><ele>308.5</ele></trkpt>
   <trkpt lon="-4.859719" lat="36.550866"><ele>306.5</ele></trkpt>
   <trkpt lon="-4.859718" lat="36.550730"><ele>302.9</ele></trkpt>
   <trkpt lon="-4.859741" lat="36.550664"><ele>301.9</ele></trkpt>
   <trkpt lon="-4.859789" lat="36.550605"><ele>301.9</ele></trkpt>
   <trkpt lon="-4.860356" lat="36.550205"><ele>308.6</ele></trkpt>
   <trkpt lon="-4.860463" lat="36.550147"><ele>312.3</ele></trkpt>
   <trkpt lon="-4.860720" lat="36.550036"><ele>320.5</ele></trkpt>
   <trkpt lon="-4.860770" lat="36.550003"><ele>322.1</ele></trkpt>
   <trkpt lon="-4.860796" lat="36.549964"><ele>323.1</ele></trkpt>
   <trkpt lon="-4.860811" lat="36.549913"><ele>323.9</ele></trkpt>
   <trkpt lon="-4.860811" lat="36.549865"><ele>324.4</ele></trkpt>
   <trkpt lon="-4.860794" lat="36.549821"><ele>324.5</ele></trkpt>
   <trkpt lon="-4.860693" lat="36.549725"><ele>322.9</ele></trkpt>
   <trkpt lon="-4.860657" lat="36.549680"><ele>322.5</ele></trkpt>
   <trkpt lon="-4.860623" lat="36.549598"><ele>322.5</ele></trkpt>
   <trkpt lon="-4.860631" lat="36.549515"><ele>323.9</ele></trkpt>
   <trkpt lon="-4.860740" lat="36.549299"><ele>330.2</ele></trkpt>
   <trkpt lon="-4.860745" lat="36.549225"><ele>331.5</ele></trkpt>
   <trkpt lon="-4.860737" lat="36.549182"><ele>331.9</ele></trkpt>
   <trkpt lon="-4.860710" lat="36.549136"><ele>332.0</ele></trkpt>
   <trkpt lon="-4.860473" lat="36.548967"><ele>330.8</ele></trkpt>
   <trkpt lon="-4.860389" lat="36.548860"><ele>332.0</ele></trkpt>
   <trkpt lon="-4.860358" lat="36.548801"><ele>330.6</ele></trkpt>
   <trkpt lon="-4.860354" lat="36.548736"><ele>329.4</ele></trkpt>
   <trkpt lon="-4.860369" lat="36.548694"><ele>328.6</ele></trkpt>
   <trkpt lon="-4.860376" lat="36.548674"><ele>328.3</ele></trkpt>
   <trkpt lon="-4.860423" lat="36.548621"><ele>327.2</ele></trkpt>
   <trkpt lon="-4.860569" lat="36.548541"><ele>324.6</ele></trkpt>
   <trkpt lon="-4.860656" lat="36.548478"><ele>322.2</ele></trkpt>
   <trkpt lon="-4.860819" lat="36.548409"><ele>323.2</ele></trkpt>
   <trkpt lon="-4.861063" lat="36.548313"><ele>326.8</ele></trkpt>
   <trkpt lon="-4.861134" lat="36.548285"><ele>328.5</ele></trkpt>
   <trkpt lon="-4.861495" lat="36.548138"><ele>336.4</ele></trkpt>
   <trkpt lon="-4.861568" lat="36.548056"><ele>337.3</ele></trkpt>
   <trkpt lon="-4.861577" lat="36.548005"><ele>337.1</ele></trkpt>
   <trkpt lon="-4.861576" lat="36.547950"><ele>336.6</ele></trkpt>
   <trkpt lon="-4.861453" lat="36.546926"><ele>321.2</ele></trkpt>
   <trkpt lon="-4.861383" lat="36.546747"><ele>320.0</ele></trkpt>
   <trkpt lon="-4.861430" lat="36.546121"><ele>322.3</ele></trkpt>
   <trkpt lon="-4.861456" lat="36.545916"><ele>319.6</ele></trkpt>
   <trkpt lon="-4.861489" lat="36.545775"><ele>317.9</ele></trkpt>
   <trkpt lon="-4.861592" lat="36.545490"><ele>315.5</ele></trkpt>
   <trkpt lon="-4.861648" lat="36.545372"><ele>315.6</ele></trkpt>
   <trkpt lon="-4.861705" lat="36.545271"><ele>316.2</ele></trkpt>
   <trkpt lon="-4.861774" lat="36.545166"><ele>317.0</ele></trkpt>
   <trkpt lon="-4.861888" lat="36.545014"><ele>318.3</ele></trkpt>
   <trkpt lon="-4.862052" lat="36.544842"><ele>320.2</ele></trkpt>
   <trkpt lon="-4.862265" lat="36.544660"><ele>321.9</ele></trkpt>
   <trkpt lon="-4.862452" lat="36.544520"><ele>321.4</ele></trkpt>
   <trkpt lon="-4.862672" lat="36.544381"><ele>318.5</ele></trkpt>
   <trkpt lon="-4.863262" lat="36.544041"><ele>305.3</ele></trkpt>
   <trkpt lon="-4.863442" lat="36.543927"><ele>302.7</ele></trkpt>
   <trkpt lon="-4.863594" lat="36.543812"><ele>301.0</ele></trkpt>
   <trkpt lon="-4.863755" lat="36.543670"><ele>298.5</ele></trkpt>
   <trkpt lon="-4.863883" lat="36.543535"><ele>296.4</ele></trkpt>
   <trkpt lon="-4.864004" lat="36.543391"><ele>294.5</ele></trkpt>
   <trkpt lon="-4.864119" lat="36.543218"><ele>293.6</ele></trkpt>
   <trkpt lon="-4.864231" lat="36.543005"><ele>293.0</ele></trkpt>
   <trkpt lon="-4.864300" lat="36.542826"><ele>293.1</ele></trkpt>
   <trkpt lon="-4.864365" lat="36.542598"><ele>292.3</ele></trkpt>
   <trkpt lon="-4.864596" lat="36.541622"><ele>283.9</ele></trkpt>
   <trkpt lon="-4.864979" lat="36.539728"><ele>271.9</ele></trkpt>
   <trkpt lon="-4.865299" lat="36.538231"><ele>256.4</ele></trkpt>
   <trkpt lon="-4.865373" lat="36.537935"><ele>257.9</ele></trkpt>
   <trkpt lon="-4.865423" lat="36.537780"><ele>259.1</ele></trkpt>
   <trkpt lon="-4.865548" lat="36.537508"><ele>258.5</ele></trkpt>
   <trkpt lon="-4.865638" lat="36.537387"><ele>256.2</ele></trkpt>
   <trkpt lon="-4.865767" lat="36.537233"><ele>252.3</ele></trkpt>
   <trkpt lon="-4.865960" lat="36.537041"><ele>247.1</ele></trkpt>
   <trkpt lon="-4.868894" lat="36.534299"><ele>225.4</ele></trkpt>
   <trkpt lon="-4.869099" lat="36.534134"><ele>222.7</ele></trkpt>
   <trkpt lon="-4.869290" lat="36.534007"><ele>220.7</ele></trkpt>
   <trkpt lon="-4.869497" lat="36.533896"><ele>219.9</ele></trkpt>
   <trkpt lon="-4.869778" lat="36.533775"><ele>219.4</ele></trkpt>
   <trkpt lon="-4.870212" lat="36.533654"><ele>219.0</ele></trkpt>
   <trkpt lon="-4.871244" lat="36.533417"><ele>213.5</ele></trkpt>
   <trkpt lon="-4.871796" lat="36.533272"><ele>209.6</ele></trkpt>
   <trkpt lon="-4.872056" lat="36.533187"><ele>208.0</ele></trkpt>
   <trkpt lon="-4.872655" lat="36.532989"><ele>207.8</ele></trkpt>
   <trkpt lon="-4.872955" lat="36.532873"><ele>207.5</ele></trkpt>
   <trkpt lon="-4.873239" lat="36.532725"><ele>206.4</ele></trkpt>
   <trkpt lon="-4.873422" lat="36.532612"><ele>205.4</ele></trkpt>
   <trkpt lon="-4.873590" lat="36.532482"><ele>203.9</ele></trkpt>
   <trkpt lon="-4.874033" lat="36.532132"><ele>193.8</ele></trkpt>
   <trkpt lon="-4.874334" lat="36.531895"><ele>192.4</ele></trkpt>
   <trkpt lon="-4.874680" lat="36.531622"><ele>187.2</ele></trkpt>
   <trkpt lon="-4.875038" lat="36.531364"><ele>186.7</ele></trkpt>
   <trkpt lon="-4.875239" lat="36.531241"><ele>185.9</ele></trkpt>
   <trkpt lon="-4.875457" lat="36.531123"><ele>185.0</ele></trkpt>
   <trkpt lon="-4.875697" lat="36.531003"><ele>183.6</ele></trkpt>
   <trkpt lon="-4.875941" lat="36.530895"><ele>181.4</ele></trkpt>
   <trkpt lon="-4.876441" lat="36.530713"><ele>177.6</ele></trkpt>
   <trkpt lon="-4.877380" lat="36.530388"><ele>177.3</ele></trkpt>
   <trkpt lon="-4.877555" lat="36.530320"><ele>175.8</ele></trkpt>
   <trkpt lon="-4.877957" lat="36.530109"><ele>171.4</ele></trkpt>
   <trkpt lon="-4.878172" lat="36.529981"><ele>169.2</ele></trkpt>
   <trkpt lon="-4.878726" lat="36.529621"><ele>161.3</ele></trkpt>
   <trkpt lon="-4.879145" lat="36.529379"><ele>156.9</ele></trkpt>
   <trkpt lon="-4.879372" lat="36.529268"><ele>155.8</ele></trkpt>
   <trkpt lon="-4.879649" lat="36.529162"><ele>154.6</ele></trkpt>
   <trkpt lon="-4.880605" lat="36.528878"><ele>149.8</ele></trkpt>
   <trkpt lon="-4.880895" lat="36.528766"><ele>148.0</ele></trkpt>
   <trkpt lon="-4.880994" lat="36.528744"><ele>147.9</ele></trkpt>
   <trkpt lon="-4.881094" lat="36.528706"><ele>147.4</ele></trkpt>
   <trkpt lon="-4.881639" lat="36.528480"><ele>143.8</ele></trkpt>
   <trkpt lon="-4.881704" lat="36.528448"><ele>143.5</ele></trkpt>
   <trkpt lon="-4.881764" lat="36.528405"><ele>143.1</ele></trkpt>
   <trkpt lon="-4.881829" lat="36.528345"><ele>142.6</ele></trkpt>
   <trkpt lon="-4.881885" lat="36.528286"><ele>142.2</ele></trkpt>
   <trkpt lon="-4.881953" lat="36.528191"><ele>141.4</ele></trkpt>
   <trkpt lon="-4.882024" lat="36.528067"><ele>140.6</ele></trkpt>
   <trkpt lon="-4.882077" lat="36.527939"><ele>139.6</ele></trkpt>
   <trkpt lon="-4.882092" lat="36.527853"><ele>138.8</ele></trkpt>
   <trkpt lon="-4.882112" lat="36.527776"><ele>138.4</ele></trkpt>
   <trkpt lon="-4.882108" lat="36.527687"><ele>137.6</ele></trkpt>
   <trkpt lon="-4.882094" lat="36.527611"><ele>136.8</ele></trkpt>
   <trkpt lon="-4.882076" lat="36.527556"><ele>136.2</ele></trkpt>
   <trkpt lon="-4.882035" lat="36.527459"><ele>134.7</ele></trkpt>
   <trkpt lon="-4.881861" lat="36.527203"><ele>130.6</ele></trkpt>
   <trkpt lon="-4.881757" lat="36.527027"><ele>128.4</ele></trkpt>
   <trkpt lon="-4.881720" lat="36.526951"><ele>127.6</ele></trkpt>
   <trkpt lon="-4.881646" lat="36.526731"><ele>125.8</ele></trkpt>
   <trkpt lon="-4.881554" lat="36.526405"><ele>122.0</ele></trkpt>
   <trkpt lon="-4.881527" lat="36.526124"><ele>119.3</ele></trkpt>
   <trkpt lon="-4.881565" lat="36.525720"><ele>116.9</ele></trkpt>
   <trkpt lon="-4.881584" lat="36.525553"><ele>115.8</ele></trkpt>
   <trkpt lon="-4.881588" lat="36.525403"><ele>114.5</ele></trkpt>
   <trkpt lon="-4.881576" lat="36.525189"><ele>113.3</ele></trkpt>
   <trkpt lon="-4.881319" lat="36.523632"><ele>102.2</ele></trkpt>
   <trkpt lon="-4.881288" lat="36.523440"><ele>100.0</ele></trkpt>
   <trkpt lon="-4.881261" lat="36.523299"><ele>98.3</ele></trkpt>
   <trkpt lon="-4.881225" lat="36.523176"><ele>97.0</ele></trkpt>
   <trkpt lon="-4.881168" lat="36.523070"><ele>96.0</ele></trkpt>
   <trkpt lon="-4.881051" lat="36.522898"><ele>94.4</ele></trkpt>
   <trkpt lon="-4.880975" lat="36.522786"><ele>92.9</ele></trkpt>
   <trkpt lon="-4.880919" lat="36.522672"><ele>91.7</ele></trkpt>
   <trkpt lon="-4.880901" lat="36.522616"><ele>91.3</ele></trkpt>
   <trkpt lon="-4.880832" lat="36.522371"><ele>90.4</ele></trkpt>
   <trkpt lon="-4.880825" lat="36.522310"><ele>90.2</ele></trkpt>
   <trkpt lon="-4.880838" lat="36.522213"><ele>89.7</ele></trkpt>
   <trkpt lon="-4.880854" lat="36.522125"><ele>88.9</ele></trkpt>
   <trkpt lon="-4.880881" lat="36.522096"><ele>88.7</ele></trkpt>
   <trkpt lon="-4.880884" lat="36.522091"><ele>88.6</ele></trkpt>
   <trkpt lon="-4.880899" lat="36.522062"><ele>88.4</ele></trkpt>
   <trkpt lon="-4.880905" lat="36.522030"><ele>88.1</ele></trkpt>
   <trkpt lon="-4.880891" lat="36.521968"><ele>87.6</ele></trkpt>
   <trkpt lon="-4.880867" lat="36.521934"><ele>87.3</ele></trkpt>
   <trkpt lon="-4.880832" lat="36.521908"><ele>87.0</ele></trkpt>
   <trkpt lon="-4.880758" lat="36.521833"><ele>86.6</ele></trkpt>
   <trkpt lon="-4.880707" lat="36.521736"><ele>85.8</ele></trkpt>
   <trkpt lon="-4.880683" lat="36.521655"><ele>85.2</ele></trkpt>
   <trkpt lon="-4.880644" lat="36.521367"><ele>82.6</ele></trkpt>
   <trkpt lon="-4.880596" lat="36.521015"><ele>79.8</ele></trkpt>
   <trkpt lon="-4.880528" lat="36.520529"><ele>79.0</ele></trkpt>
   <trkpt lon="-4.880523" lat="36.520449"><ele>78.9</ele></trkpt>
   <trkpt lon="-4.880476" lat="36.520110"><ele>78.5</ele></trkpt>
   <trkpt lon="-4.880472" lat="36.519944"><ele>78.3</ele></trkpt>
   <trkpt lon="-4.880481" lat="36.519886"><ele>78.4</ele></trkpt>
   <trkpt lon="-4.880553" lat="36.519693"><ele>78.6</ele></trkpt>
   <trkpt lon="-4.880562" lat="36.519627"><ele>78.5</ele></trkpt>
   <trkpt lon="-4.880579" lat="36.519618"><ele>78.6</ele></trkpt>
   <trkpt lon="-4.880630" lat="36.519574"><ele>78.7</ele></trkpt>
   <trkpt lon="-4.880649" lat="36.519539"><ele>78.7</ele></trkpt>
   <trkpt lon="-4.880655" lat="36.519494"><ele>78.6</ele></trkpt>
   <trkpt lon="-4.880636" lat="36.519438"><ele>78.4</ele></trkpt>
   <trkpt lon="-4.880601" lat="36.519400"><ele>78.2</ele></trkpt>
   <trkpt lon="-4.880577" lat="36.519384"><ele>78.1</ele></trkpt>
   <trkpt lon="-4.880520" lat="36.519364"><ele>77.8</ele></trkpt>
   <trkpt lon="-4.880489" lat="36.519360"><ele>77.8</ele></trkpt>
   <trkpt lon="-4.880470" lat="36.519360"><ele>77.7</ele></trkpt>
   <trkpt lon="-4.880299" lat="36.519180"><ele>76.3</ele></trkpt>
   <trkpt lon="-4.880208" lat="36.519058"><ele>75.5</ele></trkpt>
   <trkpt lon="-4.880107" lat="36.518934"><ele>75.0</ele></trkpt>
   <trkpt lon="-4.879707" lat="36.518442"><ele>71.6</ele></trkpt>
   <trkpt lon="-4.879593" lat="36.518289"><ele>70.1</ele></trkpt>
   <trkpt lon="-4.879422" lat="36.518018"><ele>67.8</ele></trkpt>
   <trkpt lon="-4.879366" lat="36.517905"><ele>67.2</ele></trkpt>
   <trkpt lon="-4.879316" lat="36.517781"><ele>66.7</ele></trkpt>
   <trkpt lon="-4.879277" lat="36.517658"><ele>66.2</ele></trkpt>
   <trkpt lon="-4.879237" lat="36.517472"><ele>65.5</ele></trkpt>
   <trkpt lon="-4.879218" lat="36.517338"><ele>64.9</ele></trkpt>
   <trkpt lon="-4.879217" lat="36.517316"><ele>64.8</ele></trkpt>
   <trkpt lon="-4.879213" lat="36.517233"><ele>64.5</ele></trkpt>
   <trkpt lon="-4.879235" lat="36.517206"><ele>64.3</ele></trkpt>
   <trkpt lon="-4.879246" lat="36.517175"><ele>64.2</ele></trkpt>
   <trkpt lon="-4.879246" lat="36.517133"><ele>64.0</ele></trkpt>
   <trkpt lon="-4.879216" lat="36.517092"><ele>63.8</ele></trkpt>
   <trkpt lon="-4.879190" lat="36.517073"><ele>63.6</ele></trkpt>
   <trkpt lon="-4.879224" lat="36.516971"><ele>62.9</ele></trkpt>
   <trkpt lon="-4.879333" lat="36.516162"><ele>55.7</ele></trkpt>
   <trkpt lon="-4.879372" lat="36.515851"><ele>53.6</ele></trkpt>
   <trkpt lon="-4.879380" lat="36.515772"><ele>53.1</ele></trkpt>
   <trkpt lon="-4.879388" lat="36.515698"><ele>52.8</ele></trkpt>
   <trkpt lon="-4.879394" lat="36.515638"><ele>52.6</ele></trkpt>
   <trkpt lon="-4.879431" lat="36.515631"><ele>52.5</ele></trkpt>
   <trkpt lon="-4.879471" lat="36.515621"><ele>52.3</ele></trkpt>
   <trkpt lon="-4.879500" lat="36.515615"><ele>52.1</ele></trkpt>
   <trkpt lon="-4.879512" lat="36.515612"><ele>52.1</ele></trkpt>
   <trkpt lon="-4.879595" lat="36.515584"><ele>51.6</ele></trkpt>
   <trkpt lon="-4.879634" lat="36.515567"><ele>51.3</ele></trkpt>
   <trkpt lon="-4.879662" lat="36.515547"><ele>51.1</ele></trkpt>
   <trkpt lon="-4.879704" lat="36.515506"><ele>50.7</ele></trkpt>
   <trkpt lon="-4.880223" lat="36.515291"><ele>48.6</ele></trkpt>
   <trkpt lon="-4.880565" lat="36.515179"><ele>47.3</ele></trkpt>
   <trkpt lon="-4.880630" lat="36.515163"><ele>47.2</ele></trkpt>
   <trkpt lon="-4.881073" lat="36.515062"><ele>45.2</ele></trkpt>
   <trkpt lon="-4.881309" lat="36.515016"><ele>44.0</ele></trkpt>
   <trkpt lon="-4.881491" lat="36.514981"><ele>43.0</ele></trkpt>
   <trkpt lon="-4.881694" lat="36.514929"><ele>42.0</ele></trkpt>
   <trkpt lon="-4.881963" lat="36.514860"><ele>40.3</ele></trkpt>
   <trkpt lon="-4.882244" lat="36.514747"><ele>38.3</ele></trkpt>
   <trkpt lon="-4.882278" lat="36.514725"><ele>38.1</ele></trkpt>
   <trkpt lon="-4.882364" lat="36.514673"><ele>37.7</ele></trkpt>
   <trkpt lon="-4.882401" lat="36.514688"><ele>37.4</ele></trkpt>
   <trkpt lon="-4.882442" lat="36.514694"><ele>37.2</ele></trkpt>
   <trkpt lon="-4.882483" lat="36.514689"><ele>36.9</ele></trkpt>
   <trkpt lon="-4.882520" lat="36.514675"><ele>36.8</ele></trkpt>
   <trkpt lon="-4.882551" lat="36.514652"><ele>36.6</ele></trkpt>
   <trkpt lon="-4.882572" lat="36.514622"><ele>36.5</ele></trkpt>
   <trkpt lon="-4.882581" lat="36.514588"><ele>36.4</ele></trkpt>
   <trkpt lon="-4.882576" lat="36.514554"><ele>36.3</ele></trkpt>
   <trkpt lon="-4.882650" lat="36.514536"><ele>35.9</ele></trkpt>
   <trkpt lon="-4.882671" lat="36.514530"><ele>35.7</ele></trkpt>
   <trkpt lon="-4.883790" lat="36.514242"><ele>32.4</ele></trkpt>
   <trkpt lon="-4.883852" lat="36.514227"><ele>32.7</ele></trkpt>
   <trkpt lon="-4.884367" lat="36.514097"><ele>36.9</ele></trkpt>
   <trkpt lon="-4.884401" lat="36.514089"><ele>37.2</ele></trkpt>
   <trkpt lon="-4.884435" lat="36.513822"><ele>35.1</ele></trkpt>
   <trkpt lon="-4.884353" lat="36.513587"><ele>32.2</ele></trkpt>
   <trkpt lon="-4.884340" lat="36.513452"><ele>31.0</ele></trkpt>
   <trkpt lon="-4.884338" lat="36.513286"><ele>30.2</ele></trkpt>
   <trkpt lon="-4.884348" lat="36.513208"><ele>30.0</ele></trkpt>
   <trkpt lon="-4.884421" lat="36.512763"><ele>28.6</ele></trkpt>
   <trkpt lon="-4.884473" lat="36.512465"><ele>28.5</ele></trkpt>
   <trkpt lon="-4.884491" lat="36.512340"><ele>28.7</ele></trkpt>
   <trkpt lon="-4.884459" lat="36.512166"><ele>28.3</ele></trkpt>
   <trkpt lon="-4.884446" lat="36.512091"><ele>28.2</ele></trkpt>
   <trkpt lon="-4.884416" lat="36.511730"><ele>27.5</ele></trkpt>
   <trkpt lon="-4.884242" lat="36.511379"><ele>30.4</ele></trkpt>
   <trkpt lon="-4.883984" lat="36.511462"><ele>26.1</ele></trkpt>
   <trkpt lon="-4.883862" lat="36.511492"><ele>23.9</ele></trkpt>
   <trkpt lon="-4.883835" lat="36.511489"><ele>23.6</ele></trkpt>
   <trkpt lon="-4.883802" lat="36.511468"><ele>23.4</ele></trkpt>
   <trkpt lon="-4.883765" lat="36.511411"><ele>23.4</ele></trkpt>
   <trkpt lon="-4.883664" lat="36.511225"><ele>23.1</ele></trkpt>
   <trkpt lon="-4.883595" lat="36.511132"><ele>22.6</ele></trkpt>
   <trkpt lon="-4.883339" lat="36.510918"><ele>19.8</ele></trkpt>
   <trkpt lon="-4.883329" lat="36.510814"><ele>19.6</ele></trkpt>
   <trkpt lon="-4.883159" lat="36.510344"><ele>15.4</ele></trkpt>
   <trkpt lon="-4.883497" lat="36.510259"><ele>18.6</ele></trkpt>
   <trkpt lon="-4.883524" lat="36.510248"><ele>18.6</ele></trkpt>
   <trkpt lon="-4.883610" lat="36.510190"><ele>18.5</ele></trkpt>
   <trkpt lon="-4.883775" lat="36.510150"><ele>19.3</ele></trkpt>
   <trkpt lon="-4.883855" lat="36.510126"><ele>19.5</ele></trkpt>
   <trkpt lon="-4.884151" lat="36.510028"><ele>18.8</ele></trkpt>
   <trkpt lon="-4.884165" lat="36.510028"><ele>18.8</ele></trkpt>
   <trkpt lon="-4.884171" lat="36.510038"><ele>18.9</ele></trkpt>
   <trkpt lon="-4.884174" lat="36.510056"><ele>19.1</ele></trkpt>
   <trkpt lon="-4.884205" lat="36.510255"><ele>21.5</ele></trkpt>
   <trkpt lon="-4.884270" lat="36.510397"><ele>23.3</ele></trkpt>
   <trkpt lon="-4.884334" lat="36.510380"><ele>23.0</ele></trkpt>
   <trkpt lon="-4.884678" lat="36.510272"><ele>21.8</ele></trkpt>
   <trkpt lon="-4.884726" lat="36.510257"><ele>21.7</ele></trkpt>
   <trkpt lon="-4.884714" lat="36.510215"><ele>21.4</ele></trkpt>
   <trkpt lon="-4.884721" lat="36.510191"><ele>21.3</ele></trkpt>
   <trkpt lon="-4.884734" lat="36.510171"><ele>21.1</ele></trkpt>
   <trkpt lon="-4.884759" lat="36.510152"><ele>21.0</ele></trkpt>
   <trkpt lon="-4.884793" lat="36.510141"><ele>21.0</ele></trkpt>
   <trkpt lon="-4.885037" lat="36.510096"><ele>20.6</ele></trkpt>
   <trkpt lon="-4.885029" lat="36.510066"><ele>20.5</ele></trkpt>
   <trkpt lon="-4.885007" lat="36.510042"><ele>20.4</ele></trkpt>
   <trkpt lon="-4.885001" lat="36.509999"><ele>20.2</ele></trkpt>
   <trkpt lon="-4.885007" lat="36.510042"><ele>20.4</ele></trkpt>
   <trkpt lon="-4.885029" lat="36.510066"><ele>20.5</ele></trkpt>
   <trkpt lon="-4.885037" lat="36.510096"><ele>20.6</ele></trkpt>
   <trkpt lon="-4.885153" lat="36.510078"><ele>20.4</ele></trkpt>
   <trkpt lon="-4.885183" lat="36.510084"><ele>20.4</ele></trkpt>
   <trkpt lon="-4.885205" lat="36.510098"><ele>20.4</ele></trkpt>
   <trkpt lon="-4.885219" lat="36.510112"><ele>20.4</ele></trkpt>
   <trkpt lon="-4.885237" lat="36.510179"><ele>20.5</ele></trkpt>
   <trkpt lon="-4.885258" lat="36.510260"><ele>20.7</ele></trkpt>
   <trkpt lon="-4.885254" lat="36.510273"><ele>20.8</ele></trkpt>
   <trkpt lon="-4.885311" lat="36.510314"><ele>20.7</ele></trkpt>
   <trkpt lon="-4.885389" lat="36.510311"><ele>20.5</ele></trkpt>
   <trkpt lon="-4.885747" lat="36.510260"><ele>20.3</ele></trkpt>
   <trkpt lon="-4.885965" lat="36.510209"><ele>20.2</ele></trkpt>
   <trkpt lon="-4.885985" lat="36.510193"><ele>20.1</ele></trkpt>
   <trkpt lon="-4.886188" lat="36.510033"><ele>18.7</ele></trkpt>
   <trkpt lon="-4.886201" lat="36.510022"><ele>18.6</ele></trkpt>
   <trkpt lon="-4.886295" lat="36.509981"><ele>18.2</ele></trkpt>
   <trkpt lon="-4.886368" lat="36.509960"><ele>18.0</ele></trkpt>
   <trkpt lon="-4.886546" lat="36.509955"><ele>18.0</ele></trkpt>
   <trkpt lon="-4.886509" lat="36.510150"><ele>19.2</ele></trkpt>
   <trkpt lon="-4.886493" lat="36.510237"><ele>19.8</ele></trkpt>
   <trkpt lon="-4.886469" lat="36.510382"><ele>20.8</ele></trkpt>
   <trkpt lon="-4.886077" lat="36.510658"><ele>22.6</ele></trkpt>
   <trkpt lon="-4.885912" lat="36.510766"><ele>22.7</ele></trkpt>
   <trkpt lon="-4.885801" lat="36.510814"><ele>23.0</ele></trkpt>
   <trkpt lon="-4.885599" lat="36.510893"><ele>23.5</ele></trkpt>
   <trkpt lon="-4.885423" lat="36.510962"><ele>24.2</ele></trkpt>
   <trkpt lon="-4.885389" lat="36.510980"><ele>24.4</ele></trkpt>
   <trkpt lon="-4.885355" lat="36.511009"><ele>24.8</ele></trkpt>
   <trkpt lon="-4.885333" lat="36.511122"><ele>26.1</ele></trkpt>
   <trkpt lon="-4.885290" lat="36.511440"><ele>29.3</ele></trkpt>
   <trkpt lon="-4.885275" lat="36.511543"><ele>30.0</ele></trkpt>
   <trkpt lon="-4.885235" lat="36.511790"><ele>31.3</ele></trkpt>
   <trkpt lon="-4.885186" lat="36.512181"><ele>33.0</ele></trkpt>
   <trkpt lon="-4.885184" lat="36.512262"><ele>33.4</ele></trkpt>
   <trkpt lon="-4.885191" lat="36.512337"><ele>33.9</ele></trkpt>
   <trkpt lon="-4.885250" lat="36.512772"><ele>36.0</ele></trkpt>
   <trkpt lon="-4.885314" lat="36.513233"><ele>39.3</ele></trkpt>
   <trkpt lon="-4.885366" lat="36.513538"><ele>40.7</ele></trkpt>
   <trkpt lon="-4.885402" lat="36.513665"><ele>41.4</ele></trkpt>
   <trkpt lon="-4.885481" lat="36.513938"><ele>42.6</ele></trkpt>
   <trkpt lon="-4.885080" lat="36.513990"><ele>41.8</ele></trkpt>
   <trkpt lon="-4.884401" lat="36.514089"><ele>37.2</ele></trkpt>
   <trkpt lon="-4.884367" lat="36.514097"><ele>36.9</ele></trkpt>
   <trkpt lon="-4.883852" lat="36.514227"><ele>32.7</ele></trkpt>
   <trkpt lon="-4.883790" lat="36.514242"><ele>32.4</ele></trkpt>
   <trkpt lon="-4.882671" lat="36.514530"><ele>35.7</ele></trkpt>
   <trkpt lon="-4.882650" lat="36.514536"><ele>35.9</ele></trkpt>
   <trkpt lon="-4.882576" lat="36.514554"><ele>36.3</ele></trkpt>
   <trkpt lon="-4.882558" lat="36.514523"><ele>36.4</ele></trkpt>
   <trkpt lon="-4.882529" lat="36.514498"><ele>36.6</ele></trkpt>
   <trkpt lon="-4.882492" lat="36.514481"><ele>36.8</ele></trkpt>
   <trkpt lon="-4.882453" lat="36.514474"><ele>37.1</ele></trkpt>
   <trkpt lon="-4.882413" lat="36.514477"><ele>37.5</ele></trkpt>
   <trkpt lon="-4.882376" lat="36.514489"><ele>37.7</ele></trkpt>
   <trkpt lon="-4.882344" lat="36.514509"><ele>38.0</ele></trkpt>
   <trkpt lon="-4.882322" lat="36.514535"><ele>38.1</ele></trkpt>
   <trkpt lon="-4.882309" lat="36.514566"><ele>38.2</ele></trkpt>
   <trkpt lon="-4.882308" lat="36.514596"><ele>38.1</ele></trkpt>
   <trkpt lon="-4.882318" lat="36.514626"><ele>38.0</ele></trkpt>
   <trkpt lon="-4.882337" lat="36.514652"><ele>37.9</ele></trkpt>
   <trkpt lon="-4.882364" lat="36.514673"><ele>37.7</ele></trkpt>
   <trkpt lon="-4.882278" lat="36.514725"><ele>38.1</ele></trkpt>
   <trkpt lon="-4.882244" lat="36.514747"><ele>38.3</ele></trkpt>
   <trkpt lon="-4.881963" lat="36.514860"><ele>40.3</ele></trkpt>
   <trkpt lon="-4.881694" lat="36.514929"><ele>42.0</ele></trkpt>
   <trkpt lon="-4.881491" lat="36.514981"><ele>43.0</ele></trkpt>
   <trkpt lon="-4.881309" lat="36.515016"><ele>44.0</ele></trkpt>
   <trkpt lon="-4.881073" lat="36.515062"><ele>45.2</ele></trkpt>
   <trkpt lon="-4.880630" lat="36.515163"><ele>47.2</ele></trkpt>
   <trkpt lon="-4.880565" lat="36.515179"><ele>47.3</ele></trkpt>
   <trkpt lon="-4.880223" lat="36.515291"><ele>48.6</ele></trkpt>
   <trkpt lon="-4.879704" lat="36.515506"><ele>50.7</ele></trkpt>
   <trkpt lon="-4.879662" lat="36.515547"><ele>51.1</ele></trkpt>
   <trkpt lon="-4.879634" lat="36.515567"><ele>51.3</ele></trkpt>
   <trkpt lon="-4.879595" lat="36.515584"><ele>51.6</ele></trkpt>
   <trkpt lon="-4.879512" lat="36.515612"><ele>52.1</ele></trkpt>
   <trkpt lon="-4.879500" lat="36.515615"><ele>52.1</ele></trkpt>
   <trkpt lon="-4.879471" lat="36.515621"><ele>52.3</ele></trkpt>
   <trkpt lon="-4.879431" lat="36.515631"><ele>52.5</ele></trkpt>
   <trkpt lon="-4.879394" lat="36.515638"><ele>52.6</ele></trkpt>
   <trkpt lon="-4.879346" lat="36.515631"><ele>52.8</ele></trkpt>
   <trkpt lon="-4.879231" lat="36.515600"><ele>53.2</ele></trkpt>
   <trkpt lon="-4.879282" lat="36.515643"><ele>53.1</ele></trkpt>
   <trkpt lon="-4.879308" lat="36.515679"><ele>53.1</ele></trkpt>
   <trkpt lon="-4.879325" lat="36.515746"><ele>53.2</ele></trkpt>
   <trkpt lon="-4.879319" lat="36.515839"><ele>53.7</ele></trkpt>
   <trkpt lon="-4.879308" lat="36.515938"><ele>54.3</ele></trkpt>
   <trkpt lon="-4.879256" lat="36.516297"><ele>57.1</ele></trkpt>
   <trkpt lon="-4.879162" lat="36.516958"><ele>62.9</ele></trkpt>
   <trkpt lon="-4.879111" lat="36.517054"><ele>63.5</ele></trkpt>
   <trkpt lon="-4.879032" lat="36.517075"><ele>63.8</ele></trkpt>
   <trkpt lon="-4.879001" lat="36.517102"><ele>64.2</ele></trkpt>
   <trkpt lon="-4.878983" lat="36.517135"><ele>64.5</ele></trkpt>
   <trkpt lon="-4.878980" lat="36.517171"><ele>64.6</ele></trkpt>
   <trkpt lon="-4.878991" lat="36.517206"><ele>64.6</ele></trkpt>
   <trkpt lon="-4.879017" lat="36.517236"><ele>64.5</ele></trkpt>
   <trkpt lon="-4.879071" lat="36.517263"><ele>64.4</ele></trkpt>
   <trkpt lon="-4.879103" lat="36.517268"><ele>64.5</ele></trkpt>
   <trkpt lon="-4.879113" lat="36.517330"><ele>64.7</ele></trkpt>
   <trkpt lon="-4.879142" lat="36.517507"><ele>65.4</ele></trkpt>
   <trkpt lon="-4.879179" lat="36.517675"><ele>66.0</ele></trkpt>
   <trkpt lon="-4.879222" lat="36.517815"><ele>66.5</ele></trkpt>
   <trkpt lon="-4.879281" lat="36.517955"><ele>67.1</ele></trkpt>
   <trkpt lon="-4.879409" lat="36.518189"><ele>68.2</ele></trkpt>
   <trkpt lon="-4.879629" lat="36.518481"><ele>71.0</ele></trkpt>
   <trkpt lon="-4.880232" lat="36.519215"><ele>76.0</ele></trkpt>
   <trkpt lon="-4.880296" lat="36.519369"><ele>76.8</ele></trkpt>
   <trkpt lon="-4.880321" lat="36.519437"><ele>77.2</ele></trkpt>
   <trkpt lon="-4.880315" lat="36.519446"><ele>77.2</ele></trkpt>
   <trkpt lon="-4.880304" lat="36.519477"><ele>77.2</ele></trkpt>
   <trkpt lon="-4.880302" lat="36.519515"><ele>77.3</ele></trkpt>
   <trkpt lon="-4.880319" lat="36.519565"><ele>77.3</ele></trkpt>
   <trkpt lon="-4.880327" lat="36.519576"><ele>77.4</ele></trkpt>
   <trkpt lon="-4.880339" lat="36.519590"><ele>77.4</ele></trkpt>
   <trkpt lon="-4.880332" lat="36.519666"><ele>77.3</ele></trkpt>
   <trkpt lon="-4.880440" lat="36.520536"><ele>78.2</ele></trkpt>
   <trkpt lon="-4.880508" lat="36.521022"><ele>79.3</ele></trkpt>
   <trkpt lon="-4.880531" lat="36.521221"><ele>80.6</ele></trkpt>
   <trkpt lon="-4.880584" lat="36.521665"><ele>84.7</ele></trkpt>
   <trkpt lon="-4.880600" lat="36.521852"><ele>86.1</ele></trkpt>
   <trkpt lon="-4.880608" lat="36.521915"><ele>86.6</ele></trkpt>
   <trkpt lon="-4.880592" lat="36.521928"><ele>86.6</ele></trkpt>
   <trkpt lon="-4.880568" lat="36.521955"><ele>86.7</ele></trkpt>
   <trkpt lon="-4.880553" lat="36.521985"><ele>86.8</ele></trkpt>
   <trkpt lon="-4.880547" lat="36.522017"><ele>87.0</ele></trkpt>
   <trkpt lon="-4.880550" lat="36.522050"><ele>87.1</ele></trkpt>
   <trkpt lon="-4.880562" lat="36.522082"><ele>87.4</ele></trkpt>
   <trkpt lon="-4.880583" lat="36.522110"><ele>87.7</ele></trkpt>
   <trkpt lon="-4.880612" lat="36.522135"><ele>88.0</ele></trkpt>
   <trkpt lon="-4.880690" lat="36.522268"><ele>89.4</ele></trkpt>
   <trkpt lon="-4.880743" lat="36.522393"><ele>90.2</ele></trkpt>
   <trkpt lon="-4.880817" lat="36.522666"><ele>91.5</ele></trkpt>
   <trkpt lon="-4.880857" lat="36.522763"><ele>92.3</ele></trkpt>
   <trkpt lon="-4.881091" lat="36.523124"><ele>96.6</ele></trkpt>
   <trkpt lon="-4.881164" lat="36.523280"><ele>98.1</ele></trkpt>
   <trkpt lon="-4.881196" lat="36.523430"><ele>99.9</ele></trkpt>
   <trkpt lon="-4.881321" lat="36.524218"><ele>108.0</ele></trkpt>
   <trkpt lon="-4.881490" lat="36.525347"><ele>113.5</ele></trkpt>
   <trkpt lon="-4.881485" lat="36.525497"><ele>114.4</ele></trkpt>
   <trkpt lon="-4.881438" lat="36.525926"><ele>116.5</ele></trkpt>
   <trkpt lon="-4.881433" lat="36.526141"><ele>117.6</ele></trkpt>
   <trkpt lon="-4.881453" lat="36.526355"><ele>119.3</ele></trkpt>
   <trkpt lon="-4.881520" lat="36.526646"><ele>122.6</ele></trkpt>
   <trkpt lon="-4.881664" lat="36.527071"><ele>126.6</ele></trkpt>
   <trkpt lon="-4.881725" lat="36.527245"><ele>128.0</ele></trkpt>
   <trkpt lon="-4.881759" lat="36.527431"><ele>129.2</ele></trkpt>
   <trkpt lon="-4.881768" lat="36.527528"><ele>130.2</ele></trkpt>
   <trkpt lon="-4.881766" lat="36.527646"><ele>131.2</ele></trkpt>
   <trkpt lon="-4.881748" lat="36.527762"><ele>132.7</ele></trkpt>
   <trkpt lon="-4.881698" lat="36.527917"><ele>135.4</ele></trkpt>
   <trkpt lon="-4.881637" lat="36.528063"><ele>137.9</ele></trkpt>
   <trkpt lon="-4.881416" lat="36.528357"><ele>141.3</ele></trkpt>
   <trkpt lon="-4.881299" lat="36.528476"><ele>143.2</ele></trkpt>
   <trkpt lon="-4.881172" lat="36.528579"><ele>145.0</ele></trkpt>
   <trkpt lon="-4.881042" lat="36.528671"><ele>146.6</ele></trkpt>
   <trkpt lon="-4.880895" lat="36.528766"><ele>148.0</ele></trkpt>
   <trkpt lon="-4.880605" lat="36.528878"><ele>149.8</ele></trkpt>
   <trkpt lon="-4.879649" lat="36.529162"><ele>154.6</ele></trkpt>
   <trkpt lon="-4.879372" lat="36.529268"><ele>155.8</ele></trkpt>
   <trkpt lon="-4.879145" lat="36.529379"><ele>156.9</ele></trkpt>
   <trkpt lon="-4.878726" lat="36.529621"><ele>161.3</ele></trkpt>
   <trkpt lon="-4.878172" lat="36.529981"><ele>169.2</ele></trkpt>
   <trkpt lon="-4.877957" lat="36.530109"><ele>171.4</ele></trkpt>
   <trkpt lon="-4.877555" lat="36.530320"><ele>175.8</ele></trkpt>
   <trkpt lon="-4.877380" lat="36.530388"><ele>177.3</ele></trkpt>
   <trkpt lon="-4.876441" lat="36.530713"><ele>177.6</ele></trkpt>
   <trkpt lon="-4.875941" lat="36.530895"><ele>181.4</ele></trkpt>
   <trkpt lon="-4.875697" lat="36.531003"><ele>183.6</ele></trkpt>
   <trkpt lon="-4.875457" lat="36.531123"><ele>185.0</ele></trkpt>
   <trkpt lon="-4.875239" lat="36.531241"><ele>185.9</ele></trkpt>
   <trkpt lon="-4.875038" lat="36.531364"><ele>186.7</ele></trkpt>
   <trkpt lon="-4.874680" lat="36.531622"><ele>187.2</ele></trkpt>
   <trkpt lon="-4.874334" lat="36.531895"><ele>192.4</ele></trkpt>
   <trkpt lon="-4.874033" lat="36.532132"><ele>193.8</ele></trkpt>
   <trkpt lon="-4.873590" lat="36.532482"><ele>203.9</ele></trkpt>
   <trkpt lon="-4.873422" lat="36.532612"><ele>205.4</ele></trkpt>
   <trkpt lon="-4.873239" lat="36.532725"><ele>206.4</ele></trkpt>
   <trkpt lon="-4.872955" lat="36.532873"><ele>207.5</ele></trkpt>
   <trkpt lon="-4.872655" lat="36.532989"><ele>207.8</ele></trkpt>
   <trkpt lon="-4.872056" lat="36.533187"><ele>208.0</ele></trkpt>
   <trkpt lon="-4.871796" lat="36.533272"><ele>209.6</ele></trkpt>
   <trkpt lon="-4.871244" lat="36.533417"><ele>213.5</ele></trkpt>
   <trkpt lon="-4.870212" lat="36.533654"><ele>219.0</ele></trkpt>
   <trkpt lon="-4.869778" lat="36.533775"><ele>219.4</ele></trkpt>
   <trkpt lon="-4.869497" lat="36.533896"><ele>219.9</ele></trkpt>
   <trkpt lon="-4.869290" lat="36.534007"><ele>220.7</ele></trkpt>
   <trkpt lon="-4.869099" lat="36.534134"><ele>222.7</ele></trkpt>
   <trkpt lon="-4.868894" lat="36.534299"><ele>225.4</ele></trkpt>
   <trkpt lon="-4.865960" lat="36.537041"><ele>247.1</ele></trkpt>
   <trkpt lon="-4.865767" lat="36.537233"><ele>252.3</ele></trkpt>
   <trkpt lon="-4.865638" lat="36.537387"><ele>256.2</ele></trkpt>
   <trkpt lon="-4.865548" lat="36.537508"><ele>258.5</ele></trkpt>
   <trkpt lon="-4.865423" lat="36.537780"><ele>259.1</ele></trkpt>
   <trkpt lon="-4.865373" lat="36.537935"><ele>257.9</ele></trkpt>
   <trkpt lon="-4.865299" lat="36.538231"><ele>256.4</ele></trkpt>
   <trkpt lon="-4.864979" lat="36.539728"><ele>271.9</ele></trkpt>
   <trkpt lon="-4.864596" lat="36.541622"><ele>283.9</ele></trkpt>
   <trkpt lon="-4.864365" lat="36.542598"><ele>292.3</ele></trkpt>
   <trkpt lon="-4.864300" lat="36.542826"><ele>293.1</ele></trkpt>
   <trkpt lon="-4.864231" lat="36.543005"><ele>293.0</ele></trkpt>
   <trkpt lon="-4.864119" lat="36.543218"><ele>293.6</ele></trkpt>
   <trkpt lon="-4.864004" lat="36.543391"><ele>294.5</ele></trkpt>
   <trkpt lon="-4.863883" lat="36.543535"><ele>296.4</ele></trkpt>
   <trkpt lon="-4.863755" lat="36.543670"><ele>298.5</ele></trkpt>
   <trkpt lon="-4.863594" lat="36.543812"><ele>301.0</ele></trkpt>
   <trkpt lon="-4.863442" lat="36.543927"><ele>302.7</ele></trkpt>
   <trkpt lon="-4.863262" lat="36.544041"><ele>305.3</ele></trkpt>
   <trkpt lon="-4.862672" lat="36.544381"><ele>318.5</ele></trkpt>
   <trkpt lon="-4.862452" lat="36.544520"><ele>321.4</ele></trkpt>
   <trkpt lon="-4.862265" lat="36.544660"><ele>321.9</ele></trkpt>
   <trkpt lon="-4.862052" lat="36.544842"><ele>320.2</ele></trkpt>
   <trkpt lon="-4.861888" lat="36.545014"><ele>318.3</ele></trkpt>
   <trkpt lon="-4.861774" lat="36.545166"><ele>317.0</ele></trkpt>
   <trkpt lon="-4.861705" lat="36.545271"><ele>316.2</ele></trkpt>
   <trkpt lon="-4.861648" lat="36.545372"><ele>315.6</ele></trkpt>
   <trkpt lon="-4.861592" lat="36.545490"><ele>315.5</ele></trkpt>
   <trkpt lon="-4.861489" lat="36.545775"><ele>317.9</ele></trkpt>
   <trkpt lon="-4.861456" lat="36.545916"><ele>319.6</ele></trkpt>
   <trkpt lon="-4.861430" lat="36.546121"><ele>322.3</ele></trkpt>
   <trkpt lon="-4.861383" lat="36.546747"><ele>320.0</ele></trkpt>
   <trkpt lon="-4.861345" lat="36.547304"><ele>318.7</ele></trkpt>
   <trkpt lon="-4.861255" lat="36.547465"><ele>316.4</ele></trkpt>
   <trkpt lon="-4.861159" lat="36.547706"><ele>315.4</ele></trkpt>
   <trkpt lon="-4.861006" lat="36.548222"><ele>321.1</ele></trkpt>
   <trkpt lon="-4.860959" lat="36.548282"><ele>321.7</ele></trkpt>
   <trkpt lon="-4.860910" lat="36.548330"><ele>322.2</ele></trkpt>
   <trkpt lon="-4.860819" lat="36.548409"><ele>323.2</ele></trkpt>
   <trkpt lon="-4.860656" lat="36.548478"><ele>322.2</ele></trkpt>
   <trkpt lon="-4.860536" lat="36.548510"><ele>323.5</ele></trkpt>
   <trkpt lon="-4.860321" lat="36.548602"><ele>327.0</ele></trkpt>
   <trkpt lon="-4.860266" lat="36.548654"><ele>327.8</ele></trkpt>
   <trkpt lon="-4.860250" lat="36.548700"><ele>328.5</ele></trkpt>
   <trkpt lon="-4.860259" lat="36.548772"><ele>329.4</ele></trkpt>
   <trkpt lon="-4.860279" lat="36.548833"><ele>330.4</ele></trkpt>
   <trkpt lon="-4.860297" lat="36.548870"><ele>331.2</ele></trkpt>
   <trkpt lon="-4.860326" lat="36.548906"><ele>330.5</ele></trkpt>
   <trkpt lon="-4.860392" lat="36.548948"><ele>330.1</ele></trkpt>
   <trkpt lon="-4.860473" lat="36.548967"><ele>330.8</ele></trkpt>
   <trkpt lon="-4.860710" lat="36.549136"><ele>332.0</ele></trkpt>
   <trkpt lon="-4.860737" lat="36.549182"><ele>331.9</ele></trkpt>
   <trkpt lon="-4.860745" lat="36.549225"><ele>331.5</ele></trkpt>
   <trkpt lon="-4.860740" lat="36.549299"><ele>330.2</ele></trkpt>
   <trkpt lon="-4.860631" lat="36.549515"><ele>323.9</ele></trkpt>
   <trkpt lon="-4.860623" lat="36.549598"><ele>322.5</ele></trkpt>
   <trkpt lon="-4.860657" lat="36.549680"><ele>322.5</ele></trkpt>
   <trkpt lon="-4.860693" lat="36.549725"><ele>322.9</ele></trkpt>
   <trkpt lon="-4.860794" lat="36.549821"><ele>324.5</ele></trkpt>
   <trkpt lon="-4.860811" lat="36.549865"><ele>324.4</ele></trkpt>
   <trkpt lon="-4.860811" lat="36.549913"><ele>323.9</ele></trkpt>
   <trkpt lon="-4.860796" lat="36.549964"><ele>323.1</ele></trkpt>
   <trkpt lon="-4.860770" lat="36.550003"><ele>322.1</ele></trkpt>
   <trkpt lon="-4.860720" lat="36.550036"><ele>320.5</ele></trkpt>
   <trkpt lon="-4.860463" lat="36.550147"><ele>312.3</ele></trkpt>
   <trkpt lon="-4.860356" lat="36.550205"><ele>308.6</ele></trkpt>
   <trkpt lon="-4.859789" lat="36.550605"><ele>301.9</ele></trkpt>
   <trkpt lon="-4.859741" lat="36.550664"><ele>301.9</ele></trkpt>
   <trkpt lon="-4.859718" lat="36.550730"><ele>302.9</ele></trkpt>
   <trkpt lon="-4.859719" lat="36.550866"><ele>306.5</ele></trkpt>
   <trkpt lon="-4.859736" lat="36.550933"><ele>308.5</ele></trkpt>
   <trkpt lon="-4.859766" lat="36.551004"><ele>309.3</ele></trkpt>
   <trkpt lon="-4.860070" lat="36.551392"><ele>312.7</ele></trkpt>
   <trkpt lon="-4.860123" lat="36.551440"><ele>312.7</ele></trkpt>
   <trkpt lon="-4.860201" lat="36.551478"><ele>313.9</ele></trkpt>
   <trkpt lon="-4.860279" lat="36.551498"><ele>316.0</ele></trkpt>
   <trkpt lon="-4.860492" lat="36.551505"><ele>321.0</ele></trkpt>
   <trkpt lon="-4.860561" lat="36.551519"><ele>322.3</ele></trkpt>
   <trkpt lon="-4.860607" lat="36.551546"><ele>322.3</ele></trkpt>
   <trkpt lon="-4.860656" lat="36.551585"><ele>321.2</ele></trkpt>
   <trkpt lon="-4.860685" lat="36.551638"><ele>319.0</ele></trkpt>
   <trkpt lon="-4.860712" lat="36.551708"><ele>316.3</ele></trkpt>
   <trkpt lon="-4.860731" lat="36.552249"><ele>296.0</ele></trkpt>
   <trkpt lon="-4.860766" lat="36.552330"><ele>295.5</ele></trkpt>
   <trkpt lon="-4.860826" lat="36.552413"><ele>296.5</ele></trkpt>
   <trkpt lon="-4.860959" lat="36.552546"><ele>299.5</ele></trkpt>
   <trkpt lon="-4.861079" lat="36.552647"><ele>302.4</ele></trkpt>
   <trkpt lon="-4.861501" lat="36.552927"><ele>307.9</ele></trkpt>
   <trkpt lon="-4.861584" lat="36.552994"><ele>308.0</ele></trkpt>
   <trkpt lon="-4.861659" lat="36.553071"><ele>307.8</ele></trkpt>
   <trkpt lon="-4.861686" lat="36.553125"><ele>306.7</ele></trkpt>
   <trkpt lon="-4.861689" lat="36.553199"><ele>304.1</ele></trkpt>
   <trkpt lon="-4.861667" lat="36.553260"><ele>301.3</ele></trkpt>
   <trkpt lon="-4.861590" lat="36.553330"><ele>298.0</ele></trkpt>
   <trkpt lon="-4.861368" lat="36.553496"><ele>297.8</ele></trkpt>
   <trkpt lon="-4.861270" lat="36.553540"><ele>297.3</ele></trkpt>
   <trkpt lon="-4.861153" lat="36.553579"><ele>297.5</ele></trkpt>
   <trkpt lon="-4.860689" lat="36.553636"><ele>298.1</ele></trkpt>
   <trkpt lon="-4.860489" lat="36.553679"><ele>301.3</ele></trkpt>
   <trkpt lon="-4.860295" lat="36.553699"><ele>303.3</ele></trkpt>
   <trkpt lon="-4.860237" lat="36.553716"><ele>304.4</ele></trkpt>
   <trkpt lon="-4.860170" lat="36.553762"><ele>306.4</ele></trkpt>
   <trkpt lon="-4.860123" lat="36.553816"><ele>308.3</ele></trkpt>
   <trkpt lon="-4.860110" lat="36.553869"><ele>309.6</ele></trkpt>
   <trkpt lon="-4.860110" lat="36.553931"><ele>311.1</ele></trkpt>
   <trkpt lon="-4.860125" lat="36.553986"><ele>312.3</ele></trkpt>
   <trkpt lon="-4.860151" lat="36.554035"><ele>310.9</ele></trkpt>
   <trkpt lon="-4.860198" lat="36.554085"><ele>309.3</ele></trkpt>
   <trkpt lon="-4.860342" lat="36.554207"><ele>307.1</ele></trkpt>
   <trkpt lon="-4.860515" lat="36.554321"><ele>309.7</ele></trkpt>
   <trkpt lon="-4.860907" lat="36.554614"><ele>308.9</ele></trkpt>
   <trkpt lon="-4.861017" lat="36.554741"><ele>306.4</ele></trkpt>
   <trkpt lon="-4.861242" lat="36.555125"><ele>296.8</ele></trkpt>
   <trkpt lon="-4.861397" lat="36.555521"><ele>292.6</ele></trkpt>
   <trkpt lon="-4.861577" lat="36.556045"><ele>291.5</ele></trkpt>
   <trkpt lon="-4.861628" lat="36.556116"><ele>292.9</ele></trkpt>
   <trkpt lon="-4.861800" lat="36.556269"><ele>295.3</ele></trkpt>
   <trkpt lon="-4.861836" lat="36.556315"><ele>295.2</ele></trkpt>
   <trkpt lon="-4.861859" lat="36.556363"><ele>294.6</ele></trkpt>
   <trkpt lon="-4.861864" lat="36.556421"><ele>294.3</ele></trkpt>
   <trkpt lon="-4.861845" lat="36.556474"><ele>294.0</ele></trkpt>
   <trkpt lon="-4.861803" lat="36.556530"><ele>293.4</ele></trkpt>
   <trkpt lon="-4.861734" lat="36.556570"><ele>292.3</ele></trkpt>
   <trkpt lon="-4.861661" lat="36.556590"><ele>291.1</ele></trkpt>
   <trkpt lon="-4.861422" lat="36.556580"><ele>284.5</ele></trkpt>
   <trkpt lon="-4.861209" lat="36.556596"><ele>279.2</ele></trkpt>
   <trkpt lon="-4.860431" lat="36.556718"><ele>278.8</ele></trkpt>
   <trkpt lon="-4.859132" lat="36.557058"><ele>283.4</ele></trkpt>
   <trkpt lon="-4.858869" lat="36.557120"><ele>284.7</ele></trkpt>
   <trkpt lon="-4.858754" lat="36.557159"><ele>285.3</ele></trkpt>
   <trkpt lon="-4.858666" lat="36.557206"><ele>285.7</ele></trkpt>
   <trkpt lon="-4.858632" lat="36.557231"><ele>286.0</ele></trkpt>
   <trkpt lon="-4.858595" lat="36.557294"><ele>286.6</ele></trkpt>
   <trkpt lon="-4.858572" lat="36.557356"><ele>287.3</ele></trkpt>
   <trkpt lon="-4.858520" lat="36.557691"><ele>289.4</ele></trkpt>
   <trkpt lon="-4.858504" lat="36.557781"><ele>290.1</ele></trkpt>
   <trkpt lon="-4.858477" lat="36.557838"><ele>290.5</ele></trkpt>
   <trkpt lon="-4.858423" lat="36.557882"><ele>290.2</ele></trkpt>
   <trkpt lon="-4.858176" lat="36.558019"><ele>289.1</ele></trkpt>
   <trkpt lon="-4.858096" lat="36.558087"><ele>289.8</ele></trkpt>
   <trkpt lon="-4.858034" lat="36.558166"><ele>289.4</ele></trkpt>
   <trkpt lon="-4.858000" lat="36.558292"><ele>288.9</ele></trkpt>
   <trkpt lon="-4.857990" lat="36.558418"><ele>288.6</ele></trkpt>
   <trkpt lon="-4.858022" lat="36.558551"><ele>289.3</ele></trkpt>
   <trkpt lon="-4.858100" lat="36.558686"><ele>291.3</ele></trkpt>
   <trkpt lon="-4.858119" lat="36.558780"><ele>291.9</ele></trkpt>
   <trkpt lon="-4.858105" lat="36.558853"><ele>293.2</ele></trkpt>
   <trkpt lon="-4.858052" lat="36.558925"><ele>293.6</ele></trkpt>
   <trkpt lon="-4.857989" lat="36.558967"><ele>293.4</ele></trkpt>
   <trkpt lon="-4.857905" lat="36.558983"><ele>292.1</ele></trkpt>
   <trkpt lon="-4.857796" lat="36.558988"><ele>290.2</ele></trkpt>
   <trkpt lon="-4.857721" lat="36.559017"><ele>289.7</ele></trkpt>
   <trkpt lon="-4.857647" lat="36.559054"><ele>289.4</ele></trkpt>
   <trkpt lon="-4.857592" lat="36.559118"><ele>289.9</ele></trkpt>
   <trkpt lon="-4.857571" lat="36.559200"><ele>290.0</ele></trkpt>
   <trkpt lon="-4.857571" lat="36.559274"><ele>290.5</ele></trkpt>
   <trkpt lon="-4.857595" lat="36.559353"><ele>291.5</ele></trkpt>
   <trkpt lon="-4.857658" lat="36.559451"><ele>293.9</ele></trkpt>
   <trkpt lon="-4.857890" lat="36.559749"><ele>298.3</ele></trkpt>
   <trkpt lon="-4.857965" lat="36.559857"><ele>300.5</ele></trkpt>
   <trkpt lon="-4.857951" lat="36.559881"><ele>300.2</ele></trkpt>
   <trkpt lon="-4.857947" lat="36.559912"><ele>300.3</ele></trkpt>
   <trkpt lon="-4.857949" lat="36.560011"><ele>300.9</ele></trkpt>
   <trkpt lon="-4.857954" lat="36.560081"><ele>301.3</ele></trkpt>
   <trkpt lon="-4.857974" lat="36.560151"><ele>301.8</ele></trkpt>
   <trkpt lon="-4.858014" lat="36.560402"><ele>303.1</ele></trkpt>
   <trkpt lon="-4.858033" lat="36.560475"><ele>303.7</ele></trkpt>
   <trkpt lon="-4.858064" lat="36.560531"><ele>303.0</ele></trkpt>
   <trkpt lon="-4.858111" lat="36.560580"><ele>302.9</ele></trkpt>
   <trkpt lon="-4.858175" lat="36.560617"><ele>303.4</ele></trkpt>
   <trkpt lon="-4.858258" lat="36.560650"><ele>304.6</ele></trkpt>
   <trkpt lon="-4.858593" lat="36.560747"><ele>310.7</ele></trkpt>
   <trkpt lon="-4.858680" lat="36.560786"><ele>312.4</ele></trkpt>
   <trkpt lon="-4.858777" lat="36.560833"><ele>313.9</ele></trkpt>
   <trkpt lon="-4.858916" lat="36.560914"><ele>314.2</ele></trkpt>
   <trkpt lon="-4.858978" lat="36.560981"><ele>313.3</ele></trkpt>
   <trkpt lon="-4.859005" lat="36.561049"><ele>311.5</ele></trkpt>
   <trkpt lon="-4.859011" lat="36.561123"><ele>308.9</ele></trkpt>
   <trkpt lon="-4.858981" lat="36.561292"><ele>304.9</ele></trkpt>
   <trkpt lon="-4.858983" lat="36.561383"><ele>304.0</ele></trkpt>
   <trkpt lon="-4.859008" lat="36.561454"><ele>304.1</ele></trkpt>
   <trkpt lon="-4.859385" lat="36.561935"><ele>312.6</ele></trkpt>
   <trkpt lon="-4.859419" lat="36.562009"><ele>313.1</ele></trkpt>
   <trkpt lon="-4.859442" lat="36.562081"><ele>313.0</ele></trkpt>
   <trkpt lon="-4.859435" lat="36.562165"><ele>311.6</ele></trkpt>
   <trkpt lon="-4.859394" lat="36.562254"><ele>310.9</ele></trkpt>
   <trkpt lon="-4.859332" lat="36.562321"><ele>309.7</ele></trkpt>
   <trkpt lon="-4.859111" lat="36.562514"><ele>305.6</ele></trkpt>
   <trkpt lon="-4.859069" lat="36.562560"><ele>305.0</ele></trkpt>
   <trkpt lon="-4.859038" lat="36.562621"><ele>304.7</ele></trkpt>
   <trkpt lon="-4.859002" lat="36.562782"><ele>305.0</ele></trkpt>
   <trkpt lon="-4.858984" lat="36.563108"><ele>306.1</ele></trkpt>
   <trkpt lon="-4.859012" lat="36.563236"><ele>307.6</ele></trkpt>
   <trkpt lon="-4.859036" lat="36.563302"><ele>308.1</ele></trkpt>
   <trkpt lon="-4.859080" lat="36.563361"><ele>309.5</ele></trkpt>
   <trkpt lon="-4.859130" lat="36.563413"><ele>311.2</ele></trkpt>
   <trkpt lon="-4.859282" lat="36.563534"><ele>316.4</ele></trkpt>
   <trkpt lon="-4.859347" lat="36.563603"><ele>317.9</ele></trkpt>
   <trkpt lon="-4.859374" lat="36.563648"><ele>318.2</ele></trkpt>
   <trkpt lon="-4.859391" lat="36.563694"><ele>318.0</ele></trkpt>
   <trkpt lon="-4.859394" lat="36.563768"><ele>316.7</ele></trkpt>
   <trkpt lon="-4.859373" lat="36.563874"><ele>313.6</ele></trkpt>
   <trkpt lon="-4.859351" lat="36.563927"><ele>312.2</ele></trkpt>
   <trkpt lon="-4.859340" lat="36.563985"><ele>311.7</ele></trkpt>
   <trkpt lon="-4.859339" lat="36.564037"><ele>311.7</ele></trkpt>
   <trkpt lon="-4.859403" lat="36.564326"><ele>315.9</ele></trkpt>
   <trkpt lon="-4.859390" lat="36.564370"><ele>316.0</ele></trkpt>
   <trkpt lon="-4.859363" lat="36.564411"><ele>315.5</ele></trkpt>
   <trkpt lon="-4.859316" lat="36.564451"><ele>314.2</ele></trkpt>
   <trkpt lon="-4.859252" lat="36.564491"><ele>312.4</ele></trkpt>
   <trkpt lon="-4.858989" lat="36.564629"><ele>306.2</ele></trkpt>
   <trkpt lon="-4.858869" lat="36.564709"><ele>305.7</ele></trkpt>
   <trkpt lon="-4.858836" lat="36.564731"><ele>305.9</ele></trkpt>
   <trkpt lon="-4.858731" lat="36.564841"><ele>307.6</ele></trkpt>
   <trkpt lon="-4.858598" lat="36.564981"><ele>309.7</ele></trkpt>
   <trkpt lon="-4.858510" lat="36.565036"><ele>311.7</ele></trkpt>
   <trkpt lon="-4.858431" lat="36.565079"><ele>313.6</ele></trkpt>
   <trkpt lon="-4.858127" lat="36.565192"><ele>320.6</ele></trkpt>
   <trkpt lon="-4.857948" lat="36.565248"><ele>326.4</ele></trkpt>
   <trkpt lon="-4.857888" lat="36.565252"><ele>327.8</ele></trkpt>
   <trkpt lon="-4.857834" lat="36.565244"><ele>328.3</ele></trkpt>
   <trkpt lon="-4.857760" lat="36.565200"><ele>327.8</ele></trkpt>
   <trkpt lon="-4.857536" lat="36.565482"><ele>343.0</ele></trkpt>
   <trkpt lon="-4.857500" lat="36.565562"><ele>346.8</ele></trkpt>
   <trkpt lon="-4.857491" lat="36.565921"><ele>351.0</ele></trkpt>
   <trkpt lon="-4.857592" lat="36.565951"><ele>348.6</ele></trkpt>
   <trkpt lon="-4.857606" lat="36.565968"><ele>348.2</ele></trkpt>
   <trkpt lon="-4.857888" lat="36.566521"><ele>345.6</ele></trkpt>
   <trkpt lon="-4.858156" lat="36.566909"><ele>347.7</ele></trkpt>
   <trkpt lon="-4.858156" lat="36.566909"><ele>347.7</ele></trkpt>
   <trkpt lon="-4.857888" lat="36.566521"><ele>345.6</ele></trkpt>
   <trkpt lon="-4.857606" lat="36.565968"><ele>348.2</ele></trkpt>
   <trkpt lon="-4.857592" lat="36.565951"><ele>348.6</ele></trkpt>
   <trkpt lon="-4.857491" lat="36.565921"><ele>351.0</ele></trkpt>
   <trkpt lon="-4.857500" lat="36.565562"><ele>346.8</ele></trkpt>
   <trkpt lon="-4.857536" lat="36.565482"><ele>343.0</ele></trkpt>
   <trkpt lon="-4.857760" lat="36.565200"><ele>327.8</ele></trkpt>
   <trkpt lon="-4.857664" lat="36.565128"><ele>326.3</ele></trkpt>
   <trkpt lon="-4.857593" lat="36.565092"><ele>325.6</ele></trkpt>
   <trkpt lon="-4.857516" lat="36.565060"><ele>324.7</ele></trkpt>
   <trkpt lon="-4.857459" lat="36.565044"><ele>323.7</ele></trkpt>
   <trkpt lon="-4.857348" lat="36.565031"><ele>322.3</ele></trkpt>
   <trkpt lon="-4.857265" lat="36.565028"><ele>321.7</ele></trkpt>
   <trkpt lon="-4.857184" lat="36.565038"><ele>321.5</ele></trkpt>
   <trkpt lon="-4.857118" lat="36.565053"><ele>321.6</ele></trkpt>
   <trkpt lon="-4.856937" lat="36.565103"><ele>322.3</ele></trkpt>
   <trkpt lon="-4.856762" lat="36.565141"><ele>322.4</ele></trkpt>
   <trkpt lon="-4.856455" lat="36.565158"><ele>321.0</ele></trkpt>
   <trkpt lon="-4.856359" lat="36.565163"><ele>321.0</ele></trkpt>
   <trkpt lon="-4.856282" lat="36.565166"><ele>321.0</ele></trkpt>
   <trkpt lon="-4.855864" lat="36.565184"><ele>325.4</ele></trkpt>
   <trkpt lon="-4.855757" lat="36.565179"><ele>326.9</ele></trkpt>
   <trkpt lon="-4.855679" lat="36.565157"><ele>327.8</ele></trkpt>
   <trkpt lon="-4.855406" lat="36.565044"><ele>329.8</ele></trkpt>
   <trkpt lon="-4.855236" lat="36.564984"><ele>330.5</ele></trkpt>
   <trkpt lon="-4.854957" lat="36.564797"><ele>327.1</ele></trkpt>
   <trkpt lon="-4.854923" lat="36.564770"><ele>326.4</ele></trkpt>
   <trkpt lon="-4.854893" lat="36.564744"><ele>325.8</ele></trkpt>
   <trkpt lon="-4.854855" lat="36.564715"><ele>325.1</ele></trkpt>
   <trkpt lon="-4.854782" lat="36.564689"><ele>323.9</ele></trkpt>
   <trkpt lon="-4.854634" lat="36.564646"><ele>320.9</ele></trkpt>
   <trkpt lon="-4.854545" lat="36.564646"><ele>319.7</ele></trkpt>
   <trkpt lon="-4.854138" lat="36.564738"><ele>318.4</ele></trkpt>
   <trkpt lon="-4.853729" lat="36.564832"><ele>318.2</ele></trkpt>
   <trkpt lon="-4.853223" lat="36.564984"><ele>317.8</ele></trkpt>
   <trkpt lon="-4.852967" lat="36.565221"><ele>317.6</ele></trkpt>
   <trkpt lon="-4.852899" lat="36.565438"><ele>317.2</ele></trkpt>
   <trkpt lon="-4.852838" lat="36.565593"><ele>315.4</ele></trkpt>
   <trkpt lon="-4.852766" lat="36.565739"><ele>315.3</ele></trkpt>
   <trkpt lon="-4.852635" lat="36.565982"><ele>314.2</ele></trkpt>
   <trkpt lon="-4.852626" lat="36.566064"><ele>314.4</ele></trkpt>
   <trkpt lon="-4.852637" lat="36.566142"><ele>315.4</ele></trkpt>
   <trkpt lon="-4.852753" lat="36.566520"><ele>321.5</ele></trkpt>
   <trkpt lon="-4.853003" lat="36.567019"><ele>330.0</ele></trkpt>
   <trkpt lon="-4.853019" lat="36.567091"><ele>331.1</ele></trkpt>
   <trkpt lon="-4.853012" lat="36.567160"><ele>331.4</ele></trkpt>
   <trkpt lon="-4.852974" lat="36.567231"><ele>331.2</ele></trkpt>
   <trkpt lon="-4.852868" lat="36.567320"><ele>331.4</ele></trkpt>
   <trkpt lon="-4.852821" lat="36.567336"><ele>331.7</ele></trkpt>
   <trkpt lon="-4.852764" lat="36.567340"><ele>331.2</ele></trkpt>
   <trkpt lon="-4.852718" lat="36.567336"><ele>330.6</ele></trkpt>
   <trkpt lon="-4.852583" lat="36.567295"><ele>327.0</ele></trkpt>
   <trkpt lon="-4.852465" lat="36.567279"><ele>325.2</ele></trkpt>
   <trkpt lon="-4.852363" lat="36.567276"><ele>323.8</ele></trkpt>
   <trkpt lon="-4.852224" lat="36.567292"><ele>322.9</ele></trkpt>
   <trkpt lon="-4.852073" lat="36.567321"><ele>322.9</ele></trkpt>
   <trkpt lon="-4.851848" lat="36.567337"><ele>319.8</ele></trkpt>
   <trkpt lon="-4.851705" lat="36.567370"><ele>318.9</ele></trkpt>
   <trkpt lon="-4.851584" lat="36.567407"><ele>317.9</ele></trkpt>
   <trkpt lon="-4.851452" lat="36.567463"><ele>317.2</ele></trkpt>
   <trkpt lon="-4.851330" lat="36.567520"><ele>315.8</ele></trkpt>
   <trkpt lon="-4.851217" lat="36.567591"><ele>314.7</ele></trkpt>
   <trkpt lon="-4.851127" lat="36.567669"><ele>314.3</ele></trkpt>
   <trkpt lon="-4.851065" lat="36.567745"><ele>314.5</ele></trkpt>
   <trkpt lon="-4.850955" lat="36.567929"><ele>316.5</ele></trkpt>
   <trkpt lon="-4.850904" lat="36.568071"><ele>319.7</ele></trkpt>
   <trkpt lon="-4.850836" lat="36.568308"><ele>326.9</ele></trkpt>
   <trkpt lon="-4.850784" lat="36.568371"><ele>328.4</ele></trkpt>
   <trkpt lon="-4.850641" lat="36.568462"><ele>331.1</ele></trkpt>
   <trkpt lon="-4.850557" lat="36.568477"><ele>331.0</ele></trkpt>
   <trkpt lon="-4.850295" lat="36.568470"><ele>326.2</ele></trkpt>
   <trkpt lon="-4.850182" lat="36.568482"><ele>324.2</ele></trkpt>
   <trkpt lon="-4.850083" lat="36.568528"><ele>324.6</ele></trkpt>
   <trkpt lon="-4.849883" lat="36.568656"><ele>326.6</ele></trkpt>
   <trkpt lon="-4.849699" lat="36.568752"><ele>327.0</ele></trkpt>
   <trkpt lon="-4.849495" lat="36.568838"><ele>323.6</ele></trkpt>
   <trkpt lon="-4.849345" lat="36.568922"><ele>322.0</ele></trkpt>
   <trkpt lon="-4.849261" lat="36.568982"><ele>320.9</ele></trkpt>
   <trkpt lon="-4.849207" lat="36.569042"><ele>320.8</ele></trkpt>
   <trkpt lon="-4.849171" lat="36.569114"><ele>321.4</ele></trkpt>
   <trkpt lon="-4.849159" lat="36.569194"><ele>323.6</ele></trkpt>
   <trkpt lon="-4.849227" lat="36.569564"><ele>337.9</ele></trkpt>
   <trkpt lon="-4.849219" lat="36.569640"><ele>339.2</ele></trkpt>
   <trkpt lon="-4.849164" lat="36.569722"><ele>339.5</ele></trkpt>
   <trkpt lon="-4.849061" lat="36.569797"><ele>340.1</ele></trkpt>
   <trkpt lon="-4.848948" lat="36.569831"><ele>338.8</ele></trkpt>
   <trkpt lon="-4.848840" lat="36.569846"><ele>336.6</ele></trkpt>
   <trkpt lon="-4.848604" lat="36.569856"><ele>329.3</ele></trkpt>
   <trkpt lon="-4.848496" lat="36.569882"><ele>326.9</ele></trkpt>
   <trkpt lon="-4.848391" lat="36.569933"><ele>326.7</ele></trkpt>
   <trkpt lon="-4.848220" lat="36.570070"><ele>327.8</ele></trkpt>
   <trkpt lon="-4.847967" lat="36.570289"><ele>328.0</ele></trkpt>
   <trkpt lon="-4.847910" lat="36.570356"><ele>329.0</ele></trkpt>
   <trkpt lon="-4.847863" lat="36.570439"><ele>330.6</ele></trkpt>
   <trkpt lon="-4.847741" lat="36.570736"><ele>337.5</ele></trkpt>
   <trkpt lon="-4.847664" lat="36.570868"><ele>338.5</ele></trkpt>
   <trkpt lon="-4.847579" lat="36.570994"><ele>339.1</ele></trkpt>
   <trkpt lon="-4.847404" lat="36.571199"><ele>337.0</ele></trkpt>
   <trkpt lon="-4.847370" lat="36.571256"><ele>337.0</ele></trkpt>
   <trkpt lon="-4.847350" lat="36.571318"><ele>337.9</ele></trkpt>
   <trkpt lon="-4.847351" lat="36.571372"><ele>339.5</ele></trkpt>
   <trkpt lon="-4.847367" lat="36.571432"><ele>341.3</ele></trkpt>
   <trkpt lon="-4.847397" lat="36.571492"><ele>343.0</ele></trkpt>
   <trkpt lon="-4.847762" lat="36.572012"><ele>358.3</ele></trkpt>
   <trkpt lon="-4.847831" lat="36.572084"><ele>360.7</ele></trkpt>
   <trkpt lon="-4.848002" lat="36.572231"><ele>365.8</ele></trkpt>
   <trkpt lon="-4.848094" lat="36.572299"><ele>367.9</ele></trkpt>
   <trkpt lon="-4.848199" lat="36.572352"><ele>370.9</ele></trkpt>
   <trkpt lon="-4.848338" lat="36.572392"><ele>375.7</ele></trkpt>
   <trkpt lon="-4.848445" lat="36.572445"><ele>378.2</ele></trkpt>
   <trkpt lon="-4.848579" lat="36.572547"><ele>379.1</ele></trkpt>
   <trkpt lon="-4.848702" lat="36.572681"><ele>376.9</ele></trkpt>
   <trkpt lon="-4.848866" lat="36.573060"><ele>375.5</ele></trkpt>
   <trkpt lon="-4.849116" lat="36.573469"><ele>378.9</ele></trkpt>
   <trkpt lon="-4.849280" lat="36.573601"><ele>382.0</ele></trkpt>
   <trkpt lon="-4.849546" lat="36.573719"><ele>387.4</ele></trkpt>
   <trkpt lon="-4.849619" lat="36.573766"><ele>388.5</ele></trkpt>
   <trkpt lon="-4.849684" lat="36.573814"><ele>389.3</ele></trkpt>
   <trkpt lon="-4.849742" lat="36.573878"><ele>389.7</ele></trkpt>
   <trkpt lon="-4.849786" lat="36.573970"><ele>389.2</ele></trkpt>
   <trkpt lon="-4.849827" lat="36.574112"><ele>387.4</ele></trkpt>
   <trkpt lon="-4.849879" lat="36.574211"><ele>387.9</ele></trkpt>
   <trkpt lon="-4.849929" lat="36.574282"><ele>388.8</ele></trkpt>
   <trkpt lon="-4.850157" lat="36.574494"><ele>393.6</ele></trkpt>
   <trkpt lon="-4.850196" lat="36.574556"><ele>394.2</ele></trkpt>
   <trkpt lon="-4.850229" lat="36.574640"><ele>394.5</ele></trkpt>
   <trkpt lon="-4.850254" lat="36.574826"><ele>394.0</ele></trkpt>
   <trkpt lon="-4.850275" lat="36.574891"><ele>394.3</ele></trkpt>
   <trkpt lon="-4.850321" lat="36.574956"><ele>395.2</ele></trkpt>
   <trkpt lon="-4.850381" lat="36.574998"><ele>396.5</ele></trkpt>
   <trkpt lon="-4.850504" lat="36.575042"><ele>399.5</ele></trkpt>
   <trkpt lon="-4.850711" lat="36.575097"><ele>404.7</ele></trkpt>
   <trkpt lon="-4.850786" lat="36.575152"><ele>406.0</ele></trkpt>
   <trkpt lon="-4.850890" lat="36.575264"><ele>406.2</ele></trkpt>
   <trkpt lon="-4.850977" lat="36.575334"><ele>406.9</ele></trkpt>
   <trkpt lon="-4.851240" lat="36.575490"><ele>410.7</ele></trkpt>
   <trkpt lon="-4.851308" lat="36.575556"><ele>411.9</ele></trkpt>
   <trkpt lon="-4.851339" lat="36.575639"><ele>412.3</ele></trkpt>
   <trkpt lon="-4.851344" lat="36.575727"><ele>412.2</ele></trkpt>
   <trkpt lon="-4.851328" lat="36.575779"><ele>411.8</ele></trkpt>
   <trkpt lon="-4.851287" lat="36.575846"><ele>411.1</ele></trkpt>
   <trkpt lon="-4.851216" lat="36.575919"><ele>410.8</ele></trkpt>
   <trkpt lon="-4.851083" lat="36.576012"><ele>409.0</ele></trkpt>
   <trkpt lon="-4.851008" lat="36.576078"><ele>407.6</ele></trkpt>
   <trkpt lon="-4.850967" lat="36.576147"><ele>406.9</ele></trkpt>
   <trkpt lon="-4.850939" lat="36.576227"><ele>407.0</ele></trkpt>
   <trkpt lon="-4.850913" lat="36.576357"><ele>408.1</ele></trkpt>
   <trkpt lon="-4.850781" lat="36.577079"><ele>411.1</ele></trkpt>
   <trkpt lon="-4.850607" lat="36.577589"><ele>417.0</ele></trkpt>
   <trkpt lon="-4.850600" lat="36.577674"><ele>418.3</ele></trkpt>
   <trkpt lon="-4.850609" lat="36.577785"><ele>420.6</ele></trkpt>
   <trkpt lon="-4.850692" lat="36.578086"><ele>427.4</ele></trkpt>
   <trkpt lon="-4.850706" lat="36.578227"><ele>429.5</ele></trkpt>
   <trkpt lon="-4.850702" lat="36.578282"><ele>429.8</ele></trkpt>
   <trkpt lon="-4.850690" lat="36.578322"><ele>429.9</ele></trkpt>
   <trkpt lon="-4.850577" lat="36.578635"><ele>430.8</ele></trkpt>
   <trkpt lon="-4.850570" lat="36.578690"><ele>431.9</ele></trkpt>
   <trkpt lon="-4.850580" lat="36.578740"><ele>433.4</ele></trkpt>
   <trkpt lon="-4.850611" lat="36.578797"><ele>435.6</ele></trkpt>
   <trkpt lon="-4.850656" lat="36.578843"><ele>437.8</ele></trkpt>
   <trkpt lon="-4.850712" lat="36.578878"><ele>439.9</ele></trkpt>
   <trkpt lon="-4.850771" lat="36.578897"><ele>441.5</ele></trkpt>
   <trkpt lon="-4.850840" lat="36.578907"><ele>443.0</ele></trkpt>
   <trkpt lon="-4.850909" lat="36.578903"><ele>444.1</ele></trkpt>
   <trkpt lon="-4.850972" lat="36.578883"><ele>445.0</ele></trkpt>
   <trkpt lon="-4.851022" lat="36.578847"><ele>445.4</ele></trkpt>
   <trkpt lon="-4.851064" lat="36.578790"><ele>445.6</ele></trkpt>
   <trkpt lon="-4.851087" lat="36.578716"><ele>445.4</ele></trkpt>
   <trkpt lon="-4.851093" lat="36.578648"><ele>444.7</ele></trkpt>
   <trkpt lon="-4.851064" lat="36.577612"><ele>436.3</ele></trkpt>
   <trkpt lon="-4.851078" lat="36.577539"><ele>435.6</ele></trkpt>
   <trkpt lon="-4.851138" lat="36.577461"><ele>436.9</ele></trkpt>
   <trkpt lon="-4.851198" lat="36.577430"><ele>439.3</ele></trkpt>
   <trkpt lon="-4.851267" lat="36.577419"><ele>442.6</ele></trkpt>
   <trkpt lon="-4.851348" lat="36.577430"><ele>447.1</ele></trkpt>
   <trkpt lon="-4.851420" lat="36.577460"><ele>451.3</ele></trkpt>
   <trkpt lon="-4.851470" lat="36.577502"><ele>454.5</ele></trkpt>
   <trkpt lon="-4.851492" lat="36.577555"><ele>456.4</ele></trkpt>
   <trkpt lon="-4.851503" lat="36.577622"><ele>457.3</ele></trkpt>
   <trkpt lon="-4.851487" lat="36.578625"><ele>456.2</ele></trkpt>
   <trkpt lon="-4.851497" lat="36.578754"><ele>457.3</ele></trkpt>
   <trkpt lon="-4.851509" lat="36.578815"><ele>458.1</ele></trkpt>
   <trkpt lon="-4.851531" lat="36.578876"><ele>459.3</ele></trkpt>
   <trkpt lon="-4.851568" lat="36.578937"><ele>461.0</ele></trkpt>
   <trkpt lon="-4.851736" lat="36.579167"><ele>468.2</ele></trkpt>
   <trkpt lon="-4.851764" lat="36.579212"><ele>469.5</ele></trkpt>
   <trkpt lon="-4.851784" lat="36.579265"><ele>470.9</ele></trkpt>
   <trkpt lon="-4.851782" lat="36.579311"><ele>471.8</ele></trkpt>
   <trkpt lon="-4.851762" lat="36.579364"><ele>472.4</ele></trkpt>
   <trkpt lon="-4.851687" lat="36.579472"><ele>474.1</ele></trkpt>
   <trkpt lon="-4.851660" lat="36.579500"><ele>474.6</ele></trkpt>
   <trkpt lon="-4.851613" lat="36.579528"><ele>475.3</ele></trkpt>
   <trkpt lon="-4.851544" lat="36.579542"><ele>475.2</ele></trkpt>
   <trkpt lon="-4.851471" lat="36.579543"><ele>474.9</ele></trkpt>
   <trkpt lon="-4.851276" lat="36.579519"><ele>471.9</ele></trkpt>
   <trkpt lon="-4.851055" lat="36.579515"><ele>469.3</ele></trkpt>
   <trkpt lon="-4.850887" lat="36.579539"><ele>467.6</ele></trkpt>
   <trkpt lon="-4.850820" lat="36.579560"><ele>467.3</ele></trkpt>
   <trkpt lon="-4.850751" lat="36.579597"><ele>467.7</ele></trkpt>
   <trkpt lon="-4.850697" lat="36.579641"><ele>467.9</ele></trkpt>
   <trkpt lon="-4.850653" lat="36.579697"><ele>468.6</ele></trkpt>
   <trkpt lon="-4.850597" lat="36.579814"><ele>470.8</ele></trkpt>
   <trkpt lon="-4.850583" lat="36.579881"><ele>472.4</ele></trkpt>
   <trkpt lon="-4.850587" lat="36.579956"><ele>474.3</ele></trkpt>
   <trkpt lon="-4.850636" lat="36.580195"><ele>477.1</ele></trkpt>
   <trkpt lon="-4.850751" lat="36.580638"><ele>480.4</ele></trkpt>
   <trkpt lon="-4.850769" lat="36.580703"><ele>481.7</ele></trkpt>
   <trkpt lon="-4.850807" lat="36.580763"><ele>483.5</ele></trkpt>
   <trkpt lon="-4.850867" lat="36.580802"><ele>485.9</ele></trkpt>
   <trkpt lon="-4.850942" lat="36.580828"><ele>488.6</ele></trkpt>
   <trkpt lon="-4.851022" lat="36.580836"><ele>491.3</ele></trkpt>
   <trkpt lon="-4.851097" lat="36.580812"><ele>493.9</ele></trkpt>
   <trkpt lon="-4.851146" lat="36.580776"><ele>495.8</ele></trkpt>
   <trkpt lon="-4.851170" lat="36.580723"><ele>497.2</ele></trkpt>
   <trkpt lon="-4.851170" lat="36.580669"><ele>497.8</ele></trkpt>
   <trkpt lon="-4.851155" lat="36.580610"><ele>497.9</ele></trkpt>
   <trkpt lon="-4.851119" lat="36.580548"><ele>496.9</ele></trkpt>
   <trkpt lon="-4.850956" lat="36.580361"><ele>491.3</ele></trkpt>
   <trkpt lon="-4.850925" lat="36.580312"><ele>490.3</ele></trkpt>
   <trkpt lon="-4.850914" lat="36.580250"><ele>489.7</ele></trkpt>
   <trkpt lon="-4.850942" lat="36.580128"><ele>489.3</ele></trkpt>
   <trkpt lon="-4.850974" lat="36.580065"><ele>489.8</ele></trkpt>
   <trkpt lon="-4.851012" lat="36.580016"><ele>490.5</ele></trkpt>
   <trkpt lon="-4.851071" lat="36.579968"><ele>491.7</ele></trkpt>
   <trkpt lon="-4.851151" lat="36.579938"><ele>492.8</ele></trkpt>
   <trkpt lon="-4.851233" lat="36.579925"><ele>493.9</ele></trkpt>
   <trkpt lon="-4.851310" lat="36.579927"><ele>495.4</ele></trkpt>
   <trkpt lon="-4.851396" lat="36.579937"><ele>497.9</ele></trkpt>
   <trkpt lon="-4.851955" lat="36.580072"><ele>504.6</ele></trkpt>
   <trkpt lon="-4.852450" lat="36.580196"><ele>509.0</ele></trkpt>
   <trkpt lon="-4.852551" lat="36.580228"><ele>510.2</ele></trkpt>
   <trkpt lon="-4.852621" lat="36.580260"><ele>511.3</ele></trkpt>
   <trkpt lon="-4.852667" lat="36.580313"><ele>513.3</ele></trkpt>
   <trkpt lon="-4.852679" lat="36.580381"><ele>516.3</ele></trkpt>
   <trkpt lon="-4.852657" lat="36.580444"><ele>519.5</ele></trkpt>
   <trkpt lon="-4.852617" lat="36.580487"><ele>521.9</ele></trkpt>
   <trkpt lon="-4.852562" lat="36.580517"><ele>524.0</ele></trkpt>
   <trkpt lon="-4.852480" lat="36.580526"><ele>525.4</ele></trkpt>
   <trkpt lon="-4.852387" lat="36.580512"><ele>525.5</ele></trkpt>
   <trkpt lon="-4.852328" lat="36.580474"><ele>523.7</ele></trkpt>
   <trkpt lon="-4.852258" lat="36.580419"><ele>521.4</ele></trkpt>
   <trkpt lon="-4.852137" lat="36.580291"><ele>517.0</ele></trkpt>
   <trkpt lon="-4.852048" lat="36.580233"><ele>514.3</ele></trkpt>
   <trkpt lon="-4.851951" lat="36.580192"><ele>511.7</ele></trkpt>
   <trkpt lon="-4.851846" lat="36.580169"><ele>510.3</ele></trkpt>
   <trkpt lon="-4.851726" lat="36.580170"><ele>510.1</ele></trkpt>
   <trkpt lon="-4.851638" lat="36.580185"><ele>509.5</ele></trkpt>
   <trkpt lon="-4.851574" lat="36.580219"><ele>510.0</ele></trkpt>
   <trkpt lon="-4.851527" lat="36.580278"><ele>511.5</ele></trkpt>
   <trkpt lon="-4.851511" lat="36.580345"><ele>511.3</ele></trkpt>
   <trkpt lon="-4.851517" lat="36.580400"><ele>511.6</ele></trkpt>
   <trkpt lon="-4.851560" lat="36.580468"><ele>512.9</ele></trkpt>
   <trkpt lon="-4.852003" lat="36.580849"><ele>523.4</ele></trkpt>
   <trkpt lon="-4.852076" lat="36.580922"><ele>525.1</ele></trkpt>
   <trkpt lon="-4.852131" lat="36.580995"><ele>526.0</ele></trkpt>
   <trkpt lon="-4.852191" lat="36.581126"><ele>526.0</ele></trkpt>
   <trkpt lon="-4.852217" lat="36.581207"><ele>525.7</ele></trkpt>
   <trkpt lon="-4.852291" lat="36.581501"><ele>526.4</ele></trkpt>
   <trkpt lon="-4.852330" lat="36.581617"><ele>527.6</ele></trkpt>
   <trkpt lon="-4.852378" lat="36.581700"><ele>529.1</ele></trkpt>
   <trkpt lon="-4.852546" lat="36.581941"><ele>534.2</ele></trkpt>
   <trkpt lon="-4.852574" lat="36.582004"><ele>535.1</ele></trkpt>
   <trkpt lon="-4.852576" lat="36.582063"><ele>535.5</ele></trkpt>
   <trkpt lon="-4.852557" lat="36.582134"><ele>535.3</ele></trkpt>
   <trkpt lon="-4.852414" lat="36.582358"><ele>531.6</ele></trkpt>
   <trkpt lon="-4.852374" lat="36.582438"><ele>530.3</ele></trkpt>
   <trkpt lon="-4.852356" lat="36.582506"><ele>530.1</ele></trkpt>
   <trkpt lon="-4.852355" lat="36.582573"><ele>530.8</ele></trkpt>
   <trkpt lon="-4.852376" lat="36.582612"><ele>532.1</ele></trkpt>
   <trkpt lon="-4.852414" lat="36.582661"><ele>534.3</ele></trkpt>
   <trkpt lon="-4.852457" lat="36.582696"><ele>536.3</ele></trkpt>
   <trkpt lon="-4.852551" lat="36.582744"><ele>540.0</ele></trkpt>
   <trkpt lon="-4.852594" lat="36.582782"><ele>541.7</ele></trkpt>
   <trkpt lon="-4.852716" lat="36.582850"><ele>545.8</ele></trkpt>
   <trkpt lon="-4.852740" lat="36.582869"><ele>546.5</ele></trkpt>
   <trkpt lon="-4.852713" lat="36.583141"><ele>547.8</ele></trkpt>
   <trkpt lon="-4.852681" lat="36.583320"><ele>550.4</ele></trkpt>
   <trkpt lon="-4.852688" lat="36.583385"><ele>551.8</ele></trkpt>
   <trkpt lon="-4.852643" lat="36.583673"><ele>557.9</ele></trkpt>
   <trkpt lon="-4.852630" lat="36.583839"><ele>558.9</ele></trkpt>
   <trkpt lon="-4.852631" lat="36.583992"><ele>559.5</ele></trkpt>
   <trkpt lon="-4.852660" lat="36.584405"><ele>558.7</ele></trkpt>
   <trkpt lon="-4.852641" lat="36.584497"><ele>558.5</ele></trkpt>
   <trkpt lon="-4.852627" lat="36.585212"><ele>552.6</ele></trkpt>
   <trkpt lon="-4.852581" lat="36.585563"><ele>551.0</ele></trkpt>
   <trkpt lon="-4.852510" lat="36.585964"><ele>545.9</ele></trkpt>
   <trkpt lon="-4.852389" lat="36.586488"><ele>534.9</ele></trkpt>
   <trkpt lon="-4.852388" lat="36.586536"><ele>534.5</ele></trkpt>
   <trkpt lon="-4.852174" lat="36.587210"><ele>528.9</ele></trkpt>
   <trkpt lon="-4.852109" lat="36.587594"><ele>524.5</ele></trkpt>
   <trkpt lon="-4.852074" lat="36.587984"><ele>520.8</ele></trkpt>
   <trkpt lon="-4.852070" lat="36.589031"><ele>517.5</ele></trkpt>
   <trkpt lon="-4.852048" lat="36.589305"><ele>515.2</ele></trkpt>
   <trkpt lon="-4.851959" lat="36.590182"><ele>509.5</ele></trkpt>
   <trkpt lon="-4.851953" lat="36.590462"><ele>507.8</ele></trkpt>
   <trkpt lon="-4.851936" lat="36.590543"><ele>507.1</ele></trkpt>
   <trkpt lon="-4.851950" lat="36.590688"><ele>506.1</ele></trkpt>
   <trkpt lon="-4.851979" lat="36.590835"><ele>505.2</ele></trkpt>
   <trkpt lon="-4.852018" lat="36.590979"><ele>504.5</ele></trkpt>
   <trkpt lon="-4.852108" lat="36.591246"><ele>503.0</ele></trkpt>
   <trkpt lon="-4.852247" lat="36.591528"><ele>503.0</ele></trkpt>
   <trkpt lon="-4.852361" lat="36.591724"><ele>502.8</ele></trkpt>
   <trkpt lon="-4.852707" lat="36.592236"><ele>501.1</ele></trkpt>
   <trkpt lon="-4.852768" lat="36.592293"><ele>501.2</ele></trkpt>
   <trkpt lon="-4.852956" lat="36.592592"><ele>500.5</ele></trkpt>
   <trkpt lon="-4.853088" lat="36.592838"><ele>499.5</ele></trkpt>
   <trkpt lon="-4.853196" lat="36.593090"><ele>499.3</ele></trkpt>
   <trkpt lon="-4.853260" lat="36.593261"><ele>499.2</ele></trkpt>
   <trkpt lon="-4.853319" lat="36.593441"><ele>500.4</ele></trkpt>
   <trkpt lon="-4.853403" lat="36.593809"><ele>500.1</ele></trkpt>
   <trkpt lon="-4.853433" lat="36.594154"><ele>497.2</ele></trkpt>
   <trkpt lon="-4.853436" lat="36.594451"><ele>494.2</ele></trkpt>
   <trkpt lon="-4.853424" lat="36.594648"><ele>492.6</ele></trkpt>
   <trkpt lon="-4.853326" lat="36.595481"><ele>491.1</ele></trkpt>
   <trkpt lon="-4.853304" lat="36.595785"><ele>491.6</ele></trkpt>
   <trkpt lon="-4.853289" lat="36.596030"><ele>492.4</ele></trkpt>
   <trkpt lon="-4.853285" lat="36.597278"><ele>493.6</ele></trkpt>
   <trkpt lon="-4.853218" lat="36.597371"><ele>493.2</ele></trkpt>
   <trkpt lon="-4.853182" lat="36.597650"><ele>491.6</ele></trkpt>
   <trkpt lon="-4.853142" lat="36.598066"><ele>488.1</ele></trkpt>
   <trkpt lon="-4.853094" lat="36.598850"><ele>484.1</ele></trkpt>
   <trkpt lon="-4.853074" lat="36.599210"><ele>481.2</ele></trkpt>
   <trkpt lon="-4.853017" lat="36.599836"><ele>478.9</ele></trkpt>
   <trkpt lon="-4.852986" lat="36.599988"><ele>479.5</ele></trkpt>
   <trkpt lon="-4.852930" lat="36.600177"><ele>479.3</ele></trkpt>
   <trkpt lon="-4.852922" lat="36.600313"><ele>479.0</ele></trkpt>
   <trkpt lon="-4.852972" lat="36.600579"><ele>477.8</ele></trkpt>
   <trkpt lon="-4.852954" lat="36.600817"><ele>475.5</ele></trkpt>
   <trkpt lon="-4.852933" lat="36.601116"><ele>472.3</ele></trkpt>
   <trkpt lon="-4.852895" lat="36.601427"><ele>469.9</ele></trkpt>
   <trkpt lon="-4.852878" lat="36.601746"><ele>470.1</ele></trkpt>
   <trkpt lon="-4.852871" lat="36.601777"><ele>470.1</ele></trkpt>
   <trkpt lon="-4.852877" lat="36.601809"><ele>470.3</ele></trkpt>
   <trkpt lon="-4.852896" lat="36.601838"><ele>470.9</ele></trkpt>
   <trkpt lon="-4.852925" lat="36.601860"><ele>471.5</ele></trkpt>
   <trkpt lon="-4.852961" lat="36.601872"><ele>472.3</ele></trkpt>
   <trkpt lon="-4.852843" lat="36.602196"><ele>472.2</ele></trkpt>
   <trkpt lon="-4.852705" lat="36.602519"><ele>474.4</ele></trkpt>
   <trkpt lon="-4.852229" lat="36.603489"><ele>471.1</ele></trkpt>
   <trkpt lon="-4.851179" lat="36.605669"><ele>471.0</ele></trkpt>
   <trkpt lon="-4.851058" lat="36.605919"><ele>474.0</ele></trkpt>
   <trkpt lon="-4.850823" lat="36.606419"><ele>472.5</ele></trkpt>
   <trkpt lon="-4.850688" lat="36.606726"><ele>471.6</ele></trkpt>
   <trkpt lon="-4.850631" lat="36.606899"><ele>470.7</ele></trkpt>
   <trkpt lon="-4.850595" lat="36.607069"><ele>469.7</ele></trkpt>
   <trkpt lon="-4.850567" lat="36.607264"><ele>468.7</ele></trkpt>
   <trkpt lon="-4.850555" lat="36.607430"><ele>468.0</ele></trkpt>
   <trkpt lon="-4.850555" lat="36.607622"><ele>467.6</ele></trkpt>
   <trkpt lon="-4.850575" lat="36.607790"><ele>467.9</ele></trkpt>
   <trkpt lon="-4.850634" lat="36.608060"><ele>468.3</ele></trkpt>
   <trkpt lon="-4.850669" lat="36.608189"><ele>468.5</ele></trkpt>
   <trkpt lon="-4.850711" lat="36.608298"><ele>468.7</ele></trkpt>
   <trkpt lon="-4.850921" lat="36.608764"><ele>466.9</ele></trkpt>
   <trkpt lon="-4.850992" lat="36.608903"><ele>465.7</ele></trkpt>
   <trkpt lon="-4.851061" lat="36.609058"><ele>463.5</ele></trkpt>
   <trkpt lon="-4.851149" lat="36.609265"><ele>459.9</ele></trkpt>
   <trkpt lon="-4.851187" lat="36.609406"><ele>457.3</ele></trkpt>
   <trkpt lon="-4.851211" lat="36.609531"><ele>455.1</ele></trkpt>
   <trkpt lon="-4.851224" lat="36.609770"><ele>451.4</ele></trkpt>
   <trkpt lon="-4.851220" lat="36.609892"><ele>449.8</ele></trkpt>
   <trkpt lon="-4.851210" lat="36.609988"><ele>448.5</ele></trkpt>
   <trkpt lon="-4.851172" lat="36.610162"><ele>448.7</ele></trkpt>
   <trkpt lon="-4.851107" lat="36.610349"><ele>449.2</ele></trkpt>
   <trkpt lon="-4.851004" lat="36.610541"><ele>450.6</ele></trkpt>
   <trkpt lon="-4.850823" lat="36.610806"><ele>449.0</ele></trkpt>
   <trkpt lon="-4.850243" lat="36.611477"><ele>447.1</ele></trkpt>
   <trkpt lon="-4.850096" lat="36.611690"><ele>448.6</ele></trkpt>
   <trkpt lon="-4.849985" lat="36.611877"><ele>448.6</ele></trkpt>
   <trkpt lon="-4.849880" lat="36.612096"><ele>448.2</ele></trkpt>
   <trkpt lon="-4.849823" lat="36.612261"><ele>446.5</ele></trkpt>
   <trkpt lon="-4.849782" lat="36.612414"><ele>444.6</ele></trkpt>
   <trkpt lon="-4.849744" lat="36.612613"><ele>441.3</ele></trkpt>
   <trkpt lon="-4.849607" lat="36.613801"><ele>434.7</ele></trkpt>
   <trkpt lon="-4.849589" lat="36.614071"><ele>434.6</ele></trkpt>
   <trkpt lon="-4.849600" lat="36.614346"><ele>434.0</ele></trkpt>
   <trkpt lon="-4.849620" lat="36.614477"><ele>433.5</ele></trkpt>
   <trkpt lon="-4.849770" lat="36.615036"><ele>436.0</ele></trkpt>
   <trkpt lon="-4.849824" lat="36.615251"><ele>434.3</ele></trkpt>
   <trkpt lon="-4.849856" lat="36.615470"><ele>430.7</ele></trkpt>
   <trkpt lon="-4.849868" lat="36.615650"><ele>427.8</ele></trkpt>
   <trkpt lon="-4.849857" lat="36.615815"><ele>425.3</ele></trkpt>
   <trkpt lon="-4.849726" lat="36.616554"><ele>424.3</ele></trkpt>
   <trkpt lon="-4.849710" lat="36.616705"><ele>424.1</ele></trkpt>
   <trkpt lon="-4.849709" lat="36.616851"><ele>423.8</ele></trkpt>
   <trkpt lon="-4.849720" lat="36.617009"><ele>422.2</ele></trkpt>
   <trkpt lon="-4.849748" lat="36.617162"><ele>420.9</ele></trkpt>
   <trkpt lon="-4.849791" lat="36.617308"><ele>419.0</ele></trkpt>
   <trkpt lon="-4.849856" lat="36.617471"><ele>416.3</ele></trkpt>
   <trkpt lon="-4.849923" lat="36.617608"><ele>416.7</ele></trkpt>
   <trkpt lon="-4.850118" lat="36.617953"><ele>420.9</ele></trkpt>
   <trkpt lon="-4.850261" lat="36.618199"><ele>431.4</ele></trkpt>
   <trkpt lon="-4.850406" lat="36.618566"><ele>447.6</ele></trkpt>
   <trkpt lon="-4.850453" lat="36.618760"><ele>448.2</ele></trkpt>
   <trkpt lon="-4.850456" lat="36.619073"><ele>446.0</ele></trkpt>
   <trkpt lon="-4.850438" lat="36.619220"><ele>444.1</ele></trkpt>
   <trkpt lon="-4.850402" lat="36.619371"><ele>441.7</ele></trkpt>
   <trkpt lon="-4.850326" lat="36.619585"><ele>438.4</ele></trkpt>
   <trkpt lon="-4.850218" lat="36.619781"><ele>438.2</ele></trkpt>
   <trkpt lon="-4.850139" lat="36.619896"><ele>438.6</ele></trkpt>
   <trkpt lon="-4.850059" lat="36.619998"><ele>439.7</ele></trkpt>
   <trkpt lon="-4.849699" lat="36.620386"><ele>444.0</ele></trkpt>
   <trkpt lon="-4.848487" lat="36.621444"><ele>474.6</ele></trkpt>
   <trkpt lon="-4.847937" lat="36.621898"><ele>473.0</ele></trkpt>
   <trkpt lon="-4.847026" lat="36.622546"><ele>468.3</ele></trkpt>
   <trkpt lon="-4.846246" lat="36.623032"><ele>462.9</ele></trkpt>
   <trkpt lon="-4.845549" lat="36.623425"><ele>457.6</ele></trkpt>
   <trkpt lon="-4.845350" lat="36.623526"><ele>455.5</ele></trkpt>
   <trkpt lon="-4.844999" lat="36.623632"><ele>453.0</ele></trkpt>
   <trkpt lon="-4.844083" lat="36.623989"><ele>444.5</ele></trkpt>
   <trkpt lon="-4.842669" lat="36.624449"><ele>439.3</ele></trkpt>
   <trkpt lon="-4.842185" lat="36.624618"><ele>440.6</ele></trkpt>
   <trkpt lon="-4.842199" lat="36.624648"><ele>440.0</ele></trkpt>
   <trkpt lon="-4.842236" lat="36.624725"><ele>439.0</ele></trkpt>
   <trkpt lon="-4.842295" lat="36.624851"><ele>437.9</ele></trkpt>
   <trkpt lon="-4.842326" lat="36.624935"><ele>437.3</ele></trkpt>
   <trkpt lon="-4.842339" lat="36.624965"><ele>437.1</ele></trkpt>
   <trkpt lon="-4.842108" lat="36.625054"><ele>437.0</ele></trkpt>
   <trkpt lon="-4.841985" lat="36.625104"><ele>436.9</ele></trkpt>
   <trkpt lon="-4.841858" lat="36.625168"><ele>436.5</ele></trkpt>
   <trkpt lon="-4.841733" lat="36.625247"><ele>436.4</ele></trkpt>
   <trkpt lon="-4.841558" lat="36.625391"><ele>436.1</ele></trkpt>
   <trkpt lon="-4.841132" lat="36.625720"><ele>432.3</ele></trkpt>
   <trkpt lon="-4.840865" lat="36.625863"><ele>429.6</ele></trkpt>
   <trkpt lon="-4.840709" lat="36.625897"><ele>429.0</ele></trkpt>
   <trkpt lon="-4.840562" lat="36.625916"><ele>428.6</ele></trkpt>
   <trkpt lon="-4.840358" lat="36.625931"><ele>428.5</ele></trkpt>
   <trkpt lon="-4.839925" lat="36.625986"><ele>427.7</ele></trkpt>
   <trkpt lon="-4.839804" lat="36.626014"><ele>427.1</ele></trkpt>
   <trkpt lon="-4.839617" lat="36.626067"><ele>426.0</ele></trkpt>
   <trkpt lon="-4.839405" lat="36.626149"><ele>425.0</ele></trkpt>
   <trkpt lon="-4.838988" lat="36.626328"><ele>423.5</ele></trkpt>
   <trkpt lon="-4.838234" lat="36.626678"><ele>420.2</ele></trkpt>
   <trkpt lon="-4.838119" lat="36.626719"><ele>419.7</ele></trkpt>
   <trkpt lon="-4.838047" lat="36.626728"><ele>419.2</ele></trkpt>
   <trkpt lon="-4.837895" lat="36.626721"><ele>417.5</ele></trkpt>
   <trkpt lon="-4.837624" lat="36.626650"><ele>413.4</ele></trkpt>
   <trkpt lon="-4.837503" lat="36.626608"><ele>410.6</ele></trkpt>
   <trkpt lon="-4.837427" lat="36.626572"><ele>409.1</ele></trkpt>
   <trkpt lon="-4.837347" lat="36.626518"><ele>408.3</ele></trkpt>
   <trkpt lon="-4.837276" lat="36.626450"><ele>408.3</ele></trkpt>
   <trkpt lon="-4.837190" lat="36.626350"><ele>408.6</ele></trkpt>
   <trkpt lon="-4.837034" lat="36.626113"><ele>415.1</ele></trkpt>
   <trkpt lon="-4.836996" lat="36.626064"><ele>417.3</ele></trkpt>
   <trkpt lon="-4.836960" lat="36.626031"><ele>418.9</ele></trkpt>
   <trkpt lon="-4.836920" lat="36.626007"><ele>420.1</ele></trkpt>
   <trkpt lon="-4.836865" lat="36.625988"><ele>421.3</ele></trkpt>
   <trkpt lon="-4.836798" lat="36.625976"><ele>422.2</ele></trkpt>
   <trkpt lon="-4.836718" lat="36.625979"><ele>422.3</ele></trkpt>
   <trkpt lon="-4.836662" lat="36.625988"><ele>422.1</ele></trkpt>
   <trkpt lon="-4.836589" lat="36.626009"><ele>420.9</ele></trkpt>
   <trkpt lon="-4.836213" lat="36.626158"><ele>413.5</ele></trkpt>
   <trkpt lon="-4.836140" lat="36.626180"><ele>412.4</ele></trkpt>
   <trkpt lon="-4.836051" lat="36.626198"><ele>411.1</ele></trkpt>
   <trkpt lon="-4.835957" lat="36.626206"><ele>410.4</ele></trkpt>
   <trkpt lon="-4.835676" lat="36.626200"><ele>409.4</ele></trkpt>
   <trkpt lon="-4.835409" lat="36.626210"><ele>408.9</ele></trkpt>
   <trkpt lon="-4.835305" lat="36.626222"><ele>408.9</ele></trkpt>
   <trkpt lon="-4.835210" lat="36.626242"><ele>408.8</ele></trkpt>
   <trkpt lon="-4.835086" lat="36.626275"><ele>408.8</ele></trkpt>
   <trkpt lon="-4.834605" lat="36.626422"><ele>412.4</ele></trkpt>
   <trkpt lon="-4.834454" lat="36.626471"><ele>414.6</ele></trkpt>
   <trkpt lon="-4.834370" lat="36.626505"><ele>415.3</ele></trkpt>
   <trkpt lon="-4.834163" lat="36.626611"><ele>415.6</ele></trkpt>
   <trkpt lon="-4.833859" lat="36.626780"><ele>414.1</ele></trkpt>
   <trkpt lon="-4.833757" lat="36.626829"><ele>414.2</ele></trkpt>
   <trkpt lon="-4.833474" lat="36.626945"><ele>415.8</ele></trkpt>
   <trkpt lon="-4.833444" lat="36.626965"><ele>415.8</ele></trkpt>
   <trkpt lon="-4.833401" lat="36.627010"><ele>414.9</ele></trkpt>
   <trkpt lon="-4.833361" lat="36.627084"><ele>413.3</ele></trkpt>
   <trkpt lon="-4.833246" lat="36.627415"><ele>405.5</ele></trkpt>
   <trkpt lon="-4.833212" lat="36.627464"><ele>404.4</ele></trkpt>
   <trkpt lon="-4.833156" lat="36.627510"><ele>403.7</ele></trkpt>
   <trkpt lon="-4.833113" lat="36.627532"><ele>403.6</ele></trkpt>
   <trkpt lon="-4.832953" lat="36.627577"><ele>404.7</ele></trkpt>
   <trkpt lon="-4.832514" lat="36.627687"><ele>408.7</ele></trkpt>
   <trkpt lon="-4.832406" lat="36.627727"><ele>409.5</ele></trkpt>
   <trkpt lon="-4.832356" lat="36.627756"><ele>409.7</ele></trkpt>
   <trkpt lon="-4.832278" lat="36.627808"><ele>409.6</ele></trkpt>
   <trkpt lon="-4.832245" lat="36.627837"><ele>409.4</ele></trkpt>
   <trkpt lon="-4.831802" lat="36.628275"><ele>400.2</ele></trkpt>
   <trkpt lon="-4.831764" lat="36.628305"><ele>399.4</ele></trkpt>
   <trkpt lon="-4.831316" lat="36.628629"><ele>387.5</ele></trkpt>
   <trkpt lon="-4.831066" lat="36.628758"><ele>381.9</ele></trkpt>
   <trkpt lon="-4.830750" lat="36.628882"><ele>379.0</ele></trkpt>
   <trkpt lon="-4.830562" lat="36.628971"><ele>377.0</ele></trkpt>
   <trkpt lon="-4.830371" lat="36.629072"><ele>374.9</ele></trkpt>
   <trkpt lon="-4.830306" lat="36.629129"><ele>374.1</ele></trkpt>
   <trkpt lon="-4.830139" lat="36.629350"><ele>371.8</ele></trkpt>
   <trkpt lon="-4.830083" lat="36.629416"><ele>371.1</ele></trkpt>
   <trkpt lon="-4.829879" lat="36.629590"><ele>370.9</ele></trkpt>
   <trkpt lon="-4.829853" lat="36.629626"><ele>370.8</ele></trkpt>
   <trkpt lon="-4.829842" lat="36.629674"><ele>370.5</ele></trkpt>
   <trkpt lon="-4.829858" lat="36.629736"><ele>369.7</ele></trkpt>
   <trkpt lon="-4.829901" lat="36.629840"><ele>368.2</ele></trkpt>
   <trkpt lon="-4.829933" lat="36.629891"><ele>367.4</ele></trkpt>
   <trkpt lon="-4.829986" lat="36.629974"><ele>366.0</ele></trkpt>
   <trkpt lon="-4.829900" lat="36.630005"><ele>366.3</ele></trkpt>
   <trkpt lon="-4.829786" lat="36.630057"><ele>366.4</ele></trkpt>
   <trkpt lon="-4.829671" lat="36.630132"><ele>366.2</ele></trkpt>
   <trkpt lon="-4.829554" lat="36.630254"><ele>365.4</ele></trkpt>
   <trkpt lon="-4.829447" lat="36.630379"><ele>364.9</ele></trkpt>
   <trkpt lon="-4.829190" lat="36.630645"><ele>363.4</ele></trkpt>
   <trkpt lon="-4.829115" lat="36.630708"><ele>362.9</ele></trkpt>
   <trkpt lon="-4.828851" lat="36.630854"><ele>362.4</ele></trkpt>
   <trkpt lon="-4.828690" lat="36.630931"><ele>363.2</ele></trkpt>
   <trkpt lon="-4.828566" lat="36.630992"><ele>363.8</ele></trkpt>
   <trkpt lon="-4.828421" lat="36.631079"><ele>364.8</ele></trkpt>
   <trkpt lon="-4.828358" lat="36.631125"><ele>365.3</ele></trkpt>
   <trkpt lon="-4.828273" lat="36.631211"><ele>365.5</ele></trkpt>
   <trkpt lon="-4.828223" lat="36.631278"><ele>365.4</ele></trkpt>
   <trkpt lon="-4.828143" lat="36.631427"><ele>364.6</ele></trkpt>
   <trkpt lon="-4.828136" lat="36.631444"><ele>364.5</ele></trkpt>
   <trkpt lon="-4.828097" lat="36.631539"><ele>363.7</ele></trkpt>
   <trkpt lon="-4.828015" lat="36.631755"><ele>361.3</ele></trkpt>
   <trkpt lon="-4.827895" lat="36.632183"><ele>355.9</ele></trkpt>
   <trkpt lon="-4.827709" lat="36.632858"><ele>339.6</ele></trkpt>
   <trkpt lon="-4.827656" lat="36.632961"><ele>338.3</ele></trkpt>
   <trkpt lon="-4.827613" lat="36.633006"><ele>337.7</ele></trkpt>
   <trkpt lon="-4.827560" lat="36.633040"><ele>337.1</ele></trkpt>
   <trkpt lon="-4.827500" lat="36.633067"><ele>336.6</ele></trkpt>
   <trkpt lon="-4.827418" lat="36.633076"><ele>335.4</ele></trkpt>
   <trkpt lon="-4.827342" lat="36.633067"><ele>334.4</ele></trkpt>
   <trkpt lon="-4.827275" lat="36.633050"><ele>333.7</ele></trkpt>
   <trkpt lon="-4.827220" lat="36.633023"><ele>333.1</ele></trkpt>
   <trkpt lon="-4.826694" lat="36.632687"><ele>331.5</ele></trkpt>
   <trkpt lon="-4.826598" lat="36.632628"><ele>331.0</ele></trkpt>
   <trkpt lon="-4.826511" lat="36.632584"><ele>330.0</ele></trkpt>
   <trkpt lon="-4.825827" lat="36.632294"><ele>327.5</ele></trkpt>
   <trkpt lon="-4.825495" lat="36.632182"><ele>328.7</ele></trkpt>
   <trkpt lon="-4.825424" lat="36.632172"><ele>328.7</ele></trkpt>
   <trkpt lon="-4.825274" lat="36.632183"><ele>328.1</ele></trkpt>
   <trkpt lon="-4.825185" lat="36.632202"><ele>327.4</ele></trkpt>
   <trkpt lon="-4.825105" lat="36.632233"><ele>326.6</ele></trkpt>
   <trkpt lon="-4.824550" lat="36.632526"><ele>318.2</ele></trkpt>
   <trkpt lon="-4.824071" lat="36.632623"><ele>312.3</ele></trkpt>
   <trkpt lon="-4.823720" lat="36.632825"><ele>314.6</ele></trkpt>
   <trkpt lon="-4.823682" lat="36.632852"><ele>315.7</ele></trkpt>
   <trkpt lon="-4.823457" lat="36.633135"><ele>320.3</ele></trkpt>
   <trkpt lon="-4.823364" lat="36.633366"><ele>319.0</ele></trkpt>
   <trkpt lon="-4.823077" lat="36.633888"><ele>314.7</ele></trkpt>
   <trkpt lon="-4.822898" lat="36.633964"><ele>314.4</ele></trkpt>
   <trkpt lon="-4.822462" lat="36.634150"><ele>312.2</ele></trkpt>
   <trkpt lon="-4.821446" lat="36.634455"><ele>310.5</ele></trkpt>
   <trkpt lon="-4.820676" lat="36.634570"><ele>310.8</ele></trkpt>
   <trkpt lon="-4.820114" lat="36.634677"><ele>311.2</ele></trkpt>
   <trkpt lon="-4.819623" lat="36.634832"><ele>310.9</ele></trkpt>
   <trkpt lon="-4.818914" lat="36.635211"><ele>307.1</ele></trkpt>
   <trkpt lon="-4.817796" lat="36.635498"><ele>303.5</ele></trkpt>
   <trkpt lon="-4.817191" lat="36.635812"><ele>302.6</ele></trkpt>
   <trkpt lon="-4.816427" lat="36.636334"><ele>302.8</ele></trkpt>
   <trkpt lon="-4.816213" lat="36.636425"><ele>303.8</ele></trkpt>
   <trkpt lon="-4.815519" lat="36.636569"><ele>307.6</ele></trkpt>
   <trkpt lon="-4.815189" lat="36.636620"><ele>310.1</ele></trkpt>
   <trkpt lon="-4.814907" lat="36.636658"><ele>311.5</ele></trkpt>
   <trkpt lon="-4.814796" lat="36.636660"><ele>311.9</ele></trkpt>
   <trkpt lon="-4.814694" lat="36.636646"><ele>312.3</ele></trkpt>
   <trkpt lon="-4.814656" lat="36.636592"><ele>312.7</ele></trkpt>
   <trkpt lon="-4.814623" lat="36.636548"><ele>312.9</ele></trkpt>
   <trkpt lon="-4.814598" lat="36.636495"><ele>313.1</ele></trkpt>
   <trkpt lon="-4.814525" lat="36.636350"><ele>313.8</ele></trkpt>
   <trkpt lon="-4.814489" lat="36.636333"><ele>314.0</ele></trkpt>
   <trkpt lon="-4.814465" lat="36.636321"><ele>314.2</ele></trkpt>
   <trkpt lon="-4.814422" lat="36.636317"><ele>314.4</ele></trkpt>
   <trkpt lon="-4.814302" lat="36.636348"><ele>314.9</ele></trkpt>
   <trkpt lon="-4.814182" lat="36.636342"><ele>315.6</ele></trkpt>
   <trkpt lon="-4.813748" lat="36.636435"><ele>316.0</ele></trkpt>
   <trkpt lon="-4.813506" lat="36.636472"><ele>315.8</ele></trkpt>
   <trkpt lon="-4.813272" lat="36.636497"><ele>315.6</ele></trkpt>
   <trkpt lon="-4.813197" lat="36.636517"><ele>315.5</ele></trkpt>
   <trkpt lon="-4.812714" lat="36.636519"><ele>316.1</ele></trkpt>
   <trkpt lon="-4.811454" lat="36.636498"><ele>318.4</ele></trkpt>
   <trkpt lon="-4.811043" lat="36.636486"><ele>321.1</ele></trkpt>
   <trkpt lon="-4.810261" lat="36.636468"><ele>326.7</ele></trkpt>
   <trkpt lon="-4.809603" lat="36.636470"><ele>330.3</ele></trkpt>
   <trkpt lon="-4.809043" lat="36.636486"><ele>331.4</ele></trkpt>
   <trkpt lon="-4.808536" lat="36.636520"><ele>330.5</ele></trkpt>
   <trkpt lon="-4.808039" lat="36.636561"><ele>328.0</ele></trkpt>
   <trkpt lon="-4.807217" lat="36.636653"><ele>324.0</ele></trkpt>
   <trkpt lon="-4.806348" lat="36.636785"><ele>320.4</ele></trkpt>
   <trkpt lon="-4.806276" lat="36.636775"><ele>320.4</ele></trkpt>
   <trkpt lon="-4.805974" lat="36.636823"><ele>319.6</ele></trkpt>
   <trkpt lon="-4.805602" lat="36.636893"><ele>318.3</ele></trkpt>
   <trkpt lon="-4.805242" lat="36.636969"><ele>317.6</ele></trkpt>
   <trkpt lon="-4.805047" lat="36.637017"><ele>316.9</ele></trkpt>
   <trkpt lon="-4.804653" lat="36.637120"><ele>316.9</ele></trkpt>
   <trkpt lon="-4.804370" lat="36.637204"><ele>317.4</ele></trkpt>
   <trkpt lon="-4.803967" lat="36.637342"><ele>317.5</ele></trkpt>
   <trkpt lon="-4.803885" lat="36.637393"><ele>316.9</ele></trkpt>
   <trkpt lon="-4.802948" lat="36.637678"><ele>317.5</ele></trkpt>
   <trkpt lon="-4.802667" lat="36.637747"><ele>318.7</ele></trkpt>
   <trkpt lon="-4.801897" lat="36.637907"><ele>320.1</ele></trkpt>
   <trkpt lon="-4.801222" lat="36.637992"><ele>316.7</ele></trkpt>
   <trkpt lon="-4.800580" lat="36.638046"><ele>314.6</ele></trkpt>
   <trkpt lon="-4.800287" lat="36.638054"><ele>313.9</ele></trkpt>
   <trkpt lon="-4.799719" lat="36.638046"><ele>314.9</ele></trkpt>
   <trkpt lon="-4.799185" lat="36.638008"><ele>315.5</ele></trkpt>
   <trkpt lon="-4.798668" lat="36.637955"><ele>316.6</ele></trkpt>
   <trkpt lon="-4.797866" lat="36.637820"><ele>320.3</ele></trkpt>
   <trkpt lon="-4.796394" lat="36.637537"><ele>326.7</ele></trkpt>
   <trkpt lon="-4.795566" lat="36.637457"><ele>330.0</ele></trkpt>
   <trkpt lon="-4.794674" lat="36.637396"><ele>330.5</ele></trkpt>
   <trkpt lon="-4.793420" lat="36.637462"><ele>325.5</ele></trkpt>
   <trkpt lon="-4.792292" lat="36.637589"><ele>323.9</ele></trkpt>
   <trkpt lon="-4.791391" lat="36.637765"><ele>315.2</ele></trkpt>
   <trkpt lon="-4.788831" lat="36.638292"><ele>297.3</ele></trkpt>
   <trkpt lon="-4.788442" lat="36.638369"><ele>297.3</ele></trkpt>
   <trkpt lon="-4.788026" lat="36.638435"><ele>299.9</ele></trkpt>
   <trkpt lon="-4.787618" lat="36.638474"><ele>303.2</ele></trkpt>
   <trkpt lon="-4.787219" lat="36.638500"><ele>305.2</ele></trkpt>
   <trkpt lon="-4.786893" lat="36.638505"><ele>305.1</ele></trkpt>
   <trkpt lon="-4.786551" lat="36.638501"><ele>306.2</ele></trkpt>
   <trkpt lon="-4.786077" lat="36.638477"><ele>305.0</ele></trkpt>
   <trkpt lon="-4.785895" lat="36.638465"><ele>305.2</ele></trkpt>
   <trkpt lon="-4.785556" lat="36.638424"><ele>306.3</ele></trkpt>
   <trkpt lon="-4.785042" lat="36.638352"><ele>307.6</ele></trkpt>
   <trkpt lon="-4.784550" lat="36.638277"><ele>307.6</ele></trkpt>
   <trkpt lon="-4.784290" lat="36.638255"><ele>307.7</ele></trkpt>
   <trkpt lon="-4.784041" lat="36.638245"><ele>308.7</ele></trkpt>
   <trkpt lon="-4.783751" lat="36.638261"><ele>309.6</ele></trkpt>
   <trkpt lon="-4.783535" lat="36.638292"><ele>308.6</ele></trkpt>
   <trkpt lon="-4.783345" lat="36.638330"><ele>307.4</ele></trkpt>
   <trkpt lon="-4.783116" lat="36.638394"><ele>305.8</ele></trkpt>
   <trkpt lon="-4.782877" lat="36.638491"><ele>303.9</ele></trkpt>
   <trkpt lon="-4.782684" lat="36.638588"><ele>302.5</ele></trkpt>
   <trkpt lon="-4.782513" lat="36.638690"><ele>301.6</ele></trkpt>
   <trkpt lon="-4.782206" lat="36.638916"><ele>299.1</ele></trkpt>
   <trkpt lon="-4.781863" lat="36.639205"><ele>291.4</ele></trkpt>
   <trkpt lon="-4.781013" lat="36.639919"><ele>289.2</ele></trkpt>
   <trkpt lon="-4.780859" lat="36.640037"><ele>292.4</ele></trkpt>
   <trkpt lon="-4.780668" lat="36.640161"><ele>292.9</ele></trkpt>
   <trkpt lon="-4.780483" lat="36.640257"><ele>292.7</ele></trkpt>
   <trkpt lon="-4.780305" lat="36.640341"><ele>291.7</ele></trkpt>
   <trkpt lon="-4.780112" lat="36.640411"><ele>289.9</ele></trkpt>
   <trkpt lon="-4.779925" lat="36.640467"><ele>287.8</ele></trkpt>
   <trkpt lon="-4.779570" lat="36.640522"><ele>285.2</ele></trkpt>
   <trkpt lon="-4.779239" lat="36.640540"><ele>283.9</ele></trkpt>
   <trkpt lon="-4.779057" lat="36.640539"><ele>283.7</ele></trkpt>
   <trkpt lon="-4.778230" lat="36.640476"><ele>266.7</ele></trkpt>
   <trkpt lon="-4.776320" lat="36.640312"><ele>279.6</ele></trkpt>
   <trkpt lon="-4.775736" lat="36.640261"><ele>283.8</ele></trkpt>
   <trkpt lon="-4.775185" lat="36.640084"><ele>287.9</ele></trkpt>
   <trkpt lon="-4.774993" lat="36.640009"><ele>288.1</ele></trkpt>
   <trkpt lon="-4.774634" lat="36.639847"><ele>291.5</ele></trkpt>
   <trkpt lon="-4.774267" lat="36.639632"><ele>294.3</ele></trkpt>
   <trkpt lon="-4.773577" lat="36.639194"><ele>301.5</ele></trkpt>
   <trkpt lon="-4.773405" lat="36.639131"><ele>301.6</ele></trkpt>
   <trkpt lon="-4.773359" lat="36.639127"><ele>301.1</ele></trkpt>
   <trkpt lon="-4.773272" lat="36.639130"><ele>300.0</ele></trkpt>
   <trkpt lon="-4.773188" lat="36.639176"><ele>298.9</ele></trkpt>
   <trkpt lon="-4.773130" lat="36.639215"><ele>298.6</ele></trkpt>
   <trkpt lon="-4.773023" lat="36.639312"><ele>298.6</ele></trkpt>
   <trkpt lon="-4.772948" lat="36.639394"><ele>300.1</ele></trkpt>
   <trkpt lon="-4.772890" lat="36.639508"><ele>302.6</ele></trkpt>
   <trkpt lon="-4.772855" lat="36.639693"><ele>306.2</ele></trkpt>
   <trkpt lon="-4.772825" lat="36.640137"><ele>305.1</ele></trkpt>
   <trkpt lon="-4.772802" lat="36.640523"><ele>302.1</ele></trkpt>
   <trkpt lon="-4.772747" lat="36.640923"><ele>296.3</ele></trkpt>
   <trkpt lon="-4.772704" lat="36.641134"><ele>291.6</ele></trkpt>
   <trkpt lon="-4.772566" lat="36.641737"><ele>276.9</ele></trkpt>
   <trkpt lon="-4.772550" lat="36.641874"><ele>274.8</ele></trkpt>
   <trkpt lon="-4.772547" lat="36.642013"><ele>272.7</ele></trkpt>
   <trkpt lon="-4.772538" lat="36.642242"><ele>269.3</ele></trkpt>
   <trkpt lon="-4.772544" lat="36.642407"><ele>266.9</ele></trkpt>
   <trkpt lon="-4.772566" lat="36.642495"><ele>266.1</ele></trkpt>
   <trkpt lon="-4.772627" lat="36.642655"><ele>265.1</ele></trkpt>
   <trkpt lon="-4.772688" lat="36.642792"><ele>264.6</ele></trkpt>
   <trkpt lon="-4.772844" lat="36.643089"><ele>263.4</ele></trkpt>
   <trkpt lon="-4.772902" lat="36.643182"><ele>263.1</ele></trkpt>
   <trkpt lon="-4.773125" lat="36.643593"><ele>261.8</ele></trkpt>
   <trkpt lon="-4.773228" lat="36.643726"><ele>261.5</ele></trkpt>
   <trkpt lon="-4.773441" lat="36.644149"><ele>258.3</ele></trkpt>
   <trkpt lon="-4.773621" lat="36.644526"><ele>254.5</ele></trkpt>
   <trkpt lon="-4.773710" lat="36.644750"><ele>252.3</ele></trkpt>
   <trkpt lon="-4.773811" lat="36.645032"><ele>249.3</ele></trkpt>
   <trkpt lon="-4.773853" lat="36.645154"><ele>248.2</ele></trkpt>
   <trkpt lon="-4.773884" lat="36.645244"><ele>248.0</ele></trkpt>
   <trkpt lon="-4.773968" lat="36.645548"><ele>247.2</ele></trkpt>
   <trkpt lon="-4.774033" lat="36.645872"><ele>246.0</ele></trkpt>
   <trkpt lon="-4.774066" lat="36.646196"><ele>244.1</ele></trkpt>
   <trkpt lon="-4.774079" lat="36.646442"><ele>242.8</ele></trkpt>
   <trkpt lon="-4.774070" lat="36.646688"><ele>240.0</ele></trkpt>
   <trkpt lon="-4.774049" lat="36.646948"><ele>236.5</ele></trkpt>
   <trkpt lon="-4.774012" lat="36.647192"><ele>232.8</ele></trkpt>
   <trkpt lon="-4.773903" lat="36.647654"><ele>227.3</ele></trkpt>
   <trkpt lon="-4.773804" lat="36.648020"><ele>227.3</ele></trkpt>
   <trkpt lon="-4.773672" lat="36.648448"><ele>226.2</ele></trkpt>
   <trkpt lon="-4.773633" lat="36.648560"><ele>225.4</ele></trkpt>
   <trkpt lon="-4.773570" lat="36.648701"><ele>223.6</ele></trkpt>
   <trkpt lon="-4.773456" lat="36.648947"><ele>220.4</ele></trkpt>
   <trkpt lon="-4.773375" lat="36.649090"><ele>219.1</ele></trkpt>
   <trkpt lon="-4.773191" lat="36.649357"><ele>216.7</ele></trkpt>
   <trkpt lon="-4.773021" lat="36.649563"><ele>215.2</ele></trkpt>
   <trkpt lon="-4.772838" lat="36.649762"><ele>214.4</ele></trkpt>
   <trkpt lon="-4.772644" lat="36.649935"><ele>213.6</ele></trkpt>
   <trkpt lon="-4.772105" lat="36.650340"><ele>212.8</ele></trkpt>
   <trkpt lon="-4.771875" lat="36.650494"><ele>212.3</ele></trkpt>
   <trkpt lon="-4.771780" lat="36.650547"><ele>211.7</ele></trkpt>
   <trkpt lon="-4.771644" lat="36.650613"><ele>210.7</ele></trkpt>
   <trkpt lon="-4.771529" lat="36.650661"><ele>210.0</ele></trkpt>
   <trkpt lon="-4.771407" lat="36.650712"><ele>209.8</ele></trkpt>
   <trkpt lon="-4.771080" lat="36.650851"><ele>208.3</ele></trkpt>
   <trkpt lon="-4.770519" lat="36.651102"><ele>207.6</ele></trkpt>
   <trkpt lon="-4.770031" lat="36.651305"><ele>207.2</ele></trkpt>
   <trkpt lon="-4.769741" lat="36.651457"><ele>207.0</ele></trkpt>
   <trkpt lon="-4.769466" lat="36.651620"><ele>206.0</ele></trkpt>
   <trkpt lon="-4.769162" lat="36.651787"><ele>205.1</ele></trkpt>
   <trkpt lon="-4.768434" lat="36.652144"><ele>204.7</ele></trkpt>
   <trkpt lon="-4.768194" lat="36.652243"><ele>206.6</ele></trkpt>
   <trkpt lon="-4.767477" lat="36.652591"><ele>211.9</ele></trkpt>
   <trkpt lon="-4.765893" lat="36.653338"><ele>216.3</ele></trkpt>
   <trkpt lon="-4.765757" lat="36.653439"><ele>216.6</ele></trkpt>
   <trkpt lon="-4.765553" lat="36.653612"><ele>215.7</ele></trkpt>
   <trkpt lon="-4.765330" lat="36.653873"><ele>214.8</ele></trkpt>
   <trkpt lon="-4.765229" lat="36.654068"><ele>214.8</ele></trkpt>
   <trkpt lon="-4.765123" lat="36.654383"><ele>215.9</ele></trkpt>
   <trkpt lon="-4.765043" lat="36.654508"><ele>216.5</ele></trkpt>
   <trkpt lon="-4.764955" lat="36.654609"><ele>217.2</ele></trkpt>
   <trkpt lon="-4.764861" lat="36.654685"><ele>218.1</ele></trkpt>
   <trkpt lon="-4.764634" lat="36.654809"><ele>219.2</ele></trkpt>
   <trkpt lon="-4.764374" lat="36.654899"><ele>220.4</ele></trkpt>
   <trkpt lon="-4.764088" lat="36.654980"><ele>221.2</ele></trkpt>
   <trkpt lon="-4.763913" lat="36.655088"><ele>221.8</ele></trkpt>
   <trkpt lon="-4.763674" lat="36.655306"><ele>223.4</ele></trkpt>
   <trkpt lon="-4.763441" lat="36.655536"><ele>224.0</ele></trkpt>
   <trkpt lon="-4.763236" lat="36.655731"><ele>225.5</ele></trkpt>
   <trkpt lon="-4.762061" lat="36.656647"><ele>230.7</ele></trkpt>
   <trkpt lon="-4.761852" lat="36.656880"><ele>228.0</ele></trkpt>
   <trkpt lon="-4.761610" lat="36.657353"><ele>219.7</ele></trkpt>
   <trkpt lon="-4.761570" lat="36.657415"><ele>218.7</ele></trkpt>
   <trkpt lon="-4.761517" lat="36.657461"><ele>218.4</ele></trkpt>
   <trkpt lon="-4.761456" lat="36.657503"><ele>218.3</ele></trkpt>
   <trkpt lon="-4.761393" lat="36.657522"><ele>218.6</ele></trkpt>
   <trkpt lon="-4.761183" lat="36.657596"><ele>219.2</ele></trkpt>
   <trkpt lon="-4.760779" lat="36.658059"><ele>217.5</ele></trkpt>
   <trkpt lon="-4.760851" lat="36.658147"><ele>216.2</ele></trkpt>
   <trkpt lon="-4.760829" lat="36.658266"><ele>215.3</ele></trkpt>
   <trkpt lon="-4.760699" lat="36.658786"><ele>212.5</ele></trkpt>
   <trkpt lon="-4.760250" lat="36.658990"><ele>212.8</ele></trkpt>
   <trkpt lon="-4.760233" lat="36.659053"><ele>212.5</ele></trkpt>
   <trkpt lon="-4.760237" lat="36.659129"><ele>212.0</ele></trkpt>
   <trkpt lon="-4.760287" lat="36.659215"><ele>211.5</ele></trkpt>
   <trkpt lon="-4.760208" lat="36.659263"><ele>211.2</ele></trkpt>
   <trkpt lon="-4.760169" lat="36.659318"><ele>210.9</ele></trkpt>
   <trkpt lon="-4.760215" lat="36.659497"><ele>209.9</ele></trkpt>
   <trkpt lon="-4.760228" lat="36.659727"><ele>208.5</ele></trkpt>
   <trkpt lon="-4.760269" lat="36.659835"><ele>207.9</ele></trkpt>
   <trkpt lon="-4.760339" lat="36.659925"><ele>207.6</ele></trkpt>
   <trkpt lon="-4.760389" lat="36.659975"><ele>207.4</ele></trkpt>
   <trkpt lon="-4.760481" lat="36.660040"><ele>206.9</ele></trkpt>
   <trkpt lon="-4.760370" lat="36.660115"><ele>206.8</ele></trkpt>
   <trkpt lon="-4.760276" lat="36.660107"><ele>207.1</ele></trkpt>
   <trkpt lon="-4.759936" lat="36.660167"><ele>206.0</ele></trkpt>
   <trkpt lon="-4.759818" lat="36.660225"><ele>205.4</ele></trkpt>
   <trkpt lon="-4.759787" lat="36.660264"><ele>205.2</ele></trkpt>
   <trkpt lon="-4.759515" lat="36.660466"><ele>203.2</ele></trkpt>
   <trkpt lon="-4.759351" lat="36.660599"><ele>201.6</ele></trkpt>
   <trkpt lon="-4.759205" lat="36.660570"><ele>201.9</ele></trkpt>
   <trkpt lon="-4.759119" lat="36.660553"><ele>201.8</ele></trkpt>
   <trkpt lon="-4.758890" lat="36.660638"><ele>199.9</ele></trkpt>
   <trkpt lon="-4.758487" lat="36.660697"><ele>199.6</ele></trkpt>
   <trkpt lon="-4.758453" lat="36.660702"><ele>199.7</ele></trkpt>
   <trkpt lon="-4.758145" lat="36.660841"><ele>200.0</ele></trkpt>
   <trkpt lon="-4.757928" lat="36.660939"><ele>199.9</ele></trkpt>
   <trkpt lon="-4.757553" lat="36.661157"><ele>199.1</ele></trkpt>
   <trkpt lon="-4.757304" lat="36.661311"><ele>198.5</ele></trkpt>
   <trkpt lon="-4.757148" lat="36.661408"><ele>198.3</ele></trkpt>
   <trkpt lon="-4.757014" lat="36.661488"><ele>198.1</ele></trkpt>
   <trkpt lon="-4.756980" lat="36.661503"><ele>198.1</ele></trkpt>
   <trkpt lon="-4.756920" lat="36.661654"><ele>197.6</ele></trkpt>
   <trkpt lon="-4.756831" lat="36.661686"><ele>197.5</ele></trkpt>
   <trkpt lon="-4.756445" lat="36.661879"><ele>196.7</ele></trkpt>
   <trkpt lon="-4.756188" lat="36.661940"><ele>195.4</ele></trkpt>
   <trkpt lon="-4.755995" lat="36.661939"><ele>195.2</ele></trkpt>
   <trkpt lon="-4.755905" lat="36.661924"><ele>195.3</ele></trkpt>
   <trkpt lon="-4.755712" lat="36.662118"><ele>192.4</ele></trkpt>
   <trkpt lon="-4.755517" lat="36.662252"><ele>189.5</ele></trkpt>
   <trkpt lon="-4.755386" lat="36.662322"><ele>187.2</ele></trkpt>
   <trkpt lon="-4.754984" lat="36.662452"><ele>181.6</ele></trkpt>
   <trkpt lon="-4.754618" lat="36.662550"><ele>177.3</ele></trkpt>
   <trkpt lon="-4.754530" lat="36.662576"><ele>176.3</ele></trkpt>
   <trkpt lon="-4.754287" lat="36.662644"><ele>174.8</ele></trkpt>
   <trkpt lon="-4.753584" lat="36.662892"><ele>173.0</ele></trkpt>
   <trkpt lon="-4.753217" lat="36.663022"><ele>171.2</ele></trkpt>
   <trkpt lon="-4.753197" lat="36.663029"><ele>171.1</ele></trkpt>
   <trkpt lon="-4.752944" lat="36.663038"><ele>170.3</ele></trkpt>
   <trkpt lon="-4.752548" lat="36.662981"><ele>168.7</ele></trkpt>
   <trkpt lon="-4.752460" lat="36.662976"><ele>168.1</ele></trkpt>
   <trkpt lon="-4.752136" lat="36.662925"><ele>166.3</ele></trkpt>
   <trkpt lon="-4.751911" lat="36.662915"><ele>165.4</ele></trkpt>
   <trkpt lon="-4.751532" lat="36.662918"><ele>164.2</ele></trkpt>
   <trkpt lon="-4.751177" lat="36.662891"><ele>163.4</ele></trkpt>
   <trkpt lon="-4.751162" lat="36.662863"><ele>163.6</ele></trkpt>
   <trkpt lon="-4.751124" lat="36.662850"><ele>163.6</ele></trkpt>
   <trkpt lon="-4.751065" lat="36.662843"><ele>163.5</ele></trkpt>
   <trkpt lon="-4.750994" lat="36.662850"><ele>163.0</ele></trkpt>
   <trkpt lon="-4.750837" lat="36.662891"><ele>161.8</ele></trkpt>
   <trkpt lon="-4.750770" lat="36.662923"><ele>161.2</ele></trkpt>
   <trkpt lon="-4.750749" lat="36.662940"><ele>160.9</ele></trkpt>
   <trkpt lon="-4.750734" lat="36.662967"><ele>160.7</ele></trkpt>
   <trkpt lon="-4.750739" lat="36.663020"><ele>160.4</ele></trkpt>
   <trkpt lon="-4.750394" lat="36.663175"><ele>159.0</ele></trkpt>
   <trkpt lon="-4.750095" lat="36.663339"><ele>157.1</ele></trkpt>
   <trkpt lon="-4.749678" lat="36.663545"><ele>154.1</ele></trkpt>
   <trkpt lon="-4.749462" lat="36.663619"><ele>153.5</ele></trkpt>
   <trkpt lon="-4.749442" lat="36.663626"><ele>153.4</ele></trkpt>
   <trkpt lon="-4.749127" lat="36.663667"><ele>152.5</ele></trkpt>
   <trkpt lon="-4.748947" lat="36.663659"><ele>152.0</ele></trkpt>
   <trkpt lon="-4.748119" lat="36.663565"><ele>151.4</ele></trkpt>
   <trkpt lon="-4.747643" lat="36.663520"><ele>151.2</ele></trkpt>
   <trkpt lon="-4.747402" lat="36.663555"><ele>151.0</ele></trkpt>
   <trkpt lon="-4.747215" lat="36.663643"><ele>151.0</ele></trkpt>
   <trkpt lon="-4.747163" lat="36.663667"><ele>151.1</ele></trkpt>
   <trkpt lon="-4.747000" lat="36.663803"><ele>151.2</ele></trkpt>
   <trkpt lon="-4.746741" lat="36.663916"><ele>152.2</ele></trkpt>
   <trkpt lon="-4.746695" lat="36.663922"><ele>152.5</ele></trkpt>
   <trkpt lon="-4.746669" lat="36.663932"><ele>152.6</ele></trkpt>
   <trkpt lon="-4.746635" lat="36.663957"><ele>152.8</ele></trkpt>
   <trkpt lon="-4.746618" lat="36.663979"><ele>152.9</ele></trkpt>
   <trkpt lon="-4.746606" lat="36.664015"><ele>153.0</ele></trkpt>
   <trkpt lon="-4.746607" lat="36.664036"><ele>153.0</ele></trkpt>
   <trkpt lon="-4.746621" lat="36.664071"><ele>152.9</ele></trkpt>
   <trkpt lon="-4.746641" lat="36.664095"><ele>152.8</ele></trkpt>
   <trkpt lon="-4.746638" lat="36.664159"><ele>152.8</ele></trkpt>
   <trkpt lon="-4.746557" lat="36.664298"><ele>153.3</ele></trkpt>
   <trkpt lon="-4.746405" lat="36.664446"><ele>154.2</ele></trkpt>
   <trkpt lon="-4.746185" lat="36.664564"><ele>155.5</ele></trkpt>
   <trkpt lon="-4.745898" lat="36.664752"><ele>157.1</ele></trkpt>
   <trkpt lon="-4.745668" lat="36.664977"><ele>157.8</ele></trkpt>
   <trkpt lon="-4.745457" lat="36.665426"><ele>157.4</ele></trkpt>
   <trkpt lon="-4.745150" lat="36.666190"><ele>153.1</ele></trkpt>
   <trkpt lon="-4.745092" lat="36.666299"><ele>152.6</ele></trkpt>
   <trkpt lon="-4.744909" lat="36.666646"><ele>150.0</ele></trkpt>
   <trkpt lon="-4.744809" lat="36.666778"><ele>148.1</ele></trkpt>
   <trkpt lon="-4.744286" lat="36.667283"><ele>144.2</ele></trkpt>
   <trkpt lon="-4.743782" lat="36.667584"><ele>143.2</ele></trkpt>
   <trkpt lon="-4.743365" lat="36.667811"><ele>143.0</ele></trkpt>
   <trkpt lon="-4.743181" lat="36.667911"><ele>143.0</ele></trkpt>
   <trkpt lon="-4.742316" lat="36.668630"><ele>143.9</ele></trkpt>
   <trkpt lon="-4.742189" lat="36.668735"><ele>144.0</ele></trkpt>
   <trkpt lon="-4.741930" lat="36.668959"><ele>144.0</ele></trkpt>
   <trkpt lon="-4.741867" lat="36.669021"><ele>144.0</ele></trkpt>
   <trkpt lon="-4.741135" lat="36.669597"><ele>146.7</ele></trkpt>
   <trkpt lon="-4.741008" lat="36.669695"><ele>147.3</ele></trkpt>
   <trkpt lon="-4.740874" lat="36.669786"><ele>148.0</ele></trkpt>
   <trkpt lon="-4.739941" lat="36.670415"><ele>149.0</ele></trkpt>
   <trkpt lon="-4.739635" lat="36.670652"><ele>147.5</ele></trkpt>
   <trkpt lon="-4.739620" lat="36.670758"><ele>147.7</ele></trkpt>
   <trkpt lon="-4.739545" lat="36.670817"><ele>147.6</ele></trkpt>
   <trkpt lon="-4.739289" lat="36.671052"><ele>148.3</ele></trkpt>
   <trkpt lon="-4.739030" lat="36.671349"><ele>149.7</ele></trkpt>
   <trkpt lon="-4.738941" lat="36.671463"><ele>150.8</ele></trkpt>
   <trkpt lon="-4.738791" lat="36.671602"><ele>152.0</ele></trkpt>
   <trkpt lon="-4.738624" lat="36.671700"><ele>152.3</ele></trkpt>
   <trkpt lon="-4.738498" lat="36.671766"><ele>152.3</ele></trkpt>
   <trkpt lon="-4.736540" lat="36.672709"><ele>154.9</ele></trkpt>
   <trkpt lon="-4.736420" lat="36.672778"><ele>155.1</ele></trkpt>
   <trkpt lon="-4.736060" lat="36.673075"><ele>155.9</ele></trkpt>
   <trkpt lon="-4.735981" lat="36.673120"><ele>155.8</ele></trkpt>
   <trkpt lon="-4.735905" lat="36.673154"><ele>156.0</ele></trkpt>
   <trkpt lon="-4.735800" lat="36.673189"><ele>156.2</ele></trkpt>
   <trkpt lon="-4.734617" lat="36.673411"><ele>162.0</ele></trkpt>
   <trkpt lon="-4.734176" lat="36.673497"><ele>165.6</ele></trkpt>
   <trkpt lon="-4.733886" lat="36.673561"><ele>168.9</ele></trkpt>
   <trkpt lon="-4.733536" lat="36.673668"><ele>172.9</ele></trkpt>
   <trkpt lon="-4.733515" lat="36.673761"><ele>172.1</ele></trkpt>
   <trkpt lon="-4.733086" lat="36.674036"><ele>173.6</ele></trkpt>
   <trkpt lon="-4.732697" lat="36.674325"><ele>173.6</ele></trkpt>
   <trkpt lon="-4.732396" lat="36.674579"><ele>172.7</ele></trkpt>
   <trkpt lon="-4.732106" lat="36.674701"><ele>174.5</ele></trkpt>
   <trkpt lon="-4.732039" lat="36.674729"><ele>175.0</ele></trkpt>
   <trkpt lon="-4.731984" lat="36.674734"><ele>175.8</ele></trkpt>
   <trkpt lon="-4.731932" lat="36.674753"><ele>176.1</ele></trkpt>
   <trkpt lon="-4.731897" lat="36.674775"><ele>176.3</ele></trkpt>
   <trkpt lon="-4.731870" lat="36.674804"><ele>176.2</ele></trkpt>
   <trkpt lon="-4.731851" lat="36.674837"><ele>175.8</ele></trkpt>
   <trkpt lon="-4.731666" lat="36.674885"><ele>178.5</ele></trkpt>
   <trkpt lon="-4.731204" lat="36.675255"><ele>176.3</ele></trkpt>
   <trkpt lon="-4.730303" lat="36.675961"><ele>168.8</ele></trkpt>
   <trkpt lon="-4.728935" lat="36.676812"><ele>170.8</ele></trkpt>
   <trkpt lon="-4.728911" lat="36.676834"><ele>170.5</ele></trkpt>
   <trkpt lon="-4.728893" lat="36.676867"><ele>169.7</ele></trkpt>
   <trkpt lon="-4.728895" lat="36.676896"><ele>168.7</ele></trkpt>
   <trkpt lon="-4.728866" lat="36.676917"><ele>168.4</ele></trkpt>
   <trkpt lon="-4.728847" lat="36.676945"><ele>167.8</ele></trkpt>
   <trkpt lon="-4.728841" lat="36.676975"><ele>166.8</ele></trkpt>
   <trkpt lon="-4.728796" lat="36.677055"><ele>164.6</ele></trkpt>
   <trkpt lon="-4.728126" lat="36.677378"><ele>164.0</ele></trkpt>
   <trkpt lon="-4.727813" lat="36.677501"><ele>162.5</ele></trkpt>
   <trkpt lon="-4.727522" lat="36.677581"><ele>160.4</ele></trkpt>
   <trkpt lon="-4.727242" lat="36.677636"><ele>159.5</ele></trkpt>
   <trkpt lon="-4.726335" lat="36.677744"><ele>156.7</ele></trkpt>
   <trkpt lon="-4.725883" lat="36.677784"><ele>154.1</ele></trkpt>
   <trkpt lon="-4.725646" lat="36.677785"><ele>151.9</ele></trkpt>
   <trkpt lon="-4.725514" lat="36.677777"><ele>150.6</ele></trkpt>
   <trkpt lon="-4.725440" lat="36.677748"><ele>149.9</ele></trkpt>
   <trkpt lon="-4.725422" lat="36.677727"><ele>150.0</ele></trkpt>
   <trkpt lon="-4.725362" lat="36.677667"><ele>150.3</ele></trkpt>
   <trkpt lon="-4.725293" lat="36.677614"><ele>150.7</ele></trkpt>
   <trkpt lon="-4.725214" lat="36.677570"><ele>151.0</ele></trkpt>
   <trkpt lon="-4.725141" lat="36.677539"><ele>151.0</ele></trkpt>
   <trkpt lon="-4.725064" lat="36.677516"><ele>151.2</ele></trkpt>
   <trkpt lon="-4.724983" lat="36.677500"><ele>151.7</ele></trkpt>
   <trkpt lon="-4.724819" lat="36.677493"><ele>152.7</ele></trkpt>
   <trkpt lon="-4.724737" lat="36.677502"><ele>153.1</ele></trkpt>
   <trkpt lon="-4.724601" lat="36.677536"><ele>153.5</ele></trkpt>
   <trkpt lon="-4.724476" lat="36.677592"><ele>153.7</ele></trkpt>
   <trkpt lon="-4.724358" lat="36.677677"><ele>153.6</ele></trkpt>
   <trkpt lon="-4.724268" lat="36.677782"><ele>153.3</ele></trkpt>
   <trkpt lon="-4.724212" lat="36.677901"><ele>152.6</ele></trkpt>
   <trkpt lon="-4.724197" lat="36.677964"><ele>152.0</ele></trkpt>
   <trkpt lon="-4.724191" lat="36.678028"><ele>151.4</ele></trkpt>
   <trkpt lon="-4.724195" lat="36.678091"><ele>150.7</ele></trkpt>
   <trkpt lon="-4.724149" lat="36.678182"><ele>149.7</ele></trkpt>
   <trkpt lon="-4.724080" lat="36.678256"><ele>148.9</ele></trkpt>
   <trkpt lon="-4.724033" lat="36.678288"><ele>148.8</ele></trkpt>
   <trkpt lon="-4.723927" lat="36.678349"><ele>148.6</ele></trkpt>
   <trkpt lon="-4.723259" lat="36.678561"><ele>147.8</ele></trkpt>
   <trkpt lon="-4.721444" lat="36.679037"><ele>149.1</ele></trkpt>
   <trkpt lon="-4.721388" lat="36.679043"><ele>149.0</ele></trkpt>
   <trkpt lon="-4.720465" lat="36.679260"><ele>147.3</ele></trkpt>
   <trkpt lon="-4.720043" lat="36.679368"><ele>148.3</ele></trkpt>
   <trkpt lon="-4.718727" lat="36.679740"><ele>150.8</ele></trkpt>
   <trkpt lon="-4.718605" lat="36.679797"><ele>150.2</ele></trkpt>
   <trkpt lon="-4.717229" lat="36.680162"><ele>146.4</ele></trkpt>
   <trkpt lon="-4.716941" lat="36.680215"><ele>145.4</ele></trkpt>
   <trkpt lon="-4.716769" lat="36.680240"><ele>145.0</ele></trkpt>
   <trkpt lon="-4.716575" lat="36.680246"><ele>144.9</ele></trkpt>
   <trkpt lon="-4.715728" lat="36.680213"><ele>142.5</ele></trkpt>
   <trkpt lon="-4.715163" lat="36.680181"><ele>141.5</ele></trkpt>
   <trkpt lon="-4.714669" lat="36.680138"><ele>139.2</ele></trkpt>
   <trkpt lon="-4.714303" lat="36.680074"><ele>138.2</ele></trkpt>
   <trkpt lon="-4.713609" lat="36.679930"><ele>137.7</ele></trkpt>
   <trkpt lon="-4.713391" lat="36.679907"><ele>138.1</ele></trkpt>
   <trkpt lon="-4.713205" lat="36.679906"><ele>138.7</ele></trkpt>
   <trkpt lon="-4.712240" lat="36.679956"><ele>139.3</ele></trkpt>
   <trkpt lon="-4.709801" lat="36.679827"><ele>136.8</ele></trkpt>
   <trkpt lon="-4.708382" lat="36.679973"><ele>130.9</ele></trkpt>
   <trkpt lon="-4.706925" lat="36.680321"><ele>121.6</ele></trkpt>
   <trkpt lon="-4.705338" lat="36.680700"><ele>114.0</ele></trkpt>
   <trkpt lon="-4.704229" lat="36.680989"><ele>109.8</ele></trkpt>
   <trkpt lon="-4.704139" lat="36.681013"><ele>109.5</ele></trkpt>
   <trkpt lon="-4.702657" lat="36.681400"><ele>108.3</ele></trkpt>
   <trkpt lon="-4.701313" lat="36.682193"><ele>102.3</ele></trkpt>
   <trkpt lon="-4.699662" lat="36.682838"><ele>97.2</ele></trkpt>
   <trkpt lon="-4.699585" lat="36.682845"><ele>97.1</ele></trkpt>
   <trkpt lon="-4.699463" lat="36.682856"><ele>95.3</ele></trkpt>
   <trkpt lon="-4.699428" lat="36.682845"><ele>95.3</ele></trkpt>
   <trkpt lon="-4.699378" lat="36.682843"><ele>95.1</ele></trkpt>
   <trkpt lon="-4.699329" lat="36.682855"><ele>94.8</ele></trkpt>
   <trkpt lon="-4.699288" lat="36.682880"><ele>94.4</ele></trkpt>
   <trkpt lon="-4.699261" lat="36.682914"><ele>94.1</ele></trkpt>
   <trkpt lon="-4.699257" lat="36.682922"><ele>94.0</ele></trkpt>
   <trkpt lon="-4.699128" lat="36.682972"><ele>93.2</ele></trkpt>
   <trkpt lon="-4.699038" lat="36.683022"><ele>92.3</ele></trkpt>
   <trkpt lon="-4.696964" lat="36.683671"><ele>86.1</ele></trkpt>
   <trkpt lon="-4.696767" lat="36.683752"><ele>85.7</ele></trkpt>
   <trkpt lon="-4.695715" lat="36.684302"><ele>83.9</ele></trkpt>
   <trkpt lon="-4.695202" lat="36.684586"><ele>82.8</ele></trkpt>
   <trkpt lon="-4.694753" lat="36.684875"><ele>78.5</ele></trkpt>
   <trkpt lon="-4.694558" lat="36.685046"><ele>75.3</ele></trkpt>
   <trkpt lon="-4.694471" lat="36.685142"><ele>74.5</ele></trkpt>
   <trkpt lon="-4.694060" lat="36.685594"><ele>73.1</ele></trkpt>
   <trkpt lon="-4.693871" lat="36.685758"><ele>72.5</ele></trkpt>
   <trkpt lon="-4.693372" lat="36.686056"><ele>72.1</ele></trkpt>
   <trkpt lon="-4.693223" lat="36.686117"><ele>71.6</ele></trkpt>
   <trkpt lon="-4.692925" lat="36.686211"><ele>70.8</ele></trkpt>
   <trkpt lon="-4.691744" lat="36.686418"><ele>75.1</ele></trkpt>
   <trkpt lon="-4.691597" lat="36.686456"><ele>76.6</ele></trkpt>
   <trkpt lon="-4.691221" lat="36.686591"><ele>79.6</ele></trkpt>
   <trkpt lon="-4.689568" lat="36.687343"><ele>81.2</ele></trkpt>
   <trkpt lon="-4.685747" lat="36.689040"><ele>75.0</ele></trkpt>
   <trkpt lon="-4.685565" lat="36.689127"><ele>76.3</ele></trkpt>
   <trkpt lon="-4.684018" lat="36.689925"><ele>73.1</ele></trkpt>
   <trkpt lon="-4.683765" lat="36.690097"><ele>72.1</ele></trkpt>
   <trkpt lon="-4.683607" lat="36.690247"><ele>71.2</ele></trkpt>
   <trkpt lon="-4.683369" lat="36.690516"><ele>70.0</ele></trkpt>
   <trkpt lon="-4.682827" lat="36.691183"><ele>71.7</ele></trkpt>
   <trkpt lon="-4.682586" lat="36.691428"><ele>71.1</ele></trkpt>
   <trkpt lon="-4.682319" lat="36.691616"><ele>70.7</ele></trkpt>
   <trkpt lon="-4.681772" lat="36.691953"><ele>69.2</ele></trkpt>
   <trkpt lon="-4.679534" lat="36.693271"><ele>60.5</ele></trkpt>
   <trkpt lon="-4.679219" lat="36.693403"><ele>60.0</ele></trkpt>
   <trkpt lon="-4.677395" lat="36.693986"><ele>58.6</ele></trkpt>
   <trkpt lon="-4.677044" lat="36.694140"><ele>58.4</ele></trkpt>
   <trkpt lon="-4.676625" lat="36.694404"><ele>58.3</ele></trkpt>
   <trkpt lon="-4.676402" lat="36.694637"><ele>59.0</ele></trkpt>
   <trkpt lon="-4.676186" lat="36.694971"><ele>58.1</ele></trkpt>
   <trkpt lon="-4.675606" lat="36.695953"><ele>55.0</ele></trkpt>
   <trkpt lon="-4.675029" lat="36.696705"><ele>53.0</ele></trkpt>
   <trkpt lon="-4.674111" lat="36.697768"><ele>51.7</ele></trkpt>
   <trkpt lon="-4.673874" lat="36.697969"><ele>51.7</ele></trkpt>
   <trkpt lon="-4.673403" lat="36.698184"><ele>51.2</ele></trkpt>
   <trkpt lon="-4.673083" lat="36.698464"><ele>50.9</ele></trkpt>
   <trkpt lon="-4.672872" lat="36.698858"><ele>50.0</ele></trkpt>
   <trkpt lon="-4.672733" lat="36.699324"><ele>50.3</ele></trkpt>
   <trkpt lon="-4.672485" lat="36.700201"><ele>53.4</ele></trkpt>
   <trkpt lon="-4.672387" lat="36.700419"><ele>53.9</ele></trkpt>
   <trkpt lon="-4.672252" lat="36.700595"><ele>53.8</ele></trkpt>
   <trkpt lon="-4.672111" lat="36.700721"><ele>54.0</ele></trkpt>
   <trkpt lon="-4.671986" lat="36.700811"><ele>54.6</ele></trkpt>
   <trkpt lon="-4.671472" lat="36.701090"><ele>57.6</ele></trkpt>
   <trkpt lon="-4.671284" lat="36.701161"><ele>59.3</ele></trkpt>
   <trkpt lon="-4.671129" lat="36.701195"><ele>60.5</ele></trkpt>
   <trkpt lon="-4.670897" lat="36.701212"><ele>61.2</ele></trkpt>
   <trkpt lon="-4.668963" lat="36.701188"><ele>66.0</ele></trkpt>
   <trkpt lon="-4.668478" lat="36.701283"><ele>66.0</ele></trkpt>
   <trkpt lon="-4.668158" lat="36.701390"><ele>64.5</ele></trkpt>
   <trkpt lon="-4.667740" lat="36.701530"><ele>65.3</ele></trkpt>
   <trkpt lon="-4.666582" lat="36.701916"><ele>71.5</ele></trkpt>
   <trkpt lon="-4.666137" lat="36.701919"><ele>73.1</ele></trkpt>
   <trkpt lon="-4.665899" lat="36.701893"><ele>73.5</ele></trkpt>
   <trkpt lon="-4.665335" lat="36.701830"><ele>75.0</ele></trkpt>
   <trkpt lon="-4.665231" lat="36.701818"><ele>75.3</ele></trkpt>
   <trkpt lon="-4.664796" lat="36.701937"><ele>76.3</ele></trkpt>
   <trkpt lon="-4.664252" lat="36.702217"><ele>77.0</ele></trkpt>
   <trkpt lon="-4.662760" lat="36.702984"><ele>71.5</ele></trkpt>
   <trkpt lon="-4.662632" lat="36.703117"><ele>72.0</ele></trkpt>
   <trkpt lon="-4.662533" lat="36.703219"><ele>73.3</ele></trkpt>
   <trkpt lon="-4.662051" lat="36.704037"><ele>74.2</ele></trkpt>
   <trkpt lon="-4.661944" lat="36.704094"><ele>73.8</ele></trkpt>
   <trkpt lon="-4.661710" lat="36.704220"><ele>72.9</ele></trkpt>
   <trkpt lon="-4.660911" lat="36.704433"><ele>73.3</ele></trkpt>
   <trkpt lon="-4.660687" lat="36.704493"><ele>73.9</ele></trkpt>
   <trkpt lon="-4.659726" lat="36.704749"><ele>75.5</ele></trkpt>
   <trkpt lon="-4.659053" lat="36.705089"><ele>73.2</ele></trkpt>
   <trkpt lon="-4.658530" lat="36.705227"><ele>68.9</ele></trkpt>
   <trkpt lon="-4.658317" lat="36.705251"><ele>67.1</ele></trkpt>
   <trkpt lon="-4.657631" lat="36.705329"><ele>64.2</ele></trkpt>
   <trkpt lon="-4.657123" lat="36.705276"><ele>63.5</ele></trkpt>
   <trkpt lon="-4.655687" lat="36.704899"><ele>60.2</ele></trkpt>
   <trkpt lon="-4.653994" lat="36.704822"><ele>58.9</ele></trkpt>
   <trkpt lon="-4.653717" lat="36.704825"><ele>58.8</ele></trkpt>
   <trkpt lon="-4.653536" lat="36.704869"><ele>58.4</ele></trkpt>
   <trkpt lon="-4.653330" lat="36.704999"><ele>58.2</ele></trkpt>
   <trkpt lon="-4.651247" lat="36.707238"><ele>53.0</ele></trkpt>
   <trkpt lon="-4.650776" lat="36.707639"><ele>53.0</ele></trkpt>
   <trkpt lon="-4.650469" lat="36.707866"><ele>52.5</ele></trkpt>
   <trkpt lon="-4.650000" lat="36.708216"><ele>51.2</ele></trkpt>
   <trkpt lon="-4.649438" lat="36.708415"><ele>50.7</ele></trkpt>
   <trkpt lon="-4.647555" lat="36.709020"><ele>48.5</ele></trkpt>
   <trkpt lon="-4.647256" lat="36.709136"><ele>49.0</ele></trkpt>
   <trkpt lon="-4.645976" lat="36.709713"><ele>47.2</ele></trkpt>
   <trkpt lon="-4.645468" lat="36.709961"><ele>46.1</ele></trkpt>
   <trkpt lon="-4.644645" lat="36.710505"><ele>45.5</ele></trkpt>
   <trkpt lon="-4.643591" lat="36.711310"><ele>48.2</ele></trkpt>
   <trkpt lon="-4.643572" lat="36.711302"><ele>48.4</ele></trkpt>
   <trkpt lon="-4.643543" lat="36.711312"><ele>48.6</ele></trkpt>
   <trkpt lon="-4.643535" lat="36.711326"><ele>48.7</ele></trkpt>
   <trkpt lon="-4.643546" lat="36.711348"><ele>48.7</ele></trkpt>
   <trkpt lon="-4.642638" lat="36.712035"><ele>52.7</ele></trkpt>
   <trkpt lon="-4.642413" lat="36.712144"><ele>52.2</ele></trkpt>
   <trkpt lon="-4.642322" lat="36.712186"><ele>52.0</ele></trkpt>
   <trkpt lon="-4.642258" lat="36.712213"><ele>51.9</ele></trkpt>
   <trkpt lon="-4.642090" lat="36.712208"><ele>52.2</ele></trkpt>
   <trkpt lon="-4.641920" lat="36.712187"><ele>52.8</ele></trkpt>
   <trkpt lon="-4.641693" lat="36.712112"><ele>53.7</ele></trkpt>
   <trkpt lon="-4.641453" lat="36.712056"><ele>54.0</ele></trkpt>
   <trkpt lon="-4.641248" lat="36.712033"><ele>54.1</ele></trkpt>
   <trkpt lon="-4.641078" lat="36.712022"><ele>54.6</ele></trkpt>
   <trkpt lon="-4.640895" lat="36.712034"><ele>55.5</ele></trkpt>
   <trkpt lon="-4.640713" lat="36.712058"><ele>56.2</ele></trkpt>
   <trkpt lon="-4.640104" lat="36.712164"><ele>58.6</ele></trkpt>
   <trkpt lon="-4.639235" lat="36.712329"><ele>63.6</ele></trkpt>
   <trkpt lon="-4.638940" lat="36.712384"><ele>65.8</ele></trkpt>
   <trkpt lon="-4.638769" lat="36.712403"><ele>66.5</ele></trkpt>
   <trkpt lon="-4.638587" lat="36.712402"><ele>67.5</ele></trkpt>
   <trkpt lon="-4.638420" lat="36.712379"><ele>68.9</ele></trkpt>
   <trkpt lon="-4.637257" lat="36.712074"><ele>75.5</ele></trkpt>
   <trkpt lon="-4.636761" lat="36.711956"><ele>76.4</ele></trkpt>
   <trkpt lon="-4.636560" lat="36.711908"><ele>76.2</ele></trkpt>
   <trkpt lon="-4.636372" lat="36.711841"><ele>76.1</ele></trkpt>
   <trkpt lon="-4.635704" lat="36.711528"><ele>78.2</ele></trkpt>
   <trkpt lon="-4.635496" lat="36.711475"><ele>78.5</ele></trkpt>
   <trkpt lon="-4.635303" lat="36.711438"><ele>78.3</ele></trkpt>
   <trkpt lon="-4.635068" lat="36.711428"><ele>77.4</ele></trkpt>
   <trkpt lon="-4.634431" lat="36.711450"><ele>78.0</ele></trkpt>
   <trkpt lon="-4.634066" lat="36.711479"><ele>79.4</ele></trkpt>
   <trkpt lon="-4.633652" lat="36.711558"><ele>80.3</ele></trkpt>
   <trkpt lon="-4.633385" lat="36.711647"><ele>82.2</ele></trkpt>
   <trkpt lon="-4.632872" lat="36.711941"><ele>84.8</ele></trkpt>
   <trkpt lon="-4.632710" lat="36.711994"><ele>85.5</ele></trkpt>
   <trkpt lon="-4.632238" lat="36.712070"><ele>86.7</ele></trkpt>
   <trkpt lon="-4.631868" lat="36.712130"><ele>88.2</ele></trkpt>
   <trkpt lon="-4.631727" lat="36.712230"><ele>88.7</ele></trkpt>
   <trkpt lon="-4.631637" lat="36.712324"><ele>88.8</ele></trkpt>
   <trkpt lon="-4.631561" lat="36.712416"><ele>88.6</ele></trkpt>
   <trkpt lon="-4.631368" lat="36.712650"><ele>87.0</ele></trkpt>
   <trkpt lon="-4.631251" lat="36.712738"><ele>86.6</ele></trkpt>
   <trkpt lon="-4.631129" lat="36.712801"><ele>86.2</ele></trkpt>
   <trkpt lon="-4.630968" lat="36.712855"><ele>85.8</ele></trkpt>
   <trkpt lon="-4.630243" lat="36.712992"><ele>85.8</ele></trkpt>
   <trkpt lon="-4.630104" lat="36.713036"><ele>85.9</ele></trkpt>
   <trkpt lon="-4.629978" lat="36.713099"><ele>86.0</ele></trkpt>
   <trkpt lon="-4.629921" lat="36.713128"><ele>86.1</ele></trkpt>
   <trkpt lon="-4.629756" lat="36.713273"><ele>85.6</ele></trkpt>
   <trkpt lon="-4.629685" lat="36.713332"><ele>85.3</ele></trkpt>
   <trkpt lon="-4.629525" lat="36.713400"><ele>85.0</ele></trkpt>
   <trkpt lon="-4.629400" lat="36.713423"><ele>84.5</ele></trkpt>
   <trkpt lon="-4.629250" lat="36.713427"><ele>84.0</ele></trkpt>
   <trkpt lon="-4.629098" lat="36.713400"><ele>83.6</ele></trkpt>
   <trkpt lon="-4.628473" lat="36.713247"><ele>84.5</ele></trkpt>
   <trkpt lon="-4.628282" lat="36.713219"><ele>85.7</ele></trkpt>
   <trkpt lon="-4.628101" lat="36.713223"><ele>86.8</ele></trkpt>
   <trkpt lon="-4.627971" lat="36.713248"><ele>88.0</ele></trkpt>
   <trkpt lon="-4.627839" lat="36.713303"><ele>88.9</ele></trkpt>
   <trkpt lon="-4.627648" lat="36.713456"><ele>89.1</ele></trkpt>
   <trkpt lon="-4.627441" lat="36.713705"><ele>88.6</ele></trkpt>
   <trkpt lon="-4.627198" lat="36.714040"><ele>86.2</ele></trkpt>
   <trkpt lon="-4.627049" lat="36.714217"><ele>85.0</ele></trkpt>
   <trkpt lon="-4.626906" lat="36.714336"><ele>84.0</ele></trkpt>
   <trkpt lon="-4.626790" lat="36.714381"><ele>83.6</ele></trkpt>
   <trkpt lon="-4.626666" lat="36.714399"><ele>84.2</ele></trkpt>
   <trkpt lon="-4.626616" lat="36.714393"><ele>84.5</ele></trkpt>
   <trkpt lon="-4.626565" lat="36.714399"><ele>84.8</ele></trkpt>
   <trkpt lon="-4.626519" lat="36.714418"><ele>84.8</ele></trkpt>
   <trkpt lon="-4.626497" lat="36.714436"><ele>84.7</ele></trkpt>
   <trkpt lon="-4.626483" lat="36.714447"><ele>84.7</ele></trkpt>
   <trkpt lon="-4.626461" lat="36.714484"><ele>84.5</ele></trkpt>
   <trkpt lon="-4.626454" lat="36.714516"><ele>84.2</ele></trkpt>
   <trkpt lon="-4.626457" lat="36.714547"><ele>84.0</ele></trkpt>
   <trkpt lon="-4.626425" lat="36.714616"><ele>83.6</ele></trkpt>
   <trkpt lon="-4.626363" lat="36.714673"><ele>83.5</ele></trkpt>
   <trkpt lon="-4.624533" lat="36.715850"><ele>65.9</ele></trkpt>
   <trkpt lon="-4.622654" lat="36.717051"><ele>56.5</ele></trkpt>
   <trkpt lon="-4.622504" lat="36.717106"><ele>55.8</ele></trkpt>
   <trkpt lon="-4.622325" lat="36.717145"><ele>55.0</ele></trkpt>
   <trkpt lon="-4.622282" lat="36.717135"><ele>55.0</ele></trkpt>
   <trkpt lon="-4.622237" lat="36.717133"><ele>54.8</ele></trkpt>
   <trkpt lon="-4.622193" lat="36.717142"><ele>54.7</ele></trkpt>
   <trkpt lon="-4.622153" lat="36.717159"><ele>54.4</ele></trkpt>
   <trkpt lon="-4.622113" lat="36.717192"><ele>54.2</ele></trkpt>
   <trkpt lon="-4.622089" lat="36.717233"><ele>54.0</ele></trkpt>
   <trkpt lon="-4.621972" lat="36.717277"><ele>53.7</ele></trkpt>
   <trkpt lon="-4.621920" lat="36.717362"><ele>53.4</ele></trkpt>
   <trkpt lon="-4.621877" lat="36.717430"><ele>53.2</ele></trkpt>
   <trkpt lon="-4.621151" lat="36.717894"><ele>55.0</ele></trkpt>
   <trkpt lon="-4.620877" lat="36.718134"><ele>53.8</ele></trkpt>
   <trkpt lon="-4.620785" lat="36.718191"><ele>53.5</ele></trkpt>
   <trkpt lon="-4.620688" lat="36.718221"><ele>53.2</ele></trkpt>
   <trkpt lon="-4.620512" lat="36.718231"><ele>53.1</ele></trkpt>
   <trkpt lon="-4.620373" lat="36.718278"><ele>52.1</ele></trkpt>
   <trkpt lon="-4.620318" lat="36.718328"><ele>51.1</ele></trkpt>
   <trkpt lon="-4.620294" lat="36.718374"><ele>50.2</ele></trkpt>
   <trkpt lon="-4.620249" lat="36.718463"><ele>48.3</ele></trkpt>
   <trkpt lon="-4.620200" lat="36.718511"><ele>47.4</ele></trkpt>
   <trkpt lon="-4.619694" lat="36.718809"><ele>43.0</ele></trkpt>
   <trkpt lon="-4.619294" lat="36.719104"><ele>40.6</ele></trkpt>
   <trkpt lon="-4.617027" lat="36.720922"><ele>37.0</ele></trkpt>
   <trkpt lon="-4.616925" lat="36.720960"><ele>36.9</ele></trkpt>
   <trkpt lon="-4.616656" lat="36.720965"><ele>37.5</ele></trkpt>
   <trkpt lon="-4.616647" lat="36.720969"><ele>37.5</ele></trkpt>
   <trkpt lon="-4.616573" lat="36.720998"><ele>37.5</ele></trkpt>
   <trkpt lon="-4.616550" lat="36.721018"><ele>37.4</ele></trkpt>
   <trkpt lon="-4.616511" lat="36.721072"><ele>37.2</ele></trkpt>
   <trkpt lon="-4.616522" lat="36.721257"><ele>36.1</ele></trkpt>
   <trkpt lon="-4.616523" lat="36.721287"><ele>36.1</ele></trkpt>
   <trkpt lon="-4.616508" lat="36.721332"><ele>36.1</ele></trkpt>
   <trkpt lon="-4.615521" lat="36.722124"><ele>34.5</ele></trkpt>
   <trkpt lon="-4.614920" lat="36.722645"><ele>34.0</ele></trkpt>
   <trkpt lon="-4.614861" lat="36.722697"><ele>34.0</ele></trkpt>
   <trkpt lon="-4.614820" lat="36.722784"><ele>34.0</ele></trkpt>
   <trkpt lon="-4.614229" lat="36.722835"><ele>36.0</ele></trkpt>
   <trkpt lon="-4.613589" lat="36.722905"><ele>41.4</ele></trkpt>
   <trkpt lon="-4.612324" lat="36.723155"><ele>49.7</ele></trkpt>
   <trkpt lon="-4.611390" lat="36.723330"><ele>50.7</ele></trkpt>
   <trkpt lon="-4.611178" lat="36.723361"><ele>50.8</ele></trkpt>
   <trkpt lon="-4.610940" lat="36.723348"><ele>51.8</ele></trkpt>
   <trkpt lon="-4.610607" lat="36.723260"><ele>53.8</ele></trkpt>
   <trkpt lon="-4.610405" lat="36.723142"><ele>54.5</ele></trkpt>
   <trkpt lon="-4.610262" lat="36.723003"><ele>53.3</ele></trkpt>
   <trkpt lon="-4.610141" lat="36.722788"><ele>52.5</ele></trkpt>
   <trkpt lon="-4.610069" lat="36.722419"><ele>53.3</ele></trkpt>
   <trkpt lon="-4.610020" lat="36.721865"><ele>57.0</ele></trkpt>
   <trkpt lon="-4.610020" lat="36.721786"><ele>57.5</ele></trkpt>
   <trkpt lon="-4.610001" lat="36.721787"><ele>57.3</ele></trkpt>
   <trkpt lon="-4.609902" lat="36.721792"><ele>56.2</ele></trkpt>
   <trkpt lon="-4.609873" lat="36.721794"><ele>55.9</ele></trkpt>
   <trkpt lon="-4.609799" lat="36.721798"><ele>55.1</ele></trkpt>
   <trkpt lon="-4.609759" lat="36.721480"><ele>57.3</ele></trkpt>
   <trkpt lon="-4.609701" lat="36.721328"><ele>58.3</ele></trkpt>
   <trkpt lon="-4.609587" lat="36.721166"><ele>59.4</ele></trkpt>
   <trkpt lon="-4.609416" lat="36.721015"><ele>60.8</ele></trkpt>
   <trkpt lon="-4.609323" lat="36.720969"><ele>61.6</ele></trkpt>
   <trkpt lon="-4.609196" lat="36.720948"><ele>62.2</ele></trkpt>
   <trkpt lon="-4.609069" lat="36.720951"><ele>62.6</ele></trkpt>
   <trkpt lon="-4.608987" lat="36.720930"><ele>62.9</ele></trkpt>
   <trkpt lon="-4.608898" lat="36.720878"><ele>63.3</ele></trkpt>
   <trkpt lon="-4.608777" lat="36.720839"><ele>63.6</ele></trkpt>
   <trkpt lon="-4.608644" lat="36.720820"><ele>63.9</ele></trkpt>
   <trkpt lon="-4.606923" lat="36.720873"><ele>62.0</ele></trkpt>
   <trkpt lon="-4.606445" lat="36.720853"><ele>60.7</ele></trkpt>
   <trkpt lon="-4.605653" lat="36.720751"><ele>57.1</ele></trkpt>
   <trkpt lon="-4.605074" lat="36.720639"><ele>55.7</ele></trkpt>
   <trkpt lon="-4.604800" lat="36.720592"><ele>55.0</ele></trkpt>
   <trkpt lon="-4.604667" lat="36.720602"><ele>54.2</ele></trkpt>
   <trkpt lon="-4.604647" lat="36.720604"><ele>54.1</ele></trkpt>
   <trkpt lon="-4.604599" lat="36.720607"><ele>53.8</ele></trkpt>
   <trkpt lon="-4.604572" lat="36.720610"><ele>53.6</ele></trkpt>
   <trkpt lon="-4.604529" lat="36.720613"><ele>53.4</ele></trkpt>
   <trkpt lon="-4.604380" lat="36.720512"><ele>53.1</ele></trkpt>
   <trkpt lon="-4.604108" lat="36.720460"><ele>52.1</ele></trkpt>
   <trkpt lon="-4.603934" lat="36.720418"><ele>51.5</ele></trkpt>
   <trkpt lon="-4.602657" lat="36.720158"><ele>48.3</ele></trkpt>
   <trkpt lon="-4.601959" lat="36.720008"><ele>46.3</ele></trkpt>
   <trkpt lon="-4.601096" lat="36.719843"><ele>41.2</ele></trkpt>
   <trkpt lon="-4.600658" lat="36.719761"><ele>40.6</ele></trkpt>
   <trkpt lon="-4.600307" lat="36.719702"><ele>40.3</ele></trkpt>
   <trkpt lon="-4.599890" lat="36.719665"><ele>39.9</ele></trkpt>
   <trkpt lon="-4.599601" lat="36.719656"><ele>38.5</ele></trkpt>
   <trkpt lon="-4.599302" lat="36.719660"><ele>36.5</ele></trkpt>
   <trkpt lon="-4.598792" lat="36.719683"><ele>33.9</ele></trkpt>
   <trkpt lon="-4.598105" lat="36.719705"><ele>37.8</ele></trkpt>
   <trkpt lon="-4.597052" lat="36.719719"><ele>40.1</ele></trkpt>
   <trkpt lon="-4.596614" lat="36.719744"><ele>39.6</ele></trkpt>
   <trkpt lon="-4.596142" lat="36.719779"><ele>38.7</ele></trkpt>
   <trkpt lon="-4.595008" lat="36.719907"><ele>35.8</ele></trkpt>
   <trkpt lon="-4.594653" lat="36.719940"><ele>34.6</ele></trkpt>
   <trkpt lon="-4.594455" lat="36.719942"><ele>34.0</ele></trkpt>
   <trkpt lon="-4.594250" lat="36.719932"><ele>33.2</ele></trkpt>
   <trkpt lon="-4.594055" lat="36.719912"><ele>32.1</ele></trkpt>
   <trkpt lon="-4.593579" lat="36.719817"><ele>31.1</ele></trkpt>
   <trkpt lon="-4.593292" lat="36.719752"><ele>30.8</ele></trkpt>
   <trkpt lon="-4.593128" lat="36.719721"><ele>30.7</ele></trkpt>
   <trkpt lon="-4.593011" lat="36.719701"><ele>30.6</ele></trkpt>
   <trkpt lon="-4.592847" lat="36.719685"><ele>30.6</ele></trkpt>
   <trkpt lon="-4.592789" lat="36.719692"><ele>30.6</ele></trkpt>
   <trkpt lon="-4.592708" lat="36.719718"><ele>30.5</ele></trkpt>
   <trkpt lon="-4.592660" lat="36.719748"><ele>30.4</ele></trkpt>
   <trkpt lon="-4.592569" lat="36.719825"><ele>29.9</ele></trkpt>
   <trkpt lon="-4.592542" lat="36.719841"><ele>29.8</ele></trkpt>
   <trkpt lon="-4.592430" lat="36.719855"><ele>29.4</ele></trkpt>
   <trkpt lon="-4.592394" lat="36.719855"><ele>29.3</ele></trkpt>
   <trkpt lon="-4.592359" lat="36.719855"><ele>29.1</ele></trkpt>
   <trkpt lon="-4.592339" lat="36.719855"><ele>29.1</ele></trkpt>
   <trkpt lon="-4.592317" lat="36.719852"><ele>29.0</ele></trkpt>
   <trkpt lon="-4.592200" lat="36.719783"><ele>28.1</ele></trkpt>
   <trkpt lon="-4.592084" lat="36.719701"><ele>27.4</ele></trkpt>
   <trkpt lon="-4.591831" lat="36.719544"><ele>26.7</ele></trkpt>
   <trkpt lon="-4.591810" lat="36.719493"><ele>27.2</ele></trkpt>
   <trkpt lon="-4.591819" lat="36.719450"><ele>27.7</ele></trkpt>
   <trkpt lon="-4.591827" lat="36.719405"><ele>28.3</ele></trkpt>
   <trkpt lon="-4.591835" lat="36.719365"><ele>28.8</ele></trkpt>
   <trkpt lon="-4.591839" lat="36.719319"><ele>29.4</ele></trkpt>
   <trkpt lon="-4.591830" lat="36.719299"><ele>29.6</ele></trkpt>
   <trkpt lon="-4.591810" lat="36.719287"><ele>29.6</ele></trkpt>
   <trkpt lon="-4.591739" lat="36.719272"><ele>29.6</ele></trkpt>
   <trkpt lon="-4.591442" lat="36.719233"><ele>29.7</ele></trkpt>
   <trkpt lon="-4.591278" lat="36.719202"><ele>30.1</ele></trkpt>
   <trkpt lon="-4.591133" lat="36.719166"><ele>29.9</ele></trkpt>
   <trkpt lon="-4.591054" lat="36.719135"><ele>30.0</ele></trkpt>
   <trkpt lon="-4.591037" lat="36.719114"><ele>30.1</ele></trkpt>
   <trkpt lon="-4.591038" lat="36.719092"><ele>30.3</ele></trkpt>
   <trkpt lon="-4.591185" lat="36.718936"><ele>32.1</ele></trkpt>
   <trkpt lon="-4.591751" lat="36.718365"><ele>33.7</ele></trkpt>
   <trkpt lon="-4.591767" lat="36.718321"><ele>33.8</ele></trkpt>
   <trkpt lon="-4.591764" lat="36.718285"><ele>33.8</ele></trkpt>
   <trkpt lon="-4.591715" lat="36.718271"><ele>33.8</ele></trkpt>
   <trkpt lon="-4.591604" lat="36.718270"><ele>33.6</ele></trkpt>
   <trkpt lon="-4.591181" lat="36.718346"><ele>31.2</ele></trkpt>
   <trkpt lon="-4.590946" lat="36.718372"><ele>29.5</ele></trkpt>
   <trkpt lon="-4.590760" lat="36.718374"><ele>28.4</ele></trkpt>
   <trkpt lon="-4.590632" lat="36.718363"><ele>27.7</ele></trkpt>
   <trkpt lon="-4.590486" lat="36.718340"><ele>26.9</ele></trkpt>
   <trkpt lon="-4.590298" lat="36.718273"><ele>26.1</ele></trkpt>
   <trkpt lon="-4.590091" lat="36.718135"><ele>25.5</ele></trkpt>
   <trkpt lon="-4.590068" lat="36.718077"><ele>25.4</ele></trkpt>
   <trkpt lon="-4.590083" lat="36.717985"><ele>25.5</ele></trkpt>
   <trkpt lon="-4.590134" lat="36.717907"><ele>25.6</ele></trkpt>
   <trkpt lon="-4.590161" lat="36.717839"><ele>25.7</ele></trkpt>
   <trkpt lon="-4.590154" lat="36.717784"><ele>25.9</ele></trkpt>
   <trkpt lon="-4.590116" lat="36.717734"><ele>25.9</ele></trkpt>
   <trkpt lon="-4.590108" lat="36.717725"><ele>25.9</ele></trkpt>
   <trkpt lon="-4.590062" lat="36.717668"><ele>25.8</ele></trkpt>
   <trkpt lon="-4.590013" lat="36.717601"><ele>25.6</ele></trkpt>
   <trkpt lon="-4.589954" lat="36.717548"><ele>25.3</ele></trkpt>
   <trkpt lon="-4.589856" lat="36.717516"><ele>24.8</ele></trkpt>
   <trkpt lon="-4.589737" lat="36.717493"><ele>24.5</ele></trkpt>
   <trkpt lon="-4.589288" lat="36.717330"><ele>23.2</ele></trkpt>
   <trkpt lon="-4.589196" lat="36.717267"><ele>23.0</ele></trkpt>
   <trkpt lon="-4.589122" lat="36.717180"><ele>23.0</ele></trkpt>
   <trkpt lon="-4.589017" lat="36.717091"><ele>23.3</ele></trkpt>
   <trkpt lon="-4.588881" lat="36.716993"><ele>23.4</ele></trkpt>
   <trkpt lon="-4.588009" lat="36.716438"><ele>24.2</ele></trkpt>
   <trkpt lon="-4.587215" lat="36.715960"><ele>24.0</ele></trkpt>
   <trkpt lon="-4.586174" lat="36.715318"><ele>24.4</ele></trkpt>
   <trkpt lon="-4.585675" lat="36.715017"><ele>26.4</ele></trkpt>
   <trkpt lon="-4.585350" lat="36.714835"><ele>27.3</ele></trkpt>
   <trkpt lon="-4.584811" lat="36.714584"><ele>28.1</ele></trkpt>
   <trkpt lon="-4.584763" lat="36.714544"><ele>28.3</ele></trkpt>
   <trkpt lon="-4.584728" lat="36.714487"><ele>28.5</ele></trkpt>
   <trkpt lon="-4.584706" lat="36.714420"><ele>28.8</ele></trkpt>
   <trkpt lon="-4.584659" lat="36.714345"><ele>28.8</ele></trkpt>
   <trkpt lon="-4.584652" lat="36.714267"><ele>29.0</ele></trkpt>
   <trkpt lon="-4.584686" lat="36.714184"><ele>29.4</ele></trkpt>
   <trkpt lon="-4.584687" lat="36.714115"><ele>29.6</ele></trkpt>
   <trkpt lon="-4.584660" lat="36.714040"><ele>29.8</ele></trkpt>
   <trkpt lon="-4.584588" lat="36.713982"><ele>29.8</ele></trkpt>
   <trkpt lon="-4.584483" lat="36.713968"><ele>29.4</ele></trkpt>
   <trkpt lon="-4.584203" lat="36.713976"><ele>28.3</ele></trkpt>
   <trkpt lon="-4.584099" lat="36.713974"><ele>27.9</ele></trkpt>
   <trkpt lon="-4.584056" lat="36.713968"><ele>27.8</ele></trkpt>
   <trkpt lon="-4.583741" lat="36.714237"><ele>26.9</ele></trkpt>
   <trkpt lon="-4.580332" lat="36.712948"><ele>41.4</ele></trkpt>
   <trkpt lon="-4.580032" lat="36.712797"><ele>41.8</ele></trkpt>
   <trkpt lon="-4.579779" lat="36.712646"><ele>42.6</ele></trkpt>
   <trkpt lon="-4.579520" lat="36.712436"><ele>44.3</ele></trkpt>
   <trkpt lon="-4.579316" lat="36.712200"><ele>44.1</ele></trkpt>
   <trkpt lon="-4.579161" lat="36.711964"><ele>43.5</ele></trkpt>
   <trkpt lon="-4.578594" lat="36.710904"><ele>34.0</ele></trkpt>
   <trkpt lon="-4.578296" lat="36.710441"><ele>30.3</ele></trkpt>
   <trkpt lon="-4.577952" lat="36.710081"><ele>31.9</ele></trkpt>
   <trkpt lon="-4.577594" lat="36.709815"><ele>35.6</ele></trkpt>
   <trkpt lon="-4.577306" lat="36.709657"><ele>37.0</ele></trkpt>
   <trkpt lon="-4.576603" lat="36.709272"><ele>38.1</ele></trkpt>
   <trkpt lon="-4.576375" lat="36.709115"><ele>36.7</ele></trkpt>
   <trkpt lon="-4.576216" lat="36.708979"><ele>35.4</ele></trkpt>
   <trkpt lon="-4.576125" lat="36.708900"><ele>35.5</ele></trkpt>
   <trkpt lon="-4.575950" lat="36.708684"><ele>34.5</ele></trkpt>
   <trkpt lon="-4.575887" lat="36.708584"><ele>33.9</ele></trkpt>
   <trkpt lon="-4.575770" lat="36.708402"><ele>33.0</ele></trkpt>
   <trkpt lon="-4.575244" lat="36.707445"><ele>26.5</ele></trkpt>
   <trkpt lon="-4.574615" lat="36.706355"><ele>26.7</ele></trkpt>
   <trkpt lon="-4.574344" lat="36.705990"><ele>27.3</ele></trkpt>
   <trkpt lon="-4.573957" lat="36.705556"><ele>26.5</ele></trkpt>
   <trkpt lon="-4.573897" lat="36.705497"><ele>26.3</ele></trkpt>
   <trkpt lon="-4.573411" lat="36.705025"><ele>26.4</ele></trkpt>
   <trkpt lon="-4.571794" lat="36.703453"><ele>34.0</ele></trkpt>
   <trkpt lon="-4.570855" lat="36.702502"><ele>28.6</ele></trkpt>
   <trkpt lon="-4.569679" lat="36.701175"><ele>27.5</ele></trkpt>
   <trkpt lon="-4.568701" lat="36.700051"><ele>27.7</ele></trkpt>
   <trkpt lon="-4.568411" lat="36.699718"><ele>27.2</ele></trkpt>
   <trkpt lon="-4.567965" lat="36.699206"><ele>31.2</ele></trkpt>
   <trkpt lon="-4.567694" lat="36.698949"><ele>31.8</ele></trkpt>
   <trkpt lon="-4.567372" lat="36.698689"><ele>33.1</ele></trkpt>
   <trkpt lon="-4.566536" lat="36.698140"><ele>35.1</ele></trkpt>
   <trkpt lon="-4.566351" lat="36.698019"><ele>34.0</ele></trkpt>
   <trkpt lon="-4.566180" lat="36.697918"><ele>33.8</ele></trkpt>
   <trkpt lon="-4.566026" lat="36.697826"><ele>33.6</ele></trkpt>
   <trkpt lon="-4.565943" lat="36.697776"><ele>33.5</ele></trkpt>
   <trkpt lon="-4.563875" lat="36.696513"><ele>34.0</ele></trkpt>
   <trkpt lon="-4.563584" lat="36.696325"><ele>32.7</ele></trkpt>
   <trkpt lon="-4.562639" lat="36.695710"><ele>27.6</ele></trkpt>
   <trkpt lon="-4.561230" lat="36.694795"><ele>28.5</ele></trkpt>
   <trkpt lon="-4.561053" lat="36.694679"><ele>28.9</ele></trkpt>
   <trkpt lon="-4.558604" lat="36.693071"><ele>32.8</ele></trkpt>
   <trkpt lon="-4.558152" lat="36.692782"><ele>32.8</ele></trkpt>
   <trkpt lon="-4.557306" lat="36.692239"><ele>32.0</ele></trkpt>
   <trkpt lon="-4.556681" lat="36.691865"><ele>29.6</ele></trkpt>
   <trkpt lon="-4.554790" lat="36.690810"><ele>22.0</ele></trkpt>
   <trkpt lon="-4.553871" lat="36.690299"><ele>21.0</ele></trkpt>
   <trkpt lon="-4.553522" lat="36.690085"><ele>20.3</ele></trkpt>
   <trkpt lon="-4.553190" lat="36.689830"><ele>20.1</ele></trkpt>
   <trkpt lon="-4.552886" lat="36.689525"><ele>20.5</ele></trkpt>
   <trkpt lon="-4.552650" lat="36.689213"><ele>21.9</ele></trkpt>
   <trkpt lon="-4.551228" lat="36.686955"><ele>25.3</ele></trkpt>
   <trkpt lon="-4.551054" lat="36.686709"><ele>24.7</ele></trkpt>
   <trkpt lon="-4.550799" lat="36.686450"><ele>24.7</ele></trkpt>
   <trkpt lon="-4.550516" lat="36.686243"><ele>24.0</ele></trkpt>
   <trkpt lon="-4.550275" lat="36.686118"><ele>22.7</ele></trkpt>
   <trkpt lon="-4.549980" lat="36.686004"><ele>21.0</ele></trkpt>
   <trkpt lon="-4.546344" lat="36.685099"><ele>20.9</ele></trkpt>
   <trkpt lon="-4.545549" lat="36.684906"><ele>23.5</ele></trkpt>
   <trkpt lon="-4.543345" lat="36.684368"><ele>27.0</ele></trkpt>
   <trkpt lon="-4.542289" lat="36.684110"><ele>25.1</ele></trkpt>
   <trkpt lon="-4.541628" lat="36.683948"><ele>22.8</ele></trkpt>
   <trkpt lon="-4.538987" lat="36.683303"><ele>26.0</ele></trkpt>
   <trkpt lon="-4.538369" lat="36.683135"><ele>27.0</ele></trkpt>
   <trkpt lon="-4.538104" lat="36.683044"><ele>27.8</ele></trkpt>
   <trkpt lon="-4.537870" lat="36.682939"><ele>28.8</ele></trkpt>
   <trkpt lon="-4.537687" lat="36.682792"><ele>29.7</ele></trkpt>
   <trkpt lon="-4.537629" lat="36.682724"><ele>29.7</ele></trkpt>
   <trkpt lon="-4.537596" lat="36.682645"><ele>29.8</ele></trkpt>
   <trkpt lon="-4.537588" lat="36.682588"><ele>29.8</ele></trkpt>
   <trkpt lon="-4.537568" lat="36.682551"><ele>29.8</ele></trkpt>
   <trkpt lon="-4.537538" lat="36.682519"><ele>29.8</ele></trkpt>
   <trkpt lon="-4.537499" lat="36.682494"><ele>29.8</ele></trkpt>
   <trkpt lon="-4.537453" lat="36.682477"><ele>29.7</ele></trkpt>
   <trkpt lon="-4.537398" lat="36.682469"><ele>29.7</ele></trkpt>
   <trkpt lon="-4.537343" lat="36.682473"><ele>29.6</ele></trkpt>
   <trkpt lon="-4.537293" lat="36.682488"><ele>29.4</ele></trkpt>
   <trkpt lon="-4.537249" lat="36.682513"><ele>29.2</ele></trkpt>
   <trkpt lon="-4.537215" lat="36.682546"><ele>29.0</ele></trkpt>
   <trkpt lon="-4.537190" lat="36.682580"><ele>28.8</ele></trkpt>
   <trkpt lon="-4.537096" lat="36.682580"><ele>28.6</ele></trkpt>
   <trkpt lon="-4.536944" lat="36.682609"><ele>28.2</ele></trkpt>
   <trkpt lon="-4.536673" lat="36.682677"><ele>28.0</ele></trkpt>
   <trkpt lon="-4.536256" lat="36.682793"><ele>27.9</ele></trkpt>
   <trkpt lon="-4.535869" lat="36.682922"><ele>27.3</ele></trkpt>
   <trkpt lon="-4.535584" lat="36.683041"><ele>27.0</ele></trkpt>
   <trkpt lon="-4.535333" lat="36.683172"><ele>27.0</ele></trkpt>
   <trkpt lon="-4.535157" lat="36.683273"><ele>26.7</ele></trkpt>
   <trkpt lon="-4.534813" lat="36.683436"><ele>26.0</ele></trkpt>
   <trkpt lon="-4.534542" lat="36.683546"><ele>26.0</ele></trkpt>
   <trkpt lon="-4.534089" lat="36.683712"><ele>26.0</ele></trkpt>
   <trkpt lon="-4.533688" lat="36.683843"><ele>25.2</ele></trkpt>
   <trkpt lon="-4.533392" lat="36.683973"><ele>25.0</ele></trkpt>
   <trkpt lon="-4.533214" lat="36.684059"><ele>25.0</ele></trkpt>
   <trkpt lon="-4.533095" lat="36.684122"><ele>25.0</ele></trkpt>
   <trkpt lon="-4.532905" lat="36.684211"><ele>25.0</ele></trkpt>
   <trkpt lon="-4.532528" lat="36.684377"><ele>24.9</ele></trkpt>
   <trkpt lon="-4.531876" lat="36.684713"><ele>24.0</ele></trkpt>
   <trkpt lon="-4.531119" lat="36.685097"><ele>24.0</ele></trkpt>
   <trkpt lon="-4.530570" lat="36.685402"><ele>24.0</ele></trkpt>
   <trkpt lon="-4.530051" lat="36.685685"><ele>23.0</ele></trkpt>
   <trkpt lon="-4.529524" lat="36.685984"><ele>22.1</ele></trkpt>
   <trkpt lon="-4.529035" lat="36.686250"><ele>21.8</ele></trkpt>
   <trkpt lon="-4.528623" lat="36.686436"><ele>21.0</ele></trkpt>
   <trkpt lon="-4.528206" lat="36.686596"><ele>21.0</ele></trkpt>
   <trkpt lon="-4.527170" lat="36.686958"><ele>15.9</ele></trkpt>
   <trkpt lon="-4.526698" lat="36.687093"><ele>18.0</ele></trkpt>
   <trkpt lon="-4.526428" lat="36.687159"><ele>19.1</ele></trkpt>
   <trkpt lon="-4.524900" lat="36.687501"><ele>19.9</ele></trkpt>
   <trkpt lon="-4.524489" lat="36.687602"><ele>20.0</ele></trkpt>
   <trkpt lon="-4.524254" lat="36.687699"><ele>20.0</ele></trkpt>
   <trkpt lon="-4.524156" lat="36.687739"><ele>20.0</ele></trkpt>
   <trkpt lon="-4.523786" lat="36.687827"><ele>19.3</ele></trkpt>
   <trkpt lon="-4.523199" lat="36.687927"><ele>18.0</ele></trkpt>
   <trkpt lon="-4.523042" lat="36.687936"><ele>18.0</ele></trkpt>
   <trkpt lon="-4.522965" lat="36.687941"><ele>17.9</ele></trkpt>
   <trkpt lon="-4.522821" lat="36.687967"><ele>17.7</ele></trkpt>
   <trkpt lon="-4.522759" lat="36.687979"><ele>17.6</ele></trkpt>
   <trkpt lon="-4.522093" lat="36.688099"><ele>16.9</ele></trkpt>
   <trkpt lon="-4.521667" lat="36.688177"><ele>16.1</ele></trkpt>
   <trkpt lon="-4.521175" lat="36.688239"><ele>16.0</ele></trkpt>
   <trkpt lon="-4.520386" lat="36.688317"><ele>15.0</ele></trkpt>
   <trkpt lon="-4.520123" lat="36.688388"><ele>14.9</ele></trkpt>
   <trkpt lon="-4.519837" lat="36.688465"><ele>14.6</ele></trkpt>
   <trkpt lon="-4.519737" lat="36.688486"><ele>14.4</ele></trkpt>
   <trkpt lon="-4.519654" lat="36.688516"><ele>14.3</ele></trkpt>
   <trkpt lon="-4.519376" lat="36.688656"><ele>14.7</ele></trkpt>
   <trkpt lon="-4.518914" lat="36.688859"><ele>14.2</ele></trkpt>
   <trkpt lon="-4.518786" lat="36.688969"><ele>14.5</ele></trkpt>
   <trkpt lon="-4.518540" lat="36.689265"><ele>14.4</ele></trkpt>
   <trkpt lon="-4.518282" lat="36.689794"><ele>14.3</ele></trkpt>
   <trkpt lon="-4.518363" lat="36.690179"><ele>12.8</ele></trkpt>
   <trkpt lon="-4.518519" lat="36.690515"><ele>11.9</ele></trkpt>
   <trkpt lon="-4.517671" lat="36.692081"><ele>12.0</ele></trkpt>
   <trkpt lon="-4.517386" lat="36.692721"><ele>12.0</ele></trkpt>
   <trkpt lon="-4.517325" lat="36.693017"><ele>12.0</ele></trkpt>
   <trkpt lon="-4.517356" lat="36.693292"><ele>11.4</ele></trkpt>
   <trkpt lon="-4.517303" lat="36.693461"><ele>11.3</ele></trkpt>
   <trkpt lon="-4.517176" lat="36.693641"><ele>11.0</ele></trkpt>
   <trkpt lon="-4.517014" lat="36.693803"><ele>11.0</ele></trkpt>
   <trkpt lon="-4.516979" lat="36.693888"><ele>11.0</ele></trkpt>
   <trkpt lon="-4.516950" lat="36.694071"><ele>11.0</ele></trkpt>
   <trkpt lon="-4.516988" lat="36.694254"><ele>11.0</ele></trkpt>
   <trkpt lon="-4.517162" lat="36.694303"><ele>10.9</ele></trkpt>
   <trkpt lon="-4.517027" lat="36.694375"><ele>10.4</ele></trkpt>
   <trkpt lon="-4.516401" lat="36.694552"><ele>8.7</ele></trkpt>
   <trkpt lon="-4.516304" lat="36.694674"><ele>7.9</ele></trkpt>
   <trkpt lon="-4.516204" lat="36.694801"><ele>7.5</ele></trkpt>
   <trkpt lon="-4.516172" lat="36.695022"><ele>7.0</ele></trkpt>
   <trkpt lon="-4.515976" lat="36.695823"><ele>7.0</ele></trkpt>
   <trkpt lon="-4.515882" lat="36.695979"><ele>7.0</ele></trkpt>
   <trkpt lon="-4.515892" lat="36.696312"><ele>6.1</ele></trkpt>
   <trkpt lon="-4.515862" lat="36.696551"><ele>5.4</ele></trkpt>
   <trkpt lon="-4.515847" lat="36.696748"><ele>5.2</ele></trkpt>
   <trkpt lon="-4.516019" lat="36.697079"><ele>6.2</ele></trkpt>
   <trkpt lon="-4.516346" lat="36.697328"><ele>6.9</ele></trkpt>
   <trkpt lon="-4.516518" lat="36.697483"><ele>8.4</ele></trkpt>
   <trkpt lon="-4.516643" lat="36.697703"><ele>10.7</ele></trkpt>
   <trkpt lon="-4.516472" lat="36.697817"><ele>10.7</ele></trkpt>
   <trkpt lon="-4.516421" lat="36.697965"><ele>10.6</ele></trkpt>
   <trkpt lon="-4.516406" lat="36.698083"><ele>10.6</ele></trkpt>
   <trkpt lon="-4.516080" lat="36.698151"><ele>10.0</ele></trkpt>
   <trkpt lon="-4.515816" lat="36.698203"><ele>10.0</ele></trkpt>
   <trkpt lon="-4.515759" lat="36.698203"><ele>9.9</ele></trkpt>
   <trkpt lon="-4.515703" lat="36.698181"><ele>9.8</ele></trkpt>
   <trkpt lon="-4.515568" lat="36.698070"><ele>9.9</ele></trkpt>
   <trkpt lon="-4.515515" lat="36.698002"><ele>10.0</ele></trkpt>
   <trkpt lon="-4.515375" lat="36.697710"><ele>10.8</ele></trkpt>
   <trkpt lon="-4.515224" lat="36.697528"><ele>10.2</ele></trkpt>
   <trkpt lon="-4.514997" lat="36.697396"><ele>9.8</ele></trkpt>
   <trkpt lon="-4.514769" lat="36.697378"><ele>10.1</ele></trkpt>
   <trkpt lon="-4.514525" lat="36.697372"><ele>10.1</ele></trkpt>
   <trkpt lon="-4.514394" lat="36.697477"><ele>11.6</ele></trkpt>
   <trkpt lon="-4.513923" lat="36.697823"><ele>14.6</ele></trkpt>
   <trkpt lon="-4.512964" lat="36.698635"><ele>13.3</ele></trkpt>
   <trkpt lon="-4.511998" lat="36.699284"><ele>12.3</ele></trkpt>
   <trkpt lon="-4.511615" lat="36.699594"><ele>11.4</ele></trkpt>
   <trkpt lon="-4.511368" lat="36.699806"><ele>10.9</ele></trkpt>
   <trkpt lon="-4.509776" lat="36.700951"><ele>11.1</ele></trkpt>
   <trkpt lon="-4.508586" lat="36.701801"><ele>11.0</ele></trkpt>
   <trkpt lon="-4.508465" lat="36.701890"><ele>11.3</ele></trkpt>
   <trkpt lon="-4.508386" lat="36.701949"><ele>11.4</ele></trkpt>
   <trkpt lon="-4.508150" lat="36.702061"><ele>11.8</ele></trkpt>
   <trkpt lon="-4.507812" lat="36.702078"><ele>11.8</ele></trkpt>
   <trkpt lon="-4.506826" lat="36.702099"><ele>13.2</ele></trkpt>
   <trkpt lon="-4.506583" lat="36.702143"><ele>12.9</ele></trkpt>
   <trkpt lon="-4.506344" lat="36.702258"><ele>12.9</ele></trkpt>
   <trkpt lon="-4.506185" lat="36.702399"><ele>13.3</ele></trkpt>
   <trkpt lon="-4.505720" lat="36.702896"><ele>14.6</ele></trkpt>
   <trkpt lon="-4.505228" lat="36.703443"><ele>14.7</ele></trkpt>
   <trkpt lon="-4.505087" lat="36.703662"><ele>14.5</ele></trkpt>
   <trkpt lon="-4.505072" lat="36.703848"><ele>14.4</ele></trkpt>
   <trkpt lon="-4.505139" lat="36.704032"><ele>14.8</ele></trkpt>
   <trkpt lon="-4.505219" lat="36.704148"><ele>15.0</ele></trkpt>
   <trkpt lon="-4.503958" lat="36.705222"><ele>15.0</ele></trkpt>
   <trkpt lon="-4.503712" lat="36.705432"><ele>15.0</ele></trkpt>
   <trkpt lon="-4.502843" lat="36.706169"><ele>15.8</ele></trkpt>
   <trkpt lon="-4.502052" lat="36.706838"><ele>16.0</ele></trkpt>
   <trkpt lon="-4.501909" lat="36.706988"><ele>16.2</ele></trkpt>
   <trkpt lon="-4.497535" lat="36.707407"><ele>16.6</ele></trkpt>
   <trkpt lon="-4.497278" lat="36.707364"><ele>16.3</ele></trkpt>
   <trkpt lon="-4.496914" lat="36.707398"><ele>16.4</ele></trkpt>
   <trkpt lon="-4.496530" lat="36.707400"><ele>16.4</ele></trkpt>
   <trkpt lon="-4.495881" lat="36.707459"><ele>16.6</ele></trkpt>
   <trkpt lon="-4.495417" lat="36.707504"><ele>16.7</ele></trkpt>
   <trkpt lon="-4.495026" lat="36.707551"><ele>16.8</ele></trkpt>
   <trkpt lon="-4.494694" lat="36.707619"><ele>16.2</ele></trkpt>
   <trkpt lon="-4.494598" lat="36.707631"><ele>16.5</ele></trkpt>
   <trkpt lon="-4.494365" lat="36.707711"><ele>17.6</ele></trkpt>
   <trkpt lon="-4.494143" lat="36.707730"><ele>18.3</ele></trkpt>
   <trkpt lon="-4.493905" lat="36.707696"><ele>19.3</ele></trkpt>
   <trkpt lon="-4.493711" lat="36.707685"><ele>20.8</ele></trkpt>
   <trkpt lon="-4.493607" lat="36.707620"><ele>21.3</ele></trkpt>
   <trkpt lon="-4.493346" lat="36.707621"><ele>22.8</ele></trkpt>
   <trkpt lon="-4.493094" lat="36.707637"><ele>23.6</ele></trkpt>
   <trkpt lon="-4.492870" lat="36.707663"><ele>24.1</ele></trkpt>
   <trkpt lon="-4.492792" lat="36.707635"><ele>24.4</ele></trkpt>
   <trkpt lon="-4.492764" lat="36.707645"><ele>24.5</ele></trkpt>
   <trkpt lon="-4.492703" lat="36.707681"><ele>24.6</ele></trkpt>
   <trkpt lon="-4.492654" lat="36.707730"><ele>24.6</ele></trkpt>
   <trkpt lon="-4.492624" lat="36.707768"><ele>24.6</ele></trkpt>
   <trkpt lon="-4.492567" lat="36.707822"><ele>24.6</ele></trkpt>
   <trkpt lon="-4.492467" lat="36.707868"><ele>24.7</ele></trkpt>
   <trkpt lon="-4.492361" lat="36.707902"><ele>24.9</ele></trkpt>
   <trkpt lon="-4.492364" lat="36.707926"><ele>24.9</ele></trkpt>
   <trkpt lon="-4.492381" lat="36.708069"><ele>24.4</ele></trkpt>
   <trkpt lon="-4.492389" lat="36.708132"><ele>24.2</ele></trkpt>
   <trkpt lon="-4.492238" lat="36.708135"><ele>24.6</ele></trkpt>
   <trkpt lon="-4.491329" lat="36.708236"><ele>27.1</ele></trkpt>
   <trkpt lon="-4.490983" lat="36.708252"><ele>28.1</ele></trkpt>
   <trkpt lon="-4.489727" lat="36.708400"><ele>32.5</ele></trkpt>
   <trkpt lon="-4.489446" lat="36.708421"><ele>33.3</ele></trkpt>
   <trkpt lon="-4.489241" lat="36.708426"><ele>33.9</ele></trkpt>
   <trkpt lon="-4.488964" lat="36.708421"><ele>35.5</ele></trkpt>
   <trkpt lon="-4.488979" lat="36.708433"><ele>35.4</ele></trkpt>
   <trkpt lon="-4.488888" lat="36.708478"><ele>36.0</ele></trkpt>
   <trkpt lon="-4.488754" lat="36.708474"><ele>37.1</ele></trkpt>
   <trkpt lon="-4.488749" lat="36.708461"><ele>37.1</ele></trkpt>
   <trkpt lon="-4.488728" lat="36.708424"><ele>37.3</ele></trkpt>
   <trkpt lon="-4.488449" lat="36.708391"><ele>39.8</ele></trkpt>
   <trkpt lon="-4.487707" lat="36.708264"><ele>44.2</ele></trkpt>
   <trkpt lon="-4.487374" lat="36.708213"><ele>46.2</ele></trkpt>
   <trkpt lon="-4.487152" lat="36.708191"><ele>46.9</ele></trkpt>
   <trkpt lon="-4.486865" lat="36.708184"><ele>47.8</ele></trkpt>
   <trkpt lon="-4.486636" lat="36.708186"><ele>48.9</ele></trkpt>
   <trkpt lon="-4.485866" lat="36.708226"><ele>49.5</ele></trkpt>
   <trkpt lon="-4.485805" lat="36.708243"><ele>49.8</ele></trkpt>
   <trkpt lon="-4.485731" lat="36.708289"><ele>50.2</ele></trkpt>
   <trkpt lon="-4.485660" lat="36.708378"><ele>50.8</ele></trkpt>
   <trkpt lon="-4.485605" lat="36.708407"><ele>51.2</ele></trkpt>
   <trkpt lon="-4.485457" lat="36.708461"><ele>52.0</ele></trkpt>
   <trkpt lon="-4.485403" lat="36.708469"><ele>52.3</ele></trkpt>
   <trkpt lon="-4.485234" lat="36.708432"><ele>52.5</ele></trkpt>
   <trkpt lon="-4.485109" lat="36.708367"><ele>52.5</ele></trkpt>
   <trkpt lon="-4.485052" lat="36.708311"><ele>52.5</ele></trkpt>
   <trkpt lon="-4.484975" lat="36.708267"><ele>52.8</ele></trkpt>
   <trkpt lon="-4.484848" lat="36.708252"><ele>53.7</ele></trkpt>
   <trkpt lon="-4.482689" lat="36.708385"><ele>47.9</ele></trkpt>
   <trkpt lon="-4.482565" lat="36.708420"><ele>47.5</ele></trkpt>
   <trkpt lon="-4.482508" lat="36.708462"><ele>47.3</ele></trkpt>
   <trkpt lon="-4.482433" lat="36.708551"><ele>47.1</ele></trkpt>
   <trkpt lon="-4.482358" lat="36.708603"><ele>46.9</ele></trkpt>
   <trkpt lon="-4.482298" lat="36.708625"><ele>46.7</ele></trkpt>
   <trkpt lon="-4.482232" lat="36.708633"><ele>46.5</ele></trkpt>
   <trkpt lon="-4.482115" lat="36.708648"><ele>46.3</ele></trkpt>
   <trkpt lon="-4.482060" lat="36.708649"><ele>46.2</ele></trkpt>
   <trkpt lon="-4.481941" lat="36.708589"><ele>45.8</ele></trkpt>
   <trkpt lon="-4.481874" lat="36.708546"><ele>45.6</ele></trkpt>
   <trkpt lon="-4.481809" lat="36.708478"><ele>45.4</ele></trkpt>
   <trkpt lon="-4.481793" lat="36.708461"><ele>45.4</ele></trkpt>
   <trkpt lon="-4.481620" lat="36.708456"><ele>44.6</ele></trkpt>
   <trkpt lon="-4.481626" lat="36.708386"><ele>44.6</ele></trkpt>
   <trkpt lon="-4.481634" lat="36.708293"><ele>44.5</ele></trkpt>
   <trkpt lon="-4.481529" lat="36.708291"><ele>43.9</ele></trkpt>
   <trkpt lon="-4.481073" lat="36.708236"><ele>43.3</ele></trkpt>
   <trkpt lon="-4.480640" lat="36.708151"><ele>42.2</ele></trkpt>
   <trkpt lon="-4.480493" lat="36.708042"><ele>41.7</ele></trkpt>
   <trkpt lon="-4.480354" lat="36.707993"><ele>41.0</ele></trkpt>
   <trkpt lon="-4.479864" lat="36.707891"><ele>39.9</ele></trkpt>
   <trkpt lon="-4.479644" lat="36.707845"><ele>39.7</ele></trkpt>
   <trkpt lon="-4.478988" lat="36.707720"><ele>39.0</ele></trkpt>
   <trkpt lon="-4.478657" lat="36.707674"><ele>38.0</ele></trkpt>
   <trkpt lon="-4.478256" lat="36.707641"><ele>35.2</ele></trkpt>
   <trkpt lon="-4.477223" lat="36.707631"><ele>35.1</ele></trkpt>
   <trkpt lon="-4.476869" lat="36.707609"><ele>34.8</ele></trkpt>
   <trkpt lon="-4.476546" lat="36.707570"><ele>34.0</ele></trkpt>
   <trkpt lon="-4.476205" lat="36.707514"><ele>34.0</ele></trkpt>
   <trkpt lon="-4.475464" lat="36.707362"><ele>32.7</ele></trkpt>
   <trkpt lon="-4.475227" lat="36.707313"><ele>32.0</ele></trkpt>
   <trkpt lon="-4.475150" lat="36.707297"><ele>31.8</ele></trkpt>
   <trkpt lon="-4.475165" lat="36.707234"><ele>31.8</ele></trkpt>
   <trkpt lon="-4.475202" lat="36.707153"><ele>31.9</ele></trkpt>
   <trkpt lon="-4.475456" lat="36.706723"><ele>31.4</ele></trkpt>
   <trkpt lon="-4.475831" lat="36.706131"><ele>31.0</ele></trkpt>
   <trkpt lon="-4.476255" lat="36.705434"><ele>29.6</ele></trkpt>
   <trkpt lon="-4.476362" lat="36.705260"><ele>29.4</ele></trkpt>
   <trkpt lon="-4.476418" lat="36.705157"><ele>29.6</ele></trkpt>
   <trkpt lon="-4.476504" lat="36.704953"><ele>29.9</ele></trkpt>
   <trkpt lon="-4.476589" lat="36.704678"><ele>30.0</ele></trkpt>
   <trkpt lon="-4.476645" lat="36.704340"><ele>30.6</ele></trkpt>
   <trkpt lon="-4.476632" lat="36.703994"><ele>31.1</ele></trkpt>
   <trkpt lon="-4.476620" lat="36.703851"><ele>31.1</ele></trkpt>
   <trkpt lon="-4.476511" lat="36.703853"><ele>31.0</ele></trkpt>
   <trkpt lon="-4.475624" lat="36.703881"><ele>29.1</ele></trkpt>
   <trkpt lon="-4.474731" lat="36.703910"><ele>28.6</ele></trkpt>
   <trkpt lon="-4.474657" lat="36.702601"><ele>27.0</ele></trkpt>
  </trkseg>
 </trk>
</gpx>
