<?xml version="1.0" encoding="UTF-8"?>
<!-- track-length = 88668 filtered ascend = 1881 plain-ascend = 0 cost=215515 energy=.7kwh time=7h 56s -->
<gpx 
 xmlns="http://www.topografix.com/GPX/1/1" 
 xmlns:xsi="http://www.w3.org/2001/XMLSchema-instance" 
 xsi:schemaLocation="http://www.topografix.com/GPX/1/1 http://www.topografix.com/GPX/1/1/gpx.xsd" 
 creator="BRouter-1.7.10" version="1.1">
 <trk>
  <name>brouter_trekking_0</name>
  <trkseg>
   <trkpt lon="-4.474657" lat="36.702601"><ele>27.0</ele></trkpt>
   <trkpt lon="-4.474584" lat="36.701316"><ele>25.1</ele></trkpt>
   <trkpt lon="-4.473689" lat="36.701350"><ele>23.7</ele></trkpt>
   <trkpt lon="-4.473292" lat="36.701361"><ele>23.7</ele></trkpt>
   <trkpt lon="-4.472850" lat="36.701374"><ele>23.5</ele></trkpt>
   <trkpt lon="-4.472765" lat="36.701377"><ele>23.6</ele></trkpt>
   <trkpt lon="-4.472687" lat="36.701380"><ele>23.6</ele></trkpt>
   <trkpt lon="-4.472608" lat="36.701382"><ele>23.7</ele></trkpt>
   <trkpt lon="-4.472517" lat="36.701385"><ele>23.8</ele></trkpt>
   <trkpt lon="-4.471384" lat="36.701427"><ele>23.2</ele></trkpt>
   <trkpt lon="-4.471269" lat="36.701430"><ele>22.6</ele></trkpt>
   <trkpt lon="-4.470646" lat="36.701451"><ele>21.4</ele></trkpt>
   <trkpt lon="-4.470430" lat="36.701439"><ele>21.9</ele></trkpt>
   <trkpt lon="-4.469027" lat="36.701355"><ele>22.3</ele></trkpt>
   <trkpt lon="-4.468867" lat="36.701328"><ele>21.8</ele></trkpt>
   <trkpt lon="-4.468709" lat="36.701261"><ele>21.3</ele></trkpt>
   <trkpt lon="-4.468549" lat="36.701174"><ele>20.6</ele></trkpt>
   <trkpt lon="-4.468434" lat="36.701056"><ele>20.1</ele></trkpt>
   <trkpt lon="-4.468354" lat="36.700932"><ele>19.9</ele></trkpt>
   <trkpt lon="-4.468015" lat="36.700102"><ele>17.9</ele></trkpt>
   <trkpt lon="-4.467954" lat="36.699953"><ele>17.7</ele></trkpt>
   <trkpt lon="-4.467820" lat="36.699627"><ele>17.2</ele></trkpt>
   <trkpt lon="-4.467706" lat="36.699335"><ele>16.8</ele></trkpt>
   <trkpt lon="-4.467669" lat="36.699250"><ele>16.4</ele></trkpt>
   <trkpt lon="-4.467727" lat="36.699229"><ele>16.5</ele></trkpt>
   <trkpt lon="-4.467774" lat="36.699196"><ele>16.5</ele></trkpt>
   <trkpt lon="-4.467809" lat="36.699150"><ele>16.4</ele></trkpt>
   <trkpt lon="-4.467825" lat="36.699097"><ele>16.4</ele></trkpt>
   <trkpt lon="-4.467819" lat="36.699044"><ele>16.3</ele></trkpt>
   <trkpt lon="-4.467794" lat="36.698994"><ele>16.2</ele></trkpt>
   <trkpt lon="-4.467750" lat="36.698952"><ele>16.1</ele></trkpt>
   <trkpt lon="-4.467697" lat="36.698925"><ele>16.0</ele></trkpt>
   <trkpt lon="-4.467638" lat="36.698912"><ele>16.1</ele></trkpt>
   <trkpt lon="-4.467577" lat="36.698912"><ele>16.2</ele></trkpt>
   <trkpt lon="-4.467518" lat="36.698927"><ele>16.2</ele></trkpt>
   <trkpt lon="-4.467481" lat="36.698944"><ele>16.3</ele></trkpt>
   <trkpt lon="-4.467423" lat="36.698996"><ele>16.2</ele></trkpt>
   <trkpt lon="-4.467085" lat="36.699148"><ele>16.7</ele></trkpt>
   <trkpt lon="-4.466640" lat="36.699311"><ele>15.3</ele></trkpt>
   <trkpt lon="-4.466199" lat="36.699454"><ele>13.7</ele></trkpt>
   <trkpt lon="-4.464843" lat="36.699992"><ele>15.6</ele></trkpt>
   <trkpt lon="-4.463348" lat="36.700581"><ele>15.9</ele></trkpt>
   <trkpt lon="-4.463109" lat="36.700674"><ele>16.5</ele></trkpt>
   <trkpt lon="-4.462699" lat="36.700828"><ele>17.1</ele></trkpt>
   <trkpt lon="-4.462295" lat="36.701000"><ele>17.1</ele></trkpt>
   <trkpt lon="-4.462193" lat="36.701008"><ele>17.0</ele></trkpt>
   <trkpt lon="-4.462083" lat="36.700983"><ele>17.0</ele></trkpt>
   <trkpt lon="-4.461993" lat="36.700972"><ele>17.0</ele></trkpt>
   <trkpt lon="-4.461905" lat="36.700975"><ele>17.0</ele></trkpt>
   <trkpt lon="-4.461469" lat="36.701144"><ele>17.4</ele></trkpt>
   <trkpt lon="-4.461106" lat="36.701281"><ele>18.0</ele></trkpt>
   <trkpt lon="-4.460677" lat="36.701442"><ele>18.0</ele></trkpt>
   <trkpt lon="-4.460344" lat="36.701573"><ele>18.0</ele></trkpt>
   <trkpt lon="-4.459746" lat="36.701802"><ele>18.0</ele></trkpt>
   <trkpt lon="-4.459657" lat="36.701846"><ele>18.0</ele></trkpt>
   <trkpt lon="-4.459601" lat="36.701902"><ele>18.0</ele></trkpt>
   <trkpt lon="-4.459580" lat="36.701956"><ele>18.0</ele></trkpt>
   <trkpt lon="-4.459521" lat="36.702021"><ele>18.0</ele></trkpt>
   <trkpt lon="-4.459422" lat="36.702082"><ele>17.8</ele></trkpt>
   <trkpt lon="-4.458910" lat="36.702291"><ele>16.7</ele></trkpt>
   <trkpt lon="-4.458494" lat="36.702470"><ele>18.0</ele></trkpt>
   <trkpt lon="-4.457972" lat="36.702687"><ele>18.4</ele></trkpt>
   <trkpt lon="-4.457480" lat="36.702896"><ele>15.8</ele></trkpt>
   <trkpt lon="-4.457423" lat="36.702922"><ele>15.4</ele></trkpt>
   <trkpt lon="-4.457174" lat="36.703035"><ele>14.2</ele></trkpt>
   <trkpt lon="-4.457036" lat="36.703088"><ele>14.1</ele></trkpt>
   <trkpt lon="-4.456413" lat="36.703376"><ele>13.4</ele></trkpt>
   <trkpt lon="-4.456177" lat="36.703485"><ele>13.1</ele></trkpt>
   <trkpt lon="-4.456141" lat="36.703501"><ele>13.0</ele></trkpt>
   <trkpt lon="-4.454654" lat="36.704213"><ele>12.0</ele></trkpt>
   <trkpt lon="-4.454403" lat="36.704323"><ele>12.0</ele></trkpt>
   <trkpt lon="-4.454326" lat="36.704346"><ele>11.8</ele></trkpt>
   <trkpt lon="-4.454251" lat="36.704331"><ele>11.6</ele></trkpt>
   <trkpt lon="-4.454199" lat="36.704332"><ele>11.4</ele></trkpt>
   <trkpt lon="-4.454159" lat="36.704340"><ele>11.3</ele></trkpt>
   <trkpt lon="-4.454119" lat="36.704355"><ele>11.2</ele></trkpt>
   <trkpt lon="-4.454082" lat="36.704377"><ele>11.1</ele></trkpt>
   <trkpt lon="-4.454036" lat="36.704423"><ele>11.0</ele></trkpt>
   <trkpt lon="-4.454023" lat="36.704447"><ele>11.0</ele></trkpt>
   <trkpt lon="-4.453824" lat="36.704548"><ele>11.0</ele></trkpt>
   <trkpt lon="-4.453287" lat="36.704791"><ele>10.7</ele></trkpt>
   <trkpt lon="-4.452379" lat="36.705196"><ele>10.0</ele></trkpt>
   <trkpt lon="-4.452293" lat="36.705248"><ele>10.0</ele></trkpt>
   <trkpt lon="-4.452192" lat="36.705285"><ele>10.0</ele></trkpt>
   <trkpt lon="-4.452129" lat="36.705305"><ele>10.0</ele></trkpt>
   <trkpt lon="-4.452086" lat="36.705287"><ele>10.0</ele></trkpt>
   <trkpt lon="-4.452014" lat="36.705277"><ele>10.0</ele></trkpt>
   <trkpt lon="-4.451934" lat="36.705292"><ele>10.1</ele></trkpt>
   <trkpt lon="-4.451873" lat="36.705327"><ele>10.1</ele></trkpt>
   <trkpt lon="-4.451839" lat="36.705367"><ele>10.2</ele></trkpt>
   <trkpt lon="-4.451821" lat="36.705418"><ele>10.3</ele></trkpt>
   <trkpt lon="-4.449466" lat="36.706829"><ele>12.0</ele></trkpt>
   <trkpt lon="-4.449096" lat="36.707057"><ele>11.7</ele></trkpt>
   <trkpt lon="-4.448998" lat="36.707117"><ele>11.6</ele></trkpt>
   <trkpt lon="-4.448925" lat="36.707161"><ele>11.7</ele></trkpt>
   <trkpt lon="-4.448662" lat="36.707320"><ele>12.0</ele></trkpt>
   <trkpt lon="-4.448365" lat="36.707500"><ele>11.8</ele></trkpt>
   <trkpt lon="-4.447702" lat="36.707904"><ele>11.9</ele></trkpt>
   <trkpt lon="-4.447297" lat="36.708145"><ele>11.7</ele></trkpt>
   <trkpt lon="-4.446686" lat="36.708576"><ele>11.3</ele></trkpt>
   <trkpt lon="-4.446655" lat="36.708598"><ele>11.3</ele></trkpt>
   <trkpt lon="-4.446453" lat="36.708742"><ele>11.3</ele></trkpt>
   <trkpt lon="-4.445910" lat="36.709129"><ele>11.5</ele></trkpt>
   <trkpt lon="-4.445785" lat="36.709214"><ele>11.5</ele></trkpt>
   <trkpt lon="-4.445628" lat="36.709335"><ele>11.3</ele></trkpt>
   <trkpt lon="-4.445509" lat="36.709413"><ele>11.3</ele></trkpt>
   <trkpt lon="-4.445375" lat="36.709469"><ele>11.3</ele></trkpt>
   <trkpt lon="-4.445219" lat="36.709486"><ele>11.1</ele></trkpt>
   <trkpt lon="-4.445172" lat="36.709485"><ele>11.0</ele></trkpt>
   <trkpt lon="-4.445010" lat="36.709482"><ele>11.0</ele></trkpt>
   <trkpt lon="-4.444856" lat="36.709443"><ele>11.0</ele></trkpt>
   <trkpt lon="-4.444774" lat="36.709429"><ele>10.9</ele></trkpt>
   <trkpt lon="-4.444689" lat="36.709453"><ele>10.7</ele></trkpt>
   <trkpt lon="-4.444266" lat="36.708807"><ele>9.2</ele></trkpt>
   <trkpt lon="-4.444145" lat="36.708749"><ele>9.0</ele></trkpt>
   <trkpt lon="-4.444046" lat="36.708715"><ele>9.0</ele></trkpt>
   <trkpt lon="-4.443924" lat="36.708756"><ele>9.0</ele></trkpt>
   <trkpt lon="-4.443650" lat="36.708888"><ele>9.0</ele></trkpt>
   <trkpt lon="-4.443444" lat="36.708985"><ele>9.0</ele></trkpt>
   <trkpt lon="-4.443157" lat="36.709133"><ele>9.5</ele></trkpt>
   <trkpt lon="-4.443120" lat="36.709152"><ele>9.5</ele></trkpt>
   <trkpt lon="-4.442932" lat="36.709247"><ele>9.3</ele></trkpt>
   <trkpt lon="-4.442815" lat="36.709301"><ele>9.1</ele></trkpt>
   <trkpt lon="-4.442520" lat="36.709452"><ele>9.0</ele></trkpt>
   <trkpt lon="-4.442288" lat="36.709567"><ele>9.0</ele></trkpt>
   <trkpt lon="-4.441846" lat="36.709790"><ele>9.0</ele></trkpt>
   <trkpt lon="-4.441727" lat="36.709846"><ele>8.9</ele></trkpt>
   <trkpt lon="-4.441224" lat="36.710093"><ele>8.6</ele></trkpt>
   <trkpt lon="-4.440870" lat="36.710267"><ele>8.3</ele></trkpt>
   <trkpt lon="-4.440767" lat="36.710317"><ele>8.1</ele></trkpt>
   <trkpt lon="-4.440654" lat="36.710373"><ele>8.0</ele></trkpt>
   <trkpt lon="-4.440334" lat="36.710530"><ele>8.0</ele></trkpt>
   <trkpt lon="-4.440139" lat="36.710625"><ele>8.0</ele></trkpt>
   <trkpt lon="-4.440067" lat="36.710660"><ele>8.0</ele></trkpt>
   <trkpt lon="-4.439948" lat="36.710719"><ele>7.7</ele></trkpt>
   <trkpt lon="-4.439681" lat="36.710850"><ele>7.4</ele></trkpt>
   <trkpt lon="-4.439304" lat="36.711041"><ele>7.0</ele></trkpt>
   <trkpt lon="-4.439170" lat="36.711083"><ele>7.0</ele></trkpt>
   <trkpt lon="-4.438878" lat="36.711097"><ele>7.0</ele></trkpt>
   <trkpt lon="-4.438618" lat="36.711114"><ele>7.0</ele></trkpt>
   <trkpt lon="-4.438330" lat="36.711135"><ele>7.0</ele></trkpt>
   <trkpt lon="-4.438084" lat="36.711191"><ele>6.6</ele></trkpt>
   <trkpt lon="-4.437942" lat="36.711229"><ele>6.4</ele></trkpt>
   <trkpt lon="-4.437865" lat="36.711261"><ele>6.3</ele></trkpt>
   <trkpt lon="-4.437740" lat="36.711315"><ele>6.1</ele></trkpt>
   <trkpt lon="-4.437424" lat="36.711442"><ele>6.0</ele></trkpt>
   <trkpt lon="-4.437414" lat="36.711446"><ele>6.0</ele></trkpt>
   <trkpt lon="-4.436912" lat="36.711658"><ele>6.0</ele></trkpt>
   <trkpt lon="-4.436816" lat="36.711703"><ele>6.0</ele></trkpt>
   <trkpt lon="-4.436742" lat="36.711741"><ele>6.0</ele></trkpt>
   <trkpt lon="-4.436142" lat="36.712046"><ele>6.0</ele></trkpt>
   <trkpt lon="-4.436112" lat="36.712061"><ele>6.0</ele></trkpt>
   <trkpt lon="-4.435977" lat="36.712132"><ele>6.0</ele></trkpt>
   <trkpt lon="-4.435647" lat="36.712295"><ele>6.0</ele></trkpt>
   <trkpt lon="-4.435549" lat="36.712348"><ele>6.0</ele></trkpt>
   <trkpt lon="-4.435146" lat="36.712558"><ele>6.0</ele></trkpt>
   <trkpt lon="-4.435041" lat="36.712613"><ele>6.0</ele></trkpt>
   <trkpt lon="-4.434860" lat="36.712707"><ele>5.8</ele></trkpt>
   <trkpt lon="-4.434726" lat="36.712805"><ele>5.5</ele></trkpt>
   <trkpt lon="-4.434629" lat="36.712967"><ele>5.7</ele></trkpt>
   <trkpt lon="-4.434426" lat="36.713316"><ele>5.9</ele></trkpt>
   <trkpt lon="-4.434416" lat="36.713348"><ele>5.9</ele></trkpt>
   <trkpt lon="-4.434370" lat="36.713379"><ele>5.9</ele></trkpt>
   <trkpt lon="-4.434262" lat="36.713393"><ele>6.0</ele></trkpt>
   <trkpt lon="-4.433712" lat="36.713409"><ele>5.4</ele></trkpt>
   <trkpt lon="-4.433450" lat="36.713440"><ele>5.1</ele></trkpt>
   <trkpt lon="-4.433324" lat="36.713466"><ele>5.2</ele></trkpt>
   <trkpt lon="-4.432537" lat="36.713709"><ele>5.9</ele></trkpt>
   <trkpt lon="-4.432341" lat="36.713776"><ele>6.0</ele></trkpt>
   <trkpt lon="-4.432227" lat="36.713823"><ele>6.0</ele></trkpt>
   <trkpt lon="-4.432149" lat="36.713820"><ele>5.8</ele></trkpt>
   <trkpt lon="-4.432012" lat="36.713859"><ele>5.6</ele></trkpt>
   <trkpt lon="-4.431938" lat="36.713918"><ele>5.6</ele></trkpt>
   <trkpt lon="-4.431911" lat="36.713958"><ele>5.7</ele></trkpt>
   <trkpt lon="-4.431797" lat="36.713953"><ele>5.6</ele></trkpt>
   <trkpt lon="-4.431681" lat="36.713988"><ele>5.7</ele></trkpt>
   <trkpt lon="-4.431663" lat="36.713994"><ele>5.7</ele></trkpt>
   <trkpt lon="-4.431531" lat="36.714039"><ele>5.8</ele></trkpt>
   <trkpt lon="-4.431167" lat="36.714163"><ele>5.9</ele></trkpt>
   <trkpt lon="-4.430954" lat="36.714314"><ele>5.3</ele></trkpt>
   <trkpt lon="-4.430416" lat="36.714766"><ele>5.0</ele></trkpt>
   <trkpt lon="-4.430311" lat="36.714862"><ele>5.0</ele></trkpt>
   <trkpt lon="-4.429931" lat="36.715204"><ele>5.0</ele></trkpt>
   <trkpt lon="-4.429802" lat="36.715324"><ele>5.0</ele></trkpt>
   <trkpt lon="-4.429717" lat="36.715425"><ele>5.3</ele></trkpt>
   <trkpt lon="-4.429690" lat="36.715463"><ele>5.4</ele></trkpt>
   <trkpt lon="-4.429550" lat="36.715675"><ele>5.3</ele></trkpt>
   <trkpt lon="-4.429526" lat="36.715718"><ele>5.2</ele></trkpt>
   <trkpt lon="-4.429506" lat="36.715761"><ele>5.1</ele></trkpt>
   <trkpt lon="-4.429492" lat="36.715814"><ele>5.0</ele></trkpt>
   <trkpt lon="-4.429451" lat="36.715897"><ele>5.0</ele></trkpt>
   <trkpt lon="-4.429466" lat="36.715986"><ele>5.0</ele></trkpt>
   <trkpt lon="-4.429505" lat="36.716036"><ele>5.0</ele></trkpt>
   <trkpt lon="-4.429471" lat="36.716201"><ele>5.0</ele></trkpt>
   <trkpt lon="-4.429439" lat="36.716403"><ele>5.0</ele></trkpt>
   <trkpt lon="-4.429405" lat="36.716506"><ele>5.1</ele></trkpt>
   <trkpt lon="-4.429327" lat="36.716537"><ele>5.2</ele></trkpt>
   <trkpt lon="-4.429259" lat="36.716581"><ele>5.3</ele></trkpt>
   <trkpt lon="-4.429200" lat="36.716639"><ele>5.5</ele></trkpt>
   <trkpt lon="-4.429159" lat="36.716705"><ele>5.7</ele></trkpt>
   <trkpt lon="-4.429135" lat="36.716801"><ele>5.9</ele></trkpt>
   <trkpt lon="-4.429146" lat="36.716898"><ele>6.0</ele></trkpt>
   <trkpt lon="-4.429211" lat="36.717013"><ele>6.0</ele></trkpt>
   <trkpt lon="-4.429267" lat="36.717116"><ele>6.0</ele></trkpt>
   <trkpt lon="-4.429333" lat="36.717307"><ele>6.0</ele></trkpt>
   <trkpt lon="-4.429327" lat="36.717464"><ele>6.0</ele></trkpt>
   <trkpt lon="-4.429320" lat="36.717520"><ele>6.0</ele></trkpt>
   <trkpt lon="-4.429299" lat="36.717691"><ele>5.5</ele></trkpt>
   <trkpt lon="-4.429301" lat="36.717777"><ele>5.2</ele></trkpt>
   <trkpt lon="-4.429301" lat="36.717867"><ele>5.0</ele></trkpt>
   <trkpt lon="-4.429300" lat="36.717905"><ele>5.0</ele></trkpt>
   <trkpt lon="-4.429326" lat="36.718029"><ele>5.0</ele></trkpt>
   <trkpt lon="-4.429371" lat="36.718127"><ele>5.0</ele></trkpt>
   <trkpt lon="-4.429402" lat="36.718233"><ele>5.0</ele></trkpt>
   <trkpt lon="-4.429367" lat="36.718550"><ele>5.0</ele></trkpt>
   <trkpt lon="-4.429303" lat="36.718588"><ele>5.0</ele></trkpt>
   <trkpt lon="-4.429284" lat="36.718722"><ele>5.0</ele></trkpt>
   <trkpt lon="-4.429240" lat="36.719079"><ele>5.6</ele></trkpt>
   <trkpt lon="-4.429206" lat="36.719139"><ele>5.8</ele></trkpt>
   <trkpt lon="-4.429212" lat="36.719233"><ele>6.0</ele></trkpt>
   <trkpt lon="-4.429203" lat="36.719313"><ele>6.0</ele></trkpt>
   <trkpt lon="-4.429186" lat="36.719437"><ele>6.0</ele></trkpt>
   <trkpt lon="-4.429198" lat="36.719486"><ele>6.0</ele></trkpt>
   <trkpt lon="-4.429168" lat="36.719723"><ele>6.0</ele></trkpt>
   <trkpt lon="-4.429098" lat="36.720344"><ele>6.6</ele></trkpt>
   <trkpt lon="-4.429032" lat="36.720905"><ele>7.7</ele></trkpt>
   <trkpt lon="-4.428995" lat="36.720963"><ele>7.5</ele></trkpt>
   <trkpt lon="-4.428945" lat="36.721507"><ele>7.0</ele></trkpt>
   <trkpt lon="-4.428943" lat="36.721577"><ele>7.0</ele></trkpt>
   <trkpt lon="-4.428943" lat="36.721626"><ele>7.0</ele></trkpt>
   <trkpt lon="-4.428975" lat="36.721638"><ele>7.1</ele></trkpt>
   <trkpt lon="-4.428986" lat="36.721663"><ele>7.1</ele></trkpt>
   <trkpt lon="-4.428972" lat="36.722079"><ele>7.7</ele></trkpt>
   <trkpt lon="-4.428989" lat="36.722100"><ele>7.8</ele></trkpt>
   <trkpt lon="-4.428991" lat="36.722127"><ele>7.8</ele></trkpt>
   <trkpt lon="-4.428974" lat="36.722479"><ele>7.7</ele></trkpt>
   <trkpt lon="-4.428880" lat="36.723378"><ele>8.0</ele></trkpt>
   <trkpt lon="-4.428867" lat="36.723410"><ele>8.0</ele></trkpt>
   <trkpt lon="-4.428869" lat="36.723578"><ele>8.0</ele></trkpt>
   <trkpt lon="-4.428868" lat="36.723695"><ele>8.1</ele></trkpt>
   <trkpt lon="-4.428831" lat="36.723772"><ele>8.4</ele></trkpt>
   <trkpt lon="-4.428818" lat="36.724164"><ele>9.0</ele></trkpt>
   <trkpt lon="-4.428806" lat="36.724246"><ele>9.0</ele></trkpt>
   <trkpt lon="-4.428793" lat="36.724300"><ele>9.0</ele></trkpt>
   <trkpt lon="-4.428779" lat="36.724637"><ele>9.9</ele></trkpt>
   <trkpt lon="-4.428750" lat="36.725152"><ele>10.9</ele></trkpt>
   <trkpt lon="-4.428723" lat="36.725494"><ele>11.0</ele></trkpt>
   <trkpt lon="-4.428694" lat="36.725872"><ele>11.5</ele></trkpt>
   <trkpt lon="-4.428650" lat="36.726374"><ele>13.4</ele></trkpt>
   <trkpt lon="-4.428649" lat="36.726457"><ele>13.3</ele></trkpt>
   <trkpt lon="-4.428629" lat="36.726813"><ele>13.0</ele></trkpt>
   <trkpt lon="-4.428600" lat="36.726844"><ele>13.0</ele></trkpt>
   <trkpt lon="-4.428597" lat="36.726878"><ele>13.0</ele></trkpt>
   <trkpt lon="-4.428597" lat="36.726940"><ele>13.0</ele></trkpt>
   <trkpt lon="-4.428533" lat="36.726937"><ele>13.0</ele></trkpt>
   <trkpt lon="-4.427844" lat="36.726901"><ele>13.4</ele></trkpt>
   <trkpt lon="-4.427344" lat="36.726875"><ele>12.7</ele></trkpt>
   <trkpt lon="-4.427291" lat="36.726838"><ele>12.6</ele></trkpt>
   <trkpt lon="-4.427123" lat="36.726832"><ele>12.1</ele></trkpt>
   <trkpt lon="-4.427105" lat="36.726957"><ele>12.0</ele></trkpt>
   <trkpt lon="-4.427082" lat="36.727054"><ele>12.0</ele></trkpt>
   <trkpt lon="-4.427071" lat="36.727116"><ele>11.9</ele></trkpt>
   <trkpt lon="-4.427056" lat="36.727172"><ele>11.9</ele></trkpt>
   <trkpt lon="-4.427012" lat="36.727275"><ele>11.8</ele></trkpt>
   <trkpt lon="-4.427073" lat="36.727899"><ele>12.9</ele></trkpt>
   <trkpt lon="-4.427093" lat="36.727931"><ele>13.0</ele></trkpt>
   <trkpt lon="-4.427123" lat="36.727947"><ele>13.0</ele></trkpt>
   <trkpt lon="-4.427143" lat="36.727949"><ele>13.0</ele></trkpt>
   <trkpt lon="-4.427227" lat="36.727962"><ele>13.0</ele></trkpt>
   <trkpt lon="-4.427286" lat="36.727973"><ele>13.0</ele></trkpt>
   <trkpt lon="-4.427243" lat="36.728657"><ele>13.0</ele></trkpt>
   <trkpt lon="-4.427233" lat="36.728824"><ele>13.0</ele></trkpt>
   <trkpt lon="-4.427225" lat="36.728862"><ele>13.0</ele></trkpt>
   <trkpt lon="-4.427213" lat="36.728927"><ele>13.0</ele></trkpt>
   <trkpt lon="-4.427205" lat="36.729008"><ele>13.0</ele></trkpt>
   <trkpt lon="-4.427137" lat="36.729815"><ele>14.0</ele></trkpt>
   <trkpt lon="-4.426984" lat="36.731645"><ele>15.0</ele></trkpt>
   <trkpt lon="-4.426950" lat="36.732090"><ele>15.0</ele></trkpt>
   <trkpt lon="-4.426943" lat="36.732172"><ele>15.0</ele></trkpt>
   <trkpt lon="-4.426932" lat="36.732255"><ele>15.0</ele></trkpt>
   <trkpt lon="-4.426928" lat="36.732286"><ele>15.0</ele></trkpt>
   <trkpt lon="-4.426862" lat="36.732368"><ele>15.0</ele></trkpt>
   <trkpt lon="-4.426796" lat="36.732452"><ele>15.0</ele></trkpt>
   <trkpt lon="-4.426780" lat="36.732481"><ele>15.0</ele></trkpt>
   <trkpt lon="-4.426761" lat="36.732812"><ele>15.8</ele></trkpt>
   <trkpt lon="-4.426736" lat="36.733031"><ele>16.5</ele></trkpt>
   <trkpt lon="-4.426731" lat="36.733074"><ele>16.6</ele></trkpt>
   <trkpt lon="-4.426695" lat="36.733085"><ele>16.6</ele></trkpt>
   <trkpt lon="-4.426626" lat="36.733081"><ele>16.6</ele></trkpt>
   <trkpt lon="-4.425999" lat="36.733048"><ele>15.6</ele></trkpt>
   <trkpt lon="-4.425310" lat="36.733012"><ele>17.0</ele></trkpt>
   <trkpt lon="-4.425298" lat="36.733018"><ele>17.0</ele></trkpt>
   <trkpt lon="-4.425262" lat="36.733043"><ele>17.0</ele></trkpt>
   <trkpt lon="-4.425114" lat="36.734802"><ele>18.8</ele></trkpt>
   <trkpt lon="-4.425073" lat="36.735320"><ele>18.9</ele></trkpt>
   <trkpt lon="-4.424985" lat="36.736434"><ele>20.0</ele></trkpt>
   <trkpt lon="-4.424998" lat="36.736499"><ele>20.0</ele></trkpt>
   <trkpt lon="-4.425020" lat="36.736553"><ele>20.0</ele></trkpt>
   <trkpt lon="-4.425050" lat="36.736645"><ele>20.0</ele></trkpt>
   <trkpt lon="-4.425012" lat="36.737104"><ele>20.5</ele></trkpt>
   <trkpt lon="-4.424991" lat="36.737353"><ele>21.3</ele></trkpt>
   <trkpt lon="-4.424951" lat="36.737379"><ele>21.4</ele></trkpt>
   <trkpt lon="-4.424927" lat="36.737391"><ele>21.5</ele></trkpt>
   <trkpt lon="-4.424920" lat="36.737446"><ele>21.6</ele></trkpt>
   <trkpt lon="-4.424868" lat="36.737449"><ele>21.7</ele></trkpt>
   <trkpt lon="-4.424773" lat="36.737453"><ele>21.9</ele></trkpt>
   <trkpt lon="-4.424650" lat="36.737459"><ele>22.0</ele></trkpt>
   <trkpt lon="-4.424632" lat="36.737529"><ele>22.0</ele></trkpt>
   <trkpt lon="-4.424574" lat="36.737678"><ele>22.0</ele></trkpt>
   <trkpt lon="-4.424436" lat="36.737946"><ele>22.7</ele></trkpt>
   <trkpt lon="-4.423660" lat="36.739016"><ele>23.1</ele></trkpt>
   <trkpt lon="-4.423551" lat="36.739041"><ele>23.4</ele></trkpt>
   <trkpt lon="-4.423474" lat="36.739041"><ele>23.6</ele></trkpt>
   <trkpt lon="-4.423385" lat="36.739041"><ele>23.9</ele></trkpt>
   <trkpt lon="-4.422870" lat="36.739013"><ele>29.9</ele></trkpt>
   <trkpt lon="-4.422846" lat="36.739012"><ele>30.2</ele></trkpt>
   <trkpt lon="-4.422801" lat="36.739010"><ele>30.9</ele></trkpt>
   <trkpt lon="-4.422750" lat="36.739509"><ele>29.9</ele></trkpt>
   <trkpt lon="-4.422745" lat="36.739599"><ele>29.6</ele></trkpt>
   <trkpt lon="-4.422653" lat="36.739592"><ele>30.6</ele></trkpt>
   <trkpt lon="-4.422238" lat="36.739558"><ele>34.8</ele></trkpt>
   <trkpt lon="-4.421848" lat="36.739523"><ele>37.9</ele></trkpt>
   <trkpt lon="-4.421523" lat="36.739491"><ele>40.2</ele></trkpt>
   <trkpt lon="-4.421440" lat="36.739485"><ele>40.6</ele></trkpt>
   <trkpt lon="-4.421387" lat="36.739491"><ele>40.9</ele></trkpt>
   <trkpt lon="-4.420983" lat="36.739539"><ele>44.4</ele></trkpt>
   <trkpt lon="-4.420807" lat="36.739555"><ele>46.2</ele></trkpt>
   <trkpt lon="-4.420683" lat="36.739549"><ele>47.4</ele></trkpt>
   <trkpt lon="-4.420417" lat="36.739481"><ele>50.4</ele></trkpt>
   <trkpt lon="-4.420053" lat="36.739389"><ele>54.1</ele></trkpt>
   <trkpt lon="-4.419966" lat="36.739382"><ele>54.9</ele></trkpt>
   <trkpt lon="-4.419811" lat="36.739400"><ele>54.0</ele></trkpt>
   <trkpt lon="-4.419598" lat="36.739446"><ele>52.6</ele></trkpt>
   <trkpt lon="-4.419483" lat="36.739509"><ele>52.7</ele></trkpt>
   <trkpt lon="-4.419382" lat="36.739563"><ele>52.6</ele></trkpt>
   <trkpt lon="-4.419031" lat="36.739700"><ele>51.7</ele></trkpt>
   <trkpt lon="-4.418766" lat="36.739761"><ele>50.7</ele></trkpt>
   <trkpt lon="-4.418385" lat="36.739988"><ele>56.7</ele></trkpt>
   <trkpt lon="-4.418148" lat="36.740142"><ele>63.0</ele></trkpt>
   <trkpt lon="-4.418142" lat="36.740114"><ele>62.3</ele></trkpt>
   <trkpt lon="-4.418084" lat="36.740060"><ele>61.7</ele></trkpt>
   <trkpt lon="-4.417993" lat="36.740008"><ele>61.7</ele></trkpt>
   <trkpt lon="-4.417992" lat="36.740007"><ele>61.6</ele></trkpt>
   <trkpt lon="-4.417993" lat="36.740008"><ele>61.7</ele></trkpt>
   <trkpt lon="-4.418084" lat="36.740060"><ele>61.7</ele></trkpt>
   <trkpt lon="-4.418142" lat="36.740114"><ele>62.3</ele></trkpt>
   <trkpt lon="-4.418148" lat="36.740142"><ele>63.0</ele></trkpt>
   <trkpt lon="-4.417929" lat="36.740311"><ele>71.9</ele></trkpt>
   <trkpt lon="-4.417696" lat="36.740476"><ele>78.3</ele></trkpt>
   <trkpt lon="-4.417666" lat="36.740499"><ele>79.0</ele></trkpt>
   <trkpt lon="-4.417555" lat="36.740615"><ele>83.3</ele></trkpt>
   <trkpt lon="-4.417468" lat="36.740720"><ele>85.8</ele></trkpt>
   <trkpt lon="-4.417462" lat="36.740762"><ele>86.4</ele></trkpt>
   <trkpt lon="-4.417525" lat="36.741045"><ele>90.0</ele></trkpt>
   <trkpt lon="-4.417529" lat="36.741095"><ele>90.1</ele></trkpt>
   <trkpt lon="-4.417527" lat="36.741185"><ele>90.1</ele></trkpt>
   <trkpt lon="-4.417511" lat="36.741285"><ele>90.5</ele></trkpt>
   <trkpt lon="-4.417492" lat="36.741345"><ele>91.0</ele></trkpt>
   <trkpt lon="-4.417225" lat="36.741520"><ele>95.1</ele></trkpt>
   <trkpt lon="-4.417067" lat="36.741666"><ele>93.6</ele></trkpt>
   <trkpt lon="-4.416943" lat="36.741746"><ele>93.4</ele></trkpt>
   <trkpt lon="-4.416800" lat="36.741839"><ele>92.0</ele></trkpt>
   <trkpt lon="-4.416587" lat="36.742038"><ele>90.4</ele></trkpt>
   <trkpt lon="-4.416329" lat="36.742303"><ele>90.1</ele></trkpt>
   <trkpt lon="-4.416160" lat="36.742406"><ele>90.0</ele></trkpt>
   <trkpt lon="-4.416096" lat="36.742380"><ele>90.2</ele></trkpt>
   <trkpt lon="-4.415903" lat="36.742256"><ele>90.6</ele></trkpt>
   <trkpt lon="-4.415853" lat="36.742241"><ele>90.8</ele></trkpt>
   <trkpt lon="-4.415804" lat="36.742245"><ele>91.5</ele></trkpt>
   <trkpt lon="-4.415782" lat="36.742313"><ele>92.4</ele></trkpt>
   <trkpt lon="-4.415645" lat="36.742489"><ele>95.9</ele></trkpt>
   <trkpt lon="-4.415526" lat="36.742645"><ele>98.3</ele></trkpt>
   <trkpt lon="-4.415199" lat="36.743076"><ele>103.3</ele></trkpt>
   <trkpt lon="-4.415183" lat="36.743226"><ele>102.9</ele></trkpt>
   <trkpt lon="-4.415166" lat="36.743308"><ele>103.0</ele></trkpt>
   <trkpt lon="-4.415085" lat="36.743418"><ele>104.9</ele></trkpt>
   <trkpt lon="-4.414952" lat="36.743593"><ele>106.7</ele></trkpt>
   <trkpt lon="-4.414798" lat="36.743724"><ele>108.2</ele></trkpt>
   <trkpt lon="-4.414620" lat="36.743834"><ele>108.7</ele></trkpt>
   <trkpt lon="-4.414557" lat="36.743878"><ele>108.7</ele></trkpt>
   <trkpt lon="-4.414521" lat="36.743913"><ele>108.4</ele></trkpt>
   <trkpt lon="-4.414478" lat="36.743885"><ele>109.6</ele></trkpt>
   <trkpt lon="-4.414037" lat="36.743745"><ele>114.1</ele></trkpt>
   <trkpt lon="-4.413911" lat="36.743721"><ele>114.4</ele></trkpt>
   <trkpt lon="-4.413690" lat="36.743661"><ele>115.8</ele></trkpt>
   <trkpt lon="-4.413326" lat="36.743506"><ele>121.0</ele></trkpt>
   <trkpt lon="-4.413235" lat="36.743486"><ele>122.2</ele></trkpt>
   <trkpt lon="-4.412892" lat="36.743470"><ele>124.8</ele></trkpt>
   <trkpt lon="-4.412546" lat="36.743391"><ele>130.0</ele></trkpt>
   <trkpt lon="-4.412492" lat="36.743393"><ele>130.5</ele></trkpt>
   <trkpt lon="-4.412440" lat="36.743399"><ele>130.8</ele></trkpt>
   <trkpt lon="-4.412084" lat="36.743489"><ele>134.6</ele></trkpt>
   <trkpt lon="-4.411971" lat="36.743558"><ele>135.3</ele></trkpt>
   <trkpt lon="-4.411891" lat="36.743642"><ele>135.8</ele></trkpt>
   <trkpt lon="-4.411769" lat="36.743595"><ele>137.1</ele></trkpt>
   <trkpt lon="-4.411479" lat="36.743491"><ele>137.3</ele></trkpt>
   <trkpt lon="-4.411006" lat="36.743301"><ele>136.2</ele></trkpt>
   <trkpt lon="-4.410979" lat="36.743290"><ele>136.3</ele></trkpt>
   <trkpt lon="-4.410908" lat="36.743261"><ele>136.6</ele></trkpt>
   <trkpt lon="-4.410885" lat="36.743281"><ele>136.7</ele></trkpt>
   <trkpt lon="-4.410821" lat="36.743336"><ele>136.9</ele></trkpt>
   <trkpt lon="-4.410760" lat="36.743387"><ele>137.0</ele></trkpt>
   <trkpt lon="-4.410362" lat="36.743726"><ele>139.2</ele></trkpt>
   <trkpt lon="-4.410318" lat="36.743795"><ele>139.3</ele></trkpt>
   <trkpt lon="-4.410311" lat="36.743875"><ele>139.5</ele></trkpt>
   <trkpt lon="-4.410332" lat="36.743948"><ele>139.6</ele></trkpt>
   <trkpt lon="-4.410382" lat="36.744008"><ele>139.7</ele></trkpt>
   <trkpt lon="-4.410482" lat="36.744078"><ele>140.1</ele></trkpt>
   <trkpt lon="-4.410656" lat="36.744157"><ele>141.1</ele></trkpt>
   <trkpt lon="-4.410800" lat="36.744251"><ele>142.7</ele></trkpt>
   <trkpt lon="-4.410905" lat="36.744387"><ele>144.1</ele></trkpt>
   <trkpt lon="-4.410963" lat="36.744515"><ele>145.3</ele></trkpt>
   <trkpt lon="-4.410986" lat="36.744698"><ele>147.3</ele></trkpt>
   <trkpt lon="-4.410972" lat="36.744890"><ele>149.4</ele></trkpt>
   <trkpt lon="-4.410808" lat="36.745466"><ele>155.7</ele></trkpt>
   <trkpt lon="-4.410757" lat="36.745540"><ele>156.3</ele></trkpt>
   <trkpt lon="-4.410646" lat="36.745642"><ele>157.4</ele></trkpt>
   <trkpt lon="-4.410507" lat="36.745709"><ele>158.8</ele></trkpt>
   <trkpt lon="-4.410193" lat="36.745822"><ele>161.2</ele></trkpt>
   <trkpt lon="-4.409976" lat="36.745867"><ele>163.4</ele></trkpt>
   <trkpt lon="-4.409845" lat="36.745832"><ele>164.0</ele></trkpt>
   <trkpt lon="-4.409736" lat="36.745773"><ele>164.1</ele></trkpt>
   <trkpt lon="-4.409511" lat="36.745609"><ele>160.5</ele></trkpt>
   <trkpt lon="-4.409317" lat="36.745604"><ele>158.6</ele></trkpt>
   <trkpt lon="-4.409181" lat="36.745672"><ele>160.1</ele></trkpt>
   <trkpt lon="-4.408891" lat="36.745870"><ele>163.4</ele></trkpt>
   <trkpt lon="-4.408732" lat="36.745984"><ele>164.1</ele></trkpt>
   <trkpt lon="-4.408668" lat="36.746032"><ele>164.2</ele></trkpt>
   <trkpt lon="-4.408127" lat="36.746369"><ele>173.1</ele></trkpt>
   <trkpt lon="-4.408008" lat="36.746435"><ele>176.9</ele></trkpt>
   <trkpt lon="-4.407910" lat="36.746501"><ele>180.1</ele></trkpt>
   <trkpt lon="-4.407841" lat="36.746570"><ele>182.2</ele></trkpt>
   <trkpt lon="-4.407777" lat="36.746757"><ele>186.9</ele></trkpt>
   <trkpt lon="-4.407709" lat="36.746953"><ele>190.2</ele></trkpt>
   <trkpt lon="-4.407643" lat="36.747092"><ele>191.2</ele></trkpt>
   <trkpt lon="-4.407639" lat="36.747201"><ele>190.9</ele></trkpt>
   <trkpt lon="-4.407666" lat="36.747305"><ele>191.3</ele></trkpt>
   <trkpt lon="-4.407728" lat="36.747389"><ele>190.7</ele></trkpt>
   <trkpt lon="-4.407959" lat="36.747623"><ele>189.0</ele></trkpt>
   <trkpt lon="-4.407981" lat="36.747793"><ele>192.0</ele></trkpt>
   <trkpt lon="-4.407901" lat="36.747957"><ele>195.0</ele></trkpt>
   <trkpt lon="-4.407668" lat="36.748337"><ele>197.0</ele></trkpt>
   <trkpt lon="-4.407580" lat="36.748479"><ele>197.8</ele></trkpt>
   <trkpt lon="-4.407567" lat="36.748499"><ele>197.9</ele></trkpt>
   <trkpt lon="-4.407474" lat="36.748649"><ele>197.8</ele></trkpt>
   <trkpt lon="-4.407361" lat="36.748840"><ele>195.9</ele></trkpt>
   <trkpt lon="-4.407284" lat="36.749049"><ele>193.2</ele></trkpt>
   <trkpt lon="-4.407284" lat="36.749114"><ele>192.4</ele></trkpt>
   <trkpt lon="-4.407350" lat="36.749284"><ele>191.7</ele></trkpt>
   <trkpt lon="-4.407540" lat="36.749504"><ele>194.3</ele></trkpt>
   <trkpt lon="-4.407859" lat="36.749807"><ele>198.0</ele></trkpt>
   <trkpt lon="-4.407945" lat="36.749978"><ele>201.1</ele></trkpt>
   <trkpt lon="-4.407926" lat="36.750408"><ele>206.4</ele></trkpt>
   <trkpt lon="-4.407952" lat="36.750565"><ele>206.2</ele></trkpt>
   <trkpt lon="-4.408128" lat="36.750881"><ele>206.2</ele></trkpt>
   <trkpt lon="-4.408188" lat="36.752248"><ele>207.3</ele></trkpt>
   <trkpt lon="-4.408199" lat="36.752580"><ele>204.1</ele></trkpt>
   <trkpt lon="-4.408133" lat="36.752844"><ele>203.3</ele></trkpt>
   <trkpt lon="-4.408028" lat="36.753104"><ele>203.2</ele></trkpt>
   <trkpt lon="-4.408072" lat="36.753465"><ele>208.4</ele></trkpt>
   <trkpt lon="-4.408154" lat="36.753828"><ele>214.6</ele></trkpt>
   <trkpt lon="-4.408156" lat="36.754855"><ele>217.1</ele></trkpt>
   <trkpt lon="-4.408109" lat="36.755142"><ele>217.6</ele></trkpt>
   <trkpt lon="-4.407872" lat="36.755700"><ele>221.1</ele></trkpt>
   <trkpt lon="-4.407850" lat="36.755804"><ele>221.8</ele></trkpt>
   <trkpt lon="-4.407871" lat="36.755904"><ele>223.0</ele></trkpt>
   <trkpt lon="-4.408024" lat="36.756118"><ele>227.6</ele></trkpt>
   <trkpt lon="-4.408379" lat="36.756463"><ele>232.9</ele></trkpt>
   <trkpt lon="-4.408414" lat="36.756652"><ele>231.7</ele></trkpt>
   <trkpt lon="-4.408348" lat="36.756990"><ele>230.7</ele></trkpt>
   <trkpt lon="-4.408272" lat="36.757267"><ele>232.0</ele></trkpt>
   <trkpt lon="-4.408122" lat="36.757776"><ele>238.1</ele></trkpt>
   <trkpt lon="-4.407990" lat="36.757939"><ele>240.7</ele></trkpt>
   <trkpt lon="-4.407858" lat="36.758048"><ele>241.6</ele></trkpt>
   <trkpt lon="-4.407729" lat="36.758137"><ele>242.4</ele></trkpt>
   <trkpt lon="-4.407645" lat="36.758241"><ele>244.7</ele></trkpt>
   <trkpt lon="-4.407690" lat="36.758449"><ele>251.3</ele></trkpt>
   <trkpt lon="-4.407959" lat="36.758650"><ele>254.8</ele></trkpt>
   <trkpt lon="-4.408042" lat="36.758754"><ele>255.8</ele></trkpt>
   <trkpt lon="-4.408050" lat="36.758869"><ele>258.0</ele></trkpt>
   <trkpt lon="-4.407634" lat="36.759796"><ele>269.2</ele></trkpt>
   <trkpt lon="-4.407530" lat="36.760073"><ele>270.2</ele></trkpt>
   <trkpt lon="-4.407516" lat="36.760260"><ele>273.1</ele></trkpt>
   <trkpt lon="-4.407551" lat="36.760377"><ele>275.6</ele></trkpt>
   <trkpt lon="-4.407698" lat="36.760565"><ele>278.4</ele></trkpt>
   <trkpt lon="-4.407727" lat="36.760663"><ele>280.6</ele></trkpt>
   <trkpt lon="-4.407679" lat="36.760724"><ele>282.9</ele></trkpt>
   <trkpt lon="-4.407612" lat="36.760774"><ele>285.1</ele></trkpt>
   <trkpt lon="-4.407569" lat="36.760783"><ele>285.9</ele></trkpt>
   <trkpt lon="-4.407526" lat="36.760776"><ele>286.2</ele></trkpt>
   <trkpt lon="-4.407501" lat="36.760751"><ele>285.7</ele></trkpt>
   <trkpt lon="-4.407447" lat="36.760599"><ele>281.3</ele></trkpt>
   <trkpt lon="-4.407315" lat="36.760366"><ele>274.2</ele></trkpt>
   <trkpt lon="-4.407233" lat="36.760337"><ele>272.4</ele></trkpt>
   <trkpt lon="-4.407142" lat="36.760341"><ele>271.4</ele></trkpt>
   <trkpt lon="-4.406608" lat="36.760507"><ele>268.5</ele></trkpt>
   <trkpt lon="-4.406530" lat="36.760570"><ele>267.7</ele></trkpt>
   <trkpt lon="-4.406490" lat="36.760688"><ele>269.6</ele></trkpt>
   <trkpt lon="-4.406505" lat="36.760843"><ele>274.5</ele></trkpt>
   <trkpt lon="-4.406566" lat="36.761010"><ele>277.4</ele></trkpt>
   <trkpt lon="-4.406814" lat="36.761331"><ele>283.9</ele></trkpt>
   <trkpt lon="-4.406988" lat="36.761483"><ele>287.0</ele></trkpt>
   <trkpt lon="-4.407264" lat="36.761842"><ele>288.9</ele></trkpt>
   <trkpt lon="-4.407337" lat="36.762009"><ele>288.6</ele></trkpt>
   <trkpt lon="-4.407379" lat="36.762144"><ele>288.0</ele></trkpt>
   <trkpt lon="-4.407390" lat="36.762262"><ele>287.3</ele></trkpt>
   <trkpt lon="-4.407379" lat="36.762445"><ele>287.6</ele></trkpt>
   <trkpt lon="-4.407318" lat="36.762669"><ele>288.1</ele></trkpt>
   <trkpt lon="-4.407267" lat="36.762785"><ele>289.0</ele></trkpt>
   <trkpt lon="-4.406803" lat="36.763669"><ele>304.2</ele></trkpt>
   <trkpt lon="-4.406738" lat="36.763773"><ele>306.7</ele></trkpt>
   <trkpt lon="-4.406682" lat="36.763814"><ele>307.8</ele></trkpt>
   <trkpt lon="-4.406583" lat="36.763831"><ele>308.9</ele></trkpt>
   <trkpt lon="-4.406272" lat="36.763789"><ele>311.8</ele></trkpt>
   <trkpt lon="-4.406157" lat="36.763794"><ele>309.9</ele></trkpt>
   <trkpt lon="-4.406084" lat="36.763838"><ele>308.8</ele></trkpt>
   <trkpt lon="-4.406039" lat="36.763955"><ele>308.0</ele></trkpt>
   <trkpt lon="-4.406146" lat="36.764452"><ele>307.5</ele></trkpt>
   <trkpt lon="-4.406165" lat="36.764629"><ele>307.3</ele></trkpt>
   <trkpt lon="-4.406146" lat="36.764759"><ele>307.7</ele></trkpt>
   <trkpt lon="-4.406113" lat="36.764888"><ele>307.8</ele></trkpt>
   <trkpt lon="-4.406025" lat="36.764999"><ele>307.4</ele></trkpt>
   <trkpt lon="-4.405561" lat="36.765471"><ele>312.9</ele></trkpt>
   <trkpt lon="-4.405387" lat="36.765741"><ele>317.7</ele></trkpt>
   <trkpt lon="-4.405276" lat="36.765988"><ele>324.4</ele></trkpt>
   <trkpt lon="-4.405172" lat="36.766335"><ele>330.7</ele></trkpt>
   <trkpt lon="-4.405110" lat="36.766461"><ele>333.2</ele></trkpt>
   <trkpt lon="-4.405076" lat="36.766501"><ele>334.2</ele></trkpt>
   <trkpt lon="-4.404904" lat="36.766702"><ele>339.1</ele></trkpt>
   <trkpt lon="-4.404591" lat="36.767020"><ele>344.7</ele></trkpt>
   <trkpt lon="-4.404512" lat="36.767101"><ele>346.3</ele></trkpt>
   <trkpt lon="-4.404305" lat="36.767311"><ele>351.9</ele></trkpt>
   <trkpt lon="-4.403965" lat="36.767604"><ele>354.7</ele></trkpt>
   <trkpt lon="-4.403839" lat="36.767671"><ele>355.3</ele></trkpt>
   <trkpt lon="-4.403724" lat="36.767708"><ele>354.6</ele></trkpt>
   <trkpt lon="-4.403607" lat="36.767717"><ele>354.4</ele></trkpt>
   <trkpt lon="-4.403456" lat="36.767680"><ele>355.5</ele></trkpt>
   <trkpt lon="-4.402982" lat="36.767544"><ele>352.7</ele></trkpt>
   <trkpt lon="-4.402819" lat="36.767484"><ele>352.0</ele></trkpt>
   <trkpt lon="-4.402630" lat="36.767388"><ele>352.4</ele></trkpt>
   <trkpt lon="-4.402234" lat="36.767116"><ele>355.8</ele></trkpt>
   <trkpt lon="-4.402103" lat="36.767048"><ele>358.0</ele></trkpt>
   <trkpt lon="-4.401791" lat="36.766934"><ele>362.9</ele></trkpt>
   <trkpt lon="-4.401612" lat="36.766913"><ele>364.1</ele></trkpt>
   <trkpt lon="-4.400367" lat="36.766731"><ele>369.8</ele></trkpt>
   <trkpt lon="-4.399973" lat="36.766679"><ele>372.6</ele></trkpt>
   <trkpt lon="-4.399619" lat="36.766726"><ele>374.4</ele></trkpt>
   <trkpt lon="-4.398936" lat="36.766854"><ele>382.4</ele></trkpt>
   <trkpt lon="-4.398399" lat="36.766985"><ele>386.1</ele></trkpt>
   <trkpt lon="-4.398300" lat="36.767046"><ele>384.3</ele></trkpt>
   <trkpt lon="-4.398236" lat="36.767138"><ele>380.9</ele></trkpt>
   <trkpt lon="-4.398208" lat="36.767229"><ele>377.3</ele></trkpt>
   <trkpt lon="-4.398241" lat="36.767336"><ele>371.8</ele></trkpt>
   <trkpt lon="-4.398288" lat="36.767427"><ele>372.3</ele></trkpt>
   <trkpt lon="-4.398678" lat="36.767722"><ele>368.6</ele></trkpt>
   <trkpt lon="-4.398745" lat="36.767806"><ele>370.5</ele></trkpt>
   <trkpt lon="-4.398788" lat="36.767877"><ele>372.0</ele></trkpt>
   <trkpt lon="-4.398796" lat="36.767985"><ele>376.2</ele></trkpt>
   <trkpt lon="-4.398767" lat="36.768092"><ele>379.0</ele></trkpt>
   <trkpt lon="-4.398689" lat="36.768184"><ele>381.3</ele></trkpt>
   <trkpt lon="-4.398579" lat="36.768249"><ele>383.8</ele></trkpt>
   <trkpt lon="-4.398472" lat="36.768292"><ele>385.8</ele></trkpt>
   <trkpt lon="-4.398118" lat="36.768320"><ele>388.8</ele></trkpt>
   <trkpt lon="-4.397831" lat="36.768309"><ele>389.4</ele></trkpt>
   <trkpt lon="-4.397627" lat="36.768283"><ele>391.0</ele></trkpt>
   <trkpt lon="-4.397337" lat="36.768225"><ele>396.2</ele></trkpt>
   <trkpt lon="-4.397125" lat="36.768191"><ele>402.0</ele></trkpt>
   <trkpt lon="-4.396828" lat="36.768236"><ele>405.1</ele></trkpt>
   <trkpt lon="-4.396626" lat="36.768330"><ele>403.1</ele></trkpt>
   <trkpt lon="-4.396419" lat="36.768435"><ele>399.6</ele></trkpt>
   <trkpt lon="-4.396261" lat="36.768479"><ele>397.6</ele></trkpt>
   <trkpt lon="-4.396046" lat="36.768482"><ele>396.9</ele></trkpt>
   <trkpt lon="-4.395676" lat="36.768415"><ele>400.1</ele></trkpt>
   <trkpt lon="-4.395178" lat="36.768336"><ele>411.8</ele></trkpt>
   <trkpt lon="-4.394987" lat="36.768338"><ele>416.4</ele></trkpt>
   <trkpt lon="-4.394728" lat="36.768419"><ele>420.1</ele></trkpt>
   <trkpt lon="-4.394328" lat="36.768729"><ele>417.0</ele></trkpt>
   <trkpt lon="-4.394077" lat="36.768950"><ele>414.2</ele></trkpt>
   <trkpt lon="-4.393938" lat="36.769023"><ele>412.6</ele></trkpt>
   <trkpt lon="-4.393836" lat="36.769055"><ele>410.0</ele></trkpt>
   <trkpt lon="-4.393752" lat="36.769061"><ele>408.7</ele></trkpt>
   <trkpt lon="-4.393559" lat="36.769035"><ele>407.1</ele></trkpt>
   <trkpt lon="-4.392993" lat="36.768754"><ele>420.9</ele></trkpt>
   <trkpt lon="-4.392871" lat="36.768713"><ele>424.6</ele></trkpt>
   <trkpt lon="-4.392622" lat="36.768672"><ele>430.1</ele></trkpt>
   <trkpt lon="-4.392267" lat="36.768716"><ele>433.7</ele></trkpt>
   <trkpt lon="-4.391683" lat="36.768897"><ele>433.8</ele></trkpt>
   <trkpt lon="-4.391032" lat="36.769120"><ele>432.4</ele></trkpt>
   <trkpt lon="-4.390313" lat="36.769212"><ele>428.4</ele></trkpt>
   <trkpt lon="-4.388872" lat="36.769723"><ele>428.7</ele></trkpt>
   <trkpt lon="-4.388583" lat="36.769892"><ele>429.3</ele></trkpt>
   <trkpt lon="-4.388348" lat="36.770228"><ele>438.6</ele></trkpt>
   <trkpt lon="-4.388173" lat="36.770602"><ele>445.6</ele></trkpt>
   <trkpt lon="-4.388023" lat="36.770864"><ele>447.5</ele></trkpt>
   <trkpt lon="-4.387936" lat="36.770990"><ele>447.3</ele></trkpt>
   <trkpt lon="-4.387692" lat="36.771101"><ele>445.1</ele></trkpt>
   <trkpt lon="-4.387494" lat="36.771130"><ele>441.6</ele></trkpt>
   <trkpt lon="-4.387261" lat="36.771037"><ele>440.3</ele></trkpt>
   <trkpt lon="-4.386823" lat="36.770831"><ele>438.3</ele></trkpt>
   <trkpt lon="-4.386636" lat="36.770773"><ele>436.2</ele></trkpt>
   <trkpt lon="-4.386511" lat="36.770768"><ele>434.7</ele></trkpt>
   <trkpt lon="-4.386312" lat="36.770790"><ele>434.1</ele></trkpt>
   <trkpt lon="-4.385875" lat="36.770880"><ele>437.4</ele></trkpt>
   <trkpt lon="-4.385782" lat="36.770889"><ele>437.9</ele></trkpt>
   <trkpt lon="-4.385502" lat="36.770914"><ele>439.9</ele></trkpt>
   <trkpt lon="-4.384999" lat="36.770933"><ele>444.9</ele></trkpt>
   <trkpt lon="-4.383792" lat="36.770854"><ele>451.3</ele></trkpt>
   <trkpt lon="-4.382762" lat="36.770747"><ele>458.1</ele></trkpt>
   <trkpt lon="-4.381603" lat="36.770657"><ele>457.6</ele></trkpt>
   <trkpt lon="-4.381277" lat="36.770683"><ele>456.6</ele></trkpt>
   <trkpt lon="-4.380905" lat="36.770806"><ele>458.0</ele></trkpt>
   <trkpt lon="-4.380762" lat="36.770887"><ele>458.6</ele></trkpt>
   <trkpt lon="-4.380635" lat="36.770958"><ele>459.3</ele></trkpt>
   <trkpt lon="-4.380445" lat="36.771101"><ele>461.7</ele></trkpt>
   <trkpt lon="-4.380062" lat="36.771358"><ele>469.3</ele></trkpt>
   <trkpt lon="-4.379814" lat="36.771417"><ele>474.7</ele></trkpt>
   <trkpt lon="-4.379540" lat="36.771390"><ele>477.8</ele></trkpt>
   <trkpt lon="-4.377391" lat="36.770572"><ele>498.1</ele></trkpt>
   <trkpt lon="-4.377238" lat="36.770476"><ele>503.4</ele></trkpt>
   <trkpt lon="-4.377157" lat="36.770314"><ele>504.9</ele></trkpt>
   <trkpt lon="-4.377169" lat="36.769740"><ele>499.6</ele></trkpt>
   <trkpt lon="-4.377073" lat="36.769541"><ele>497.7</ele></trkpt>
   <trkpt lon="-4.376688" lat="36.769254"><ele>508.9</ele></trkpt>
   <trkpt lon="-4.376522" lat="36.769098"><ele>515.2</ele></trkpt>
   <trkpt lon="-4.376462" lat="36.768946"><ele>517.8</ele></trkpt>
   <trkpt lon="-4.376476" lat="36.768399"><ele>516.6</ele></trkpt>
   <trkpt lon="-4.376526" lat="36.768151"><ele>517.3</ele></trkpt>
   <trkpt lon="-4.376964" lat="36.767448"><ele>518.5</ele></trkpt>
   <trkpt lon="-4.377166" lat="36.767055"><ele>515.9</ele></trkpt>
   <trkpt lon="-4.377194" lat="36.766939"><ele>515.1</ele></trkpt>
   <trkpt lon="-4.377179" lat="36.766834"><ele>514.9</ele></trkpt>
   <trkpt lon="-4.377158" lat="36.766744"><ele>514.7</ele></trkpt>
   <trkpt lon="-4.377070" lat="36.766585"><ele>513.4</ele></trkpt>
   <trkpt lon="-4.376946" lat="36.766498"><ele>511.7</ele></trkpt>
   <trkpt lon="-4.376811" lat="36.766422"><ele>509.4</ele></trkpt>
   <trkpt lon="-4.376622" lat="36.766364"><ele>507.1</ele></trkpt>
   <trkpt lon="-4.376431" lat="36.766354"><ele>505.3</ele></trkpt>
   <trkpt lon="-4.376217" lat="36.766390"><ele>505.4</ele></trkpt>
   <trkpt lon="-4.375964" lat="36.766524"><ele>511.1</ele></trkpt>
   <trkpt lon="-4.375837" lat="36.766667"><ele>515.8</ele></trkpt>
   <trkpt lon="-4.375775" lat="36.766866"><ele>514.8</ele></trkpt>
   <trkpt lon="-4.375780" lat="36.766998"><ele>514.4</ele></trkpt>
   <trkpt lon="-4.375814" lat="36.767136"><ele>513.4</ele></trkpt>
   <trkpt lon="-4.375931" lat="36.767436"><ele>514.6</ele></trkpt>
   <trkpt lon="-4.375962" lat="36.767560"><ele>515.9</ele></trkpt>
   <trkpt lon="-4.375976" lat="36.767730"><ele>517.0</ele></trkpt>
   <trkpt lon="-4.375885" lat="36.768197"><ele>519.9</ele></trkpt>
   <trkpt lon="-4.375854" lat="36.768486"><ele>525.5</ele></trkpt>
   <trkpt lon="-4.375978" lat="36.770832"><ele>557.2</ele></trkpt>
   <trkpt lon="-4.376056" lat="36.771001"><ele>553.5</ele></trkpt>
   <trkpt lon="-4.376182" lat="36.771167"><ele>550.4</ele></trkpt>
   <trkpt lon="-4.376877" lat="36.772053"><ele>550.8</ele></trkpt>
   <trkpt lon="-4.376931" lat="36.772126"><ele>551.8</ele></trkpt>
   <trkpt lon="-4.377626" lat="36.773003"><ele>554.6</ele></trkpt>
   <trkpt lon="-4.377701" lat="36.773124"><ele>554.9</ele></trkpt>
   <trkpt lon="-4.377980" lat="36.773646"><ele>554.2</ele></trkpt>
   <trkpt lon="-4.378030" lat="36.773760"><ele>554.3</ele></trkpt>
   <trkpt lon="-4.378058" lat="36.773847"><ele>554.4</ele></trkpt>
   <trkpt lon="-4.378063" lat="36.773937"><ele>553.5</ele></trkpt>
   <trkpt lon="-4.378114" lat="36.774297"><ele>553.8</ele></trkpt>
   <trkpt lon="-4.378166" lat="36.774565"><ele>557.2</ele></trkpt>
   <trkpt lon="-4.378216" lat="36.774775"><ele>561.0</ele></trkpt>
   <trkpt lon="-4.378285" lat="36.774952"><ele>566.1</ele></trkpt>
   <trkpt lon="-4.378313" lat="36.775045"><ele>568.3</ele></trkpt>
   <trkpt lon="-4.378346" lat="36.775114"><ele>570.6</ele></trkpt>
   <trkpt lon="-4.378426" lat="36.775247"><ele>576.4</ele></trkpt>
   <trkpt lon="-4.378546" lat="36.775359"><ele>584.8</ele></trkpt>
   <trkpt lon="-4.378616" lat="36.775405"><ele>589.1</ele></trkpt>
   <trkpt lon="-4.378733" lat="36.775460"><ele>593.8</ele></trkpt>
   <trkpt lon="-4.378991" lat="36.775461"><ele>600.4</ele></trkpt>
   <trkpt lon="-4.379172" lat="36.775425"><ele>599.9</ele></trkpt>
   <trkpt lon="-4.379268" lat="36.775386"><ele>600.2</ele></trkpt>
   <trkpt lon="-4.379343" lat="36.775344"><ele>599.9</ele></trkpt>
   <trkpt lon="-4.379452" lat="36.775240"><ele>598.3</ele></trkpt>
   <trkpt lon="-4.379543" lat="36.775100"><ele>596.5</ele></trkpt>
   <trkpt lon="-4.379580" lat="36.775020"><ele>595.8</ele></trkpt>
   <trkpt lon="-4.379588" lat="36.774976"><ele>595.8</ele></trkpt>
   <trkpt lon="-4.379545" lat="36.774617"><ele>592.9</ele></trkpt>
   <trkpt lon="-4.379515" lat="36.774464"><ele>589.2</ele></trkpt>
   <trkpt lon="-4.379470" lat="36.774365"><ele>585.9</ele></trkpt>
   <trkpt lon="-4.379356" lat="36.774259"><ele>584.1</ele></trkpt>
   <trkpt lon="-4.379290" lat="36.774219"><ele>584.0</ele></trkpt>
   <trkpt lon="-4.379141" lat="36.774163"><ele>583.7</ele></trkpt>
   <trkpt lon="-4.379061" lat="36.774150"><ele>584.4</ele></trkpt>
   <trkpt lon="-4.378884" lat="36.774155"><ele>584.3</ele></trkpt>
   <trkpt lon="-4.378809" lat="36.774173"><ele>583.4</ele></trkpt>
   <trkpt lon="-4.378710" lat="36.774217"><ele>581.9</ele></trkpt>
   <trkpt lon="-4.378630" lat="36.774275"><ele>580.5</ele></trkpt>
   <trkpt lon="-4.378558" lat="36.774354"><ele>577.5</ele></trkpt>
   <trkpt lon="-4.378524" lat="36.774470"><ele>576.1</ele></trkpt>
   <trkpt lon="-4.378506" lat="36.774607"><ele>575.6</ele></trkpt>
   <trkpt lon="-4.378523" lat="36.774990"><ele>578.3</ele></trkpt>
   <trkpt lon="-4.378515" lat="36.775135"><ele>579.2</ele></trkpt>
   <trkpt lon="-4.378420" lat="36.775415"><ele>579.9</ele></trkpt>
   <trkpt lon="-4.378336" lat="36.775591"><ele>580.1</ele></trkpt>
   <trkpt lon="-4.378245" lat="36.775812"><ele>581.3</ele></trkpt>
   <trkpt lon="-4.378231" lat="36.775920"><ele>583.0</ele></trkpt>
   <trkpt lon="-4.378228" lat="36.776009"><ele>584.1</ele></trkpt>
   <trkpt lon="-4.378256" lat="36.776118"><ele>587.3</ele></trkpt>
   <trkpt lon="-4.378299" lat="36.776198"><ele>590.6</ele></trkpt>
   <trkpt lon="-4.378373" lat="36.776264"><ele>593.1</ele></trkpt>
   <trkpt lon="-4.378839" lat="36.776504"><ele>604.5</ele></trkpt>
   <trkpt lon="-4.378923" lat="36.776565"><ele>605.6</ele></trkpt>
   <trkpt lon="-4.379002" lat="36.776646"><ele>605.1</ele></trkpt>
   <trkpt lon="-4.379070" lat="36.776775"><ele>603.0</ele></trkpt>
   <trkpt lon="-4.379099" lat="36.776877"><ele>600.7</ele></trkpt>
   <trkpt lon="-4.379152" lat="36.777147"><ele>598.1</ele></trkpt>
   <trkpt lon="-4.379195" lat="36.777273"><ele>598.6</ele></trkpt>
   <trkpt lon="-4.379266" lat="36.777342"><ele>602.4</ele></trkpt>
   <trkpt lon="-4.379411" lat="36.777428"><ele>609.5</ele></trkpt>
   <trkpt lon="-4.379487" lat="36.777467"><ele>613.1</ele></trkpt>
   <trkpt lon="-4.379584" lat="36.777493"><ele>617.5</ele></trkpt>
   <trkpt lon="-4.379735" lat="36.777477"><ele>622.2</ele></trkpt>
   <trkpt lon="-4.379890" lat="36.777416"><ele>625.9</ele></trkpt>
   <trkpt lon="-4.379970" lat="36.777368"><ele>627.9</ele></trkpt>
   <trkpt lon="-4.380021" lat="36.777311"><ele>627.9</ele></trkpt>
   <trkpt lon="-4.380061" lat="36.777250"><ele>627.2</ele></trkpt>
   <trkpt lon="-4.380096" lat="36.777165"><ele>626.7</ele></trkpt>
   <trkpt lon="-4.380107" lat="36.777101"><ele>626.7</ele></trkpt>
   <trkpt lon="-4.380105" lat="36.777009"><ele>627.1</ele></trkpt>
   <trkpt lon="-4.380079" lat="36.776896"><ele>628.3</ele></trkpt>
   <trkpt lon="-4.380066" lat="36.776761"><ele>629.9</ele></trkpt>
   <trkpt lon="-4.380042" lat="36.776620"><ele>631.9</ele></trkpt>
   <trkpt lon="-4.380070" lat="36.776464"><ele>631.0</ele></trkpt>
   <trkpt lon="-4.380103" lat="36.776348"><ele>629.6</ele></trkpt>
   <trkpt lon="-4.380125" lat="36.776159"><ele>625.8</ele></trkpt>
   <trkpt lon="-4.380101" lat="36.776066"><ele>621.9</ele></trkpt>
   <trkpt lon="-4.380046" lat="36.775993"><ele>618.8</ele></trkpt>
   <trkpt lon="-4.379985" lat="36.775933"><ele>615.9</ele></trkpt>
   <trkpt lon="-4.379923" lat="36.775895"><ele>613.4</ele></trkpt>
   <trkpt lon="-4.379857" lat="36.775870"><ele>611.6</ele></trkpt>
   <trkpt lon="-4.379792" lat="36.775849"><ele>609.8</ele></trkpt>
   <trkpt lon="-4.379709" lat="36.775834"><ele>608.3</ele></trkpt>
   <trkpt lon="-4.379626" lat="36.775838"><ele>607.9</ele></trkpt>
   <trkpt lon="-4.379484" lat="36.775872"><ele>608.4</ele></trkpt>
   <trkpt lon="-4.379403" lat="36.775915"><ele>609.4</ele></trkpt>
   <trkpt lon="-4.379267" lat="36.776030"><ele>612.6</ele></trkpt>
   <trkpt lon="-4.379240" lat="36.776095"><ele>614.5</ele></trkpt>
   <trkpt lon="-4.379229" lat="36.776153"><ele>616.3</ele></trkpt>
   <trkpt lon="-4.379222" lat="36.776227"><ele>618.3</ele></trkpt>
   <trkpt lon="-4.379229" lat="36.776298"><ele>617.8</ele></trkpt>
   <trkpt lon="-4.379291" lat="36.776420"><ele>618.5</ele></trkpt>
   <trkpt lon="-4.379470" lat="36.776650"><ele>622.3</ele></trkpt>
   <trkpt lon="-4.379524" lat="36.776760"><ele>622.2</ele></trkpt>
   <trkpt lon="-4.379570" lat="36.776906"><ele>621.4</ele></trkpt>
   <trkpt lon="-4.379613" lat="36.777121"><ele>620.8</ele></trkpt>
   <trkpt lon="-4.379637" lat="36.777353"><ele>620.3</ele></trkpt>
   <trkpt lon="-4.379685" lat="36.777652"><ele>620.5</ele></trkpt>
   <trkpt lon="-4.379836" lat="36.777980"><ele>624.4</ele></trkpt>
   <trkpt lon="-4.380058" lat="36.778382"><ele>633.5</ele></trkpt>
   <trkpt lon="-4.380091" lat="36.778523"><ele>635.5</ele></trkpt>
   <trkpt lon="-4.380167" lat="36.779020"><ele>646.0</ele></trkpt>
   <trkpt lon="-4.380165" lat="36.779769"><ele>664.8</ele></trkpt>
   <trkpt lon="-4.380186" lat="36.779957"><ele>668.9</ele></trkpt>
   <trkpt lon="-4.380207" lat="36.780033"><ele>670.5</ele></trkpt>
   <trkpt lon="-4.380358" lat="36.780228"><ele>671.2</ele></trkpt>
   <trkpt lon="-4.380478" lat="36.780352"><ele>668.8</ele></trkpt>
   <trkpt lon="-4.380531" lat="36.780421"><ele>668.4</ele></trkpt>
   <trkpt lon="-4.380549" lat="36.780490"><ele>669.8</ele></trkpt>
   <trkpt lon="-4.380546" lat="36.780591"><ele>673.3</ele></trkpt>
   <trkpt lon="-4.380516" lat="36.780698"><ele>677.1</ele></trkpt>
   <trkpt lon="-4.380346" lat="36.780950"><ele>686.0</ele></trkpt>
   <trkpt lon="-4.380214" lat="36.781168"><ele>688.0</ele></trkpt>
   <trkpt lon="-4.380152" lat="36.781273"><ele>689.0</ele></trkpt>
   <trkpt lon="-4.380152" lat="36.781372"><ele>688.2</ele></trkpt>
   <trkpt lon="-4.380171" lat="36.781447"><ele>687.4</ele></trkpt>
   <trkpt lon="-4.380315" lat="36.781601"><ele>681.5</ele></trkpt>
   <trkpt lon="-4.380362" lat="36.781641"><ele>679.5</ele></trkpt>
   <trkpt lon="-4.380402" lat="36.781692"><ele>678.0</ele></trkpt>
   <trkpt lon="-4.380404" lat="36.781752"><ele>679.0</ele></trkpt>
   <trkpt lon="-4.380396" lat="36.781813"><ele>680.4</ele></trkpt>
   <trkpt lon="-4.380354" lat="36.781939"><ele>684.4</ele></trkpt>
   <trkpt lon="-4.380274" lat="36.782112"><ele>689.5</ele></trkpt>
   <trkpt lon="-4.380246" lat="36.782201"><ele>690.8</ele></trkpt>
   <trkpt lon="-4.380230" lat="36.782283"><ele>691.7</ele></trkpt>
   <trkpt lon="-4.380254" lat="36.782365"><ele>690.7</ele></trkpt>
   <trkpt lon="-4.380316" lat="36.782440"><ele>688.3</ele></trkpt>
   <trkpt lon="-4.380489" lat="36.782559"><ele>680.6</ele></trkpt>
   <trkpt lon="-4.380730" lat="36.782739"><ele>672.6</ele></trkpt>
   <trkpt lon="-4.380834" lat="36.782837"><ele>672.1</ele></trkpt>
   <trkpt lon="-4.380863" lat="36.782876"><ele>672.4</ele></trkpt>
   <trkpt lon="-4.380877" lat="36.782930"><ele>674.1</ele></trkpt>
   <trkpt lon="-4.380874" lat="36.783001"><ele>677.5</ele></trkpt>
   <trkpt lon="-4.380729" lat="36.783241"><ele>687.3</ele></trkpt>
   <trkpt lon="-4.380702" lat="36.783309"><ele>689.0</ele></trkpt>
   <trkpt lon="-4.380704" lat="36.783364"><ele>689.2</ele></trkpt>
   <trkpt lon="-4.380734" lat="36.783419"><ele>688.4</ele></trkpt>
   <trkpt lon="-4.380816" lat="36.783495"><ele>685.4</ele></trkpt>
   <trkpt lon="-4.380938" lat="36.783568"><ele>680.5</ele></trkpt>
   <trkpt lon="-4.381496" lat="36.783729"><ele>664.7</ele></trkpt>
   <trkpt lon="-4.381572" lat="36.783775"><ele>665.5</ele></trkpt>
   <trkpt lon="-4.381636" lat="36.783823"><ele>666.6</ele></trkpt>
   <trkpt lon="-4.381646" lat="36.783879"><ele>669.5</ele></trkpt>
   <trkpt lon="-4.381649" lat="36.783961"><ele>674.2</ele></trkpt>
   <trkpt lon="-4.381631" lat="36.784024"><ele>678.1</ele></trkpt>
   <trkpt lon="-4.381493" lat="36.784266"><ele>688.4</ele></trkpt>
   <trkpt lon="-4.381469" lat="36.784319"><ele>690.5</ele></trkpt>
   <trkpt lon="-4.381484" lat="36.784612"><ele>692.3</ele></trkpt>
   <trkpt lon="-4.381464" lat="36.784856"><ele>693.9</ele></trkpt>
   <trkpt lon="-4.381299" lat="36.785265"><ele>702.1</ele></trkpt>
   <trkpt lon="-4.381309" lat="36.785558"><ele>701.1</ele></trkpt>
   <trkpt lon="-4.381423" lat="36.785771"><ele>696.2</ele></trkpt>
   <trkpt lon="-4.381621" lat="36.785897"><ele>690.1</ele></trkpt>
   <trkpt lon="-4.381836" lat="36.785993"><ele>685.1</ele></trkpt>
   <trkpt lon="-4.382015" lat="36.786032"><ele>681.0</ele></trkpt>
   <trkpt lon="-4.382457" lat="36.786077"><ele>671.9</ele></trkpt>
   <trkpt lon="-4.382742" lat="36.786138"><ele>672.1</ele></trkpt>
   <trkpt lon="-4.382887" lat="36.786211"><ele>674.9</ele></trkpt>
   <trkpt lon="-4.382935" lat="36.786278"><ele>678.5</ele></trkpt>
   <trkpt lon="-4.383090" lat="36.786657"><ele>692.6</ele></trkpt>
   <trkpt lon="-4.383161" lat="36.787113"><ele>701.0</ele></trkpt>
   <trkpt lon="-4.383217" lat="36.787287"><ele>701.0</ele></trkpt>
   <trkpt lon="-4.383305" lat="36.787395"><ele>698.3</ele></trkpt>
   <trkpt lon="-4.383583" lat="36.787641"><ele>693.1</ele></trkpt>
   <trkpt lon="-4.383692" lat="36.787775"><ele>694.0</ele></trkpt>
   <trkpt lon="-4.383783" lat="36.787917"><ele>695.3</ele></trkpt>
   <trkpt lon="-4.383783" lat="36.788026"><ele>698.7</ele></trkpt>
   <trkpt lon="-4.383724" lat="36.788145"><ele>705.1</ele></trkpt>
   <trkpt lon="-4.383572" lat="36.788329"><ele>711.0</ele></trkpt>
   <trkpt lon="-4.383401" lat="36.788619"><ele>715.3</ele></trkpt>
   <trkpt lon="-4.383322" lat="36.788871"><ele>713.4</ele></trkpt>
   <trkpt lon="-4.383328" lat="36.789093"><ele>710.1</ele></trkpt>
   <trkpt lon="-4.383205" lat="36.789302"><ele>709.7</ele></trkpt>
   <trkpt lon="-4.382957" lat="36.789485"><ele>710.0</ele></trkpt>
   <trkpt lon="-4.382831" lat="36.789565"><ele>709.4</ele></trkpt>
   <trkpt lon="-4.382766" lat="36.789676"><ele>707.6</ele></trkpt>
   <trkpt lon="-4.382722" lat="36.789782"><ele>706.0</ele></trkpt>
   <trkpt lon="-4.382696" lat="36.789898"><ele>703.7</ele></trkpt>
   <trkpt lon="-4.382700" lat="36.790047"><ele>702.8</ele></trkpt>
   <trkpt lon="-4.382777" lat="36.790411"><ele>701.7</ele></trkpt>
   <trkpt lon="-4.382705" lat="36.790605"><ele>705.0</ele></trkpt>
   <trkpt lon="-4.382526" lat="36.791015"><ele>707.9</ele></trkpt>
   <trkpt lon="-4.382496" lat="36.791131"><ele>708.9</ele></trkpt>
   <trkpt lon="-4.382507" lat="36.791251"><ele>708.9</ele></trkpt>
   <trkpt lon="-4.382562" lat="36.791345"><ele>707.8</ele></trkpt>
   <trkpt lon="-4.382703" lat="36.791518"><ele>704.9</ele></trkpt>
   <trkpt lon="-4.382974" lat="36.791752"><ele>701.3</ele></trkpt>
   <trkpt lon="-4.383041" lat="36.791886"><ele>704.2</ele></trkpt>
   <trkpt lon="-4.383023" lat="36.792029"><ele>707.5</ele></trkpt>
   <trkpt lon="-4.382614" lat="36.792526"><ele>714.6</ele></trkpt>
   <trkpt lon="-4.382582" lat="36.792646"><ele>714.0</ele></trkpt>
   <trkpt lon="-4.382558" lat="36.792868"><ele>714.3</ele></trkpt>
   <trkpt lon="-4.382510" lat="36.793071"><ele>713.7</ele></trkpt>
   <trkpt lon="-4.382394" lat="36.793214"><ele>713.5</ele></trkpt>
   <trkpt lon="-4.382165" lat="36.793357"><ele>707.0</ele></trkpt>
   <trkpt lon="-4.382020" lat="36.793509"><ele>703.5</ele></trkpt>
   <trkpt lon="-4.381934" lat="36.793619"><ele>700.5</ele></trkpt>
   <trkpt lon="-4.381887" lat="36.793721"><ele>700.9</ele></trkpt>
   <trkpt lon="-4.381845" lat="36.794104"><ele>708.9</ele></trkpt>
   <trkpt lon="-4.381827" lat="36.794429"><ele>715.3</ele></trkpt>
   <trkpt lon="-4.381403" lat="36.795103"><ele>720.7</ele></trkpt>
   <trkpt lon="-4.381376" lat="36.795194"><ele>721.9</ele></trkpt>
   <trkpt lon="-4.381267" lat="36.795554"><ele>724.9</ele></trkpt>
   <trkpt lon="-4.380994" lat="36.795955"><ele>731.3</ele></trkpt>
   <trkpt lon="-4.380916" lat="36.796679"><ele>746.1</ele></trkpt>
   <trkpt lon="-4.380848" lat="36.796847"><ele>748.5</ele></trkpt>
   <trkpt lon="-4.380668" lat="36.797001"><ele>755.7</ele></trkpt>
   <trkpt lon="-4.380464" lat="36.797117"><ele>760.5</ele></trkpt>
   <trkpt lon="-4.380378" lat="36.797207"><ele>762.9</ele></trkpt>
   <trkpt lon="-4.380346" lat="36.797310"><ele>764.1</ele></trkpt>
   <trkpt lon="-4.380355" lat="36.797398"><ele>764.1</ele></trkpt>
   <trkpt lon="-4.380668" lat="36.797800"><ele>756.0</ele></trkpt>
   <trkpt lon="-4.380704" lat="36.797991"><ele>759.5</ele></trkpt>
   <trkpt lon="-4.380497" lat="36.798283"><ele>772.2</ele></trkpt>
   <trkpt lon="-4.380466" lat="36.798445"><ele>774.8</ele></trkpt>
   <trkpt lon="-4.380612" lat="36.798763"><ele>770.0</ele></trkpt>
   <trkpt lon="-4.380693" lat="36.799066"><ele>772.3</ele></trkpt>
   <trkpt lon="-4.380930" lat="36.799213"><ele>765.4</ele></trkpt>
   <trkpt lon="-4.381794" lat="36.799562"><ele>759.0</ele></trkpt>
   <trkpt lon="-4.382120" lat="36.799614"><ele>757.4</ele></trkpt>
   <trkpt lon="-4.382224" lat="36.799645"><ele>758.3</ele></trkpt>
   <trkpt lon="-4.382286" lat="36.799725"><ele>762.8</ele></trkpt>
   <trkpt lon="-4.382249" lat="36.799777"><ele>766.2</ele></trkpt>
   <trkpt lon="-4.382171" lat="36.799835"><ele>767.4</ele></trkpt>
   <trkpt lon="-4.381969" lat="36.799901"><ele>769.9</ele></trkpt>
   <trkpt lon="-4.381625" lat="36.799925"><ele>773.8</ele></trkpt>
   <trkpt lon="-4.381146" lat="36.799926"><ele>780.7</ele></trkpt>
   <trkpt lon="-4.380794" lat="36.800010"><ele>787.7</ele></trkpt>
   <trkpt lon="-4.380591" lat="36.800097"><ele>790.8</ele></trkpt>
   <trkpt lon="-4.380488" lat="36.800212"><ele>790.0</ele></trkpt>
   <trkpt lon="-4.380205" lat="36.800584"><ele>788.7</ele></trkpt>
   <trkpt lon="-4.380016" lat="36.800775"><ele>790.4</ele></trkpt>
   <trkpt lon="-4.379667" lat="36.801252"><ele>790.7</ele></trkpt>
   <trkpt lon="-4.379577" lat="36.801342"><ele>788.9</ele></trkpt>
   <trkpt lon="-4.378951" lat="36.801709"><ele>777.8</ele></trkpt>
   <trkpt lon="-4.378750" lat="36.801878"><ele>780.5</ele></trkpt>
   <trkpt lon="-4.378630" lat="36.802054"><ele>788.4</ele></trkpt>
   <trkpt lon="-4.378662" lat="36.802221"><ele>796.1</ele></trkpt>
   <trkpt lon="-4.378857" lat="36.802424"><ele>800.4</ele></trkpt>
   <trkpt lon="-4.378973" lat="36.802672"><ele>804.6</ele></trkpt>
   <trkpt lon="-4.379120" lat="36.802876"><ele>804.8</ele></trkpt>
   <trkpt lon="-4.379309" lat="36.803095"><ele>804.2</ele></trkpt>
   <trkpt lon="-4.379401" lat="36.803387"><ele>808.5</ele></trkpt>
   <trkpt lon="-4.379423" lat="36.803601"><ele>812.2</ele></trkpt>
   <trkpt lon="-4.379370" lat="36.803904"><ele>818.4</ele></trkpt>
   <trkpt lon="-4.379340" lat="36.804123"><ele>822.4</ele></trkpt>
   <trkpt lon="-4.379418" lat="36.804379"><ele>822.8</ele></trkpt>
   <trkpt lon="-4.379853" lat="36.804950"><ele>821.9</ele></trkpt>
   <trkpt lon="-4.379936" lat="36.805142"><ele>824.6</ele></trkpt>
   <trkpt lon="-4.379915" lat="36.805270"><ele>827.4</ele></trkpt>
   <trkpt lon="-4.379858" lat="36.805391"><ele>828.8</ele></trkpt>
   <trkpt lon="-4.379733" lat="36.805521"><ele>830.9</ele></trkpt>
   <trkpt lon="-4.379109" lat="36.805928"><ele>843.6</ele></trkpt>
   <trkpt lon="-4.378519" lat="36.806334"><ele>855.7</ele></trkpt>
   <trkpt lon="-4.378236" lat="36.806581"><ele>862.0</ele></trkpt>
   <trkpt lon="-4.378090" lat="36.806724"><ele>865.3</ele></trkpt>
   <trkpt lon="-4.377932" lat="36.807008"><ele>866.6</ele></trkpt>
   <trkpt lon="-4.377706" lat="36.807240"><ele>869.7</ele></trkpt>
   <trkpt lon="-4.377681" lat="36.807340"><ele>869.5</ele></trkpt>
   <trkpt lon="-4.377670" lat="36.807739"><ele>867.3</ele></trkpt>
   <trkpt lon="-4.377609" lat="36.807825"><ele>868.8</ele></trkpt>
   <trkpt lon="-4.377450" lat="36.807966"><ele>871.0</ele></trkpt>
   <trkpt lon="-4.377366" lat="36.808113"><ele>872.6</ele></trkpt>
   <trkpt lon="-4.377397" lat="36.808417"><ele>871.3</ele></trkpt>
   <trkpt lon="-4.377366" lat="36.808541"><ele>872.0</ele></trkpt>
   <trkpt lon="-4.376962" lat="36.808947"><ele>878.1</ele></trkpt>
   <trkpt lon="-4.376876" lat="36.809163"><ele>879.1</ele></trkpt>
   <trkpt lon="-4.376819" lat="36.809495"><ele>880.1</ele></trkpt>
   <trkpt lon="-4.376654" lat="36.809794"><ele>884.6</ele></trkpt>
   <trkpt lon="-4.376497" lat="36.810016"><ele>887.7</ele></trkpt>
   <trkpt lon="-4.376212" lat="36.810292"><ele>891.9</ele></trkpt>
   <trkpt lon="-4.376086" lat="36.810448"><ele>893.6</ele></trkpt>
   <trkpt lon="-4.376033" lat="36.810697"><ele>894.4</ele></trkpt>
   <trkpt lon="-4.375988" lat="36.810989"><ele>895.6</ele></trkpt>
   <trkpt lon="-4.375845" lat="36.811168"><ele>898.4</ele></trkpt>
   <trkpt lon="-4.375446" lat="36.811482"><ele>901.9</ele></trkpt>
   <trkpt lon="-4.375189" lat="36.811646"><ele>900.8</ele></trkpt>
   <trkpt lon="-4.374941" lat="36.811758"><ele>896.6</ele></trkpt>
   <trkpt lon="-4.373308" lat="36.812495"><ele>895.0</ele></trkpt>
   <trkpt lon="-4.372414" lat="36.813031"><ele>917.7</ele></trkpt>
   <trkpt lon="-4.372255" lat="36.813050"><ele>923.4</ele></trkpt>
   <trkpt lon="-4.372102" lat="36.813027"><ele>928.4</ele></trkpt>
   <trkpt lon="-4.371959" lat="36.812941"><ele>933.2</ele></trkpt>
   <trkpt lon="-4.371858" lat="36.812778"><ele>934.8</ele></trkpt>
   <trkpt lon="-4.371726" lat="36.812350"><ele>934.3</ele></trkpt>
   <trkpt lon="-4.371699" lat="36.811843"><ele>928.6</ele></trkpt>
   <trkpt lon="-4.371639" lat="36.811586"><ele>922.0</ele></trkpt>
   <trkpt lon="-4.371524" lat="36.811451"><ele>917.5</ele></trkpt>
   <trkpt lon="-4.371409" lat="36.811390"><ele>915.1</ele></trkpt>
   <trkpt lon="-4.371235" lat="36.811377"><ele>913.1</ele></trkpt>
   <trkpt lon="-4.371081" lat="36.811418"><ele>913.7</ele></trkpt>
   <trkpt lon="-4.370887" lat="36.811541"><ele>919.6</ele></trkpt>
   <trkpt lon="-4.370785" lat="36.811587"><ele>921.7</ele></trkpt>
   <trkpt lon="-4.370689" lat="36.811607"><ele>923.4</ele></trkpt>
   <trkpt lon="-4.370584" lat="36.811598"><ele>924.5</ele></trkpt>
   <trkpt lon="-4.370263" lat="36.811446"><ele>921.7</ele></trkpt>
   <trkpt lon="-4.370082" lat="36.811401"><ele>921.0</ele></trkpt>
   <trkpt lon="-4.369790" lat="36.811384"><ele>922.8</ele></trkpt>
   <trkpt lon="-4.369302" lat="36.811412"><ele>922.3</ele></trkpt>
   <trkpt lon="-4.369192" lat="36.811448"><ele>919.3</ele></trkpt>
   <trkpt lon="-4.369109" lat="36.811511"><ele>917.3</ele></trkpt>
   <trkpt lon="-4.369032" lat="36.811612"><ele>914.9</ele></trkpt>
   <trkpt lon="-4.368938" lat="36.812048"><ele>917.0</ele></trkpt>
   <trkpt lon="-4.368893" lat="36.812130"><ele>917.6</ele></trkpt>
   <trkpt lon="-4.368828" lat="36.812193"><ele>917.3</ele></trkpt>
   <trkpt lon="-4.368729" lat="36.812269"><ele>916.5</ele></trkpt>
   <trkpt lon="-4.367903" lat="36.812596"><ele>911.7</ele></trkpt>
   <trkpt lon="-4.367703" lat="36.812729"><ele>909.8</ele></trkpt>
   <trkpt lon="-4.367542" lat="36.812879"><ele>907.8</ele></trkpt>
   <trkpt lon="-4.367341" lat="36.813152"><ele>907.7</ele></trkpt>
   <trkpt lon="-4.366867" lat="36.813677"><ele>903.4</ele></trkpt>
   <trkpt lon="-4.366682" lat="36.814074"><ele>905.5</ele></trkpt>
   <trkpt lon="-4.366606" lat="36.814196"><ele>907.4</ele></trkpt>
   <trkpt lon="-4.365811" lat="36.814571"><ele>903.1</ele></trkpt>
   <trkpt lon="-4.365442" lat="36.814830"><ele>898.5</ele></trkpt>
   <trkpt lon="-4.365058" lat="36.815144"><ele>896.4</ele></trkpt>
   <trkpt lon="-4.364566" lat="36.815573"><ele>897.8</ele></trkpt>
   <trkpt lon="-4.363688" lat="36.816103"><ele>894.5</ele></trkpt>
   <trkpt lon="-4.363399" lat="36.816271"><ele>892.5</ele></trkpt>
   <trkpt lon="-4.363134" lat="36.816361"><ele>890.6</ele></trkpt>
   <trkpt lon="-4.362714" lat="36.816467"><ele>893.8</ele></trkpt>
   <trkpt lon="-4.362385" lat="36.816549"><ele>898.2</ele></trkpt>
   <trkpt lon="-4.361024" lat="36.816922"><ele>909.2</ele></trkpt>
   <trkpt lon="-4.360286" lat="36.817160"><ele>908.5</ele></trkpt>
   <trkpt lon="-4.360063" lat="36.817162"><ele>906.8</ele></trkpt>
   <trkpt lon="-4.359151" lat="36.817017"><ele>897.4</ele></trkpt>
   <trkpt lon="-4.358498" lat="36.816838"><ele>895.9</ele></trkpt>
   <trkpt lon="-4.358159" lat="36.816831"><ele>895.5</ele></trkpt>
   <trkpt lon="-4.357960" lat="36.816897"><ele>897.1</ele></trkpt>
   <trkpt lon="-4.357535" lat="36.817064"><ele>903.2</ele></trkpt>
   <trkpt lon="-4.357285" lat="36.817108"><ele>904.5</ele></trkpt>
   <trkpt lon="-4.357003" lat="36.817069"><ele>904.9</ele></trkpt>
   <trkpt lon="-4.356564" lat="36.816989"><ele>908.2</ele></trkpt>
   <trkpt lon="-4.356294" lat="36.816994"><ele>910.3</ele></trkpt>
   <trkpt lon="-4.355922" lat="36.817047"><ele>913.3</ele></trkpt>
   <trkpt lon="-4.355196" lat="36.817223"><ele>923.1</ele></trkpt>
   <trkpt lon="-4.354998" lat="36.817384"><ele>924.4</ele></trkpt>
   <trkpt lon="-4.354692" lat="36.817762"><ele>925.0</ele></trkpt>
   <trkpt lon="-4.354353" lat="36.818066"><ele>926.3</ele></trkpt>
   <trkpt lon="-4.354290" lat="36.818150"><ele>925.5</ele></trkpt>
   <trkpt lon="-4.354260" lat="36.818280"><ele>923.3</ele></trkpt>
   <trkpt lon="-4.354273" lat="36.818419"><ele>920.0</ele></trkpt>
   <trkpt lon="-4.354303" lat="36.818606"><ele>915.8</ele></trkpt>
   <trkpt lon="-4.354287" lat="36.818706"><ele>914.5</ele></trkpt>
   <trkpt lon="-4.354244" lat="36.818801"><ele>913.4</ele></trkpt>
   <trkpt lon="-4.353705" lat="36.819281"><ele>899.1</ele></trkpt>
   <trkpt lon="-4.353641" lat="36.819388"><ele>896.8</ele></trkpt>
   <trkpt lon="-4.353502" lat="36.819912"><ele>898.5</ele></trkpt>
   <trkpt lon="-4.353462" lat="36.820131"><ele>899.8</ele></trkpt>
   <trkpt lon="-4.353455" lat="36.820398"><ele>900.2</ele></trkpt>
   <trkpt lon="-4.353341" lat="36.820396"><ele>898.5</ele></trkpt>
   <trkpt lon="-4.353224" lat="36.820333"><ele>894.9</ele></trkpt>
   <trkpt lon="-4.353041" lat="36.820170"><ele>889.0</ele></trkpt>
   <trkpt lon="-4.352999" lat="36.820014"><ele>886.2</ele></trkpt>
   <trkpt lon="-4.353007" lat="36.819910"><ele>885.5</ele></trkpt>
   <trkpt lon="-4.353152" lat="36.819646"><ele>881.7</ele></trkpt>
   <trkpt lon="-4.353230" lat="36.819476"><ele>881.8</ele></trkpt>
   <trkpt lon="-4.353254" lat="36.819291"><ele>881.2</ele></trkpt>
   <trkpt lon="-4.353179" lat="36.818843"><ele>886.5</ele></trkpt>
   <trkpt lon="-4.353107" lat="36.818745"><ele>888.3</ele></trkpt>
   <trkpt lon="-4.352740" lat="36.818500"><ele>888.4</ele></trkpt>
   <trkpt lon="-4.352451" lat="36.818369"><ele>885.7</ele></trkpt>
   <trkpt lon="-4.351997" lat="36.818245"><ele>876.9</ele></trkpt>
   <trkpt lon="-4.351757" lat="36.818114"><ele>869.1</ele></trkpt>
   <trkpt lon="-4.351686" lat="36.818021"><ele>865.1</ele></trkpt>
   <trkpt lon="-4.351697" lat="36.817912"><ele>863.2</ele></trkpt>
   <trkpt lon="-4.351849" lat="36.817785"><ele>863.1</ele></trkpt>
   <trkpt lon="-4.352068" lat="36.817492"><ele>860.2</ele></trkpt>
   <trkpt lon="-4.352350" lat="36.817237"><ele>868.9</ele></trkpt>
   <trkpt lon="-4.352343" lat="36.817108"><ele>868.9</ele></trkpt>
   <trkpt lon="-4.352163" lat="36.816940"><ele>861.8</ele></trkpt>
   <trkpt lon="-4.352094" lat="36.816844"><ele>858.9</ele></trkpt>
   <trkpt lon="-4.352056" lat="36.816683"><ele>858.2</ele></trkpt>
   <trkpt lon="-4.352076" lat="36.816534"><ele>860.1</ele></trkpt>
   <trkpt lon="-4.352122" lat="36.816372"><ele>866.1</ele></trkpt>
   <trkpt lon="-4.352089" lat="36.816256"><ele>868.5</ele></trkpt>
   <trkpt lon="-4.351797" lat="36.816003"><ele>875.5</ele></trkpt>
   <trkpt lon="-4.351677" lat="36.815940"><ele>878.1</ele></trkpt>
   <trkpt lon="-4.351523" lat="36.815920"><ele>878.4</ele></trkpt>
   <trkpt lon="-4.351205" lat="36.816003"><ele>871.0</ele></trkpt>
   <trkpt lon="-4.350889" lat="36.816011"><ele>863.6</ele></trkpt>
   <trkpt lon="-4.350566" lat="36.815961"><ele>854.9</ele></trkpt>
   <trkpt lon="-4.350361" lat="36.815865"><ele>849.1</ele></trkpt>
   <trkpt lon="-4.350219" lat="36.815741"><ele>848.1</ele></trkpt>
   <trkpt lon="-4.350117" lat="36.815515"><ele>851.4</ele></trkpt>
   <trkpt lon="-4.350047" lat="36.815270"><ele>855.0</ele></trkpt>
   <trkpt lon="-4.349953" lat="36.815155"><ele>856.7</ele></trkpt>
   <trkpt lon="-4.349723" lat="36.815008"><ele>845.6</ele></trkpt>
   <trkpt lon="-4.349508" lat="36.814917"><ele>843.1</ele></trkpt>
   <trkpt lon="-4.349038" lat="36.814775"><ele>839.0</ele></trkpt>
   <trkpt lon="-4.348897" lat="36.814729"><ele>836.7</ele></trkpt>
   <trkpt lon="-4.348411" lat="36.814628"><ele>835.5</ele></trkpt>
   <trkpt lon="-4.348020" lat="36.814449"><ele>828.7</ele></trkpt>
   <trkpt lon="-4.347506" lat="36.814394"><ele>816.5</ele></trkpt>
   <trkpt lon="-4.347343" lat="36.814417"><ele>813.5</ele></trkpt>
   <trkpt lon="-4.346951" lat="36.814605"><ele>818.0</ele></trkpt>
   <trkpt lon="-4.346768" lat="36.814644"><ele>818.5</ele></trkpt>
   <trkpt lon="-4.346045" lat="36.814602"><ele>812.3</ele></trkpt>
   <trkpt lon="-4.345695" lat="36.814647"><ele>813.1</ele></trkpt>
   <trkpt lon="-4.345562" lat="36.814676"><ele>814.2</ele></trkpt>
   <trkpt lon="-4.344925" lat="36.814874"><ele>826.0</ele></trkpt>
   <trkpt lon="-4.344604" lat="36.815038"><ele>828.5</ele></trkpt>
   <trkpt lon="-4.344388" lat="36.815113"><ele>828.5</ele></trkpt>
   <trkpt lon="-4.343310" lat="36.815083"><ele>817.4</ele></trkpt>
   <trkpt lon="-4.343102" lat="36.815078"><ele>816.3</ele></trkpt>
   <trkpt lon="-4.342507" lat="36.814999"><ele>814.0</ele></trkpt>
   <trkpt lon="-4.340694" lat="36.815052"><ele>832.8</ele></trkpt>
   <trkpt lon="-4.340521" lat="36.814902"><ele>828.6</ele></trkpt>
   <trkpt lon="-4.340375" lat="36.814833"><ele>827.8</ele></trkpt>
   <trkpt lon="-4.339972" lat="36.814794"><ele>832.4</ele></trkpt>
   <trkpt lon="-4.339875" lat="36.814738"><ele>832.0</ele></trkpt>
   <trkpt lon="-4.339796" lat="36.814614"><ele>828.6</ele></trkpt>
   <trkpt lon="-4.339745" lat="36.814474"><ele>824.1</ele></trkpt>
   <trkpt lon="-4.339577" lat="36.814327"><ele>823.0</ele></trkpt>
   <trkpt lon="-4.339526" lat="36.814147"><ele>818.9</ele></trkpt>
   <trkpt lon="-4.339307" lat="36.813857"><ele>817.5</ele></trkpt>
   <trkpt lon="-4.339327" lat="36.813677"><ele>813.0</ele></trkpt>
   <trkpt lon="-4.339263" lat="36.813388"><ele>807.0</ele></trkpt>
   <trkpt lon="-4.339310" lat="36.813255"><ele>801.2</ele></trkpt>
   <trkpt lon="-4.339282" lat="36.813172"><ele>798.3</ele></trkpt>
   <trkpt lon="-4.339266" lat="36.813123"><ele>796.6</ele></trkpt>
   <trkpt lon="-4.338921" lat="36.812898"><ele>789.8</ele></trkpt>
   <trkpt lon="-4.338743" lat="36.812826"><ele>789.9</ele></trkpt>
   <trkpt lon="-4.337972" lat="36.812461"><ele>804.9</ele></trkpt>
   <trkpt lon="-4.337912" lat="36.812306"><ele>804.8</ele></trkpt>
   <trkpt lon="-4.338007" lat="36.812072"><ele>795.9</ele></trkpt>
   <trkpt lon="-4.337817" lat="36.811818"><ele>803.0</ele></trkpt>
   <trkpt lon="-4.337896" lat="36.811155"><ele>793.6</ele></trkpt>
   <trkpt lon="-4.338019" lat="36.810833"><ele>784.2</ele></trkpt>
   <trkpt lon="-4.338198" lat="36.810572"><ele>773.1</ele></trkpt>
   <trkpt lon="-4.338274" lat="36.810422"><ele>767.3</ele></trkpt>
   <trkpt lon="-4.338286" lat="36.810312"><ele>764.0</ele></trkpt>
   <trkpt lon="-4.338270" lat="36.810190"><ele>760.4</ele></trkpt>
   <trkpt lon="-4.338197" lat="36.810117"><ele>759.8</ele></trkpt>
   <trkpt lon="-4.337994" lat="36.810102"><ele>764.2</ele></trkpt>
   <trkpt lon="-4.337947" lat="36.810023"><ele>762.2</ele></trkpt>
   <trkpt lon="-4.337982" lat="36.809794"><ele>751.0</ele></trkpt>
   <trkpt lon="-4.337894" lat="36.809640"><ele>743.8</ele></trkpt>
   <trkpt lon="-4.337774" lat="36.809568"><ele>740.9</ele></trkpt>
   <trkpt lon="-4.337537" lat="36.809539"><ele>742.7</ele></trkpt>
   <trkpt lon="-4.337508" lat="36.809464"><ele>740.4</ele></trkpt>
   <trkpt lon="-4.338364" lat="36.809427"><ele>730.8</ele></trkpt>
   <trkpt lon="-4.338403" lat="36.809513"><ele>734.0</ele></trkpt>
   <trkpt lon="-4.338387" lat="36.809679"><ele>740.5</ele></trkpt>
   <trkpt lon="-4.338497" lat="36.809700"><ele>739.6</ele></trkpt>
   <trkpt lon="-4.339314" lat="36.809533"><ele>722.1</ele></trkpt>
   <trkpt lon="-4.339399" lat="36.809551"><ele>721.0</ele></trkpt>
   <trkpt lon="-4.339472" lat="36.809598"><ele>720.8</ele></trkpt>
   <trkpt lon="-4.339589" lat="36.809772"><ele>722.0</ele></trkpt>
   <trkpt lon="-4.339664" lat="36.809745"><ele>720.4</ele></trkpt>
   <trkpt lon="-4.339817" lat="36.809516"><ele>712.3</ele></trkpt>
   <trkpt lon="-4.339644" lat="36.809112"><ele>706.7</ele></trkpt>
   <trkpt lon="-4.339392" lat="36.809006"><ele>708.9</ele></trkpt>
   <trkpt lon="-4.339369" lat="36.808926"><ele>706.7</ele></trkpt>
   <trkpt lon="-4.339569" lat="36.808802"><ele>700.5</ele></trkpt>
   <trkpt lon="-4.339367" lat="36.808531"><ele>692.3</ele></trkpt>
   <trkpt lon="-4.339094" lat="36.808421"><ele>688.0</ele></trkpt>
   <trkpt lon="-4.338829" lat="36.808277"><ele>685.1</ele></trkpt>
   <trkpt lon="-4.338710" lat="36.808272"><ele>686.7</ele></trkpt>
   <trkpt lon="-4.338547" lat="36.808356"><ele>691.6</ele></trkpt>
   <trkpt lon="-4.338395" lat="36.808422"><ele>695.7</ele></trkpt>
   <trkpt lon="-4.338275" lat="36.808434"><ele>698.6</ele></trkpt>
   <trkpt lon="-4.338261" lat="36.808347"><ele>698.7</ele></trkpt>
   <trkpt lon="-4.338309" lat="36.808177"><ele>698.2</ele></trkpt>
   <trkpt lon="-4.338263" lat="36.807948"><ele>701.9</ele></trkpt>
   <trkpt lon="-4.338289" lat="36.807841"><ele>701.9</ele></trkpt>
   <trkpt lon="-4.338429" lat="36.807775"><ele>697.8</ele></trkpt>
   <trkpt lon="-4.338509" lat="36.807676"><ele>696.1</ele></trkpt>
   <trkpt lon="-4.338625" lat="36.807192"><ele>696.1</ele></trkpt>
   <trkpt lon="-4.338513" lat="36.806980"><ele>705.0</ele></trkpt>
   <trkpt lon="-4.338508" lat="36.806891"><ele>708.4</ele></trkpt>
   <trkpt lon="-4.338764" lat="36.806751"><ele>706.1</ele></trkpt>
   <trkpt lon="-4.338897" lat="36.806601"><ele>708.0</ele></trkpt>
   <trkpt lon="-4.339203" lat="36.806427"><ele>701.4</ele></trkpt>
   <trkpt lon="-4.339401" lat="36.806213"><ele>699.5</ele></trkpt>
   <trkpt lon="-4.339599" lat="36.806133"><ele>691.2</ele></trkpt>
   <trkpt lon="-4.339774" lat="36.806009"><ele>683.6</ele></trkpt>
   <trkpt lon="-4.339749" lat="36.805909"><ele>683.5</ele></trkpt>
   <trkpt lon="-4.339636" lat="36.805808"><ele>688.0</ele></trkpt>
   <trkpt lon="-4.339381" lat="36.805648"><ele>698.5</ele></trkpt>
   <trkpt lon="-4.339323" lat="36.805520"><ele>702.2</ele></trkpt>
   <trkpt lon="-4.339372" lat="36.805441"><ele>702.2</ele></trkpt>
   <trkpt lon="-4.339587" lat="36.805394"><ele>696.0</ele></trkpt>
   <trkpt lon="-4.340035" lat="36.805065"><ele>695.2</ele></trkpt>
   <trkpt lon="-4.340231" lat="36.805035"><ele>691.6</ele></trkpt>
   <trkpt lon="-4.340657" lat="36.804853"><ele>686.7</ele></trkpt>
   <trkpt lon="-4.340907" lat="36.804368"><ele>681.8</ele></trkpt>
   <trkpt lon="-4.341053" lat="36.803894"><ele>680.1</ele></trkpt>
   <trkpt lon="-4.341231" lat="36.803757"><ele>676.5</ele></trkpt>
   <trkpt lon="-4.341443" lat="36.803618"><ele>675.5</ele></trkpt>
   <trkpt lon="-4.341643" lat="36.803562"><ele>674.0</ele></trkpt>
   <trkpt lon="-4.342101" lat="36.803453"><ele>667.8</ele></trkpt>
   <trkpt lon="-4.342249" lat="36.803310"><ele>666.9</ele></trkpt>
   <trkpt lon="-4.342374" lat="36.803271"><ele>665.7</ele></trkpt>
   <trkpt lon="-4.342595" lat="36.803083"><ele>662.3</ele></trkpt>
   <trkpt lon="-4.343339" lat="36.802916"><ele>651.4</ele></trkpt>
   <trkpt lon="-4.343693" lat="36.802748"><ele>649.0</ele></trkpt>
   <trkpt lon="-4.344035" lat="36.802754"><ele>641.5</ele></trkpt>
   <trkpt lon="-4.344255" lat="36.802502"><ele>642.8</ele></trkpt>
   <trkpt lon="-4.344416" lat="36.802148"><ele>645.0</ele></trkpt>
   <trkpt lon="-4.344540" lat="36.802043"><ele>643.5</ele></trkpt>
   <trkpt lon="-4.344866" lat="36.801899"><ele>638.8</ele></trkpt>
   <trkpt lon="-4.345175" lat="36.801700"><ele>634.5</ele></trkpt>
   <trkpt lon="-4.345249" lat="36.801593"><ele>634.9</ele></trkpt>
   <trkpt lon="-4.345279" lat="36.801504"><ele>636.6</ele></trkpt>
   <trkpt lon="-4.345355" lat="36.801421"><ele>635.8</ele></trkpt>
   <trkpt lon="-4.345645" lat="36.801295"><ele>628.7</ele></trkpt>
   <trkpt lon="-4.346350" lat="36.801124"><ele>609.2</ele></trkpt>
   <trkpt lon="-4.346670" lat="36.801017"><ele>598.1</ele></trkpt>
   <trkpt lon="-4.346656" lat="36.800944"><ele>597.0</ele></trkpt>
   <trkpt lon="-4.346588" lat="36.800879"><ele>597.7</ele></trkpt>
   <trkpt lon="-4.346427" lat="36.800777"><ele>602.3</ele></trkpt>
   <trkpt lon="-4.346588" lat="36.800879"><ele>597.7</ele></trkpt>
   <trkpt lon="-4.346656" lat="36.800944"><ele>597.0</ele></trkpt>
   <trkpt lon="-4.346670" lat="36.801017"><ele>598.1</ele></trkpt>
   <trkpt lon="-4.346350" lat="36.801124"><ele>609.2</ele></trkpt>
   <trkpt lon="-4.345645" lat="36.801295"><ele>628.7</ele></trkpt>
   <trkpt lon="-4.345355" lat="36.801421"><ele>635.8</ele></trkpt>
   <trkpt lon="-4.345279" lat="36.801504"><ele>636.6</ele></trkpt>
   <trkpt lon="-4.345249" lat="36.801593"><ele>634.9</ele></trkpt>
   <trkpt lon="-4.345175" lat="36.801700"><ele>634.5</ele></trkpt>
   <trkpt lon="-4.344866" lat="36.801899"><ele>638.8</ele></trkpt>
   <trkpt lon="-4.344540" lat="36.802043"><ele>643.5</ele></trkpt>
   <trkpt lon="-4.344416" lat="36.802148"><ele>645.0</ele></trkpt>
   <trkpt lon="-4.344255" lat="36.802502"><ele>642.8</ele></trkpt>
   <trkpt lon="-4.344035" lat="36.802754"><ele>641.5</ele></trkpt>
   <trkpt lon="-4.343693" lat="36.802748"><ele>649.0</ele></trkpt>
   <trkpt lon="-4.343339" lat="36.802916"><ele>651.4</ele></trkpt>
   <trkpt lon="-4.342595" lat="36.803083"><ele>662.3</ele></trkpt>
   <trkpt lon="-4.342374" lat="36.803271"><ele>665.7</ele></trkpt>
   <trkpt lon="-4.342249" lat="36.803310"><ele>666.9</ele></trkpt>
   <trkpt lon="-4.342101" lat="36.803453"><ele>667.8</ele></trkpt>
   <trkpt lon="-4.341643" lat="36.803562"><ele>674.0</ele></trkpt>
   <trkpt lon="-4.341443" lat="36.803618"><ele>675.5</ele></trkpt>
   <trkpt lon="-4.341231" lat="36.803757"><ele>676.5</ele></trkpt>
   <trkpt lon="-4.341053" lat="36.803894"><ele>680.1</ele></trkpt>
   <trkpt lon="-4.340907" lat="36.804368"><ele>681.8</ele></trkpt>
   <trkpt lon="-4.340657" lat="36.804853"><ele>686.7</ele></trkpt>
   <trkpt lon="-4.340231" lat="36.805035"><ele>691.6</ele></trkpt>
   <trkpt lon="-4.340035" lat="36.805065"><ele>695.2</ele></trkpt>
   <trkpt lon="-4.339587" lat="36.805394"><ele>696.0</ele></trkpt>
   <trkpt lon="-4.339372" lat="36.805441"><ele>702.2</ele></trkpt>
   <trkpt lon="-4.339323" lat="36.805520"><ele>702.2</ele></trkpt>
   <trkpt lon="-4.339381" lat="36.805648"><ele>698.5</ele></trkpt>
   <trkpt lon="-4.339636" lat="36.805808"><ele>688.0</ele></trkpt>
   <trkpt lon="-4.339749" lat="36.805909"><ele>683.5</ele></trkpt>
   <trkpt lon="-4.339774" lat="36.806009"><ele>683.6</ele></trkpt>
   <trkpt lon="-4.339599" lat="36.806133"><ele>691.2</ele></trkpt>
   <trkpt lon="-4.339401" lat="36.806213"><ele>699.5</ele></trkpt>
   <trkpt lon="-4.339203" lat="36.806427"><ele>701.4</ele></trkpt>
   <trkpt lon="-4.338897" lat="36.806601"><ele>708.0</ele></trkpt>
   <trkpt lon="-4.338764" lat="36.806751"><ele>706.1</ele></trkpt>
   <trkpt lon="-4.338508" lat="36.806891"><ele>708.4</ele></trkpt>
   <trkpt lon="-4.338513" lat="36.806980"><ele>705.0</ele></trkpt>
   <trkpt lon="-4.338625" lat="36.807192"><ele>696.1</ele></trkpt>
   <trkpt lon="-4.338509" lat="36.807676"><ele>696.1</ele></trkpt>
   <trkpt lon="-4.338429" lat="36.807775"><ele>697.8</ele></trkpt>
   <trkpt lon="-4.338289" lat="36.807841"><ele>701.9</ele></trkpt>
   <trkpt lon="-4.338263" lat="36.807948"><ele>701.9</ele></trkpt>
   <trkpt lon="-4.338309" lat="36.808177"><ele>698.2</ele></trkpt>
   <trkpt lon="-4.338261" lat="36.808347"><ele>698.7</ele></trkpt>
   <trkpt lon="-4.338275" lat="36.808434"><ele>698.6</ele></trkpt>
   <trkpt lon="-4.338395" lat="36.808422"><ele>695.7</ele></trkpt>
   <trkpt lon="-4.338547" lat="36.808356"><ele>691.6</ele></trkpt>
   <trkpt lon="-4.338710" lat="36.808272"><ele>686.7</ele></trkpt>
   <trkpt lon="-4.338829" lat="36.808277"><ele>685.1</ele></trkpt>
   <trkpt lon="-4.339094" lat="36.808421"><ele>688.0</ele></trkpt>
   <trkpt lon="-4.339367" lat="36.808531"><ele>692.3</ele></trkpt>
   <trkpt lon="-4.339569" lat="36.808802"><ele>700.5</ele></trkpt>
   <trkpt lon="-4.339369" lat="36.808926"><ele>706.7</ele></trkpt>
   <trkpt lon="-4.339392" lat="36.809006"><ele>708.9</ele></trkpt>
   <trkpt lon="-4.339644" lat="36.809112"><ele>706.7</ele></trkpt>
   <trkpt lon="-4.339817" lat="36.809516"><ele>712.3</ele></trkpt>
   <trkpt lon="-4.339664" lat="36.809745"><ele>720.4</ele></trkpt>
   <trkpt lon="-4.339589" lat="36.809772"><ele>722.0</ele></trkpt>
   <trkpt lon="-4.339472" lat="36.809598"><ele>720.8</ele></trkpt>
   <trkpt lon="-4.339399" lat="36.809551"><ele>721.0</ele></trkpt>
   <trkpt lon="-4.339314" lat="36.809533"><ele>722.1</ele></trkpt>
   <trkpt lon="-4.338497" lat="36.809700"><ele>739.6</ele></trkpt>
   <trkpt lon="-4.338387" lat="36.809679"><ele>740.5</ele></trkpt>
   <trkpt lon="-4.338403" lat="36.809513"><ele>734.0</ele></trkpt>
   <trkpt lon="-4.338364" lat="36.809427"><ele>730.8</ele></trkpt>
   <trkpt lon="-4.337508" lat="36.809464"><ele>740.4</ele></trkpt>
   <trkpt lon="-4.337537" lat="36.809539"><ele>742.7</ele></trkpt>
   <trkpt lon="-4.337774" lat="36.809568"><ele>740.9</ele></trkpt>
   <trkpt lon="-4.337894" lat="36.809640"><ele>743.8</ele></trkpt>
   <trkpt lon="-4.337982" lat="36.809794"><ele>751.0</ele></trkpt>
   <trkpt lon="-4.337947" lat="36.810023"><ele>762.2</ele></trkpt>
   <trkpt lon="-4.337994" lat="36.810102"><ele>764.2</ele></trkpt>
   <trkpt lon="-4.338197" lat="36.810117"><ele>759.8</ele></trkpt>
   <trkpt lon="-4.338270" lat="36.810190"><ele>760.4</ele></trkpt>
   <trkpt lon="-4.338286" lat="36.810312"><ele>764.0</ele></trkpt>
   <trkpt lon="-4.338274" lat="36.810422"><ele>767.3</ele></trkpt>
   <trkpt lon="-4.338198" lat="36.810572"><ele>773.1</ele></trkpt>
   <trkpt lon="-4.338019" lat="36.810833"><ele>784.2</ele></trkpt>
   <trkpt lon="-4.337896" lat="36.811155"><ele>793.6</ele></trkpt>
   <trkpt lon="-4.337817" lat="36.811818"><ele>803.0</ele></trkpt>
   <trkpt lon="-4.338007" lat="36.812072"><ele>795.9</ele></trkpt>
   <trkpt lon="-4.337912" lat="36.812306"><ele>804.8</ele></trkpt>
   <trkpt lon="-4.337972" lat="36.812461"><ele>804.9</ele></trkpt>
   <trkpt lon="-4.338743" lat="36.812826"><ele>789.9</ele></trkpt>
   <trkpt lon="-4.338921" lat="36.812898"><ele>789.8</ele></trkpt>
   <trkpt lon="-4.339266" lat="36.813123"><ele>796.6</ele></trkpt>
   <trkpt lon="-4.339282" lat="36.813172"><ele>798.3</ele></trkpt>
   <trkpt lon="-4.339310" lat="36.813255"><ele>801.2</ele></trkpt>
   <trkpt lon="-4.339263" lat="36.813388"><ele>807.0</ele></trkpt>
   <trkpt lon="-4.339327" lat="36.813677"><ele>813.0</ele></trkpt>
   <trkpt lon="-4.339307" lat="36.813857"><ele>817.5</ele></trkpt>
   <trkpt lon="-4.339526" lat="36.814147"><ele>818.9</ele></trkpt>
   <trkpt lon="-4.339577" lat="36.814327"><ele>823.0</ele></trkpt>
   <trkpt lon="-4.339745" lat="36.814474"><ele>824.1</ele></trkpt>
   <trkpt lon="-4.339796" lat="36.814614"><ele>828.6</ele></trkpt>
   <trkpt lon="-4.339875" lat="36.814738"><ele>832.0</ele></trkpt>
   <trkpt lon="-4.339972" lat="36.814794"><ele>832.4</ele></trkpt>
   <trkpt lon="-4.340375" lat="36.814833"><ele>827.8</ele></trkpt>
   <trkpt lon="-4.340521" lat="36.814902"><ele>828.6</ele></trkpt>
   <trkpt lon="-4.340694" lat="36.815052"><ele>832.8</ele></trkpt>
   <trkpt lon="-4.342507" lat="36.814999"><ele>814.0</ele></trkpt>
   <trkpt lon="-4.343102" lat="36.815078"><ele>816.3</ele></trkpt>
   <trkpt lon="-4.343310" lat="36.815083"><ele>817.4</ele></trkpt>
   <trkpt lon="-4.344388" lat="36.815113"><ele>828.5</ele></trkpt>
   <trkpt lon="-4.344604" lat="36.815038"><ele>828.5</ele></trkpt>
   <trkpt lon="-4.344925" lat="36.814874"><ele>826.0</ele></trkpt>
   <trkpt lon="-4.345562" lat="36.814676"><ele>814.2</ele></trkpt>
   <trkpt lon="-4.345695" lat="36.814647"><ele>813.1</ele></trkpt>
   <trkpt lon="-4.346045" lat="36.814602"><ele>812.3</ele></trkpt>
   <trkpt lon="-4.346768" lat="36.814644"><ele>818.5</ele></trkpt>
   <trkpt lon="-4.346951" lat="36.814605"><ele>818.0</ele></trkpt>
   <trkpt lon="-4.347343" lat="36.814417"><ele>813.5</ele></trkpt>
   <trkpt lon="-4.347506" lat="36.814394"><ele>816.5</ele></trkpt>
   <trkpt lon="-4.348020" lat="36.814449"><ele>828.7</ele></trkpt>
   <trkpt lon="-4.348411" lat="36.814628"><ele>835.5</ele></trkpt>
   <trkpt lon="-4.348897" lat="36.814729"><ele>836.7</ele></trkpt>
   <trkpt lon="-4.349038" lat="36.814775"><ele>839.0</ele></trkpt>
   <trkpt lon="-4.349508" lat="36.814917"><ele>843.1</ele></trkpt>
   <trkpt lon="-4.349723" lat="36.815008"><ele>845.6</ele></trkpt>
   <trkpt lon="-4.349953" lat="36.815155"><ele>856.7</ele></trkpt>
   <trkpt lon="-4.350047" lat="36.815270"><ele>855.0</ele></trkpt>
   <trkpt lon="-4.350117" lat="36.815515"><ele>851.4</ele></trkpt>
   <trkpt lon="-4.350219" lat="36.815741"><ele>848.1</ele></trkpt>
   <trkpt lon="-4.350361" lat="36.815865"><ele>849.1</ele></trkpt>
   <trkpt lon="-4.350566" lat="36.815961"><ele>854.9</ele></trkpt>
   <trkpt lon="-4.350889" lat="36.816011"><ele>863.6</ele></trkpt>
   <trkpt lon="-4.351205" lat="36.816003"><ele>871.0</ele></trkpt>
   <trkpt lon="-4.351523" lat="36.815920"><ele>878.4</ele></trkpt>
   <trkpt lon="-4.351677" lat="36.815940"><ele>878.1</ele></trkpt>
   <trkpt lon="-4.351797" lat="36.816003"><ele>875.5</ele></trkpt>
   <trkpt lon="-4.352089" lat="36.816256"><ele>868.5</ele></trkpt>
   <trkpt lon="-4.352122" lat="36.816372"><ele>866.1</ele></trkpt>
   <trkpt lon="-4.352076" lat="36.816534"><ele>860.1</ele></trkpt>
   <trkpt lon="-4.352056" lat="36.816683"><ele>858.2</ele></trkpt>
   <trkpt lon="-4.352094" lat="36.816844"><ele>858.9</ele></trkpt>
   <trkpt lon="-4.352163" lat="36.816940"><ele>861.8</ele></trkpt>
   <trkpt lon="-4.352343" lat="36.817108"><ele>868.9</ele></trkpt>
   <trkpt lon="-4.352350" lat="36.817237"><ele>868.9</ele></trkpt>
   <trkpt lon="-4.352068" lat="36.817492"><ele>860.2</ele></trkpt>
   <trkpt lon="-4.351849" lat="36.817785"><ele>863.1</ele></trkpt>
   <trkpt lon="-4.351697" lat="36.817912"><ele>863.2</ele></trkpt>
   <trkpt lon="-4.351686" lat="36.818021"><ele>865.1</ele></trkpt>
   <trkpt lon="-4.351757" lat="36.818114"><ele>869.1</ele></trkpt>
   <trkpt lon="-4.351997" lat="36.818245"><ele>876.9</ele></trkpt>
   <trkpt lon="-4.352451" lat="36.818369"><ele>885.7</ele></trkpt>
   <trkpt lon="-4.352740" lat="36.818500"><ele>888.4</ele></trkpt>
   <trkpt lon="-4.353107" lat="36.818745"><ele>888.3</ele></trkpt>
   <trkpt lon="-4.353179" lat="36.818843"><ele>886.5</ele></trkpt>
   <trkpt lon="-4.353254" lat="36.819291"><ele>881.2</ele></trkpt>
   <trkpt lon="-4.353230" lat="36.819476"><ele>881.8</ele></trkpt>
   <trkpt lon="-4.353152" lat="36.819646"><ele>881.7</ele></trkpt>
   <trkpt lon="-4.353007" lat="36.819910"><ele>885.5</ele></trkpt>
   <trkpt lon="-4.352999" lat="36.820014"><ele>886.2</ele></trkpt>
   <trkpt lon="-4.353041" lat="36.820170"><ele>889.0</ele></trkpt>
   <trkpt lon="-4.353224" lat="36.820333"><ele>894.9</ele></trkpt>
   <trkpt lon="-4.353341" lat="36.820396"><ele>898.5</ele></trkpt>
   <trkpt lon="-4.353455" lat="36.820398"><ele>900.2</ele></trkpt>
   <trkpt lon="-4.353458" lat="36.820450"><ele>900.0</ele></trkpt>
   <trkpt lon="-4.353485" lat="36.821047"><ele>900.8</ele></trkpt>
   <trkpt lon="-4.353646" lat="36.821988"><ele>896.1</ele></trkpt>
   <trkpt lon="-4.353778" lat="36.822310"><ele>899.3</ele></trkpt>
   <trkpt lon="-4.353818" lat="36.822551"><ele>897.8</ele></trkpt>
   <trkpt lon="-4.353819" lat="36.822632"><ele>896.9</ele></trkpt>
   <trkpt lon="-4.353836" lat="36.823664"><ele>895.3</ele></trkpt>
   <trkpt lon="-4.353880" lat="36.824328"><ele>893.9</ele></trkpt>
   <trkpt lon="-4.353800" lat="36.824575"><ele>890.7</ele></trkpt>
   <trkpt lon="-4.353609" lat="36.825002"><ele>888.0</ele></trkpt>
   <trkpt lon="-4.353515" lat="36.825263"><ele>888.7</ele></trkpt>
   <trkpt lon="-4.353544" lat="36.825458"><ele>891.8</ele></trkpt>
   <trkpt lon="-4.353579" lat="36.825551"><ele>893.4</ele></trkpt>
   <trkpt lon="-4.353685" lat="36.825765"><ele>897.2</ele></trkpt>
   <trkpt lon="-4.353755" lat="36.825935"><ele>897.5</ele></trkpt>
   <trkpt lon="-4.353800" lat="36.826045"><ele>897.5</ele></trkpt>
   <trkpt lon="-4.353860" lat="36.826385"><ele>896.8</ele></trkpt>
   <trkpt lon="-4.353843" lat="36.826689"><ele>894.5</ele></trkpt>
   <trkpt lon="-4.353835" lat="36.827184"><ele>893.3</ele></trkpt>
   <trkpt lon="-4.353944" lat="36.827598"><ele>896.8</ele></trkpt>
   <trkpt lon="-4.353970" lat="36.827949"><ele>898.6</ele></trkpt>
   <trkpt lon="-4.353805" lat="36.828478"><ele>900.6</ele></trkpt>
   <trkpt lon="-4.353876" lat="36.828902"><ele>902.3</ele></trkpt>
   <trkpt lon="-4.353924" lat="36.829320"><ele>902.4</ele></trkpt>
   <trkpt lon="-4.353977" lat="36.829661"><ele>904.8</ele></trkpt>
   <trkpt lon="-4.353881" lat="36.830278"><ele>904.0</ele></trkpt>
   <trkpt lon="-4.353962" lat="36.830995"><ele>908.7</ele></trkpt>
   <trkpt lon="-4.353897" lat="36.831254"><ele>907.3</ele></trkpt>
   <trkpt lon="-4.353807" lat="36.831489"><ele>908.5</ele></trkpt>
   <trkpt lon="-4.353774" lat="36.831645"><ele>910.1</ele></trkpt>
   <trkpt lon="-4.353873" lat="36.831834"><ele>918.0</ele></trkpt>
   <trkpt lon="-4.354150" lat="36.832309"><ele>923.4</ele></trkpt>
   <trkpt lon="-4.354772" lat="36.832948"><ele>934.3</ele></trkpt>
   <trkpt lon="-4.354889" lat="36.833090"><ele>935.3</ele></trkpt>
   <trkpt lon="-4.354976" lat="36.833470"><ele>934.3</ele></trkpt>
   <trkpt lon="-4.354966" lat="36.833844"><ele>935.5</ele></trkpt>
   <trkpt lon="-4.354865" lat="36.834135"><ele>935.6</ele></trkpt>
   <trkpt lon="-4.354637" lat="36.834555"><ele>932.3</ele></trkpt>
   <trkpt lon="-4.354565" lat="36.834739"><ele>932.3</ele></trkpt>
   <trkpt lon="-4.354497" lat="36.835062"><ele>934.5</ele></trkpt>
   <trkpt lon="-4.354362" lat="36.835295"><ele>932.6</ele></trkpt>
   <trkpt lon="-4.354000" lat="36.835837"><ele>929.0</ele></trkpt>
   <trkpt lon="-4.353785" lat="36.836248"><ele>930.5</ele></trkpt>
   <trkpt lon="-4.353675" lat="36.836711"><ele>930.5</ele></trkpt>
   <trkpt lon="-4.353509" lat="36.837079"><ele>927.7</ele></trkpt>
   <trkpt lon="-4.353501" lat="36.837312"><ele>931.8</ele></trkpt>
   <trkpt lon="-4.353571" lat="36.837647"><ele>934.8</ele></trkpt>
   <trkpt lon="-4.353551" lat="36.837813"><ele>934.4</ele></trkpt>
   <trkpt lon="-4.353459" lat="36.837986"><ele>930.8</ele></trkpt>
   <trkpt lon="-4.353219" lat="36.838251"><ele>928.7</ele></trkpt>
   <trkpt lon="-4.353157" lat="36.838360"><ele>929.7</ele></trkpt>
   <trkpt lon="-4.353117" lat="36.838481"><ele>929.9</ele></trkpt>
   <trkpt lon="-4.353088" lat="36.838783"><ele>933.1</ele></trkpt>
   <trkpt lon="-4.353050" lat="36.838976"><ele>933.8</ele></trkpt>
   <trkpt lon="-4.352970" lat="36.839128"><ele>935.7</ele></trkpt>
   <trkpt lon="-4.352837" lat="36.839187"><ele>934.0</ele></trkpt>
   <trkpt lon="-4.352178" lat="36.839347"><ele>925.9</ele></trkpt>
   <trkpt lon="-4.351668" lat="36.839541"><ele>926.9</ele></trkpt>
   <trkpt lon="-4.351360" lat="36.839589"><ele>928.3</ele></trkpt>
   <trkpt lon="-4.350908" lat="36.839546"><ele>923.0</ele></trkpt>
   <trkpt lon="-4.350464" lat="36.839565"><ele>918.5</ele></trkpt>
   <trkpt lon="-4.349303" lat="36.839669"><ele>914.1</ele></trkpt>
   <trkpt lon="-4.348963" lat="36.839689"><ele>912.1</ele></trkpt>
   <trkpt lon="-4.347780" lat="36.839766"><ele>912.9</ele></trkpt>
   <trkpt lon="-4.347425" lat="36.839756"><ele>909.7</ele></trkpt>
   <trkpt lon="-4.347075" lat="36.839805"><ele>906.5</ele></trkpt>
   <trkpt lon="-4.346872" lat="36.839858"><ele>905.6</ele></trkpt>
   <trkpt lon="-4.346781" lat="36.839954"><ele>907.9</ele></trkpt>
   <trkpt lon="-4.346798" lat="36.840061"><ele>911.6</ele></trkpt>
   <trkpt lon="-4.347201" lat="36.840403"><ele>917.2</ele></trkpt>
   <trkpt lon="-4.347324" lat="36.840535"><ele>914.6</ele></trkpt>
   <trkpt lon="-4.347632" lat="36.841110"><ele>904.6</ele></trkpt>
   <trkpt lon="-4.347754" lat="36.841467"><ele>901.4</ele></trkpt>
   <trkpt lon="-4.348030" lat="36.841687"><ele>907.8</ele></trkpt>
   <trkpt lon="-4.348349" lat="36.841820"><ele>912.0</ele></trkpt>
   <trkpt lon="-4.348415" lat="36.841903"><ele>909.9</ele></trkpt>
   <trkpt lon="-4.348602" lat="36.842139"><ele>904.3</ele></trkpt>
   <trkpt lon="-4.348721" lat="36.842402"><ele>899.8</ele></trkpt>
   <trkpt lon="-4.348814" lat="36.842896"><ele>892.5</ele></trkpt>
   <trkpt lon="-4.348960" lat="36.843121"><ele>893.5</ele></trkpt>
   <trkpt lon="-4.349198" lat="36.843405"><ele>892.0</ele></trkpt>
   <trkpt lon="-4.349282" lat="36.843619"><ele>887.7</ele></trkpt>
   <trkpt lon="-4.349341" lat="36.843851"><ele>884.1</ele></trkpt>
   <trkpt lon="-4.349302" lat="36.844041"><ele>881.2</ele></trkpt>
   <trkpt lon="-4.348926" lat="36.844569"><ele>872.6</ele></trkpt>
   <trkpt lon="-4.348841" lat="36.844785"><ele>870.9</ele></trkpt>
   <trkpt lon="-4.348838" lat="36.844974"><ele>868.7</ele></trkpt>
   <trkpt lon="-4.348982" lat="36.845260"><ele>869.8</ele></trkpt>
   <trkpt lon="-4.349370" lat="36.845643"><ele>874.6</ele></trkpt>
   <trkpt lon="-4.349635" lat="36.845976"><ele>870.3</ele></trkpt>
   <trkpt lon="-4.349672" lat="36.846258"><ele>862.1</ele></trkpt>
   <trkpt lon="-4.349602" lat="36.846862"><ele>852.8</ele></trkpt>
   <trkpt lon="-4.349863" lat="36.847845"><ele>855.0</ele></trkpt>
   <trkpt lon="-4.349863" lat="36.847878"><ele>854.6</ele></trkpt>
   <trkpt lon="-4.349867" lat="36.848144"><ele>854.1</ele></trkpt>
   <trkpt lon="-4.349871" lat="36.848436"><ele>856.3</ele></trkpt>
   <trkpt lon="-4.349784" lat="36.848904"><ele>857.5</ele></trkpt>
   <trkpt lon="-4.349813" lat="36.848992"><ele>858.2</ele></trkpt>
   <trkpt lon="-4.349863" lat="36.849143"><ele>859.1</ele></trkpt>
   <trkpt lon="-4.349983" lat="36.849352"><ele>858.8</ele></trkpt>
   <trkpt lon="-4.350087" lat="36.849727"><ele>862.7</ele></trkpt>
   <trkpt lon="-4.350311" lat="36.850434"><ele>868.2</ele></trkpt>
   <trkpt lon="-4.350240" lat="36.850647"><ele>867.7</ele></trkpt>
   <trkpt lon="-4.350234" lat="36.850712"><ele>866.4</ele></trkpt>
   <trkpt lon="-4.350220" lat="36.850856"><ele>863.4</ele></trkpt>
   <trkpt lon="-4.350348" lat="36.852432"><ele>852.6</ele></trkpt>
   <trkpt lon="-4.350257" lat="36.852628"><ele>852.4</ele></trkpt>
   <trkpt lon="-4.350025" lat="36.853040"><ele>861.3</ele></trkpt>
   <trkpt lon="-4.350013" lat="36.853268"><ele>865.3</ele></trkpt>
   <trkpt lon="-4.350058" lat="36.853498"><ele>866.6</ele></trkpt>
   <trkpt lon="-4.350161" lat="36.853786"><ele>865.1</ele></trkpt>
   <trkpt lon="-4.350232" lat="36.853939"><ele>863.3</ele></trkpt>
   <trkpt lon="-4.350531" lat="36.854407"><ele>864.1</ele></trkpt>
   <trkpt lon="-4.350564" lat="36.854633"><ele>861.8</ele></trkpt>
   <trkpt lon="-4.350507" lat="36.854854"><ele>859.2</ele></trkpt>
   <trkpt lon="-4.350394" lat="36.855121"><ele>858.1</ele></trkpt>
   <trkpt lon="-4.350307" lat="36.855589"><ele>860.9</ele></trkpt>
   <trkpt lon="-4.350193" lat="36.855955"><ele>865.5</ele></trkpt>
   <trkpt lon="-4.350110" lat="36.856181"><ele>869.5</ele></trkpt>
   <trkpt lon="-4.350016" lat="36.856336"><ele>872.2</ele></trkpt>
   <trkpt lon="-4.349909" lat="36.856458"><ele>865.9</ele></trkpt>
   <trkpt lon="-4.349569" lat="36.856760"><ele>871.6</ele></trkpt>
   <trkpt lon="-4.349395" lat="36.857131"><ele>880.5</ele></trkpt>
   <trkpt lon="-4.349121" lat="36.858000"><ele>886.3</ele></trkpt>
   <trkpt lon="-4.349083" lat="36.858203"><ele>886.4</ele></trkpt>
   <trkpt lon="-4.349067" lat="36.858378"><ele>885.9</ele></trkpt>
   <trkpt lon="-4.348945" lat="36.858618"><ele>886.5</ele></trkpt>
   <trkpt lon="-4.348653" lat="36.859006"><ele>884.5</ele></trkpt>
   <trkpt lon="-4.348535" lat="36.859315"><ele>880.0</ele></trkpt>
   <trkpt lon="-4.348531" lat="36.859674"><ele>873.6</ele></trkpt>
   <trkpt lon="-4.348538" lat="36.860009"><ele>869.3</ele></trkpt>
   <trkpt lon="-4.348492" lat="36.860516"><ele>862.5</ele></trkpt>
   <trkpt lon="-4.348523" lat="36.860763"><ele>860.6</ele></trkpt>
   <trkpt lon="-4.348872" lat="36.861593"><ele>855.0</ele></trkpt>
   <trkpt lon="-4.348984" lat="36.862044"><ele>849.7</ele></trkpt>
   <trkpt lon="-4.348942" lat="36.862522"><ele>843.2</ele></trkpt>
   <trkpt lon="-4.348870" lat="36.862791"><ele>840.0</ele></trkpt>
   <trkpt lon="-4.348645" lat="36.863199"><ele>834.0</ele></trkpt>
   <trkpt lon="-4.348607" lat="36.863372"><ele>834.2</ele></trkpt>
   <trkpt lon="-4.348562" lat="36.863868"><ele>833.2</ele></trkpt>
   <trkpt lon="-4.348533" lat="36.863986"><ele>832.0</ele></trkpt>
   <trkpt lon="-4.348406" lat="36.864224"><ele>828.8</ele></trkpt>
   <trkpt lon="-4.348225" lat="36.864458"><ele>825.7</ele></trkpt>
   <trkpt lon="-4.347975" lat="36.864854"><ele>827.6</ele></trkpt>
   <trkpt lon="-4.347771" lat="36.865216"><ele>834.9</ele></trkpt>
   <trkpt lon="-4.347582" lat="36.865657"><ele>837.9</ele></trkpt>
   <trkpt lon="-4.347520" lat="36.866142"><ele>832.1</ele></trkpt>
   <trkpt lon="-4.347565" lat="36.866299"><ele>832.2</ele></trkpt>
   <trkpt lon="-4.347665" lat="36.866399"><ele>832.5</ele></trkpt>
   <trkpt lon="-4.347785" lat="36.866501"><ele>833.6</ele></trkpt>
   <trkpt lon="-4.347888" lat="36.866633"><ele>835.4</ele></trkpt>
   <trkpt lon="-4.347900" lat="36.866754"><ele>836.4</ele></trkpt>
   <trkpt lon="-4.347876" lat="36.866868"><ele>836.9</ele></trkpt>
   <trkpt lon="-4.347752" lat="36.867046"><ele>835.7</ele></trkpt>
   <trkpt lon="-4.347565" lat="36.867341"><ele>827.5</ele></trkpt>
   <trkpt lon="-4.347472" lat="36.867755"><ele>817.6</ele></trkpt>
   <trkpt lon="-4.347336" lat="36.868045"><ele>819.6</ele></trkpt>
   <trkpt lon="-4.346923" lat="36.868642"><ele>810.2</ele></trkpt>
   <trkpt lon="-4.346830" lat="36.868866"><ele>810.9</ele></trkpt>
   <trkpt lon="-4.346900" lat="36.869181"><ele>814.4</ele></trkpt>
   <trkpt lon="-4.346939" lat="36.869447"><ele>812.6</ele></trkpt>
   <trkpt lon="-4.346906" lat="36.869779"><ele>809.5</ele></trkpt>
   <trkpt lon="-4.346842" lat="36.870036"><ele>808.3</ele></trkpt>
   <trkpt lon="-4.346913" lat="36.870599"><ele>808.6</ele></trkpt>
   <trkpt lon="-4.346836" lat="36.870943"><ele>804.9</ele></trkpt>
   <trkpt lon="-4.346968" lat="36.871210"><ele>808.6</ele></trkpt>
   <trkpt lon="-4.347281" lat="36.871594"><ele>808.7</ele></trkpt>
   <trkpt lon="-4.347392" lat="36.871904"><ele>802.2</ele></trkpt>
   <trkpt lon="-4.347640" lat="36.872816"><ele>793.3</ele></trkpt>
   <trkpt lon="-4.347724" lat="36.873157"><ele>790.9</ele></trkpt>
   <trkpt lon="-4.347740" lat="36.873454"><ele>788.5</ele></trkpt>
   <trkpt lon="-4.347651" lat="36.873719"><ele>786.9</ele></trkpt>
   <trkpt lon="-4.347593" lat="36.873893"><ele>786.9</ele></trkpt>
   <trkpt lon="-4.347572" lat="36.874049"><ele>788.0</ele></trkpt>
   <trkpt lon="-4.347806" lat="36.874596"><ele>793.7</ele></trkpt>
   <trkpt lon="-4.347937" lat="36.875003"><ele>793.6</ele></trkpt>
   <trkpt lon="-4.347892" lat="36.875455"><ele>791.1</ele></trkpt>
   <trkpt lon="-4.347728" lat="36.875817"><ele>794.2</ele></trkpt>
   <trkpt lon="-4.347624" lat="36.875907"><ele>794.5</ele></trkpt>
   <trkpt lon="-4.347509" lat="36.875986"><ele>795.1</ele></trkpt>
   <trkpt lon="-4.347065" lat="36.876221"><ele>796.3</ele></trkpt>
   <trkpt lon="-4.346554" lat="36.876705"><ele>803.4</ele></trkpt>
   <trkpt lon="-4.346277" lat="36.876824"><ele>807.0</ele></trkpt>
   <trkpt lon="-4.345822" lat="36.876895"><ele>808.8</ele></trkpt>
   <trkpt lon="-4.345552" lat="36.876959"><ele>809.0</ele></trkpt>
   <trkpt lon="-4.345187" lat="36.877066"><ele>808.9</ele></trkpt>
   <trkpt lon="-4.344799" lat="36.877309"><ele>812.6</ele></trkpt>
   <trkpt lon="-4.344723" lat="36.877330"><ele>812.5</ele></trkpt>
   <trkpt lon="-4.344476" lat="36.877399"><ele>812.5</ele></trkpt>
   <trkpt lon="-4.343794" lat="36.877545"><ele>815.5</ele></trkpt>
   <trkpt lon="-4.343202" lat="36.877876"><ele>812.6</ele></trkpt>
   <trkpt lon="-4.342373" lat="36.878541"><ele>831.7</ele></trkpt>
   <trkpt lon="-4.341584" lat="36.878903"><ele>834.1</ele></trkpt>
   <trkpt lon="-4.341175" lat="36.879143"><ele>823.5</ele></trkpt>
   <trkpt lon="-4.341066" lat="36.879326"><ele>817.6</ele></trkpt>
   <trkpt lon="-4.340964" lat="36.879727"><ele>811.5</ele></trkpt>
   <trkpt lon="-4.340478" lat="36.880239"><ele>804.9</ele></trkpt>
   <trkpt lon="-4.339624" lat="36.880642"><ele>802.4</ele></trkpt>
   <trkpt lon="-4.339002" lat="36.880757"><ele>808.1</ele></trkpt>
   <trkpt lon="-4.338926" lat="36.880800"><ele>809.7</ele></trkpt>
   <trkpt lon="-4.338869" lat="36.880833"><ele>810.9</ele></trkpt>
   <trkpt lon="-4.338508" lat="36.881179"><ele>814.0</ele></trkpt>
   <trkpt lon="-4.338447" lat="36.881303"><ele>814.2</ele></trkpt>
   <trkpt lon="-4.338458" lat="36.881397"><ele>814.4</ele></trkpt>
   <trkpt lon="-4.338793" lat="36.881759"><ele>809.0</ele></trkpt>
   <trkpt lon="-4.338908" lat="36.881964"><ele>807.4</ele></trkpt>
   <trkpt lon="-4.339315" lat="36.883019"><ele>788.2</ele></trkpt>
   <trkpt lon="-4.339358" lat="36.883124"><ele>786.8</ele></trkpt>
   <trkpt lon="-4.339522" lat="36.883279"><ele>784.9</ele></trkpt>
   <trkpt lon="-4.339685" lat="36.883382"><ele>785.7</ele></trkpt>
   <trkpt lon="-4.340407" lat="36.883639"><ele>782.1</ele></trkpt>
   <trkpt lon="-4.340768" lat="36.883835"><ele>782.7</ele></trkpt>
   <trkpt lon="-4.341362" lat="36.884310"><ele>783.3</ele></trkpt>
   <trkpt lon="-4.341718" lat="36.884416"><ele>788.3</ele></trkpt>
   <trkpt lon="-4.342433" lat="36.884634"><ele>789.8</ele></trkpt>
   <trkpt lon="-4.342678" lat="36.884794"><ele>790.4</ele></trkpt>
   <trkpt lon="-4.343016" lat="36.885291"><ele>784.5</ele></trkpt>
   <trkpt lon="-4.343572" lat="36.885575"><ele>790.5</ele></trkpt>
   <trkpt lon="-4.343749" lat="36.885700"><ele>788.7</ele></trkpt>
   <trkpt lon="-4.343805" lat="36.885868"><ele>784.1</ele></trkpt>
   <trkpt lon="-4.343833" lat="36.886035"><ele>780.9</ele></trkpt>
   <trkpt lon="-4.343873" lat="36.886263"><ele>778.7</ele></trkpt>
   <trkpt lon="-4.343894" lat="36.886676"><ele>776.1</ele></trkpt>
   <trkpt lon="-4.343838" lat="36.886850"><ele>773.4</ele></trkpt>
   <trkpt lon="-4.343744" lat="36.886996"><ele>774.2</ele></trkpt>
   <trkpt lon="-4.343399" lat="36.887209"><ele>772.1</ele></trkpt>
   <trkpt lon="-4.343383" lat="36.887391"><ele>772.8</ele></trkpt>
   <trkpt lon="-4.343484" lat="36.887598"><ele>775.1</ele></trkpt>
   <trkpt lon="-4.343655" lat="36.887822"><ele>776.6</ele></trkpt>
   <trkpt lon="-4.343827" lat="36.887986"><ele>777.5</ele></trkpt>
   <trkpt lon="-4.344163" lat="36.888158"><ele>781.2</ele></trkpt>
   <trkpt lon="-4.344620" lat="36.888323"><ele>781.1</ele></trkpt>
   <trkpt lon="-4.345015" lat="36.888364"><ele>781.4</ele></trkpt>
   <trkpt lon="-4.345148" lat="36.888457"><ele>778.2</ele></trkpt>
   <trkpt lon="-4.345248" lat="36.888661"><ele>772.5</ele></trkpt>
   <trkpt lon="-4.345300" lat="36.888879"><ele>768.2</ele></trkpt>
   <trkpt lon="-4.345315" lat="36.889052"><ele>766.5</ele></trkpt>
   <trkpt lon="-4.345243" lat="36.889172"><ele>762.9</ele></trkpt>
   <trkpt lon="-4.345143" lat="36.889247"><ele>760.5</ele></trkpt>
   <trkpt lon="-4.344045" lat="36.889932"><ele>754.5</ele></trkpt>
   <trkpt lon="-4.343449" lat="36.890391"><ele>749.2</ele></trkpt>
   <trkpt lon="-4.343330" lat="36.890587"><ele>749.6</ele></trkpt>
   <trkpt lon="-4.343171" lat="36.890955"><ele>755.0</ele></trkpt>
   <trkpt lon="-4.343000" lat="36.891081"><ele>758.3</ele></trkpt>
   <trkpt lon="-4.342739" lat="36.891112"><ele>757.7</ele></trkpt>
   <trkpt lon="-4.342295" lat="36.891032"><ele>751.0</ele></trkpt>
   <trkpt lon="-4.342106" lat="36.891055"><ele>748.3</ele></trkpt>
   <trkpt lon="-4.341973" lat="36.891121"><ele>745.9</ele></trkpt>
   <trkpt lon="-4.341865" lat="36.891214"><ele>744.7</ele></trkpt>
   <trkpt lon="-4.341803" lat="36.891392"><ele>746.3</ele></trkpt>
   <trkpt lon="-4.341831" lat="36.891580"><ele>750.5</ele></trkpt>
   <trkpt lon="-4.341897" lat="36.892050"><ele>748.3</ele></trkpt>
   <trkpt lon="-4.341930" lat="36.892091"><ele>748.5</ele></trkpt>
   <trkpt lon="-4.341985" lat="36.892158"><ele>748.8</ele></trkpt>
   <trkpt lon="-4.342080" lat="36.892237"><ele>750.2</ele></trkpt>
   <trkpt lon="-4.342441" lat="36.892371"><ele>753.4</ele></trkpt>
   <trkpt lon="-4.342537" lat="36.892459"><ele>752.3</ele></trkpt>
   <trkpt lon="-4.342661" lat="36.892715"><ele>746.8</ele></trkpt>
   <trkpt lon="-4.342693" lat="36.893132"><ele>738.0</ele></trkpt>
   <trkpt lon="-4.342733" lat="36.893217"><ele>737.9</ele></trkpt>
   <trkpt lon="-4.342872" lat="36.893332"><ele>739.8</ele></trkpt>
   <trkpt lon="-4.343105" lat="36.893368"><ele>745.0</ele></trkpt>
   <trkpt lon="-4.343275" lat="36.893334"><ele>746.6</ele></trkpt>
   <trkpt lon="-4.343494" lat="36.893208"><ele>749.1</ele></trkpt>
   <trkpt lon="-4.343633" lat="36.893070"><ele>748.7</ele></trkpt>
   <trkpt lon="-4.343827" lat="36.892729"><ele>751.3</ele></trkpt>
   <trkpt lon="-4.343905" lat="36.892653"><ele>751.7</ele></trkpt>
   <trkpt lon="-4.344027" lat="36.892622"><ele>750.6</ele></trkpt>
   <trkpt lon="-4.344143" lat="36.892626"><ele>748.8</ele></trkpt>
   <trkpt lon="-4.344299" lat="36.892706"><ele>746.2</ele></trkpt>
   <trkpt lon="-4.344332" lat="36.892804"><ele>743.1</ele></trkpt>
   <trkpt lon="-4.344323" lat="36.892843"><ele>741.9</ele></trkpt>
   <trkpt lon="-4.344299" lat="36.892942"><ele>738.8</ele></trkpt>
   <trkpt lon="-4.343516" lat="36.893701"><ele>734.9</ele></trkpt>
   <trkpt lon="-4.343349" lat="36.893839"><ele>730.0</ele></trkpt>
   <trkpt lon="-4.343133" lat="36.893921"><ele>726.7</ele></trkpt>
   <trkpt lon="-4.342863" lat="36.893952"><ele>722.2</ele></trkpt>
   <trkpt lon="-4.342345" lat="36.893847"><ele>713.0</ele></trkpt>
   <trkpt lon="-4.342228" lat="36.893865"><ele>709.2</ele></trkpt>
   <trkpt lon="-4.342176" lat="36.893942"><ele>706.1</ele></trkpt>
   <trkpt lon="-4.341999" lat="36.894434"><ele>703.1</ele></trkpt>
   <trkpt lon="-4.341872" lat="36.894639"><ele>704.1</ele></trkpt>
   <trkpt lon="-4.341839" lat="36.894695"><ele>704.6</ele></trkpt>
   <trkpt lon="-4.341695" lat="36.895086"><ele>710.4</ele></trkpt>
   <trkpt lon="-4.341667" lat="36.895250"><ele>712.4</ele></trkpt>
   <trkpt lon="-4.341767" lat="36.895481"><ele>715.2</ele></trkpt>
   <trkpt lon="-4.342156" lat="36.895730"><ele>708.1</ele></trkpt>
   <trkpt lon="-4.342239" lat="36.895872"><ele>709.1</ele></trkpt>
   <trkpt lon="-4.342222" lat="36.895961"><ele>711.5</ele></trkpt>
   <trkpt lon="-4.342161" lat="36.896067"><ele>714.2</ele></trkpt>
   <trkpt lon="-4.341850" lat="36.896300"><ele>720.5</ele></trkpt>
   <trkpt lon="-4.341797" lat="36.896409"><ele>721.5</ele></trkpt>
   <trkpt lon="-4.341812" lat="36.896574"><ele>720.1</ele></trkpt>
   <trkpt lon="-4.341862" lat="36.896702"><ele>717.6</ele></trkpt>
   <trkpt lon="-4.341995" lat="36.896862"><ele>714.4</ele></trkpt>
   <trkpt lon="-4.342203" lat="36.896946"><ele>710.4</ele></trkpt>
   <trkpt lon="-4.342875" lat="36.897161"><ele>704.2</ele></trkpt>
   <trkpt lon="-4.343008" lat="36.897253"><ele>705.9</ele></trkpt>
   <trkpt lon="-4.343205" lat="36.897475"><ele>710.2</ele></trkpt>
   <trkpt lon="-4.343317" lat="36.897665"><ele>711.6</ele></trkpt>
   <trkpt lon="-4.343416" lat="36.898132"><ele>715.2</ele></trkpt>
   <trkpt lon="-4.343484" lat="36.898259"><ele>714.8</ele></trkpt>
   <trkpt lon="-4.343588" lat="36.898349"><ele>712.5</ele></trkpt>
   <trkpt lon="-4.343794" lat="36.898469"><ele>708.0</ele></trkpt>
   <trkpt lon="-4.344493" lat="36.898696"><ele>699.5</ele></trkpt>
   <trkpt lon="-4.344383" lat="36.898762"><ele>703.6</ele></trkpt>
   <trkpt lon="-4.344193" lat="36.898876"><ele>708.6</ele></trkpt>
   <trkpt lon="-4.343878" lat="36.898785"><ele>711.9</ele></trkpt>
   <trkpt lon="-4.343746" lat="36.898693"><ele>712.9</ele></trkpt>
   <trkpt lon="-4.343363" lat="36.898664"><ele>719.6</ele></trkpt>
   <trkpt lon="-4.343062" lat="36.898448"><ele>721.6</ele></trkpt>
   <trkpt lon="-4.342840" lat="36.898085"><ele>719.2</ele></trkpt>
   <trkpt lon="-4.343062" lat="36.898448"><ele>721.6</ele></trkpt>
   <trkpt lon="-4.343363" lat="36.898664"><ele>719.6</ele></trkpt>
   <trkpt lon="-4.343746" lat="36.898693"><ele>712.9</ele></trkpt>
   <trkpt lon="-4.343878" lat="36.898785"><ele>711.9</ele></trkpt>
   <trkpt lon="-4.344193" lat="36.898876"><ele>708.6</ele></trkpt>
   <trkpt lon="-4.344383" lat="36.898762"><ele>703.6</ele></trkpt>
   <trkpt lon="-4.344493" lat="36.898696"><ele>699.5</ele></trkpt>
   <trkpt lon="-4.344726" lat="36.898771"><ele>699.9</ele></trkpt>
   <trkpt lon="-4.344787" lat="36.898856"><ele>701.0</ele></trkpt>
   <trkpt lon="-4.344798" lat="36.898975"><ele>703.0</ele></trkpt>
   <trkpt lon="-4.344760" lat="36.899073"><ele>705.2</ele></trkpt>
   <trkpt lon="-4.344693" lat="36.899162"><ele>705.3</ele></trkpt>
   <trkpt lon="-4.344593" lat="36.899237"><ele>704.5</ele></trkpt>
   <trkpt lon="-4.344093" lat="36.899335"><ele>705.6</ele></trkpt>
   <trkpt lon="-4.343949" lat="36.899379"><ele>705.0</ele></trkpt>
   <trkpt lon="-4.343905" lat="36.899477"><ele>702.9</ele></trkpt>
   <trkpt lon="-4.343899" lat="36.899814"><ele>697.0</ele></trkpt>
   <trkpt lon="-4.343877" lat="36.899881"><ele>696.0</ele></trkpt>
   <trkpt lon="-4.343765" lat="36.899925"><ele>695.4</ele></trkpt>
   <trkpt lon="-4.343668" lat="36.899927"><ele>694.8</ele></trkpt>
   <trkpt lon="-4.343439" lat="36.899859"><ele>694.8</ele></trkpt>
   <trkpt lon="-4.343311" lat="36.899815"><ele>696.0</ele></trkpt>
   <trkpt lon="-4.343255" lat="36.899841"><ele>695.8</ele></trkpt>
   <trkpt lon="-4.343216" lat="36.899894"><ele>695.1</ele></trkpt>
   <trkpt lon="-4.343211" lat="36.899983"><ele>693.8</ele></trkpt>
   <trkpt lon="-4.343305" lat="36.900294"><ele>688.3</ele></trkpt>
   <trkpt lon="-4.343322" lat="36.900520"><ele>684.9</ele></trkpt>
   <trkpt lon="-4.343277" lat="36.900680"><ele>684.0</ele></trkpt>
   <trkpt lon="-4.343254" lat="36.900762"><ele>683.4</ele></trkpt>
   <trkpt lon="-4.343162" lat="36.900879"><ele>682.8</ele></trkpt>
   <trkpt lon="-4.342715" lat="36.901353"><ele>679.8</ele></trkpt>
   <trkpt lon="-4.342462" lat="36.901653"><ele>678.0</ele></trkpt>
   <trkpt lon="-4.342391" lat="36.901742"><ele>678.5</ele></trkpt>
   <trkpt lon="-4.342062" lat="36.902114"><ele>680.2</ele></trkpt>
   <trkpt lon="-4.341707" lat="36.902507"><ele>681.7</ele></trkpt>
   <trkpt lon="-4.342366" lat="36.902631"><ele>685.8</ele></trkpt>
   <trkpt lon="-4.342441" lat="36.902645"><ele>686.1</ele></trkpt>
   <trkpt lon="-4.342733" lat="36.902701"><ele>685.3</ele></trkpt>
   <trkpt lon="-4.343324" lat="36.902817"><ele>682.4</ele></trkpt>
   <trkpt lon="-4.343368" lat="36.902825"><ele>682.2</ele></trkpt>
   <trkpt lon="-4.344183" lat="36.902862"><ele>676.7</ele></trkpt>
   <trkpt lon="-4.344320" lat="36.902868"><ele>675.5</ele></trkpt>
   <trkpt lon="-4.345172" lat="36.902848"><ele>667.9</ele></trkpt>
   <trkpt lon="-4.345821" lat="36.902773"><ele>662.1</ele></trkpt>
   <trkpt lon="-4.346651" lat="36.902581"><ele>657.9</ele></trkpt>
   <trkpt lon="-4.346838" lat="36.902507"><ele>656.1</ele></trkpt>
   <trkpt lon="-4.346971" lat="36.902415"><ele>655.0</ele></trkpt>
   <trkpt lon="-4.347063" lat="36.902351"><ele>654.2</ele></trkpt>
   <trkpt lon="-4.347322" lat="36.902055"><ele>651.5</ele></trkpt>
   <trkpt lon="-4.347365" lat="36.901529"><ele>644.4</ele></trkpt>
   <trkpt lon="-4.347437" lat="36.901319"><ele>640.8</ele></trkpt>
   <trkpt lon="-4.347808" lat="36.900888"><ele>635.0</ele></trkpt>
   <trkpt lon="-4.348756" lat="36.900333"><ele>633.1</ele></trkpt>
   <trkpt lon="-4.349158" lat="36.900307"><ele>636.5</ele></trkpt>
   <trkpt lon="-4.349493" lat="36.900365"><ele>639.3</ele></trkpt>
   <trkpt lon="-4.349849" lat="36.900555"><ele>640.1</ele></trkpt>
   <trkpt lon="-4.350255" lat="36.900730"><ele>636.8</ele></trkpt>
   <trkpt lon="-4.350715" lat="36.900819"><ele>634.0</ele></trkpt>
   <trkpt lon="-4.351301" lat="36.900790"><ele>627.7</ele></trkpt>
   <trkpt lon="-4.351901" lat="36.900796"><ele>623.2</ele></trkpt>
   <trkpt lon="-4.352444" lat="36.900992"><ele>621.7</ele></trkpt>
   <trkpt lon="-4.352994" lat="36.901342"><ele>618.9</ele></trkpt>
   <trkpt lon="-4.353719" lat="36.901784"><ele>614.3</ele></trkpt>
   <trkpt lon="-4.353964" lat="36.901877"><ele>611.9</ele></trkpt>
   <trkpt lon="-4.354157" lat="36.901940"><ele>609.8</ele></trkpt>
   <trkpt lon="-4.354379" lat="36.901969"><ele>607.4</ele></trkpt>
   <trkpt lon="-4.354653" lat="36.901975"><ele>605.8</ele></trkpt>
   <trkpt lon="-4.354889" lat="36.901951"><ele>604.7</ele></trkpt>
   <trkpt lon="-4.355155" lat="36.901897"><ele>604.0</ele></trkpt>
   <trkpt lon="-4.355299" lat="36.901852"><ele>604.4</ele></trkpt>
   <trkpt lon="-4.355575" lat="36.901725"><ele>606.6</ele></trkpt>
   <trkpt lon="-4.355727" lat="36.901684"><ele>608.2</ele></trkpt>
   <trkpt lon="-4.355809" lat="36.901676"><ele>608.9</ele></trkpt>
   <trkpt lon="-4.355918" lat="36.901680"><ele>609.7</ele></trkpt>
   <trkpt lon="-4.355949" lat="36.901685"><ele>609.9</ele></trkpt>
   <trkpt lon="-4.356030" lat="36.901731"><ele>610.5</ele></trkpt>
   <trkpt lon="-4.356111" lat="36.901787"><ele>611.1</ele></trkpt>
   <trkpt lon="-4.356229" lat="36.901869"><ele>611.3</ele></trkpt>
   <trkpt lon="-4.356282" lat="36.901889"><ele>611.4</ele></trkpt>
   <trkpt lon="-4.356328" lat="36.901899"><ele>611.5</ele></trkpt>
   <trkpt lon="-4.356366" lat="36.901904"><ele>611.6</ele></trkpt>
   <trkpt lon="-4.356405" lat="36.901896"><ele>611.7</ele></trkpt>
   <trkpt lon="-4.356524" lat="36.901811"><ele>612.0</ele></trkpt>
   <trkpt lon="-4.356593" lat="36.901787"><ele>612.1</ele></trkpt>
   <trkpt lon="-4.356650" lat="36.901778"><ele>612.1</ele></trkpt>
   <trkpt lon="-4.356791" lat="36.901686"><ele>612.4</ele></trkpt>
   <trkpt lon="-4.357043" lat="36.901562"><ele>612.2</ele></trkpt>
   <trkpt lon="-4.357310" lat="36.901447"><ele>610.2</ele></trkpt>
   <trkpt lon="-4.357607" lat="36.901355"><ele>607.9</ele></trkpt>
   <trkpt lon="-4.357916" lat="36.901283"><ele>605.6</ele></trkpt>
   <trkpt lon="-4.358068" lat="36.901238"><ele>604.3</ele></trkpt>
   <trkpt lon="-4.358424" lat="36.901198"><ele>601.8</ele></trkpt>
   <trkpt lon="-4.358776" lat="36.901189"><ele>600.5</ele></trkpt>
   <trkpt lon="-4.359124" lat="36.901211"><ele>600.4</ele></trkpt>
   <trkpt lon="-4.359743" lat="36.901300"><ele>597.3</ele></trkpt>
   <trkpt lon="-4.361954" lat="36.901651"><ele>588.1</ele></trkpt>
   <trkpt lon="-4.364309" lat="36.902012"><ele>586.0</ele></trkpt>
   <trkpt lon="-4.364928" lat="36.902129"><ele>587.3</ele></trkpt>
   <trkpt lon="-4.365431" lat="36.902236"><ele>588.6</ele></trkpt>
   <trkpt lon="-4.365906" lat="36.902352"><ele>589.0</ele></trkpt>
   <trkpt lon="-4.366943" lat="36.902631"><ele>586.4</ele></trkpt>
   <trkpt lon="-4.367075" lat="36.902683"><ele>586.0</ele></trkpt>
   <trkpt lon="-4.370826" lat="36.903703"><ele>573.3</ele></trkpt>
   <trkpt lon="-4.371456" lat="36.903870"><ele>572.3</ele></trkpt>
   <trkpt lon="-4.372262" lat="36.904092"><ele>569.0</ele></trkpt>
   <trkpt lon="-4.372731" lat="36.904211"><ele>567.3</ele></trkpt>
   <trkpt lon="-4.373103" lat="36.904286"><ele>567.6</ele></trkpt>
   <trkpt lon="-4.373462" lat="36.904339"><ele>567.1</ele></trkpt>
   <trkpt lon="-4.373831" lat="36.904372"><ele>566.3</ele></trkpt>
   <trkpt lon="-4.374225" lat="36.904388"><ele>565.3</ele></trkpt>
   <trkpt lon="-4.375215" lat="36.904383"><ele>563.9</ele></trkpt>
   <trkpt lon="-4.375582" lat="36.904387"><ele>563.4</ele></trkpt>
   <trkpt lon="-4.376001" lat="36.904419"><ele>563.0</ele></trkpt>
   <trkpt lon="-4.376325" lat="36.904462"><ele>562.5</ele></trkpt>
   <trkpt lon="-4.376607" lat="36.904519"><ele>561.4</ele></trkpt>
   <trkpt lon="-4.377061" lat="36.904627"><ele>557.9</ele></trkpt>
   <trkpt lon="-4.377225" lat="36.904652"><ele>556.7</ele></trkpt>
   <trkpt lon="-4.377626" lat="36.904757"><ele>553.7</ele></trkpt>
   <trkpt lon="-4.378011" lat="36.904837"><ele>551.0</ele></trkpt>
   <trkpt lon="-4.378413" lat="36.904900"><ele>548.7</ele></trkpt>
   <trkpt lon="-4.378722" lat="36.904929"><ele>547.7</ele></trkpt>
   <trkpt lon="-4.379026" lat="36.904944"><ele>546.7</ele></trkpt>
   <trkpt lon="-4.379286" lat="36.904943"><ele>545.3</ele></trkpt>
   <trkpt lon="-4.379600" lat="36.904931"><ele>545.2</ele></trkpt>
   <trkpt lon="-4.379994" lat="36.904895"><ele>545.9</ele></trkpt>
   <trkpt lon="-4.380386" lat="36.904840"><ele>545.0</ele></trkpt>
   <trkpt lon="-4.380743" lat="36.904767"><ele>543.2</ele></trkpt>
   <trkpt lon="-4.381075" lat="36.904684"><ele>542.0</ele></trkpt>
   <trkpt lon="-4.381463" lat="36.904570"><ele>542.7</ele></trkpt>
   <trkpt lon="-4.381856" lat="36.904437"><ele>543.3</ele></trkpt>
   <trkpt lon="-4.382229" lat="36.904294"><ele>541.9</ele></trkpt>
   <trkpt lon="-4.382590" lat="36.904140"><ele>539.5</ele></trkpt>
   <trkpt lon="-4.382962" lat="36.903964"><ele>536.8</ele></trkpt>
   <trkpt lon="-4.383679" lat="36.903598"><ele>534.3</ele></trkpt>
   <trkpt lon="-4.383581" lat="36.903500"><ele>534.3</ele></trkpt>
   <trkpt lon="-4.383623" lat="36.903450"><ele>534.5</ele></trkpt>
   <trkpt lon="-4.384157" lat="36.903170"><ele>534.0</ele></trkpt>
   <trkpt lon="-4.385016" lat="36.902620"><ele>531.6</ele></trkpt>
   <trkpt lon="-4.385103" lat="36.902522"><ele>531.0</ele></trkpt>
   <trkpt lon="-4.385267" lat="36.902158"><ele>530.7</ele></trkpt>
   <trkpt lon="-4.385449" lat="36.901840"><ele>531.0</ele></trkpt>
   <trkpt lon="-4.385804" lat="36.901386"><ele>530.5</ele></trkpt>
   <trkpt lon="-4.386015" lat="36.901202"><ele>529.2</ele></trkpt>
   <trkpt lon="-4.386300" lat="36.901004"><ele>529.2</ele></trkpt>
   <trkpt lon="-4.386563" lat="36.900867"><ele>528.7</ele></trkpt>
   <trkpt lon="-4.386737" lat="36.900794"><ele>527.8</ele></trkpt>
   <trkpt lon="-4.387112" lat="36.900652"><ele>524.9</ele></trkpt>
   <trkpt lon="-4.387324" lat="36.900485"><ele>524.0</ele></trkpt>
   <trkpt lon="-4.387499" lat="36.900326"><ele>523.0</ele></trkpt>
   <trkpt lon="-4.387606" lat="36.900206"><ele>522.5</ele></trkpt>
   <trkpt lon="-4.387743" lat="36.899941"><ele>521.7</ele></trkpt>
   <trkpt lon="-4.387794" lat="36.899859"><ele>521.4</ele></trkpt>
   <trkpt lon="-4.388043" lat="36.899623"><ele>520.8</ele></trkpt>
   <trkpt lon="-4.388236" lat="36.899426"><ele>519.8</ele></trkpt>
   <trkpt lon="-4.388408" lat="36.899220"><ele>518.9</ele></trkpt>
   <trkpt lon="-4.388511" lat="36.899005"><ele>517.8</ele></trkpt>
   <trkpt lon="-4.388581" lat="36.898837"><ele>517.0</ele></trkpt>
   <trkpt lon="-4.388615" lat="36.898549"><ele>516.2</ele></trkpt>
   <trkpt lon="-4.388715" lat="36.898421"><ele>516.0</ele></trkpt>
   <trkpt lon="-4.388625" lat="36.898353"><ele>516.6</ele></trkpt>
   <trkpt lon="-4.388577" lat="36.898289"><ele>517.1</ele></trkpt>
   <trkpt lon="-4.388572" lat="36.898177"><ele>518.1</ele></trkpt>
   <trkpt lon="-4.388944" lat="36.898160"><ele>517.4</ele></trkpt>
   <trkpt lon="-4.389574" lat="36.898104"><ele>516.9</ele></trkpt>
   <trkpt lon="-4.390025" lat="36.897958"><ele>518.4</ele></trkpt>
   <trkpt lon="-4.390495" lat="36.897866"><ele>519.7</ele></trkpt>
   <trkpt lon="-4.390658" lat="36.897881"><ele>519.1</ele></trkpt>
   <trkpt lon="-4.390747" lat="36.897877"><ele>518.8</ele></trkpt>
   <trkpt lon="-4.390865" lat="36.897947"><ele>517.9</ele></trkpt>
   <trkpt lon="-4.390900" lat="36.898016"><ele>517.4</ele></trkpt>
   <trkpt lon="-4.390924" lat="36.898087"><ele>517.0</ele></trkpt>
   <trkpt lon="-4.391004" lat="36.898150"><ele>516.4</ele></trkpt>
   <trkpt lon="-4.391101" lat="36.898177"><ele>516.2</ele></trkpt>
   <trkpt lon="-4.391273" lat="36.898205"><ele>516.0</ele></trkpt>
   <trkpt lon="-4.391401" lat="36.898250"><ele>516.2</ele></trkpt>
   <trkpt lon="-4.391573" lat="36.898349"><ele>515.3</ele></trkpt>
   <trkpt lon="-4.391778" lat="36.898439"><ele>515.0</ele></trkpt>
   <trkpt lon="-4.392266" lat="36.898838"><ele>512.6</ele></trkpt>
   <trkpt lon="-4.392589" lat="36.898980"><ele>512.8</ele></trkpt>
   <trkpt lon="-4.392857" lat="36.899186"><ele>512.2</ele></trkpt>
   <trkpt lon="-4.393555" lat="36.899379"><ele>512.6</ele></trkpt>
   <trkpt lon="-4.394334" lat="36.899701"><ele>511.3</ele></trkpt>
   <trkpt lon="-4.394582" lat="36.899752"><ele>510.6</ele></trkpt>
   <trkpt lon="-4.394833" lat="36.899740"><ele>510.8</ele></trkpt>
   <trkpt lon="-4.395108" lat="36.899760"><ele>510.4</ele></trkpt>
   <trkpt lon="-4.395395" lat="36.899837"><ele>509.3</ele></trkpt>
   <trkpt lon="-4.395858" lat="36.899903"><ele>508.3</ele></trkpt>
   <trkpt lon="-4.396331" lat="36.899976"><ele>508.4</ele></trkpt>
   <trkpt lon="-4.397818" lat="36.900045"><ele>506.5</ele></trkpt>
   <trkpt lon="-4.399526" lat="36.900199"><ele>506.2</ele></trkpt>
   <trkpt lon="-4.400079" lat="36.900276"><ele>505.7</ele></trkpt>
   <trkpt lon="-4.400798" lat="36.900276"><ele>504.2</ele></trkpt>
   <trkpt lon="-4.401190" lat="36.900199"><ele>503.6</ele></trkpt>
   <trkpt lon="-4.402709" lat="36.899963"><ele>502.4</ele></trkpt>
   <trkpt lon="-4.402751" lat="36.900004"><ele>502.1</ele></trkpt>
   <trkpt lon="-4.402790" lat="36.900107"><ele>501.3</ele></trkpt>
   <trkpt lon="-4.402943" lat="36.900505"><ele>498.9</ele></trkpt>
   <trkpt lon="-4.403195" lat="36.901135"><ele>502.8</ele></trkpt>
   <trkpt lon="-4.403295" lat="36.901130"><ele>502.5</ele></trkpt>
   <trkpt lon="-4.403399" lat="36.901103"><ele>502.1</ele></trkpt>
   <trkpt lon="-4.403798" lat="36.900931"><ele>500.4</ele></trkpt>
   <trkpt lon="-4.404064" lat="36.900854"><ele>499.6</ele></trkpt>
   <trkpt lon="-4.404268" lat="36.900820"><ele>498.9</ele></trkpt>
   <trkpt lon="-4.404528" lat="36.900794"><ele>498.0</ele></trkpt>
   <trkpt lon="-4.404791" lat="36.900790"><ele>497.9</ele></trkpt>
   <trkpt lon="-4.405274" lat="36.900803"><ele>497.0</ele></trkpt>
   <trkpt lon="-4.405512" lat="36.900781"><ele>496.9</ele></trkpt>
   <trkpt lon="-4.405722" lat="36.900699"><ele>496.7</ele></trkpt>
   <trkpt lon="-4.406017" lat="36.900549"><ele>496.5</ele></trkpt>
   <trkpt lon="-4.406542" lat="36.900253"><ele>496.6</ele></trkpt>
   <trkpt lon="-4.407025" lat="36.900073"><ele>496.0</ele></trkpt>
   <trkpt lon="-4.407237" lat="36.899979"><ele>496.0</ele></trkpt>
   <trkpt lon="-4.407546" lat="36.899760"><ele>495.7</ele></trkpt>
   <trkpt lon="-4.407771" lat="36.899614"><ele>495.9</ele></trkpt>
   <trkpt lon="-4.407940" lat="36.899533"><ele>496.1</ele></trkpt>
   <trkpt lon="-4.408125" lat="36.899464"><ele>496.9</ele></trkpt>
   <trkpt lon="-4.408329" lat="36.899417"><ele>498.0</ele></trkpt>
   <trkpt lon="-4.408616" lat="36.899374"><ele>499.1</ele></trkpt>
   <trkpt lon="-4.409219" lat="36.899365"><ele>497.1</ele></trkpt>
   <trkpt lon="-4.409616" lat="36.899374"><ele>495.8</ele></trkpt>
   <trkpt lon="-4.409757" lat="36.899384"><ele>495.4</ele></trkpt>
   <trkpt lon="-4.409847" lat="36.899391"><ele>495.2</ele></trkpt>
   <trkpt lon="-4.410159" lat="36.899461"><ele>494.7</ele></trkpt>
   <trkpt lon="-4.411091" lat="36.899713"><ele>491.9</ele></trkpt>
   <trkpt lon="-4.411365" lat="36.899751"><ele>493.5</ele></trkpt>
   <trkpt lon="-4.411625" lat="36.899756"><ele>495.1</ele></trkpt>
   <trkpt lon="-4.411864" lat="36.899781"><ele>497.1</ele></trkpt>
   <trkpt lon="-4.412261" lat="36.899863"><ele>500.3</ele></trkpt>
   <trkpt lon="-4.413039" lat="36.900056"><ele>504.4</ele></trkpt>
   <trkpt lon="-4.413634" lat="36.900176"><ele>506.3</ele></trkpt>
   <trkpt lon="-4.414256" lat="36.900232"><ele>508.4</ele></trkpt>
   <trkpt lon="-4.414696" lat="36.900253"><ele>510.4</ele></trkpt>
   <trkpt lon="-4.415072" lat="36.900253"><ele>511.5</ele></trkpt>
   <trkpt lon="-4.416708" lat="36.900174"><ele>518.9</ele></trkpt>
   <trkpt lon="-4.416888" lat="36.900154"><ele>518.3</ele></trkpt>
   <trkpt lon="-4.417045" lat="36.900130"><ele>516.8</ele></trkpt>
   <trkpt lon="-4.417168" lat="36.900104"><ele>515.5</ele></trkpt>
   <trkpt lon="-4.417274" lat="36.900079"><ele>514.4</ele></trkpt>
   <trkpt lon="-4.417344" lat="36.900071"><ele>513.6</ele></trkpt>
   <trkpt lon="-4.417422" lat="36.900076"><ele>512.6</ele></trkpt>
   <trkpt lon="-4.417466" lat="36.900053"><ele>512.3</ele></trkpt>
   <trkpt lon="-4.417531" lat="36.900031"><ele>511.6</ele></trkpt>
   <trkpt lon="-4.417610" lat="36.900016"><ele>511.3</ele></trkpt>
   <trkpt lon="-4.420357" lat="36.899697"><ele>493.8</ele></trkpt>
   <trkpt lon="-4.420760" lat="36.899623"><ele>491.1</ele></trkpt>
   <trkpt lon="-4.421036" lat="36.899551"><ele>489.5</ele></trkpt>
   <trkpt lon="-4.421133" lat="36.899525"><ele>489.1</ele></trkpt>
   <trkpt lon="-4.422419" lat="36.899078"><ele>482.9</ele></trkpt>
   <trkpt lon="-4.422764" lat="36.898982"><ele>481.8</ele></trkpt>
   <trkpt lon="-4.423177" lat="36.898891"><ele>480.2</ele></trkpt>
   <trkpt lon="-4.423683" lat="36.898814"><ele>479.0</ele></trkpt>
   <trkpt lon="-4.425785" lat="36.898527"><ele>480.3</ele></trkpt>
   <trkpt lon="-4.426129" lat="36.898466"><ele>480.3</ele></trkpt>
   <trkpt lon="-4.426325" lat="36.898423"><ele>480.8</ele></trkpt>
   <trkpt lon="-4.426606" lat="36.898331"><ele>481.6</ele></trkpt>
   <trkpt lon="-4.426718" lat="36.898295"><ele>481.9</ele></trkpt>
   <trkpt lon="-4.426796" lat="36.898422"><ele>482.1</ele></trkpt>
   <trkpt lon="-4.426740" lat="36.898514"><ele>482.0</ele></trkpt>
   <trkpt lon="-4.426712" lat="36.898559"><ele>481.9</ele></trkpt>
   <trkpt lon="-4.426528" lat="36.898688"><ele>481.3</ele></trkpt>
   <trkpt lon="-4.426447" lat="36.898757"><ele>481.1</ele></trkpt>
   <trkpt lon="-4.426380" lat="36.898846"><ele>481.5</ele></trkpt>
   <trkpt lon="-4.426380" lat="36.898936"><ele>482.0</ele></trkpt>
   <trkpt lon="-4.426453" lat="36.899070"><ele>482.8</ele></trkpt>
   <trkpt lon="-4.426664" lat="36.899404"><ele>487.3</ele></trkpt>
   <trkpt lon="-4.426825" lat="36.899704"><ele>492.5</ele></trkpt>
   <trkpt lon="-4.426900" lat="36.900163"><ele>499.9</ele></trkpt>
   <trkpt lon="-4.426921" lat="36.900480"><ele>505.6</ele></trkpt>
   <trkpt lon="-4.426975" lat="36.900858"><ele>510.4</ele></trkpt>
   <trkpt lon="-4.426978" lat="36.901000"><ele>511.3</ele></trkpt>
   <trkpt lon="-4.426975" lat="36.900858"><ele>510.4</ele></trkpt>
   <trkpt lon="-4.426921" lat="36.900480"><ele>505.6</ele></trkpt>
   <trkpt lon="-4.426900" lat="36.900163"><ele>499.9</ele></trkpt>
   <trkpt lon="-4.426825" lat="36.899704"><ele>492.5</ele></trkpt>
   <trkpt lon="-4.426664" lat="36.899404"><ele>487.3</ele></trkpt>
   <trkpt lon="-4.426453" lat="36.899070"><ele>482.8</ele></trkpt>
   <trkpt lon="-4.426380" lat="36.898936"><ele>482.0</ele></trkpt>
   <trkpt lon="-4.426380" lat="36.898846"><ele>481.5</ele></trkpt>
   <trkpt lon="-4.426447" lat="36.898757"><ele>481.1</ele></trkpt>
   <trkpt lon="-4.426528" lat="36.898688"><ele>481.3</ele></trkpt>
   <trkpt lon="-4.426712" lat="36.898559"><ele>481.9</ele></trkpt>
   <trkpt lon="-4.426740" lat="36.898514"><ele>482.0</ele></trkpt>
   <trkpt lon="-4.426796" lat="36.898422"><ele>482.1</ele></trkpt>
   <trkpt lon="-4.426718" lat="36.898295"><ele>481.9</ele></trkpt>
   <trkpt lon="-4.427635" lat="36.897900"><ele>484.9</ele></trkpt>
   <trkpt lon="-4.427788" lat="36.897834"><ele>485.3</ele></trkpt>
   <trkpt lon="-4.428110" lat="36.897719"><ele>487.1</ele></trkpt>
   <trkpt lon="-4.428303" lat="36.897664"><ele>488.7</ele></trkpt>
   <trkpt lon="-4.428517" lat="36.897675"><ele>490.2</ele></trkpt>
   <trkpt lon="-4.428687" lat="36.897737"><ele>491.7</ele></trkpt>
   <trkpt lon="-4.428767" lat="36.897787"><ele>492.7</ele></trkpt>
   <trkpt lon="-4.428879" lat="36.897867"><ele>493.7</ele></trkpt>
   <trkpt lon="-4.428980" lat="36.897916"><ele>494.3</ele></trkpt>
   <trkpt lon="-4.429093" lat="36.897960"><ele>495.0</ele></trkpt>
   <trkpt lon="-4.429227" lat="36.897986"><ele>495.7</ele></trkpt>
   <trkpt lon="-4.429381" lat="36.897996"><ele>496.2</ele></trkpt>
   <trkpt lon="-4.429523" lat="36.897989"><ele>496.6</ele></trkpt>
   <trkpt lon="-4.429748" lat="36.897955"><ele>497.0</ele></trkpt>
   <trkpt lon="-4.429750" lat="36.897923"><ele>496.8</ele></trkpt>
   <trkpt lon="-4.429816" lat="36.897878"><ele>496.8</ele></trkpt>
   <trkpt lon="-4.429873" lat="36.897818"><ele>496.7</ele></trkpt>
   <trkpt lon="-4.429917" lat="36.897745"><ele>496.6</ele></trkpt>
   <trkpt lon="-4.429975" lat="36.897653"><ele>497.0</ele></trkpt>
   <trkpt lon="-4.430033" lat="36.897530"><ele>497.6</ele></trkpt>
   <trkpt lon="-4.430072" lat="36.897387"><ele>498.3</ele></trkpt>
   <trkpt lon="-4.430104" lat="36.897227"><ele>500.1</ele></trkpt>
   <trkpt lon="-4.430128" lat="36.897026"><ele>501.9</ele></trkpt>
   <trkpt lon="-4.430190" lat="36.896530"><ele>503.1</ele></trkpt>
   <trkpt lon="-4.430253" lat="36.896406"><ele>503.3</ele></trkpt>
   <trkpt lon="-4.430299" lat="36.896355"><ele>503.6</ele></trkpt>
   <trkpt lon="-4.430353" lat="36.896326"><ele>503.9</ele></trkpt>
   <trkpt lon="-4.430385" lat="36.896288"><ele>504.2</ele></trkpt>
   <trkpt lon="-4.430400" lat="36.896236"><ele>504.6</ele></trkpt>
   <trkpt lon="-4.430392" lat="36.896192"><ele>504.9</ele></trkpt>
   <trkpt lon="-4.430381" lat="36.896170"><ele>505.1</ele></trkpt>
   <trkpt lon="-4.430415" lat="36.896099"><ele>505.6</ele></trkpt>
   <trkpt lon="-4.430441" lat="36.895992"><ele>506.2</ele></trkpt>
   <trkpt lon="-4.430507" lat="36.895911"><ele>506.4</ele></trkpt>
   <trkpt lon="-4.430652" lat="36.895784"><ele>507.5</ele></trkpt>
   <trkpt lon="-4.430668" lat="36.895716"><ele>507.8</ele></trkpt>
   <trkpt lon="-4.430784" lat="36.895587"><ele>508.7</ele></trkpt>
   <trkpt lon="-4.430849" lat="36.895451"><ele>509.0</ele></trkpt>
   <trkpt lon="-4.430882" lat="36.895316"><ele>509.7</ele></trkpt>
   <trkpt lon="-4.430894" lat="36.895158"><ele>510.6</ele></trkpt>
   <trkpt lon="-4.430955" lat="36.894955"><ele>512.8</ele></trkpt>
   <trkpt lon="-4.431074" lat="36.894620"><ele>518.5</ele></trkpt>
   <trkpt lon="-4.430982" lat="36.894522"><ele>519.8</ele></trkpt>
   <trkpt lon="-4.430875" lat="36.894427"><ele>521.3</ele></trkpt>
   <trkpt lon="-4.430574" lat="36.894069"><ele>530.6</ele></trkpt>
   <trkpt lon="-4.430328" lat="36.893721"><ele>541.6</ele></trkpt>
   <trkpt lon="-4.430251" lat="36.893739"><ele>542.6</ele></trkpt>
   <trkpt lon="-4.430179" lat="36.893772"><ele>543.2</ele></trkpt>
   <trkpt lon="-4.429883" lat="36.893959"><ele>544.5</ele></trkpt>
   <trkpt lon="-4.429718" lat="36.894031"><ele>545.1</ele></trkpt>
   <trkpt lon="-4.429633" lat="36.894046"><ele>545.5</ele></trkpt>
   <trkpt lon="-4.429461" lat="36.894075"><ele>546.2</ele></trkpt>
   <trkpt lon="-4.429330" lat="36.894082"><ele>545.6</ele></trkpt>
   <trkpt lon="-4.429154" lat="36.894059"><ele>545.2</ele></trkpt>
   <trkpt lon="-4.429073" lat="36.894039"><ele>544.8</ele></trkpt>
   <trkpt lon="-4.429018" lat="36.894017"><ele>544.6</ele></trkpt>
   <trkpt lon="-4.428962" lat="36.893986"><ele>544.4</ele></trkpt>
   <trkpt lon="-4.429037" lat="36.893734"><ele>549.5</ele></trkpt>
   <trkpt lon="-4.429040" lat="36.893630"><ele>551.3</ele></trkpt>
   <trkpt lon="-4.429053" lat="36.893225"><ele>557.7</ele></trkpt>
   <trkpt lon="-4.429107" lat="36.893032"><ele>560.9</ele></trkpt>
   <trkpt lon="-4.429154" lat="36.892861"><ele>563.5</ele></trkpt>
   <trkpt lon="-4.429236" lat="36.892566"><ele>567.4</ele></trkpt>
   <trkpt lon="-4.429243" lat="36.892542"><ele>567.7</ele></trkpt>
   <trkpt lon="-4.429394" lat="36.891995"><ele>575.4</ele></trkpt>
   <trkpt lon="-4.429497" lat="36.891600"><ele>580.9</ele></trkpt>
   <trkpt lon="-4.429515" lat="36.891522"><ele>582.1</ele></trkpt>
   <trkpt lon="-4.429527" lat="36.891426"><ele>583.7</ele></trkpt>
   <trkpt lon="-4.429537" lat="36.891328"><ele>585.3</ele></trkpt>
   <trkpt lon="-4.429537" lat="36.891227"><ele>587.0</ele></trkpt>
   <trkpt lon="-4.429516" lat="36.890878"><ele>593.0</ele></trkpt>
   <trkpt lon="-4.429528" lat="36.890572"><ele>595.1</ele></trkpt>
   <trkpt lon="-4.429585" lat="36.890300"><ele>598.2</ele></trkpt>
   <trkpt lon="-4.429669" lat="36.890071"><ele>602.9</ele></trkpt>
   <trkpt lon="-4.429723" lat="36.889975"><ele>605.3</ele></trkpt>
   <trkpt lon="-4.429781" lat="36.889914"><ele>607.1</ele></trkpt>
   <trkpt lon="-4.429935" lat="36.889849"><ele>609.4</ele></trkpt>
   <trkpt lon="-4.430002" lat="36.889811"><ele>610.6</ele></trkpt>
   <trkpt lon="-4.430045" lat="36.889777"><ele>611.5</ele></trkpt>
   <trkpt lon="-4.430071" lat="36.889740"><ele>612.5</ele></trkpt>
   <trkpt lon="-4.430088" lat="36.889644"><ele>614.9</ele></trkpt>
   <trkpt lon="-4.430118" lat="36.889566"><ele>616.8</ele></trkpt>
   <trkpt lon="-4.430157" lat="36.889504"><ele>618.1</ele></trkpt>
   <trkpt lon="-4.430236" lat="36.889419"><ele>618.9</ele></trkpt>
   <trkpt lon="-4.430274" lat="36.889373"><ele>619.4</ele></trkpt>
   <trkpt lon="-4.430310" lat="36.889314"><ele>620.1</ele></trkpt>
   <trkpt lon="-4.430454" lat="36.888961"><ele>625.1</ele></trkpt>
   <trkpt lon="-4.430509" lat="36.888742"><ele>629.7</ele></trkpt>
   <trkpt lon="-4.430533" lat="36.888672"><ele>631.1</ele></trkpt>
   <trkpt lon="-4.430564" lat="36.888624"><ele>631.8</ele></trkpt>
   <trkpt lon="-4.430604" lat="36.888585"><ele>632.0</ele></trkpt>
   <trkpt lon="-4.431352" lat="36.887966"><ele>642.9</ele></trkpt>
   <trkpt lon="-4.431547" lat="36.887787"><ele>646.3</ele></trkpt>
   <trkpt lon="-4.431607" lat="36.887739"><ele>647.3</ele></trkpt>
   <trkpt lon="-4.431720" lat="36.887658"><ele>648.2</ele></trkpt>
   <trkpt lon="-4.431895" lat="36.887555"><ele>648.5</ele></trkpt>
   <trkpt lon="-4.432090" lat="36.887491"><ele>648.3</ele></trkpt>
   <trkpt lon="-4.432271" lat="36.887450"><ele>647.5</ele></trkpt>
   <trkpt lon="-4.432475" lat="36.887414"><ele>647.6</ele></trkpt>
   <trkpt lon="-4.432612" lat="36.887397"><ele>647.9</ele></trkpt>
   <trkpt lon="-4.432720" lat="36.887399"><ele>648.5</ele></trkpt>
   <trkpt lon="-4.432805" lat="36.887413"><ele>648.5</ele></trkpt>
   <trkpt lon="-4.432919" lat="36.887455"><ele>648.3</ele></trkpt>
   <trkpt lon="-4.433002" lat="36.887478"><ele>648.8</ele></trkpt>
   <trkpt lon="-4.433079" lat="36.887481"><ele>649.5</ele></trkpt>
   <trkpt lon="-4.433193" lat="36.887464"><ele>651.3</ele></trkpt>
   <trkpt lon="-4.433310" lat="36.887408"><ele>653.9</ele></trkpt>
   <trkpt lon="-4.433772" lat="36.887149"><ele>664.9</ele></trkpt>
   <trkpt lon="-4.433854" lat="36.887088"><ele>667.0</ele></trkpt>
   <trkpt lon="-4.433972" lat="36.886978"><ele>670.0</ele></trkpt>
   <trkpt lon="-4.434053" lat="36.886891"><ele>671.5</ele></trkpt>
   <trkpt lon="-4.434312" lat="36.886559"><ele>676.9</ele></trkpt>
   <trkpt lon="-4.434581" lat="36.886288"><ele>679.1</ele></trkpt>
   <trkpt lon="-4.434982" lat="36.885919"><ele>679.2</ele></trkpt>
   <trkpt lon="-4.435210" lat="36.885732"><ele>679.0</ele></trkpt>
   <trkpt lon="-4.435547" lat="36.885527"><ele>679.5</ele></trkpt>
   <trkpt lon="-4.435426" lat="36.885407"><ele>674.6</ele></trkpt>
   <trkpt lon="-4.435413" lat="36.885220"><ele>670.0</ele></trkpt>
   <trkpt lon="-4.435512" lat="36.884811"><ele>673.1</ele></trkpt>
   <trkpt lon="-4.435615" lat="36.884670"><ele>674.0</ele></trkpt>
   <trkpt lon="-4.436257" lat="36.884580"><ele>676.0</ele></trkpt>
   <trkpt lon="-4.436436" lat="36.884619"><ele>679.4</ele></trkpt>
   <trkpt lon="-4.436793" lat="36.884826"><ele>688.5</ele></trkpt>
   <trkpt lon="-4.437285" lat="36.884822"><ele>684.1</ele></trkpt>
   <trkpt lon="-4.437857" lat="36.885028"><ele>691.5</ele></trkpt>
   <trkpt lon="-4.438187" lat="36.885015"><ele>688.2</ele></trkpt>
   <trkpt lon="-4.438727" lat="36.884864"><ele>685.3</ele></trkpt>
   <trkpt lon="-4.439448" lat="36.885088"><ele>696.1</ele></trkpt>
   <trkpt lon="-4.440077" lat="36.885084"><ele>691.6</ele></trkpt>
   <trkpt lon="-4.440896" lat="36.885294"><ele>697.0</ele></trkpt>
   <trkpt lon="-4.441303" lat="36.885209"><ele>691.5</ele></trkpt>
   <trkpt lon="-4.441663" lat="36.884873"><ele>689.6</ele></trkpt>
   <trkpt lon="-4.441912" lat="36.884774"><ele>693.6</ele></trkpt>
   <trkpt lon="-4.443178" lat="36.885115"><ele>709.3</ele></trkpt>
   <trkpt lon="-4.443472" lat="36.885120"><ele>709.4</ele></trkpt>
   <trkpt lon="-4.444048" lat="36.884970"><ele>707.6</ele></trkpt>
   <trkpt lon="-4.444159" lat="36.884893"><ele>707.4</ele></trkpt>
   <trkpt lon="-4.444121" lat="36.883910"><ele>704.4</ele></trkpt>
   <trkpt lon="-4.444228" lat="36.883728"><ele>704.9</ele></trkpt>
   <trkpt lon="-4.444459" lat="36.883650"><ele>706.7</ele></trkpt>
   <trkpt lon="-4.445285" lat="36.883689"><ele>714.0</ele></trkpt>
   <trkpt lon="-4.445412" lat="36.883617"><ele>713.3</ele></trkpt>
   <trkpt lon="-4.445690" lat="36.883294"><ele>707.8</ele></trkpt>
   <trkpt lon="-4.446197" lat="36.883209"><ele>711.0</ele></trkpt>
   <trkpt lon="-4.446381" lat="36.883166"><ele>711.6</ele></trkpt>
   <trkpt lon="-4.446834" lat="36.882997"><ele>716.0</ele></trkpt>
   <trkpt lon="-4.446957" lat="36.882864"><ele>721.1</ele></trkpt>
   <trkpt lon="-4.446642" lat="36.882276"><ele>714.6</ele></trkpt>
   <trkpt lon="-4.446591" lat="36.882021"><ele>709.7</ele></trkpt>
   <trkpt lon="-4.446668" lat="36.881901"><ele>707.0</ele></trkpt>
   <trkpt lon="-4.447204" lat="36.881578"><ele>716.2</ele></trkpt>
   <trkpt lon="-4.447313" lat="36.881460"><ele>719.6</ele></trkpt>
   <trkpt lon="-4.447319" lat="36.881329"><ele>719.4</ele></trkpt>
   <trkpt lon="-4.447137" lat="36.880919"><ele>713.2</ele></trkpt>
   <trkpt lon="-4.447207" lat="36.880738"><ele>712.3</ele></trkpt>
   <trkpt lon="-4.447338" lat="36.880600"><ele>712.3</ele></trkpt>
   <trkpt lon="-4.447572" lat="36.880564"><ele>716.5</ele></trkpt>
   <trkpt lon="-4.447833" lat="36.880571"><ele>719.3</ele></trkpt>
   <trkpt lon="-4.448205" lat="36.880774"><ele>726.9</ele></trkpt>
   <trkpt lon="-4.448350" lat="36.880767"><ele>726.5</ele></trkpt>
   <trkpt lon="-4.448434" lat="36.880653"><ele>723.6</ele></trkpt>
   <trkpt lon="-4.448450" lat="36.880193"><ele>716.6</ele></trkpt>
   <trkpt lon="-4.448525" lat="36.880018"><ele>717.6</ele></trkpt>
   <trkpt lon="-4.448677" lat="36.879903"><ele>717.2</ele></trkpt>
   <trkpt lon="-4.449550" lat="36.879782"><ele>723.3</ele></trkpt>
   <trkpt lon="-4.450117" lat="36.879831"><ele>730.4</ele></trkpt>
   <trkpt lon="-4.450786" lat="36.879925"><ele>725.6</ele></trkpt>
   <trkpt lon="-4.450927" lat="36.879978"><ele>723.1</ele></trkpt>
   <trkpt lon="-4.451104" lat="36.880161"><ele>724.6</ele></trkpt>
   <trkpt lon="-4.451333" lat="36.880226"><ele>720.9</ele></trkpt>
   <trkpt lon="-4.451428" lat="36.880130"><ele>717.6</ele></trkpt>
   <trkpt lon="-4.451505" lat="36.879597"><ele>709.2</ele></trkpt>
   <trkpt lon="-4.451625" lat="36.879491"><ele>707.1</ele></trkpt>
   <trkpt lon="-4.452004" lat="36.879386"><ele>702.0</ele></trkpt>
   <trkpt lon="-4.452120" lat="36.879292"><ele>700.4</ele></trkpt>
   <trkpt lon="-4.452663" lat="36.878508"><ele>689.0</ele></trkpt>
   <trkpt lon="-4.452774" lat="36.878476"><ele>690.0</ele></trkpt>
   <trkpt lon="-4.452997" lat="36.878559"><ele>696.4</ele></trkpt>
   <trkpt lon="-4.453122" lat="36.878637"><ele>698.5</ele></trkpt>
   <trkpt lon="-4.453278" lat="36.878647"><ele>697.5</ele></trkpt>
   <trkpt lon="-4.453424" lat="36.878563"><ele>694.3</ele></trkpt>
   <trkpt lon="-4.453912" lat="36.877884"><ele>682.8</ele></trkpt>
   <trkpt lon="-4.454003" lat="36.877818"><ele>683.9</ele></trkpt>
   <trkpt lon="-4.455035" lat="36.877504"><ele>686.5</ele></trkpt>
   <trkpt lon="-4.455286" lat="36.877386"><ele>684.3</ele></trkpt>
   <trkpt lon="-4.455406" lat="36.877279"><ele>682.3</ele></trkpt>
   <trkpt lon="-4.455473" lat="36.877134"><ele>680.5</ele></trkpt>
   <trkpt lon="-4.455536" lat="36.876704"><ele>674.4</ele></trkpt>
   <trkpt lon="-4.455596" lat="36.876550"><ele>673.1</ele></trkpt>
   <trkpt lon="-4.455712" lat="36.876431"><ele>672.8</ele></trkpt>
   <trkpt lon="-4.455941" lat="36.876272"><ele>671.7</ele></trkpt>
   <trkpt lon="-4.456187" lat="36.876138"><ele>668.9</ele></trkpt>
   <trkpt lon="-4.456422" lat="36.876039"><ele>667.8</ele></trkpt>
   <trkpt lon="-4.456823" lat="36.875935"><ele>673.5</ele></trkpt>
   <trkpt lon="-4.457693" lat="36.875709"><ele>684.8</ele></trkpt>
   <trkpt lon="-4.457846" lat="36.875649"><ele>685.3</ele></trkpt>
   <trkpt lon="-4.457990" lat="36.875540"><ele>685.5</ele></trkpt>
   <trkpt lon="-4.458255" lat="36.875294"><ele>681.5</ele></trkpt>
   <trkpt lon="-4.458419" lat="36.875178"><ele>677.6</ele></trkpt>
   <trkpt lon="-4.458620" lat="36.875085"><ele>671.8</ele></trkpt>
   <trkpt lon="-4.458795" lat="36.875056"><ele>668.1</ele></trkpt>
   <trkpt lon="-4.458942" lat="36.875064"><ele>666.0</ele></trkpt>
   <trkpt lon="-4.459491" lat="36.875209"><ele>666.8</ele></trkpt>
   <trkpt lon="-4.459712" lat="36.875240"><ele>668.4</ele></trkpt>
   <trkpt lon="-4.459858" lat="36.875207"><ele>670.9</ele></trkpt>
   <trkpt lon="-4.459982" lat="36.875120"><ele>670.6</ele></trkpt>
   <trkpt lon="-4.460252" lat="36.874853"><ele>673.7</ele></trkpt>
   <trkpt lon="-4.460480" lat="36.874693"><ele>673.7</ele></trkpt>
   <trkpt lon="-4.460682" lat="36.874586"><ele>675.1</ele></trkpt>
   <trkpt lon="-4.461222" lat="36.874398"><ele>678.3</ele></trkpt>
   <trkpt lon="-4.461429" lat="36.874293"><ele>679.0</ele></trkpt>
   <trkpt lon="-4.461554" lat="36.874168"><ele>681.1</ele></trkpt>
   <trkpt lon="-4.461807" lat="36.873668"><ele>680.1</ele></trkpt>
   <trkpt lon="-4.461876" lat="36.873378"><ele>681.6</ele></trkpt>
   <trkpt lon="-4.461930" lat="36.873032"><ele>681.6</ele></trkpt>
   <trkpt lon="-4.461916" lat="36.872834"><ele>681.0</ele></trkpt>
   <trkpt lon="-4.461829" lat="36.872576"><ele>679.8</ele></trkpt>
   <trkpt lon="-4.461826" lat="36.872433"><ele>677.9</ele></trkpt>
   <trkpt lon="-4.461936" lat="36.872311"><ele>675.3</ele></trkpt>
   <trkpt lon="-4.462064" lat="36.872142"><ele>672.6</ele></trkpt>
   <trkpt lon="-4.462174" lat="36.871746"><ele>666.5</ele></trkpt>
   <trkpt lon="-4.462221" lat="36.871574"><ele>665.5</ele></trkpt>
   <trkpt lon="-4.462279" lat="36.871332"><ele>665.5</ele></trkpt>
   <trkpt lon="-4.462400" lat="36.870824"><ele>664.6</ele></trkpt>
   <trkpt lon="-4.462464" lat="36.870651"><ele>662.2</ele></trkpt>
   <trkpt lon="-4.462889" lat="36.870118"><ele>650.8</ele></trkpt>
   <trkpt lon="-4.463070" lat="36.869959"><ele>649.8</ele></trkpt>
   <trkpt lon="-4.463495" lat="36.869831"><ele>654.9</ele></trkpt>
   <trkpt lon="-4.463687" lat="36.869757"><ele>655.9</ele></trkpt>
   <trkpt lon="-4.463860" lat="36.869519"><ele>653.8</ele></trkpt>
   <trkpt lon="-4.463967" lat="36.869205"><ele>654.2</ele></trkpt>
   <trkpt lon="-4.463907" lat="36.868981"><ele>651.0</ele></trkpt>
   <trkpt lon="-4.463917" lat="36.868762"><ele>648.9</ele></trkpt>
   <trkpt lon="-4.464077" lat="36.868536"><ele>653.7</ele></trkpt>
   <trkpt lon="-4.464105" lat="36.868348"><ele>653.9</ele></trkpt>
   <trkpt lon="-4.464028" lat="36.867966"><ele>652.4</ele></trkpt>
   <trkpt lon="-4.464066" lat="36.866828"><ele>659.8</ele></trkpt>
   <trkpt lon="-4.464102" lat="36.866659"><ele>661.0</ele></trkpt>
   <trkpt lon="-4.464183" lat="36.866540"><ele>663.2</ele></trkpt>
   <trkpt lon="-4.464408" lat="36.866341"><ele>669.1</ele></trkpt>
   <trkpt lon="-4.464434" lat="36.866236"><ele>673.0</ele></trkpt>
   <trkpt lon="-4.464396" lat="36.866138"><ele>675.0</ele></trkpt>
   <trkpt lon="-4.464002" lat="36.865836"><ele>670.4</ele></trkpt>
   <trkpt lon="-4.463914" lat="36.865695"><ele>670.7</ele></trkpt>
   <trkpt lon="-4.463917" lat="36.865550"><ele>672.4</ele></trkpt>
   <trkpt lon="-4.464132" lat="36.865230"><ele>679.4</ele></trkpt>
   <trkpt lon="-4.464115" lat="36.865110"><ele>682.0</ele></trkpt>
   <trkpt lon="-4.463991" lat="36.865001"><ele>682.7</ele></trkpt>
   <trkpt lon="-4.463880" lat="36.864822"><ele>686.2</ele></trkpt>
   <trkpt lon="-4.463750" lat="36.864316"><ele>692.1</ele></trkpt>
   <trkpt lon="-4.463625" lat="36.863834"><ele>692.7</ele></trkpt>
   <trkpt lon="-4.463623" lat="36.863707"><ele>691.2</ele></trkpt>
   <trkpt lon="-4.463697" lat="36.863569"><ele>688.5</ele></trkpt>
   <trkpt lon="-4.464203" lat="36.863077"><ele>677.6</ele></trkpt>
   <trkpt lon="-4.464329" lat="36.862995"><ele>677.2</ele></trkpt>
   <trkpt lon="-4.464470" lat="36.862875"><ele>677.6</ele></trkpt>
   <trkpt lon="-4.464544" lat="36.862685"><ele>675.3</ele></trkpt>
   <trkpt lon="-4.464681" lat="36.862634"><ele>676.9</ele></trkpt>
   <trkpt lon="-4.464796" lat="36.862578"><ele>678.6</ele></trkpt>
   <trkpt lon="-4.464819" lat="36.862460"><ele>678.6</ele></trkpt>
   <trkpt lon="-4.464783" lat="36.862147"><ele>676.1</ele></trkpt>
   <trkpt lon="-4.464787" lat="36.862026"><ele>675.2</ele></trkpt>
   <trkpt lon="-4.465068" lat="36.861744"><ele>674.9</ele></trkpt>
   <trkpt lon="-4.465053" lat="36.861658"><ele>673.0</ele></trkpt>
   <trkpt lon="-4.464969" lat="36.861474"><ele>668.5</ele></trkpt>
   <trkpt lon="-4.464969" lat="36.861364"><ele>666.9</ele></trkpt>
   <trkpt lon="-4.465101" lat="36.861204"><ele>666.7</ele></trkpt>
   <trkpt lon="-4.465186" lat="36.861080"><ele>664.9</ele></trkpt>
   <trkpt lon="-4.465274" lat="36.860857"><ele>660.7</ele></trkpt>
   <trkpt lon="-4.465529" lat="36.860636"><ele>660.9</ele></trkpt>
   <trkpt lon="-4.465653" lat="36.860501"><ele>660.4</ele></trkpt>
   <trkpt lon="-4.465689" lat="36.860377"><ele>660.2</ele></trkpt>
   <trkpt lon="-4.465605" lat="36.860090"><ele>654.7</ele></trkpt>
   <trkpt lon="-4.465591" lat="36.859927"><ele>651.6</ele></trkpt>
   <trkpt lon="-4.465627" lat="36.859771"><ele>648.5</ele></trkpt>
   <trkpt lon="-4.465764" lat="36.859664"><ele>647.8</ele></trkpt>
   <trkpt lon="-4.465928" lat="36.859636"><ele>649.9</ele></trkpt>
   <trkpt lon="-4.466801" lat="36.859788"><ele>652.6</ele></trkpt>
   <trkpt lon="-4.466947" lat="36.859714"><ele>648.8</ele></trkpt>
   <trkpt lon="-4.467310" lat="36.859232"><ele>634.4</ele></trkpt>
   <trkpt lon="-4.467702" lat="36.858851"><ele>631.6</ele></trkpt>
   <trkpt lon="-4.467903" lat="36.858688"><ele>628.0</ele></trkpt>
   <trkpt lon="-4.468113" lat="36.858649"><ele>629.1</ele></trkpt>
   <trkpt lon="-4.468269" lat="36.858717"><ele>633.4</ele></trkpt>
   <trkpt lon="-4.468465" lat="36.858824"><ele>638.8</ele></trkpt>
   <trkpt lon="-4.468615" lat="36.858810"><ele>637.8</ele></trkpt>
   <trkpt lon="-4.468694" lat="36.858635"><ele>632.1</ele></trkpt>
   <trkpt lon="-4.468777" lat="36.858381"><ele>627.0</ele></trkpt>
   <trkpt lon="-4.468745" lat="36.858143"><ele>621.2</ele></trkpt>
   <trkpt lon="-4.468743" lat="36.857941"><ele>618.1</ele></trkpt>
   <trkpt lon="-4.468924" lat="36.857553"><ele>616.2</ele></trkpt>
   <trkpt lon="-4.469508" lat="36.856832"><ele>607.9</ele></trkpt>
   <trkpt lon="-4.470005" lat="36.856120"><ele>606.7</ele></trkpt>
   <trkpt lon="-4.470137" lat="36.855846"><ele>606.9</ele></trkpt>
   <trkpt lon="-4.470104" lat="36.855528"><ele>608.3</ele></trkpt>
   <trkpt lon="-4.470027" lat="36.855435"><ele>607.8</ele></trkpt>
   <trkpt lon="-4.469724" lat="36.855256"><ele>603.5</ele></trkpt>
   <trkpt lon="-4.469646" lat="36.855160"><ele>604.4</ele></trkpt>
   <trkpt lon="-4.469614" lat="36.855124"><ele>605.0</ele></trkpt>
   <trkpt lon="-4.469446" lat="36.854795"><ele>604.2</ele></trkpt>
   <trkpt lon="-4.469153" lat="36.854209"><ele>596.0</ele></trkpt>
   <trkpt lon="-4.468970" lat="36.854041"><ele>593.9</ele></trkpt>
   <trkpt lon="-4.468579" lat="36.853881"><ele>597.1</ele></trkpt>
   <trkpt lon="-4.468460" lat="36.853802"><ele>599.6</ele></trkpt>
   <trkpt lon="-4.468333" lat="36.853632"><ele>602.5</ele></trkpt>
   <trkpt lon="-4.468297" lat="36.853161"><ele>596.6</ele></trkpt>
   <trkpt lon="-4.468244" lat="36.853005"><ele>592.1</ele></trkpt>
   <trkpt lon="-4.468088" lat="36.852883"><ele>586.8</ele></trkpt>
   <trkpt lon="-4.467915" lat="36.852837"><ele>585.5</ele></trkpt>
   <trkpt lon="-4.467403" lat="36.852847"><ele>590.1</ele></trkpt>
   <trkpt lon="-4.467184" lat="36.852784"><ele>591.5</ele></trkpt>
   <trkpt lon="-4.466753" lat="36.852290"><ele>599.0</ele></trkpt>
   <trkpt lon="-4.466735" lat="36.852134"><ele>600.9</ele></trkpt>
   <trkpt lon="-4.466776" lat="36.852049"><ele>600.8</ele></trkpt>
   <trkpt lon="-4.466886" lat="36.851998"><ele>599.0</ele></trkpt>
   <trkpt lon="-4.467148" lat="36.852016"><ele>594.8</ele></trkpt>
   <trkpt lon="-4.467329" lat="36.851959"><ele>593.6</ele></trkpt>
   <trkpt lon="-4.467378" lat="36.851775"><ele>593.6</ele></trkpt>
   <trkpt lon="-4.466846" lat="36.850917"><ele>603.1</ele></trkpt>
   <trkpt lon="-4.466687" lat="36.850740"><ele>607.8</ele></trkpt>
   <trkpt lon="-4.466598" lat="36.850601"><ele>610.8</ele></trkpt>
   <trkpt lon="-4.466673" lat="36.850458"><ele>609.4</ele></trkpt>
   <trkpt lon="-4.466749" lat="36.850215"><ele>608.9</ele></trkpt>
   <trkpt lon="-4.466669" lat="36.850015"><ele>609.2</ele></trkpt>
   <trkpt lon="-4.466451" lat="36.849845"><ele>608.5</ele></trkpt>
   <trkpt lon="-4.466036" lat="36.849697"><ele>599.0</ele></trkpt>
   <trkpt lon="-4.465912" lat="36.849612"><ele>593.6</ele></trkpt>
   <trkpt lon="-4.465867" lat="36.849529"><ele>591.9</ele></trkpt>
   <trkpt lon="-4.465881" lat="36.849266"><ele>592.1</ele></trkpt>
   <trkpt lon="-4.465761" lat="36.848977"><ele>586.2</ele></trkpt>
   <trkpt lon="-4.465751" lat="36.848862"><ele>585.1</ele></trkpt>
   <trkpt lon="-4.465913" lat="36.848502"><ele>588.1</ele></trkpt>
   <trkpt lon="-4.465934" lat="36.848394"><ele>589.1</ele></trkpt>
   <trkpt lon="-4.465905" lat="36.848316"><ele>588.4</ele></trkpt>
   <trkpt lon="-4.465772" lat="36.848138"><ele>583.7</ele></trkpt>
   <trkpt lon="-4.465754" lat="36.848049"><ele>582.5</ele></trkpt>
   <trkpt lon="-4.465885" lat="36.847855"><ele>587.3</ele></trkpt>
   <trkpt lon="-4.465896" lat="36.847745"><ele>588.5</ele></trkpt>
   <trkpt lon="-4.465656" lat="36.847422"><ele>579.3</ele></trkpt>
   <trkpt lon="-4.465650" lat="36.847335"><ele>578.4</ele></trkpt>
   <trkpt lon="-4.465683" lat="36.847236"><ele>578.7</ele></trkpt>
   <trkpt lon="-4.465900" lat="36.847008"><ele>591.0</ele></trkpt>
   <trkpt lon="-4.465917" lat="36.846902"><ele>593.6</ele></trkpt>
   <trkpt lon="-4.465877" lat="36.846800"><ele>594.5</ele></trkpt>
   <trkpt lon="-4.465486" lat="36.846500"><ele>585.5</ele></trkpt>
   <trkpt lon="-4.465401" lat="36.846359"><ele>579.8</ele></trkpt>
   <trkpt lon="-4.465404" lat="36.846230"><ele>577.7</ele></trkpt>
   <trkpt lon="-4.465441" lat="36.846110"><ele>576.5</ele></trkpt>
   <trkpt lon="-4.465841" lat="36.845696"><ele>586.5</ele></trkpt>
   <trkpt lon="-4.465909" lat="36.845566"><ele>590.1</ele></trkpt>
   <trkpt lon="-4.465884" lat="36.845415"><ele>593.8</ele></trkpt>
   <trkpt lon="-4.465782" lat="36.845280"><ele>596.3</ele></trkpt>
   <trkpt lon="-4.465539" lat="36.845101"><ele>598.3</ele></trkpt>
   <trkpt lon="-4.465091" lat="36.844856"><ele>600.9</ele></trkpt>
   <trkpt lon="-4.464482" lat="36.844631"><ele>594.1</ele></trkpt>
   <trkpt lon="-4.464368" lat="36.844546"><ele>592.7</ele></trkpt>
   <trkpt lon="-4.463771" lat="36.843910"><ele>586.4</ele></trkpt>
   <trkpt lon="-4.463724" lat="36.843825"><ele>584.9</ele></trkpt>
   <trkpt lon="-4.463722" lat="36.843716"><ele>585.3</ele></trkpt>
   <trkpt lon="-4.463771" lat="36.843485"><ele>588.1</ele></trkpt>
   <trkpt lon="-4.463755" lat="36.843374"><ele>588.6</ele></trkpt>
   <trkpt lon="-4.463601" lat="36.843040"><ele>584.6</ele></trkpt>
   <trkpt lon="-4.463600" lat="36.842949"><ele>582.5</ele></trkpt>
   <trkpt lon="-4.463635" lat="36.842879"><ele>581.6</ele></trkpt>
   <trkpt lon="-4.463733" lat="36.842797"><ele>581.4</ele></trkpt>
   <trkpt lon="-4.464047" lat="36.842690"><ele>583.2</ele></trkpt>
   <trkpt lon="-4.464196" lat="36.842557"><ele>582.9</ele></trkpt>
   <trkpt lon="-4.464345" lat="36.842249"><ele>581.4</ele></trkpt>
   <trkpt lon="-4.464432" lat="36.842141"><ele>582.5</ele></trkpt>
   <trkpt lon="-4.464550" lat="36.842072"><ele>584.4</ele></trkpt>
   <trkpt lon="-4.465178" lat="36.841951"><ele>585.5</ele></trkpt>
   <trkpt lon="-4.465394" lat="36.841757"><ele>578.6</ele></trkpt>
   <trkpt lon="-4.465526" lat="36.841438"><ele>575.5</ele></trkpt>
   <trkpt lon="-4.465537" lat="36.840941"><ele>570.7</ele></trkpt>
   <trkpt lon="-4.465598" lat="36.840769"><ele>570.2</ele></trkpt>
   <trkpt lon="-4.465683" lat="36.840676"><ele>569.1</ele></trkpt>
   <trkpt lon="-4.466268" lat="36.840476"><ele>570.3</ele></trkpt>
   <trkpt lon="-4.466534" lat="36.840328"><ele>572.0</ele></trkpt>
   <trkpt lon="-4.466629" lat="36.840199"><ele>573.0</ele></trkpt>
   <trkpt lon="-4.466697" lat="36.839970"><ele>575.0</ele></trkpt>
   <trkpt lon="-4.466688" lat="36.839746"><ele>579.1</ele></trkpt>
   <trkpt lon="-4.466543" lat="36.839453"><ele>577.1</ele></trkpt>
   <trkpt lon="-4.466457" lat="36.839248"><ele>572.0</ele></trkpt>
   <trkpt lon="-4.466482" lat="36.839121"><ele>570.2</ele></trkpt>
   <trkpt lon="-4.466588" lat="36.839032"><ele>572.1</ele></trkpt>
   <trkpt lon="-4.466722" lat="36.838936"><ele>575.7</ele></trkpt>
   <trkpt lon="-4.466872" lat="36.838830"><ele>579.8</ele></trkpt>
   <trkpt lon="-4.467012" lat="36.838772"><ele>584.7</ele></trkpt>
   <trkpt lon="-4.467362" lat="36.838627"><ele>591.3</ele></trkpt>
   <trkpt lon="-4.467516" lat="36.838458"><ele>589.8</ele></trkpt>
   <trkpt lon="-4.467575" lat="36.838031"><ele>584.0</ele></trkpt>
   <trkpt lon="-4.467537" lat="36.837874"><ele>581.2</ele></trkpt>
   <trkpt lon="-4.467204" lat="36.837515"><ele>588.6</ele></trkpt>
   <trkpt lon="-4.467161" lat="36.837396"><ele>591.0</ele></trkpt>
   <trkpt lon="-4.467199" lat="36.837308"><ele>589.8</ele></trkpt>
   <trkpt lon="-4.467487" lat="36.836990"><ele>578.0</ele></trkpt>
   <trkpt lon="-4.467496" lat="36.836878"><ele>576.4</ele></trkpt>
   <trkpt lon="-4.467335" lat="36.836624"><ele>581.1</ele></trkpt>
   <trkpt lon="-4.467303" lat="36.836321"><ele>584.2</ele></trkpt>
   <trkpt lon="-4.467449" lat="36.836170"><ele>581.7</ele></trkpt>
   <trkpt lon="-4.468083" lat="36.836143"><ele>570.6</ele></trkpt>
   <trkpt lon="-4.469204" lat="36.836166"><ele>561.4</ele></trkpt>
   <trkpt lon="-4.469734" lat="36.836349"><ele>553.1</ele></trkpt>
   <trkpt lon="-4.469925" lat="36.836385"><ele>551.0</ele></trkpt>
   <trkpt lon="-4.470178" lat="36.836361"><ele>550.1</ele></trkpt>
   <trkpt lon="-4.470327" lat="36.836277"><ele>549.2</ele></trkpt>
   <trkpt lon="-4.470392" lat="36.836122"><ele>545.4</ele></trkpt>
   <trkpt lon="-4.470199" lat="36.835543"><ele>543.2</ele></trkpt>
   <trkpt lon="-4.470193" lat="36.835421"><ele>541.5</ele></trkpt>
   <trkpt lon="-4.470227" lat="36.835370"><ele>539.9</ele></trkpt>
   <trkpt lon="-4.470337" lat="36.835224"><ele>533.6</ele></trkpt>
   <trkpt lon="-4.470355" lat="36.835140"><ele>528.8</ele></trkpt>
   <trkpt lon="-4.470250" lat="36.835015"><ele>524.0</ele></trkpt>
   <trkpt lon="-4.469560" lat="36.834740"><ele>521.5</ele></trkpt>
   <trkpt lon="-4.469168" lat="36.834682"><ele>530.7</ele></trkpt>
   <trkpt lon="-4.469049" lat="36.834627"><ele>533.6</ele></trkpt>
   <trkpt lon="-4.468990" lat="36.834507"><ele>533.6</ele></trkpt>
   <trkpt lon="-4.469290" lat="36.833766"><ele>513.1</ele></trkpt>
   <trkpt lon="-4.469224" lat="36.833632"><ele>508.5</ele></trkpt>
   <trkpt lon="-4.469102" lat="36.833561"><ele>505.8</ele></trkpt>
   <trkpt lon="-4.468902" lat="36.833523"><ele>505.5</ele></trkpt>
   <trkpt lon="-4.468369" lat="36.833343"><ele>509.6</ele></trkpt>
   <trkpt lon="-4.468068" lat="36.833240"><ele>518.6</ele></trkpt>
   <trkpt lon="-4.468020" lat="36.833100"><ele>521.5</ele></trkpt>
   <trkpt lon="-4.468079" lat="36.832969"><ele>520.5</ele></trkpt>
   <trkpt lon="-4.468286" lat="36.832767"><ele>513.4</ele></trkpt>
   <trkpt lon="-4.468485" lat="36.832629"><ele>506.7</ele></trkpt>
   <trkpt lon="-4.468521" lat="36.832228"><ele>496.6</ele></trkpt>
   <trkpt lon="-4.468476" lat="36.832101"><ele>491.3</ele></trkpt>
   <trkpt lon="-4.468286" lat="36.831948"><ele>485.3</ele></trkpt>
   <trkpt lon="-4.468091" lat="36.831859"><ele>482.6</ele></trkpt>
   <trkpt lon="-4.467391" lat="36.831778"><ele>497.5</ele></trkpt>
   <trkpt lon="-4.467307" lat="36.831739"><ele>501.4</ele></trkpt>
   <trkpt lon="-4.467258" lat="36.831654"><ele>504.7</ele></trkpt>
   <trkpt lon="-4.467267" lat="36.831565"><ele>506.0</ele></trkpt>
   <trkpt lon="-4.467511" lat="36.831452"><ele>503.2</ele></trkpt>
   <trkpt lon="-4.467914" lat="36.831175"><ele>498.3</ele></trkpt>
   <trkpt lon="-4.468060" lat="36.830980"><ele>489.6</ele></trkpt>
   <trkpt lon="-4.468082" lat="36.830757"><ele>487.4</ele></trkpt>
   <trkpt lon="-4.467940" lat="36.830608"><ele>494.6</ele></trkpt>
   <trkpt lon="-4.467883" lat="36.830477"><ele>498.3</ele></trkpt>
   <trkpt lon="-4.467911" lat="36.830400"><ele>500.7</ele></trkpt>
   <trkpt lon="-4.467967" lat="36.830360"><ele>500.0</ele></trkpt>
   <trkpt lon="-4.468893" lat="36.829934"><ele>481.5</ele></trkpt>
   <trkpt lon="-4.469020" lat="36.829820"><ele>478.7</ele></trkpt>
   <trkpt lon="-4.469030" lat="36.829692"><ele>477.0</ele></trkpt>
   <trkpt lon="-4.468920" lat="36.829225"><ele>470.1</ele></trkpt>
   <trkpt lon="-4.468813" lat="36.829056"><ele>470.3</ele></trkpt>
   <trkpt lon="-4.468513" lat="36.828905"><ele>482.6</ele></trkpt>
   <trkpt lon="-4.468473" lat="36.828842"><ele>484.4</ele></trkpt>
   <trkpt lon="-4.468472" lat="36.828758"><ele>484.8</ele></trkpt>
   <trkpt lon="-4.468750" lat="36.828340"><ele>474.8</ele></trkpt>
   <trkpt lon="-4.468736" lat="36.827261"><ele>466.9</ele></trkpt>
   <trkpt lon="-4.468822" lat="36.826582"><ele>444.3</ele></trkpt>
   <trkpt lon="-4.469003" lat="36.825690"><ele>438.2</ele></trkpt>
   <trkpt lon="-4.469022" lat="36.824743"><ele>425.0</ele></trkpt>
   <trkpt lon="-4.469024" lat="36.824636"><ele>422.0</ele></trkpt>
   <trkpt lon="-4.469096" lat="36.824381"><ele>416.6</ele></trkpt>
   <trkpt lon="-4.469291" lat="36.823962"><ele>420.5</ele></trkpt>
   <trkpt lon="-4.469260" lat="36.823731"><ele>425.2</ele></trkpt>
   <trkpt lon="-4.469047" lat="36.823439"><ele>427.4</ele></trkpt>
   <trkpt lon="-4.468143" lat="36.822364"><ele>438.7</ele></trkpt>
   <trkpt lon="-4.468005" lat="36.822197"><ele>435.9</ele></trkpt>
   <trkpt lon="-4.467998" lat="36.822095"><ele>434.4</ele></trkpt>
   <trkpt lon="-4.468424" lat="36.820503"><ele>451.9</ele></trkpt>
   <trkpt lon="-4.468447" lat="36.820192"><ele>453.4</ele></trkpt>
   <trkpt lon="-4.468394" lat="36.819981"><ele>451.9</ele></trkpt>
   <trkpt lon="-4.468378" lat="36.819915"><ele>451.6</ele></trkpt>
   <trkpt lon="-4.468296" lat="36.819668"><ele>453.0</ele></trkpt>
   <trkpt lon="-4.468350" lat="36.819171"><ele>448.0</ele></trkpt>
   <trkpt lon="-4.468352" lat="36.818991"><ele>444.7</ele></trkpt>
   <trkpt lon="-4.468279" lat="36.818867"><ele>443.8</ele></trkpt>
   <trkpt lon="-4.468081" lat="36.818692"><ele>444.2</ele></trkpt>
   <trkpt lon="-4.468007" lat="36.818547"><ele>442.3</ele></trkpt>
   <trkpt lon="-4.468039" lat="36.818329"><ele>439.4</ele></trkpt>
   <trkpt lon="-4.468039" lat="36.818059"><ele>436.3</ele></trkpt>
   <trkpt lon="-4.467872" lat="36.817833"><ele>434.2</ele></trkpt>
   <trkpt lon="-4.467518" lat="36.817562"><ele>432.6</ele></trkpt>
   <trkpt lon="-4.467341" lat="36.817394"><ele>434.2</ele></trkpt>
   <trkpt lon="-4.467319" lat="36.817066"><ele>441.0</ele></trkpt>
   <trkpt lon="-4.467330" lat="36.816755"><ele>446.8</ele></trkpt>
   <trkpt lon="-4.467429" lat="36.816556"><ele>449.8</ele></trkpt>
   <trkpt lon="-4.467640" lat="36.816379"><ele>450.9</ele></trkpt>
   <trkpt lon="-4.467706" lat="36.816206"><ele>452.5</ele></trkpt>
   <trkpt lon="-4.467696" lat="36.815920"><ele>454.6</ele></trkpt>
   <trkpt lon="-4.467606" lat="36.815719"><ele>458.1</ele></trkpt>
   <trkpt lon="-4.467616" lat="36.815608"><ele>459.6</ele></trkpt>
   <trkpt lon="-4.467692" lat="36.815541"><ele>458.8</ele></trkpt>
   <trkpt lon="-4.468027" lat="36.815500"><ele>451.5</ele></trkpt>
   <trkpt lon="-4.468108" lat="36.815400"><ele>449.0</ele></trkpt>
   <trkpt lon="-4.468091" lat="36.815279"><ele>447.8</ele></trkpt>
   <trkpt lon="-4.467905" lat="36.815070"><ele>451.5</ele></trkpt>
   <trkpt lon="-4.467811" lat="36.814654"><ele>453.1</ele></trkpt>
   <trkpt lon="-4.467820" lat="36.814584"><ele>452.6</ele></trkpt>
   <trkpt lon="-4.468034" lat="36.814202"><ele>444.1</ele></trkpt>
   <trkpt lon="-4.468246" lat="36.813936"><ele>434.4</ele></trkpt>
   <trkpt lon="-4.468243" lat="36.813828"><ele>432.3</ele></trkpt>
   <trkpt lon="-4.467920" lat="36.813538"><ele>439.8</ele></trkpt>
   <trkpt lon="-4.467855" lat="36.813418"><ele>441.8</ele></trkpt>
   <trkpt lon="-4.467865" lat="36.813340"><ele>443.1</ele></trkpt>
   <trkpt lon="-4.467903" lat="36.813239"><ele>443.7</ele></trkpt>
   <trkpt lon="-4.468004" lat="36.813177"><ele>441.7</ele></trkpt>
   <trkpt lon="-4.468770" lat="36.812898"><ele>425.8</ele></trkpt>
   <trkpt lon="-4.469030" lat="36.812838"><ele>420.1</ele></trkpt>
   <trkpt lon="-4.469133" lat="36.812788"><ele>418.2</ele></trkpt>
   <trkpt lon="-4.469141" lat="36.812693"><ele>417.0</ele></trkpt>
   <trkpt lon="-4.468891" lat="36.812488"><ele>418.2</ele></trkpt>
   <trkpt lon="-4.468741" lat="36.812281"><ele>421.7</ele></trkpt>
   <trkpt lon="-4.468735" lat="36.812209"><ele>422.3</ele></trkpt>
   <trkpt lon="-4.468790" lat="36.812094"><ele>421.5</ele></trkpt>
   <trkpt lon="-4.468875" lat="36.812060"><ele>419.4</ele></trkpt>
   <trkpt lon="-4.469007" lat="36.812086"><ele>415.8</ele></trkpt>
   <trkpt lon="-4.469258" lat="36.812180"><ele>409.4</ele></trkpt>
   <trkpt lon="-4.469338" lat="36.812184"><ele>407.7</ele></trkpt>
   <trkpt lon="-4.469604" lat="36.812140"><ele>401.7</ele></trkpt>
   <trkpt lon="-4.469850" lat="36.812052"><ele>395.1</ele></trkpt>
   <trkpt lon="-4.469967" lat="36.811999"><ele>392.9</ele></trkpt>
   <trkpt lon="-4.470104" lat="36.811927"><ele>389.8</ele></trkpt>
   <trkpt lon="-4.470341" lat="36.811741"><ele>384.1</ele></trkpt>
   <trkpt lon="-4.470472" lat="36.811756"><ele>380.9</ele></trkpt>
   <trkpt lon="-4.470882" lat="36.811864"><ele>377.3</ele></trkpt>
   <trkpt lon="-4.470949" lat="36.811877"><ele>377.6</ele></trkpt>
   <trkpt lon="-4.471029" lat="36.811874"><ele>377.6</ele></trkpt>
   <trkpt lon="-4.471351" lat="36.811752"><ele>377.1</ele></trkpt>
   <trkpt lon="-4.472193" lat="36.811382"><ele>369.3</ele></trkpt>
   <trkpt lon="-4.472392" lat="36.811280"><ele>371.8</ele></trkpt>
   <trkpt lon="-4.472628" lat="36.811143"><ele>374.1</ele></trkpt>
   <trkpt lon="-4.473288" lat="36.811133"><ele>384.1</ele></trkpt>
   <trkpt lon="-4.473877" lat="36.811168"><ele>383.8</ele></trkpt>
   <trkpt lon="-4.474088" lat="36.811161"><ele>384.8</ele></trkpt>
   <trkpt lon="-4.474403" lat="36.811120"><ele>385.1</ele></trkpt>
   <trkpt lon="-4.474549" lat="36.811080"><ele>385.5</ele></trkpt>
   <trkpt lon="-4.474951" lat="36.810910"><ele>382.6</ele></trkpt>
   <trkpt lon="-4.475068" lat="36.810910"><ele>380.3</ele></trkpt>
   <trkpt lon="-4.475410" lat="36.810977"><ele>374.1</ele></trkpt>
   <trkpt lon="-4.475877" lat="36.810962"><ele>374.9</ele></trkpt>
   <trkpt lon="-4.476378" lat="36.811028"><ele>367.4</ele></trkpt>
   <trkpt lon="-4.476521" lat="36.811024"><ele>366.2</ele></trkpt>
   <trkpt lon="-4.476823" lat="36.810982"><ele>364.5</ele></trkpt>
   <trkpt lon="-4.477291" lat="36.811070"><ele>357.9</ele></trkpt>
   <trkpt lon="-4.477434" lat="36.811083"><ele>356.8</ele></trkpt>
   <trkpt lon="-4.477645" lat="36.811075"><ele>356.3</ele></trkpt>
   <trkpt lon="-4.477804" lat="36.811039"><ele>356.2</ele></trkpt>
   <trkpt lon="-4.478258" lat="36.810871"><ele>356.5</ele></trkpt>
   <trkpt lon="-4.478378" lat="36.810862"><ele>354.7</ele></trkpt>
   <trkpt lon="-4.478828" lat="36.810943"><ele>344.7</ele></trkpt>
   <trkpt lon="-4.478961" lat="36.810943"><ele>343.2</ele></trkpt>
   <trkpt lon="-4.479163" lat="36.810886"><ele>341.8</ele></trkpt>
   <trkpt lon="-4.479239" lat="36.810841"><ele>341.6</ele></trkpt>
   <trkpt lon="-4.479546" lat="36.810538"><ele>339.4</ele></trkpt>
   <trkpt lon="-4.479627" lat="36.810478"><ele>338.1</ele></trkpt>
   <trkpt lon="-4.479865" lat="36.810367"><ele>335.2</ele></trkpt>
   <trkpt lon="-4.480027" lat="36.810314"><ele>333.3</ele></trkpt>
   <trkpt lon="-4.480177" lat="36.810286"><ele>331.4</ele></trkpt>
   <trkpt lon="-4.480606" lat="36.810245"><ele>326.3</ele></trkpt>
   <trkpt lon="-4.480787" lat="36.810184"><ele>324.5</ele></trkpt>
   <trkpt lon="-4.480933" lat="36.810086"><ele>323.6</ele></trkpt>
   <trkpt lon="-4.481233" lat="36.809844"><ele>320.1</ele></trkpt>
   <trkpt lon="-4.481325" lat="36.809734"><ele>319.3</ele></trkpt>
   <trkpt lon="-4.481358" lat="36.809651"><ele>319.3</ele></trkpt>
   <trkpt lon="-4.481402" lat="36.809343"><ele>319.0</ele></trkpt>
   <trkpt lon="-4.481401" lat="36.808983"><ele>321.5</ele></trkpt>
   <trkpt lon="-4.481423" lat="36.808861"><ele>323.0</ele></trkpt>
   <trkpt lon="-4.481471" lat="36.808771"><ele>323.7</ele></trkpt>
   <trkpt lon="-4.481551" lat="36.808687"><ele>324.1</ele></trkpt>
   <trkpt lon="-4.481914" lat="36.808459"><ele>324.5</ele></trkpt>
   <trkpt lon="-4.482004" lat="36.808329"><ele>326.1</ele></trkpt>
   <trkpt lon="-4.482165" lat="36.807979"><ele>324.9</ele></trkpt>
   <trkpt lon="-4.482200" lat="36.807751"><ele>320.0</ele></trkpt>
   <trkpt lon="-4.482177" lat="36.807602"><ele>317.8</ele></trkpt>
   <trkpt lon="-4.482121" lat="36.807508"><ele>317.9</ele></trkpt>
   <trkpt lon="-4.482069" lat="36.807452"><ele>318.6</ele></trkpt>
   <trkpt lon="-4.481913" lat="36.807340"><ele>321.5</ele></trkpt>
   <trkpt lon="-4.481856" lat="36.807285"><ele>322.8</ele></trkpt>
   <trkpt lon="-4.481822" lat="36.807220"><ele>325.1</ele></trkpt>
   <trkpt lon="-4.481823" lat="36.807144"><ele>326.7</ele></trkpt>
   <trkpt lon="-4.481892" lat="36.807035"><ele>326.8</ele></trkpt>
   <trkpt lon="-4.482044" lat="36.806869"><ele>324.8</ele></trkpt>
   <trkpt lon="-4.482155" lat="36.806611"><ele>326.5</ele></trkpt>
   <trkpt lon="-4.482204" lat="36.806565"><ele>326.6</ele></trkpt>
   <trkpt lon="-4.482284" lat="36.806521"><ele>325.8</ele></trkpt>
   <trkpt lon="-4.482507" lat="36.806421"><ele>322.7</ele></trkpt>
   <trkpt lon="-4.482578" lat="36.806365"><ele>322.4</ele></trkpt>
   <trkpt lon="-4.482675" lat="36.806247"><ele>323.5</ele></trkpt>
   <trkpt lon="-4.482870" lat="36.805979"><ele>325.6</ele></trkpt>
   <trkpt lon="-4.483055" lat="36.805839"><ele>321.9</ele></trkpt>
   <trkpt lon="-4.483453" lat="36.805630"><ele>311.9</ele></trkpt>
   <trkpt lon="-4.483833" lat="36.805281"><ele>298.1</ele></trkpt>
   <trkpt lon="-4.484197" lat="36.805194"><ele>290.9</ele></trkpt>
   <trkpt lon="-4.484415" lat="36.805108"><ele>287.5</ele></trkpt>
   <trkpt lon="-4.484570" lat="36.805021"><ele>285.5</ele></trkpt>
   <trkpt lon="-4.484633" lat="36.804970"><ele>284.4</ele></trkpt>
   <trkpt lon="-4.484687" lat="36.804893"><ele>282.5</ele></trkpt>
   <trkpt lon="-4.484706" lat="36.804825"><ele>281.4</ele></trkpt>
   <trkpt lon="-4.484721" lat="36.804549"><ele>276.8</ele></trkpt>
   <trkpt lon="-4.484867" lat="36.804095"><ele>272.7</ele></trkpt>
   <trkpt lon="-4.484926" lat="36.803972"><ele>272.4</ele></trkpt>
   <trkpt lon="-4.485108" lat="36.803769"><ele>274.4</ele></trkpt>
   <trkpt lon="-4.485158" lat="36.803671"><ele>275.1</ele></trkpt>
   <trkpt lon="-4.485203" lat="36.803471"><ele>273.9</ele></trkpt>
   <trkpt lon="-4.485284" lat="36.803347"><ele>272.2</ele></trkpt>
   <trkpt lon="-4.485716" lat="36.802882"><ele>265.8</ele></trkpt>
   <trkpt lon="-4.485956" lat="36.802530"><ele>264.5</ele></trkpt>
   <trkpt lon="-4.486096" lat="36.802386"><ele>264.1</ele></trkpt>
   <trkpt lon="-4.486213" lat="36.802285"><ele>264.6</ele></trkpt>
   <trkpt lon="-4.486250" lat="36.802222"><ele>264.5</ele></trkpt>
   <trkpt lon="-4.486256" lat="36.802135"><ele>264.2</ele></trkpt>
   <trkpt lon="-4.486226" lat="36.802050"><ele>264.5</ele></trkpt>
   <trkpt lon="-4.485967" lat="36.801708"><ele>259.8</ele></trkpt>
   <trkpt lon="-4.485915" lat="36.801601"><ele>257.6</ele></trkpt>
   <trkpt lon="-4.485906" lat="36.801445"><ele>256.1</ele></trkpt>
   <trkpt lon="-4.485925" lat="36.801358"><ele>256.0</ele></trkpt>
   <trkpt lon="-4.485971" lat="36.801259"><ele>256.3</ele></trkpt>
   <trkpt lon="-4.486059" lat="36.801136"><ele>256.7</ele></trkpt>
   <trkpt lon="-4.486166" lat="36.801033"><ele>258.8</ele></trkpt>
   <trkpt lon="-4.486331" lat="36.800946"><ele>260.2</ele></trkpt>
   <trkpt lon="-4.486494" lat="36.800921"><ele>260.9</ele></trkpt>
   <trkpt lon="-4.486678" lat="36.800942"><ele>261.9</ele></trkpt>
   <trkpt lon="-4.487135" lat="36.801103"><ele>261.9</ele></trkpt>
   <trkpt lon="-4.487246" lat="36.801160"><ele>260.9</ele></trkpt>
   <trkpt lon="-4.487308" lat="36.801210"><ele>261.1</ele></trkpt>
   <trkpt lon="-4.487389" lat="36.801334"><ele>263.3</ele></trkpt>
   <trkpt lon="-4.487435" lat="36.801551"><ele>267.8</ele></trkpt>
   <trkpt lon="-4.487437" lat="36.801874"><ele>270.4</ele></trkpt>
   <trkpt lon="-4.487452" lat="36.801944"><ele>268.6</ele></trkpt>
   <trkpt lon="-4.487501" lat="36.802033"><ele>265.4</ele></trkpt>
   <trkpt lon="-4.487625" lat="36.802181"><ele>259.4</ele></trkpt>
   <trkpt lon="-4.487688" lat="36.802230"><ele>258.0</ele></trkpt>
   <trkpt lon="-4.487764" lat="36.802265"><ele>256.1</ele></trkpt>
   <trkpt lon="-4.487838" lat="36.802274"><ele>253.9</ele></trkpt>
   <trkpt lon="-4.487930" lat="36.802252"><ele>251.1</ele></trkpt>
   <trkpt lon="-4.487996" lat="36.802207"><ele>248.4</ele></trkpt>
   <trkpt lon="-4.488045" lat="36.802148"><ele>245.9</ele></trkpt>
   <trkpt lon="-4.488152" lat="36.801971"><ele>241.3</ele></trkpt>
   <trkpt lon="-4.488219" lat="36.801899"><ele>238.5</ele></trkpt>
   <trkpt lon="-4.488279" lat="36.801860"><ele>236.8</ele></trkpt>
   <trkpt lon="-4.488390" lat="36.801841"><ele>234.0</ele></trkpt>
   <trkpt lon="-4.488565" lat="36.801867"><ele>231.8</ele></trkpt>
   <trkpt lon="-4.488618" lat="36.801861"><ele>231.7</ele></trkpt>
   <trkpt lon="-4.488688" lat="36.801826"><ele>230.7</ele></trkpt>
   <trkpt lon="-4.488734" lat="36.801768"><ele>229.5</ele></trkpt>
   <trkpt lon="-4.488847" lat="36.801472"><ele>222.1</ele></trkpt>
   <trkpt lon="-4.489021" lat="36.801267"><ele>217.5</ele></trkpt>
   <trkpt lon="-4.489137" lat="36.801085"><ele>213.0</ele></trkpt>
   <trkpt lon="-4.489269" lat="36.800956"><ele>210.0</ele></trkpt>
   <trkpt lon="-4.489410" lat="36.800888"><ele>208.3</ele></trkpt>
   <trkpt lon="-4.489761" lat="36.800779"><ele>205.3</ele></trkpt>
   <trkpt lon="-4.490000" lat="36.800665"><ele>203.5</ele></trkpt>
   <trkpt lon="-4.490175" lat="36.800556"><ele>200.2</ele></trkpt>
   <trkpt lon="-4.490300" lat="36.800455"><ele>196.9</ele></trkpt>
   <trkpt lon="-4.490475" lat="36.800215"><ele>193.5</ele></trkpt>
   <trkpt lon="-4.490567" lat="36.800127"><ele>190.5</ele></trkpt>
   <trkpt lon="-4.490680" lat="36.800071"><ele>190.6</ele></trkpt>
   <trkpt lon="-4.491464" lat="36.799823"><ele>191.7</ele></trkpt>
   <trkpt lon="-4.491640" lat="36.799805"><ele>194.2</ele></trkpt>
   <trkpt lon="-4.491864" lat="36.799804"><ele>194.6</ele></trkpt>
   <trkpt lon="-4.491950" lat="36.799790"><ele>194.8</ele></trkpt>
   <trkpt lon="-4.492030" lat="36.799759"><ele>193.3</ele></trkpt>
   <trkpt lon="-4.492087" lat="36.799718"><ele>191.9</ele></trkpt>
   <trkpt lon="-4.492191" lat="36.799587"><ele>189.3</ele></trkpt>
   <trkpt lon="-4.492204" lat="36.799402"><ele>187.4</ele></trkpt>
   <trkpt lon="-4.492433" lat="36.799308"><ele>181.7</ele></trkpt>
   <trkpt lon="-4.492444" lat="36.799282"><ele>181.1</ele></trkpt>
   <trkpt lon="-4.492778" lat="36.799062"><ele>176.2</ele></trkpt>
   <trkpt lon="-4.492801" lat="36.798779"><ele>170.6</ele></trkpt>
   <trkpt lon="-4.493022" lat="36.798519"><ele>161.4</ele></trkpt>
   <trkpt lon="-4.493001" lat="36.798423"><ele>158.4</ele></trkpt>
   <trkpt lon="-4.492873" lat="36.798364"><ele>157.9</ele></trkpt>
   <trkpt lon="-4.492649" lat="36.798378"><ele>158.7</ele></trkpt>
   <trkpt lon="-4.492401" lat="36.798359"><ele>159.2</ele></trkpt>
   <trkpt lon="-4.492168" lat="36.798243"><ele>158.1</ele></trkpt>
   <trkpt lon="-4.492111" lat="36.798122"><ele>157.0</ele></trkpt>
   <trkpt lon="-4.492143" lat="36.798021"><ele>156.7</ele></trkpt>
   <trkpt lon="-4.492271" lat="36.797911"><ele>157.7</ele></trkpt>
   <trkpt lon="-4.492329" lat="36.797901"><ele>158.1</ele></trkpt>
   <trkpt lon="-4.492690" lat="36.797898"><ele>159.6</ele></trkpt>
   <trkpt lon="-4.492822" lat="36.797742"><ele>162.0</ele></trkpt>
   <trkpt lon="-4.492809" lat="36.797334"><ele>169.1</ele></trkpt>
   <trkpt lon="-4.492955" lat="36.797190"><ele>170.4</ele></trkpt>
   <trkpt lon="-4.493472" lat="36.796954"><ele>163.7</ele></trkpt>
   <trkpt lon="-4.493996" lat="36.796964"><ele>156.2</ele></trkpt>
   <trkpt lon="-4.494072" lat="36.796939"><ele>155.6</ele></trkpt>
   <trkpt lon="-4.494156" lat="36.796912"><ele>155.1</ele></trkpt>
   <trkpt lon="-4.494381" lat="36.796603"><ele>155.3</ele></trkpt>
   <trkpt lon="-4.494603" lat="36.796489"><ele>152.1</ele></trkpt>
   <trkpt lon="-4.494982" lat="36.796499"><ele>147.4</ele></trkpt>
   <trkpt lon="-4.495437" lat="36.796387"><ele>146.4</ele></trkpt>
   <trkpt lon="-4.495696" lat="36.796453"><ele>144.6</ele></trkpt>
   <trkpt lon="-4.496038" lat="36.796468"><ele>142.9</ele></trkpt>
   <trkpt lon="-4.496566" lat="36.796583"><ele>139.6</ele></trkpt>
   <trkpt lon="-4.496721" lat="36.796541"><ele>140.8</ele></trkpt>
   <trkpt lon="-4.497006" lat="36.796311"><ele>140.7</ele></trkpt>
   <trkpt lon="-4.497218" lat="36.796285"><ele>137.6</ele></trkpt>
   <trkpt lon="-4.497553" lat="36.796346"><ele>134.2</ele></trkpt>
   <trkpt lon="-4.497887" lat="36.796255"><ele>132.1</ele></trkpt>
   <trkpt lon="-4.497977" lat="36.796012"><ele>132.3</ele></trkpt>
   <trkpt lon="-4.498112" lat="36.795929"><ele>131.5</ele></trkpt>
   <trkpt lon="-4.498381" lat="36.795965"><ele>131.5</ele></trkpt>
   <trkpt lon="-4.498526" lat="36.796098"><ele>130.0</ele></trkpt>
   <trkpt lon="-4.498547" lat="36.796339"><ele>125.4</ele></trkpt>
   <trkpt lon="-4.498682" lat="36.796451"><ele>123.1</ele></trkpt>
   <trkpt lon="-4.498948" lat="36.796438"><ele>124.3</ele></trkpt>
   <trkpt lon="-4.499225" lat="36.796267"><ele>128.6</ele></trkpt>
   <trkpt lon="-4.499506" lat="36.796240"><ele>128.4</ele></trkpt>
   <trkpt lon="-4.500160" lat="36.796347"><ele>122.1</ele></trkpt>
   <trkpt lon="-4.500395" lat="36.796213"><ele>121.6</ele></trkpt>
   <trkpt lon="-4.500839" lat="36.795455"><ele>115.7</ele></trkpt>
   <trkpt lon="-4.500922" lat="36.795393"><ele>113.8</ele></trkpt>
   <trkpt lon="-4.500753" lat="36.794244"><ele>103.1</ele></trkpt>
   <trkpt lon="-4.500601" lat="36.793354"><ele>96.4</ele></trkpt>
   <trkpt lon="-4.500457" lat="36.792913"><ele>91.4</ele></trkpt>
   <trkpt lon="-4.500377" lat="36.792802"><ele>89.5</ele></trkpt>
   <trkpt lon="-4.500280" lat="36.792719"><ele>87.8</ele></trkpt>
   <trkpt lon="-4.500018" lat="36.792584"><ele>84.5</ele></trkpt>
   <trkpt lon="-4.499834" lat="36.792522"><ele>83.6</ele></trkpt>
   <trkpt lon="-4.499766" lat="36.792493"><ele>83.6</ele></trkpt>
   <trkpt lon="-4.499619" lat="36.792434"><ele>84.1</ele></trkpt>
   <trkpt lon="-4.499115" lat="36.792268"><ele>88.2</ele></trkpt>
   <trkpt lon="-4.498990" lat="36.792189"><ele>89.8</ele></trkpt>
   <trkpt lon="-4.498870" lat="36.792092"><ele>90.5</ele></trkpt>
   <trkpt lon="-4.498680" lat="36.791915"><ele>89.9</ele></trkpt>
   <trkpt lon="-4.498372" lat="36.791589"><ele>89.7</ele></trkpt>
   <trkpt lon="-4.498194" lat="36.791357"><ele>90.2</ele></trkpt>
   <trkpt lon="-4.498096" lat="36.791121"><ele>90.7</ele></trkpt>
   <trkpt lon="-4.498053" lat="36.790908"><ele>92.6</ele></trkpt>
   <trkpt lon="-4.498056" lat="36.790402"><ele>93.7</ele></trkpt>
   <trkpt lon="-4.498134" lat="36.790103"><ele>92.5</ele></trkpt>
   <trkpt lon="-4.498192" lat="36.789799"><ele>92.0</ele></trkpt>
   <trkpt lon="-4.498161" lat="36.789548"><ele>92.4</ele></trkpt>
   <trkpt lon="-4.498045" lat="36.789127"><ele>89.0</ele></trkpt>
   <trkpt lon="-4.497989" lat="36.789011"><ele>86.6</ele></trkpt>
   <trkpt lon="-4.497876" lat="36.788897"><ele>84.2</ele></trkpt>
   <trkpt lon="-4.497700" lat="36.788855"><ele>84.2</ele></trkpt>
   <trkpt lon="-4.497518" lat="36.788826"><ele>86.8</ele></trkpt>
   <trkpt lon="-4.497375" lat="36.788791"><ele>89.0</ele></trkpt>
   <trkpt lon="-4.497211" lat="36.788710"><ele>91.2</ele></trkpt>
   <trkpt lon="-4.497074" lat="36.788464"><ele>88.1</ele></trkpt>
   <trkpt lon="-4.497013" lat="36.788261"><ele>84.2</ele></trkpt>
   <trkpt lon="-4.497000" lat="36.788137"><ele>82.8</ele></trkpt>
   <trkpt lon="-4.497030" lat="36.788003"><ele>85.3</ele></trkpt>
   <trkpt lon="-4.497020" lat="36.787832"><ele>88.8</ele></trkpt>
   <trkpt lon="-4.496950" lat="36.787718"><ele>92.2</ele></trkpt>
   <trkpt lon="-4.496872" lat="36.787554"><ele>97.9</ele></trkpt>
   <trkpt lon="-4.496783" lat="36.787312"><ele>106.3</ele></trkpt>
   <trkpt lon="-4.496742" lat="36.787065"><ele>113.1</ele></trkpt>
   <trkpt lon="-4.496758" lat="36.786852"><ele>116.7</ele></trkpt>
   <trkpt lon="-4.496845" lat="36.786659"><ele>117.2</ele></trkpt>
   <trkpt lon="-4.496998" lat="36.786499"><ele>117.2</ele></trkpt>
   <trkpt lon="-4.497087" lat="36.786427"><ele>116.7</ele></trkpt>
   <trkpt lon="-4.497235" lat="36.786278"><ele>113.2</ele></trkpt>
   <trkpt lon="-4.497299" lat="36.786175"><ele>112.8</ele></trkpt>
   <trkpt lon="-4.497461" lat="36.785673"><ele>118.0</ele></trkpt>
   <trkpt lon="-4.497549" lat="36.785517"><ele>121.7</ele></trkpt>
   <trkpt lon="-4.497745" lat="36.785433"><ele>120.2</ele></trkpt>
   <trkpt lon="-4.498049" lat="36.785404"><ele>119.1</ele></trkpt>
   <trkpt lon="-4.498296" lat="36.785280"><ele>118.5</ele></trkpt>
   <trkpt lon="-4.498364" lat="36.785107"><ele>119.8</ele></trkpt>
   <trkpt lon="-4.498310" lat="36.784951"><ele>120.4</ele></trkpt>
   <trkpt lon="-4.498091" lat="36.784664"><ele>125.2</ele></trkpt>
   <trkpt lon="-4.498076" lat="36.784539"><ele>127.1</ele></trkpt>
   <trkpt lon="-4.498166" lat="36.784468"><ele>126.9</ele></trkpt>
   <trkpt lon="-4.498306" lat="36.784488"><ele>125.5</ele></trkpt>
   <trkpt lon="-4.498603" lat="36.784567"><ele>121.3</ele></trkpt>
   <trkpt lon="-4.498816" lat="36.784529"><ele>121.7</ele></trkpt>
   <trkpt lon="-4.499355" lat="36.784009"><ele>129.7</ele></trkpt>
   <trkpt lon="-4.499572" lat="36.783896"><ele>126.3</ele></trkpt>
   <trkpt lon="-4.499862" lat="36.783839"><ele>120.7</ele></trkpt>
   <trkpt lon="-4.500012" lat="36.783740"><ele>119.8</ele></trkpt>
   <trkpt lon="-4.500095" lat="36.783589"><ele>116.1</ele></trkpt>
   <trkpt lon="-4.500050" lat="36.783419"><ele>114.7</ele></trkpt>
   <trkpt lon="-4.499917" lat="36.783291"><ele>115.7</ele></trkpt>
   <trkpt lon="-4.499672" lat="36.783092"><ele>116.0</ele></trkpt>
   <trkpt lon="-4.499418" lat="36.782992"><ele>119.0</ele></trkpt>
   <trkpt lon="-4.499229" lat="36.782941"><ele>122.1</ele></trkpt>
   <trkpt lon="-4.498770" lat="36.782846"><ele>130.6</ele></trkpt>
   <trkpt lon="-4.498705" lat="36.782799"><ele>132.5</ele></trkpt>
   <trkpt lon="-4.498719" lat="36.782728"><ele>133.0</ele></trkpt>
   <trkpt lon="-4.498815" lat="36.782660"><ele>132.7</ele></trkpt>
   <trkpt lon="-4.498959" lat="36.782607"><ele>131.6</ele></trkpt>
   <trkpt lon="-4.498992" lat="36.782582"><ele>131.6</ele></trkpt>
   <trkpt lon="-4.499039" lat="36.782545"><ele>131.5</ele></trkpt>
   <trkpt lon="-4.499091" lat="36.782385"><ele>133.3</ele></trkpt>
   <trkpt lon="-4.499197" lat="36.782172"><ele>130.1</ele></trkpt>
   <trkpt lon="-4.499229" lat="36.782050"><ele>128.4</ele></trkpt>
   <trkpt lon="-4.499197" lat="36.781984"><ele>127.8</ele></trkpt>
   <trkpt lon="-4.499140" lat="36.781918"><ele>127.4</ele></trkpt>
   <trkpt lon="-4.499020" lat="36.781835"><ele>128.8</ele></trkpt>
   <trkpt lon="-4.498742" lat="36.781686"><ele>133.0</ele></trkpt>
   <trkpt lon="-4.498544" lat="36.781511"><ele>128.6</ele></trkpt>
   <trkpt lon="-4.498334" lat="36.781376"><ele>122.5</ele></trkpt>
   <trkpt lon="-4.498182" lat="36.781334"><ele>120.7</ele></trkpt>
   <trkpt lon="-4.498015" lat="36.781327"><ele>120.5</ele></trkpt>
   <trkpt lon="-4.497722" lat="36.781341"><ele>119.1</ele></trkpt>
   <trkpt lon="-4.497161" lat="36.781552"><ele>127.3</ele></trkpt>
   <trkpt lon="-4.496977" lat="36.781579"><ele>130.7</ele></trkpt>
   <trkpt lon="-4.496845" lat="36.781527"><ele>131.6</ele></trkpt>
   <trkpt lon="-4.496646" lat="36.781363"><ele>128.4</ele></trkpt>
   <trkpt lon="-4.496421" lat="36.781149"><ele>125.9</ele></trkpt>
   <trkpt lon="-4.496089" lat="36.781039"><ele>124.6</ele></trkpt>
   <trkpt lon="-4.495483" lat="36.780942"><ele>128.3</ele></trkpt>
   <trkpt lon="-4.495192" lat="36.780895"><ele>129.0</ele></trkpt>
   <trkpt lon="-4.494994" lat="36.780864"><ele>129.0</ele></trkpt>
   <trkpt lon="-4.494812" lat="36.780731"><ele>129.0</ele></trkpt>
   <trkpt lon="-4.494598" lat="36.780639"><ele>139.1</ele></trkpt>
   <trkpt lon="-4.493633" lat="36.780545"><ele>140.9</ele></trkpt>
   <trkpt lon="-4.493388" lat="36.780422"><ele>140.3</ele></trkpt>
   <trkpt lon="-4.493165" lat="36.780227"><ele>140.9</ele></trkpt>
   <trkpt lon="-4.493087" lat="36.780022"><ele>142.9</ele></trkpt>
   <trkpt lon="-4.493047" lat="36.779487"><ele>155.1</ele></trkpt>
   <trkpt lon="-4.492903" lat="36.779360"><ele>157.7</ele></trkpt>
   <trkpt lon="-4.492759" lat="36.779311"><ele>159.7</ele></trkpt>
   <trkpt lon="-4.492520" lat="36.779283"><ele>162.3</ele></trkpt>
   <trkpt lon="-4.492282" lat="36.779274"><ele>164.7</ele></trkpt>
   <trkpt lon="-4.492033" lat="36.779332"><ele>166.0</ele></trkpt>
   <trkpt lon="-4.491789" lat="36.779336"><ele>168.2</ele></trkpt>
   <trkpt lon="-4.491695" lat="36.779250"><ele>171.5</ele></trkpt>
   <trkpt lon="-4.491754" lat="36.779144"><ele>174.4</ele></trkpt>
   <trkpt lon="-4.491899" lat="36.779071"><ele>175.9</ele></trkpt>
   <trkpt lon="-4.492433" lat="36.778863"><ele>175.7</ele></trkpt>
   <trkpt lon="-4.492609" lat="36.778675"><ele>175.6</ele></trkpt>
   <trkpt lon="-4.492642" lat="36.778481"><ele>176.3</ele></trkpt>
   <trkpt lon="-4.492688" lat="36.778206"><ele>177.2</ele></trkpt>
   <trkpt lon="-4.492761" lat="36.778073"><ele>177.7</ele></trkpt>
   <trkpt lon="-4.492826" lat="36.777979"><ele>177.5</ele></trkpt>
   <trkpt lon="-4.493115" lat="36.777769"><ele>174.9</ele></trkpt>
   <trkpt lon="-4.493434" lat="36.777464"><ele>172.5</ele></trkpt>
   <trkpt lon="-4.493587" lat="36.777082"><ele>168.7</ele></trkpt>
   <trkpt lon="-4.493541" lat="36.776325"><ele>157.5</ele></trkpt>
   <trkpt lon="-4.493546" lat="36.776224"><ele>156.4</ele></trkpt>
   <trkpt lon="-4.493551" lat="36.776024"><ele>158.6</ele></trkpt>
   <trkpt lon="-4.493552" lat="36.776014"><ele>158.7</ele></trkpt>
   <trkpt lon="-4.493562" lat="36.775667"><ele>159.9</ele></trkpt>
   <trkpt lon="-4.493390" lat="36.775326"><ele>163.2</ele></trkpt>
   <trkpt lon="-4.493385" lat="36.775166"><ele>161.9</ele></trkpt>
   <trkpt lon="-4.493600" lat="36.774740"><ele>155.2</ele></trkpt>
   <trkpt lon="-4.493667" lat="36.774222"><ele>148.9</ele></trkpt>
   <trkpt lon="-4.493555" lat="36.774010"><ele>145.6</ele></trkpt>
   <trkpt lon="-4.493090" lat="36.773766"><ele>153.0</ele></trkpt>
   <trkpt lon="-4.492977" lat="36.773559"><ele>155.4</ele></trkpt>
   <trkpt lon="-4.492996" lat="36.773326"><ele>154.9</ele></trkpt>
   <trkpt lon="-4.493155" lat="36.772998"><ele>149.1</ele></trkpt>
   <trkpt lon="-4.493207" lat="36.772803"><ele>145.6</ele></trkpt>
   <trkpt lon="-4.493256" lat="36.772585"><ele>141.4</ele></trkpt>
   <trkpt lon="-4.493316" lat="36.772341"><ele>138.4</ele></trkpt>
   <trkpt lon="-4.493326" lat="36.772095"><ele>139.4</ele></trkpt>
   <trkpt lon="-4.493420" lat="36.771847"><ele>141.7</ele></trkpt>
   <trkpt lon="-4.493688" lat="36.771658"><ele>139.4</ele></trkpt>
   <trkpt lon="-4.493915" lat="36.771553"><ele>138.8</ele></trkpt>
   <trkpt lon="-4.494088" lat="36.771470"><ele>137.8</ele></trkpt>
   <trkpt lon="-4.494454" lat="36.771291"><ele>135.1</ele></trkpt>
   <trkpt lon="-4.494952" lat="36.770612"><ele>132.3</ele></trkpt>
   <trkpt lon="-4.495133" lat="36.770349"><ele>136.0</ele></trkpt>
   <trkpt lon="-4.495373" lat="36.770153"><ele>140.1</ele></trkpt>
   <trkpt lon="-4.495993" lat="36.769963"><ele>130.6</ele></trkpt>
   <trkpt lon="-4.496159" lat="36.769768"><ele>128.6</ele></trkpt>
   <trkpt lon="-4.496168" lat="36.769479"><ele>124.6</ele></trkpt>
   <trkpt lon="-4.495989" lat="36.769229"><ele>123.5</ele></trkpt>
   <trkpt lon="-4.495711" lat="36.768979"><ele>128.1</ele></trkpt>
   <trkpt lon="-4.495545" lat="36.768676"><ele>128.1</ele></trkpt>
   <trkpt lon="-4.495613" lat="36.768390"><ele>125.0</ele></trkpt>
   <trkpt lon="-4.495849" lat="36.768138"><ele>125.7</ele></trkpt>
   <trkpt lon="-4.496005" lat="36.767995"><ele>125.2</ele></trkpt>
   <trkpt lon="-4.496258" lat="36.767764"><ele>125.5</ele></trkpt>
   <trkpt lon="-4.496509" lat="36.767740"><ele>124.0</ele></trkpt>
   <trkpt lon="-4.496785" lat="36.767775"><ele>122.1</ele></trkpt>
   <trkpt lon="-4.496924" lat="36.767701"><ele>121.1</ele></trkpt>
   <trkpt lon="-4.496970" lat="36.767512"><ele>118.8</ele></trkpt>
   <trkpt lon="-4.496935" lat="36.767249"><ele>116.1</ele></trkpt>
   <trkpt lon="-4.496987" lat="36.766896"><ele>113.5</ele></trkpt>
   <trkpt lon="-4.497015" lat="36.766757"><ele>115.4</ele></trkpt>
   <trkpt lon="-4.496998" lat="36.766653"><ele>117.0</ele></trkpt>
   <trkpt lon="-4.496923" lat="36.766560"><ele>119.7</ele></trkpt>
   <trkpt lon="-4.496676" lat="36.766456"><ele>121.9</ele></trkpt>
   <trkpt lon="-4.495817" lat="36.766274"><ele>129.7</ele></trkpt>
   <trkpt lon="-4.495438" lat="36.766351"><ele>131.5</ele></trkpt>
   <trkpt lon="-4.495349" lat="36.766305"><ele>132.8</ele></trkpt>
   <trkpt lon="-4.495354" lat="36.766213"><ele>133.2</ele></trkpt>
   <trkpt lon="-4.495524" lat="36.766066"><ele>132.1</ele></trkpt>
   <trkpt lon="-4.495523" lat="36.765971"><ele>132.2</ele></trkpt>
   <trkpt lon="-4.495383" lat="36.765864"><ele>133.2</ele></trkpt>
   <trkpt lon="-4.495036" lat="36.765763"><ele>134.1</ele></trkpt>
   <trkpt lon="-4.494865" lat="36.765628"><ele>134.9</ele></trkpt>
   <trkpt lon="-4.494814" lat="36.765537"><ele>135.8</ele></trkpt>
   <trkpt lon="-4.494809" lat="36.765513"><ele>135.9</ele></trkpt>
   <trkpt lon="-4.494796" lat="36.765452"><ele>136.2</ele></trkpt>
   <trkpt lon="-4.494841" lat="36.765368"><ele>136.2</ele></trkpt>
   <trkpt lon="-4.494940" lat="36.765311"><ele>136.1</ele></trkpt>
   <trkpt lon="-4.495140" lat="36.765273"><ele>138.5</ele></trkpt>
   <trkpt lon="-4.495704" lat="36.765269"><ele>147.2</ele></trkpt>
   <trkpt lon="-4.496074" lat="36.765224"><ele>150.7</ele></trkpt>
   <trkpt lon="-4.496304" lat="36.765173"><ele>150.8</ele></trkpt>
   <trkpt lon="-4.496470" lat="36.765097"><ele>150.8</ele></trkpt>
   <trkpt lon="-4.496562" lat="36.765008"><ele>151.3</ele></trkpt>
   <trkpt lon="-4.496604" lat="36.764895"><ele>152.7</ele></trkpt>
   <trkpt lon="-4.496650" lat="36.764683"><ele>155.6</ele></trkpt>
   <trkpt lon="-4.496675" lat="36.764614"><ele>156.3</ele></trkpt>
   <trkpt lon="-4.496811" lat="36.764450"><ele>157.4</ele></trkpt>
   <trkpt lon="-4.497017" lat="36.764227"><ele>156.0</ele></trkpt>
   <trkpt lon="-4.497296" lat="36.763961"><ele>152.5</ele></trkpt>
   <trkpt lon="-4.497658" lat="36.763716"><ele>144.0</ele></trkpt>
   <trkpt lon="-4.497742" lat="36.763622"><ele>142.2</ele></trkpt>
   <trkpt lon="-4.497775" lat="36.763509"><ele>140.6</ele></trkpt>
   <trkpt lon="-4.497769" lat="36.763406"><ele>139.5</ele></trkpt>
   <trkpt lon="-4.497557" lat="36.763033"><ele>139.9</ele></trkpt>
   <trkpt lon="-4.497467" lat="36.762769"><ele>137.0</ele></trkpt>
   <trkpt lon="-4.497424" lat="36.762653"><ele>135.5</ele></trkpt>
   <trkpt lon="-4.497356" lat="36.762523"><ele>134.5</ele></trkpt>
   <trkpt lon="-4.497240" lat="36.762374"><ele>135.1</ele></trkpt>
   <trkpt lon="-4.497143" lat="36.762296"><ele>136.7</ele></trkpt>
   <trkpt lon="-4.497063" lat="36.762206"><ele>138.0</ele></trkpt>
   <trkpt lon="-4.496989" lat="36.761806"><ele>131.4</ele></trkpt>
   <trkpt lon="-4.496990" lat="36.761675"><ele>129.1</ele></trkpt>
   <trkpt lon="-4.496972" lat="36.761670"><ele>129.2</ele></trkpt>
   <trkpt lon="-4.496985" lat="36.761638"><ele>128.5</ele></trkpt>
   <trkpt lon="-4.496995" lat="36.761614"><ele>128.0</ele></trkpt>
   <trkpt lon="-4.497078" lat="36.761415"><ele>126.7</ele></trkpt>
   <trkpt lon="-4.497155" lat="36.761212"><ele>127.2</ele></trkpt>
   <trkpt lon="-4.497214" lat="36.760963"><ele>125.7</ele></trkpt>
   <trkpt lon="-4.497208" lat="36.760625"><ele>124.5</ele></trkpt>
   <trkpt lon="-4.497204" lat="36.760469"><ele>124.3</ele></trkpt>
   <trkpt lon="-4.497159" lat="36.760079"><ele>125.5</ele></trkpt>
   <trkpt lon="-4.497133" lat="36.759952"><ele>126.1</ele></trkpt>
   <trkpt lon="-4.497113" lat="36.759851"><ele>126.6</ele></trkpt>
   <trkpt lon="-4.497095" lat="36.759762"><ele>127.0</ele></trkpt>
   <trkpt lon="-4.497078" lat="36.759677"><ele>127.4</ele></trkpt>
   <trkpt lon="-4.497052" lat="36.759569"><ele>128.0</ele></trkpt>
   <trkpt lon="-4.497014" lat="36.759395"><ele>128.6</ele></trkpt>
   <trkpt lon="-4.496940" lat="36.759168"><ele>129.5</ele></trkpt>
   <trkpt lon="-4.496817" lat="36.758847"><ele>130.6</ele></trkpt>
   <trkpt lon="-4.496641" lat="36.758533"><ele>133.5</ele></trkpt>
   <trkpt lon="-4.496370" lat="36.758307"><ele>136.6</ele></trkpt>
   <trkpt lon="-4.495819" lat="36.757946"><ele>139.6</ele></trkpt>
   <trkpt lon="-4.495727" lat="36.757843"><ele>140.7</ele></trkpt>
   <trkpt lon="-4.495687" lat="36.757800"><ele>141.4</ele></trkpt>
   <trkpt lon="-4.495421" lat="36.757143"><ele>142.7</ele></trkpt>
   <trkpt lon="-4.495133" lat="36.756507"><ele>144.1</ele></trkpt>
   <trkpt lon="-4.495057" lat="36.756341"><ele>144.5</ele></trkpt>
   <trkpt lon="-4.494736" lat="36.755573"><ele>143.7</ele></trkpt>
   <trkpt lon="-4.494624" lat="36.755382"><ele>143.1</ele></trkpt>
   <trkpt lon="-4.494466" lat="36.755173"><ele>142.3</ele></trkpt>
   <trkpt lon="-4.494329" lat="36.755010"><ele>141.9</ele></trkpt>
   <trkpt lon="-4.494020" lat="36.754638"><ele>142.5</ele></trkpt>
   <trkpt lon="-4.493684" lat="36.754253"><ele>141.8</ele></trkpt>
   <trkpt lon="-4.493578" lat="36.754117"><ele>141.3</ele></trkpt>
   <trkpt lon="-4.493466" lat="36.753941"><ele>140.9</ele></trkpt>
   <trkpt lon="-4.493267" lat="36.753592"><ele>141.2</ele></trkpt>
   <trkpt lon="-4.492949" lat="36.753001"><ele>141.1</ele></trkpt>
   <trkpt lon="-4.492732" lat="36.752581"><ele>139.8</ele></trkpt>
   <trkpt lon="-4.492649" lat="36.752427"><ele>140.6</ele></trkpt>
   <trkpt lon="-4.492628" lat="36.752319"><ele>141.1</ele></trkpt>
   <trkpt lon="-4.492632" lat="36.752241"><ele>142.0</ele></trkpt>
   <trkpt lon="-4.492642" lat="36.752185"><ele>142.5</ele></trkpt>
   <trkpt lon="-4.492792" lat="36.752062"><ele>142.3</ele></trkpt>
   <trkpt lon="-4.492892" lat="36.751953"><ele>142.2</ele></trkpt>
   <trkpt lon="-4.492948" lat="36.751803"><ele>142.8</ele></trkpt>
   <trkpt lon="-4.492962" lat="36.751621"><ele>143.7</ele></trkpt>
   <trkpt lon="-4.492929" lat="36.751471"><ele>141.1</ele></trkpt>
   <trkpt lon="-4.492879" lat="36.751344"><ele>138.6</ele></trkpt>
   <trkpt lon="-4.492812" lat="36.751247"><ele>136.5</ele></trkpt>
   <trkpt lon="-4.492793" lat="36.751227"><ele>136.1</ele></trkpt>
   <trkpt lon="-4.492671" lat="36.751141"><ele>134.3</ele></trkpt>
   <trkpt lon="-4.492524" lat="36.751063"><ele>133.4</ele></trkpt>
   <trkpt lon="-4.492330" lat="36.751000"><ele>133.4</ele></trkpt>
   <trkpt lon="-4.492158" lat="36.750985"><ele>133.8</ele></trkpt>
   <trkpt lon="-4.491996" lat="36.750990"><ele>134.3</ele></trkpt>
   <trkpt lon="-4.491901" lat="36.750905"><ele>134.0</ele></trkpt>
   <trkpt lon="-4.491871" lat="36.750812"><ele>133.5</ele></trkpt>
   <trkpt lon="-4.491922" lat="36.750520"><ele>132.6</ele></trkpt>
   <trkpt lon="-4.492017" lat="36.750273"><ele>134.4</ele></trkpt>
   <trkpt lon="-4.492654" lat="36.749079"><ele>133.9</ele></trkpt>
   <trkpt lon="-4.492703" lat="36.749024"><ele>133.5</ele></trkpt>
   <trkpt lon="-4.492770" lat="36.748988"><ele>133.1</ele></trkpt>
   <trkpt lon="-4.492837" lat="36.748968"><ele>132.7</ele></trkpt>
   <trkpt lon="-4.492899" lat="36.748988"><ele>132.7</ele></trkpt>
   <trkpt lon="-4.492967" lat="36.748993"><ele>132.5</ele></trkpt>
   <trkpt lon="-4.493051" lat="36.748975"><ele>132.6</ele></trkpt>
   <trkpt lon="-4.493121" lat="36.748932"><ele>132.6</ele></trkpt>
   <trkpt lon="-4.493164" lat="36.748871"><ele>132.5</ele></trkpt>
   <trkpt lon="-4.493176" lat="36.748821"><ele>132.4</ele></trkpt>
   <trkpt lon="-4.493286" lat="36.748701"><ele>131.8</ele></trkpt>
   <trkpt lon="-4.493345" lat="36.748576"><ele>130.9</ele></trkpt>
   <trkpt lon="-4.493309" lat="36.748453"><ele>131.1</ele></trkpt>
   <trkpt lon="-4.493276" lat="36.748402"><ele>131.4</ele></trkpt>
   <trkpt lon="-4.493250" lat="36.748361"><ele>131.6</ele></trkpt>
   <trkpt lon="-4.493207" lat="36.748348"><ele>132.1</ele></trkpt>
   <trkpt lon="-4.493114" lat="36.748304"><ele>133.1</ele></trkpt>
   <trkpt lon="-4.493012" lat="36.747947"><ele>134.8</ele></trkpt>
   <trkpt lon="-4.492965" lat="36.747761"><ele>135.1</ele></trkpt>
   <trkpt lon="-4.492934" lat="36.747637"><ele>135.2</ele></trkpt>
   <trkpt lon="-4.492854" lat="36.747389"><ele>134.8</ele></trkpt>
   <trkpt lon="-4.492760" lat="36.747176"><ele>133.8</ele></trkpt>
   <trkpt lon="-4.492669" lat="36.747012"><ele>132.4</ele></trkpt>
   <trkpt lon="-4.492356" lat="36.746577"><ele>128.5</ele></trkpt>
   <trkpt lon="-4.492218" lat="36.746387"><ele>127.5</ele></trkpt>
   <trkpt lon="-4.491875" lat="36.745752"><ele>125.1</ele></trkpt>
   <trkpt lon="-4.491815" lat="36.745706"><ele>125.3</ele></trkpt>
   <trkpt lon="-4.491714" lat="36.745475"><ele>124.2</ele></trkpt>
   <trkpt lon="-4.491600" lat="36.745255"><ele>122.3</ele></trkpt>
   <trkpt lon="-4.491420" lat="36.744977"><ele>121.0</ele></trkpt>
   <trkpt lon="-4.491267" lat="36.744786"><ele>119.8</ele></trkpt>
   <trkpt lon="-4.491170" lat="36.744663"><ele>119.4</ele></trkpt>
   <trkpt lon="-4.490453" lat="36.744014"><ele>120.1</ele></trkpt>
   <trkpt lon="-4.490408" lat="36.743972"><ele>120.3</ele></trkpt>
   <trkpt lon="-4.489811" lat="36.743434"><ele>117.9</ele></trkpt>
   <trkpt lon="-4.489650" lat="36.743282"><ele>117.0</ele></trkpt>
   <trkpt lon="-4.489310" lat="36.742980"><ele>117.1</ele></trkpt>
   <trkpt lon="-4.489211" lat="36.742895"><ele>117.5</ele></trkpt>
   <trkpt lon="-4.489077" lat="36.742769"><ele>117.9</ele></trkpt>
   <trkpt lon="-4.489052" lat="36.742745"><ele>117.9</ele></trkpt>
   <trkpt lon="-4.488961" lat="36.742656"><ele>118.0</ele></trkpt>
   <trkpt lon="-4.488836" lat="36.742524"><ele>117.6</ele></trkpt>
   <trkpt lon="-4.488591" lat="36.742260"><ele>116.1</ele></trkpt>
   <trkpt lon="-4.488611" lat="36.742084"><ele>115.2</ele></trkpt>
   <trkpt lon="-4.488615" lat="36.742016"><ele>115.1</ele></trkpt>
   <trkpt lon="-4.488539" lat="36.741699"><ele>114.1</ele></trkpt>
   <trkpt lon="-4.488524" lat="36.741595"><ele>114.3</ele></trkpt>
   <trkpt lon="-4.488528" lat="36.741394"><ele>114.9</ele></trkpt>
   <trkpt lon="-4.488584" lat="36.741169"><ele>116.0</ele></trkpt>
   <trkpt lon="-4.488647" lat="36.741002"><ele>116.5</ele></trkpt>
   <trkpt lon="-4.488823" lat="36.740536"><ele>115.6</ele></trkpt>
   <trkpt lon="-4.488842" lat="36.740457"><ele>115.3</ele></trkpt>
   <trkpt lon="-4.488830" lat="36.740372"><ele>114.7</ele></trkpt>
   <trkpt lon="-4.488805" lat="36.740307"><ele>114.4</ele></trkpt>
   <trkpt lon="-4.488698" lat="36.740055"><ele>113.0</ele></trkpt>
   <trkpt lon="-4.488523" lat="36.739643"><ele>112.0</ele></trkpt>
   <trkpt lon="-4.488409" lat="36.739441"><ele>112.0</ele></trkpt>
   <trkpt lon="-4.488402" lat="36.739320"><ele>112.0</ele></trkpt>
   <trkpt lon="-4.488367" lat="36.739190"><ele>111.0</ele></trkpt>
   <trkpt lon="-4.488189" lat="36.738971"><ele>108.7</ele></trkpt>
   <trkpt lon="-4.488117" lat="36.738743"><ele>106.7</ele></trkpt>
   <trkpt lon="-4.488117" lat="36.738419"><ele>106.5</ele></trkpt>
   <trkpt lon="-4.488117" lat="36.738384"><ele>106.5</ele></trkpt>
   <trkpt lon="-4.488117" lat="36.738059"><ele>106.5</ele></trkpt>
   <trkpt lon="-4.488121" lat="36.737990"><ele>106.5</ele></trkpt>
   <trkpt lon="-4.488133" lat="36.737827"><ele>106.3</ele></trkpt>
   <trkpt lon="-4.488178" lat="36.737830"><ele>106.5</ele></trkpt>
   <trkpt lon="-4.488222" lat="36.737820"><ele>106.4</ele></trkpt>
   <trkpt lon="-4.488284" lat="36.737778"><ele>106.1</ele></trkpt>
   <trkpt lon="-4.488306" lat="36.737715"><ele>105.9</ele></trkpt>
   <trkpt lon="-4.488290" lat="36.737665"><ele>105.8</ele></trkpt>
   <trkpt lon="-4.488248" lat="36.737625"><ele>105.8</ele></trkpt>
   <trkpt lon="-4.488188" lat="36.737605"><ele>105.9</ele></trkpt>
   <trkpt lon="-4.488148" lat="36.737604"><ele>105.7</ele></trkpt>
   <trkpt lon="-4.488110" lat="36.737612"><ele>105.6</ele></trkpt>
   <trkpt lon="-4.488075" lat="36.737628"><ele>105.6</ele></trkpt>
   <trkpt lon="-4.488048" lat="36.737652"><ele>105.6</ele></trkpt>
   <trkpt lon="-4.487918" lat="36.737585"><ele>104.9</ele></trkpt>
   <trkpt lon="-4.487456" lat="36.737329"><ele>99.8</ele></trkpt>
   <trkpt lon="-4.487310" lat="36.737249"><ele>98.5</ele></trkpt>
   <trkpt lon="-4.487186" lat="36.737180"><ele>97.3</ele></trkpt>
   <trkpt lon="-4.486262" lat="36.736672"><ele>93.0</ele></trkpt>
   <trkpt lon="-4.486108" lat="36.736582"><ele>93.0</ele></trkpt>
   <trkpt lon="-4.486134" lat="36.736524"><ele>93.0</ele></trkpt>
   <trkpt lon="-4.486124" lat="36.736463"><ele>93.1</ele></trkpt>
   <trkpt lon="-4.486075" lat="36.736408"><ele>93.3</ele></trkpt>
   <trkpt lon="-4.485999" lat="36.736381"><ele>93.6</ele></trkpt>
   <trkpt lon="-4.485915" lat="36.736388"><ele>93.9</ele></trkpt>
   <trkpt lon="-4.485848" lat="36.736427"><ele>94.0</ele></trkpt>
   <trkpt lon="-4.485813" lat="36.736489"><ele>93.8</ele></trkpt>
   <trkpt lon="-4.485822" lat="36.736555"><ele>93.4</ele></trkpt>
   <trkpt lon="-4.485699" lat="36.736610"><ele>94.0</ele></trkpt>
   <trkpt lon="-4.485348" lat="36.736751"><ele>97.0</ele></trkpt>
   <trkpt lon="-4.484740" lat="36.737020"><ele>102.4</ele></trkpt>
   <trkpt lon="-4.484621" lat="36.737073"><ele>103.3</ele></trkpt>
   <trkpt lon="-4.484577" lat="36.736941"><ele>103.2</ele></trkpt>
   <trkpt lon="-4.484550" lat="36.736725"><ele>103.2</ele></trkpt>
   <trkpt lon="-4.484582" lat="36.736585"><ele>102.7</ele></trkpt>
   <trkpt lon="-4.484711" lat="36.736371"><ele>101.5</ele></trkpt>
   <trkpt lon="-4.485113" lat="36.735834"><ele>100.1</ele></trkpt>
   <trkpt lon="-4.485229" lat="36.735683"><ele>99.6</ele></trkpt>
   <trkpt lon="-4.485523" lat="36.735292"><ele>98.7</ele></trkpt>
   <trkpt lon="-4.485809" lat="36.734917"><ele>97.0</ele></trkpt>
   <trkpt lon="-4.485910" lat="36.734642"><ele>96.5</ele></trkpt>
   <trkpt lon="-4.485937" lat="36.734425"><ele>96.0</ele></trkpt>
   <trkpt lon="-4.485931" lat="36.734285"><ele>95.7</ele></trkpt>
   <trkpt lon="-4.485915" lat="36.734246"><ele>95.7</ele></trkpt>
   <trkpt lon="-4.485878" lat="36.734208"><ele>95.7</ele></trkpt>
   <trkpt lon="-4.485769" lat="36.734136"><ele>95.8</ele></trkpt>
   <trkpt lon="-4.485726" lat="36.734116"><ele>95.7</ele></trkpt>
   <trkpt lon="-4.485473" lat="36.733999"><ele>96.0</ele></trkpt>
   <trkpt lon="-4.485003" lat="36.733766"><ele>95.6</ele></trkpt>
   <trkpt lon="-4.484902" lat="36.733715"><ele>95.5</ele></trkpt>
   <trkpt lon="-4.484796" lat="36.733665"><ele>95.3</ele></trkpt>
   <trkpt lon="-4.484319" lat="36.733425"><ele>94.4</ele></trkpt>
   <trkpt lon="-4.483941" lat="36.733181"><ele>95.4</ele></trkpt>
   <trkpt lon="-4.483859" lat="36.733108"><ele>95.9</ele></trkpt>
   <trkpt lon="-4.483881" lat="36.733079"><ele>95.7</ele></trkpt>
   <trkpt lon="-4.483883" lat="36.733044"><ele>95.6</ele></trkpt>
   <trkpt lon="-4.483892" lat="36.732915"><ele>95.3</ele></trkpt>
   <trkpt lon="-4.483899" lat="36.732814"><ele>95.2</ele></trkpt>
   <trkpt lon="-4.483915" lat="36.732774"><ele>95.1</ele></trkpt>
   <trkpt lon="-4.483956" lat="36.732684"><ele>94.9</ele></trkpt>
   <trkpt lon="-4.484002" lat="36.732595"><ele>94.9</ele></trkpt>
   <trkpt lon="-4.484130" lat="36.732348"><ele>94.4</ele></trkpt>
   <trkpt lon="-4.484247" lat="36.732094"><ele>93.6</ele></trkpt>
   <trkpt lon="-4.484325" lat="36.731833"><ele>92.6</ele></trkpt>
   <trkpt lon="-4.484362" lat="36.731601"><ele>91.4</ele></trkpt>
   <trkpt lon="-4.484366" lat="36.731453"><ele>90.5</ele></trkpt>
   <trkpt lon="-4.484352" lat="36.731287"><ele>89.6</ele></trkpt>
   <trkpt lon="-4.484321" lat="36.731058"><ele>89.4</ele></trkpt>
   <trkpt lon="-4.483950" lat="36.729631"><ele>95.6</ele></trkpt>
   <trkpt lon="-4.483860" lat="36.729313"><ele>94.2</ele></trkpt>
   <trkpt lon="-4.483781" lat="36.728972"><ele>90.9</ele></trkpt>
   <trkpt lon="-4.483716" lat="36.728453"><ele>87.2</ele></trkpt>
   <trkpt lon="-4.483738" lat="36.728005"><ele>84.8</ele></trkpt>
   <trkpt lon="-4.483829" lat="36.727643"><ele>83.7</ele></trkpt>
   <trkpt lon="-4.483968" lat="36.727261"><ele>80.7</ele></trkpt>
   <trkpt lon="-4.484164" lat="36.726870"><ele>78.2</ele></trkpt>
   <trkpt lon="-4.484382" lat="36.726568"><ele>76.1</ele></trkpt>
   <trkpt lon="-4.484728" lat="36.726187"><ele>73.8</ele></trkpt>
   <trkpt lon="-4.484856" lat="36.726081"><ele>73.1</ele></trkpt>
   <trkpt lon="-4.484943" lat="36.725982"><ele>72.4</ele></trkpt>
   <trkpt lon="-4.484989" lat="36.725885"><ele>72.0</ele></trkpt>
   <trkpt lon="-4.485004" lat="36.725843"><ele>71.8</ele></trkpt>
   <trkpt lon="-4.485053" lat="36.725817"><ele>71.6</ele></trkpt>
   <trkpt lon="-4.485091" lat="36.725783"><ele>71.4</ele></trkpt>
   <trkpt lon="-4.485116" lat="36.725741"><ele>71.2</ele></trkpt>
   <trkpt lon="-4.485127" lat="36.725695"><ele>71.0</ele></trkpt>
   <trkpt lon="-4.485122" lat="36.725649"><ele>70.9</ele></trkpt>
   <trkpt lon="-4.485102" lat="36.725606"><ele>70.8</ele></trkpt>
   <trkpt lon="-4.485068" lat="36.725569"><ele>70.7</ele></trkpt>
   <trkpt lon="-4.485023" lat="36.725540"><ele>70.7</ele></trkpt>
   <trkpt lon="-4.484955" lat="36.725519"><ele>70.7</ele></trkpt>
   <trkpt lon="-4.484881" lat="36.725517"><ele>70.8</ele></trkpt>
   <trkpt lon="-4.484811" lat="36.725536"><ele>71.0</ele></trkpt>
   <trkpt lon="-4.484792" lat="36.725498"><ele>70.8</ele></trkpt>
   <trkpt lon="-4.484771" lat="36.725457"><ele>70.6</ele></trkpt>
   <trkpt lon="-4.484725" lat="36.725377"><ele>70.1</ele></trkpt>
   <trkpt lon="-4.484703" lat="36.725336"><ele>69.9</ele></trkpt>
   <trkpt lon="-4.483957" lat="36.723998"><ele>63.6</ele></trkpt>
   <trkpt lon="-4.483933" lat="36.723864"><ele>63.3</ele></trkpt>
   <trkpt lon="-4.483938" lat="36.723771"><ele>63.2</ele></trkpt>
   <trkpt lon="-4.483945" lat="36.723714"><ele>63.1</ele></trkpt>
   <trkpt lon="-4.483965" lat="36.723655"><ele>63.0</ele></trkpt>
   <trkpt lon="-4.483967" lat="36.723622"><ele>63.0</ele></trkpt>
   <trkpt lon="-4.483953" lat="36.723575"><ele>62.9</ele></trkpt>
   <trkpt lon="-4.483917" lat="36.723528"><ele>62.8</ele></trkpt>
   <trkpt lon="-4.483865" lat="36.723493"><ele>62.7</ele></trkpt>
   <trkpt lon="-4.483802" lat="36.723473"><ele>62.5</ele></trkpt>
   <trkpt lon="-4.483775" lat="36.723470"><ele>62.5</ele></trkpt>
   <trkpt lon="-4.483660" lat="36.723385"><ele>61.9</ele></trkpt>
   <trkpt lon="-4.483550" lat="36.723312"><ele>61.4</ele></trkpt>
   <trkpt lon="-4.483386" lat="36.723077"><ele>60.9</ele></trkpt>
   <trkpt lon="-4.483340" lat="36.723012"><ele>60.8</ele></trkpt>
   <trkpt lon="-4.483277" lat="36.722941"><ele>60.5</ele></trkpt>
   <trkpt lon="-4.483166" lat="36.722816"><ele>60.1</ele></trkpt>
   <trkpt lon="-4.482618" lat="36.722104"><ele>59.0</ele></trkpt>
   <trkpt lon="-4.482442" lat="36.721896"><ele>59.0</ele></trkpt>
   <trkpt lon="-4.482371" lat="36.721793"><ele>59.0</ele></trkpt>
   <trkpt lon="-4.482101" lat="36.721456"><ele>58.6</ele></trkpt>
   <trkpt lon="-4.482062" lat="36.721365"><ele>58.3</ele></trkpt>
   <trkpt lon="-4.482027" lat="36.721284"><ele>58.1</ele></trkpt>
   <trkpt lon="-4.482001" lat="36.721207"><ele>58.0</ele></trkpt>
   <trkpt lon="-4.482060" lat="36.721191"><ele>58.0</ele></trkpt>
   <trkpt lon="-4.482110" lat="36.721161"><ele>58.1</ele></trkpt>
   <trkpt lon="-4.482144" lat="36.721119"><ele>58.2</ele></trkpt>
   <trkpt lon="-4.482160" lat="36.721071"><ele>58.1</ele></trkpt>
   <trkpt lon="-4.482155" lat="36.721021"><ele>58.1</ele></trkpt>
   <trkpt lon="-4.482125" lat="36.720970"><ele>58.0</ele></trkpt>
   <trkpt lon="-4.482075" lat="36.720932"><ele>58.0</ele></trkpt>
   <trkpt lon="-4.482011" lat="36.720911"><ele>57.9</ele></trkpt>
   <trkpt lon="-4.481973" lat="36.720908"><ele>57.8</ele></trkpt>
   <trkpt lon="-4.481988" lat="36.720691"><ele>57.8</ele></trkpt>
   <trkpt lon="-4.482071" lat="36.720165"><ele>58.0</ele></trkpt>
   <trkpt lon="-4.482102" lat="36.719968"><ele>58.0</ele></trkpt>
   <trkpt lon="-4.482160" lat="36.719379"><ele>56.6</ele></trkpt>
   <trkpt lon="-4.482187" lat="36.719101"><ele>56.4</ele></trkpt>
   <trkpt lon="-4.482203" lat="36.718946"><ele>56.4</ele></trkpt>
   <trkpt lon="-4.482232" lat="36.718938"><ele>56.5</ele></trkpt>
   <trkpt lon="-4.482256" lat="36.718922"><ele>56.6</ele></trkpt>
   <trkpt lon="-4.482271" lat="36.718901"><ele>56.6</ele></trkpt>
   <trkpt lon="-4.482275" lat="36.718876"><ele>56.6</ele></trkpt>
   <trkpt lon="-4.482267" lat="36.718852"><ele>56.6</ele></trkpt>
   <trkpt lon="-4.482249" lat="36.718831"><ele>56.5</ele></trkpt>
   <trkpt lon="-4.482221" lat="36.718817"><ele>56.3</ele></trkpt>
   <trkpt lon="-4.482197" lat="36.718813"><ele>56.3</ele></trkpt>
   <trkpt lon="-4.482169" lat="36.718815"><ele>56.2</ele></trkpt>
   <trkpt lon="-4.482143" lat="36.718825"><ele>56.1</ele></trkpt>
   <trkpt lon="-4.482117" lat="36.718851"><ele>56.1</ele></trkpt>
   <trkpt lon="-4.482108" lat="36.718884"><ele>56.2</ele></trkpt>
   <trkpt lon="-4.481957" lat="36.718929"><ele>55.7</ele></trkpt>
   <trkpt lon="-4.481834" lat="36.718971"><ele>55.4</ele></trkpt>
   <trkpt lon="-4.481052" lat="36.719238"><ele>52.2</ele></trkpt>
   <trkpt lon="-4.480761" lat="36.719296"><ele>50.3</ele></trkpt>
   <trkpt lon="-4.480482" lat="36.719352"><ele>49.3</ele></trkpt>
   <trkpt lon="-4.480326" lat="36.719383"><ele>49.0</ele></trkpt>
   <trkpt lon="-4.480105" lat="36.719427"><ele>49.1</ele></trkpt>
   <trkpt lon="-4.480080" lat="36.719395"><ele>48.7</ele></trkpt>
   <trkpt lon="-4.480043" lat="36.719370"><ele>48.5</ele></trkpt>
   <trkpt lon="-4.479999" lat="36.719356"><ele>48.3</ele></trkpt>
   <trkpt lon="-4.479952" lat="36.719354"><ele>48.4</ele></trkpt>
   <trkpt lon="-4.479906" lat="36.719364"><ele>48.6</ele></trkpt>
   <trkpt lon="-4.479867" lat="36.719385"><ele>48.9</ele></trkpt>
   <trkpt lon="-4.479838" lat="36.719415"><ele>49.3</ele></trkpt>
   <trkpt lon="-4.479822" lat="36.719451"><ele>49.6</ele></trkpt>
   <trkpt lon="-4.479821" lat="36.719489"><ele>50.0</ele></trkpt>
   <trkpt lon="-4.479597" lat="36.719502"><ele>50.8</ele></trkpt>
   <trkpt lon="-4.479154" lat="36.719519"><ele>52.3</ele></trkpt>
   <trkpt lon="-4.478961" lat="36.719514"><ele>52.8</ele></trkpt>
   <trkpt lon="-4.478700" lat="36.719510"><ele>52.9</ele></trkpt>
   <trkpt lon="-4.478438" lat="36.719495"><ele>52.8</ele></trkpt>
   <trkpt lon="-4.478265" lat="36.719484"><ele>52.9</ele></trkpt>
   <trkpt lon="-4.477780" lat="36.719424"><ele>53.1</ele></trkpt>
   <trkpt lon="-4.477687" lat="36.719407"><ele>53.0</ele></trkpt>
   <trkpt lon="-4.477545" lat="36.719382"><ele>52.9</ele></trkpt>
   <trkpt lon="-4.477512" lat="36.719376"><ele>52.8</ele></trkpt>
   <trkpt lon="-4.477312" lat="36.719339"><ele>52.4</ele></trkpt>
   <trkpt lon="-4.476821" lat="36.719220"><ele>51.0</ele></trkpt>
   <trkpt lon="-4.476387" lat="36.719094"><ele>50.9</ele></trkpt>
   <trkpt lon="-4.476205" lat="36.719025"><ele>51.0</ele></trkpt>
   <trkpt lon="-4.476058" lat="36.718960"><ele>50.9</ele></trkpt>
   <trkpt lon="-4.476097" lat="36.718868"><ele>50.4</ele></trkpt>
   <trkpt lon="-4.476110" lat="36.718822"><ele>50.2</ele></trkpt>
   <trkpt lon="-4.476224" lat="36.718429"><ele>48.7</ele></trkpt>
   <trkpt lon="-4.476266" lat="36.718288"><ele>48.3</ele></trkpt>
   <trkpt lon="-4.476279" lat="36.718199"><ele>48.0</ele></trkpt>
   <trkpt lon="-4.476293" lat="36.717748"><ele>46.4</ele></trkpt>
   <trkpt lon="-4.476267" lat="36.717484"><ele>44.9</ele></trkpt>
   <trkpt lon="-4.476257" lat="36.717380"><ele>44.6</ele></trkpt>
   <trkpt lon="-4.476315" lat="36.717359"><ele>44.6</ele></trkpt>
   <trkpt lon="-4.476361" lat="36.717322"><ele>44.5</ele></trkpt>
   <trkpt lon="-4.476380" lat="36.717294"><ele>44.4</ele></trkpt>
   <trkpt lon="-4.476393" lat="36.717241"><ele>44.2</ele></trkpt>
   <trkpt lon="-4.476383" lat="36.717193"><ele>44.1</ele></trkpt>
   <trkpt lon="-4.476360" lat="36.717157"><ele>44.0</ele></trkpt>
   <trkpt lon="-4.476309" lat="36.717118"><ele>43.8</ele></trkpt>
   <trkpt lon="-4.476255" lat="36.717100"><ele>43.8</ele></trkpt>
   <trkpt lon="-4.476222" lat="36.717096"><ele>43.8</ele></trkpt>
   <trkpt lon="-4.476120" lat="36.716939"><ele>43.3</ele></trkpt>
   <trkpt lon="-4.475921" lat="36.716638"><ele>42.4</ele></trkpt>
   <trkpt lon="-4.475853" lat="36.716545"><ele>42.2</ele></trkpt>
   <trkpt lon="-4.475828" lat="36.716513"><ele>42.1</ele></trkpt>
   <trkpt lon="-4.475783" lat="36.716470"><ele>42.0</ele></trkpt>
   <trkpt lon="-4.475565" lat="36.716259"><ele>41.4</ele></trkpt>
   <trkpt lon="-4.475395" lat="36.716136"><ele>41.0</ele></trkpt>
   <trkpt lon="-4.475207" lat="36.716002"><ele>40.6</ele></trkpt>
   <trkpt lon="-4.474916" lat="36.715798"><ele>40.0</ele></trkpt>
   <trkpt lon="-4.474889" lat="36.715778"><ele>39.9</ele></trkpt>
   <trkpt lon="-4.474575" lat="36.715562"><ele>39.6</ele></trkpt>
   <trkpt lon="-4.474203" lat="36.715242"><ele>38.7</ele></trkpt>
   <trkpt lon="-4.473876" lat="36.714911"><ele>38.2</ele></trkpt>
   <trkpt lon="-4.473533" lat="36.714462"><ele>38.0</ele></trkpt>
   <trkpt lon="-4.473312" lat="36.714076"><ele>38.2</ele></trkpt>
   <trkpt lon="-4.473230" lat="36.713909"><ele>38.9</ele></trkpt>
   <trkpt lon="-4.473224" lat="36.713874"><ele>38.9</ele></trkpt>
   <trkpt lon="-4.473237" lat="36.713791"><ele>39.0</ele></trkpt>
   <trkpt lon="-4.473261" lat="36.713717"><ele>38.8</ele></trkpt>
   <trkpt lon="-4.473314" lat="36.713678"><ele>38.5</ele></trkpt>
   <trkpt lon="-4.473344" lat="36.713638"><ele>38.2</ele></trkpt>
   <trkpt lon="-4.473368" lat="36.713591"><ele>37.8</ele></trkpt>
   <trkpt lon="-4.473377" lat="36.713544"><ele>37.4</ele></trkpt>
   <trkpt lon="-4.473374" lat="36.713489"><ele>37.0</ele></trkpt>
   <trkpt lon="-4.473339" lat="36.713412"><ele>36.6</ele></trkpt>
   <trkpt lon="-4.473247" lat="36.713333"><ele>36.5</ele></trkpt>
   <trkpt lon="-4.473182" lat="36.713304"><ele>36.7</ele></trkpt>
   <trkpt lon="-4.473129" lat="36.713294"><ele>36.8</ele></trkpt>
   <trkpt lon="-4.473076" lat="36.713271"><ele>36.9</ele></trkpt>
   <trkpt lon="-4.473017" lat="36.713232"><ele>37.0</ele></trkpt>
   <trkpt lon="-4.472937" lat="36.713136"><ele>36.9</ele></trkpt>
   <trkpt lon="-4.472928" lat="36.713106"><ele>36.8</ele></trkpt>
   <trkpt lon="-4.472884" lat="36.712917"><ele>36.4</ele></trkpt>
   <trkpt lon="-4.472792" lat="36.712483"><ele>34.1</ele></trkpt>
   <trkpt lon="-4.472586" lat="36.711644"><ele>31.2</ele></trkpt>
   <trkpt lon="-4.472432" lat="36.711001"><ele>29.2</ele></trkpt>
   <trkpt lon="-4.472383" lat="36.710800"><ele>29.1</ele></trkpt>
   <trkpt lon="-4.472168" lat="36.709929"><ele>28.8</ele></trkpt>
   <trkpt lon="-4.472075" lat="36.709552"><ele>28.2</ele></trkpt>
   <trkpt lon="-4.471980" lat="36.709163"><ele>27.8</ele></trkpt>
   <trkpt lon="-4.471779" lat="36.708355"><ele>27.0</ele></trkpt>
   <trkpt lon="-4.471610" lat="36.707609"><ele>26.0</ele></trkpt>
   <trkpt lon="-4.471499" lat="36.707089"><ele>25.5</ele></trkpt>
   <trkpt lon="-4.471480" lat="36.706995"><ele>25.2</ele></trkpt>
   <trkpt lon="-4.471470" lat="36.706941"><ele>25.1</ele></trkpt>
   <trkpt lon="-4.471528" lat="36.706943"><ele>25.2</ele></trkpt>
   <trkpt lon="-4.471586" lat="36.706936"><ele>25.4</ele></trkpt>
   <trkpt lon="-4.471641" lat="36.706919"><ele>25.5</ele></trkpt>
   <trkpt lon="-4.471691" lat="36.706895"><ele>25.6</ele></trkpt>
   <trkpt lon="-4.471734" lat="36.706864"><ele>25.6</ele></trkpt>
   <trkpt lon="-4.471782" lat="36.706807"><ele>25.6</ele></trkpt>
   <trkpt lon="-4.471812" lat="36.706713"><ele>25.4</ele></trkpt>
   <trkpt lon="-4.471809" lat="36.706662"><ele>25.2</ele></trkpt>
   <trkpt lon="-4.471793" lat="36.706614"><ele>25.1</ele></trkpt>
   <trkpt lon="-4.471760" lat="36.706563"><ele>24.9</ele></trkpt>
   <trkpt lon="-4.471716" lat="36.706523"><ele>24.8</ele></trkpt>
   <trkpt lon="-4.471663" lat="36.706491"><ele>24.7</ele></trkpt>
   <trkpt lon="-4.471561" lat="36.706406"><ele>24.4</ele></trkpt>
   <trkpt lon="-4.471534" lat="36.706253"><ele>24.4</ele></trkpt>
   <trkpt lon="-4.471552" lat="36.706222"><ele>24.5</ele></trkpt>
   <trkpt lon="-4.471927" lat="36.705599"><ele>28.1</ele></trkpt>
   <trkpt lon="-4.472074" lat="36.705361"><ele>29.5</ele></trkpt>
   <trkpt lon="-4.472329" lat="36.704936"><ele>30.8</ele></trkpt>
   <trkpt lon="-4.472416" lat="36.704793"><ele>31.2</ele></trkpt>
   <trkpt lon="-4.472728" lat="36.704267"><ele>33.7</ele></trkpt>
   <trkpt lon="-4.472758" lat="36.704217"><ele>33.9</ele></trkpt>
   <trkpt lon="-4.472858" lat="36.704239"><ele>33.8</ele></trkpt>
   <trkpt lon="-4.472961" lat="36.704233"><ele>33.6</ele></trkpt>
   <trkpt lon="-4.473055" lat="36.704197"><ele>33.4</ele></trkpt>
   <trkpt lon="-4.473117" lat="36.704151"><ele>33.2</ele></trkpt>
   <trkpt lon="-4.473160" lat="36.704092"><ele>33.1</ele></trkpt>
   <trkpt lon="-4.473179" lat="36.704025"><ele>33.0</ele></trkpt>
   <trkpt lon="-4.473177" lat="36.703968"><ele>33.0</ele></trkpt>
   <trkpt lon="-4.473321" lat="36.703958"><ele>32.6</ele></trkpt>
   <trkpt lon="-4.473837" lat="36.703939"><ele>30.4</ele></trkpt>
   <trkpt lon="-4.474731" lat="36.703910"><ele>28.6</ele></trkpt>
   <trkpt lon="-4.474657" lat="36.702601"><ele>27.0</ele></trkpt>
  </trkseg>
 </trk>
</gpx>
