<?xml version="1.0" encoding="UTF-8"?>
<!-- track-length = 52366 filtered ascend = 172 plain-ascend = 1 cost=72290 energy=.3kwh time=2h 39m 5s -->
<gpx 
 xmlns="http://www.topografix.com/GPX/1/1" 
 xmlns:xsi="http://www.w3.org/2001/XMLSchema-instance" 
 xsi:schemaLocation="http://www.topografix.com/GPX/1/1 http://www.topografix.com/GPX/1/1/gpx.xsd" 
 creator="BRouter-1.7.10" version="1.1">
 <trk>
  <name>brouter_trekking_0</name>
  <trkseg>
   <trkpt lon="-4.474657" lat="36.702601"><ele>27.0</ele></trkpt>
   <trkpt lon="-4.474584" lat="36.701316"><ele>25.1</ele></trkpt>
   <trkpt lon="-4.473689" lat="36.701350"><ele>23.7</ele></trkpt>
   <trkpt lon="-4.473292" lat="36.701361"><ele>23.7</ele></trkpt>
   <trkpt lon="-4.472850" lat="36.701374"><ele>23.5</ele></trkpt>
   <trkpt lon="-4.472765" lat="36.701377"><ele>23.6</ele></trkpt>
   <trkpt lon="-4.472687" lat="36.701380"><ele>23.6</ele></trkpt>
   <trkpt lon="-4.472608" lat="36.701382"><ele>23.7</ele></trkpt>
   <trkpt lon="-4.472517" lat="36.701385"><ele>23.8</ele></trkpt>
   <trkpt lon="-4.471384" lat="36.701427"><ele>23.2</ele></trkpt>
   <trkpt lon="-4.471269" lat="36.701430"><ele>22.6</ele></trkpt>
   <trkpt lon="-4.470646" lat="36.701451"><ele>21.4</ele></trkpt>
   <trkpt lon="-4.470430" lat="36.701439"><ele>21.9</ele></trkpt>
   <trkpt lon="-4.469027" lat="36.701355"><ele>22.3</ele></trkpt>
   <trkpt lon="-4.468867" lat="36.701328"><ele>21.8</ele></trkpt>
   <trkpt lon="-4.468709" lat="36.701261"><ele>21.3</ele></trkpt>
   <trkpt lon="-4.468549" lat="36.701174"><ele>20.6</ele></trkpt>
   <trkpt lon="-4.468434" lat="36.701056"><ele>20.1</ele></trkpt>
   <trkpt lon="-4.468354" lat="36.700932"><ele>19.9</ele></trkpt>
   <trkpt lon="-4.468015" lat="36.700102"><ele>17.9</ele></trkpt>
   <trkpt lon="-4.467954" lat="36.699953"><ele>17.7</ele></trkpt>
   <trkpt lon="-4.467820" lat="36.699627"><ele>17.2</ele></trkpt>
   <trkpt lon="-4.467706" lat="36.699335"><ele>16.8</ele></trkpt>
   <trkpt lon="-4.467669" lat="36.699250"><ele>16.4</ele></trkpt>
   <trkpt lon="-4.467727" lat="36.699229"><ele>16.5</ele></trkpt>
   <trkpt lon="-4.467774" lat="36.699196"><ele>16.5</ele></trkpt>
   <trkpt lon="-4.467809" lat="36.699150"><ele>16.4</ele></trkpt>
   <trkpt lon="-4.467825" lat="36.699097"><ele>16.4</ele></trkpt>
   <trkpt lon="-4.467819" lat="36.699044"><ele>16.3</ele></trkpt>
   <trkpt lon="-4.467794" lat="36.698994"><ele>16.2</ele></trkpt>
   <trkpt lon="-4.467750" lat="36.698952"><ele>16.1</ele></trkpt>
   <trkpt lon="-4.467697" lat="36.698925"><ele>16.0</ele></trkpt>
   <trkpt lon="-4.467638" lat="36.698912"><ele>16.1</ele></trkpt>
   <trkpt lon="-4.467577" lat="36.698912"><ele>16.2</ele></trkpt>
   <trkpt lon="-4.467518" lat="36.698927"><ele>16.2</ele></trkpt>
   <trkpt lon="-4.467481" lat="36.698944"><ele>16.3</ele></trkpt>
   <trkpt lon="-4.467423" lat="36.698996"><ele>16.2</ele></trkpt>
   <trkpt lon="-4.467085" lat="36.699148"><ele>16.7</ele></trkpt>
   <trkpt lon="-4.466640" lat="36.699311"><ele>15.3</ele></trkpt>
   <trkpt lon="-4.466199" lat="36.699454"><ele>13.7</ele></trkpt>
   <trkpt lon="-4.464843" lat="36.699992"><ele>15.6</ele></trkpt>
   <trkpt lon="-4.463348" lat="36.700581"><ele>15.9</ele></trkpt>
   <trkpt lon="-4.463109" lat="36.700674"><ele>16.5</ele></trkpt>
   <trkpt lon="-4.462699" lat="36.700828"><ele>17.1</ele></trkpt>
   <trkpt lon="-4.462295" lat="36.701000"><ele>17.1</ele></trkpt>
   <trkpt lon="-4.462193" lat="36.701008"><ele>17.0</ele></trkpt>
   <trkpt lon="-4.462083" lat="36.700983"><ele>17.0</ele></trkpt>
   <trkpt lon="-4.461993" lat="36.700972"><ele>17.0</ele></trkpt>
   <trkpt lon="-4.461905" lat="36.700975"><ele>17.0</ele></trkpt>
   <trkpt lon="-4.461469" lat="36.701144"><ele>17.4</ele></trkpt>
   <trkpt lon="-4.461106" lat="36.701281"><ele>18.0</ele></trkpt>
   <trkpt lon="-4.460677" lat="36.701442"><ele>18.0</ele></trkpt>
   <trkpt lon="-4.460344" lat="36.701573"><ele>18.0</ele></trkpt>
   <trkpt lon="-4.459746" lat="36.701802"><ele>18.0</ele></trkpt>
   <trkpt lon="-4.459657" lat="36.701846"><ele>18.0</ele></trkpt>
   <trkpt lon="-4.459601" lat="36.701902"><ele>18.0</ele></trkpt>
   <trkpt lon="-4.459580" lat="36.701956"><ele>18.0</ele></trkpt>
   <trkpt lon="-4.459521" lat="36.702021"><ele>18.0</ele></trkpt>
   <trkpt lon="-4.459422" lat="36.702082"><ele>17.8</ele></trkpt>
   <trkpt lon="-4.458910" lat="36.702291"><ele>16.7</ele></trkpt>
   <trkpt lon="-4.458494" lat="36.702470"><ele>18.0</ele></trkpt>
   <trkpt lon="-4.457972" lat="36.702687"><ele>18.4</ele></trkpt>
   <trkpt lon="-4.457480" lat="36.702896"><ele>15.8</ele></trkpt>
   <trkpt lon="-4.457423" lat="36.702922"><ele>15.4</ele></trkpt>
   <trkpt lon="-4.457174" lat="36.703035"><ele>14.2</ele></trkpt>
   <trkpt lon="-4.457036" lat="36.703088"><ele>14.1</ele></trkpt>
   <trkpt lon="-4.456413" lat="36.703376"><ele>13.4</ele></trkpt>
   <trkpt lon="-4.456177" lat="36.703485"><ele>13.1</ele></trkpt>
   <trkpt lon="-4.456141" lat="36.703501"><ele>13.0</ele></trkpt>
   <trkpt lon="-4.454654" lat="36.704213"><ele>12.0</ele></trkpt>
   <trkpt lon="-4.454403" lat="36.704323"><ele>12.0</ele></trkpt>
   <trkpt lon="-4.454326" lat="36.704346"><ele>11.8</ele></trkpt>
   <trkpt lon="-4.454251" lat="36.704331"><ele>11.6</ele></trkpt>
   <trkpt lon="-4.454199" lat="36.704332"><ele>11.4</ele></trkpt>
   <trkpt lon="-4.454159" lat="36.704340"><ele>11.3</ele></trkpt>
   <trkpt lon="-4.454119" lat="36.704355"><ele>11.2</ele></trkpt>
   <trkpt lon="-4.454082" lat="36.704377"><ele>11.1</ele></trkpt>
   <trkpt lon="-4.454036" lat="36.704423"><ele>11.0</ele></trkpt>
   <trkpt lon="-4.454023" lat="36.704447"><ele>11.0</ele></trkpt>
   <trkpt lon="-4.453824" lat="36.704548"><ele>11.0</ele></trkpt>
   <trkpt lon="-4.453287" lat="36.704791"><ele>10.7</ele></trkpt>
   <trkpt lon="-4.452379" lat="36.705196"><ele>10.0</ele></trkpt>
   <trkpt lon="-4.452293" lat="36.705248"><ele>10.0</ele></trkpt>
   <trkpt lon="-4.452192" lat="36.705285"><ele>10.0</ele></trkpt>
   <trkpt lon="-4.452129" lat="36.705305"><ele>10.0</ele></trkpt>
   <trkpt lon="-4.452086" lat="36.705287"><ele>10.0</ele></trkpt>
   <trkpt lon="-4.452014" lat="36.705277"><ele>10.0</ele></trkpt>
   <trkpt lon="-4.451964" lat="36.705239"><ele>10.0</ele></trkpt>
   <trkpt lon="-4.451870" lat="36.705201"><ele>10.0</ele></trkpt>
   <trkpt lon="-4.451610" lat="36.704991"><ele>10.0</ele></trkpt>
   <trkpt lon="-4.451211" lat="36.704680"><ele>9.3</ele></trkpt>
   <trkpt lon="-4.450856" lat="36.704393"><ele>9.0</ele></trkpt>
   <trkpt lon="-4.450745" lat="36.704363"><ele>9.0</ele></trkpt>
   <trkpt lon="-4.450589" lat="36.704408"><ele>9.0</ele></trkpt>
   <trkpt lon="-4.448573" lat="36.705371"><ele>10.0</ele></trkpt>
   <trkpt lon="-4.447926" lat="36.705683"><ele>9.4</ele></trkpt>
   <trkpt lon="-4.447876" lat="36.705705"><ele>9.3</ele></trkpt>
   <trkpt lon="-4.447782" lat="36.705751"><ele>9.2</ele></trkpt>
   <trkpt lon="-4.447702" lat="36.705789"><ele>9.1</ele></trkpt>
   <trkpt lon="-4.447540" lat="36.705862"><ele>8.8</ele></trkpt>
   <trkpt lon="-4.447493" lat="36.705883"><ele>8.7</ele></trkpt>
   <trkpt lon="-4.444673" lat="36.707219"><ele>8.9</ele></trkpt>
   <trkpt lon="-4.443732" lat="36.707655"><ele>8.7</ele></trkpt>
   <trkpt lon="-4.443651" lat="36.707626"><ele>8.5</ele></trkpt>
   <trkpt lon="-4.443624" lat="36.707588"><ele>8.4</ele></trkpt>
   <trkpt lon="-4.443546" lat="36.707524"><ele>8.0</ele></trkpt>
   <trkpt lon="-4.443515" lat="36.707488"><ele>7.8</ele></trkpt>
   <trkpt lon="-4.443151" lat="36.706937"><ele>6.0</ele></trkpt>
   <trkpt lon="-4.443109" lat="36.706877"><ele>6.0</ele></trkpt>
   <trkpt lon="-4.443082" lat="36.706833"><ele>6.0</ele></trkpt>
   <trkpt lon="-4.443070" lat="36.706813"><ele>6.0</ele></trkpt>
   <trkpt lon="-4.442992" lat="36.706790"><ele>6.0</ele></trkpt>
   <trkpt lon="-4.442856" lat="36.706608"><ele>6.0</ele></trkpt>
   <trkpt lon="-4.441981" lat="36.705297"><ele>5.1</ele></trkpt>
   <trkpt lon="-4.441923" lat="36.705208"><ele>5.0</ele></trkpt>
   <trkpt lon="-4.441881" lat="36.705124"><ele>5.0</ele></trkpt>
   <trkpt lon="-4.441849" lat="36.705029"><ele>5.0</ele></trkpt>
   <trkpt lon="-4.441847" lat="36.704972"><ele>5.0</ele></trkpt>
   <trkpt lon="-4.441835" lat="36.704922"><ele>5.0</ele></trkpt>
   <trkpt lon="-4.441232" lat="36.704010"><ele>5.0</ele></trkpt>
   <trkpt lon="-4.441203" lat="36.703989"><ele>5.0</ele></trkpt>
   <trkpt lon="-4.441134" lat="36.703937"><ele>5.0</ele></trkpt>
   <trkpt lon="-4.441068" lat="36.703885"><ele>5.0</ele></trkpt>
   <trkpt lon="-4.441030" lat="36.703841"><ele>5.0</ele></trkpt>
   <trkpt lon="-4.440960" lat="36.703710"><ele>4.8</ele></trkpt>
   <trkpt lon="-4.440941" lat="36.703639"><ele>4.7</ele></trkpt>
   <trkpt lon="-4.440879" lat="36.703583"><ele>4.5</ele></trkpt>
   <trkpt lon="-4.440846" lat="36.703554"><ele>4.4</ele></trkpt>
   <trkpt lon="-4.440814" lat="36.703530"><ele>4.2</ele></trkpt>
   <trkpt lon="-4.440744" lat="36.703513"><ele>4.0</ele></trkpt>
   <trkpt lon="-4.440614" lat="36.703428"><ele>4.2</ele></trkpt>
   <trkpt lon="-4.440506" lat="36.703324"><ele>4.2</ele></trkpt>
   <trkpt lon="-4.440215" lat="36.703016"><ele>4.0</ele></trkpt>
   <trkpt lon="-4.440170" lat="36.702994"><ele>4.0</ele></trkpt>
   <trkpt lon="-4.440094" lat="36.702921"><ele>4.0</ele></trkpt>
   <trkpt lon="-4.439966" lat="36.702788"><ele>4.0</ele></trkpt>
   <trkpt lon="-4.439914" lat="36.702733"><ele>4.0</ele></trkpt>
   <trkpt lon="-4.439861" lat="36.702656"><ele>4.0</ele></trkpt>
   <trkpt lon="-4.439104" lat="36.701895"><ele>4.0</ele></trkpt>
   <trkpt lon="-4.438981" lat="36.701783"><ele>4.0</ele></trkpt>
   <trkpt lon="-4.438926" lat="36.701719"><ele>4.0</ele></trkpt>
   <trkpt lon="-4.438801" lat="36.701606"><ele>4.0</ele></trkpt>
   <trkpt lon="-4.438737" lat="36.701527"><ele>4.0</ele></trkpt>
   <trkpt lon="-4.438681" lat="36.701459"><ele>3.9</ele></trkpt>
   <trkpt lon="-4.438473" lat="36.701357"><ele>3.2</ele></trkpt>
   <trkpt lon="-4.437773" lat="36.701024"><ele>3.0</ele></trkpt>
   <trkpt lon="-4.436962" lat="36.700648"><ele>3.0</ele></trkpt>
   <trkpt lon="-4.436394" lat="36.700378"><ele>3.0</ele></trkpt>
   <trkpt lon="-4.436297" lat="36.700371"><ele>3.0</ele></trkpt>
   <trkpt lon="-4.436250" lat="36.700475"><ele>3.0</ele></trkpt>
   <trkpt lon="-4.436220" lat="36.700534"><ele>3.0</ele></trkpt>
   <trkpt lon="-4.436136" lat="36.700542"><ele>3.0</ele></trkpt>
   <trkpt lon="-4.436055" lat="36.700575"><ele>3.0</ele></trkpt>
   <trkpt lon="-4.435997" lat="36.700612"><ele>3.0</ele></trkpt>
   <trkpt lon="-4.435913" lat="36.700598"><ele>3.0</ele></trkpt>
   <trkpt lon="-4.435868" lat="36.700589"><ele>3.0</ele></trkpt>
   <trkpt lon="-4.435736" lat="36.700586"><ele>3.0</ele></trkpt>
   <trkpt lon="-4.435664" lat="36.700624"><ele>3.0</ele></trkpt>
   <trkpt lon="-4.435628" lat="36.700598"><ele>3.0</ele></trkpt>
   <trkpt lon="-4.435540" lat="36.700537"><ele>3.0</ele></trkpt>
   <trkpt lon="-4.435494" lat="36.700507"><ele>3.0</ele></trkpt>
   <trkpt lon="-4.435469" lat="36.700491"><ele>3.0</ele></trkpt>
   <trkpt lon="-4.435459" lat="36.700522"><ele>3.0</ele></trkpt>
   <trkpt lon="-4.435240" lat="36.700706"><ele>2.8</ele></trkpt>
   <trkpt lon="-4.434644" lat="36.701180"><ele>2.1</ele></trkpt>
   <trkpt lon="-4.433970" lat="36.701739"><ele>1.1</ele></trkpt>
   <trkpt lon="-4.433812" lat="36.701798"><ele>1.0</ele></trkpt>
   <trkpt lon="-4.433744" lat="36.701887"><ele>1.2</ele></trkpt>
   <trkpt lon="-4.433689" lat="36.701977"><ele>1.3</ele></trkpt>
   <trkpt lon="-4.433264" lat="36.702565"><ele>1.3</ele></trkpt>
   <trkpt lon="-4.433251" lat="36.702584"><ele>1.3</ele></trkpt>
   <trkpt lon="-4.433266" lat="36.702625"><ele>1.5</ele></trkpt>
   <trkpt lon="-4.433307" lat="36.702646"><ele>1.7</ele></trkpt>
   <trkpt lon="-4.433385" lat="36.702686"><ele>2.0</ele></trkpt>
   <trkpt lon="-4.433503" lat="36.702757"><ele>2.6</ele></trkpt>
   <trkpt lon="-4.433539" lat="36.702782"><ele>2.8</ele></trkpt>
   <trkpt lon="-4.433478" lat="36.702877"><ele>2.8</ele></trkpt>
   <trkpt lon="-4.433462" lat="36.702920"><ele>2.8</ele></trkpt>
   <trkpt lon="-4.433438" lat="36.702947"><ele>2.7</ele></trkpt>
   <trkpt lon="-4.433348" lat="36.703073"><ele>2.8</ele></trkpt>
   <trkpt lon="-4.433287" lat="36.703148"><ele>3.0</ele></trkpt>
   <trkpt lon="-4.433140" lat="36.703346"><ele>2.9</ele></trkpt>
   <trkpt lon="-4.433108" lat="36.703440"><ele>2.9</ele></trkpt>
   <trkpt lon="-4.433083" lat="36.703482"><ele>3.0</ele></trkpt>
   <trkpt lon="-4.432939" lat="36.703673"><ele>3.0</ele></trkpt>
   <trkpt lon="-4.432851" lat="36.703773"><ele>3.0</ele></trkpt>
   <trkpt lon="-4.432294" lat="36.704501"><ele>2.9</ele></trkpt>
   <trkpt lon="-4.432228" lat="36.704625"><ele>3.0</ele></trkpt>
   <trkpt lon="-4.432199" lat="36.704682"><ele>3.0</ele></trkpt>
   <trkpt lon="-4.432191" lat="36.704775"><ele>3.0</ele></trkpt>
   <trkpt lon="-4.432175" lat="36.704819"><ele>3.0</ele></trkpt>
   <trkpt lon="-4.432126" lat="36.704876"><ele>3.0</ele></trkpt>
   <trkpt lon="-4.431942" lat="36.705098"><ele>3.0</ele></trkpt>
   <trkpt lon="-4.431799" lat="36.705262"><ele>3.0</ele></trkpt>
   <trkpt lon="-4.431771" lat="36.705305"><ele>3.0</ele></trkpt>
   <trkpt lon="-4.431607" lat="36.705518"><ele>3.0</ele></trkpt>
   <trkpt lon="-4.431502" lat="36.705597"><ele>3.0</ele></trkpt>
   <trkpt lon="-4.431400" lat="36.705697"><ele>3.0</ele></trkpt>
   <trkpt lon="-4.431362" lat="36.705748"><ele>3.0</ele></trkpt>
   <trkpt lon="-4.430959" lat="36.706293"><ele>3.0</ele></trkpt>
   <trkpt lon="-4.430890" lat="36.706356"><ele>3.0</ele></trkpt>
   <trkpt lon="-4.430882" lat="36.706363"><ele>3.0</ele></trkpt>
   <trkpt lon="-4.430827" lat="36.706416"><ele>3.0</ele></trkpt>
   <trkpt lon="-4.430772" lat="36.706461"><ele>3.0</ele></trkpt>
   <trkpt lon="-4.430671" lat="36.706525"><ele>3.0</ele></trkpt>
   <trkpt lon="-4.430644" lat="36.706527"><ele>3.0</ele></trkpt>
   <trkpt lon="-4.430019" lat="36.707243"><ele>3.0</ele></trkpt>
   <trkpt lon="-4.429449" lat="36.707895"><ele>3.0</ele></trkpt>
   <trkpt lon="-4.429416" lat="36.707933"><ele>3.0</ele></trkpt>
   <trkpt lon="-4.429366" lat="36.707972"><ele>3.0</ele></trkpt>
   <trkpt lon="-4.429328" lat="36.708017"><ele>3.0</ele></trkpt>
   <trkpt lon="-4.429279" lat="36.708074"><ele>3.0</ele></trkpt>
   <trkpt lon="-4.429257" lat="36.708118"><ele>3.0</ele></trkpt>
   <trkpt lon="-4.429169" lat="36.708206"><ele>3.0</ele></trkpt>
   <trkpt lon="-4.428984" lat="36.708359"><ele>3.0</ele></trkpt>
   <trkpt lon="-4.428873" lat="36.708479"><ele>3.0</ele></trkpt>
   <trkpt lon="-4.428795" lat="36.708609"><ele>3.0</ele></trkpt>
   <trkpt lon="-4.428596" lat="36.708837"><ele>3.0</ele></trkpt>
   <trkpt lon="-4.428524" lat="36.708887"><ele>3.0</ele></trkpt>
   <trkpt lon="-4.428135" lat="36.709336"><ele>3.0</ele></trkpt>
   <trkpt lon="-4.428088" lat="36.709318"><ele>3.0</ele></trkpt>
   <trkpt lon="-4.428025" lat="36.709289"><ele>3.0</ele></trkpt>
   <trkpt lon="-4.428009" lat="36.709281"><ele>3.0</ele></trkpt>
   <trkpt lon="-4.427902" lat="36.709225"><ele>3.0</ele></trkpt>
   <trkpt lon="-4.427855" lat="36.709194"><ele>3.0</ele></trkpt>
   <trkpt lon="-4.427832" lat="36.709220"><ele>3.0</ele></trkpt>
   <trkpt lon="-4.427653" lat="36.709414"><ele>3.0</ele></trkpt>
   <trkpt lon="-4.427611" lat="36.709437"><ele>3.0</ele></trkpt>
   <trkpt lon="-4.427578" lat="36.709471"><ele>3.0</ele></trkpt>
   <trkpt lon="-4.427538" lat="36.709526"><ele>3.0</ele></trkpt>
   <trkpt lon="-4.427515" lat="36.709573"><ele>3.0</ele></trkpt>
   <trkpt lon="-4.427300" lat="36.709830"><ele>3.4</ele></trkpt>
   <trkpt lon="-4.427279" lat="36.709853"><ele>3.5</ele></trkpt>
   <trkpt lon="-4.426947" lat="36.710218"><ele>3.2</ele></trkpt>
   <trkpt lon="-4.426317" lat="36.710836"><ele>1.6</ele></trkpt>
   <trkpt lon="-4.426220" lat="36.710933"><ele>1.9</ele></trkpt>
   <trkpt lon="-4.426034" lat="36.711121"><ele>2.4</ele></trkpt>
   <trkpt lon="-4.425661" lat="36.711502"><ele>3.3</ele></trkpt>
   <trkpt lon="-4.425269" lat="36.711896"><ele>3.0</ele></trkpt>
   <trkpt lon="-4.425173" lat="36.711985"><ele>3.0</ele></trkpt>
   <trkpt lon="-4.425083" lat="36.712073"><ele>3.0</ele></trkpt>
   <trkpt lon="-4.424154" lat="36.713014"><ele>2.9</ele></trkpt>
   <trkpt lon="-4.424075" lat="36.713086"><ele>3.0</ele></trkpt>
   <trkpt lon="-4.423784" lat="36.713375"><ele>3.0</ele></trkpt>
   <trkpt lon="-4.423744" lat="36.713414"><ele>3.0</ele></trkpt>
   <trkpt lon="-4.421933" lat="36.715266"><ele>2.9</ele></trkpt>
   <trkpt lon="-4.421903" lat="36.715296"><ele>2.9</ele></trkpt>
   <trkpt lon="-4.421642" lat="36.715567"><ele>3.3</ele></trkpt>
   <trkpt lon="-4.421619" lat="36.715592"><ele>3.4</ele></trkpt>
   <trkpt lon="-4.421383" lat="36.715830"><ele>3.2</ele></trkpt>
   <trkpt lon="-4.420954" lat="36.716268"><ele>3.0</ele></trkpt>
   <trkpt lon="-4.420833" lat="36.716391"><ele>2.7</ele></trkpt>
   <trkpt lon="-4.420608" lat="36.716646"><ele>2.5</ele></trkpt>
   <trkpt lon="-4.420537" lat="36.716722"><ele>2.6</ele></trkpt>
   <trkpt lon="-4.420330" lat="36.716967"><ele>2.2</ele></trkpt>
   <trkpt lon="-4.420235" lat="36.717070"><ele>2.0</ele></trkpt>
   <trkpt lon="-4.419834" lat="36.717486"><ele>2.0</ele></trkpt>
   <trkpt lon="-4.419702" lat="36.717581"><ele>2.2</ele></trkpt>
   <trkpt lon="-4.419608" lat="36.717628"><ele>2.4</ele></trkpt>
   <trkpt lon="-4.419495" lat="36.717659"><ele>2.5</ele></trkpt>
   <trkpt lon="-4.415533" lat="36.718746"><ele>3.0</ele></trkpt>
   <trkpt lon="-4.415435" lat="36.718773"><ele>3.0</ele></trkpt>
   <trkpt lon="-4.414277" lat="36.719091"><ele>2.5</ele></trkpt>
   <trkpt lon="-4.412948" lat="36.719455"><ele>5.0</ele></trkpt>
   <trkpt lon="-4.412573" lat="36.719558"><ele>5.5</ele></trkpt>
   <trkpt lon="-4.412331" lat="36.719626"><ele>5.0</ele></trkpt>
   <trkpt lon="-4.412204" lat="36.719652"><ele>4.8</ele></trkpt>
   <trkpt lon="-4.411932" lat="36.719656"><ele>4.9</ele></trkpt>
   <trkpt lon="-4.411775" lat="36.719645"><ele>5.2</ele></trkpt>
   <trkpt lon="-4.411681" lat="36.719616"><ele>5.3</ele></trkpt>
   <trkpt lon="-4.411565" lat="36.719566"><ele>5.5</ele></trkpt>
   <trkpt lon="-4.411420" lat="36.719449"><ele>5.6</ele></trkpt>
   <trkpt lon="-4.411243" lat="36.719307"><ele>5.2</ele></trkpt>
   <trkpt lon="-4.411114" lat="36.719229"><ele>5.0</ele></trkpt>
   <trkpt lon="-4.410986" lat="36.719128"><ele>4.8</ele></trkpt>
   <trkpt lon="-4.410591" lat="36.718772"><ele>4.0</ele></trkpt>
   <trkpt lon="-4.410546" lat="36.718732"><ele>4.0</ele></trkpt>
   <trkpt lon="-4.410264" lat="36.718500"><ele>4.0</ele></trkpt>
   <trkpt lon="-4.410218" lat="36.718470"><ele>4.1</ele></trkpt>
   <trkpt lon="-4.410200" lat="36.718406"><ele>4.2</ele></trkpt>
   <trkpt lon="-4.409998" lat="36.718305"><ele>4.7</ele></trkpt>
   <trkpt lon="-4.409790" lat="36.718246"><ele>4.8</ele></trkpt>
   <trkpt lon="-4.409732" lat="36.718236"><ele>4.9</ele></trkpt>
   <trkpt lon="-4.409458" lat="36.718207"><ele>4.3</ele></trkpt>
   <trkpt lon="-4.409402" lat="36.718209"><ele>4.2</ele></trkpt>
   <trkpt lon="-4.409376" lat="36.718210"><ele>4.1</ele></trkpt>
   <trkpt lon="-4.409372" lat="36.718192"><ele>4.1</ele></trkpt>
   <trkpt lon="-4.409365" lat="36.718160"><ele>3.9</ele></trkpt>
   <trkpt lon="-4.409304" lat="36.718158"><ele>3.6</ele></trkpt>
   <trkpt lon="-4.409090" lat="36.718175"><ele>2.5</ele></trkpt>
   <trkpt lon="-4.408963" lat="36.718208"><ele>2.0</ele></trkpt>
   <trkpt lon="-4.408808" lat="36.718271"><ele>1.9</ele></trkpt>
   <trkpt lon="-4.408706" lat="36.718326"><ele>1.9</ele></trkpt>
   <trkpt lon="-4.407728" lat="36.718961"><ele>1.8</ele></trkpt>
   <trkpt lon="-4.407453" lat="36.719133"><ele>1.8</ele></trkpt>
   <trkpt lon="-4.407120" lat="36.719326"><ele>1.8</ele></trkpt>
   <trkpt lon="-4.405690" lat="36.719958"><ele>2.3</ele></trkpt>
   <trkpt lon="-4.405215" lat="36.720120"><ele>2.3</ele></trkpt>
   <trkpt lon="-4.404573" lat="36.720277"><ele>3.1</ele></trkpt>
   <trkpt lon="-4.404090" lat="36.720338"><ele>2.6</ele></trkpt>
   <trkpt lon="-4.403131" lat="36.720396"><ele>3.3</ele></trkpt>
   <trkpt lon="-4.402832" lat="36.720460"><ele>2.6</ele></trkpt>
   <trkpt lon="-4.402619" lat="36.720526"><ele>2.8</ele></trkpt>
   <trkpt lon="-4.400704" lat="36.721199"><ele>2.5</ele></trkpt>
   <trkpt lon="-4.400362" lat="36.721304"><ele>2.1</ele></trkpt>
   <trkpt lon="-4.399431" lat="36.721564"><ele>2.0</ele></trkpt>
   <trkpt lon="-4.399150" lat="36.721639"><ele>2.2</ele></trkpt>
   <trkpt lon="-4.398135" lat="36.721902"><ele>2.2</ele></trkpt>
   <trkpt lon="-4.397479" lat="36.722090"><ele>3.0</ele></trkpt>
   <trkpt lon="-4.397291" lat="36.722146"><ele>2.7</ele></trkpt>
   <trkpt lon="-4.396780" lat="36.722297"><ele>1.3</ele></trkpt>
   <trkpt lon="-4.396377" lat="36.722444"><ele>3.0</ele></trkpt>
   <trkpt lon="-4.395734" lat="36.722685"><ele>2.5</ele></trkpt>
   <trkpt lon="-4.395133" lat="36.722882"><ele>2.8</ele></trkpt>
   <trkpt lon="-4.394901" lat="36.722933"><ele>2.9</ele></trkpt>
   <trkpt lon="-4.394730" lat="36.722957"><ele>3.0</ele></trkpt>
   <trkpt lon="-4.394524" lat="36.722973"><ele>3.0</ele></trkpt>
   <trkpt lon="-4.393583" lat="36.722976"><ele>3.2</ele></trkpt>
   <trkpt lon="-4.393248" lat="36.722965"><ele>4.0</ele></trkpt>
   <trkpt lon="-4.392918" lat="36.722910"><ele>4.0</ele></trkpt>
   <trkpt lon="-4.392698" lat="36.722838"><ele>4.4</ele></trkpt>
   <trkpt lon="-4.391986" lat="36.722543"><ele>4.9</ele></trkpt>
   <trkpt lon="-4.391761" lat="36.722475"><ele>5.0</ele></trkpt>
   <trkpt lon="-4.391538" lat="36.722432"><ele>5.2</ele></trkpt>
   <trkpt lon="-4.388241" lat="36.722174"><ele>3.8</ele></trkpt>
   <trkpt lon="-4.387993" lat="36.722142"><ele>4.5</ele></trkpt>
   <trkpt lon="-4.387857" lat="36.722138"><ele>4.9</ele></trkpt>
   <trkpt lon="-4.387703" lat="36.722090"><ele>4.6</ele></trkpt>
   <trkpt lon="-4.387523" lat="36.722020"><ele>3.7</ele></trkpt>
   <trkpt lon="-4.386922" lat="36.721735"><ele>5.4</ele></trkpt>
   <trkpt lon="-4.386276" lat="36.721443"><ele>4.3</ele></trkpt>
   <trkpt lon="-4.386116" lat="36.721393"><ele>3.6</ele></trkpt>
   <trkpt lon="-4.385952" lat="36.721354"><ele>3.8</ele></trkpt>
   <trkpt lon="-4.385747" lat="36.721332"><ele>6.0</ele></trkpt>
   <trkpt lon="-4.385567" lat="36.721322"><ele>6.0</ele></trkpt>
   <trkpt lon="-4.383531" lat="36.721457"><ele>3.0</ele></trkpt>
   <trkpt lon="-4.383274" lat="36.721466"><ele>3.0</ele></trkpt>
   <trkpt lon="-4.382237" lat="36.721439"><ele>3.1</ele></trkpt>
   <trkpt lon="-4.381027" lat="36.721398"><ele>2.8</ele></trkpt>
   <trkpt lon="-4.380493" lat="36.721388"><ele>2.8</ele></trkpt>
   <trkpt lon="-4.380446" lat="36.721433"><ele>3.0</ele></trkpt>
   <trkpt lon="-4.380004" lat="36.721428"><ele>3.0</ele></trkpt>
   <trkpt lon="-4.379725" lat="36.721433"><ele>3.0</ele></trkpt>
   <trkpt lon="-4.379708" lat="36.721434"><ele>3.0</ele></trkpt>
   <trkpt lon="-4.379656" lat="36.721438"><ele>3.1</ele></trkpt>
   <trkpt lon="-4.378990" lat="36.721486"><ele>2.7</ele></trkpt>
   <trkpt lon="-4.378932" lat="36.721489"><ele>2.7</ele></trkpt>
   <trkpt lon="-4.378638" lat="36.721509"><ele>2.7</ele></trkpt>
   <trkpt lon="-4.378530" lat="36.721517"><ele>2.8</ele></trkpt>
   <trkpt lon="-4.378363" lat="36.721529"><ele>2.8</ele></trkpt>
   <trkpt lon="-4.378211" lat="36.721535"><ele>2.9</ele></trkpt>
   <trkpt lon="-4.377562" lat="36.721571"><ele>3.0</ele></trkpt>
   <trkpt lon="-4.377008" lat="36.721582"><ele>2.9</ele></trkpt>
   <trkpt lon="-4.376873" lat="36.721585"><ele>3.0</ele></trkpt>
   <trkpt lon="-4.376433" lat="36.721588"><ele>3.0</ele></trkpt>
   <trkpt lon="-4.375961" lat="36.721578"><ele>3.0</ele></trkpt>
   <trkpt lon="-4.375794" lat="36.721574"><ele>3.2</ele></trkpt>
   <trkpt lon="-4.375612" lat="36.721571"><ele>3.7</ele></trkpt>
   <trkpt lon="-4.375312" lat="36.721551"><ele>3.1</ele></trkpt>
   <trkpt lon="-4.375176" lat="36.721542"><ele>2.8</ele></trkpt>
   <trkpt lon="-4.374831" lat="36.721524"><ele>2.8</ele></trkpt>
   <trkpt lon="-4.374755" lat="36.721519"><ele>2.8</ele></trkpt>
   <trkpt lon="-4.374709" lat="36.721516"><ele>2.8</ele></trkpt>
   <trkpt lon="-4.374706" lat="36.721573"><ele>2.9</ele></trkpt>
   <trkpt lon="-4.374581" lat="36.721838"><ele>3.7</ele></trkpt>
   <trkpt lon="-4.374481" lat="36.722045"><ele>4.3</ele></trkpt>
   <trkpt lon="-4.374399" lat="36.722210"><ele>4.5</ele></trkpt>
   <trkpt lon="-4.374344" lat="36.722326"><ele>4.6</ele></trkpt>
   <trkpt lon="-4.374311" lat="36.722393"><ele>4.7</ele></trkpt>
   <trkpt lon="-4.373838" lat="36.722396"><ele>4.3</ele></trkpt>
   <trkpt lon="-4.373518" lat="36.722398"><ele>4.3</ele></trkpt>
   <trkpt lon="-4.373486" lat="36.722398"><ele>4.3</ele></trkpt>
   <trkpt lon="-4.373438" lat="36.722399"><ele>4.3</ele></trkpt>
   <trkpt lon="-4.373234" lat="36.722400"><ele>4.3</ele></trkpt>
   <trkpt lon="-4.372548" lat="36.722404"><ele>4.4</ele></trkpt>
   <trkpt lon="-4.372513" lat="36.722405"><ele>4.4</ele></trkpt>
   <trkpt lon="-4.372321" lat="36.722405"><ele>4.4</ele></trkpt>
   <trkpt lon="-4.371736" lat="36.722406"><ele>4.4</ele></trkpt>
   <trkpt lon="-4.371611" lat="36.722406"><ele>4.4</ele></trkpt>
   <trkpt lon="-4.371253" lat="36.722406"><ele>4.4</ele></trkpt>
   <trkpt lon="-4.371066" lat="36.722406"><ele>4.4</ele></trkpt>
   <trkpt lon="-4.370514" lat="36.722407"><ele>4.8</ele></trkpt>
   <trkpt lon="-4.370220" lat="36.722406"><ele>5.2</ele></trkpt>
   <trkpt lon="-4.370096" lat="36.722405"><ele>5.3</ele></trkpt>
   <trkpt lon="-4.369973" lat="36.722404"><ele>5.7</ele></trkpt>
   <trkpt lon="-4.369888" lat="36.722404"><ele>5.9</ele></trkpt>
   <trkpt lon="-4.369673" lat="36.722401"><ele>6.6</ele></trkpt>
   <trkpt lon="-4.369316" lat="36.722403"><ele>7.4</ele></trkpt>
   <trkpt lon="-4.368271" lat="36.722402"><ele>9.1</ele></trkpt>
   <trkpt lon="-4.368092" lat="36.722403"><ele>9.3</ele></trkpt>
   <trkpt lon="-4.367922" lat="36.722404"><ele>9.5</ele></trkpt>
   <trkpt lon="-4.367821" lat="36.722405"><ele>9.6</ele></trkpt>
   <trkpt lon="-4.367536" lat="36.722408"><ele>10.0</ele></trkpt>
   <trkpt lon="-4.367488" lat="36.722404"><ele>10.1</ele></trkpt>
   <trkpt lon="-4.367302" lat="36.722392"><ele>10.4</ele></trkpt>
   <trkpt lon="-4.367072" lat="36.722376"><ele>10.9</ele></trkpt>
   <trkpt lon="-4.366850" lat="36.722349"><ele>10.6</ele></trkpt>
   <trkpt lon="-4.366436" lat="36.722291"><ele>10.0</ele></trkpt>
   <trkpt lon="-4.366320" lat="36.722275"><ele>10.0</ele></trkpt>
   <trkpt lon="-4.366272" lat="36.722268"><ele>10.1</ele></trkpt>
   <trkpt lon="-4.366255" lat="36.722265"><ele>10.1</ele></trkpt>
   <trkpt lon="-4.365918" lat="36.722219"><ele>10.6</ele></trkpt>
   <trkpt lon="-4.365870" lat="36.722211"><ele>10.5</ele></trkpt>
   <trkpt lon="-4.365856" lat="36.722208"><ele>10.5</ele></trkpt>
   <trkpt lon="-4.365375" lat="36.722127"><ele>9.6</ele></trkpt>
   <trkpt lon="-4.365269" lat="36.722109"><ele>9.4</ele></trkpt>
   <trkpt lon="-4.364970" lat="36.722053"><ele>8.7</ele></trkpt>
   <trkpt lon="-4.364854" lat="36.722031"><ele>8.4</ele></trkpt>
   <trkpt lon="-4.364287" lat="36.721906"><ele>7.8</ele></trkpt>
   <trkpt lon="-4.364157" lat="36.721875"><ele>7.6</ele></trkpt>
   <trkpt lon="-4.363803" lat="36.721777"><ele>7.0</ele></trkpt>
   <trkpt lon="-4.363062" lat="36.721510"><ele>7.1</ele></trkpt>
   <trkpt lon="-4.362934" lat="36.721464"><ele>7.2</ele></trkpt>
   <trkpt lon="-4.362425" lat="36.721300"><ele>6.3</ele></trkpt>
   <trkpt lon="-4.361929" lat="36.721190"><ele>6.5</ele></trkpt>
   <trkpt lon="-4.361526" lat="36.721151"><ele>6.4</ele></trkpt>
   <trkpt lon="-4.361426" lat="36.721147"><ele>6.3</ele></trkpt>
   <trkpt lon="-4.361329" lat="36.721143"><ele>6.3</ele></trkpt>
   <trkpt lon="-4.361215" lat="36.721137"><ele>6.3</ele></trkpt>
   <trkpt lon="-4.360874" lat="36.721127"><ele>5.6</ele></trkpt>
   <trkpt lon="-4.360819" lat="36.721125"><ele>5.8</ele></trkpt>
   <trkpt lon="-4.360466" lat="36.721117"><ele>6.6</ele></trkpt>
   <trkpt lon="-4.360276" lat="36.721111"><ele>6.6</ele></trkpt>
   <trkpt lon="-4.360079" lat="36.721101"><ele>6.2</ele></trkpt>
   <trkpt lon="-4.359935" lat="36.721091"><ele>5.8</ele></trkpt>
   <trkpt lon="-4.359200" lat="36.721018"><ele>5.3</ele></trkpt>
   <trkpt lon="-4.359046" lat="36.721001"><ele>5.2</ele></trkpt>
   <trkpt lon="-4.358296" lat="36.720916"><ele>5.0</ele></trkpt>
   <trkpt lon="-4.358077" lat="36.720899"><ele>5.0</ele></trkpt>
   <trkpt lon="-4.358010" lat="36.720892"><ele>5.0</ele></trkpt>
   <trkpt lon="-4.357628" lat="36.720853"><ele>5.0</ele></trkpt>
   <trkpt lon="-4.357283" lat="36.720818"><ele>5.4</ele></trkpt>
   <trkpt lon="-4.357302" lat="36.720751"><ele>5.2</ele></trkpt>
   <trkpt lon="-4.357385" lat="36.720459"><ele>4.7</ele></trkpt>
   <trkpt lon="-4.357440" lat="36.720266"><ele>4.1</ele></trkpt>
   <trkpt lon="-4.357463" lat="36.720196"><ele>3.9</ele></trkpt>
   <trkpt lon="-4.357575" lat="36.719832"><ele>3.3</ele></trkpt>
   <trkpt lon="-4.357592" lat="36.719783"><ele>3.3</ele></trkpt>
   <trkpt lon="-4.357651" lat="36.719583"><ele>3.0</ele></trkpt>
   <trkpt lon="-4.357704" lat="36.719407"><ele>2.7</ele></trkpt>
   <trkpt lon="-4.357786" lat="36.719135"><ele>2.0</ele></trkpt>
   <trkpt lon="-4.357612" lat="36.719110"><ele>2.4</ele></trkpt>
   <trkpt lon="-4.357173" lat="36.719045"><ele>2.5</ele></trkpt>
   <trkpt lon="-4.356912" lat="36.719005"><ele>2.4</ele></trkpt>
   <trkpt lon="-4.356876" lat="36.719000"><ele>2.4</ele></trkpt>
   <trkpt lon="-4.356793" lat="36.718984"><ele>2.3</ele></trkpt>
   <trkpt lon="-4.356532" lat="36.718933"><ele>2.8</ele></trkpt>
   <trkpt lon="-4.356374" lat="36.718902"><ele>3.0</ele></trkpt>
   <trkpt lon="-4.356196" lat="36.718861"><ele>3.0</ele></trkpt>
   <trkpt lon="-4.356113" lat="36.718841"><ele>2.9</ele></trkpt>
   <trkpt lon="-4.355893" lat="36.718787"><ele>2.8</ele></trkpt>
   <trkpt lon="-4.355790" lat="36.718762"><ele>2.7</ele></trkpt>
   <trkpt lon="-4.355668" lat="36.718724"><ele>2.7</ele></trkpt>
   <trkpt lon="-4.355281" lat="36.718606"><ele>2.9</ele></trkpt>
   <trkpt lon="-4.355223" lat="36.718589"><ele>2.9</ele></trkpt>
   <trkpt lon="-4.354741" lat="36.718443"><ele>2.8</ele></trkpt>
   <trkpt lon="-4.354454" lat="36.718359"><ele>2.9</ele></trkpt>
   <trkpt lon="-4.354258" lat="36.718301"><ele>2.9</ele></trkpt>
   <trkpt lon="-4.354176" lat="36.718283"><ele>3.0</ele></trkpt>
   <trkpt lon="-4.354128" lat="36.718272"><ele>3.1</ele></trkpt>
   <trkpt lon="-4.353400" lat="36.718119"><ele>2.8</ele></trkpt>
   <trkpt lon="-4.352969" lat="36.718028"><ele>2.5</ele></trkpt>
   <trkpt lon="-4.352916" lat="36.718017"><ele>2.5</ele></trkpt>
   <trkpt lon="-4.352543" lat="36.717962"><ele>2.7</ele></trkpt>
   <trkpt lon="-4.352445" lat="36.717944"><ele>3.0</ele></trkpt>
   <trkpt lon="-4.350895" lat="36.717708"><ele>2.9</ele></trkpt>
   <trkpt lon="-4.350793" lat="36.717697"><ele>2.8</ele></trkpt>
   <trkpt lon="-4.348949" lat="36.717413"><ele>2.7</ele></trkpt>
   <trkpt lon="-4.348723" lat="36.717377"><ele>3.2</ele></trkpt>
   <trkpt lon="-4.348568" lat="36.717279"><ele>3.4</ele></trkpt>
   <trkpt lon="-4.348257" lat="36.717217"><ele>4.0</ele></trkpt>
   <trkpt lon="-4.348100" lat="36.717175"><ele>4.4</ele></trkpt>
   <trkpt lon="-4.347962" lat="36.717127"><ele>4.5</ele></trkpt>
   <trkpt lon="-4.347583" lat="36.716952"><ele>5.0</ele></trkpt>
   <trkpt lon="-4.347372" lat="36.716784"><ele>6.4</ele></trkpt>
   <trkpt lon="-4.347282" lat="36.716713"><ele>6.9</ele></trkpt>
   <trkpt lon="-4.347150" lat="36.716595"><ele>7.3</ele></trkpt>
   <trkpt lon="-4.347011" lat="36.716423"><ele>7.1</ele></trkpt>
   <trkpt lon="-4.346476" lat="36.715695"><ele>7.7</ele></trkpt>
   <trkpt lon="-4.346446" lat="36.715637"><ele>7.2</ele></trkpt>
   <trkpt lon="-4.346360" lat="36.715601"><ele>7.5</ele></trkpt>
   <trkpt lon="-4.346212" lat="36.715457"><ele>5.0</ele></trkpt>
   <trkpt lon="-4.345963" lat="36.715327"><ele>4.7</ele></trkpt>
   <trkpt lon="-4.345731" lat="36.715225"><ele>6.3</ele></trkpt>
   <trkpt lon="-4.345300" lat="36.715115"><ele>3.0</ele></trkpt>
   <trkpt lon="-4.344410" lat="36.714872"><ele>4.1</ele></trkpt>
   <trkpt lon="-4.344040" lat="36.714745"><ele>4.4</ele></trkpt>
   <trkpt lon="-4.343642" lat="36.714601"><ele>6.1</ele></trkpt>
   <trkpt lon="-4.343194" lat="36.714346"><ele>6.1</ele></trkpt>
   <trkpt lon="-4.343007" lat="36.714011"><ele>5.1</ele></trkpt>
   <trkpt lon="-4.342876" lat="36.713913"><ele>4.5</ele></trkpt>
   <trkpt lon="-4.342293" lat="36.713644"><ele>4.4</ele></trkpt>
   <trkpt lon="-4.342102" lat="36.713593"><ele>5.0</ele></trkpt>
   <trkpt lon="-4.340931" lat="36.713312"><ele>4.8</ele></trkpt>
   <trkpt lon="-4.340770" lat="36.713265"><ele>5.8</ele></trkpt>
   <trkpt lon="-4.340514" lat="36.713168"><ele>4.7</ele></trkpt>
   <trkpt lon="-4.340225" lat="36.713046"><ele>4.0</ele></trkpt>
   <trkpt lon="-4.339806" lat="36.712917"><ele>5.7</ele></trkpt>
   <trkpt lon="-4.339468" lat="36.712872"><ele>6.0</ele></trkpt>
   <trkpt lon="-4.339398" lat="36.712887"><ele>6.0</ele></trkpt>
   <trkpt lon="-4.339115" lat="36.712962"><ele>6.0</ele></trkpt>
   <trkpt lon="-4.338239" lat="36.712980"><ele>10.6</ele></trkpt>
   <trkpt lon="-4.337620" lat="36.712827"><ele>10.6</ele></trkpt>
   <trkpt lon="-4.337388" lat="36.712821"><ele>7.8</ele></trkpt>
   <trkpt lon="-4.337213" lat="36.712877"><ele>6.1</ele></trkpt>
   <trkpt lon="-4.336849" lat="36.713269"><ele>8.2</ele></trkpt>
   <trkpt lon="-4.336097" lat="36.713834"><ele>9.9</ele></trkpt>
   <trkpt lon="-4.335895" lat="36.713893"><ele>9.5</ele></trkpt>
   <trkpt lon="-4.335693" lat="36.713933"><ele>9.0</ele></trkpt>
   <trkpt lon="-4.335464" lat="36.713926"><ele>8.1</ele></trkpt>
   <trkpt lon="-4.334852" lat="36.713813"><ele>6.4</ele></trkpt>
   <trkpt lon="-4.334532" lat="36.713752"><ele>6.8</ele></trkpt>
   <trkpt lon="-4.334182" lat="36.713688"><ele>12.0</ele></trkpt>
   <trkpt lon="-4.333978" lat="36.713633"><ele>16.7</ele></trkpt>
   <trkpt lon="-4.333908" lat="36.713574"><ele>17.3</ele></trkpt>
   <trkpt lon="-4.333613" lat="36.713128"><ele>9.9</ele></trkpt>
   <trkpt lon="-4.333509" lat="36.713035"><ele>7.7</ele></trkpt>
   <trkpt lon="-4.333366" lat="36.712967"><ele>6.8</ele></trkpt>
   <trkpt lon="-4.333264" lat="36.712961"><ele>6.3</ele></trkpt>
   <trkpt lon="-4.333164" lat="36.712965"><ele>5.7</ele></trkpt>
   <trkpt lon="-4.332533" lat="36.713075"><ele>10.9</ele></trkpt>
   <trkpt lon="-4.332440" lat="36.713100"><ele>9.9</ele></trkpt>
   <trkpt lon="-4.332356" lat="36.713156"><ele>8.9</ele></trkpt>
   <trkpt lon="-4.332175" lat="36.713347"><ele>6.9</ele></trkpt>
   <trkpt lon="-4.332043" lat="36.713397"><ele>6.1</ele></trkpt>
   <trkpt lon="-4.331859" lat="36.713434"><ele>5.2</ele></trkpt>
   <trkpt lon="-4.331742" lat="36.713429"><ele>4.2</ele></trkpt>
   <trkpt lon="-4.331702" lat="36.713406"><ele>3.7</ele></trkpt>
   <trkpt lon="-4.331661" lat="36.713395"><ele>3.3</ele></trkpt>
   <trkpt lon="-4.331588" lat="36.713416"><ele>2.8</ele></trkpt>
   <trkpt lon="-4.331548" lat="36.713437"><ele>2.6</ele></trkpt>
   <trkpt lon="-4.331283" lat="36.713477"><ele>3.2</ele></trkpt>
   <trkpt lon="-4.330729" lat="36.713477"><ele>2.4</ele></trkpt>
   <trkpt lon="-4.330568" lat="36.713499"><ele>1.9</ele></trkpt>
   <trkpt lon="-4.328774" lat="36.713393"><ele>6.1</ele></trkpt>
   <trkpt lon="-4.328756" lat="36.713377"><ele>6.3</ele></trkpt>
   <trkpt lon="-4.328566" lat="36.713361"><ele>8.3</ele></trkpt>
   <trkpt lon="-4.328310" lat="36.713332"><ele>10.3</ele></trkpt>
   <trkpt lon="-4.328225" lat="36.713291"><ele>11.2</ele></trkpt>
   <trkpt lon="-4.328095" lat="36.713271"><ele>12.0</ele></trkpt>
   <trkpt lon="-4.327894" lat="36.713254"><ele>11.1</ele></trkpt>
   <trkpt lon="-4.327569" lat="36.713253"><ele>8.8</ele></trkpt>
   <trkpt lon="-4.327313" lat="36.713241"><ele>7.0</ele></trkpt>
   <trkpt lon="-4.327083" lat="36.713232"><ele>6.0</ele></trkpt>
   <trkpt lon="-4.326566" lat="36.713212"><ele>5.4</ele></trkpt>
   <trkpt lon="-4.326129" lat="36.713194"><ele>4.6</ele></trkpt>
   <trkpt lon="-4.326005" lat="36.713174"><ele>4.3</ele></trkpt>
   <trkpt lon="-4.325939" lat="36.713146"><ele>4.2</ele></trkpt>
   <trkpt lon="-4.325948" lat="36.713128"><ele>4.1</ele></trkpt>
   <trkpt lon="-4.325946" lat="36.713112"><ele>4.1</ele></trkpt>
   <trkpt lon="-4.325931" lat="36.713090"><ele>4.0</ele></trkpt>
   <trkpt lon="-4.325903" lat="36.713073"><ele>4.0</ele></trkpt>
   <trkpt lon="-4.325865" lat="36.713067"><ele>4.0</ele></trkpt>
   <trkpt lon="-4.325828" lat="36.713075"><ele>4.0</ele></trkpt>
   <trkpt lon="-4.325808" lat="36.713105"><ele>4.0</ele></trkpt>
   <trkpt lon="-4.325809" lat="36.713127"><ele>4.0</ele></trkpt>
   <trkpt lon="-4.325823" lat="36.713151"><ele>4.1</ele></trkpt>
   <trkpt lon="-4.325753" lat="36.713197"><ele>4.0</ele></trkpt>
   <trkpt lon="-4.325562" lat="36.713211"><ele>3.8</ele></trkpt>
   <trkpt lon="-4.325044" lat="36.713170"><ele>3.6</ele></trkpt>
   <trkpt lon="-4.324504" lat="36.713137"><ele>3.4</ele></trkpt>
   <trkpt lon="-4.324203" lat="36.713104"><ele>3.2</ele></trkpt>
   <trkpt lon="-4.323893" lat="36.713029"><ele>2.8</ele></trkpt>
   <trkpt lon="-4.323603" lat="36.712924"><ele>2.9</ele></trkpt>
   <trkpt lon="-4.323344" lat="36.712811"><ele>1.8</ele></trkpt>
   <trkpt lon="-4.323168" lat="36.712722"><ele>2.3</ele></trkpt>
   <trkpt lon="-4.323197" lat="36.712688"><ele>2.1</ele></trkpt>
   <trkpt lon="-4.322969" lat="36.712608"><ele>4.1</ele></trkpt>
   <trkpt lon="-4.322668" lat="36.712547"><ele>5.8</ele></trkpt>
   <trkpt lon="-4.322336" lat="36.712496"><ele>6.0</ele></trkpt>
   <trkpt lon="-4.322268" lat="36.712494"><ele>6.1</ele></trkpt>
   <trkpt lon="-4.322237" lat="36.712476"><ele>6.2</ele></trkpt>
   <trkpt lon="-4.322050" lat="36.712462"><ele>6.7</ele></trkpt>
   <trkpt lon="-4.321184" lat="36.712487"><ele>3.6</ele></trkpt>
   <trkpt lon="-4.320252" lat="36.712559"><ele>2.0</ele></trkpt>
   <trkpt lon="-4.319142" lat="36.712628"><ele>1.0</ele></trkpt>
   <trkpt lon="-4.318665" lat="36.712687"><ele>0.9</ele></trkpt>
   <trkpt lon="-4.318359" lat="36.712767"><ele>4.4</ele></trkpt>
   <trkpt lon="-4.318050" lat="36.712935"><ele>3.0</ele></trkpt>
   <trkpt lon="-4.317787" lat="36.712985"><ele>3.0</ele></trkpt>
   <trkpt lon="-4.317586" lat="36.713024"><ele>3.0</ele></trkpt>
   <trkpt lon="-4.316836" lat="36.713151"><ele>3.5</ele></trkpt>
   <trkpt lon="-4.315975" lat="36.713205"><ele>1.9</ele></trkpt>
   <trkpt lon="-4.315881" lat="36.713217"><ele>1.6</ele></trkpt>
   <trkpt lon="-4.315120" lat="36.713268"><ele>3.2</ele></trkpt>
   <trkpt lon="-4.314706" lat="36.713291"><ele>2.2</ele></trkpt>
   <trkpt lon="-4.314679" lat="36.713270"><ele>2.0</ele></trkpt>
   <trkpt lon="-4.314158" lat="36.713314"><ele>1.5</ele></trkpt>
   <trkpt lon="-4.313281" lat="36.713407"><ele>1.0</ele></trkpt>
   <trkpt lon="-4.311989" lat="36.713564"><ele>0.9</ele></trkpt>
   <trkpt lon="-4.310839" lat="36.713771"><ele>1.1</ele></trkpt>
   <trkpt lon="-4.309242" lat="36.714108"><ele>2.1</ele></trkpt>
   <trkpt lon="-4.308975" lat="36.714117"><ele>2.1</ele></trkpt>
   <trkpt lon="-4.308749" lat="36.714127"><ele>2.1</ele></trkpt>
   <trkpt lon="-4.308475" lat="36.714263"><ele>2.5</ele></trkpt>
   <trkpt lon="-4.308246" lat="36.714357"><ele>2.8</ele></trkpt>
   <trkpt lon="-4.307746" lat="36.714452"><ele>2.4</ele></trkpt>
   <trkpt lon="-4.307578" lat="36.714413"><ele>2.0</ele></trkpt>
   <trkpt lon="-4.307487" lat="36.714404"><ele>2.0</ele></trkpt>
   <trkpt lon="-4.307116" lat="36.714512"><ele>2.2</ele></trkpt>
   <trkpt lon="-4.306884" lat="36.714658"><ele>2.7</ele></trkpt>
   <trkpt lon="-4.306681" lat="36.714679"><ele>2.7</ele></trkpt>
   <trkpt lon="-4.306327" lat="36.714689"><ele>2.8</ele></trkpt>
   <trkpt lon="-4.305773" lat="36.714737"><ele>2.9</ele></trkpt>
   <trkpt lon="-4.305665" lat="36.714717"><ele>2.8</ele></trkpt>
   <trkpt lon="-4.305627" lat="36.714684"><ele>2.7</ele></trkpt>
   <trkpt lon="-4.305584" lat="36.714603"><ele>2.5</ele></trkpt>
   <trkpt lon="-4.305551" lat="36.714570"><ele>2.4</ele></trkpt>
   <trkpt lon="-4.305201" lat="36.714562"><ele>2.4</ele></trkpt>
   <trkpt lon="-4.304890" lat="36.714533"><ele>2.3</ele></trkpt>
   <trkpt lon="-4.304746" lat="36.714534"><ele>2.3</ele></trkpt>
   <trkpt lon="-4.304635" lat="36.714573"><ele>2.4</ele></trkpt>
   <trkpt lon="-4.304325" lat="36.714718"><ele>2.8</ele></trkpt>
   <trkpt lon="-4.303184" lat="36.714653"><ele>2.3</ele></trkpt>
   <trkpt lon="-4.303147" lat="36.714636"><ele>2.3</ele></trkpt>
   <trkpt lon="-4.303122" lat="36.714602"><ele>2.1</ele></trkpt>
   <trkpt lon="-4.303131" lat="36.714530"><ele>1.7</ele></trkpt>
   <trkpt lon="-4.303113" lat="36.714506"><ele>1.6</ele></trkpt>
   <trkpt lon="-4.302743" lat="36.714469"><ele>2.1</ele></trkpt>
   <trkpt lon="-4.302575" lat="36.714499"><ele>2.2</ele></trkpt>
   <trkpt lon="-4.302088" lat="36.714628"><ele>2.1</ele></trkpt>
   <trkpt lon="-4.301823" lat="36.714615"><ele>2.0</ele></trkpt>
   <trkpt lon="-4.301598" lat="36.714568"><ele>2.0</ele></trkpt>
   <trkpt lon="-4.301370" lat="36.714500"><ele>2.0</ele></trkpt>
   <trkpt lon="-4.300971" lat="36.714248"><ele>2.7</ele></trkpt>
   <trkpt lon="-4.300942" lat="36.714220"><ele>2.9</ele></trkpt>
   <trkpt lon="-4.300870" lat="36.714212"><ele>3.3</ele></trkpt>
   <trkpt lon="-4.300837" lat="36.714207"><ele>3.4</ele></trkpt>
   <trkpt lon="-4.300663" lat="36.713974"><ele>6.8</ele></trkpt>
   <trkpt lon="-4.300314" lat="36.713760"><ele>13.3</ele></trkpt>
   <trkpt lon="-4.300298" lat="36.713676"><ele>13.6</ele></trkpt>
   <trkpt lon="-4.299889" lat="36.713506"><ele>14.3</ele></trkpt>
   <trkpt lon="-4.298935" lat="36.713255"><ele>13.8</ele></trkpt>
   <trkpt lon="-4.298753" lat="36.713220"><ele>15.9</ele></trkpt>
   <trkpt lon="-4.298568" lat="36.713180"><ele>17.3</ele></trkpt>
   <trkpt lon="-4.298387" lat="36.713145"><ele>17.0</ele></trkpt>
   <trkpt lon="-4.297423" lat="36.712930"><ele>13.1</ele></trkpt>
   <trkpt lon="-4.297113" lat="36.712887"><ele>14.6</ele></trkpt>
   <trkpt lon="-4.296845" lat="36.712860"><ele>13.9</ele></trkpt>
   <trkpt lon="-4.296550" lat="36.712877"><ele>11.3</ele></trkpt>
   <trkpt lon="-4.296329" lat="36.712923"><ele>8.9</ele></trkpt>
   <trkpt lon="-4.296114" lat="36.712987"><ele>8.3</ele></trkpt>
   <trkpt lon="-4.295922" lat="36.713072"><ele>8.5</ele></trkpt>
   <trkpt lon="-4.295758" lat="36.713173"><ele>12.7</ele></trkpt>
   <trkpt lon="-4.294948" lat="36.713777"><ele>22.9</ele></trkpt>
   <trkpt lon="-4.294864" lat="36.713840"><ele>20.6</ele></trkpt>
   <trkpt lon="-4.294384" lat="36.714197"><ele>7.5</ele></trkpt>
   <trkpt lon="-4.293854" lat="36.714586"><ele>1.6</ele></trkpt>
   <trkpt lon="-4.293740" lat="36.714660"><ele>1.7</ele></trkpt>
   <trkpt lon="-4.293457" lat="36.714788"><ele>2.0</ele></trkpt>
   <trkpt lon="-4.293311" lat="36.714835"><ele>2.2</ele></trkpt>
   <trkpt lon="-4.293155" lat="36.714870"><ele>2.3</ele></trkpt>
   <trkpt lon="-4.293118" lat="36.714862"><ele>2.3</ele></trkpt>
   <trkpt lon="-4.293042" lat="36.714841"><ele>2.2</ele></trkpt>
   <trkpt lon="-4.292468" lat="36.714888"><ele>1.7</ele></trkpt>
   <trkpt lon="-4.292179" lat="36.714911"><ele>1.8</ele></trkpt>
   <trkpt lon="-4.291505" lat="36.714943"><ele>2.0</ele></trkpt>
   <trkpt lon="-4.290522" lat="36.714955"><ele>2.1</ele></trkpt>
   <trkpt lon="-4.289333" lat="36.714989"><ele>2.6</ele></trkpt>
   <trkpt lon="-4.287766" lat="36.715016"><ele>2.1</ele></trkpt>
   <trkpt lon="-4.287678" lat="36.714947"><ele>2.2</ele></trkpt>
   <trkpt lon="-4.287326" lat="36.714930"><ele>2.5</ele></trkpt>
   <trkpt lon="-4.287194" lat="36.714999"><ele>2.7</ele></trkpt>
   <trkpt lon="-4.286763" lat="36.714962"><ele>2.5</ele></trkpt>
   <trkpt lon="-4.286139" lat="36.714896"><ele>2.7</ele></trkpt>
   <trkpt lon="-4.285897" lat="36.714862"><ele>2.5</ele></trkpt>
   <trkpt lon="-4.285737" lat="36.714801"><ele>2.3</ele></trkpt>
   <trkpt lon="-4.285435" lat="36.714781"><ele>3.0</ele></trkpt>
   <trkpt lon="-4.285221" lat="36.714785"><ele>3.0</ele></trkpt>
   <trkpt lon="-4.284328" lat="36.714696"><ele>2.5</ele></trkpt>
   <trkpt lon="-4.283639" lat="36.714613"><ele>2.5</ele></trkpt>
   <trkpt lon="-4.283411" lat="36.714569"><ele>2.4</ele></trkpt>
   <trkpt lon="-4.283225" lat="36.714542"><ele>2.3</ele></trkpt>
   <trkpt lon="-4.282556" lat="36.714463"><ele>2.1</ele></trkpt>
   <trkpt lon="-4.282165" lat="36.714442"><ele>2.0</ele></trkpt>
   <trkpt lon="-4.281225" lat="36.714311"><ele>2.3</ele></trkpt>
   <trkpt lon="-4.280413" lat="36.714199"><ele>2.3</ele></trkpt>
   <trkpt lon="-4.280056" lat="36.714057"><ele>2.0</ele></trkpt>
   <trkpt lon="-4.279492" lat="36.713970"><ele>2.3</ele></trkpt>
   <trkpt lon="-4.279228" lat="36.714034"><ele>2.7</ele></trkpt>
   <trkpt lon="-4.277815" lat="36.713828"><ele>2.2</ele></trkpt>
   <trkpt lon="-4.277623" lat="36.713695"><ele>2.0</ele></trkpt>
   <trkpt lon="-4.277557" lat="36.713670"><ele>2.0</ele></trkpt>
   <trkpt lon="-4.277271" lat="36.713635"><ele>2.0</ele></trkpt>
   <trkpt lon="-4.277192" lat="36.713659"><ele>2.0</ele></trkpt>
   <trkpt lon="-4.277081" lat="36.713727"><ele>2.0</ele></trkpt>
   <trkpt lon="-4.275691" lat="36.713545"><ele>1.8</ele></trkpt>
   <trkpt lon="-4.275525" lat="36.713439"><ele>1.2</ele></trkpt>
   <trkpt lon="-4.275409" lat="36.713430"><ele>1.5</ele></trkpt>
   <trkpt lon="-4.275196" lat="36.713479"><ele>2.4</ele></trkpt>
   <trkpt lon="-4.274073" lat="36.713337"><ele>2.9</ele></trkpt>
   <trkpt lon="-4.273210" lat="36.713212"><ele>2.4</ele></trkpt>
   <trkpt lon="-4.273162" lat="36.713197"><ele>2.4</ele></trkpt>
   <trkpt lon="-4.273143" lat="36.713185"><ele>2.4</ele></trkpt>
   <trkpt lon="-4.273121" lat="36.713163"><ele>2.3</ele></trkpt>
   <trkpt lon="-4.273047" lat="36.713052"><ele>2.0</ele></trkpt>
   <trkpt lon="-4.273010" lat="36.713026"><ele>2.0</ele></trkpt>
   <trkpt lon="-4.272981" lat="36.713018"><ele>2.0</ele></trkpt>
   <trkpt lon="-4.272934" lat="36.713237"><ele>2.5</ele></trkpt>
   <trkpt lon="-4.273087" lat="36.713259"><ele>2.6</ele></trkpt>
   <trkpt lon="-4.272999" lat="36.713690"><ele>3.4</ele></trkpt>
   <trkpt lon="-4.272705" lat="36.713656"><ele>3.9</ele></trkpt>
   <trkpt lon="-4.272677" lat="36.713784"><ele>4.5</ele></trkpt>
   <trkpt lon="-4.272604" lat="36.714292"><ele>5.6</ele></trkpt>
   <trkpt lon="-4.272519" lat="36.714737"><ele>6.0</ele></trkpt>
   <trkpt lon="-4.272433" lat="36.715184"><ele>7.3</ele></trkpt>
   <trkpt lon="-4.272290" lat="36.716008"><ele>9.5</ele></trkpt>
   <trkpt lon="-4.272192" lat="36.716119"><ele>9.8</ele></trkpt>
   <trkpt lon="-4.272160" lat="36.716201"><ele>9.9</ele></trkpt>
   <trkpt lon="-4.272187" lat="36.716281"><ele>9.8</ele></trkpt>
   <trkpt lon="-4.272231" lat="36.716342"><ele>9.7</ele></trkpt>
   <trkpt lon="-4.273195" lat="36.716488"><ele>8.9</ele></trkpt>
   <trkpt lon="-4.275560" lat="36.716810"><ele>8.0</ele></trkpt>
   <trkpt lon="-4.275455" lat="36.717422"><ele>10.9</ele></trkpt>
   <trkpt lon="-4.276938" lat="36.717609"><ele>10.0</ele></trkpt>
   <trkpt lon="-4.275455" lat="36.717422"><ele>10.9</ele></trkpt>
   <trkpt lon="-4.272937" lat="36.717087"><ele>14.3</ele></trkpt>
   <trkpt lon="-4.271375" lat="36.716882"><ele>17.4</ele></trkpt>
   <trkpt lon="-4.270644" lat="36.716775"><ele>18.6</ele></trkpt>
   <trkpt lon="-4.270638" lat="36.716696"><ele>17.5</ele></trkpt>
   <trkpt lon="-4.270151" lat="36.716281"><ele>14.4</ele></trkpt>
   <trkpt lon="-4.270066" lat="36.716159"><ele>14.1</ele></trkpt>
   <trkpt lon="-4.269892" lat="36.716096"><ele>13.8</ele></trkpt>
   <trkpt lon="-4.270039" lat="36.715875"><ele>12.5</ele></trkpt>
   <trkpt lon="-4.270062" lat="36.715879"><ele>12.5</ele></trkpt>
   <trkpt lon="-4.270106" lat="36.715871"><ele>12.5</ele></trkpt>
   <trkpt lon="-4.270138" lat="36.715845"><ele>12.4</ele></trkpt>
   <trkpt lon="-4.270146" lat="36.715826"><ele>12.4</ele></trkpt>
   <trkpt lon="-4.270138" lat="36.715786"><ele>12.2</ele></trkpt>
   <trkpt lon="-4.270123" lat="36.715769"><ele>12.1</ele></trkpt>
   <trkpt lon="-4.270101" lat="36.715758"><ele>12.0</ele></trkpt>
   <trkpt lon="-4.270077" lat="36.715752"><ele>11.9</ele></trkpt>
   <trkpt lon="-4.270027" lat="36.715760"><ele>12.0</ele></trkpt>
   <trkpt lon="-4.269994" lat="36.715791"><ele>12.2</ele></trkpt>
   <trkpt lon="-4.269968" lat="36.715796"><ele>12.3</ele></trkpt>
   <trkpt lon="-4.269604" lat="36.715786"><ele>13.3</ele></trkpt>
   <trkpt lon="-4.269543" lat="36.715782"><ele>13.5</ele></trkpt>
   <trkpt lon="-4.269496" lat="36.715783"><ele>13.7</ele></trkpt>
   <trkpt lon="-4.269182" lat="36.715704"><ele>13.7</ele></trkpt>
   <trkpt lon="-4.268808" lat="36.715570"><ele>13.3</ele></trkpt>
   <trkpt lon="-4.268326" lat="36.715301"><ele>12.1</ele></trkpt>
   <trkpt lon="-4.268058" lat="36.715213"><ele>11.6</ele></trkpt>
   <trkpt lon="-4.267605" lat="36.714973"><ele>10.7</ele></trkpt>
   <trkpt lon="-4.266937" lat="36.714635"><ele>9.8</ele></trkpt>
   <trkpt lon="-4.267068" lat="36.713994"><ele>6.7</ele></trkpt>
   <trkpt lon="-4.267112" lat="36.713779"><ele>6.1</ele></trkpt>
   <trkpt lon="-4.267249" lat="36.713137"><ele>4.4</ele></trkpt>
   <trkpt lon="-4.267274" lat="36.712996"><ele>3.8</ele></trkpt>
   <trkpt lon="-4.267284" lat="36.712935"><ele>3.6</ele></trkpt>
   <trkpt lon="-4.267375" lat="36.712415"><ele>2.1</ele></trkpt>
   <trkpt lon="-4.266614" lat="36.712296"><ele>2.5</ele></trkpt>
   <trkpt lon="-4.265376" lat="36.712136"><ele>2.3</ele></trkpt>
   <trkpt lon="-4.263753" lat="36.711958"><ele>2.8</ele></trkpt>
   <trkpt lon="-4.261268" lat="36.711629"><ele>1.9</ele></trkpt>
   <trkpt lon="-4.260225" lat="36.711510"><ele>2.4</ele></trkpt>
   <trkpt lon="-4.259576" lat="36.711458"><ele>2.3</ele></trkpt>
   <trkpt lon="-4.259345" lat="36.711440"><ele>2.2</ele></trkpt>
   <trkpt lon="-4.258932" lat="36.711390"><ele>2.1</ele></trkpt>
   <trkpt lon="-4.258304" lat="36.711344"><ele>2.0</ele></trkpt>
   <trkpt lon="-4.257523" lat="36.711317"><ele>1.9</ele></trkpt>
   <trkpt lon="-4.256384" lat="36.711298"><ele>1.8</ele></trkpt>
   <trkpt lon="-4.255250" lat="36.711249"><ele>2.0</ele></trkpt>
   <trkpt lon="-4.254421" lat="36.711235"><ele>2.2</ele></trkpt>
   <trkpt lon="-4.253690" lat="36.711199"><ele>2.5</ele></trkpt>
   <trkpt lon="-4.252667" lat="36.711087"><ele>2.2</ele></trkpt>
   <trkpt lon="-4.251510" lat="36.710981"><ele>2.8</ele></trkpt>
   <trkpt lon="-4.251381" lat="36.710975"><ele>2.8</ele></trkpt>
   <trkpt lon="-4.250669" lat="36.710944"><ele>2.6</ele></trkpt>
   <trkpt lon="-4.250095" lat="36.710920"><ele>2.1</ele></trkpt>
   <trkpt lon="-4.249382" lat="36.710891"><ele>2.3</ele></trkpt>
   <trkpt lon="-4.248294" lat="36.710868"><ele>2.1</ele></trkpt>
   <trkpt lon="-4.248186" lat="36.710879"><ele>2.2</ele></trkpt>
   <trkpt lon="-4.248246" lat="36.711314"><ele>4.7</ele></trkpt>
   <trkpt lon="-4.248248" lat="36.711430"><ele>5.1</ele></trkpt>
   <trkpt lon="-4.248317" lat="36.712139"><ele>6.6</ele></trkpt>
   <trkpt lon="-4.248337" lat="36.712139"><ele>6.6</ele></trkpt>
   <trkpt lon="-4.248550" lat="36.712127"><ele>6.5</ele></trkpt>
   <trkpt lon="-4.248639" lat="36.712208"><ele>7.0</ele></trkpt>
   <trkpt lon="-4.248643" lat="36.712377"><ele>8.0</ele></trkpt>
   <trkpt lon="-4.248597" lat="36.712622"><ele>8.6</ele></trkpt>
   <trkpt lon="-4.248610" lat="36.713494"><ele>10.0</ele></trkpt>
   <trkpt lon="-4.248755" lat="36.713850"><ele>11.0</ele></trkpt>
   <trkpt lon="-4.248790" lat="36.713933"><ele>11.4</ele></trkpt>
   <trkpt lon="-4.248931" lat="36.714265"><ele>12.6</ele></trkpt>
   <trkpt lon="-4.249058" lat="36.714407"><ele>13.3</ele></trkpt>
   <trkpt lon="-4.249130" lat="36.714486"><ele>13.9</ele></trkpt>
   <trkpt lon="-4.249263" lat="36.715287"><ele>17.6</ele></trkpt>
   <trkpt lon="-4.249324" lat="36.715721"><ele>18.8</ele></trkpt>
   <trkpt lon="-4.249274" lat="36.715727"><ele>18.8</ele></trkpt>
   <trkpt lon="-4.249210" lat="36.715760"><ele>19.0</ele></trkpt>
   <trkpt lon="-4.249184" lat="36.715794"><ele>19.2</ele></trkpt>
   <trkpt lon="-4.249174" lat="36.715850"><ele>19.4</ele></trkpt>
   <trkpt lon="-4.249106" lat="36.715853"><ele>19.6</ele></trkpt>
   <trkpt lon="-4.248576" lat="36.715901"><ele>23.5</ele></trkpt>
   <trkpt lon="-4.247504" lat="36.715977"><ele>28.3</ele></trkpt>
   <trkpt lon="-4.247117" lat="36.716005"><ele>30.4</ele></trkpt>
   <trkpt lon="-4.247083" lat="36.715949"><ele>30.2</ele></trkpt>
   <trkpt lon="-4.247062" lat="36.715932"><ele>30.2</ele></trkpt>
   <trkpt lon="-4.247017" lat="36.715911"><ele>30.2</ele></trkpt>
   <trkpt lon="-4.246940" lat="36.715906"><ele>30.4</ele></trkpt>
   <trkpt lon="-4.246887" lat="36.715923"><ele>30.6</ele></trkpt>
   <trkpt lon="-4.246867" lat="36.715938"><ele>30.8</ele></trkpt>
   <trkpt lon="-4.246849" lat="36.715951"><ele>30.9</ele></trkpt>
   <trkpt lon="-4.246830" lat="36.715979"><ele>31.0</ele></trkpt>
   <trkpt lon="-4.246820" lat="36.716038"><ele>31.4</ele></trkpt>
   <trkpt lon="-4.246835" lat="36.716077"><ele>31.6</ele></trkpt>
   <trkpt lon="-4.246855" lat="36.716101"><ele>31.8</ele></trkpt>
   <trkpt lon="-4.246903" lat="36.716130"><ele>31.8</ele></trkpt>
   <trkpt lon="-4.246541" lat="36.716807"><ele>36.9</ele></trkpt>
   <trkpt lon="-4.245939" lat="36.718003"><ele>52.6</ele></trkpt>
   <trkpt lon="-4.245789" lat="36.718208"><ele>53.8</ele></trkpt>
   <trkpt lon="-4.245657" lat="36.718434"><ele>53.7</ele></trkpt>
   <trkpt lon="-4.245460" lat="36.718760"><ele>54.1</ele></trkpt>
   <trkpt lon="-4.245101" lat="36.719305"><ele>52.3</ele></trkpt>
   <trkpt lon="-4.245069" lat="36.719644"><ele>55.5</ele></trkpt>
   <trkpt lon="-4.245123" lat="36.719924"><ele>57.4</ele></trkpt>
   <trkpt lon="-4.245300" lat="36.720950"><ele>50.8</ele></trkpt>
   <trkpt lon="-4.245378" lat="36.721394"><ele>52.0</ele></trkpt>
   <trkpt lon="-4.245306" lat="36.721513"><ele>52.5</ele></trkpt>
   <trkpt lon="-4.245246" lat="36.721612"><ele>53.1</ele></trkpt>
   <trkpt lon="-4.245015" lat="36.721834"><ele>56.2</ele></trkpt>
   <trkpt lon="-4.244951" lat="36.721886"><ele>57.3</ele></trkpt>
   <trkpt lon="-4.244852" lat="36.721970"><ele>58.6</ele></trkpt>
   <trkpt lon="-4.244543" lat="36.722210"><ele>58.8</ele></trkpt>
   <trkpt lon="-4.244385" lat="36.722353"><ele>61.3</ele></trkpt>
   <trkpt lon="-4.244311" lat="36.722410"><ele>63.4</ele></trkpt>
   <trkpt lon="-4.244237" lat="36.722466"><ele>65.5</ele></trkpt>
   <trkpt lon="-4.244189" lat="36.722501"><ele>66.8</ele></trkpt>
   <trkpt lon="-4.244159" lat="36.722565"><ele>67.9</ele></trkpt>
   <trkpt lon="-4.244170" lat="36.722635"><ele>68.1</ele></trkpt>
   <trkpt lon="-4.244229" lat="36.722720"><ele>68.6</ele></trkpt>
   <trkpt lon="-4.244573" lat="36.723001"><ele>67.1</ele></trkpt>
   <trkpt lon="-4.244717" lat="36.723159"><ele>68.5</ele></trkpt>
   <trkpt lon="-4.244849" lat="36.723331"><ele>69.8</ele></trkpt>
   <trkpt lon="-4.245292" lat="36.724141"><ele>74.6</ele></trkpt>
   <trkpt lon="-4.245366" lat="36.724307"><ele>75.2</ele></trkpt>
   <trkpt lon="-4.245514" lat="36.724742"><ele>78.4</ele></trkpt>
   <trkpt lon="-4.245637" lat="36.725026"><ele>80.7</ele></trkpt>
   <trkpt lon="-4.245753" lat="36.725181"><ele>81.7</ele></trkpt>
   <trkpt lon="-4.245565" lat="36.725267"><ele>83.0</ele></trkpt>
   <trkpt lon="-4.245392" lat="36.725334"><ele>85.0</ele></trkpt>
   <trkpt lon="-4.245189" lat="36.725265"><ele>86.7</ele></trkpt>
   <trkpt lon="-4.244893" lat="36.725063"><ele>88.0</ele></trkpt>
   <trkpt lon="-4.244881" lat="36.725028"><ele>88.1</ele></trkpt>
   <trkpt lon="-4.244893" lat="36.725063"><ele>88.0</ele></trkpt>
   <trkpt lon="-4.245189" lat="36.725265"><ele>86.7</ele></trkpt>
   <trkpt lon="-4.245392" lat="36.725334"><ele>85.0</ele></trkpt>
   <trkpt lon="-4.245565" lat="36.725267"><ele>83.0</ele></trkpt>
   <trkpt lon="-4.245753" lat="36.725181"><ele>81.7</ele></trkpt>
   <trkpt lon="-4.245637" lat="36.725026"><ele>80.7</ele></trkpt>
   <trkpt lon="-4.245514" lat="36.724742"><ele>78.4</ele></trkpt>
   <trkpt lon="-4.245366" lat="36.724307"><ele>75.2</ele></trkpt>
   <trkpt lon="-4.245292" lat="36.724141"><ele>74.6</ele></trkpt>
   <trkpt lon="-4.244849" lat="36.723331"><ele>69.8</ele></trkpt>
   <trkpt lon="-4.244717" lat="36.723159"><ele>68.5</ele></trkpt>
   <trkpt lon="-4.244573" lat="36.723001"><ele>67.1</ele></trkpt>
   <trkpt lon="-4.244229" lat="36.722720"><ele>68.6</ele></trkpt>
   <trkpt lon="-4.244170" lat="36.722635"><ele>68.1</ele></trkpt>
   <trkpt lon="-4.244159" lat="36.722565"><ele>67.9</ele></trkpt>
   <trkpt lon="-4.244189" lat="36.722501"><ele>66.8</ele></trkpt>
   <trkpt lon="-4.244237" lat="36.722466"><ele>65.5</ele></trkpt>
   <trkpt lon="-4.244311" lat="36.722410"><ele>63.4</ele></trkpt>
   <trkpt lon="-4.244385" lat="36.722353"><ele>61.3</ele></trkpt>
   <trkpt lon="-4.244543" lat="36.722210"><ele>58.8</ele></trkpt>
   <trkpt lon="-4.244852" lat="36.721970"><ele>58.6</ele></trkpt>
   <trkpt lon="-4.244951" lat="36.721886"><ele>57.3</ele></trkpt>
   <trkpt lon="-4.245015" lat="36.721834"><ele>56.2</ele></trkpt>
   <trkpt lon="-4.245246" lat="36.721612"><ele>53.1</ele></trkpt>
   <trkpt lon="-4.245306" lat="36.721513"><ele>52.5</ele></trkpt>
   <trkpt lon="-4.245378" lat="36.721394"><ele>52.0</ele></trkpt>
   <trkpt lon="-4.245300" lat="36.720950"><ele>50.8</ele></trkpt>
   <trkpt lon="-4.245123" lat="36.719924"><ele>57.4</ele></trkpt>
   <trkpt lon="-4.245069" lat="36.719644"><ele>55.5</ele></trkpt>
   <trkpt lon="-4.245101" lat="36.719305"><ele>52.3</ele></trkpt>
   <trkpt lon="-4.245460" lat="36.718760"><ele>54.1</ele></trkpt>
   <trkpt lon="-4.245657" lat="36.718434"><ele>53.7</ele></trkpt>
   <trkpt lon="-4.245789" lat="36.718208"><ele>53.8</ele></trkpt>
   <trkpt lon="-4.245939" lat="36.718003"><ele>52.6</ele></trkpt>
   <trkpt lon="-4.246541" lat="36.716807"><ele>36.9</ele></trkpt>
   <trkpt lon="-4.246903" lat="36.716130"><ele>31.8</ele></trkpt>
   <trkpt lon="-4.246953" lat="36.716141"><ele>31.7</ele></trkpt>
   <trkpt lon="-4.246985" lat="36.716141"><ele>31.6</ele></trkpt>
   <trkpt lon="-4.247035" lat="36.716129"><ele>31.4</ele></trkpt>
   <trkpt lon="-4.247089" lat="36.716091"><ele>31.0</ele></trkpt>
   <trkpt lon="-4.247114" lat="36.716042"><ele>30.7</ele></trkpt>
   <trkpt lon="-4.247117" lat="36.716005"><ele>30.4</ele></trkpt>
   <trkpt lon="-4.247504" lat="36.715977"><ele>28.3</ele></trkpt>
   <trkpt lon="-4.248576" lat="36.715901"><ele>23.5</ele></trkpt>
   <trkpt lon="-4.249106" lat="36.715853"><ele>19.6</ele></trkpt>
   <trkpt lon="-4.249174" lat="36.715850"><ele>19.4</ele></trkpt>
   <trkpt lon="-4.249189" lat="36.715889"><ele>19.4</ele></trkpt>
   <trkpt lon="-4.249226" lat="36.715927"><ele>19.4</ele></trkpt>
   <trkpt lon="-4.249284" lat="36.715950"><ele>19.5</ele></trkpt>
   <trkpt lon="-4.249323" lat="36.715953"><ele>19.6</ele></trkpt>
   <trkpt lon="-4.249372" lat="36.715945"><ele>19.6</ele></trkpt>
   <trkpt lon="-4.249416" lat="36.715923"><ele>19.6</ele></trkpt>
   <trkpt lon="-4.249437" lat="36.715904"><ele>19.5</ele></trkpt>
   <trkpt lon="-4.249462" lat="36.715849"><ele>19.3</ele></trkpt>
   <trkpt lon="-4.249459" lat="36.715809"><ele>19.1</ele></trkpt>
   <trkpt lon="-4.249431" lat="36.715765"><ele>19.0</ele></trkpt>
   <trkpt lon="-4.249393" lat="36.715738"><ele>18.9</ele></trkpt>
   <trkpt lon="-4.249324" lat="36.715721"><ele>18.8</ele></trkpt>
   <trkpt lon="-4.249263" lat="36.715287"><ele>17.6</ele></trkpt>
   <trkpt lon="-4.249130" lat="36.714486"><ele>13.9</ele></trkpt>
   <trkpt lon="-4.249058" lat="36.714407"><ele>13.3</ele></trkpt>
   <trkpt lon="-4.248931" lat="36.714265"><ele>12.6</ele></trkpt>
   <trkpt lon="-4.248790" lat="36.713933"><ele>11.4</ele></trkpt>
   <trkpt lon="-4.248755" lat="36.713850"><ele>11.0</ele></trkpt>
   <trkpt lon="-4.249341" lat="36.713784"><ele>11.1</ele></trkpt>
   <trkpt lon="-4.250084" lat="36.713613"><ele>9.6</ele></trkpt>
   <trkpt lon="-4.250479" lat="36.713522"><ele>8.9</ele></trkpt>
   <trkpt lon="-4.251816" lat="36.713258"><ele>7.3</ele></trkpt>
   <trkpt lon="-4.251885" lat="36.713244"><ele>7.4</ele></trkpt>
   <trkpt lon="-4.252222" lat="36.713148"><ele>7.2</ele></trkpt>
   <trkpt lon="-4.252595" lat="36.713028"><ele>6.9</ele></trkpt>
   <trkpt lon="-4.252676" lat="36.712993"><ele>6.8</ele></trkpt>
   <trkpt lon="-4.252864" lat="36.712777"><ele>6.2</ele></trkpt>
   <trkpt lon="-4.253362" lat="36.712456"><ele>5.4</ele></trkpt>
   <trkpt lon="-4.254233" lat="36.712135"><ele>5.9</ele></trkpt>
   <trkpt lon="-4.254669" lat="36.711943"><ele>5.4</ele></trkpt>
   <trkpt lon="-4.254679" lat="36.711918"><ele>5.3</ele></trkpt>
   <trkpt lon="-4.254708" lat="36.711920"><ele>5.3</ele></trkpt>
   <trkpt lon="-4.254738" lat="36.711914"><ele>5.3</ele></trkpt>
   <trkpt lon="-4.254765" lat="36.711901"><ele>5.2</ele></trkpt>
   <trkpt lon="-4.255274" lat="36.711906"><ele>5.2</ele></trkpt>
   <trkpt lon="-4.255745" lat="36.711924"><ele>4.6</ele></trkpt>
   <trkpt lon="-4.256184" lat="36.711997"><ele>4.5</ele></trkpt>
   <trkpt lon="-4.256658" lat="36.712061"><ele>4.1</ele></trkpt>
   <trkpt lon="-4.257162" lat="36.712043"><ele>4.0</ele></trkpt>
   <trkpt lon="-4.257681" lat="36.712045"><ele>4.0</ele></trkpt>
   <trkpt lon="-4.258188" lat="36.712181"><ele>4.4</ele></trkpt>
   <trkpt lon="-4.258224" lat="36.712191"><ele>4.4</ele></trkpt>
   <trkpt lon="-4.258422" lat="36.712278"><ele>4.7</ele></trkpt>
   <trkpt lon="-4.258611" lat="36.712348"><ele>4.9</ele></trkpt>
   <trkpt lon="-4.258704" lat="36.712376"><ele>5.0</ele></trkpt>
   <trkpt lon="-4.258781" lat="36.712238"><ele>4.6</ele></trkpt>
   <trkpt lon="-4.258914" lat="36.711997"><ele>3.9</ele></trkpt>
   <trkpt lon="-4.259336" lat="36.712053"><ele>4.0</ele></trkpt>
   <trkpt lon="-4.259460" lat="36.712070"><ele>4.0</ele></trkpt>
   <trkpt lon="-4.259527" lat="36.711720"><ele>3.0</ele></trkpt>
   <trkpt lon="-4.259576" lat="36.711458"><ele>2.3</ele></trkpt>
   <trkpt lon="-4.260225" lat="36.711510"><ele>2.4</ele></trkpt>
   <trkpt lon="-4.261268" lat="36.711629"><ele>1.9</ele></trkpt>
   <trkpt lon="-4.263753" lat="36.711958"><ele>2.8</ele></trkpt>
   <trkpt lon="-4.265376" lat="36.712136"><ele>2.3</ele></trkpt>
   <trkpt lon="-4.266614" lat="36.712296"><ele>2.5</ele></trkpt>
   <trkpt lon="-4.267375" lat="36.712415"><ele>2.1</ele></trkpt>
   <trkpt lon="-4.268278" lat="36.712539"><ele>2.9</ele></trkpt>
   <trkpt lon="-4.268535" lat="36.712551"><ele>2.7</ele></trkpt>
   <trkpt lon="-4.268870" lat="36.712590"><ele>2.4</ele></trkpt>
   <trkpt lon="-4.269696" lat="36.712752"><ele>3.1</ele></trkpt>
   <trkpt lon="-4.270163" lat="36.712812"><ele>3.0</ele></trkpt>
   <trkpt lon="-4.270511" lat="36.712892"><ele>3.0</ele></trkpt>
   <trkpt lon="-4.270609" lat="36.712915"><ele>3.1</ele></trkpt>
   <trkpt lon="-4.270738" lat="36.712873"><ele>2.9</ele></trkpt>
   <trkpt lon="-4.271126" lat="36.712928"><ele>2.6</ele></trkpt>
   <trkpt lon="-4.271956" lat="36.713047"><ele>2.4</ele></trkpt>
   <trkpt lon="-4.272540" lat="36.713127"><ele>2.2</ele></trkpt>
   <trkpt lon="-4.272587" lat="36.713116"><ele>2.1</ele></trkpt>
   <trkpt lon="-4.272606" lat="36.713101"><ele>2.1</ele></trkpt>
   <trkpt lon="-4.272646" lat="36.712997"><ele>2.0</ele></trkpt>
   <trkpt lon="-4.272663" lat="36.712973"><ele>2.0</ele></trkpt>
   <trkpt lon="-4.272710" lat="36.712968"><ele>2.0</ele></trkpt>
   <trkpt lon="-4.272981" lat="36.713018"><ele>2.0</ele></trkpt>
   <trkpt lon="-4.273010" lat="36.713026"><ele>2.0</ele></trkpt>
   <trkpt lon="-4.273047" lat="36.713052"><ele>2.0</ele></trkpt>
   <trkpt lon="-4.273121" lat="36.713163"><ele>2.3</ele></trkpt>
   <trkpt lon="-4.273143" lat="36.713185"><ele>2.4</ele></trkpt>
   <trkpt lon="-4.273162" lat="36.713197"><ele>2.4</ele></trkpt>
   <trkpt lon="-4.273210" lat="36.713212"><ele>2.4</ele></trkpt>
   <trkpt lon="-4.274073" lat="36.713337"><ele>2.9</ele></trkpt>
   <trkpt lon="-4.275196" lat="36.713479"><ele>2.4</ele></trkpt>
   <trkpt lon="-4.275409" lat="36.713430"><ele>1.5</ele></trkpt>
   <trkpt lon="-4.275525" lat="36.713439"><ele>1.2</ele></trkpt>
   <trkpt lon="-4.275691" lat="36.713545"><ele>1.8</ele></trkpt>
   <trkpt lon="-4.277081" lat="36.713727"><ele>2.0</ele></trkpt>
   <trkpt lon="-4.277192" lat="36.713659"><ele>2.0</ele></trkpt>
   <trkpt lon="-4.277271" lat="36.713635"><ele>2.0</ele></trkpt>
   <trkpt lon="-4.277557" lat="36.713670"><ele>2.0</ele></trkpt>
   <trkpt lon="-4.277623" lat="36.713695"><ele>2.0</ele></trkpt>
   <trkpt lon="-4.277815" lat="36.713828"><ele>2.2</ele></trkpt>
   <trkpt lon="-4.279228" lat="36.714034"><ele>2.7</ele></trkpt>
   <trkpt lon="-4.279492" lat="36.713970"><ele>2.3</ele></trkpt>
   <trkpt lon="-4.280056" lat="36.714057"><ele>2.0</ele></trkpt>
   <trkpt lon="-4.280413" lat="36.714199"><ele>2.3</ele></trkpt>
   <trkpt lon="-4.281225" lat="36.714311"><ele>2.3</ele></trkpt>
   <trkpt lon="-4.282165" lat="36.714442"><ele>2.0</ele></trkpt>
   <trkpt lon="-4.282556" lat="36.714463"><ele>2.1</ele></trkpt>
   <trkpt lon="-4.283225" lat="36.714542"><ele>2.3</ele></trkpt>
   <trkpt lon="-4.283411" lat="36.714569"><ele>2.4</ele></trkpt>
   <trkpt lon="-4.283639" lat="36.714613"><ele>2.5</ele></trkpt>
   <trkpt lon="-4.284328" lat="36.714696"><ele>2.5</ele></trkpt>
   <trkpt lon="-4.285221" lat="36.714785"><ele>3.0</ele></trkpt>
   <trkpt lon="-4.285435" lat="36.714781"><ele>3.0</ele></trkpt>
   <trkpt lon="-4.285737" lat="36.714801"><ele>2.3</ele></trkpt>
   <trkpt lon="-4.285897" lat="36.714862"><ele>2.5</ele></trkpt>
   <trkpt lon="-4.286139" lat="36.714896"><ele>2.7</ele></trkpt>
   <trkpt lon="-4.286763" lat="36.714962"><ele>2.5</ele></trkpt>
   <trkpt lon="-4.287194" lat="36.714999"><ele>2.7</ele></trkpt>
   <trkpt lon="-4.287326" lat="36.714930"><ele>2.5</ele></trkpt>
   <trkpt lon="-4.287678" lat="36.714947"><ele>2.2</ele></trkpt>
   <trkpt lon="-4.287766" lat="36.715016"><ele>2.1</ele></trkpt>
   <trkpt lon="-4.289333" lat="36.714989"><ele>2.6</ele></trkpt>
   <trkpt lon="-4.290522" lat="36.714955"><ele>2.1</ele></trkpt>
   <trkpt lon="-4.291505" lat="36.714943"><ele>2.0</ele></trkpt>
   <trkpt lon="-4.292179" lat="36.714911"><ele>1.8</ele></trkpt>
   <trkpt lon="-4.292468" lat="36.714888"><ele>1.7</ele></trkpt>
   <trkpt lon="-4.293042" lat="36.714841"><ele>2.2</ele></trkpt>
   <trkpt lon="-4.293118" lat="36.714862"><ele>2.3</ele></trkpt>
   <trkpt lon="-4.293155" lat="36.714870"><ele>2.3</ele></trkpt>
   <trkpt lon="-4.293311" lat="36.714835"><ele>2.2</ele></trkpt>
   <trkpt lon="-4.293457" lat="36.714788"><ele>2.0</ele></trkpt>
   <trkpt lon="-4.293740" lat="36.714660"><ele>1.7</ele></trkpt>
   <trkpt lon="-4.293854" lat="36.714586"><ele>1.6</ele></trkpt>
   <trkpt lon="-4.294384" lat="36.714197"><ele>7.5</ele></trkpt>
   <trkpt lon="-4.294864" lat="36.713840"><ele>20.6</ele></trkpt>
   <trkpt lon="-4.294948" lat="36.713777"><ele>22.9</ele></trkpt>
   <trkpt lon="-4.295758" lat="36.713173"><ele>12.7</ele></trkpt>
   <trkpt lon="-4.295922" lat="36.713072"><ele>8.5</ele></trkpt>
   <trkpt lon="-4.296114" lat="36.712987"><ele>8.3</ele></trkpt>
   <trkpt lon="-4.296329" lat="36.712923"><ele>8.9</ele></trkpt>
   <trkpt lon="-4.296550" lat="36.712877"><ele>11.3</ele></trkpt>
   <trkpt lon="-4.296845" lat="36.712860"><ele>13.9</ele></trkpt>
   <trkpt lon="-4.297113" lat="36.712887"><ele>14.6</ele></trkpt>
   <trkpt lon="-4.297423" lat="36.712930"><ele>13.1</ele></trkpt>
   <trkpt lon="-4.298387" lat="36.713145"><ele>17.0</ele></trkpt>
   <trkpt lon="-4.298568" lat="36.713180"><ele>17.3</ele></trkpt>
   <trkpt lon="-4.298753" lat="36.713220"><ele>15.9</ele></trkpt>
   <trkpt lon="-4.298935" lat="36.713255"><ele>13.8</ele></trkpt>
   <trkpt lon="-4.299889" lat="36.713506"><ele>14.3</ele></trkpt>
   <trkpt lon="-4.300298" lat="36.713676"><ele>13.6</ele></trkpt>
   <trkpt lon="-4.300314" lat="36.713760"><ele>13.3</ele></trkpt>
   <trkpt lon="-4.300663" lat="36.713974"><ele>6.8</ele></trkpt>
   <trkpt lon="-4.300837" lat="36.714207"><ele>3.4</ele></trkpt>
   <trkpt lon="-4.300870" lat="36.714212"><ele>3.3</ele></trkpt>
   <trkpt lon="-4.300942" lat="36.714220"><ele>2.9</ele></trkpt>
   <trkpt lon="-4.300971" lat="36.714248"><ele>2.7</ele></trkpt>
   <trkpt lon="-4.301370" lat="36.714500"><ele>2.0</ele></trkpt>
   <trkpt lon="-4.301598" lat="36.714568"><ele>2.0</ele></trkpt>
   <trkpt lon="-4.301823" lat="36.714615"><ele>2.0</ele></trkpt>
   <trkpt lon="-4.302088" lat="36.714628"><ele>2.1</ele></trkpt>
   <trkpt lon="-4.302575" lat="36.714499"><ele>2.2</ele></trkpt>
   <trkpt lon="-4.302743" lat="36.714469"><ele>2.1</ele></trkpt>
   <trkpt lon="-4.303113" lat="36.714506"><ele>1.6</ele></trkpt>
   <trkpt lon="-4.303131" lat="36.714530"><ele>1.7</ele></trkpt>
   <trkpt lon="-4.303122" lat="36.714602"><ele>2.1</ele></trkpt>
   <trkpt lon="-4.303147" lat="36.714636"><ele>2.3</ele></trkpt>
   <trkpt lon="-4.303184" lat="36.714653"><ele>2.3</ele></trkpt>
   <trkpt lon="-4.304325" lat="36.714718"><ele>2.8</ele></trkpt>
   <trkpt lon="-4.304635" lat="36.714573"><ele>2.4</ele></trkpt>
   <trkpt lon="-4.304746" lat="36.714534"><ele>2.3</ele></trkpt>
   <trkpt lon="-4.304890" lat="36.714533"><ele>2.3</ele></trkpt>
   <trkpt lon="-4.305201" lat="36.714562"><ele>2.4</ele></trkpt>
   <trkpt lon="-4.305551" lat="36.714570"><ele>2.4</ele></trkpt>
   <trkpt lon="-4.305584" lat="36.714603"><ele>2.5</ele></trkpt>
   <trkpt lon="-4.305627" lat="36.714684"><ele>2.7</ele></trkpt>
   <trkpt lon="-4.305665" lat="36.714717"><ele>2.8</ele></trkpt>
   <trkpt lon="-4.305773" lat="36.714737"><ele>2.9</ele></trkpt>
   <trkpt lon="-4.306327" lat="36.714689"><ele>2.8</ele></trkpt>
   <trkpt lon="-4.306681" lat="36.714679"><ele>2.7</ele></trkpt>
   <trkpt lon="-4.306884" lat="36.714658"><ele>2.7</ele></trkpt>
   <trkpt lon="-4.307116" lat="36.714512"><ele>2.2</ele></trkpt>
   <trkpt lon="-4.307487" lat="36.714404"><ele>2.0</ele></trkpt>
   <trkpt lon="-4.307578" lat="36.714413"><ele>2.0</ele></trkpt>
   <trkpt lon="-4.307746" lat="36.714452"><ele>2.4</ele></trkpt>
   <trkpt lon="-4.308246" lat="36.714357"><ele>2.8</ele></trkpt>
   <trkpt lon="-4.308475" lat="36.714263"><ele>2.5</ele></trkpt>
   <trkpt lon="-4.308749" lat="36.714127"><ele>2.1</ele></trkpt>
   <trkpt lon="-4.308975" lat="36.714117"><ele>2.1</ele></trkpt>
   <trkpt lon="-4.309242" lat="36.714108"><ele>2.1</ele></trkpt>
   <trkpt lon="-4.310839" lat="36.713771"><ele>1.1</ele></trkpt>
   <trkpt lon="-4.311989" lat="36.713564"><ele>0.9</ele></trkpt>
   <trkpt lon="-4.313281" lat="36.713407"><ele>1.0</ele></trkpt>
   <trkpt lon="-4.314158" lat="36.713314"><ele>1.5</ele></trkpt>
   <trkpt lon="-4.314679" lat="36.713270"><ele>2.0</ele></trkpt>
   <trkpt lon="-4.314706" lat="36.713291"><ele>2.2</ele></trkpt>
   <trkpt lon="-4.315120" lat="36.713268"><ele>3.2</ele></trkpt>
   <trkpt lon="-4.315881" lat="36.713217"><ele>1.6</ele></trkpt>
   <trkpt lon="-4.315975" lat="36.713205"><ele>1.9</ele></trkpt>
   <trkpt lon="-4.316836" lat="36.713151"><ele>3.5</ele></trkpt>
   <trkpt lon="-4.317586" lat="36.713024"><ele>3.0</ele></trkpt>
   <trkpt lon="-4.317787" lat="36.712985"><ele>3.0</ele></trkpt>
   <trkpt lon="-4.318050" lat="36.712935"><ele>3.0</ele></trkpt>
   <trkpt lon="-4.318359" lat="36.712767"><ele>4.4</ele></trkpt>
   <trkpt lon="-4.318665" lat="36.712687"><ele>0.9</ele></trkpt>
   <trkpt lon="-4.319142" lat="36.712628"><ele>1.0</ele></trkpt>
   <trkpt lon="-4.320252" lat="36.712559"><ele>2.0</ele></trkpt>
   <trkpt lon="-4.321184" lat="36.712487"><ele>3.6</ele></trkpt>
   <trkpt lon="-4.322050" lat="36.712462"><ele>6.7</ele></trkpt>
   <trkpt lon="-4.322237" lat="36.712476"><ele>6.2</ele></trkpt>
   <trkpt lon="-4.322268" lat="36.712494"><ele>6.1</ele></trkpt>
   <trkpt lon="-4.322336" lat="36.712496"><ele>6.0</ele></trkpt>
   <trkpt lon="-4.322668" lat="36.712547"><ele>5.8</ele></trkpt>
   <trkpt lon="-4.322969" lat="36.712608"><ele>4.1</ele></trkpt>
   <trkpt lon="-4.323197" lat="36.712688"><ele>2.1</ele></trkpt>
   <trkpt lon="-4.323168" lat="36.712722"><ele>2.3</ele></trkpt>
   <trkpt lon="-4.323344" lat="36.712811"><ele>1.8</ele></trkpt>
   <trkpt lon="-4.323603" lat="36.712924"><ele>2.9</ele></trkpt>
   <trkpt lon="-4.323893" lat="36.713029"><ele>2.8</ele></trkpt>
   <trkpt lon="-4.324203" lat="36.713104"><ele>3.2</ele></trkpt>
   <trkpt lon="-4.324504" lat="36.713137"><ele>3.4</ele></trkpt>
   <trkpt lon="-4.325044" lat="36.713170"><ele>3.6</ele></trkpt>
   <trkpt lon="-4.325562" lat="36.713211"><ele>3.8</ele></trkpt>
   <trkpt lon="-4.325753" lat="36.713197"><ele>4.0</ele></trkpt>
   <trkpt lon="-4.325823" lat="36.713151"><ele>4.1</ele></trkpt>
   <trkpt lon="-4.325871" lat="36.713166"><ele>4.1</ele></trkpt>
   <trkpt lon="-4.325923" lat="36.713157"><ele>4.2</ele></trkpt>
   <trkpt lon="-4.325939" lat="36.713146"><ele>4.2</ele></trkpt>
   <trkpt lon="-4.326005" lat="36.713174"><ele>4.3</ele></trkpt>
   <trkpt lon="-4.326129" lat="36.713194"><ele>4.6</ele></trkpt>
   <trkpt lon="-4.326566" lat="36.713212"><ele>5.4</ele></trkpt>
   <trkpt lon="-4.327083" lat="36.713232"><ele>6.0</ele></trkpt>
   <trkpt lon="-4.327313" lat="36.713241"><ele>7.0</ele></trkpt>
   <trkpt lon="-4.327569" lat="36.713253"><ele>8.8</ele></trkpt>
   <trkpt lon="-4.327894" lat="36.713254"><ele>11.1</ele></trkpt>
   <trkpt lon="-4.328095" lat="36.713271"><ele>12.0</ele></trkpt>
   <trkpt lon="-4.328225" lat="36.713291"><ele>11.2</ele></trkpt>
   <trkpt lon="-4.328310" lat="36.713332"><ele>10.3</ele></trkpt>
   <trkpt lon="-4.328566" lat="36.713361"><ele>8.3</ele></trkpt>
   <trkpt lon="-4.328756" lat="36.713377"><ele>6.3</ele></trkpt>
   <trkpt lon="-4.328774" lat="36.713393"><ele>6.1</ele></trkpt>
   <trkpt lon="-4.330568" lat="36.713499"><ele>1.9</ele></trkpt>
   <trkpt lon="-4.330729" lat="36.713477"><ele>2.4</ele></trkpt>
   <trkpt lon="-4.331283" lat="36.713477"><ele>3.2</ele></trkpt>
   <trkpt lon="-4.331548" lat="36.713437"><ele>2.6</ele></trkpt>
   <trkpt lon="-4.331588" lat="36.713416"><ele>2.8</ele></trkpt>
   <trkpt lon="-4.331661" lat="36.713395"><ele>3.3</ele></trkpt>
   <trkpt lon="-4.331702" lat="36.713406"><ele>3.7</ele></trkpt>
   <trkpt lon="-4.331742" lat="36.713429"><ele>4.2</ele></trkpt>
   <trkpt lon="-4.331859" lat="36.713434"><ele>5.2</ele></trkpt>
   <trkpt lon="-4.332043" lat="36.713397"><ele>6.1</ele></trkpt>
   <trkpt lon="-4.332175" lat="36.713347"><ele>6.9</ele></trkpt>
   <trkpt lon="-4.332356" lat="36.713156"><ele>8.9</ele></trkpt>
   <trkpt lon="-4.332440" lat="36.713100"><ele>9.9</ele></trkpt>
   <trkpt lon="-4.332533" lat="36.713075"><ele>10.9</ele></trkpt>
   <trkpt lon="-4.333164" lat="36.712965"><ele>5.7</ele></trkpt>
   <trkpt lon="-4.333264" lat="36.712961"><ele>6.3</ele></trkpt>
   <trkpt lon="-4.333366" lat="36.712967"><ele>6.8</ele></trkpt>
   <trkpt lon="-4.333509" lat="36.713035"><ele>7.7</ele></trkpt>
   <trkpt lon="-4.333613" lat="36.713128"><ele>9.9</ele></trkpt>
   <trkpt lon="-4.333908" lat="36.713574"><ele>17.3</ele></trkpt>
   <trkpt lon="-4.333978" lat="36.713633"><ele>16.7</ele></trkpt>
   <trkpt lon="-4.334182" lat="36.713688"><ele>12.0</ele></trkpt>
   <trkpt lon="-4.334532" lat="36.713752"><ele>6.8</ele></trkpt>
   <trkpt lon="-4.334852" lat="36.713813"><ele>6.4</ele></trkpt>
   <trkpt lon="-4.335464" lat="36.713926"><ele>8.1</ele></trkpt>
   <trkpt lon="-4.335693" lat="36.713933"><ele>9.0</ele></trkpt>
   <trkpt lon="-4.335895" lat="36.713893"><ele>9.5</ele></trkpt>
   <trkpt lon="-4.336097" lat="36.713834"><ele>9.9</ele></trkpt>
   <trkpt lon="-4.336849" lat="36.713269"><ele>8.2</ele></trkpt>
   <trkpt lon="-4.337213" lat="36.712877"><ele>6.1</ele></trkpt>
   <trkpt lon="-4.337388" lat="36.712821"><ele>7.8</ele></trkpt>
   <trkpt lon="-4.337620" lat="36.712827"><ele>10.6</ele></trkpt>
   <trkpt lon="-4.338239" lat="36.712980"><ele>10.6</ele></trkpt>
   <trkpt lon="-4.339115" lat="36.712962"><ele>6.0</ele></trkpt>
   <trkpt lon="-4.339398" lat="36.712887"><ele>6.0</ele></trkpt>
   <trkpt lon="-4.339468" lat="36.712872"><ele>6.0</ele></trkpt>
   <trkpt lon="-4.339806" lat="36.712917"><ele>5.7</ele></trkpt>
   <trkpt lon="-4.340225" lat="36.713046"><ele>4.0</ele></trkpt>
   <trkpt lon="-4.340514" lat="36.713168"><ele>4.7</ele></trkpt>
   <trkpt lon="-4.340770" lat="36.713265"><ele>5.8</ele></trkpt>
   <trkpt lon="-4.340931" lat="36.713312"><ele>4.8</ele></trkpt>
   <trkpt lon="-4.342102" lat="36.713593"><ele>5.0</ele></trkpt>
   <trkpt lon="-4.342293" lat="36.713644"><ele>4.4</ele></trkpt>
   <trkpt lon="-4.342876" lat="36.713913"><ele>4.5</ele></trkpt>
   <trkpt lon="-4.343007" lat="36.714011"><ele>5.1</ele></trkpt>
   <trkpt lon="-4.343194" lat="36.714346"><ele>6.1</ele></trkpt>
   <trkpt lon="-4.343642" lat="36.714601"><ele>6.1</ele></trkpt>
   <trkpt lon="-4.344040" lat="36.714745"><ele>4.4</ele></trkpt>
   <trkpt lon="-4.344410" lat="36.714872"><ele>4.1</ele></trkpt>
   <trkpt lon="-4.345300" lat="36.715115"><ele>3.0</ele></trkpt>
   <trkpt lon="-4.345731" lat="36.715225"><ele>6.3</ele></trkpt>
   <trkpt lon="-4.345963" lat="36.715327"><ele>4.7</ele></trkpt>
   <trkpt lon="-4.346212" lat="36.715457"><ele>5.0</ele></trkpt>
   <trkpt lon="-4.346360" lat="36.715601"><ele>7.5</ele></trkpt>
   <trkpt lon="-4.346446" lat="36.715637"><ele>7.2</ele></trkpt>
   <trkpt lon="-4.346476" lat="36.715695"><ele>7.7</ele></trkpt>
   <trkpt lon="-4.347011" lat="36.716423"><ele>7.1</ele></trkpt>
   <trkpt lon="-4.347150" lat="36.716595"><ele>7.3</ele></trkpt>
   <trkpt lon="-4.347282" lat="36.716713"><ele>6.9</ele></trkpt>
   <trkpt lon="-4.347372" lat="36.716784"><ele>6.4</ele></trkpt>
   <trkpt lon="-4.347583" lat="36.716952"><ele>5.0</ele></trkpt>
   <trkpt lon="-4.347962" lat="36.717127"><ele>4.5</ele></trkpt>
   <trkpt lon="-4.348100" lat="36.717175"><ele>4.4</ele></trkpt>
   <trkpt lon="-4.348257" lat="36.717217"><ele>4.0</ele></trkpt>
   <trkpt lon="-4.348568" lat="36.717279"><ele>3.4</ele></trkpt>
   <trkpt lon="-4.348723" lat="36.717377"><ele>3.2</ele></trkpt>
   <trkpt lon="-4.348698" lat="36.717483"><ele>3.6</ele></trkpt>
   <trkpt lon="-4.348594" lat="36.717926"><ele>4.7</ele></trkpt>
   <trkpt lon="-4.348583" lat="36.717973"><ele>5.1</ele></trkpt>
   <trkpt lon="-4.348747" lat="36.718013"><ele>5.0</ele></trkpt>
   <trkpt lon="-4.349041" lat="36.718089"><ele>4.7</ele></trkpt>
   <trkpt lon="-4.349230" lat="36.718135"><ele>4.8</ele></trkpt>
   <trkpt lon="-4.349552" lat="36.718214"><ele>4.5</ele></trkpt>
   <trkpt lon="-4.349685" lat="36.718248"><ele>4.8</ele></trkpt>
   <trkpt lon="-4.349777" lat="36.718272"><ele>5.1</ele></trkpt>
   <trkpt lon="-4.349946" lat="36.718315"><ele>5.5</ele></trkpt>
   <trkpt lon="-4.350145" lat="36.718379"><ele>5.7</ele></trkpt>
   <trkpt lon="-4.350263" lat="36.718430"><ele>6.1</ele></trkpt>
   <trkpt lon="-4.350363" lat="36.718473"><ele>6.1</ele></trkpt>
   <trkpt lon="-4.350594" lat="36.718518"><ele>5.2</ele></trkpt>
   <trkpt lon="-4.350641" lat="36.718528"><ele>5.0</ele></trkpt>
   <trkpt lon="-4.350707" lat="36.718531"><ele>5.0</ele></trkpt>
   <trkpt lon="-4.350982" lat="36.718534"><ele>5.0</ele></trkpt>
   <trkpt lon="-4.351245" lat="36.718588"><ele>5.5</ele></trkpt>
   <trkpt lon="-4.351955" lat="36.718880"><ele>8.0</ele></trkpt>
   <trkpt lon="-4.352060" lat="36.718912"><ele>7.9</ele></trkpt>
   <trkpt lon="-4.351791" lat="36.719294"><ele>10.2</ele></trkpt>
   <trkpt lon="-4.351655" lat="36.719486"><ele>11.0</ele></trkpt>
   <trkpt lon="-4.351527" lat="36.719666"><ele>10.8</ele></trkpt>
   <trkpt lon="-4.351642" lat="36.719720"><ele>10.5</ele></trkpt>
   <trkpt lon="-4.351845" lat="36.719819"><ele>10.0</ele></trkpt>
   <trkpt lon="-4.351929" lat="36.719858"><ele>9.9</ele></trkpt>
   <trkpt lon="-4.352351" lat="36.720038"><ele>9.4</ele></trkpt>
   <trkpt lon="-4.352579" lat="36.720109"><ele>9.4</ele></trkpt>
   <trkpt lon="-4.352840" lat="36.720148"><ele>9.5</ele></trkpt>
   <trkpt lon="-4.353163" lat="36.720171"><ele>9.3</ele></trkpt>
   <trkpt lon="-4.353249" lat="36.720176"><ele>9.1</ele></trkpt>
   <trkpt lon="-4.353458" lat="36.720197"><ele>8.6</ele></trkpt>
   <trkpt lon="-4.353897" lat="36.720263"><ele>7.6</ele></trkpt>
   <trkpt lon="-4.353922" lat="36.720267"><ele>7.5</ele></trkpt>
   <trkpt lon="-4.354329" lat="36.720325"><ele>7.1</ele></trkpt>
   <trkpt lon="-4.355180" lat="36.720432"><ele>5.0</ele></trkpt>
   <trkpt lon="-4.355270" lat="36.720445"><ele>4.9</ele></trkpt>
   <trkpt lon="-4.355312" lat="36.720451"><ele>4.8</ele></trkpt>
   <trkpt lon="-4.355350" lat="36.720458"><ele>4.8</ele></trkpt>
   <trkpt lon="-4.355753" lat="36.720520"><ele>4.8</ele></trkpt>
   <trkpt lon="-4.356260" lat="36.720600"><ele>5.3</ele></trkpt>
   <trkpt lon="-4.356373" lat="36.720618"><ele>5.4</ele></trkpt>
   <trkpt lon="-4.356478" lat="36.720641"><ele>5.5</ele></trkpt>
   <trkpt lon="-4.356826" lat="36.720718"><ele>5.8</ele></trkpt>
   <trkpt lon="-4.357283" lat="36.720818"><ele>5.4</ele></trkpt>
   <trkpt lon="-4.357302" lat="36.720751"><ele>5.2</ele></trkpt>
   <trkpt lon="-4.357385" lat="36.720459"><ele>4.7</ele></trkpt>
   <trkpt lon="-4.357302" lat="36.720751"><ele>5.2</ele></trkpt>
   <trkpt lon="-4.357283" lat="36.720818"><ele>5.4</ele></trkpt>
   <trkpt lon="-4.357628" lat="36.720853"><ele>5.0</ele></trkpt>
   <trkpt lon="-4.358010" lat="36.720892"><ele>5.0</ele></trkpt>
   <trkpt lon="-4.358077" lat="36.720899"><ele>5.0</ele></trkpt>
   <trkpt lon="-4.358296" lat="36.720916"><ele>5.0</ele></trkpt>
   <trkpt lon="-4.359046" lat="36.721001"><ele>5.2</ele></trkpt>
   <trkpt lon="-4.359200" lat="36.721018"><ele>5.3</ele></trkpt>
   <trkpt lon="-4.359935" lat="36.721091"><ele>5.8</ele></trkpt>
   <trkpt lon="-4.360079" lat="36.721101"><ele>6.2</ele></trkpt>
   <trkpt lon="-4.360276" lat="36.721111"><ele>6.6</ele></trkpt>
   <trkpt lon="-4.360466" lat="36.721117"><ele>6.6</ele></trkpt>
   <trkpt lon="-4.360819" lat="36.721125"><ele>5.8</ele></trkpt>
   <trkpt lon="-4.360874" lat="36.721127"><ele>5.6</ele></trkpt>
   <trkpt lon="-4.361215" lat="36.721137"><ele>6.3</ele></trkpt>
   <trkpt lon="-4.361329" lat="36.721143"><ele>6.3</ele></trkpt>
   <trkpt lon="-4.361426" lat="36.721147"><ele>6.3</ele></trkpt>
   <trkpt lon="-4.361526" lat="36.721151"><ele>6.4</ele></trkpt>
   <trkpt lon="-4.361929" lat="36.721190"><ele>6.5</ele></trkpt>
   <trkpt lon="-4.362425" lat="36.721300"><ele>6.3</ele></trkpt>
   <trkpt lon="-4.362934" lat="36.721464"><ele>7.2</ele></trkpt>
   <trkpt lon="-4.363062" lat="36.721510"><ele>7.1</ele></trkpt>
   <trkpt lon="-4.363803" lat="36.721777"><ele>7.0</ele></trkpt>
   <trkpt lon="-4.364157" lat="36.721875"><ele>7.6</ele></trkpt>
   <trkpt lon="-4.364287" lat="36.721906"><ele>7.8</ele></trkpt>
   <trkpt lon="-4.364854" lat="36.722031"><ele>8.4</ele></trkpt>
   <trkpt lon="-4.364970" lat="36.722053"><ele>8.7</ele></trkpt>
   <trkpt lon="-4.365269" lat="36.722109"><ele>9.4</ele></trkpt>
   <trkpt lon="-4.365375" lat="36.722127"><ele>9.6</ele></trkpt>
   <trkpt lon="-4.365856" lat="36.722208"><ele>10.5</ele></trkpt>
   <trkpt lon="-4.365870" lat="36.722211"><ele>10.5</ele></trkpt>
   <trkpt lon="-4.365918" lat="36.722219"><ele>10.6</ele></trkpt>
   <trkpt lon="-4.366255" lat="36.722265"><ele>10.1</ele></trkpt>
   <trkpt lon="-4.366272" lat="36.722268"><ele>10.1</ele></trkpt>
   <trkpt lon="-4.366320" lat="36.722275"><ele>10.0</ele></trkpt>
   <trkpt lon="-4.366436" lat="36.722291"><ele>10.0</ele></trkpt>
   <trkpt lon="-4.366850" lat="36.722349"><ele>10.6</ele></trkpt>
   <trkpt lon="-4.367072" lat="36.722376"><ele>10.9</ele></trkpt>
   <trkpt lon="-4.367302" lat="36.722392"><ele>10.4</ele></trkpt>
   <trkpt lon="-4.367488" lat="36.722404"><ele>10.1</ele></trkpt>
   <trkpt lon="-4.367536" lat="36.722408"><ele>10.0</ele></trkpt>
   <trkpt lon="-4.367821" lat="36.722405"><ele>9.6</ele></trkpt>
   <trkpt lon="-4.367922" lat="36.722404"><ele>9.5</ele></trkpt>
   <trkpt lon="-4.368092" lat="36.722403"><ele>9.3</ele></trkpt>
   <trkpt lon="-4.368271" lat="36.722402"><ele>9.1</ele></trkpt>
   <trkpt lon="-4.369316" lat="36.722403"><ele>7.4</ele></trkpt>
   <trkpt lon="-4.369673" lat="36.722401"><ele>6.6</ele></trkpt>
   <trkpt lon="-4.369888" lat="36.722404"><ele>5.9</ele></trkpt>
   <trkpt lon="-4.369973" lat="36.722404"><ele>5.7</ele></trkpt>
   <trkpt lon="-4.370096" lat="36.722405"><ele>5.3</ele></trkpt>
   <trkpt lon="-4.370220" lat="36.722406"><ele>5.2</ele></trkpt>
   <trkpt lon="-4.370514" lat="36.722407"><ele>4.8</ele></trkpt>
   <trkpt lon="-4.371066" lat="36.722406"><ele>4.4</ele></trkpt>
   <trkpt lon="-4.371253" lat="36.722406"><ele>4.4</ele></trkpt>
   <trkpt lon="-4.371611" lat="36.722406"><ele>4.4</ele></trkpt>
   <trkpt lon="-4.371736" lat="36.722406"><ele>4.4</ele></trkpt>
   <trkpt lon="-4.372321" lat="36.722405"><ele>4.4</ele></trkpt>
   <trkpt lon="-4.372513" lat="36.722405"><ele>4.4</ele></trkpt>
   <trkpt lon="-4.372548" lat="36.722404"><ele>4.4</ele></trkpt>
   <trkpt lon="-4.373234" lat="36.722400"><ele>4.3</ele></trkpt>
   <trkpt lon="-4.373438" lat="36.722399"><ele>4.3</ele></trkpt>
   <trkpt lon="-4.373486" lat="36.722398"><ele>4.3</ele></trkpt>
   <trkpt lon="-4.373518" lat="36.722398"><ele>4.3</ele></trkpt>
   <trkpt lon="-4.373838" lat="36.722396"><ele>4.3</ele></trkpt>
   <trkpt lon="-4.374311" lat="36.722393"><ele>4.7</ele></trkpt>
   <trkpt lon="-4.374759" lat="36.722382"><ele>5.3</ele></trkpt>
   <trkpt lon="-4.374964" lat="36.722376"><ele>5.2</ele></trkpt>
   <trkpt lon="-4.375003" lat="36.722374"><ele>5.2</ele></trkpt>
   <trkpt lon="-4.375971" lat="36.722342"><ele>5.0</ele></trkpt>
   <trkpt lon="-4.376352" lat="36.722330"><ele>4.7</ele></trkpt>
   <trkpt lon="-4.376984" lat="36.722312"><ele>4.0</ele></trkpt>
   <trkpt lon="-4.377176" lat="36.722296"><ele>4.0</ele></trkpt>
   <trkpt lon="-4.377696" lat="36.722250"><ele>4.5</ele></trkpt>
   <trkpt lon="-4.378508" lat="36.722125"><ele>4.9</ele></trkpt>
   <trkpt lon="-4.378998" lat="36.722055"><ele>4.4</ele></trkpt>
   <trkpt lon="-4.379094" lat="36.722040"><ele>4.6</ele></trkpt>
   <trkpt lon="-4.379477" lat="36.721988"><ele>5.0</ele></trkpt>
   <trkpt lon="-4.379525" lat="36.721982"><ele>5.0</ele></trkpt>
   <trkpt lon="-4.379872" lat="36.721935"><ele>5.0</ele></trkpt>
   <trkpt lon="-4.380357" lat="36.721862"><ele>4.8</ele></trkpt>
   <trkpt lon="-4.380363" lat="36.721799"><ele>4.6</ele></trkpt>
   <trkpt lon="-4.380369" lat="36.721745"><ele>4.4</ele></trkpt>
   <trkpt lon="-4.380361" lat="36.721643"><ele>4.1</ele></trkpt>
   <trkpt lon="-4.380375" lat="36.721528"><ele>3.6</ele></trkpt>
   <trkpt lon="-4.380381" lat="36.721487"><ele>3.3</ele></trkpt>
   <trkpt lon="-4.380402" lat="36.721455"><ele>3.1</ele></trkpt>
   <trkpt lon="-4.380446" lat="36.721433"><ele>3.0</ele></trkpt>
   <trkpt lon="-4.380493" lat="36.721388"><ele>2.8</ele></trkpt>
   <trkpt lon="-4.381027" lat="36.721398"><ele>2.8</ele></trkpt>
   <trkpt lon="-4.382237" lat="36.721439"><ele>3.1</ele></trkpt>
   <trkpt lon="-4.383274" lat="36.721466"><ele>3.0</ele></trkpt>
   <trkpt lon="-4.383531" lat="36.721457"><ele>3.0</ele></trkpt>
   <trkpt lon="-4.385567" lat="36.721322"><ele>6.0</ele></trkpt>
   <trkpt lon="-4.385747" lat="36.721332"><ele>6.0</ele></trkpt>
   <trkpt lon="-4.385952" lat="36.721354"><ele>3.8</ele></trkpt>
   <trkpt lon="-4.386116" lat="36.721393"><ele>3.6</ele></trkpt>
   <trkpt lon="-4.386276" lat="36.721443"><ele>4.3</ele></trkpt>
   <trkpt lon="-4.386922" lat="36.721735"><ele>5.4</ele></trkpt>
   <trkpt lon="-4.387523" lat="36.722020"><ele>3.7</ele></trkpt>
   <trkpt lon="-4.387703" lat="36.722090"><ele>4.6</ele></trkpt>
   <trkpt lon="-4.387857" lat="36.722138"><ele>4.9</ele></trkpt>
   <trkpt lon="-4.387993" lat="36.722142"><ele>4.5</ele></trkpt>
   <trkpt lon="-4.388241" lat="36.722174"><ele>3.8</ele></trkpt>
   <trkpt lon="-4.391538" lat="36.722432"><ele>5.2</ele></trkpt>
   <trkpt lon="-4.391761" lat="36.722475"><ele>5.0</ele></trkpt>
   <trkpt lon="-4.391986" lat="36.722543"><ele>4.9</ele></trkpt>
   <trkpt lon="-4.392698" lat="36.722838"><ele>4.4</ele></trkpt>
   <trkpt lon="-4.392918" lat="36.722910"><ele>4.0</ele></trkpt>
   <trkpt lon="-4.393248" lat="36.722965"><ele>4.0</ele></trkpt>
   <trkpt lon="-4.393583" lat="36.722976"><ele>3.2</ele></trkpt>
   <trkpt lon="-4.394524" lat="36.722973"><ele>3.0</ele></trkpt>
   <trkpt lon="-4.394730" lat="36.722957"><ele>3.0</ele></trkpt>
   <trkpt lon="-4.394901" lat="36.722933"><ele>2.9</ele></trkpt>
   <trkpt lon="-4.395133" lat="36.722882"><ele>2.8</ele></trkpt>
   <trkpt lon="-4.395734" lat="36.722685"><ele>2.5</ele></trkpt>
   <trkpt lon="-4.396377" lat="36.722444"><ele>3.0</ele></trkpt>
   <trkpt lon="-4.396780" lat="36.722297"><ele>1.3</ele></trkpt>
   <trkpt lon="-4.397291" lat="36.722146"><ele>2.7</ele></trkpt>
   <trkpt lon="-4.397479" lat="36.722090"><ele>3.0</ele></trkpt>
   <trkpt lon="-4.398135" lat="36.721902"><ele>2.2</ele></trkpt>
   <trkpt lon="-4.399150" lat="36.721639"><ele>2.2</ele></trkpt>
   <trkpt lon="-4.399431" lat="36.721564"><ele>2.0</ele></trkpt>
   <trkpt lon="-4.400362" lat="36.721304"><ele>2.1</ele></trkpt>
   <trkpt lon="-4.400704" lat="36.721199"><ele>2.5</ele></trkpt>
   <trkpt lon="-4.402619" lat="36.720526"><ele>2.8</ele></trkpt>
   <trkpt lon="-4.402832" lat="36.720460"><ele>2.6</ele></trkpt>
   <trkpt lon="-4.403131" lat="36.720396"><ele>3.3</ele></trkpt>
   <trkpt lon="-4.404090" lat="36.720338"><ele>2.6</ele></trkpt>
   <trkpt lon="-4.404573" lat="36.720277"><ele>3.1</ele></trkpt>
   <trkpt lon="-4.405215" lat="36.720120"><ele>2.3</ele></trkpt>
   <trkpt lon="-4.405690" lat="36.719958"><ele>2.3</ele></trkpt>
   <trkpt lon="-4.407120" lat="36.719326"><ele>1.8</ele></trkpt>
   <trkpt lon="-4.407453" lat="36.719133"><ele>1.8</ele></trkpt>
   <trkpt lon="-4.407728" lat="36.718961"><ele>1.8</ele></trkpt>
   <trkpt lon="-4.408706" lat="36.718326"><ele>1.9</ele></trkpt>
   <trkpt lon="-4.408808" lat="36.718271"><ele>1.9</ele></trkpt>
   <trkpt lon="-4.408963" lat="36.718208"><ele>2.0</ele></trkpt>
   <trkpt lon="-4.409090" lat="36.718175"><ele>2.5</ele></trkpt>
   <trkpt lon="-4.409304" lat="36.718158"><ele>3.6</ele></trkpt>
   <trkpt lon="-4.409365" lat="36.718160"><ele>3.9</ele></trkpt>
   <trkpt lon="-4.409372" lat="36.718192"><ele>4.1</ele></trkpt>
   <trkpt lon="-4.409376" lat="36.718210"><ele>4.1</ele></trkpt>
   <trkpt lon="-4.409385" lat="36.718304"><ele>4.1</ele></trkpt>
   <trkpt lon="-4.409410" lat="36.718301"><ele>4.1</ele></trkpt>
   <trkpt lon="-4.409721" lat="36.718329"><ele>4.6</ele></trkpt>
   <trkpt lon="-4.409838" lat="36.718354"><ele>4.5</ele></trkpt>
   <trkpt lon="-4.409960" lat="36.718388"><ele>4.4</ele></trkpt>
   <trkpt lon="-4.410159" lat="36.718482"><ele>4.1</ele></trkpt>
   <trkpt lon="-4.410218" lat="36.718470"><ele>4.1</ele></trkpt>
   <trkpt lon="-4.410264" lat="36.718500"><ele>4.0</ele></trkpt>
   <trkpt lon="-4.410546" lat="36.718732"><ele>4.0</ele></trkpt>
   <trkpt lon="-4.410591" lat="36.718772"><ele>4.0</ele></trkpt>
   <trkpt lon="-4.410986" lat="36.719128"><ele>4.8</ele></trkpt>
   <trkpt lon="-4.411114" lat="36.719229"><ele>5.0</ele></trkpt>
   <trkpt lon="-4.411206" lat="36.719338"><ele>5.2</ele></trkpt>
   <trkpt lon="-4.411368" lat="36.719488"><ele>5.8</ele></trkpt>
   <trkpt lon="-4.411537" lat="36.719627"><ele>5.7</ele></trkpt>
   <trkpt lon="-4.411614" lat="36.719664"><ele>5.6</ele></trkpt>
   <trkpt lon="-4.411780" lat="36.719719"><ele>5.4</ele></trkpt>
   <trkpt lon="-4.411957" lat="36.719744"><ele>5.3</ele></trkpt>
   <trkpt lon="-4.412136" lat="36.719739"><ele>5.2</ele></trkpt>
   <trkpt lon="-4.412225" lat="36.719725"><ele>5.2</ele></trkpt>
   <trkpt lon="-4.412359" lat="36.719701"><ele>5.3</ele></trkpt>
   <trkpt lon="-4.413383" lat="36.719418"><ele>3.6</ele></trkpt>
   <trkpt lon="-4.415570" lat="36.718826"><ele>3.0</ele></trkpt>
   <trkpt lon="-4.416319" lat="36.718623"><ele>3.0</ele></trkpt>
   <trkpt lon="-4.417160" lat="36.718395"><ele>3.0</ele></trkpt>
   <trkpt lon="-4.419532" lat="36.717753"><ele>2.7</ele></trkpt>
   <trkpt lon="-4.419717" lat="36.717690"><ele>2.5</ele></trkpt>
   <trkpt lon="-4.419828" lat="36.717608"><ele>2.3</ele></trkpt>
   <trkpt lon="-4.420133" lat="36.717295"><ele>2.2</ele></trkpt>
   <trkpt lon="-4.420302" lat="36.717113"><ele>2.1</ele></trkpt>
   <trkpt lon="-4.420571" lat="36.716834"><ele>2.9</ele></trkpt>
   <trkpt lon="-4.420631" lat="36.716772"><ele>2.9</ele></trkpt>
   <trkpt lon="-4.420959" lat="36.716433"><ele>3.0</ele></trkpt>
   <trkpt lon="-4.421052" lat="36.716332"><ele>3.0</ele></trkpt>
   <trkpt lon="-4.421475" lat="36.715891"><ele>3.4</ele></trkpt>
   <trkpt lon="-4.421545" lat="36.715817"><ele>3.7</ele></trkpt>
   <trkpt lon="-4.421704" lat="36.715653"><ele>3.5</ele></trkpt>
   <trkpt lon="-4.421967" lat="36.715378"><ele>3.0</ele></trkpt>
   <trkpt lon="-4.421984" lat="36.715360"><ele>3.0</ele></trkpt>
   <trkpt lon="-4.422022" lat="36.715320"><ele>3.0</ele></trkpt>
   <trkpt lon="-4.422394" lat="36.714934"><ele>3.0</ele></trkpt>
   <trkpt lon="-4.422778" lat="36.714532"><ele>3.0</ele></trkpt>
   <trkpt lon="-4.423349" lat="36.713942"><ele>3.0</ele></trkpt>
   <trkpt lon="-4.423672" lat="36.713614"><ele>3.0</ele></trkpt>
   <trkpt lon="-4.423819" lat="36.713460"><ele>3.0</ele></trkpt>
   <trkpt lon="-4.424120" lat="36.713162"><ele>3.0</ele></trkpt>
   <trkpt lon="-4.424146" lat="36.713134"><ele>3.0</ele></trkpt>
   <trkpt lon="-4.424216" lat="36.713055"><ele>3.0</ele></trkpt>
   <trkpt lon="-4.424463" lat="36.712806"><ele>3.0</ele></trkpt>
   <trkpt lon="-4.425154" lat="36.712130"><ele>3.0</ele></trkpt>
   <trkpt lon="-4.425245" lat="36.712040"><ele>3.0</ele></trkpt>
   <trkpt lon="-4.425380" lat="36.711922"><ele>3.0</ele></trkpt>
   <trkpt lon="-4.425665" lat="36.711661"><ele>3.7</ele></trkpt>
   <trkpt lon="-4.426182" lat="36.711154"><ele>2.4</ele></trkpt>
   <trkpt lon="-4.426280" lat="36.711060"><ele>2.1</ele></trkpt>
   <trkpt lon="-4.426331" lat="36.711011"><ele>2.0</ele></trkpt>
   <trkpt lon="-4.426435" lat="36.710912"><ele>1.8</ele></trkpt>
   <trkpt lon="-4.426702" lat="36.710658"><ele>2.7</ele></trkpt>
   <trkpt lon="-4.427231" lat="36.710148"><ele>3.3</ele></trkpt>
   <trkpt lon="-4.427323" lat="36.710219"><ele>3.1</ele></trkpt>
   <trkpt lon="-4.427388" lat="36.710274"><ele>3.0</ele></trkpt>
   <trkpt lon="-4.427897" lat="36.710684"><ele>2.4</ele></trkpt>
   <trkpt lon="-4.428016" lat="36.710760"><ele>2.7</ele></trkpt>
   <trkpt lon="-4.428130" lat="36.710833"><ele>3.0</ele></trkpt>
   <trkpt lon="-4.428721" lat="36.711284"><ele>3.0</ele></trkpt>
   <trkpt lon="-4.428950" lat="36.711453"><ele>3.3</ele></trkpt>
   <trkpt lon="-4.429174" lat="36.711619"><ele>3.3</ele></trkpt>
   <trkpt lon="-4.429294" lat="36.711713"><ele>3.4</ele></trkpt>
   <trkpt lon="-4.429389" lat="36.711788"><ele>3.7</ele></trkpt>
   <trkpt lon="-4.429763" lat="36.712059"><ele>4.0</ele></trkpt>
   <trkpt lon="-4.429880" lat="36.712176"><ele>4.0</ele></trkpt>
   <trkpt lon="-4.429942" lat="36.712284"><ele>4.0</ele></trkpt>
   <trkpt lon="-4.430345" lat="36.713161"><ele>5.0</ele></trkpt>
   <trkpt lon="-4.430359" lat="36.713191"><ele>5.0</ele></trkpt>
   <trkpt lon="-4.430430" lat="36.713224"><ele>5.0</ele></trkpt>
   <trkpt lon="-4.430466" lat="36.713241"><ele>5.0</ele></trkpt>
   <trkpt lon="-4.430521" lat="36.713226"><ele>5.0</ele></trkpt>
   <trkpt lon="-4.430793" lat="36.713163"><ele>5.0</ele></trkpt>
   <trkpt lon="-4.431163" lat="36.713056"><ele>4.1</ele></trkpt>
   <trkpt lon="-4.431228" lat="36.713036"><ele>4.0</ele></trkpt>
   <trkpt lon="-4.431444" lat="36.712968"><ele>4.0</ele></trkpt>
   <trkpt lon="-4.431528" lat="36.712943"><ele>4.0</ele></trkpt>
   <trkpt lon="-4.431751" lat="36.712866"><ele>4.0</ele></trkpt>
   <trkpt lon="-4.431853" lat="36.712833"><ele>4.0</ele></trkpt>
   <trkpt lon="-4.431966" lat="36.712804"><ele>4.1</ele></trkpt>
   <trkpt lon="-4.432054" lat="36.712786"><ele>4.1</ele></trkpt>
   <trkpt lon="-4.432580" lat="36.712656"><ele>4.0</ele></trkpt>
   <trkpt lon="-4.432925" lat="36.712568"><ele>4.0</ele></trkpt>
   <trkpt lon="-4.433921" lat="36.712312"><ele>4.0</ele></trkpt>
   <trkpt lon="-4.434671" lat="36.712119"><ele>4.3</ele></trkpt>
   <trkpt lon="-4.434690" lat="36.712114"><ele>4.3</ele></trkpt>
   <trkpt lon="-4.434787" lat="36.712089"><ele>4.2</ele></trkpt>
   <trkpt lon="-4.435035" lat="36.712018"><ele>4.2</ele></trkpt>
   <trkpt lon="-4.435064" lat="36.712010"><ele>4.3</ele></trkpt>
   <trkpt lon="-4.435102" lat="36.711988"><ele>4.4</ele></trkpt>
   <trkpt lon="-4.435133" lat="36.711948"><ele>4.4</ele></trkpt>
   <trkpt lon="-4.435198" lat="36.711872"><ele>4.4</ele></trkpt>
   <trkpt lon="-4.435539" lat="36.711412"><ele>4.1</ele></trkpt>
   <trkpt lon="-4.435697" lat="36.711214"><ele>4.1</ele></trkpt>
   <trkpt lon="-4.435830" lat="36.711097"><ele>4.1</ele></trkpt>
   <trkpt lon="-4.436078" lat="36.710906"><ele>4.2</ele></trkpt>
   <trkpt lon="-4.436777" lat="36.710379"><ele>4.5</ele></trkpt>
   <trkpt lon="-4.436892" lat="36.710260"><ele>4.7</ele></trkpt>
   <trkpt lon="-4.437237" lat="36.710010"><ele>7.1</ele></trkpt>
   <trkpt lon="-4.437270" lat="36.709986"><ele>7.4</ele></trkpt>
   <trkpt lon="-4.437409" lat="36.709916"><ele>8.1</ele></trkpt>
   <trkpt lon="-4.437872" lat="36.709759"><ele>5.9</ele></trkpt>
   <trkpt lon="-4.438028" lat="36.709728"><ele>5.5</ele></trkpt>
   <trkpt lon="-4.438106" lat="36.709728"><ele>5.6</ele></trkpt>
   <trkpt lon="-4.438200" lat="36.709772"><ele>5.8</ele></trkpt>
   <trkpt lon="-4.438420" lat="36.709957"><ele>6.0</ele></trkpt>
   <trkpt lon="-4.438712" lat="36.710203"><ele>6.6</ele></trkpt>
   <trkpt lon="-4.439088" lat="36.710520"><ele>6.0</ele></trkpt>
   <trkpt lon="-4.439121" lat="36.710547"><ele>6.0</ele></trkpt>
   <trkpt lon="-4.439138" lat="36.710562"><ele>6.0</ele></trkpt>
   <trkpt lon="-4.439171" lat="36.710589"><ele>6.0</ele></trkpt>
   <trkpt lon="-4.439201" lat="36.710565"><ele>6.0</ele></trkpt>
   <trkpt lon="-4.439246" lat="36.710528"><ele>6.0</ele></trkpt>
   <trkpt lon="-4.439281" lat="36.710500"><ele>6.0</ele></trkpt>
   <trkpt lon="-4.439475" lat="36.710351"><ele>6.3</ele></trkpt>
   <trkpt lon="-4.439613" lat="36.710245"><ele>6.7</ele></trkpt>
   <trkpt lon="-4.439980" lat="36.709960"><ele>7.0</ele></trkpt>
   <trkpt lon="-4.440024" lat="36.709926"><ele>7.0</ele></trkpt>
   <trkpt lon="-4.440122" lat="36.709851"><ele>7.1</ele></trkpt>
   <trkpt lon="-4.440818" lat="36.709324"><ele>8.0</ele></trkpt>
   <trkpt lon="-4.440887" lat="36.709277"><ele>8.0</ele></trkpt>
   <trkpt lon="-4.440945" lat="36.709231"><ele>8.0</ele></trkpt>
   <trkpt lon="-4.441068" lat="36.709141"><ele>8.0</ele></trkpt>
   <trkpt lon="-4.441303" lat="36.708962"><ele>8.0</ele></trkpt>
   <trkpt lon="-4.441326" lat="36.708944"><ele>8.0</ele></trkpt>
   <trkpt lon="-4.441350" lat="36.708926"><ele>8.0</ele></trkpt>
   <trkpt lon="-4.441407" lat="36.708881"><ele>8.0</ele></trkpt>
   <trkpt lon="-4.441556" lat="36.708766"><ele>8.0</ele></trkpt>
   <trkpt lon="-4.441678" lat="36.708671"><ele>8.0</ele></trkpt>
   <trkpt lon="-4.441752" lat="36.708617"><ele>8.0</ele></trkpt>
   <trkpt lon="-4.441823" lat="36.708565"><ele>8.0</ele></trkpt>
   <trkpt lon="-4.441860" lat="36.708537"><ele>8.0</ele></trkpt>
   <trkpt lon="-4.441888" lat="36.708517"><ele>8.0</ele></trkpt>
   <trkpt lon="-4.442069" lat="36.708426"><ele>8.0</ele></trkpt>
   <trkpt lon="-4.442155" lat="36.708422"><ele>8.0</ele></trkpt>
   <trkpt lon="-4.442195" lat="36.708428"><ele>8.0</ele></trkpt>
   <trkpt lon="-4.442220" lat="36.708440"><ele>8.0</ele></trkpt>
   <trkpt lon="-4.442228" lat="36.708479"><ele>8.0</ele></trkpt>
   <trkpt lon="-4.442256" lat="36.708511"><ele>8.0</ele></trkpt>
   <trkpt lon="-4.442278" lat="36.708529"><ele>8.0</ele></trkpt>
   <trkpt lon="-4.442296" lat="36.708544"><ele>8.0</ele></trkpt>
   <trkpt lon="-4.442463" lat="36.708665"><ele>8.1</ele></trkpt>
   <trkpt lon="-4.443030" lat="36.709047"><ele>9.2</ele></trkpt>
   <trkpt lon="-4.443049" lat="36.709069"><ele>9.2</ele></trkpt>
   <trkpt lon="-4.443096" lat="36.709124"><ele>9.4</ele></trkpt>
   <trkpt lon="-4.443120" lat="36.709152"><ele>9.5</ele></trkpt>
   <trkpt lon="-4.442932" lat="36.709247"><ele>9.3</ele></trkpt>
   <trkpt lon="-4.442815" lat="36.709301"><ele>9.1</ele></trkpt>
   <trkpt lon="-4.442520" lat="36.709452"><ele>9.0</ele></trkpt>
   <trkpt lon="-4.442605" lat="36.709518"><ele>9.0</ele></trkpt>
   <trkpt lon="-4.443003" lat="36.709806"><ele>9.8</ele></trkpt>
   <trkpt lon="-4.443130" lat="36.709901"><ele>10.0</ele></trkpt>
   <trkpt lon="-4.443534" lat="36.710222"><ele>10.7</ele></trkpt>
   <trkpt lon="-4.443550" lat="36.710234"><ele>10.7</ele></trkpt>
   <trkpt lon="-4.443601" lat="36.710273"><ele>10.8</ele></trkpt>
   <trkpt lon="-4.443859" lat="36.710094"><ele>10.4</ele></trkpt>
   <trkpt lon="-4.443931" lat="36.710048"><ele>10.4</ele></trkpt>
   <trkpt lon="-4.444022" lat="36.710011"><ele>10.6</ele></trkpt>
   <trkpt lon="-4.444144" lat="36.709954"><ele>10.8</ele></trkpt>
   <trkpt lon="-4.444367" lat="36.709897"><ele>11.3</ele></trkpt>
   <trkpt lon="-4.444505" lat="36.709876"><ele>11.7</ele></trkpt>
   <trkpt lon="-4.444689" lat="36.709885"><ele>11.7</ele></trkpt>
   <trkpt lon="-4.444797" lat="36.709882"><ele>11.7</ele></trkpt>
   <trkpt lon="-4.444939" lat="36.709863"><ele>11.6</ele></trkpt>
   <trkpt lon="-4.445064" lat="36.709819"><ele>11.5</ele></trkpt>
   <trkpt lon="-4.445116" lat="36.709785"><ele>11.4</ele></trkpt>
   <trkpt lon="-4.445142" lat="36.709749"><ele>11.3</ele></trkpt>
   <trkpt lon="-4.445269" lat="36.709682"><ele>11.3</ele></trkpt>
   <trkpt lon="-4.445303" lat="36.709656"><ele>11.3</ele></trkpt>
   <trkpt lon="-4.445393" lat="36.709597"><ele>11.5</ele></trkpt>
   <trkpt lon="-4.445634" lat="36.709437"><ele>11.6</ele></trkpt>
   <trkpt lon="-4.445767" lat="36.709336"><ele>11.7</ele></trkpt>
   <trkpt lon="-4.445854" lat="36.709274"><ele>11.8</ele></trkpt>
   <trkpt lon="-4.446417" lat="36.708873"><ele>11.7</ele></trkpt>
   <trkpt lon="-4.446582" lat="36.708756"><ele>11.4</ele></trkpt>
   <trkpt lon="-4.446694" lat="36.708679"><ele>11.5</ele></trkpt>
   <trkpt lon="-4.446724" lat="36.708658"><ele>11.6</ele></trkpt>
   <trkpt lon="-4.447334" lat="36.708216"><ele>11.9</ele></trkpt>
   <trkpt lon="-4.447758" lat="36.707965"><ele>12.0</ele></trkpt>
   <trkpt lon="-4.447896" lat="36.707884"><ele>11.8</ele></trkpt>
   <trkpt lon="-4.448402" lat="36.707587"><ele>12.0</ele></trkpt>
   <trkpt lon="-4.448484" lat="36.707538"><ele>11.9</ele></trkpt>
   <trkpt lon="-4.448880" lat="36.707290"><ele>12.0</ele></trkpt>
   <trkpt lon="-4.449024" lat="36.707211"><ele>11.9</ele></trkpt>
   <trkpt lon="-4.449132" lat="36.707142"><ele>11.8</ele></trkpt>
   <trkpt lon="-4.449280" lat="36.707061"><ele>12.0</ele></trkpt>
   <trkpt lon="-4.449435" lat="36.706963"><ele>12.1</ele></trkpt>
   <trkpt lon="-4.449488" lat="36.706930"><ele>12.0</ele></trkpt>
   <trkpt lon="-4.449530" lat="36.706899"><ele>12.0</ele></trkpt>
   <trkpt lon="-4.449867" lat="36.706697"><ele>12.0</ele></trkpt>
   <trkpt lon="-4.450754" lat="36.706158"><ele>12.0</ele></trkpt>
   <trkpt lon="-4.451281" lat="36.705836"><ele>11.8</ele></trkpt>
   <trkpt lon="-4.451638" lat="36.705627"><ele>11.0</ele></trkpt>
   <trkpt lon="-4.451821" lat="36.705574"><ele>10.6</ele></trkpt>
   <trkpt lon="-4.451886" lat="36.705554"><ele>10.4</ele></trkpt>
   <trkpt lon="-4.451949" lat="36.705584"><ele>10.3</ele></trkpt>
   <trkpt lon="-4.451998" lat="36.705593"><ele>10.2</ele></trkpt>
   <trkpt lon="-4.452036" lat="36.705593"><ele>10.1</ele></trkpt>
   <trkpt lon="-4.452106" lat="36.705577"><ele>10.1</ele></trkpt>
   <trkpt lon="-4.452156" lat="36.705548"><ele>10.0</ele></trkpt>
   <trkpt lon="-4.452179" lat="36.705526"><ele>10.0</ele></trkpt>
   <trkpt lon="-4.452271" lat="36.705476"><ele>10.0</ele></trkpt>
   <trkpt lon="-4.452396" lat="36.705392"><ele>10.1</ele></trkpt>
   <trkpt lon="-4.452479" lat="36.705345"><ele>10.1</ele></trkpt>
   <trkpt lon="-4.453380" lat="36.704941"><ele>11.0</ele></trkpt>
   <trkpt lon="-4.453490" lat="36.704890"><ele>11.0</ele></trkpt>
   <trkpt lon="-4.453610" lat="36.704833"><ele>11.0</ele></trkpt>
   <trkpt lon="-4.453787" lat="36.704726"><ele>11.0</ele></trkpt>
   <trkpt lon="-4.453875" lat="36.704672"><ele>11.0</ele></trkpt>
   <trkpt lon="-4.454015" lat="36.704660"><ele>11.0</ele></trkpt>
   <trkpt lon="-4.454116" lat="36.704665"><ele>11.2</ele></trkpt>
   <trkpt lon="-4.454198" lat="36.704689"><ele>11.4</ele></trkpt>
   <trkpt lon="-4.454251" lat="36.704691"><ele>11.6</ele></trkpt>
   <trkpt lon="-4.454288" lat="36.704686"><ele>11.7</ele></trkpt>
   <trkpt lon="-4.454364" lat="36.704658"><ele>11.9</ele></trkpt>
   <trkpt lon="-4.454406" lat="36.704627"><ele>12.0</ele></trkpt>
   <trkpt lon="-4.454441" lat="36.704582"><ele>12.0</ele></trkpt>
   <trkpt lon="-4.454457" lat="36.704535"><ele>12.0</ele></trkpt>
   <trkpt lon="-4.454458" lat="36.704495"><ele>12.0</ele></trkpt>
   <trkpt lon="-4.454539" lat="36.704404"><ele>12.0</ele></trkpt>
   <trkpt lon="-4.454712" lat="36.704299"><ele>12.0</ele></trkpt>
   <trkpt lon="-4.456238" lat="36.703571"><ele>13.0</ele></trkpt>
   <trkpt lon="-4.456471" lat="36.703460"><ele>13.2</ele></trkpt>
   <trkpt lon="-4.456953" lat="36.703231"><ele>14.0</ele></trkpt>
   <trkpt lon="-4.457098" lat="36.703168"><ele>14.0</ele></trkpt>
   <trkpt lon="-4.458014" lat="36.702791"><ele>18.1</ele></trkpt>
   <trkpt lon="-4.458427" lat="36.702624"><ele>17.5</ele></trkpt>
   <trkpt lon="-4.458700" lat="36.702514"><ele>16.8</ele></trkpt>
   <trkpt lon="-4.459045" lat="36.702377"><ele>16.7</ele></trkpt>
   <trkpt lon="-4.459497" lat="36.702199"><ele>17.8</ele></trkpt>
   <trkpt lon="-4.459688" lat="36.702145"><ele>18.0</ele></trkpt>
   <trkpt lon="-4.459747" lat="36.702177"><ele>18.0</ele></trkpt>
   <trkpt lon="-4.459843" lat="36.702184"><ele>18.0</ele></trkpt>
   <trkpt lon="-4.459874" lat="36.702179"><ele>18.0</ele></trkpt>
   <trkpt lon="-4.460168" lat="36.702076"><ele>18.0</ele></trkpt>
   <trkpt lon="-4.460487" lat="36.701955"><ele>18.0</ele></trkpt>
   <trkpt lon="-4.460559" lat="36.701927"><ele>18.0</ele></trkpt>
   <trkpt lon="-4.460899" lat="36.701809"><ele>19.0</ele></trkpt>
   <trkpt lon="-4.461292" lat="36.701661"><ele>18.0</ele></trkpt>
   <trkpt lon="-4.461681" lat="36.701514"><ele>18.0</ele></trkpt>
   <trkpt lon="-4.461934" lat="36.701419"><ele>17.9</ele></trkpt>
   <trkpt lon="-4.462071" lat="36.701367"><ele>17.7</ele></trkpt>
   <trkpt lon="-4.462150" lat="36.701338"><ele>17.6</ele></trkpt>
   <trkpt lon="-4.462194" lat="36.701273"><ele>17.5</ele></trkpt>
   <trkpt lon="-4.462223" lat="36.701173"><ele>17.2</ele></trkpt>
   <trkpt lon="-4.462301" lat="36.701116"><ele>17.1</ele></trkpt>
   <trkpt lon="-4.462628" lat="36.700981"><ele>17.5</ele></trkpt>
   <trkpt lon="-4.463048" lat="36.700818"><ele>16.7</ele></trkpt>
   <trkpt lon="-4.463872" lat="36.700491"><ele>15.9</ele></trkpt>
   <trkpt lon="-4.464038" lat="36.700427"><ele>16.0</ele></trkpt>
   <trkpt lon="-4.464808" lat="36.700114"><ele>15.6</ele></trkpt>
   <trkpt lon="-4.465561" lat="36.699818"><ele>15.0</ele></trkpt>
   <trkpt lon="-4.466289" lat="36.699543"><ele>14.3</ele></trkpt>
   <trkpt lon="-4.466511" lat="36.699469"><ele>14.6</ele></trkpt>
   <trkpt lon="-4.466958" lat="36.699336"><ele>16.1</ele></trkpt>
   <trkpt lon="-4.467027" lat="36.699327"><ele>16.2</ele></trkpt>
   <trkpt lon="-4.467165" lat="36.699299"><ele>16.2</ele></trkpt>
   <trkpt lon="-4.467415" lat="36.699259"><ele>16.1</ele></trkpt>
   <trkpt lon="-4.467546" lat="36.699250"><ele>16.3</ele></trkpt>
   <trkpt lon="-4.467608" lat="36.699257"><ele>16.4</ele></trkpt>
   <trkpt lon="-4.467669" lat="36.699250"><ele>16.4</ele></trkpt>
   <trkpt lon="-4.467706" lat="36.699335"><ele>16.8</ele></trkpt>
   <trkpt lon="-4.467820" lat="36.699627"><ele>17.2</ele></trkpt>
   <trkpt lon="-4.467954" lat="36.699953"><ele>17.7</ele></trkpt>
   <trkpt lon="-4.468015" lat="36.700102"><ele>17.9</ele></trkpt>
   <trkpt lon="-4.468354" lat="36.700932"><ele>19.9</ele></trkpt>
   <trkpt lon="-4.468434" lat="36.701056"><ele>20.1</ele></trkpt>
   <trkpt lon="-4.468549" lat="36.701174"><ele>20.6</ele></trkpt>
   <trkpt lon="-4.468709" lat="36.701261"><ele>21.3</ele></trkpt>
   <trkpt lon="-4.468867" lat="36.701328"><ele>21.8</ele></trkpt>
   <trkpt lon="-4.469027" lat="36.701355"><ele>22.3</ele></trkpt>
   <trkpt lon="-4.470430" lat="36.701439"><ele>21.9</ele></trkpt>
   <trkpt lon="-4.470646" lat="36.701451"><ele>21.4</ele></trkpt>
   <trkpt lon="-4.471269" lat="36.701430"><ele>22.6</ele></trkpt>
   <trkpt lon="-4.471384" lat="36.701427"><ele>23.2</ele></trkpt>
   <trkpt lon="-4.472517" lat="36.701385"><ele>23.8</ele></trkpt>
   <trkpt lon="-4.472608" lat="36.701382"><ele>23.7</ele></trkpt>
   <trkpt lon="-4.472687" lat="36.701380"><ele>23.6</ele></trkpt>
   <trkpt lon="-4.472765" lat="36.701377"><ele>23.6</ele></trkpt>
   <trkpt lon="-4.472850" lat="36.701374"><ele>23.5</ele></trkpt>
   <trkpt lon="-4.473292" lat="36.701361"><ele>23.7</ele></trkpt>
   <trkpt lon="-4.473689" lat="36.701350"><ele>23.7</ele></trkpt>
   <trkpt lon="-4.474584" lat="36.701316"><ele>25.1</ele></trkpt>
   <trkpt lon="-4.474657" lat="36.702601"><ele>27.0</ele></trkpt>
  </trkseg>
 </trk>
</gpx>
