<?xml version="1.0" encoding="UTF-8"?>
<!-- track-length = 59404 filtered ascend = 1343 plain-ascend = 1 cost=155476 energy=.5kwh time=5h 2m 26s -->
<gpx 
 xmlns="http://www.topografix.com/GPX/1/1" 
 xmlns:xsi="http://www.w3.org/2001/XMLSchema-instance" 
 xsi:schemaLocation="http://www.topografix.com/GPX/1/1 http://www.topografix.com/GPX/1/1/gpx.xsd" 
 creator="BRouter-1.7.10" version="1.1">
 <trk>
  <name>brouter_trekking_0</name>
  <trkseg>
   <trkpt lon="-4.474657" lat="36.702601"><ele>27.0</ele></trkpt>
   <trkpt lon="-4.474584" lat="36.701316"><ele>26.5</ele></trkpt>
   <trkpt lon="-4.473689" lat="36.701350"><ele>24.75</ele></trkpt>
   <trkpt lon="-4.473292" lat="36.701361"><ele>23.75</ele></trkpt>
   <trkpt lon="-4.472850" lat="36.701374"><ele>23.75</ele></trkpt>
   <trkpt lon="-4.472765" lat="36.701377"><ele>23.75</ele></trkpt>
   <trkpt lon="-4.472687" lat="36.701380"><ele>23.75</ele></trkpt>
   <trkpt lon="-4.472608" lat="36.701382"><ele>23.75</ele></trkpt>
   <trkpt lon="-4.472517" lat="36.701385"><ele>23.75</ele></trkpt>
   <trkpt lon="-4.471384" lat="36.701427"><ele>27.0</ele></trkpt>
   <trkpt lon="-4.471269" lat="36.701430"><ele>27.0</ele></trkpt>
   <trkpt lon="-4.470646" lat="36.701451"><ele>23.25</ele></trkpt>
   <trkpt lon="-4.470430" lat="36.701439"><ele>21.75</ele></trkpt>
   <trkpt lon="-4.469027" lat="36.701355"><ele>24.25</ele></trkpt>
   <trkpt lon="-4.468867" lat="36.701328"><ele>23.5</ele></trkpt>
   <trkpt lon="-4.468709" lat="36.701261"><ele>22.75</ele></trkpt>
   <trkpt lon="-4.468549" lat="36.701174"><ele>21.75</ele></trkpt>
   <trkpt lon="-4.468434" lat="36.701056"><ele>21.0</ele></trkpt>
   <trkpt lon="-4.468354" lat="36.700932"><ele>20.25</ele></trkpt>
   <trkpt lon="-4.468015" lat="36.700102"><ele>18.75</ele></trkpt>
   <trkpt lon="-4.467954" lat="36.699953"><ele>18.5</ele></trkpt>
   <trkpt lon="-4.467820" lat="36.699627"><ele>18.0</ele></trkpt>
   <trkpt lon="-4.467706" lat="36.699335"><ele>17.25</ele></trkpt>
   <trkpt lon="-4.467669" lat="36.699250"><ele>17.0</ele></trkpt>
   <trkpt lon="-4.467727" lat="36.699229"><ele>17.0</ele></trkpt>
   <trkpt lon="-4.467774" lat="36.699196"><ele>17.0</ele></trkpt>
   <trkpt lon="-4.467809" lat="36.699150"><ele>17.0</ele></trkpt>
   <trkpt lon="-4.467825" lat="36.699097"><ele>17.0</ele></trkpt>
   <trkpt lon="-4.467819" lat="36.699044"><ele>17.0</ele></trkpt>
   <trkpt lon="-4.467794" lat="36.698994"><ele>17.0</ele></trkpt>
   <trkpt lon="-4.467750" lat="36.698952"><ele>17.0</ele></trkpt>
   <trkpt lon="-4.467697" lat="36.698925"><ele>16.75</ele></trkpt>
   <trkpt lon="-4.467638" lat="36.698912"><ele>17.0</ele></trkpt>
   <trkpt lon="-4.467577" lat="36.698912"><ele>17.0</ele></trkpt>
   <trkpt lon="-4.467518" lat="36.698927"><ele>17.0</ele></trkpt>
   <trkpt lon="-4.467481" lat="36.698944"><ele>16.75</ele></trkpt>
   <trkpt lon="-4.467423" lat="36.698996"><ele>16.5</ele></trkpt>
   <trkpt lon="-4.467085" lat="36.699148"><ele>16.0</ele></trkpt>
   <trkpt lon="-4.466640" lat="36.699311"><ele>15.75</ele></trkpt>
   <trkpt lon="-4.466199" lat="36.699454"><ele>15.0</ele></trkpt>
   <trkpt lon="-4.464843" lat="36.699992"><ele>15.0</ele></trkpt>
   <trkpt lon="-4.463348" lat="36.700581"><ele>17.0</ele></trkpt>
   <trkpt lon="-4.463109" lat="36.700674"><ele>15.75</ele></trkpt>
   <trkpt lon="-4.462699" lat="36.700828"><ele>17.75</ele></trkpt>
   <trkpt lon="-4.462295" lat="36.701000"><ele>17.5</ele></trkpt>
   <trkpt lon="-4.462193" lat="36.701008"><ele>17.5</ele></trkpt>
   <trkpt lon="-4.462083" lat="36.700983"><ele>17.5</ele></trkpt>
   <trkpt lon="-4.461993" lat="36.700972"><ele>17.25</ele></trkpt>
   <trkpt lon="-4.461905" lat="36.700975"><ele>17.25</ele></trkpt>
   <trkpt lon="-4.461469" lat="36.701144"><ele>17.5</ele></trkpt>
   <trkpt lon="-4.461106" lat="36.701281"><ele>18.0</ele></trkpt>
   <trkpt lon="-4.460677" lat="36.701442"><ele>18.0</ele></trkpt>
   <trkpt lon="-4.460344" lat="36.701573"><ele>18.5</ele></trkpt>
   <trkpt lon="-4.459746" lat="36.701802"><ele>18.0</ele></trkpt>
   <trkpt lon="-4.459657" lat="36.701846"><ele>18.0</ele></trkpt>
   <trkpt lon="-4.459601" lat="36.701902"><ele>18.0</ele></trkpt>
   <trkpt lon="-4.459580" lat="36.701956"><ele>18.0</ele></trkpt>
   <trkpt lon="-4.459521" lat="36.702021"><ele>18.0</ele></trkpt>
   <trkpt lon="-4.459422" lat="36.702082"><ele>17.75</ele></trkpt>
   <trkpt lon="-4.458910" lat="36.702291"><ele>16.75</ele></trkpt>
   <trkpt lon="-4.458494" lat="36.702470"><ele>15.5</ele></trkpt>
   <trkpt lon="-4.457972" lat="36.702687"><ele>16.5</ele></trkpt>
   <trkpt lon="-4.457480" lat="36.702896"><ele>18.0</ele></trkpt>
   <trkpt lon="-4.457423" lat="36.702922"><ele>17.0</ele></trkpt>
   <trkpt lon="-4.457174" lat="36.703035"><ele>14.0</ele></trkpt>
   <trkpt lon="-4.457036" lat="36.703088"><ele>14.0</ele></trkpt>
   <trkpt lon="-4.456413" lat="36.703376"><ele>13.25</ele></trkpt>
   <trkpt lon="-4.456177" lat="36.703485"><ele>13.0</ele></trkpt>
   <trkpt lon="-4.456141" lat="36.703501"><ele>13.0</ele></trkpt>
   <trkpt lon="-4.454654" lat="36.704213"><ele>11.75</ele></trkpt>
   <trkpt lon="-4.454403" lat="36.704323"><ele>11.5</ele></trkpt>
   <trkpt lon="-4.454326" lat="36.704346"><ele>11.5</ele></trkpt>
   <trkpt lon="-4.454251" lat="36.704331"><ele>11.5</ele></trkpt>
   <trkpt lon="-4.454199" lat="36.704332"><ele>11.5</ele></trkpt>
   <trkpt lon="-4.454159" lat="36.704340"><ele>11.5</ele></trkpt>
   <trkpt lon="-4.454119" lat="36.704355"><ele>11.5</ele></trkpt>
   <trkpt lon="-4.454082" lat="36.704377"><ele>11.5</ele></trkpt>
   <trkpt lon="-4.454036" lat="36.704423"><ele>11.25</ele></trkpt>
   <trkpt lon="-4.454023" lat="36.704447"><ele>11.25</ele></trkpt>
   <trkpt lon="-4.453824" lat="36.704548"><ele>11.25</ele></trkpt>
   <trkpt lon="-4.453287" lat="36.704791"><ele>11.0</ele></trkpt>
   <trkpt lon="-4.452379" lat="36.705196"><ele>10.25</ele></trkpt>
   <trkpt lon="-4.452293" lat="36.705248"><ele>10.0</ele></trkpt>
   <trkpt lon="-4.452192" lat="36.705285"><ele>10.0</ele></trkpt>
   <trkpt lon="-4.452129" lat="36.705305"><ele>10.0</ele></trkpt>
   <trkpt lon="-4.452086" lat="36.705287"><ele>10.0</ele></trkpt>
   <trkpt lon="-4.452014" lat="36.705277"><ele>10.0</ele></trkpt>
   <trkpt lon="-4.451964" lat="36.705239"><ele>10.0</ele></trkpt>
   <trkpt lon="-4.451870" lat="36.705201"><ele>10.0</ele></trkpt>
   <trkpt lon="-4.451610" lat="36.704991"><ele>10.0</ele></trkpt>
   <trkpt lon="-4.451211" lat="36.704680"><ele>9.75</ele></trkpt>
   <trkpt lon="-4.450856" lat="36.704393"><ele>9.0</ele></trkpt>
   <trkpt lon="-4.450745" lat="36.704363"><ele>9.0</ele></trkpt>
   <trkpt lon="-4.450589" lat="36.704408"><ele>9.0</ele></trkpt>
   <trkpt lon="-4.448573" lat="36.705371"><ele>10.0</ele></trkpt>
   <trkpt lon="-4.447926" lat="36.705683"><ele>10.0</ele></trkpt>
   <trkpt lon="-4.447876" lat="36.705705"><ele>10.0</ele></trkpt>
   <trkpt lon="-4.447782" lat="36.705751"><ele>10.0</ele></trkpt>
   <trkpt lon="-4.447702" lat="36.705789"><ele>9.75</ele></trkpt>
   <trkpt lon="-4.447540" lat="36.705862"><ele>10.0</ele></trkpt>
   <trkpt lon="-4.447493" lat="36.705883"><ele>9.75</ele></trkpt>
   <trkpt lon="-4.444673" lat="36.707219"><ele>8.0</ele></trkpt>
   <trkpt lon="-4.443732" lat="36.707655"><ele>8.5</ele></trkpt>
   <trkpt lon="-4.443651" lat="36.707626"><ele>8.75</ele></trkpt>
   <trkpt lon="-4.443624" lat="36.707588"><ele>8.75</ele></trkpt>
   <trkpt lon="-4.443546" lat="36.707524"><ele>9.0</ele></trkpt>
   <trkpt lon="-4.443515" lat="36.707488"><ele>9.25</ele></trkpt>
   <trkpt lon="-4.443151" lat="36.706937"><ele>7.25</ele></trkpt>
   <trkpt lon="-4.443109" lat="36.706877"><ele>6.75</ele></trkpt>
   <trkpt lon="-4.443082" lat="36.706833"><ele>6.5</ele></trkpt>
   <trkpt lon="-4.443070" lat="36.706813"><ele>6.5</ele></trkpt>
   <trkpt lon="-4.442992" lat="36.706790"><ele>6.25</ele></trkpt>
   <trkpt lon="-4.442856" lat="36.706608"><ele>6.0</ele></trkpt>
   <trkpt lon="-4.441981" lat="36.705297"><ele>6.0</ele></trkpt>
   <trkpt lon="-4.441923" lat="36.705208"><ele>5.75</ele></trkpt>
   <trkpt lon="-4.441881" lat="36.705124"><ele>5.75</ele></trkpt>
   <trkpt lon="-4.441849" lat="36.705029"><ele>5.5</ele></trkpt>
   <trkpt lon="-4.441847" lat="36.704972"><ele>5.5</ele></trkpt>
   <trkpt lon="-4.441835" lat="36.704922"><ele>5.75</ele></trkpt>
   <trkpt lon="-4.441232" lat="36.704010"><ele>5.0</ele></trkpt>
   <trkpt lon="-4.441203" lat="36.703989"><ele>5.0</ele></trkpt>
   <trkpt lon="-4.441134" lat="36.703937"><ele>5.0</ele></trkpt>
   <trkpt lon="-4.441068" lat="36.703885"><ele>5.0</ele></trkpt>
   <trkpt lon="-4.441030" lat="36.703841"><ele>5.0</ele></trkpt>
   <trkpt lon="-4.440960" lat="36.703710"><ele>5.0</ele></trkpt>
   <trkpt lon="-4.440941" lat="36.703639"><ele>5.0</ele></trkpt>
   <trkpt lon="-4.440879" lat="36.703583"><ele>5.0</ele></trkpt>
   <trkpt lon="-4.440846" lat="36.703554"><ele>5.0</ele></trkpt>
   <trkpt lon="-4.440814" lat="36.703530"><ele>4.75</ele></trkpt>
   <trkpt lon="-4.440744" lat="36.703513"><ele>4.75</ele></trkpt>
   <trkpt lon="-4.440614" lat="36.703428"><ele>4.25</ele></trkpt>
   <trkpt lon="-4.440506" lat="36.703324"><ele>4.0</ele></trkpt>
   <trkpt lon="-4.440215" lat="36.703016"><ele>4.0</ele></trkpt>
   <trkpt lon="-4.440170" lat="36.702994"><ele>4.0</ele></trkpt>
   <trkpt lon="-4.440094" lat="36.702921"><ele>4.0</ele></trkpt>
   <trkpt lon="-4.439966" lat="36.702788"><ele>4.0</ele></trkpt>
   <trkpt lon="-4.439914" lat="36.702733"><ele>4.0</ele></trkpt>
   <trkpt lon="-4.439861" lat="36.702656"><ele>4.0</ele></trkpt>
   <trkpt lon="-4.439104" lat="36.701895"><ele>4.0</ele></trkpt>
   <trkpt lon="-4.438981" lat="36.701783"><ele>4.0</ele></trkpt>
   <trkpt lon="-4.438926" lat="36.701719"><ele>4.0</ele></trkpt>
   <trkpt lon="-4.438801" lat="36.701606"><ele>4.0</ele></trkpt>
   <trkpt lon="-4.438737" lat="36.701527"><ele>4.0</ele></trkpt>
   <trkpt lon="-4.438681" lat="36.701459"><ele>4.0</ele></trkpt>
   <trkpt lon="-4.438473" lat="36.701357"><ele>3.75</ele></trkpt>
   <trkpt lon="-4.437773" lat="36.701024"><ele>3.0</ele></trkpt>
   <trkpt lon="-4.436962" lat="36.700648"><ele>3.0</ele></trkpt>
   <trkpt lon="-4.436394" lat="36.700378"><ele>3.0</ele></trkpt>
   <trkpt lon="-4.436297" lat="36.700371"><ele>3.0</ele></trkpt>
   <trkpt lon="-4.436250" lat="36.700475"><ele>3.0</ele></trkpt>
   <trkpt lon="-4.436220" lat="36.700534"><ele>3.0</ele></trkpt>
   <trkpt lon="-4.436136" lat="36.700542"><ele>3.0</ele></trkpt>
   <trkpt lon="-4.436055" lat="36.700575"><ele>3.0</ele></trkpt>
   <trkpt lon="-4.435997" lat="36.700612"><ele>3.0</ele></trkpt>
   <trkpt lon="-4.435913" lat="36.700598"><ele>3.0</ele></trkpt>
   <trkpt lon="-4.435868" lat="36.700589"><ele>3.0</ele></trkpt>
   <trkpt lon="-4.435736" lat="36.700586"><ele>3.0</ele></trkpt>
   <trkpt lon="-4.435664" lat="36.700624"><ele>3.0</ele></trkpt>
   <trkpt lon="-4.435628" lat="36.700598"><ele>3.0</ele></trkpt>
   <trkpt lon="-4.435540" lat="36.700537"><ele>3.0</ele></trkpt>
   <trkpt lon="-4.435494" lat="36.700507"><ele>3.0</ele></trkpt>
   <trkpt lon="-4.435469" lat="36.700491"><ele>3.0</ele></trkpt>
   <trkpt lon="-4.435459" lat="36.700522"><ele>3.0</ele></trkpt>
   <trkpt lon="-4.435240" lat="36.700706"><ele>3.0</ele></trkpt>
   <trkpt lon="-4.434644" lat="36.701180"><ele>3.0</ele></trkpt>
   <trkpt lon="-4.433970" lat="36.701739"><ele>3.0</ele></trkpt>
   <trkpt lon="-4.433812" lat="36.701798"><ele>2.5</ele></trkpt>
   <trkpt lon="-4.433744" lat="36.701887"><ele>2.75</ele></trkpt>
   <trkpt lon="-4.433689" lat="36.701977"><ele>3.0</ele></trkpt>
   <trkpt lon="-4.433264" lat="36.702565"><ele>2.75</ele></trkpt>
   <trkpt lon="-4.433251" lat="36.702584"><ele>2.75</ele></trkpt>
   <trkpt lon="-4.433266" lat="36.702625"><ele>2.75</ele></trkpt>
   <trkpt lon="-4.433307" lat="36.702646"><ele>2.75</ele></trkpt>
   <trkpt lon="-4.433385" lat="36.702686"><ele>3.0</ele></trkpt>
   <trkpt lon="-4.433503" lat="36.702757"><ele>3.0</ele></trkpt>
   <trkpt lon="-4.433539" lat="36.702782"><ele>3.0</ele></trkpt>
   <trkpt lon="-4.433478" lat="36.702877"><ele>3.0</ele></trkpt>
   <trkpt lon="-4.433462" lat="36.702920"><ele>3.0</ele></trkpt>
   <trkpt lon="-4.433438" lat="36.702947"><ele>3.0</ele></trkpt>
   <trkpt lon="-4.433348" lat="36.703073"><ele>3.0</ele></trkpt>
   <trkpt lon="-4.433287" lat="36.703148"><ele>3.0</ele></trkpt>
   <trkpt lon="-4.433140" lat="36.703346"><ele>3.0</ele></trkpt>
   <trkpt lon="-4.433108" lat="36.703440"><ele>3.0</ele></trkpt>
   <trkpt lon="-4.433083" lat="36.703482"><ele>3.0</ele></trkpt>
   <trkpt lon="-4.432939" lat="36.703673"><ele>3.0</ele></trkpt>
   <trkpt lon="-4.432851" lat="36.703773"><ele>3.0</ele></trkpt>
   <trkpt lon="-4.432294" lat="36.704501"><ele>3.0</ele></trkpt>
   <trkpt lon="-4.432228" lat="36.704625"><ele>3.0</ele></trkpt>
   <trkpt lon="-4.432199" lat="36.704682"><ele>3.0</ele></trkpt>
   <trkpt lon="-4.432191" lat="36.704775"><ele>3.0</ele></trkpt>
   <trkpt lon="-4.432175" lat="36.704819"><ele>3.25</ele></trkpt>
   <trkpt lon="-4.432126" lat="36.704876"><ele>3.25</ele></trkpt>
   <trkpt lon="-4.431942" lat="36.705098"><ele>3.25</ele></trkpt>
   <trkpt lon="-4.431799" lat="36.705262"><ele>3.25</ele></trkpt>
   <trkpt lon="-4.431771" lat="36.705305"><ele>3.25</ele></trkpt>
   <trkpt lon="-4.431607" lat="36.705518"><ele>3.5</ele></trkpt>
   <trkpt lon="-4.431502" lat="36.705597"><ele>3.25</ele></trkpt>
   <trkpt lon="-4.431400" lat="36.705697"><ele>3.5</ele></trkpt>
   <trkpt lon="-4.431362" lat="36.705748"><ele>3.5</ele></trkpt>
   <trkpt lon="-4.430959" lat="36.706293"><ele>3.0</ele></trkpt>
   <trkpt lon="-4.430890" lat="36.706356"><ele>3.0</ele></trkpt>
   <trkpt lon="-4.430882" lat="36.706363"><ele>3.0</ele></trkpt>
   <trkpt lon="-4.430827" lat="36.706416"><ele>3.0</ele></trkpt>
   <trkpt lon="-4.430772" lat="36.706461"><ele>3.0</ele></trkpt>
   <trkpt lon="-4.430671" lat="36.706525"><ele>3.0</ele></trkpt>
   <trkpt lon="-4.430644" lat="36.706527"><ele>3.0</ele></trkpt>
   <trkpt lon="-4.430019" lat="36.707243"><ele>3.0</ele></trkpt>
   <trkpt lon="-4.429449" lat="36.707895"><ele>3.0</ele></trkpt>
   <trkpt lon="-4.429416" lat="36.707933"><ele>3.0</ele></trkpt>
   <trkpt lon="-4.429366" lat="36.707972"><ele>3.0</ele></trkpt>
   <trkpt lon="-4.429328" lat="36.708017"><ele>3.0</ele></trkpt>
   <trkpt lon="-4.429279" lat="36.708074"><ele>3.0</ele></trkpt>
   <trkpt lon="-4.429257" lat="36.708118"><ele>3.0</ele></trkpt>
   <trkpt lon="-4.429169" lat="36.708206"><ele>3.0</ele></trkpt>
   <trkpt lon="-4.428984" lat="36.708359"><ele>3.0</ele></trkpt>
   <trkpt lon="-4.428873" lat="36.708479"><ele>3.0</ele></trkpt>
   <trkpt lon="-4.428795" lat="36.708609"><ele>3.0</ele></trkpt>
   <trkpt lon="-4.428596" lat="36.708837"><ele>3.75</ele></trkpt>
   <trkpt lon="-4.428524" lat="36.708887"><ele>3.5</ele></trkpt>
   <trkpt lon="-4.428135" lat="36.709336"><ele>3.0</ele></trkpt>
   <trkpt lon="-4.428088" lat="36.709318"><ele>3.0</ele></trkpt>
   <trkpt lon="-4.428025" lat="36.709289"><ele>3.0</ele></trkpt>
   <trkpt lon="-4.428009" lat="36.709281"><ele>3.0</ele></trkpt>
   <trkpt lon="-4.427902" lat="36.709225"><ele>3.0</ele></trkpt>
   <trkpt lon="-4.427855" lat="36.709194"><ele>2.75</ele></trkpt>
   <trkpt lon="-4.427832" lat="36.709220"><ele>3.0</ele></trkpt>
   <trkpt lon="-4.427653" lat="36.709414"><ele>3.0</ele></trkpt>
   <trkpt lon="-4.427611" lat="36.709437"><ele>3.0</ele></trkpt>
   <trkpt lon="-4.427578" lat="36.709471"><ele>2.75</ele></trkpt>
   <trkpt lon="-4.427538" lat="36.709526"><ele>3.0</ele></trkpt>
   <trkpt lon="-4.427515" lat="36.709573"><ele>3.0</ele></trkpt>
   <trkpt lon="-4.427300" lat="36.709830"><ele>3.0</ele></trkpt>
   <trkpt lon="-4.427279" lat="36.709853"><ele>3.0</ele></trkpt>
   <trkpt lon="-4.426947" lat="36.710218"><ele>3.75</ele></trkpt>
   <trkpt lon="-4.426317" lat="36.710836"><ele>3.75</ele></trkpt>
   <trkpt lon="-4.426220" lat="36.710933"><ele>3.75</ele></trkpt>
   <trkpt lon="-4.426034" lat="36.711121"><ele>3.75</ele></trkpt>
   <trkpt lon="-4.425661" lat="36.711502"><ele>3.75</ele></trkpt>
   <trkpt lon="-4.425269" lat="36.711896"><ele>3.75</ele></trkpt>
   <trkpt lon="-4.425173" lat="36.711985"><ele>3.5</ele></trkpt>
   <trkpt lon="-4.425083" lat="36.712073"><ele>3.25</ele></trkpt>
   <trkpt lon="-4.424154" lat="36.713014"><ele>3.0</ele></trkpt>
   <trkpt lon="-4.424075" lat="36.713086"><ele>3.0</ele></trkpt>
   <trkpt lon="-4.423784" lat="36.713375"><ele>3.0</ele></trkpt>
   <trkpt lon="-4.423744" lat="36.713414"><ele>3.0</ele></trkpt>
   <trkpt lon="-4.421933" lat="36.715266"><ele>2.75</ele></trkpt>
   <trkpt lon="-4.421903" lat="36.715296"><ele>3.0</ele></trkpt>
   <trkpt lon="-4.421642" lat="36.715567"><ele>3.0</ele></trkpt>
   <trkpt lon="-4.421619" lat="36.715592"><ele>3.25</ele></trkpt>
   <trkpt lon="-4.421383" lat="36.715830"><ele>3.0</ele></trkpt>
   <trkpt lon="-4.420954" lat="36.716268"><ele>3.0</ele></trkpt>
   <trkpt lon="-4.420833" lat="36.716391"><ele>3.0</ele></trkpt>
   <trkpt lon="-4.420608" lat="36.716646"><ele>3.0</ele></trkpt>
   <trkpt lon="-4.420537" lat="36.716722"><ele>3.0</ele></trkpt>
   <trkpt lon="-4.420330" lat="36.716967"><ele>3.0</ele></trkpt>
   <trkpt lon="-4.420235" lat="36.717070"><ele>3.0</ele></trkpt>
   <trkpt lon="-4.419834" lat="36.717486"><ele>2.75</ele></trkpt>
   <trkpt lon="-4.419702" lat="36.717581"><ele>3.0</ele></trkpt>
   <trkpt lon="-4.419608" lat="36.717628"><ele>3.0</ele></trkpt>
   <trkpt lon="-4.419495" lat="36.717659"><ele>3.0</ele></trkpt>
   <trkpt lon="-4.415533" lat="36.718746"><ele>2.75</ele></trkpt>
   <trkpt lon="-4.415435" lat="36.718773"><ele>2.5</ele></trkpt>
   <trkpt lon="-4.414277" lat="36.719091"><ele>2.5</ele></trkpt>
   <trkpt lon="-4.412948" lat="36.719455"><ele>2.25</ele></trkpt>
   <trkpt lon="-4.412573" lat="36.719558"><ele>4.5</ele></trkpt>
   <trkpt lon="-4.412331" lat="36.719626"><ele>5.5</ele></trkpt>
   <trkpt lon="-4.412204" lat="36.719652"><ele>6.0</ele></trkpt>
   <trkpt lon="-4.411932" lat="36.719656"><ele>6.5</ele></trkpt>
   <trkpt lon="-4.411775" lat="36.719645"><ele>6.25</ele></trkpt>
   <trkpt lon="-4.411681" lat="36.719616"><ele>5.75</ele></trkpt>
   <trkpt lon="-4.411565" lat="36.719566"><ele>5.5</ele></trkpt>
   <trkpt lon="-4.411420" lat="36.719449"><ele>5.75</ele></trkpt>
   <trkpt lon="-4.411243" lat="36.719307"><ele>5.25</ele></trkpt>
   <trkpt lon="-4.411114" lat="36.719229"><ele>5.0</ele></trkpt>
   <trkpt lon="-4.410986" lat="36.719128"><ele>5.0</ele></trkpt>
   <trkpt lon="-4.410591" lat="36.718772"><ele>4.0</ele></trkpt>
   <trkpt lon="-4.410546" lat="36.718732"><ele>4.0</ele></trkpt>
   <trkpt lon="-4.410264" lat="36.718500"><ele>4.0</ele></trkpt>
   <trkpt lon="-4.410218" lat="36.718470"><ele>4.0</ele></trkpt>
   <trkpt lon="-4.410200" lat="36.718406"><ele>4.0</ele></trkpt>
   <trkpt lon="-4.409998" lat="36.718305"><ele>4.0</ele></trkpt>
   <trkpt lon="-4.409790" lat="36.718246"><ele>4.0</ele></trkpt>
   <trkpt lon="-4.409732" lat="36.718236"><ele>4.0</ele></trkpt>
   <trkpt lon="-4.409458" lat="36.718207"><ele>6.0</ele></trkpt>
   <trkpt lon="-4.409402" lat="36.718209"><ele>5.75</ele></trkpt>
   <trkpt lon="-4.409376" lat="36.718210"><ele>5.5</ele></trkpt>
   <trkpt lon="-4.409372" lat="36.718192"><ele>5.75</ele></trkpt>
   <trkpt lon="-4.409365" lat="36.718160"><ele>6.0</ele></trkpt>
   <trkpt lon="-4.409304" lat="36.718158"><ele>5.5</ele></trkpt>
   <trkpt lon="-4.409090" lat="36.718175"><ele>3.75</ele></trkpt>
   <trkpt lon="-4.408963" lat="36.718208"><ele>3.5</ele></trkpt>
   <trkpt lon="-4.408808" lat="36.718271"><ele>3.5</ele></trkpt>
   <trkpt lon="-4.408706" lat="36.718326"><ele>3.75</ele></trkpt>
   <trkpt lon="-4.407728" lat="36.718961"><ele>3.75</ele></trkpt>
   <trkpt lon="-4.407453" lat="36.719133"><ele>3.75</ele></trkpt>
   <trkpt lon="-4.407120" lat="36.719326"><ele>3.5</ele></trkpt>
   <trkpt lon="-4.405690" lat="36.719958"><ele>3.75</ele></trkpt>
   <trkpt lon="-4.405215" lat="36.720120"><ele>3.75</ele></trkpt>
   <trkpt lon="-4.404573" lat="36.720277"><ele>3.75</ele></trkpt>
   <trkpt lon="-4.404090" lat="36.720338"><ele>3.75</ele></trkpt>
   <trkpt lon="-4.403131" lat="36.720396"><ele>3.75</ele></trkpt>
   <trkpt lon="-4.402832" lat="36.720460"><ele>4.0</ele></trkpt>
   <trkpt lon="-4.402619" lat="36.720526"><ele>3.75</ele></trkpt>
   <trkpt lon="-4.400704" lat="36.721199"><ele>3.5</ele></trkpt>
   <trkpt lon="-4.400362" lat="36.721304"><ele>3.5</ele></trkpt>
   <trkpt lon="-4.399431" lat="36.721564"><ele>3.5</ele></trkpt>
   <trkpt lon="-4.399150" lat="36.721639"><ele>3.75</ele></trkpt>
   <trkpt lon="-4.398135" lat="36.721902"><ele>3.75</ele></trkpt>
   <trkpt lon="-4.397479" lat="36.722090"><ele>3.0</ele></trkpt>
   <trkpt lon="-4.397291" lat="36.722146"><ele>3.0</ele></trkpt>
   <trkpt lon="-4.396780" lat="36.722297"><ele>3.5</ele></trkpt>
   <trkpt lon="-4.396377" lat="36.722444"><ele>3.5</ele></trkpt>
   <trkpt lon="-4.395734" lat="36.722685"><ele>3.75</ele></trkpt>
   <trkpt lon="-4.395133" lat="36.722882"><ele>3.5</ele></trkpt>
   <trkpt lon="-4.394901" lat="36.722933"><ele>3.5</ele></trkpt>
   <trkpt lon="-4.394730" lat="36.722957"><ele>3.5</ele></trkpt>
   <trkpt lon="-4.394524" lat="36.722973"><ele>3.5</ele></trkpt>
   <trkpt lon="-4.393583" lat="36.722976"><ele>4.25</ele></trkpt>
   <trkpt lon="-4.393248" lat="36.722965"><ele>4.25</ele></trkpt>
   <trkpt lon="-4.392918" lat="36.722910"><ele>4.25</ele></trkpt>
   <trkpt lon="-4.392698" lat="36.722838"><ele>4.5</ele></trkpt>
   <trkpt lon="-4.391986" lat="36.722543"><ele>5.5</ele></trkpt>
   <trkpt lon="-4.391761" lat="36.722475"><ele>5.5</ele></trkpt>
   <trkpt lon="-4.391538" lat="36.722432"><ele>5.25</ele></trkpt>
   <trkpt lon="-4.388241" lat="36.722174"><ele>4.5</ele></trkpt>
   <trkpt lon="-4.387993" lat="36.722142"><ele>4.5</ele></trkpt>
   <trkpt lon="-4.387857" lat="36.722138"><ele>4.5</ele></trkpt>
   <trkpt lon="-4.387703" lat="36.722090"><ele>4.25</ele></trkpt>
   <trkpt lon="-4.387523" lat="36.722020"><ele>5.0</ele></trkpt>
   <trkpt lon="-4.386922" lat="36.721735"><ele>5.25</ele></trkpt>
   <trkpt lon="-4.386276" lat="36.721443"><ele>6.0</ele></trkpt>
   <trkpt lon="-4.386116" lat="36.721393"><ele>5.75</ele></trkpt>
   <trkpt lon="-4.385952" lat="36.721354"><ele>5.5</ele></trkpt>
   <trkpt lon="-4.385747" lat="36.721332"><ele>5.25</ele></trkpt>
   <trkpt lon="-4.385567" lat="36.721322"><ele>5.25</ele></trkpt>
   <trkpt lon="-4.383531" lat="36.721457"><ele>3.0</ele></trkpt>
   <trkpt lon="-4.383274" lat="36.721466"><ele>3.25</ele></trkpt>
   <trkpt lon="-4.382237" lat="36.721439"><ele>4.0</ele></trkpt>
   <trkpt lon="-4.381027" lat="36.721398"><ele>4.0</ele></trkpt>
   <trkpt lon="-4.380493" lat="36.721388"><ele>3.75</ele></trkpt>
   <trkpt lon="-4.380446" lat="36.721433"><ele>4.0</ele></trkpt>
   <trkpt lon="-4.380004" lat="36.721428"><ele>4.0</ele></trkpt>
   <trkpt lon="-4.379725" lat="36.721433"><ele>4.0</ele></trkpt>
   <trkpt lon="-4.379708" lat="36.721434"><ele>4.0</ele></trkpt>
   <trkpt lon="-4.379656" lat="36.721438"><ele>4.0</ele></trkpt>
   <trkpt lon="-4.378990" lat="36.721486"><ele>3.75</ele></trkpt>
   <trkpt lon="-4.378932" lat="36.721489"><ele>3.75</ele></trkpt>
   <trkpt lon="-4.378638" lat="36.721509"><ele>3.25</ele></trkpt>
   <trkpt lon="-4.378530" lat="36.721517"><ele>3.25</ele></trkpt>
   <trkpt lon="-4.378363" lat="36.721529"><ele>3.5</ele></trkpt>
   <trkpt lon="-4.378211" lat="36.721535"><ele>3.5</ele></trkpt>
   <trkpt lon="-4.377562" lat="36.721571"><ele>3.25</ele></trkpt>
   <trkpt lon="-4.377008" lat="36.721582"><ele>2.75</ele></trkpt>
   <trkpt lon="-4.376873" lat="36.721585"><ele>2.75</ele></trkpt>
   <trkpt lon="-4.376433" lat="36.721588"><ele>3.0</ele></trkpt>
   <trkpt lon="-4.375961" lat="36.721578"><ele>2.75</ele></trkpt>
   <trkpt lon="-4.375794" lat="36.721574"><ele>3.0</ele></trkpt>
   <trkpt lon="-4.375612" lat="36.721571"><ele>3.5</ele></trkpt>
   <trkpt lon="-4.375312" lat="36.721551"><ele>4.5</ele></trkpt>
   <trkpt lon="-4.375176" lat="36.721542"><ele>4.75</ele></trkpt>
   <trkpt lon="-4.374831" lat="36.721524"><ele>3.5</ele></trkpt>
   <trkpt lon="-4.374755" lat="36.721519"><ele>3.0</ele></trkpt>
   <trkpt lon="-4.374709" lat="36.721516"><ele>2.75</ele></trkpt>
   <trkpt lon="-4.374706" lat="36.721573"><ele>3.25</ele></trkpt>
   <trkpt lon="-4.374581" lat="36.721838"><ele>3.75</ele></trkpt>
   <trkpt lon="-4.374481" lat="36.722045"><ele>4.75</ele></trkpt>
   <trkpt lon="-4.374399" lat="36.722210"><ele>5.0</ele></trkpt>
   <trkpt lon="-4.374344" lat="36.722326"><ele>5.5</ele></trkpt>
   <trkpt lon="-4.374311" lat="36.722393"><ele>5.75</ele></trkpt>
   <trkpt lon="-4.373838" lat="36.722396"><ele>4.75</ele></trkpt>
   <trkpt lon="-4.373518" lat="36.722398"><ele>4.5</ele></trkpt>
   <trkpt lon="-4.373486" lat="36.722398"><ele>4.5</ele></trkpt>
   <trkpt lon="-4.373438" lat="36.722399"><ele>4.5</ele></trkpt>
   <trkpt lon="-4.373234" lat="36.722400"><ele>4.5</ele></trkpt>
   <trkpt lon="-4.372548" lat="36.722404"><ele>4.5</ele></trkpt>
   <trkpt lon="-4.372513" lat="36.722405"><ele>4.5</ele></trkpt>
   <trkpt lon="-4.372321" lat="36.722405"><ele>4.5</ele></trkpt>
   <trkpt lon="-4.371736" lat="36.722406"><ele>4.5</ele></trkpt>
   <trkpt lon="-4.371611" lat="36.722406"><ele>4.5</ele></trkpt>
   <trkpt lon="-4.371253" lat="36.722406"><ele>4.75</ele></trkpt>
   <trkpt lon="-4.371066" lat="36.722406"><ele>4.5</ele></trkpt>
   <trkpt lon="-4.370514" lat="36.722407"><ele>4.5</ele></trkpt>
   <trkpt lon="-4.370220" lat="36.722406"><ele>4.75</ele></trkpt>
   <trkpt lon="-4.370096" lat="36.722405"><ele>5.25</ele></trkpt>
   <trkpt lon="-4.369973" lat="36.722404"><ele>5.5</ele></trkpt>
   <trkpt lon="-4.369888" lat="36.722404"><ele>5.5</ele></trkpt>
   <trkpt lon="-4.369673" lat="36.722401"><ele>5.75</ele></trkpt>
   <trkpt lon="-4.369316" lat="36.722403"><ele>7.25</ele></trkpt>
   <trkpt lon="-4.368271" lat="36.722402"><ele>8.25</ele></trkpt>
   <trkpt lon="-4.368092" lat="36.722403"><ele>8.25</ele></trkpt>
   <trkpt lon="-4.367922" lat="36.722404"><ele>8.5</ele></trkpt>
   <trkpt lon="-4.367821" lat="36.722405"><ele>8.75</ele></trkpt>
   <trkpt lon="-4.367536" lat="36.722408"><ele>9.75</ele></trkpt>
   <trkpt lon="-4.367488" lat="36.722404"><ele>10.0</ele></trkpt>
   <trkpt lon="-4.367302" lat="36.722392"><ele>10.5</ele></trkpt>
   <trkpt lon="-4.367072" lat="36.722376"><ele>11.0</ele></trkpt>
   <trkpt lon="-4.366850" lat="36.722349"><ele>11.0</ele></trkpt>
   <trkpt lon="-4.366436" lat="36.722291"><ele>11.0</ele></trkpt>
   <trkpt lon="-4.366320" lat="36.722275"><ele>11.25</ele></trkpt>
   <trkpt lon="-4.366272" lat="36.722268"><ele>11.25</ele></trkpt>
   <trkpt lon="-4.366255" lat="36.722265"><ele>11.25</ele></trkpt>
   <trkpt lon="-4.365918" lat="36.722219"><ele>11.75</ele></trkpt>
   <trkpt lon="-4.365870" lat="36.722211"><ele>11.75</ele></trkpt>
   <trkpt lon="-4.365856" lat="36.722208"><ele>11.75</ele></trkpt>
   <trkpt lon="-4.365375" lat="36.722127"><ele>10.75</ele></trkpt>
   <trkpt lon="-4.365269" lat="36.722109"><ele>10.5</ele></trkpt>
   <trkpt lon="-4.364970" lat="36.722053"><ele>10.25</ele></trkpt>
   <trkpt lon="-4.364854" lat="36.722031"><ele>10.25</ele></trkpt>
   <trkpt lon="-4.364287" lat="36.721906"><ele>8.75</ele></trkpt>
   <trkpt lon="-4.364157" lat="36.721875"><ele>8.5</ele></trkpt>
   <trkpt lon="-4.363803" lat="36.721777"><ele>8.0</ele></trkpt>
   <trkpt lon="-4.363062" lat="36.721510"><ele>7.25</ele></trkpt>
   <trkpt lon="-4.362934" lat="36.721464"><ele>7.25</ele></trkpt>
   <trkpt lon="-4.362425" lat="36.721300"><ele>7.5</ele></trkpt>
   <trkpt lon="-4.361929" lat="36.721190"><ele>6.5</ele></trkpt>
   <trkpt lon="-4.361526" lat="36.721151"><ele>6.5</ele></trkpt>
   <trkpt lon="-4.361426" lat="36.721147"><ele>6.25</ele></trkpt>
   <trkpt lon="-4.361329" lat="36.721143"><ele>6.25</ele></trkpt>
   <trkpt lon="-4.361215" lat="36.721137"><ele>6.25</ele></trkpt>
   <trkpt lon="-4.360874" lat="36.721127"><ele>6.0</ele></trkpt>
   <trkpt lon="-4.360819" lat="36.721125"><ele>6.0</ele></trkpt>
   <trkpt lon="-4.360466" lat="36.721117"><ele>6.0</ele></trkpt>
   <trkpt lon="-4.360276" lat="36.721111"><ele>6.0</ele></trkpt>
   <trkpt lon="-4.360079" lat="36.721101"><ele>6.0</ele></trkpt>
   <trkpt lon="-4.359935" lat="36.721091"><ele>6.0</ele></trkpt>
   <trkpt lon="-4.359200" lat="36.721018"><ele>5.5</ele></trkpt>
   <trkpt lon="-4.359046" lat="36.721001"><ele>5.75</ele></trkpt>
   <trkpt lon="-4.358296" lat="36.720916"><ele>5.0</ele></trkpt>
   <trkpt lon="-4.358077" lat="36.720899"><ele>5.0</ele></trkpt>
   <trkpt lon="-4.358010" lat="36.720892"><ele>5.0</ele></trkpt>
   <trkpt lon="-4.357628" lat="36.720853"><ele>5.0</ele></trkpt>
   <trkpt lon="-4.357283" lat="36.720818"><ele>4.75</ele></trkpt>
   <trkpt lon="-4.357302" lat="36.720751"><ele>4.75</ele></trkpt>
   <trkpt lon="-4.357385" lat="36.720459"><ele>4.0</ele></trkpt>
   <trkpt lon="-4.357302" lat="36.720751"><ele>4.75</ele></trkpt>
   <trkpt lon="-4.357283" lat="36.720818"><ele>4.75</ele></trkpt>
   <trkpt lon="-4.357628" lat="36.720853"><ele>5.0</ele></trkpt>
   <trkpt lon="-4.358010" lat="36.720892"><ele>5.0</ele></trkpt>
   <trkpt lon="-4.358077" lat="36.720899"><ele>5.0</ele></trkpt>
   <trkpt lon="-4.358296" lat="36.720916"><ele>5.0</ele></trkpt>
   <trkpt lon="-4.359046" lat="36.721001"><ele>5.75</ele></trkpt>
   <trkpt lon="-4.359200" lat="36.721018"><ele>5.5</ele></trkpt>
   <trkpt lon="-4.359935" lat="36.721091"><ele>6.0</ele></trkpt>
   <trkpt lon="-4.360079" lat="36.721101"><ele>6.0</ele></trkpt>
   <trkpt lon="-4.360066" lat="36.721220"><ele>6.25</ele></trkpt>
   <trkpt lon="-4.360024" lat="36.721604"><ele>8.75</ele></trkpt>
   <trkpt lon="-4.359975" lat="36.722031"><ele>12.0</ele></trkpt>
   <trkpt lon="-4.359952" lat="36.722335"><ele>16.0</ele></trkpt>
   <trkpt lon="-4.359928" lat="36.722554"><ele>17.75</ele></trkpt>
   <trkpt lon="-4.359917" lat="36.722653"><ele>18.25</ele></trkpt>
   <trkpt lon="-4.359884" lat="36.723022"><ele>19.75</ele></trkpt>
   <trkpt lon="-4.359855" lat="36.723349"><ele>23.0</ele></trkpt>
   <trkpt lon="-4.359825" lat="36.723561"><ele>25.0</ele></trkpt>
   <trkpt lon="-4.359791" lat="36.723732"><ele>27.25</ele></trkpt>
   <trkpt lon="-4.359698" lat="36.723780"><ele>27.75</ele></trkpt>
   <trkpt lon="-4.359655" lat="36.723815"><ele>28.25</ele></trkpt>
   <trkpt lon="-4.359297" lat="36.724179"><ele>30.25</ele></trkpt>
   <trkpt lon="-4.358696" lat="36.724791"><ele>29.75</ele></trkpt>
   <trkpt lon="-4.358593" lat="36.724894"><ele>29.5</ele></trkpt>
   <trkpt lon="-4.358779" lat="36.724990"><ele>30.5</ele></trkpt>
   <trkpt lon="-4.358948" lat="36.725082"><ele>31.0</ele></trkpt>
   <trkpt lon="-4.359163" lat="36.725185"><ele>32.25</ele></trkpt>
   <trkpt lon="-4.359207" lat="36.725206"><ele>32.5</ele></trkpt>
   <trkpt lon="-4.360547" lat="36.725886"><ele>36.75</ele></trkpt>
   <trkpt lon="-4.360685" lat="36.725956"><ele>37.5</ele></trkpt>
   <trkpt lon="-4.360718" lat="36.725975"><ele>37.75</ele></trkpt>
   <trkpt lon="-4.362134" lat="36.726689"><ele>38.5</ele></trkpt>
   <trkpt lon="-4.362198" lat="36.726732"><ele>38.75</ele></trkpt>
   <trkpt lon="-4.362232" lat="36.726763"><ele>39.0</ele></trkpt>
   <trkpt lon="-4.362208" lat="36.726791"><ele>39.25</ele></trkpt>
   <trkpt lon="-4.362206" lat="36.726822"><ele>39.5</ele></trkpt>
   <trkpt lon="-4.362230" lat="36.726854"><ele>40.0</ele></trkpt>
   <trkpt lon="-4.362274" lat="36.726867"><ele>40.0</ele></trkpt>
   <trkpt lon="-4.362297" lat="36.726864"><ele>40.0</ele></trkpt>
   <trkpt lon="-4.362400" lat="36.726873"><ele>40.25</ele></trkpt>
   <trkpt lon="-4.362540" lat="36.726910"><ele>40.5</ele></trkpt>
   <trkpt lon="-4.362631" lat="36.726962"><ele>40.5</ele></trkpt>
   <trkpt lon="-4.362658" lat="36.726996"><ele>40.5</ele></trkpt>
   <trkpt lon="-4.362691" lat="36.727047"><ele>40.75</ele></trkpt>
   <trkpt lon="-4.362422" lat="36.727321"><ele>43.75</ele></trkpt>
   <trkpt lon="-4.362354" lat="36.727464"><ele>44.75</ele></trkpt>
   <trkpt lon="-4.362369" lat="36.727524"><ele>45.0</ele></trkpt>
   <trkpt lon="-4.362409" lat="36.727581"><ele>45.5</ele></trkpt>
   <trkpt lon="-4.362462" lat="36.727623"><ele>45.75</ele></trkpt>
   <trkpt lon="-4.362546" lat="36.727688"><ele>46.5</ele></trkpt>
   <trkpt lon="-4.362724" lat="36.727851"><ele>51.25</ele></trkpt>
   <trkpt lon="-4.362751" lat="36.727887"><ele>52.0</ele></trkpt>
   <trkpt lon="-4.362809" lat="36.727962"><ele>52.5</ele></trkpt>
   <trkpt lon="-4.362856" lat="36.728023"><ele>52.75</ele></trkpt>
   <trkpt lon="-4.362831" lat="36.728052"><ele>53.0</ele></trkpt>
   <trkpt lon="-4.362809" lat="36.728100"><ele>53.25</ele></trkpt>
   <trkpt lon="-4.362804" lat="36.728150"><ele>53.5</ele></trkpt>
   <trkpt lon="-4.362815" lat="36.728199"><ele>54.0</ele></trkpt>
   <trkpt lon="-4.362842" lat="36.728244"><ele>54.25</ele></trkpt>
   <trkpt lon="-4.362899" lat="36.728338"><ele>55.0</ele></trkpt>
   <trkpt lon="-4.362929" lat="36.728410"><ele>57.75</ele></trkpt>
   <trkpt lon="-4.362941" lat="36.728466"><ele>59.75</ele></trkpt>
   <trkpt lon="-4.362961" lat="36.728525"><ele>62.0</ele></trkpt>
   <trkpt lon="-4.362959" lat="36.728934"><ele>61.25</ele></trkpt>
   <trkpt lon="-4.362957" lat="36.729009"><ele>62.25</ele></trkpt>
   <trkpt lon="-4.362954" lat="36.729142"><ele>63.5</ele></trkpt>
   <trkpt lon="-4.362952" lat="36.729296"><ele>65.5</ele></trkpt>
   <trkpt lon="-4.362950" lat="36.729388"><ele>66.75</ele></trkpt>
   <trkpt lon="-4.362955" lat="36.729486"><ele>67.75</ele></trkpt>
   <trkpt lon="-4.362974" lat="36.729579"><ele>69.0</ele></trkpt>
   <trkpt lon="-4.363012" lat="36.729672"><ele>69.75</ele></trkpt>
   <trkpt lon="-4.363076" lat="36.729762"><ele>71.0</ele></trkpt>
   <trkpt lon="-4.363312" lat="36.729949"><ele>75.0</ele></trkpt>
   <trkpt lon="-4.363591" lat="36.730175"><ele>79.0</ele></trkpt>
   <trkpt lon="-4.363606" lat="36.730228"><ele>78.0</ele></trkpt>
   <trkpt lon="-4.363607" lat="36.730280"><ele>77.0</ele></trkpt>
   <trkpt lon="-4.363580" lat="36.730332"><ele>78.0</ele></trkpt>
   <trkpt lon="-4.363542" lat="36.730364"><ele>78.75</ele></trkpt>
   <trkpt lon="-4.363483" lat="36.730387"><ele>79.5</ele></trkpt>
   <trkpt lon="-4.363418" lat="36.730388"><ele>79.75</ele></trkpt>
   <trkpt lon="-4.363035" lat="36.730266"><ele>81.75</ele></trkpt>
   <trkpt lon="-4.362942" lat="36.730257"><ele>82.5</ele></trkpt>
   <trkpt lon="-4.362854" lat="36.730257"><ele>83.25</ele></trkpt>
   <trkpt lon="-4.362766" lat="36.730267"><ele>84.5</ele></trkpt>
   <trkpt lon="-4.362686" lat="36.730298"><ele>85.5</ele></trkpt>
   <trkpt lon="-4.362427" lat="36.730447"><ele>89.75</ele></trkpt>
   <trkpt lon="-4.362314" lat="36.730494"><ele>91.0</ele></trkpt>
   <trkpt lon="-4.362218" lat="36.730504"><ele>91.5</ele></trkpt>
   <trkpt lon="-4.362121" lat="36.730488"><ele>92.0</ele></trkpt>
   <trkpt lon="-4.362049" lat="36.730455"><ele>92.25</ele></trkpt>
   <trkpt lon="-4.361970" lat="36.730396"><ele>92.25</ele></trkpt>
   <trkpt lon="-4.361942" lat="36.730334"><ele>91.75</ele></trkpt>
   <trkpt lon="-4.361914" lat="36.730036"><ele>91.5</ele></trkpt>
   <trkpt lon="-4.361904" lat="36.729851"><ele>91.5</ele></trkpt>
   <trkpt lon="-4.361676" lat="36.729865"><ele>94.75</ele></trkpt>
   <trkpt lon="-4.361577" lat="36.729912"><ele>95.5</ele></trkpt>
   <trkpt lon="-4.361508" lat="36.729969"><ele>96.0</ele></trkpt>
   <trkpt lon="-4.361481" lat="36.730057"><ele>96.75</ele></trkpt>
   <trkpt lon="-4.361521" lat="36.730560"><ele>101.0</ele></trkpt>
   <trkpt lon="-4.361545" lat="36.731274"><ele>109.5</ele></trkpt>
   <trkpt lon="-4.361574" lat="36.731471"><ele>112.5</ele></trkpt>
   <trkpt lon="-4.361689" lat="36.732033"><ele>120.25</ele></trkpt>
   <trkpt lon="-4.361883" lat="36.732838"><ele>131.5</ele></trkpt>
   <trkpt lon="-4.361916" lat="36.732924"><ele>133.0</ele></trkpt>
   <trkpt lon="-4.361981" lat="36.732974"><ele>133.75</ele></trkpt>
   <trkpt lon="-4.362267" lat="36.733047"><ele>134.75</ele></trkpt>
   <trkpt lon="-4.362376" lat="36.733134"><ele>135.0</ele></trkpt>
   <trkpt lon="-4.362427" lat="36.733235"><ele>135.25</ele></trkpt>
   <trkpt lon="-4.362393" lat="36.733326"><ele>137.5</ele></trkpt>
   <trkpt lon="-4.362282" lat="36.733528"><ele>140.5</ele></trkpt>
   <trkpt lon="-4.362098" lat="36.734009"><ele>148.0</ele></trkpt>
   <trkpt lon="-4.362081" lat="36.734142"><ele>148.5</ele></trkpt>
   <trkpt lon="-4.362076" lat="36.734544"><ele>152.0</ele></trkpt>
   <trkpt lon="-4.362039" lat="36.734639"><ele>152.0</ele></trkpt>
   <trkpt lon="-4.361925" lat="36.734733"><ele>156.5</ele></trkpt>
   <trkpt lon="-4.361749" lat="36.734836"><ele>161.25</ele></trkpt>
   <trkpt lon="-4.361588" lat="36.734918"><ele>162.5</ele></trkpt>
   <trkpt lon="-4.360670" lat="36.735447"><ele>172.75</ele></trkpt>
   <trkpt lon="-4.360526" lat="36.735566"><ele>175.25</ele></trkpt>
   <trkpt lon="-4.360245" lat="36.736060"><ele>180.25</ele></trkpt>
   <trkpt lon="-4.360134" lat="36.736181"><ele>182.0</ele></trkpt>
   <trkpt lon="-4.359973" lat="36.736273"><ele>184.5</ele></trkpt>
   <trkpt lon="-4.359352" lat="36.736497"><ele>191.75</ele></trkpt>
   <trkpt lon="-4.359223" lat="36.736595"><ele>192.5</ele></trkpt>
   <trkpt lon="-4.359168" lat="36.736669"><ele>192.75</ele></trkpt>
   <trkpt lon="-4.359133" lat="36.736842"><ele>196.0</ele></trkpt>
   <trkpt lon="-4.359141" lat="36.737002"><ele>197.75</ele></trkpt>
   <trkpt lon="-4.359120" lat="36.737100"><ele>200.0</ele></trkpt>
   <trkpt lon="-4.359032" lat="36.737320"><ele>205.0</ele></trkpt>
   <trkpt lon="-4.358969" lat="36.737607"><ele>206.75</ele></trkpt>
   <trkpt lon="-4.359012" lat="36.737694"><ele>207.25</ele></trkpt>
   <trkpt lon="-4.359096" lat="36.737727"><ele>207.5</ele></trkpt>
   <trkpt lon="-4.359190" lat="36.737743"><ele>208.0</ele></trkpt>
   <trkpt lon="-4.359542" lat="36.737751"><ele>209.0</ele></trkpt>
   <trkpt lon="-4.359654" lat="36.737785"><ele>209.75</ele></trkpt>
   <trkpt lon="-4.359733" lat="36.737827"><ele>210.75</ele></trkpt>
   <trkpt lon="-4.359826" lat="36.737896"><ele>212.25</ele></trkpt>
   <trkpt lon="-4.360332" lat="36.738279"><ele>215.5</ele></trkpt>
   <trkpt lon="-4.360501" lat="36.738458"><ele>218.25</ele></trkpt>
   <trkpt lon="-4.360574" lat="36.738981"><ele>227.25</ele></trkpt>
   <trkpt lon="-4.360607" lat="36.739059"><ele>229.75</ele></trkpt>
   <trkpt lon="-4.360673" lat="36.739102"><ele>230.25</ele></trkpt>
   <trkpt lon="-4.361062" lat="36.739244"><ele>232.75</ele></trkpt>
   <trkpt lon="-4.361210" lat="36.739314"><ele>234.5</ele></trkpt>
   <trkpt lon="-4.361457" lat="36.739452"><ele>237.5</ele></trkpt>
   <trkpt lon="-4.361818" lat="36.739753"><ele>241.5</ele></trkpt>
   <trkpt lon="-4.361949" lat="36.739847"><ele>243.0</ele></trkpt>
   <trkpt lon="-4.361786" lat="36.739876"><ele>244.25</ele></trkpt>
   <trkpt lon="-4.361683" lat="36.739869"><ele>244.5</ele></trkpt>
   <trkpt lon="-4.361589" lat="36.739845"><ele>246.25</ele></trkpt>
   <trkpt lon="-4.361327" lat="36.739648"><ele>246.25</ele></trkpt>
   <trkpt lon="-4.361263" lat="36.739618"><ele>246.25</ele></trkpt>
   <trkpt lon="-4.361178" lat="36.739605"><ele>247.0</ele></trkpt>
   <trkpt lon="-4.360785" lat="36.739630"><ele>250.25</ele></trkpt>
   <trkpt lon="-4.360118" lat="36.739687"><ele>260.0</ele></trkpt>
   <trkpt lon="-4.359697" lat="36.739723"><ele>263.0</ele></trkpt>
   <trkpt lon="-4.359312" lat="36.739842"><ele>264.75</ele></trkpt>
   <trkpt lon="-4.359223" lat="36.739954"><ele>266.75</ele></trkpt>
   <trkpt lon="-4.359039" lat="36.740117"><ele>270.0</ele></trkpt>
   <trkpt lon="-4.358935" lat="36.740184"><ele>270.0</ele></trkpt>
   <trkpt lon="-4.358834" lat="36.740237"><ele>270.0</ele></trkpt>
   <trkpt lon="-4.358710" lat="36.740266"><ele>269.75</ele></trkpt>
   <trkpt lon="-4.358645" lat="36.740274"><ele>269.25</ele></trkpt>
   <trkpt lon="-4.358575" lat="36.740254"><ele>269.25</ele></trkpt>
   <trkpt lon="-4.358446" lat="36.740092"><ele>269.75</ele></trkpt>
   <trkpt lon="-4.358302" lat="36.739949"><ele>271.75</ele></trkpt>
   <trkpt lon="-4.358149" lat="36.739852"><ele>272.75</ele></trkpt>
   <trkpt lon="-4.357938" lat="36.739754"><ele>273.75</ele></trkpt>
   <trkpt lon="-4.357710" lat="36.739669"><ele>274.25</ele></trkpt>
   <trkpt lon="-4.357158" lat="36.739516"><ele>277.0</ele></trkpt>
   <trkpt lon="-4.356935" lat="36.739473"><ele>277.0</ele></trkpt>
   <trkpt lon="-4.356713" lat="36.739451"><ele>276.75</ele></trkpt>
   <trkpt lon="-4.356522" lat="36.739487"><ele>277.0</ele></trkpt>
   <trkpt lon="-4.356203" lat="36.739594"><ele>275.5</ele></trkpt>
   <trkpt lon="-4.355910" lat="36.739655"><ele>272.25</ele></trkpt>
   <trkpt lon="-4.355743" lat="36.739746"><ele>270.75</ele></trkpt>
   <trkpt lon="-4.355578" lat="36.739824"><ele>272.75</ele></trkpt>
   <trkpt lon="-4.355208" lat="36.739890"><ele>276.5</ele></trkpt>
   <trkpt lon="-4.354819" lat="36.739950"><ele>277.75</ele></trkpt>
   <trkpt lon="-4.354738" lat="36.739988"><ele>279.25</ele></trkpt>
   <trkpt lon="-4.354681" lat="36.740037"><ele>279.75</ele></trkpt>
   <trkpt lon="-4.354639" lat="36.740138"><ele>281.75</ele></trkpt>
   <trkpt lon="-4.354395" lat="36.740827"><ele>292.75</ele></trkpt>
   <trkpt lon="-4.354692" lat="36.740840"><ele>296.75</ele></trkpt>
   <trkpt lon="-4.354798" lat="36.740822"><ele>298.5</ele></trkpt>
   <trkpt lon="-4.355119" lat="36.740659"><ele>301.5</ele></trkpt>
   <trkpt lon="-4.355229" lat="36.740649"><ele>301.75</ele></trkpt>
   <trkpt lon="-4.355324" lat="36.740690"><ele>302.25</ele></trkpt>
   <trkpt lon="-4.355336" lat="36.740763"><ele>303.25</ele></trkpt>
   <trkpt lon="-4.355282" lat="36.740822"><ele>303.75</ele></trkpt>
   <trkpt lon="-4.354604" lat="36.741210"><ele>311.0</ele></trkpt>
   <trkpt lon="-4.354515" lat="36.741391"><ele>314.75</ele></trkpt>
   <trkpt lon="-4.354502" lat="36.741706"><ele>319.5</ele></trkpt>
   <trkpt lon="-4.354492" lat="36.742187"><ele>325.5</ele></trkpt>
   <trkpt lon="-4.354456" lat="36.742448"><ele>328.5</ele></trkpt>
   <trkpt lon="-4.354378" lat="36.742786"><ele>328.75</ele></trkpt>
   <trkpt lon="-4.354399" lat="36.742896"><ele>328.25</ele></trkpt>
   <trkpt lon="-4.354622" lat="36.743324"><ele>329.75</ele></trkpt>
   <trkpt lon="-4.354641" lat="36.743421"><ele>330.5</ele></trkpt>
   <trkpt lon="-4.354617" lat="36.743544"><ele>329.5</ele></trkpt>
   <trkpt lon="-4.354623" lat="36.743654"><ele>328.75</ele></trkpt>
   <trkpt lon="-4.354664" lat="36.743726"><ele>328.25</ele></trkpt>
   <trkpt lon="-4.354771" lat="36.743833"><ele>329.0</ele></trkpt>
   <trkpt lon="-4.354942" lat="36.743986"><ele>329.0</ele></trkpt>
   <trkpt lon="-4.355044" lat="36.744161"><ele>328.5</ele></trkpt>
   <trkpt lon="-4.355208" lat="36.744322"><ele>330.0</ele></trkpt>
   <trkpt lon="-4.355242" lat="36.744401"><ele>329.25</ele></trkpt>
   <trkpt lon="-4.355210" lat="36.744484"><ele>328.5</ele></trkpt>
   <trkpt lon="-4.355163" lat="36.744559"><ele>329.5</ele></trkpt>
   <trkpt lon="-4.355082" lat="36.744652"><ele>329.75</ele></trkpt>
   <trkpt lon="-4.355023" lat="36.744761"><ele>329.5</ele></trkpt>
   <trkpt lon="-4.355018" lat="36.744900"><ele>329.0</ele></trkpt>
   <trkpt lon="-4.355089" lat="36.745102"><ele>331.0</ele></trkpt>
   <trkpt lon="-4.355075" lat="36.745306"><ele>329.0</ele></trkpt>
   <trkpt lon="-4.355032" lat="36.745455"><ele>328.25</ele></trkpt>
   <trkpt lon="-4.354948" lat="36.745600"><ele>326.5</ele></trkpt>
   <trkpt lon="-4.354820" lat="36.745781"><ele>325.5</ele></trkpt>
   <trkpt lon="-4.354778" lat="36.745861"><ele>325.5</ele></trkpt>
   <trkpt lon="-4.354758" lat="36.745950"><ele>325.25</ele></trkpt>
   <trkpt lon="-4.354759" lat="36.746017"><ele>325.5</ele></trkpt>
   <trkpt lon="-4.354795" lat="36.746137"><ele>326.0</ele></trkpt>
   <trkpt lon="-4.355035" lat="36.746518"><ele>326.75</ele></trkpt>
   <trkpt lon="-4.355053" lat="36.746574"><ele>326.75</ele></trkpt>
   <trkpt lon="-4.355030" lat="36.746625"><ele>325.5</ele></trkpt>
   <trkpt lon="-4.354861" lat="36.746811"><ele>321.75</ele></trkpt>
   <trkpt lon="-4.354742" lat="36.746999"><ele>319.0</ele></trkpt>
   <trkpt lon="-4.354605" lat="36.747148"><ele>317.25</ele></trkpt>
   <trkpt lon="-4.354286" lat="36.747521"><ele>318.25</ele></trkpt>
   <trkpt lon="-4.354016" lat="36.747739"><ele>317.5</ele></trkpt>
   <trkpt lon="-4.353775" lat="36.748018"><ele>315.25</ele></trkpt>
   <trkpt lon="-4.353675" lat="36.748069"><ele>315.25</ele></trkpt>
   <trkpt lon="-4.353475" lat="36.748152"><ele>311.75</ele></trkpt>
   <trkpt lon="-4.353192" lat="36.748408"><ele>312.25</ele></trkpt>
   <trkpt lon="-4.352753" lat="36.748619"><ele>313.0</ele></trkpt>
   <trkpt lon="-4.352444" lat="36.748660"><ele>311.75</ele></trkpt>
   <trkpt lon="-4.352315" lat="36.748701"><ele>310.0</ele></trkpt>
   <trkpt lon="-4.352218" lat="36.748751"><ele>308.25</ele></trkpt>
   <trkpt lon="-4.352170" lat="36.748824"><ele>308.25</ele></trkpt>
   <trkpt lon="-4.352141" lat="36.748905"><ele>308.5</ele></trkpt>
   <trkpt lon="-4.352118" lat="36.749077"><ele>306.5</ele></trkpt>
   <trkpt lon="-4.352107" lat="36.749321"><ele>304.0</ele></trkpt>
   <trkpt lon="-4.352061" lat="36.749450"><ele>302.0</ele></trkpt>
   <trkpt lon="-4.351964" lat="36.749590"><ele>301.0</ele></trkpt>
   <trkpt lon="-4.351858" lat="36.749727"><ele>300.75</ele></trkpt>
   <trkpt lon="-4.351708" lat="36.749825"><ele>299.0</ele></trkpt>
   <trkpt lon="-4.351637" lat="36.749984"><ele>299.0</ele></trkpt>
   <trkpt lon="-4.351620" lat="36.750118"><ele>297.0</ele></trkpt>
   <trkpt lon="-4.351643" lat="36.750239"><ele>295.75</ele></trkpt>
   <trkpt lon="-4.351669" lat="36.750505"><ele>293.5</ele></trkpt>
   <trkpt lon="-4.351655" lat="36.750549"><ele>292.75</ele></trkpt>
   <trkpt lon="-4.351603" lat="36.750584"><ele>292.25</ele></trkpt>
   <trkpt lon="-4.351374" lat="36.750657"><ele>290.5</ele></trkpt>
   <trkpt lon="-4.351259" lat="36.750718"><ele>290.25</ele></trkpt>
   <trkpt lon="-4.351181" lat="36.750784"><ele>290.25</ele></trkpt>
   <trkpt lon="-4.351003" lat="36.751027"><ele>289.75</ele></trkpt>
   <trkpt lon="-4.350837" lat="36.751172"><ele>288.5</ele></trkpt>
   <trkpt lon="-4.350553" lat="36.751875"><ele>284.5</ele></trkpt>
   <trkpt lon="-4.350486" lat="36.751932"><ele>285.0</ele></trkpt>
   <trkpt lon="-4.350427" lat="36.751974"><ele>285.25</ele></trkpt>
   <trkpt lon="-4.350336" lat="36.752336"><ele>288.75</ele></trkpt>
   <trkpt lon="-4.350628" lat="36.752934"><ele>292.25</ele></trkpt>
   <trkpt lon="-4.350559" lat="36.753366"><ele>300.25</ele></trkpt>
   <trkpt lon="-4.350466" lat="36.753493"><ele>303.75</ele></trkpt>
   <trkpt lon="-4.350272" lat="36.753788"><ele>309.25</ele></trkpt>
   <trkpt lon="-4.350123" lat="36.753901"><ele>312.75</ele></trkpt>
   <trkpt lon="-4.349948" lat="36.754002"><ele>318.0</ele></trkpt>
   <trkpt lon="-4.349876" lat="36.754077"><ele>319.5</ele></trkpt>
   <trkpt lon="-4.349875" lat="36.754162"><ele>317.5</ele></trkpt>
   <trkpt lon="-4.350077" lat="36.754404"><ele>316.5</ele></trkpt>
   <trkpt lon="-4.350146" lat="36.754672"><ele>321.0</ele></trkpt>
   <trkpt lon="-4.350166" lat="36.754780"><ele>321.75</ele></trkpt>
   <trkpt lon="-4.350141" lat="36.754954"><ele>324.0</ele></trkpt>
   <trkpt lon="-4.350044" lat="36.755165"><ele>332.0</ele></trkpt>
   <trkpt lon="-4.350186" lat="36.755280"><ele>330.25</ele></trkpt>
   <trkpt lon="-4.350331" lat="36.755329"><ele>329.75</ele></trkpt>
   <trkpt lon="-4.350436" lat="36.755437"><ele>333.75</ele></trkpt>
   <trkpt lon="-4.350549" lat="36.755470"><ele>333.0</ele></trkpt>
   <trkpt lon="-4.350814" lat="36.755400"><ele>335.0</ele></trkpt>
   <trkpt lon="-4.350913" lat="36.755334"><ele>332.75</ele></trkpt>
   <trkpt lon="-4.351037" lat="36.755290"><ele>332.25</ele></trkpt>
   <trkpt lon="-4.351127" lat="36.755308"><ele>333.75</ele></trkpt>
   <trkpt lon="-4.351198" lat="36.755353"><ele>333.75</ele></trkpt>
   <trkpt lon="-4.351300" lat="36.755470"><ele>334.25</ele></trkpt>
   <trkpt lon="-4.351307" lat="36.755564"><ele>336.25</ele></trkpt>
   <trkpt lon="-4.351287" lat="36.755608"><ele>337.5</ele></trkpt>
   <trkpt lon="-4.351288" lat="36.755815"><ele>340.0</ele></trkpt>
   <trkpt lon="-4.351440" lat="36.756058"><ele>342.75</ele></trkpt>
   <trkpt lon="-4.351666" lat="36.756218"><ele>338.75</ele></trkpt>
   <trkpt lon="-4.351660" lat="36.756340"><ele>339.75</ele></trkpt>
   <trkpt lon="-4.351488" lat="36.756520"><ele>343.25</ele></trkpt>
   <trkpt lon="-4.351320" lat="36.756856"><ele>342.0</ele></trkpt>
   <trkpt lon="-4.351147" lat="36.756961"><ele>345.25</ele></trkpt>
   <trkpt lon="-4.351173" lat="36.757100"><ele>348.25</ele></trkpt>
   <trkpt lon="-4.351294" lat="36.757293"><ele>349.25</ele></trkpt>
   <trkpt lon="-4.351314" lat="36.757381"><ele>350.25</ele></trkpt>
   <trkpt lon="-4.351226" lat="36.757583"><ele>354.75</ele></trkpt>
   <trkpt lon="-4.351200" lat="36.757693"><ele>354.75</ele></trkpt>
   <trkpt lon="-4.351199" lat="36.757994"><ele>354.25</ele></trkpt>
   <trkpt lon="-4.351173" lat="36.758523"><ele>355.75</ele></trkpt>
   <trkpt lon="-4.351066" lat="36.758641"><ele>357.75</ele></trkpt>
   <trkpt lon="-4.350941" lat="36.758719"><ele>359.25</ele></trkpt>
   <trkpt lon="-4.350823" lat="36.758911"><ele>360.25</ele></trkpt>
   <trkpt lon="-4.350732" lat="36.759035"><ele>364.5</ele></trkpt>
   <trkpt lon="-4.350756" lat="36.759102"><ele>363.25</ele></trkpt>
   <trkpt lon="-4.350842" lat="36.759248"><ele>361.25</ele></trkpt>
   <trkpt lon="-4.350840" lat="36.759387"><ele>364.5</ele></trkpt>
   <trkpt lon="-4.350799" lat="36.759485"><ele>368.0</ele></trkpt>
   <trkpt lon="-4.350821" lat="36.759590"><ele>368.5</ele></trkpt>
   <trkpt lon="-4.350930" lat="36.759676"><ele>369.5</ele></trkpt>
   <trkpt lon="-4.351169" lat="36.759663"><ele>370.5</ele></trkpt>
   <trkpt lon="-4.351328" lat="36.759632"><ele>371.5</ele></trkpt>
   <trkpt lon="-4.351488" lat="36.759648"><ele>370.25</ele></trkpt>
   <trkpt lon="-4.351660" lat="36.759719"><ele>366.0</ele></trkpt>
   <trkpt lon="-4.351901" lat="36.759972"><ele>363.25</ele></trkpt>
   <trkpt lon="-4.351960" lat="36.760092"><ele>366.25</ele></trkpt>
   <trkpt lon="-4.352073" lat="36.760135"><ele>366.25</ele></trkpt>
   <trkpt lon="-4.352189" lat="36.760101"><ele>362.75</ele></trkpt>
   <trkpt lon="-4.352283" lat="36.760034"><ele>358.75</ele></trkpt>
   <trkpt lon="-4.352470" lat="36.759942"><ele>356.5</ele></trkpt>
   <trkpt lon="-4.352663" lat="36.759924"><ele>355.5</ele></trkpt>
   <trkpt lon="-4.352938" lat="36.759950"><ele>355.75</ele></trkpt>
   <trkpt lon="-4.353207" lat="36.760003"><ele>358.0</ele></trkpt>
   <trkpt lon="-4.353723" lat="36.759909"><ele>357.5</ele></trkpt>
   <trkpt lon="-4.353893" lat="36.759920"><ele>356.5</ele></trkpt>
   <trkpt lon="-4.354412" lat="36.760113"><ele>349.75</ele></trkpt>
   <trkpt lon="-4.354420" lat="36.760216"><ele>350.0</ele></trkpt>
   <trkpt lon="-4.354283" lat="36.760520"><ele>348.0</ele></trkpt>
   <trkpt lon="-4.354316" lat="36.760685"><ele>347.75</ele></trkpt>
   <trkpt lon="-4.354639" lat="36.761098"><ele>343.75</ele></trkpt>
   <trkpt lon="-4.354834" lat="36.761588"><ele>338.5</ele></trkpt>
   <trkpt lon="-4.355087" lat="36.761922"><ele>332.5</ele></trkpt>
   <trkpt lon="-4.355026" lat="36.762349"><ele>329.0</ele></trkpt>
   <trkpt lon="-4.354875" lat="36.762698"><ele>327.5</ele></trkpt>
   <trkpt lon="-4.354738" lat="36.762828"><ele>327.0</ele></trkpt>
   <trkpt lon="-4.354453" lat="36.762888"><ele>331.0</ele></trkpt>
   <trkpt lon="-4.354236" lat="36.763180"><ele>327.25</ele></trkpt>
   <trkpt lon="-4.353984" lat="36.763261"><ele>327.25</ele></trkpt>
   <trkpt lon="-4.353687" lat="36.763202"><ele>330.0</ele></trkpt>
   <trkpt lon="-4.352998" lat="36.763272"><ele>333.25</ele></trkpt>
   <trkpt lon="-4.352661" lat="36.763294"><ele>336.75</ele></trkpt>
   <trkpt lon="-4.352397" lat="36.763345"><ele>340.5</ele></trkpt>
   <trkpt lon="-4.352170" lat="36.763400"><ele>346.0</ele></trkpt>
   <trkpt lon="-4.352155" lat="36.763461"><ele>347.5</ele></trkpt>
   <trkpt lon="-4.352150" lat="36.763483"><ele>347.75</ele></trkpt>
   <trkpt lon="-4.352288" lat="36.763514"><ele>346.75</ele></trkpt>
   <trkpt lon="-4.352620" lat="36.763581"><ele>344.0</ele></trkpt>
   <trkpt lon="-4.352894" lat="36.763692"><ele>346.25</ele></trkpt>
   <trkpt lon="-4.353259" lat="36.763817"><ele>348.25</ele></trkpt>
   <trkpt lon="-4.353627" lat="36.764146"><ele>356.0</ele></trkpt>
   <trkpt lon="-4.353814" lat="36.764289"><ele>358.0</ele></trkpt>
   <trkpt lon="-4.353942" lat="36.764501"><ele>362.5</ele></trkpt>
   <trkpt lon="-4.353969" lat="36.764650"><ele>364.25</ele></trkpt>
   <trkpt lon="-4.353875" lat="36.764772"><ele>367.25</ele></trkpt>
   <trkpt lon="-4.353744" lat="36.764861"><ele>369.75</ele></trkpt>
   <trkpt lon="-4.353552" lat="36.765046"><ele>373.0</ele></trkpt>
   <trkpt lon="-4.353371" lat="36.765172"><ele>375.0</ele></trkpt>
   <trkpt lon="-4.353130" lat="36.765376"><ele>378.5</ele></trkpt>
   <trkpt lon="-4.352992" lat="36.765540"><ele>378.5</ele></trkpt>
   <trkpt lon="-4.352877" lat="36.765858"><ele>379.25</ele></trkpt>
   <trkpt lon="-4.352604" lat="36.766104"><ele>381.75</ele></trkpt>
   <trkpt lon="-4.352293" lat="36.766224"><ele>387.0</ele></trkpt>
   <trkpt lon="-4.352138" lat="36.766367"><ele>386.0</ele></trkpt>
   <trkpt lon="-4.352038" lat="36.766476"><ele>386.25</ele></trkpt>
   <trkpt lon="-4.351773" lat="36.766561"><ele>391.5</ele></trkpt>
   <trkpt lon="-4.351692" lat="36.766642"><ele>391.5</ele></trkpt>
   <trkpt lon="-4.351686" lat="36.766818"><ele>391.25</ele></trkpt>
   <trkpt lon="-4.351608" lat="36.767051"><ele>395.5</ele></trkpt>
   <trkpt lon="-4.351566" lat="36.767284"><ele>399.5</ele></trkpt>
   <trkpt lon="-4.351624" lat="36.767303"><ele>397.5</ele></trkpt>
   <trkpt lon="-4.351775" lat="36.767267"><ele>396.5</ele></trkpt>
   <trkpt lon="-4.352159" lat="36.766948"><ele>390.0</ele></trkpt>
   <trkpt lon="-4.352350" lat="36.766929"><ele>390.5</ele></trkpt>
   <trkpt lon="-4.352497" lat="36.767051"><ele>392.75</ele></trkpt>
   <trkpt lon="-4.352565" lat="36.767153"><ele>394.0</ele></trkpt>
   <trkpt lon="-4.352664" lat="36.767183"><ele>394.0</ele></trkpt>
   <trkpt lon="-4.352843" lat="36.767159"><ele>390.5</ele></trkpt>
   <trkpt lon="-4.352922" lat="36.767220"><ele>390.75</ele></trkpt>
   <trkpt lon="-4.352901" lat="36.767414"><ele>397.5</ele></trkpt>
   <trkpt lon="-4.352977" lat="36.767496"><ele>398.5</ele></trkpt>
   <trkpt lon="-4.353274" lat="36.767470"><ele>395.0</ele></trkpt>
   <trkpt lon="-4.353373" lat="36.767572"><ele>396.75</ele></trkpt>
   <trkpt lon="-4.353503" lat="36.767902"><ele>400.5</ele></trkpt>
   <trkpt lon="-4.353499" lat="36.768228"><ele>403.25</ele></trkpt>
   <trkpt lon="-4.353392" lat="36.768577"><ele>403.75</ele></trkpt>
   <trkpt lon="-4.353146" lat="36.768884"><ele>404.75</ele></trkpt>
   <trkpt lon="-4.352994" lat="36.769175"><ele>405.0</ele></trkpt>
   <trkpt lon="-4.353029" lat="36.769414"><ele>404.0</ele></trkpt>
   <trkpt lon="-4.352984" lat="36.769610"><ele>403.5</ele></trkpt>
   <trkpt lon="-4.352918" lat="36.769755"><ele>406.0</ele></trkpt>
   <trkpt lon="-4.353189" lat="36.769903"><ele>401.25</ele></trkpt>
   <trkpt lon="-4.353472" lat="36.770042"><ele>399.0</ele></trkpt>
   <trkpt lon="-4.353638" lat="36.770296"><ele>399.25</ele></trkpt>
   <trkpt lon="-4.353819" lat="36.770529"><ele>399.0</ele></trkpt>
   <trkpt lon="-4.354067" lat="36.770588"><ele>397.5</ele></trkpt>
   <trkpt lon="-4.354372" lat="36.770563"><ele>394.25</ele></trkpt>
   <trkpt lon="-4.354570" lat="36.770700"><ele>393.75</ele></trkpt>
   <trkpt lon="-4.354677" lat="36.770890"><ele>392.5</ele></trkpt>
   <trkpt lon="-4.354679" lat="36.771050"><ele>390.0</ele></trkpt>
   <trkpt lon="-4.354547" lat="36.771199"><ele>388.5</ele></trkpt>
   <trkpt lon="-4.354157" lat="36.771420"><ele>385.0</ele></trkpt>
   <trkpt lon="-4.353829" lat="36.771583"><ele>384.5</ele></trkpt>
   <trkpt lon="-4.353699" lat="36.771796"><ele>378.0</ele></trkpt>
   <trkpt lon="-4.353493" lat="36.771908"><ele>381.75</ele></trkpt>
   <trkpt lon="-4.353596" lat="36.772040"><ele>375.25</ele></trkpt>
   <trkpt lon="-4.353677" lat="36.772250"><ele>372.25</ele></trkpt>
   <trkpt lon="-4.353485" lat="36.772338"><ele>372.0</ele></trkpt>
   <trkpt lon="-4.353159" lat="36.772407"><ele>378.0</ele></trkpt>
   <trkpt lon="-4.353159" lat="36.772536"><ele>373.75</ele></trkpt>
   <trkpt lon="-4.353173" lat="36.772775"><ele>372.5</ele></trkpt>
   <trkpt lon="-4.353033" lat="36.772918"><ele>377.0</ele></trkpt>
   <trkpt lon="-4.352918" lat="36.772977"><ele>380.25</ele></trkpt>
   <trkpt lon="-4.352915" lat="36.773075"><ele>378.0</ele></trkpt>
   <trkpt lon="-4.353101" lat="36.773190"><ele>378.25</ele></trkpt>
   <trkpt lon="-4.353165" lat="36.773210"><ele>377.0</ele></trkpt>
   <trkpt lon="-4.353177" lat="36.773269"><ele>379.75</ele></trkpt>
   <trkpt lon="-4.353398" lat="36.773402"><ele>380.75</ele></trkpt>
   <trkpt lon="-4.353712" lat="36.773503"><ele>380.0</ele></trkpt>
   <trkpt lon="-4.353961" lat="36.773722"><ele>384.5</ele></trkpt>
   <trkpt lon="-4.354134" lat="36.773795"><ele>382.5</ele></trkpt>
   <trkpt lon="-4.354226" lat="36.773834"><ele>382.5</ele></trkpt>
   <trkpt lon="-4.354341" lat="36.774006"><ele>384.75</ele></trkpt>
   <trkpt lon="-4.354516" lat="36.774134"><ele>383.25</ele></trkpt>
   <trkpt lon="-4.354476" lat="36.774283"><ele>385.25</ele></trkpt>
   <trkpt lon="-4.354316" lat="36.774611"><ele>388.5</ele></trkpt>
   <trkpt lon="-4.354235" lat="36.774718"><ele>388.5</ele></trkpt>
   <trkpt lon="-4.354125" lat="36.774840"><ele>390.0</ele></trkpt>
   <trkpt lon="-4.353805" lat="36.775023"><ele>395.0</ele></trkpt>
   <trkpt lon="-4.353629" lat="36.774986"><ele>400.0</ele></trkpt>
   <trkpt lon="-4.353647" lat="36.774947"><ele>400.75</ele></trkpt>
   <trkpt lon="-4.353763" lat="36.774806"><ele>401.75</ele></trkpt>
   <trkpt lon="-4.353798" lat="36.774617"><ele>405.5</ele></trkpt>
   <trkpt lon="-4.353812" lat="36.774403"><ele>409.5</ele></trkpt>
   <trkpt lon="-4.353770" lat="36.774276"><ele>411.5</ele></trkpt>
   <trkpt lon="-4.353661" lat="36.774143"><ele>415.0</ele></trkpt>
   <trkpt lon="-4.353485" lat="36.774056"><ele>417.0</ele></trkpt>
   <trkpt lon="-4.353252" lat="36.774036"><ele>421.75</ele></trkpt>
   <trkpt lon="-4.352788" lat="36.774090"><ele>429.75</ele></trkpt>
   <trkpt lon="-4.352622" lat="36.774056"><ele>431.25</ele></trkpt>
   <trkpt lon="-4.352412" lat="36.773900"><ele>430.5</ele></trkpt>
   <trkpt lon="-4.352041" lat="36.773855"><ele>439.0</ele></trkpt>
   <trkpt lon="-4.351801" lat="36.773728"><ele>440.75</ele></trkpt>
   <trkpt lon="-4.351589" lat="36.773672"><ele>445.25</ele></trkpt>
   <trkpt lon="-4.351333" lat="36.773471"><ele>448.5</ele></trkpt>
   <trkpt lon="-4.351164" lat="36.773369"><ele>452.75</ele></trkpt>
   <trkpt lon="-4.351122" lat="36.773377"><ele>455.0</ele></trkpt>
   <trkpt lon="-4.351219" lat="36.773739"><ele>463.25</ele></trkpt>
   <trkpt lon="-4.351389" lat="36.773883"><ele>462.5</ele></trkpt>
   <trkpt lon="-4.351539" lat="36.773959"><ele>461.5</ele></trkpt>
   <trkpt lon="-4.351700" lat="36.774169"><ele>465.5</ele></trkpt>
   <trkpt lon="-4.351801" lat="36.774532"><ele>462.75</ele></trkpt>
   <trkpt lon="-4.351349" lat="36.774682"><ele>472.75</ele></trkpt>
   <trkpt lon="-4.350900" lat="36.774746"><ele>480.25</ele></trkpt>
   <trkpt lon="-4.350540" lat="36.774828"><ele>486.5</ele></trkpt>
   <trkpt lon="-4.350332" lat="36.774946"><ele>489.5</ele></trkpt>
   <trkpt lon="-4.350181" lat="36.775093"><ele>494.75</ele></trkpt>
   <trkpt lon="-4.350167" lat="36.775253"><ele>495.0</ele></trkpt>
   <trkpt lon="-4.350241" lat="36.775425"><ele>494.25</ele></trkpt>
   <trkpt lon="-4.350273" lat="36.775595"><ele>494.25</ele></trkpt>
   <trkpt lon="-4.350160" lat="36.775662"><ele>493.25</ele></trkpt>
   <trkpt lon="-4.350030" lat="36.775682"><ele>494.25</ele></trkpt>
   <trkpt lon="-4.349896" lat="36.775747"><ele>495.0</ele></trkpt>
   <trkpt lon="-4.349699" lat="36.775894"><ele>497.25</ele></trkpt>
   <trkpt lon="-4.349664" lat="36.776052"><ele>497.5</ele></trkpt>
   <trkpt lon="-4.349681" lat="36.776176"><ele>496.75</ele></trkpt>
   <trkpt lon="-4.349653" lat="36.776353"><ele>499.0</ele></trkpt>
   <trkpt lon="-4.349734" lat="36.776551"><ele>500.75</ele></trkpt>
   <trkpt lon="-4.349808" lat="36.776661"><ele>501.25</ele></trkpt>
   <trkpt lon="-4.349847" lat="36.776771"><ele>500.25</ele></trkpt>
   <trkpt lon="-4.349762" lat="36.776852"><ele>504.5</ele></trkpt>
   <trkpt lon="-4.349773" lat="36.777157"><ele>502.0</ele></trkpt>
   <trkpt lon="-4.349678" lat="36.777371"><ele>505.25</ele></trkpt>
   <trkpt lon="-4.349627" lat="36.777538"><ele>507.75</ele></trkpt>
   <trkpt lon="-4.349604" lat="36.777617"><ele>510.5</ele></trkpt>
   <trkpt lon="-4.349642" lat="36.777944"><ele>515.5</ele></trkpt>
   <trkpt lon="-4.349702" lat="36.778271"><ele>518.5</ele></trkpt>
   <trkpt lon="-4.349688" lat="36.778389"><ele>518.0</ele></trkpt>
   <trkpt lon="-4.349499" lat="36.778451"><ele>522.0</ele></trkpt>
   <trkpt lon="-4.349250" lat="36.778498"><ele>526.5</ele></trkpt>
   <trkpt lon="-4.349001" lat="36.778505"><ele>530.75</ele></trkpt>
   <trkpt lon="-4.348443" lat="36.778481"><ele>543.0</ele></trkpt>
   <trkpt lon="-4.348339" lat="36.778529"><ele>544.25</ele></trkpt>
   <trkpt lon="-4.348202" lat="36.778830"><ele>543.75</ele></trkpt>
   <trkpt lon="-4.348100" lat="36.778940"><ele>545.25</ele></trkpt>
   <trkpt lon="-4.347873" lat="36.779031"><ele>550.25</ele></trkpt>
   <trkpt lon="-4.347676" lat="36.779139"><ele>552.5</ele></trkpt>
   <trkpt lon="-4.347686" lat="36.779017"><ele>557.75</ele></trkpt>
   <trkpt lon="-4.347948" lat="36.778844"><ele>555.25</ele></trkpt>
   <trkpt lon="-4.347978" lat="36.778567"><ele>561.5</ele></trkpt>
   <trkpt lon="-4.347975" lat="36.778321"><ele>566.0</ele></trkpt>
   <trkpt lon="-4.348080" lat="36.778174"><ele>568.25</ele></trkpt>
   <trkpt lon="-4.348279" lat="36.778038"><ele>569.25</ele></trkpt>
   <trkpt lon="-4.348294" lat="36.777917"><ele>569.5</ele></trkpt>
   <trkpt lon="-4.348037" lat="36.777498"><ele>576.75</ele></trkpt>
   <trkpt lon="-4.347945" lat="36.777532"><ele>581.0</ele></trkpt>
   <trkpt lon="-4.347988" lat="36.777675"><ele>580.5</ele></trkpt>
   <trkpt lon="-4.347975" lat="36.777855"><ele>580.75</ele></trkpt>
   <trkpt lon="-4.347851" lat="36.777992"><ele>583.25</ele></trkpt>
   <trkpt lon="-4.347684" lat="36.778086"><ele>587.75</ele></trkpt>
   <trkpt lon="-4.347562" lat="36.778216"><ele>590.5</ele></trkpt>
   <trkpt lon="-4.347477" lat="36.778371"><ele>591.5</ele></trkpt>
   <trkpt lon="-4.347375" lat="36.778533"><ele>591.5</ele></trkpt>
   <trkpt lon="-4.347164" lat="36.778652"><ele>595.5</ele></trkpt>
   <trkpt lon="-4.346941" lat="36.778720"><ele>599.75</ele></trkpt>
   <trkpt lon="-4.346778" lat="36.778811"><ele>601.25</ele></trkpt>
   <trkpt lon="-4.346548" lat="36.779355"><ele>597.75</ele></trkpt>
   <trkpt lon="-4.346428" lat="36.779802"><ele>597.75</ele></trkpt>
   <trkpt lon="-4.346292" lat="36.780210"><ele>594.0</ele></trkpt>
   <trkpt lon="-4.346260" lat="36.780289"><ele>593.25</ele></trkpt>
   <trkpt lon="-4.346137" lat="36.780589"><ele>592.5</ele></trkpt>
   <trkpt lon="-4.345877" lat="36.780939"><ele>594.25</ele></trkpt>
   <trkpt lon="-4.345631" lat="36.781317"><ele>600.0</ele></trkpt>
   <trkpt lon="-4.345469" lat="36.781809"><ele>608.5</ele></trkpt>
   <trkpt lon="-4.345033" lat="36.782536"><ele>613.75</ele></trkpt>
   <trkpt lon="-4.344877" lat="36.782773"><ele>616.0</ele></trkpt>
   <trkpt lon="-4.344694" lat="36.783117"><ele>617.5</ele></trkpt>
   <trkpt lon="-4.344696" lat="36.783474"><ele>619.75</ele></trkpt>
   <trkpt lon="-4.344627" lat="36.784060"><ele>627.0</ele></trkpt>
   <trkpt lon="-4.344721" lat="36.784256"><ele>630.5</ele></trkpt>
   <trkpt lon="-4.344958" lat="36.784548"><ele>633.75</ele></trkpt>
   <trkpt lon="-4.345160" lat="36.784722"><ele>638.0</ele></trkpt>
   <trkpt lon="-4.345369" lat="36.784827"><ele>640.75</ele></trkpt>
   <trkpt lon="-4.345699" lat="36.784933"><ele>642.75</ele></trkpt>
   <trkpt lon="-4.345730" lat="36.784990"><ele>644.0</ele></trkpt>
   <trkpt lon="-4.345735" lat="36.785068"><ele>643.5</ele></trkpt>
   <trkpt lon="-4.345667" lat="36.785142"><ele>643.75</ele></trkpt>
   <trkpt lon="-4.344950" lat="36.785531"><ele>650.75</ele></trkpt>
   <trkpt lon="-4.344744" lat="36.785580"><ele>652.0</ele></trkpt>
   <trkpt lon="-4.344460" lat="36.785534"><ele>652.25</ele></trkpt>
   <trkpt lon="-4.344239" lat="36.785521"><ele>653.75</ele></trkpt>
   <trkpt lon="-4.343971" lat="36.785564"><ele>654.5</ele></trkpt>
   <trkpt lon="-4.342744" lat="36.785618"><ele>655.75</ele></trkpt>
   <trkpt lon="-4.342537" lat="36.785670"><ele>656.25</ele></trkpt>
   <trkpt lon="-4.342631" lat="36.785724"><ele>655.75</ele></trkpt>
   <trkpt lon="-4.342790" lat="36.785688"><ele>654.5</ele></trkpt>
   <trkpt lon="-4.342871" lat="36.785676"><ele>654.75</ele></trkpt>
   <trkpt lon="-4.342937" lat="36.785715"><ele>653.5</ele></trkpt>
   <trkpt lon="-4.342889" lat="36.785785"><ele>651.75</ele></trkpt>
   <trkpt lon="-4.342706" lat="36.785924"><ele>650.0</ele></trkpt>
   <trkpt lon="-4.342572" lat="36.786075"><ele>648.5</ele></trkpt>
   <trkpt lon="-4.342520" lat="36.786298"><ele>644.75</ele></trkpt>
   <trkpt lon="-4.342543" lat="36.786563"><ele>638.0</ele></trkpt>
   <trkpt lon="-4.342448" lat="36.786690"><ele>637.75</ele></trkpt>
   <trkpt lon="-4.342280" lat="36.786801"><ele>636.75</ele></trkpt>
   <trkpt lon="-4.342137" lat="36.787030"><ele>630.0</ele></trkpt>
   <trkpt lon="-4.342015" lat="36.787151"><ele>626.5</ele></trkpt>
   <trkpt lon="-4.342016" lat="36.787242"><ele>623.5</ele></trkpt>
   <trkpt lon="-4.342037" lat="36.787440"><ele>618.75</ele></trkpt>
   <trkpt lon="-4.342036" lat="36.787874"><ele>610.25</ele></trkpt>
   <trkpt lon="-4.342116" lat="36.788038"><ele>607.5</ele></trkpt>
   <trkpt lon="-4.342904" lat="36.788396"><ele>592.25</ele></trkpt>
   <trkpt lon="-4.343080" lat="36.788510"><ele>588.75</ele></trkpt>
   <trkpt lon="-4.343346" lat="36.788751"><ele>584.75</ele></trkpt>
   <trkpt lon="-4.343501" lat="36.788845"><ele>582.25</ele></trkpt>
   <trkpt lon="-4.343717" lat="36.788799"><ele>580.25</ele></trkpt>
   <trkpt lon="-4.343820" lat="36.788840"><ele>579.25</ele></trkpt>
   <trkpt lon="-4.344190" lat="36.789047"><ele>572.75</ele></trkpt>
   <trkpt lon="-4.344487" lat="36.789259"><ele>567.5</ele></trkpt>
   <trkpt lon="-4.344666" lat="36.789370"><ele>564.75</ele></trkpt>
   <trkpt lon="-4.344645" lat="36.789458"><ele>566.0</ele></trkpt>
   <trkpt lon="-4.344538" lat="36.789505"><ele>564.5</ele></trkpt>
   <trkpt lon="-4.344112" lat="36.789528"><ele>560.75</ele></trkpt>
   <trkpt lon="-4.343877" lat="36.789397"><ele>562.5</ele></trkpt>
   <trkpt lon="-4.343714" lat="36.789408"><ele>560.75</ele></trkpt>
   <trkpt lon="-4.343040" lat="36.789433"><ele>554.5</ele></trkpt>
   <trkpt lon="-4.343039" lat="36.789500"><ele>552.25</ele></trkpt>
   <trkpt lon="-4.343123" lat="36.789572"><ele>550.0</ele></trkpt>
   <trkpt lon="-4.343256" lat="36.789564"><ele>550.25</ele></trkpt>
   <trkpt lon="-4.343624" lat="36.789608"><ele>547.0</ele></trkpt>
   <trkpt lon="-4.343749" lat="36.789658"><ele>546.25</ele></trkpt>
   <trkpt lon="-4.343839" lat="36.789764"><ele>542.25</ele></trkpt>
   <trkpt lon="-4.343964" lat="36.789869"><ele>538.75</ele></trkpt>
   <trkpt lon="-4.344117" lat="36.789915"><ele>537.25</ele></trkpt>
   <trkpt lon="-4.344350" lat="36.789910"><ele>538.75</ele></trkpt>
   <trkpt lon="-4.344530" lat="36.790039"><ele>533.5</ele></trkpt>
   <trkpt lon="-4.344829" lat="36.790428"><ele>522.75</ele></trkpt>
   <trkpt lon="-4.344965" lat="36.790568"><ele>520.0</ele></trkpt>
   <trkpt lon="-4.345075" lat="36.790625"><ele>516.5</ele></trkpt>
   <trkpt lon="-4.345202" lat="36.790618"><ele>515.0</ele></trkpt>
   <trkpt lon="-4.345322" lat="36.790566"><ele>513.75</ele></trkpt>
   <trkpt lon="-4.345376" lat="36.790621"><ele>510.25</ele></trkpt>
   <trkpt lon="-4.345362" lat="36.790696"><ele>509.0</ele></trkpt>
   <trkpt lon="-4.345290" lat="36.790784"><ele>509.0</ele></trkpt>
   <trkpt lon="-4.345312" lat="36.790874"><ele>505.5</ele></trkpt>
   <trkpt lon="-4.345541" lat="36.790977"><ele>500.25</ele></trkpt>
   <trkpt lon="-4.345685" lat="36.790973"><ele>497.25</ele></trkpt>
   <trkpt lon="-4.346165" lat="36.791324"><ele>490.5</ele></trkpt>
   <trkpt lon="-4.346172" lat="36.791365"><ele>491.0</ele></trkpt>
   <trkpt lon="-4.346068" lat="36.791448"><ele>490.25</ele></trkpt>
   <trkpt lon="-4.345947" lat="36.791485"><ele>489.0</ele></trkpt>
   <trkpt lon="-4.345700" lat="36.791480"><ele>488.25</ele></trkpt>
   <trkpt lon="-4.345457" lat="36.791417"><ele>486.25</ele></trkpt>
   <trkpt lon="-4.345331" lat="36.791340"><ele>486.25</ele></trkpt>
   <trkpt lon="-4.345047" lat="36.791287"><ele>483.25</ele></trkpt>
   <trkpt lon="-4.344943" lat="36.791257"><ele>482.25</ele></trkpt>
   <trkpt lon="-4.344853" lat="36.791193"><ele>481.75</ele></trkpt>
   <trkpt lon="-4.344568" lat="36.791031"><ele>481.5</ele></trkpt>
   <trkpt lon="-4.344464" lat="36.791031"><ele>479.25</ele></trkpt>
   <trkpt lon="-4.344421" lat="36.791087"><ele>475.75</ele></trkpt>
   <trkpt lon="-4.344603" lat="36.791448"><ele>468.75</ele></trkpt>
   <trkpt lon="-4.344876" lat="36.791617"><ele>465.75</ele></trkpt>
   <trkpt lon="-4.345033" lat="36.791660"><ele>465.25</ele></trkpt>
   <trkpt lon="-4.345158" lat="36.791843"><ele>462.25</ele></trkpt>
   <trkpt lon="-4.345172" lat="36.792021"><ele>456.75</ele></trkpt>
   <trkpt lon="-4.345262" lat="36.792132"><ele>455.75</ele></trkpt>
   <trkpt lon="-4.345336" lat="36.792196"><ele>452.5</ele></trkpt>
   <trkpt lon="-4.345237" lat="36.792298"><ele>449.25</ele></trkpt>
   <trkpt lon="-4.345103" lat="36.792271"><ele>447.25</ele></trkpt>
   <trkpt lon="-4.344999" lat="36.792132"><ele>448.0</ele></trkpt>
   <trkpt lon="-4.344763" lat="36.792015"><ele>445.5</ele></trkpt>
   <trkpt lon="-4.344374" lat="36.792127"><ele>440.5</ele></trkpt>
   <trkpt lon="-4.344149" lat="36.792100"><ele>439.5</ele></trkpt>
   <trkpt lon="-4.344069" lat="36.792139"><ele>436.25</ele></trkpt>
   <trkpt lon="-4.344050" lat="36.792221"><ele>433.5</ele></trkpt>
   <trkpt lon="-4.344261" lat="36.792260"><ele>435.0</ele></trkpt>
   <trkpt lon="-4.344441" lat="36.792328"><ele>432.75</ele></trkpt>
   <trkpt lon="-4.344645" lat="36.792338"><ele>432.75</ele></trkpt>
   <trkpt lon="-4.344685" lat="36.792447"><ele>430.5</ele></trkpt>
   <trkpt lon="-4.344688" lat="36.792563"><ele>427.5</ele></trkpt>
   <trkpt lon="-4.344768" lat="36.792723"><ele>424.25</ele></trkpt>
   <trkpt lon="-4.344878" lat="36.792791"><ele>423.5</ele></trkpt>
   <trkpt lon="-4.344813" lat="36.792825"><ele>420.75</ele></trkpt>
   <trkpt lon="-4.344582" lat="36.792763"><ele>420.75</ele></trkpt>
   <trkpt lon="-4.344431" lat="36.792808"><ele>418.25</ele></trkpt>
   <trkpt lon="-4.344249" lat="36.792748"><ele>416.75</ele></trkpt>
   <trkpt lon="-4.344129" lat="36.792748"><ele>415.5</ele></trkpt>
   <trkpt lon="-4.344073" lat="36.792782"><ele>414.75</ele></trkpt>
   <trkpt lon="-4.344081" lat="36.792847"><ele>417.0</ele></trkpt>
   <trkpt lon="-4.344217" lat="36.792919"><ele>417.75</ele></trkpt>
   <trkpt lon="-4.344453" lat="36.793109"><ele>417.25</ele></trkpt>
   <trkpt lon="-4.344689" lat="36.793212"><ele>418.0</ele></trkpt>
   <trkpt lon="-4.344984" lat="36.793386"><ele>419.5</ele></trkpt>
   <trkpt lon="-4.345166" lat="36.793657"><ele>422.0</ele></trkpt>
   <trkpt lon="-4.345187" lat="36.793829"><ele>422.0</ele></trkpt>
   <trkpt lon="-4.345096" lat="36.793949"><ele>424.25</ele></trkpt>
   <trkpt lon="-4.344834" lat="36.794152"><ele>426.25</ele></trkpt>
   <trkpt lon="-4.344584" lat="36.794273"><ele>426.25</ele></trkpt>
   <trkpt lon="-4.344359" lat="36.794304"><ele>426.25</ele></trkpt>
   <trkpt lon="-4.344117" lat="36.794278"><ele>428.5</ele></trkpt>
   <trkpt lon="-4.343778" lat="36.794303"><ele>430.0</ele></trkpt>
   <trkpt lon="-4.343453" lat="36.794457"><ele>427.25</ele></trkpt>
   <trkpt lon="-4.343161" lat="36.794452"><ele>431.5</ele></trkpt>
   <trkpt lon="-4.343124" lat="36.794513"><ele>431.0</ele></trkpt>
   <trkpt lon="-4.343179" lat="36.794602"><ele>428.25</ele></trkpt>
   <trkpt lon="-4.343144" lat="36.794811"><ele>425.0</ele></trkpt>
   <trkpt lon="-4.342988" lat="36.795005"><ele>425.0</ele></trkpt>
   <trkpt lon="-4.342580" lat="36.795172"><ele>426.75</ele></trkpt>
   <trkpt lon="-4.342271" lat="36.795256"><ele>429.0</ele></trkpt>
   <trkpt lon="-4.342271" lat="36.795322"><ele>427.75</ele></trkpt>
   <trkpt lon="-4.342302" lat="36.795428"><ele>427.25</ele></trkpt>
   <trkpt lon="-4.342415" lat="36.795603"><ele>424.25</ele></trkpt>
   <trkpt lon="-4.342531" lat="36.795710"><ele>423.75</ele></trkpt>
   <trkpt lon="-4.342635" lat="36.795754"><ele>424.0</ele></trkpt>
   <trkpt lon="-4.342686" lat="36.795725"><ele>423.5</ele></trkpt>
   <trkpt lon="-4.342693" lat="36.795652"><ele>423.25</ele></trkpt>
   <trkpt lon="-4.342762" lat="36.795513"><ele>422.75</ele></trkpt>
   <trkpt lon="-4.342937" lat="36.795459"><ele>424.5</ele></trkpt>
   <trkpt lon="-4.343263" lat="36.795429"><ele>427.25</ele></trkpt>
   <trkpt lon="-4.343352" lat="36.795434"><ele>428.75</ele></trkpt>
   <trkpt lon="-4.343378" lat="36.795511"><ele>433.25</ele></trkpt>
   <trkpt lon="-4.343213" lat="36.795666"><ele>436.25</ele></trkpt>
   <trkpt lon="-4.343082" lat="36.795768"><ele>437.25</ele></trkpt>
   <trkpt lon="-4.343070" lat="36.795842"><ele>439.0</ele></trkpt>
   <trkpt lon="-4.343153" lat="36.795853"><ele>440.75</ele></trkpt>
   <trkpt lon="-4.343667" lat="36.795629"><ele>447.25</ele></trkpt>
   <trkpt lon="-4.343982" lat="36.795617"><ele>455.5</ele></trkpt>
   <trkpt lon="-4.344377" lat="36.795446"><ele>459.0</ele></trkpt>
   <trkpt lon="-4.344506" lat="36.795438"><ele>460.0</ele></trkpt>
   <trkpt lon="-4.344726" lat="36.795542"><ele>465.25</ele></trkpt>
   <trkpt lon="-4.345031" lat="36.795483"><ele>468.0</ele></trkpt>
   <trkpt lon="-4.345138" lat="36.795501"><ele>471.75</ele></trkpt>
   <trkpt lon="-4.345106" lat="36.795669"><ele>476.75</ele></trkpt>
   <trkpt lon="-4.344973" lat="36.795900"><ele>479.5</ele></trkpt>
   <trkpt lon="-4.344767" lat="36.796110"><ele>483.25</ele></trkpt>
   <trkpt lon="-4.344750" lat="36.796358"><ele>489.5</ele></trkpt>
   <trkpt lon="-4.344561" lat="36.796520"><ele>493.5</ele></trkpt>
   <trkpt lon="-4.344552" lat="36.796682"><ele>496.5</ele></trkpt>
   <trkpt lon="-4.344584" lat="36.796743"><ele>498.5</ele></trkpt>
   <trkpt lon="-4.344463" lat="36.796828"><ele>499.75</ele></trkpt>
   <trkpt lon="-4.344341" lat="36.796868"><ele>500.75</ele></trkpt>
   <trkpt lon="-4.344290" lat="36.796926"><ele>503.25</ele></trkpt>
   <trkpt lon="-4.344289" lat="36.796993"><ele>506.0</ele></trkpt>
   <trkpt lon="-4.344461" lat="36.797053"><ele>508.0</ele></trkpt>
   <trkpt lon="-4.344718" lat="36.797048"><ele>508.5</ele></trkpt>
   <trkpt lon="-4.345062" lat="36.796958"><ele>511.25</ele></trkpt>
   <trkpt lon="-4.345459" lat="36.796949"><ele>516.75</ele></trkpt>
   <trkpt lon="-4.345678" lat="36.796944"><ele>517.75</ele></trkpt>
   <trkpt lon="-4.346051" lat="36.797118"><ele>523.75</ele></trkpt>
   <trkpt lon="-4.346276" lat="36.797394"><ele>532.75</ele></trkpt>
   <trkpt lon="-4.346386" lat="36.797435"><ele>532.0</ele></trkpt>
   <trkpt lon="-4.346549" lat="36.797376"><ele>534.75</ele></trkpt>
   <trkpt lon="-4.346875" lat="36.797139"><ele>536.25</ele></trkpt>
   <trkpt lon="-4.347152" lat="36.797087"><ele>540.75</ele></trkpt>
   <trkpt lon="-4.347397" lat="36.797094"><ele>542.0</ele></trkpt>
   <trkpt lon="-4.347518" lat="36.797201"><ele>546.25</ele></trkpt>
   <trkpt lon="-4.347623" lat="36.797343"><ele>545.75</ele></trkpt>
   <trkpt lon="-4.347542" lat="36.797616"><ele>550.75</ele></trkpt>
   <trkpt lon="-4.347374" lat="36.797805"><ele>554.0</ele></trkpt>
   <trkpt lon="-4.347027" lat="36.798090"><ele>560.5</ele></trkpt>
   <trkpt lon="-4.346493" lat="36.798930"><ele>575.0</ele></trkpt>
   <trkpt lon="-4.346403" lat="36.799275"><ele>582.5</ele></trkpt>
   <trkpt lon="-4.346606" lat="36.799585"><ele>583.25</ele></trkpt>
   <trkpt lon="-4.346651" lat="36.799765"><ele>585.75</ele></trkpt>
   <trkpt lon="-4.346527" lat="36.799956"><ele>587.75</ele></trkpt>
   <trkpt lon="-4.346376" lat="36.800057"><ele>592.5</ele></trkpt>
   <trkpt lon="-4.346220" lat="36.800189"><ele>596.25</ele></trkpt>
   <trkpt lon="-4.346207" lat="36.800294"><ele>594.75</ele></trkpt>
   <trkpt lon="-4.346276" lat="36.800682"><ele>597.5</ele></trkpt>
   <trkpt lon="-4.346427" lat="36.800777"><ele>595.75</ele></trkpt>
   <trkpt lon="-4.346588" lat="36.800879"><ele>595.75</ele></trkpt>
   <trkpt lon="-4.346656" lat="36.800944"><ele>595.25</ele></trkpt>
   <trkpt lon="-4.346670" lat="36.801017"><ele>595.75</ele></trkpt>
   <trkpt lon="-4.346350" lat="36.801124"><ele>602.0</ele></trkpt>
   <trkpt lon="-4.345645" lat="36.801295"><ele>609.75</ele></trkpt>
   <trkpt lon="-4.345355" lat="36.801421"><ele>614.0</ele></trkpt>
   <trkpt lon="-4.345279" lat="36.801504"><ele>615.25</ele></trkpt>
   <trkpt lon="-4.345249" lat="36.801593"><ele>614.75</ele></trkpt>
   <trkpt lon="-4.345175" lat="36.801700"><ele>614.5</ele></trkpt>
   <trkpt lon="-4.344866" lat="36.801899"><ele>617.0</ele></trkpt>
   <trkpt lon="-4.344540" lat="36.802043"><ele>622.25</ele></trkpt>
   <trkpt lon="-4.344416" lat="36.802148"><ele>624.0</ele></trkpt>
   <trkpt lon="-4.344255" lat="36.802502"><ele>627.0</ele></trkpt>
   <trkpt lon="-4.344035" lat="36.802754"><ele>628.5</ele></trkpt>
   <trkpt lon="-4.343693" lat="36.802748"><ele>633.75</ele></trkpt>
   <trkpt lon="-4.343339" lat="36.802916"><ele>635.75</ele></trkpt>
   <trkpt lon="-4.342595" lat="36.803083"><ele>648.25</ele></trkpt>
   <trkpt lon="-4.342374" lat="36.803271"><ele>650.75</ele></trkpt>
   <trkpt lon="-4.342249" lat="36.803310"><ele>654.5</ele></trkpt>
   <trkpt lon="-4.342101" lat="36.803453"><ele>654.25</ele></trkpt>
   <trkpt lon="-4.341643" lat="36.803562"><ele>658.25</ele></trkpt>
   <trkpt lon="-4.341443" lat="36.803618"><ele>661.0</ele></trkpt>
   <trkpt lon="-4.341231" lat="36.803757"><ele>663.25</ele></trkpt>
   <trkpt lon="-4.341053" lat="36.803894"><ele>665.0</ele></trkpt>
   <trkpt lon="-4.340907" lat="36.804368"><ele>668.5</ele></trkpt>
   <trkpt lon="-4.340657" lat="36.804853"><ele>673.25</ele></trkpt>
   <trkpt lon="-4.340231" lat="36.805035"><ele>676.5</ele></trkpt>
   <trkpt lon="-4.340035" lat="36.805065"><ele>677.5</ele></trkpt>
   <trkpt lon="-4.339587" lat="36.805394"><ele>677.5</ele></trkpt>
   <trkpt lon="-4.339372" lat="36.805441"><ele>682.75</ele></trkpt>
   <trkpt lon="-4.339323" lat="36.805520"><ele>681.5</ele></trkpt>
   <trkpt lon="-4.339381" lat="36.805648"><ele>682.0</ele></trkpt>
   <trkpt lon="-4.339636" lat="36.805808"><ele>681.25</ele></trkpt>
   <trkpt lon="-4.339749" lat="36.805909"><ele>679.5</ele></trkpt>
   <trkpt lon="-4.339774" lat="36.806009"><ele>679.5</ele></trkpt>
   <trkpt lon="-4.339599" lat="36.806133"><ele>683.0</ele></trkpt>
   <trkpt lon="-4.339401" lat="36.806213"><ele>684.0</ele></trkpt>
   <trkpt lon="-4.339203" lat="36.806427"><ele>681.5</ele></trkpt>
   <trkpt lon="-4.338897" lat="36.806601"><ele>683.75</ele></trkpt>
   <trkpt lon="-4.338764" lat="36.806751"><ele>683.0</ele></trkpt>
   <trkpt lon="-4.338508" lat="36.806891"><ele>685.5</ele></trkpt>
   <trkpt lon="-4.338513" lat="36.806980"><ele>682.75</ele></trkpt>
   <trkpt lon="-4.338625" lat="36.807192"><ele>682.5</ele></trkpt>
   <trkpt lon="-4.338509" lat="36.807676"><ele>683.25</ele></trkpt>
   <trkpt lon="-4.338429" lat="36.807775"><ele>685.0</ele></trkpt>
   <trkpt lon="-4.338289" lat="36.807841"><ele>690.0</ele></trkpt>
   <trkpt lon="-4.338263" lat="36.807948"><ele>689.25</ele></trkpt>
   <trkpt lon="-4.338309" lat="36.808177"><ele>686.5</ele></trkpt>
   <trkpt lon="-4.338261" lat="36.808347"><ele>689.0</ele></trkpt>
   <trkpt lon="-4.338275" lat="36.808434"><ele>693.5</ele></trkpt>
   <trkpt lon="-4.338395" lat="36.808422"><ele>693.25</ele></trkpt>
   <trkpt lon="-4.338547" lat="36.808356"><ele>692.5</ele></trkpt>
   <trkpt lon="-4.338710" lat="36.808272"><ele>690.25</ele></trkpt>
   <trkpt lon="-4.338829" lat="36.808277"><ele>691.0</ele></trkpt>
   <trkpt lon="-4.339094" lat="36.808421"><ele>696.0</ele></trkpt>
   <trkpt lon="-4.339367" lat="36.808531"><ele>698.5</ele></trkpt>
   <trkpt lon="-4.339569" lat="36.808802"><ele>698.75</ele></trkpt>
   <trkpt lon="-4.339369" lat="36.808926"><ele>705.0</ele></trkpt>
   <trkpt lon="-4.339392" lat="36.809006"><ele>706.75</ele></trkpt>
   <trkpt lon="-4.339644" lat="36.809112"><ele>704.25</ele></trkpt>
   <trkpt lon="-4.339817" lat="36.809516"><ele>710.25</ele></trkpt>
   <trkpt lon="-4.339664" lat="36.809745"><ele>715.75</ele></trkpt>
   <trkpt lon="-4.339589" lat="36.809772"><ele>717.25</ele></trkpt>
   <trkpt lon="-4.339472" lat="36.809598"><ele>721.25</ele></trkpt>
   <trkpt lon="-4.339399" lat="36.809551"><ele>722.25</ele></trkpt>
   <trkpt lon="-4.339314" lat="36.809533"><ele>722.75</ele></trkpt>
   <trkpt lon="-4.338497" lat="36.809700"><ele>736.5</ele></trkpt>
   <trkpt lon="-4.338387" lat="36.809679"><ele>737.5</ele></trkpt>
   <trkpt lon="-4.338403" lat="36.809513"><ele>736.75</ele></trkpt>
   <trkpt lon="-4.338364" lat="36.809427"><ele>736.75</ele></trkpt>
   <trkpt lon="-4.337508" lat="36.809464"><ele>748.0</ele></trkpt>
   <trkpt lon="-4.337537" lat="36.809539"><ele>752.25</ele></trkpt>
   <trkpt lon="-4.337774" lat="36.809568"><ele>751.0</ele></trkpt>
   <trkpt lon="-4.337894" lat="36.809640"><ele>752.0</ele></trkpt>
   <trkpt lon="-4.337982" lat="36.809794"><ele>754.75</ele></trkpt>
   <trkpt lon="-4.337947" lat="36.810023"><ele>761.0</ele></trkpt>
   <trkpt lon="-4.337994" lat="36.810102"><ele>762.5</ele></trkpt>
   <trkpt lon="-4.338197" lat="36.810117"><ele>759.25</ele></trkpt>
   <trkpt lon="-4.338270" lat="36.810190"><ele>760.5</ele></trkpt>
   <trkpt lon="-4.338286" lat="36.810312"><ele>763.0</ele></trkpt>
   <trkpt lon="-4.338274" lat="36.810422"><ele>763.5</ele></trkpt>
   <trkpt lon="-4.338198" lat="36.810572"><ele>766.5</ele></trkpt>
   <trkpt lon="-4.338019" lat="36.810833"><ele>771.75</ele></trkpt>
   <trkpt lon="-4.337896" lat="36.811155"><ele>778.0</ele></trkpt>
   <trkpt lon="-4.337817" lat="36.811818"><ele>787.25</ele></trkpt>
   <trkpt lon="-4.338007" lat="36.812072"><ele>785.25</ele></trkpt>
   <trkpt lon="-4.337912" lat="36.812306"><ele>793.75</ele></trkpt>
   <trkpt lon="-4.337972" lat="36.812461"><ele>794.0</ele></trkpt>
   <trkpt lon="-4.338743" lat="36.812826"><ele>795.0</ele></trkpt>
   <trkpt lon="-4.338921" lat="36.812898"><ele>795.75</ele></trkpt>
   <trkpt lon="-4.339266" lat="36.813123"><ele>800.75</ele></trkpt>
   <trkpt lon="-4.339282" lat="36.813172"><ele>801.5</ele></trkpt>
   <trkpt lon="-4.339310" lat="36.813255"><ele>802.5</ele></trkpt>
   <trkpt lon="-4.339263" lat="36.813388"><ele>806.0</ele></trkpt>
   <trkpt lon="-4.339327" lat="36.813677"><ele>810.5</ele></trkpt>
   <trkpt lon="-4.339307" lat="36.813857"><ele>814.75</ele></trkpt>
   <trkpt lon="-4.339526" lat="36.814147"><ele>818.5</ele></trkpt>
   <trkpt lon="-4.339577" lat="36.814327"><ele>823.5</ele></trkpt>
   <trkpt lon="-4.339745" lat="36.814474"><ele>825.5</ele></trkpt>
   <trkpt lon="-4.339796" lat="36.814614"><ele>828.5</ele></trkpt>
   <trkpt lon="-4.339875" lat="36.814738"><ele>831.0</ele></trkpt>
   <trkpt lon="-4.339972" lat="36.814794"><ele>832.5</ele></trkpt>
   <trkpt lon="-4.340375" lat="36.814833"><ele>832.25</ele></trkpt>
   <trkpt lon="-4.340521" lat="36.814902"><ele>834.0</ele></trkpt>
   <trkpt lon="-4.340694" lat="36.815052"><ele>837.75</ele></trkpt>
   <trkpt lon="-4.342507" lat="36.814999"><ele>825.75</ele></trkpt>
   <trkpt lon="-4.343102" lat="36.815078"><ele>820.5</ele></trkpt>
   <trkpt lon="-4.343310" lat="36.815083"><ele>819.5</ele></trkpt>
   <trkpt lon="-4.344388" lat="36.815113"><ele>821.5</ele></trkpt>
   <trkpt lon="-4.344604" lat="36.815038"><ele>821.75</ele></trkpt>
   <trkpt lon="-4.344925" lat="36.814874"><ele>821.25</ele></trkpt>
   <trkpt lon="-4.345562" lat="36.814676"><ele>823.5</ele></trkpt>
   <trkpt lon="-4.345695" lat="36.814647"><ele>823.25</ele></trkpt>
   <trkpt lon="-4.346045" lat="36.814602"><ele>824.25</ele></trkpt>
   <trkpt lon="-4.346768" lat="36.814644"><ele>831.5</ele></trkpt>
   <trkpt lon="-4.346951" lat="36.814605"><ele>832.25</ele></trkpt>
   <trkpt lon="-4.347343" lat="36.814417"><ele>833.25</ele></trkpt>
   <trkpt lon="-4.347506" lat="36.814394"><ele>834.75</ele></trkpt>
   <trkpt lon="-4.348020" lat="36.814449"><ele>838.25</ele></trkpt>
   <trkpt lon="-4.348411" lat="36.814628"><ele>841.0</ele></trkpt>
   <trkpt lon="-4.348897" lat="36.814729"><ele>844.0</ele></trkpt>
   <trkpt lon="-4.349038" lat="36.814775"><ele>845.0</ele></trkpt>
   <trkpt lon="-4.349508" lat="36.814917"><ele>847.0</ele></trkpt>
   <trkpt lon="-4.349723" lat="36.815008"><ele>849.5</ele></trkpt>
   <trkpt lon="-4.349953" lat="36.815155"><ele>853.0</ele></trkpt>
   <trkpt lon="-4.350047" lat="36.815270"><ele>854.0</ele></trkpt>
   <trkpt lon="-4.350117" lat="36.815515"><ele>855.5</ele></trkpt>
   <trkpt lon="-4.350219" lat="36.815741"><ele>856.5</ele></trkpt>
   <trkpt lon="-4.350361" lat="36.815865"><ele>858.25</ele></trkpt>
   <trkpt lon="-4.350566" lat="36.815961"><ele>860.0</ele></trkpt>
   <trkpt lon="-4.350889" lat="36.816011"><ele>862.75</ele></trkpt>
   <trkpt lon="-4.351205" lat="36.816003"><ele>864.25</ele></trkpt>
   <trkpt lon="-4.351523" lat="36.815920"><ele>868.75</ele></trkpt>
   <trkpt lon="-4.351677" lat="36.815940"><ele>868.0</ele></trkpt>
   <trkpt lon="-4.351797" lat="36.816003"><ele>869.75</ele></trkpt>
   <trkpt lon="-4.352089" lat="36.816256"><ele>874.0</ele></trkpt>
   <trkpt lon="-4.352122" lat="36.816372"><ele>873.0</ele></trkpt>
   <trkpt lon="-4.352076" lat="36.816534"><ele>873.0</ele></trkpt>
   <trkpt lon="-4.352056" lat="36.816683"><ele>873.75</ele></trkpt>
   <trkpt lon="-4.352094" lat="36.816844"><ele>873.0</ele></trkpt>
   <trkpt lon="-4.352163" lat="36.816940"><ele>874.5</ele></trkpt>
   <trkpt lon="-4.352343" lat="36.817108"><ele>879.5</ele></trkpt>
   <trkpt lon="-4.352350" lat="36.817237"><ele>878.0</ele></trkpt>
   <trkpt lon="-4.352068" lat="36.817492"><ele>877.5</ele></trkpt>
   <trkpt lon="-4.351849" lat="36.817785"><ele>879.25</ele></trkpt>
   <trkpt lon="-4.351697" lat="36.817912"><ele>877.75</ele></trkpt>
   <trkpt lon="-4.351686" lat="36.818021"><ele>879.75</ele></trkpt>
   <trkpt lon="-4.351757" lat="36.818114"><ele>880.25</ele></trkpt>
   <trkpt lon="-4.351997" lat="36.818245"><ele>882.0</ele></trkpt>
   <trkpt lon="-4.352451" lat="36.818369"><ele>886.0</ele></trkpt>
   <trkpt lon="-4.352740" lat="36.818500"><ele>888.0</ele></trkpt>
   <trkpt lon="-4.353107" lat="36.818745"><ele>891.75</ele></trkpt>
   <trkpt lon="-4.353179" lat="36.818843"><ele>892.75</ele></trkpt>
   <trkpt lon="-4.353254" lat="36.819291"><ele>895.75</ele></trkpt>
   <trkpt lon="-4.353230" lat="36.819476"><ele>897.5</ele></trkpt>
   <trkpt lon="-4.353152" lat="36.819646"><ele>897.75</ele></trkpt>
   <trkpt lon="-4.353007" lat="36.819910"><ele>899.0</ele></trkpt>
   <trkpt lon="-4.352999" lat="36.820014"><ele>900.75</ele></trkpt>
   <trkpt lon="-4.353041" lat="36.820170"><ele>900.5</ele></trkpt>
   <trkpt lon="-4.353224" lat="36.820333"><ele>903.0</ele></trkpt>
   <trkpt lon="-4.353341" lat="36.820396"><ele>905.25</ele></trkpt>
   <trkpt lon="-4.353455" lat="36.820398"><ele>903.5</ele></trkpt>
   <trkpt lon="-4.353462" lat="36.820131"><ele>903.25</ele></trkpt>
   <trkpt lon="-4.353502" lat="36.819912"><ele>903.0</ele></trkpt>
   <trkpt lon="-4.353641" lat="36.819388"><ele>903.25</ele></trkpt>
   <trkpt lon="-4.353705" lat="36.819281"><ele>902.75</ele></trkpt>
   <trkpt lon="-4.354244" lat="36.818801"><ele>904.75</ele></trkpt>
   <trkpt lon="-4.354287" lat="36.818706"><ele>906.0</ele></trkpt>
   <trkpt lon="-4.354303" lat="36.818606"><ele>908.0</ele></trkpt>
   <trkpt lon="-4.354273" lat="36.818419"><ele>906.75</ele></trkpt>
   <trkpt lon="-4.354260" lat="36.818280"><ele>907.5</ele></trkpt>
   <trkpt lon="-4.354290" lat="36.818150"><ele>908.5</ele></trkpt>
   <trkpt lon="-4.354353" lat="36.818066"><ele>908.0</ele></trkpt>
   <trkpt lon="-4.354692" lat="36.817762"><ele>908.25</ele></trkpt>
   <trkpt lon="-4.354998" lat="36.817384"><ele>907.75</ele></trkpt>
   <trkpt lon="-4.355196" lat="36.817223"><ele>908.5</ele></trkpt>
   <trkpt lon="-4.355922" lat="36.817047"><ele>908.5</ele></trkpt>
   <trkpt lon="-4.356294" lat="36.816994"><ele>906.5</ele></trkpt>
   <trkpt lon="-4.356564" lat="36.816989"><ele>905.75</ele></trkpt>
   <trkpt lon="-4.357003" lat="36.817069"><ele>905.0</ele></trkpt>
   <trkpt lon="-4.357285" lat="36.817108"><ele>905.25</ele></trkpt>
   <trkpt lon="-4.357535" lat="36.817064"><ele>904.25</ele></trkpt>
   <trkpt lon="-4.357960" lat="36.816897"><ele>900.25</ele></trkpt>
   <trkpt lon="-4.358159" lat="36.816831"><ele>898.75</ele></trkpt>
   <trkpt lon="-4.358498" lat="36.816838"><ele>897.5</ele></trkpt>
   <trkpt lon="-4.359151" lat="36.817017"><ele>900.75</ele></trkpt>
   <trkpt lon="-4.360063" lat="36.817162"><ele>905.0</ele></trkpt>
   <trkpt lon="-4.360286" lat="36.817160"><ele>905.75</ele></trkpt>
   <trkpt lon="-4.361024" lat="36.816922"><ele>904.0</ele></trkpt>
   <trkpt lon="-4.362385" lat="36.816549"><ele>899.75</ele></trkpt>
   <trkpt lon="-4.362714" lat="36.816467"><ele>900.25</ele></trkpt>
   <trkpt lon="-4.363134" lat="36.816361"><ele>903.5</ele></trkpt>
   <trkpt lon="-4.363399" lat="36.816271"><ele>905.0</ele></trkpt>
   <trkpt lon="-4.363688" lat="36.816103"><ele>908.25</ele></trkpt>
   <trkpt lon="-4.364566" lat="36.815573"><ele>912.75</ele></trkpt>
   <trkpt lon="-4.365058" lat="36.815144"><ele>915.25</ele></trkpt>
   <trkpt lon="-4.365442" lat="36.814830"><ele>917.75</ele></trkpt>
   <trkpt lon="-4.365811" lat="36.814571"><ele>921.25</ele></trkpt>
   <trkpt lon="-4.366606" lat="36.814196"><ele>923.5</ele></trkpt>
   <trkpt lon="-4.366682" lat="36.814074"><ele>923.5</ele></trkpt>
   <trkpt lon="-4.366867" lat="36.813677"><ele>924.5</ele></trkpt>
   <trkpt lon="-4.367341" lat="36.813152"><ele>926.0</ele></trkpt>
   <trkpt lon="-4.367542" lat="36.812879"><ele>927.5</ele></trkpt>
   <trkpt lon="-4.367703" lat="36.812729"><ele>928.25</ele></trkpt>
   <trkpt lon="-4.367903" lat="36.812596"><ele>928.5</ele></trkpt>
   <trkpt lon="-4.368729" lat="36.812269"><ele>931.25</ele></trkpt>
   <trkpt lon="-4.368828" lat="36.812193"><ele>931.25</ele></trkpt>
   <trkpt lon="-4.368893" lat="36.812130"><ele>932.0</ele></trkpt>
   <trkpt lon="-4.368938" lat="36.812048"><ele>932.25</ele></trkpt>
   <trkpt lon="-4.369032" lat="36.811612"><ele>929.25</ele></trkpt>
   <trkpt lon="-4.369109" lat="36.811511"><ele>930.0</ele></trkpt>
   <trkpt lon="-4.369192" lat="36.811448"><ele>930.25</ele></trkpt>
   <trkpt lon="-4.369302" lat="36.811412"><ele>929.5</ele></trkpt>
   <trkpt lon="-4.369790" lat="36.811384"><ele>928.5</ele></trkpt>
   <trkpt lon="-4.370082" lat="36.811401"><ele>927.75</ele></trkpt>
   <trkpt lon="-4.370263" lat="36.811446"><ele>927.75</ele></trkpt>
   <trkpt lon="-4.370584" lat="36.811598"><ele>925.0</ele></trkpt>
   <trkpt lon="-4.370689" lat="36.811607"><ele>925.25</ele></trkpt>
   <trkpt lon="-4.370785" lat="36.811587"><ele>924.75</ele></trkpt>
   <trkpt lon="-4.370887" lat="36.811541"><ele>925.0</ele></trkpt>
   <trkpt lon="-4.371081" lat="36.811418"><ele>926.0</ele></trkpt>
   <trkpt lon="-4.371235" lat="36.811377"><ele>925.5</ele></trkpt>
   <trkpt lon="-4.371409" lat="36.811390"><ele>925.75</ele></trkpt>
   <trkpt lon="-4.371524" lat="36.811451"><ele>925.5</ele></trkpt>
   <trkpt lon="-4.371639" lat="36.811586"><ele>925.0</ele></trkpt>
   <trkpt lon="-4.371699" lat="36.811843"><ele>923.5</ele></trkpt>
   <trkpt lon="-4.371726" lat="36.812350"><ele>924.0</ele></trkpt>
   <trkpt lon="-4.371858" lat="36.812778"><ele>925.25</ele></trkpt>
   <trkpt lon="-4.371959" lat="36.812941"><ele>923.75</ele></trkpt>
   <trkpt lon="-4.372102" lat="36.813027"><ele>922.25</ele></trkpt>
   <trkpt lon="-4.372255" lat="36.813050"><ele>920.75</ele></trkpt>
   <trkpt lon="-4.372414" lat="36.813031"><ele>919.75</ele></trkpt>
   <trkpt lon="-4.373308" lat="36.812495"><ele>909.5</ele></trkpt>
   <trkpt lon="-4.374941" lat="36.811758"><ele>893.25</ele></trkpt>
   <trkpt lon="-4.375189" lat="36.811646"><ele>892.25</ele></trkpt>
   <trkpt lon="-4.375446" lat="36.811482"><ele>890.0</ele></trkpt>
   <trkpt lon="-4.375845" lat="36.811168"><ele>884.75</ele></trkpt>
   <trkpt lon="-4.375988" lat="36.810989"><ele>883.25</ele></trkpt>
   <trkpt lon="-4.376033" lat="36.810697"><ele>882.75</ele></trkpt>
   <trkpt lon="-4.376086" lat="36.810448"><ele>881.5</ele></trkpt>
   <trkpt lon="-4.376212" lat="36.810292"><ele>878.5</ele></trkpt>
   <trkpt lon="-4.376497" lat="36.810016"><ele>874.5</ele></trkpt>
   <trkpt lon="-4.376654" lat="36.809794"><ele>872.5</ele></trkpt>
   <trkpt lon="-4.376819" lat="36.809495"><ele>869.75</ele></trkpt>
   <trkpt lon="-4.376876" lat="36.809163"><ele>868.25</ele></trkpt>
   <trkpt lon="-4.376962" lat="36.808947"><ele>866.0</ele></trkpt>
   <trkpt lon="-4.377366" lat="36.808541"><ele>862.25</ele></trkpt>
   <trkpt lon="-4.377397" lat="36.808417"><ele>861.25</ele></trkpt>
   <trkpt lon="-4.377366" lat="36.808113"><ele>861.0</ele></trkpt>
   <trkpt lon="-4.377450" lat="36.807966"><ele>859.5</ele></trkpt>
   <trkpt lon="-4.377609" lat="36.807825"><ele>856.75</ele></trkpt>
   <trkpt lon="-4.377670" lat="36.807739"><ele>855.75</ele></trkpt>
   <trkpt lon="-4.377681" lat="36.807340"><ele>854.75</ele></trkpt>
   <trkpt lon="-4.377706" lat="36.807240"><ele>852.75</ele></trkpt>
   <trkpt lon="-4.377932" lat="36.807008"><ele>849.0</ele></trkpt>
   <trkpt lon="-4.378090" lat="36.806724"><ele>845.25</ele></trkpt>
   <trkpt lon="-4.378236" lat="36.806581"><ele>843.75</ele></trkpt>
   <trkpt lon="-4.378519" lat="36.806334"><ele>839.75</ele></trkpt>
   <trkpt lon="-4.379109" lat="36.805928"><ele>832.25</ele></trkpt>
   <trkpt lon="-4.379733" lat="36.805521"><ele>827.75</ele></trkpt>
   <trkpt lon="-4.379858" lat="36.805391"><ele>824.75</ele></trkpt>
   <trkpt lon="-4.379915" lat="36.805270"><ele>823.25</ele></trkpt>
   <trkpt lon="-4.379936" lat="36.805142"><ele>821.75</ele></trkpt>
   <trkpt lon="-4.379853" lat="36.804950"><ele>821.25</ele></trkpt>
   <trkpt lon="-4.379418" lat="36.804379"><ele>815.0</ele></trkpt>
   <trkpt lon="-4.379340" lat="36.804123"><ele>813.0</ele></trkpt>
   <trkpt lon="-4.379370" lat="36.803904"><ele>810.0</ele></trkpt>
   <trkpt lon="-4.379423" lat="36.803601"><ele>806.5</ele></trkpt>
   <trkpt lon="-4.379401" lat="36.803387"><ele>804.5</ele></trkpt>
   <trkpt lon="-4.379309" lat="36.803095"><ele>801.0</ele></trkpt>
   <trkpt lon="-4.379120" lat="36.802876"><ele>800.0</ele></trkpt>
   <trkpt lon="-4.378973" lat="36.802672"><ele>798.5</ele></trkpt>
   <trkpt lon="-4.378857" lat="36.802424"><ele>795.5</ele></trkpt>
   <trkpt lon="-4.378662" lat="36.802221"><ele>793.5</ele></trkpt>
   <trkpt lon="-4.378630" lat="36.802054"><ele>792.0</ele></trkpt>
   <trkpt lon="-4.378750" lat="36.801878"><ele>787.0</ele></trkpt>
   <trkpt lon="-4.378951" lat="36.801709"><ele>786.25</ele></trkpt>
   <trkpt lon="-4.379577" lat="36.801342"><ele>783.75</ele></trkpt>
   <trkpt lon="-4.379667" lat="36.801252"><ele>783.25</ele></trkpt>
   <trkpt lon="-4.380016" lat="36.800775"><ele>780.75</ele></trkpt>
   <trkpt lon="-4.380205" lat="36.800584"><ele>779.25</ele></trkpt>
   <trkpt lon="-4.380488" lat="36.800212"><ele>777.75</ele></trkpt>
   <trkpt lon="-4.380591" lat="36.800097"><ele>778.0</ele></trkpt>
   <trkpt lon="-4.380794" lat="36.800010"><ele>775.5</ele></trkpt>
   <trkpt lon="-4.381146" lat="36.799926"><ele>774.5</ele></trkpt>
   <trkpt lon="-4.381625" lat="36.799925"><ele>771.5</ele></trkpt>
   <trkpt lon="-4.381969" lat="36.799901"><ele>769.75</ele></trkpt>
   <trkpt lon="-4.382171" lat="36.799835"><ele>768.25</ele></trkpt>
   <trkpt lon="-4.382249" lat="36.799777"><ele>768.5</ele></trkpt>
   <trkpt lon="-4.382286" lat="36.799725"><ele>769.25</ele></trkpt>
   <trkpt lon="-4.382224" lat="36.799645"><ele>766.75</ele></trkpt>
   <trkpt lon="-4.382120" lat="36.799614"><ele>766.0</ele></trkpt>
   <trkpt lon="-4.381794" lat="36.799562"><ele>766.0</ele></trkpt>
   <trkpt lon="-4.380930" lat="36.799213"><ele>762.5</ele></trkpt>
   <trkpt lon="-4.380693" lat="36.799066"><ele>763.0</ele></trkpt>
   <trkpt lon="-4.380612" lat="36.798763"><ele>758.0</ele></trkpt>
   <trkpt lon="-4.380466" lat="36.798445"><ele>758.25</ele></trkpt>
   <trkpt lon="-4.380497" lat="36.798283"><ele>755.5</ele></trkpt>
   <trkpt lon="-4.380704" lat="36.797991"><ele>750.0</ele></trkpt>
   <trkpt lon="-4.380668" lat="36.797800"><ele>749.5</ele></trkpt>
   <trkpt lon="-4.380355" lat="36.797398"><ele>749.25</ele></trkpt>
   <trkpt lon="-4.380346" lat="36.797310"><ele>747.5</ele></trkpt>
   <trkpt lon="-4.380378" lat="36.797207"><ele>744.75</ele></trkpt>
   <trkpt lon="-4.380464" lat="36.797117"><ele>744.75</ele></trkpt>
   <trkpt lon="-4.380668" lat="36.797001"><ele>740.75</ele></trkpt>
   <trkpt lon="-4.380848" lat="36.796847"><ele>737.0</ele></trkpt>
   <trkpt lon="-4.380916" lat="36.796679"><ele>735.5</ele></trkpt>
   <trkpt lon="-4.380994" lat="36.795955"><ele>730.5</ele></trkpt>
   <trkpt lon="-4.381267" lat="36.795554"><ele>725.5</ele></trkpt>
   <trkpt lon="-4.381376" lat="36.795194"><ele>721.5</ele></trkpt>
   <trkpt lon="-4.381403" lat="36.795103"><ele>721.0</ele></trkpt>
   <trkpt lon="-4.381827" lat="36.794429"><ele>716.75</ele></trkpt>
   <trkpt lon="-4.381845" lat="36.794104"><ele>715.0</ele></trkpt>
   <trkpt lon="-4.381887" lat="36.793721"><ele>711.75</ele></trkpt>
   <trkpt lon="-4.381934" lat="36.793619"><ele>711.75</ele></trkpt>
   <trkpt lon="-4.382020" lat="36.793509"><ele>709.75</ele></trkpt>
   <trkpt lon="-4.382165" lat="36.793357"><ele>709.5</ele></trkpt>
   <trkpt lon="-4.382394" lat="36.793214"><ele>709.0</ele></trkpt>
   <trkpt lon="-4.382510" lat="36.793071"><ele>709.25</ele></trkpt>
   <trkpt lon="-4.382558" lat="36.792868"><ele>707.25</ele></trkpt>
   <trkpt lon="-4.382582" lat="36.792646"><ele>706.5</ele></trkpt>
   <trkpt lon="-4.382614" lat="36.792526"><ele>705.75</ele></trkpt>
   <trkpt lon="-4.383023" lat="36.792029"><ele>700.75</ele></trkpt>
   <trkpt lon="-4.383041" lat="36.791886"><ele>700.0</ele></trkpt>
   <trkpt lon="-4.382974" lat="36.791752"><ele>699.0</ele></trkpt>
   <trkpt lon="-4.382703" lat="36.791518"><ele>698.0</ele></trkpt>
   <trkpt lon="-4.382562" lat="36.791345"><ele>696.75</ele></trkpt>
   <trkpt lon="-4.382507" lat="36.791251"><ele>698.0</ele></trkpt>
   <trkpt lon="-4.382496" lat="36.791131"><ele>697.25</ele></trkpt>
   <trkpt lon="-4.382526" lat="36.791015"><ele>696.25</ele></trkpt>
   <trkpt lon="-4.382705" lat="36.790605"><ele>695.75</ele></trkpt>
   <trkpt lon="-4.382777" lat="36.790411"><ele>692.5</ele></trkpt>
   <trkpt lon="-4.382700" lat="36.790047"><ele>693.0</ele></trkpt>
   <trkpt lon="-4.382696" lat="36.789898"><ele>693.75</ele></trkpt>
   <trkpt lon="-4.382722" lat="36.789782"><ele>693.75</ele></trkpt>
   <trkpt lon="-4.382766" lat="36.789676"><ele>693.75</ele></trkpt>
   <trkpt lon="-4.382831" lat="36.789565"><ele>694.25</ele></trkpt>
   <trkpt lon="-4.382957" lat="36.789485"><ele>693.0</ele></trkpt>
   <trkpt lon="-4.383205" lat="36.789302"><ele>693.0</ele></trkpt>
   <trkpt lon="-4.383328" lat="36.789093"><ele>692.25</ele></trkpt>
   <trkpt lon="-4.383322" lat="36.788871"><ele>692.75</ele></trkpt>
   <trkpt lon="-4.383401" lat="36.788619"><ele>690.5</ele></trkpt>
   <trkpt lon="-4.383572" lat="36.788329"><ele>691.0</ele></trkpt>
   <trkpt lon="-4.383724" lat="36.788145"><ele>691.0</ele></trkpt>
   <trkpt lon="-4.383783" lat="36.788026"><ele>691.5</ele></trkpt>
   <trkpt lon="-4.383783" lat="36.787917"><ele>689.75</ele></trkpt>
   <trkpt lon="-4.383692" lat="36.787775"><ele>690.25</ele></trkpt>
   <trkpt lon="-4.383583" lat="36.787641"><ele>688.5</ele></trkpt>
   <trkpt lon="-4.383305" lat="36.787395"><ele>687.0</ele></trkpt>
   <trkpt lon="-4.383217" lat="36.787287"><ele>687.0</ele></trkpt>
   <trkpt lon="-4.383161" lat="36.787113"><ele>686.0</ele></trkpt>
   <trkpt lon="-4.383090" lat="36.786657"><ele>683.0</ele></trkpt>
   <trkpt lon="-4.382935" lat="36.786278"><ele>682.75</ele></trkpt>
   <trkpt lon="-4.382887" lat="36.786211"><ele>682.25</ele></trkpt>
   <trkpt lon="-4.382742" lat="36.786138"><ele>682.5</ele></trkpt>
   <trkpt lon="-4.382457" lat="36.786077"><ele>681.0</ele></trkpt>
   <trkpt lon="-4.382015" lat="36.786032"><ele>683.25</ele></trkpt>
   <trkpt lon="-4.381836" lat="36.785993"><ele>684.75</ele></trkpt>
   <trkpt lon="-4.381621" lat="36.785897"><ele>685.0</ele></trkpt>
   <trkpt lon="-4.381423" lat="36.785771"><ele>683.5</ele></trkpt>
   <trkpt lon="-4.381309" lat="36.785558"><ele>684.25</ele></trkpt>
   <trkpt lon="-4.381299" lat="36.785265"><ele>683.5</ele></trkpt>
   <trkpt lon="-4.381464" lat="36.784856"><ele>677.25</ele></trkpt>
   <trkpt lon="-4.381484" lat="36.784612"><ele>675.75</ele></trkpt>
   <trkpt lon="-4.381469" lat="36.784319"><ele>675.75</ele></trkpt>
   <trkpt lon="-4.381493" lat="36.784266"><ele>675.25</ele></trkpt>
   <trkpt lon="-4.381631" lat="36.784024"><ele>671.25</ele></trkpt>
   <trkpt lon="-4.381649" lat="36.783961"><ele>671.0</ele></trkpt>
   <trkpt lon="-4.381646" lat="36.783879"><ele>671.5</ele></trkpt>
   <trkpt lon="-4.381636" lat="36.783823"><ele>669.5</ele></trkpt>
   <trkpt lon="-4.381572" lat="36.783775"><ele>670.0</ele></trkpt>
   <trkpt lon="-4.381496" lat="36.783729"><ele>670.5</ele></trkpt>
   <trkpt lon="-4.380938" lat="36.783568"><ele>672.75</ele></trkpt>
   <trkpt lon="-4.380816" lat="36.783495"><ele>673.75</ele></trkpt>
   <trkpt lon="-4.380734" lat="36.783419"><ele>673.75</ele></trkpt>
   <trkpt lon="-4.380704" lat="36.783364"><ele>672.75</ele></trkpt>
   <trkpt lon="-4.380702" lat="36.783309"><ele>672.25</ele></trkpt>
   <trkpt lon="-4.380729" lat="36.783241"><ele>672.5</ele></trkpt>
   <trkpt lon="-4.380874" lat="36.783001"><ele>668.75</ele></trkpt>
   <trkpt lon="-4.380877" lat="36.782930"><ele>668.25</ele></trkpt>
   <trkpt lon="-4.380863" lat="36.782876"><ele>668.25</ele></trkpt>
   <trkpt lon="-4.380834" lat="36.782837"><ele>669.25</ele></trkpt>
   <trkpt lon="-4.380730" lat="36.782739"><ele>670.5</ele></trkpt>
   <trkpt lon="-4.380489" lat="36.782559"><ele>670.5</ele></trkpt>
   <trkpt lon="-4.380316" lat="36.782440"><ele>672.0</ele></trkpt>
   <trkpt lon="-4.380254" lat="36.782365"><ele>673.25</ele></trkpt>
   <trkpt lon="-4.380230" lat="36.782283"><ele>673.0</ele></trkpt>
   <trkpt lon="-4.380246" lat="36.782201"><ele>671.25</ele></trkpt>
   <trkpt lon="-4.380274" lat="36.782112"><ele>671.0</ele></trkpt>
   <trkpt lon="-4.380354" lat="36.781939"><ele>670.25</ele></trkpt>
   <trkpt lon="-4.380396" lat="36.781813"><ele>670.0</ele></trkpt>
   <trkpt lon="-4.380404" lat="36.781752"><ele>670.5</ele></trkpt>
   <trkpt lon="-4.380402" lat="36.781692"><ele>671.5</ele></trkpt>
   <trkpt lon="-4.380362" lat="36.781641"><ele>671.75</ele></trkpt>
   <trkpt lon="-4.380315" lat="36.781601"><ele>671.5</ele></trkpt>
   <trkpt lon="-4.380171" lat="36.781447"><ele>671.25</ele></trkpt>
   <trkpt lon="-4.380152" lat="36.781372"><ele>670.0</ele></trkpt>
   <trkpt lon="-4.380152" lat="36.781273"><ele>671.25</ele></trkpt>
   <trkpt lon="-4.380214" lat="36.781168"><ele>669.0</ele></trkpt>
   <trkpt lon="-4.380346" lat="36.780950"><ele>665.25</ele></trkpt>
   <trkpt lon="-4.380516" lat="36.780698"><ele>662.25</ele></trkpt>
   <trkpt lon="-4.380546" lat="36.780591"><ele>662.75</ele></trkpt>
   <trkpt lon="-4.380549" lat="36.780490"><ele>661.5</ele></trkpt>
   <trkpt lon="-4.380531" lat="36.780421"><ele>660.5</ele></trkpt>
   <trkpt lon="-4.380478" lat="36.780352"><ele>660.75</ele></trkpt>
   <trkpt lon="-4.380358" lat="36.780228"><ele>660.25</ele></trkpt>
   <trkpt lon="-4.380207" lat="36.780033"><ele>660.75</ele></trkpt>
   <trkpt lon="-4.380186" lat="36.779957"><ele>660.0</ele></trkpt>
   <trkpt lon="-4.380165" lat="36.779769"><ele>657.75</ele></trkpt>
   <trkpt lon="-4.380167" lat="36.779020"><ele>650.0</ele></trkpt>
   <trkpt lon="-4.380091" lat="36.778523"><ele>643.75</ele></trkpt>
   <trkpt lon="-4.380058" lat="36.778382"><ele>642.75</ele></trkpt>
   <trkpt lon="-4.379836" lat="36.777980"><ele>636.0</ele></trkpt>
   <trkpt lon="-4.379685" lat="36.777652"><ele>633.25</ele></trkpt>
   <trkpt lon="-4.379637" lat="36.777353"><ele>630.5</ele></trkpt>
   <trkpt lon="-4.379613" lat="36.777121"><ele>631.75</ele></trkpt>
   <trkpt lon="-4.379570" lat="36.776906"><ele>631.25</ele></trkpt>
   <trkpt lon="-4.379524" lat="36.776760"><ele>631.0</ele></trkpt>
   <trkpt lon="-4.379470" lat="36.776650"><ele>630.75</ele></trkpt>
   <trkpt lon="-4.379291" lat="36.776420"><ele>630.25</ele></trkpt>
   <trkpt lon="-4.379229" lat="36.776298"><ele>629.0</ele></trkpt>
   <trkpt lon="-4.379222" lat="36.776227"><ele>629.25</ele></trkpt>
   <trkpt lon="-4.379229" lat="36.776153"><ele>630.0</ele></trkpt>
   <trkpt lon="-4.379240" lat="36.776095"><ele>630.0</ele></trkpt>
   <trkpt lon="-4.379267" lat="36.776030"><ele>628.5</ele></trkpt>
   <trkpt lon="-4.379403" lat="36.775915"><ele>627.75</ele></trkpt>
   <trkpt lon="-4.379484" lat="36.775872"><ele>626.75</ele></trkpt>
   <trkpt lon="-4.379626" lat="36.775838"><ele>625.0</ele></trkpt>
   <trkpt lon="-4.379709" lat="36.775834"><ele>625.0</ele></trkpt>
   <trkpt lon="-4.379792" lat="36.775849"><ele>625.25</ele></trkpt>
   <trkpt lon="-4.379857" lat="36.775870"><ele>625.5</ele></trkpt>
   <trkpt lon="-4.379923" lat="36.775895"><ele>625.5</ele></trkpt>
   <trkpt lon="-4.379985" lat="36.775933"><ele>625.0</ele></trkpt>
   <trkpt lon="-4.380046" lat="36.775993"><ele>624.25</ele></trkpt>
   <trkpt lon="-4.380101" lat="36.776066"><ele>623.5</ele></trkpt>
   <trkpt lon="-4.380125" lat="36.776159"><ele>622.25</ele></trkpt>
   <trkpt lon="-4.380103" lat="36.776348"><ele>619.25</ele></trkpt>
   <trkpt lon="-4.380070" lat="36.776464"><ele>619.0</ele></trkpt>
   <trkpt lon="-4.380042" lat="36.776620"><ele>618.5</ele></trkpt>
   <trkpt lon="-4.380066" lat="36.776761"><ele>617.25</ele></trkpt>
   <trkpt lon="-4.380079" lat="36.776896"><ele>617.25</ele></trkpt>
   <trkpt lon="-4.380105" lat="36.777009"><ele>616.0</ele></trkpt>
   <trkpt lon="-4.380107" lat="36.777101"><ele>615.25</ele></trkpt>
   <trkpt lon="-4.380096" lat="36.777165"><ele>615.25</ele></trkpt>
   <trkpt lon="-4.380061" lat="36.777250"><ele>616.0</ele></trkpt>
   <trkpt lon="-4.380021" lat="36.777311"><ele>618.75</ele></trkpt>
   <trkpt lon="-4.379970" lat="36.777368"><ele>622.5</ele></trkpt>
   <trkpt lon="-4.379890" lat="36.777416"><ele>626.75</ele></trkpt>
   <trkpt lon="-4.379735" lat="36.777477"><ele>632.5</ele></trkpt>
   <trkpt lon="-4.379584" lat="36.777493"><ele>626.0</ele></trkpt>
   <trkpt lon="-4.379487" lat="36.777467"><ele>622.0</ele></trkpt>
   <trkpt lon="-4.379411" lat="36.777428"><ele>620.5</ele></trkpt>
   <trkpt lon="-4.379266" lat="36.777342"><ele>617.0</ele></trkpt>
   <trkpt lon="-4.379195" lat="36.777273"><ele>613.25</ele></trkpt>
   <trkpt lon="-4.379152" lat="36.777147"><ele>610.75</ele></trkpt>
   <trkpt lon="-4.379099" lat="36.776877"><ele>610.25</ele></trkpt>
   <trkpt lon="-4.379070" lat="36.776775"><ele>611.0</ele></trkpt>
   <trkpt lon="-4.379002" lat="36.776646"><ele>610.75</ele></trkpt>
   <trkpt lon="-4.378923" lat="36.776565"><ele>609.75</ele></trkpt>
   <trkpt lon="-4.378839" lat="36.776504"><ele>608.0</ele></trkpt>
   <trkpt lon="-4.378373" lat="36.776264"><ele>603.25</ele></trkpt>
   <trkpt lon="-4.378299" lat="36.776198"><ele>602.25</ele></trkpt>
   <trkpt lon="-4.378256" lat="36.776118"><ele>602.75</ele></trkpt>
   <trkpt lon="-4.378228" lat="36.776009"><ele>602.0</ele></trkpt>
   <trkpt lon="-4.378231" lat="36.775920"><ele>602.0</ele></trkpt>
   <trkpt lon="-4.378245" lat="36.775812"><ele>601.75</ele></trkpt>
   <trkpt lon="-4.378336" lat="36.775591"><ele>599.75</ele></trkpt>
   <trkpt lon="-4.378420" lat="36.775415"><ele>600.0</ele></trkpt>
   <trkpt lon="-4.378515" lat="36.775135"><ele>597.25</ele></trkpt>
   <trkpt lon="-4.378523" lat="36.774990"><ele>593.75</ele></trkpt>
   <trkpt lon="-4.378506" lat="36.774607"><ele>590.5</ele></trkpt>
   <trkpt lon="-4.378524" lat="36.774470"><ele>590.25</ele></trkpt>
   <trkpt lon="-4.378558" lat="36.774354"><ele>591.25</ele></trkpt>
   <trkpt lon="-4.378630" lat="36.774275"><ele>593.0</ele></trkpt>
   <trkpt lon="-4.378710" lat="36.774217"><ele>593.0</ele></trkpt>
   <trkpt lon="-4.378809" lat="36.774173"><ele>591.0</ele></trkpt>
   <trkpt lon="-4.378884" lat="36.774155"><ele>589.75</ele></trkpt>
   <trkpt lon="-4.379061" lat="36.774150"><ele>588.0</ele></trkpt>
   <trkpt lon="-4.379141" lat="36.774163"><ele>588.0</ele></trkpt>
   <trkpt lon="-4.379290" lat="36.774219"><ele>588.0</ele></trkpt>
   <trkpt lon="-4.379356" lat="36.774259"><ele>587.5</ele></trkpt>
   <trkpt lon="-4.379470" lat="36.774365"><ele>586.25</ele></trkpt>
   <trkpt lon="-4.379515" lat="36.774464"><ele>586.75</ele></trkpt>
   <trkpt lon="-4.379545" lat="36.774617"><ele>588.0</ele></trkpt>
   <trkpt lon="-4.379588" lat="36.774976"><ele>586.0</ele></trkpt>
   <trkpt lon="-4.379580" lat="36.775020"><ele>585.75</ele></trkpt>
   <trkpt lon="-4.379543" lat="36.775100"><ele>585.75</ele></trkpt>
   <trkpt lon="-4.379452" lat="36.775240"><ele>583.75</ele></trkpt>
   <trkpt lon="-4.379343" lat="36.775344"><ele>589.0</ele></trkpt>
   <trkpt lon="-4.379268" lat="36.775386"><ele>592.0</ele></trkpt>
   <trkpt lon="-4.379172" lat="36.775425"><ele>593.75</ele></trkpt>
   <trkpt lon="-4.378991" lat="36.775461"><ele>591.25</ele></trkpt>
   <trkpt lon="-4.378733" lat="36.775460"><ele>588.0</ele></trkpt>
   <trkpt lon="-4.378616" lat="36.775405"><ele>586.25</ele></trkpt>
   <trkpt lon="-4.378546" lat="36.775359"><ele>585.25</ele></trkpt>
   <trkpt lon="-4.378426" lat="36.775247"><ele>583.0</ele></trkpt>
   <trkpt lon="-4.378346" lat="36.775114"><ele>580.75</ele></trkpt>
   <trkpt lon="-4.378313" lat="36.775045"><ele>580.75</ele></trkpt>
   <trkpt lon="-4.378285" lat="36.774952"><ele>577.75</ele></trkpt>
   <trkpt lon="-4.378216" lat="36.774775"><ele>576.75</ele></trkpt>
   <trkpt lon="-4.378166" lat="36.774565"><ele>575.0</ele></trkpt>
   <trkpt lon="-4.378114" lat="36.774297"><ele>572.25</ele></trkpt>
   <trkpt lon="-4.378063" lat="36.773937"><ele>568.5</ele></trkpt>
   <trkpt lon="-4.378058" lat="36.773847"><ele>568.5</ele></trkpt>
   <trkpt lon="-4.378030" lat="36.773760"><ele>568.25</ele></trkpt>
   <trkpt lon="-4.377980" lat="36.773646"><ele>567.75</ele></trkpt>
   <trkpt lon="-4.377701" lat="36.773124"><ele>563.5</ele></trkpt>
   <trkpt lon="-4.377626" lat="36.773003"><ele>563.25</ele></trkpt>
   <trkpt lon="-4.376931" lat="36.772126"><ele>554.75</ele></trkpt>
   <trkpt lon="-4.376877" lat="36.772053"><ele>553.75</ele></trkpt>
   <trkpt lon="-4.376182" lat="36.771167"><ele>549.5</ele></trkpt>
   <trkpt lon="-4.376056" lat="36.771001"><ele>548.75</ele></trkpt>
   <trkpt lon="-4.375978" lat="36.770832"><ele>548.75</ele></trkpt>
   <trkpt lon="-4.375854" lat="36.768486"><ele>530.25</ele></trkpt>
   <trkpt lon="-4.375885" lat="36.768197"><ele>526.75</ele></trkpt>
   <trkpt lon="-4.375976" lat="36.767730"><ele>523.5</ele></trkpt>
   <trkpt lon="-4.375962" lat="36.767560"><ele>523.25</ele></trkpt>
   <trkpt lon="-4.375931" lat="36.767436"><ele>523.0</ele></trkpt>
   <trkpt lon="-4.375814" lat="36.767136"><ele>522.25</ele></trkpt>
   <trkpt lon="-4.375780" lat="36.766998"><ele>521.25</ele></trkpt>
   <trkpt lon="-4.375775" lat="36.766866"><ele>521.0</ele></trkpt>
   <trkpt lon="-4.375837" lat="36.766667"><ele>520.0</ele></trkpt>
   <trkpt lon="-4.375964" lat="36.766524"><ele>520.5</ele></trkpt>
   <trkpt lon="-4.376217" lat="36.766390"><ele>516.5</ele></trkpt>
   <trkpt lon="-4.376431" lat="36.766354"><ele>514.5</ele></trkpt>
   <trkpt lon="-4.376622" lat="36.766364"><ele>514.25</ele></trkpt>
   <trkpt lon="-4.376811" lat="36.766422"><ele>514.5</ele></trkpt>
   <trkpt lon="-4.376946" lat="36.766498"><ele>513.0</ele></trkpt>
   <trkpt lon="-4.377070" lat="36.766585"><ele>511.75</ele></trkpt>
   <trkpt lon="-4.377158" lat="36.766744"><ele>511.5</ele></trkpt>
   <trkpt lon="-4.377179" lat="36.766834"><ele>510.75</ele></trkpt>
   <trkpt lon="-4.377194" lat="36.766939"><ele>510.0</ele></trkpt>
   <trkpt lon="-4.377166" lat="36.767055"><ele>508.25</ele></trkpt>
   <trkpt lon="-4.376964" lat="36.767448"><ele>506.75</ele></trkpt>
   <trkpt lon="-4.376526" lat="36.768151"><ele>506.0</ele></trkpt>
   <trkpt lon="-4.376476" lat="36.768399"><ele>504.5</ele></trkpt>
   <trkpt lon="-4.376462" lat="36.768946"><ele>500.25</ele></trkpt>
   <trkpt lon="-4.376522" lat="36.769098"><ele>501.5</ele></trkpt>
   <trkpt lon="-4.376688" lat="36.769254"><ele>496.5</ele></trkpt>
   <trkpt lon="-4.377073" lat="36.769541"><ele>494.5</ele></trkpt>
   <trkpt lon="-4.377169" lat="36.769740"><ele>493.75</ele></trkpt>
   <trkpt lon="-4.377157" lat="36.770314"><ele>492.25</ele></trkpt>
   <trkpt lon="-4.377238" lat="36.770476"><ele>489.75</ele></trkpt>
   <trkpt lon="-4.377391" lat="36.770572"><ele>487.75</ele></trkpt>
   <trkpt lon="-4.379540" lat="36.771390"><ele>483.5</ele></trkpt>
   <trkpt lon="-4.379814" lat="36.771417"><ele>483.5</ele></trkpt>
   <trkpt lon="-4.380062" lat="36.771358"><ele>482.0</ele></trkpt>
   <trkpt lon="-4.380445" lat="36.771101"><ele>480.75</ele></trkpt>
   <trkpt lon="-4.380635" lat="36.770958"><ele>479.75</ele></trkpt>
   <trkpt lon="-4.380762" lat="36.770887"><ele>477.25</ele></trkpt>
   <trkpt lon="-4.380905" lat="36.770806"><ele>472.5</ele></trkpt>
   <trkpt lon="-4.381277" lat="36.770683"><ele>470.0</ele></trkpt>
   <trkpt lon="-4.381603" lat="36.770657"><ele>470.75</ele></trkpt>
   <trkpt lon="-4.382762" lat="36.770747"><ele>463.0</ele></trkpt>
   <trkpt lon="-4.383792" lat="36.770854"><ele>457.25</ele></trkpt>
   <trkpt lon="-4.384999" lat="36.770933"><ele>447.5</ele></trkpt>
   <trkpt lon="-4.385502" lat="36.770914"><ele>445.5</ele></trkpt>
   <trkpt lon="-4.385782" lat="36.770889"><ele>445.75</ele></trkpt>
   <trkpt lon="-4.385875" lat="36.770880"><ele>445.75</ele></trkpt>
   <trkpt lon="-4.386312" lat="36.770790"><ele>443.0</ele></trkpt>
   <trkpt lon="-4.386511" lat="36.770768"><ele>441.75</ele></trkpt>
   <trkpt lon="-4.386636" lat="36.770773"><ele>441.5</ele></trkpt>
   <trkpt lon="-4.386823" lat="36.770831"><ele>442.0</ele></trkpt>
   <trkpt lon="-4.387261" lat="36.771037"><ele>439.5</ele></trkpt>
   <trkpt lon="-4.387494" lat="36.771130"><ele>438.0</ele></trkpt>
   <trkpt lon="-4.387692" lat="36.771101"><ele>438.75</ele></trkpt>
   <trkpt lon="-4.387936" lat="36.770990"><ele>441.0</ele></trkpt>
   <trkpt lon="-4.388023" lat="36.770864"><ele>438.0</ele></trkpt>
   <trkpt lon="-4.388173" lat="36.770602"><ele>433.75</ele></trkpt>
   <trkpt lon="-4.388348" lat="36.770228"><ele>432.5</ele></trkpt>
   <trkpt lon="-4.388583" lat="36.769892"><ele>430.5</ele></trkpt>
   <trkpt lon="-4.388872" lat="36.769723"><ele>428.25</ele></trkpt>
   <trkpt lon="-4.390313" lat="36.769212"><ele>421.0</ele></trkpt>
   <trkpt lon="-4.391032" lat="36.769120"><ele>417.25</ele></trkpt>
   <trkpt lon="-4.391683" lat="36.768897"><ele>412.25</ele></trkpt>
   <trkpt lon="-4.392267" lat="36.768716"><ele>412.0</ele></trkpt>
   <trkpt lon="-4.392622" lat="36.768672"><ele>411.25</ele></trkpt>
   <trkpt lon="-4.392871" lat="36.768713"><ele>408.0</ele></trkpt>
   <trkpt lon="-4.392993" lat="36.768754"><ele>405.75</ele></trkpt>
   <trkpt lon="-4.393559" lat="36.769035"><ele>406.25</ele></trkpt>
   <trkpt lon="-4.393752" lat="36.769061"><ele>405.0</ele></trkpt>
   <trkpt lon="-4.393836" lat="36.769055"><ele>404.0</ele></trkpt>
   <trkpt lon="-4.393938" lat="36.769023"><ele>402.75</ele></trkpt>
   <trkpt lon="-4.394077" lat="36.768950"><ele>400.0</ele></trkpt>
   <trkpt lon="-4.394328" lat="36.768729"><ele>396.25</ele></trkpt>
   <trkpt lon="-4.394728" lat="36.768419"><ele>396.5</ele></trkpt>
   <trkpt lon="-4.394987" lat="36.768338"><ele>392.0</ele></trkpt>
   <trkpt lon="-4.395178" lat="36.768336"><ele>391.0</ele></trkpt>
   <trkpt lon="-4.395676" lat="36.768415"><ele>387.25</ele></trkpt>
   <trkpt lon="-4.396046" lat="36.768482"><ele>386.5</ele></trkpt>
   <trkpt lon="-4.396261" lat="36.768479"><ele>386.5</ele></trkpt>
   <trkpt lon="-4.396419" lat="36.768435"><ele>386.25</ele></trkpt>
   <trkpt lon="-4.396626" lat="36.768330"><ele>384.25</ele></trkpt>
   <trkpt lon="-4.396828" lat="36.768236"><ele>385.75</ele></trkpt>
   <trkpt lon="-4.397125" lat="36.768191"><ele>384.75</ele></trkpt>
   <trkpt lon="-4.397337" lat="36.768225"><ele>382.5</ele></trkpt>
   <trkpt lon="-4.397627" lat="36.768283"><ele>380.25</ele></trkpt>
   <trkpt lon="-4.397831" lat="36.768309"><ele>379.5</ele></trkpt>
   <trkpt lon="-4.398118" lat="36.768320"><ele>378.0</ele></trkpt>
   <trkpt lon="-4.398472" lat="36.768292"><ele>374.75</ele></trkpt>
   <trkpt lon="-4.398579" lat="36.768249"><ele>374.0</ele></trkpt>
   <trkpt lon="-4.398689" lat="36.768184"><ele>373.75</ele></trkpt>
   <trkpt lon="-4.398767" lat="36.768092"><ele>373.75</ele></trkpt>
   <trkpt lon="-4.398796" lat="36.767985"><ele>372.0</ele></trkpt>
   <trkpt lon="-4.398788" lat="36.767877"><ele>369.75</ele></trkpt>
   <trkpt lon="-4.398745" lat="36.767806"><ele>369.0</ele></trkpt>
   <trkpt lon="-4.398678" lat="36.767722"><ele>368.0</ele></trkpt>
   <trkpt lon="-4.398288" lat="36.767427"><ele>367.25</ele></trkpt>
   <trkpt lon="-4.398241" lat="36.767336"><ele>365.75</ele></trkpt>
   <trkpt lon="-4.398208" lat="36.767229"><ele>363.5</ele></trkpt>
   <trkpt lon="-4.398236" lat="36.767138"><ele>366.5</ele></trkpt>
   <trkpt lon="-4.398300" lat="36.767046"><ele>368.5</ele></trkpt>
   <trkpt lon="-4.398399" lat="36.766985"><ele>367.5</ele></trkpt>
   <trkpt lon="-4.398936" lat="36.766854"><ele>365.0</ele></trkpt>
   <trkpt lon="-4.399619" lat="36.766726"><ele>363.25</ele></trkpt>
   <trkpt lon="-4.399973" lat="36.766679"><ele>364.25</ele></trkpt>
   <trkpt lon="-4.400367" lat="36.766731"><ele>363.75</ele></trkpt>
   <trkpt lon="-4.401612" lat="36.766913"><ele>358.25</ele></trkpt>
   <trkpt lon="-4.401791" lat="36.766934"><ele>357.5</ele></trkpt>
   <trkpt lon="-4.402103" lat="36.767048"><ele>354.25</ele></trkpt>
   <trkpt lon="-4.402234" lat="36.767116"><ele>354.75</ele></trkpt>
   <trkpt lon="-4.402630" lat="36.767388"><ele>353.25</ele></trkpt>
   <trkpt lon="-4.402819" lat="36.767484"><ele>355.0</ele></trkpt>
   <trkpt lon="-4.402982" lat="36.767544"><ele>352.5</ele></trkpt>
   <trkpt lon="-4.403456" lat="36.767680"><ele>351.0</ele></trkpt>
   <trkpt lon="-4.403607" lat="36.767717"><ele>351.75</ele></trkpt>
   <trkpt lon="-4.403724" lat="36.767708"><ele>349.75</ele></trkpt>
   <trkpt lon="-4.403839" lat="36.767671"><ele>348.25</ele></trkpt>
   <trkpt lon="-4.403965" lat="36.767604"><ele>347.25</ele></trkpt>
   <trkpt lon="-4.404305" lat="36.767311"><ele>344.0</ele></trkpt>
   <trkpt lon="-4.404512" lat="36.767101"><ele>341.0</ele></trkpt>
   <trkpt lon="-4.404591" lat="36.767020"><ele>340.25</ele></trkpt>
   <trkpt lon="-4.404904" lat="36.766702"><ele>336.0</ele></trkpt>
   <trkpt lon="-4.405076" lat="36.766501"><ele>334.0</ele></trkpt>
   <trkpt lon="-4.405110" lat="36.766461"><ele>333.75</ele></trkpt>
   <trkpt lon="-4.405172" lat="36.766335"><ele>332.0</ele></trkpt>
   <trkpt lon="-4.405276" lat="36.765988"><ele>327.5</ele></trkpt>
   <trkpt lon="-4.405387" lat="36.765741"><ele>326.25</ele></trkpt>
   <trkpt lon="-4.405561" lat="36.765471"><ele>322.75</ele></trkpt>
   <trkpt lon="-4.406025" lat="36.764999"><ele>318.5</ele></trkpt>
   <trkpt lon="-4.406113" lat="36.764888"><ele>319.0</ele></trkpt>
   <trkpt lon="-4.406146" lat="36.764759"><ele>318.25</ele></trkpt>
   <trkpt lon="-4.406165" lat="36.764629"><ele>318.0</ele></trkpt>
   <trkpt lon="-4.406146" lat="36.764452"><ele>317.5</ele></trkpt>
   <trkpt lon="-4.406039" lat="36.763955"><ele>314.25</ele></trkpt>
   <trkpt lon="-4.406084" lat="36.763838"><ele>313.75</ele></trkpt>
   <trkpt lon="-4.406157" lat="36.763794"><ele>312.75</ele></trkpt>
   <trkpt lon="-4.406272" lat="36.763789"><ele>311.0</ele></trkpt>
   <trkpt lon="-4.406583" lat="36.763831"><ele>308.75</ele></trkpt>
   <trkpt lon="-4.406682" lat="36.763814"><ele>308.0</ele></trkpt>
   <trkpt lon="-4.406738" lat="36.763773"><ele>307.75</ele></trkpt>
   <trkpt lon="-4.406803" lat="36.763669"><ele>306.5</ele></trkpt>
   <trkpt lon="-4.407267" lat="36.762785"><ele>296.25</ele></trkpt>
   <trkpt lon="-4.407318" lat="36.762669"><ele>294.25</ele></trkpt>
   <trkpt lon="-4.407379" lat="36.762445"><ele>292.75</ele></trkpt>
   <trkpt lon="-4.407390" lat="36.762262"><ele>293.5</ele></trkpt>
   <trkpt lon="-4.407379" lat="36.762144"><ele>294.25</ele></trkpt>
   <trkpt lon="-4.407337" lat="36.762009"><ele>295.0</ele></trkpt>
   <trkpt lon="-4.407264" lat="36.761842"><ele>295.75</ele></trkpt>
   <trkpt lon="-4.406988" lat="36.761483"><ele>293.25</ele></trkpt>
   <trkpt lon="-4.406814" lat="36.761331"><ele>291.5</ele></trkpt>
   <trkpt lon="-4.406566" lat="36.761010"><ele>288.5</ele></trkpt>
   <trkpt lon="-4.406505" lat="36.760843"><ele>289.0</ele></trkpt>
   <trkpt lon="-4.406490" lat="36.760688"><ele>287.0</ele></trkpt>
   <trkpt lon="-4.406530" lat="36.760570"><ele>285.5</ele></trkpt>
   <trkpt lon="-4.406608" lat="36.760507"><ele>283.75</ele></trkpt>
   <trkpt lon="-4.407142" lat="36.760341"><ele>282.5</ele></trkpt>
   <trkpt lon="-4.407233" lat="36.760337"><ele>283.0</ele></trkpt>
   <trkpt lon="-4.407315" lat="36.760366"><ele>281.0</ele></trkpt>
   <trkpt lon="-4.407447" lat="36.760599"><ele>280.75</ele></trkpt>
   <trkpt lon="-4.407501" lat="36.760751"><ele>280.75</ele></trkpt>
   <trkpt lon="-4.407526" lat="36.760776"><ele>281.25</ele></trkpt>
   <trkpt lon="-4.407569" lat="36.760783"><ele>281.75</ele></trkpt>
   <trkpt lon="-4.407612" lat="36.760774"><ele>282.0</ele></trkpt>
   <trkpt lon="-4.407679" lat="36.760724"><ele>281.25</ele></trkpt>
   <trkpt lon="-4.407727" lat="36.760663"><ele>279.75</ele></trkpt>
   <trkpt lon="-4.407698" lat="36.760565"><ele>277.5</ele></trkpt>
   <trkpt lon="-4.407551" lat="36.760377"><ele>274.5</ele></trkpt>
   <trkpt lon="-4.407516" lat="36.760260"><ele>273.5</ele></trkpt>
   <trkpt lon="-4.407530" lat="36.760073"><ele>271.5</ele></trkpt>
   <trkpt lon="-4.407634" lat="36.759796"><ele>268.25</ele></trkpt>
   <trkpt lon="-4.408050" lat="36.758869"><ele>259.75</ele></trkpt>
   <trkpt lon="-4.408042" lat="36.758754"><ele>257.25</ele></trkpt>
   <trkpt lon="-4.407959" lat="36.758650"><ele>256.0</ele></trkpt>
   <trkpt lon="-4.407690" lat="36.758449"><ele>253.75</ele></trkpt>
   <trkpt lon="-4.407645" lat="36.758241"><ele>250.25</ele></trkpt>
   <trkpt lon="-4.407729" lat="36.758137"><ele>249.25</ele></trkpt>
   <trkpt lon="-4.407858" lat="36.758048"><ele>249.0</ele></trkpt>
   <trkpt lon="-4.407990" lat="36.757939"><ele>246.75</ele></trkpt>
   <trkpt lon="-4.408122" lat="36.757776"><ele>244.5</ele></trkpt>
   <trkpt lon="-4.408272" lat="36.757267"><ele>240.0</ele></trkpt>
   <trkpt lon="-4.408348" lat="36.756990"><ele>240.0</ele></trkpt>
   <trkpt lon="-4.408414" lat="36.756652"><ele>238.0</ele></trkpt>
   <trkpt lon="-4.408379" lat="36.756463"><ele>237.75</ele></trkpt>
   <trkpt lon="-4.408024" lat="36.756118"><ele>234.0</ele></trkpt>
   <trkpt lon="-4.407871" lat="36.755904"><ele>233.5</ele></trkpt>
   <trkpt lon="-4.407850" lat="36.755804"><ele>233.0</ele></trkpt>
   <trkpt lon="-4.407872" lat="36.755700"><ele>231.0</ele></trkpt>
   <trkpt lon="-4.408109" lat="36.755142"><ele>226.25</ele></trkpt>
   <trkpt lon="-4.408156" lat="36.754855"><ele>223.25</ele></trkpt>
   <trkpt lon="-4.408154" lat="36.753828"><ele>216.0</ele></trkpt>
   <trkpt lon="-4.408072" lat="36.753465"><ele>214.75</ele></trkpt>
   <trkpt lon="-4.408028" lat="36.753104"><ele>211.75</ele></trkpt>
   <trkpt lon="-4.408133" lat="36.752844"><ele>210.0</ele></trkpt>
   <trkpt lon="-4.408199" lat="36.752580"><ele>207.75</ele></trkpt>
   <trkpt lon="-4.408188" lat="36.752248"><ele>207.75</ele></trkpt>
   <trkpt lon="-4.408128" lat="36.750881"><ele>201.5</ele></trkpt>
   <trkpt lon="-4.407952" lat="36.750565"><ele>199.25</ele></trkpt>
   <trkpt lon="-4.407926" lat="36.750408"><ele>199.25</ele></trkpt>
   <trkpt lon="-4.407945" lat="36.749978"><ele>199.5</ele></trkpt>
   <trkpt lon="-4.407859" lat="36.749807"><ele>197.0</ele></trkpt>
   <trkpt lon="-4.407540" lat="36.749504"><ele>195.0</ele></trkpt>
   <trkpt lon="-4.407350" lat="36.749284"><ele>194.5</ele></trkpt>
   <trkpt lon="-4.407284" lat="36.749114"><ele>193.25</ele></trkpt>
   <trkpt lon="-4.407284" lat="36.749049"><ele>193.5</ele></trkpt>
   <trkpt lon="-4.407361" lat="36.748840"><ele>193.75</ele></trkpt>
   <trkpt lon="-4.407474" lat="36.748649"><ele>192.5</ele></trkpt>
   <trkpt lon="-4.407567" lat="36.748499"><ele>192.5</ele></trkpt>
   <trkpt lon="-4.407580" lat="36.748479"><ele>192.5</ele></trkpt>
   <trkpt lon="-4.407668" lat="36.748337"><ele>192.0</ele></trkpt>
   <trkpt lon="-4.407901" lat="36.747957"><ele>190.75</ele></trkpt>
   <trkpt lon="-4.407981" lat="36.747793"><ele>191.75</ele></trkpt>
   <trkpt lon="-4.407959" lat="36.747623"><ele>188.25</ele></trkpt>
   <trkpt lon="-4.407728" lat="36.747389"><ele>185.0</ele></trkpt>
   <trkpt lon="-4.407666" lat="36.747305"><ele>184.5</ele></trkpt>
   <trkpt lon="-4.407639" lat="36.747201"><ele>183.25</ele></trkpt>
   <trkpt lon="-4.407643" lat="36.747092"><ele>183.25</ele></trkpt>
   <trkpt lon="-4.407709" lat="36.746953"><ele>181.25</ele></trkpt>
   <trkpt lon="-4.407777" lat="36.746757"><ele>179.5</ele></trkpt>
   <trkpt lon="-4.407841" lat="36.746570"><ele>179.75</ele></trkpt>
   <trkpt lon="-4.407910" lat="36.746501"><ele>178.5</ele></trkpt>
   <trkpt lon="-4.408008" lat="36.746435"><ele>175.5</ele></trkpt>
   <trkpt lon="-4.408127" lat="36.746369"><ele>170.75</ele></trkpt>
   <trkpt lon="-4.408668" lat="36.746032"><ele>168.75</ele></trkpt>
   <trkpt lon="-4.408732" lat="36.745984"><ele>169.25</ele></trkpt>
   <trkpt lon="-4.408891" lat="36.745870"><ele>169.25</ele></trkpt>
   <trkpt lon="-4.409181" lat="36.745672"><ele>166.75</ele></trkpt>
   <trkpt lon="-4.409317" lat="36.745604"><ele>165.0</ele></trkpt>
   <trkpt lon="-4.409511" lat="36.745609"><ele>164.25</ele></trkpt>
   <trkpt lon="-4.409736" lat="36.745773"><ele>161.0</ele></trkpt>
   <trkpt lon="-4.409845" lat="36.745832"><ele>159.5</ele></trkpt>
   <trkpt lon="-4.409976" lat="36.745867"><ele>158.0</ele></trkpt>
   <trkpt lon="-4.410193" lat="36.745822"><ele>157.25</ele></trkpt>
   <trkpt lon="-4.410507" lat="36.745709"><ele>154.75</ele></trkpt>
   <trkpt lon="-4.410646" lat="36.745642"><ele>153.25</ele></trkpt>
   <trkpt lon="-4.410757" lat="36.745540"><ele>152.0</ele></trkpt>
   <trkpt lon="-4.410808" lat="36.745466"><ele>151.5</ele></trkpt>
   <trkpt lon="-4.410972" lat="36.744890"><ele>149.75</ele></trkpt>
   <trkpt lon="-4.410986" lat="36.744698"><ele>147.75</ele></trkpt>
   <trkpt lon="-4.410963" lat="36.744515"><ele>145.75</ele></trkpt>
   <trkpt lon="-4.410905" lat="36.744387"><ele>144.25</ele></trkpt>
   <trkpt lon="-4.410800" lat="36.744251"><ele>143.5</ele></trkpt>
   <trkpt lon="-4.410656" lat="36.744157"><ele>142.0</ele></trkpt>
   <trkpt lon="-4.410482" lat="36.744078"><ele>141.75</ele></trkpt>
   <trkpt lon="-4.410382" lat="36.744008"><ele>141.25</ele></trkpt>
   <trkpt lon="-4.410332" lat="36.743948"><ele>140.75</ele></trkpt>
   <trkpt lon="-4.410311" lat="36.743875"><ele>140.5</ele></trkpt>
   <trkpt lon="-4.410318" lat="36.743795"><ele>140.0</ele></trkpt>
   <trkpt lon="-4.410362" lat="36.743726"><ele>140.0</ele></trkpt>
   <trkpt lon="-4.410760" lat="36.743387"><ele>136.75</ele></trkpt>
   <trkpt lon="-4.410821" lat="36.743336"><ele>136.0</ele></trkpt>
   <trkpt lon="-4.410885" lat="36.743281"><ele>135.75</ele></trkpt>
   <trkpt lon="-4.410908" lat="36.743261"><ele>135.5</ele></trkpt>
   <trkpt lon="-4.410979" lat="36.743290"><ele>135.75</ele></trkpt>
   <trkpt lon="-4.411006" lat="36.743301"><ele>135.75</ele></trkpt>
   <trkpt lon="-4.411479" lat="36.743491"><ele>135.75</ele></trkpt>
   <trkpt lon="-4.411769" lat="36.743595"><ele>131.0</ele></trkpt>
   <trkpt lon="-4.411825" lat="36.743532"><ele>130.75</ele></trkpt>
   <trkpt lon="-4.412058" lat="36.743380"><ele>128.5</ele></trkpt>
   <trkpt lon="-4.412198" lat="36.743307"><ele>126.75</ele></trkpt>
   <trkpt lon="-4.412344" lat="36.743219"><ele>126.75</ele></trkpt>
   <trkpt lon="-4.412440" lat="36.743155"><ele>127.75</ele></trkpt>
   <trkpt lon="-4.413038" lat="36.743287"><ele>121.25</ele></trkpt>
   <trkpt lon="-4.413205" lat="36.743295"><ele>119.5</ele></trkpt>
   <trkpt lon="-4.413325" lat="36.743319"><ele>117.5</ele></trkpt>
   <trkpt lon="-4.413380" lat="36.743337"><ele>117.75</ele></trkpt>
   <trkpt lon="-4.413726" lat="36.743512"><ele>114.75</ele></trkpt>
   <trkpt lon="-4.413958" lat="36.743511"><ele>115.0</ele></trkpt>
   <trkpt lon="-4.413911" lat="36.743721"><ele>108.0</ele></trkpt>
   <trkpt lon="-4.414037" lat="36.743745"><ele>107.5</ele></trkpt>
   <trkpt lon="-4.414478" lat="36.743885"><ele>100.5</ele></trkpt>
   <trkpt lon="-4.414521" lat="36.743913"><ele>100.0</ele></trkpt>
   <trkpt lon="-4.414557" lat="36.743878"><ele>99.75</ele></trkpt>
   <trkpt lon="-4.414620" lat="36.743834"><ele>99.75</ele></trkpt>
   <trkpt lon="-4.414798" lat="36.743724"><ele>98.75</ele></trkpt>
   <trkpt lon="-4.414952" lat="36.743593"><ele>96.75</ele></trkpt>
   <trkpt lon="-4.415085" lat="36.743418"><ele>96.25</ele></trkpt>
   <trkpt lon="-4.415166" lat="36.743308"><ele>96.0</ele></trkpt>
   <trkpt lon="-4.415183" lat="36.743226"><ele>95.25</ele></trkpt>
   <trkpt lon="-4.415199" lat="36.743076"><ele>94.0</ele></trkpt>
   <trkpt lon="-4.415526" lat="36.742645"><ele>90.5</ele></trkpt>
   <trkpt lon="-4.415645" lat="36.742489"><ele>89.5</ele></trkpt>
   <trkpt lon="-4.415782" lat="36.742313"><ele>89.0</ele></trkpt>
   <trkpt lon="-4.415804" lat="36.742245"><ele>88.5</ele></trkpt>
   <trkpt lon="-4.415853" lat="36.742241"><ele>88.5</ele></trkpt>
   <trkpt lon="-4.415903" lat="36.742256"><ele>89.5</ele></trkpt>
   <trkpt lon="-4.416096" lat="36.742380"><ele>92.5</ele></trkpt>
   <trkpt lon="-4.416160" lat="36.742406"><ele>91.5</ele></trkpt>
   <trkpt lon="-4.416329" lat="36.742303"><ele>89.25</ele></trkpt>
   <trkpt lon="-4.416587" lat="36.742038"><ele>86.25</ele></trkpt>
   <trkpt lon="-4.416800" lat="36.741839"><ele>84.5</ele></trkpt>
   <trkpt lon="-4.416943" lat="36.741746"><ele>82.75</ele></trkpt>
   <trkpt lon="-4.417067" lat="36.741666"><ele>82.25</ele></trkpt>
   <trkpt lon="-4.417225" lat="36.741520"><ele>83.5</ele></trkpt>
   <trkpt lon="-4.417492" lat="36.741345"><ele>80.5</ele></trkpt>
   <trkpt lon="-4.417511" lat="36.741285"><ele>80.25</ele></trkpt>
   <trkpt lon="-4.417527" lat="36.741185"><ele>80.5</ele></trkpt>
   <trkpt lon="-4.417529" lat="36.741095"><ele>80.75</ele></trkpt>
   <trkpt lon="-4.417525" lat="36.741045"><ele>80.25</ele></trkpt>
   <trkpt lon="-4.417462" lat="36.740762"><ele>80.5</ele></trkpt>
   <trkpt lon="-4.417468" lat="36.740720"><ele>80.25</ele></trkpt>
   <trkpt lon="-4.417555" lat="36.740615"><ele>77.25</ele></trkpt>
   <trkpt lon="-4.417666" lat="36.740499"><ele>74.75</ele></trkpt>
   <trkpt lon="-4.417696" lat="36.740476"><ele>74.0</ele></trkpt>
   <trkpt lon="-4.417929" lat="36.740311"><ele>70.25</ele></trkpt>
   <trkpt lon="-4.418148" lat="36.740142"><ele>65.5</ele></trkpt>
   <trkpt lon="-4.418142" lat="36.740114"><ele>65.5</ele></trkpt>
   <trkpt lon="-4.418084" lat="36.740060"><ele>65.0</ele></trkpt>
   <trkpt lon="-4.417993" lat="36.740008"><ele>65.0</ele></trkpt>
   <trkpt lon="-4.417992" lat="36.740007"><ele>64.25</ele></trkpt>
   <trkpt lon="-4.417993" lat="36.740008"><ele>65.0</ele></trkpt>
   <trkpt lon="-4.418084" lat="36.740060"><ele>65.0</ele></trkpt>
   <trkpt lon="-4.418142" lat="36.740114"><ele>65.5</ele></trkpt>
   <trkpt lon="-4.418148" lat="36.740142"><ele>65.5</ele></trkpt>
   <trkpt lon="-4.418385" lat="36.739988"><ele>66.25</ele></trkpt>
   <trkpt lon="-4.418766" lat="36.739761"><ele>64.25</ele></trkpt>
   <trkpt lon="-4.419031" lat="36.739700"><ele>64.5</ele></trkpt>
   <trkpt lon="-4.419382" lat="36.739563"><ele>62.5</ele></trkpt>
   <trkpt lon="-4.419483" lat="36.739509"><ele>61.5</ele></trkpt>
   <trkpt lon="-4.419598" lat="36.739446"><ele>60.75</ele></trkpt>
   <trkpt lon="-4.419811" lat="36.739400"><ele>58.25</ele></trkpt>
   <trkpt lon="-4.419966" lat="36.739382"><ele>55.0</ele></trkpt>
   <trkpt lon="-4.420053" lat="36.739389"><ele>53.5</ele></trkpt>
   <trkpt lon="-4.420417" lat="36.739481"><ele>50.25</ele></trkpt>
   <trkpt lon="-4.420683" lat="36.739549"><ele>46.25</ele></trkpt>
   <trkpt lon="-4.420807" lat="36.739555"><ele>44.0</ele></trkpt>
   <trkpt lon="-4.420983" lat="36.739539"><ele>42.5</ele></trkpt>
   <trkpt lon="-4.421387" lat="36.739491"><ele>38.0</ele></trkpt>
   <trkpt lon="-4.421440" lat="36.739485"><ele>37.75</ele></trkpt>
   <trkpt lon="-4.421450" lat="36.739392"><ele>38.0</ele></trkpt>
   <trkpt lon="-4.421452" lat="36.739338"><ele>38.5</ele></trkpt>
   <trkpt lon="-4.421440" lat="36.739125"><ele>39.25</ele></trkpt>
   <trkpt lon="-4.421449" lat="36.738999"><ele>38.0</ele></trkpt>
   <trkpt lon="-4.421458" lat="36.738872"><ele>36.75</ele></trkpt>
   <trkpt lon="-4.421469" lat="36.738688"><ele>35.0</ele></trkpt>
   <trkpt lon="-4.421476" lat="36.738565"><ele>34.0</ele></trkpt>
   <trkpt lon="-4.421500" lat="36.738217"><ele>32.25</ele></trkpt>
   <trkpt lon="-4.421504" lat="36.738166"><ele>32.0</ele></trkpt>
   <trkpt lon="-4.421520" lat="36.737939"><ele>30.75</ele></trkpt>
   <trkpt lon="-4.421525" lat="36.737863"><ele>30.25</ele></trkpt>
   <trkpt lon="-4.421530" lat="36.737762"><ele>29.75</ele></trkpt>
   <trkpt lon="-4.421531" lat="36.737744"><ele>29.75</ele></trkpt>
   <trkpt lon="-4.421547" lat="36.737696"><ele>29.5</ele></trkpt>
   <trkpt lon="-4.421563" lat="36.737647"><ele>29.0</ele></trkpt>
   <trkpt lon="-4.421693" lat="36.737676"><ele>29.0</ele></trkpt>
   <trkpt lon="-4.422209" lat="36.737790"><ele>27.0</ele></trkpt>
   <trkpt lon="-4.422285" lat="36.737806"><ele>26.5</ele></trkpt>
   <trkpt lon="-4.422328" lat="36.737816"><ele>26.25</ele></trkpt>
   <trkpt lon="-4.422448" lat="36.737842"><ele>25.5</ele></trkpt>
   <trkpt lon="-4.422566" lat="36.737867"><ele>25.0</ele></trkpt>
   <trkpt lon="-4.422602" lat="36.737874"><ele>25.0</ele></trkpt>
   <trkpt lon="-4.422688" lat="36.737894"><ele>24.75</ele></trkpt>
   <trkpt lon="-4.422775" lat="36.737881"><ele>24.5</ele></trkpt>
   <trkpt lon="-4.422853" lat="36.737845"><ele>24.25</ele></trkpt>
   <trkpt lon="-4.422908" lat="36.737785"><ele>24.0</ele></trkpt>
   <trkpt lon="-4.422912" lat="36.737608"><ele>23.5</ele></trkpt>
   <trkpt lon="-4.422915" lat="36.737547"><ele>23.5</ele></trkpt>
   <trkpt lon="-4.422928" lat="36.737506"><ele>23.25</ele></trkpt>
   <trkpt lon="-4.422949" lat="36.737443"><ele>23.25</ele></trkpt>
   <trkpt lon="-4.422968" lat="36.737385"><ele>23.25</ele></trkpt>
   <trkpt lon="-4.422991" lat="36.737327"><ele>23.25</ele></trkpt>
   <trkpt lon="-4.423033" lat="36.737202"><ele>23.0</ele></trkpt>
   <trkpt lon="-4.423043" lat="36.737172"><ele>22.75</ele></trkpt>
   <trkpt lon="-4.423124" lat="36.736921"><ele>21.75</ele></trkpt>
   <trkpt lon="-4.423193" lat="36.736710"><ele>21.75</ele></trkpt>
   <trkpt lon="-4.423282" lat="36.736424"><ele>21.0</ele></trkpt>
   <trkpt lon="-4.423307" lat="36.736346"><ele>21.0</ele></trkpt>
   <trkpt lon="-4.423321" lat="36.736301"><ele>21.0</ele></trkpt>
   <trkpt lon="-4.423333" lat="36.736255"><ele>21.0</ele></trkpt>
   <trkpt lon="-4.423459" lat="36.735893"><ele>21.25</ele></trkpt>
   <trkpt lon="-4.423537" lat="36.735646"><ele>20.75</ele></trkpt>
   <trkpt lon="-4.423634" lat="36.735320"><ele>20.75</ele></trkpt>
   <trkpt lon="-4.423654" lat="36.735252"><ele>20.75</ele></trkpt>
   <trkpt lon="-4.423665" lat="36.735082"><ele>20.5</ele></trkpt>
   <trkpt lon="-4.423681" lat="36.734911"><ele>20.5</ele></trkpt>
   <trkpt lon="-4.423683" lat="36.734882"><ele>20.25</ele></trkpt>
   <trkpt lon="-4.423689" lat="36.734820"><ele>20.25</ele></trkpt>
   <trkpt lon="-4.423692" lat="36.734785"><ele>20.0</ele></trkpt>
   <trkpt lon="-4.423702" lat="36.734667"><ele>20.0</ele></trkpt>
   <trkpt lon="-4.423724" lat="36.734437"><ele>20.0</ele></trkpt>
   <trkpt lon="-4.423746" lat="36.734353"><ele>20.0</ele></trkpt>
   <trkpt lon="-4.423752" lat="36.734197"><ele>20.25</ele></trkpt>
   <trkpt lon="-4.423751" lat="36.734159"><ele>20.25</ele></trkpt>
   <trkpt lon="-4.423757" lat="36.734044"><ele>20.0</ele></trkpt>
   <trkpt lon="-4.423762" lat="36.733974"><ele>19.75</ele></trkpt>
   <trkpt lon="-4.423785" lat="36.733603"><ele>18.75</ele></trkpt>
   <trkpt lon="-4.423819" lat="36.733188"><ele>18.5</ele></trkpt>
   <trkpt lon="-4.423834" lat="36.733128"><ele>18.25</ele></trkpt>
   <trkpt lon="-4.423856" lat="36.733049"><ele>18.0</ele></trkpt>
   <trkpt lon="-4.423899" lat="36.732965"><ele>17.5</ele></trkpt>
   <trkpt lon="-4.423946" lat="36.732920"><ele>17.5</ele></trkpt>
   <trkpt lon="-4.424001" lat="36.732894"><ele>17.25</ele></trkpt>
   <trkpt lon="-4.424033" lat="36.732886"><ele>17.25</ele></trkpt>
   <trkpt lon="-4.424910" lat="36.732937"><ele>17.25</ele></trkpt>
   <trkpt lon="-4.424959" lat="36.732940"><ele>17.25</ele></trkpt>
   <trkpt lon="-4.425042" lat="36.732946"><ele>17.5</ele></trkpt>
   <trkpt lon="-4.425134" lat="36.732952"><ele>17.25</ele></trkpt>
   <trkpt lon="-4.425283" lat="36.732962"><ele>16.75</ele></trkpt>
   <trkpt lon="-4.425282" lat="36.733001"><ele>16.75</ele></trkpt>
   <trkpt lon="-4.425298" lat="36.733018"><ele>16.75</ele></trkpt>
   <trkpt lon="-4.425310" lat="36.733012"><ele>16.75</ele></trkpt>
   <trkpt lon="-4.425999" lat="36.733048"><ele>17.0</ele></trkpt>
   <trkpt lon="-4.426626" lat="36.733081"><ele>16.75</ele></trkpt>
   <trkpt lon="-4.426695" lat="36.733085"><ele>16.75</ele></trkpt>
   <trkpt lon="-4.426731" lat="36.733074"><ele>16.75</ele></trkpt>
   <trkpt lon="-4.426736" lat="36.733031"><ele>16.5</ele></trkpt>
   <trkpt lon="-4.426761" lat="36.732812"><ele>16.0</ele></trkpt>
   <trkpt lon="-4.426780" lat="36.732481"><ele>15.75</ele></trkpt>
   <trkpt lon="-4.426796" lat="36.732452"><ele>15.75</ele></trkpt>
   <trkpt lon="-4.426862" lat="36.732368"><ele>15.5</ele></trkpt>
   <trkpt lon="-4.426928" lat="36.732286"><ele>15.0</ele></trkpt>
   <trkpt lon="-4.426932" lat="36.732255"><ele>15.0</ele></trkpt>
   <trkpt lon="-4.426943" lat="36.732172"><ele>15.0</ele></trkpt>
   <trkpt lon="-4.426950" lat="36.732090"><ele>15.0</ele></trkpt>
   <trkpt lon="-4.426984" lat="36.731645"><ele>15.0</ele></trkpt>
   <trkpt lon="-4.427137" lat="36.729815"><ele>14.0</ele></trkpt>
   <trkpt lon="-4.427205" lat="36.729008"><ele>13.0</ele></trkpt>
   <trkpt lon="-4.427213" lat="36.728927"><ele>13.0</ele></trkpt>
   <trkpt lon="-4.427225" lat="36.728862"><ele>13.0</ele></trkpt>
   <trkpt lon="-4.427233" lat="36.728824"><ele>13.0</ele></trkpt>
   <trkpt lon="-4.427243" lat="36.728657"><ele>13.0</ele></trkpt>
   <trkpt lon="-4.427286" lat="36.727973"><ele>13.25</ele></trkpt>
   <trkpt lon="-4.427227" lat="36.727962"><ele>13.0</ele></trkpt>
   <trkpt lon="-4.427143" lat="36.727949"><ele>13.0</ele></trkpt>
   <trkpt lon="-4.427123" lat="36.727947"><ele>13.0</ele></trkpt>
   <trkpt lon="-4.427093" lat="36.727931"><ele>13.0</ele></trkpt>
   <trkpt lon="-4.427073" lat="36.727899"><ele>13.0</ele></trkpt>
   <trkpt lon="-4.427012" lat="36.727275"><ele>13.0</ele></trkpt>
   <trkpt lon="-4.427056" lat="36.727172"><ele>13.25</ele></trkpt>
   <trkpt lon="-4.427071" lat="36.727116"><ele>13.25</ele></trkpt>
   <trkpt lon="-4.427082" lat="36.727054"><ele>13.0</ele></trkpt>
   <trkpt lon="-4.427105" lat="36.726957"><ele>13.0</ele></trkpt>
   <trkpt lon="-4.427123" lat="36.726832"><ele>12.5</ele></trkpt>
   <trkpt lon="-4.427291" lat="36.726838"><ele>12.75</ele></trkpt>
   <trkpt lon="-4.427344" lat="36.726875"><ele>12.75</ele></trkpt>
   <trkpt lon="-4.427844" lat="36.726901"><ele>13.0</ele></trkpt>
   <trkpt lon="-4.428533" lat="36.726937"><ele>13.0</ele></trkpt>
   <trkpt lon="-4.428597" lat="36.726940"><ele>13.0</ele></trkpt>
   <trkpt lon="-4.428597" lat="36.726878"><ele>13.0</ele></trkpt>
   <trkpt lon="-4.428600" lat="36.726844"><ele>13.0</ele></trkpt>
   <trkpt lon="-4.428629" lat="36.726813"><ele>13.0</ele></trkpt>
   <trkpt lon="-4.428649" lat="36.726457"><ele>12.25</ele></trkpt>
   <trkpt lon="-4.428650" lat="36.726374"><ele>12.0</ele></trkpt>
   <trkpt lon="-4.428694" lat="36.725872"><ele>12.0</ele></trkpt>
   <trkpt lon="-4.428723" lat="36.725494"><ele>11.0</ele></trkpt>
   <trkpt lon="-4.428750" lat="36.725152"><ele>11.0</ele></trkpt>
   <trkpt lon="-4.428779" lat="36.724637"><ele>10.25</ele></trkpt>
   <trkpt lon="-4.428793" lat="36.724300"><ele>10.0</ele></trkpt>
   <trkpt lon="-4.428806" lat="36.724246"><ele>10.0</ele></trkpt>
   <trkpt lon="-4.428818" lat="36.724164"><ele>9.75</ele></trkpt>
   <trkpt lon="-4.428831" lat="36.723772"><ele>9.0</ele></trkpt>
   <trkpt lon="-4.428868" lat="36.723695"><ele>9.0</ele></trkpt>
   <trkpt lon="-4.428869" lat="36.723578"><ele>8.75</ele></trkpt>
   <trkpt lon="-4.428867" lat="36.723410"><ele>8.25</ele></trkpt>
   <trkpt lon="-4.428880" lat="36.723378"><ele>8.0</ele></trkpt>
   <trkpt lon="-4.428974" lat="36.722479"><ele>8.0</ele></trkpt>
   <trkpt lon="-4.428991" lat="36.722127"><ele>8.0</ele></trkpt>
   <trkpt lon="-4.428989" lat="36.722100"><ele>8.0</ele></trkpt>
   <trkpt lon="-4.428972" lat="36.722079"><ele>8.0</ele></trkpt>
   <trkpt lon="-4.428986" lat="36.721663"><ele>7.0</ele></trkpt>
   <trkpt lon="-4.428975" lat="36.721638"><ele>7.0</ele></trkpt>
   <trkpt lon="-4.428943" lat="36.721626"><ele>7.0</ele></trkpt>
   <trkpt lon="-4.428943" lat="36.721577"><ele>7.0</ele></trkpt>
   <trkpt lon="-4.428945" lat="36.721507"><ele>7.0</ele></trkpt>
   <trkpt lon="-4.428995" lat="36.720963"><ele>7.25</ele></trkpt>
   <trkpt lon="-4.429032" lat="36.720905"><ele>7.25</ele></trkpt>
   <trkpt lon="-4.429098" lat="36.720344"><ele>6.5</ele></trkpt>
   <trkpt lon="-4.429168" lat="36.719723"><ele>6.0</ele></trkpt>
   <trkpt lon="-4.429198" lat="36.719486"><ele>6.0</ele></trkpt>
   <trkpt lon="-4.429186" lat="36.719437"><ele>6.0</ele></trkpt>
   <trkpt lon="-4.429203" lat="36.719313"><ele>6.0</ele></trkpt>
   <trkpt lon="-4.429212" lat="36.719233"><ele>6.0</ele></trkpt>
   <trkpt lon="-4.429206" lat="36.719139"><ele>5.75</ele></trkpt>
   <trkpt lon="-4.429240" lat="36.719079"><ele>5.5</ele></trkpt>
   <trkpt lon="-4.429284" lat="36.718722"><ele>5.0</ele></trkpt>
   <trkpt lon="-4.429303" lat="36.718588"><ele>5.0</ele></trkpt>
   <trkpt lon="-4.429367" lat="36.718550"><ele>5.0</ele></trkpt>
   <trkpt lon="-4.429402" lat="36.718233"><ele>5.0</ele></trkpt>
   <trkpt lon="-4.429450" lat="36.718188"><ele>5.0</ele></trkpt>
   <trkpt lon="-4.429536" lat="36.718037"><ele>5.0</ele></trkpt>
   <trkpt lon="-4.429606" lat="36.717915"><ele>5.0</ele></trkpt>
   <trkpt lon="-4.429629" lat="36.717740"><ele>5.25</ele></trkpt>
   <trkpt lon="-4.429655" lat="36.717536"><ele>5.0</ele></trkpt>
   <trkpt lon="-4.429661" lat="36.717484"><ele>5.0</ele></trkpt>
   <trkpt lon="-4.429699" lat="36.717273"><ele>5.75</ele></trkpt>
   <trkpt lon="-4.429757" lat="36.717190"><ele>6.0</ele></trkpt>
   <trkpt lon="-4.429824" lat="36.717072"><ele>6.0</ele></trkpt>
   <trkpt lon="-4.429883" lat="36.717021"><ele>6.0</ele></trkpt>
   <trkpt lon="-4.429928" lat="36.716963"><ele>5.75</ele></trkpt>
   <trkpt lon="-4.429963" lat="36.716869"><ele>6.0</ele></trkpt>
   <trkpt lon="-4.429964" lat="36.716772"><ele>6.0</ele></trkpt>
   <trkpt lon="-4.429903" lat="36.716640"><ele>5.75</ele></trkpt>
   <trkpt lon="-4.429779" lat="36.716540"><ele>5.5</ele></trkpt>
   <trkpt lon="-4.429754" lat="36.716417"><ele>5.0</ele></trkpt>
   <trkpt lon="-4.429769" lat="36.716228"><ele>5.0</ele></trkpt>
   <trkpt lon="-4.429775" lat="36.716155"><ele>5.0</ele></trkpt>
   <trkpt lon="-4.429793" lat="36.716066"><ele>5.0</ele></trkpt>
   <trkpt lon="-4.429838" lat="36.716034"><ele>5.0</ele></trkpt>
   <trkpt lon="-4.429870" lat="36.715995"><ele>5.0</ele></trkpt>
   <trkpt lon="-4.429888" lat="36.715950"><ele>5.0</ele></trkpt>
   <trkpt lon="-4.429890" lat="36.715903"><ele>5.0</ele></trkpt>
   <trkpt lon="-4.429877" lat="36.715858"><ele>5.0</ele></trkpt>
   <trkpt lon="-4.429866" lat="36.715837"><ele>5.0</ele></trkpt>
   <trkpt lon="-4.429822" lat="36.715598"><ele>5.25</ele></trkpt>
   <trkpt lon="-4.429826" lat="36.715518"><ele>5.25</ele></trkpt>
   <trkpt lon="-4.429844" lat="36.715434"><ele>5.0</ele></trkpt>
   <trkpt lon="-4.429898" lat="36.715351"><ele>5.0</ele></trkpt>
   <trkpt lon="-4.430053" lat="36.715200"><ele>5.0</ele></trkpt>
   <trkpt lon="-4.430381" lat="36.714918"><ele>5.25</ele></trkpt>
   <trkpt lon="-4.430484" lat="36.714824"><ele>5.25</ele></trkpt>
   <trkpt lon="-4.431004" lat="36.714351"><ele>5.5</ele></trkpt>
   <trkpt lon="-4.431209" lat="36.714227"><ele>5.5</ele></trkpt>
   <trkpt lon="-4.431271" lat="36.714207"><ele>5.5</ele></trkpt>
   <trkpt lon="-4.431569" lat="36.714109"><ele>5.5</ele></trkpt>
   <trkpt lon="-4.431697" lat="36.714091"><ele>6.0</ele></trkpt>
   <trkpt lon="-4.431741" lat="36.714099"><ele>6.0</ele></trkpt>
   <trkpt lon="-4.431814" lat="36.714109"><ele>6.0</ele></trkpt>
   <trkpt lon="-4.431905" lat="36.714121"><ele>6.0</ele></trkpt>
   <trkpt lon="-4.431943" lat="36.714177"><ele>6.0</ele></trkpt>
   <trkpt lon="-4.431984" lat="36.714216"><ele>6.0</ele></trkpt>
   <trkpt lon="-4.432077" lat="36.714260"><ele>6.25</ele></trkpt>
   <trkpt lon="-4.432185" lat="36.714274"><ele>6.75</ele></trkpt>
   <trkpt lon="-4.432235" lat="36.714268"><ele>6.75</ele></trkpt>
   <trkpt lon="-4.432308" lat="36.714246"><ele>7.0</ele></trkpt>
   <trkpt lon="-4.432399" lat="36.714183"><ele>7.0</ele></trkpt>
   <trkpt lon="-4.432451" lat="36.714092"><ele>6.5</ele></trkpt>
   <trkpt lon="-4.432454" lat="36.714018"><ele>6.25</ele></trkpt>
   <trkpt lon="-4.432437" lat="36.713963"><ele>6.25</ele></trkpt>
   <trkpt lon="-4.432510" lat="36.713903"><ele>6.0</ele></trkpt>
   <trkpt lon="-4.432661" lat="36.713824"><ele>6.25</ele></trkpt>
   <trkpt lon="-4.433215" lat="36.713603"><ele>5.75</ele></trkpt>
   <trkpt lon="-4.433392" lat="36.713552"><ele>6.0</ele></trkpt>
   <trkpt lon="-4.433469" lat="36.713535"><ele>6.0</ele></trkpt>
   <trkpt lon="-4.433777" lat="36.713504"><ele>6.0</ele></trkpt>
   <trkpt lon="-4.433886" lat="36.713497"><ele>6.0</ele></trkpt>
   <trkpt lon="-4.434268" lat="36.713471"><ele>6.0</ele></trkpt>
   <trkpt lon="-4.434491" lat="36.713464"><ele>6.0</ele></trkpt>
   <trkpt lon="-4.434714" lat="36.713457"><ele>6.0</ele></trkpt>
   <trkpt lon="-4.434750" lat="36.713456"><ele>6.0</ele></trkpt>
   <trkpt lon="-4.435016" lat="36.713447"><ele>6.0</ele></trkpt>
   <trkpt lon="-4.435234" lat="36.713424"><ele>6.0</ele></trkpt>
   <trkpt lon="-4.435604" lat="36.713377"><ele>6.0</ele></trkpt>
   <trkpt lon="-4.435711" lat="36.713360"><ele>6.0</ele></trkpt>
   <trkpt lon="-4.435949" lat="36.713324"><ele>6.0</ele></trkpt>
   <trkpt lon="-4.436065" lat="36.713308"><ele>6.0</ele></trkpt>
   <trkpt lon="-4.436210" lat="36.713286"><ele>6.0</ele></trkpt>
   <trkpt lon="-4.436340" lat="36.713265"><ele>6.0</ele></trkpt>
   <trkpt lon="-4.436501" lat="36.713242"><ele>6.0</ele></trkpt>
   <trkpt lon="-4.436642" lat="36.713220"><ele>6.0</ele></trkpt>
   <trkpt lon="-4.436912" lat="36.713179"><ele>6.25</ele></trkpt>
   <trkpt lon="-4.437021" lat="36.713163"><ele>6.5</ele></trkpt>
   <trkpt lon="-4.437084" lat="36.713153"><ele>6.5</ele></trkpt>
   <trkpt lon="-4.437424" lat="36.713087"><ele>7.0</ele></trkpt>
   <trkpt lon="-4.437531" lat="36.713059"><ele>6.75</ele></trkpt>
   <trkpt lon="-4.437680" lat="36.713015"><ele>7.0</ele></trkpt>
   <trkpt lon="-4.437916" lat="36.712926"><ele>7.5</ele></trkpt>
   <trkpt lon="-4.437999" lat="36.712892"><ele>7.5</ele></trkpt>
   <trkpt lon="-4.438279" lat="36.712738"><ele>7.0</ele></trkpt>
   <trkpt lon="-4.438662" lat="36.712528"><ele>7.25</ele></trkpt>
   <trkpt lon="-4.438778" lat="36.712464"><ele>7.5</ele></trkpt>
   <trkpt lon="-4.438907" lat="36.712415"><ele>8.0</ele></trkpt>
   <trkpt lon="-4.439050" lat="36.712362"><ele>8.0</ele></trkpt>
   <trkpt lon="-4.439151" lat="36.712324"><ele>8.0</ele></trkpt>
   <trkpt lon="-4.439728" lat="36.712156"><ele>8.0</ele></trkpt>
   <trkpt lon="-4.439852" lat="36.712136"><ele>8.0</ele></trkpt>
   <trkpt lon="-4.439935" lat="36.712120"><ele>8.0</ele></trkpt>
   <trkpt lon="-4.440142" lat="36.712112"><ele>8.0</ele></trkpt>
   <trkpt lon="-4.440285" lat="36.712107"><ele>8.0</ele></trkpt>
   <trkpt lon="-4.440524" lat="36.712125"><ele>8.5</ele></trkpt>
   <trkpt lon="-4.440685" lat="36.712118"><ele>8.75</ele></trkpt>
   <trkpt lon="-4.440718" lat="36.712180"><ele>8.75</ele></trkpt>
   <trkpt lon="-4.440773" lat="36.712231"><ele>9.0</ele></trkpt>
   <trkpt lon="-4.440846" lat="36.712268"><ele>9.0</ele></trkpt>
   <trkpt lon="-4.440931" lat="36.712285"><ele>9.0</ele></trkpt>
   <trkpt lon="-4.441021" lat="36.712279"><ele>9.0</ele></trkpt>
   <trkpt lon="-4.441105" lat="36.712250"><ele>9.0</ele></trkpt>
   <trkpt lon="-4.441166" lat="36.712206"><ele>9.0</ele></trkpt>
   <trkpt lon="-4.441172" lat="36.712202"><ele>9.0</ele></trkpt>
   <trkpt lon="-4.441212" lat="36.712146"><ele>9.0</ele></trkpt>
   <trkpt lon="-4.441231" lat="36.712083"><ele>9.0</ele></trkpt>
   <trkpt lon="-4.441227" lat="36.712019"><ele>9.0</ele></trkpt>
   <trkpt lon="-4.441202" lat="36.711962"><ele>9.0</ele></trkpt>
   <trkpt lon="-4.441160" lat="36.711913"><ele>9.0</ele></trkpt>
   <trkpt lon="-4.441322" lat="36.711827"><ele>9.0</ele></trkpt>
   <trkpt lon="-4.441582" lat="36.711647"><ele>9.0</ele></trkpt>
   <trkpt lon="-4.441697" lat="36.711567"><ele>9.0</ele></trkpt>
   <trkpt lon="-4.441801" lat="36.711496"><ele>9.0</ele></trkpt>
   <trkpt lon="-4.441942" lat="36.711398"><ele>9.0</ele></trkpt>
   <trkpt lon="-4.442020" lat="36.711344"><ele>9.25</ele></trkpt>
   <trkpt lon="-4.442092" lat="36.711294"><ele>9.5</ele></trkpt>
   <trkpt lon="-4.442237" lat="36.711190"><ele>10.0</ele></trkpt>
   <trkpt lon="-4.442293" lat="36.711157"><ele>10.0</ele></trkpt>
   <trkpt lon="-4.442455" lat="36.711045"><ele>10.0</ele></trkpt>
   <trkpt lon="-4.442620" lat="36.710929"><ele>10.0</ele></trkpt>
   <trkpt lon="-4.442687" lat="36.710883"><ele>10.0</ele></trkpt>
   <trkpt lon="-4.442955" lat="36.710698"><ele>10.25</ele></trkpt>
   <trkpt lon="-4.443038" lat="36.710642"><ele>10.25</ele></trkpt>
   <trkpt lon="-4.443428" lat="36.710396"><ele>11.0</ele></trkpt>
   <trkpt lon="-4.443526" lat="36.710325"><ele>11.0</ele></trkpt>
   <trkpt lon="-4.443601" lat="36.710273"><ele>11.0</ele></trkpt>
   <trkpt lon="-4.443859" lat="36.710094"><ele>11.25</ele></trkpt>
   <trkpt lon="-4.443931" lat="36.710048"><ele>11.25</ele></trkpt>
   <trkpt lon="-4.444022" lat="36.710011"><ele>11.25</ele></trkpt>
   <trkpt lon="-4.444144" lat="36.709954"><ele>11.75</ele></trkpt>
   <trkpt lon="-4.444367" lat="36.709897"><ele>12.0</ele></trkpt>
   <trkpt lon="-4.444505" lat="36.709876"><ele>12.0</ele></trkpt>
   <trkpt lon="-4.444689" lat="36.709885"><ele>12.0</ele></trkpt>
   <trkpt lon="-4.444797" lat="36.709882"><ele>12.25</ele></trkpt>
   <trkpt lon="-4.444939" lat="36.709863"><ele>12.75</ele></trkpt>
   <trkpt lon="-4.445064" lat="36.709819"><ele>12.75</ele></trkpt>
   <trkpt lon="-4.445116" lat="36.709785"><ele>12.5</ele></trkpt>
   <trkpt lon="-4.445142" lat="36.709749"><ele>12.5</ele></trkpt>
   <trkpt lon="-4.445269" lat="36.709682"><ele>12.0</ele></trkpt>
   <trkpt lon="-4.445303" lat="36.709656"><ele>12.0</ele></trkpt>
   <trkpt lon="-4.445393" lat="36.709597"><ele>12.25</ele></trkpt>
   <trkpt lon="-4.445634" lat="36.709437"><ele>12.0</ele></trkpt>
   <trkpt lon="-4.445767" lat="36.709336"><ele>12.0</ele></trkpt>
   <trkpt lon="-4.445854" lat="36.709274"><ele>12.0</ele></trkpt>
   <trkpt lon="-4.446417" lat="36.708873"><ele>12.0</ele></trkpt>
   <trkpt lon="-4.446582" lat="36.708756"><ele>12.0</ele></trkpt>
   <trkpt lon="-4.446694" lat="36.708679"><ele>12.0</ele></trkpt>
   <trkpt lon="-4.446724" lat="36.708658"><ele>12.0</ele></trkpt>
   <trkpt lon="-4.447334" lat="36.708216"><ele>12.0</ele></trkpt>
   <trkpt lon="-4.447758" lat="36.707965"><ele>12.0</ele></trkpt>
   <trkpt lon="-4.447896" lat="36.707884"><ele>12.0</ele></trkpt>
   <trkpt lon="-4.448402" lat="36.707587"><ele>12.25</ele></trkpt>
   <trkpt lon="-4.448484" lat="36.707538"><ele>12.5</ele></trkpt>
   <trkpt lon="-4.448880" lat="36.707290"><ele>12.0</ele></trkpt>
   <trkpt lon="-4.449024" lat="36.707211"><ele>12.25</ele></trkpt>
   <trkpt lon="-4.449132" lat="36.707142"><ele>12.5</ele></trkpt>
   <trkpt lon="-4.449280" lat="36.707061"><ele>12.25</ele></trkpt>
   <trkpt lon="-4.449435" lat="36.706963"><ele>12.0</ele></trkpt>
   <trkpt lon="-4.449488" lat="36.706930"><ele>12.0</ele></trkpt>
   <trkpt lon="-4.449530" lat="36.706899"><ele>12.25</ele></trkpt>
   <trkpt lon="-4.449867" lat="36.706697"><ele>12.0</ele></trkpt>
   <trkpt lon="-4.450754" lat="36.706158"><ele>12.0</ele></trkpt>
   <trkpt lon="-4.451281" lat="36.705836"><ele>11.0</ele></trkpt>
   <trkpt lon="-4.451638" lat="36.705627"><ele>11.0</ele></trkpt>
   <trkpt lon="-4.451821" lat="36.705574"><ele>11.0</ele></trkpt>
   <trkpt lon="-4.451886" lat="36.705554"><ele>10.75</ele></trkpt>
   <trkpt lon="-4.451949" lat="36.705584"><ele>11.0</ele></trkpt>
   <trkpt lon="-4.451998" lat="36.705593"><ele>11.0</ele></trkpt>
   <trkpt lon="-4.452036" lat="36.705593"><ele>11.0</ele></trkpt>
   <trkpt lon="-4.452106" lat="36.705577"><ele>11.0</ele></trkpt>
   <trkpt lon="-4.452156" lat="36.705548"><ele>10.75</ele></trkpt>
   <trkpt lon="-4.452179" lat="36.705526"><ele>10.75</ele></trkpt>
   <trkpt lon="-4.452271" lat="36.705476"><ele>10.75</ele></trkpt>
   <trkpt lon="-4.452396" lat="36.705392"><ele>11.0</ele></trkpt>
   <trkpt lon="-4.452479" lat="36.705345"><ele>11.0</ele></trkpt>
   <trkpt lon="-4.453380" lat="36.704941"><ele>11.0</ele></trkpt>
   <trkpt lon="-4.453490" lat="36.704890"><ele>11.0</ele></trkpt>
   <trkpt lon="-4.453610" lat="36.704833"><ele>11.0</ele></trkpt>
   <trkpt lon="-4.453787" lat="36.704726"><ele>11.5</ele></trkpt>
   <trkpt lon="-4.453875" lat="36.704672"><ele>11.75</ele></trkpt>
   <trkpt lon="-4.454015" lat="36.704660"><ele>11.75</ele></trkpt>
   <trkpt lon="-4.454116" lat="36.704665"><ele>11.75</ele></trkpt>
   <trkpt lon="-4.454198" lat="36.704689"><ele>12.0</ele></trkpt>
   <trkpt lon="-4.454251" lat="36.704691"><ele>12.0</ele></trkpt>
   <trkpt lon="-4.454288" lat="36.704686"><ele>12.0</ele></trkpt>
   <trkpt lon="-4.454364" lat="36.704658"><ele>12.0</ele></trkpt>
   <trkpt lon="-4.454406" lat="36.704627"><ele>12.0</ele></trkpt>
   <trkpt lon="-4.454441" lat="36.704582"><ele>12.0</ele></trkpt>
   <trkpt lon="-4.454457" lat="36.704535"><ele>12.0</ele></trkpt>
   <trkpt lon="-4.454458" lat="36.704495"><ele>12.0</ele></trkpt>
   <trkpt lon="-4.454539" lat="36.704404"><ele>11.75</ele></trkpt>
   <trkpt lon="-4.454712" lat="36.704299"><ele>11.75</ele></trkpt>
   <trkpt lon="-4.456238" lat="36.703571"><ele>13.25</ele></trkpt>
   <trkpt lon="-4.456471" lat="36.703460"><ele>13.75</ele></trkpt>
   <trkpt lon="-4.456953" lat="36.703231"><ele>14.0</ele></trkpt>
   <trkpt lon="-4.457098" lat="36.703168"><ele>14.25</ele></trkpt>
   <trkpt lon="-4.458014" lat="36.702791"><ele>15.75</ele></trkpt>
   <trkpt lon="-4.458427" lat="36.702624"><ele>15.25</ele></trkpt>
   <trkpt lon="-4.458700" lat="36.702514"><ele>16.0</ele></trkpt>
   <trkpt lon="-4.459045" lat="36.702377"><ele>16.75</ele></trkpt>
   <trkpt lon="-4.459497" lat="36.702199"><ele>18.0</ele></trkpt>
   <trkpt lon="-4.459688" lat="36.702145"><ele>18.0</ele></trkpt>
   <trkpt lon="-4.459747" lat="36.702177"><ele>18.0</ele></trkpt>
   <trkpt lon="-4.459843" lat="36.702184"><ele>18.0</ele></trkpt>
   <trkpt lon="-4.459874" lat="36.702179"><ele>18.0</ele></trkpt>
   <trkpt lon="-4.460168" lat="36.702076"><ele>18.5</ele></trkpt>
   <trkpt lon="-4.460487" lat="36.701955"><ele>18.25</ele></trkpt>
   <trkpt lon="-4.460559" lat="36.701927"><ele>18.0</ele></trkpt>
   <trkpt lon="-4.460899" lat="36.701809"><ele>18.0</ele></trkpt>
   <trkpt lon="-4.461292" lat="36.701661"><ele>18.0</ele></trkpt>
   <trkpt lon="-4.461681" lat="36.701514"><ele>17.75</ele></trkpt>
   <trkpt lon="-4.461934" lat="36.701419"><ele>17.0</ele></trkpt>
   <trkpt lon="-4.462071" lat="36.701367"><ele>17.0</ele></trkpt>
   <trkpt lon="-4.462150" lat="36.701338"><ele>17.0</ele></trkpt>
   <trkpt lon="-4.462194" lat="36.701273"><ele>17.25</ele></trkpt>
   <trkpt lon="-4.462223" lat="36.701173"><ele>17.75</ele></trkpt>
   <trkpt lon="-4.462301" lat="36.701116"><ele>17.75</ele></trkpt>
   <trkpt lon="-4.462628" lat="36.700981"><ele>17.0</ele></trkpt>
   <trkpt lon="-4.463048" lat="36.700818"><ele>17.75</ele></trkpt>
   <trkpt lon="-4.463872" lat="36.700491"><ele>16.0</ele></trkpt>
   <trkpt lon="-4.464038" lat="36.700427"><ele>16.0</ele></trkpt>
   <trkpt lon="-4.464808" lat="36.700114"><ele>15.25</ele></trkpt>
   <trkpt lon="-4.465561" lat="36.699818"><ele>15.0</ele></trkpt>
   <trkpt lon="-4.466289" lat="36.699543"><ele>15.0</ele></trkpt>
   <trkpt lon="-4.466511" lat="36.699469"><ele>15.25</ele></trkpt>
   <trkpt lon="-4.466958" lat="36.699336"><ele>16.0</ele></trkpt>
   <trkpt lon="-4.467027" lat="36.699327"><ele>16.0</ele></trkpt>
   <trkpt lon="-4.467165" lat="36.699299"><ele>16.25</ele></trkpt>
   <trkpt lon="-4.467415" lat="36.699259"><ele>16.75</ele></trkpt>
   <trkpt lon="-4.467546" lat="36.699250"><ele>17.0</ele></trkpt>
   <trkpt lon="-4.467608" lat="36.699257"><ele>17.0</ele></trkpt>
   <trkpt lon="-4.467669" lat="36.699250"><ele>17.0</ele></trkpt>
   <trkpt lon="-4.467706" lat="36.699335"><ele>17.25</ele></trkpt>
   <trkpt lon="-4.467820" lat="36.699627"><ele>18.0</ele></trkpt>
   <trkpt lon="-4.467954" lat="36.699953"><ele>18.5</ele></trkpt>
   <trkpt lon="-4.468015" lat="36.700102"><ele>18.75</ele></trkpt>
   <trkpt lon="-4.468354" lat="36.700932"><ele>20.25</ele></trkpt>
   <trkpt lon="-4.468434" lat="36.701056"><ele>21.0</ele></trkpt>
   <trkpt lon="-4.468549" lat="36.701174"><ele>21.75</ele></trkpt>
   <trkpt lon="-4.468709" lat="36.701261"><ele>22.75</ele></trkpt>
   <trkpt lon="-4.468867" lat="36.701328"><ele>23.5</ele></trkpt>
   <trkpt lon="-4.469027" lat="36.701355"><ele>24.25</ele></trkpt>
   <trkpt lon="-4.470430" lat="36.701439"><ele>21.75</ele></trkpt>
   <trkpt lon="-4.470646" lat="36.701451"><ele>23.25</ele></trkpt>
   <trkpt lon="-4.471269" lat="36.701430"><ele>27.0</ele></trkpt>
   <trkpt lon="-4.471384" lat="36.701427"><ele>27.0</ele></trkpt>
   <trkpt lon="-4.472517" lat="36.701385"><ele>23.75</ele></trkpt>
   <trkpt lon="-4.472608" lat="36.701382"><ele>23.75</ele></trkpt>
   <trkpt lon="-4.472687" lat="36.701380"><ele>23.75</ele></trkpt>
   <trkpt lon="-4.472765" lat="36.701377"><ele>23.75</ele></trkpt>
   <trkpt lon="-4.472850" lat="36.701374"><ele>23.75</ele></trkpt>
   <trkpt lon="-4.473292" lat="36.701361"><ele>23.75</ele></trkpt>
   <trkpt lon="-4.473689" lat="36.701350"><ele>24.75</ele></trkpt>
   <trkpt lon="-4.474584" lat="36.701316"><ele>26.5</ele></trkpt>
   <trkpt lon="-4.474657" lat="36.702601"><ele>28.0</ele></trkpt>
  </trkseg>
 </trk>
</gpx>
