<?xml version="1.0" encoding="UTF-8"?>
<!-- track-length = 168785 filtered ascend = 2889 plain-ascend = 1 cost=374537 energy=1.2kwh time=12h 23m 52s -->
<gpx 
 xmlns="http://www.topografix.com/GPX/1/1" 
 xmlns:xsi="http://www.w3.org/2001/XMLSchema-instance" 
 xsi:schemaLocation="http://www.topografix.com/GPX/1/1 http://www.topografix.com/GPX/1/1/gpx.xsd" 
 creator="BRouter-1.7.10" version="1.1">
 <trk>
  <name>brouter_trekking_0</name>
  <trkseg>
   <trkpt lon="-4.474657" lat="36.702601"><ele>27.0</ele></trkpt>
   <trkpt lon="-4.474584" lat="36.701316"><ele>25.1</ele></trkpt>
   <trkpt lon="-4.473689" lat="36.701350"><ele>23.7</ele></trkpt>
   <trkpt lon="-4.473292" lat="36.701361"><ele>23.7</ele></trkpt>
   <trkpt lon="-4.472850" lat="36.701374"><ele>23.5</ele></trkpt>
   <trkpt lon="-4.472765" lat="36.701377"><ele>23.6</ele></trkpt>
   <trkpt lon="-4.472687" lat="36.701380"><ele>23.6</ele></trkpt>
   <trkpt lon="-4.472608" lat="36.701382"><ele>23.7</ele></trkpt>
   <trkpt lon="-4.472517" lat="36.701385"><ele>23.8</ele></trkpt>
   <trkpt lon="-4.471384" lat="36.701427"><ele>23.2</ele></trkpt>
   <trkpt lon="-4.471269" lat="36.701430"><ele>22.6</ele></trkpt>
   <trkpt lon="-4.470646" lat="36.701451"><ele>21.4</ele></trkpt>
   <trkpt lon="-4.470430" lat="36.701439"><ele>21.9</ele></trkpt>
   <trkpt lon="-4.469027" lat="36.701355"><ele>22.3</ele></trkpt>
   <trkpt lon="-4.468867" lat="36.701328"><ele>21.8</ele></trkpt>
   <trkpt lon="-4.468709" lat="36.701261"><ele>21.3</ele></trkpt>
   <trkpt lon="-4.468549" lat="36.701174"><ele>20.6</ele></trkpt>
   <trkpt lon="-4.468434" lat="36.701056"><ele>20.1</ele></trkpt>
   <trkpt lon="-4.468354" lat="36.700932"><ele>19.9</ele></trkpt>
   <trkpt lon="-4.468015" lat="36.700102"><ele>17.9</ele></trkpt>
   <trkpt lon="-4.467954" lat="36.699953"><ele>17.7</ele></trkpt>
   <trkpt lon="-4.467820" lat="36.699627"><ele>17.2</ele></trkpt>
   <trkpt lon="-4.467706" lat="36.699335"><ele>16.8</ele></trkpt>
   <trkpt lon="-4.467669" lat="36.699250"><ele>16.4</ele></trkpt>
   <trkpt lon="-4.467727" lat="36.699229"><ele>16.5</ele></trkpt>
   <trkpt lon="-4.467774" lat="36.699196"><ele>16.5</ele></trkpt>
   <trkpt lon="-4.467809" lat="36.699150"><ele>16.4</ele></trkpt>
   <trkpt lon="-4.467825" lat="36.699097"><ele>16.4</ele></trkpt>
   <trkpt lon="-4.467819" lat="36.699044"><ele>16.3</ele></trkpt>
   <trkpt lon="-4.467794" lat="36.698994"><ele>16.2</ele></trkpt>
   <trkpt lon="-4.467750" lat="36.698952"><ele>16.1</ele></trkpt>
   <trkpt lon="-4.467697" lat="36.698925"><ele>16.0</ele></trkpt>
   <trkpt lon="-4.467638" lat="36.698912"><ele>16.1</ele></trkpt>
   <trkpt lon="-4.467577" lat="36.698912"><ele>16.2</ele></trkpt>
   <trkpt lon="-4.467518" lat="36.698927"><ele>16.2</ele></trkpt>
   <trkpt lon="-4.467481" lat="36.698944"><ele>16.3</ele></trkpt>
   <trkpt lon="-4.467423" lat="36.698996"><ele>16.2</ele></trkpt>
   <trkpt lon="-4.467085" lat="36.699148"><ele>16.7</ele></trkpt>
   <trkpt lon="-4.466640" lat="36.699311"><ele>15.3</ele></trkpt>
   <trkpt lon="-4.466199" lat="36.699454"><ele>13.7</ele></trkpt>
   <trkpt lon="-4.464843" lat="36.699992"><ele>15.6</ele></trkpt>
   <trkpt lon="-4.463348" lat="36.700581"><ele>15.9</ele></trkpt>
   <trkpt lon="-4.463109" lat="36.700674"><ele>16.5</ele></trkpt>
   <trkpt lon="-4.462699" lat="36.700828"><ele>17.1</ele></trkpt>
   <trkpt lon="-4.462295" lat="36.701000"><ele>17.1</ele></trkpt>
   <trkpt lon="-4.462193" lat="36.701008"><ele>17.0</ele></trkpt>
   <trkpt lon="-4.462083" lat="36.700983"><ele>17.0</ele></trkpt>
   <trkpt lon="-4.461993" lat="36.700972"><ele>17.0</ele></trkpt>
   <trkpt lon="-4.461905" lat="36.700975"><ele>17.0</ele></trkpt>
   <trkpt lon="-4.461469" lat="36.701144"><ele>17.4</ele></trkpt>
   <trkpt lon="-4.461106" lat="36.701281"><ele>18.0</ele></trkpt>
   <trkpt lon="-4.460677" lat="36.701442"><ele>18.0</ele></trkpt>
   <trkpt lon="-4.460344" lat="36.701573"><ele>18.0</ele></trkpt>
   <trkpt lon="-4.459746" lat="36.701802"><ele>18.0</ele></trkpt>
   <trkpt lon="-4.459657" lat="36.701846"><ele>18.0</ele></trkpt>
   <trkpt lon="-4.459601" lat="36.701902"><ele>18.0</ele></trkpt>
   <trkpt lon="-4.459580" lat="36.701956"><ele>18.0</ele></trkpt>
   <trkpt lon="-4.459521" lat="36.702021"><ele>18.0</ele></trkpt>
   <trkpt lon="-4.459422" lat="36.702082"><ele>17.8</ele></trkpt>
   <trkpt lon="-4.458910" lat="36.702291"><ele>16.7</ele></trkpt>
   <trkpt lon="-4.458494" lat="36.702470"><ele>18.0</ele></trkpt>
   <trkpt lon="-4.457972" lat="36.702687"><ele>18.4</ele></trkpt>
   <trkpt lon="-4.457480" lat="36.702896"><ele>15.8</ele></trkpt>
   <trkpt lon="-4.457423" lat="36.702922"><ele>15.4</ele></trkpt>
   <trkpt lon="-4.457174" lat="36.703035"><ele>14.2</ele></trkpt>
   <trkpt lon="-4.457036" lat="36.703088"><ele>14.1</ele></trkpt>
   <trkpt lon="-4.456413" lat="36.703376"><ele>13.4</ele></trkpt>
   <trkpt lon="-4.456177" lat="36.703485"><ele>13.1</ele></trkpt>
   <trkpt lon="-4.456141" lat="36.703501"><ele>13.0</ele></trkpt>
   <trkpt lon="-4.454654" lat="36.704213"><ele>12.0</ele></trkpt>
   <trkpt lon="-4.454403" lat="36.704323"><ele>12.0</ele></trkpt>
   <trkpt lon="-4.454326" lat="36.704346"><ele>11.8</ele></trkpt>
   <trkpt lon="-4.454251" lat="36.704331"><ele>11.6</ele></trkpt>
   <trkpt lon="-4.454199" lat="36.704332"><ele>11.4</ele></trkpt>
   <trkpt lon="-4.454159" lat="36.704340"><ele>11.3</ele></trkpt>
   <trkpt lon="-4.454119" lat="36.704355"><ele>11.2</ele></trkpt>
   <trkpt lon="-4.454082" lat="36.704377"><ele>11.1</ele></trkpt>
   <trkpt lon="-4.454036" lat="36.704423"><ele>11.0</ele></trkpt>
   <trkpt lon="-4.454023" lat="36.704447"><ele>11.0</ele></trkpt>
   <trkpt lon="-4.453824" lat="36.704548"><ele>11.0</ele></trkpt>
   <trkpt lon="-4.453287" lat="36.704791"><ele>10.7</ele></trkpt>
   <trkpt lon="-4.452379" lat="36.705196"><ele>10.0</ele></trkpt>
   <trkpt lon="-4.452293" lat="36.705248"><ele>10.0</ele></trkpt>
   <trkpt lon="-4.452192" lat="36.705285"><ele>10.0</ele></trkpt>
   <trkpt lon="-4.452129" lat="36.705305"><ele>10.0</ele></trkpt>
   <trkpt lon="-4.452086" lat="36.705287"><ele>10.0</ele></trkpt>
   <trkpt lon="-4.452014" lat="36.705277"><ele>10.0</ele></trkpt>
   <trkpt lon="-4.451964" lat="36.705239"><ele>10.0</ele></trkpt>
   <trkpt lon="-4.451870" lat="36.705201"><ele>10.0</ele></trkpt>
   <trkpt lon="-4.451610" lat="36.704991"><ele>10.0</ele></trkpt>
   <trkpt lon="-4.451211" lat="36.704680"><ele>9.3</ele></trkpt>
   <trkpt lon="-4.450856" lat="36.704393"><ele>9.0</ele></trkpt>
   <trkpt lon="-4.450745" lat="36.704363"><ele>9.0</ele></trkpt>
   <trkpt lon="-4.450589" lat="36.704408"><ele>9.0</ele></trkpt>
   <trkpt lon="-4.448573" lat="36.705371"><ele>10.0</ele></trkpt>
   <trkpt lon="-4.447926" lat="36.705683"><ele>9.4</ele></trkpt>
   <trkpt lon="-4.447876" lat="36.705705"><ele>9.3</ele></trkpt>
   <trkpt lon="-4.447782" lat="36.705751"><ele>9.2</ele></trkpt>
   <trkpt lon="-4.447702" lat="36.705789"><ele>9.1</ele></trkpt>
   <trkpt lon="-4.447540" lat="36.705862"><ele>8.8</ele></trkpt>
   <trkpt lon="-4.447493" lat="36.705883"><ele>8.7</ele></trkpt>
   <trkpt lon="-4.444673" lat="36.707219"><ele>8.9</ele></trkpt>
   <trkpt lon="-4.443732" lat="36.707655"><ele>8.7</ele></trkpt>
   <trkpt lon="-4.443651" lat="36.707626"><ele>8.5</ele></trkpt>
   <trkpt lon="-4.443624" lat="36.707588"><ele>8.4</ele></trkpt>
   <trkpt lon="-4.443546" lat="36.707524"><ele>8.0</ele></trkpt>
   <trkpt lon="-4.443515" lat="36.707488"><ele>7.8</ele></trkpt>
   <trkpt lon="-4.443151" lat="36.706937"><ele>6.0</ele></trkpt>
   <trkpt lon="-4.443109" lat="36.706877"><ele>6.0</ele></trkpt>
   <trkpt lon="-4.443082" lat="36.706833"><ele>6.0</ele></trkpt>
   <trkpt lon="-4.443070" lat="36.706813"><ele>6.0</ele></trkpt>
   <trkpt lon="-4.442992" lat="36.706790"><ele>6.0</ele></trkpt>
   <trkpt lon="-4.442856" lat="36.706608"><ele>6.0</ele></trkpt>
   <trkpt lon="-4.441981" lat="36.705297"><ele>5.1</ele></trkpt>
   <trkpt lon="-4.441923" lat="36.705208"><ele>5.0</ele></trkpt>
   <trkpt lon="-4.441881" lat="36.705124"><ele>5.0</ele></trkpt>
   <trkpt lon="-4.441849" lat="36.705029"><ele>5.0</ele></trkpt>
   <trkpt lon="-4.441847" lat="36.704972"><ele>5.0</ele></trkpt>
   <trkpt lon="-4.441835" lat="36.704922"><ele>5.0</ele></trkpt>
   <trkpt lon="-4.441232" lat="36.704010"><ele>5.0</ele></trkpt>
   <trkpt lon="-4.441203" lat="36.703989"><ele>5.0</ele></trkpt>
   <trkpt lon="-4.441134" lat="36.703937"><ele>5.0</ele></trkpt>
   <trkpt lon="-4.441068" lat="36.703885"><ele>5.0</ele></trkpt>
   <trkpt lon="-4.441030" lat="36.703841"><ele>5.0</ele></trkpt>
   <trkpt lon="-4.440960" lat="36.703710"><ele>4.8</ele></trkpt>
   <trkpt lon="-4.440941" lat="36.703639"><ele>4.7</ele></trkpt>
   <trkpt lon="-4.440879" lat="36.703583"><ele>4.5</ele></trkpt>
   <trkpt lon="-4.440846" lat="36.703554"><ele>4.4</ele></trkpt>
   <trkpt lon="-4.440814" lat="36.703530"><ele>4.2</ele></trkpt>
   <trkpt lon="-4.440744" lat="36.703513"><ele>4.0</ele></trkpt>
   <trkpt lon="-4.440614" lat="36.703428"><ele>4.2</ele></trkpt>
   <trkpt lon="-4.440506" lat="36.703324"><ele>4.2</ele></trkpt>
   <trkpt lon="-4.440215" lat="36.703016"><ele>4.0</ele></trkpt>
   <trkpt lon="-4.440170" lat="36.702994"><ele>4.0</ele></trkpt>
   <trkpt lon="-4.440094" lat="36.702921"><ele>4.0</ele></trkpt>
   <trkpt lon="-4.439966" lat="36.702788"><ele>4.0</ele></trkpt>
   <trkpt lon="-4.439914" lat="36.702733"><ele>4.0</ele></trkpt>
   <trkpt lon="-4.439861" lat="36.702656"><ele>4.0</ele></trkpt>
   <trkpt lon="-4.439104" lat="36.701895"><ele>4.0</ele></trkpt>
   <trkpt lon="-4.438981" lat="36.701783"><ele>4.0</ele></trkpt>
   <trkpt lon="-4.438926" lat="36.701719"><ele>4.0</ele></trkpt>
   <trkpt lon="-4.438801" lat="36.701606"><ele>4.0</ele></trkpt>
   <trkpt lon="-4.438737" lat="36.701527"><ele>4.0</ele></trkpt>
   <trkpt lon="-4.438681" lat="36.701459"><ele>3.9</ele></trkpt>
   <trkpt lon="-4.438473" lat="36.701357"><ele>3.2</ele></trkpt>
   <trkpt lon="-4.437773" lat="36.701024"><ele>3.0</ele></trkpt>
   <trkpt lon="-4.436962" lat="36.700648"><ele>3.0</ele></trkpt>
   <trkpt lon="-4.436394" lat="36.700378"><ele>3.0</ele></trkpt>
   <trkpt lon="-4.436297" lat="36.700371"><ele>3.0</ele></trkpt>
   <trkpt lon="-4.436250" lat="36.700475"><ele>3.0</ele></trkpt>
   <trkpt lon="-4.436220" lat="36.700534"><ele>3.0</ele></trkpt>
   <trkpt lon="-4.436136" lat="36.700542"><ele>3.0</ele></trkpt>
   <trkpt lon="-4.436055" lat="36.700575"><ele>3.0</ele></trkpt>
   <trkpt lon="-4.435997" lat="36.700612"><ele>3.0</ele></trkpt>
   <trkpt lon="-4.435913" lat="36.700598"><ele>3.0</ele></trkpt>
   <trkpt lon="-4.435868" lat="36.700589"><ele>3.0</ele></trkpt>
   <trkpt lon="-4.435736" lat="36.700586"><ele>3.0</ele></trkpt>
   <trkpt lon="-4.435664" lat="36.700624"><ele>3.0</ele></trkpt>
   <trkpt lon="-4.435628" lat="36.700598"><ele>3.0</ele></trkpt>
   <trkpt lon="-4.435540" lat="36.700537"><ele>3.0</ele></trkpt>
   <trkpt lon="-4.435494" lat="36.700507"><ele>3.0</ele></trkpt>
   <trkpt lon="-4.435469" lat="36.700491"><ele>3.0</ele></trkpt>
   <trkpt lon="-4.435459" lat="36.700522"><ele>3.0</ele></trkpt>
   <trkpt lon="-4.435240" lat="36.700706"><ele>2.8</ele></trkpt>
   <trkpt lon="-4.434644" lat="36.701180"><ele>2.1</ele></trkpt>
   <trkpt lon="-4.433970" lat="36.701739"><ele>1.1</ele></trkpt>
   <trkpt lon="-4.433812" lat="36.701798"><ele>1.0</ele></trkpt>
   <trkpt lon="-4.433744" lat="36.701887"><ele>1.2</ele></trkpt>
   <trkpt lon="-4.433689" lat="36.701977"><ele>1.3</ele></trkpt>
   <trkpt lon="-4.433264" lat="36.702565"><ele>1.3</ele></trkpt>
   <trkpt lon="-4.433251" lat="36.702584"><ele>1.3</ele></trkpt>
   <trkpt lon="-4.433266" lat="36.702625"><ele>1.5</ele></trkpt>
   <trkpt lon="-4.433307" lat="36.702646"><ele>1.7</ele></trkpt>
   <trkpt lon="-4.433385" lat="36.702686"><ele>2.0</ele></trkpt>
   <trkpt lon="-4.433503" lat="36.702757"><ele>2.6</ele></trkpt>
   <trkpt lon="-4.433539" lat="36.702782"><ele>2.8</ele></trkpt>
   <trkpt lon="-4.433478" lat="36.702877"><ele>2.8</ele></trkpt>
   <trkpt lon="-4.433462" lat="36.702920"><ele>2.8</ele></trkpt>
   <trkpt lon="-4.433438" lat="36.702947"><ele>2.7</ele></trkpt>
   <trkpt lon="-4.433348" lat="36.703073"><ele>2.8</ele></trkpt>
   <trkpt lon="-4.433287" lat="36.703148"><ele>3.0</ele></trkpt>
   <trkpt lon="-4.433140" lat="36.703346"><ele>2.9</ele></trkpt>
   <trkpt lon="-4.433108" lat="36.703440"><ele>2.9</ele></trkpt>
   <trkpt lon="-4.433083" lat="36.703482"><ele>3.0</ele></trkpt>
   <trkpt lon="-4.432939" lat="36.703673"><ele>3.0</ele></trkpt>
   <trkpt lon="-4.432851" lat="36.703773"><ele>3.0</ele></trkpt>
   <trkpt lon="-4.432294" lat="36.704501"><ele>2.9</ele></trkpt>
   <trkpt lon="-4.432228" lat="36.704625"><ele>3.0</ele></trkpt>
   <trkpt lon="-4.432199" lat="36.704682"><ele>3.0</ele></trkpt>
   <trkpt lon="-4.432191" lat="36.704775"><ele>3.0</ele></trkpt>
   <trkpt lon="-4.432175" lat="36.704819"><ele>3.0</ele></trkpt>
   <trkpt lon="-4.432126" lat="36.704876"><ele>3.0</ele></trkpt>
   <trkpt lon="-4.431942" lat="36.705098"><ele>3.0</ele></trkpt>
   <trkpt lon="-4.431799" lat="36.705262"><ele>3.0</ele></trkpt>
   <trkpt lon="-4.431771" lat="36.705305"><ele>3.0</ele></trkpt>
   <trkpt lon="-4.431607" lat="36.705518"><ele>3.0</ele></trkpt>
   <trkpt lon="-4.431502" lat="36.705597"><ele>3.0</ele></trkpt>
   <trkpt lon="-4.431400" lat="36.705697"><ele>3.0</ele></trkpt>
   <trkpt lon="-4.431362" lat="36.705748"><ele>3.0</ele></trkpt>
   <trkpt lon="-4.430959" lat="36.706293"><ele>3.0</ele></trkpt>
   <trkpt lon="-4.430890" lat="36.706356"><ele>3.0</ele></trkpt>
   <trkpt lon="-4.430882" lat="36.706363"><ele>3.0</ele></trkpt>
   <trkpt lon="-4.430827" lat="36.706416"><ele>3.0</ele></trkpt>
   <trkpt lon="-4.430772" lat="36.706461"><ele>3.0</ele></trkpt>
   <trkpt lon="-4.430671" lat="36.706525"><ele>3.0</ele></trkpt>
   <trkpt lon="-4.430644" lat="36.706527"><ele>3.0</ele></trkpt>
   <trkpt lon="-4.430019" lat="36.707243"><ele>3.0</ele></trkpt>
   <trkpt lon="-4.429449" lat="36.707895"><ele>3.0</ele></trkpt>
   <trkpt lon="-4.429416" lat="36.707933"><ele>3.0</ele></trkpt>
   <trkpt lon="-4.429366" lat="36.707972"><ele>3.0</ele></trkpt>
   <trkpt lon="-4.429328" lat="36.708017"><ele>3.0</ele></trkpt>
   <trkpt lon="-4.429279" lat="36.708074"><ele>3.0</ele></trkpt>
   <trkpt lon="-4.429257" lat="36.708118"><ele>3.0</ele></trkpt>
   <trkpt lon="-4.429169" lat="36.708206"><ele>3.0</ele></trkpt>
   <trkpt lon="-4.428984" lat="36.708359"><ele>3.0</ele></trkpt>
   <trkpt lon="-4.428873" lat="36.708479"><ele>3.0</ele></trkpt>
   <trkpt lon="-4.428795" lat="36.708609"><ele>3.0</ele></trkpt>
   <trkpt lon="-4.428596" lat="36.708837"><ele>3.0</ele></trkpt>
   <trkpt lon="-4.428524" lat="36.708887"><ele>3.0</ele></trkpt>
   <trkpt lon="-4.428135" lat="36.709336"><ele>3.0</ele></trkpt>
   <trkpt lon="-4.428088" lat="36.709318"><ele>3.0</ele></trkpt>
   <trkpt lon="-4.428025" lat="36.709289"><ele>3.0</ele></trkpt>
   <trkpt lon="-4.428009" lat="36.709281"><ele>3.0</ele></trkpt>
   <trkpt lon="-4.427902" lat="36.709225"><ele>3.0</ele></trkpt>
   <trkpt lon="-4.427855" lat="36.709194"><ele>3.0</ele></trkpt>
   <trkpt lon="-4.427832" lat="36.709220"><ele>3.0</ele></trkpt>
   <trkpt lon="-4.427653" lat="36.709414"><ele>3.0</ele></trkpt>
   <trkpt lon="-4.427611" lat="36.709437"><ele>3.0</ele></trkpt>
   <trkpt lon="-4.427578" lat="36.709471"><ele>3.0</ele></trkpt>
   <trkpt lon="-4.427538" lat="36.709526"><ele>3.0</ele></trkpt>
   <trkpt lon="-4.427515" lat="36.709573"><ele>3.0</ele></trkpt>
   <trkpt lon="-4.427300" lat="36.709830"><ele>3.4</ele></trkpt>
   <trkpt lon="-4.427279" lat="36.709853"><ele>3.5</ele></trkpt>
   <trkpt lon="-4.426947" lat="36.710218"><ele>3.2</ele></trkpt>
   <trkpt lon="-4.426317" lat="36.710836"><ele>1.6</ele></trkpt>
   <trkpt lon="-4.426220" lat="36.710933"><ele>1.9</ele></trkpt>
   <trkpt lon="-4.426034" lat="36.711121"><ele>2.4</ele></trkpt>
   <trkpt lon="-4.425661" lat="36.711502"><ele>3.3</ele></trkpt>
   <trkpt lon="-4.425269" lat="36.711896"><ele>3.0</ele></trkpt>
   <trkpt lon="-4.425173" lat="36.711985"><ele>3.0</ele></trkpt>
   <trkpt lon="-4.425083" lat="36.712073"><ele>3.0</ele></trkpt>
   <trkpt lon="-4.424154" lat="36.713014"><ele>2.9</ele></trkpt>
   <trkpt lon="-4.424075" lat="36.713086"><ele>3.0</ele></trkpt>
   <trkpt lon="-4.423784" lat="36.713375"><ele>3.0</ele></trkpt>
   <trkpt lon="-4.423744" lat="36.713414"><ele>3.0</ele></trkpt>
   <trkpt lon="-4.421933" lat="36.715266"><ele>2.9</ele></trkpt>
   <trkpt lon="-4.421903" lat="36.715296"><ele>2.9</ele></trkpt>
   <trkpt lon="-4.421642" lat="36.715567"><ele>3.3</ele></trkpt>
   <trkpt lon="-4.421619" lat="36.715592"><ele>3.4</ele></trkpt>
   <trkpt lon="-4.421383" lat="36.715830"><ele>3.2</ele></trkpt>
   <trkpt lon="-4.420954" lat="36.716268"><ele>3.0</ele></trkpt>
   <trkpt lon="-4.420833" lat="36.716391"><ele>2.7</ele></trkpt>
   <trkpt lon="-4.420608" lat="36.716646"><ele>2.5</ele></trkpt>
   <trkpt lon="-4.420537" lat="36.716722"><ele>2.6</ele></trkpt>
   <trkpt lon="-4.420330" lat="36.716967"><ele>2.2</ele></trkpt>
   <trkpt lon="-4.420235" lat="36.717070"><ele>2.0</ele></trkpt>
   <trkpt lon="-4.419834" lat="36.717486"><ele>2.0</ele></trkpt>
   <trkpt lon="-4.419702" lat="36.717581"><ele>2.2</ele></trkpt>
   <trkpt lon="-4.419608" lat="36.717628"><ele>2.4</ele></trkpt>
   <trkpt lon="-4.419495" lat="36.717659"><ele>2.5</ele></trkpt>
   <trkpt lon="-4.415533" lat="36.718746"><ele>3.0</ele></trkpt>
   <trkpt lon="-4.415435" lat="36.718773"><ele>3.0</ele></trkpt>
   <trkpt lon="-4.414277" lat="36.719091"><ele>2.5</ele></trkpt>
   <trkpt lon="-4.412948" lat="36.719455"><ele>5.0</ele></trkpt>
   <trkpt lon="-4.412573" lat="36.719558"><ele>5.5</ele></trkpt>
   <trkpt lon="-4.412331" lat="36.719626"><ele>5.0</ele></trkpt>
   <trkpt lon="-4.412204" lat="36.719652"><ele>4.8</ele></trkpt>
   <trkpt lon="-4.411932" lat="36.719656"><ele>4.9</ele></trkpt>
   <trkpt lon="-4.411775" lat="36.719645"><ele>5.2</ele></trkpt>
   <trkpt lon="-4.411681" lat="36.719616"><ele>5.3</ele></trkpt>
   <trkpt lon="-4.411565" lat="36.719566"><ele>5.5</ele></trkpt>
   <trkpt lon="-4.411420" lat="36.719449"><ele>5.6</ele></trkpt>
   <trkpt lon="-4.411243" lat="36.719307"><ele>5.2</ele></trkpt>
   <trkpt lon="-4.411114" lat="36.719229"><ele>5.0</ele></trkpt>
   <trkpt lon="-4.410986" lat="36.719128"><ele>4.8</ele></trkpt>
   <trkpt lon="-4.410591" lat="36.718772"><ele>4.0</ele></trkpt>
   <trkpt lon="-4.410546" lat="36.718732"><ele>4.0</ele></trkpt>
   <trkpt lon="-4.410264" lat="36.718500"><ele>4.0</ele></trkpt>
   <trkpt lon="-4.410218" lat="36.718470"><ele>4.1</ele></trkpt>
   <trkpt lon="-4.410200" lat="36.718406"><ele>4.2</ele></trkpt>
   <trkpt lon="-4.409998" lat="36.718305"><ele>4.7</ele></trkpt>
   <trkpt lon="-4.409790" lat="36.718246"><ele>4.8</ele></trkpt>
   <trkpt lon="-4.409732" lat="36.718236"><ele>4.9</ele></trkpt>
   <trkpt lon="-4.409458" lat="36.718207"><ele>4.3</ele></trkpt>
   <trkpt lon="-4.409402" lat="36.718209"><ele>4.2</ele></trkpt>
   <trkpt lon="-4.409376" lat="36.718210"><ele>4.1</ele></trkpt>
   <trkpt lon="-4.409372" lat="36.718192"><ele>4.1</ele></trkpt>
   <trkpt lon="-4.409365" lat="36.718160"><ele>3.9</ele></trkpt>
   <trkpt lon="-4.409304" lat="36.718158"><ele>3.6</ele></trkpt>
   <trkpt lon="-4.409090" lat="36.718175"><ele>2.5</ele></trkpt>
   <trkpt lon="-4.408963" lat="36.718208"><ele>2.0</ele></trkpt>
   <trkpt lon="-4.408808" lat="36.718271"><ele>1.9</ele></trkpt>
   <trkpt lon="-4.408706" lat="36.718326"><ele>1.9</ele></trkpt>
   <trkpt lon="-4.407728" lat="36.718961"><ele>1.8</ele></trkpt>
   <trkpt lon="-4.407453" lat="36.719133"><ele>1.8</ele></trkpt>
   <trkpt lon="-4.407120" lat="36.719326"><ele>1.8</ele></trkpt>
   <trkpt lon="-4.405690" lat="36.719958"><ele>2.3</ele></trkpt>
   <trkpt lon="-4.405215" lat="36.720120"><ele>2.3</ele></trkpt>
   <trkpt lon="-4.404573" lat="36.720277"><ele>3.1</ele></trkpt>
   <trkpt lon="-4.404090" lat="36.720338"><ele>2.6</ele></trkpt>
   <trkpt lon="-4.403131" lat="36.720396"><ele>3.3</ele></trkpt>
   <trkpt lon="-4.402832" lat="36.720460"><ele>2.6</ele></trkpt>
   <trkpt lon="-4.402619" lat="36.720526"><ele>2.8</ele></trkpt>
   <trkpt lon="-4.400704" lat="36.721199"><ele>2.5</ele></trkpt>
   <trkpt lon="-4.400362" lat="36.721304"><ele>2.1</ele></trkpt>
   <trkpt lon="-4.399431" lat="36.721564"><ele>2.0</ele></trkpt>
   <trkpt lon="-4.399150" lat="36.721639"><ele>2.2</ele></trkpt>
   <trkpt lon="-4.398135" lat="36.721902"><ele>2.2</ele></trkpt>
   <trkpt lon="-4.397479" lat="36.722090"><ele>3.0</ele></trkpt>
   <trkpt lon="-4.397291" lat="36.722146"><ele>2.7</ele></trkpt>
   <trkpt lon="-4.396780" lat="36.722297"><ele>1.3</ele></trkpt>
   <trkpt lon="-4.396377" lat="36.722444"><ele>3.0</ele></trkpt>
   <trkpt lon="-4.395734" lat="36.722685"><ele>2.5</ele></trkpt>
   <trkpt lon="-4.395133" lat="36.722882"><ele>2.8</ele></trkpt>
   <trkpt lon="-4.394901" lat="36.722933"><ele>2.9</ele></trkpt>
   <trkpt lon="-4.394730" lat="36.722957"><ele>3.0</ele></trkpt>
   <trkpt lon="-4.394524" lat="36.722973"><ele>3.0</ele></trkpt>
   <trkpt lon="-4.393583" lat="36.722976"><ele>3.2</ele></trkpt>
   <trkpt lon="-4.393248" lat="36.722965"><ele>4.0</ele></trkpt>
   <trkpt lon="-4.392918" lat="36.722910"><ele>4.0</ele></trkpt>
   <trkpt lon="-4.392698" lat="36.722838"><ele>4.4</ele></trkpt>
   <trkpt lon="-4.391986" lat="36.722543"><ele>4.9</ele></trkpt>
   <trkpt lon="-4.391761" lat="36.722475"><ele>5.0</ele></trkpt>
   <trkpt lon="-4.391538" lat="36.722432"><ele>5.2</ele></trkpt>
   <trkpt lon="-4.388241" lat="36.722174"><ele>3.8</ele></trkpt>
   <trkpt lon="-4.387993" lat="36.722142"><ele>4.5</ele></trkpt>
   <trkpt lon="-4.387857" lat="36.722138"><ele>4.9</ele></trkpt>
   <trkpt lon="-4.387703" lat="36.722090"><ele>4.6</ele></trkpt>
   <trkpt lon="-4.387523" lat="36.722020"><ele>3.7</ele></trkpt>
   <trkpt lon="-4.386922" lat="36.721735"><ele>5.4</ele></trkpt>
   <trkpt lon="-4.386276" lat="36.721443"><ele>4.3</ele></trkpt>
   <trkpt lon="-4.386116" lat="36.721393"><ele>3.6</ele></trkpt>
   <trkpt lon="-4.385952" lat="36.721354"><ele>3.8</ele></trkpt>
   <trkpt lon="-4.385747" lat="36.721332"><ele>6.0</ele></trkpt>
   <trkpt lon="-4.385567" lat="36.721322"><ele>6.0</ele></trkpt>
   <trkpt lon="-4.383531" lat="36.721457"><ele>3.0</ele></trkpt>
   <trkpt lon="-4.383274" lat="36.721466"><ele>3.0</ele></trkpt>
   <trkpt lon="-4.382237" lat="36.721439"><ele>3.1</ele></trkpt>
   <trkpt lon="-4.381027" lat="36.721398"><ele>2.8</ele></trkpt>
   <trkpt lon="-4.380493" lat="36.721388"><ele>2.8</ele></trkpt>
   <trkpt lon="-4.380446" lat="36.721433"><ele>3.0</ele></trkpt>
   <trkpt lon="-4.380004" lat="36.721428"><ele>3.0</ele></trkpt>
   <trkpt lon="-4.379725" lat="36.721433"><ele>3.0</ele></trkpt>
   <trkpt lon="-4.379708" lat="36.721434"><ele>3.0</ele></trkpt>
   <trkpt lon="-4.379656" lat="36.721438"><ele>3.1</ele></trkpt>
   <trkpt lon="-4.378990" lat="36.721486"><ele>2.7</ele></trkpt>
   <trkpt lon="-4.378932" lat="36.721489"><ele>2.7</ele></trkpt>
   <trkpt lon="-4.378638" lat="36.721509"><ele>2.7</ele></trkpt>
   <trkpt lon="-4.378530" lat="36.721517"><ele>2.8</ele></trkpt>
   <trkpt lon="-4.378363" lat="36.721529"><ele>2.8</ele></trkpt>
   <trkpt lon="-4.378211" lat="36.721535"><ele>2.9</ele></trkpt>
   <trkpt lon="-4.377562" lat="36.721571"><ele>3.0</ele></trkpt>
   <trkpt lon="-4.377008" lat="36.721582"><ele>2.9</ele></trkpt>
   <trkpt lon="-4.376873" lat="36.721585"><ele>3.0</ele></trkpt>
   <trkpt lon="-4.376433" lat="36.721588"><ele>3.0</ele></trkpt>
   <trkpt lon="-4.375961" lat="36.721578"><ele>3.0</ele></trkpt>
   <trkpt lon="-4.375794" lat="36.721574"><ele>3.2</ele></trkpt>
   <trkpt lon="-4.375612" lat="36.721571"><ele>3.7</ele></trkpt>
   <trkpt lon="-4.375312" lat="36.721551"><ele>3.1</ele></trkpt>
   <trkpt lon="-4.375176" lat="36.721542"><ele>2.8</ele></trkpt>
   <trkpt lon="-4.374831" lat="36.721524"><ele>2.8</ele></trkpt>
   <trkpt lon="-4.374755" lat="36.721519"><ele>2.8</ele></trkpt>
   <trkpt lon="-4.374709" lat="36.721516"><ele>2.8</ele></trkpt>
   <trkpt lon="-4.374706" lat="36.721573"><ele>2.9</ele></trkpt>
   <trkpt lon="-4.374581" lat="36.721838"><ele>3.7</ele></trkpt>
   <trkpt lon="-4.374481" lat="36.722045"><ele>4.3</ele></trkpt>
   <trkpt lon="-4.374399" lat="36.722210"><ele>4.5</ele></trkpt>
   <trkpt lon="-4.374344" lat="36.722326"><ele>4.6</ele></trkpt>
   <trkpt lon="-4.374311" lat="36.722393"><ele>4.7</ele></trkpt>
   <trkpt lon="-4.373838" lat="36.722396"><ele>4.3</ele></trkpt>
   <trkpt lon="-4.373518" lat="36.722398"><ele>4.3</ele></trkpt>
   <trkpt lon="-4.373486" lat="36.722398"><ele>4.3</ele></trkpt>
   <trkpt lon="-4.373438" lat="36.722399"><ele>4.3</ele></trkpt>
   <trkpt lon="-4.373234" lat="36.722400"><ele>4.3</ele></trkpt>
   <trkpt lon="-4.372548" lat="36.722404"><ele>4.4</ele></trkpt>
   <trkpt lon="-4.372513" lat="36.722405"><ele>4.4</ele></trkpt>
   <trkpt lon="-4.372321" lat="36.722405"><ele>4.4</ele></trkpt>
   <trkpt lon="-4.371736" lat="36.722406"><ele>4.4</ele></trkpt>
   <trkpt lon="-4.371611" lat="36.722406"><ele>4.4</ele></trkpt>
   <trkpt lon="-4.371253" lat="36.722406"><ele>4.4</ele></trkpt>
   <trkpt lon="-4.371066" lat="36.722406"><ele>4.4</ele></trkpt>
   <trkpt lon="-4.370514" lat="36.722407"><ele>4.8</ele></trkpt>
   <trkpt lon="-4.370220" lat="36.722406"><ele>5.2</ele></trkpt>
   <trkpt lon="-4.370096" lat="36.722405"><ele>5.3</ele></trkpt>
   <trkpt lon="-4.369973" lat="36.722404"><ele>5.7</ele></trkpt>
   <trkpt lon="-4.369888" lat="36.722404"><ele>5.9</ele></trkpt>
   <trkpt lon="-4.369673" lat="36.722401"><ele>6.6</ele></trkpt>
   <trkpt lon="-4.369316" lat="36.722403"><ele>7.4</ele></trkpt>
   <trkpt lon="-4.368271" lat="36.722402"><ele>9.1</ele></trkpt>
   <trkpt lon="-4.368092" lat="36.722403"><ele>9.3</ele></trkpt>
   <trkpt lon="-4.367922" lat="36.722404"><ele>9.5</ele></trkpt>
   <trkpt lon="-4.367821" lat="36.722405"><ele>9.6</ele></trkpt>
   <trkpt lon="-4.367536" lat="36.722408"><ele>10.0</ele></trkpt>
   <trkpt lon="-4.367488" lat="36.722404"><ele>10.1</ele></trkpt>
   <trkpt lon="-4.367302" lat="36.722392"><ele>10.4</ele></trkpt>
   <trkpt lon="-4.367072" lat="36.722376"><ele>10.9</ele></trkpt>
   <trkpt lon="-4.366850" lat="36.722349"><ele>10.6</ele></trkpt>
   <trkpt lon="-4.366436" lat="36.722291"><ele>10.0</ele></trkpt>
   <trkpt lon="-4.366320" lat="36.722275"><ele>10.0</ele></trkpt>
   <trkpt lon="-4.366272" lat="36.722268"><ele>10.1</ele></trkpt>
   <trkpt lon="-4.366255" lat="36.722265"><ele>10.1</ele></trkpt>
   <trkpt lon="-4.365918" lat="36.722219"><ele>10.6</ele></trkpt>
   <trkpt lon="-4.365870" lat="36.722211"><ele>10.5</ele></trkpt>
   <trkpt lon="-4.365856" lat="36.722208"><ele>10.5</ele></trkpt>
   <trkpt lon="-4.365375" lat="36.722127"><ele>9.6</ele></trkpt>
   <trkpt lon="-4.365269" lat="36.722109"><ele>9.4</ele></trkpt>
   <trkpt lon="-4.364970" lat="36.722053"><ele>8.7</ele></trkpt>
   <trkpt lon="-4.364854" lat="36.722031"><ele>8.4</ele></trkpt>
   <trkpt lon="-4.364287" lat="36.721906"><ele>7.8</ele></trkpt>
   <trkpt lon="-4.364157" lat="36.721875"><ele>7.6</ele></trkpt>
   <trkpt lon="-4.363803" lat="36.721777"><ele>7.0</ele></trkpt>
   <trkpt lon="-4.363062" lat="36.721510"><ele>7.1</ele></trkpt>
   <trkpt lon="-4.362934" lat="36.721464"><ele>7.2</ele></trkpt>
   <trkpt lon="-4.362942" lat="36.721380"><ele>6.6</ele></trkpt>
   <trkpt lon="-4.362962" lat="36.721200"><ele>5.7</ele></trkpt>
   <trkpt lon="-4.362978" lat="36.721048"><ele>5.3</ele></trkpt>
   <trkpt lon="-4.363041" lat="36.720473"><ele>5.0</ele></trkpt>
   <trkpt lon="-4.363059" lat="36.720310"><ele>5.0</ele></trkpt>
   <trkpt lon="-4.363069" lat="36.720198"><ele>4.9</ele></trkpt>
   <trkpt lon="-4.363108" lat="36.719785"><ele>3.4</ele></trkpt>
   <trkpt lon="-4.363116" lat="36.719702"><ele>2.9</ele></trkpt>
   <trkpt lon="-4.362113" lat="36.719622"><ele>3.2</ele></trkpt>
   <trkpt lon="-4.361808" lat="36.719590"><ele>3.1</ele></trkpt>
   <trkpt lon="-4.361545" lat="36.719559"><ele>3.0</ele></trkpt>
   <trkpt lon="-4.361437" lat="36.719547"><ele>3.0</ele></trkpt>
   <trkpt lon="-4.361141" lat="36.719522"><ele>2.9</ele></trkpt>
   <trkpt lon="-4.361040" lat="36.719514"><ele>2.9</ele></trkpt>
   <trkpt lon="-4.360849" lat="36.719496"><ele>2.8</ele></trkpt>
   <trkpt lon="-4.360798" lat="36.719490"><ele>2.8</ele></trkpt>
   <trkpt lon="-4.360138" lat="36.719423"><ele>2.6</ele></trkpt>
   <trkpt lon="-4.359683" lat="36.719374"><ele>2.3</ele></trkpt>
   <trkpt lon="-4.359296" lat="36.719333"><ele>2.0</ele></trkpt>
   <trkpt lon="-4.359125" lat="36.719314"><ele>2.0</ele></trkpt>
   <trkpt lon="-4.357786" lat="36.719135"><ele>2.0</ele></trkpt>
   <trkpt lon="-4.357612" lat="36.719110"><ele>2.4</ele></trkpt>
   <trkpt lon="-4.357173" lat="36.719045"><ele>2.5</ele></trkpt>
   <trkpt lon="-4.356912" lat="36.719005"><ele>2.4</ele></trkpt>
   <trkpt lon="-4.356876" lat="36.719000"><ele>2.4</ele></trkpt>
   <trkpt lon="-4.356793" lat="36.718984"><ele>2.3</ele></trkpt>
   <trkpt lon="-4.356532" lat="36.718933"><ele>2.8</ele></trkpt>
   <trkpt lon="-4.356374" lat="36.718902"><ele>3.0</ele></trkpt>
   <trkpt lon="-4.356196" lat="36.718861"><ele>3.0</ele></trkpt>
   <trkpt lon="-4.356113" lat="36.718841"><ele>2.9</ele></trkpt>
   <trkpt lon="-4.355893" lat="36.718787"><ele>2.8</ele></trkpt>
   <trkpt lon="-4.355790" lat="36.718762"><ele>2.7</ele></trkpt>
   <trkpt lon="-4.355668" lat="36.718724"><ele>2.7</ele></trkpt>
   <trkpt lon="-4.355281" lat="36.718606"><ele>2.9</ele></trkpt>
   <trkpt lon="-4.355223" lat="36.718589"><ele>2.9</ele></trkpt>
   <trkpt lon="-4.354741" lat="36.718443"><ele>2.8</ele></trkpt>
   <trkpt lon="-4.354454" lat="36.718359"><ele>2.9</ele></trkpt>
   <trkpt lon="-4.354258" lat="36.718301"><ele>2.9</ele></trkpt>
   <trkpt lon="-4.354176" lat="36.718283"><ele>3.0</ele></trkpt>
   <trkpt lon="-4.354128" lat="36.718272"><ele>3.1</ele></trkpt>
   <trkpt lon="-4.353400" lat="36.718119"><ele>2.8</ele></trkpt>
   <trkpt lon="-4.352969" lat="36.718028"><ele>2.5</ele></trkpt>
   <trkpt lon="-4.352916" lat="36.718017"><ele>2.5</ele></trkpt>
   <trkpt lon="-4.352543" lat="36.717962"><ele>2.7</ele></trkpt>
   <trkpt lon="-4.352445" lat="36.717944"><ele>3.0</ele></trkpt>
   <trkpt lon="-4.350895" lat="36.717708"><ele>2.9</ele></trkpt>
   <trkpt lon="-4.350793" lat="36.717697"><ele>2.8</ele></trkpt>
   <trkpt lon="-4.348949" lat="36.717413"><ele>2.7</ele></trkpt>
   <trkpt lon="-4.348723" lat="36.717377"><ele>3.2</ele></trkpt>
   <trkpt lon="-4.348568" lat="36.717279"><ele>3.4</ele></trkpt>
   <trkpt lon="-4.348257" lat="36.717217"><ele>4.0</ele></trkpt>
   <trkpt lon="-4.348100" lat="36.717175"><ele>4.4</ele></trkpt>
   <trkpt lon="-4.347962" lat="36.717127"><ele>4.5</ele></trkpt>
   <trkpt lon="-4.347583" lat="36.716952"><ele>5.0</ele></trkpt>
   <trkpt lon="-4.347372" lat="36.716784"><ele>6.4</ele></trkpt>
   <trkpt lon="-4.347282" lat="36.716713"><ele>6.9</ele></trkpt>
   <trkpt lon="-4.347150" lat="36.716595"><ele>7.3</ele></trkpt>
   <trkpt lon="-4.347011" lat="36.716423"><ele>7.1</ele></trkpt>
   <trkpt lon="-4.346476" lat="36.715695"><ele>7.7</ele></trkpt>
   <trkpt lon="-4.346446" lat="36.715637"><ele>7.2</ele></trkpt>
   <trkpt lon="-4.346360" lat="36.715601"><ele>7.5</ele></trkpt>
   <trkpt lon="-4.346212" lat="36.715457"><ele>5.0</ele></trkpt>
   <trkpt lon="-4.345963" lat="36.715327"><ele>4.7</ele></trkpt>
   <trkpt lon="-4.345731" lat="36.715225"><ele>6.3</ele></trkpt>
   <trkpt lon="-4.345300" lat="36.715115"><ele>3.0</ele></trkpt>
   <trkpt lon="-4.344410" lat="36.714872"><ele>4.1</ele></trkpt>
   <trkpt lon="-4.344040" lat="36.714745"><ele>4.4</ele></trkpt>
   <trkpt lon="-4.343642" lat="36.714601"><ele>6.1</ele></trkpt>
   <trkpt lon="-4.343194" lat="36.714346"><ele>6.1</ele></trkpt>
   <trkpt lon="-4.343007" lat="36.714011"><ele>5.1</ele></trkpt>
   <trkpt lon="-4.342876" lat="36.713913"><ele>4.5</ele></trkpt>
   <trkpt lon="-4.342293" lat="36.713644"><ele>4.4</ele></trkpt>
   <trkpt lon="-4.342102" lat="36.713593"><ele>5.0</ele></trkpt>
   <trkpt lon="-4.340931" lat="36.713312"><ele>4.8</ele></trkpt>
   <trkpt lon="-4.340770" lat="36.713265"><ele>5.8</ele></trkpt>
   <trkpt lon="-4.340514" lat="36.713168"><ele>4.7</ele></trkpt>
   <trkpt lon="-4.340225" lat="36.713046"><ele>4.0</ele></trkpt>
   <trkpt lon="-4.339806" lat="36.712917"><ele>5.7</ele></trkpt>
   <trkpt lon="-4.339468" lat="36.712872"><ele>6.0</ele></trkpt>
   <trkpt lon="-4.339398" lat="36.712887"><ele>6.0</ele></trkpt>
   <trkpt lon="-4.339115" lat="36.712962"><ele>6.0</ele></trkpt>
   <trkpt lon="-4.338239" lat="36.712980"><ele>10.6</ele></trkpt>
   <trkpt lon="-4.337620" lat="36.712827"><ele>10.6</ele></trkpt>
   <trkpt lon="-4.337388" lat="36.712821"><ele>7.8</ele></trkpt>
   <trkpt lon="-4.337213" lat="36.712877"><ele>6.1</ele></trkpt>
   <trkpt lon="-4.336849" lat="36.713269"><ele>8.2</ele></trkpt>
   <trkpt lon="-4.336097" lat="36.713834"><ele>9.9</ele></trkpt>
   <trkpt lon="-4.335895" lat="36.713893"><ele>9.5</ele></trkpt>
   <trkpt lon="-4.335693" lat="36.713933"><ele>9.0</ele></trkpt>
   <trkpt lon="-4.335464" lat="36.713926"><ele>8.1</ele></trkpt>
   <trkpt lon="-4.334852" lat="36.713813"><ele>6.4</ele></trkpt>
   <trkpt lon="-4.334532" lat="36.713752"><ele>6.8</ele></trkpt>
   <trkpt lon="-4.334182" lat="36.713688"><ele>12.0</ele></trkpt>
   <trkpt lon="-4.333978" lat="36.713633"><ele>16.7</ele></trkpt>
   <trkpt lon="-4.333908" lat="36.713574"><ele>17.3</ele></trkpt>
   <trkpt lon="-4.333613" lat="36.713128"><ele>9.9</ele></trkpt>
   <trkpt lon="-4.333509" lat="36.713035"><ele>7.7</ele></trkpt>
   <trkpt lon="-4.333366" lat="36.712967"><ele>6.8</ele></trkpt>
   <trkpt lon="-4.333264" lat="36.712961"><ele>6.3</ele></trkpt>
   <trkpt lon="-4.333164" lat="36.712965"><ele>5.7</ele></trkpt>
   <trkpt lon="-4.332533" lat="36.713075"><ele>10.9</ele></trkpt>
   <trkpt lon="-4.332440" lat="36.713100"><ele>9.9</ele></trkpt>
   <trkpt lon="-4.332356" lat="36.713156"><ele>8.9</ele></trkpt>
   <trkpt lon="-4.332175" lat="36.713347"><ele>6.9</ele></trkpt>
   <trkpt lon="-4.332043" lat="36.713397"><ele>6.1</ele></trkpt>
   <trkpt lon="-4.331859" lat="36.713434"><ele>5.2</ele></trkpt>
   <trkpt lon="-4.331742" lat="36.713429"><ele>4.2</ele></trkpt>
   <trkpt lon="-4.331702" lat="36.713406"><ele>3.7</ele></trkpt>
   <trkpt lon="-4.331661" lat="36.713395"><ele>3.3</ele></trkpt>
   <trkpt lon="-4.331588" lat="36.713416"><ele>2.8</ele></trkpt>
   <trkpt lon="-4.331548" lat="36.713437"><ele>2.6</ele></trkpt>
   <trkpt lon="-4.331283" lat="36.713477"><ele>3.2</ele></trkpt>
   <trkpt lon="-4.330729" lat="36.713477"><ele>2.4</ele></trkpt>
   <trkpt lon="-4.330568" lat="36.713499"><ele>1.9</ele></trkpt>
   <trkpt lon="-4.328774" lat="36.713393"><ele>6.1</ele></trkpt>
   <trkpt lon="-4.328756" lat="36.713377"><ele>6.3</ele></trkpt>
   <trkpt lon="-4.328566" lat="36.713361"><ele>8.3</ele></trkpt>
   <trkpt lon="-4.328310" lat="36.713332"><ele>10.3</ele></trkpt>
   <trkpt lon="-4.328225" lat="36.713291"><ele>11.2</ele></trkpt>
   <trkpt lon="-4.328095" lat="36.713271"><ele>12.0</ele></trkpt>
   <trkpt lon="-4.327894" lat="36.713254"><ele>11.1</ele></trkpt>
   <trkpt lon="-4.327569" lat="36.713253"><ele>8.8</ele></trkpt>
   <trkpt lon="-4.327313" lat="36.713241"><ele>7.0</ele></trkpt>
   <trkpt lon="-4.327083" lat="36.713232"><ele>6.0</ele></trkpt>
   <trkpt lon="-4.326566" lat="36.713212"><ele>5.4</ele></trkpt>
   <trkpt lon="-4.326129" lat="36.713194"><ele>4.6</ele></trkpt>
   <trkpt lon="-4.326005" lat="36.713174"><ele>4.3</ele></trkpt>
   <trkpt lon="-4.325939" lat="36.713146"><ele>4.2</ele></trkpt>
   <trkpt lon="-4.325948" lat="36.713128"><ele>4.1</ele></trkpt>
   <trkpt lon="-4.325946" lat="36.713112"><ele>4.1</ele></trkpt>
   <trkpt lon="-4.325931" lat="36.713090"><ele>4.0</ele></trkpt>
   <trkpt lon="-4.325903" lat="36.713073"><ele>4.0</ele></trkpt>
   <trkpt lon="-4.325865" lat="36.713067"><ele>4.0</ele></trkpt>
   <trkpt lon="-4.325828" lat="36.713075"><ele>4.0</ele></trkpt>
   <trkpt lon="-4.325808" lat="36.713105"><ele>4.0</ele></trkpt>
   <trkpt lon="-4.325809" lat="36.713127"><ele>4.0</ele></trkpt>
   <trkpt lon="-4.325823" lat="36.713151"><ele>4.1</ele></trkpt>
   <trkpt lon="-4.325753" lat="36.713197"><ele>4.0</ele></trkpt>
   <trkpt lon="-4.325562" lat="36.713211"><ele>3.8</ele></trkpt>
   <trkpt lon="-4.325044" lat="36.713170"><ele>3.6</ele></trkpt>
   <trkpt lon="-4.324504" lat="36.713137"><ele>3.4</ele></trkpt>
   <trkpt lon="-4.324203" lat="36.713104"><ele>3.2</ele></trkpt>
   <trkpt lon="-4.323893" lat="36.713029"><ele>2.8</ele></trkpt>
   <trkpt lon="-4.323603" lat="36.712924"><ele>2.9</ele></trkpt>
   <trkpt lon="-4.323344" lat="36.712811"><ele>1.8</ele></trkpt>
   <trkpt lon="-4.323168" lat="36.712722"><ele>2.3</ele></trkpt>
   <trkpt lon="-4.323197" lat="36.712688"><ele>2.1</ele></trkpt>
   <trkpt lon="-4.322969" lat="36.712608"><ele>4.1</ele></trkpt>
   <trkpt lon="-4.322668" lat="36.712547"><ele>5.8</ele></trkpt>
   <trkpt lon="-4.322336" lat="36.712496"><ele>6.0</ele></trkpt>
   <trkpt lon="-4.322268" lat="36.712494"><ele>6.1</ele></trkpt>
   <trkpt lon="-4.322237" lat="36.712476"><ele>6.2</ele></trkpt>
   <trkpt lon="-4.322050" lat="36.712462"><ele>6.7</ele></trkpt>
   <trkpt lon="-4.321184" lat="36.712487"><ele>3.6</ele></trkpt>
   <trkpt lon="-4.320252" lat="36.712559"><ele>2.0</ele></trkpt>
   <trkpt lon="-4.319142" lat="36.712628"><ele>1.0</ele></trkpt>
   <trkpt lon="-4.318665" lat="36.712687"><ele>0.9</ele></trkpt>
   <trkpt lon="-4.318359" lat="36.712767"><ele>4.4</ele></trkpt>
   <trkpt lon="-4.318050" lat="36.712935"><ele>3.0</ele></trkpt>
   <trkpt lon="-4.317787" lat="36.712985"><ele>3.0</ele></trkpt>
   <trkpt lon="-4.317586" lat="36.713024"><ele>3.0</ele></trkpt>
   <trkpt lon="-4.316836" lat="36.713151"><ele>3.5</ele></trkpt>
   <trkpt lon="-4.315975" lat="36.713205"><ele>1.9</ele></trkpt>
   <trkpt lon="-4.315881" lat="36.713217"><ele>1.6</ele></trkpt>
   <trkpt lon="-4.315120" lat="36.713268"><ele>3.2</ele></trkpt>
   <trkpt lon="-4.314706" lat="36.713291"><ele>2.2</ele></trkpt>
   <trkpt lon="-4.314679" lat="36.713270"><ele>2.0</ele></trkpt>
   <trkpt lon="-4.314158" lat="36.713314"><ele>1.5</ele></trkpt>
   <trkpt lon="-4.313281" lat="36.713407"><ele>1.0</ele></trkpt>
   <trkpt lon="-4.311989" lat="36.713564"><ele>0.9</ele></trkpt>
   <trkpt lon="-4.310839" lat="36.713771"><ele>1.1</ele></trkpt>
   <trkpt lon="-4.309242" lat="36.714108"><ele>2.1</ele></trkpt>
   <trkpt lon="-4.308975" lat="36.714117"><ele>2.1</ele></trkpt>
   <trkpt lon="-4.308749" lat="36.714127"><ele>2.1</ele></trkpt>
   <trkpt lon="-4.308475" lat="36.714263"><ele>2.5</ele></trkpt>
   <trkpt lon="-4.308246" lat="36.714357"><ele>2.8</ele></trkpt>
   <trkpt lon="-4.307746" lat="36.714452"><ele>2.4</ele></trkpt>
   <trkpt lon="-4.307578" lat="36.714413"><ele>2.0</ele></trkpt>
   <trkpt lon="-4.307487" lat="36.714404"><ele>2.0</ele></trkpt>
   <trkpt lon="-4.307116" lat="36.714512"><ele>2.2</ele></trkpt>
   <trkpt lon="-4.306884" lat="36.714658"><ele>2.7</ele></trkpt>
   <trkpt lon="-4.306681" lat="36.714679"><ele>2.7</ele></trkpt>
   <trkpt lon="-4.306327" lat="36.714689"><ele>2.8</ele></trkpt>
   <trkpt lon="-4.305773" lat="36.714737"><ele>2.9</ele></trkpt>
   <trkpt lon="-4.305665" lat="36.714717"><ele>2.8</ele></trkpt>
   <trkpt lon="-4.305627" lat="36.714684"><ele>2.7</ele></trkpt>
   <trkpt lon="-4.305584" lat="36.714603"><ele>2.5</ele></trkpt>
   <trkpt lon="-4.305551" lat="36.714570"><ele>2.4</ele></trkpt>
   <trkpt lon="-4.305201" lat="36.714562"><ele>2.4</ele></trkpt>
   <trkpt lon="-4.304890" lat="36.714533"><ele>2.3</ele></trkpt>
   <trkpt lon="-4.304746" lat="36.714534"><ele>2.3</ele></trkpt>
   <trkpt lon="-4.304635" lat="36.714573"><ele>2.4</ele></trkpt>
   <trkpt lon="-4.304325" lat="36.714718"><ele>2.8</ele></trkpt>
   <trkpt lon="-4.303184" lat="36.714653"><ele>2.3</ele></trkpt>
   <trkpt lon="-4.303147" lat="36.714636"><ele>2.3</ele></trkpt>
   <trkpt lon="-4.303122" lat="36.714602"><ele>2.1</ele></trkpt>
   <trkpt lon="-4.303131" lat="36.714530"><ele>1.7</ele></trkpt>
   <trkpt lon="-4.303113" lat="36.714506"><ele>1.6</ele></trkpt>
   <trkpt lon="-4.302743" lat="36.714469"><ele>2.1</ele></trkpt>
   <trkpt lon="-4.302575" lat="36.714499"><ele>2.2</ele></trkpt>
   <trkpt lon="-4.302088" lat="36.714628"><ele>2.1</ele></trkpt>
   <trkpt lon="-4.301823" lat="36.714615"><ele>2.0</ele></trkpt>
   <trkpt lon="-4.301598" lat="36.714568"><ele>2.0</ele></trkpt>
   <trkpt lon="-4.301370" lat="36.714500"><ele>2.0</ele></trkpt>
   <trkpt lon="-4.300971" lat="36.714248"><ele>2.7</ele></trkpt>
   <trkpt lon="-4.300942" lat="36.714220"><ele>2.9</ele></trkpt>
   <trkpt lon="-4.300870" lat="36.714212"><ele>3.3</ele></trkpt>
   <trkpt lon="-4.300837" lat="36.714207"><ele>3.4</ele></trkpt>
   <trkpt lon="-4.300663" lat="36.713974"><ele>6.8</ele></trkpt>
   <trkpt lon="-4.300314" lat="36.713760"><ele>13.3</ele></trkpt>
   <trkpt lon="-4.300298" lat="36.713676"><ele>13.6</ele></trkpt>
   <trkpt lon="-4.299889" lat="36.713506"><ele>14.3</ele></trkpt>
   <trkpt lon="-4.298935" lat="36.713255"><ele>13.8</ele></trkpt>
   <trkpt lon="-4.298753" lat="36.713220"><ele>15.9</ele></trkpt>
   <trkpt lon="-4.298568" lat="36.713180"><ele>17.3</ele></trkpt>
   <trkpt lon="-4.298387" lat="36.713145"><ele>17.0</ele></trkpt>
   <trkpt lon="-4.297423" lat="36.712930"><ele>13.1</ele></trkpt>
   <trkpt lon="-4.297113" lat="36.712887"><ele>14.6</ele></trkpt>
   <trkpt lon="-4.296845" lat="36.712860"><ele>13.9</ele></trkpt>
   <trkpt lon="-4.296550" lat="36.712877"><ele>11.3</ele></trkpt>
   <trkpt lon="-4.296329" lat="36.712923"><ele>8.9</ele></trkpt>
   <trkpt lon="-4.296114" lat="36.712987"><ele>8.3</ele></trkpt>
   <trkpt lon="-4.295922" lat="36.713072"><ele>8.5</ele></trkpt>
   <trkpt lon="-4.295758" lat="36.713173"><ele>12.7</ele></trkpt>
   <trkpt lon="-4.294948" lat="36.713777"><ele>22.9</ele></trkpt>
   <trkpt lon="-4.294864" lat="36.713840"><ele>20.6</ele></trkpt>
   <trkpt lon="-4.294384" lat="36.714197"><ele>7.5</ele></trkpt>
   <trkpt lon="-4.293854" lat="36.714586"><ele>1.6</ele></trkpt>
   <trkpt lon="-4.293740" lat="36.714660"><ele>1.7</ele></trkpt>
   <trkpt lon="-4.293457" lat="36.714788"><ele>2.0</ele></trkpt>
   <trkpt lon="-4.293311" lat="36.714835"><ele>2.2</ele></trkpt>
   <trkpt lon="-4.293155" lat="36.714870"><ele>2.3</ele></trkpt>
   <trkpt lon="-4.293118" lat="36.714862"><ele>2.3</ele></trkpt>
   <trkpt lon="-4.293042" lat="36.714841"><ele>2.2</ele></trkpt>
   <trkpt lon="-4.292468" lat="36.714888"><ele>1.7</ele></trkpt>
   <trkpt lon="-4.292179" lat="36.714911"><ele>1.8</ele></trkpt>
   <trkpt lon="-4.291505" lat="36.714943"><ele>2.0</ele></trkpt>
   <trkpt lon="-4.290522" lat="36.714955"><ele>2.1</ele></trkpt>
   <trkpt lon="-4.289333" lat="36.714989"><ele>2.6</ele></trkpt>
   <trkpt lon="-4.287766" lat="36.715016"><ele>2.1</ele></trkpt>
   <trkpt lon="-4.287678" lat="36.714947"><ele>2.2</ele></trkpt>
   <trkpt lon="-4.287326" lat="36.714930"><ele>2.5</ele></trkpt>
   <trkpt lon="-4.287194" lat="36.714999"><ele>2.7</ele></trkpt>
   <trkpt lon="-4.286763" lat="36.714962"><ele>2.5</ele></trkpt>
   <trkpt lon="-4.286139" lat="36.714896"><ele>2.7</ele></trkpt>
   <trkpt lon="-4.285897" lat="36.714862"><ele>2.5</ele></trkpt>
   <trkpt lon="-4.285737" lat="36.714801"><ele>2.3</ele></trkpt>
   <trkpt lon="-4.285435" lat="36.714781"><ele>3.0</ele></trkpt>
   <trkpt lon="-4.285221" lat="36.714785"><ele>3.0</ele></trkpt>
   <trkpt lon="-4.284328" lat="36.714696"><ele>2.5</ele></trkpt>
   <trkpt lon="-4.283639" lat="36.714613"><ele>2.5</ele></trkpt>
   <trkpt lon="-4.283411" lat="36.714569"><ele>2.4</ele></trkpt>
   <trkpt lon="-4.283225" lat="36.714542"><ele>2.3</ele></trkpt>
   <trkpt lon="-4.282556" lat="36.714463"><ele>2.1</ele></trkpt>
   <trkpt lon="-4.282165" lat="36.714442"><ele>2.0</ele></trkpt>
   <trkpt lon="-4.281225" lat="36.714311"><ele>2.3</ele></trkpt>
   <trkpt lon="-4.280413" lat="36.714199"><ele>2.3</ele></trkpt>
   <trkpt lon="-4.280056" lat="36.714057"><ele>2.0</ele></trkpt>
   <trkpt lon="-4.279492" lat="36.713970"><ele>2.3</ele></trkpt>
   <trkpt lon="-4.279228" lat="36.714034"><ele>2.7</ele></trkpt>
   <trkpt lon="-4.277815" lat="36.713828"><ele>2.2</ele></trkpt>
   <trkpt lon="-4.277623" lat="36.713695"><ele>2.0</ele></trkpt>
   <trkpt lon="-4.277557" lat="36.713670"><ele>2.0</ele></trkpt>
   <trkpt lon="-4.277271" lat="36.713635"><ele>2.0</ele></trkpt>
   <trkpt lon="-4.277192" lat="36.713659"><ele>2.0</ele></trkpt>
   <trkpt lon="-4.277081" lat="36.713727"><ele>2.0</ele></trkpt>
   <trkpt lon="-4.275691" lat="36.713545"><ele>1.8</ele></trkpt>
   <trkpt lon="-4.275525" lat="36.713439"><ele>1.2</ele></trkpt>
   <trkpt lon="-4.275409" lat="36.713430"><ele>1.5</ele></trkpt>
   <trkpt lon="-4.275196" lat="36.713479"><ele>2.4</ele></trkpt>
   <trkpt lon="-4.274073" lat="36.713337"><ele>2.9</ele></trkpt>
   <trkpt lon="-4.273210" lat="36.713212"><ele>2.4</ele></trkpt>
   <trkpt lon="-4.273162" lat="36.713197"><ele>2.4</ele></trkpt>
   <trkpt lon="-4.273143" lat="36.713185"><ele>2.4</ele></trkpt>
   <trkpt lon="-4.273121" lat="36.713163"><ele>2.3</ele></trkpt>
   <trkpt lon="-4.273047" lat="36.713052"><ele>2.0</ele></trkpt>
   <trkpt lon="-4.273010" lat="36.713026"><ele>2.0</ele></trkpt>
   <trkpt lon="-4.272981" lat="36.713018"><ele>2.0</ele></trkpt>
   <trkpt lon="-4.272710" lat="36.712968"><ele>2.0</ele></trkpt>
   <trkpt lon="-4.272663" lat="36.712973"><ele>2.0</ele></trkpt>
   <trkpt lon="-4.272646" lat="36.712997"><ele>2.0</ele></trkpt>
   <trkpt lon="-4.272606" lat="36.713101"><ele>2.1</ele></trkpt>
   <trkpt lon="-4.272587" lat="36.713116"><ele>2.1</ele></trkpt>
   <trkpt lon="-4.272540" lat="36.713127"><ele>2.2</ele></trkpt>
   <trkpt lon="-4.271956" lat="36.713047"><ele>2.4</ele></trkpt>
   <trkpt lon="-4.271126" lat="36.712928"><ele>2.6</ele></trkpt>
   <trkpt lon="-4.270738" lat="36.712873"><ele>2.9</ele></trkpt>
   <trkpt lon="-4.270609" lat="36.712915"><ele>3.1</ele></trkpt>
   <trkpt lon="-4.270511" lat="36.712892"><ele>3.0</ele></trkpt>
   <trkpt lon="-4.270163" lat="36.712812"><ele>3.0</ele></trkpt>
   <trkpt lon="-4.269696" lat="36.712752"><ele>3.1</ele></trkpt>
   <trkpt lon="-4.268870" lat="36.712590"><ele>2.4</ele></trkpt>
   <trkpt lon="-4.268535" lat="36.712551"><ele>2.7</ele></trkpt>
   <trkpt lon="-4.268278" lat="36.712539"><ele>2.9</ele></trkpt>
   <trkpt lon="-4.267375" lat="36.712415"><ele>2.1</ele></trkpt>
   <trkpt lon="-4.266614" lat="36.712296"><ele>2.5</ele></trkpt>
   <trkpt lon="-4.265376" lat="36.712136"><ele>2.3</ele></trkpt>
   <trkpt lon="-4.263753" lat="36.711958"><ele>2.8</ele></trkpt>
   <trkpt lon="-4.261268" lat="36.711629"><ele>1.9</ele></trkpt>
   <trkpt lon="-4.260225" lat="36.711510"><ele>2.4</ele></trkpt>
   <trkpt lon="-4.259576" lat="36.711458"><ele>2.3</ele></trkpt>
   <trkpt lon="-4.259345" lat="36.711440"><ele>2.2</ele></trkpt>
   <trkpt lon="-4.258932" lat="36.711390"><ele>2.1</ele></trkpt>
   <trkpt lon="-4.258304" lat="36.711344"><ele>2.0</ele></trkpt>
   <trkpt lon="-4.257523" lat="36.711317"><ele>1.9</ele></trkpt>
   <trkpt lon="-4.256384" lat="36.711298"><ele>1.8</ele></trkpt>
   <trkpt lon="-4.255250" lat="36.711249"><ele>2.0</ele></trkpt>
   <trkpt lon="-4.254421" lat="36.711235"><ele>2.2</ele></trkpt>
   <trkpt lon="-4.253690" lat="36.711199"><ele>2.5</ele></trkpt>
   <trkpt lon="-4.252667" lat="36.711087"><ele>2.2</ele></trkpt>
   <trkpt lon="-4.251510" lat="36.710981"><ele>2.8</ele></trkpt>
   <trkpt lon="-4.251381" lat="36.710975"><ele>2.8</ele></trkpt>
   <trkpt lon="-4.250669" lat="36.710944"><ele>2.6</ele></trkpt>
   <trkpt lon="-4.250095" lat="36.710920"><ele>2.1</ele></trkpt>
   <trkpt lon="-4.249382" lat="36.710891"><ele>2.3</ele></trkpt>
   <trkpt lon="-4.248294" lat="36.710868"><ele>2.1</ele></trkpt>
   <trkpt lon="-4.248186" lat="36.710879"><ele>2.2</ele></trkpt>
   <trkpt lon="-4.247773" lat="36.710931"><ele>3.0</ele></trkpt>
   <trkpt lon="-4.247232" lat="36.710998"><ele>2.1</ele></trkpt>
   <trkpt lon="-4.246790" lat="36.711042"><ele>1.9</ele></trkpt>
   <trkpt lon="-4.246647" lat="36.711058"><ele>1.6</ele></trkpt>
   <trkpt lon="-4.246446" lat="36.711099"><ele>1.5</ele></trkpt>
   <trkpt lon="-4.246046" lat="36.711144"><ele>2.0</ele></trkpt>
   <trkpt lon="-4.245802" lat="36.711163"><ele>3.0</ele></trkpt>
   <trkpt lon="-4.244912" lat="36.711238"><ele>2.0</ele></trkpt>
   <trkpt lon="-4.244698" lat="36.711252"><ele>2.0</ele></trkpt>
   <trkpt lon="-4.244396" lat="36.711271"><ele>2.0</ele></trkpt>
   <trkpt lon="-4.244099" lat="36.711291"><ele>1.9</ele></trkpt>
   <trkpt lon="-4.243831" lat="36.711324"><ele>1.1</ele></trkpt>
   <trkpt lon="-4.243399" lat="36.711394"><ele>1.3</ele></trkpt>
   <trkpt lon="-4.242919" lat="36.711458"><ele>1.9</ele></trkpt>
   <trkpt lon="-4.242675" lat="36.711513"><ele>2.8</ele></trkpt>
   <trkpt lon="-4.242442" lat="36.711554"><ele>2.1</ele></trkpt>
   <trkpt lon="-4.241951" lat="36.711623"><ele>2.0</ele></trkpt>
   <trkpt lon="-4.241442" lat="36.711714"><ele>2.0</ele></trkpt>
   <trkpt lon="-4.241071" lat="36.711760"><ele>1.4</ele></trkpt>
   <trkpt lon="-4.240676" lat="36.711830"><ele>1.8</ele></trkpt>
   <trkpt lon="-4.240605" lat="36.711840"><ele>1.8</ele></trkpt>
   <trkpt lon="-4.240573" lat="36.711850"><ele>1.9</ele></trkpt>
   <trkpt lon="-4.240357" lat="36.711888"><ele>2.1</ele></trkpt>
   <trkpt lon="-4.239653" lat="36.711984"><ele>1.9</ele></trkpt>
   <trkpt lon="-4.239613" lat="36.712000"><ele>1.8</ele></trkpt>
   <trkpt lon="-4.239513" lat="36.711998"><ele>1.5</ele></trkpt>
   <trkpt lon="-4.238818" lat="36.712095"><ele>1.6</ele></trkpt>
   <trkpt lon="-4.236965" lat="36.712370"><ele>1.0</ele></trkpt>
   <trkpt lon="-4.236474" lat="36.712401"><ele>4.0</ele></trkpt>
   <trkpt lon="-4.235948" lat="36.712411"><ele>3.0</ele></trkpt>
   <trkpt lon="-4.235594" lat="36.712442"><ele>3.0</ele></trkpt>
   <trkpt lon="-4.235648" lat="36.712898"><ele>4.0</ele></trkpt>
   <trkpt lon="-4.234420" lat="36.712970"><ele>3.6</ele></trkpt>
   <trkpt lon="-4.234376" lat="36.712973"><ele>3.7</ele></trkpt>
   <trkpt lon="-4.232892" lat="36.713064"><ele>4.1</ele></trkpt>
   <trkpt lon="-4.232662" lat="36.713078"><ele>4.1</ele></trkpt>
   <trkpt lon="-4.231431" lat="36.713155"><ele>3.8</ele></trkpt>
   <trkpt lon="-4.231219" lat="36.713166"><ele>3.9</ele></trkpt>
   <trkpt lon="-4.230985" lat="36.713183"><ele>3.9</ele></trkpt>
   <trkpt lon="-4.230707" lat="36.713202"><ele>4.0</ele></trkpt>
   <trkpt lon="-4.230615" lat="36.713205"><ele>4.2</ele></trkpt>
   <trkpt lon="-4.230318" lat="36.713212"><ele>5.0</ele></trkpt>
   <trkpt lon="-4.230020" lat="36.713195"><ele>5.0</ele></trkpt>
   <trkpt lon="-4.229418" lat="36.713235"><ele>3.5</ele></trkpt>
   <trkpt lon="-4.229005" lat="36.713277"><ele>5.0</ele></trkpt>
   <trkpt lon="-4.228849" lat="36.713311"><ele>5.0</ele></trkpt>
   <trkpt lon="-4.228804" lat="36.713321"><ele>5.0</ele></trkpt>
   <trkpt lon="-4.228644" lat="36.713283"><ele>4.7</ele></trkpt>
   <trkpt lon="-4.228474" lat="36.713281"><ele>4.2</ele></trkpt>
   <trkpt lon="-4.227373" lat="36.713336"><ele>3.0</ele></trkpt>
   <trkpt lon="-4.227177" lat="36.713367"><ele>3.0</ele></trkpt>
   <trkpt lon="-4.226228" lat="36.713413"><ele>2.0</ele></trkpt>
   <trkpt lon="-4.225862" lat="36.713429"><ele>2.1</ele></trkpt>
   <trkpt lon="-4.225424" lat="36.713452"><ele>2.1</ele></trkpt>
   <trkpt lon="-4.224963" lat="36.713468"><ele>2.1</ele></trkpt>
   <trkpt lon="-4.224928" lat="36.713468"><ele>2.0</ele></trkpt>
   <trkpt lon="-4.224751" lat="36.713456"><ele>1.5</ele></trkpt>
   <trkpt lon="-4.224719" lat="36.713429"><ele>1.3</ele></trkpt>
   <trkpt lon="-4.224678" lat="36.713413"><ele>1.1</ele></trkpt>
   <trkpt lon="-4.224633" lat="36.713409"><ele>1.0</ele></trkpt>
   <trkpt lon="-4.224589" lat="36.713417"><ele>1.1</ele></trkpt>
   <trkpt lon="-4.224550" lat="36.713436"><ele>1.2</ele></trkpt>
   <trkpt lon="-4.224522" lat="36.713465"><ele>1.4</ele></trkpt>
   <trkpt lon="-4.224387" lat="36.713500"><ele>1.6</ele></trkpt>
   <trkpt lon="-4.224350" lat="36.713503"><ele>1.6</ele></trkpt>
   <trkpt lon="-4.223670" lat="36.713530"><ele>1.7</ele></trkpt>
   <trkpt lon="-4.221541" lat="36.713658"><ele>2.0</ele></trkpt>
   <trkpt lon="-4.221082" lat="36.713709"><ele>2.0</ele></trkpt>
   <trkpt lon="-4.220701" lat="36.713749"><ele>1.4</ele></trkpt>
   <trkpt lon="-4.220589" lat="36.713767"><ele>1.3</ele></trkpt>
   <trkpt lon="-4.220371" lat="36.713797"><ele>1.6</ele></trkpt>
   <trkpt lon="-4.219205" lat="36.713992"><ele>3.0</ele></trkpt>
   <trkpt lon="-4.218127" lat="36.714119"><ele>2.3</ele></trkpt>
   <trkpt lon="-4.217919" lat="36.714143"><ele>2.6</ele></trkpt>
   <trkpt lon="-4.217792" lat="36.714143"><ele>2.7</ele></trkpt>
   <trkpt lon="-4.217417" lat="36.714145"><ele>5.8</ele></trkpt>
   <trkpt lon="-4.217197" lat="36.714150"><ele>5.1</ele></trkpt>
   <trkpt lon="-4.217114" lat="36.714150"><ele>5.0</ele></trkpt>
   <trkpt lon="-4.217024" lat="36.714149"><ele>5.0</ele></trkpt>
   <trkpt lon="-4.215970" lat="36.714149"><ele>1.9</ele></trkpt>
   <trkpt lon="-4.215010" lat="36.714152"><ele>1.6</ele></trkpt>
   <trkpt lon="-4.214068" lat="36.714191"><ele>2.2</ele></trkpt>
   <trkpt lon="-4.213397" lat="36.714264"><ele>3.0</ele></trkpt>
   <trkpt lon="-4.213233" lat="36.714283"><ele>3.0</ele></trkpt>
   <trkpt lon="-4.211426" lat="36.714496"><ele>2.0</ele></trkpt>
   <trkpt lon="-4.210408" lat="36.714598"><ele>2.1</ele></trkpt>
   <trkpt lon="-4.209997" lat="36.714642"><ele>2.6</ele></trkpt>
   <trkpt lon="-4.209330" lat="36.714715"><ele>2.6</ele></trkpt>
   <trkpt lon="-4.208212" lat="36.714850"><ele>3.5</ele></trkpt>
   <trkpt lon="-4.207130" lat="36.714977"><ele>3.8</ele></trkpt>
   <trkpt lon="-4.206759" lat="36.715007"><ele>3.4</ele></trkpt>
   <trkpt lon="-4.206637" lat="36.715017"><ele>3.4</ele></trkpt>
   <trkpt lon="-4.206566" lat="36.715022"><ele>3.5</ele></trkpt>
   <trkpt lon="-4.206497" lat="36.715010"><ele>3.6</ele></trkpt>
   <trkpt lon="-4.205697" lat="36.715046"><ele>3.9</ele></trkpt>
   <trkpt lon="-4.205210" lat="36.715061"><ele>3.7</ele></trkpt>
   <trkpt lon="-4.204862" lat="36.715064"><ele>3.6</ele></trkpt>
   <trkpt lon="-4.204341" lat="36.715048"><ele>3.4</ele></trkpt>
   <trkpt lon="-4.203744" lat="36.715038"><ele>3.3</ele></trkpt>
   <trkpt lon="-4.203285" lat="36.715031"><ele>3.3</ele></trkpt>
   <trkpt lon="-4.203088" lat="36.715030"><ele>3.4</ele></trkpt>
   <trkpt lon="-4.202424" lat="36.715029"><ele>4.0</ele></trkpt>
   <trkpt lon="-4.202038" lat="36.715031"><ele>4.0</ele></trkpt>
   <trkpt lon="-4.201699" lat="36.715048"><ele>3.4</ele></trkpt>
   <trkpt lon="-4.201339" lat="36.715078"><ele>2.0</ele></trkpt>
   <trkpt lon="-4.200927" lat="36.715138"><ele>2.1</ele></trkpt>
   <trkpt lon="-4.200713" lat="36.715177"><ele>2.4</ele></trkpt>
   <trkpt lon="-4.200493" lat="36.715226"><ele>2.6</ele></trkpt>
   <trkpt lon="-4.200315" lat="36.715273"><ele>2.8</ele></trkpt>
   <trkpt lon="-4.199161" lat="36.715571"><ele>2.9</ele></trkpt>
   <trkpt lon="-4.198523" lat="36.715755"><ele>3.2</ele></trkpt>
   <trkpt lon="-4.198425" lat="36.715783"><ele>3.1</ele></trkpt>
   <trkpt lon="-4.197919" lat="36.715933"><ele>3.4</ele></trkpt>
   <trkpt lon="-4.197792" lat="36.715962"><ele>3.5</ele></trkpt>
   <trkpt lon="-4.197650" lat="36.715982"><ele>3.5</ele></trkpt>
   <trkpt lon="-4.197390" lat="36.715996"><ele>3.6</ele></trkpt>
   <trkpt lon="-4.196700" lat="36.716007"><ele>3.3</ele></trkpt>
   <trkpt lon="-4.196398" lat="36.716012"><ele>3.3</ele></trkpt>
   <trkpt lon="-4.195734" lat="36.716037"><ele>3.4</ele></trkpt>
   <trkpt lon="-4.194891" lat="36.716080"><ele>3.5</ele></trkpt>
   <trkpt lon="-4.194441" lat="36.716081"><ele>2.8</ele></trkpt>
   <trkpt lon="-4.193659" lat="36.716067"><ele>2.8</ele></trkpt>
   <trkpt lon="-4.193139" lat="36.716065"><ele>2.8</ele></trkpt>
   <trkpt lon="-4.193075" lat="36.716070"><ele>2.8</ele></trkpt>
   <trkpt lon="-4.192981" lat="36.716079"><ele>2.8</ele></trkpt>
   <trkpt lon="-4.192901" lat="36.716084"><ele>2.8</ele></trkpt>
   <trkpt lon="-4.192865" lat="36.716074"><ele>2.8</ele></trkpt>
   <trkpt lon="-4.192826" lat="36.716072"><ele>2.8</ele></trkpt>
   <trkpt lon="-4.192789" lat="36.716079"><ele>2.8</ele></trkpt>
   <trkpt lon="-4.192755" lat="36.716094"><ele>2.9</ele></trkpt>
   <trkpt lon="-4.192596" lat="36.716098"><ele>2.9</ele></trkpt>
   <trkpt lon="-4.192412" lat="36.716086"><ele>2.9</ele></trkpt>
   <trkpt lon="-4.191928" lat="36.716090"><ele>2.9</ele></trkpt>
   <trkpt lon="-4.191534" lat="36.716070"><ele>2.8</ele></trkpt>
   <trkpt lon="-4.191208" lat="36.716048"><ele>2.8</ele></trkpt>
   <trkpt lon="-4.190864" lat="36.716013"><ele>3.6</ele></trkpt>
   <trkpt lon="-4.190166" lat="36.715923"><ele>2.8</ele></trkpt>
   <trkpt lon="-4.188749" lat="36.715677"><ele>3.3</ele></trkpt>
   <trkpt lon="-4.188295" lat="36.715614"><ele>3.2</ele></trkpt>
   <trkpt lon="-4.188125" lat="36.715593"><ele>3.2</ele></trkpt>
   <trkpt lon="-4.187898" lat="36.715586"><ele>3.4</ele></trkpt>
   <trkpt lon="-4.187719" lat="36.715588"><ele>3.6</ele></trkpt>
   <trkpt lon="-4.187433" lat="36.715603"><ele>4.2</ele></trkpt>
   <trkpt lon="-4.187295" lat="36.715630"><ele>4.5</ele></trkpt>
   <trkpt lon="-4.186469" lat="36.715699"><ele>2.8</ele></trkpt>
   <trkpt lon="-4.185540" lat="36.715785"><ele>3.0</ele></trkpt>
   <trkpt lon="-4.184966" lat="36.715859"><ele>3.2</ele></trkpt>
   <trkpt lon="-4.184124" lat="36.715984"><ele>3.0</ele></trkpt>
   <trkpt lon="-4.182876" lat="36.716201"><ele>3.1</ele></trkpt>
   <trkpt lon="-4.182264" lat="36.716318"><ele>3.9</ele></trkpt>
   <trkpt lon="-4.181581" lat="36.716443"><ele>3.9</ele></trkpt>
   <trkpt lon="-4.181286" lat="36.716498"><ele>4.1</ele></trkpt>
   <trkpt lon="-4.180642" lat="36.716619"><ele>4.8</ele></trkpt>
   <trkpt lon="-4.180469" lat="36.716613"><ele>4.8</ele></trkpt>
   <trkpt lon="-4.180396" lat="36.716608"><ele>4.7</ele></trkpt>
   <trkpt lon="-4.180331" lat="36.716598"><ele>4.7</ele></trkpt>
   <trkpt lon="-4.180294" lat="36.716576"><ele>4.6</ele></trkpt>
   <trkpt lon="-4.180249" lat="36.716561"><ele>4.4</ele></trkpt>
   <trkpt lon="-4.180199" lat="36.716558"><ele>4.2</ele></trkpt>
   <trkpt lon="-4.180151" lat="36.716566"><ele>4.2</ele></trkpt>
   <trkpt lon="-4.180108" lat="36.716585"><ele>4.2</ele></trkpt>
   <trkpt lon="-4.180073" lat="36.716613"><ele>4.4</ele></trkpt>
   <trkpt lon="-4.180050" lat="36.716646"><ele>4.6</ele></trkpt>
   <trkpt lon="-4.180040" lat="36.716683"><ele>4.9</ele></trkpt>
   <trkpt lon="-4.180043" lat="36.716721"><ele>5.2</ele></trkpt>
   <trkpt lon="-4.180063" lat="36.716763"><ele>5.5</ele></trkpt>
   <trkpt lon="-4.180098" lat="36.716797"><ele>5.8</ele></trkpt>
   <trkpt lon="-4.180145" lat="36.716820"><ele>6.0</ele></trkpt>
   <trkpt lon="-4.180155" lat="36.716914"><ele>6.0</ele></trkpt>
   <trkpt lon="-4.180177" lat="36.717137"><ele>6.0</ele></trkpt>
   <trkpt lon="-4.180190" lat="36.717462"><ele>7.8</ele></trkpt>
   <trkpt lon="-4.180150" lat="36.717484"><ele>7.9</ele></trkpt>
   <trkpt lon="-4.180118" lat="36.717514"><ele>8.2</ele></trkpt>
   <trkpt lon="-4.180100" lat="36.717550"><ele>8.8</ele></trkpt>
   <trkpt lon="-4.180095" lat="36.717589"><ele>9.6</ele></trkpt>
   <trkpt lon="-4.179941" lat="36.717595"><ele>10.2</ele></trkpt>
   <trkpt lon="-4.179847" lat="36.717623"><ele>11.9</ele></trkpt>
   <trkpt lon="-4.179768" lat="36.717662"><ele>13.8</ele></trkpt>
   <trkpt lon="-4.179672" lat="36.717758"><ele>18.0</ele></trkpt>
   <trkpt lon="-4.179656" lat="36.717833"><ele>20.8</ele></trkpt>
   <trkpt lon="-4.179667" lat="36.718057"><ele>24.7</ele></trkpt>
   <trkpt lon="-4.179613" lat="36.718165"><ele>27.6</ele></trkpt>
   <trkpt lon="-4.179483" lat="36.718252"><ele>28.6</ele></trkpt>
   <trkpt lon="-4.179038" lat="36.718347"><ele>25.5</ele></trkpt>
   <trkpt lon="-4.178916" lat="36.718386"><ele>23.9</ele></trkpt>
   <trkpt lon="-4.178835" lat="36.718464"><ele>23.9</ele></trkpt>
   <trkpt lon="-4.178698" lat="36.718681"><ele>27.3</ele></trkpt>
   <trkpt lon="-4.178592" lat="36.718759"><ele>28.5</ele></trkpt>
   <trkpt lon="-4.177495" lat="36.719226"><ele>32.7</ele></trkpt>
   <trkpt lon="-4.177401" lat="36.719314"><ele>31.5</ele></trkpt>
   <trkpt lon="-4.177116" lat="36.719676"><ele>29.6</ele></trkpt>
   <trkpt lon="-4.176976" lat="36.719853"><ele>30.3</ele></trkpt>
   <trkpt lon="-4.176965" lat="36.719873"><ele>30.4</ele></trkpt>
   <trkpt lon="-4.176901" lat="36.719903"><ele>30.3</ele></trkpt>
   <trkpt lon="-4.176813" lat="36.719841"><ele>29.1</ele></trkpt>
   <trkpt lon="-4.176689" lat="36.719806"><ele>28.3</ele></trkpt>
   <trkpt lon="-4.176493" lat="36.719770"><ele>27.1</ele></trkpt>
   <trkpt lon="-4.176445" lat="36.719727"><ele>25.9</ele></trkpt>
   <trkpt lon="-4.176401" lat="36.719554"><ele>22.3</ele></trkpt>
   <trkpt lon="-4.176351" lat="36.719415"><ele>17.5</ele></trkpt>
   <trkpt lon="-4.176252" lat="36.719333"><ele>14.3</ele></trkpt>
   <trkpt lon="-4.176094" lat="36.719280"><ele>11.6</ele></trkpt>
   <trkpt lon="-4.175927" lat="36.719275"><ele>10.6</ele></trkpt>
   <trkpt lon="-4.175647" lat="36.719288"><ele>9.2</ele></trkpt>
   <trkpt lon="-4.175562" lat="36.719313"><ele>8.9</ele></trkpt>
   <trkpt lon="-4.175448" lat="36.719435"><ele>9.3</ele></trkpt>
   <trkpt lon="-4.175375" lat="36.719481"><ele>9.6</ele></trkpt>
   <trkpt lon="-4.175286" lat="36.719449"><ele>9.4</ele></trkpt>
   <trkpt lon="-4.175239" lat="36.719408"><ele>9.1</ele></trkpt>
   <trkpt lon="-4.175138" lat="36.719408"><ele>8.6</ele></trkpt>
   <trkpt lon="-4.175011" lat="36.719419"><ele>8.8</ele></trkpt>
   <trkpt lon="-4.174929" lat="36.719412"><ele>8.9</ele></trkpt>
   <trkpt lon="-4.174857" lat="36.719380"><ele>9.0</ele></trkpt>
   <trkpt lon="-4.174850" lat="36.719328"><ele>9.0</ele></trkpt>
   <trkpt lon="-4.174718" lat="36.719257"><ele>9.0</ele></trkpt>
   <trkpt lon="-4.174571" lat="36.719183"><ele>8.9</ele></trkpt>
   <trkpt lon="-4.174384" lat="36.719151"><ele>8.8</ele></trkpt>
   <trkpt lon="-4.174226" lat="36.719156"><ele>8.7</ele></trkpt>
   <trkpt lon="-4.174099" lat="36.719192"><ele>8.9</ele></trkpt>
   <trkpt lon="-4.173884" lat="36.719143"><ele>8.6</ele></trkpt>
   <trkpt lon="-4.173516" lat="36.719082"><ele>7.7</ele></trkpt>
   <trkpt lon="-4.173234" lat="36.719035"><ele>7.2</ele></trkpt>
   <trkpt lon="-4.173121" lat="36.718996"><ele>7.0</ele></trkpt>
   <trkpt lon="-4.172933" lat="36.719150"><ele>6.9</ele></trkpt>
   <trkpt lon="-4.172765" lat="36.719181"><ele>6.9</ele></trkpt>
   <trkpt lon="-4.172591" lat="36.719196"><ele>6.4</ele></trkpt>
   <trkpt lon="-4.171723" lat="36.719280"><ele>5.0</ele></trkpt>
   <trkpt lon="-4.170888" lat="36.719422"><ele>4.8</ele></trkpt>
   <trkpt lon="-4.170416" lat="36.719460"><ele>4.0</ele></trkpt>
   <trkpt lon="-4.169818" lat="36.719594"><ele>4.1</ele></trkpt>
   <trkpt lon="-4.169513" lat="36.719697"><ele>4.2</ele></trkpt>
   <trkpt lon="-4.169146" lat="36.719856"><ele>4.0</ele></trkpt>
   <trkpt lon="-4.168130" lat="36.720499"><ele>5.8</ele></trkpt>
   <trkpt lon="-4.167777" lat="36.720677"><ele>5.6</ele></trkpt>
   <trkpt lon="-4.166863" lat="36.720915"><ele>6.0</ele></trkpt>
   <trkpt lon="-4.166461" lat="36.720976"><ele>6.0</ele></trkpt>
   <trkpt lon="-4.165241" lat="36.720885"><ele>4.9</ele></trkpt>
   <trkpt lon="-4.163886" lat="36.720849"><ele>4.0</ele></trkpt>
   <trkpt lon="-4.162573" lat="36.720822"><ele>3.1</ele></trkpt>
   <trkpt lon="-4.162375" lat="36.720819"><ele>3.0</ele></trkpt>
   <trkpt lon="-4.161133" lat="36.720838"><ele>3.0</ele></trkpt>
   <trkpt lon="-4.160293" lat="36.720850"><ele>3.8</ele></trkpt>
   <trkpt lon="-4.160197" lat="36.720903"><ele>4.0</ele></trkpt>
   <trkpt lon="-4.160142" lat="36.721010"><ele>4.0</ele></trkpt>
   <trkpt lon="-4.158866" lat="36.721188"><ele>4.0</ele></trkpt>
   <trkpt lon="-4.158705" lat="36.721211"><ele>4.2</ele></trkpt>
   <trkpt lon="-4.158660" lat="36.721217"><ele>4.3</ele></trkpt>
   <trkpt lon="-4.158605" lat="36.721215"><ele>4.5</ele></trkpt>
   <trkpt lon="-4.158390" lat="36.721206"><ele>4.8</ele></trkpt>
   <trkpt lon="-4.158218" lat="36.721126"><ele>4.6</ele></trkpt>
   <trkpt lon="-4.157992" lat="36.720914"><ele>4.0</ele></trkpt>
   <trkpt lon="-4.157872" lat="36.720837"><ele>3.5</ele></trkpt>
   <trkpt lon="-4.157712" lat="36.720774"><ele>3.2</ele></trkpt>
   <trkpt lon="-4.157482" lat="36.720770"><ele>3.1</ele></trkpt>
   <trkpt lon="-4.156652" lat="36.720774"><ele>2.6</ele></trkpt>
   <trkpt lon="-4.156359" lat="36.720833"><ele>2.8</ele></trkpt>
   <trkpt lon="-4.156244" lat="36.720850"><ele>2.8</ele></trkpt>
   <trkpt lon="-4.155754" lat="36.720834"><ele>3.4</ele></trkpt>
   <trkpt lon="-4.155288" lat="36.720887"><ele>3.8</ele></trkpt>
   <trkpt lon="-4.154767" lat="36.720825"><ele>3.8</ele></trkpt>
   <trkpt lon="-4.154766" lat="36.720749"><ele>3.0</ele></trkpt>
   <trkpt lon="-4.154306" lat="36.720741"><ele>3.5</ele></trkpt>
   <trkpt lon="-4.153479" lat="36.720703"><ele>2.8</ele></trkpt>
   <trkpt lon="-4.153471" lat="36.720785"><ele>3.6</ele></trkpt>
   <trkpt lon="-4.153102" lat="36.720882"><ele>8.2</ele></trkpt>
   <trkpt lon="-4.152881" lat="36.720966"><ele>14.3</ele></trkpt>
   <trkpt lon="-4.152826" lat="36.721077"><ele>18.6</ele></trkpt>
   <trkpt lon="-4.152772" lat="36.721301"><ele>25.7</ele></trkpt>
   <trkpt lon="-4.152722" lat="36.721959"><ele>31.6</ele></trkpt>
   <trkpt lon="-4.152679" lat="36.722121"><ele>32.5</ele></trkpt>
   <trkpt lon="-4.152593" lat="36.722280"><ele>34.0</ele></trkpt>
   <trkpt lon="-4.152308" lat="36.722530"><ele>37.6</ele></trkpt>
   <trkpt lon="-4.152053" lat="36.722764"><ele>40.1</ele></trkpt>
   <trkpt lon="-4.151802" lat="36.723151"><ele>41.4</ele></trkpt>
   <trkpt lon="-4.151536" lat="36.723200"><ele>42.1</ele></trkpt>
   <trkpt lon="-4.151060" lat="36.723182"><ele>40.9</ele></trkpt>
   <trkpt lon="-4.150818" lat="36.723173"><ele>43.1</ele></trkpt>
   <trkpt lon="-4.150689" lat="36.723084"><ele>44.0</ele></trkpt>
   <trkpt lon="-4.150652" lat="36.722816"><ele>41.1</ele></trkpt>
   <trkpt lon="-4.150642" lat="36.722695"><ele>39.5</ele></trkpt>
   <trkpt lon="-4.150546" lat="36.722511"><ele>36.5</ele></trkpt>
   <trkpt lon="-4.150318" lat="36.722273"><ele>32.0</ele></trkpt>
   <trkpt lon="-4.150143" lat="36.722261"><ele>33.1</ele></trkpt>
   <trkpt lon="-4.149848" lat="36.722405"><ele>36.1</ele></trkpt>
   <trkpt lon="-4.149725" lat="36.722418"><ele>37.2</ele></trkpt>
   <trkpt lon="-4.149646" lat="36.722374"><ele>37.1</ele></trkpt>
   <trkpt lon="-4.149583" lat="36.722217"><ele>35.6</ele></trkpt>
   <trkpt lon="-4.149534" lat="36.722125"><ele>34.6</ele></trkpt>
   <trkpt lon="-4.149328" lat="36.721985"><ele>29.8</ele></trkpt>
   <trkpt lon="-4.149253" lat="36.721954"><ele>27.8</ele></trkpt>
   <trkpt lon="-4.148578" lat="36.721944"><ele>13.6</ele></trkpt>
   <trkpt lon="-4.148102" lat="36.721788"><ele>19.9</ele></trkpt>
   <trkpt lon="-4.147951" lat="36.721780"><ele>24.1</ele></trkpt>
   <trkpt lon="-4.147840" lat="36.721813"><ele>27.4</ele></trkpt>
   <trkpt lon="-4.147764" lat="36.721868"><ele>29.5</ele></trkpt>
   <trkpt lon="-4.147635" lat="36.721998"><ele>31.9</ele></trkpt>
   <trkpt lon="-4.147488" lat="36.722078"><ele>33.0</ele></trkpt>
   <trkpt lon="-4.146997" lat="36.722248"><ele>35.4</ele></trkpt>
   <trkpt lon="-4.146437" lat="36.722305"><ele>36.2</ele></trkpt>
   <trkpt lon="-4.146281" lat="36.722370"><ele>34.7</ele></trkpt>
   <trkpt lon="-4.146198" lat="36.722448"><ele>34.6</ele></trkpt>
   <trkpt lon="-4.146126" lat="36.722693"><ele>35.8</ele></trkpt>
   <trkpt lon="-4.145973" lat="36.722829"><ele>35.0</ele></trkpt>
   <trkpt lon="-4.145344" lat="36.723164"><ele>22.4</ele></trkpt>
   <trkpt lon="-4.145326" lat="36.723255"><ele>21.5</ele></trkpt>
   <trkpt lon="-4.145424" lat="36.724007"><ele>19.1</ele></trkpt>
   <trkpt lon="-4.145436" lat="36.724182"><ele>20.1</ele></trkpt>
   <trkpt lon="-4.145405" lat="36.724239"><ele>19.9</ele></trkpt>
   <trkpt lon="-4.145369" lat="36.724267"><ele>19.7</ele></trkpt>
   <trkpt lon="-4.145157" lat="36.723914"><ele>13.6</ele></trkpt>
   <trkpt lon="-4.144910" lat="36.723589"><ele>10.4</ele></trkpt>
   <trkpt lon="-4.144537" lat="36.723137"><ele>5.5</ele></trkpt>
   <trkpt lon="-4.144344" lat="36.722929"><ele>4.6</ele></trkpt>
   <trkpt lon="-4.143716" lat="36.723194"><ele>4.5</ele></trkpt>
   <trkpt lon="-4.143272" lat="36.723324"><ele>4.2</ele></trkpt>
   <trkpt lon="-4.142798" lat="36.723486"><ele>6.6</ele></trkpt>
   <trkpt lon="-4.142311" lat="36.723687"><ele>5.5</ele></trkpt>
   <trkpt lon="-4.141996" lat="36.723876"><ele>5.4</ele></trkpt>
   <trkpt lon="-4.141873" lat="36.724006"><ele>6.1</ele></trkpt>
   <trkpt lon="-4.141706" lat="36.724117"><ele>6.1</ele></trkpt>
   <trkpt lon="-4.141231" lat="36.724381"><ele>6.2</ele></trkpt>
   <trkpt lon="-4.140869" lat="36.724547"><ele>6.4</ele></trkpt>
   <trkpt lon="-4.140411" lat="36.724745"><ele>6.8</ele></trkpt>
   <trkpt lon="-4.139812" lat="36.724958"><ele>7.4</ele></trkpt>
   <trkpt lon="-4.139135" lat="36.725140"><ele>7.1</ele></trkpt>
   <trkpt lon="-4.138782" lat="36.725245"><ele>7.4</ele></trkpt>
   <trkpt lon="-4.138660" lat="36.725229"><ele>7.3</ele></trkpt>
   <trkpt lon="-4.138654" lat="36.725228"><ele>7.3</ele></trkpt>
   <trkpt lon="-4.138344" lat="36.725278"><ele>6.9</ele></trkpt>
   <trkpt lon="-4.138079" lat="36.725339"><ele>6.3</ele></trkpt>
   <trkpt lon="-4.137350" lat="36.725665"><ele>6.3</ele></trkpt>
   <trkpt lon="-4.136938" lat="36.725928"><ele>5.4</ele></trkpt>
   <trkpt lon="-4.135116" lat="36.727329"><ele>5.4</ele></trkpt>
   <trkpt lon="-4.135060" lat="36.727363"><ele>5.4</ele></trkpt>
   <trkpt lon="-4.134273" lat="36.727697"><ele>6.0</ele></trkpt>
   <trkpt lon="-4.133771" lat="36.727854"><ele>6.6</ele></trkpt>
   <trkpt lon="-4.133393" lat="36.728031"><ele>6.5</ele></trkpt>
   <trkpt lon="-4.132703" lat="36.728255"><ele>6.5</ele></trkpt>
   <trkpt lon="-4.132386" lat="36.728291"><ele>6.3</ele></trkpt>
   <trkpt lon="-4.131641" lat="36.728556"><ele>5.6</ele></trkpt>
   <trkpt lon="-4.131467" lat="36.728683"><ele>5.8</ele></trkpt>
   <trkpt lon="-4.131428" lat="36.728765"><ele>6.0</ele></trkpt>
   <trkpt lon="-4.130947" lat="36.728979"><ele>6.8</ele></trkpt>
   <trkpt lon="-4.130326" lat="36.729467"><ele>7.7</ele></trkpt>
   <trkpt lon="-4.129906" lat="36.729910"><ele>9.5</ele></trkpt>
   <trkpt lon="-4.129671" lat="36.730169"><ele>9.8</ele></trkpt>
   <trkpt lon="-4.129658" lat="36.730184"><ele>9.8</ele></trkpt>
   <trkpt lon="-4.129477" lat="36.730478"><ele>10.2</ele></trkpt>
   <trkpt lon="-4.129225" lat="36.730648"><ele>10.4</ele></trkpt>
   <trkpt lon="-4.128824" lat="36.730995"><ele>11.7</ele></trkpt>
   <trkpt lon="-4.128631" lat="36.731163"><ele>13.0</ele></trkpt>
   <trkpt lon="-4.128338" lat="36.731440"><ele>15.6</ele></trkpt>
   <trkpt lon="-4.127756" lat="36.731997"><ele>20.9</ele></trkpt>
   <trkpt lon="-4.127544" lat="36.732200"><ele>22.0</ele></trkpt>
   <trkpt lon="-4.127207" lat="36.732673"><ele>19.7</ele></trkpt>
   <trkpt lon="-4.127023" lat="36.732976"><ele>19.3</ele></trkpt>
   <trkpt lon="-4.126975" lat="36.733143"><ele>20.0</ele></trkpt>
   <trkpt lon="-4.126847" lat="36.733572"><ele>21.6</ele></trkpt>
   <trkpt lon="-4.126710" lat="36.733777"><ele>22.6</ele></trkpt>
   <trkpt lon="-4.126691" lat="36.733823"><ele>22.8</ele></trkpt>
   <trkpt lon="-4.126634" lat="36.733899"><ele>23.2</ele></trkpt>
   <trkpt lon="-4.126249" lat="36.734143"><ele>25.5</ele></trkpt>
   <trkpt lon="-4.125625" lat="36.734338"><ele>26.7</ele></trkpt>
   <trkpt lon="-4.125134" lat="36.734558"><ele>28.1</ele></trkpt>
   <trkpt lon="-4.124701" lat="36.734860"><ele>32.4</ele></trkpt>
   <trkpt lon="-4.124306" lat="36.735285"><ele>35.1</ele></trkpt>
   <trkpt lon="-4.123670" lat="36.735863"><ele>38.2</ele></trkpt>
   <trkpt lon="-4.123420" lat="36.736259"><ele>37.4</ele></trkpt>
   <trkpt lon="-4.123000" lat="36.736902"><ele>32.5</ele></trkpt>
   <trkpt lon="-4.122529" lat="36.737625"><ele>29.8</ele></trkpt>
   <trkpt lon="-4.122254" lat="36.738024"><ele>26.8</ele></trkpt>
   <trkpt lon="-4.122060" lat="36.738238"><ele>25.7</ele></trkpt>
   <trkpt lon="-4.121767" lat="36.738602"><ele>26.9</ele></trkpt>
   <trkpt lon="-4.121311" lat="36.739268"><ele>26.2</ele></trkpt>
   <trkpt lon="-4.120608" lat="36.739745"><ele>25.9</ele></trkpt>
   <trkpt lon="-4.120308" lat="36.739976"><ele>22.3</ele></trkpt>
   <trkpt lon="-4.120027" lat="36.740090"><ele>19.1</ele></trkpt>
   <trkpt lon="-4.119734" lat="36.740076"><ele>17.3</ele></trkpt>
   <trkpt lon="-4.118796" lat="36.739834"><ele>14.4</ele></trkpt>
   <trkpt lon="-4.118103" lat="36.739690"><ele>11.0</ele></trkpt>
   <trkpt lon="-4.117230" lat="36.739635"><ele>9.5</ele></trkpt>
   <trkpt lon="-4.117046" lat="36.739654"><ele>8.7</ele></trkpt>
   <trkpt lon="-4.116764" lat="36.739716"><ele>8.0</ele></trkpt>
   <trkpt lon="-4.116659" lat="36.739714"><ele>7.6</ele></trkpt>
   <trkpt lon="-4.116542" lat="36.740199"><ele>7.5</ele></trkpt>
   <trkpt lon="-4.116306" lat="36.740720"><ele>7.6</ele></trkpt>
   <trkpt lon="-4.116061" lat="36.741151"><ele>7.5</ele></trkpt>
   <trkpt lon="-4.115985" lat="36.741249"><ele>7.7</ele></trkpt>
   <trkpt lon="-4.115582" lat="36.741571"><ele>7.4</ele></trkpt>
   <trkpt lon="-4.115528" lat="36.741668"><ele>7.4</ele></trkpt>
   <trkpt lon="-4.115444" lat="36.741894"><ele>7.5</ele></trkpt>
   <trkpt lon="-4.115395" lat="36.742424"><ele>7.9</ele></trkpt>
   <trkpt lon="-4.115386" lat="36.742621"><ele>8.4</ele></trkpt>
   <trkpt lon="-4.115417" lat="36.742804"><ele>8.8</ele></trkpt>
   <trkpt lon="-4.115422" lat="36.742974"><ele>8.4</ele></trkpt>
   <trkpt lon="-4.115223" lat="36.743647"><ele>8.4</ele></trkpt>
   <trkpt lon="-4.115099" lat="36.743953"><ele>8.0</ele></trkpt>
   <trkpt lon="-4.114989" lat="36.744122"><ele>8.0</ele></trkpt>
   <trkpt lon="-4.114895" lat="36.744389"><ele>9.1</ele></trkpt>
   <trkpt lon="-4.114865" lat="36.744469"><ele>9.3</ele></trkpt>
   <trkpt lon="-4.114663" lat="36.744649"><ele>9.4</ele></trkpt>
   <trkpt lon="-4.114559" lat="36.744764"><ele>9.4</ele></trkpt>
   <trkpt lon="-4.114392" lat="36.744982"><ele>9.5</ele></trkpt>
   <trkpt lon="-4.114203" lat="36.745289"><ele>9.8</ele></trkpt>
   <trkpt lon="-4.114097" lat="36.745460"><ele>10.0</ele></trkpt>
   <trkpt lon="-4.113621" lat="36.746100"><ele>10.5</ele></trkpt>
   <trkpt lon="-4.113567" lat="36.746215"><ele>10.6</ele></trkpt>
   <trkpt lon="-4.113550" lat="36.746355"><ele>10.7</ele></trkpt>
   <trkpt lon="-4.113543" lat="36.746568"><ele>10.9</ele></trkpt>
   <trkpt lon="-4.113572" lat="36.746897"><ele>10.6</ele></trkpt>
   <trkpt lon="-4.113579" lat="36.747140"><ele>10.6</ele></trkpt>
   <trkpt lon="-4.113588" lat="36.747255"><ele>10.6</ele></trkpt>
   <trkpt lon="-4.113654" lat="36.747655"><ele>10.5</ele></trkpt>
   <trkpt lon="-4.113700" lat="36.748178"><ele>10.0</ele></trkpt>
   <trkpt lon="-4.113692" lat="36.748549"><ele>10.1</ele></trkpt>
   <trkpt lon="-4.113666" lat="36.748810"><ele>10.8</ele></trkpt>
   <trkpt lon="-4.113661" lat="36.749346"><ele>11.0</ele></trkpt>
   <trkpt lon="-4.113643" lat="36.749677"><ele>10.8</ele></trkpt>
   <trkpt lon="-4.113604" lat="36.750000"><ele>10.5</ele></trkpt>
   <trkpt lon="-4.113515" lat="36.750485"><ele>11.0</ele></trkpt>
   <trkpt lon="-4.113458" lat="36.750835"><ele>11.0</ele></trkpt>
   <trkpt lon="-4.113171" lat="36.752480"><ele>11.0</ele></trkpt>
   <trkpt lon="-4.113111" lat="36.752953"><ele>11.0</ele></trkpt>
   <trkpt lon="-4.113098" lat="36.753226"><ele>11.1</ele></trkpt>
   <trkpt lon="-4.113127" lat="36.753662"><ele>11.9</ele></trkpt>
   <trkpt lon="-4.113154" lat="36.753944"><ele>12.0</ele></trkpt>
   <trkpt lon="-4.113198" lat="36.754117"><ele>12.3</ele></trkpt>
   <trkpt lon="-4.112960" lat="36.754151"><ele>12.3</ele></trkpt>
   <trkpt lon="-4.112841" lat="36.754200"><ele>12.5</ele></trkpt>
   <trkpt lon="-4.112753" lat="36.754253"><ele>12.7</ele></trkpt>
   <trkpt lon="-4.112677" lat="36.754314"><ele>12.8</ele></trkpt>
   <trkpt lon="-4.112603" lat="36.754425"><ele>13.0</ele></trkpt>
   <trkpt lon="-4.112557" lat="36.754511"><ele>13.0</ele></trkpt>
   <trkpt lon="-4.112493" lat="36.754731"><ele>13.0</ele></trkpt>
   <trkpt lon="-4.112410" lat="36.754898"><ele>13.1</ele></trkpt>
   <trkpt lon="-4.112348" lat="36.754992"><ele>13.0</ele></trkpt>
   <trkpt lon="-4.112290" lat="36.755054"><ele>13.0</ele></trkpt>
   <trkpt lon="-4.112215" lat="36.755083"><ele>13.3</ele></trkpt>
   <trkpt lon="-4.110794" lat="36.755425"><ele>14.2</ele></trkpt>
   <trkpt lon="-4.110647" lat="36.755522"><ele>14.4</ele></trkpt>
   <trkpt lon="-4.110593" lat="36.755584"><ele>14.4</ele></trkpt>
   <trkpt lon="-4.110550" lat="36.755652"><ele>14.4</ele></trkpt>
   <trkpt lon="-4.110380" lat="36.756187"><ele>17.6</ele></trkpt>
   <trkpt lon="-4.110364" lat="36.756347"><ele>17.1</ele></trkpt>
   <trkpt lon="-4.110410" lat="36.756412"><ele>16.7</ele></trkpt>
   <trkpt lon="-4.110527" lat="36.756528"><ele>15.5</ele></trkpt>
   <trkpt lon="-4.110544" lat="36.756561"><ele>15.2</ele></trkpt>
   <trkpt lon="-4.110544" lat="36.756609"><ele>14.8</ele></trkpt>
   <trkpt lon="-4.110522" lat="36.756660"><ele>14.4</ele></trkpt>
   <trkpt lon="-4.110436" lat="36.756744"><ele>13.5</ele></trkpt>
   <trkpt lon="-4.110317" lat="36.756869"><ele>12.7</ele></trkpt>
   <trkpt lon="-4.110226" lat="36.756949"><ele>12.1</ele></trkpt>
   <trkpt lon="-4.110157" lat="36.757061"><ele>11.6</ele></trkpt>
   <trkpt lon="-4.110148" lat="36.757164"><ele>11.6</ele></trkpt>
   <trkpt lon="-4.110192" lat="36.757300"><ele>11.8</ele></trkpt>
   <trkpt lon="-4.110266" lat="36.757385"><ele>12.0</ele></trkpt>
   <trkpt lon="-4.110698" lat="36.757710"><ele>12.3</ele></trkpt>
   <trkpt lon="-4.110656" lat="36.757786"><ele>12.0</ele></trkpt>
   <trkpt lon="-4.110569" lat="36.757820"><ele>12.3</ele></trkpt>
   <trkpt lon="-4.110384" lat="36.757958"><ele>13.3</ele></trkpt>
   <trkpt lon="-4.110337" lat="36.758015"><ele>13.6</ele></trkpt>
   <trkpt lon="-4.110283" lat="36.758144"><ele>14.1</ele></trkpt>
   <trkpt lon="-4.110247" lat="36.758244"><ele>14.5</ele></trkpt>
   <trkpt lon="-4.110209" lat="36.758338"><ele>14.7</ele></trkpt>
   <trkpt lon="-4.109959" lat="36.758843"><ele>15.0</ele></trkpt>
   <trkpt lon="-4.109816" lat="36.759057"><ele>15.0</ele></trkpt>
   <trkpt lon="-4.109654" lat="36.759299"><ele>15.0</ele></trkpt>
   <trkpt lon="-4.109552" lat="36.759409"><ele>15.2</ele></trkpt>
   <trkpt lon="-4.109453" lat="36.759471"><ele>15.5</ele></trkpt>
   <trkpt lon="-4.109326" lat="36.759535"><ele>16.1</ele></trkpt>
   <trkpt lon="-4.108924" lat="36.759699"><ele>16.0</ele></trkpt>
   <trkpt lon="-4.108811" lat="36.759770"><ele>16.0</ele></trkpt>
   <trkpt lon="-4.108508" lat="36.759991"><ele>16.3</ele></trkpt>
   <trkpt lon="-4.108404" lat="36.760094"><ele>16.3</ele></trkpt>
   <trkpt lon="-4.108326" lat="36.760204"><ele>16.3</ele></trkpt>
   <trkpt lon="-4.108280" lat="36.760343"><ele>16.5</ele></trkpt>
   <trkpt lon="-4.108185" lat="36.760828"><ele>16.5</ele></trkpt>
   <trkpt lon="-4.108170" lat="36.761059"><ele>16.0</ele></trkpt>
   <trkpt lon="-4.108187" lat="36.761226"><ele>15.9</ele></trkpt>
   <trkpt lon="-4.108246" lat="36.761409"><ele>16.6</ele></trkpt>
   <trkpt lon="-4.108345" lat="36.761592"><ele>17.4</ele></trkpt>
   <trkpt lon="-4.108441" lat="36.761794"><ele>17.9</ele></trkpt>
   <trkpt lon="-4.108490" lat="36.761979"><ele>18.2</ele></trkpt>
   <trkpt lon="-4.108511" lat="36.762271"><ele>18.8</ele></trkpt>
   <trkpt lon="-4.108522" lat="36.762546"><ele>19.0</ele></trkpt>
   <trkpt lon="-4.108521" lat="36.762586"><ele>19.0</ele></trkpt>
   <trkpt lon="-4.108549" lat="36.762781"><ele>19.1</ele></trkpt>
   <trkpt lon="-4.108557" lat="36.763261"><ele>21.2</ele></trkpt>
   <trkpt lon="-4.108563" lat="36.763372"><ele>21.5</ele></trkpt>
   <trkpt lon="-4.108542" lat="36.763698"><ele>23.0</ele></trkpt>
   <trkpt lon="-4.108488" lat="36.764232"><ele>24.4</ele></trkpt>
   <trkpt lon="-4.108470" lat="36.764585"><ele>24.4</ele></trkpt>
   <trkpt lon="-4.108407" lat="36.765244"><ele>26.8</ele></trkpt>
   <trkpt lon="-4.108284" lat="36.765527"><ele>27.6</ele></trkpt>
   <trkpt lon="-4.107985" lat="36.766035"><ele>30.0</ele></trkpt>
   <trkpt lon="-4.107869" lat="36.766186"><ele>30.4</ele></trkpt>
   <trkpt lon="-4.107722" lat="36.766380"><ele>30.4</ele></trkpt>
   <trkpt lon="-4.107491" lat="36.766686"><ele>29.4</ele></trkpt>
   <trkpt lon="-4.107416" lat="36.766785"><ele>28.8</ele></trkpt>
   <trkpt lon="-4.107391" lat="36.766817"><ele>28.7</ele></trkpt>
   <trkpt lon="-4.107292" lat="36.766999"><ele>28.1</ele></trkpt>
   <trkpt lon="-4.107151" lat="36.767212"><ele>29.2</ele></trkpt>
   <trkpt lon="-4.107057" lat="36.767378"><ele>30.1</ele></trkpt>
   <trkpt lon="-4.106945" lat="36.767648"><ele>30.9</ele></trkpt>
   <trkpt lon="-4.106897" lat="36.767763"><ele>31.2</ele></trkpt>
   <trkpt lon="-4.106748" lat="36.768159"><ele>31.6</ele></trkpt>
   <trkpt lon="-4.106599" lat="36.768555"><ele>31.1</ele></trkpt>
   <trkpt lon="-4.106591" lat="36.768575"><ele>31.1</ele></trkpt>
   <trkpt lon="-4.106513" lat="36.768660"><ele>30.9</ele></trkpt>
   <trkpt lon="-4.106443" lat="36.768708"><ele>30.7</ele></trkpt>
   <trkpt lon="-4.106349" lat="36.768714"><ele>30.4</ele></trkpt>
   <trkpt lon="-4.106268" lat="36.768740"><ele>30.1</ele></trkpt>
   <trkpt lon="-4.106200" lat="36.768785"><ele>29.9</ele></trkpt>
   <trkpt lon="-4.106181" lat="36.768808"><ele>29.9</ele></trkpt>
   <trkpt lon="-4.106151" lat="36.768844"><ele>29.8</ele></trkpt>
   <trkpt lon="-4.106126" lat="36.768912"><ele>29.7</ele></trkpt>
   <trkpt lon="-4.106128" lat="36.768982"><ele>29.7</ele></trkpt>
   <trkpt lon="-4.106155" lat="36.769049"><ele>29.8</ele></trkpt>
   <trkpt lon="-4.106206" lat="36.769107"><ele>30.1</ele></trkpt>
   <trkpt lon="-4.106166" lat="36.769180"><ele>30.2</ele></trkpt>
   <trkpt lon="-4.106156" lat="36.769199"><ele>30.3</ele></trkpt>
   <trkpt lon="-4.105838" lat="36.769744"><ele>30.1</ele></trkpt>
   <trkpt lon="-4.105401" lat="36.770491"><ele>33.3</ele></trkpt>
   <trkpt lon="-4.104937" lat="36.771284"><ele>32.9</ele></trkpt>
   <trkpt lon="-4.104859" lat="36.771418"><ele>32.1</ele></trkpt>
   <trkpt lon="-4.104778" lat="36.771547"><ele>31.4</ele></trkpt>
   <trkpt lon="-4.104720" lat="36.771577"><ele>31.2</ele></trkpt>
   <trkpt lon="-4.104682" lat="36.771623"><ele>30.9</ele></trkpt>
   <trkpt lon="-4.104670" lat="36.771668"><ele>30.7</ele></trkpt>
   <trkpt lon="-4.104678" lat="36.771714"><ele>30.4</ele></trkpt>
   <trkpt lon="-4.104627" lat="36.771813"><ele>30.0</ele></trkpt>
   <trkpt lon="-4.104456" lat="36.772147"><ele>30.2</ele></trkpt>
   <trkpt lon="-4.104219" lat="36.772535"><ele>31.2</ele></trkpt>
   <trkpt lon="-4.104178" lat="36.772622"><ele>31.4</ele></trkpt>
   <trkpt lon="-4.103617" lat="36.773544"><ele>34.6</ele></trkpt>
   <trkpt lon="-4.103537" lat="36.773640"><ele>34.9</ele></trkpt>
   <trkpt lon="-4.103448" lat="36.773658"><ele>35.0</ele></trkpt>
   <trkpt lon="-4.103371" lat="36.773698"><ele>35.2</ele></trkpt>
   <trkpt lon="-4.103314" lat="36.773751"><ele>35.4</ele></trkpt>
   <trkpt lon="-4.103280" lat="36.773814"><ele>35.6</ele></trkpt>
   <trkpt lon="-4.103269" lat="36.773883"><ele>35.6</ele></trkpt>
   <trkpt lon="-4.103284" lat="36.773952"><ele>35.6</ele></trkpt>
   <trkpt lon="-4.103323" lat="36.774014"><ele>35.5</ele></trkpt>
   <trkpt lon="-4.103408" lat="36.774197"><ele>35.2</ele></trkpt>
   <trkpt lon="-4.103428" lat="36.774296"><ele>35.2</ele></trkpt>
   <trkpt lon="-4.103428" lat="36.774366"><ele>35.2</ele></trkpt>
   <trkpt lon="-4.103439" lat="36.774835"><ele>35.1</ele></trkpt>
   <trkpt lon="-4.103439" lat="36.774958"><ele>35.5</ele></trkpt>
   <trkpt lon="-4.103440" lat="36.774993"><ele>35.5</ele></trkpt>
   <trkpt lon="-4.103439" lat="36.775049"><ele>35.7</ele></trkpt>
   <trkpt lon="-4.103440" lat="36.775248"><ele>36.3</ele></trkpt>
   <trkpt lon="-4.103436" lat="36.775356"><ele>36.6</ele></trkpt>
   <trkpt lon="-4.103422" lat="36.775752"><ele>37.8</ele></trkpt>
   <trkpt lon="-4.103420" lat="36.775798"><ele>38.0</ele></trkpt>
   <trkpt lon="-4.103418" lat="36.775842"><ele>38.1</ele></trkpt>
   <trkpt lon="-4.103367" lat="36.775842"><ele>38.2</ele></trkpt>
   <trkpt lon="-4.103324" lat="36.775865"><ele>38.4</ele></trkpt>
   <trkpt lon="-4.103303" lat="36.775903"><ele>38.7</ele></trkpt>
   <trkpt lon="-4.103312" lat="36.775944"><ele>38.9</ele></trkpt>
   <trkpt lon="-4.103350" lat="36.775976"><ele>39.0</ele></trkpt>
   <trkpt lon="-4.103376" lat="36.775984"><ele>39.0</ele></trkpt>
   <trkpt lon="-4.103404" lat="36.775985"><ele>38.9</ele></trkpt>
   <trkpt lon="-4.103414" lat="36.776101"><ele>39.5</ele></trkpt>
   <trkpt lon="-4.103406" lat="36.776606"><ele>42.4</ele></trkpt>
   <trkpt lon="-4.103343" lat="36.776892"><ele>43.4</ele></trkpt>
   <trkpt lon="-4.103307" lat="36.777067"><ele>43.5</ele></trkpt>
   <trkpt lon="-4.103245" lat="36.777330"><ele>43.7</ele></trkpt>
   <trkpt lon="-4.103204" lat="36.777489"><ele>43.8</ele></trkpt>
   <trkpt lon="-4.103194" lat="36.777536"><ele>43.9</ele></trkpt>
   <trkpt lon="-4.103026" lat="36.778064"><ele>44.1</ele></trkpt>
   <trkpt lon="-4.102842" lat="36.778331"><ele>44.8</ele></trkpt>
   <trkpt lon="-4.102332" lat="36.779160"><ele>48.6</ele></trkpt>
   <trkpt lon="-4.102211" lat="36.779112"><ele>48.7</ele></trkpt>
   <trkpt lon="-4.101862" lat="36.779002"><ele>49.0</ele></trkpt>
   <trkpt lon="-4.100813" lat="36.778705"><ele>51.2</ele></trkpt>
   <trkpt lon="-4.100680" lat="36.778647"><ele>51.5</ele></trkpt>
   <trkpt lon="-4.100706" lat="36.778616"><ele>51.3</ele></trkpt>
   <trkpt lon="-4.100718" lat="36.778581"><ele>51.2</ele></trkpt>
   <trkpt lon="-4.100715" lat="36.778544"><ele>51.2</ele></trkpt>
   <trkpt lon="-4.100696" lat="36.778510"><ele>51.3</ele></trkpt>
   <trkpt lon="-4.100662" lat="36.778479"><ele>51.5</ele></trkpt>
   <trkpt lon="-4.100590" lat="36.778460"><ele>52.0</ele></trkpt>
   <trkpt lon="-4.100550" lat="36.778463"><ele>52.2</ele></trkpt>
   <trkpt lon="-4.100513" lat="36.778474"><ele>52.4</ele></trkpt>
   <trkpt lon="-4.100482" lat="36.778494"><ele>52.6</ele></trkpt>
   <trkpt lon="-4.100459" lat="36.778519"><ele>52.7</ele></trkpt>
   <trkpt lon="-4.100446" lat="36.778549"><ele>52.8</ele></trkpt>
   <trkpt lon="-4.100442" lat="36.778581"><ele>52.8</ele></trkpt>
   <trkpt lon="-4.100453" lat="36.778612"><ele>52.8</ele></trkpt>
   <trkpt lon="-4.100466" lat="36.778708"><ele>52.7</ele></trkpt>
   <trkpt lon="-4.099662" lat="36.778721"><ele>56.6</ele></trkpt>
   <trkpt lon="-4.099580" lat="36.778710"><ele>56.9</ele></trkpt>
   <trkpt lon="-4.099511" lat="36.778692"><ele>57.0</ele></trkpt>
   <trkpt lon="-4.099448" lat="36.778668"><ele>57.1</ele></trkpt>
   <trkpt lon="-4.099243" lat="36.778553"><ele>56.5</ele></trkpt>
   <trkpt lon="-4.099142" lat="36.778508"><ele>56.1</ele></trkpt>
   <trkpt lon="-4.099077" lat="36.778531"><ele>56.3</ele></trkpt>
   <trkpt lon="-4.099043" lat="36.778582"><ele>56.8</ele></trkpt>
   <trkpt lon="-4.098928" lat="36.778751"><ele>58.0</ele></trkpt>
   <trkpt lon="-4.098941" lat="36.779255"><ele>62.6</ele></trkpt>
   <trkpt lon="-4.098946" lat="36.779515"><ele>66.3</ele></trkpt>
   <trkpt lon="-4.099138" lat="36.779601"><ele>66.8</ele></trkpt>
   <trkpt lon="-4.099279" lat="36.779587"><ele>65.5</ele></trkpt>
   <trkpt lon="-4.099354" lat="36.779621"><ele>65.2</ele></trkpt>
   <trkpt lon="-4.099412" lat="36.779658"><ele>65.4</ele></trkpt>
   <trkpt lon="-4.099477" lat="36.779722"><ele>66.0</ele></trkpt>
   <trkpt lon="-4.099525" lat="36.779841"><ele>67.9</ele></trkpt>
   <trkpt lon="-4.099550" lat="36.779879"><ele>68.3</ele></trkpt>
   <trkpt lon="-4.099612" lat="36.779909"><ele>68.2</ele></trkpt>
   <trkpt lon="-4.099796" lat="36.779964"><ele>66.9</ele></trkpt>
   <trkpt lon="-4.099959" lat="36.780034"><ele>66.2</ele></trkpt>
   <trkpt lon="-4.100062" lat="36.780121"><ele>67.0</ele></trkpt>
   <trkpt lon="-4.100115" lat="36.780185"><ele>68.0</ele></trkpt>
   <trkpt lon="-4.100159" lat="36.780293"><ele>70.2</ele></trkpt>
   <trkpt lon="-4.100172" lat="36.780467"><ele>72.2</ele></trkpt>
   <trkpt lon="-4.100188" lat="36.780531"><ele>72.6</ele></trkpt>
   <trkpt lon="-4.100046" lat="36.780585"><ele>75.5</ele></trkpt>
   <trkpt lon="-4.099657" lat="36.780734"><ele>84.3</ele></trkpt>
   <trkpt lon="-4.099561" lat="36.780728"><ele>86.0</ele></trkpt>
   <trkpt lon="-4.099522" lat="36.780753"><ele>86.7</ele></trkpt>
   <trkpt lon="-4.099457" lat="36.780822"><ele>87.8</ele></trkpt>
   <trkpt lon="-4.099615" lat="36.780950"><ele>85.0</ele></trkpt>
   <trkpt lon="-4.099632" lat="36.780978"><ele>84.7</ele></trkpt>
   <trkpt lon="-4.099641" lat="36.781018"><ele>84.7</ele></trkpt>
   <trkpt lon="-4.099617" lat="36.781168"><ele>86.5</ele></trkpt>
   <trkpt lon="-4.099616" lat="36.781216"><ele>86.9</ele></trkpt>
   <trkpt lon="-4.099617" lat="36.781290"><ele>87.5</ele></trkpt>
   <trkpt lon="-4.099619" lat="36.781395"><ele>88.6</ele></trkpt>
   <trkpt lon="-4.099780" lat="36.781558"><ele>86.7</ele></trkpt>
   <trkpt lon="-4.099741" lat="36.781598"><ele>87.8</ele></trkpt>
   <trkpt lon="-4.099781" lat="36.781666"><ele>87.9</ele></trkpt>
   <trkpt lon="-4.099788" lat="36.781716"><ele>87.9</ele></trkpt>
   <trkpt lon="-4.099784" lat="36.781764"><ele>88.0</ele></trkpt>
   <trkpt lon="-4.099726" lat="36.781873"><ele>89.1</ele></trkpt>
   <trkpt lon="-4.099606" lat="36.781977"><ele>92.3</ele></trkpt>
   <trkpt lon="-4.099335" lat="36.782119"><ele>96.2</ele></trkpt>
   <trkpt lon="-4.099208" lat="36.782195"><ele>96.6</ele></trkpt>
   <trkpt lon="-4.099181" lat="36.782225"><ele>96.2</ele></trkpt>
   <trkpt lon="-4.099165" lat="36.782262"><ele>95.6</ele></trkpt>
   <trkpt lon="-4.099160" lat="36.782304"><ele>94.4</ele></trkpt>
   <trkpt lon="-4.098684" lat="36.782446"><ele>98.3</ele></trkpt>
   <trkpt lon="-4.098315" lat="36.782591"><ele>97.4</ele></trkpt>
   <trkpt lon="-4.098212" lat="36.782643"><ele>96.8</ele></trkpt>
   <trkpt lon="-4.098063" lat="36.782789"><ele>95.8</ele></trkpt>
   <trkpt lon="-4.097807" lat="36.783057"><ele>96.5</ele></trkpt>
   <trkpt lon="-4.097724" lat="36.783124"><ele>97.5</ele></trkpt>
   <trkpt lon="-4.097536" lat="36.783216"><ele>100.3</ele></trkpt>
   <trkpt lon="-4.097508" lat="36.783227"><ele>100.8</ele></trkpt>
   <trkpt lon="-4.097493" lat="36.783249"><ele>101.0</ele></trkpt>
   <trkpt lon="-4.097304" lat="36.783437"><ele>103.5</ele></trkpt>
   <trkpt lon="-4.097078" lat="36.783543"><ele>106.1</ele></trkpt>
   <trkpt lon="-4.096578" lat="36.783721"><ele>113.7</ele></trkpt>
   <trkpt lon="-4.096487" lat="36.783805"><ele>115.5</ele></trkpt>
   <trkpt lon="-4.096283" lat="36.784028"><ele>119.4</ele></trkpt>
   <trkpt lon="-4.096219" lat="36.784113"><ele>120.0</ele></trkpt>
   <trkpt lon="-4.095792" lat="36.784660"><ele>123.6</ele></trkpt>
   <trkpt lon="-4.095707" lat="36.784797"><ele>124.1</ele></trkpt>
   <trkpt lon="-4.095674" lat="36.784852"><ele>124.3</ele></trkpt>
   <trkpt lon="-4.095566" lat="36.784891"><ele>123.7</ele></trkpt>
   <trkpt lon="-4.095480" lat="36.784910"><ele>122.8</ele></trkpt>
   <trkpt lon="-4.095378" lat="36.784913"><ele>121.8</ele></trkpt>
   <trkpt lon="-4.095135" lat="36.784849"><ele>117.5</ele></trkpt>
   <trkpt lon="-4.094916" lat="36.784871"><ele>114.5</ele></trkpt>
   <trkpt lon="-4.094645" lat="36.784985"><ele>113.4</ele></trkpt>
   <trkpt lon="-4.094523" lat="36.785113"><ele>114.0</ele></trkpt>
   <trkpt lon="-4.094324" lat="36.785278"><ele>113.6</ele></trkpt>
   <trkpt lon="-4.094216" lat="36.785718"><ele>116.0</ele></trkpt>
   <trkpt lon="-4.094080" lat="36.786199"><ele>118.6</ele></trkpt>
   <trkpt lon="-4.093995" lat="36.786598"><ele>121.0</ele></trkpt>
   <trkpt lon="-4.093933" lat="36.786844"><ele>122.0</ele></trkpt>
   <trkpt lon="-4.093754" lat="36.787095"><ele>124.8</ele></trkpt>
   <trkpt lon="-4.093557" lat="36.787269"><ele>127.4</ele></trkpt>
   <trkpt lon="-4.093310" lat="36.787379"><ele>133.6</ele></trkpt>
   <trkpt lon="-4.093061" lat="36.787529"><ele>138.9</ele></trkpt>
   <trkpt lon="-4.092789" lat="36.787734"><ele>143.1</ele></trkpt>
   <trkpt lon="-4.092454" lat="36.788008"><ele>146.0</ele></trkpt>
   <trkpt lon="-4.092239" lat="36.788241"><ele>148.7</ele></trkpt>
   <trkpt lon="-4.092062" lat="36.788619"><ele>148.9</ele></trkpt>
   <trkpt lon="-4.091874" lat="36.789086"><ele>152.2</ele></trkpt>
   <trkpt lon="-4.091739" lat="36.789324"><ele>156.1</ele></trkpt>
   <trkpt lon="-4.091530" lat="36.789468"><ele>160.5</ele></trkpt>
   <trkpt lon="-4.091331" lat="36.789537"><ele>162.3</ele></trkpt>
   <trkpt lon="-4.091030" lat="36.789631"><ele>161.4</ele></trkpt>
   <trkpt lon="-4.090917" lat="36.789625"><ele>162.1</ele></trkpt>
   <trkpt lon="-4.090476" lat="36.789505"><ele>165.7</ele></trkpt>
   <trkpt lon="-4.090407" lat="36.789502"><ele>165.7</ele></trkpt>
   <trkpt lon="-4.090296" lat="36.789541"><ele>164.9</ele></trkpt>
   <trkpt lon="-4.090257" lat="36.789658"><ele>164.3</ele></trkpt>
   <trkpt lon="-4.090239" lat="36.789851"><ele>163.3</ele></trkpt>
   <trkpt lon="-4.090165" lat="36.789930"><ele>163.4</ele></trkpt>
   <trkpt lon="-4.090091" lat="36.789949"><ele>163.6</ele></trkpt>
   <trkpt lon="-4.089814" lat="36.789976"><ele>164.8</ele></trkpt>
   <trkpt lon="-4.089649" lat="36.789946"><ele>166.9</ele></trkpt>
   <trkpt lon="-4.089438" lat="36.789882"><ele>171.4</ele></trkpt>
   <trkpt lon="-4.089206" lat="36.789846"><ele>174.9</ele></trkpt>
   <trkpt lon="-4.089105" lat="36.789848"><ele>176.4</ele></trkpt>
   <trkpt lon="-4.088676" lat="36.789878"><ele>181.9</ele></trkpt>
   <trkpt lon="-4.088469" lat="36.789882"><ele>183.6</ele></trkpt>
   <trkpt lon="-4.088143" lat="36.789829"><ele>188.2</ele></trkpt>
   <trkpt lon="-4.087985" lat="36.789845"><ele>188.7</ele></trkpt>
   <trkpt lon="-4.087773" lat="36.790001"><ele>193.5</ele></trkpt>
   <trkpt lon="-4.087550" lat="36.790153"><ele>193.9</ele></trkpt>
   <trkpt lon="-4.087295" lat="36.790213"><ele>195.7</ele></trkpt>
   <trkpt lon="-4.087120" lat="36.790229"><ele>197.2</ele></trkpt>
   <trkpt lon="-4.086782" lat="36.790234"><ele>200.4</ele></trkpt>
   <trkpt lon="-4.086654" lat="36.790257"><ele>200.7</ele></trkpt>
   <trkpt lon="-4.086590" lat="36.790311"><ele>200.4</ele></trkpt>
   <trkpt lon="-4.086560" lat="36.790363"><ele>200.0</ele></trkpt>
   <trkpt lon="-4.086524" lat="36.790462"><ele>199.3</ele></trkpt>
   <trkpt lon="-4.086477" lat="36.790551"><ele>199.2</ele></trkpt>
   <trkpt lon="-4.086387" lat="36.790608"><ele>199.0</ele></trkpt>
   <trkpt lon="-4.086259" lat="36.790608"><ele>199.2</ele></trkpt>
   <trkpt lon="-4.086101" lat="36.790596"><ele>199.6</ele></trkpt>
   <trkpt lon="-4.085909" lat="36.790639"><ele>197.2</ele></trkpt>
   <trkpt lon="-4.085629" lat="36.790852"><ele>193.1</ele></trkpt>
   <trkpt lon="-4.085393" lat="36.791092"><ele>191.9</ele></trkpt>
   <trkpt lon="-4.084737" lat="36.791720"><ele>203.9</ele></trkpt>
   <trkpt lon="-4.084659" lat="36.791779"><ele>205.2</ele></trkpt>
   <trkpt lon="-4.084511" lat="36.791834"><ele>206.7</ele></trkpt>
   <trkpt lon="-4.084151" lat="36.791889"><ele>205.3</ele></trkpt>
   <trkpt lon="-4.083909" lat="36.791934"><ele>202.3</ele></trkpt>
   <trkpt lon="-4.083854" lat="36.791951"><ele>201.7</ele></trkpt>
   <trkpt lon="-4.083716" lat="36.792034"><ele>201.3</ele></trkpt>
   <trkpt lon="-4.083556" lat="36.792176"><ele>204.7</ele></trkpt>
   <trkpt lon="-4.083483" lat="36.792260"><ele>206.7</ele></trkpt>
   <trkpt lon="-4.083391" lat="36.792426"><ele>210.9</ele></trkpt>
   <trkpt lon="-4.083339" lat="36.792498"><ele>212.9</ele></trkpt>
   <trkpt lon="-4.083278" lat="36.792572"><ele>214.2</ele></trkpt>
   <trkpt lon="-4.083202" lat="36.792641"><ele>214.6</ele></trkpt>
   <trkpt lon="-4.083101" lat="36.792712"><ele>214.7</ele></trkpt>
   <trkpt lon="-4.082703" lat="36.792929"><ele>214.1</ele></trkpt>
   <trkpt lon="-4.082624" lat="36.792988"><ele>214.6</ele></trkpt>
   <trkpt lon="-4.082211" lat="36.793468"><ele>224.9</ele></trkpt>
   <trkpt lon="-4.082244" lat="36.793752"><ele>229.0</ele></trkpt>
   <trkpt lon="-4.082220" lat="36.793922"><ele>232.9</ele></trkpt>
   <trkpt lon="-4.082166" lat="36.794018"><ele>235.3</ele></trkpt>
   <trkpt lon="-4.081832" lat="36.794323"><ele>244.6</ele></trkpt>
   <trkpt lon="-4.081638" lat="36.794432"><ele>246.6</ele></trkpt>
   <trkpt lon="-4.080682" lat="36.794785"><ele>238.3</ele></trkpt>
   <trkpt lon="-4.080384" lat="36.795000"><ele>241.8</ele></trkpt>
   <trkpt lon="-4.080121" lat="36.795375"><ele>254.0</ele></trkpt>
   <trkpt lon="-4.079686" lat="36.795627"><ele>259.8</ele></trkpt>
   <trkpt lon="-4.079639" lat="36.795731"><ele>258.9</ele></trkpt>
   <trkpt lon="-4.079648" lat="36.795847"><ele>258.1</ele></trkpt>
   <trkpt lon="-4.079722" lat="36.796183"><ele>260.8</ele></trkpt>
   <trkpt lon="-4.079693" lat="36.796440"><ele>264.5</ele></trkpt>
   <trkpt lon="-4.079540" lat="36.796658"><ele>269.9</ele></trkpt>
   <trkpt lon="-4.079374" lat="36.796744"><ele>273.4</ele></trkpt>
   <trkpt lon="-4.079225" lat="36.796752"><ele>273.7</ele></trkpt>
   <trkpt lon="-4.079017" lat="36.796743"><ele>270.4</ele></trkpt>
   <trkpt lon="-4.078857" lat="36.796816"><ele>269.0</ele></trkpt>
   <trkpt lon="-4.078749" lat="36.796991"><ele>270.5</ele></trkpt>
   <trkpt lon="-4.078688" lat="36.797054"><ele>271.1</ele></trkpt>
   <trkpt lon="-4.078390" lat="36.797265"><ele>270.5</ele></trkpt>
   <trkpt lon="-4.078331" lat="36.797500"><ele>272.4</ele></trkpt>
   <trkpt lon="-4.078257" lat="36.797632"><ele>271.9</ele></trkpt>
   <trkpt lon="-4.078126" lat="36.797762"><ele>272.6</ele></trkpt>
   <trkpt lon="-4.077976" lat="36.797856"><ele>275.2</ele></trkpt>
   <trkpt lon="-4.077858" lat="36.797897"><ele>275.9</ele></trkpt>
   <trkpt lon="-4.077599" lat="36.797941"><ele>275.6</ele></trkpt>
   <trkpt lon="-4.077169" lat="36.798063"><ele>278.6</ele></trkpt>
   <trkpt lon="-4.076462" lat="36.798213"><ele>291.9</ele></trkpt>
   <trkpt lon="-4.076375" lat="36.798222"><ele>294.9</ele></trkpt>
   <trkpt lon="-4.076265" lat="36.798198"><ele>297.5</ele></trkpt>
   <trkpt lon="-4.075948" lat="36.798023"><ele>300.3</ele></trkpt>
   <trkpt lon="-4.075833" lat="36.797868"><ele>298.8</ele></trkpt>
   <trkpt lon="-4.075692" lat="36.797691"><ele>292.4</ele></trkpt>
   <trkpt lon="-4.075621" lat="36.797629"><ele>289.8</ele></trkpt>
   <trkpt lon="-4.075449" lat="36.797583"><ele>285.4</ele></trkpt>
   <trkpt lon="-4.075334" lat="36.797603"><ele>283.1</ele></trkpt>
   <trkpt lon="-4.074937" lat="36.797913"><ele>288.6</ele></trkpt>
   <trkpt lon="-4.074805" lat="36.797966"><ele>288.4</ele></trkpt>
   <trkpt lon="-4.074625" lat="36.798060"><ele>285.9</ele></trkpt>
   <trkpt lon="-4.074494" lat="36.798169"><ele>284.3</ele></trkpt>
   <trkpt lon="-4.074450" lat="36.798297"><ele>285.6</ele></trkpt>
   <trkpt lon="-4.074460" lat="36.798421"><ele>288.7</ele></trkpt>
   <trkpt lon="-4.074503" lat="36.798683"><ele>292.8</ele></trkpt>
   <trkpt lon="-4.074440" lat="36.799100"><ele>297.1</ele></trkpt>
   <trkpt lon="-4.074363" lat="36.799252"><ele>303.1</ele></trkpt>
   <trkpt lon="-4.074258" lat="36.799336"><ele>307.2</ele></trkpt>
   <trkpt lon="-4.074151" lat="36.799372"><ele>309.7</ele></trkpt>
   <trkpt lon="-4.074012" lat="36.799378"><ele>312.2</ele></trkpt>
   <trkpt lon="-4.073680" lat="36.799266"><ele>312.7</ele></trkpt>
   <trkpt lon="-4.073369" lat="36.799133"><ele>313.3</ele></trkpt>
   <trkpt lon="-4.072801" lat="36.798899"><ele>316.2</ele></trkpt>
   <trkpt lon="-4.072665" lat="36.798897"><ele>315.6</ele></trkpt>
   <trkpt lon="-4.072568" lat="36.798933"><ele>314.0</ele></trkpt>
   <trkpt lon="-4.072511" lat="36.799054"><ele>311.2</ele></trkpt>
   <trkpt lon="-4.072521" lat="36.799153"><ele>309.4</ele></trkpt>
   <trkpt lon="-4.072617" lat="36.799388"><ele>308.0</ele></trkpt>
   <trkpt lon="-4.072673" lat="36.799661"><ele>306.6</ele></trkpt>
   <trkpt lon="-4.072654" lat="36.799747"><ele>304.5</ele></trkpt>
   <trkpt lon="-4.072560" lat="36.800015"><ele>303.9</ele></trkpt>
   <trkpt lon="-4.072218" lat="36.800591"><ele>314.6</ele></trkpt>
   <trkpt lon="-4.072101" lat="36.800643"><ele>317.2</ele></trkpt>
   <trkpt lon="-4.071964" lat="36.800634"><ele>322.3</ele></trkpt>
   <trkpt lon="-4.071915" lat="36.800614"><ele>324.0</ele></trkpt>
   <trkpt lon="-4.071878" lat="36.800599"><ele>325.3</ele></trkpt>
   <trkpt lon="-4.071806" lat="36.800546"><ele>327.2</ele></trkpt>
   <trkpt lon="-4.071686" lat="36.800254"><ele>322.9</ele></trkpt>
   <trkpt lon="-4.071587" lat="36.799943"><ele>310.0</ele></trkpt>
   <trkpt lon="-4.071453" lat="36.799829"><ele>304.3</ele></trkpt>
   <trkpt lon="-4.071152" lat="36.799737"><ele>296.9</ele></trkpt>
   <trkpt lon="-4.070730" lat="36.799799"><ele>299.9</ele></trkpt>
   <trkpt lon="-4.070329" lat="36.799823"><ele>299.0</ele></trkpt>
   <trkpt lon="-4.070189" lat="36.799879"><ele>298.0</ele></trkpt>
   <trkpt lon="-4.070099" lat="36.799984"><ele>299.1</ele></trkpt>
   <trkpt lon="-4.069997" lat="36.800127"><ele>301.1</ele></trkpt>
   <trkpt lon="-4.069894" lat="36.800201"><ele>303.4</ele></trkpt>
   <trkpt lon="-4.069803" lat="36.800220"><ele>303.7</ele></trkpt>
   <trkpt lon="-4.069233" lat="36.800118"><ele>297.4</ele></trkpt>
   <trkpt lon="-4.069091" lat="36.800135"><ele>295.7</ele></trkpt>
   <trkpt lon="-4.068871" lat="36.800267"><ele>289.5</ele></trkpt>
   <trkpt lon="-4.068679" lat="36.800490"><ele>282.7</ele></trkpt>
   <trkpt lon="-4.068473" lat="36.801003"><ele>292.7</ele></trkpt>
   <trkpt lon="-4.068370" lat="36.801102"><ele>295.0</ele></trkpt>
   <trkpt lon="-4.068232" lat="36.801147"><ele>295.7</ele></trkpt>
   <trkpt lon="-4.067681" lat="36.801155"><ele>289.0</ele></trkpt>
   <trkpt lon="-4.067554" lat="36.801264"><ele>287.1</ele></trkpt>
   <trkpt lon="-4.067534" lat="36.801356"><ele>287.6</ele></trkpt>
   <trkpt lon="-4.067641" lat="36.801755"><ele>292.5</ele></trkpt>
   <trkpt lon="-4.067589" lat="36.801917"><ele>291.1</ele></trkpt>
   <trkpt lon="-4.067390" lat="36.802126"><ele>288.7</ele></trkpt>
   <trkpt lon="-4.066976" lat="36.802397"><ele>292.2</ele></trkpt>
   <trkpt lon="-4.066898" lat="36.802480"><ele>293.7</ele></trkpt>
   <trkpt lon="-4.066890" lat="36.802597"><ele>293.4</ele></trkpt>
   <trkpt lon="-4.066936" lat="36.802685"><ele>294.4</ele></trkpt>
   <trkpt lon="-4.067354" lat="36.803139"><ele>299.4</ele></trkpt>
   <trkpt lon="-4.067520" lat="36.803410"><ele>294.5</ele></trkpt>
   <trkpt lon="-4.067613" lat="36.803670"><ele>288.5</ele></trkpt>
   <trkpt lon="-4.067910" lat="36.803984"><ele>294.5</ele></trkpt>
   <trkpt lon="-4.067970" lat="36.804071"><ele>294.9</ele></trkpt>
   <trkpt lon="-4.067987" lat="36.804182"><ele>292.1</ele></trkpt>
   <trkpt lon="-4.067977" lat="36.804307"><ele>290.5</ele></trkpt>
   <trkpt lon="-4.067912" lat="36.804425"><ele>288.8</ele></trkpt>
   <trkpt lon="-4.067811" lat="36.804520"><ele>287.6</ele></trkpt>
   <trkpt lon="-4.067645" lat="36.804597"><ele>287.5</ele></trkpt>
   <trkpt lon="-4.067443" lat="36.804626"><ele>288.7</ele></trkpt>
   <trkpt lon="-4.067268" lat="36.804617"><ele>288.8</ele></trkpt>
   <trkpt lon="-4.067068" lat="36.804565"><ele>287.9</ele></trkpt>
   <trkpt lon="-4.066732" lat="36.804491"><ele>283.4</ele></trkpt>
   <trkpt lon="-4.066501" lat="36.804489"><ele>278.8</ele></trkpt>
   <trkpt lon="-4.066301" lat="36.804560"><ele>275.2</ele></trkpt>
   <trkpt lon="-4.065735" lat="36.805100"><ele>275.0</ele></trkpt>
   <trkpt lon="-4.065706" lat="36.805287"><ele>278.7</ele></trkpt>
   <trkpt lon="-4.065740" lat="36.805425"><ele>280.2</ele></trkpt>
   <trkpt lon="-4.065896" lat="36.805839"><ele>283.6</ele></trkpt>
   <trkpt lon="-4.065876" lat="36.806000"><ele>283.2</ele></trkpt>
   <trkpt lon="-4.065708" lat="36.806287"><ele>282.8</ele></trkpt>
   <trkpt lon="-4.065677" lat="36.806422"><ele>282.3</ele></trkpt>
   <trkpt lon="-4.065730" lat="36.806572"><ele>284.3</ele></trkpt>
   <trkpt lon="-4.065877" lat="36.806711"><ele>286.0</ele></trkpt>
   <trkpt lon="-4.066065" lat="36.806830"><ele>290.3</ele></trkpt>
   <trkpt lon="-4.066364" lat="36.806965"><ele>299.2</ele></trkpt>
   <trkpt lon="-4.066718" lat="36.807041"><ele>307.2</ele></trkpt>
   <trkpt lon="-4.066981" lat="36.807080"><ele>311.1</ele></trkpt>
   <trkpt lon="-4.067130" lat="36.807108"><ele>312.6</ele></trkpt>
   <trkpt lon="-4.067269" lat="36.807178"><ele>311.4</ele></trkpt>
   <trkpt lon="-4.067320" lat="36.807246"><ele>308.5</ele></trkpt>
   <trkpt lon="-4.067348" lat="36.807360"><ele>305.1</ele></trkpt>
   <trkpt lon="-4.067325" lat="36.807443"><ele>302.4</ele></trkpt>
   <trkpt lon="-4.067290" lat="36.807555"><ele>298.5</ele></trkpt>
   <trkpt lon="-4.067188" lat="36.807669"><ele>296.7</ele></trkpt>
   <trkpt lon="-4.067069" lat="36.807747"><ele>297.6</ele></trkpt>
   <trkpt lon="-4.066692" lat="36.807828"><ele>293.9</ele></trkpt>
   <trkpt lon="-4.066391" lat="36.807927"><ele>291.4</ele></trkpt>
   <trkpt lon="-4.066226" lat="36.808045"><ele>292.5</ele></trkpt>
   <trkpt lon="-4.066056" lat="36.808252"><ele>297.7</ele></trkpt>
   <trkpt lon="-4.065782" lat="36.808412"><ele>298.8</ele></trkpt>
   <trkpt lon="-4.065565" lat="36.808522"><ele>299.0</ele></trkpt>
   <trkpt lon="-4.065099" lat="36.808807"><ele>306.1</ele></trkpt>
   <trkpt lon="-4.064957" lat="36.808838"><ele>306.5</ele></trkpt>
   <trkpt lon="-4.064799" lat="36.808851"><ele>303.7</ele></trkpt>
   <trkpt lon="-4.064624" lat="36.808896"><ele>301.0</ele></trkpt>
   <trkpt lon="-4.064544" lat="36.808983"><ele>301.5</ele></trkpt>
   <trkpt lon="-4.064519" lat="36.809086"><ele>302.1</ele></trkpt>
   <trkpt lon="-4.064581" lat="36.809217"><ele>307.4</ele></trkpt>
   <trkpt lon="-4.064863" lat="36.809557"><ele>320.6</ele></trkpt>
   <trkpt lon="-4.064942" lat="36.809736"><ele>322.1</ele></trkpt>
   <trkpt lon="-4.064976" lat="36.809905"><ele>321.0</ele></trkpt>
   <trkpt lon="-4.065088" lat="36.810171"><ele>320.5</ele></trkpt>
   <trkpt lon="-4.065126" lat="36.810324"><ele>318.9</ele></trkpt>
   <trkpt lon="-4.065080" lat="36.810401"><ele>319.1</ele></trkpt>
   <trkpt lon="-4.064983" lat="36.810466"><ele>319.9</ele></trkpt>
   <trkpt lon="-4.064800" lat="36.810500"><ele>321.5</ele></trkpt>
   <trkpt lon="-4.064620" lat="36.810487"><ele>322.9</ele></trkpt>
   <trkpt lon="-4.064484" lat="36.810451"><ele>322.6</ele></trkpt>
   <trkpt lon="-4.064363" lat="36.810388"><ele>320.6</ele></trkpt>
   <trkpt lon="-4.064135" lat="36.810178"><ele>309.9</ele></trkpt>
   <trkpt lon="-4.064064" lat="36.810143"><ele>306.9</ele></trkpt>
   <trkpt lon="-4.063966" lat="36.810121"><ele>303.9</ele></trkpt>
   <trkpt lon="-4.063876" lat="36.810130"><ele>302.6</ele></trkpt>
   <trkpt lon="-4.063792" lat="36.810153"><ele>301.0</ele></trkpt>
   <trkpt lon="-4.063691" lat="36.810234"><ele>301.0</ele></trkpt>
   <trkpt lon="-4.063593" lat="36.810395"><ele>303.1</ele></trkpt>
   <trkpt lon="-4.063302" lat="36.811022"><ele>305.4</ele></trkpt>
   <trkpt lon="-4.063114" lat="36.811321"><ele>306.5</ele></trkpt>
   <trkpt lon="-4.063011" lat="36.811437"><ele>307.0</ele></trkpt>
   <trkpt lon="-4.062750" lat="36.811651"><ele>308.3</ele></trkpt>
   <trkpt lon="-4.062655" lat="36.811746"><ele>309.1</ele></trkpt>
   <trkpt lon="-4.062635" lat="36.811934"><ele>314.6</ele></trkpt>
   <trkpt lon="-4.062690" lat="36.812044"><ele>319.8</ele></trkpt>
   <trkpt lon="-4.062834" lat="36.812231"><ele>323.2</ele></trkpt>
   <trkpt lon="-4.062927" lat="36.812398"><ele>324.5</ele></trkpt>
   <trkpt lon="-4.062919" lat="36.812480"><ele>324.1</ele></trkpt>
   <trkpt lon="-4.062857" lat="36.812612"><ele>322.5</ele></trkpt>
   <trkpt lon="-4.062707" lat="36.812728"><ele>321.5</ele></trkpt>
   <trkpt lon="-4.062524" lat="36.812793"><ele>322.5</ele></trkpt>
   <trkpt lon="-4.062060" lat="36.812882"><ele>318.6</ele></trkpt>
   <trkpt lon="-4.061877" lat="36.812984"><ele>316.1</ele></trkpt>
   <trkpt lon="-4.061720" lat="36.813136"><ele>316.8</ele></trkpt>
   <trkpt lon="-4.061574" lat="36.813321"><ele>318.5</ele></trkpt>
   <trkpt lon="-4.061452" lat="36.813500"><ele>320.8</ele></trkpt>
   <trkpt lon="-4.061367" lat="36.813577"><ele>322.0</ele></trkpt>
   <trkpt lon="-4.061204" lat="36.813645"><ele>321.5</ele></trkpt>
   <trkpt lon="-4.060395" lat="36.813857"><ele>319.1</ele></trkpt>
   <trkpt lon="-4.060247" lat="36.813926"><ele>319.2</ele></trkpt>
   <trkpt lon="-4.060093" lat="36.814020"><ele>318.6</ele></trkpt>
   <trkpt lon="-4.059940" lat="36.814156"><ele>318.9</ele></trkpt>
   <trkpt lon="-4.059756" lat="36.814410"><ele>320.3</ele></trkpt>
   <trkpt lon="-4.059609" lat="36.814714"><ele>322.8</ele></trkpt>
   <trkpt lon="-4.059571" lat="36.814941"><ele>323.1</ele></trkpt>
   <trkpt lon="-4.059603" lat="36.815225"><ele>325.5</ele></trkpt>
   <trkpt lon="-4.059607" lat="36.815467"><ele>327.1</ele></trkpt>
   <trkpt lon="-4.059550" lat="36.815608"><ele>328.3</ele></trkpt>
   <trkpt lon="-4.059485" lat="36.815686"><ele>328.6</ele></trkpt>
   <trkpt lon="-4.059393" lat="36.815748"><ele>329.0</ele></trkpt>
   <trkpt lon="-4.059255" lat="36.815792"><ele>329.2</ele></trkpt>
   <trkpt lon="-4.058484" lat="36.815882"><ele>328.5</ele></trkpt>
   <trkpt lon="-4.058293" lat="36.815878"><ele>326.8</ele></trkpt>
   <trkpt lon="-4.058105" lat="36.815866"><ele>324.5</ele></trkpt>
   <trkpt lon="-4.057966" lat="36.815884"><ele>324.5</ele></trkpt>
   <trkpt lon="-4.057868" lat="36.815921"><ele>324.7</ele></trkpt>
   <trkpt lon="-4.057765" lat="36.815997"><ele>324.3</ele></trkpt>
   <trkpt lon="-4.057683" lat="36.816091"><ele>324.3</ele></trkpt>
   <trkpt lon="-4.057483" lat="36.816419"><ele>325.3</ele></trkpt>
   <trkpt lon="-4.057362" lat="36.816562"><ele>324.9</ele></trkpt>
   <trkpt lon="-4.057169" lat="36.816725"><ele>324.8</ele></trkpt>
   <trkpt lon="-4.057115" lat="36.816815"><ele>324.0</ele></trkpt>
   <trkpt lon="-4.057100" lat="36.816881"><ele>324.3</ele></trkpt>
   <trkpt lon="-4.057155" lat="36.817016"><ele>327.3</ele></trkpt>
   <trkpt lon="-4.057344" lat="36.817135"><ele>332.3</ele></trkpt>
   <trkpt lon="-4.057492" lat="36.817250"><ele>335.6</ele></trkpt>
   <trkpt lon="-4.057558" lat="36.817414"><ele>334.6</ele></trkpt>
   <trkpt lon="-4.057534" lat="36.817524"><ele>332.4</ele></trkpt>
   <trkpt lon="-4.057455" lat="36.817623"><ele>332.6</ele></trkpt>
   <trkpt lon="-4.057304" lat="36.817659"><ele>334.1</ele></trkpt>
   <trkpt lon="-4.057338" lat="36.817975"><ele>339.2</ele></trkpt>
   <trkpt lon="-4.057585" lat="36.818138"><ele>340.4</ele></trkpt>
   <trkpt lon="-4.057922" lat="36.818213"><ele>347.1</ele></trkpt>
   <trkpt lon="-4.058310" lat="36.818211"><ele>357.8</ele></trkpt>
   <trkpt lon="-4.058663" lat="36.818278"><ele>363.3</ele></trkpt>
   <trkpt lon="-4.058950" lat="36.818477"><ele>361.2</ele></trkpt>
   <trkpt lon="-4.059942" lat="36.818854"><ele>369.4</ele></trkpt>
   <trkpt lon="-4.060273" lat="36.818847"><ele>375.7</ele></trkpt>
   <trkpt lon="-4.060344" lat="36.818895"><ele>374.7</ele></trkpt>
   <trkpt lon="-4.060341" lat="36.819473"><ele>376.9</ele></trkpt>
   <trkpt lon="-4.060484" lat="36.819942"><ele>381.5</ele></trkpt>
   <trkpt lon="-4.060486" lat="36.820215"><ele>384.6</ele></trkpt>
   <trkpt lon="-4.060548" lat="36.820362"><ele>386.9</ele></trkpt>
   <trkpt lon="-4.060970" lat="36.820774"><ele>391.6</ele></trkpt>
   <trkpt lon="-4.061405" lat="36.820855"><ele>396.3</ele></trkpt>
   <trkpt lon="-4.061818" lat="36.821208"><ele>401.4</ele></trkpt>
   <trkpt lon="-4.062753" lat="36.821871"><ele>417.8</ele></trkpt>
   <trkpt lon="-4.062851" lat="36.821907"><ele>418.8</ele></trkpt>
   <trkpt lon="-4.062949" lat="36.822078"><ele>421.0</ele></trkpt>
   <trkpt lon="-4.063057" lat="36.822134"><ele>423.1</ele></trkpt>
   <trkpt lon="-4.063253" lat="36.822135"><ele>426.6</ele></trkpt>
   <trkpt lon="-4.063400" lat="36.822018"><ele>430.4</ele></trkpt>
   <trkpt lon="-4.063433" lat="36.821746"><ele>438.9</ele></trkpt>
   <trkpt lon="-4.063504" lat="36.821744"><ele>441.1</ele></trkpt>
   <trkpt lon="-4.063569" lat="36.821798"><ele>440.8</ele></trkpt>
   <trkpt lon="-4.063863" lat="36.822540"><ele>448.1</ele></trkpt>
   <trkpt lon="-4.063913" lat="36.822590"><ele>450.1</ele></trkpt>
   <trkpt lon="-4.063960" lat="36.822610"><ele>451.0</ele></trkpt>
   <trkpt lon="-4.063939" lat="36.822802"><ele>451.4</ele></trkpt>
   <trkpt lon="-4.063531" lat="36.823290"><ele>449.9</ele></trkpt>
   <trkpt lon="-4.063491" lat="36.823529"><ele>444.5</ele></trkpt>
   <trkpt lon="-4.063262" lat="36.823870"><ele>436.4</ele></trkpt>
   <trkpt lon="-4.062934" lat="36.823925"><ele>441.7</ele></trkpt>
   <trkpt lon="-4.062869" lat="36.824018"><ele>440.6</ele></trkpt>
   <trkpt lon="-4.062945" lat="36.824318"><ele>431.2</ele></trkpt>
   <trkpt lon="-4.062963" lat="36.824508"><ele>426.3</ele></trkpt>
   <trkpt lon="-4.062822" lat="36.824674"><ele>426.5</ele></trkpt>
   <trkpt lon="-4.062341" lat="36.825041"><ele>422.8</ele></trkpt>
   <trkpt lon="-4.062164" lat="36.825127"><ele>423.3</ele></trkpt>
   <trkpt lon="-4.062103" lat="36.825291"><ele>419.4</ele></trkpt>
   <trkpt lon="-4.062158" lat="36.825373"><ele>415.5</ele></trkpt>
   <trkpt lon="-4.062315" lat="36.825387"><ele>411.9</ele></trkpt>
   <trkpt lon="-4.062472" lat="36.825492"><ele>408.7</ele></trkpt>
   <trkpt lon="-4.062527" lat="36.825594"><ele>408.2</ele></trkpt>
   <trkpt lon="-4.062523" lat="36.825752"><ele>409.7</ele></trkpt>
   <trkpt lon="-4.062723" lat="36.826092"><ele>409.8</ele></trkpt>
   <trkpt lon="-4.062694" lat="36.826445"><ele>413.7</ele></trkpt>
   <trkpt lon="-4.063084" lat="36.826838"><ele>404.6</ele></trkpt>
   <trkpt lon="-4.063047" lat="36.827083"><ele>411.6</ele></trkpt>
   <trkpt lon="-4.062872" lat="36.827287"><ele>418.9</ele></trkpt>
   <trkpt lon="-4.062964" lat="36.827408"><ele>416.1</ele></trkpt>
   <trkpt lon="-4.063225" lat="36.827610"><ele>408.4</ele></trkpt>
   <trkpt lon="-4.063415" lat="36.827880"><ele>404.5</ele></trkpt>
   <trkpt lon="-4.063487" lat="36.828006"><ele>404.0</ele></trkpt>
   <trkpt lon="-4.063185" lat="36.828131"><ele>412.3</ele></trkpt>
   <trkpt lon="-4.062887" lat="36.828184"><ele>415.7</ele></trkpt>
   <trkpt lon="-4.062555" lat="36.828200"><ele>415.3</ele></trkpt>
   <trkpt lon="-4.062210" lat="36.828175"><ele>412.7</ele></trkpt>
   <trkpt lon="-4.061766" lat="36.827927"><ele>424.2</ele></trkpt>
   <trkpt lon="-4.061435" lat="36.827855"><ele>427.8</ele></trkpt>
   <trkpt lon="-4.061082" lat="36.827857"><ele>425.1</ele></trkpt>
   <trkpt lon="-4.060664" lat="36.827773"><ele>430.8</ele></trkpt>
   <trkpt lon="-4.060522" lat="36.827785"><ele>431.6</ele></trkpt>
   <trkpt lon="-4.060318" lat="36.827910"><ele>432.2</ele></trkpt>
   <trkpt lon="-4.060289" lat="36.827983"><ele>430.9</ele></trkpt>
   <trkpt lon="-4.060289" lat="36.828073"><ele>428.2</ele></trkpt>
   <trkpt lon="-4.060354" lat="36.828190"><ele>423.3</ele></trkpt>
   <trkpt lon="-4.060347" lat="36.828439"><ele>420.7</ele></trkpt>
   <trkpt lon="-4.060669" lat="36.828539"><ele>408.0</ele></trkpt>
   <trkpt lon="-4.060792" lat="36.828717"><ele>405.1</ele></trkpt>
   <trkpt lon="-4.060948" lat="36.829097"><ele>404.4</ele></trkpt>
   <trkpt lon="-4.060879" lat="36.829195"><ele>405.1</ele></trkpt>
   <trkpt lon="-4.060023" lat="36.829425"><ele>424.3</ele></trkpt>
   <trkpt lon="-4.059741" lat="36.829572"><ele>424.6</ele></trkpt>
   <trkpt lon="-4.059301" lat="36.829873"><ele>423.7</ele></trkpt>
   <trkpt lon="-4.059208" lat="36.829997"><ele>421.7</ele></trkpt>
   <trkpt lon="-4.059130" lat="36.830627"><ele>402.7</ele></trkpt>
   <trkpt lon="-4.059295" lat="36.830852"><ele>390.0</ele></trkpt>
   <trkpt lon="-4.059208" lat="36.831122"><ele>385.1</ele></trkpt>
   <trkpt lon="-4.059013" lat="36.831241"><ele>382.7</ele></trkpt>
   <trkpt lon="-4.058780" lat="36.831231"><ele>383.0</ele></trkpt>
   <trkpt lon="-4.058556" lat="36.831287"><ele>379.8</ele></trkpt>
   <trkpt lon="-4.057840" lat="36.831252"><ele>377.9</ele></trkpt>
   <trkpt lon="-4.057624" lat="36.831115"><ele>383.7</ele></trkpt>
   <trkpt lon="-4.057531" lat="36.831122"><ele>382.9</ele></trkpt>
   <trkpt lon="-4.057432" lat="36.831218"><ele>377.3</ele></trkpt>
   <trkpt lon="-4.057290" lat="36.831262"><ele>373.3</ele></trkpt>
   <trkpt lon="-4.057121" lat="36.831222"><ele>371.6</ele></trkpt>
   <trkpt lon="-4.056935" lat="36.831088"><ele>372.7</ele></trkpt>
   <trkpt lon="-4.056644" lat="36.831019"><ele>365.9</ele></trkpt>
   <trkpt lon="-4.056253" lat="36.830521"><ele>374.3</ele></trkpt>
   <trkpt lon="-4.055872" lat="36.830298"><ele>376.1</ele></trkpt>
   <trkpt lon="-4.055176" lat="36.830064"><ele>386.1</ele></trkpt>
   <trkpt lon="-4.053767" lat="36.830456"><ele>365.5</ele></trkpt>
   <trkpt lon="-4.053621" lat="36.830430"><ele>363.7</ele></trkpt>
   <trkpt lon="-4.053558" lat="36.830373"><ele>364.8</ele></trkpt>
   <trkpt lon="-4.053468" lat="36.830042"><ele>374.4</ele></trkpt>
   <trkpt lon="-4.053386" lat="36.829961"><ele>376.5</ele></trkpt>
   <trkpt lon="-4.053242" lat="36.829950"><ele>374.1</ele></trkpt>
   <trkpt lon="-4.053019" lat="36.830064"><ele>368.3</ele></trkpt>
   <trkpt lon="-4.052600" lat="36.830379"><ele>366.6</ele></trkpt>
   <trkpt lon="-4.052600" lat="36.830460"><ele>365.6</ele></trkpt>
   <trkpt lon="-4.052711" lat="36.830728"><ele>366.9</ele></trkpt>
   <trkpt lon="-4.052681" lat="36.830800"><ele>367.6</ele></trkpt>
   <trkpt lon="-4.052622" lat="36.830808"><ele>367.8</ele></trkpt>
   <trkpt lon="-4.052422" lat="36.830756"><ele>367.1</ele></trkpt>
   <trkpt lon="-4.052274" lat="36.830857"><ele>367.4</ele></trkpt>
   <trkpt lon="-4.052173" lat="36.831009"><ele>370.2</ele></trkpt>
   <trkpt lon="-4.051940" lat="36.831675"><ele>372.9</ele></trkpt>
   <trkpt lon="-4.051773" lat="36.831854"><ele>374.5</ele></trkpt>
   <trkpt lon="-4.051745" lat="36.831971"><ele>377.4</ele></trkpt>
   <trkpt lon="-4.051746" lat="36.832103"><ele>380.9</ele></trkpt>
   <trkpt lon="-4.051711" lat="36.832132"><ele>380.9</ele></trkpt>
   <trkpt lon="-4.051465" lat="36.832149"><ele>378.3</ele></trkpt>
   <trkpt lon="-4.051304" lat="36.832304"><ele>380.5</ele></trkpt>
   <trkpt lon="-4.051298" lat="36.832570"><ele>388.3</ele></trkpt>
   <trkpt lon="-4.051118" lat="36.832682"><ele>386.2</ele></trkpt>
   <trkpt lon="-4.051122" lat="36.832738"><ele>386.9</ele></trkpt>
   <trkpt lon="-4.051197" lat="36.832760"><ele>389.2</ele></trkpt>
   <trkpt lon="-4.051411" lat="36.832712"><ele>393.6</ele></trkpt>
   <trkpt lon="-4.051497" lat="36.832501"><ele>390.4</ele></trkpt>
   <trkpt lon="-4.051636" lat="36.832381"><ele>388.3</ele></trkpt>
   <trkpt lon="-4.051947" lat="36.832308"><ele>392.7</ele></trkpt>
   <trkpt lon="-4.052287" lat="36.831740"><ele>384.8</ele></trkpt>
   <trkpt lon="-4.052436" lat="36.831715"><ele>389.1</ele></trkpt>
   <trkpt lon="-4.052607" lat="36.831745"><ele>395.5</ele></trkpt>
   <trkpt lon="-4.052806" lat="36.831870"><ele>399.3</ele></trkpt>
   <trkpt lon="-4.052929" lat="36.831861"><ele>399.0</ele></trkpt>
   <trkpt lon="-4.053251" lat="36.831728"><ele>391.3</ele></trkpt>
   <trkpt lon="-4.053353" lat="36.831758"><ele>390.8</ele></trkpt>
   <trkpt lon="-4.053482" lat="36.832093"><ele>399.0</ele></trkpt>
   <trkpt lon="-4.053696" lat="36.832308"><ele>401.5</ele></trkpt>
   <trkpt lon="-4.053809" lat="36.832291"><ele>399.3</ele></trkpt>
   <trkpt lon="-4.053954" lat="36.832080"><ele>392.0</ele></trkpt>
   <trkpt lon="-4.054361" lat="36.832175"><ele>395.3</ele></trkpt>
   <trkpt lon="-4.054455" lat="36.832702"><ele>410.8</ele></trkpt>
   <trkpt lon="-4.054562" lat="36.832845"><ele>413.5</ele></trkpt>
   <trkpt lon="-4.054941" lat="36.832827"><ele>409.5</ele></trkpt>
   <trkpt lon="-4.055184" lat="36.832860"><ele>408.7</ele></trkpt>
   <trkpt lon="-4.055302" lat="36.833044"><ele>415.6</ele></trkpt>
   <trkpt lon="-4.055312" lat="36.833189"><ele>421.5</ele></trkpt>
   <trkpt lon="-4.055220" lat="36.833240"><ele>423.1</ele></trkpt>
   <trkpt lon="-4.054866" lat="36.833283"><ele>424.7</ele></trkpt>
   <trkpt lon="-4.054272" lat="36.833383"><ele>428.8</ele></trkpt>
   <trkpt lon="-4.053744" lat="36.833587"><ele>436.5</ele></trkpt>
   <trkpt lon="-4.052956" lat="36.833806"><ele>447.9</ele></trkpt>
   <trkpt lon="-4.052808" lat="36.833878"><ele>444.8</ele></trkpt>
   <trkpt lon="-4.052529" lat="36.834086"><ele>440.7</ele></trkpt>
   <trkpt lon="-4.052235" lat="36.834351"><ele>443.8</ele></trkpt>
   <trkpt lon="-4.051888" lat="36.834611"><ele>452.3</ele></trkpt>
   <trkpt lon="-4.051794" lat="36.834738"><ele>453.3</ele></trkpt>
   <trkpt lon="-4.051489" lat="36.835524"><ele>462.5</ele></trkpt>
   <trkpt lon="-4.050909" lat="36.836348"><ele>470.1</ele></trkpt>
   <trkpt lon="-4.050414" lat="36.836778"><ele>477.4</ele></trkpt>
   <trkpt lon="-4.050370" lat="36.837168"><ele>482.3</ele></trkpt>
   <trkpt lon="-4.050276" lat="36.837467"><ele>482.1</ele></trkpt>
   <trkpt lon="-4.050092" lat="36.837805"><ele>485.0</ele></trkpt>
   <trkpt lon="-4.049696" lat="36.838116"><ele>484.8</ele></trkpt>
   <trkpt lon="-4.049711" lat="36.838646"><ele>489.9</ele></trkpt>
   <trkpt lon="-4.049649" lat="36.838834"><ele>490.1</ele></trkpt>
   <trkpt lon="-4.049486" lat="36.839030"><ele>489.2</ele></trkpt>
   <trkpt lon="-4.049417" lat="36.839331"><ele>490.9</ele></trkpt>
   <trkpt lon="-4.049177" lat="36.839590"><ele>488.5</ele></trkpt>
   <trkpt lon="-4.049171" lat="36.839985"><ele>496.9</ele></trkpt>
   <trkpt lon="-4.049104" lat="36.840444"><ele>505.4</ele></trkpt>
   <trkpt lon="-4.049306" lat="36.840929"><ele>515.1</ele></trkpt>
   <trkpt lon="-4.049519" lat="36.841583"><ele>521.3</ele></trkpt>
   <trkpt lon="-4.049398" lat="36.842020"><ele>520.9</ele></trkpt>
   <trkpt lon="-4.049531" lat="36.842270"><ele>533.3</ele></trkpt>
   <trkpt lon="-4.049598" lat="36.842800"><ele>546.3</ele></trkpt>
   <trkpt lon="-4.049542" lat="36.843109"><ele>550.7</ele></trkpt>
   <trkpt lon="-4.049413" lat="36.843466"><ele>549.8</ele></trkpt>
   <trkpt lon="-4.049397" lat="36.843702"><ele>548.8</ele></trkpt>
   <trkpt lon="-4.049305" lat="36.843999"><ele>548.0</ele></trkpt>
   <trkpt lon="-4.049338" lat="36.844114"><ele>547.4</ele></trkpt>
   <trkpt lon="-4.049565" lat="36.844434"><ele>549.0</ele></trkpt>
   <trkpt lon="-4.049713" lat="36.844512"><ele>546.7</ele></trkpt>
   <trkpt lon="-4.049845" lat="36.844606"><ele>546.3</ele></trkpt>
   <trkpt lon="-4.049789" lat="36.845273"><ele>553.6</ele></trkpt>
   <trkpt lon="-4.049627" lat="36.845600"><ele>545.6</ele></trkpt>
   <trkpt lon="-4.049555" lat="36.845950"><ele>533.7</ele></trkpt>
   <trkpt lon="-4.049467" lat="36.846434"><ele>526.0</ele></trkpt>
   <trkpt lon="-4.049339" lat="36.846669"><ele>522.1</ele></trkpt>
   <trkpt lon="-4.049328" lat="36.846773"><ele>523.2</ele></trkpt>
   <trkpt lon="-4.049250" lat="36.847014"><ele>525.6</ele></trkpt>
   <trkpt lon="-4.049115" lat="36.847258"><ele>525.7</ele></trkpt>
   <trkpt lon="-4.049120" lat="36.847402"><ele>527.4</ele></trkpt>
   <trkpt lon="-4.049541" lat="36.847766"><ele>547.4</ele></trkpt>
   <trkpt lon="-4.049732" lat="36.848210"><ele>547.9</ele></trkpt>
   <trkpt lon="-4.049946" lat="36.848482"><ele>551.9</ele></trkpt>
   <trkpt lon="-4.050037" lat="36.848746"><ele>551.9</ele></trkpt>
   <trkpt lon="-4.050778" lat="36.849609"><ele>573.2</ele></trkpt>
   <trkpt lon="-4.050794" lat="36.849800"><ele>577.0</ele></trkpt>
   <trkpt lon="-4.050758" lat="36.850066"><ele>581.6</ele></trkpt>
   <trkpt lon="-4.050704" lat="36.850451"><ele>588.4</ele></trkpt>
   <trkpt lon="-4.050610" lat="36.850694"><ele>591.4</ele></trkpt>
   <trkpt lon="-4.050579" lat="36.851064"><ele>596.4</ele></trkpt>
   <trkpt lon="-4.050418" lat="36.851874"><ele>604.2</ele></trkpt>
   <trkpt lon="-4.050093" lat="36.852910"><ele>614.9</ele></trkpt>
   <trkpt lon="-4.050056" lat="36.853462"><ele>619.8</ele></trkpt>
   <trkpt lon="-4.049968" lat="36.854069"><ele>624.0</ele></trkpt>
   <trkpt lon="-4.049827" lat="36.854922"><ele>637.2</ele></trkpt>
   <trkpt lon="-4.049857" lat="36.855136"><ele>643.8</ele></trkpt>
   <trkpt lon="-4.050045" lat="36.855396"><ele>653.8</ele></trkpt>
   <trkpt lon="-4.050257" lat="36.855738"><ele>662.8</ele></trkpt>
   <trkpt lon="-4.050323" lat="36.856213"><ele>664.9</ele></trkpt>
   <trkpt lon="-4.050319" lat="36.856507"><ele>664.7</ele></trkpt>
   <trkpt lon="-4.050335" lat="36.856798"><ele>667.9</ele></trkpt>
   <trkpt lon="-4.050671" lat="36.857121"><ele>677.0</ele></trkpt>
   <trkpt lon="-4.050931" lat="36.857456"><ele>672.0</ele></trkpt>
   <trkpt lon="-4.050984" lat="36.857549"><ele>669.8</ele></trkpt>
   <trkpt lon="-4.051085" lat="36.857758"><ele>666.3</ele></trkpt>
   <trkpt lon="-4.050976" lat="36.858036"><ele>660.4</ele></trkpt>
   <trkpt lon="-4.050974" lat="36.858628"><ele>660.6</ele></trkpt>
   <trkpt lon="-4.051085" lat="36.859380"><ele>669.7</ele></trkpt>
   <trkpt lon="-4.051176" lat="36.860046"><ele>666.5</ele></trkpt>
   <trkpt lon="-4.051373" lat="36.860517"><ele>667.2</ele></trkpt>
   <trkpt lon="-4.051382" lat="36.860647"><ele>668.4</ele></trkpt>
   <trkpt lon="-4.051361" lat="36.860837"><ele>669.8</ele></trkpt>
   <trkpt lon="-4.050931" lat="36.861158"><ele>668.5</ele></trkpt>
   <trkpt lon="-4.050831" lat="36.861458"><ele>673.0</ele></trkpt>
   <trkpt lon="-4.050831" lat="36.861812"><ele>680.9</ele></trkpt>
   <trkpt lon="-4.050712" lat="36.861993"><ele>683.6</ele></trkpt>
   <trkpt lon="-4.050004" lat="36.862442"><ele>697.8</ele></trkpt>
   <trkpt lon="-4.049497" lat="36.862913"><ele>716.1</ele></trkpt>
   <trkpt lon="-4.049153" lat="36.863067"><ele>717.4</ele></trkpt>
   <trkpt lon="-4.047433" lat="36.863597"><ele>712.0</ele></trkpt>
   <trkpt lon="-4.046969" lat="36.863568"><ele>709.0</ele></trkpt>
   <trkpt lon="-4.046453" lat="36.863679"><ele>701.1</ele></trkpt>
   <trkpt lon="-4.046375" lat="36.863739"><ele>701.3</ele></trkpt>
   <trkpt lon="-4.046193" lat="36.864224"><ele>707.1</ele></trkpt>
   <trkpt lon="-4.046093" lat="36.864318"><ele>706.8</ele></trkpt>
   <trkpt lon="-4.045519" lat="36.864477"><ele>692.1</ele></trkpt>
   <trkpt lon="-4.044981" lat="36.864787"><ele>683.8</ele></trkpt>
   <trkpt lon="-4.044795" lat="36.864906"><ele>684.8</ele></trkpt>
   <trkpt lon="-4.044253" lat="36.865303"><ele>691.6</ele></trkpt>
   <trkpt lon="-4.044221" lat="36.865355"><ele>693.6</ele></trkpt>
   <trkpt lon="-4.044764" lat="36.865367"><ele>697.1</ele></trkpt>
   <trkpt lon="-4.044936" lat="36.865442"><ele>699.0</ele></trkpt>
   <trkpt lon="-4.045197" lat="36.865707"><ele>698.9</ele></trkpt>
   <trkpt lon="-4.045419" lat="36.865775"><ele>694.5</ele></trkpt>
   <trkpt lon="-4.045745" lat="36.865828"><ele>688.5</ele></trkpt>
   <trkpt lon="-4.046408" lat="36.866041"><ele>682.9</ele></trkpt>
   <trkpt lon="-4.046552" lat="36.866141"><ele>684.4</ele></trkpt>
   <trkpt lon="-4.046792" lat="36.866610"><ele>694.1</ele></trkpt>
   <trkpt lon="-4.046836" lat="36.866787"><ele>695.2</ele></trkpt>
   <trkpt lon="-4.046890" lat="36.866870"><ele>693.9</ele></trkpt>
   <trkpt lon="-4.046947" lat="36.866908"><ele>692.1</ele></trkpt>
   <trkpt lon="-4.047275" lat="36.866941"><ele>682.9</ele></trkpt>
   <trkpt lon="-4.047438" lat="36.866913"><ele>680.3</ele></trkpt>
   <trkpt lon="-4.047498" lat="36.866873"><ele>678.7</ele></trkpt>
   <trkpt lon="-4.047549" lat="36.866805"><ele>678.1</ele></trkpt>
   <trkpt lon="-4.047627" lat="36.866319"><ele>670.3</ele></trkpt>
   <trkpt lon="-4.047744" lat="36.866109"><ele>669.6</ele></trkpt>
   <trkpt lon="-4.047853" lat="36.866024"><ele>670.9</ele></trkpt>
   <trkpt lon="-4.047984" lat="36.865972"><ele>673.7</ele></trkpt>
   <trkpt lon="-4.048076" lat="36.865972"><ele>676.7</ele></trkpt>
   <trkpt lon="-4.048356" lat="36.866092"><ele>684.4</ele></trkpt>
   <trkpt lon="-4.048527" lat="36.866142"><ele>686.6</ele></trkpt>
   <trkpt lon="-4.049253" lat="36.866214"><ele>681.3</ele></trkpt>
   <trkpt lon="-4.049429" lat="36.866297"><ele>683.2</ele></trkpt>
   <trkpt lon="-4.049574" lat="36.866423"><ele>686.7</ele></trkpt>
   <trkpt lon="-4.049734" lat="36.866708"><ele>691.9</ele></trkpt>
   <trkpt lon="-4.049813" lat="36.866755"><ele>691.0</ele></trkpt>
   <trkpt lon="-4.049900" lat="36.866767"><ele>688.9</ele></trkpt>
   <trkpt lon="-4.050146" lat="36.866747"><ele>682.3</ele></trkpt>
   <trkpt lon="-4.050227" lat="36.866765"><ele>680.7</ele></trkpt>
   <trkpt lon="-4.050287" lat="36.866803"><ele>681.2</ele></trkpt>
   <trkpt lon="-4.050398" lat="36.866930"><ele>684.5</ele></trkpt>
   <trkpt lon="-4.050497" lat="36.867003"><ele>686.7</ele></trkpt>
   <trkpt lon="-4.050647" lat="36.867043"><ele>686.7</ele></trkpt>
   <trkpt lon="-4.051030" lat="36.867084"><ele>683.1</ele></trkpt>
   <trkpt lon="-4.051151" lat="36.867141"><ele>683.6</ele></trkpt>
   <trkpt lon="-4.051226" lat="36.867215"><ele>685.3</ele></trkpt>
   <trkpt lon="-4.051254" lat="36.867288"><ele>687.4</ele></trkpt>
   <trkpt lon="-4.051221" lat="36.867618"><ele>696.2</ele></trkpt>
   <trkpt lon="-4.051273" lat="36.868060"><ele>699.7</ele></trkpt>
   <trkpt lon="-4.051307" lat="36.868132"><ele>699.0</ele></trkpt>
   <trkpt lon="-4.051367" lat="36.868178"><ele>697.8</ele></trkpt>
   <trkpt lon="-4.051459" lat="36.868190"><ele>695.9</ele></trkpt>
   <trkpt lon="-4.051548" lat="36.868163"><ele>694.0</ele></trkpt>
   <trkpt lon="-4.051828" lat="36.867974"><ele>684.5</ele></trkpt>
   <trkpt lon="-4.051989" lat="36.867943"><ele>681.9</ele></trkpt>
   <trkpt lon="-4.052109" lat="36.867956"><ele>682.0</ele></trkpt>
   <trkpt lon="-4.052221" lat="36.868002"><ele>683.5</ele></trkpt>
   <trkpt lon="-4.052534" lat="36.868299"><ele>692.8</ele></trkpt>
   <trkpt lon="-4.052691" lat="36.868331"><ele>691.4</ele></trkpt>
   <trkpt lon="-4.052789" lat="36.868323"><ele>690.5</ele></trkpt>
   <trkpt lon="-4.052944" lat="36.868257"><ele>689.2</ele></trkpt>
   <trkpt lon="-4.053047" lat="36.868224"><ele>689.2</ele></trkpt>
   <trkpt lon="-4.053147" lat="36.868224"><ele>689.5</ele></trkpt>
   <trkpt lon="-4.053372" lat="36.868281"><ele>690.4</ele></trkpt>
   <trkpt lon="-4.053539" lat="36.868289"><ele>691.4</ele></trkpt>
   <trkpt lon="-4.053736" lat="36.868270"><ele>692.5</ele></trkpt>
   <trkpt lon="-4.053855" lat="36.868240"><ele>693.2</ele></trkpt>
   <trkpt lon="-4.054105" lat="36.868109"><ele>695.7</ele></trkpt>
   <trkpt lon="-4.054241" lat="36.868080"><ele>697.7</ele></trkpt>
   <trkpt lon="-4.054431" lat="36.868085"><ele>699.6</ele></trkpt>
   <trkpt lon="-4.054506" lat="36.868110"><ele>700.0</ele></trkpt>
   <trkpt lon="-4.054567" lat="36.868131"><ele>700.4</ele></trkpt>
   <trkpt lon="-4.054704" lat="36.868210"><ele>700.5</ele></trkpt>
   <trkpt lon="-4.055103" lat="36.868547"><ele>698.4</ele></trkpt>
   <trkpt lon="-4.055186" lat="36.868590"><ele>697.8</ele></trkpt>
   <trkpt lon="-4.055273" lat="36.868603"><ele>696.2</ele></trkpt>
   <trkpt lon="-4.055677" lat="36.868578"><ele>690.2</ele></trkpt>
   <trkpt lon="-4.055751" lat="36.868553"><ele>689.8</ele></trkpt>
   <trkpt lon="-4.055810" lat="36.868498"><ele>689.1</ele></trkpt>
   <trkpt lon="-4.055886" lat="36.868292"><ele>687.7</ele></trkpt>
   <trkpt lon="-4.056024" lat="36.868121"><ele>688.9</ele></trkpt>
   <trkpt lon="-4.056191" lat="36.868010"><ele>684.6</ele></trkpt>
   <trkpt lon="-4.056454" lat="36.867881"><ele>685.7</ele></trkpt>
   <trkpt lon="-4.056576" lat="36.867751"><ele>685.3</ele></trkpt>
   <trkpt lon="-4.056732" lat="36.867694"><ele>687.0</ele></trkpt>
   <trkpt lon="-4.056845" lat="36.867697"><ele>687.7</ele></trkpt>
   <trkpt lon="-4.056941" lat="36.867715"><ele>688.4</ele></trkpt>
   <trkpt lon="-4.057038" lat="36.867794"><ele>689.9</ele></trkpt>
   <trkpt lon="-4.057204" lat="36.868062"><ele>698.5</ele></trkpt>
   <trkpt lon="-4.057271" lat="36.868121"><ele>697.3</ele></trkpt>
   <trkpt lon="-4.057368" lat="36.868140"><ele>695.6</ele></trkpt>
   <trkpt lon="-4.057663" lat="36.868114"><ele>689.6</ele></trkpt>
   <trkpt lon="-4.057723" lat="36.868125"><ele>688.4</ele></trkpt>
   <trkpt lon="-4.057851" lat="36.868187"><ele>686.4</ele></trkpt>
   <trkpt lon="-4.058035" lat="36.868372"><ele>683.7</ele></trkpt>
   <trkpt lon="-4.058265" lat="36.868519"><ele>681.3</ele></trkpt>
   <trkpt lon="-4.058350" lat="36.868547"><ele>680.0</ele></trkpt>
   <trkpt lon="-4.058433" lat="36.868546"><ele>678.2</ele></trkpt>
   <trkpt lon="-4.058576" lat="36.868501"><ele>675.3</ele></trkpt>
   <trkpt lon="-4.058729" lat="36.868374"><ele>670.5</ele></trkpt>
   <trkpt lon="-4.058913" lat="36.868153"><ele>671.7</ele></trkpt>
   <trkpt lon="-4.059004" lat="36.868102"><ele>672.8</ele></trkpt>
   <trkpt lon="-4.059103" lat="36.868102"><ele>673.9</ele></trkpt>
   <trkpt lon="-4.059368" lat="36.868190"><ele>675.5</ele></trkpt>
   <trkpt lon="-4.059450" lat="36.868200"><ele>676.0</ele></trkpt>
   <trkpt lon="-4.059565" lat="36.868189"><ele>676.0</ele></trkpt>
   <trkpt lon="-4.059803" lat="36.868091"><ele>676.1</ele></trkpt>
   <trkpt lon="-4.059877" lat="36.867966"><ele>668.5</ele></trkpt>
   <trkpt lon="-4.059873" lat="36.867739"><ele>662.7</ele></trkpt>
   <trkpt lon="-4.059915" lat="36.867578"><ele>658.9</ele></trkpt>
   <trkpt lon="-4.060098" lat="36.867426"><ele>658.3</ele></trkpt>
   <trkpt lon="-4.060392" lat="36.867181"><ele>666.4</ele></trkpt>
   <trkpt lon="-4.060432" lat="36.867099"><ele>668.1</ele></trkpt>
   <trkpt lon="-4.060419" lat="36.866996"><ele>668.2</ele></trkpt>
   <trkpt lon="-4.060070" lat="36.866453"><ele>664.1</ele></trkpt>
   <trkpt lon="-4.059958" lat="36.866250"><ele>660.5</ele></trkpt>
   <trkpt lon="-4.059952" lat="36.866166"><ele>659.0</ele></trkpt>
   <trkpt lon="-4.059986" lat="36.866080"><ele>658.5</ele></trkpt>
   <trkpt lon="-4.060053" lat="36.866013"><ele>658.7</ele></trkpt>
   <trkpt lon="-4.060216" lat="36.865988"><ele>660.5</ele></trkpt>
   <trkpt lon="-4.060353" lat="36.866006"><ele>662.2</ele></trkpt>
   <trkpt lon="-4.060532" lat="36.866090"><ele>665.7</ele></trkpt>
   <trkpt lon="-4.060762" lat="36.866274"><ele>671.6</ele></trkpt>
   <trkpt lon="-4.060908" lat="36.866345"><ele>672.3</ele></trkpt>
   <trkpt lon="-4.061392" lat="36.866439"><ele>666.8</ele></trkpt>
   <trkpt lon="-4.061527" lat="36.866435"><ele>664.6</ele></trkpt>
   <trkpt lon="-4.061633" lat="36.866386"><ele>662.3</ele></trkpt>
   <trkpt lon="-4.061798" lat="36.866224"><ele>655.9</ele></trkpt>
   <trkpt lon="-4.061892" lat="36.866025"><ele>650.4</ele></trkpt>
   <trkpt lon="-4.062023" lat="36.865906"><ele>649.9</ele></trkpt>
   <trkpt lon="-4.062172" lat="36.865851"><ele>651.8</ele></trkpt>
   <trkpt lon="-4.062358" lat="36.865831"><ele>652.7</ele></trkpt>
   <trkpt lon="-4.063709" lat="36.865828"><ele>659.0</ele></trkpt>
   <trkpt lon="-4.063791" lat="36.865844"><ele>659.8</ele></trkpt>
   <trkpt lon="-4.063874" lat="36.865892"><ele>660.6</ele></trkpt>
   <trkpt lon="-4.063949" lat="36.866010"><ele>661.2</ele></trkpt>
   <trkpt lon="-4.063956" lat="36.866024"><ele>661.2</ele></trkpt>
   <trkpt lon="-4.063946" lat="36.866090"><ele>661.3</ele></trkpt>
   <trkpt lon="-4.063892" lat="36.866164"><ele>662.0</ele></trkpt>
   <trkpt lon="-4.063471" lat="36.866363"><ele>670.1</ele></trkpt>
   <trkpt lon="-4.063252" lat="36.866528"><ele>672.0</ele></trkpt>
   <trkpt lon="-4.062923" lat="36.866865"><ele>678.8</ele></trkpt>
   <trkpt lon="-4.062818" lat="36.867203"><ele>672.7</ele></trkpt>
   <trkpt lon="-4.062698" lat="36.867502"><ele>666.0</ele></trkpt>
   <trkpt lon="-4.062672" lat="36.868147"><ele>656.1</ele></trkpt>
   <trkpt lon="-4.062551" lat="36.868408"><ele>662.1</ele></trkpt>
   <trkpt lon="-4.062430" lat="36.868573"><ele>666.3</ele></trkpt>
   <trkpt lon="-4.062388" lat="36.868727"><ele>667.2</ele></trkpt>
   <trkpt lon="-4.062314" lat="36.868839"><ele>668.8</ele></trkpt>
   <trkpt lon="-4.062301" lat="36.868947"><ele>666.9</ele></trkpt>
   <trkpt lon="-4.062576" lat="36.869339"><ele>648.4</ele></trkpt>
   <trkpt lon="-4.062856" lat="36.869439"><ele>633.8</ele></trkpt>
   <trkpt lon="-4.062990" lat="36.869543"><ele>631.6</ele></trkpt>
   <trkpt lon="-4.063011" lat="36.869727"><ele>639.6</ele></trkpt>
   <trkpt lon="-4.063195" lat="36.869848"><ele>634.3</ele></trkpt>
   <trkpt lon="-4.063218" lat="36.870007"><ele>637.8</ele></trkpt>
   <trkpt lon="-4.063235" lat="36.870229"><ele>642.7</ele></trkpt>
   <trkpt lon="-4.063325" lat="36.870464"><ele>642.2</ele></trkpt>
   <trkpt lon="-4.063521" lat="36.870689"><ele>633.7</ele></trkpt>
   <trkpt lon="-4.063530" lat="36.870796"><ele>635.2</ele></trkpt>
   <trkpt lon="-4.063492" lat="36.870954"><ele>638.5</ele></trkpt>
   <trkpt lon="-4.063496" lat="36.871100"><ele>639.0</ele></trkpt>
   <trkpt lon="-4.063524" lat="36.871284"><ele>635.4</ele></trkpt>
   <trkpt lon="-4.063437" lat="36.871492"><ele>637.4</ele></trkpt>
   <trkpt lon="-4.063256" lat="36.871757"><ele>639.5</ele></trkpt>
   <trkpt lon="-4.063032" lat="36.871963"><ele>640.5</ele></trkpt>
   <trkpt lon="-4.062995" lat="36.872060"><ele>636.5</ele></trkpt>
   <trkpt lon="-4.063004" lat="36.872150"><ele>630.5</ele></trkpt>
   <trkpt lon="-4.063064" lat="36.872221"><ele>624.7</ele></trkpt>
   <trkpt lon="-4.063141" lat="36.872256"><ele>620.4</ele></trkpt>
   <trkpt lon="-4.063238" lat="36.872249"><ele>617.3</ele></trkpt>
   <trkpt lon="-4.063359" lat="36.872220"><ele>614.9</ele></trkpt>
   <trkpt lon="-4.063768" lat="36.872028"><ele>608.5</ele></trkpt>
   <trkpt lon="-4.063813" lat="36.872025"><ele>607.6</ele></trkpt>
   <trkpt lon="-4.064002" lat="36.872040"><ele>605.4</ele></trkpt>
   <trkpt lon="-4.064133" lat="36.872035"><ele>604.5</ele></trkpt>
   <trkpt lon="-4.064250" lat="36.871988"><ele>602.9</ele></trkpt>
   <trkpt lon="-4.064361" lat="36.871908"><ele>602.6</ele></trkpt>
   <trkpt lon="-4.064419" lat="36.871791"><ele>600.3</ele></trkpt>
   <trkpt lon="-4.064433" lat="36.871682"><ele>600.4</ele></trkpt>
   <trkpt lon="-4.064390" lat="36.871343"><ele>598.9</ele></trkpt>
   <trkpt lon="-4.064391" lat="36.871187"><ele>598.2</ele></trkpt>
   <trkpt lon="-4.064471" lat="36.870915"><ele>595.4</ele></trkpt>
   <trkpt lon="-4.064505" lat="36.870848"><ele>594.4</ele></trkpt>
   <trkpt lon="-4.064595" lat="36.870752"><ele>594.6</ele></trkpt>
   <trkpt lon="-4.064634" lat="36.870686"><ele>597.2</ele></trkpt>
   <trkpt lon="-4.064643" lat="36.870616"><ele>597.9</ele></trkpt>
   <trkpt lon="-4.064521" lat="36.870235"><ele>591.4</ele></trkpt>
   <trkpt lon="-4.064510" lat="36.870130"><ele>590.9</ele></trkpt>
   <trkpt lon="-4.064585" lat="36.869551"><ele>589.6</ele></trkpt>
   <trkpt lon="-4.064574" lat="36.869254"><ele>585.1</ele></trkpt>
   <trkpt lon="-4.064599" lat="36.869186"><ele>584.2</ele></trkpt>
   <trkpt lon="-4.064656" lat="36.869134"><ele>584.4</ele></trkpt>
   <trkpt lon="-4.064744" lat="36.869091"><ele>585.2</ele></trkpt>
   <trkpt lon="-4.064905" lat="36.869056"><ele>586.9</ele></trkpt>
   <trkpt lon="-4.065245" lat="36.869041"><ele>590.4</ele></trkpt>
   <trkpt lon="-4.065367" lat="36.869047"><ele>591.6</ele></trkpt>
   <trkpt lon="-4.065804" lat="36.869149"><ele>602.9</ele></trkpt>
   <trkpt lon="-4.065911" lat="36.869152"><ele>603.4</ele></trkpt>
   <trkpt lon="-4.065987" lat="36.869130"><ele>602.7</ele></trkpt>
   <trkpt lon="-4.066060" lat="36.869081"><ele>600.6</ele></trkpt>
   <trkpt lon="-4.066251" lat="36.868877"><ele>590.2</ele></trkpt>
   <trkpt lon="-4.066310" lat="36.868824"><ele>588.4</ele></trkpt>
   <trkpt lon="-4.066460" lat="36.868740"><ele>587.3</ele></trkpt>
   <trkpt lon="-4.066540" lat="36.868688"><ele>585.9</ele></trkpt>
   <trkpt lon="-4.066760" lat="36.868466"><ele>579.5</ele></trkpt>
   <trkpt lon="-4.066858" lat="36.868403"><ele>580.2</ele></trkpt>
   <trkpt lon="-4.067020" lat="36.868364"><ele>586.1</ele></trkpt>
   <trkpt lon="-4.067164" lat="36.868362"><ele>591.2</ele></trkpt>
   <trkpt lon="-4.067315" lat="36.868393"><ele>596.5</ele></trkpt>
   <trkpt lon="-4.067717" lat="36.868543"><ele>604.1</ele></trkpt>
   <trkpt lon="-4.067787" lat="36.868588"><ele>604.8</ele></trkpt>
   <trkpt lon="-4.067963" lat="36.868755"><ele>608.4</ele></trkpt>
   <trkpt lon="-4.068029" lat="36.868792"><ele>608.7</ele></trkpt>
   <trkpt lon="-4.068115" lat="36.868800"><ele>606.8</ele></trkpt>
   <trkpt lon="-4.068467" lat="36.868600"><ele>593.0</ele></trkpt>
   <trkpt lon="-4.068694" lat="36.868431"><ele>588.3</ele></trkpt>
   <trkpt lon="-4.068787" lat="36.868403"><ele>588.9</ele></trkpt>
   <trkpt lon="-4.068920" lat="36.868438"><ele>592.6</ele></trkpt>
   <trkpt lon="-4.069270" lat="36.868670"><ele>603.1</ele></trkpt>
   <trkpt lon="-4.069356" lat="36.868679"><ele>603.2</ele></trkpt>
   <trkpt lon="-4.069439" lat="36.868667"><ele>602.6</ele></trkpt>
   <trkpt lon="-4.069514" lat="36.868604"><ele>600.2</ele></trkpt>
   <trkpt lon="-4.069516" lat="36.868410"><ele>593.3</ele></trkpt>
   <trkpt lon="-4.069576" lat="36.868314"><ele>592.7</ele></trkpt>
   <trkpt lon="-4.069670" lat="36.868268"><ele>592.9</ele></trkpt>
   <trkpt lon="-4.069814" lat="36.868243"><ele>594.8</ele></trkpt>
   <trkpt lon="-4.070061" lat="36.868325"><ele>598.0</ele></trkpt>
   <trkpt lon="-4.070138" lat="36.868332"><ele>598.0</ele></trkpt>
   <trkpt lon="-4.070229" lat="36.868312"><ele>598.0</ele></trkpt>
   <trkpt lon="-4.070490" lat="36.868052"><ele>599.4</ele></trkpt>
   <trkpt lon="-4.070707" lat="36.867994"><ele>593.4</ele></trkpt>
   <trkpt lon="-4.070900" lat="36.868012"><ele>594.5</ele></trkpt>
   <trkpt lon="-4.071045" lat="36.868085"><ele>603.9</ele></trkpt>
   <trkpt lon="-4.071459" lat="36.868580"><ele>604.0</ele></trkpt>
   <trkpt lon="-4.071496" lat="36.868682"><ele>605.7</ele></trkpt>
   <trkpt lon="-4.071498" lat="36.868930"><ele>610.0</ele></trkpt>
   <trkpt lon="-4.071537" lat="36.869021"><ele>610.0</ele></trkpt>
   <trkpt lon="-4.071618" lat="36.869091"><ele>607.8</ele></trkpt>
   <trkpt lon="-4.071755" lat="36.869132"><ele>603.3</ele></trkpt>
   <trkpt lon="-4.071869" lat="36.869118"><ele>600.1</ele></trkpt>
   <trkpt lon="-4.072077" lat="36.869035"><ele>592.6</ele></trkpt>
   <trkpt lon="-4.072203" lat="36.869021"><ele>591.7</ele></trkpt>
   <trkpt lon="-4.072326" lat="36.869047"><ele>591.7</ele></trkpt>
   <trkpt lon="-4.072410" lat="36.869108"><ele>593.6</ele></trkpt>
   <trkpt lon="-4.072438" lat="36.869181"><ele>596.6</ele></trkpt>
   <trkpt lon="-4.072426" lat="36.869282"><ele>600.7</ele></trkpt>
   <trkpt lon="-4.072325" lat="36.869609"><ele>609.8</ele></trkpt>
   <trkpt lon="-4.072294" lat="36.869868"><ele>614.3</ele></trkpt>
   <trkpt lon="-4.072333" lat="36.869969"><ele>614.8</ele></trkpt>
   <trkpt lon="-4.072403" lat="36.870008"><ele>614.0</ele></trkpt>
   <trkpt lon="-4.072419" lat="36.870007"><ele>613.8</ele></trkpt>
   <trkpt lon="-4.072495" lat="36.870000"><ele>611.8</ele></trkpt>
   <trkpt lon="-4.072620" lat="36.869958"><ele>608.3</ele></trkpt>
   <trkpt lon="-4.072966" lat="36.869551"><ele>597.0</ele></trkpt>
   <trkpt lon="-4.073089" lat="36.869476"><ele>592.9</ele></trkpt>
   <trkpt lon="-4.073421" lat="36.868987"><ele>580.8</ele></trkpt>
   <trkpt lon="-4.073622" lat="36.868954"><ele>583.5</ele></trkpt>
   <trkpt lon="-4.074606" lat="36.869035"><ele>596.3</ele></trkpt>
   <trkpt lon="-4.075622" lat="36.869782"><ele>613.8</ele></trkpt>
   <trkpt lon="-4.075924" lat="36.869983"><ele>616.1</ele></trkpt>
   <trkpt lon="-4.076088" lat="36.870048"><ele>615.5</ele></trkpt>
   <trkpt lon="-4.076220" lat="36.870055"><ele>614.1</ele></trkpt>
   <trkpt lon="-4.076387" lat="36.870008"><ele>613.2</ele></trkpt>
   <trkpt lon="-4.076671" lat="36.869942"><ele>613.3</ele></trkpt>
   <trkpt lon="-4.076690" lat="36.869978"><ele>614.0</ele></trkpt>
   <trkpt lon="-4.076727" lat="36.870005"><ele>614.7</ele></trkpt>
   <trkpt lon="-4.076774" lat="36.870018"><ele>615.2</ele></trkpt>
   <trkpt lon="-4.076824" lat="36.870014"><ele>615.4</ele></trkpt>
   <trkpt lon="-4.077106" lat="36.870378"><ele>625.4</ele></trkpt>
   <trkpt lon="-4.077214" lat="36.870529"><ele>628.4</ele></trkpt>
   <trkpt lon="-4.077215" lat="36.870783"><ele>635.7</ele></trkpt>
   <trkpt lon="-4.077198" lat="36.871094"><ele>640.8</ele></trkpt>
   <trkpt lon="-4.077247" lat="36.871209"><ele>639.6</ele></trkpt>
   <trkpt lon="-4.077348" lat="36.871238"><ele>636.5</ele></trkpt>
   <trkpt lon="-4.077445" lat="36.871256"><ele>633.7</ele></trkpt>
   <trkpt lon="-4.077664" lat="36.871223"><ele>629.5</ele></trkpt>
   <trkpt lon="-4.077847" lat="36.871244"><ele>628.2</ele></trkpt>
   <trkpt lon="-4.077969" lat="36.871327"><ele>628.5</ele></trkpt>
   <trkpt lon="-4.078055" lat="36.871479"><ele>630.6</ele></trkpt>
   <trkpt lon="-4.078223" lat="36.871666"><ele>633.9</ele></trkpt>
   <trkpt lon="-4.078649" lat="36.871644"><ele>626.2</ele></trkpt>
   <trkpt lon="-4.078797" lat="36.871701"><ele>626.7</ele></trkpt>
   <trkpt lon="-4.078908" lat="36.871884"><ele>631.5</ele></trkpt>
   <trkpt lon="-4.078968" lat="36.871929"><ele>632.0</ele></trkpt>
   <trkpt lon="-4.079016" lat="36.871964"><ele>632.3</ele></trkpt>
   <trkpt lon="-4.079342" lat="36.872022"><ele>629.2</ele></trkpt>
   <trkpt lon="-4.079543" lat="36.871944"><ele>624.8</ele></trkpt>
   <trkpt lon="-4.079752" lat="36.871774"><ele>620.6</ele></trkpt>
   <trkpt lon="-4.079968" lat="36.871748"><ele>621.6</ele></trkpt>
   <trkpt lon="-4.080339" lat="36.871818"><ele>626.3</ele></trkpt>
   <trkpt lon="-4.080379" lat="36.871825"><ele>626.3</ele></trkpt>
   <trkpt lon="-4.080897" lat="36.871994"><ele>628.4</ele></trkpt>
   <trkpt lon="-4.081128" lat="36.872065"><ele>629.5</ele></trkpt>
   <trkpt lon="-4.081820" lat="36.872407"><ele>634.2</ele></trkpt>
   <trkpt lon="-4.081856" lat="36.872437"><ele>634.6</ele></trkpt>
   <trkpt lon="-4.082093" lat="36.872530"><ele>635.7</ele></trkpt>
   <trkpt lon="-4.082365" lat="36.872612"><ele>636.5</ele></trkpt>
   <trkpt lon="-4.082394" lat="36.872679"><ele>637.3</ele></trkpt>
   <trkpt lon="-4.082405" lat="36.872845"><ele>639.3</ele></trkpt>
   <trkpt lon="-4.082554" lat="36.872898"><ele>639.8</ele></trkpt>
   <trkpt lon="-4.082632" lat="36.873096"><ele>641.5</ele></trkpt>
   <trkpt lon="-4.082693" lat="36.873214"><ele>642.3</ele></trkpt>
   <trkpt lon="-4.082721" lat="36.873379"><ele>643.4</ele></trkpt>
   <trkpt lon="-4.082730" lat="36.873567"><ele>644.5</ele></trkpt>
   <trkpt lon="-4.082735" lat="36.873596"><ele>644.6</ele></trkpt>
   <trkpt lon="-4.082785" lat="36.873920"><ele>646.0</ele></trkpt>
   <trkpt lon="-4.082789" lat="36.873969"><ele>646.2</ele></trkpt>
   <trkpt lon="-4.082887" lat="36.874368"><ele>646.4</ele></trkpt>
   <trkpt lon="-4.083024" lat="36.874490"><ele>643.7</ele></trkpt>
   <trkpt lon="-4.083090" lat="36.874529"><ele>642.7</ele></trkpt>
   <trkpt lon="-4.083165" lat="36.874556"><ele>641.8</ele></trkpt>
   <trkpt lon="-4.083283" lat="36.874546"><ele>640.1</ele></trkpt>
   <trkpt lon="-4.083825" lat="36.874410"><ele>632.2</ele></trkpt>
   <trkpt lon="-4.083973" lat="36.874417"><ele>630.1</ele></trkpt>
   <trkpt lon="-4.084197" lat="36.874479"><ele>628.9</ele></trkpt>
   <trkpt lon="-4.084220" lat="36.874499"><ele>629.4</ele></trkpt>
   <trkpt lon="-4.084327" lat="36.874548"><ele>630.3</ele></trkpt>
   <trkpt lon="-4.084785" lat="36.874966"><ele>640.4</ele></trkpt>
   <trkpt lon="-4.084886" lat="36.874954"><ele>638.2</ele></trkpt>
   <trkpt lon="-4.085049" lat="36.874922"><ele>634.4</ele></trkpt>
   <trkpt lon="-4.085545" lat="36.874915"><ele>630.8</ele></trkpt>
   <trkpt lon="-4.085783" lat="36.874935"><ele>632.2</ele></trkpt>
   <trkpt lon="-4.086287" lat="36.875146"><ele>638.1</ele></trkpt>
   <trkpt lon="-4.086426" lat="36.875225"><ele>639.3</ele></trkpt>
   <trkpt lon="-4.086501" lat="36.875279"><ele>640.0</ele></trkpt>
   <trkpt lon="-4.087073" lat="36.875654"><ele>643.1</ele></trkpt>
   <trkpt lon="-4.087264" lat="36.875888"><ele>642.1</ele></trkpt>
   <trkpt lon="-4.087422" lat="36.876023"><ele>639.8</ele></trkpt>
   <trkpt lon="-4.088133" lat="36.876238"><ele>628.0</ele></trkpt>
   <trkpt lon="-4.088454" lat="36.876354"><ele>627.4</ele></trkpt>
   <trkpt lon="-4.088639" lat="36.876439"><ele>627.7</ele></trkpt>
   <trkpt lon="-4.088729" lat="36.876499"><ele>628.5</ele></trkpt>
   <trkpt lon="-4.088824" lat="36.876575"><ele>629.7</ele></trkpt>
   <trkpt lon="-4.088835" lat="36.876594"><ele>630.0</ele></trkpt>
   <trkpt lon="-4.088847" lat="36.876636"><ele>630.9</ele></trkpt>
   <trkpt lon="-4.088869" lat="36.876665"><ele>631.2</ele></trkpt>
   <trkpt lon="-4.088889" lat="36.876682"><ele>631.3</ele></trkpt>
   <trkpt lon="-4.088936" lat="36.876705"><ele>631.0</ele></trkpt>
   <trkpt lon="-4.089000" lat="36.876714"><ele>630.0</ele></trkpt>
   <trkpt lon="-4.089054" lat="36.876705"><ele>628.9</ele></trkpt>
   <trkpt lon="-4.089114" lat="36.876670"><ele>627.2</ele></trkpt>
   <trkpt lon="-4.089265" lat="36.876573"><ele>624.8</ele></trkpt>
   <trkpt lon="-4.089325" lat="36.876604"><ele>625.4</ele></trkpt>
   <trkpt lon="-4.089510" lat="36.876719"><ele>626.7</ele></trkpt>
   <trkpt lon="-4.089789" lat="36.876905"><ele>629.7</ele></trkpt>
   <trkpt lon="-4.090394" lat="36.876892"><ele>621.8</ele></trkpt>
   <trkpt lon="-4.090825" lat="36.876991"><ele>619.0</ele></trkpt>
   <trkpt lon="-4.091152" lat="36.876956"><ele>615.0</ele></trkpt>
   <trkpt lon="-4.091301" lat="36.876987"><ele>616.3</ele></trkpt>
   <trkpt lon="-4.091498" lat="36.877132"><ele>621.7</ele></trkpt>
   <trkpt lon="-4.091580" lat="36.877272"><ele>625.5</ele></trkpt>
   <trkpt lon="-4.091516" lat="36.877568"><ele>626.6</ele></trkpt>
   <trkpt lon="-4.091416" lat="36.877746"><ele>626.5</ele></trkpt>
   <trkpt lon="-4.091172" lat="36.877936"><ele>630.9</ele></trkpt>
   <trkpt lon="-4.091222" lat="36.878037"><ele>627.7</ele></trkpt>
   <trkpt lon="-4.091349" lat="36.878052"><ele>623.0</ele></trkpt>
   <trkpt lon="-4.091540" lat="36.878056"><ele>616.3</ele></trkpt>
   <trkpt lon="-4.091765" lat="36.878168"><ele>608.3</ele></trkpt>
   <trkpt lon="-4.092021" lat="36.878377"><ele>601.5</ele></trkpt>
   <trkpt lon="-4.092591" lat="36.878670"><ele>592.6</ele></trkpt>
   <trkpt lon="-4.092959" lat="36.878898"><ele>589.9</ele></trkpt>
   <trkpt lon="-4.093230" lat="36.878968"><ele>585.3</ele></trkpt>
   <trkpt lon="-4.093541" lat="36.879195"><ele>582.7</ele></trkpt>
   <trkpt lon="-4.094089" lat="36.879357"><ele>575.4</ele></trkpt>
   <trkpt lon="-4.094400" lat="36.879368"><ele>569.7</ele></trkpt>
   <trkpt lon="-4.094824" lat="36.879490"><ele>565.4</ele></trkpt>
   <trkpt lon="-4.094909" lat="36.879564"><ele>565.3</ele></trkpt>
   <trkpt lon="-4.094993" lat="36.879775"><ele>564.4</ele></trkpt>
   <trkpt lon="-4.095074" lat="36.879784"><ele>562.8</ele></trkpt>
   <trkpt lon="-4.095210" lat="36.879712"><ele>560.5</ele></trkpt>
   <trkpt lon="-4.095332" lat="36.879595"><ele>557.3</ele></trkpt>
   <trkpt lon="-4.095380" lat="36.879454"><ele>554.1</ele></trkpt>
   <trkpt lon="-4.095430" lat="36.879413"><ele>552.3</ele></trkpt>
   <trkpt lon="-4.095608" lat="36.879392"><ele>547.8</ele></trkpt>
   <trkpt lon="-4.096113" lat="36.879463"><ele>541.8</ele></trkpt>
   <trkpt lon="-4.096319" lat="36.879462"><ele>540.4</ele></trkpt>
   <trkpt lon="-4.096942" lat="36.879547"><ele>541.6</ele></trkpt>
   <trkpt lon="-4.097264" lat="36.879497"><ele>541.0</ele></trkpt>
   <trkpt lon="-4.097736" lat="36.879561"><ele>535.6</ele></trkpt>
   <trkpt lon="-4.098344" lat="36.879789"><ele>526.5</ele></trkpt>
   <trkpt lon="-4.098752" lat="36.879898"><ele>523.1</ele></trkpt>
   <trkpt lon="-4.099141" lat="36.879965"><ele>521.5</ele></trkpt>
   <trkpt lon="-4.099417" lat="36.879952"><ele>522.0</ele></trkpt>
   <trkpt lon="-4.099913" lat="36.880046"><ele>516.6</ele></trkpt>
   <trkpt lon="-4.100274" lat="36.880044"><ele>513.0</ele></trkpt>
   <trkpt lon="-4.100512" lat="36.880001"><ele>510.1</ele></trkpt>
   <trkpt lon="-4.100690" lat="36.879944"><ele>505.9</ele></trkpt>
   <trkpt lon="-4.100982" lat="36.879778"><ele>497.1</ele></trkpt>
   <trkpt lon="-4.101106" lat="36.879725"><ele>492.9</ele></trkpt>
   <trkpt lon="-4.101527" lat="36.879675"><ele>480.9</ele></trkpt>
   <trkpt lon="-4.101800" lat="36.879525"><ele>473.5</ele></trkpt>
   <trkpt lon="-4.102068" lat="36.879502"><ele>469.4</ele></trkpt>
   <trkpt lon="-4.102764" lat="36.879381"><ele>459.4</ele></trkpt>
   <trkpt lon="-4.102900" lat="36.879556"><ele>465.7</ele></trkpt>
   <trkpt lon="-4.102918" lat="36.879702"><ele>469.6</ele></trkpt>
   <trkpt lon="-4.102914" lat="36.879956"><ele>471.2</ele></trkpt>
   <trkpt lon="-4.102821" lat="36.880211"><ele>465.9</ele></trkpt>
   <trkpt lon="-4.102741" lat="36.880267"><ele>465.3</ele></trkpt>
   <trkpt lon="-4.102397" lat="36.880346"><ele>469.5</ele></trkpt>
   <trkpt lon="-4.102329" lat="36.880429"><ele>470.0</ele></trkpt>
   <trkpt lon="-4.102335" lat="36.880783"><ele>463.8</ele></trkpt>
   <trkpt lon="-4.102452" lat="36.881093"><ele>453.3</ele></trkpt>
   <trkpt lon="-4.102440" lat="36.881219"><ele>450.2</ele></trkpt>
   <trkpt lon="-4.102130" lat="36.881701"><ele>433.6</ele></trkpt>
   <trkpt lon="-4.102142" lat="36.881740"><ele>431.1</ele></trkpt>
   <trkpt lon="-4.102186" lat="36.881803"><ele>427.0</ele></trkpt>
   <trkpt lon="-4.102442" lat="36.881843"><ele>424.7</ele></trkpt>
   <trkpt lon="-4.102650" lat="36.881709"><ele>427.1</ele></trkpt>
   <trkpt lon="-4.102882" lat="36.881633"><ele>423.4</ele></trkpt>
   <trkpt lon="-4.102945" lat="36.881655"><ele>421.1</ele></trkpt>
   <trkpt lon="-4.102950" lat="36.881720"><ele>419.3</ele></trkpt>
   <trkpt lon="-4.102863" lat="36.881801"><ele>418.9</ele></trkpt>
   <trkpt lon="-4.102739" lat="36.882096"><ele>409.8</ele></trkpt>
   <trkpt lon="-4.102800" lat="36.882135"><ele>407.6</ele></trkpt>
   <trkpt lon="-4.102925" lat="36.882102"><ele>406.8</ele></trkpt>
   <trkpt lon="-4.103222" lat="36.881918"><ele>406.4</ele></trkpt>
   <trkpt lon="-4.103369" lat="36.881907"><ele>402.6</ele></trkpt>
   <trkpt lon="-4.103567" lat="36.882014"><ele>394.7</ele></trkpt>
   <trkpt lon="-4.103731" lat="36.882199"><ele>386.7</ele></trkpt>
   <trkpt lon="-4.103856" lat="36.882278"><ele>382.6</ele></trkpt>
   <trkpt lon="-4.103867" lat="36.882463"><ele>380.0</ele></trkpt>
   <trkpt lon="-4.103931" lat="36.882536"><ele>379.1</ele></trkpt>
   <trkpt lon="-4.104171" lat="36.882591"><ele>377.2</ele></trkpt>
   <trkpt lon="-4.104288" lat="36.882509"><ele>376.7</ele></trkpt>
   <trkpt lon="-4.104523" lat="36.882213"><ele>375.0</ele></trkpt>
   <trkpt lon="-4.104694" lat="36.882104"><ele>374.9</ele></trkpt>
   <trkpt lon="-4.104983" lat="36.882016"><ele>375.2</ele></trkpt>
   <trkpt lon="-4.105310" lat="36.881848"><ele>377.0</ele></trkpt>
   <trkpt lon="-4.105409" lat="36.881860"><ele>379.5</ele></trkpt>
   <trkpt lon="-4.105499" lat="36.881957"><ele>384.5</ele></trkpt>
   <trkpt lon="-4.105533" lat="36.881984"><ele>386.2</ele></trkpt>
   <trkpt lon="-4.105629" lat="36.881989"><ele>387.9</ele></trkpt>
   <trkpt lon="-4.105906" lat="36.881888"><ele>390.2</ele></trkpt>
   <trkpt lon="-4.106061" lat="36.881877"><ele>391.3</ele></trkpt>
   <trkpt lon="-4.106153" lat="36.881926"><ele>393.1</ele></trkpt>
   <trkpt lon="-4.106240" lat="36.882174"><ele>400.3</ele></trkpt>
   <trkpt lon="-4.106394" lat="36.882367"><ele>406.5</ele></trkpt>
   <trkpt lon="-4.106444" lat="36.882459"><ele>409.3</ele></trkpt>
   <trkpt lon="-4.106514" lat="36.882627"><ele>414.7</ele></trkpt>
   <trkpt lon="-4.106603" lat="36.882661"><ele>415.5</ele></trkpt>
   <trkpt lon="-4.106951" lat="36.882633"><ele>411.6</ele></trkpt>
   <trkpt lon="-4.106997" lat="36.882580"><ele>410.4</ele></trkpt>
   <trkpt lon="-4.107025" lat="36.882419"><ele>405.7</ele></trkpt>
   <trkpt lon="-4.107097" lat="36.882335"><ele>403.7</ele></trkpt>
   <trkpt lon="-4.107170" lat="36.882320"><ele>404.0</ele></trkpt>
   <trkpt lon="-4.107447" lat="36.882385"><ele>409.0</ele></trkpt>
   <trkpt lon="-4.107724" lat="36.882300"><ele>409.5</ele></trkpt>
   <trkpt lon="-4.107964" lat="36.882180"><ele>410.6</ele></trkpt>
   <trkpt lon="-4.108058" lat="36.882186"><ele>412.7</ele></trkpt>
   <trkpt lon="-4.108312" lat="36.882355"><ele>420.3</ele></trkpt>
   <trkpt lon="-4.108612" lat="36.882388"><ele>420.4</ele></trkpt>
   <trkpt lon="-4.108662" lat="36.882432"><ele>422.5</ele></trkpt>
   <trkpt lon="-4.108660" lat="36.882495"><ele>425.5</ele></trkpt>
   <trkpt lon="-4.108460" lat="36.882703"><ele>436.4</ele></trkpt>
   <trkpt lon="-4.108338" lat="36.883002"><ele>447.4</ele></trkpt>
   <trkpt lon="-4.108236" lat="36.883108"><ele>450.5</ele></trkpt>
   <trkpt lon="-4.107898" lat="36.883224"><ele>450.0</ele></trkpt>
   <trkpt lon="-4.107453" lat="36.883511"><ele>456.0</ele></trkpt>
   <trkpt lon="-4.106691" lat="36.883964"><ele>460.1</ele></trkpt>
   <trkpt lon="-4.106594" lat="36.884105"><ele>462.2</ele></trkpt>
   <trkpt lon="-4.106402" lat="36.884552"><ele>470.3</ele></trkpt>
   <trkpt lon="-4.106399" lat="36.884887"><ele>475.5</ele></trkpt>
   <trkpt lon="-4.106479" lat="36.885439"><ele>490.2</ele></trkpt>
   <trkpt lon="-4.106650" lat="36.885543"><ele>492.6</ele></trkpt>
   <trkpt lon="-4.106953" lat="36.885597"><ele>491.4</ele></trkpt>
   <trkpt lon="-4.107034" lat="36.885684"><ele>493.9</ele></trkpt>
   <trkpt lon="-4.106944" lat="36.886428"><ele>514.4</ele></trkpt>
   <trkpt lon="-4.106995" lat="36.886704"><ele>514.0</ele></trkpt>
   <trkpt lon="-4.106953" lat="36.886938"><ele>513.1</ele></trkpt>
   <trkpt lon="-4.107127" lat="36.887303"><ele>511.8</ele></trkpt>
   <trkpt lon="-4.107240" lat="36.887731"><ele>516.3</ele></trkpt>
   <trkpt lon="-4.107461" lat="36.887944"><ele>517.6</ele></trkpt>
   <trkpt lon="-4.107730" lat="36.888118"><ele>517.6</ele></trkpt>
   <trkpt lon="-4.107922" lat="36.888333"><ele>519.7</ele></trkpt>
   <trkpt lon="-4.108022" lat="36.888318"><ele>516.9</ele></trkpt>
   <trkpt lon="-4.108282" lat="36.887986"><ele>500.2</ele></trkpt>
   <trkpt lon="-4.108491" lat="36.887914"><ele>500.5</ele></trkpt>
   <trkpt lon="-4.108675" lat="36.887727"><ele>497.7</ele></trkpt>
   <trkpt lon="-4.108938" lat="36.887543"><ele>497.4</ele></trkpt>
   <trkpt lon="-4.109336" lat="36.887399"><ele>508.2</ele></trkpt>
   <trkpt lon="-4.109768" lat="36.887749"><ele>525.6</ele></trkpt>
   <trkpt lon="-4.109849" lat="36.888206"><ele>538.8</ele></trkpt>
   <trkpt lon="-4.110089" lat="36.888510"><ele>544.4</ele></trkpt>
   <trkpt lon="-4.110617" lat="36.888742"><ele>540.5</ele></trkpt>
   <trkpt lon="-4.110769" lat="36.888827"><ele>542.4</ele></trkpt>
   <trkpt lon="-4.110880" lat="36.889137"><ele>546.7</ele></trkpt>
   <trkpt lon="-4.110876" lat="36.889382"><ele>545.4</ele></trkpt>
   <trkpt lon="-4.110823" lat="36.889514"><ele>544.5</ele></trkpt>
   <trkpt lon="-4.110661" lat="36.889647"><ele>546.0</ele></trkpt>
   <trkpt lon="-4.110680" lat="36.889737"><ele>544.9</ele></trkpt>
   <trkpt lon="-4.111082" lat="36.889803"><ele>536.3</ele></trkpt>
   <trkpt lon="-4.111415" lat="36.889920"><ele>529.2</ele></trkpt>
   <trkpt lon="-4.111658" lat="36.890096"><ele>527.4</ele></trkpt>
   <trkpt lon="-4.111703" lat="36.890190"><ele>527.7</ele></trkpt>
   <trkpt lon="-4.111529" lat="36.890642"><ele>535.0</ele></trkpt>
   <trkpt lon="-4.111335" lat="36.890732"><ele>539.8</ele></trkpt>
   <trkpt lon="-4.111116" lat="36.890970"><ele>540.4</ele></trkpt>
   <trkpt lon="-4.110628" lat="36.891138"><ele>547.5</ele></trkpt>
   <trkpt lon="-4.110516" lat="36.891381"><ele>542.8</ele></trkpt>
   <trkpt lon="-4.110427" lat="36.891476"><ele>542.1</ele></trkpt>
   <trkpt lon="-4.110176" lat="36.891532"><ele>545.2</ele></trkpt>
   <trkpt lon="-4.109901" lat="36.891558"><ele>548.9</ele></trkpt>
   <trkpt lon="-4.109852" lat="36.891642"><ele>548.3</ele></trkpt>
   <trkpt lon="-4.110017" lat="36.891803"><ele>544.0</ele></trkpt>
   <trkpt lon="-4.110236" lat="36.891889"><ele>539.1</ele></trkpt>
   <trkpt lon="-4.110289" lat="36.892054"><ele>539.6</ele></trkpt>
   <trkpt lon="-4.110187" lat="36.892242"><ele>545.9</ele></trkpt>
   <trkpt lon="-4.110266" lat="36.892507"><ele>545.7</ele></trkpt>
   <trkpt lon="-4.110186" lat="36.892671"><ele>548.6</ele></trkpt>
   <trkpt lon="-4.110333" lat="36.892843"><ele>544.5</ele></trkpt>
   <trkpt lon="-4.110309" lat="36.892893"><ele>545.1</ele></trkpt>
   <trkpt lon="-4.110232" lat="36.893052"><ele>547.5</ele></trkpt>
   <trkpt lon="-4.110226" lat="36.893108"><ele>547.9</ele></trkpt>
   <trkpt lon="-4.110241" lat="36.893141"><ele>547.7</ele></trkpt>
   <trkpt lon="-4.110384" lat="36.893196"><ele>545.5</ele></trkpt>
   <trkpt lon="-4.110701" lat="36.893023"><ele>539.0</ele></trkpt>
   <trkpt lon="-4.110915" lat="36.893047"><ele>539.5</ele></trkpt>
   <trkpt lon="-4.111008" lat="36.892975"><ele>537.6</ele></trkpt>
   <trkpt lon="-4.110954" lat="36.892758"><ele>533.8</ele></trkpt>
   <trkpt lon="-4.111095" lat="36.892558"><ele>531.1</ele></trkpt>
   <trkpt lon="-4.111210" lat="36.892521"><ele>531.7</ele></trkpt>
   <trkpt lon="-4.111468" lat="36.892528"><ele>537.1</ele></trkpt>
   <trkpt lon="-4.111543" lat="36.892488"><ele>538.1</ele></trkpt>
   <trkpt lon="-4.111564" lat="36.892285"><ele>533.8</ele></trkpt>
   <trkpt lon="-4.111665" lat="36.892008"><ele>531.1</ele></trkpt>
   <trkpt lon="-4.111807" lat="36.891873"><ele>531.5</ele></trkpt>
   <trkpt lon="-4.111995" lat="36.891782"><ele>533.0</ele></trkpt>
   <trkpt lon="-4.112416" lat="36.891677"><ele>535.7</ele></trkpt>
   <trkpt lon="-4.112813" lat="36.891729"><ele>543.4</ele></trkpt>
   <trkpt lon="-4.113055" lat="36.891816"><ele>551.0</ele></trkpt>
   <trkpt lon="-4.113248" lat="36.891755"><ele>551.2</ele></trkpt>
   <trkpt lon="-4.113481" lat="36.891738"><ele>553.8</ele></trkpt>
   <trkpt lon="-4.113677" lat="36.891809"><ele>558.7</ele></trkpt>
   <trkpt lon="-4.114398" lat="36.891887"><ele>570.3</ele></trkpt>
   <trkpt lon="-4.114778" lat="36.892140"><ele>581.0</ele></trkpt>
   <trkpt lon="-4.115129" lat="36.892269"><ele>582.1</ele></trkpt>
   <trkpt lon="-4.115281" lat="36.892282"><ele>581.3</ele></trkpt>
   <trkpt lon="-4.115272" lat="36.892351"><ele>582.2</ele></trkpt>
   <trkpt lon="-4.114880" lat="36.892719"><ele>587.1</ele></trkpt>
   <trkpt lon="-4.114706" lat="36.892804"><ele>587.6</ele></trkpt>
   <trkpt lon="-4.114555" lat="36.892913"><ele>588.5</ele></trkpt>
   <trkpt lon="-4.114514" lat="36.893031"><ele>587.0</ele></trkpt>
   <trkpt lon="-4.114547" lat="36.893183"><ele>583.0</ele></trkpt>
   <trkpt lon="-4.114612" lat="36.893370"><ele>577.1</ele></trkpt>
   <trkpt lon="-4.114600" lat="36.893487"><ele>574.8</ele></trkpt>
   <trkpt lon="-4.114509" lat="36.893712"><ele>570.5</ele></trkpt>
   <trkpt lon="-4.114401" lat="36.893840"><ele>567.0</ele></trkpt>
   <trkpt lon="-4.114207" lat="36.893932"><ele>563.9</ele></trkpt>
   <trkpt lon="-4.113903" lat="36.893991"><ele>563.8</ele></trkpt>
   <trkpt lon="-4.113558" lat="36.893992"><ele>569.3</ele></trkpt>
   <trkpt lon="-4.113502" lat="36.894065"><ele>568.4</ele></trkpt>
   <trkpt lon="-4.113604" lat="36.894386"><ele>558.0</ele></trkpt>
   <trkpt lon="-4.113553" lat="36.894553"><ele>556.8</ele></trkpt>
   <trkpt lon="-4.113564" lat="36.894643"><ele>555.1</ele></trkpt>
   <trkpt lon="-4.113820" lat="36.894943"><ele>545.4</ele></trkpt>
   <trkpt lon="-4.113851" lat="36.895041"><ele>543.4</ele></trkpt>
   <trkpt lon="-4.113747" lat="36.895177"><ele>543.6</ele></trkpt>
   <trkpt lon="-4.113453" lat="36.895340"><ele>545.2</ele></trkpt>
   <trkpt lon="-4.113155" lat="36.895520"><ele>542.0</ele></trkpt>
   <trkpt lon="-4.112786" lat="36.895625"><ele>541.4</ele></trkpt>
   <trkpt lon="-4.112617" lat="36.895872"><ele>534.9</ele></trkpt>
   <trkpt lon="-4.112616" lat="36.895966"><ele>532.0</ele></trkpt>
   <trkpt lon="-4.112624" lat="36.896047"><ele>529.3</ele></trkpt>
   <trkpt lon="-4.112560" lat="36.896142"><ele>527.5</ele></trkpt>
   <trkpt lon="-4.112095" lat="36.896316"><ele>532.9</ele></trkpt>
   <trkpt lon="-4.112019" lat="36.896376"><ele>533.0</ele></trkpt>
   <trkpt lon="-4.112029" lat="36.896442"><ele>531.4</ele></trkpt>
   <trkpt lon="-4.112145" lat="36.896664"><ele>523.5</ele></trkpt>
   <trkpt lon="-4.112132" lat="36.896743"><ele>522.3</ele></trkpt>
   <trkpt lon="-4.112033" lat="36.896847"><ele>523.0</ele></trkpt>
   <trkpt lon="-4.111742" lat="36.896921"><ele>525.6</ele></trkpt>
   <trkpt lon="-4.111622" lat="36.896972"><ele>524.8</ele></trkpt>
   <trkpt lon="-4.111579" lat="36.897068"><ele>522.0</ele></trkpt>
   <trkpt lon="-4.111628" lat="36.897138"><ele>521.9</ele></trkpt>
   <trkpt lon="-4.111705" lat="36.897196"><ele>521.3</ele></trkpt>
   <trkpt lon="-4.111990" lat="36.897261"><ele>518.1</ele></trkpt>
   <trkpt lon="-4.112141" lat="36.897330"><ele>515.3</ele></trkpt>
   <trkpt lon="-4.112397" lat="36.897418"><ele>511.2</ele></trkpt>
   <trkpt lon="-4.112624" lat="36.897452"><ele>507.8</ele></trkpt>
   <trkpt lon="-4.112761" lat="36.897491"><ele>506.9</ele></trkpt>
   <trkpt lon="-4.112937" lat="36.898037"><ele>525.9</ele></trkpt>
   <trkpt lon="-4.113045" lat="36.898404"><ele>528.5</ele></trkpt>
   <trkpt lon="-4.113019" lat="36.898661"><ele>533.5</ele></trkpt>
   <trkpt lon="-4.112948" lat="36.898869"><ele>537.7</ele></trkpt>
   <trkpt lon="-4.112848" lat="36.898989"><ele>541.3</ele></trkpt>
   <trkpt lon="-4.112773" lat="36.899110"><ele>543.5</ele></trkpt>
   <trkpt lon="-4.112751" lat="36.899280"><ele>542.3</ele></trkpt>
   <trkpt lon="-4.112760" lat="36.899397"><ele>540.7</ele></trkpt>
   <trkpt lon="-4.112890" lat="36.899715"><ele>537.6</ele></trkpt>
   <trkpt lon="-4.113095" lat="36.900139"><ele>536.8</ele></trkpt>
   <trkpt lon="-4.113152" lat="36.900245"><ele>535.8</ele></trkpt>
   <trkpt lon="-4.113166" lat="36.900271"><ele>535.6</ele></trkpt>
   <trkpt lon="-4.113178" lat="36.900358"><ele>535.6</ele></trkpt>
   <trkpt lon="-4.113042" lat="36.900488"><ele>537.8</ele></trkpt>
   <trkpt lon="-4.113031" lat="36.900579"><ele>537.1</ele></trkpt>
   <trkpt lon="-4.113025" lat="36.900989"><ele>533.1</ele></trkpt>
   <trkpt lon="-4.113082" lat="36.901320"><ele>529.0</ele></trkpt>
   <trkpt lon="-4.113107" lat="36.901548"><ele>526.5</ele></trkpt>
   <trkpt lon="-4.113209" lat="36.901697"><ele>521.8</ele></trkpt>
   <trkpt lon="-4.113196" lat="36.901784"><ele>521.1</ele></trkpt>
   <trkpt lon="-4.113153" lat="36.901836"><ele>521.5</ele></trkpt>
   <trkpt lon="-4.113099" lat="36.901957"><ele>523.3</ele></trkpt>
   <trkpt lon="-4.113145" lat="36.901994"><ele>522.3</ele></trkpt>
   <trkpt lon="-4.113400" lat="36.902087"><ele>515.6</ele></trkpt>
   <trkpt lon="-4.113471" lat="36.902171"><ele>513.7</ele></trkpt>
   <trkpt lon="-4.113516" lat="36.902184"><ele>512.6</ele></trkpt>
   <trkpt lon="-4.113709" lat="36.902242"><ele>508.3</ele></trkpt>
   <trkpt lon="-4.113962" lat="36.902290"><ele>503.8</ele></trkpt>
   <trkpt lon="-4.114102" lat="36.902296"><ele>501.3</ele></trkpt>
   <trkpt lon="-4.114155" lat="36.902387"><ele>502.0</ele></trkpt>
   <trkpt lon="-4.114532" lat="36.902552"><ele>500.2</ele></trkpt>
   <trkpt lon="-4.114684" lat="36.902612"><ele>499.4</ele></trkpt>
   <trkpt lon="-4.114969" lat="36.902756"><ele>498.1</ele></trkpt>
   <trkpt lon="-4.115141" lat="36.902807"><ele>496.6</ele></trkpt>
   <trkpt lon="-4.115195" lat="36.902857"><ele>496.7</ele></trkpt>
   <trkpt lon="-4.115224" lat="36.903021"><ele>498.9</ele></trkpt>
   <trkpt lon="-4.115195" lat="36.903165"><ele>501.6</ele></trkpt>
   <trkpt lon="-4.115136" lat="36.903225"><ele>503.2</ele></trkpt>
   <trkpt lon="-4.115270" lat="36.903369"><ele>500.6</ele></trkpt>
   <trkpt lon="-4.115483" lat="36.903719"><ele>493.8</ele></trkpt>
   <trkpt lon="-4.115538" lat="36.903874"><ele>491.2</ele></trkpt>
   <trkpt lon="-4.115612" lat="36.904560"><ele>476.6</ele></trkpt>
   <trkpt lon="-4.115595" lat="36.904753"><ele>473.1</ele></trkpt>
   <trkpt lon="-4.115644" lat="36.904809"><ele>471.4</ele></trkpt>
   <trkpt lon="-4.115540" lat="36.904949"><ele>470.4</ele></trkpt>
   <trkpt lon="-4.115556" lat="36.905152"><ele>468.6</ele></trkpt>
   <trkpt lon="-4.115761" lat="36.905416"><ele>462.8</ele></trkpt>
   <trkpt lon="-4.115795" lat="36.905803"><ele>461.2</ele></trkpt>
   <trkpt lon="-4.116282" lat="36.906161"><ele>453.4</ele></trkpt>
   <trkpt lon="-4.116430" lat="36.906384"><ele>452.5</ele></trkpt>
   <trkpt lon="-4.116500" lat="36.906575"><ele>453.0</ele></trkpt>
   <trkpt lon="-4.116485" lat="36.906790"><ele>451.5</ele></trkpt>
   <trkpt lon="-4.116300" lat="36.906979"><ele>453.0</ele></trkpt>
   <trkpt lon="-4.116330" lat="36.907097"><ele>451.2</ele></trkpt>
   <trkpt lon="-4.116621" lat="36.907182"><ele>445.2</ele></trkpt>
   <trkpt lon="-4.117072" lat="36.907448"><ele>437.1</ele></trkpt>
   <trkpt lon="-4.117366" lat="36.907820"><ele>433.9</ele></trkpt>
   <trkpt lon="-4.117703" lat="36.907883"><ele>429.4</ele></trkpt>
   <trkpt lon="-4.117888" lat="36.907949"><ele>427.8</ele></trkpt>
   <trkpt lon="-4.118167" lat="36.908519"><ele>434.2</ele></trkpt>
   <trkpt lon="-4.118206" lat="36.908599"><ele>434.6</ele></trkpt>
   <trkpt lon="-4.118160" lat="36.909086"><ele>434.2</ele></trkpt>
   <trkpt lon="-4.118132" lat="36.909537"><ele>428.8</ele></trkpt>
   <trkpt lon="-4.118243" lat="36.909744"><ele>424.4</ele></trkpt>
   <trkpt lon="-4.118543" lat="36.910304"><ele>415.4</ele></trkpt>
   <trkpt lon="-4.118765" lat="36.910423"><ele>411.0</ele></trkpt>
   <trkpt lon="-4.119079" lat="36.910751"><ele>407.0</ele></trkpt>
   <trkpt lon="-4.119250" lat="36.911230"><ele>404.1</ele></trkpt>
   <trkpt lon="-4.119264" lat="36.911268"><ele>403.6</ele></trkpt>
   <trkpt lon="-4.119290" lat="36.911770"><ele>397.1</ele></trkpt>
   <trkpt lon="-4.119290" lat="36.912317"><ele>390.7</ele></trkpt>
   <trkpt lon="-4.119118" lat="36.912828"><ele>386.8</ele></trkpt>
   <trkpt lon="-4.119056" lat="36.913254"><ele>379.3</ele></trkpt>
   <trkpt lon="-4.118814" lat="36.913450"><ele>377.6</ele></trkpt>
   <trkpt lon="-4.118794" lat="36.913661"><ele>377.6</ele></trkpt>
   <trkpt lon="-4.118940" lat="36.913974"><ele>379.3</ele></trkpt>
   <trkpt lon="-4.118939" lat="36.914333"><ele>385.1</ele></trkpt>
   <trkpt lon="-4.118953" lat="36.914529"><ele>384.7</ele></trkpt>
   <trkpt lon="-4.118991" lat="36.914679"><ele>380.7</ele></trkpt>
   <trkpt lon="-4.119180" lat="36.914851"><ele>374.7</ele></trkpt>
   <trkpt lon="-4.119392" lat="36.914920"><ele>372.2</ele></trkpt>
   <trkpt lon="-4.119532" lat="36.914905"><ele>372.4</ele></trkpt>
   <trkpt lon="-4.119836" lat="36.914747"><ele>371.9</ele></trkpt>
   <trkpt lon="-4.119991" lat="36.914745"><ele>369.3</ele></trkpt>
   <trkpt lon="-4.120163" lat="36.914783"><ele>365.4</ele></trkpt>
   <trkpt lon="-4.120479" lat="36.914711"><ele>361.0</ele></trkpt>
   <trkpt lon="-4.120977" lat="36.914678"><ele>355.3</ele></trkpt>
   <trkpt lon="-4.121194" lat="36.914664"><ele>353.8</ele></trkpt>
   <trkpt lon="-4.121451" lat="36.914585"><ele>352.2</ele></trkpt>
   <trkpt lon="-4.121746" lat="36.914337"><ele>349.5</ele></trkpt>
   <trkpt lon="-4.122068" lat="36.914152"><ele>349.4</ele></trkpt>
   <trkpt lon="-4.122116" lat="36.913826"><ele>345.9</ele></trkpt>
   <trkpt lon="-4.122563" lat="36.913506"><ele>347.6</ele></trkpt>
   <trkpt lon="-4.122653" lat="36.913404"><ele>347.8</ele></trkpt>
   <trkpt lon="-4.122738" lat="36.913283"><ele>348.4</ele></trkpt>
   <trkpt lon="-4.122832" lat="36.913201"><ele>349.3</ele></trkpt>
   <trkpt lon="-4.123064" lat="36.913133"><ele>353.0</ele></trkpt>
   <trkpt lon="-4.123456" lat="36.913645"><ele>364.5</ele></trkpt>
   <trkpt lon="-4.123633" lat="36.913844"><ele>366.7</ele></trkpt>
   <trkpt lon="-4.123664" lat="36.913927"><ele>367.8</ele></trkpt>
   <trkpt lon="-4.123633" lat="36.914230"><ele>371.9</ele></trkpt>
   <trkpt lon="-4.123670" lat="36.914909"><ele>381.1</ele></trkpt>
   <trkpt lon="-4.123770" lat="36.915157"><ele>383.9</ele></trkpt>
   <trkpt lon="-4.124010" lat="36.915567"><ele>391.2</ele></trkpt>
   <trkpt lon="-4.124094" lat="36.915800"><ele>394.7</ele></trkpt>
   <trkpt lon="-4.124474" lat="36.916123"><ele>401.1</ele></trkpt>
   <trkpt lon="-4.124822" lat="36.916644"><ele>408.9</ele></trkpt>
   <trkpt lon="-4.125001" lat="36.916748"><ele>411.9</ele></trkpt>
   <trkpt lon="-4.125086" lat="36.916945"><ele>416.3</ele></trkpt>
   <trkpt lon="-4.125234" lat="36.917013"><ele>419.2</ele></trkpt>
   <trkpt lon="-4.125500" lat="36.917045"><ele>422.9</ele></trkpt>
   <trkpt lon="-4.125580" lat="36.917083"><ele>424.4</ele></trkpt>
   <trkpt lon="-4.125872" lat="36.917334"><ele>431.0</ele></trkpt>
   <trkpt lon="-4.125915" lat="36.917345"><ele>431.6</ele></trkpt>
   <trkpt lon="-4.126035" lat="36.917069"><ele>432.3</ele></trkpt>
   <trkpt lon="-4.126114" lat="36.916719"><ele>431.9</ele></trkpt>
   <trkpt lon="-4.126304" lat="36.916434"><ele>435.1</ele></trkpt>
   <trkpt lon="-4.126452" lat="36.916320"><ele>436.6</ele></trkpt>
   <trkpt lon="-4.126740" lat="36.916317"><ele>440.2</ele></trkpt>
   <trkpt lon="-4.127277" lat="36.916524"><ele>444.4</ele></trkpt>
   <trkpt lon="-4.127524" lat="36.916603"><ele>444.8</ele></trkpt>
   <trkpt lon="-4.127755" lat="36.916593"><ele>442.8</ele></trkpt>
   <trkpt lon="-4.128155" lat="36.916225"><ele>438.9</ele></trkpt>
   <trkpt lon="-4.128550" lat="36.915394"><ele>435.0</ele></trkpt>
   <trkpt lon="-4.128735" lat="36.915053"><ele>434.6</ele></trkpt>
   <trkpt lon="-4.128641" lat="36.914707"><ele>432.5</ele></trkpt>
   <trkpt lon="-4.128620" lat="36.914297"><ele>430.2</ele></trkpt>
   <trkpt lon="-4.128961" lat="36.914052"><ele>430.4</ele></trkpt>
   <trkpt lon="-4.129434" lat="36.913863"><ele>436.8</ele></trkpt>
   <trkpt lon="-4.130087" lat="36.913777"><ele>440.9</ele></trkpt>
   <trkpt lon="-4.131807" lat="36.913416"><ele>450.4</ele></trkpt>
   <trkpt lon="-4.133414" lat="36.913193"><ele>463.2</ele></trkpt>
   <trkpt lon="-4.133695" lat="36.913010"><ele>466.3</ele></trkpt>
   <trkpt lon="-4.133677" lat="36.913245"><ele>468.2</ele></trkpt>
   <trkpt lon="-4.133091" lat="36.914519"><ele>475.8</ele></trkpt>
   <trkpt lon="-4.133038" lat="36.914692"><ele>477.1</ele></trkpt>
   <trkpt lon="-4.133036" lat="36.914827"><ele>478.5</ele></trkpt>
   <trkpt lon="-4.133061" lat="36.914981"><ele>480.6</ele></trkpt>
   <trkpt lon="-4.133059" lat="36.915074"><ele>481.6</ele></trkpt>
   <trkpt lon="-4.133021" lat="36.915153"><ele>482.1</ele></trkpt>
   <trkpt lon="-4.132963" lat="36.915216"><ele>482.5</ele></trkpt>
   <trkpt lon="-4.132753" lat="36.915362"><ele>482.9</ele></trkpt>
   <trkpt lon="-4.132549" lat="36.915463"><ele>482.9</ele></trkpt>
   <trkpt lon="-4.132437" lat="36.915536"><ele>483.0</ele></trkpt>
   <trkpt lon="-4.132360" lat="36.915618"><ele>483.6</ele></trkpt>
   <trkpt lon="-4.132298" lat="36.915726"><ele>484.7</ele></trkpt>
   <trkpt lon="-4.132268" lat="36.915840"><ele>486.4</ele></trkpt>
   <trkpt lon="-4.132257" lat="36.916083"><ele>489.3</ele></trkpt>
   <trkpt lon="-4.132222" lat="36.916167"><ele>489.8</ele></trkpt>
   <trkpt lon="-4.132144" lat="36.916260"><ele>490.2</ele></trkpt>
   <trkpt lon="-4.131889" lat="36.916419"><ele>488.0</ele></trkpt>
   <trkpt lon="-4.131788" lat="36.916507"><ele>487.3</ele></trkpt>
   <trkpt lon="-4.131718" lat="36.916588"><ele>487.4</ele></trkpt>
   <trkpt lon="-4.131681" lat="36.916642"><ele>487.6</ele></trkpt>
   <trkpt lon="-4.131651" lat="36.916732"><ele>488.7</ele></trkpt>
   <trkpt lon="-4.131656" lat="36.916816"><ele>490.4</ele></trkpt>
   <trkpt lon="-4.131700" lat="36.917091"><ele>495.2</ele></trkpt>
   <trkpt lon="-4.131697" lat="36.917318"><ele>498.0</ele></trkpt>
   <trkpt lon="-4.131674" lat="36.917567"><ele>500.8</ele></trkpt>
   <trkpt lon="-4.131628" lat="36.917734"><ele>501.9</ele></trkpt>
   <trkpt lon="-4.131542" lat="36.917967"><ele>503.6</ele></trkpt>
   <trkpt lon="-4.131428" lat="36.918390"><ele>509.5</ele></trkpt>
   <trkpt lon="-4.131369" lat="36.918474"><ele>510.4</ele></trkpt>
   <trkpt lon="-4.131285" lat="36.918541"><ele>510.9</ele></trkpt>
   <trkpt lon="-4.131182" lat="36.918599"><ele>511.3</ele></trkpt>
   <trkpt lon="-4.130834" lat="36.918713"><ele>512.3</ele></trkpt>
   <trkpt lon="-4.130744" lat="36.918775"><ele>512.9</ele></trkpt>
   <trkpt lon="-4.130683" lat="36.918852"><ele>513.8</ele></trkpt>
   <trkpt lon="-4.130659" lat="36.918956"><ele>515.0</ele></trkpt>
   <trkpt lon="-4.130673" lat="36.919117"><ele>516.8</ele></trkpt>
   <trkpt lon="-4.130668" lat="36.919239"><ele>518.1</ele></trkpt>
   <trkpt lon="-4.130645" lat="36.919379"><ele>519.5</ele></trkpt>
   <trkpt lon="-4.130564" lat="36.919593"><ele>521.3</ele></trkpt>
   <trkpt lon="-4.130585" lat="36.919948"><ele>523.5</ele></trkpt>
   <trkpt lon="-4.130505" lat="36.920143"><ele>524.3</ele></trkpt>
   <trkpt lon="-4.130063" lat="36.920538"><ele>524.4</ele></trkpt>
   <trkpt lon="-4.129890" lat="36.920797"><ele>525.8</ele></trkpt>
   <trkpt lon="-4.129895" lat="36.921035"><ele>528.5</ele></trkpt>
   <trkpt lon="-4.129966" lat="36.921180"><ele>530.8</ele></trkpt>
   <trkpt lon="-4.130238" lat="36.921445"><ele>538.6</ele></trkpt>
   <trkpt lon="-4.130243" lat="36.921713"><ele>538.8</ele></trkpt>
   <trkpt lon="-4.130226" lat="36.922074"><ele>540.3</ele></trkpt>
   <trkpt lon="-4.130373" lat="36.922866"><ele>547.5</ele></trkpt>
   <trkpt lon="-4.130342" lat="36.923050"><ele>548.2</ele></trkpt>
   <trkpt lon="-4.130299" lat="36.923234"><ele>549.5</ele></trkpt>
   <trkpt lon="-4.130315" lat="36.923552"><ele>553.4</ele></trkpt>
   <trkpt lon="-4.130268" lat="36.923722"><ele>554.7</ele></trkpt>
   <trkpt lon="-4.129235" lat="36.925398"><ele>567.2</ele></trkpt>
   <trkpt lon="-4.128802" lat="36.926164"><ele>573.7</ele></trkpt>
   <trkpt lon="-4.128629" lat="36.926614"><ele>580.1</ele></trkpt>
   <trkpt lon="-4.128543" lat="36.926864"><ele>582.7</ele></trkpt>
   <trkpt lon="-4.128225" lat="36.927276"><ele>579.8</ele></trkpt>
   <trkpt lon="-4.128304" lat="36.927456"><ele>582.8</ele></trkpt>
   <trkpt lon="-4.128455" lat="36.927525"><ele>587.5</ele></trkpt>
   <trkpt lon="-4.128653" lat="36.927531"><ele>591.5</ele></trkpt>
   <trkpt lon="-4.128883" lat="36.927426"><ele>593.9</ele></trkpt>
   <trkpt lon="-4.129442" lat="36.926692"><ele>596.4</ele></trkpt>
   <trkpt lon="-4.129559" lat="36.926305"><ele>592.0</ele></trkpt>
   <trkpt lon="-4.129678" lat="36.926173"><ele>591.0</ele></trkpt>
   <trkpt lon="-4.130247" lat="36.926083"><ele>598.6</ele></trkpt>
   <trkpt lon="-4.130843" lat="36.925829"><ele>600.8</ele></trkpt>
   <trkpt lon="-4.131442" lat="36.925625"><ele>602.3</ele></trkpt>
   <trkpt lon="-4.131673" lat="36.925628"><ele>605.6</ele></trkpt>
   <trkpt lon="-4.131875" lat="36.925724"><ele>610.9</ele></trkpt>
   <trkpt lon="-4.131967" lat="36.925897"><ele>615.2</ele></trkpt>
   <trkpt lon="-4.131916" lat="36.926017"><ele>618.0</ele></trkpt>
   <trkpt lon="-4.131702" lat="36.926112"><ele>619.6</ele></trkpt>
   <trkpt lon="-4.131212" lat="36.926070"><ele>613.8</ele></trkpt>
   <trkpt lon="-4.130958" lat="36.926172"><ele>614.6</ele></trkpt>
   <trkpt lon="-4.130689" lat="36.926365"><ele>617.5</ele></trkpt>
   <trkpt lon="-4.130591" lat="36.926527"><ele>620.1</ele></trkpt>
   <trkpt lon="-4.130516" lat="36.927173"><ele>626.0</ele></trkpt>
   <trkpt lon="-4.130595" lat="36.928039"><ele>635.3</ele></trkpt>
   <trkpt lon="-4.130615" lat="36.928752"><ele>638.1</ele></trkpt>
   <trkpt lon="-4.130552" lat="36.929027"><ele>640.3</ele></trkpt>
   <trkpt lon="-4.130140" lat="36.929802"><ele>643.5</ele></trkpt>
   <trkpt lon="-4.130035" lat="36.930263"><ele>646.0</ele></trkpt>
   <trkpt lon="-4.130126" lat="36.930595"><ele>653.1</ele></trkpt>
   <trkpt lon="-4.130233" lat="36.930916"><ele>657.3</ele></trkpt>
   <trkpt lon="-4.130166" lat="36.931125"><ele>656.2</ele></trkpt>
   <trkpt lon="-4.130038" lat="36.931389"><ele>655.6</ele></trkpt>
   <trkpt lon="-4.130033" lat="36.931511"><ele>656.9</ele></trkpt>
   <trkpt lon="-4.130020" lat="36.931878"><ele>660.1</ele></trkpt>
   <trkpt lon="-4.129594" lat="36.932993"><ele>661.4</ele></trkpt>
   <trkpt lon="-4.129529" lat="36.933661"><ele>663.4</ele></trkpt>
   <trkpt lon="-4.129594" lat="36.934351"><ele>669.6</ele></trkpt>
   <trkpt lon="-4.129835" lat="36.935218"><ele>681.7</ele></trkpt>
   <trkpt lon="-4.129958" lat="36.935790"><ele>684.3</ele></trkpt>
   <trkpt lon="-4.130000" lat="36.936137"><ele>684.8</ele></trkpt>
   <trkpt lon="-4.129896" lat="36.936583"><ele>685.3</ele></trkpt>
   <trkpt lon="-4.129575" lat="36.937244"><ele>689.6</ele></trkpt>
   <trkpt lon="-4.129565" lat="36.937403"><ele>693.4</ele></trkpt>
   <trkpt lon="-4.129615" lat="36.937529"><ele>697.4</ele></trkpt>
   <trkpt lon="-4.129874" lat="36.937659"><ele>705.4</ele></trkpt>
   <trkpt lon="-4.130181" lat="36.937653"><ele>709.9</ele></trkpt>
   <trkpt lon="-4.130659" lat="36.937580"><ele>715.6</ele></trkpt>
   <trkpt lon="-4.130868" lat="36.937637"><ele>717.0</ele></trkpt>
   <trkpt lon="-4.131005" lat="36.937832"><ele>716.4</ele></trkpt>
   <trkpt lon="-4.130772" lat="36.938662"><ele>713.1</ele></trkpt>
   <trkpt lon="-4.130787" lat="36.938864"><ele>714.8</ele></trkpt>
   <trkpt lon="-4.130904" lat="36.939011"><ele>717.7</ele></trkpt>
   <trkpt lon="-4.131159" lat="36.939332"><ele>722.2</ele></trkpt>
   <trkpt lon="-4.131304" lat="36.939390"><ele>723.5</ele></trkpt>
   <trkpt lon="-4.131380" lat="36.939392"><ele>724.1</ele></trkpt>
   <trkpt lon="-4.131489" lat="36.939313"><ele>725.4</ele></trkpt>
   <trkpt lon="-4.131545" lat="36.938959"><ele>726.3</ele></trkpt>
   <trkpt lon="-4.131670" lat="36.938690"><ele>726.7</ele></trkpt>
   <trkpt lon="-4.132101" lat="36.938265"><ele>730.7</ele></trkpt>
   <trkpt lon="-4.132412" lat="36.938070"><ele>734.1</ele></trkpt>
   <trkpt lon="-4.132501" lat="36.937976"><ele>735.3</ele></trkpt>
   <trkpt lon="-4.132537" lat="36.937869"><ele>736.4</ele></trkpt>
   <trkpt lon="-4.132511" lat="36.937459"><ele>743.0</ele></trkpt>
   <trkpt lon="-4.132617" lat="36.937350"><ele>747.7</ele></trkpt>
   <trkpt lon="-4.132697" lat="36.937337"><ele>749.6</ele></trkpt>
   <trkpt lon="-4.132870" lat="36.937368"><ele>751.8</ele></trkpt>
   <trkpt lon="-4.133611" lat="36.937936"><ele>751.9</ele></trkpt>
   <trkpt lon="-4.133677" lat="36.938143"><ele>751.8</ele></trkpt>
   <trkpt lon="-4.133624" lat="36.938405"><ele>750.9</ele></trkpt>
   <trkpt lon="-4.133539" lat="36.938517"><ele>751.0</ele></trkpt>
   <trkpt lon="-4.133206" lat="36.938854"><ele>751.0</ele></trkpt>
   <trkpt lon="-4.133188" lat="36.939072"><ele>753.5</ele></trkpt>
   <trkpt lon="-4.133289" lat="36.939199"><ele>757.1</ele></trkpt>
   <trkpt lon="-4.133489" lat="36.939293"><ele>761.2</ele></trkpt>
   <trkpt lon="-4.133696" lat="36.939285"><ele>763.1</ele></trkpt>
   <trkpt lon="-4.133918" lat="36.939179"><ele>764.1</ele></trkpt>
   <trkpt lon="-4.134120" lat="36.939024"><ele>764.7</ele></trkpt>
   <trkpt lon="-4.134798" lat="36.938248"><ele>771.5</ele></trkpt>
   <trkpt lon="-4.134873" lat="36.938106"><ele>774.0</ele></trkpt>
   <trkpt lon="-4.134926" lat="36.937513"><ele>784.2</ele></trkpt>
   <trkpt lon="-4.135005" lat="36.937387"><ele>787.4</ele></trkpt>
   <trkpt lon="-4.135120" lat="36.937302"><ele>790.3</ele></trkpt>
   <trkpt lon="-4.135269" lat="36.937266"><ele>792.0</ele></trkpt>
   <trkpt lon="-4.135631" lat="36.937284"><ele>792.6</ele></trkpt>
   <trkpt lon="-4.135897" lat="36.937343"><ele>792.8</ele></trkpt>
   <trkpt lon="-4.136052" lat="36.937432"><ele>793.0</ele></trkpt>
   <trkpt lon="-4.136145" lat="36.937555"><ele>792.1</ele></trkpt>
   <trkpt lon="-4.136487" lat="36.938423"><ele>795.1</ele></trkpt>
   <trkpt lon="-4.136489" lat="36.938583"><ele>796.0</ele></trkpt>
   <trkpt lon="-4.136425" lat="36.938794"><ele>796.6</ele></trkpt>
   <trkpt lon="-4.136352" lat="36.938941"><ele>796.7</ele></trkpt>
   <trkpt lon="-4.136193" lat="36.939134"><ele>796.8</ele></trkpt>
   <trkpt lon="-4.136042" lat="36.939232"><ele>796.8</ele></trkpt>
   <trkpt lon="-4.135057" lat="36.939652"><ele>792.8</ele></trkpt>
   <trkpt lon="-4.134713" lat="36.939850"><ele>789.2</ele></trkpt>
   <trkpt lon="-4.134569" lat="36.940028"><ele>792.0</ele></trkpt>
   <trkpt lon="-4.134367" lat="36.940150"><ele>796.6</ele></trkpt>
   <trkpt lon="-4.133521" lat="36.940242"><ele>796.5</ele></trkpt>
   <trkpt lon="-4.133291" lat="36.940369"><ele>794.1</ele></trkpt>
   <trkpt lon="-4.132970" lat="36.940787"><ele>796.3</ele></trkpt>
   <trkpt lon="-4.132632" lat="36.941471"><ele>806.3</ele></trkpt>
   <trkpt lon="-4.132515" lat="36.941610"><ele>808.9</ele></trkpt>
   <trkpt lon="-4.131820" lat="36.942022"><ele>810.6</ele></trkpt>
   <trkpt lon="-4.131583" lat="36.942284"><ele>809.7</ele></trkpt>
   <trkpt lon="-4.131421" lat="36.942667"><ele>812.3</ele></trkpt>
   <trkpt lon="-4.131349" lat="36.943040"><ele>817.1</ele></trkpt>
   <trkpt lon="-4.131394" lat="36.943273"><ele>822.7</ele></trkpt>
   <trkpt lon="-4.131542" lat="36.943446"><ele>829.9</ele></trkpt>
   <trkpt lon="-4.132078" lat="36.943631"><ele>843.5</ele></trkpt>
   <trkpt lon="-4.132204" lat="36.943779"><ele>842.8</ele></trkpt>
   <trkpt lon="-4.132235" lat="36.943958"><ele>841.0</ele></trkpt>
   <trkpt lon="-4.132202" lat="36.944207"><ele>838.9</ele></trkpt>
   <trkpt lon="-4.132278" lat="36.944527"><ele>841.2</ele></trkpt>
   <trkpt lon="-4.132250" lat="36.944633"><ele>841.5</ele></trkpt>
   <trkpt lon="-4.131822" lat="36.945071"><ele>841.6</ele></trkpt>
   <trkpt lon="-4.131378" lat="36.945257"><ele>840.3</ele></trkpt>
   <trkpt lon="-4.129885" lat="36.947213"><ele>854.7</ele></trkpt>
   <trkpt lon="-4.129790" lat="36.947303"><ele>855.5</ele></trkpt>
   <trkpt lon="-4.129679" lat="36.947396"><ele>856.3</ele></trkpt>
   <trkpt lon="-4.129544" lat="36.947480"><ele>856.6</ele></trkpt>
   <trkpt lon="-4.129357" lat="36.947559"><ele>856.2</ele></trkpt>
   <trkpt lon="-4.127853" lat="36.948022"><ele>860.7</ele></trkpt>
   <trkpt lon="-4.126892" lat="36.948437"><ele>864.0</ele></trkpt>
   <trkpt lon="-4.126359" lat="36.948774"><ele>865.5</ele></trkpt>
   <trkpt lon="-4.125281" lat="36.949663"><ele>872.9</ele></trkpt>
   <trkpt lon="-4.124674" lat="36.950421"><ele>881.4</ele></trkpt>
   <trkpt lon="-4.124055" lat="36.951450"><ele>900.9</ele></trkpt>
   <trkpt lon="-4.123658" lat="36.951825"><ele>913.2</ele></trkpt>
   <trkpt lon="-4.123554" lat="36.952003"><ele>918.3</ele></trkpt>
   <trkpt lon="-4.123404" lat="36.952342"><ele>922.3</ele></trkpt>
   <trkpt lon="-4.123349" lat="36.952469"><ele>921.9</ele></trkpt>
   <trkpt lon="-4.123335" lat="36.952502"><ele>921.6</ele></trkpt>
   <trkpt lon="-4.123230" lat="36.952746"><ele>919.5</ele></trkpt>
   <trkpt lon="-4.123058" lat="36.953043"><ele>916.6</ele></trkpt>
   <trkpt lon="-4.122724" lat="36.953735"><ele>910.2</ele></trkpt>
   <trkpt lon="-4.122504" lat="36.954395"><ele>907.3</ele></trkpt>
   <trkpt lon="-4.122478" lat="36.954473"><ele>907.1</ele></trkpt>
   <trkpt lon="-4.122641" lat="36.954508"><ele>906.9</ele></trkpt>
   <trkpt lon="-4.122700" lat="36.954560"><ele>907.1</ele></trkpt>
   <trkpt lon="-4.122828" lat="36.954712"><ele>907.4</ele></trkpt>
   <trkpt lon="-4.123079" lat="36.955165"><ele>907.5</ele></trkpt>
   <trkpt lon="-4.123919" lat="36.955931"><ele>910.0</ele></trkpt>
   <trkpt lon="-4.124229" lat="36.956333"><ele>908.2</ele></trkpt>
   <trkpt lon="-4.124274" lat="36.956436"><ele>907.0</ele></trkpt>
   <trkpt lon="-4.124458" lat="36.956553"><ele>907.7</ele></trkpt>
   <trkpt lon="-4.125161" lat="36.956965"><ele>907.3</ele></trkpt>
   <trkpt lon="-4.125959" lat="36.957462"><ele>904.9</ele></trkpt>
   <trkpt lon="-4.126282" lat="36.957663"><ele>904.3</ele></trkpt>
   <trkpt lon="-4.126627" lat="36.957895"><ele>904.2</ele></trkpt>
   <trkpt lon="-4.128270" lat="36.959179"><ele>902.0</ele></trkpt>
   <trkpt lon="-4.129530" lat="36.960173"><ele>899.1</ele></trkpt>
   <trkpt lon="-4.129929" lat="36.960498"><ele>898.6</ele></trkpt>
   <trkpt lon="-4.130466" lat="36.960914"><ele>897.9</ele></trkpt>
   <trkpt lon="-4.131395" lat="36.961664"><ele>896.8</ele></trkpt>
   <trkpt lon="-4.131970" lat="36.962128"><ele>896.0</ele></trkpt>
   <trkpt lon="-4.132827" lat="36.962819"><ele>896.0</ele></trkpt>
   <trkpt lon="-4.136225" lat="36.965513"><ele>894.0</ele></trkpt>
   <trkpt lon="-4.139208" lat="36.967892"><ele>893.0</ele></trkpt>
   <trkpt lon="-4.139431" lat="36.968160"><ele>893.0</ele></trkpt>
   <trkpt lon="-4.139857" lat="36.968831"><ele>892.4</ele></trkpt>
   <trkpt lon="-4.140312" lat="36.969612"><ele>892.0</ele></trkpt>
   <trkpt lon="-4.140352" lat="36.969709"><ele>892.0</ele></trkpt>
   <trkpt lon="-4.140563" lat="36.970371"><ele>892.0</ele></trkpt>
   <trkpt lon="-4.140993" lat="36.971931"><ele>892.0</ele></trkpt>
   <trkpt lon="-4.141148" lat="36.972451"><ele>892.0</ele></trkpt>
   <trkpt lon="-4.141193" lat="36.972606"><ele>892.3</ele></trkpt>
   <trkpt lon="-4.141215" lat="36.972679"><ele>892.5</ele></trkpt>
   <trkpt lon="-4.141358" lat="36.972984"><ele>893.0</ele></trkpt>
   <trkpt lon="-4.141449" lat="36.973097"><ele>893.0</ele></trkpt>
   <trkpt lon="-4.141684" lat="36.973306"><ele>893.0</ele></trkpt>
   <trkpt lon="-4.141757" lat="36.973320"><ele>893.2</ele></trkpt>
   <trkpt lon="-4.141749" lat="36.973501"><ele>893.2</ele></trkpt>
   <trkpt lon="-4.142117" lat="36.973715"><ele>895.0</ele></trkpt>
   <trkpt lon="-4.142472" lat="36.974156"><ele>895.1</ele></trkpt>
   <trkpt lon="-4.142925" lat="36.974614"><ele>895.1</ele></trkpt>
   <trkpt lon="-4.143091" lat="36.974784"><ele>895.0</ele></trkpt>
   <trkpt lon="-4.143613" lat="36.975090"><ele>894.7</ele></trkpt>
   <trkpt lon="-4.143615" lat="36.975458"><ele>892.3</ele></trkpt>
   <trkpt lon="-4.143615" lat="36.975603"><ele>892.0</ele></trkpt>
   <trkpt lon="-4.143662" lat="36.975744"><ele>891.9</ele></trkpt>
   <trkpt lon="-4.143875" lat="36.975885"><ele>892.0</ele></trkpt>
   <trkpt lon="-4.144144" lat="36.976077"><ele>891.6</ele></trkpt>
   <trkpt lon="-4.144361" lat="36.976225"><ele>891.8</ele></trkpt>
   <trkpt lon="-4.144701" lat="36.976458"><ele>892.1</ele></trkpt>
   <trkpt lon="-4.145061" lat="36.976720"><ele>892.4</ele></trkpt>
   <trkpt lon="-4.145627" lat="36.977107"><ele>891.5</ele></trkpt>
   <trkpt lon="-4.146544" lat="36.977663"><ele>891.0</ele></trkpt>
   <trkpt lon="-4.147611" lat="36.978254"><ele>891.4</ele></trkpt>
   <trkpt lon="-4.149089" lat="36.978870"><ele>891.9</ele></trkpt>
   <trkpt lon="-4.150416" lat="36.979510"><ele>890.5</ele></trkpt>
   <trkpt lon="-4.150739" lat="36.979695"><ele>890.0</ele></trkpt>
   <trkpt lon="-4.151219" lat="36.980006"><ele>890.0</ele></trkpt>
   <trkpt lon="-4.152111" lat="36.980895"><ele>890.2</ele></trkpt>
   <trkpt lon="-4.152776" lat="36.981493"><ele>890.8</ele></trkpt>
   <trkpt lon="-4.153034" lat="36.981655"><ele>891.0</ele></trkpt>
   <trkpt lon="-4.153165" lat="36.981737"><ele>890.9</ele></trkpt>
   <trkpt lon="-4.154772" lat="36.982165"><ele>891.7</ele></trkpt>
   <trkpt lon="-4.155246" lat="36.982434"><ele>890.9</ele></trkpt>
   <trkpt lon="-4.155162" lat="36.982545"><ele>890.6</ele></trkpt>
   <trkpt lon="-4.154933" lat="36.983387"><ele>889.7</ele></trkpt>
   <trkpt lon="-4.154134" lat="36.984105"><ele>889.4</ele></trkpt>
   <trkpt lon="-4.154045" lat="36.984284"><ele>889.6</ele></trkpt>
   <trkpt lon="-4.154018" lat="36.984686"><ele>889.3</ele></trkpt>
   <trkpt lon="-4.153852" lat="36.985575"><ele>889.0</ele></trkpt>
   <trkpt lon="-4.153594" lat="36.985832"><ele>889.0</ele></trkpt>
   <trkpt lon="-4.153641" lat="36.986175"><ele>889.0</ele></trkpt>
   <trkpt lon="-4.153510" lat="36.986343"><ele>889.0</ele></trkpt>
   <trkpt lon="-4.153344" lat="36.986497"><ele>889.0</ele></trkpt>
   <trkpt lon="-4.153309" lat="36.986663"><ele>888.5</ele></trkpt>
   <trkpt lon="-4.153370" lat="36.986810"><ele>888.1</ele></trkpt>
   <trkpt lon="-4.153507" lat="36.986943"><ele>888.0</ele></trkpt>
   <trkpt lon="-4.153507" lat="36.987116"><ele>888.0</ele></trkpt>
   <trkpt lon="-4.153257" lat="36.987577"><ele>889.0</ele></trkpt>
   <trkpt lon="-4.153201" lat="36.987861"><ele>889.0</ele></trkpt>
   <trkpt lon="-4.153220" lat="36.988398"><ele>889.0</ele></trkpt>
   <trkpt lon="-4.153159" lat="36.989651"><ele>886.2</ele></trkpt>
   <trkpt lon="-4.153284" lat="36.989531"><ele>886.1</ele></trkpt>
   <trkpt lon="-4.154912" lat="36.988785"><ele>888.3</ele></trkpt>
   <trkpt lon="-4.155067" lat="36.988622"><ele>888.8</ele></trkpt>
   <trkpt lon="-4.155225" lat="36.988509"><ele>889.1</ele></trkpt>
   <trkpt lon="-4.155425" lat="36.988409"><ele>889.4</ele></trkpt>
   <trkpt lon="-4.155825" lat="36.988240"><ele>889.9</ele></trkpt>
   <trkpt lon="-4.156367" lat="36.988084"><ele>890.0</ele></trkpt>
   <trkpt lon="-4.156565" lat="36.988053"><ele>890.0</ele></trkpt>
   <trkpt lon="-4.157054" lat="36.988048"><ele>890.0</ele></trkpt>
   <trkpt lon="-4.157495" lat="36.988006"><ele>890.0</ele></trkpt>
   <trkpt lon="-4.158673" lat="36.987840"><ele>891.0</ele></trkpt>
   <trkpt lon="-4.158601" lat="36.989086"><ele>891.0</ele></trkpt>
   <trkpt lon="-4.158502" lat="36.989526"><ele>890.3</ele></trkpt>
   <trkpt lon="-4.158551" lat="36.990006"><ele>889.8</ele></trkpt>
   <trkpt lon="-4.158679" lat="36.990082"><ele>889.8</ele></trkpt>
   <trkpt lon="-4.159300" lat="36.990108"><ele>890.7</ele></trkpt>
   <trkpt lon="-4.159950" lat="36.990208"><ele>891.1</ele></trkpt>
   <trkpt lon="-4.159300" lat="36.990108"><ele>890.7</ele></trkpt>
   <trkpt lon="-4.158679" lat="36.990082"><ele>889.8</ele></trkpt>
   <trkpt lon="-4.158551" lat="36.990006"><ele>889.8</ele></trkpt>
   <trkpt lon="-4.158502" lat="36.989526"><ele>890.3</ele></trkpt>
   <trkpt lon="-4.158601" lat="36.989086"><ele>891.0</ele></trkpt>
   <trkpt lon="-4.158673" lat="36.987840"><ele>891.0</ele></trkpt>
   <trkpt lon="-4.158932" lat="36.987804"><ele>891.2</ele></trkpt>
   <trkpt lon="-4.159812" lat="36.987759"><ele>892.3</ele></trkpt>
   <trkpt lon="-4.160399" lat="36.987668"><ele>892.0</ele></trkpt>
   <trkpt lon="-4.160734" lat="36.987690"><ele>892.0</ele></trkpt>
   <trkpt lon="-4.161811" lat="36.987733"><ele>893.0</ele></trkpt>
   <trkpt lon="-4.162402" lat="36.987767"><ele>894.0</ele></trkpt>
   <trkpt lon="-4.162717" lat="36.987881"><ele>894.5</ele></trkpt>
   <trkpt lon="-4.163084" lat="36.987937"><ele>895.1</ele></trkpt>
   <trkpt lon="-4.163533" lat="36.987890"><ele>896.0</ele></trkpt>
   <trkpt lon="-4.164331" lat="36.987841"><ele>899.7</ele></trkpt>
   <trkpt lon="-4.165051" lat="36.987980"><ele>903.9</ele></trkpt>
   <trkpt lon="-4.165390" lat="36.987980"><ele>905.4</ele></trkpt>
   <trkpt lon="-4.165629" lat="36.987862"><ele>907.0</ele></trkpt>
   <trkpt lon="-4.165693" lat="36.987774"><ele>908.5</ele></trkpt>
   <trkpt lon="-4.166151" lat="36.987652"><ele>910.5</ele></trkpt>
   <trkpt lon="-4.166565" lat="36.987325"><ele>912.1</ele></trkpt>
   <trkpt lon="-4.166866" lat="36.987262"><ele>911.6</ele></trkpt>
   <trkpt lon="-4.167501" lat="36.986991"><ele>912.8</ele></trkpt>
   <trkpt lon="-4.167974" lat="36.986684"><ele>913.5</ele></trkpt>
   <trkpt lon="-4.168496" lat="36.986507"><ele>916.4</ele></trkpt>
   <trkpt lon="-4.168667" lat="36.986510"><ele>917.9</ele></trkpt>
   <trkpt lon="-4.168790" lat="36.986763"><ele>920.5</ele></trkpt>
   <trkpt lon="-4.168939" lat="36.986883"><ele>922.6</ele></trkpt>
   <trkpt lon="-4.169309" lat="36.986976"><ele>926.2</ele></trkpt>
   <trkpt lon="-4.169499" lat="36.987110"><ele>928.3</ele></trkpt>
   <trkpt lon="-4.169519" lat="36.987288"><ele>930.5</ele></trkpt>
   <trkpt lon="-4.169479" lat="36.987531"><ele>933.8</ele></trkpt>
   <trkpt lon="-4.169588" lat="36.987763"><ele>936.2</ele></trkpt>
   <trkpt lon="-4.169811" lat="36.988014"><ele>938.6</ele></trkpt>
   <trkpt lon="-4.170184" lat="36.988127"><ele>938.2</ele></trkpt>
   <trkpt lon="-4.170815" lat="36.988573"><ele>944.0</ele></trkpt>
   <trkpt lon="-4.171391" lat="36.988885"><ele>947.2</ele></trkpt>
   <trkpt lon="-4.172145" lat="36.989430"><ele>954.9</ele></trkpt>
   <trkpt lon="-4.172281" lat="36.989657"><ele>958.5</ele></trkpt>
   <trkpt lon="-4.172371" lat="36.989783"><ele>959.6</ele></trkpt>
   <trkpt lon="-4.172424" lat="36.989839"><ele>959.9</ele></trkpt>
   <trkpt lon="-4.172600" lat="36.989946"><ele>960.0</ele></trkpt>
   <trkpt lon="-4.173649" lat="36.990376"><ele>966.0</ele></trkpt>
   <trkpt lon="-4.174234" lat="36.990517"><ele>968.9</ele></trkpt>
   <trkpt lon="-4.175028" lat="36.990497"><ele>970.8</ele></trkpt>
   <trkpt lon="-4.175706" lat="36.990490"><ele>975.0</ele></trkpt>
   <trkpt lon="-4.176366" lat="36.990275"><ele>977.1</ele></trkpt>
   <trkpt lon="-4.176687" lat="36.990114"><ele>978.6</ele></trkpt>
   <trkpt lon="-4.177050" lat="36.989819"><ele>978.9</ele></trkpt>
   <trkpt lon="-4.177896" lat="36.989513"><ele>985.6</ele></trkpt>
   <trkpt lon="-4.180197" lat="36.989094"><ele>1003.6</ele></trkpt>
   <trkpt lon="-4.180452" lat="36.989061"><ele>1005.0</ele></trkpt>
   <trkpt lon="-4.180698" lat="36.989074"><ele>1007.4</ele></trkpt>
   <trkpt lon="-4.180940" lat="36.989185"><ele>1011.1</ele></trkpt>
   <trkpt lon="-4.181057" lat="36.989239"><ele>1012.5</ele></trkpt>
   <trkpt lon="-4.181366" lat="36.989327"><ele>1015.2</ele></trkpt>
   <trkpt lon="-4.181615" lat="36.989297"><ele>1015.1</ele></trkpt>
   <trkpt lon="-4.182091" lat="36.988758"><ele>1012.5</ele></trkpt>
   <trkpt lon="-4.182481" lat="36.988555"><ele>1014.8</ele></trkpt>
   <trkpt lon="-4.183471" lat="36.988200"><ele>1024.9</ele></trkpt>
   <trkpt lon="-4.184421" lat="36.987890"><ele>1032.8</ele></trkpt>
   <trkpt lon="-4.185745" lat="36.987352"><ele>1035.4</ele></trkpt>
   <trkpt lon="-4.186065" lat="36.987315"><ele>1038.5</ele></trkpt>
   <trkpt lon="-4.187132" lat="36.987310"><ele>1045.7</ele></trkpt>
   <trkpt lon="-4.187592" lat="36.987388"><ele>1051.8</ele></trkpt>
   <trkpt lon="-4.187985" lat="36.987420"><ele>1056.0</ele></trkpt>
   <trkpt lon="-4.188244" lat="36.987474"><ele>1059.4</ele></trkpt>
   <trkpt lon="-4.188616" lat="36.987604"><ele>1064.3</ele></trkpt>
   <trkpt lon="-4.188825" lat="36.987754"><ele>1066.0</ele></trkpt>
   <trkpt lon="-4.188945" lat="36.987893"><ele>1066.8</ele></trkpt>
   <trkpt lon="-4.189420" lat="36.988880"><ele>1067.3</ele></trkpt>
   <trkpt lon="-4.189774" lat="36.989258"><ele>1067.6</ele></trkpt>
   <trkpt lon="-4.189916" lat="36.989488"><ele>1067.3</ele></trkpt>
   <trkpt lon="-4.189937" lat="36.989644"><ele>1066.5</ele></trkpt>
   <trkpt lon="-4.189956" lat="36.990040"><ele>1065.8</ele></trkpt>
   <trkpt lon="-4.190053" lat="36.990800"><ele>1071.2</ele></trkpt>
   <trkpt lon="-4.190230" lat="36.991274"><ele>1075.7</ele></trkpt>
   <trkpt lon="-4.189863" lat="36.992475"><ele>1083.8</ele></trkpt>
   <trkpt lon="-4.189982" lat="36.992715"><ele>1083.3</ele></trkpt>
   <trkpt lon="-4.190388" lat="36.993305"><ele>1086.8</ele></trkpt>
   <trkpt lon="-4.190996" lat="36.994044"><ele>1091.6</ele></trkpt>
   <trkpt lon="-4.191087" lat="36.994290"><ele>1094.8</ele></trkpt>
   <trkpt lon="-4.191128" lat="36.994946"><ele>1099.6</ele></trkpt>
   <trkpt lon="-4.191218" lat="36.995108"><ele>1099.7</ele></trkpt>
   <trkpt lon="-4.191261" lat="36.995162"><ele>1099.7</ele></trkpt>
   <trkpt lon="-4.191716" lat="36.995794"><ele>1102.6</ele></trkpt>
   <trkpt lon="-4.191806" lat="36.995877"><ele>1103.1</ele></trkpt>
   <trkpt lon="-4.192639" lat="36.996209"><ele>1105.1</ele></trkpt>
   <trkpt lon="-4.193104" lat="36.996633"><ele>1106.3</ele></trkpt>
   <trkpt lon="-4.193240" lat="36.996917"><ele>1106.1</ele></trkpt>
   <trkpt lon="-4.193449" lat="36.997056"><ele>1107.9</ele></trkpt>
   <trkpt lon="-4.193599" lat="36.997245"><ele>1108.5</ele></trkpt>
   <trkpt lon="-4.193758" lat="36.997812"><ele>1109.1</ele></trkpt>
   <trkpt lon="-4.193927" lat="36.998073"><ele>1111.8</ele></trkpt>
   <trkpt lon="-4.194215" lat="36.998185"><ele>1113.9</ele></trkpt>
   <trkpt lon="-4.194728" lat="36.998339"><ele>1115.0</ele></trkpt>
   <trkpt lon="-4.195121" lat="36.998515"><ele>1112.9</ele></trkpt>
   <trkpt lon="-4.195673" lat="36.998838"><ele>1109.8</ele></trkpt>
   <trkpt lon="-4.196172" lat="36.999147"><ele>1108.4</ele></trkpt>
   <trkpt lon="-4.196312" lat="36.999219"><ele>1108.4</ele></trkpt>
   <trkpt lon="-4.196538" lat="36.999266"><ele>1108.5</ele></trkpt>
   <trkpt lon="-4.197813" lat="36.999338"><ele>1105.6</ele></trkpt>
   <trkpt lon="-4.198591" lat="36.999471"><ele>1103.4</ele></trkpt>
   <trkpt lon="-4.200206" lat="37.000011"><ele>1096.9</ele></trkpt>
   <trkpt lon="-4.200377" lat="37.000069"><ele>1096.8</ele></trkpt>
   <trkpt lon="-4.201503" lat="37.000293"><ele>1095.0</ele></trkpt>
   <trkpt lon="-4.202478" lat="37.000487"><ele>1094.0</ele></trkpt>
   <trkpt lon="-4.205262" lat="37.001876"><ele>1093.2</ele></trkpt>
   <trkpt lon="-4.205737" lat="37.001991"><ele>1093.3</ele></trkpt>
   <trkpt lon="-4.207772" lat="37.002450"><ele>1092.6</ele></trkpt>
   <trkpt lon="-4.209773" lat="37.002816"><ele>1088.1</ele></trkpt>
   <trkpt lon="-4.210211" lat="37.003049"><ele>1089.0</ele></trkpt>
   <trkpt lon="-4.210650" lat="37.003282"><ele>1088.8</ele></trkpt>
   <trkpt lon="-4.212037" lat="37.004446"><ele>1089.6</ele></trkpt>
   <trkpt lon="-4.213368" lat="37.005428"><ele>1089.5</ele></trkpt>
   <trkpt lon="-4.216055" lat="37.006494"><ele>1089.2</ele></trkpt>
   <trkpt lon="-4.217572" lat="37.007110"><ele>1089.4</ele></trkpt>
   <trkpt lon="-4.218183" lat="37.007349"><ele>1090.0</ele></trkpt>
   <trkpt lon="-4.218281" lat="37.007387"><ele>1090.3</ele></trkpt>
   <trkpt lon="-4.218692" lat="37.007552"><ele>1091.7</ele></trkpt>
   <trkpt lon="-4.219230" lat="37.007920"><ele>1092.9</ele></trkpt>
   <trkpt lon="-4.219717" lat="37.008425"><ele>1092.4</ele></trkpt>
   <trkpt lon="-4.221321" lat="37.010007"><ele>1091.5</ele></trkpt>
   <trkpt lon="-4.221649" lat="37.010122"><ele>1091.8</ele></trkpt>
   <trkpt lon="-4.222147" lat="37.010139"><ele>1092.7</ele></trkpt>
   <trkpt lon="-4.223020" lat="37.010041"><ele>1094.5</ele></trkpt>
   <trkpt lon="-4.223239" lat="37.010045"><ele>1096.4</ele></trkpt>
   <trkpt lon="-4.223452" lat="37.010049"><ele>1097.4</ele></trkpt>
   <trkpt lon="-4.223957" lat="37.010289"><ele>1098.5</ele></trkpt>
   <trkpt lon="-4.224226" lat="37.010588"><ele>1097.9</ele></trkpt>
   <trkpt lon="-4.224433" lat="37.010884"><ele>1097.3</ele></trkpt>
   <trkpt lon="-4.224590" lat="37.011471"><ele>1097.1</ele></trkpt>
   <trkpt lon="-4.224710" lat="37.011728"><ele>1095.3</ele></trkpt>
   <trkpt lon="-4.224764" lat="37.011805"><ele>1094.3</ele></trkpt>
   <trkpt lon="-4.225214" lat="37.012247"><ele>1088.5</ele></trkpt>
   <trkpt lon="-4.225593" lat="37.012513"><ele>1084.3</ele></trkpt>
   <trkpt lon="-4.225877" lat="37.012713"><ele>1082.8</ele></trkpt>
   <trkpt lon="-4.226775" lat="37.013419"><ele>1082.8</ele></trkpt>
   <trkpt lon="-4.227886" lat="37.016313"><ele>1063.0</ele></trkpt>
   <trkpt lon="-4.228291" lat="37.017427"><ele>1060.6</ele></trkpt>
   <trkpt lon="-4.230457" lat="37.016355"><ele>1057.1</ele></trkpt>
   <trkpt lon="-4.230831" lat="37.016141"><ele>1058.0</ele></trkpt>
   <trkpt lon="-4.231363" lat="37.015617"><ele>1053.5</ele></trkpt>
   <trkpt lon="-4.231525" lat="37.014739"><ele>1047.5</ele></trkpt>
   <trkpt lon="-4.231994" lat="37.013643"><ele>1025.5</ele></trkpt>
   <trkpt lon="-4.231987" lat="37.013229"><ele>1019.8</ele></trkpt>
   <trkpt lon="-4.231763" lat="37.012645"><ele>1014.5</ele></trkpt>
   <trkpt lon="-4.231219" lat="37.011669"><ele>1007.5</ele></trkpt>
   <trkpt lon="-4.231159" lat="37.011415"><ele>1005.9</ele></trkpt>
   <trkpt lon="-4.231138" lat="37.011189"><ele>1006.1</ele></trkpt>
   <trkpt lon="-4.231310" lat="37.010904"><ele>1005.4</ele></trkpt>
   <trkpt lon="-4.231631" lat="37.010790"><ele>1000.7</ele></trkpt>
   <trkpt lon="-4.232206" lat="37.010197"><ele>984.5</ele></trkpt>
   <trkpt lon="-4.233024" lat="37.008811"><ele>970.4</ele></trkpt>
   <trkpt lon="-4.233068" lat="37.008182"><ele>972.7</ele></trkpt>
   <trkpt lon="-4.233121" lat="37.008155"><ele>972.5</ele></trkpt>
   <trkpt lon="-4.233338" lat="37.008131"><ele>970.4</ele></trkpt>
   <trkpt lon="-4.233880" lat="37.007936"><ele>965.0</ele></trkpt>
   <trkpt lon="-4.234273" lat="37.007715"><ele>959.9</ele></trkpt>
   <trkpt lon="-4.235028" lat="37.007035"><ele>949.4</ele></trkpt>
   <trkpt lon="-4.235547" lat="37.006507"><ele>947.0</ele></trkpt>
   <trkpt lon="-4.235834" lat="37.005918"><ele>943.0</ele></trkpt>
   <trkpt lon="-4.236115" lat="37.005744"><ele>938.1</ele></trkpt>
   <trkpt lon="-4.236608" lat="37.005599"><ele>932.0</ele></trkpt>
   <trkpt lon="-4.236896" lat="37.005445"><ele>928.2</ele></trkpt>
   <trkpt lon="-4.237601" lat="37.004752"><ele>917.7</ele></trkpt>
   <trkpt lon="-4.237789" lat="37.004597"><ele>916.1</ele></trkpt>
   <trkpt lon="-4.238538" lat="37.004422"><ele>912.1</ele></trkpt>
   <trkpt lon="-4.239125" lat="37.003999"><ele>908.9</ele></trkpt>
   <trkpt lon="-4.239312" lat="37.003630"><ele>908.2</ele></trkpt>
   <trkpt lon="-4.240087" lat="37.002832"><ele>905.8</ele></trkpt>
   <trkpt lon="-4.240274" lat="37.002737"><ele>905.3</ele></trkpt>
   <trkpt lon="-4.241435" lat="37.002592"><ele>903.7</ele></trkpt>
   <trkpt lon="-4.243346" lat="37.001914"><ele>901.3</ele></trkpt>
   <trkpt lon="-4.245469" lat="37.001465"><ele>899.9</ele></trkpt>
   <trkpt lon="-4.246194" lat="37.001111"><ele>899.2</ele></trkpt>
   <trkpt lon="-4.250310" lat="37.000176"><ele>891.1</ele></trkpt>
   <trkpt lon="-4.254980" lat="36.999116"><ele>890.0</ele></trkpt>
   <trkpt lon="-4.255192" lat="36.998887"><ele>890.1</ele></trkpt>
   <trkpt lon="-4.255336" lat="36.998064"><ele>888.0</ele></trkpt>
   <trkpt lon="-4.255660" lat="36.997665"><ele>887.4</ele></trkpt>
   <trkpt lon="-4.256374" lat="36.997075"><ele>885.0</ele></trkpt>
   <trkpt lon="-4.257046" lat="36.996710"><ele>885.0</ele></trkpt>
   <trkpt lon="-4.257230" lat="36.996330"><ele>885.0</ele></trkpt>
   <trkpt lon="-4.257528" lat="36.996192"><ele>885.0</ele></trkpt>
   <trkpt lon="-4.258022" lat="36.996001"><ele>884.3</ele></trkpt>
   <trkpt lon="-4.258209" lat="36.995975"><ele>884.2</ele></trkpt>
   <trkpt lon="-4.258184" lat="36.995582"><ele>883.9</ele></trkpt>
   <trkpt lon="-4.258587" lat="36.995140"><ele>883.1</ele></trkpt>
   <trkpt lon="-4.258916" lat="36.994844"><ele>883.0</ele></trkpt>
   <trkpt lon="-4.258984" lat="36.994646"><ele>883.2</ele></trkpt>
   <trkpt lon="-4.259045" lat="36.994583"><ele>883.4</ele></trkpt>
   <trkpt lon="-4.259205" lat="36.994450"><ele>883.6</ele></trkpt>
   <trkpt lon="-4.259358" lat="36.994348"><ele>883.4</ele></trkpt>
   <trkpt lon="-4.259498" lat="36.994254"><ele>883.3</ele></trkpt>
   <trkpt lon="-4.259659" lat="36.994168"><ele>883.3</ele></trkpt>
   <trkpt lon="-4.259886" lat="36.994056"><ele>883.0</ele></trkpt>
   <trkpt lon="-4.260243" lat="36.994325"><ele>883.0</ele></trkpt>
   <trkpt lon="-4.260356" lat="36.994422"><ele>883.3</ele></trkpt>
   <trkpt lon="-4.260559" lat="36.994582"><ele>883.7</ele></trkpt>
   <trkpt lon="-4.260783" lat="36.994730"><ele>883.6</ele></trkpt>
   <trkpt lon="-4.261010" lat="36.994737"><ele>882.9</ele></trkpt>
   <trkpt lon="-4.261577" lat="36.994500"><ele>884.1</ele></trkpt>
   <trkpt lon="-4.262194" lat="36.994208"><ele>883.4</ele></trkpt>
   <trkpt lon="-4.262371" lat="36.993977"><ele>883.9</ele></trkpt>
   <trkpt lon="-4.262413" lat="36.993880"><ele>884.3</ele></trkpt>
   <trkpt lon="-4.262485" lat="36.993631"><ele>885.6</ele></trkpt>
   <trkpt lon="-4.262633" lat="36.993445"><ele>882.3</ele></trkpt>
   <trkpt lon="-4.262858" lat="36.993306"><ele>883.5</ele></trkpt>
   <trkpt lon="-4.263449" lat="36.993000"><ele>883.7</ele></trkpt>
   <trkpt lon="-4.264088" lat="36.992729"><ele>881.3</ele></trkpt>
   <trkpt lon="-4.264836" lat="36.992365"><ele>876.7</ele></trkpt>
   <trkpt lon="-4.265056" lat="36.992295"><ele>875.8</ele></trkpt>
   <trkpt lon="-4.265330" lat="36.992252"><ele>876.1</ele></trkpt>
   <trkpt lon="-4.265747" lat="36.992265"><ele>875.9</ele></trkpt>
   <trkpt lon="-4.266143" lat="36.992339"><ele>876.1</ele></trkpt>
   <trkpt lon="-4.267303" lat="36.992648"><ele>873.3</ele></trkpt>
   <trkpt lon="-4.267928" lat="36.992668"><ele>872.6</ele></trkpt>
   <trkpt lon="-4.268185" lat="36.992735"><ele>873.0</ele></trkpt>
   <trkpt lon="-4.268340" lat="36.992931"><ele>873.8</ele></trkpt>
   <trkpt lon="-4.268378" lat="36.993121"><ele>875.7</ele></trkpt>
   <trkpt lon="-4.268355" lat="36.993269"><ele>878.4</ele></trkpt>
   <trkpt lon="-4.268340" lat="36.993363"><ele>880.0</ele></trkpt>
   <trkpt lon="-4.268462" lat="36.993559"><ele>877.7</ele></trkpt>
   <trkpt lon="-4.269053" lat="36.994038"><ele>866.1</ele></trkpt>
   <trkpt lon="-4.269180" lat="36.994139"><ele>865.3</ele></trkpt>
   <trkpt lon="-4.269865" lat="36.994687"><ele>861.0</ele></trkpt>
   <trkpt lon="-4.270013" lat="36.994749"><ele>861.1</ele></trkpt>
   <trkpt lon="-4.270195" lat="36.994781"><ele>861.0</ele></trkpt>
   <trkpt lon="-4.270414" lat="36.994747"><ele>860.4</ele></trkpt>
   <trkpt lon="-4.274807" lat="36.992061"><ele>857.8</ele></trkpt>
   <trkpt lon="-4.275097" lat="36.991928"><ele>858.4</ele></trkpt>
   <trkpt lon="-4.275438" lat="36.991861"><ele>861.8</ele></trkpt>
   <trkpt lon="-4.275863" lat="36.991886"><ele>866.0</ele></trkpt>
   <trkpt lon="-4.276295" lat="36.991871"><ele>866.7</ele></trkpt>
   <trkpt lon="-4.276813" lat="36.991745"><ele>866.3</ele></trkpt>
   <trkpt lon="-4.277307" lat="36.991551"><ele>864.0</ele></trkpt>
   <trkpt lon="-4.277642" lat="36.991323"><ele>863.4</ele></trkpt>
   <trkpt lon="-4.277841" lat="36.991267"><ele>860.0</ele></trkpt>
   <trkpt lon="-4.277989" lat="36.991251"><ele>856.9</ele></trkpt>
   <trkpt lon="-4.278196" lat="36.991250"><ele>852.5</ele></trkpt>
   <trkpt lon="-4.278620" lat="36.991246"><ele>850.0</ele></trkpt>
   <trkpt lon="-4.278668" lat="36.990998"><ele>849.5</ele></trkpt>
   <trkpt lon="-4.278717" lat="36.990809"><ele>849.3</ele></trkpt>
   <trkpt lon="-4.279055" lat="36.990052"><ele>854.5</ele></trkpt>
   <trkpt lon="-4.279183" lat="36.989806"><ele>856.6</ele></trkpt>
   <trkpt lon="-4.279357" lat="36.989638"><ele>857.0</ele></trkpt>
   <trkpt lon="-4.279930" lat="36.989379"><ele>854.2</ele></trkpt>
   <trkpt lon="-4.280098" lat="36.989206"><ele>854.9</ele></trkpt>
   <trkpt lon="-4.280532" lat="36.988657"><ele>862.0</ele></trkpt>
   <trkpt lon="-4.280711" lat="36.988406"><ele>866.1</ele></trkpt>
   <trkpt lon="-4.281006" lat="36.987795"><ele>875.8</ele></trkpt>
   <trkpt lon="-4.281297" lat="36.987092"><ele>882.5</ele></trkpt>
   <trkpt lon="-4.281410" lat="36.986904"><ele>880.8</ele></trkpt>
   <trkpt lon="-4.281520" lat="36.986773"><ele>879.7</ele></trkpt>
   <trkpt lon="-4.281664" lat="36.986657"><ele>878.8</ele></trkpt>
   <trkpt lon="-4.281887" lat="36.986555"><ele>879.5</ele></trkpt>
   <trkpt lon="-4.282632" lat="36.986369"><ele>879.5</ele></trkpt>
   <trkpt lon="-4.282946" lat="36.986266"><ele>879.4</ele></trkpt>
   <trkpt lon="-4.283071" lat="36.986204"><ele>879.5</ele></trkpt>
   <trkpt lon="-4.283160" lat="36.986099"><ele>880.2</ele></trkpt>
   <trkpt lon="-4.283192" lat="36.985968"><ele>881.1</ele></trkpt>
   <trkpt lon="-4.283085" lat="36.985136"><ele>892.0</ele></trkpt>
   <trkpt lon="-4.283075" lat="36.984941"><ele>892.5</ele></trkpt>
   <trkpt lon="-4.283113" lat="36.984826"><ele>892.7</ele></trkpt>
   <trkpt lon="-4.283177" lat="36.984705"><ele>891.1</ele></trkpt>
   <trkpt lon="-4.283525" lat="36.984230"><ele>887.6</ele></trkpt>
   <trkpt lon="-4.283617" lat="36.984080"><ele>888.0</ele></trkpt>
   <trkpt lon="-4.283672" lat="36.983813"><ele>888.1</ele></trkpt>
   <trkpt lon="-4.283681" lat="36.983503"><ele>888.1</ele></trkpt>
   <trkpt lon="-4.283772" lat="36.982802"><ele>890.0</ele></trkpt>
   <trkpt lon="-4.283845" lat="36.982357"><ele>891.4</ele></trkpt>
   <trkpt lon="-4.283899" lat="36.982223"><ele>892.1</ele></trkpt>
   <trkpt lon="-4.283994" lat="36.982055"><ele>893.0</ele></trkpt>
   <trkpt lon="-4.284141" lat="36.981853"><ele>893.8</ele></trkpt>
   <trkpt lon="-4.284183" lat="36.981821"><ele>894.1</ele></trkpt>
   <trkpt lon="-4.284555" lat="36.981506"><ele>896.3</ele></trkpt>
   <trkpt lon="-4.285126" lat="36.981078"><ele>899.2</ele></trkpt>
   <trkpt lon="-4.285662" lat="36.980563"><ele>900.1</ele></trkpt>
   <trkpt lon="-4.286523" lat="36.980094"><ele>905.4</ele></trkpt>
   <trkpt lon="-4.286711" lat="36.979972"><ele>906.3</ele></trkpt>
   <trkpt lon="-4.286836" lat="36.979852"><ele>907.2</ele></trkpt>
   <trkpt lon="-4.286962" lat="36.979730"><ele>907.3</ele></trkpt>
   <trkpt lon="-4.287091" lat="36.979532"><ele>905.7</ele></trkpt>
   <trkpt lon="-4.287162" lat="36.979215"><ele>903.4</ele></trkpt>
   <trkpt lon="-4.287192" lat="36.979050"><ele>902.4</ele></trkpt>
   <trkpt lon="-4.287276" lat="36.978862"><ele>901.8</ele></trkpt>
   <trkpt lon="-4.287749" lat="36.978067"><ele>900.9</ele></trkpt>
   <trkpt lon="-4.287829" lat="36.977947"><ele>901.0</ele></trkpt>
   <trkpt lon="-4.287885" lat="36.977864"><ele>900.9</ele></trkpt>
   <trkpt lon="-4.288021" lat="36.977762"><ele>901.3</ele></trkpt>
   <trkpt lon="-4.288150" lat="36.977689"><ele>901.7</ele></trkpt>
   <trkpt lon="-4.288959" lat="36.977352"><ele>899.5</ele></trkpt>
   <trkpt lon="-4.290412" lat="36.976744"><ele>899.2</ele></trkpt>
   <trkpt lon="-4.290529" lat="36.976669"><ele>899.4</ele></trkpt>
   <trkpt lon="-4.290882" lat="36.976202"><ele>901.4</ele></trkpt>
   <trkpt lon="-4.291051" lat="36.976009"><ele>901.4</ele></trkpt>
   <trkpt lon="-4.291242" lat="36.975845"><ele>901.1</ele></trkpt>
   <trkpt lon="-4.291343" lat="36.975715"><ele>901.0</ele></trkpt>
   <trkpt lon="-4.291403" lat="36.975587"><ele>900.6</ele></trkpt>
   <trkpt lon="-4.291459" lat="36.975371"><ele>903.8</ele></trkpt>
   <trkpt lon="-4.291468" lat="36.975122"><ele>906.6</ele></trkpt>
   <trkpt lon="-4.291461" lat="36.974846"><ele>908.5</ele></trkpt>
   <trkpt lon="-4.291483" lat="36.974309"><ele>901.6</ele></trkpt>
   <trkpt lon="-4.291526" lat="36.973852"><ele>895.8</ele></trkpt>
   <trkpt lon="-4.291872" lat="36.972693"><ele>891.1</ele></trkpt>
   <trkpt lon="-4.292009" lat="36.972541"><ele>890.5</ele></trkpt>
   <trkpt lon="-4.292252" lat="36.972431"><ele>891.0</ele></trkpt>
   <trkpt lon="-4.293228" lat="36.972505"><ele>890.3</ele></trkpt>
   <trkpt lon="-4.293378" lat="36.972493"><ele>889.8</ele></trkpt>
   <trkpt lon="-4.293504" lat="36.972457"><ele>889.1</ele></trkpt>
   <trkpt lon="-4.293646" lat="36.972362"><ele>887.3</ele></trkpt>
   <trkpt lon="-4.294902" lat="36.971085"><ele>878.0</ele></trkpt>
   <trkpt lon="-4.294962" lat="36.970959"><ele>878.2</ele></trkpt>
   <trkpt lon="-4.295025" lat="36.970740"><ele>878.6</ele></trkpt>
   <trkpt lon="-4.295052" lat="36.970535"><ele>878.8</ele></trkpt>
   <trkpt lon="-4.295092" lat="36.970397"><ele>879.2</ele></trkpt>
   <trkpt lon="-4.295186" lat="36.970239"><ele>880.0</ele></trkpt>
   <trkpt lon="-4.295330" lat="36.970086"><ele>880.9</ele></trkpt>
   <trkpt lon="-4.295532" lat="36.969931"><ele>881.4</ele></trkpt>
   <trkpt lon="-4.295820" lat="36.969710"><ele>880.9</ele></trkpt>
   <trkpt lon="-4.296403" lat="36.969325"><ele>878.2</ele></trkpt>
   <trkpt lon="-4.297073" lat="36.969040"><ele>875.5</ele></trkpt>
   <trkpt lon="-4.297687" lat="36.968824"><ele>875.9</ele></trkpt>
   <trkpt lon="-4.297873" lat="36.968789"><ele>876.0</ele></trkpt>
   <trkpt lon="-4.297988" lat="36.968777"><ele>876.2</ele></trkpt>
   <trkpt lon="-4.298380" lat="36.968795"><ele>876.6</ele></trkpt>
   <trkpt lon="-4.298564" lat="36.968835"><ele>877.0</ele></trkpt>
   <trkpt lon="-4.298889" lat="36.969006"><ele>879.0</ele></trkpt>
   <trkpt lon="-4.299023" lat="36.969111"><ele>880.4</ele></trkpt>
   <trkpt lon="-4.299154" lat="36.969233"><ele>882.1</ele></trkpt>
   <trkpt lon="-4.299424" lat="36.969526"><ele>886.7</ele></trkpt>
   <trkpt lon="-4.299622" lat="36.969713"><ele>888.4</ele></trkpt>
   <trkpt lon="-4.299754" lat="36.969774"><ele>888.2</ele></trkpt>
   <trkpt lon="-4.300003" lat="36.969839"><ele>887.3</ele></trkpt>
   <trkpt lon="-4.300212" lat="36.969875"><ele>886.4</ele></trkpt>
   <trkpt lon="-4.300403" lat="36.969929"><ele>886.5</ele></trkpt>
   <trkpt lon="-4.300761" lat="36.970132"><ele>891.9</ele></trkpt>
   <trkpt lon="-4.301010" lat="36.970318"><ele>895.3</ele></trkpt>
   <trkpt lon="-4.301315" lat="36.970518"><ele>896.9</ele></trkpt>
   <trkpt lon="-4.301537" lat="36.970622"><ele>897.3</ele></trkpt>
   <trkpt lon="-4.301740" lat="36.970696"><ele>897.5</ele></trkpt>
   <trkpt lon="-4.302044" lat="36.970753"><ele>898.1</ele></trkpt>
   <trkpt lon="-4.302262" lat="36.970765"><ele>898.5</ele></trkpt>
   <trkpt lon="-4.302426" lat="36.970719"><ele>898.1</ele></trkpt>
   <trkpt lon="-4.302586" lat="36.970633"><ele>897.9</ele></trkpt>
   <trkpt lon="-4.302756" lat="36.970486"><ele>898.0</ele></trkpt>
   <trkpt lon="-4.302856" lat="36.970352"><ele>897.9</ele></trkpt>
   <trkpt lon="-4.302911" lat="36.970246"><ele>897.5</ele></trkpt>
   <trkpt lon="-4.303018" lat="36.970107"><ele>897.6</ele></trkpt>
   <trkpt lon="-4.303213" lat="36.969952"><ele>898.8</ele></trkpt>
   <trkpt lon="-4.303917" lat="36.969503"><ele>902.0</ele></trkpt>
   <trkpt lon="-4.304034" lat="36.969462"><ele>902.3</ele></trkpt>
   <trkpt lon="-4.304140" lat="36.969463"><ele>903.3</ele></trkpt>
   <trkpt lon="-4.304291" lat="36.969509"><ele>905.4</ele></trkpt>
   <trkpt lon="-4.304770" lat="36.969736"><ele>911.3</ele></trkpt>
   <trkpt lon="-4.305009" lat="36.969754"><ele>911.7</ele></trkpt>
   <trkpt lon="-4.305212" lat="36.969723"><ele>911.3</ele></trkpt>
   <trkpt lon="-4.305331" lat="36.969675"><ele>911.6</ele></trkpt>
   <trkpt lon="-4.305419" lat="36.969591"><ele>911.3</ele></trkpt>
   <trkpt lon="-4.305472" lat="36.969457"><ele>910.2</ele></trkpt>
   <trkpt lon="-4.305522" lat="36.969276"><ele>907.3</ele></trkpt>
   <trkpt lon="-4.305561" lat="36.969194"><ele>906.1</ele></trkpt>
   <trkpt lon="-4.305646" lat="36.969078"><ele>905.3</ele></trkpt>
   <trkpt lon="-4.305812" lat="36.968936"><ele>905.0</ele></trkpt>
   <trkpt lon="-4.306107" lat="36.968789"><ele>906.5</ele></trkpt>
   <trkpt lon="-4.306765" lat="36.968531"><ele>909.1</ele></trkpt>
   <trkpt lon="-4.306947" lat="36.968368"><ele>907.5</ele></trkpt>
   <trkpt lon="-4.307063" lat="36.968220"><ele>906.9</ele></trkpt>
   <trkpt lon="-4.307209" lat="36.967860"><ele>904.0</ele></trkpt>
   <trkpt lon="-4.307373" lat="36.967692"><ele>904.3</ele></trkpt>
   <trkpt lon="-4.307742" lat="36.967371"><ele>904.4</ele></trkpt>
   <trkpt lon="-4.307949" lat="36.967151"><ele>904.1</ele></trkpt>
   <trkpt lon="-4.308300" lat="36.966711"><ele>903.2</ele></trkpt>
   <trkpt lon="-4.308451" lat="36.966558"><ele>903.6</ele></trkpt>
   <trkpt lon="-4.308871" lat="36.966376"><ele>906.3</ele></trkpt>
   <trkpt lon="-4.309620" lat="36.966009"><ele>910.4</ele></trkpt>
   <trkpt lon="-4.309894" lat="36.965857"><ele>911.0</ele></trkpt>
   <trkpt lon="-4.309960" lat="36.965769"><ele>910.6</ele></trkpt>
   <trkpt lon="-4.310220" lat="36.965306"><ele>910.4</ele></trkpt>
   <trkpt lon="-4.310277" lat="36.965121"><ele>910.4</ele></trkpt>
   <trkpt lon="-4.310124" lat="36.963783"><ele>908.5</ele></trkpt>
   <trkpt lon="-4.310149" lat="36.963669"><ele>908.7</ele></trkpt>
   <trkpt lon="-4.310250" lat="36.963478"><ele>908.4</ele></trkpt>
   <trkpt lon="-4.310331" lat="36.963387"><ele>908.1</ele></trkpt>
   <trkpt lon="-4.310480" lat="36.963259"><ele>907.5</ele></trkpt>
   <trkpt lon="-4.310532" lat="36.963214"><ele>907.3</ele></trkpt>
   <trkpt lon="-4.310641" lat="36.963169"><ele>907.4</ele></trkpt>
   <trkpt lon="-4.310770" lat="36.963130"><ele>907.9</ele></trkpt>
   <trkpt lon="-4.310882" lat="36.963109"><ele>908.6</ele></trkpt>
   <trkpt lon="-4.311029" lat="36.963102"><ele>909.8</ele></trkpt>
   <trkpt lon="-4.311320" lat="36.963138"><ele>910.3</ele></trkpt>
   <trkpt lon="-4.311461" lat="36.963149"><ele>910.4</ele></trkpt>
   <trkpt lon="-4.311626" lat="36.963139"><ele>910.3</ele></trkpt>
   <trkpt lon="-4.311754" lat="36.963087"><ele>909.8</ele></trkpt>
   <trkpt lon="-4.311921" lat="36.962988"><ele>909.2</ele></trkpt>
   <trkpt lon="-4.312731" lat="36.962416"><ele>906.4</ele></trkpt>
   <trkpt lon="-4.313386" lat="36.961967"><ele>904.4</ele></trkpt>
   <trkpt lon="-4.313535" lat="36.961884"><ele>904.0</ele></trkpt>
   <trkpt lon="-4.313728" lat="36.961796"><ele>903.3</ele></trkpt>
   <trkpt lon="-4.313924" lat="36.961753"><ele>903.1</ele></trkpt>
   <trkpt lon="-4.314060" lat="36.961749"><ele>903.4</ele></trkpt>
   <trkpt lon="-4.314468" lat="36.961752"><ele>903.7</ele></trkpt>
   <trkpt lon="-4.314684" lat="36.961705"><ele>903.5</ele></trkpt>
   <trkpt lon="-4.314846" lat="36.961605"><ele>902.8</ele></trkpt>
   <trkpt lon="-4.315258" lat="36.961198"><ele>900.8</ele></trkpt>
   <trkpt lon="-4.315677" lat="36.960875"><ele>900.0</ele></trkpt>
   <trkpt lon="-4.316221" lat="36.960482"><ele>899.2</ele></trkpt>
   <trkpt lon="-4.316322" lat="36.960360"><ele>899.0</ele></trkpt>
   <trkpt lon="-4.316443" lat="36.960100"><ele>897.6</ele></trkpt>
   <trkpt lon="-4.316653" lat="36.959693"><ele>896.1</ele></trkpt>
   <trkpt lon="-4.316774" lat="36.959593"><ele>896.2</ele></trkpt>
   <trkpt lon="-4.316962" lat="36.959522"><ele>896.3</ele></trkpt>
   <trkpt lon="-4.317269" lat="36.959455"><ele>895.7</ele></trkpt>
   <trkpt lon="-4.317456" lat="36.959419"><ele>894.9</ele></trkpt>
   <trkpt lon="-4.317982" lat="36.959348"><ele>892.9</ele></trkpt>
   <trkpt lon="-4.318306" lat="36.959315"><ele>891.9</ele></trkpt>
   <trkpt lon="-4.318648" lat="36.959263"><ele>889.5</ele></trkpt>
   <trkpt lon="-4.318991" lat="36.959136"><ele>885.8</ele></trkpt>
   <trkpt lon="-4.319144" lat="36.959106"><ele>885.1</ele></trkpt>
   <trkpt lon="-4.319320" lat="36.959107"><ele>885.9</ele></trkpt>
   <trkpt lon="-4.319834" lat="36.959193"><ele>891.3</ele></trkpt>
   <trkpt lon="-4.320333" lat="36.959292"><ele>893.3</ele></trkpt>
   <trkpt lon="-4.320597" lat="36.959428"><ele>897.1</ele></trkpt>
   <trkpt lon="-4.320891" lat="36.959626"><ele>901.5</ele></trkpt>
   <trkpt lon="-4.321102" lat="36.959737"><ele>903.4</ele></trkpt>
   <trkpt lon="-4.321256" lat="36.959796"><ele>904.0</ele></trkpt>
   <trkpt lon="-4.321412" lat="36.959790"><ele>903.4</ele></trkpt>
   <trkpt lon="-4.321622" lat="36.959725"><ele>901.7</ele></trkpt>
   <trkpt lon="-4.321782" lat="36.959653"><ele>902.0</ele></trkpt>
   <trkpt lon="-4.321967" lat="36.959505"><ele>902.0</ele></trkpt>
   <trkpt lon="-4.322140" lat="36.959385"><ele>903.9</ele></trkpt>
   <trkpt lon="-4.322301" lat="36.959312"><ele>905.9</ele></trkpt>
   <trkpt lon="-4.322523" lat="36.959241"><ele>907.1</ele></trkpt>
   <trkpt lon="-4.322726" lat="36.959233"><ele>909.1</ele></trkpt>
   <trkpt lon="-4.322904" lat="36.959239"><ele>911.4</ele></trkpt>
   <trkpt lon="-4.323142" lat="36.959261"><ele>914.6</ele></trkpt>
   <trkpt lon="-4.323302" lat="36.959214"><ele>915.3</ele></trkpt>
   <trkpt lon="-4.323541" lat="36.958969"><ele>915.0</ele></trkpt>
   <trkpt lon="-4.323816" lat="36.958757"><ele>916.8</ele></trkpt>
   <trkpt lon="-4.323966" lat="36.958705"><ele>918.0</ele></trkpt>
   <trkpt lon="-4.324090" lat="36.958684"><ele>918.7</ele></trkpt>
   <trkpt lon="-4.324216" lat="36.958697"><ele>919.8</ele></trkpt>
   <trkpt lon="-4.324633" lat="36.958806"><ele>923.7</ele></trkpt>
   <trkpt lon="-4.324888" lat="36.958831"><ele>924.0</ele></trkpt>
   <trkpt lon="-4.325581" lat="36.958874"><ele>927.2</ele></trkpt>
   <trkpt lon="-4.325715" lat="36.958855"><ele>927.2</ele></trkpt>
   <trkpt lon="-4.325945" lat="36.958754"><ele>926.0</ele></trkpt>
   <trkpt lon="-4.326221" lat="36.958593"><ele>924.2</ele></trkpt>
   <trkpt lon="-4.326433" lat="36.958420"><ele>922.0</ele></trkpt>
   <trkpt lon="-4.327167" lat="36.957760"><ele>918.0</ele></trkpt>
   <trkpt lon="-4.327317" lat="36.957667"><ele>918.1</ele></trkpt>
   <trkpt lon="-4.327426" lat="36.957584"><ele>917.9</ele></trkpt>
   <trkpt lon="-4.327646" lat="36.957454"><ele>915.9</ele></trkpt>
   <trkpt lon="-4.327873" lat="36.957383"><ele>914.0</ele></trkpt>
   <trkpt lon="-4.328137" lat="36.957321"><ele>912.0</ele></trkpt>
   <trkpt lon="-4.328628" lat="36.957246"><ele>911.2</ele></trkpt>
   <trkpt lon="-4.328797" lat="36.957208"><ele>911.0</ele></trkpt>
   <trkpt lon="-4.328945" lat="36.957125"><ele>910.7</ele></trkpt>
   <trkpt lon="-4.329078" lat="36.956988"><ele>909.8</ele></trkpt>
   <trkpt lon="-4.329226" lat="36.956801"><ele>909.2</ele></trkpt>
   <trkpt lon="-4.329322" lat="36.956614"><ele>909.2</ele></trkpt>
   <trkpt lon="-4.329362" lat="36.956420"><ele>908.3</ele></trkpt>
   <trkpt lon="-4.329365" lat="36.956128"><ele>906.0</ele></trkpt>
   <trkpt lon="-4.329401" lat="36.956021"><ele>905.9</ele></trkpt>
   <trkpt lon="-4.329475" lat="36.955912"><ele>906.4</ele></trkpt>
   <trkpt lon="-4.329579" lat="36.955830"><ele>907.4</ele></trkpt>
   <trkpt lon="-4.329678" lat="36.955772"><ele>908.1</ele></trkpt>
   <trkpt lon="-4.329784" lat="36.955742"><ele>909.7</ele></trkpt>
   <trkpt lon="-4.329906" lat="36.955728"><ele>910.9</ele></trkpt>
   <trkpt lon="-4.330096" lat="36.955760"><ele>912.5</ele></trkpt>
   <trkpt lon="-4.331558" lat="36.956148"><ele>919.0</ele></trkpt>
   <trkpt lon="-4.331802" lat="36.956178"><ele>919.4</ele></trkpt>
   <trkpt lon="-4.332126" lat="36.956175"><ele>920.0</ele></trkpt>
   <trkpt lon="-4.332465" lat="36.956159"><ele>921.0</ele></trkpt>
   <trkpt lon="-4.332624" lat="36.956115"><ele>921.3</ele></trkpt>
   <trkpt lon="-4.332748" lat="36.956038"><ele>921.3</ele></trkpt>
   <trkpt lon="-4.332813" lat="36.955895"><ele>919.1</ele></trkpt>
   <trkpt lon="-4.332835" lat="36.955724"><ele>917.0</ele></trkpt>
   <trkpt lon="-4.332901" lat="36.953534"><ele>918.6</ele></trkpt>
   <trkpt lon="-4.332913" lat="36.953313"><ele>915.1</ele></trkpt>
   <trkpt lon="-4.333002" lat="36.953103"><ele>912.4</ele></trkpt>
   <trkpt lon="-4.333115" lat="36.952972"><ele>910.5</ele></trkpt>
   <trkpt lon="-4.333247" lat="36.952900"><ele>909.4</ele></trkpt>
   <trkpt lon="-4.333395" lat="36.952849"><ele>909.0</ele></trkpt>
   <trkpt lon="-4.333523" lat="36.952853"><ele>909.2</ele></trkpt>
   <trkpt lon="-4.333668" lat="36.952873"><ele>909.2</ele></trkpt>
   <trkpt lon="-4.333787" lat="36.952916"><ele>909.5</ele></trkpt>
   <trkpt lon="-4.333933" lat="36.952997"><ele>910.1</ele></trkpt>
   <trkpt lon="-4.334091" lat="36.953095"><ele>910.0</ele></trkpt>
   <trkpt lon="-4.334220" lat="36.953104"><ele>908.9</ele></trkpt>
   <trkpt lon="-4.334317" lat="36.953061"><ele>908.0</ele></trkpt>
   <trkpt lon="-4.334381" lat="36.952954"><ele>906.8</ele></trkpt>
   <trkpt lon="-4.334389" lat="36.952921"><ele>906.5</ele></trkpt>
   <trkpt lon="-4.334404" lat="36.952854"><ele>905.8</ele></trkpt>
   <trkpt lon="-4.334392" lat="36.952751"><ele>904.9</ele></trkpt>
   <trkpt lon="-4.334141" lat="36.951925"><ele>896.8</ele></trkpt>
   <trkpt lon="-4.333904" lat="36.951274"><ele>890.5</ele></trkpt>
   <trkpt lon="-4.333899" lat="36.950974"><ele>887.8</ele></trkpt>
   <trkpt lon="-4.334087" lat="36.950494"><ele>885.1</ele></trkpt>
   <trkpt lon="-4.334349" lat="36.949898"><ele>881.8</ele></trkpt>
   <trkpt lon="-4.334709" lat="36.949191"><ele>878.9</ele></trkpt>
   <trkpt lon="-4.334807" lat="36.949026"><ele>877.4</ele></trkpt>
   <trkpt lon="-4.334966" lat="36.948854"><ele>876.2</ele></trkpt>
   <trkpt lon="-4.335083" lat="36.948775"><ele>875.9</ele></trkpt>
   <trkpt lon="-4.335315" lat="36.948668"><ele>875.4</ele></trkpt>
   <trkpt lon="-4.335487" lat="36.948632"><ele>875.7</ele></trkpt>
   <trkpt lon="-4.335601" lat="36.948635"><ele>876.4</ele></trkpt>
   <trkpt lon="-4.335700" lat="36.948637"><ele>876.5</ele></trkpt>
   <trkpt lon="-4.335867" lat="36.948686"><ele>877.2</ele></trkpt>
   <trkpt lon="-4.336016" lat="36.948750"><ele>877.9</ele></trkpt>
   <trkpt lon="-4.336218" lat="36.948886"><ele>878.7</ele></trkpt>
   <trkpt lon="-4.336501" lat="36.949232"><ele>880.4</ele></trkpt>
   <trkpt lon="-4.336690" lat="36.949443"><ele>881.0</ele></trkpt>
   <trkpt lon="-4.336844" lat="36.949641"><ele>881.2</ele></trkpt>
   <trkpt lon="-4.336920" lat="36.949812"><ele>883.1</ele></trkpt>
   <trkpt lon="-4.336909" lat="36.950025"><ele>886.2</ele></trkpt>
   <trkpt lon="-4.336854" lat="36.950368"><ele>887.0</ele></trkpt>
   <trkpt lon="-4.336912" lat="36.950587"><ele>885.3</ele></trkpt>
   <trkpt lon="-4.337015" lat="36.950773"><ele>884.4</ele></trkpt>
   <trkpt lon="-4.337259" lat="36.950899"><ele>881.8</ele></trkpt>
   <trkpt lon="-4.337439" lat="36.950919"><ele>879.2</ele></trkpt>
   <trkpt lon="-4.339138" lat="36.950671"><ele>869.3</ele></trkpt>
   <trkpt lon="-4.339340" lat="36.950570"><ele>867.8</ele></trkpt>
   <trkpt lon="-4.339462" lat="36.950443"><ele>866.2</ele></trkpt>
   <trkpt lon="-4.339550" lat="36.950329"><ele>864.8</ele></trkpt>
   <trkpt lon="-4.339876" lat="36.949441"><ele>851.7</ele></trkpt>
   <trkpt lon="-4.340031" lat="36.948955"><ele>846.9</ele></trkpt>
   <trkpt lon="-4.340116" lat="36.948723"><ele>844.7</ele></trkpt>
   <trkpt lon="-4.340173" lat="36.948608"><ele>843.5</ele></trkpt>
   <trkpt lon="-4.340248" lat="36.948509"><ele>842.2</ele></trkpt>
   <trkpt lon="-4.340351" lat="36.948440"><ele>841.8</ele></trkpt>
   <trkpt lon="-4.340494" lat="36.948357"><ele>841.4</ele></trkpt>
   <trkpt lon="-4.340680" lat="36.948258"><ele>841.3</ele></trkpt>
   <trkpt lon="-4.341162" lat="36.948022"><ele>837.9</ele></trkpt>
   <trkpt lon="-4.341277" lat="36.947991"><ele>837.4</ele></trkpt>
   <trkpt lon="-4.341394" lat="36.947975"><ele>837.4</ele></trkpt>
   <trkpt lon="-4.341632" lat="36.948009"><ele>838.5</ele></trkpt>
   <trkpt lon="-4.341838" lat="36.948056"><ele>840.0</ele></trkpt>
   <trkpt lon="-4.341943" lat="36.948024"><ele>839.2</ele></trkpt>
   <trkpt lon="-4.342031" lat="36.947962"><ele>837.8</ele></trkpt>
   <trkpt lon="-4.342215" lat="36.947676"><ele>834.8</ele></trkpt>
   <trkpt lon="-4.342339" lat="36.947546"><ele>834.3</ele></trkpt>
   <trkpt lon="-4.342449" lat="36.947468"><ele>834.5</ele></trkpt>
   <trkpt lon="-4.342612" lat="36.947413"><ele>835.1</ele></trkpt>
   <trkpt lon="-4.342839" lat="36.947389"><ele>836.4</ele></trkpt>
   <trkpt lon="-4.343071" lat="36.947380"><ele>837.3</ele></trkpt>
   <trkpt lon="-4.343185" lat="36.947365"><ele>837.2</ele></trkpt>
   <trkpt lon="-4.343341" lat="36.947331"><ele>836.6</ele></trkpt>
   <trkpt lon="-4.343585" lat="36.947266"><ele>835.5</ele></trkpt>
   <trkpt lon="-4.343760" lat="36.947169"><ele>834.0</ele></trkpt>
   <trkpt lon="-4.343946" lat="36.947036"><ele>833.0</ele></trkpt>
   <trkpt lon="-4.344087" lat="36.946835"><ele>830.6</ele></trkpt>
   <trkpt lon="-4.344238" lat="36.946687"><ele>829.0</ele></trkpt>
   <trkpt lon="-4.344385" lat="36.946580"><ele>827.3</ele></trkpt>
   <trkpt lon="-4.344602" lat="36.946484"><ele>826.5</ele></trkpt>
   <trkpt lon="-4.344855" lat="36.946400"><ele>826.7</ele></trkpt>
   <trkpt lon="-4.345084" lat="36.946365"><ele>827.7</ele></trkpt>
   <trkpt lon="-4.345299" lat="36.946369"><ele>828.7</ele></trkpt>
   <trkpt lon="-4.345688" lat="36.946500"><ele>831.5</ele></trkpt>
   <trkpt lon="-4.345951" lat="36.946625"><ele>832.8</ele></trkpt>
   <trkpt lon="-4.346115" lat="36.946715"><ele>833.8</ele></trkpt>
   <trkpt lon="-4.346271" lat="36.946788"><ele>834.5</ele></trkpt>
   <trkpt lon="-4.346372" lat="36.946799"><ele>834.0</ele></trkpt>
   <trkpt lon="-4.346478" lat="36.946778"><ele>832.6</ele></trkpt>
   <trkpt lon="-4.346606" lat="36.946699"><ele>830.3</ele></trkpt>
   <trkpt lon="-4.346773" lat="36.946584"><ele>827.6</ele></trkpt>
   <trkpt lon="-4.347429" lat="36.946065"><ele>821.3</ele></trkpt>
   <trkpt lon="-4.347587" lat="36.945976"><ele>820.2</ele></trkpt>
   <trkpt lon="-4.348077" lat="36.945788"><ele>817.9</ele></trkpt>
   <trkpt lon="-4.348319" lat="36.945732"><ele>817.5</ele></trkpt>
   <trkpt lon="-4.348603" lat="36.945710"><ele>817.7</ele></trkpt>
   <trkpt lon="-4.349058" lat="36.945717"><ele>817.5</ele></trkpt>
   <trkpt lon="-4.349276" lat="36.945693"><ele>816.2</ele></trkpt>
   <trkpt lon="-4.349471" lat="36.945658"><ele>815.1</ele></trkpt>
   <trkpt lon="-4.350065" lat="36.945441"><ele>812.6</ele></trkpt>
   <trkpt lon="-4.350533" lat="36.945222"><ele>808.2</ele></trkpt>
   <trkpt lon="-4.350905" lat="36.944934"><ele>804.6</ele></trkpt>
   <trkpt lon="-4.351192" lat="36.944679"><ele>803.1</ele></trkpt>
   <trkpt lon="-4.352008" lat="36.944023"><ele>797.6</ele></trkpt>
   <trkpt lon="-4.352195" lat="36.943903"><ele>797.9</ele></trkpt>
   <trkpt lon="-4.352354" lat="36.943810"><ele>798.0</ele></trkpt>
   <trkpt lon="-4.352806" lat="36.943721"><ele>800.6</ele></trkpt>
   <trkpt lon="-4.353914" lat="36.943505"><ele>804.5</ele></trkpt>
   <trkpt lon="-4.354968" lat="36.943298"><ele>810.1</ele></trkpt>
   <trkpt lon="-4.355162" lat="36.943230"><ele>810.9</ele></trkpt>
   <trkpt lon="-4.355336" lat="36.943100"><ele>811.1</ele></trkpt>
   <trkpt lon="-4.355511" lat="36.942932"><ele>811.9</ele></trkpt>
   <trkpt lon="-4.355610" lat="36.942747"><ele>812.5</ele></trkpt>
   <trkpt lon="-4.355657" lat="36.942539"><ele>814.0</ele></trkpt>
   <trkpt lon="-4.355660" lat="36.942359"><ele>815.0</ele></trkpt>
   <trkpt lon="-4.355599" lat="36.942150"><ele>815.2</ele></trkpt>
   <trkpt lon="-4.355535" lat="36.941993"><ele>815.0</ele></trkpt>
   <trkpt lon="-4.354760" lat="36.940818"><ele>817.2</ele></trkpt>
   <trkpt lon="-4.353628" lat="36.939102"><ele>817.3</ele></trkpt>
   <trkpt lon="-4.353565" lat="36.938972"><ele>816.2</ele></trkpt>
   <trkpt lon="-4.353506" lat="36.938824"><ele>814.2</ele></trkpt>
   <trkpt lon="-4.353513" lat="36.938713"><ele>813.6</ele></trkpt>
   <trkpt lon="-4.353539" lat="36.938613"><ele>813.0</ele></trkpt>
   <trkpt lon="-4.353624" lat="36.938547"><ele>813.7</ele></trkpt>
   <trkpt lon="-4.353780" lat="36.938498"><ele>814.9</ele></trkpt>
   <trkpt lon="-4.354036" lat="36.938459"><ele>815.4</ele></trkpt>
   <trkpt lon="-4.354500" lat="36.938411"><ele>817.8</ele></trkpt>
   <trkpt lon="-4.354706" lat="36.938337"><ele>818.4</ele></trkpt>
   <trkpt lon="-4.354842" lat="36.938233"><ele>820.0</ele></trkpt>
   <trkpt lon="-4.354937" lat="36.938133"><ele>821.0</ele></trkpt>
   <trkpt lon="-4.355013" lat="36.938013"><ele>821.8</ele></trkpt>
   <trkpt lon="-4.355066" lat="36.937876"><ele>823.4</ele></trkpt>
   <trkpt lon="-4.355014" lat="36.937299"><ele>820.6</ele></trkpt>
   <trkpt lon="-4.355033" lat="36.937125"><ele>817.2</ele></trkpt>
   <trkpt lon="-4.355085" lat="36.937003"><ele>815.5</ele></trkpt>
   <trkpt lon="-4.355197" lat="36.936891"><ele>814.2</ele></trkpt>
   <trkpt lon="-4.355322" lat="36.936817"><ele>814.0</ele></trkpt>
   <trkpt lon="-4.355557" lat="36.936747"><ele>815.5</ele></trkpt>
   <trkpt lon="-4.355875" lat="36.936673"><ele>818.2</ele></trkpt>
   <trkpt lon="-4.356134" lat="36.936495"><ele>816.2</ele></trkpt>
   <trkpt lon="-4.356276" lat="36.936422"><ele>815.5</ele></trkpt>
   <trkpt lon="-4.356590" lat="36.936342"><ele>817.3</ele></trkpt>
   <trkpt lon="-4.356728" lat="36.936299"><ele>817.7</ele></trkpt>
   <trkpt lon="-4.356839" lat="36.936222"><ele>816.9</ele></trkpt>
   <trkpt lon="-4.356999" lat="36.936073"><ele>815.8</ele></trkpt>
   <trkpt lon="-4.357123" lat="36.935926"><ele>815.6</ele></trkpt>
   <trkpt lon="-4.357146" lat="36.935866"><ele>815.7</ele></trkpt>
   <trkpt lon="-4.357152" lat="36.935789"><ele>814.9</ele></trkpt>
   <trkpt lon="-4.357085" lat="36.935533"><ele>808.4</ele></trkpt>
   <trkpt lon="-4.357095" lat="36.935415"><ele>806.0</ele></trkpt>
   <trkpt lon="-4.357146" lat="36.935325"><ele>805.8</ele></trkpt>
   <trkpt lon="-4.357258" lat="36.935243"><ele>807.2</ele></trkpt>
   <trkpt lon="-4.357363" lat="36.935195"><ele>809.1</ele></trkpt>
   <trkpt lon="-4.357497" lat="36.935196"><ele>812.3</ele></trkpt>
   <trkpt lon="-4.357648" lat="36.935243"><ele>815.2</ele></trkpt>
   <trkpt lon="-4.357774" lat="36.935308"><ele>818.2</ele></trkpt>
   <trkpt lon="-4.357916" lat="36.935372"><ele>818.8</ele></trkpt>
   <trkpt lon="-4.358130" lat="36.935488"><ele>819.9</ele></trkpt>
   <trkpt lon="-4.358326" lat="36.935543"><ele>817.4</ele></trkpt>
   <trkpt lon="-4.358652" lat="36.935574"><ele>812.6</ele></trkpt>
   <trkpt lon="-4.358868" lat="36.935535"><ele>808.9</ele></trkpt>
   <trkpt lon="-4.359057" lat="36.935481"><ele>807.1</ele></trkpt>
   <trkpt lon="-4.359289" lat="36.935393"><ele>805.4</ele></trkpt>
   <trkpt lon="-4.359423" lat="36.935326"><ele>804.4</ele></trkpt>
   <trkpt lon="-4.359694" lat="36.935192"><ele>806.1</ele></trkpt>
   <trkpt lon="-4.359760" lat="36.935123"><ele>806.6</ele></trkpt>
   <trkpt lon="-4.359756" lat="36.935035"><ele>805.6</ele></trkpt>
   <trkpt lon="-4.359701" lat="36.934940"><ele>803.2</ele></trkpt>
   <trkpt lon="-4.359551" lat="36.934607"><ele>797.6</ele></trkpt>
   <trkpt lon="-4.359406" lat="36.934109"><ele>788.4</ele></trkpt>
   <trkpt lon="-4.359396" lat="36.933983"><ele>786.8</ele></trkpt>
   <trkpt lon="-4.359504" lat="36.933622"><ele>785.6</ele></trkpt>
   <trkpt lon="-4.359663" lat="36.932967"><ele>777.3</ele></trkpt>
   <trkpt lon="-4.359704" lat="36.932888"><ele>776.6</ele></trkpt>
   <trkpt lon="-4.359762" lat="36.932823"><ele>776.9</ele></trkpt>
   <trkpt lon="-4.359865" lat="36.932762"><ele>777.7</ele></trkpt>
   <trkpt lon="-4.359956" lat="36.932748"><ele>777.9</ele></trkpt>
   <trkpt lon="-4.360139" lat="36.932778"><ele>780.7</ele></trkpt>
   <trkpt lon="-4.360558" lat="36.932956"><ele>786.1</ele></trkpt>
   <trkpt lon="-4.360677" lat="36.932987"><ele>785.5</ele></trkpt>
   <trkpt lon="-4.360774" lat="36.932982"><ele>783.7</ele></trkpt>
   <trkpt lon="-4.360867" lat="36.932944"><ele>780.2</ele></trkpt>
   <trkpt lon="-4.361037" lat="36.932809"><ele>774.0</ele></trkpt>
   <trkpt lon="-4.361192" lat="36.932669"><ele>767.9</ele></trkpt>
   <trkpt lon="-4.361386" lat="36.932514"><ele>765.3</ele></trkpt>
   <trkpt lon="-4.361541" lat="36.932433"><ele>765.9</ele></trkpt>
   <trkpt lon="-4.361744" lat="36.932376"><ele>767.9</ele></trkpt>
   <trkpt lon="-4.361986" lat="36.932326"><ele>770.0</ele></trkpt>
   <trkpt lon="-4.362110" lat="36.932329"><ele>771.2</ele></trkpt>
   <trkpt lon="-4.362260" lat="36.932367"><ele>773.7</ele></trkpt>
   <trkpt lon="-4.362361" lat="36.932466"><ele>776.5</ele></trkpt>
   <trkpt lon="-4.362478" lat="36.932729"><ele>781.5</ele></trkpt>
   <trkpt lon="-4.362577" lat="36.932804"><ele>781.6</ele></trkpt>
   <trkpt lon="-4.362664" lat="36.932831"><ele>780.2</ele></trkpt>
   <trkpt lon="-4.362781" lat="36.932850"><ele>778.1</ele></trkpt>
   <trkpt lon="-4.362923" lat="36.932829"><ele>775.1</ele></trkpt>
   <trkpt lon="-4.363113" lat="36.932773"><ele>770.8</ele></trkpt>
   <trkpt lon="-4.363283" lat="36.932705"><ele>766.3</ele></trkpt>
   <trkpt lon="-4.363398" lat="36.932611"><ele>763.5</ele></trkpt>
   <trkpt lon="-4.363493" lat="36.932504"><ele>760.5</ele></trkpt>
   <trkpt lon="-4.363576" lat="36.932368"><ele>757.3</ele></trkpt>
   <trkpt lon="-4.363622" lat="36.932178"><ele>753.6</ele></trkpt>
   <trkpt lon="-4.363652" lat="36.932091"><ele>752.4</ele></trkpt>
   <trkpt lon="-4.363687" lat="36.931954"><ele>750.3</ele></trkpt>
   <trkpt lon="-4.363727" lat="36.931845"><ele>748.8</ele></trkpt>
   <trkpt lon="-4.363796" lat="36.931752"><ele>747.6</ele></trkpt>
   <trkpt lon="-4.363894" lat="36.931683"><ele>747.5</ele></trkpt>
   <trkpt lon="-4.363997" lat="36.931625"><ele>747.5</ele></trkpt>
   <trkpt lon="-4.364098" lat="36.931589"><ele>748.1</ele></trkpt>
   <trkpt lon="-4.364298" lat="36.931602"><ele>751.7</ele></trkpt>
   <trkpt lon="-4.364397" lat="36.931638"><ele>753.2</ele></trkpt>
   <trkpt lon="-4.364618" lat="36.931789"><ele>756.2</ele></trkpt>
   <trkpt lon="-4.364705" lat="36.931782"><ele>755.5</ele></trkpt>
   <trkpt lon="-4.364766" lat="36.931739"><ele>754.7</ele></trkpt>
   <trkpt lon="-4.364804" lat="36.931692"><ele>754.1</ele></trkpt>
   <trkpt lon="-4.364809" lat="36.931512"><ele>753.0</ele></trkpt>
   <trkpt lon="-4.364907" lat="36.931277"><ele>754.2</ele></trkpt>
   <trkpt lon="-4.365665" lat="36.930709"><ele>741.7</ele></trkpt>
   <trkpt lon="-4.365770" lat="36.930587"><ele>737.5</ele></trkpt>
   <trkpt lon="-4.365787" lat="36.930432"><ele>734.2</ele></trkpt>
   <trkpt lon="-4.365550" lat="36.929985"><ele>726.8</ele></trkpt>
   <trkpt lon="-4.365547" lat="36.929891"><ele>724.8</ele></trkpt>
   <trkpt lon="-4.365416" lat="36.929737"><ele>723.0</ele></trkpt>
   <trkpt lon="-4.364919" lat="36.928995"><ele>713.0</ele></trkpt>
   <trkpt lon="-4.364797" lat="36.928781"><ele>710.8</ele></trkpt>
   <trkpt lon="-4.364686" lat="36.928518"><ele>708.5</ele></trkpt>
   <trkpt lon="-4.363752" lat="36.925815"><ele>705.1</ele></trkpt>
   <trkpt lon="-4.363630" lat="36.925513"><ele>704.9</ele></trkpt>
   <trkpt lon="-4.363347" lat="36.924913"><ele>703.7</ele></trkpt>
   <trkpt lon="-4.363223" lat="36.924594"><ele>704.3</ele></trkpt>
   <trkpt lon="-4.363126" lat="36.924266"><ele>705.6</ele></trkpt>
   <trkpt lon="-4.362816" lat="36.923033"><ele>706.8</ele></trkpt>
   <trkpt lon="-4.362577" lat="36.922205"><ele>707.0</ele></trkpt>
   <trkpt lon="-4.362379" lat="36.921686"><ele>709.8</ele></trkpt>
   <trkpt lon="-4.362282" lat="36.921536"><ele>710.5</ele></trkpt>
   <trkpt lon="-4.362008" lat="36.921339"><ele>712.3</ele></trkpt>
   <trkpt lon="-4.361032" lat="36.920846"><ele>715.2</ele></trkpt>
   <trkpt lon="-4.360351" lat="36.920309"><ele>718.4</ele></trkpt>
   <trkpt lon="-4.360136" lat="36.920198"><ele>719.1</ele></trkpt>
   <trkpt lon="-4.359283" lat="36.919885"><ele>719.4</ele></trkpt>
   <trkpt lon="-4.359096" lat="36.919799"><ele>718.2</ele></trkpt>
   <trkpt lon="-4.358929" lat="36.919683"><ele>716.8</ele></trkpt>
   <trkpt lon="-4.358774" lat="36.919525"><ele>715.8</ele></trkpt>
   <trkpt lon="-4.358382" lat="36.919001"><ele>713.7</ele></trkpt>
   <trkpt lon="-4.357898" lat="36.918410"><ele>710.3</ele></trkpt>
   <trkpt lon="-4.357640" lat="36.918187"><ele>710.9</ele></trkpt>
   <trkpt lon="-4.357404" lat="36.917963"><ele>712.8</ele></trkpt>
   <trkpt lon="-4.357122" lat="36.917785"><ele>714.0</ele></trkpt>
   <trkpt lon="-4.356978" lat="36.917735"><ele>714.9</ele></trkpt>
   <trkpt lon="-4.356714" lat="36.917644"><ele>717.7</ele></trkpt>
   <trkpt lon="-4.356400" lat="36.917659"><ele>720.8</ele></trkpt>
   <trkpt lon="-4.355946" lat="36.917723"><ele>720.9</ele></trkpt>
   <trkpt lon="-4.355589" lat="36.917718"><ele>719.0</ele></trkpt>
   <trkpt lon="-4.355314" lat="36.917714"><ele>716.6</ele></trkpt>
   <trkpt lon="-4.354588" lat="36.917610"><ele>713.3</ele></trkpt>
   <trkpt lon="-4.354228" lat="36.917565"><ele>710.9</ele></trkpt>
   <trkpt lon="-4.354027" lat="36.917507"><ele>709.8</ele></trkpt>
   <trkpt lon="-4.353865" lat="36.917459"><ele>708.9</ele></trkpt>
   <trkpt lon="-4.353499" lat="36.917385"><ele>706.7</ele></trkpt>
   <trkpt lon="-4.353204" lat="36.917282"><ele>705.1</ele></trkpt>
   <trkpt lon="-4.352957" lat="36.917175"><ele>703.8</ele></trkpt>
   <trkpt lon="-4.352834" lat="36.917108"><ele>701.9</ele></trkpt>
   <trkpt lon="-4.352736" lat="36.917056"><ele>700.9</ele></trkpt>
   <trkpt lon="-4.352459" lat="36.916869"><ele>697.4</ele></trkpt>
   <trkpt lon="-4.352241" lat="36.916701"><ele>694.4</ele></trkpt>
   <trkpt lon="-4.351935" lat="36.916424"><ele>691.4</ele></trkpt>
   <trkpt lon="-4.351676" lat="36.916083"><ele>689.1</ele></trkpt>
   <trkpt lon="-4.351417" lat="36.915828"><ele>688.8</ele></trkpt>
   <trkpt lon="-4.351013" lat="36.915624"><ele>684.3</ele></trkpt>
   <trkpt lon="-4.350654" lat="36.915481"><ele>684.8</ele></trkpt>
   <trkpt lon="-4.350547" lat="36.915441"><ele>683.8</ele></trkpt>
   <trkpt lon="-4.349970" lat="36.915238"><ele>680.8</ele></trkpt>
   <trkpt lon="-4.349667" lat="36.915122"><ele>678.9</ele></trkpt>
   <trkpt lon="-4.349029" lat="36.914892"><ele>686.4</ele></trkpt>
   <trkpt lon="-4.348637" lat="36.914742"><ele>689.0</ele></trkpt>
   <trkpt lon="-4.348474" lat="36.914671"><ele>690.0</ele></trkpt>
   <trkpt lon="-4.348288" lat="36.914578"><ele>691.4</ele></trkpt>
   <trkpt lon="-4.348093" lat="36.914456"><ele>693.2</ele></trkpt>
   <trkpt lon="-4.348019" lat="36.914400"><ele>693.4</ele></trkpt>
   <trkpt lon="-4.347888" lat="36.914297"><ele>693.6</ele></trkpt>
   <trkpt lon="-4.347584" lat="36.914009"><ele>694.6</ele></trkpt>
   <trkpt lon="-4.346879" lat="36.913212"><ele>696.9</ele></trkpt>
   <trkpt lon="-4.346597" lat="36.912832"><ele>697.0</ele></trkpt>
   <trkpt lon="-4.346279" lat="36.912522"><ele>697.7</ele></trkpt>
   <trkpt lon="-4.345754" lat="36.912034"><ele>698.7</ele></trkpt>
   <trkpt lon="-4.345248" lat="36.911566"><ele>699.8</ele></trkpt>
   <trkpt lon="-4.345001" lat="36.911382"><ele>699.9</ele></trkpt>
   <trkpt lon="-4.344609" lat="36.911145"><ele>699.7</ele></trkpt>
   <trkpt lon="-4.344007" lat="36.910823"><ele>699.6</ele></trkpt>
   <trkpt lon="-4.343851" lat="36.910737"><ele>699.9</ele></trkpt>
   <trkpt lon="-4.343514" lat="36.910552"><ele>701.4</ele></trkpt>
   <trkpt lon="-4.343191" lat="36.910319"><ele>702.0</ele></trkpt>
   <trkpt lon="-4.342665" lat="36.909768"><ele>701.4</ele></trkpt>
   <trkpt lon="-4.342503" lat="36.909544"><ele>700.7</ele></trkpt>
   <trkpt lon="-4.342447" lat="36.909496"><ele>700.6</ele></trkpt>
   <trkpt lon="-4.342408" lat="36.909453"><ele>700.5</ele></trkpt>
   <trkpt lon="-4.342359" lat="36.909336"><ele>700.4</ele></trkpt>
   <trkpt lon="-4.342225" lat="36.909160"><ele>699.7</ele></trkpt>
   <trkpt lon="-4.342206" lat="36.909135"><ele>699.6</ele></trkpt>
   <trkpt lon="-4.341915" lat="36.908755"><ele>698.0</ele></trkpt>
   <trkpt lon="-4.341647" lat="36.908197"><ele>696.8</ele></trkpt>
   <trkpt lon="-4.341577" lat="36.907945"><ele>696.5</ele></trkpt>
   <trkpt lon="-4.341481" lat="36.907601"><ele>696.0</ele></trkpt>
   <trkpt lon="-4.341399" lat="36.907238"><ele>697.4</ele></trkpt>
   <trkpt lon="-4.341303" lat="36.907061"><ele>698.1</ele></trkpt>
   <trkpt lon="-4.341078" lat="36.906739"><ele>699.0</ele></trkpt>
   <trkpt lon="-4.340747" lat="36.906355"><ele>698.5</ele></trkpt>
   <trkpt lon="-4.340229" lat="36.905831"><ele>697.2</ele></trkpt>
   <trkpt lon="-4.340158" lat="36.905758"><ele>697.0</ele></trkpt>
   <trkpt lon="-4.340086" lat="36.905671"><ele>696.9</ele></trkpt>
   <trkpt lon="-4.339998" lat="36.905539"><ele>696.1</ele></trkpt>
   <trkpt lon="-4.339939" lat="36.905379"><ele>695.0</ele></trkpt>
   <trkpt lon="-4.339929" lat="36.905312"><ele>694.7</ele></trkpt>
   <trkpt lon="-4.339806" lat="36.904594"><ele>693.9</ele></trkpt>
   <trkpt lon="-4.339762" lat="36.904404"><ele>694.0</ele></trkpt>
   <trkpt lon="-4.339696" lat="36.904118"><ele>693.5</ele></trkpt>
   <trkpt lon="-4.339681" lat="36.903985"><ele>693.0</ele></trkpt>
   <trkpt lon="-4.339678" lat="36.903927"><ele>692.9</ele></trkpt>
   <trkpt lon="-4.339711" lat="36.903717"><ele>691.5</ele></trkpt>
   <trkpt lon="-4.339716" lat="36.903674"><ele>691.2</ele></trkpt>
   <trkpt lon="-4.339793" lat="36.903477"><ele>690.1</ele></trkpt>
   <trkpt lon="-4.339859" lat="36.903375"><ele>689.8</ele></trkpt>
   <trkpt lon="-4.340042" lat="36.903219"><ele>691.0</ele></trkpt>
   <trkpt lon="-4.340201" lat="36.903099"><ele>690.9</ele></trkpt>
   <trkpt lon="-4.340630" lat="36.902947"><ele>688.7</ele></trkpt>
   <trkpt lon="-4.340791" lat="36.902900"><ele>687.4</ele></trkpt>
   <trkpt lon="-4.340965" lat="36.902856"><ele>686.2</ele></trkpt>
   <trkpt lon="-4.341293" lat="36.902746"><ele>684.1</ele></trkpt>
   <trkpt lon="-4.341566" lat="36.902616"><ele>682.7</ele></trkpt>
   <trkpt lon="-4.341707" lat="36.902507"><ele>681.7</ele></trkpt>
   <trkpt lon="-4.342062" lat="36.902114"><ele>680.2</ele></trkpt>
   <trkpt lon="-4.342391" lat="36.901742"><ele>678.5</ele></trkpt>
   <trkpt lon="-4.342462" lat="36.901653"><ele>678.0</ele></trkpt>
   <trkpt lon="-4.342715" lat="36.901353"><ele>679.8</ele></trkpt>
   <trkpt lon="-4.343162" lat="36.900879"><ele>682.8</ele></trkpt>
   <trkpt lon="-4.343254" lat="36.900762"><ele>683.4</ele></trkpt>
   <trkpt lon="-4.343277" lat="36.900680"><ele>684.0</ele></trkpt>
   <trkpt lon="-4.343322" lat="36.900520"><ele>684.9</ele></trkpt>
   <trkpt lon="-4.343305" lat="36.900294"><ele>688.3</ele></trkpt>
   <trkpt lon="-4.343211" lat="36.899983"><ele>693.8</ele></trkpt>
   <trkpt lon="-4.343216" lat="36.899894"><ele>695.1</ele></trkpt>
   <trkpt lon="-4.343255" lat="36.899841"><ele>695.8</ele></trkpt>
   <trkpt lon="-4.343311" lat="36.899815"><ele>696.0</ele></trkpt>
   <trkpt lon="-4.343439" lat="36.899859"><ele>694.8</ele></trkpt>
   <trkpt lon="-4.343668" lat="36.899927"><ele>694.8</ele></trkpt>
   <trkpt lon="-4.343765" lat="36.899925"><ele>695.4</ele></trkpt>
   <trkpt lon="-4.343877" lat="36.899881"><ele>696.0</ele></trkpt>
   <trkpt lon="-4.343899" lat="36.899814"><ele>697.0</ele></trkpt>
   <trkpt lon="-4.343905" lat="36.899477"><ele>702.9</ele></trkpt>
   <trkpt lon="-4.343949" lat="36.899379"><ele>705.0</ele></trkpt>
   <trkpt lon="-4.344093" lat="36.899335"><ele>705.6</ele></trkpt>
   <trkpt lon="-4.344593" lat="36.899237"><ele>704.5</ele></trkpt>
   <trkpt lon="-4.344693" lat="36.899162"><ele>705.3</ele></trkpt>
   <trkpt lon="-4.344760" lat="36.899073"><ele>705.2</ele></trkpt>
   <trkpt lon="-4.344798" lat="36.898975"><ele>703.0</ele></trkpt>
   <trkpt lon="-4.344787" lat="36.898856"><ele>701.0</ele></trkpt>
   <trkpt lon="-4.344726" lat="36.898771"><ele>699.9</ele></trkpt>
   <trkpt lon="-4.344493" lat="36.898696"><ele>699.5</ele></trkpt>
   <trkpt lon="-4.343794" lat="36.898469"><ele>708.0</ele></trkpt>
   <trkpt lon="-4.343588" lat="36.898349"><ele>712.5</ele></trkpt>
   <trkpt lon="-4.343484" lat="36.898259"><ele>714.8</ele></trkpt>
   <trkpt lon="-4.343416" lat="36.898132"><ele>715.2</ele></trkpt>
   <trkpt lon="-4.343317" lat="36.897665"><ele>711.6</ele></trkpt>
   <trkpt lon="-4.343205" lat="36.897475"><ele>710.2</ele></trkpt>
   <trkpt lon="-4.343008" lat="36.897253"><ele>705.9</ele></trkpt>
   <trkpt lon="-4.342875" lat="36.897161"><ele>704.2</ele></trkpt>
   <trkpt lon="-4.342203" lat="36.896946"><ele>710.4</ele></trkpt>
   <trkpt lon="-4.341995" lat="36.896862"><ele>714.4</ele></trkpt>
   <trkpt lon="-4.341862" lat="36.896702"><ele>717.6</ele></trkpt>
   <trkpt lon="-4.341812" lat="36.896574"><ele>720.1</ele></trkpt>
   <trkpt lon="-4.341797" lat="36.896409"><ele>721.5</ele></trkpt>
   <trkpt lon="-4.341850" lat="36.896300"><ele>720.5</ele></trkpt>
   <trkpt lon="-4.342161" lat="36.896067"><ele>714.2</ele></trkpt>
   <trkpt lon="-4.342222" lat="36.895961"><ele>711.5</ele></trkpt>
   <trkpt lon="-4.342239" lat="36.895872"><ele>709.1</ele></trkpt>
   <trkpt lon="-4.342156" lat="36.895730"><ele>708.1</ele></trkpt>
   <trkpt lon="-4.341767" lat="36.895481"><ele>715.2</ele></trkpt>
   <trkpt lon="-4.341667" lat="36.895250"><ele>712.4</ele></trkpt>
   <trkpt lon="-4.341695" lat="36.895086"><ele>710.4</ele></trkpt>
   <trkpt lon="-4.341839" lat="36.894695"><ele>704.6</ele></trkpt>
   <trkpt lon="-4.341872" lat="36.894639"><ele>704.1</ele></trkpt>
   <trkpt lon="-4.341999" lat="36.894434"><ele>703.1</ele></trkpt>
   <trkpt lon="-4.342176" lat="36.893942"><ele>706.1</ele></trkpt>
   <trkpt lon="-4.342228" lat="36.893865"><ele>709.2</ele></trkpt>
   <trkpt lon="-4.342345" lat="36.893847"><ele>713.0</ele></trkpt>
   <trkpt lon="-4.342863" lat="36.893952"><ele>722.2</ele></trkpt>
   <trkpt lon="-4.343133" lat="36.893921"><ele>726.7</ele></trkpt>
   <trkpt lon="-4.343349" lat="36.893839"><ele>730.0</ele></trkpt>
   <trkpt lon="-4.343516" lat="36.893701"><ele>734.9</ele></trkpt>
   <trkpt lon="-4.344299" lat="36.892942"><ele>738.8</ele></trkpt>
   <trkpt lon="-4.344323" lat="36.892843"><ele>741.9</ele></trkpt>
   <trkpt lon="-4.344332" lat="36.892804"><ele>743.1</ele></trkpt>
   <trkpt lon="-4.344299" lat="36.892706"><ele>746.2</ele></trkpt>
   <trkpt lon="-4.344143" lat="36.892626"><ele>748.8</ele></trkpt>
   <trkpt lon="-4.344027" lat="36.892622"><ele>750.6</ele></trkpt>
   <trkpt lon="-4.343905" lat="36.892653"><ele>751.7</ele></trkpt>
   <trkpt lon="-4.343827" lat="36.892729"><ele>751.3</ele></trkpt>
   <trkpt lon="-4.343633" lat="36.893070"><ele>748.7</ele></trkpt>
   <trkpt lon="-4.343494" lat="36.893208"><ele>749.1</ele></trkpt>
   <trkpt lon="-4.343275" lat="36.893334"><ele>746.6</ele></trkpt>
   <trkpt lon="-4.343105" lat="36.893368"><ele>745.0</ele></trkpt>
   <trkpt lon="-4.342872" lat="36.893332"><ele>739.8</ele></trkpt>
   <trkpt lon="-4.342733" lat="36.893217"><ele>737.9</ele></trkpt>
   <trkpt lon="-4.342693" lat="36.893132"><ele>738.0</ele></trkpt>
   <trkpt lon="-4.342661" lat="36.892715"><ele>746.8</ele></trkpt>
   <trkpt lon="-4.342537" lat="36.892459"><ele>752.3</ele></trkpt>
   <trkpt lon="-4.342441" lat="36.892371"><ele>753.4</ele></trkpt>
   <trkpt lon="-4.342080" lat="36.892237"><ele>750.2</ele></trkpt>
   <trkpt lon="-4.341985" lat="36.892158"><ele>748.8</ele></trkpt>
   <trkpt lon="-4.341930" lat="36.892091"><ele>748.5</ele></trkpt>
   <trkpt lon="-4.341897" lat="36.892050"><ele>748.3</ele></trkpt>
   <trkpt lon="-4.341831" lat="36.891580"><ele>750.5</ele></trkpt>
   <trkpt lon="-4.341803" lat="36.891392"><ele>746.3</ele></trkpt>
   <trkpt lon="-4.341865" lat="36.891214"><ele>744.7</ele></trkpt>
   <trkpt lon="-4.341973" lat="36.891121"><ele>745.9</ele></trkpt>
   <trkpt lon="-4.342106" lat="36.891055"><ele>748.3</ele></trkpt>
   <trkpt lon="-4.342295" lat="36.891032"><ele>751.0</ele></trkpt>
   <trkpt lon="-4.342739" lat="36.891112"><ele>757.7</ele></trkpt>
   <trkpt lon="-4.343000" lat="36.891081"><ele>758.3</ele></trkpt>
   <trkpt lon="-4.343171" lat="36.890955"><ele>755.0</ele></trkpt>
   <trkpt lon="-4.343330" lat="36.890587"><ele>749.6</ele></trkpt>
   <trkpt lon="-4.343449" lat="36.890391"><ele>749.2</ele></trkpt>
   <trkpt lon="-4.344045" lat="36.889932"><ele>754.5</ele></trkpt>
   <trkpt lon="-4.345143" lat="36.889247"><ele>760.5</ele></trkpt>
   <trkpt lon="-4.345243" lat="36.889172"><ele>762.9</ele></trkpt>
   <trkpt lon="-4.345315" lat="36.889052"><ele>766.5</ele></trkpt>
   <trkpt lon="-4.345300" lat="36.888879"><ele>768.2</ele></trkpt>
   <trkpt lon="-4.345248" lat="36.888661"><ele>772.5</ele></trkpt>
   <trkpt lon="-4.345148" lat="36.888457"><ele>778.2</ele></trkpt>
   <trkpt lon="-4.345015" lat="36.888364"><ele>781.4</ele></trkpt>
   <trkpt lon="-4.344620" lat="36.888323"><ele>781.1</ele></trkpt>
   <trkpt lon="-4.344163" lat="36.888158"><ele>781.2</ele></trkpt>
   <trkpt lon="-4.343827" lat="36.887986"><ele>777.5</ele></trkpt>
   <trkpt lon="-4.343655" lat="36.887822"><ele>776.6</ele></trkpt>
   <trkpt lon="-4.343484" lat="36.887598"><ele>775.1</ele></trkpt>
   <trkpt lon="-4.343383" lat="36.887391"><ele>772.8</ele></trkpt>
   <trkpt lon="-4.343399" lat="36.887209"><ele>772.1</ele></trkpt>
   <trkpt lon="-4.343744" lat="36.886996"><ele>774.2</ele></trkpt>
   <trkpt lon="-4.343838" lat="36.886850"><ele>773.4</ele></trkpt>
   <trkpt lon="-4.343894" lat="36.886676"><ele>776.1</ele></trkpt>
   <trkpt lon="-4.343873" lat="36.886263"><ele>778.7</ele></trkpt>
   <trkpt lon="-4.343833" lat="36.886035"><ele>780.9</ele></trkpt>
   <trkpt lon="-4.343805" lat="36.885868"><ele>784.1</ele></trkpt>
   <trkpt lon="-4.343749" lat="36.885700"><ele>788.7</ele></trkpt>
   <trkpt lon="-4.343572" lat="36.885575"><ele>790.5</ele></trkpt>
   <trkpt lon="-4.343016" lat="36.885291"><ele>784.5</ele></trkpt>
   <trkpt lon="-4.342678" lat="36.884794"><ele>790.4</ele></trkpt>
   <trkpt lon="-4.342433" lat="36.884634"><ele>789.8</ele></trkpt>
   <trkpt lon="-4.341718" lat="36.884416"><ele>788.3</ele></trkpt>
   <trkpt lon="-4.341362" lat="36.884310"><ele>783.3</ele></trkpt>
   <trkpt lon="-4.340768" lat="36.883835"><ele>782.7</ele></trkpt>
   <trkpt lon="-4.340407" lat="36.883639"><ele>782.1</ele></trkpt>
   <trkpt lon="-4.339685" lat="36.883382"><ele>785.7</ele></trkpt>
   <trkpt lon="-4.339522" lat="36.883279"><ele>784.9</ele></trkpt>
   <trkpt lon="-4.339358" lat="36.883124"><ele>786.8</ele></trkpt>
   <trkpt lon="-4.339315" lat="36.883019"><ele>788.2</ele></trkpt>
   <trkpt lon="-4.338908" lat="36.881964"><ele>807.4</ele></trkpt>
   <trkpt lon="-4.338793" lat="36.881759"><ele>809.0</ele></trkpt>
   <trkpt lon="-4.338458" lat="36.881397"><ele>814.4</ele></trkpt>
   <trkpt lon="-4.338447" lat="36.881303"><ele>814.2</ele></trkpt>
   <trkpt lon="-4.338508" lat="36.881179"><ele>814.0</ele></trkpt>
   <trkpt lon="-4.338869" lat="36.880833"><ele>810.9</ele></trkpt>
   <trkpt lon="-4.338926" lat="36.880800"><ele>809.7</ele></trkpt>
   <trkpt lon="-4.339002" lat="36.880757"><ele>808.1</ele></trkpt>
   <trkpt lon="-4.339624" lat="36.880642"><ele>802.4</ele></trkpt>
   <trkpt lon="-4.340478" lat="36.880239"><ele>804.9</ele></trkpt>
   <trkpt lon="-4.340964" lat="36.879727"><ele>811.5</ele></trkpt>
   <trkpt lon="-4.341066" lat="36.879326"><ele>817.6</ele></trkpt>
   <trkpt lon="-4.341175" lat="36.879143"><ele>823.5</ele></trkpt>
   <trkpt lon="-4.341584" lat="36.878903"><ele>834.1</ele></trkpt>
   <trkpt lon="-4.342373" lat="36.878541"><ele>831.7</ele></trkpt>
   <trkpt lon="-4.343202" lat="36.877876"><ele>812.6</ele></trkpt>
   <trkpt lon="-4.343794" lat="36.877545"><ele>815.5</ele></trkpt>
   <trkpt lon="-4.344476" lat="36.877399"><ele>812.5</ele></trkpt>
   <trkpt lon="-4.344723" lat="36.877330"><ele>812.5</ele></trkpt>
   <trkpt lon="-4.344799" lat="36.877309"><ele>812.6</ele></trkpt>
   <trkpt lon="-4.345187" lat="36.877066"><ele>808.9</ele></trkpt>
   <trkpt lon="-4.345552" lat="36.876959"><ele>809.0</ele></trkpt>
   <trkpt lon="-4.345822" lat="36.876895"><ele>808.8</ele></trkpt>
   <trkpt lon="-4.346277" lat="36.876824"><ele>807.0</ele></trkpt>
   <trkpt lon="-4.346554" lat="36.876705"><ele>803.4</ele></trkpt>
   <trkpt lon="-4.347065" lat="36.876221"><ele>796.3</ele></trkpt>
   <trkpt lon="-4.347509" lat="36.875986"><ele>795.1</ele></trkpt>
   <trkpt lon="-4.347624" lat="36.875907"><ele>794.5</ele></trkpt>
   <trkpt lon="-4.347728" lat="36.875817"><ele>794.2</ele></trkpt>
   <trkpt lon="-4.347892" lat="36.875455"><ele>791.1</ele></trkpt>
   <trkpt lon="-4.347937" lat="36.875003"><ele>793.6</ele></trkpt>
   <trkpt lon="-4.347806" lat="36.874596"><ele>793.7</ele></trkpt>
   <trkpt lon="-4.347572" lat="36.874049"><ele>788.0</ele></trkpt>
   <trkpt lon="-4.347593" lat="36.873893"><ele>786.9</ele></trkpt>
   <trkpt lon="-4.347651" lat="36.873719"><ele>786.9</ele></trkpt>
   <trkpt lon="-4.347740" lat="36.873454"><ele>788.5</ele></trkpt>
   <trkpt lon="-4.347724" lat="36.873157"><ele>790.9</ele></trkpt>
   <trkpt lon="-4.347640" lat="36.872816"><ele>793.3</ele></trkpt>
   <trkpt lon="-4.347392" lat="36.871904"><ele>802.2</ele></trkpt>
   <trkpt lon="-4.347281" lat="36.871594"><ele>808.7</ele></trkpt>
   <trkpt lon="-4.346968" lat="36.871210"><ele>808.6</ele></trkpt>
   <trkpt lon="-4.346836" lat="36.870943"><ele>804.9</ele></trkpt>
   <trkpt lon="-4.346913" lat="36.870599"><ele>808.6</ele></trkpt>
   <trkpt lon="-4.346842" lat="36.870036"><ele>808.3</ele></trkpt>
   <trkpt lon="-4.346906" lat="36.869779"><ele>809.5</ele></trkpt>
   <trkpt lon="-4.346939" lat="36.869447"><ele>812.6</ele></trkpt>
   <trkpt lon="-4.346900" lat="36.869181"><ele>814.4</ele></trkpt>
   <trkpt lon="-4.346830" lat="36.868866"><ele>810.9</ele></trkpt>
   <trkpt lon="-4.346923" lat="36.868642"><ele>810.2</ele></trkpt>
   <trkpt lon="-4.347336" lat="36.868045"><ele>819.6</ele></trkpt>
   <trkpt lon="-4.347472" lat="36.867755"><ele>817.6</ele></trkpt>
   <trkpt lon="-4.347565" lat="36.867341"><ele>827.5</ele></trkpt>
   <trkpt lon="-4.347752" lat="36.867046"><ele>835.7</ele></trkpt>
   <trkpt lon="-4.347876" lat="36.866868"><ele>836.9</ele></trkpt>
   <trkpt lon="-4.347900" lat="36.866754"><ele>836.4</ele></trkpt>
   <trkpt lon="-4.347888" lat="36.866633"><ele>835.4</ele></trkpt>
   <trkpt lon="-4.347785" lat="36.866501"><ele>833.6</ele></trkpt>
   <trkpt lon="-4.347665" lat="36.866399"><ele>832.5</ele></trkpt>
   <trkpt lon="-4.347565" lat="36.866299"><ele>832.2</ele></trkpt>
   <trkpt lon="-4.347520" lat="36.866142"><ele>832.1</ele></trkpt>
   <trkpt lon="-4.347582" lat="36.865657"><ele>837.9</ele></trkpt>
   <trkpt lon="-4.347771" lat="36.865216"><ele>834.9</ele></trkpt>
   <trkpt lon="-4.347975" lat="36.864854"><ele>827.6</ele></trkpt>
   <trkpt lon="-4.348225" lat="36.864458"><ele>825.7</ele></trkpt>
   <trkpt lon="-4.348406" lat="36.864224"><ele>828.8</ele></trkpt>
   <trkpt lon="-4.348533" lat="36.863986"><ele>832.0</ele></trkpt>
   <trkpt lon="-4.348562" lat="36.863868"><ele>833.2</ele></trkpt>
   <trkpt lon="-4.348607" lat="36.863372"><ele>834.2</ele></trkpt>
   <trkpt lon="-4.348645" lat="36.863199"><ele>834.0</ele></trkpt>
   <trkpt lon="-4.348870" lat="36.862791"><ele>840.0</ele></trkpt>
   <trkpt lon="-4.348942" lat="36.862522"><ele>843.2</ele></trkpt>
   <trkpt lon="-4.348984" lat="36.862044"><ele>849.7</ele></trkpt>
   <trkpt lon="-4.348872" lat="36.861593"><ele>855.0</ele></trkpt>
   <trkpt lon="-4.348523" lat="36.860763"><ele>860.6</ele></trkpt>
   <trkpt lon="-4.348492" lat="36.860516"><ele>862.5</ele></trkpt>
   <trkpt lon="-4.348538" lat="36.860009"><ele>869.3</ele></trkpt>
   <trkpt lon="-4.348531" lat="36.859674"><ele>873.6</ele></trkpt>
   <trkpt lon="-4.348535" lat="36.859315"><ele>880.0</ele></trkpt>
   <trkpt lon="-4.348653" lat="36.859006"><ele>884.5</ele></trkpt>
   <trkpt lon="-4.348945" lat="36.858618"><ele>886.5</ele></trkpt>
   <trkpt lon="-4.349067" lat="36.858378"><ele>885.9</ele></trkpt>
   <trkpt lon="-4.349083" lat="36.858203"><ele>886.4</ele></trkpt>
   <trkpt lon="-4.349121" lat="36.858000"><ele>886.3</ele></trkpt>
   <trkpt lon="-4.349395" lat="36.857131"><ele>880.5</ele></trkpt>
   <trkpt lon="-4.349569" lat="36.856760"><ele>871.6</ele></trkpt>
   <trkpt lon="-4.349909" lat="36.856458"><ele>865.9</ele></trkpt>
   <trkpt lon="-4.350016" lat="36.856336"><ele>872.2</ele></trkpt>
   <trkpt lon="-4.350110" lat="36.856181"><ele>869.5</ele></trkpt>
   <trkpt lon="-4.350193" lat="36.855955"><ele>865.5</ele></trkpt>
   <trkpt lon="-4.350307" lat="36.855589"><ele>860.9</ele></trkpt>
   <trkpt lon="-4.350394" lat="36.855121"><ele>858.1</ele></trkpt>
   <trkpt lon="-4.350507" lat="36.854854"><ele>859.2</ele></trkpt>
   <trkpt lon="-4.350564" lat="36.854633"><ele>861.8</ele></trkpt>
   <trkpt lon="-4.350531" lat="36.854407"><ele>864.1</ele></trkpt>
   <trkpt lon="-4.350232" lat="36.853939"><ele>863.3</ele></trkpt>
   <trkpt lon="-4.350161" lat="36.853786"><ele>865.1</ele></trkpt>
   <trkpt lon="-4.350058" lat="36.853498"><ele>866.6</ele></trkpt>
   <trkpt lon="-4.350013" lat="36.853268"><ele>865.3</ele></trkpt>
   <trkpt lon="-4.350025" lat="36.853040"><ele>861.3</ele></trkpt>
   <trkpt lon="-4.350257" lat="36.852628"><ele>852.4</ele></trkpt>
   <trkpt lon="-4.350348" lat="36.852432"><ele>852.6</ele></trkpt>
   <trkpt lon="-4.350220" lat="36.850856"><ele>863.4</ele></trkpt>
   <trkpt lon="-4.350234" lat="36.850712"><ele>866.4</ele></trkpt>
   <trkpt lon="-4.350240" lat="36.850647"><ele>867.7</ele></trkpt>
   <trkpt lon="-4.350311" lat="36.850434"><ele>868.2</ele></trkpt>
   <trkpt lon="-4.350087" lat="36.849727"><ele>862.7</ele></trkpt>
   <trkpt lon="-4.349983" lat="36.849352"><ele>858.8</ele></trkpt>
   <trkpt lon="-4.349863" lat="36.849143"><ele>859.1</ele></trkpt>
   <trkpt lon="-4.349813" lat="36.848992"><ele>858.2</ele></trkpt>
   <trkpt lon="-4.349784" lat="36.848904"><ele>857.5</ele></trkpt>
   <trkpt lon="-4.349871" lat="36.848436"><ele>856.3</ele></trkpt>
   <trkpt lon="-4.349867" lat="36.848144"><ele>854.1</ele></trkpt>
   <trkpt lon="-4.349863" lat="36.847878"><ele>854.6</ele></trkpt>
   <trkpt lon="-4.349863" lat="36.847845"><ele>855.0</ele></trkpt>
   <trkpt lon="-4.349602" lat="36.846862"><ele>852.8</ele></trkpt>
   <trkpt lon="-4.349672" lat="36.846258"><ele>862.1</ele></trkpt>
   <trkpt lon="-4.349635" lat="36.845976"><ele>870.3</ele></trkpt>
   <trkpt lon="-4.349370" lat="36.845643"><ele>874.6</ele></trkpt>
   <trkpt lon="-4.348982" lat="36.845260"><ele>869.8</ele></trkpt>
   <trkpt lon="-4.348838" lat="36.844974"><ele>868.7</ele></trkpt>
   <trkpt lon="-4.348841" lat="36.844785"><ele>870.9</ele></trkpt>
   <trkpt lon="-4.348926" lat="36.844569"><ele>872.6</ele></trkpt>
   <trkpt lon="-4.349302" lat="36.844041"><ele>881.2</ele></trkpt>
   <trkpt lon="-4.349341" lat="36.843851"><ele>884.1</ele></trkpt>
   <trkpt lon="-4.349282" lat="36.843619"><ele>887.7</ele></trkpt>
   <trkpt lon="-4.349198" lat="36.843405"><ele>892.0</ele></trkpt>
   <trkpt lon="-4.348960" lat="36.843121"><ele>893.5</ele></trkpt>
   <trkpt lon="-4.348814" lat="36.842896"><ele>892.5</ele></trkpt>
   <trkpt lon="-4.348721" lat="36.842402"><ele>899.8</ele></trkpt>
   <trkpt lon="-4.348602" lat="36.842139"><ele>904.3</ele></trkpt>
   <trkpt lon="-4.348415" lat="36.841903"><ele>909.9</ele></trkpt>
   <trkpt lon="-4.348349" lat="36.841820"><ele>912.0</ele></trkpt>
   <trkpt lon="-4.348030" lat="36.841687"><ele>907.8</ele></trkpt>
   <trkpt lon="-4.347754" lat="36.841467"><ele>901.4</ele></trkpt>
   <trkpt lon="-4.347632" lat="36.841110"><ele>904.6</ele></trkpt>
   <trkpt lon="-4.347324" lat="36.840535"><ele>914.6</ele></trkpt>
   <trkpt lon="-4.347201" lat="36.840403"><ele>917.2</ele></trkpt>
   <trkpt lon="-4.346798" lat="36.840061"><ele>911.6</ele></trkpt>
   <trkpt lon="-4.346781" lat="36.839954"><ele>907.9</ele></trkpt>
   <trkpt lon="-4.346872" lat="36.839858"><ele>905.6</ele></trkpt>
   <trkpt lon="-4.347075" lat="36.839805"><ele>906.5</ele></trkpt>
   <trkpt lon="-4.347425" lat="36.839756"><ele>909.7</ele></trkpt>
   <trkpt lon="-4.347780" lat="36.839766"><ele>912.9</ele></trkpt>
   <trkpt lon="-4.348963" lat="36.839689"><ele>912.1</ele></trkpt>
   <trkpt lon="-4.349303" lat="36.839669"><ele>914.1</ele></trkpt>
   <trkpt lon="-4.350464" lat="36.839565"><ele>918.5</ele></trkpt>
   <trkpt lon="-4.350908" lat="36.839546"><ele>923.0</ele></trkpt>
   <trkpt lon="-4.351360" lat="36.839589"><ele>928.3</ele></trkpt>
   <trkpt lon="-4.351668" lat="36.839541"><ele>926.9</ele></trkpt>
   <trkpt lon="-4.352178" lat="36.839347"><ele>925.9</ele></trkpt>
   <trkpt lon="-4.352837" lat="36.839187"><ele>934.0</ele></trkpt>
   <trkpt lon="-4.352970" lat="36.839128"><ele>935.7</ele></trkpt>
   <trkpt lon="-4.353050" lat="36.838976"><ele>933.8</ele></trkpt>
   <trkpt lon="-4.353088" lat="36.838783"><ele>933.1</ele></trkpt>
   <trkpt lon="-4.353117" lat="36.838481"><ele>929.9</ele></trkpt>
   <trkpt lon="-4.353157" lat="36.838360"><ele>929.7</ele></trkpt>
   <trkpt lon="-4.353219" lat="36.838251"><ele>928.7</ele></trkpt>
   <trkpt lon="-4.353459" lat="36.837986"><ele>930.8</ele></trkpt>
   <trkpt lon="-4.353551" lat="36.837813"><ele>934.4</ele></trkpt>
   <trkpt lon="-4.353571" lat="36.837647"><ele>934.8</ele></trkpt>
   <trkpt lon="-4.353501" lat="36.837312"><ele>931.8</ele></trkpt>
   <trkpt lon="-4.353509" lat="36.837079"><ele>927.7</ele></trkpt>
   <trkpt lon="-4.353675" lat="36.836711"><ele>930.5</ele></trkpt>
   <trkpt lon="-4.353785" lat="36.836248"><ele>930.5</ele></trkpt>
   <trkpt lon="-4.354000" lat="36.835837"><ele>929.0</ele></trkpt>
   <trkpt lon="-4.354362" lat="36.835295"><ele>932.6</ele></trkpt>
   <trkpt lon="-4.354497" lat="36.835062"><ele>934.5</ele></trkpt>
   <trkpt lon="-4.354565" lat="36.834739"><ele>932.3</ele></trkpt>
   <trkpt lon="-4.354637" lat="36.834555"><ele>932.3</ele></trkpt>
   <trkpt lon="-4.354865" lat="36.834135"><ele>935.6</ele></trkpt>
   <trkpt lon="-4.354966" lat="36.833844"><ele>935.5</ele></trkpt>
   <trkpt lon="-4.354976" lat="36.833470"><ele>934.3</ele></trkpt>
   <trkpt lon="-4.354889" lat="36.833090"><ele>935.3</ele></trkpt>
   <trkpt lon="-4.354772" lat="36.832948"><ele>934.3</ele></trkpt>
   <trkpt lon="-4.354150" lat="36.832309"><ele>923.4</ele></trkpt>
   <trkpt lon="-4.353873" lat="36.831834"><ele>918.0</ele></trkpt>
   <trkpt lon="-4.353774" lat="36.831645"><ele>910.1</ele></trkpt>
   <trkpt lon="-4.353807" lat="36.831489"><ele>908.5</ele></trkpt>
   <trkpt lon="-4.353897" lat="36.831254"><ele>907.3</ele></trkpt>
   <trkpt lon="-4.353962" lat="36.830995"><ele>908.7</ele></trkpt>
   <trkpt lon="-4.353881" lat="36.830278"><ele>904.0</ele></trkpt>
   <trkpt lon="-4.353977" lat="36.829661"><ele>904.8</ele></trkpt>
   <trkpt lon="-4.353924" lat="36.829320"><ele>902.4</ele></trkpt>
   <trkpt lon="-4.353876" lat="36.828902"><ele>902.3</ele></trkpt>
   <trkpt lon="-4.353805" lat="36.828478"><ele>900.6</ele></trkpt>
   <trkpt lon="-4.353970" lat="36.827949"><ele>898.6</ele></trkpt>
   <trkpt lon="-4.353944" lat="36.827598"><ele>896.8</ele></trkpt>
   <trkpt lon="-4.353835" lat="36.827184"><ele>893.3</ele></trkpt>
   <trkpt lon="-4.353843" lat="36.826689"><ele>894.5</ele></trkpt>
   <trkpt lon="-4.353860" lat="36.826385"><ele>896.8</ele></trkpt>
   <trkpt lon="-4.353800" lat="36.826045"><ele>897.5</ele></trkpt>
   <trkpt lon="-4.353755" lat="36.825935"><ele>897.5</ele></trkpt>
   <trkpt lon="-4.353685" lat="36.825765"><ele>897.2</ele></trkpt>
   <trkpt lon="-4.353579" lat="36.825551"><ele>893.4</ele></trkpt>
   <trkpt lon="-4.353544" lat="36.825458"><ele>891.8</ele></trkpt>
   <trkpt lon="-4.353515" lat="36.825263"><ele>888.7</ele></trkpt>
   <trkpt lon="-4.353609" lat="36.825002"><ele>888.0</ele></trkpt>
   <trkpt lon="-4.353800" lat="36.824575"><ele>890.7</ele></trkpt>
   <trkpt lon="-4.353880" lat="36.824328"><ele>893.9</ele></trkpt>
   <trkpt lon="-4.353836" lat="36.823664"><ele>895.3</ele></trkpt>
   <trkpt lon="-4.353819" lat="36.822632"><ele>896.9</ele></trkpt>
   <trkpt lon="-4.353818" lat="36.822551"><ele>897.8</ele></trkpt>
   <trkpt lon="-4.353778" lat="36.822310"><ele>899.3</ele></trkpt>
   <trkpt lon="-4.353646" lat="36.821988"><ele>896.1</ele></trkpt>
   <trkpt lon="-4.353485" lat="36.821047"><ele>900.8</ele></trkpt>
   <trkpt lon="-4.353458" lat="36.820450"><ele>900.0</ele></trkpt>
   <trkpt lon="-4.353455" lat="36.820398"><ele>900.2</ele></trkpt>
   <trkpt lon="-4.353341" lat="36.820396"><ele>898.5</ele></trkpt>
   <trkpt lon="-4.353224" lat="36.820333"><ele>894.9</ele></trkpt>
   <trkpt lon="-4.353041" lat="36.820170"><ele>889.0</ele></trkpt>
   <trkpt lon="-4.352999" lat="36.820014"><ele>886.2</ele></trkpt>
   <trkpt lon="-4.353007" lat="36.819910"><ele>885.5</ele></trkpt>
   <trkpt lon="-4.353152" lat="36.819646"><ele>881.7</ele></trkpt>
   <trkpt lon="-4.353230" lat="36.819476"><ele>881.8</ele></trkpt>
   <trkpt lon="-4.353254" lat="36.819291"><ele>881.2</ele></trkpt>
   <trkpt lon="-4.353179" lat="36.818843"><ele>886.5</ele></trkpt>
   <trkpt lon="-4.353107" lat="36.818745"><ele>888.3</ele></trkpt>
   <trkpt lon="-4.352740" lat="36.818500"><ele>888.4</ele></trkpt>
   <trkpt lon="-4.352451" lat="36.818369"><ele>885.7</ele></trkpt>
   <trkpt lon="-4.351997" lat="36.818245"><ele>876.9</ele></trkpt>
   <trkpt lon="-4.351757" lat="36.818114"><ele>869.1</ele></trkpt>
   <trkpt lon="-4.351686" lat="36.818021"><ele>865.1</ele></trkpt>
   <trkpt lon="-4.351697" lat="36.817912"><ele>863.2</ele></trkpt>
   <trkpt lon="-4.351849" lat="36.817785"><ele>863.1</ele></trkpt>
   <trkpt lon="-4.352068" lat="36.817492"><ele>860.2</ele></trkpt>
   <trkpt lon="-4.352350" lat="36.817237"><ele>868.9</ele></trkpt>
   <trkpt lon="-4.352343" lat="36.817108"><ele>868.9</ele></trkpt>
   <trkpt lon="-4.352163" lat="36.816940"><ele>861.8</ele></trkpt>
   <trkpt lon="-4.352094" lat="36.816844"><ele>858.9</ele></trkpt>
   <trkpt lon="-4.352056" lat="36.816683"><ele>858.2</ele></trkpt>
   <trkpt lon="-4.352076" lat="36.816534"><ele>860.1</ele></trkpt>
   <trkpt lon="-4.352122" lat="36.816372"><ele>866.1</ele></trkpt>
   <trkpt lon="-4.352089" lat="36.816256"><ele>868.5</ele></trkpt>
   <trkpt lon="-4.351797" lat="36.816003"><ele>875.5</ele></trkpt>
   <trkpt lon="-4.351677" lat="36.815940"><ele>878.1</ele></trkpt>
   <trkpt lon="-4.351523" lat="36.815920"><ele>878.4</ele></trkpt>
   <trkpt lon="-4.351205" lat="36.816003"><ele>871.0</ele></trkpt>
   <trkpt lon="-4.350889" lat="36.816011"><ele>863.6</ele></trkpt>
   <trkpt lon="-4.350566" lat="36.815961"><ele>854.9</ele></trkpt>
   <trkpt lon="-4.350361" lat="36.815865"><ele>849.1</ele></trkpt>
   <trkpt lon="-4.350219" lat="36.815741"><ele>848.1</ele></trkpt>
   <trkpt lon="-4.350117" lat="36.815515"><ele>851.4</ele></trkpt>
   <trkpt lon="-4.350047" lat="36.815270"><ele>855.0</ele></trkpt>
   <trkpt lon="-4.349953" lat="36.815155"><ele>856.7</ele></trkpt>
   <trkpt lon="-4.349723" lat="36.815008"><ele>845.6</ele></trkpt>
   <trkpt lon="-4.349508" lat="36.814917"><ele>843.1</ele></trkpt>
   <trkpt lon="-4.349038" lat="36.814775"><ele>839.0</ele></trkpt>
   <trkpt lon="-4.348897" lat="36.814729"><ele>836.7</ele></trkpt>
   <trkpt lon="-4.348411" lat="36.814628"><ele>835.5</ele></trkpt>
   <trkpt lon="-4.348020" lat="36.814449"><ele>828.7</ele></trkpt>
   <trkpt lon="-4.347506" lat="36.814394"><ele>816.5</ele></trkpt>
   <trkpt lon="-4.347343" lat="36.814417"><ele>813.5</ele></trkpt>
   <trkpt lon="-4.346951" lat="36.814605"><ele>818.0</ele></trkpt>
   <trkpt lon="-4.346768" lat="36.814644"><ele>818.5</ele></trkpt>
   <trkpt lon="-4.346045" lat="36.814602"><ele>812.3</ele></trkpt>
   <trkpt lon="-4.345695" lat="36.814647"><ele>813.1</ele></trkpt>
   <trkpt lon="-4.345562" lat="36.814676"><ele>814.2</ele></trkpt>
   <trkpt lon="-4.344925" lat="36.814874"><ele>826.0</ele></trkpt>
   <trkpt lon="-4.344604" lat="36.815038"><ele>828.5</ele></trkpt>
   <trkpt lon="-4.344388" lat="36.815113"><ele>828.5</ele></trkpt>
   <trkpt lon="-4.343310" lat="36.815083"><ele>817.4</ele></trkpt>
   <trkpt lon="-4.343102" lat="36.815078"><ele>816.3</ele></trkpt>
   <trkpt lon="-4.342507" lat="36.814999"><ele>814.0</ele></trkpt>
   <trkpt lon="-4.340694" lat="36.815052"><ele>832.8</ele></trkpt>
   <trkpt lon="-4.340521" lat="36.814902"><ele>828.6</ele></trkpt>
   <trkpt lon="-4.340375" lat="36.814833"><ele>827.8</ele></trkpt>
   <trkpt lon="-4.339972" lat="36.814794"><ele>832.4</ele></trkpt>
   <trkpt lon="-4.339875" lat="36.814738"><ele>832.0</ele></trkpt>
   <trkpt lon="-4.339796" lat="36.814614"><ele>828.6</ele></trkpt>
   <trkpt lon="-4.339745" lat="36.814474"><ele>824.1</ele></trkpt>
   <trkpt lon="-4.339577" lat="36.814327"><ele>823.0</ele></trkpt>
   <trkpt lon="-4.339526" lat="36.814147"><ele>818.9</ele></trkpt>
   <trkpt lon="-4.339307" lat="36.813857"><ele>817.5</ele></trkpt>
   <trkpt lon="-4.339327" lat="36.813677"><ele>813.0</ele></trkpt>
   <trkpt lon="-4.339263" lat="36.813388"><ele>807.0</ele></trkpt>
   <trkpt lon="-4.339310" lat="36.813255"><ele>801.2</ele></trkpt>
   <trkpt lon="-4.339282" lat="36.813172"><ele>798.3</ele></trkpt>
   <trkpt lon="-4.339266" lat="36.813123"><ele>796.6</ele></trkpt>
   <trkpt lon="-4.338921" lat="36.812898"><ele>789.8</ele></trkpt>
   <trkpt lon="-4.338743" lat="36.812826"><ele>789.9</ele></trkpt>
   <trkpt lon="-4.337972" lat="36.812461"><ele>804.9</ele></trkpt>
   <trkpt lon="-4.337912" lat="36.812306"><ele>804.8</ele></trkpt>
   <trkpt lon="-4.338007" lat="36.812072"><ele>795.9</ele></trkpt>
   <trkpt lon="-4.337817" lat="36.811818"><ele>803.0</ele></trkpt>
   <trkpt lon="-4.337896" lat="36.811155"><ele>793.6</ele></trkpt>
   <trkpt lon="-4.338019" lat="36.810833"><ele>784.2</ele></trkpt>
   <trkpt lon="-4.338198" lat="36.810572"><ele>773.1</ele></trkpt>
   <trkpt lon="-4.338274" lat="36.810422"><ele>767.3</ele></trkpt>
   <trkpt lon="-4.338286" lat="36.810312"><ele>764.0</ele></trkpt>
   <trkpt lon="-4.338270" lat="36.810190"><ele>760.4</ele></trkpt>
   <trkpt lon="-4.338197" lat="36.810117"><ele>759.8</ele></trkpt>
   <trkpt lon="-4.337994" lat="36.810102"><ele>764.2</ele></trkpt>
   <trkpt lon="-4.337947" lat="36.810023"><ele>762.2</ele></trkpt>
   <trkpt lon="-4.337982" lat="36.809794"><ele>751.0</ele></trkpt>
   <trkpt lon="-4.337894" lat="36.809640"><ele>743.8</ele></trkpt>
   <trkpt lon="-4.337774" lat="36.809568"><ele>740.9</ele></trkpt>
   <trkpt lon="-4.337537" lat="36.809539"><ele>742.7</ele></trkpt>
   <trkpt lon="-4.337508" lat="36.809464"><ele>740.4</ele></trkpt>
   <trkpt lon="-4.338364" lat="36.809427"><ele>730.8</ele></trkpt>
   <trkpt lon="-4.338403" lat="36.809513"><ele>734.0</ele></trkpt>
   <trkpt lon="-4.338387" lat="36.809679"><ele>740.5</ele></trkpt>
   <trkpt lon="-4.338497" lat="36.809700"><ele>739.6</ele></trkpt>
   <trkpt lon="-4.339314" lat="36.809533"><ele>722.1</ele></trkpt>
   <trkpt lon="-4.339399" lat="36.809551"><ele>721.0</ele></trkpt>
   <trkpt lon="-4.339472" lat="36.809598"><ele>720.8</ele></trkpt>
   <trkpt lon="-4.339589" lat="36.809772"><ele>722.0</ele></trkpt>
   <trkpt lon="-4.339664" lat="36.809745"><ele>720.4</ele></trkpt>
   <trkpt lon="-4.339817" lat="36.809516"><ele>712.3</ele></trkpt>
   <trkpt lon="-4.339644" lat="36.809112"><ele>706.7</ele></trkpt>
   <trkpt lon="-4.339392" lat="36.809006"><ele>708.9</ele></trkpt>
   <trkpt lon="-4.339369" lat="36.808926"><ele>706.7</ele></trkpt>
   <trkpt lon="-4.339569" lat="36.808802"><ele>700.5</ele></trkpt>
   <trkpt lon="-4.339367" lat="36.808531"><ele>692.3</ele></trkpt>
   <trkpt lon="-4.339094" lat="36.808421"><ele>688.0</ele></trkpt>
   <trkpt lon="-4.338829" lat="36.808277"><ele>685.1</ele></trkpt>
   <trkpt lon="-4.338710" lat="36.808272"><ele>686.7</ele></trkpt>
   <trkpt lon="-4.338547" lat="36.808356"><ele>691.6</ele></trkpt>
   <trkpt lon="-4.338395" lat="36.808422"><ele>695.7</ele></trkpt>
   <trkpt lon="-4.338275" lat="36.808434"><ele>698.6</ele></trkpt>
   <trkpt lon="-4.338261" lat="36.808347"><ele>698.7</ele></trkpt>
   <trkpt lon="-4.338309" lat="36.808177"><ele>698.2</ele></trkpt>
   <trkpt lon="-4.338263" lat="36.807948"><ele>701.9</ele></trkpt>
   <trkpt lon="-4.338289" lat="36.807841"><ele>701.9</ele></trkpt>
   <trkpt lon="-4.338429" lat="36.807775"><ele>697.8</ele></trkpt>
   <trkpt lon="-4.338509" lat="36.807676"><ele>696.1</ele></trkpt>
   <trkpt lon="-4.338625" lat="36.807192"><ele>696.1</ele></trkpt>
   <trkpt lon="-4.338513" lat="36.806980"><ele>705.0</ele></trkpt>
   <trkpt lon="-4.338508" lat="36.806891"><ele>708.4</ele></trkpt>
   <trkpt lon="-4.338764" lat="36.806751"><ele>706.1</ele></trkpt>
   <trkpt lon="-4.338897" lat="36.806601"><ele>708.0</ele></trkpt>
   <trkpt lon="-4.339203" lat="36.806427"><ele>701.4</ele></trkpt>
   <trkpt lon="-4.339401" lat="36.806213"><ele>699.5</ele></trkpt>
   <trkpt lon="-4.339599" lat="36.806133"><ele>691.2</ele></trkpt>
   <trkpt lon="-4.339774" lat="36.806009"><ele>683.6</ele></trkpt>
   <trkpt lon="-4.339749" lat="36.805909"><ele>683.5</ele></trkpt>
   <trkpt lon="-4.339636" lat="36.805808"><ele>688.0</ele></trkpt>
   <trkpt lon="-4.339381" lat="36.805648"><ele>698.5</ele></trkpt>
   <trkpt lon="-4.339323" lat="36.805520"><ele>702.2</ele></trkpt>
   <trkpt lon="-4.339372" lat="36.805441"><ele>702.2</ele></trkpt>
   <trkpt lon="-4.339587" lat="36.805394"><ele>696.0</ele></trkpt>
   <trkpt lon="-4.340035" lat="36.805065"><ele>695.2</ele></trkpt>
   <trkpt lon="-4.340231" lat="36.805035"><ele>691.6</ele></trkpt>
   <trkpt lon="-4.340657" lat="36.804853"><ele>686.7</ele></trkpt>
   <trkpt lon="-4.340907" lat="36.804368"><ele>681.8</ele></trkpt>
   <trkpt lon="-4.341053" lat="36.803894"><ele>680.1</ele></trkpt>
   <trkpt lon="-4.341231" lat="36.803757"><ele>676.5</ele></trkpt>
   <trkpt lon="-4.341443" lat="36.803618"><ele>675.5</ele></trkpt>
   <trkpt lon="-4.341643" lat="36.803562"><ele>674.0</ele></trkpt>
   <trkpt lon="-4.342101" lat="36.803453"><ele>667.8</ele></trkpt>
   <trkpt lon="-4.342249" lat="36.803310"><ele>666.9</ele></trkpt>
   <trkpt lon="-4.342374" lat="36.803271"><ele>665.7</ele></trkpt>
   <trkpt lon="-4.342595" lat="36.803083"><ele>662.3</ele></trkpt>
   <trkpt lon="-4.343339" lat="36.802916"><ele>651.4</ele></trkpt>
   <trkpt lon="-4.343693" lat="36.802748"><ele>649.0</ele></trkpt>
   <trkpt lon="-4.344035" lat="36.802754"><ele>641.5</ele></trkpt>
   <trkpt lon="-4.344255" lat="36.802502"><ele>642.8</ele></trkpt>
   <trkpt lon="-4.344416" lat="36.802148"><ele>645.0</ele></trkpt>
   <trkpt lon="-4.344540" lat="36.802043"><ele>643.5</ele></trkpt>
   <trkpt lon="-4.344866" lat="36.801899"><ele>638.8</ele></trkpt>
   <trkpt lon="-4.345175" lat="36.801700"><ele>634.5</ele></trkpt>
   <trkpt lon="-4.345249" lat="36.801593"><ele>634.9</ele></trkpt>
   <trkpt lon="-4.345279" lat="36.801504"><ele>636.6</ele></trkpt>
   <trkpt lon="-4.345355" lat="36.801421"><ele>635.8</ele></trkpt>
   <trkpt lon="-4.345645" lat="36.801295"><ele>628.7</ele></trkpt>
   <trkpt lon="-4.346350" lat="36.801124"><ele>609.2</ele></trkpt>
   <trkpt lon="-4.346670" lat="36.801017"><ele>598.1</ele></trkpt>
   <trkpt lon="-4.346656" lat="36.800944"><ele>597.0</ele></trkpt>
   <trkpt lon="-4.346588" lat="36.800879"><ele>597.7</ele></trkpt>
   <trkpt lon="-4.346427" lat="36.800777"><ele>602.3</ele></trkpt>
   <trkpt lon="-4.346588" lat="36.800879"><ele>597.7</ele></trkpt>
   <trkpt lon="-4.346656" lat="36.800944"><ele>597.0</ele></trkpt>
   <trkpt lon="-4.346670" lat="36.801017"><ele>598.1</ele></trkpt>
   <trkpt lon="-4.346350" lat="36.801124"><ele>609.2</ele></trkpt>
   <trkpt lon="-4.345645" lat="36.801295"><ele>628.7</ele></trkpt>
   <trkpt lon="-4.345355" lat="36.801421"><ele>635.8</ele></trkpt>
   <trkpt lon="-4.345279" lat="36.801504"><ele>636.6</ele></trkpt>
   <trkpt lon="-4.345249" lat="36.801593"><ele>634.9</ele></trkpt>
   <trkpt lon="-4.345175" lat="36.801700"><ele>634.5</ele></trkpt>
   <trkpt lon="-4.344866" lat="36.801899"><ele>638.8</ele></trkpt>
   <trkpt lon="-4.344540" lat="36.802043"><ele>643.5</ele></trkpt>
   <trkpt lon="-4.344416" lat="36.802148"><ele>645.0</ele></trkpt>
   <trkpt lon="-4.344255" lat="36.802502"><ele>642.8</ele></trkpt>
   <trkpt lon="-4.344035" lat="36.802754"><ele>641.5</ele></trkpt>
   <trkpt lon="-4.343693" lat="36.802748"><ele>649.0</ele></trkpt>
   <trkpt lon="-4.343339" lat="36.802916"><ele>651.4</ele></trkpt>
   <trkpt lon="-4.342595" lat="36.803083"><ele>662.3</ele></trkpt>
   <trkpt lon="-4.342374" lat="36.803271"><ele>665.7</ele></trkpt>
   <trkpt lon="-4.342249" lat="36.803310"><ele>666.9</ele></trkpt>
   <trkpt lon="-4.342101" lat="36.803453"><ele>667.8</ele></trkpt>
   <trkpt lon="-4.341643" lat="36.803562"><ele>674.0</ele></trkpt>
   <trkpt lon="-4.341443" lat="36.803618"><ele>675.5</ele></trkpt>
   <trkpt lon="-4.341231" lat="36.803757"><ele>676.5</ele></trkpt>
   <trkpt lon="-4.341053" lat="36.803894"><ele>680.1</ele></trkpt>
   <trkpt lon="-4.340907" lat="36.804368"><ele>681.8</ele></trkpt>
   <trkpt lon="-4.340657" lat="36.804853"><ele>686.7</ele></trkpt>
   <trkpt lon="-4.340231" lat="36.805035"><ele>691.6</ele></trkpt>
   <trkpt lon="-4.340035" lat="36.805065"><ele>695.2</ele></trkpt>
   <trkpt lon="-4.339587" lat="36.805394"><ele>696.0</ele></trkpt>
   <trkpt lon="-4.339372" lat="36.805441"><ele>702.2</ele></trkpt>
   <trkpt lon="-4.339323" lat="36.805520"><ele>702.2</ele></trkpt>
   <trkpt lon="-4.339381" lat="36.805648"><ele>698.5</ele></trkpt>
   <trkpt lon="-4.339636" lat="36.805808"><ele>688.0</ele></trkpt>
   <trkpt lon="-4.339749" lat="36.805909"><ele>683.5</ele></trkpt>
   <trkpt lon="-4.339774" lat="36.806009"><ele>683.6</ele></trkpt>
   <trkpt lon="-4.339289" lat="36.805800"><ele>703.4</ele></trkpt>
   <trkpt lon="-4.339022" lat="36.805713"><ele>715.9</ele></trkpt>
   <trkpt lon="-4.338893" lat="36.805531"><ele>718.0</ele></trkpt>
   <trkpt lon="-4.338903" lat="36.805293"><ele>715.6</ele></trkpt>
   <trkpt lon="-4.339022" lat="36.805159"><ele>711.7</ele></trkpt>
   <trkpt lon="-4.339240" lat="36.805008"><ele>707.5</ele></trkpt>
   <trkpt lon="-4.339380" lat="36.804829"><ele>705.3</ele></trkpt>
   <trkpt lon="-4.339494" lat="36.804636"><ele>699.3</ele></trkpt>
   <trkpt lon="-4.339497" lat="36.804526"><ele>695.5</ele></trkpt>
   <trkpt lon="-4.339222" lat="36.804765"><ele>699.6</ele></trkpt>
   <trkpt lon="-4.338965" lat="36.804852"><ele>700.1</ele></trkpt>
   <trkpt lon="-4.338720" lat="36.804998"><ele>705.3</ele></trkpt>
   <trkpt lon="-4.338632" lat="36.805016"><ele>705.6</ele></trkpt>
   <trkpt lon="-4.338646" lat="36.805063"><ele>708.0</ele></trkpt>
   <trkpt lon="-4.338558" lat="36.805123"><ele>709.9</ele></trkpt>
   <trkpt lon="-4.338429" lat="36.805164"><ele>710.1</ele></trkpt>
   <trkpt lon="-4.338334" lat="36.805236"><ele>711.8</ele></trkpt>
   <trkpt lon="-4.338350" lat="36.805499"><ele>717.6</ele></trkpt>
   <trkpt lon="-4.338306" lat="36.805679"><ele>720.7</ele></trkpt>
   <trkpt lon="-4.338218" lat="36.805873"><ele>723.4</ele></trkpt>
   <trkpt lon="-4.338085" lat="36.806017"><ele>724.1</ele></trkpt>
   <trkpt lon="-4.337922" lat="36.806149"><ele>725.7</ele></trkpt>
   <trkpt lon="-4.337785" lat="36.806181"><ele>723.8</ele></trkpt>
   <trkpt lon="-4.337507" lat="36.806291"><ele>722.2</ele></trkpt>
   <trkpt lon="-4.337267" lat="36.806436"><ele>725.8</ele></trkpt>
   <trkpt lon="-4.336638" lat="36.806552"><ele>732.4</ele></trkpt>
   <trkpt lon="-4.336497" lat="36.806585"><ele>735.8</ele></trkpt>
   <trkpt lon="-4.336219" lat="36.806368"><ele>729.4</ele></trkpt>
   <trkpt lon="-4.336010" lat="36.806333"><ele>729.2</ele></trkpt>
   <trkpt lon="-4.335763" lat="36.806187"><ele>722.3</ele></trkpt>
   <trkpt lon="-4.335461" lat="36.806190"><ele>717.6</ele></trkpt>
   <trkpt lon="-4.335328" lat="36.806278"><ele>717.1</ele></trkpt>
   <trkpt lon="-4.335129" lat="36.806330"><ele>713.4</ele></trkpt>
   <trkpt lon="-4.334909" lat="36.806420"><ele>710.2</ele></trkpt>
   <trkpt lon="-4.334703" lat="36.806613"><ele>715.8</ele></trkpt>
   <trkpt lon="-4.334539" lat="36.806646"><ele>717.8</ele></trkpt>
   <trkpt lon="-4.334237" lat="36.806821"><ele>729.9</ele></trkpt>
   <trkpt lon="-4.334124" lat="36.806835"><ele>735.3</ele></trkpt>
   <trkpt lon="-4.333949" lat="36.806365"><ele>731.2</ele></trkpt>
   <trkpt lon="-4.333794" lat="36.806294"><ele>734.9</ele></trkpt>
   <trkpt lon="-4.333213" lat="36.805808"><ele>731.6</ele></trkpt>
   <trkpt lon="-4.333145" lat="36.805823"><ele>732.7</ele></trkpt>
   <trkpt lon="-4.332740" lat="36.805735"><ele>730.6</ele></trkpt>
   <trkpt lon="-4.332150" lat="36.805948"><ele>747.2</ele></trkpt>
   <trkpt lon="-4.331994" lat="36.806072"><ele>758.9</ele></trkpt>
   <trkpt lon="-4.331861" lat="36.806077"><ele>763.8</ele></trkpt>
   <trkpt lon="-4.331711" lat="36.805933"><ele>764.5</ele></trkpt>
   <trkpt lon="-4.331530" lat="36.805895"><ele>771.5</ele></trkpt>
   <trkpt lon="-4.331392" lat="36.805753"><ele>772.1</ele></trkpt>
   <trkpt lon="-4.330885" lat="36.805498"><ele>787.8</ele></trkpt>
   <trkpt lon="-4.330511" lat="36.805238"><ele>803.0</ele></trkpt>
   <trkpt lon="-4.330501" lat="36.804810"><ele>799.1</ele></trkpt>
   <trkpt lon="-4.330402" lat="36.804691"><ele>798.9</ele></trkpt>
   <trkpt lon="-4.330404" lat="36.804818"><ele>802.6</ele></trkpt>
   <trkpt lon="-4.330293" lat="36.805040"><ele>808.2</ele></trkpt>
   <trkpt lon="-4.330230" lat="36.805246"><ele>809.3</ele></trkpt>
   <trkpt lon="-4.330259" lat="36.805388"><ele>808.0</ele></trkpt>
   <trkpt lon="-4.330375" lat="36.805560"><ele>806.0</ele></trkpt>
   <trkpt lon="-4.330353" lat="36.805595"><ele>806.4</ele></trkpt>
   <trkpt lon="-4.330313" lat="36.805605"><ele>806.9</ele></trkpt>
   <trkpt lon="-4.330268" lat="36.805576"><ele>807.0</ele></trkpt>
   <trkpt lon="-4.330176" lat="36.805462"><ele>808.6</ele></trkpt>
   <trkpt lon="-4.330075" lat="36.805404"><ele>808.3</ele></trkpt>
   <trkpt lon="-4.329890" lat="36.805415"><ele>805.2</ele></trkpt>
   <trkpt lon="-4.329781" lat="36.805421"><ele>803.1</ele></trkpt>
   <trkpt lon="-4.329723" lat="36.805343"><ele>802.4</ele></trkpt>
   <trkpt lon="-4.328824" lat="36.804473"><ele>797.3</ele></trkpt>
   <trkpt lon="-4.328670" lat="36.804375"><ele>795.2</ele></trkpt>
   <trkpt lon="-4.328190" lat="36.804150"><ele>793.7</ele></trkpt>
   <trkpt lon="-4.328104" lat="36.804122"><ele>793.5</ele></trkpt>
   <trkpt lon="-4.327852" lat="36.804042"><ele>793.5</ele></trkpt>
   <trkpt lon="-4.327625" lat="36.803997"><ele>794.2</ele></trkpt>
   <trkpt lon="-4.327074" lat="36.803943"><ele>793.2</ele></trkpt>
   <trkpt lon="-4.326669" lat="36.803804"><ele>789.4</ele></trkpt>
   <trkpt lon="-4.326465" lat="36.803714"><ele>786.0</ele></trkpt>
   <trkpt lon="-4.326415" lat="36.803651"><ele>785.3</ele></trkpt>
   <trkpt lon="-4.326296" lat="36.803293"><ele>782.8</ele></trkpt>
   <trkpt lon="-4.326232" lat="36.803164"><ele>782.8</ele></trkpt>
   <trkpt lon="-4.326031" lat="36.803024"><ele>783.3</ele></trkpt>
   <trkpt lon="-4.325368" lat="36.802636"><ele>781.9</ele></trkpt>
   <trkpt lon="-4.325254" lat="36.802516"><ele>780.6</ele></trkpt>
   <trkpt lon="-4.324965" lat="36.802118"><ele>787.7</ele></trkpt>
   <trkpt lon="-4.324744" lat="36.801945"><ele>790.0</ele></trkpt>
   <trkpt lon="-4.324534" lat="36.801829"><ele>791.9</ele></trkpt>
   <trkpt lon="-4.324214" lat="36.801762"><ele>787.4</ele></trkpt>
   <trkpt lon="-4.324057" lat="36.801694"><ele>785.7</ele></trkpt>
   <trkpt lon="-4.323822" lat="36.801454"><ele>790.3</ele></trkpt>
   <trkpt lon="-4.323607" lat="36.801374"><ele>791.4</ele></trkpt>
   <trkpt lon="-4.323094" lat="36.801284"><ele>787.6</ele></trkpt>
   <trkpt lon="-4.322762" lat="36.801212"><ele>779.9</ele></trkpt>
   <trkpt lon="-4.322644" lat="36.801162"><ele>777.3</ele></trkpt>
   <trkpt lon="-4.322123" lat="36.800731"><ele>779.7</ele></trkpt>
   <trkpt lon="-4.321859" lat="36.800683"><ele>773.1</ele></trkpt>
   <trkpt lon="-4.321471" lat="36.800751"><ele>767.3</ele></trkpt>
   <trkpt lon="-4.321361" lat="36.800831"><ele>768.2</ele></trkpt>
   <trkpt lon="-4.321136" lat="36.801086"><ele>771.0</ele></trkpt>
   <trkpt lon="-4.320834" lat="36.801199"><ele>768.2</ele></trkpt>
   <trkpt lon="-4.320762" lat="36.801201"><ele>766.7</ele></trkpt>
   <trkpt lon="-4.320641" lat="36.801198"><ele>763.9</ele></trkpt>
   <trkpt lon="-4.320450" lat="36.801101"><ele>754.7</ele></trkpt>
   <trkpt lon="-4.320565" lat="36.800944"><ele>752.8</ele></trkpt>
   <trkpt lon="-4.320726" lat="36.800801"><ele>752.5</ele></trkpt>
   <trkpt lon="-4.321317" lat="36.800507"><ele>749.8</ele></trkpt>
   <trkpt lon="-4.321489" lat="36.800352"><ele>748.6</ele></trkpt>
   <trkpt lon="-4.321652" lat="36.800161"><ele>747.9</ele></trkpt>
   <trkpt lon="-4.321783" lat="36.799907"><ele>749.9</ele></trkpt>
   <trkpt lon="-4.321838" lat="36.799524"><ele>747.2</ele></trkpt>
   <trkpt lon="-4.321928" lat="36.799159"><ele>749.0</ele></trkpt>
   <trkpt lon="-4.321869" lat="36.798801"><ele>742.5</ele></trkpt>
   <trkpt lon="-4.321984" lat="36.798220"><ele>736.3</ele></trkpt>
   <trkpt lon="-4.322063" lat="36.798115"><ele>736.7</ele></trkpt>
   <trkpt lon="-4.322191" lat="36.797975"><ele>737.9</ele></trkpt>
   <trkpt lon="-4.322242" lat="36.797845"><ele>736.5</ele></trkpt>
   <trkpt lon="-4.322276" lat="36.797583"><ele>730.8</ele></trkpt>
   <trkpt lon="-4.322436" lat="36.797228"><ele>730.4</ele></trkpt>
   <trkpt lon="-4.322568" lat="36.797002"><ele>732.4</ele></trkpt>
   <trkpt lon="-4.322779" lat="36.796738"><ele>735.2</ele></trkpt>
   <trkpt lon="-4.322892" lat="36.796416"><ele>732.1</ele></trkpt>
   <trkpt lon="-4.323026" lat="36.796125"><ele>735.4</ele></trkpt>
   <trkpt lon="-4.323038" lat="36.795989"><ele>735.4</ele></trkpt>
   <trkpt lon="-4.322957" lat="36.795793"><ele>731.9</ele></trkpt>
   <trkpt lon="-4.322863" lat="36.795340"><ele>726.9</ele></trkpt>
   <trkpt lon="-4.322851" lat="36.795103"><ele>720.0</ele></trkpt>
   <trkpt lon="-4.323045" lat="36.794771"><ele>714.6</ele></trkpt>
   <trkpt lon="-4.323342" lat="36.794510"><ele>717.7</ele></trkpt>
   <trkpt lon="-4.323428" lat="36.794263"><ele>713.9</ele></trkpt>
   <trkpt lon="-4.323495" lat="36.793987"><ele>710.6</ele></trkpt>
   <trkpt lon="-4.323715" lat="36.793754"><ele>710.1</ele></trkpt>
   <trkpt lon="-4.324018" lat="36.793497"><ele>706.3</ele></trkpt>
   <trkpt lon="-4.324778" lat="36.792524"><ele>698.3</ele></trkpt>
   <trkpt lon="-4.325048" lat="36.792214"><ele>695.0</ele></trkpt>
   <trkpt lon="-4.325765" lat="36.791489"><ele>699.3</ele></trkpt>
   <trkpt lon="-4.325851" lat="36.791376"><ele>697.8</ele></trkpt>
   <trkpt lon="-4.326048" lat="36.791125"><ele>697.2</ele></trkpt>
   <trkpt lon="-4.326149" lat="36.790904"><ele>696.5</ele></trkpt>
   <trkpt lon="-4.326110" lat="36.790028"><ele>688.6</ele></trkpt>
   <trkpt lon="-4.326133" lat="36.789915"><ele>688.3</ele></trkpt>
   <trkpt lon="-4.326330" lat="36.789711"><ele>696.1</ele></trkpt>
   <trkpt lon="-4.326311" lat="36.789587"><ele>696.4</ele></trkpt>
   <trkpt lon="-4.326183" lat="36.789500"><ele>692.6</ele></trkpt>
   <trkpt lon="-4.325965" lat="36.789319"><ele>687.6</ele></trkpt>
   <trkpt lon="-4.325527" lat="36.788879"><ele>685.3</ele></trkpt>
   <trkpt lon="-4.324892" lat="36.788640"><ele>682.4</ele></trkpt>
   <trkpt lon="-4.324324" lat="36.788553"><ele>670.0</ele></trkpt>
   <trkpt lon="-4.324157" lat="36.788432"><ele>662.8</ele></trkpt>
   <trkpt lon="-4.324056" lat="36.788188"><ele>658.4</ele></trkpt>
   <trkpt lon="-4.323949" lat="36.787748"><ele>657.4</ele></trkpt>
   <trkpt lon="-4.323903" lat="36.787497"><ele>660.5</ele></trkpt>
   <trkpt lon="-4.323642" lat="36.787216"><ele>661.0</ele></trkpt>
   <trkpt lon="-4.323270" lat="36.787005"><ele>655.7</ele></trkpt>
   <trkpt lon="-4.322696" lat="36.786795"><ele>648.2</ele></trkpt>
   <trkpt lon="-4.322224" lat="36.786642"><ele>639.4</ele></trkpt>
   <trkpt lon="-4.321877" lat="36.786513"><ele>633.4</ele></trkpt>
   <trkpt lon="-4.321453" lat="36.786210"><ele>621.7</ele></trkpt>
   <trkpt lon="-4.321272" lat="36.785965"><ele>615.5</ele></trkpt>
   <trkpt lon="-4.321133" lat="36.785605"><ele>606.7</ele></trkpt>
   <trkpt lon="-4.321099" lat="36.785243"><ele>600.6</ele></trkpt>
   <trkpt lon="-4.321224" lat="36.784849"><ele>601.0</ele></trkpt>
   <trkpt lon="-4.321370" lat="36.784534"><ele>602.2</ele></trkpt>
   <trkpt lon="-4.321359" lat="36.784422"><ele>601.6</ele></trkpt>
   <trkpt lon="-4.321323" lat="36.784358"><ele>600.4</ele></trkpt>
   <trkpt lon="-4.321168" lat="36.784321"><ele>594.5</ele></trkpt>
   <trkpt lon="-4.321053" lat="36.784404"><ele>590.9</ele></trkpt>
   <trkpt lon="-4.320914" lat="36.784686"><ele>587.6</ele></trkpt>
   <trkpt lon="-4.320801" lat="36.784999"><ele>585.3</ele></trkpt>
   <trkpt lon="-4.320709" lat="36.785364"><ele>587.5</ele></trkpt>
   <trkpt lon="-4.320661" lat="36.785431"><ele>586.9</ele></trkpt>
   <trkpt lon="-4.320585" lat="36.785450"><ele>583.8</ele></trkpt>
   <trkpt lon="-4.320508" lat="36.785429"><ele>581.0</ele></trkpt>
   <trkpt lon="-4.320494" lat="36.785326"><ele>578.4</ele></trkpt>
   <trkpt lon="-4.320587" lat="36.785053"><ele>576.4</ele></trkpt>
   <trkpt lon="-4.320616" lat="36.784821"><ele>575.0</ele></trkpt>
   <trkpt lon="-4.320618" lat="36.784654"><ele>573.5</ele></trkpt>
   <trkpt lon="-4.320576" lat="36.784295"><ele>567.7</ele></trkpt>
   <trkpt lon="-4.320601" lat="36.784066"><ele>565.4</ele></trkpt>
   <trkpt lon="-4.320717" lat="36.783709"><ele>563.1</ele></trkpt>
   <trkpt lon="-4.320742" lat="36.783032"><ele>557.0</ele></trkpt>
   <trkpt lon="-4.320784" lat="36.782866"><ele>556.6</ele></trkpt>
   <trkpt lon="-4.320978" lat="36.782564"><ele>558.3</ele></trkpt>
   <trkpt lon="-4.321058" lat="36.782386"><ele>557.3</ele></trkpt>
   <trkpt lon="-4.321093" lat="36.782190"><ele>556.6</ele></trkpt>
   <trkpt lon="-4.320879" lat="36.781130"><ele>556.5</ele></trkpt>
   <trkpt lon="-4.320843" lat="36.781062"><ele>557.7</ele></trkpt>
   <trkpt lon="-4.320729" lat="36.780932"><ele>556.5</ele></trkpt>
   <trkpt lon="-4.319748" lat="36.780489"><ele>547.5</ele></trkpt>
   <trkpt lon="-4.319413" lat="36.780330"><ele>539.2</ele></trkpt>
   <trkpt lon="-4.319256" lat="36.780047"><ele>547.1</ele></trkpt>
   <trkpt lon="-4.319130" lat="36.779975"><ele>546.8</ele></trkpt>
   <trkpt lon="-4.318663" lat="36.779742"><ele>545.8</ele></trkpt>
   <trkpt lon="-4.317974" lat="36.779487"><ele>541.0</ele></trkpt>
   <trkpt lon="-4.317381" lat="36.779340"><ele>530.5</ele></trkpt>
   <trkpt lon="-4.317154" lat="36.779227"><ele>524.3</ele></trkpt>
   <trkpt lon="-4.317041" lat="36.779089"><ele>518.1</ele></trkpt>
   <trkpt lon="-4.317024" lat="36.778945"><ele>515.1</ele></trkpt>
   <trkpt lon="-4.317097" lat="36.778706"><ele>511.3</ele></trkpt>
   <trkpt lon="-4.317305" lat="36.778395"><ele>508.5</ele></trkpt>
   <trkpt lon="-4.317610" lat="36.778065"><ele>508.5</ele></trkpt>
   <trkpt lon="-4.317793" lat="36.777894"><ele>509.1</ele></trkpt>
   <trkpt lon="-4.317960" lat="36.777833"><ele>509.4</ele></trkpt>
   <trkpt lon="-4.318189" lat="36.777844"><ele>511.4</ele></trkpt>
   <trkpt lon="-4.318640" lat="36.777932"><ele>511.6</ele></trkpt>
   <trkpt lon="-4.319115" lat="36.778136"><ele>513.0</ele></trkpt>
   <trkpt lon="-4.319314" lat="36.778137"><ele>509.4</ele></trkpt>
   <trkpt lon="-4.319944" lat="36.778139"><ele>508.4</ele></trkpt>
   <trkpt lon="-4.320015" lat="36.778123"><ele>509.0</ele></trkpt>
   <trkpt lon="-4.320074" lat="36.778084"><ele>508.8</ele></trkpt>
   <trkpt lon="-4.320110" lat="36.778022"><ele>507.5</ele></trkpt>
   <trkpt lon="-4.320129" lat="36.777630"><ele>498.8</ele></trkpt>
   <trkpt lon="-4.320201" lat="36.777400"><ele>496.8</ele></trkpt>
   <trkpt lon="-4.320316" lat="36.777302"><ele>497.2</ele></trkpt>
   <trkpt lon="-4.320461" lat="36.777258"><ele>498.0</ele></trkpt>
   <trkpt lon="-4.320685" lat="36.777283"><ele>500.0</ele></trkpt>
   <trkpt lon="-4.321256" lat="36.777378"><ele>503.4</ele></trkpt>
   <trkpt lon="-4.321370" lat="36.777296"><ele>501.4</ele></trkpt>
   <trkpt lon="-4.321373" lat="36.777152"><ele>498.4</ele></trkpt>
   <trkpt lon="-4.321249" lat="36.776635"><ele>488.9</ele></trkpt>
   <trkpt lon="-4.321151" lat="36.776167"><ele>489.5</ele></trkpt>
   <trkpt lon="-4.321034" lat="36.776001"><ele>491.0</ele></trkpt>
   <trkpt lon="-4.320313" lat="36.775529"><ele>476.7</ele></trkpt>
   <trkpt lon="-4.320234" lat="36.775394"><ele>473.8</ele></trkpt>
   <trkpt lon="-4.320146" lat="36.775013"><ele>472.9</ele></trkpt>
   <trkpt lon="-4.320089" lat="36.774879"><ele>472.1</ele></trkpt>
   <trkpt lon="-4.319996" lat="36.774607"><ele>470.3</ele></trkpt>
   <trkpt lon="-4.319956" lat="36.774254"><ele>472.1</ele></trkpt>
   <trkpt lon="-4.319881" lat="36.774049"><ele>471.9</ele></trkpt>
   <trkpt lon="-4.319669" lat="36.773738"><ele>467.1</ele></trkpt>
   <trkpt lon="-4.319346" lat="36.773356"><ele>455.8</ele></trkpt>
   <trkpt lon="-4.319284" lat="36.773258"><ele>451.9</ele></trkpt>
   <trkpt lon="-4.319279" lat="36.773195"><ele>450.7</ele></trkpt>
   <trkpt lon="-4.319299" lat="36.773130"><ele>449.7</ele></trkpt>
   <trkpt lon="-4.319367" lat="36.773049"><ele>447.6</ele></trkpt>
   <trkpt lon="-4.319581" lat="36.772883"><ele>446.0</ele></trkpt>
   <trkpt lon="-4.319818" lat="36.772755"><ele>447.4</ele></trkpt>
   <trkpt lon="-4.319940" lat="36.772705"><ele>448.4</ele></trkpt>
   <trkpt lon="-4.320067" lat="36.772708"><ele>450.1</ele></trkpt>
   <trkpt lon="-4.320190" lat="36.772744"><ele>453.3</ele></trkpt>
   <trkpt lon="-4.320600" lat="36.772923"><ele>460.1</ele></trkpt>
   <trkpt lon="-4.320823" lat="36.772975"><ele>460.3</ele></trkpt>
   <trkpt lon="-4.321025" lat="36.772968"><ele>459.7</ele></trkpt>
   <trkpt lon="-4.321078" lat="36.772916"><ele>458.7</ele></trkpt>
   <trkpt lon="-4.321083" lat="36.772872"><ele>457.6</ele></trkpt>
   <trkpt lon="-4.321065" lat="36.772812"><ele>455.4</ele></trkpt>
   <trkpt lon="-4.320880" lat="36.772606"><ele>449.7</ele></trkpt>
   <trkpt lon="-4.320798" lat="36.772416"><ele>446.2</ele></trkpt>
   <trkpt lon="-4.320702" lat="36.772142"><ele>443.9</ele></trkpt>
   <trkpt lon="-4.320625" lat="36.771977"><ele>443.9</ele></trkpt>
   <trkpt lon="-4.320277" lat="36.771588"><ele>436.1</ele></trkpt>
   <trkpt lon="-4.320237" lat="36.771541"><ele>435.1</ele></trkpt>
   <trkpt lon="-4.320228" lat="36.771486"><ele>435.2</ele></trkpt>
   <trkpt lon="-4.320259" lat="36.771420"><ele>436.0</ele></trkpt>
   <trkpt lon="-4.320301" lat="36.771388"><ele>436.8</ele></trkpt>
   <trkpt lon="-4.320439" lat="36.771306"><ele>439.6</ele></trkpt>
   <trkpt lon="-4.320457" lat="36.771295"><ele>440.0</ele></trkpt>
   <trkpt lon="-4.320487" lat="36.771238"><ele>440.0</ele></trkpt>
   <trkpt lon="-4.320512" lat="36.771192"><ele>440.1</ele></trkpt>
   <trkpt lon="-4.320559" lat="36.770710"><ele>435.2</ele></trkpt>
   <trkpt lon="-4.320595" lat="36.770627"><ele>435.3</ele></trkpt>
   <trkpt lon="-4.320753" lat="36.770537"><ele>438.8</ele></trkpt>
   <trkpt lon="-4.320821" lat="36.770514"><ele>440.4</ele></trkpt>
   <trkpt lon="-4.320911" lat="36.770482"><ele>442.6</ele></trkpt>
   <trkpt lon="-4.320968" lat="36.770405"><ele>443.3</ele></trkpt>
   <trkpt lon="-4.320945" lat="36.770022"><ele>445.2</ele></trkpt>
   <trkpt lon="-4.320953" lat="36.769698"><ele>444.9</ele></trkpt>
   <trkpt lon="-4.320957" lat="36.769488"><ele>446.5</ele></trkpt>
   <trkpt lon="-4.320828" lat="36.769290"><ele>443.0</ele></trkpt>
   <trkpt lon="-4.320780" lat="36.769077"><ele>442.2</ele></trkpt>
   <trkpt lon="-4.320799" lat="36.768765"><ele>444.3</ele></trkpt>
   <trkpt lon="-4.320844" lat="36.768633"><ele>447.7</ele></trkpt>
   <trkpt lon="-4.321244" lat="36.768279"><ele>464.6</ele></trkpt>
   <trkpt lon="-4.321269" lat="36.768182"><ele>467.8</ele></trkpt>
   <trkpt lon="-4.321170" lat="36.768089"><ele>468.1</ele></trkpt>
   <trkpt lon="-4.320897" lat="36.767983"><ele>465.5</ele></trkpt>
   <trkpt lon="-4.320612" lat="36.767630"><ele>464.9</ele></trkpt>
   <trkpt lon="-4.320517" lat="36.767526"><ele>459.8</ele></trkpt>
   <trkpt lon="-4.320494" lat="36.767433"><ele>456.5</ele></trkpt>
   <trkpt lon="-4.320531" lat="36.767332"><ele>454.5</ele></trkpt>
   <trkpt lon="-4.320625" lat="36.767252"><ele>456.2</ele></trkpt>
   <trkpt lon="-4.320711" lat="36.767214"><ele>458.3</ele></trkpt>
   <trkpt lon="-4.321023" lat="36.767140"><ele>466.0</ele></trkpt>
   <trkpt lon="-4.321200" lat="36.767044"><ele>469.6</ele></trkpt>
   <trkpt lon="-4.321426" lat="36.766812"><ele>479.0</ele></trkpt>
   <trkpt lon="-4.321410" lat="36.766681"><ele>481.4</ele></trkpt>
   <trkpt lon="-4.321129" lat="36.766457"><ele>476.1</ele></trkpt>
   <trkpt lon="-4.321099" lat="36.766359"><ele>475.4</ele></trkpt>
   <trkpt lon="-4.321095" lat="36.766277"><ele>475.5</ele></trkpt>
   <trkpt lon="-4.321190" lat="36.766009"><ele>479.4</ele></trkpt>
   <trkpt lon="-4.321074" lat="36.765639"><ele>479.0</ele></trkpt>
   <trkpt lon="-4.321074" lat="36.765210"><ele>479.2</ele></trkpt>
   <trkpt lon="-4.321035" lat="36.764748"><ele>482.0</ele></trkpt>
   <trkpt lon="-4.321044" lat="36.764631"><ele>484.3</ele></trkpt>
   <trkpt lon="-4.321039" lat="36.764427"><ele>488.4</ele></trkpt>
   <trkpt lon="-4.321007" lat="36.764356"><ele>488.8</ele></trkpt>
   <trkpt lon="-4.320959" lat="36.764248"><ele>489.3</ele></trkpt>
   <trkpt lon="-4.320733" lat="36.763987"><ele>486.9</ele></trkpt>
   <trkpt lon="-4.320689" lat="36.763848"><ele>488.3</ele></trkpt>
   <trkpt lon="-4.320712" lat="36.763724"><ele>490.6</ele></trkpt>
   <trkpt lon="-4.320832" lat="36.763672"><ele>492.8</ele></trkpt>
   <trkpt lon="-4.320980" lat="36.763680"><ele>493.6</ele></trkpt>
   <trkpt lon="-4.321351" lat="36.763759"><ele>492.3</ele></trkpt>
   <trkpt lon="-4.321883" lat="36.763947"><ele>493.0</ele></trkpt>
   <trkpt lon="-4.322172" lat="36.764020"><ele>491.5</ele></trkpt>
   <trkpt lon="-4.323066" lat="36.764054"><ele>484.1</ele></trkpt>
   <trkpt lon="-4.323263" lat="36.764068"><ele>484.6</ele></trkpt>
   <trkpt lon="-4.323414" lat="36.764054"><ele>484.4</ele></trkpt>
   <trkpt lon="-4.323484" lat="36.764014"><ele>483.1</ele></trkpt>
   <trkpt lon="-4.323536" lat="36.763968"><ele>481.6</ele></trkpt>
   <trkpt lon="-4.323705" lat="36.763631"><ele>471.2</ele></trkpt>
   <trkpt lon="-4.323803" lat="36.763417"><ele>471.5</ele></trkpt>
   <trkpt lon="-4.323933" lat="36.763286"><ele>473.8</ele></trkpt>
   <trkpt lon="-4.324046" lat="36.763124"><ele>473.7</ele></trkpt>
   <trkpt lon="-4.324088" lat="36.762901"><ele>470.1</ele></trkpt>
   <trkpt lon="-4.324269" lat="36.762760"><ele>471.8</ele></trkpt>
   <trkpt lon="-4.324374" lat="36.762691"><ele>473.7</ele></trkpt>
   <trkpt lon="-4.324388" lat="36.762619"><ele>472.8</ele></trkpt>
   <trkpt lon="-4.324302" lat="36.762459"><ele>466.9</ele></trkpt>
   <trkpt lon="-4.324299" lat="36.762332"><ele>464.8</ele></trkpt>
   <trkpt lon="-4.324417" lat="36.762165"><ele>466.3</ele></trkpt>
   <trkpt lon="-4.324917" lat="36.761659"><ele>466.8</ele></trkpt>
   <trkpt lon="-4.325184" lat="36.761414"><ele>463.9</ele></trkpt>
   <trkpt lon="-4.325322" lat="36.761245"><ele>461.5</ele></trkpt>
   <trkpt lon="-4.325386" lat="36.760931"><ele>452.8</ele></trkpt>
   <trkpt lon="-4.325489" lat="36.760856"><ele>453.2</ele></trkpt>
   <trkpt lon="-4.325651" lat="36.760828"><ele>455.8</ele></trkpt>
   <trkpt lon="-4.325768" lat="36.760789"><ele>457.0</ele></trkpt>
   <trkpt lon="-4.325861" lat="36.760662"><ele>453.5</ele></trkpt>
   <trkpt lon="-4.326062" lat="36.760461"><ele>451.6</ele></trkpt>
   <trkpt lon="-4.326360" lat="36.760361"><ele>453.3</ele></trkpt>
   <trkpt lon="-4.326590" lat="36.760314"><ele>451.8</ele></trkpt>
   <trkpt lon="-4.326818" lat="36.760320"><ele>452.6</ele></trkpt>
   <trkpt lon="-4.326995" lat="36.760302"><ele>452.9</ele></trkpt>
   <trkpt lon="-4.327217" lat="36.760133"><ele>448.3</ele></trkpt>
   <trkpt lon="-4.327362" lat="36.760004"><ele>446.7</ele></trkpt>
   <trkpt lon="-4.327500" lat="36.759914"><ele>446.8</ele></trkpt>
   <trkpt lon="-4.327714" lat="36.759827"><ele>448.7</ele></trkpt>
   <trkpt lon="-4.327981" lat="36.759744"><ele>448.4</ele></trkpt>
   <trkpt lon="-4.328153" lat="36.759602"><ele>445.8</ele></trkpt>
   <trkpt lon="-4.328293" lat="36.759395"><ele>441.9</ele></trkpt>
   <trkpt lon="-4.328550" lat="36.759068"><ele>438.6</ele></trkpt>
   <trkpt lon="-4.328649" lat="36.758916"><ele>438.8</ele></trkpt>
   <trkpt lon="-4.328692" lat="36.758412"><ele>436.6</ele></trkpt>
   <trkpt lon="-4.328652" lat="36.758266"><ele>436.7</ele></trkpt>
   <trkpt lon="-4.328490" lat="36.758022"><ele>433.8</ele></trkpt>
   <trkpt lon="-4.328403" lat="36.757843"><ele>434.4</ele></trkpt>
   <trkpt lon="-4.328457" lat="36.757687"><ele>433.5</ele></trkpt>
   <trkpt lon="-4.329042" lat="36.757480"><ele>425.1</ele></trkpt>
   <trkpt lon="-4.329271" lat="36.757412"><ele>424.1</ele></trkpt>
   <trkpt lon="-4.329477" lat="36.757328"><ele>424.3</ele></trkpt>
   <trkpt lon="-4.329592" lat="36.757219"><ele>423.4</ele></trkpt>
   <trkpt lon="-4.329675" lat="36.756994"><ele>419.0</ele></trkpt>
   <trkpt lon="-4.329910" lat="36.756618"><ele>418.2</ele></trkpt>
   <trkpt lon="-4.330004" lat="36.756379"><ele>418.6</ele></trkpt>
   <trkpt lon="-4.329981" lat="36.756196"><ele>419.1</ele></trkpt>
   <trkpt lon="-4.329755" lat="36.755699"><ele>413.7</ele></trkpt>
   <trkpt lon="-4.329698" lat="36.755523"><ele>411.3</ele></trkpt>
   <trkpt lon="-4.329741" lat="36.755330"><ele>410.9</ele></trkpt>
   <trkpt lon="-4.329985" lat="36.754849"><ele>408.6</ele></trkpt>
   <trkpt lon="-4.330161" lat="36.754536"><ele>407.8</ele></trkpt>
   <trkpt lon="-4.330364" lat="36.754280"><ele>410.0</ele></trkpt>
   <trkpt lon="-4.330534" lat="36.754089"><ele>414.0</ele></trkpt>
   <trkpt lon="-4.330771" lat="36.753781"><ele>421.6</ele></trkpt>
   <trkpt lon="-4.331034" lat="36.753395"><ele>425.8</ele></trkpt>
   <trkpt lon="-4.331527" lat="36.752995"><ele>419.6</ele></trkpt>
   <trkpt lon="-4.331768" lat="36.752744"><ele>413.1</ele></trkpt>
   <trkpt lon="-4.331876" lat="36.752569"><ele>409.8</ele></trkpt>
   <trkpt lon="-4.331906" lat="36.752407"><ele>407.9</ele></trkpt>
   <trkpt lon="-4.331864" lat="36.751831"><ele>408.1</ele></trkpt>
   <trkpt lon="-4.331908" lat="36.751547"><ele>407.3</ele></trkpt>
   <trkpt lon="-4.331967" lat="36.751364"><ele>406.1</ele></trkpt>
   <trkpt lon="-4.332253" lat="36.750833"><ele>396.9</ele></trkpt>
   <trkpt lon="-4.332289" lat="36.750542"><ele>392.1</ele></trkpt>
   <trkpt lon="-4.332389" lat="36.750077"><ele>376.1</ele></trkpt>
   <trkpt lon="-4.332446" lat="36.749982"><ele>372.0</ele></trkpt>
   <trkpt lon="-4.332576" lat="36.749917"><ele>369.2</ele></trkpt>
   <trkpt lon="-4.332654" lat="36.749913"><ele>369.2</ele></trkpt>
   <trkpt lon="-4.332734" lat="36.749933"><ele>370.5</ele></trkpt>
   <trkpt lon="-4.332801" lat="36.749967"><ele>371.9</ele></trkpt>
   <trkpt lon="-4.332822" lat="36.750028"><ele>374.0</ele></trkpt>
   <trkpt lon="-4.332819" lat="36.750083"><ele>375.9</ele></trkpt>
   <trkpt lon="-4.332793" lat="36.750154"><ele>378.3</ele></trkpt>
   <trkpt lon="-4.332662" lat="36.750348"><ele>383.7</ele></trkpt>
   <trkpt lon="-4.332522" lat="36.750534"><ele>388.1</ele></trkpt>
   <trkpt lon="-4.332506" lat="36.750620"><ele>389.6</ele></trkpt>
   <trkpt lon="-4.332500" lat="36.751208"><ele>388.8</ele></trkpt>
   <trkpt lon="-4.332415" lat="36.751828"><ele>387.3</ele></trkpt>
   <trkpt lon="-4.332431" lat="36.751995"><ele>386.5</ele></trkpt>
   <trkpt lon="-4.332465" lat="36.752055"><ele>385.6</ele></trkpt>
   <trkpt lon="-4.332518" lat="36.752109"><ele>383.9</ele></trkpt>
   <trkpt lon="-4.332591" lat="36.752129"><ele>381.3</ele></trkpt>
   <trkpt lon="-4.332662" lat="36.752124"><ele>378.7</ele></trkpt>
   <trkpt lon="-4.332706" lat="36.752097"><ele>376.9</ele></trkpt>
   <trkpt lon="-4.332747" lat="36.752043"><ele>375.1</ele></trkpt>
   <trkpt lon="-4.332756" lat="36.751774"><ele>374.9</ele></trkpt>
   <trkpt lon="-4.332792" lat="36.751223"><ele>376.3</ele></trkpt>
   <trkpt lon="-4.332813" lat="36.751034"><ele>376.4</ele></trkpt>
   <trkpt lon="-4.332867" lat="36.750860"><ele>375.9</ele></trkpt>
   <trkpt lon="-4.332951" lat="36.750701"><ele>375.0</ele></trkpt>
   <trkpt lon="-4.333091" lat="36.750535"><ele>373.2</ele></trkpt>
   <trkpt lon="-4.333305" lat="36.750402"><ele>369.9</ele></trkpt>
   <trkpt lon="-4.333425" lat="36.750304"><ele>368.5</ele></trkpt>
   <trkpt lon="-4.333615" lat="36.750024"><ele>365.6</ele></trkpt>
   <trkpt lon="-4.333793" lat="36.749873"><ele>360.1</ele></trkpt>
   <trkpt lon="-4.333917" lat="36.749782"><ele>354.6</ele></trkpt>
   <trkpt lon="-4.333964" lat="36.749721"><ele>351.4</ele></trkpt>
   <trkpt lon="-4.333969" lat="36.749663"><ele>349.7</ele></trkpt>
   <trkpt lon="-4.333960" lat="36.749603"><ele>348.5</ele></trkpt>
   <trkpt lon="-4.333932" lat="36.749550"><ele>347.1</ele></trkpt>
   <trkpt lon="-4.333802" lat="36.749407"><ele>342.4</ele></trkpt>
   <trkpt lon="-4.333627" lat="36.749238"><ele>334.9</ele></trkpt>
   <trkpt lon="-4.333496" lat="36.749159"><ele>330.5</ele></trkpt>
   <trkpt lon="-4.333341" lat="36.749123"><ele>327.6</ele></trkpt>
   <trkpt lon="-4.332416" lat="36.749129"><ele>326.0</ele></trkpt>
   <trkpt lon="-4.332118" lat="36.749079"><ele>323.8</ele></trkpt>
   <trkpt lon="-4.331446" lat="36.749083"><ele>333.0</ele></trkpt>
   <trkpt lon="-4.331314" lat="36.749072"><ele>337.3</ele></trkpt>
   <trkpt lon="-4.331224" lat="36.749017"><ele>339.0</ele></trkpt>
   <trkpt lon="-4.331064" lat="36.748687"><ele>337.2</ele></trkpt>
   <trkpt lon="-4.331049" lat="36.748623"><ele>336.3</ele></trkpt>
   <trkpt lon="-4.331057" lat="36.748559"><ele>334.6</ele></trkpt>
   <trkpt lon="-4.331088" lat="36.748499"><ele>331.9</ele></trkpt>
   <trkpt lon="-4.331214" lat="36.748412"><ele>326.5</ele></trkpt>
   <trkpt lon="-4.331338" lat="36.748359"><ele>323.0</ele></trkpt>
   <trkpt lon="-4.331403" lat="36.748315"><ele>320.9</ele></trkpt>
   <trkpt lon="-4.331453" lat="36.748263"><ele>319.3</ele></trkpt>
   <trkpt lon="-4.331488" lat="36.748181"><ele>315.6</ele></trkpt>
   <trkpt lon="-4.331489" lat="36.748138"><ele>313.3</ele></trkpt>
   <trkpt lon="-4.331475" lat="36.748097"><ele>311.2</ele></trkpt>
   <trkpt lon="-4.331430" lat="36.748048"><ele>309.0</ele></trkpt>
   <trkpt lon="-4.331366" lat="36.748025"><ele>308.6</ele></trkpt>
   <trkpt lon="-4.330979" lat="36.748010"><ele>315.1</ele></trkpt>
   <trkpt lon="-4.330788" lat="36.747958"><ele>318.4</ele></trkpt>
   <trkpt lon="-4.330611" lat="36.747897"><ele>322.4</ele></trkpt>
   <trkpt lon="-4.330502" lat="36.747857"><ele>325.7</ele></trkpt>
   <trkpt lon="-4.330460" lat="36.747827"><ele>327.1</ele></trkpt>
   <trkpt lon="-4.330440" lat="36.747791"><ele>327.9</ele></trkpt>
   <trkpt lon="-4.330416" lat="36.747684"><ele>328.9</ele></trkpt>
   <trkpt lon="-4.330417" lat="36.747640"><ele>329.1</ele></trkpt>
   <trkpt lon="-4.330432" lat="36.747589"><ele>328.7</ele></trkpt>
   <trkpt lon="-4.330491" lat="36.747477"><ele>326.0</ele></trkpt>
   <trkpt lon="-4.330554" lat="36.747335"><ele>321.3</ele></trkpt>
   <trkpt lon="-4.330550" lat="36.747175"><ele>319.3</ele></trkpt>
   <trkpt lon="-4.330521" lat="36.747097"><ele>319.8</ele></trkpt>
   <trkpt lon="-4.330399" lat="36.746904"><ele>323.3</ele></trkpt>
   <trkpt lon="-4.330374" lat="36.746819"><ele>323.9</ele></trkpt>
   <trkpt lon="-4.330381" lat="36.746739"><ele>323.3</ele></trkpt>
   <trkpt lon="-4.330599" lat="36.746420"><ele>312.1</ele></trkpt>
   <trkpt lon="-4.330601" lat="36.746356"><ele>310.9</ele></trkpt>
   <trkpt lon="-4.330554" lat="36.746171"><ele>309.3</ele></trkpt>
   <trkpt lon="-4.330469" lat="36.746001"><ele>306.9</ele></trkpt>
   <trkpt lon="-4.330448" lat="36.745902"><ele>304.1</ele></trkpt>
   <trkpt lon="-4.330513" lat="36.745684"><ele>295.7</ele></trkpt>
   <trkpt lon="-4.330504" lat="36.745587"><ele>292.7</ele></trkpt>
   <trkpt lon="-4.330443" lat="36.745518"><ele>291.9</ele></trkpt>
   <trkpt lon="-4.330336" lat="36.745500"><ele>294.1</ele></trkpt>
   <trkpt lon="-4.330183" lat="36.745507"><ele>298.4</ele></trkpt>
   <trkpt lon="-4.330088" lat="36.745467"><ele>299.0</ele></trkpt>
   <trkpt lon="-4.330046" lat="36.745395"><ele>296.9</ele></trkpt>
   <trkpt lon="-4.330055" lat="36.745289"><ele>292.6</ele></trkpt>
   <trkpt lon="-4.330042" lat="36.745191"><ele>288.9</ele></trkpt>
   <trkpt lon="-4.330001" lat="36.745123"><ele>287.1</ele></trkpt>
   <trkpt lon="-4.329940" lat="36.745058"><ele>285.6</ele></trkpt>
   <trkpt lon="-4.329803" lat="36.745003"><ele>286.7</ele></trkpt>
   <trkpt lon="-4.329557" lat="36.744962"><ele>292.5</ele></trkpt>
   <trkpt lon="-4.329476" lat="36.744943"><ele>294.6</ele></trkpt>
   <trkpt lon="-4.329428" lat="36.744915"><ele>295.8</ele></trkpt>
   <trkpt lon="-4.329374" lat="36.744865"><ele>296.9</ele></trkpt>
   <trkpt lon="-4.329237" lat="36.744683"><ele>300.6</ele></trkpt>
   <trkpt lon="-4.329211" lat="36.744614"><ele>301.5</ele></trkpt>
   <trkpt lon="-4.329219" lat="36.744571"><ele>301.1</ele></trkpt>
   <trkpt lon="-4.329323" lat="36.744448"><ele>296.4</ele></trkpt>
   <trkpt lon="-4.329357" lat="36.744378"><ele>295.3</ele></trkpt>
   <trkpt lon="-4.329356" lat="36.744312"><ele>295.7</ele></trkpt>
   <trkpt lon="-4.329336" lat="36.744222"><ele>297.2</ele></trkpt>
   <trkpt lon="-4.329240" lat="36.744107"><ele>303.5</ele></trkpt>
   <trkpt lon="-4.329214" lat="36.744056"><ele>306.2</ele></trkpt>
   <trkpt lon="-4.329216" lat="36.744011"><ele>307.3</ele></trkpt>
   <trkpt lon="-4.329255" lat="36.743918"><ele>307.6</ele></trkpt>
   <trkpt lon="-4.329501" lat="36.743589"><ele>302.2</ele></trkpt>
   <trkpt lon="-4.329738" lat="36.743232"><ele>293.4</ele></trkpt>
   <trkpt lon="-4.329815" lat="36.743131"><ele>290.6</ele></trkpt>
   <trkpt lon="-4.330080" lat="36.742935"><ele>281.6</ele></trkpt>
   <trkpt lon="-4.330111" lat="36.742897"><ele>280.4</ele></trkpt>
   <trkpt lon="-4.330117" lat="36.742812"><ele>280.2</ele></trkpt>
   <trkpt lon="-4.330079" lat="36.742734"><ele>282.7</ele></trkpt>
   <trkpt lon="-4.329941" lat="36.742626"><ele>291.1</ele></trkpt>
   <trkpt lon="-4.329904" lat="36.742573"><ele>293.8</ele></trkpt>
   <trkpt lon="-4.329897" lat="36.742520"><ele>295.4</ele></trkpt>
   <trkpt lon="-4.329933" lat="36.742458"><ele>295.6</ele></trkpt>
   <trkpt lon="-4.330052" lat="36.742392"><ele>292.8</ele></trkpt>
   <trkpt lon="-4.330473" lat="36.742273"><ele>280.2</ele></trkpt>
   <trkpt lon="-4.330668" lat="36.742243"><ele>274.9</ele></trkpt>
   <trkpt lon="-4.330967" lat="36.742245"><ele>266.9</ele></trkpt>
   <trkpt lon="-4.331071" lat="36.742251"><ele>264.4</ele></trkpt>
   <trkpt lon="-4.331159" lat="36.742227"><ele>262.5</ele></trkpt>
   <trkpt lon="-4.331198" lat="36.742196"><ele>261.7</ele></trkpt>
   <trkpt lon="-4.331215" lat="36.742163"><ele>261.4</ele></trkpt>
   <trkpt lon="-4.331218" lat="36.742088"><ele>261.6</ele></trkpt>
   <trkpt lon="-4.331149" lat="36.741968"><ele>259.6</ele></trkpt>
   <trkpt lon="-4.331057" lat="36.741893"><ele>259.8</ele></trkpt>
   <trkpt lon="-4.330911" lat="36.741702"><ele>257.4</ele></trkpt>
   <trkpt lon="-4.330803" lat="36.741525"><ele>255.1</ele></trkpt>
   <trkpt lon="-4.330685" lat="36.741452"><ele>257.4</ele></trkpt>
   <trkpt lon="-4.330453" lat="36.741378"><ele>265.4</ele></trkpt>
   <trkpt lon="-4.330389" lat="36.741315"><ele>267.5</ele></trkpt>
   <trkpt lon="-4.330386" lat="36.741243"><ele>267.4</ele></trkpt>
   <trkpt lon="-4.330404" lat="36.741174"><ele>266.6</ele></trkpt>
   <trkpt lon="-4.330672" lat="36.740805"><ele>260.2</ele></trkpt>
   <trkpt lon="-4.330830" lat="36.740620"><ele>257.3</ele></trkpt>
   <trkpt lon="-4.330930" lat="36.740561"><ele>255.6</ele></trkpt>
   <trkpt lon="-4.331044" lat="36.740530"><ele>254.0</ele></trkpt>
   <trkpt lon="-4.331411" lat="36.740507"><ele>249.9</ele></trkpt>
   <trkpt lon="-4.331573" lat="36.740484"><ele>248.7</ele></trkpt>
   <trkpt lon="-4.331725" lat="36.740423"><ele>248.4</ele></trkpt>
   <trkpt lon="-4.332165" lat="36.740020"><ele>240.7</ele></trkpt>
   <trkpt lon="-4.332229" lat="36.739896"><ele>237.0</ele></trkpt>
   <trkpt lon="-4.332245" lat="36.739770"><ele>234.7</ele></trkpt>
   <trkpt lon="-4.332038" lat="36.739281"><ele>229.2</ele></trkpt>
   <trkpt lon="-4.331978" lat="36.739196"><ele>228.5</ele></trkpt>
   <trkpt lon="-4.331904" lat="36.739137"><ele>228.6</ele></trkpt>
   <trkpt lon="-4.331635" lat="36.738983"><ele>230.2</ele></trkpt>
   <trkpt lon="-4.331534" lat="36.738871"><ele>231.7</ele></trkpt>
   <trkpt lon="-4.331494" lat="36.738741"><ele>232.0</ele></trkpt>
   <trkpt lon="-4.331564" lat="36.737897"><ele>234.0</ele></trkpt>
   <trkpt lon="-4.331617" lat="36.737775"><ele>234.6</ele></trkpt>
   <trkpt lon="-4.332015" lat="36.737441"><ele>230.3</ele></trkpt>
   <trkpt lon="-4.332136" lat="36.737373"><ele>227.2</ele></trkpt>
   <trkpt lon="-4.332320" lat="36.737371"><ele>221.3</ele></trkpt>
   <trkpt lon="-4.332470" lat="36.737433"><ele>216.4</ele></trkpt>
   <trkpt lon="-4.332510" lat="36.737531"><ele>215.4</ele></trkpt>
   <trkpt lon="-4.332462" lat="36.737604"><ele>216.8</ele></trkpt>
   <trkpt lon="-4.332336" lat="36.737657"><ele>219.5</ele></trkpt>
   <trkpt lon="-4.332110" lat="36.737731"><ele>224.0</ele></trkpt>
   <trkpt lon="-4.331988" lat="36.737818"><ele>226.4</ele></trkpt>
   <trkpt lon="-4.331988" lat="36.737935"><ele>224.3</ele></trkpt>
   <trkpt lon="-4.332047" lat="36.738067"><ele>220.9</ele></trkpt>
   <trkpt lon="-4.332120" lat="36.738256"><ele>217.7</ele></trkpt>
   <trkpt lon="-4.332165" lat="36.738492"><ele>216.4</ele></trkpt>
   <trkpt lon="-4.332219" lat="36.738564"><ele>215.1</ele></trkpt>
   <trkpt lon="-4.332291" lat="36.738597"><ele>213.4</ele></trkpt>
   <trkpt lon="-4.332387" lat="36.738597"><ele>211.1</ele></trkpt>
   <trkpt lon="-4.332450" lat="36.738580"><ele>209.4</ele></trkpt>
   <trkpt lon="-4.332509" lat="36.738538"><ele>207.6</ele></trkpt>
   <trkpt lon="-4.332532" lat="36.738449"><ele>206.2</ele></trkpt>
   <trkpt lon="-4.332543" lat="36.738407"><ele>205.6</ele></trkpt>
   <trkpt lon="-4.332361" lat="36.738060"><ele>212.1</ele></trkpt>
   <trkpt lon="-4.332345" lat="36.737999"><ele>212.9</ele></trkpt>
   <trkpt lon="-4.332362" lat="36.737942"><ele>213.4</ele></trkpt>
   <trkpt lon="-4.332401" lat="36.737906"><ele>213.3</ele></trkpt>
   <trkpt lon="-4.332815" lat="36.737822"><ele>206.5</ele></trkpt>
   <trkpt lon="-4.333014" lat="36.737718"><ele>204.7</ele></trkpt>
   <trkpt lon="-4.333299" lat="36.737506"><ele>199.1</ele></trkpt>
   <trkpt lon="-4.333424" lat="36.737393"><ele>196.2</ele></trkpt>
   <trkpt lon="-4.333514" lat="36.737260"><ele>194.9</ele></trkpt>
   <trkpt lon="-4.333580" lat="36.736951"><ele>194.8</ele></trkpt>
   <trkpt lon="-4.333667" lat="36.736825"><ele>194.6</ele></trkpt>
   <trkpt lon="-4.333880" lat="36.736654"><ele>192.2</ele></trkpt>
   <trkpt lon="-4.334298" lat="36.736511"><ele>185.6</ele></trkpt>
   <trkpt lon="-4.334720" lat="36.736329"><ele>179.5</ele></trkpt>
   <trkpt lon="-4.334835" lat="36.736240"><ele>177.1</ele></trkpt>
   <trkpt lon="-4.334952" lat="36.736078"><ele>172.2</ele></trkpt>
   <trkpt lon="-4.335064" lat="36.735821"><ele>166.3</ele></trkpt>
   <trkpt lon="-4.335413" lat="36.735117"><ele>153.2</ele></trkpt>
   <trkpt lon="-4.335537" lat="36.734904"><ele>149.5</ele></trkpt>
   <trkpt lon="-4.335682" lat="36.734693"><ele>146.9</ele></trkpt>
   <trkpt lon="-4.335975" lat="36.734378"><ele>144.8</ele></trkpt>
   <trkpt lon="-4.336039" lat="36.734328"><ele>144.5</ele></trkpt>
   <trkpt lon="-4.336115" lat="36.734287"><ele>144.6</ele></trkpt>
   <trkpt lon="-4.336362" lat="36.734240"><ele>147.4</ele></trkpt>
   <trkpt lon="-4.336427" lat="36.734202"><ele>147.2</ele></trkpt>
   <trkpt lon="-4.336483" lat="36.734155"><ele>146.5</ele></trkpt>
   <trkpt lon="-4.336899" lat="36.733471"><ele>135.2</ele></trkpt>
   <trkpt lon="-4.336976" lat="36.733344"><ele>133.7</ele></trkpt>
   <trkpt lon="-4.337105" lat="36.733164"><ele>131.6</ele></trkpt>
   <trkpt lon="-4.337254" lat="36.733033"><ele>130.5</ele></trkpt>
   <trkpt lon="-4.337429" lat="36.732936"><ele>129.7</ele></trkpt>
   <trkpt lon="-4.337551" lat="36.732895"><ele>129.8</ele></trkpt>
   <trkpt lon="-4.337682" lat="36.732864"><ele>130.1</ele></trkpt>
   <trkpt lon="-4.337803" lat="36.732856"><ele>130.2</ele></trkpt>
   <trkpt lon="-4.337910" lat="36.732864"><ele>130.7</ele></trkpt>
   <trkpt lon="-4.338026" lat="36.732891"><ele>131.8</ele></trkpt>
   <trkpt lon="-4.338116" lat="36.732931"><ele>132.5</ele></trkpt>
   <trkpt lon="-4.338305" lat="36.733082"><ele>136.3</ele></trkpt>
   <trkpt lon="-4.338370" lat="36.733224"><ele>139.4</ele></trkpt>
   <trkpt lon="-4.338374" lat="36.733568"><ele>140.8</ele></trkpt>
   <trkpt lon="-4.338331" lat="36.733669"><ele>140.0</ele></trkpt>
   <trkpt lon="-4.338262" lat="36.733748"><ele>139.7</ele></trkpt>
   <trkpt lon="-4.338110" lat="36.733816"><ele>141.1</ele></trkpt>
   <trkpt lon="-4.337793" lat="36.733905"><ele>144.8</ele></trkpt>
   <trkpt lon="-4.337764" lat="36.733978"><ele>144.5</ele></trkpt>
   <trkpt lon="-4.337787" lat="36.734041"><ele>143.4</ele></trkpt>
   <trkpt lon="-4.337902" lat="36.734080"><ele>140.3</ele></trkpt>
   <trkpt lon="-4.338112" lat="36.734077"><ele>136.3</ele></trkpt>
   <trkpt lon="-4.338244" lat="36.734054"><ele>134.7</ele></trkpt>
   <trkpt lon="-4.338367" lat="36.734033"><ele>133.1</ele></trkpt>
   <trkpt lon="-4.338604" lat="36.733974"><ele>129.5</ele></trkpt>
   <trkpt lon="-4.338755" lat="36.733900"><ele>126.5</ele></trkpt>
   <trkpt lon="-4.338952" lat="36.733749"><ele>122.9</ele></trkpt>
   <trkpt lon="-4.339322" lat="36.733538"><ele>114.8</ele></trkpt>
   <trkpt lon="-4.339380" lat="36.733456"><ele>113.7</ele></trkpt>
   <trkpt lon="-4.339417" lat="36.733392"><ele>113.5</ele></trkpt>
   <trkpt lon="-4.339492" lat="36.733131"><ele>114.2</ele></trkpt>
   <trkpt lon="-4.339542" lat="36.732791"><ele>117.9</ele></trkpt>
   <trkpt lon="-4.339588" lat="36.732470"><ele>113.5</ele></trkpt>
   <trkpt lon="-4.339664" lat="36.732262"><ele>105.8</ele></trkpt>
   <trkpt lon="-4.339762" lat="36.732117"><ele>102.5</ele></trkpt>
   <trkpt lon="-4.339951" lat="36.732035"><ele>102.7</ele></trkpt>
   <trkpt lon="-4.340165" lat="36.731966"><ele>103.7</ele></trkpt>
   <trkpt lon="-4.340266" lat="36.731876"><ele>103.3</ele></trkpt>
   <trkpt lon="-4.340310" lat="36.731753"><ele>103.0</ele></trkpt>
   <trkpt lon="-4.340309" lat="36.731593"><ele>102.7</ele></trkpt>
   <trkpt lon="-4.340255" lat="36.731390"><ele>102.3</ele></trkpt>
   <trkpt lon="-4.340104" lat="36.731218"><ele>100.7</ele></trkpt>
   <trkpt lon="-4.340054" lat="36.731168"><ele>100.1</ele></trkpt>
   <trkpt lon="-4.340014" lat="36.731122"><ele>99.2</ele></trkpt>
   <trkpt lon="-4.339986" lat="36.731090"><ele>98.6</ele></trkpt>
   <trkpt lon="-4.339878" lat="36.730909"><ele>96.2</ele></trkpt>
   <trkpt lon="-4.339860" lat="36.730845"><ele>95.7</ele></trkpt>
   <trkpt lon="-4.339805" lat="36.730654"><ele>96.0</ele></trkpt>
   <trkpt lon="-4.339791" lat="36.730538"><ele>96.7</ele></trkpt>
   <trkpt lon="-4.339827" lat="36.730429"><ele>97.8</ele></trkpt>
   <trkpt lon="-4.339962" lat="36.730229"><ele>99.8</ele></trkpt>
   <trkpt lon="-4.340021" lat="36.730190"><ele>100.6</ele></trkpt>
   <trkpt lon="-4.340082" lat="36.730148"><ele>101.0</ele></trkpt>
   <trkpt lon="-4.340155" lat="36.730116"><ele>101.1</ele></trkpt>
   <trkpt lon="-4.340261" lat="36.730068"><ele>101.5</ele></trkpt>
   <trkpt lon="-4.340490" lat="36.729986"><ele>101.9</ele></trkpt>
   <trkpt lon="-4.341599" lat="36.729590"><ele>98.3</ele></trkpt>
   <trkpt lon="-4.341746" lat="36.729525"><ele>98.3</ele></trkpt>
   <trkpt lon="-4.341851" lat="36.729479"><ele>97.4</ele></trkpt>
   <trkpt lon="-4.341993" lat="36.729404"><ele>95.3</ele></trkpt>
   <trkpt lon="-4.342132" lat="36.729290"><ele>93.2</ele></trkpt>
   <trkpt lon="-4.342173" lat="36.729242"><ele>92.6</ele></trkpt>
   <trkpt lon="-4.342197" lat="36.729180"><ele>92.3</ele></trkpt>
   <trkpt lon="-4.342256" lat="36.728889"><ele>89.5</ele></trkpt>
   <trkpt lon="-4.342337" lat="36.728781"><ele>87.9</ele></trkpt>
   <trkpt lon="-4.342478" lat="36.728685"><ele>85.0</ele></trkpt>
   <trkpt lon="-4.342702" lat="36.728571"><ele>81.9</ele></trkpt>
   <trkpt lon="-4.342824" lat="36.728474"><ele>80.7</ele></trkpt>
   <trkpt lon="-4.343264" lat="36.727899"><ele>67.3</ele></trkpt>
   <trkpt lon="-4.343219" lat="36.727806"><ele>66.3</ele></trkpt>
   <trkpt lon="-4.343107" lat="36.727779"><ele>66.7</ele></trkpt>
   <trkpt lon="-4.342937" lat="36.727791"><ele>68.7</ele></trkpt>
   <trkpt lon="-4.342836" lat="36.727753"><ele>69.4</ele></trkpt>
   <trkpt lon="-4.342841" lat="36.727671"><ele>69.8</ele></trkpt>
   <trkpt lon="-4.342938" lat="36.727605"><ele>68.8</ele></trkpt>
   <trkpt lon="-4.343008" lat="36.727531"><ele>67.9</ele></trkpt>
   <trkpt lon="-4.343095" lat="36.727367"><ele>66.8</ele></trkpt>
   <trkpt lon="-4.343224" lat="36.727228"><ele>65.5</ele></trkpt>
   <trkpt lon="-4.343332" lat="36.727123"><ele>63.8</ele></trkpt>
   <trkpt lon="-4.343410" lat="36.727005"><ele>62.5</ele></trkpt>
   <trkpt lon="-4.343450" lat="36.726859"><ele>62.5</ele></trkpt>
   <trkpt lon="-4.343522" lat="36.726632"><ele>62.1</ele></trkpt>
   <trkpt lon="-4.343613" lat="36.726499"><ele>61.0</ele></trkpt>
   <trkpt lon="-4.343806" lat="36.726298"><ele>58.7</ele></trkpt>
   <trkpt lon="-4.343997" lat="36.726168"><ele>57.7</ele></trkpt>
   <trkpt lon="-4.344181" lat="36.726111"><ele>56.4</ele></trkpt>
   <trkpt lon="-4.344684" lat="36.726052"><ele>48.8</ele></trkpt>
   <trkpt lon="-4.344783" lat="36.725987"><ele>46.5</ele></trkpt>
   <trkpt lon="-4.344826" lat="36.725878"><ele>44.6</ele></trkpt>
   <trkpt lon="-4.344826" lat="36.725596"><ele>42.7</ele></trkpt>
   <trkpt lon="-4.344873" lat="36.725405"><ele>41.5</ele></trkpt>
   <trkpt lon="-4.344894" lat="36.725348"><ele>41.0</ele></trkpt>
   <trkpt lon="-4.345017" lat="36.725071"><ele>40.3</ele></trkpt>
   <trkpt lon="-4.345272" lat="36.724495"><ele>35.8</ele></trkpt>
   <trkpt lon="-4.345425" lat="36.724298"><ele>31.3</ele></trkpt>
   <trkpt lon="-4.345548" lat="36.724125"><ele>28.2</ele></trkpt>
   <trkpt lon="-4.345692" lat="36.723921"><ele>27.4</ele></trkpt>
   <trkpt lon="-4.345822" lat="36.723747"><ele>26.4</ele></trkpt>
   <trkpt lon="-4.346042" lat="36.723547"><ele>25.7</ele></trkpt>
   <trkpt lon="-4.346647" lat="36.723065"><ele>24.1</ele></trkpt>
   <trkpt lon="-4.347632" lat="36.722254"><ele>21.7</ele></trkpt>
   <trkpt lon="-4.347662" lat="36.722233"><ele>21.6</ele></trkpt>
   <trkpt lon="-4.347925" lat="36.722102"><ele>20.4</ele></trkpt>
   <trkpt lon="-4.348013" lat="36.722049"><ele>19.9</ele></trkpt>
   <trkpt lon="-4.348056" lat="36.722057"><ele>19.6</ele></trkpt>
   <trkpt lon="-4.348100" lat="36.722051"><ele>19.3</ele></trkpt>
   <trkpt lon="-4.348136" lat="36.722030"><ele>19.0</ele></trkpt>
   <trkpt lon="-4.348158" lat="36.722000"><ele>18.8</ele></trkpt>
   <trkpt lon="-4.348162" lat="36.721964"><ele>18.7</ele></trkpt>
   <trkpt lon="-4.348147" lat="36.721931"><ele>18.8</ele></trkpt>
   <trkpt lon="-4.348452" lat="36.721845"><ele>17.6</ele></trkpt>
   <trkpt lon="-4.348519" lat="36.721828"><ele>17.5</ele></trkpt>
   <trkpt lon="-4.348554" lat="36.721818"><ele>17.3</ele></trkpt>
   <trkpt lon="-4.348950" lat="36.721718"><ele>16.7</ele></trkpt>
   <trkpt lon="-4.349045" lat="36.721695"><ele>16.6</ele></trkpt>
   <trkpt lon="-4.349370" lat="36.721593"><ele>15.9</ele></trkpt>
   <trkpt lon="-4.350650" lat="36.721194"><ele>13.0</ele></trkpt>
   <trkpt lon="-4.350819" lat="36.721145"><ele>12.8</ele></trkpt>
   <trkpt lon="-4.351041" lat="36.721075"><ele>12.6</ele></trkpt>
   <trkpt lon="-4.351194" lat="36.721030"><ele>12.6</ele></trkpt>
   <trkpt lon="-4.351278" lat="36.721005"><ele>12.5</ele></trkpt>
   <trkpt lon="-4.351319" lat="36.720996"><ele>12.5</ele></trkpt>
   <trkpt lon="-4.351488" lat="36.720958"><ele>12.3</ele></trkpt>
   <trkpt lon="-4.351954" lat="36.720905"><ele>12.0</ele></trkpt>
   <trkpt lon="-4.352099" lat="36.720889"><ele>11.9</ele></trkpt>
   <trkpt lon="-4.352425" lat="36.720855"><ele>12.5</ele></trkpt>
   <trkpt lon="-4.352593" lat="36.720810"><ele>13.3</ele></trkpt>
   <trkpt lon="-4.352815" lat="36.720712"><ele>13.2</ele></trkpt>
   <trkpt lon="-4.353043" lat="36.720595"><ele>12.0</ele></trkpt>
   <trkpt lon="-4.353381" lat="36.720397"><ele>9.4</ele></trkpt>
   <trkpt lon="-4.353462" lat="36.720293"><ele>8.9</ele></trkpt>
   <trkpt lon="-4.353458" lat="36.720197"><ele>8.6</ele></trkpt>
   <trkpt lon="-4.353897" lat="36.720263"><ele>7.6</ele></trkpt>
   <trkpt lon="-4.353922" lat="36.720267"><ele>7.5</ele></trkpt>
   <trkpt lon="-4.354329" lat="36.720325"><ele>7.1</ele></trkpt>
   <trkpt lon="-4.355180" lat="36.720432"><ele>5.0</ele></trkpt>
   <trkpt lon="-4.355270" lat="36.720445"><ele>4.9</ele></trkpt>
   <trkpt lon="-4.355312" lat="36.720451"><ele>4.8</ele></trkpt>
   <trkpt lon="-4.355350" lat="36.720458"><ele>4.8</ele></trkpt>
   <trkpt lon="-4.355753" lat="36.720520"><ele>4.8</ele></trkpt>
   <trkpt lon="-4.356260" lat="36.720600"><ele>5.3</ele></trkpt>
   <trkpt lon="-4.356373" lat="36.720618"><ele>5.4</ele></trkpt>
   <trkpt lon="-4.356478" lat="36.720641"><ele>5.5</ele></trkpt>
   <trkpt lon="-4.356826" lat="36.720718"><ele>5.8</ele></trkpt>
   <trkpt lon="-4.357283" lat="36.720818"><ele>5.4</ele></trkpt>
   <trkpt lon="-4.357628" lat="36.720853"><ele>5.0</ele></trkpt>
   <trkpt lon="-4.358010" lat="36.720892"><ele>5.0</ele></trkpt>
   <trkpt lon="-4.358077" lat="36.720899"><ele>5.0</ele></trkpt>
   <trkpt lon="-4.358296" lat="36.720916"><ele>5.0</ele></trkpt>
   <trkpt lon="-4.359046" lat="36.721001"><ele>5.2</ele></trkpt>
   <trkpt lon="-4.359200" lat="36.721018"><ele>5.3</ele></trkpt>
   <trkpt lon="-4.359935" lat="36.721091"><ele>5.8</ele></trkpt>
   <trkpt lon="-4.360079" lat="36.721101"><ele>6.2</ele></trkpt>
   <trkpt lon="-4.360276" lat="36.721111"><ele>6.6</ele></trkpt>
   <trkpt lon="-4.360466" lat="36.721117"><ele>6.6</ele></trkpt>
   <trkpt lon="-4.360819" lat="36.721125"><ele>5.8</ele></trkpt>
   <trkpt lon="-4.360874" lat="36.721127"><ele>5.6</ele></trkpt>
   <trkpt lon="-4.361215" lat="36.721137"><ele>6.3</ele></trkpt>
   <trkpt lon="-4.361329" lat="36.721143"><ele>6.3</ele></trkpt>
   <trkpt lon="-4.361426" lat="36.721147"><ele>6.3</ele></trkpt>
   <trkpt lon="-4.361526" lat="36.721151"><ele>6.4</ele></trkpt>
   <trkpt lon="-4.361929" lat="36.721190"><ele>6.5</ele></trkpt>
   <trkpt lon="-4.362425" lat="36.721300"><ele>6.3</ele></trkpt>
   <trkpt lon="-4.362934" lat="36.721464"><ele>7.2</ele></trkpt>
   <trkpt lon="-4.363062" lat="36.721510"><ele>7.1</ele></trkpt>
   <trkpt lon="-4.363803" lat="36.721777"><ele>7.0</ele></trkpt>
   <trkpt lon="-4.364157" lat="36.721875"><ele>7.6</ele></trkpt>
   <trkpt lon="-4.364287" lat="36.721906"><ele>7.8</ele></trkpt>
   <trkpt lon="-4.364854" lat="36.722031"><ele>8.4</ele></trkpt>
   <trkpt lon="-4.364970" lat="36.722053"><ele>8.7</ele></trkpt>
   <trkpt lon="-4.365269" lat="36.722109"><ele>9.4</ele></trkpt>
   <trkpt lon="-4.365375" lat="36.722127"><ele>9.6</ele></trkpt>
   <trkpt lon="-4.365856" lat="36.722208"><ele>10.5</ele></trkpt>
   <trkpt lon="-4.365870" lat="36.722211"><ele>10.5</ele></trkpt>
   <trkpt lon="-4.365918" lat="36.722219"><ele>10.6</ele></trkpt>
   <trkpt lon="-4.366255" lat="36.722265"><ele>10.1</ele></trkpt>
   <trkpt lon="-4.366272" lat="36.722268"><ele>10.1</ele></trkpt>
   <trkpt lon="-4.366320" lat="36.722275"><ele>10.0</ele></trkpt>
   <trkpt lon="-4.366436" lat="36.722291"><ele>10.0</ele></trkpt>
   <trkpt lon="-4.366850" lat="36.722349"><ele>10.6</ele></trkpt>
   <trkpt lon="-4.367072" lat="36.722376"><ele>10.9</ele></trkpt>
   <trkpt lon="-4.367302" lat="36.722392"><ele>10.4</ele></trkpt>
   <trkpt lon="-4.367488" lat="36.722404"><ele>10.1</ele></trkpt>
   <trkpt lon="-4.367536" lat="36.722408"><ele>10.0</ele></trkpt>
   <trkpt lon="-4.367821" lat="36.722405"><ele>9.6</ele></trkpt>
   <trkpt lon="-4.367922" lat="36.722404"><ele>9.5</ele></trkpt>
   <trkpt lon="-4.368092" lat="36.722403"><ele>9.3</ele></trkpt>
   <trkpt lon="-4.368271" lat="36.722402"><ele>9.1</ele></trkpt>
   <trkpt lon="-4.369316" lat="36.722403"><ele>7.4</ele></trkpt>
   <trkpt lon="-4.369673" lat="36.722401"><ele>6.6</ele></trkpt>
   <trkpt lon="-4.369888" lat="36.722404"><ele>5.9</ele></trkpt>
   <trkpt lon="-4.369973" lat="36.722404"><ele>5.7</ele></trkpt>
   <trkpt lon="-4.370096" lat="36.722405"><ele>5.3</ele></trkpt>
   <trkpt lon="-4.370220" lat="36.722406"><ele>5.2</ele></trkpt>
   <trkpt lon="-4.370514" lat="36.722407"><ele>4.8</ele></trkpt>
   <trkpt lon="-4.371066" lat="36.722406"><ele>4.4</ele></trkpt>
   <trkpt lon="-4.371253" lat="36.722406"><ele>4.4</ele></trkpt>
   <trkpt lon="-4.371611" lat="36.722406"><ele>4.4</ele></trkpt>
   <trkpt lon="-4.371736" lat="36.722406"><ele>4.4</ele></trkpt>
   <trkpt lon="-4.372321" lat="36.722405"><ele>4.4</ele></trkpt>
   <trkpt lon="-4.372513" lat="36.722405"><ele>4.4</ele></trkpt>
   <trkpt lon="-4.372548" lat="36.722404"><ele>4.4</ele></trkpt>
   <trkpt lon="-4.373234" lat="36.722400"><ele>4.3</ele></trkpt>
   <trkpt lon="-4.373438" lat="36.722399"><ele>4.3</ele></trkpt>
   <trkpt lon="-4.373486" lat="36.722398"><ele>4.3</ele></trkpt>
   <trkpt lon="-4.373518" lat="36.722398"><ele>4.3</ele></trkpt>
   <trkpt lon="-4.373838" lat="36.722396"><ele>4.3</ele></trkpt>
   <trkpt lon="-4.374311" lat="36.722393"><ele>4.7</ele></trkpt>
   <trkpt lon="-4.374759" lat="36.722382"><ele>5.3</ele></trkpt>
   <trkpt lon="-4.374964" lat="36.722376"><ele>5.2</ele></trkpt>
   <trkpt lon="-4.375003" lat="36.722374"><ele>5.2</ele></trkpt>
   <trkpt lon="-4.375971" lat="36.722342"><ele>5.0</ele></trkpt>
   <trkpt lon="-4.376352" lat="36.722330"><ele>4.7</ele></trkpt>
   <trkpt lon="-4.376984" lat="36.722312"><ele>4.0</ele></trkpt>
   <trkpt lon="-4.377176" lat="36.722296"><ele>4.0</ele></trkpt>
   <trkpt lon="-4.377696" lat="36.722250"><ele>4.5</ele></trkpt>
   <trkpt lon="-4.378508" lat="36.722125"><ele>4.9</ele></trkpt>
   <trkpt lon="-4.378998" lat="36.722055"><ele>4.4</ele></trkpt>
   <trkpt lon="-4.379094" lat="36.722040"><ele>4.6</ele></trkpt>
   <trkpt lon="-4.379477" lat="36.721988"><ele>5.0</ele></trkpt>
   <trkpt lon="-4.379525" lat="36.721982"><ele>5.0</ele></trkpt>
   <trkpt lon="-4.379872" lat="36.721935"><ele>5.0</ele></trkpt>
   <trkpt lon="-4.380357" lat="36.721862"><ele>4.8</ele></trkpt>
   <trkpt lon="-4.380363" lat="36.721799"><ele>4.6</ele></trkpt>
   <trkpt lon="-4.380369" lat="36.721745"><ele>4.4</ele></trkpt>
   <trkpt lon="-4.380361" lat="36.721643"><ele>4.1</ele></trkpt>
   <trkpt lon="-4.380375" lat="36.721528"><ele>3.6</ele></trkpt>
   <trkpt lon="-4.380381" lat="36.721487"><ele>3.3</ele></trkpt>
   <trkpt lon="-4.380402" lat="36.721455"><ele>3.1</ele></trkpt>
   <trkpt lon="-4.380446" lat="36.721433"><ele>3.0</ele></trkpt>
   <trkpt lon="-4.380493" lat="36.721388"><ele>2.8</ele></trkpt>
   <trkpt lon="-4.381027" lat="36.721398"><ele>2.8</ele></trkpt>
   <trkpt lon="-4.382237" lat="36.721439"><ele>3.1</ele></trkpt>
   <trkpt lon="-4.383274" lat="36.721466"><ele>3.0</ele></trkpt>
   <trkpt lon="-4.383531" lat="36.721457"><ele>3.0</ele></trkpt>
   <trkpt lon="-4.385567" lat="36.721322"><ele>6.0</ele></trkpt>
   <trkpt lon="-4.385747" lat="36.721332"><ele>6.0</ele></trkpt>
   <trkpt lon="-4.385952" lat="36.721354"><ele>3.8</ele></trkpt>
   <trkpt lon="-4.386116" lat="36.721393"><ele>3.6</ele></trkpt>
   <trkpt lon="-4.386276" lat="36.721443"><ele>4.3</ele></trkpt>
   <trkpt lon="-4.386922" lat="36.721735"><ele>5.4</ele></trkpt>
   <trkpt lon="-4.387523" lat="36.722020"><ele>3.7</ele></trkpt>
   <trkpt lon="-4.387703" lat="36.722090"><ele>4.6</ele></trkpt>
   <trkpt lon="-4.387857" lat="36.722138"><ele>4.9</ele></trkpt>
   <trkpt lon="-4.387993" lat="36.722142"><ele>4.5</ele></trkpt>
   <trkpt lon="-4.388241" lat="36.722174"><ele>3.8</ele></trkpt>
   <trkpt lon="-4.391538" lat="36.722432"><ele>5.2</ele></trkpt>
   <trkpt lon="-4.391761" lat="36.722475"><ele>5.0</ele></trkpt>
   <trkpt lon="-4.391986" lat="36.722543"><ele>4.9</ele></trkpt>
   <trkpt lon="-4.392698" lat="36.722838"><ele>4.4</ele></trkpt>
   <trkpt lon="-4.392918" lat="36.722910"><ele>4.0</ele></trkpt>
   <trkpt lon="-4.393248" lat="36.722965"><ele>4.0</ele></trkpt>
   <trkpt lon="-4.393583" lat="36.722976"><ele>3.2</ele></trkpt>
   <trkpt lon="-4.394524" lat="36.722973"><ele>3.0</ele></trkpt>
   <trkpt lon="-4.394730" lat="36.722957"><ele>3.0</ele></trkpt>
   <trkpt lon="-4.394901" lat="36.722933"><ele>2.9</ele></trkpt>
   <trkpt lon="-4.395133" lat="36.722882"><ele>2.8</ele></trkpt>
   <trkpt lon="-4.395734" lat="36.722685"><ele>2.5</ele></trkpt>
   <trkpt lon="-4.396377" lat="36.722444"><ele>3.0</ele></trkpt>
   <trkpt lon="-4.396780" lat="36.722297"><ele>1.3</ele></trkpt>
   <trkpt lon="-4.397291" lat="36.722146"><ele>2.7</ele></trkpt>
   <trkpt lon="-4.397479" lat="36.722090"><ele>3.0</ele></trkpt>
   <trkpt lon="-4.398135" lat="36.721902"><ele>2.2</ele></trkpt>
   <trkpt lon="-4.399150" lat="36.721639"><ele>2.2</ele></trkpt>
   <trkpt lon="-4.399431" lat="36.721564"><ele>2.0</ele></trkpt>
   <trkpt lon="-4.400362" lat="36.721304"><ele>2.1</ele></trkpt>
   <trkpt lon="-4.400704" lat="36.721199"><ele>2.5</ele></trkpt>
   <trkpt lon="-4.402619" lat="36.720526"><ele>2.8</ele></trkpt>
   <trkpt lon="-4.402832" lat="36.720460"><ele>2.6</ele></trkpt>
   <trkpt lon="-4.403131" lat="36.720396"><ele>3.3</ele></trkpt>
   <trkpt lon="-4.404090" lat="36.720338"><ele>2.6</ele></trkpt>
   <trkpt lon="-4.404573" lat="36.720277"><ele>3.1</ele></trkpt>
   <trkpt lon="-4.405215" lat="36.720120"><ele>2.3</ele></trkpt>
   <trkpt lon="-4.405690" lat="36.719958"><ele>2.3</ele></trkpt>
   <trkpt lon="-4.407120" lat="36.719326"><ele>1.8</ele></trkpt>
   <trkpt lon="-4.407453" lat="36.719133"><ele>1.8</ele></trkpt>
   <trkpt lon="-4.407728" lat="36.718961"><ele>1.8</ele></trkpt>
   <trkpt lon="-4.408706" lat="36.718326"><ele>1.9</ele></trkpt>
   <trkpt lon="-4.408808" lat="36.718271"><ele>1.9</ele></trkpt>
   <trkpt lon="-4.408963" lat="36.718208"><ele>2.0</ele></trkpt>
   <trkpt lon="-4.409090" lat="36.718175"><ele>2.5</ele></trkpt>
   <trkpt lon="-4.409304" lat="36.718158"><ele>3.6</ele></trkpt>
   <trkpt lon="-4.409365" lat="36.718160"><ele>3.9</ele></trkpt>
   <trkpt lon="-4.409372" lat="36.718192"><ele>4.1</ele></trkpt>
   <trkpt lon="-4.409376" lat="36.718210"><ele>4.1</ele></trkpt>
   <trkpt lon="-4.409385" lat="36.718304"><ele>4.1</ele></trkpt>
   <trkpt lon="-4.409410" lat="36.718301"><ele>4.1</ele></trkpt>
   <trkpt lon="-4.409721" lat="36.718329"><ele>4.6</ele></trkpt>
   <trkpt lon="-4.409838" lat="36.718354"><ele>4.5</ele></trkpt>
   <trkpt lon="-4.409960" lat="36.718388"><ele>4.4</ele></trkpt>
   <trkpt lon="-4.410159" lat="36.718482"><ele>4.1</ele></trkpt>
   <trkpt lon="-4.410218" lat="36.718470"><ele>4.1</ele></trkpt>
   <trkpt lon="-4.410264" lat="36.718500"><ele>4.0</ele></trkpt>
   <trkpt lon="-4.410546" lat="36.718732"><ele>4.0</ele></trkpt>
   <trkpt lon="-4.410591" lat="36.718772"><ele>4.0</ele></trkpt>
   <trkpt lon="-4.410986" lat="36.719128"><ele>4.8</ele></trkpt>
   <trkpt lon="-4.411114" lat="36.719229"><ele>5.0</ele></trkpt>
   <trkpt lon="-4.411206" lat="36.719338"><ele>5.2</ele></trkpt>
   <trkpt lon="-4.411368" lat="36.719488"><ele>5.8</ele></trkpt>
   <trkpt lon="-4.411537" lat="36.719627"><ele>5.7</ele></trkpt>
   <trkpt lon="-4.411614" lat="36.719664"><ele>5.6</ele></trkpt>
   <trkpt lon="-4.411780" lat="36.719719"><ele>5.4</ele></trkpt>
   <trkpt lon="-4.411957" lat="36.719744"><ele>5.3</ele></trkpt>
   <trkpt lon="-4.412136" lat="36.719739"><ele>5.2</ele></trkpt>
   <trkpt lon="-4.412225" lat="36.719725"><ele>5.2</ele></trkpt>
   <trkpt lon="-4.412359" lat="36.719701"><ele>5.3</ele></trkpt>
   <trkpt lon="-4.413383" lat="36.719418"><ele>3.6</ele></trkpt>
   <trkpt lon="-4.415570" lat="36.718826"><ele>3.0</ele></trkpt>
   <trkpt lon="-4.416319" lat="36.718623"><ele>3.0</ele></trkpt>
   <trkpt lon="-4.417160" lat="36.718395"><ele>3.0</ele></trkpt>
   <trkpt lon="-4.419532" lat="36.717753"><ele>2.7</ele></trkpt>
   <trkpt lon="-4.419717" lat="36.717690"><ele>2.5</ele></trkpt>
   <trkpt lon="-4.419828" lat="36.717608"><ele>2.3</ele></trkpt>
   <trkpt lon="-4.420133" lat="36.717295"><ele>2.2</ele></trkpt>
   <trkpt lon="-4.420302" lat="36.717113"><ele>2.1</ele></trkpt>
   <trkpt lon="-4.420571" lat="36.716834"><ele>2.9</ele></trkpt>
   <trkpt lon="-4.420631" lat="36.716772"><ele>2.9</ele></trkpt>
   <trkpt lon="-4.420959" lat="36.716433"><ele>3.0</ele></trkpt>
   <trkpt lon="-4.421052" lat="36.716332"><ele>3.0</ele></trkpt>
   <trkpt lon="-4.421475" lat="36.715891"><ele>3.4</ele></trkpt>
   <trkpt lon="-4.421545" lat="36.715817"><ele>3.7</ele></trkpt>
   <trkpt lon="-4.421704" lat="36.715653"><ele>3.5</ele></trkpt>
   <trkpt lon="-4.421967" lat="36.715378"><ele>3.0</ele></trkpt>
   <trkpt lon="-4.421984" lat="36.715360"><ele>3.0</ele></trkpt>
   <trkpt lon="-4.422022" lat="36.715320"><ele>3.0</ele></trkpt>
   <trkpt lon="-4.422394" lat="36.714934"><ele>3.0</ele></trkpt>
   <trkpt lon="-4.422778" lat="36.714532"><ele>3.0</ele></trkpt>
   <trkpt lon="-4.423349" lat="36.713942"><ele>3.0</ele></trkpt>
   <trkpt lon="-4.423672" lat="36.713614"><ele>3.0</ele></trkpt>
   <trkpt lon="-4.423819" lat="36.713460"><ele>3.0</ele></trkpt>
   <trkpt lon="-4.424120" lat="36.713162"><ele>3.0</ele></trkpt>
   <trkpt lon="-4.424146" lat="36.713134"><ele>3.0</ele></trkpt>
   <trkpt lon="-4.424216" lat="36.713055"><ele>3.0</ele></trkpt>
   <trkpt lon="-4.424463" lat="36.712806"><ele>3.0</ele></trkpt>
   <trkpt lon="-4.425154" lat="36.712130"><ele>3.0</ele></trkpt>
   <trkpt lon="-4.425245" lat="36.712040"><ele>3.0</ele></trkpt>
   <trkpt lon="-4.425380" lat="36.711922"><ele>3.0</ele></trkpt>
   <trkpt lon="-4.425665" lat="36.711661"><ele>3.7</ele></trkpt>
   <trkpt lon="-4.426182" lat="36.711154"><ele>2.4</ele></trkpt>
   <trkpt lon="-4.426280" lat="36.711060"><ele>2.1</ele></trkpt>
   <trkpt lon="-4.426331" lat="36.711011"><ele>2.0</ele></trkpt>
   <trkpt lon="-4.426435" lat="36.710912"><ele>1.8</ele></trkpt>
   <trkpt lon="-4.426702" lat="36.710658"><ele>2.7</ele></trkpt>
   <trkpt lon="-4.427231" lat="36.710148"><ele>3.3</ele></trkpt>
   <trkpt lon="-4.427323" lat="36.710219"><ele>3.1</ele></trkpt>
   <trkpt lon="-4.427388" lat="36.710274"><ele>3.0</ele></trkpt>
   <trkpt lon="-4.427897" lat="36.710684"><ele>2.4</ele></trkpt>
   <trkpt lon="-4.428016" lat="36.710760"><ele>2.7</ele></trkpt>
   <trkpt lon="-4.428130" lat="36.710833"><ele>3.0</ele></trkpt>
   <trkpt lon="-4.428721" lat="36.711284"><ele>3.0</ele></trkpt>
   <trkpt lon="-4.428950" lat="36.711453"><ele>3.3</ele></trkpt>
   <trkpt lon="-4.429174" lat="36.711619"><ele>3.3</ele></trkpt>
   <trkpt lon="-4.429294" lat="36.711713"><ele>3.4</ele></trkpt>
   <trkpt lon="-4.429389" lat="36.711788"><ele>3.7</ele></trkpt>
   <trkpt lon="-4.429763" lat="36.712059"><ele>4.0</ele></trkpt>
   <trkpt lon="-4.429880" lat="36.712176"><ele>4.0</ele></trkpt>
   <trkpt lon="-4.429942" lat="36.712284"><ele>4.0</ele></trkpt>
   <trkpt lon="-4.430345" lat="36.713161"><ele>5.0</ele></trkpt>
   <trkpt lon="-4.430359" lat="36.713191"><ele>5.0</ele></trkpt>
   <trkpt lon="-4.430430" lat="36.713224"><ele>5.0</ele></trkpt>
   <trkpt lon="-4.430466" lat="36.713241"><ele>5.0</ele></trkpt>
   <trkpt lon="-4.430521" lat="36.713226"><ele>5.0</ele></trkpt>
   <trkpt lon="-4.430793" lat="36.713163"><ele>5.0</ele></trkpt>
   <trkpt lon="-4.431163" lat="36.713056"><ele>4.1</ele></trkpt>
   <trkpt lon="-4.431228" lat="36.713036"><ele>4.0</ele></trkpt>
   <trkpt lon="-4.431444" lat="36.712968"><ele>4.0</ele></trkpt>
   <trkpt lon="-4.431528" lat="36.712943"><ele>4.0</ele></trkpt>
   <trkpt lon="-4.431751" lat="36.712866"><ele>4.0</ele></trkpt>
   <trkpt lon="-4.431853" lat="36.712833"><ele>4.0</ele></trkpt>
   <trkpt lon="-4.431966" lat="36.712804"><ele>4.1</ele></trkpt>
   <trkpt lon="-4.432054" lat="36.712786"><ele>4.1</ele></trkpt>
   <trkpt lon="-4.432580" lat="36.712656"><ele>4.0</ele></trkpt>
   <trkpt lon="-4.432925" lat="36.712568"><ele>4.0</ele></trkpt>
   <trkpt lon="-4.433921" lat="36.712312"><ele>4.0</ele></trkpt>
   <trkpt lon="-4.434671" lat="36.712119"><ele>4.3</ele></trkpt>
   <trkpt lon="-4.434690" lat="36.712114"><ele>4.3</ele></trkpt>
   <trkpt lon="-4.434787" lat="36.712089"><ele>4.2</ele></trkpt>
   <trkpt lon="-4.435035" lat="36.712018"><ele>4.2</ele></trkpt>
   <trkpt lon="-4.435064" lat="36.712010"><ele>4.3</ele></trkpt>
   <trkpt lon="-4.435102" lat="36.711988"><ele>4.4</ele></trkpt>
   <trkpt lon="-4.435133" lat="36.711948"><ele>4.4</ele></trkpt>
   <trkpt lon="-4.435198" lat="36.711872"><ele>4.4</ele></trkpt>
   <trkpt lon="-4.435539" lat="36.711412"><ele>4.1</ele></trkpt>
   <trkpt lon="-4.435697" lat="36.711214"><ele>4.1</ele></trkpt>
   <trkpt lon="-4.435830" lat="36.711097"><ele>4.1</ele></trkpt>
   <trkpt lon="-4.436078" lat="36.710906"><ele>4.2</ele></trkpt>
   <trkpt lon="-4.436777" lat="36.710379"><ele>4.5</ele></trkpt>
   <trkpt lon="-4.436892" lat="36.710260"><ele>4.7</ele></trkpt>
   <trkpt lon="-4.437237" lat="36.710010"><ele>7.1</ele></trkpt>
   <trkpt lon="-4.437270" lat="36.709986"><ele>7.4</ele></trkpt>
   <trkpt lon="-4.437409" lat="36.709916"><ele>8.1</ele></trkpt>
   <trkpt lon="-4.437872" lat="36.709759"><ele>5.9</ele></trkpt>
   <trkpt lon="-4.438028" lat="36.709728"><ele>5.5</ele></trkpt>
   <trkpt lon="-4.438106" lat="36.709728"><ele>5.6</ele></trkpt>
   <trkpt lon="-4.438200" lat="36.709772"><ele>5.8</ele></trkpt>
   <trkpt lon="-4.438420" lat="36.709957"><ele>6.0</ele></trkpt>
   <trkpt lon="-4.438712" lat="36.710203"><ele>6.6</ele></trkpt>
   <trkpt lon="-4.439088" lat="36.710520"><ele>6.0</ele></trkpt>
   <trkpt lon="-4.439121" lat="36.710547"><ele>6.0</ele></trkpt>
   <trkpt lon="-4.439138" lat="36.710562"><ele>6.0</ele></trkpt>
   <trkpt lon="-4.439171" lat="36.710589"><ele>6.0</ele></trkpt>
   <trkpt lon="-4.439201" lat="36.710565"><ele>6.0</ele></trkpt>
   <trkpt lon="-4.439246" lat="36.710528"><ele>6.0</ele></trkpt>
   <trkpt lon="-4.439281" lat="36.710500"><ele>6.0</ele></trkpt>
   <trkpt lon="-4.439475" lat="36.710351"><ele>6.3</ele></trkpt>
   <trkpt lon="-4.439613" lat="36.710245"><ele>6.7</ele></trkpt>
   <trkpt lon="-4.439980" lat="36.709960"><ele>7.0</ele></trkpt>
   <trkpt lon="-4.440024" lat="36.709926"><ele>7.0</ele></trkpt>
   <trkpt lon="-4.440122" lat="36.709851"><ele>7.1</ele></trkpt>
   <trkpt lon="-4.440818" lat="36.709324"><ele>8.0</ele></trkpt>
   <trkpt lon="-4.440887" lat="36.709277"><ele>8.0</ele></trkpt>
   <trkpt lon="-4.440945" lat="36.709231"><ele>8.0</ele></trkpt>
   <trkpt lon="-4.441068" lat="36.709141"><ele>8.0</ele></trkpt>
   <trkpt lon="-4.441303" lat="36.708962"><ele>8.0</ele></trkpt>
   <trkpt lon="-4.441326" lat="36.708944"><ele>8.0</ele></trkpt>
   <trkpt lon="-4.441350" lat="36.708926"><ele>8.0</ele></trkpt>
   <trkpt lon="-4.441407" lat="36.708881"><ele>8.0</ele></trkpt>
   <trkpt lon="-4.441556" lat="36.708766"><ele>8.0</ele></trkpt>
   <trkpt lon="-4.441678" lat="36.708671"><ele>8.0</ele></trkpt>
   <trkpt lon="-4.441752" lat="36.708617"><ele>8.0</ele></trkpt>
   <trkpt lon="-4.441823" lat="36.708565"><ele>8.0</ele></trkpt>
   <trkpt lon="-4.441860" lat="36.708537"><ele>8.0</ele></trkpt>
   <trkpt lon="-4.441888" lat="36.708517"><ele>8.0</ele></trkpt>
   <trkpt lon="-4.442069" lat="36.708426"><ele>8.0</ele></trkpt>
   <trkpt lon="-4.442155" lat="36.708422"><ele>8.0</ele></trkpt>
   <trkpt lon="-4.442195" lat="36.708428"><ele>8.0</ele></trkpt>
   <trkpt lon="-4.442220" lat="36.708440"><ele>8.0</ele></trkpt>
   <trkpt lon="-4.442228" lat="36.708479"><ele>8.0</ele></trkpt>
   <trkpt lon="-4.442256" lat="36.708511"><ele>8.0</ele></trkpt>
   <trkpt lon="-4.442278" lat="36.708529"><ele>8.0</ele></trkpt>
   <trkpt lon="-4.442296" lat="36.708544"><ele>8.0</ele></trkpt>
   <trkpt lon="-4.442463" lat="36.708665"><ele>8.1</ele></trkpt>
   <trkpt lon="-4.443030" lat="36.709047"><ele>9.2</ele></trkpt>
   <trkpt lon="-4.443049" lat="36.709069"><ele>9.2</ele></trkpt>
   <trkpt lon="-4.443096" lat="36.709124"><ele>9.4</ele></trkpt>
   <trkpt lon="-4.443120" lat="36.709152"><ele>9.5</ele></trkpt>
   <trkpt lon="-4.442932" lat="36.709247"><ele>9.3</ele></trkpt>
   <trkpt lon="-4.442815" lat="36.709301"><ele>9.1</ele></trkpt>
   <trkpt lon="-4.442520" lat="36.709452"><ele>9.0</ele></trkpt>
   <trkpt lon="-4.442605" lat="36.709518"><ele>9.0</ele></trkpt>
   <trkpt lon="-4.443003" lat="36.709806"><ele>9.8</ele></trkpt>
   <trkpt lon="-4.443130" lat="36.709901"><ele>10.0</ele></trkpt>
   <trkpt lon="-4.443534" lat="36.710222"><ele>10.7</ele></trkpt>
   <trkpt lon="-4.443550" lat="36.710234"><ele>10.7</ele></trkpt>
   <trkpt lon="-4.443601" lat="36.710273"><ele>10.8</ele></trkpt>
   <trkpt lon="-4.443859" lat="36.710094"><ele>10.4</ele></trkpt>
   <trkpt lon="-4.443931" lat="36.710048"><ele>10.4</ele></trkpt>
   <trkpt lon="-4.444022" lat="36.710011"><ele>10.6</ele></trkpt>
   <trkpt lon="-4.444144" lat="36.709954"><ele>10.8</ele></trkpt>
   <trkpt lon="-4.444367" lat="36.709897"><ele>11.3</ele></trkpt>
   <trkpt lon="-4.444505" lat="36.709876"><ele>11.7</ele></trkpt>
   <trkpt lon="-4.444689" lat="36.709885"><ele>11.7</ele></trkpt>
   <trkpt lon="-4.444797" lat="36.709882"><ele>11.7</ele></trkpt>
   <trkpt lon="-4.444939" lat="36.709863"><ele>11.6</ele></trkpt>
   <trkpt lon="-4.445064" lat="36.709819"><ele>11.5</ele></trkpt>
   <trkpt lon="-4.445116" lat="36.709785"><ele>11.4</ele></trkpt>
   <trkpt lon="-4.445142" lat="36.709749"><ele>11.3</ele></trkpt>
   <trkpt lon="-4.445269" lat="36.709682"><ele>11.3</ele></trkpt>
   <trkpt lon="-4.445303" lat="36.709656"><ele>11.3</ele></trkpt>
   <trkpt lon="-4.445393" lat="36.709597"><ele>11.5</ele></trkpt>
   <trkpt lon="-4.445634" lat="36.709437"><ele>11.6</ele></trkpt>
   <trkpt lon="-4.445767" lat="36.709336"><ele>11.7</ele></trkpt>
   <trkpt lon="-4.445854" lat="36.709274"><ele>11.8</ele></trkpt>
   <trkpt lon="-4.446417" lat="36.708873"><ele>11.7</ele></trkpt>
   <trkpt lon="-4.446582" lat="36.708756"><ele>11.4</ele></trkpt>
   <trkpt lon="-4.446694" lat="36.708679"><ele>11.5</ele></trkpt>
   <trkpt lon="-4.446724" lat="36.708658"><ele>11.6</ele></trkpt>
   <trkpt lon="-4.447334" lat="36.708216"><ele>11.9</ele></trkpt>
   <trkpt lon="-4.447758" lat="36.707965"><ele>12.0</ele></trkpt>
   <trkpt lon="-4.447896" lat="36.707884"><ele>11.8</ele></trkpt>
   <trkpt lon="-4.448402" lat="36.707587"><ele>12.0</ele></trkpt>
   <trkpt lon="-4.448484" lat="36.707538"><ele>11.9</ele></trkpt>
   <trkpt lon="-4.448880" lat="36.707290"><ele>12.0</ele></trkpt>
   <trkpt lon="-4.449024" lat="36.707211"><ele>11.9</ele></trkpt>
   <trkpt lon="-4.449132" lat="36.707142"><ele>11.8</ele></trkpt>
   <trkpt lon="-4.449280" lat="36.707061"><ele>12.0</ele></trkpt>
   <trkpt lon="-4.449435" lat="36.706963"><ele>12.1</ele></trkpt>
   <trkpt lon="-4.449488" lat="36.706930"><ele>12.0</ele></trkpt>
   <trkpt lon="-4.449530" lat="36.706899"><ele>12.0</ele></trkpt>
   <trkpt lon="-4.449867" lat="36.706697"><ele>12.0</ele></trkpt>
   <trkpt lon="-4.450754" lat="36.706158"><ele>12.0</ele></trkpt>
   <trkpt lon="-4.451281" lat="36.705836"><ele>11.8</ele></trkpt>
   <trkpt lon="-4.451638" lat="36.705627"><ele>11.0</ele></trkpt>
   <trkpt lon="-4.451821" lat="36.705574"><ele>10.6</ele></trkpt>
   <trkpt lon="-4.451886" lat="36.705554"><ele>10.4</ele></trkpt>
   <trkpt lon="-4.451949" lat="36.705584"><ele>10.3</ele></trkpt>
   <trkpt lon="-4.451998" lat="36.705593"><ele>10.2</ele></trkpt>
   <trkpt lon="-4.452036" lat="36.705593"><ele>10.1</ele></trkpt>
   <trkpt lon="-4.452106" lat="36.705577"><ele>10.1</ele></trkpt>
   <trkpt lon="-4.452156" lat="36.705548"><ele>10.0</ele></trkpt>
   <trkpt lon="-4.452179" lat="36.705526"><ele>10.0</ele></trkpt>
   <trkpt lon="-4.452271" lat="36.705476"><ele>10.0</ele></trkpt>
   <trkpt lon="-4.452396" lat="36.705392"><ele>10.1</ele></trkpt>
   <trkpt lon="-4.452479" lat="36.705345"><ele>10.1</ele></trkpt>
   <trkpt lon="-4.453380" lat="36.704941"><ele>11.0</ele></trkpt>
   <trkpt lon="-4.453490" lat="36.704890"><ele>11.0</ele></trkpt>
   <trkpt lon="-4.453610" lat="36.704833"><ele>11.0</ele></trkpt>
   <trkpt lon="-4.453787" lat="36.704726"><ele>11.0</ele></trkpt>
   <trkpt lon="-4.453875" lat="36.704672"><ele>11.0</ele></trkpt>
   <trkpt lon="-4.454015" lat="36.704660"><ele>11.0</ele></trkpt>
   <trkpt lon="-4.454116" lat="36.704665"><ele>11.2</ele></trkpt>
   <trkpt lon="-4.454198" lat="36.704689"><ele>11.4</ele></trkpt>
   <trkpt lon="-4.454251" lat="36.704691"><ele>11.6</ele></trkpt>
   <trkpt lon="-4.454288" lat="36.704686"><ele>11.7</ele></trkpt>
   <trkpt lon="-4.454364" lat="36.704658"><ele>11.9</ele></trkpt>
   <trkpt lon="-4.454406" lat="36.704627"><ele>12.0</ele></trkpt>
   <trkpt lon="-4.454441" lat="36.704582"><ele>12.0</ele></trkpt>
   <trkpt lon="-4.454457" lat="36.704535"><ele>12.0</ele></trkpt>
   <trkpt lon="-4.454458" lat="36.704495"><ele>12.0</ele></trkpt>
   <trkpt lon="-4.454539" lat="36.704404"><ele>12.0</ele></trkpt>
   <trkpt lon="-4.454712" lat="36.704299"><ele>12.0</ele></trkpt>
   <trkpt lon="-4.456238" lat="36.703571"><ele>13.0</ele></trkpt>
   <trkpt lon="-4.456471" lat="36.703460"><ele>13.2</ele></trkpt>
   <trkpt lon="-4.456953" lat="36.703231"><ele>14.0</ele></trkpt>
   <trkpt lon="-4.457098" lat="36.703168"><ele>14.0</ele></trkpt>
   <trkpt lon="-4.458014" lat="36.702791"><ele>18.1</ele></trkpt>
   <trkpt lon="-4.458427" lat="36.702624"><ele>17.5</ele></trkpt>
   <trkpt lon="-4.458700" lat="36.702514"><ele>16.8</ele></trkpt>
   <trkpt lon="-4.459045" lat="36.702377"><ele>16.7</ele></trkpt>
   <trkpt lon="-4.459497" lat="36.702199"><ele>17.8</ele></trkpt>
   <trkpt lon="-4.459688" lat="36.702145"><ele>18.0</ele></trkpt>
   <trkpt lon="-4.459747" lat="36.702177"><ele>18.0</ele></trkpt>
   <trkpt lon="-4.459843" lat="36.702184"><ele>18.0</ele></trkpt>
   <trkpt lon="-4.459874" lat="36.702179"><ele>18.0</ele></trkpt>
   <trkpt lon="-4.460168" lat="36.702076"><ele>18.0</ele></trkpt>
   <trkpt lon="-4.460487" lat="36.701955"><ele>18.0</ele></trkpt>
   <trkpt lon="-4.460559" lat="36.701927"><ele>18.0</ele></trkpt>
   <trkpt lon="-4.460899" lat="36.701809"><ele>19.0</ele></trkpt>
   <trkpt lon="-4.461292" lat="36.701661"><ele>18.0</ele></trkpt>
   <trkpt lon="-4.461681" lat="36.701514"><ele>18.0</ele></trkpt>
   <trkpt lon="-4.461934" lat="36.701419"><ele>17.9</ele></trkpt>
   <trkpt lon="-4.462071" lat="36.701367"><ele>17.7</ele></trkpt>
   <trkpt lon="-4.462150" lat="36.701338"><ele>17.6</ele></trkpt>
   <trkpt lon="-4.462194" lat="36.701273"><ele>17.5</ele></trkpt>
   <trkpt lon="-4.462223" lat="36.701173"><ele>17.2</ele></trkpt>
   <trkpt lon="-4.462301" lat="36.701116"><ele>17.1</ele></trkpt>
   <trkpt lon="-4.462628" lat="36.700981"><ele>17.5</ele></trkpt>
   <trkpt lon="-4.463048" lat="36.700818"><ele>16.7</ele></trkpt>
   <trkpt lon="-4.463872" lat="36.700491"><ele>15.9</ele></trkpt>
   <trkpt lon="-4.464038" lat="36.700427"><ele>16.0</ele></trkpt>
   <trkpt lon="-4.464808" lat="36.700114"><ele>15.6</ele></trkpt>
   <trkpt lon="-4.465561" lat="36.699818"><ele>15.0</ele></trkpt>
   <trkpt lon="-4.466289" lat="36.699543"><ele>14.3</ele></trkpt>
   <trkpt lon="-4.466511" lat="36.699469"><ele>14.6</ele></trkpt>
   <trkpt lon="-4.466958" lat="36.699336"><ele>16.1</ele></trkpt>
   <trkpt lon="-4.467027" lat="36.699327"><ele>16.2</ele></trkpt>
   <trkpt lon="-4.467165" lat="36.699299"><ele>16.2</ele></trkpt>
   <trkpt lon="-4.467415" lat="36.699259"><ele>16.1</ele></trkpt>
   <trkpt lon="-4.467546" lat="36.699250"><ele>16.3</ele></trkpt>
   <trkpt lon="-4.467608" lat="36.699257"><ele>16.4</ele></trkpt>
   <trkpt lon="-4.467669" lat="36.699250"><ele>16.4</ele></trkpt>
   <trkpt lon="-4.467706" lat="36.699335"><ele>16.8</ele></trkpt>
   <trkpt lon="-4.467820" lat="36.699627"><ele>17.2</ele></trkpt>
   <trkpt lon="-4.467954" lat="36.699953"><ele>17.7</ele></trkpt>
   <trkpt lon="-4.468015" lat="36.700102"><ele>17.9</ele></trkpt>
   <trkpt lon="-4.468354" lat="36.700932"><ele>19.9</ele></trkpt>
   <trkpt lon="-4.468434" lat="36.701056"><ele>20.1</ele></trkpt>
   <trkpt lon="-4.468549" lat="36.701174"><ele>20.6</ele></trkpt>
   <trkpt lon="-4.468709" lat="36.701261"><ele>21.3</ele></trkpt>
   <trkpt lon="-4.468867" lat="36.701328"><ele>21.8</ele></trkpt>
   <trkpt lon="-4.469027" lat="36.701355"><ele>22.3</ele></trkpt>
   <trkpt lon="-4.470430" lat="36.701439"><ele>21.9</ele></trkpt>
   <trkpt lon="-4.470646" lat="36.701451"><ele>21.4</ele></trkpt>
   <trkpt lon="-4.471269" lat="36.701430"><ele>22.6</ele></trkpt>
   <trkpt lon="-4.471384" lat="36.701427"><ele>23.2</ele></trkpt>
   <trkpt lon="-4.472517" lat="36.701385"><ele>23.8</ele></trkpt>
   <trkpt lon="-4.472608" lat="36.701382"><ele>23.7</ele></trkpt>
   <trkpt lon="-4.472687" lat="36.701380"><ele>23.6</ele></trkpt>
   <trkpt lon="-4.472765" lat="36.701377"><ele>23.6</ele></trkpt>
   <trkpt lon="-4.472850" lat="36.701374"><ele>23.5</ele></trkpt>
   <trkpt lon="-4.473292" lat="36.701361"><ele>23.7</ele></trkpt>
   <trkpt lon="-4.473689" lat="36.701350"><ele>23.7</ele></trkpt>
   <trkpt lon="-4.474584" lat="36.701316"><ele>25.1</ele></trkpt>
   <trkpt lon="-4.474657" lat="36.702601"><ele>27.0</ele></trkpt>
  </trkseg>
 </trk>
</gpx>
