<?xml version="1.0" encoding="UTF-8"?>
<!-- track-length = 215652 filtered ascend = 3335 plain-ascend = 0 cost=455076 energy=1.4kwh time=14h 58m 43s -->
<gpx 
 xmlns="http://www.topografix.com/GPX/1/1" 
 xmlns:xsi="http://www.w3.org/2001/XMLSchema-instance" 
 xsi:schemaLocation="http://www.topografix.com/GPX/1/1 http://www.topografix.com/GPX/1/1/gpx.xsd" 
 creator="BRouter-1.7.10" version="1.1">
 <trk>
  <name>brouter_trekking_0</name>
  <trkseg>
   <trkpt lon="-4.474657" lat="36.702601"><ele>27.0</ele></trkpt>
   <trkpt lon="-4.474731" lat="36.703910"><ele>28.6</ele></trkpt>
   <trkpt lon="-4.475624" lat="36.703881"><ele>29.1</ele></trkpt>
   <trkpt lon="-4.476511" lat="36.703853"><ele>31.0</ele></trkpt>
   <trkpt lon="-4.476620" lat="36.703851"><ele>31.1</ele></trkpt>
   <trkpt lon="-4.476632" lat="36.703994"><ele>31.1</ele></trkpt>
   <trkpt lon="-4.476645" lat="36.704340"><ele>30.6</ele></trkpt>
   <trkpt lon="-4.476589" lat="36.704678"><ele>30.0</ele></trkpt>
   <trkpt lon="-4.476504" lat="36.704953"><ele>29.9</ele></trkpt>
   <trkpt lon="-4.476418" lat="36.705157"><ele>29.6</ele></trkpt>
   <trkpt lon="-4.476362" lat="36.705260"><ele>29.4</ele></trkpt>
   <trkpt lon="-4.476255" lat="36.705434"><ele>29.6</ele></trkpt>
   <trkpt lon="-4.475831" lat="36.706131"><ele>31.0</ele></trkpt>
   <trkpt lon="-4.475456" lat="36.706723"><ele>31.4</ele></trkpt>
   <trkpt lon="-4.475202" lat="36.707153"><ele>31.9</ele></trkpt>
   <trkpt lon="-4.475165" lat="36.707234"><ele>31.8</ele></trkpt>
   <trkpt lon="-4.475150" lat="36.707297"><ele>31.8</ele></trkpt>
   <trkpt lon="-4.475124" lat="36.707369"><ele>31.7</ele></trkpt>
   <trkpt lon="-4.475238" lat="36.707496"><ele>32.0</ele></trkpt>
   <trkpt lon="-4.475324" lat="36.707514"><ele>32.3</ele></trkpt>
   <trkpt lon="-4.475398" lat="36.707529"><ele>32.5</ele></trkpt>
   <trkpt lon="-4.475372" lat="36.707595"><ele>32.4</ele></trkpt>
   <trkpt lon="-4.475364" lat="36.707614"><ele>32.4</ele></trkpt>
   <trkpt lon="-4.476123" lat="36.707765"><ele>34.0</ele></trkpt>
   <trkpt lon="-4.476653" lat="36.707853"><ele>34.2</ele></trkpt>
   <trkpt lon="-4.477051" lat="36.707884"><ele>35.3</ele></trkpt>
   <trkpt lon="-4.477225" lat="36.707888"><ele>35.7</ele></trkpt>
   <trkpt lon="-4.477282" lat="36.707891"><ele>35.8</ele></trkpt>
   <trkpt lon="-4.477440" lat="36.707894"><ele>35.8</ele></trkpt>
   <trkpt lon="-4.477654" lat="36.707893"><ele>35.8</ele></trkpt>
   <trkpt lon="-4.478196" lat="36.707899"><ele>36.7</ele></trkpt>
   <trkpt lon="-4.478372" lat="36.707908"><ele>37.0</ele></trkpt>
   <trkpt lon="-4.478682" lat="36.707940"><ele>38.1</ele></trkpt>
   <trkpt lon="-4.479655" lat="36.708126"><ele>40.5</ele></trkpt>
   <trkpt lon="-4.480738" lat="36.708346"><ele>42.3</ele></trkpt>
   <trkpt lon="-4.481093" lat="36.708411"><ele>43.1</ele></trkpt>
   <trkpt lon="-4.481379" lat="36.708453"><ele>43.5</ele></trkpt>
   <trkpt lon="-4.481619" lat="36.708470"><ele>44.6</ele></trkpt>
   <trkpt lon="-4.481764" lat="36.708481"><ele>45.2</ele></trkpt>
   <trkpt lon="-4.481809" lat="36.708478"><ele>45.4</ele></trkpt>
   <trkpt lon="-4.481874" lat="36.708546"><ele>45.6</ele></trkpt>
   <trkpt lon="-4.481941" lat="36.708589"><ele>45.8</ele></trkpt>
   <trkpt lon="-4.482060" lat="36.708649"><ele>46.2</ele></trkpt>
   <trkpt lon="-4.482115" lat="36.708648"><ele>46.3</ele></trkpt>
   <trkpt lon="-4.482232" lat="36.708633"><ele>46.5</ele></trkpt>
   <trkpt lon="-4.482298" lat="36.708625"><ele>46.7</ele></trkpt>
   <trkpt lon="-4.482358" lat="36.708603"><ele>46.9</ele></trkpt>
   <trkpt lon="-4.482433" lat="36.708551"><ele>47.1</ele></trkpt>
   <trkpt lon="-4.482508" lat="36.708462"><ele>47.3</ele></trkpt>
   <trkpt lon="-4.482565" lat="36.708420"><ele>47.5</ele></trkpt>
   <trkpt lon="-4.482689" lat="36.708385"><ele>47.9</ele></trkpt>
   <trkpt lon="-4.484848" lat="36.708252"><ele>53.7</ele></trkpt>
   <trkpt lon="-4.484975" lat="36.708267"><ele>52.8</ele></trkpt>
   <trkpt lon="-4.485052" lat="36.708311"><ele>52.5</ele></trkpt>
   <trkpt lon="-4.485109" lat="36.708367"><ele>52.5</ele></trkpt>
   <trkpt lon="-4.485234" lat="36.708432"><ele>52.5</ele></trkpt>
   <trkpt lon="-4.485403" lat="36.708469"><ele>52.3</ele></trkpt>
   <trkpt lon="-4.485457" lat="36.708461"><ele>52.0</ele></trkpt>
   <trkpt lon="-4.485605" lat="36.708407"><ele>51.2</ele></trkpt>
   <trkpt lon="-4.485660" lat="36.708378"><ele>50.8</ele></trkpt>
   <trkpt lon="-4.485731" lat="36.708289"><ele>50.2</ele></trkpt>
   <trkpt lon="-4.485805" lat="36.708243"><ele>49.8</ele></trkpt>
   <trkpt lon="-4.485866" lat="36.708226"><ele>49.5</ele></trkpt>
   <trkpt lon="-4.486636" lat="36.708186"><ele>48.9</ele></trkpt>
   <trkpt lon="-4.486865" lat="36.708184"><ele>47.8</ele></trkpt>
   <trkpt lon="-4.487152" lat="36.708191"><ele>46.9</ele></trkpt>
   <trkpt lon="-4.487374" lat="36.708213"><ele>46.2</ele></trkpt>
   <trkpt lon="-4.487707" lat="36.708264"><ele>44.2</ele></trkpt>
   <trkpt lon="-4.488449" lat="36.708391"><ele>39.8</ele></trkpt>
   <trkpt lon="-4.488728" lat="36.708424"><ele>37.3</ele></trkpt>
   <trkpt lon="-4.488749" lat="36.708461"><ele>37.1</ele></trkpt>
   <trkpt lon="-4.488979" lat="36.708433"><ele>35.4</ele></trkpt>
   <trkpt lon="-4.489384" lat="36.708443"><ele>33.5</ele></trkpt>
   <trkpt lon="-4.489945" lat="36.708395"><ele>31.9</ele></trkpt>
   <trkpt lon="-4.490870" lat="36.708282"><ele>28.2</ele></trkpt>
   <trkpt lon="-4.491392" lat="36.708257"><ele>26.8</ele></trkpt>
   <trkpt lon="-4.492238" lat="36.708151"><ele>24.6</ele></trkpt>
   <trkpt lon="-4.492392" lat="36.708147"><ele>24.1</ele></trkpt>
   <trkpt lon="-4.492426" lat="36.708146"><ele>24.0</ele></trkpt>
   <trkpt lon="-4.492681" lat="36.708179"><ele>23.2</ele></trkpt>
   <trkpt lon="-4.492909" lat="36.708216"><ele>22.4</ele></trkpt>
   <trkpt lon="-4.493592" lat="36.708151"><ele>22.0</ele></trkpt>
   <trkpt lon="-4.493701" lat="36.708100"><ele>21.8</ele></trkpt>
   <trkpt lon="-4.493770" lat="36.708015"><ele>21.4</ele></trkpt>
   <trkpt lon="-4.494215" lat="36.707805"><ele>18.6</ele></trkpt>
   <trkpt lon="-4.495118" lat="36.707651"><ele>17.3</ele></trkpt>
   <trkpt lon="-4.496580" lat="36.707499"><ele>16.7</ele></trkpt>
   <trkpt lon="-4.497535" lat="36.707407"><ele>16.6</ele></trkpt>
   <trkpt lon="-4.501909" lat="36.706988"><ele>16.2</ele></trkpt>
   <trkpt lon="-4.502052" lat="36.706838"><ele>16.0</ele></trkpt>
   <trkpt lon="-4.502843" lat="36.706169"><ele>15.8</ele></trkpt>
   <trkpt lon="-4.503712" lat="36.705432"><ele>15.0</ele></trkpt>
   <trkpt lon="-4.503958" lat="36.705222"><ele>15.0</ele></trkpt>
   <trkpt lon="-4.505219" lat="36.704148"><ele>15.0</ele></trkpt>
   <trkpt lon="-4.505139" lat="36.704032"><ele>14.8</ele></trkpt>
   <trkpt lon="-4.505072" lat="36.703848"><ele>14.4</ele></trkpt>
   <trkpt lon="-4.505087" lat="36.703662"><ele>14.5</ele></trkpt>
   <trkpt lon="-4.505228" lat="36.703443"><ele>14.7</ele></trkpt>
   <trkpt lon="-4.505720" lat="36.702896"><ele>14.6</ele></trkpt>
   <trkpt lon="-4.506185" lat="36.702399"><ele>13.3</ele></trkpt>
   <trkpt lon="-4.506344" lat="36.702258"><ele>12.9</ele></trkpt>
   <trkpt lon="-4.506583" lat="36.702143"><ele>12.9</ele></trkpt>
   <trkpt lon="-4.506826" lat="36.702099"><ele>13.2</ele></trkpt>
   <trkpt lon="-4.507812" lat="36.702078"><ele>11.8</ele></trkpt>
   <trkpt lon="-4.508150" lat="36.702061"><ele>11.8</ele></trkpt>
   <trkpt lon="-4.508386" lat="36.701949"><ele>11.4</ele></trkpt>
   <trkpt lon="-4.508465" lat="36.701890"><ele>11.3</ele></trkpt>
   <trkpt lon="-4.508586" lat="36.701801"><ele>11.0</ele></trkpt>
   <trkpt lon="-4.509776" lat="36.700951"><ele>11.1</ele></trkpt>
   <trkpt lon="-4.511368" lat="36.699806"><ele>10.9</ele></trkpt>
   <trkpt lon="-4.511615" lat="36.699594"><ele>11.4</ele></trkpt>
   <trkpt lon="-4.511998" lat="36.699284"><ele>12.3</ele></trkpt>
   <trkpt lon="-4.512964" lat="36.698635"><ele>13.3</ele></trkpt>
   <trkpt lon="-4.513923" lat="36.697823"><ele>14.6</ele></trkpt>
   <trkpt lon="-4.514394" lat="36.697477"><ele>11.6</ele></trkpt>
   <trkpt lon="-4.514525" lat="36.697372"><ele>10.1</ele></trkpt>
   <trkpt lon="-4.514769" lat="36.697378"><ele>10.1</ele></trkpt>
   <trkpt lon="-4.514997" lat="36.697396"><ele>9.8</ele></trkpt>
   <trkpt lon="-4.515224" lat="36.697528"><ele>10.2</ele></trkpt>
   <trkpt lon="-4.515375" lat="36.697710"><ele>10.8</ele></trkpt>
   <trkpt lon="-4.515515" lat="36.698002"><ele>10.0</ele></trkpt>
   <trkpt lon="-4.515568" lat="36.698070"><ele>9.9</ele></trkpt>
   <trkpt lon="-4.515703" lat="36.698181"><ele>9.8</ele></trkpt>
   <trkpt lon="-4.515759" lat="36.698203"><ele>9.9</ele></trkpt>
   <trkpt lon="-4.515816" lat="36.698203"><ele>10.0</ele></trkpt>
   <trkpt lon="-4.516080" lat="36.698151"><ele>10.0</ele></trkpt>
   <trkpt lon="-4.516406" lat="36.698083"><ele>10.6</ele></trkpt>
   <trkpt lon="-4.516421" lat="36.697965"><ele>10.6</ele></trkpt>
   <trkpt lon="-4.516472" lat="36.697817"><ele>10.7</ele></trkpt>
   <trkpt lon="-4.516643" lat="36.697703"><ele>10.7</ele></trkpt>
   <trkpt lon="-4.516518" lat="36.697483"><ele>8.4</ele></trkpt>
   <trkpt lon="-4.516346" lat="36.697328"><ele>6.9</ele></trkpt>
   <trkpt lon="-4.516019" lat="36.697079"><ele>6.2</ele></trkpt>
   <trkpt lon="-4.515847" lat="36.696748"><ele>5.2</ele></trkpt>
   <trkpt lon="-4.515862" lat="36.696551"><ele>5.4</ele></trkpt>
   <trkpt lon="-4.515892" lat="36.696312"><ele>6.1</ele></trkpt>
   <trkpt lon="-4.515882" lat="36.695979"><ele>7.0</ele></trkpt>
   <trkpt lon="-4.515976" lat="36.695823"><ele>7.0</ele></trkpt>
   <trkpt lon="-4.516172" lat="36.695022"><ele>7.0</ele></trkpt>
   <trkpt lon="-4.516204" lat="36.694801"><ele>7.5</ele></trkpt>
   <trkpt lon="-4.516304" lat="36.694674"><ele>7.9</ele></trkpt>
   <trkpt lon="-4.516401" lat="36.694552"><ele>8.7</ele></trkpt>
   <trkpt lon="-4.517027" lat="36.694375"><ele>10.4</ele></trkpt>
   <trkpt lon="-4.517162" lat="36.694303"><ele>10.9</ele></trkpt>
   <trkpt lon="-4.516988" lat="36.694254"><ele>11.0</ele></trkpt>
   <trkpt lon="-4.516950" lat="36.694071"><ele>11.0</ele></trkpt>
   <trkpt lon="-4.516979" lat="36.693888"><ele>11.0</ele></trkpt>
   <trkpt lon="-4.517014" lat="36.693803"><ele>11.0</ele></trkpt>
   <trkpt lon="-4.517176" lat="36.693641"><ele>11.0</ele></trkpt>
   <trkpt lon="-4.517303" lat="36.693461"><ele>11.3</ele></trkpt>
   <trkpt lon="-4.517356" lat="36.693292"><ele>11.4</ele></trkpt>
   <trkpt lon="-4.517325" lat="36.693017"><ele>12.0</ele></trkpt>
   <trkpt lon="-4.517386" lat="36.692721"><ele>12.0</ele></trkpt>
   <trkpt lon="-4.517671" lat="36.692081"><ele>12.0</ele></trkpt>
   <trkpt lon="-4.518519" lat="36.690515"><ele>11.9</ele></trkpt>
   <trkpt lon="-4.518363" lat="36.690179"><ele>12.8</ele></trkpt>
   <trkpt lon="-4.518282" lat="36.689794"><ele>14.3</ele></trkpt>
   <trkpt lon="-4.518540" lat="36.689265"><ele>14.4</ele></trkpt>
   <trkpt lon="-4.518786" lat="36.688969"><ele>14.5</ele></trkpt>
   <trkpt lon="-4.518914" lat="36.688859"><ele>14.2</ele></trkpt>
   <trkpt lon="-4.519376" lat="36.688656"><ele>14.7</ele></trkpt>
   <trkpt lon="-4.519654" lat="36.688516"><ele>14.3</ele></trkpt>
   <trkpt lon="-4.519737" lat="36.688486"><ele>14.4</ele></trkpt>
   <trkpt lon="-4.519837" lat="36.688465"><ele>14.6</ele></trkpt>
   <trkpt lon="-4.520123" lat="36.688388"><ele>14.9</ele></trkpt>
   <trkpt lon="-4.520386" lat="36.688317"><ele>15.0</ele></trkpt>
   <trkpt lon="-4.521175" lat="36.688239"><ele>16.0</ele></trkpt>
   <trkpt lon="-4.521667" lat="36.688177"><ele>16.1</ele></trkpt>
   <trkpt lon="-4.522093" lat="36.688099"><ele>16.9</ele></trkpt>
   <trkpt lon="-4.522759" lat="36.687979"><ele>17.6</ele></trkpt>
   <trkpt lon="-4.522821" lat="36.687967"><ele>17.7</ele></trkpt>
   <trkpt lon="-4.522965" lat="36.687941"><ele>17.9</ele></trkpt>
   <trkpt lon="-4.523042" lat="36.687936"><ele>18.0</ele></trkpt>
   <trkpt lon="-4.523199" lat="36.687927"><ele>18.0</ele></trkpt>
   <trkpt lon="-4.523786" lat="36.687827"><ele>19.3</ele></trkpt>
   <trkpt lon="-4.524156" lat="36.687739"><ele>20.0</ele></trkpt>
   <trkpt lon="-4.524254" lat="36.687699"><ele>20.0</ele></trkpt>
   <trkpt lon="-4.524489" lat="36.687602"><ele>20.0</ele></trkpt>
   <trkpt lon="-4.524900" lat="36.687501"><ele>19.9</ele></trkpt>
   <trkpt lon="-4.526428" lat="36.687159"><ele>19.1</ele></trkpt>
   <trkpt lon="-4.526698" lat="36.687093"><ele>18.0</ele></trkpt>
   <trkpt lon="-4.527170" lat="36.686958"><ele>15.9</ele></trkpt>
   <trkpt lon="-4.528206" lat="36.686596"><ele>21.0</ele></trkpt>
   <trkpt lon="-4.528623" lat="36.686436"><ele>21.0</ele></trkpt>
   <trkpt lon="-4.529035" lat="36.686250"><ele>21.8</ele></trkpt>
   <trkpt lon="-4.529524" lat="36.685984"><ele>22.1</ele></trkpt>
   <trkpt lon="-4.530051" lat="36.685685"><ele>23.0</ele></trkpt>
   <trkpt lon="-4.530570" lat="36.685402"><ele>24.0</ele></trkpt>
   <trkpt lon="-4.531119" lat="36.685097"><ele>24.0</ele></trkpt>
   <trkpt lon="-4.531876" lat="36.684713"><ele>24.0</ele></trkpt>
   <trkpt lon="-4.532528" lat="36.684377"><ele>24.9</ele></trkpt>
   <trkpt lon="-4.532905" lat="36.684211"><ele>25.0</ele></trkpt>
   <trkpt lon="-4.533095" lat="36.684122"><ele>25.0</ele></trkpt>
   <trkpt lon="-4.533214" lat="36.684059"><ele>25.0</ele></trkpt>
   <trkpt lon="-4.533392" lat="36.683973"><ele>25.0</ele></trkpt>
   <trkpt lon="-4.533688" lat="36.683843"><ele>25.2</ele></trkpt>
   <trkpt lon="-4.534089" lat="36.683712"><ele>26.0</ele></trkpt>
   <trkpt lon="-4.534542" lat="36.683546"><ele>26.0</ele></trkpt>
   <trkpt lon="-4.534813" lat="36.683436"><ele>26.0</ele></trkpt>
   <trkpt lon="-4.535157" lat="36.683273"><ele>26.7</ele></trkpt>
   <trkpt lon="-4.535333" lat="36.683172"><ele>27.0</ele></trkpt>
   <trkpt lon="-4.535584" lat="36.683041"><ele>27.0</ele></trkpt>
   <trkpt lon="-4.535869" lat="36.682922"><ele>27.3</ele></trkpt>
   <trkpt lon="-4.536256" lat="36.682793"><ele>27.9</ele></trkpt>
   <trkpt lon="-4.536673" lat="36.682677"><ele>28.0</ele></trkpt>
   <trkpt lon="-4.536849" lat="36.682670"><ele>28.0</ele></trkpt>
   <trkpt lon="-4.536994" lat="36.682639"><ele>28.1</ele></trkpt>
   <trkpt lon="-4.537076" lat="36.682635"><ele>28.3</ele></trkpt>
   <trkpt lon="-4.537137" lat="36.682650"><ele>28.5</ele></trkpt>
   <trkpt lon="-4.537186" lat="36.682662"><ele>28.6</ele></trkpt>
   <trkpt lon="-4.537205" lat="36.682710"><ele>28.6</ele></trkpt>
   <trkpt lon="-4.537241" lat="36.682751"><ele>28.7</ele></trkpt>
   <trkpt lon="-4.537295" lat="36.682782"><ele>28.8</ele></trkpt>
   <trkpt lon="-4.537358" lat="36.682799"><ele>29.0</ele></trkpt>
   <trkpt lon="-4.537424" lat="36.682798"><ele>29.1</ele></trkpt>
   <trkpt lon="-4.537552" lat="36.682824"><ele>29.4</ele></trkpt>
   <trkpt lon="-4.537747" lat="36.682889"><ele>29.3</ele></trkpt>
   <trkpt lon="-4.537870" lat="36.682939"><ele>28.8</ele></trkpt>
   <trkpt lon="-4.538104" lat="36.683044"><ele>27.8</ele></trkpt>
   <trkpt lon="-4.538369" lat="36.683135"><ele>27.0</ele></trkpt>
   <trkpt lon="-4.538987" lat="36.683303"><ele>26.0</ele></trkpt>
   <trkpt lon="-4.541628" lat="36.683948"><ele>22.8</ele></trkpt>
   <trkpt lon="-4.542289" lat="36.684110"><ele>25.1</ele></trkpt>
   <trkpt lon="-4.543345" lat="36.684368"><ele>27.0</ele></trkpt>
   <trkpt lon="-4.545549" lat="36.684906"><ele>23.5</ele></trkpt>
   <trkpt lon="-4.546344" lat="36.685099"><ele>20.9</ele></trkpt>
   <trkpt lon="-4.549980" lat="36.686004"><ele>21.0</ele></trkpt>
   <trkpt lon="-4.550275" lat="36.686118"><ele>22.7</ele></trkpt>
   <trkpt lon="-4.550516" lat="36.686243"><ele>24.0</ele></trkpt>
   <trkpt lon="-4.550799" lat="36.686450"><ele>24.7</ele></trkpt>
   <trkpt lon="-4.551054" lat="36.686709"><ele>24.7</ele></trkpt>
   <trkpt lon="-4.551228" lat="36.686955"><ele>25.3</ele></trkpt>
   <trkpt lon="-4.552650" lat="36.689213"><ele>21.9</ele></trkpt>
   <trkpt lon="-4.552886" lat="36.689525"><ele>20.5</ele></trkpt>
   <trkpt lon="-4.553190" lat="36.689830"><ele>20.1</ele></trkpt>
   <trkpt lon="-4.553522" lat="36.690085"><ele>20.3</ele></trkpt>
   <trkpt lon="-4.553871" lat="36.690299"><ele>21.0</ele></trkpt>
   <trkpt lon="-4.554790" lat="36.690810"><ele>22.0</ele></trkpt>
   <trkpt lon="-4.556681" lat="36.691865"><ele>29.6</ele></trkpt>
   <trkpt lon="-4.557306" lat="36.692239"><ele>32.0</ele></trkpt>
   <trkpt lon="-4.558152" lat="36.692782"><ele>32.8</ele></trkpt>
   <trkpt lon="-4.558604" lat="36.693071"><ele>32.8</ele></trkpt>
   <trkpt lon="-4.561053" lat="36.694679"><ele>28.9</ele></trkpt>
   <trkpt lon="-4.561230" lat="36.694795"><ele>28.5</ele></trkpt>
   <trkpt lon="-4.562639" lat="36.695710"><ele>27.6</ele></trkpt>
   <trkpt lon="-4.563584" lat="36.696325"><ele>32.7</ele></trkpt>
   <trkpt lon="-4.563875" lat="36.696513"><ele>34.0</ele></trkpt>
   <trkpt lon="-4.565943" lat="36.697776"><ele>33.5</ele></trkpt>
   <trkpt lon="-4.566026" lat="36.697826"><ele>33.6</ele></trkpt>
   <trkpt lon="-4.566180" lat="36.697918"><ele>33.8</ele></trkpt>
   <trkpt lon="-4.566351" lat="36.698019"><ele>34.0</ele></trkpt>
   <trkpt lon="-4.566536" lat="36.698140"><ele>35.1</ele></trkpt>
   <trkpt lon="-4.567372" lat="36.698689"><ele>33.1</ele></trkpt>
   <trkpt lon="-4.567694" lat="36.698949"><ele>31.8</ele></trkpt>
   <trkpt lon="-4.567965" lat="36.699206"><ele>31.2</ele></trkpt>
   <trkpt lon="-4.568411" lat="36.699718"><ele>27.2</ele></trkpt>
   <trkpt lon="-4.568701" lat="36.700051"><ele>27.7</ele></trkpt>
   <trkpt lon="-4.569679" lat="36.701175"><ele>27.5</ele></trkpt>
   <trkpt lon="-4.570855" lat="36.702502"><ele>28.6</ele></trkpt>
   <trkpt lon="-4.571794" lat="36.703453"><ele>34.0</ele></trkpt>
   <trkpt lon="-4.573411" lat="36.705025"><ele>26.4</ele></trkpt>
   <trkpt lon="-4.573897" lat="36.705497"><ele>26.3</ele></trkpt>
   <trkpt lon="-4.573957" lat="36.705556"><ele>26.5</ele></trkpt>
   <trkpt lon="-4.574344" lat="36.705990"><ele>27.3</ele></trkpt>
   <trkpt lon="-4.574615" lat="36.706355"><ele>26.7</ele></trkpt>
   <trkpt lon="-4.575244" lat="36.707445"><ele>26.5</ele></trkpt>
   <trkpt lon="-4.575770" lat="36.708402"><ele>33.0</ele></trkpt>
   <trkpt lon="-4.575887" lat="36.708584"><ele>33.9</ele></trkpt>
   <trkpt lon="-4.575950" lat="36.708684"><ele>34.5</ele></trkpt>
   <trkpt lon="-4.576125" lat="36.708900"><ele>35.5</ele></trkpt>
   <trkpt lon="-4.576216" lat="36.708979"><ele>35.4</ele></trkpt>
   <trkpt lon="-4.576375" lat="36.709115"><ele>36.7</ele></trkpt>
   <trkpt lon="-4.576603" lat="36.709272"><ele>38.1</ele></trkpt>
   <trkpt lon="-4.577306" lat="36.709657"><ele>37.0</ele></trkpt>
   <trkpt lon="-4.577594" lat="36.709815"><ele>35.6</ele></trkpt>
   <trkpt lon="-4.577952" lat="36.710081"><ele>31.9</ele></trkpt>
   <trkpt lon="-4.578296" lat="36.710441"><ele>30.3</ele></trkpt>
   <trkpt lon="-4.578594" lat="36.710904"><ele>34.0</ele></trkpt>
   <trkpt lon="-4.579161" lat="36.711964"><ele>43.5</ele></trkpt>
   <trkpt lon="-4.579316" lat="36.712200"><ele>44.1</ele></trkpt>
   <trkpt lon="-4.579520" lat="36.712436"><ele>44.3</ele></trkpt>
   <trkpt lon="-4.579779" lat="36.712646"><ele>42.6</ele></trkpt>
   <trkpt lon="-4.580032" lat="36.712797"><ele>41.8</ele></trkpt>
   <trkpt lon="-4.580332" lat="36.712948"><ele>41.4</ele></trkpt>
   <trkpt lon="-4.583741" lat="36.714237"><ele>26.9</ele></trkpt>
   <trkpt lon="-4.584056" lat="36.713968"><ele>27.8</ele></trkpt>
   <trkpt lon="-4.584099" lat="36.713974"><ele>27.9</ele></trkpt>
   <trkpt lon="-4.584203" lat="36.713976"><ele>28.3</ele></trkpt>
   <trkpt lon="-4.584483" lat="36.713968"><ele>29.4</ele></trkpt>
   <trkpt lon="-4.584588" lat="36.713982"><ele>29.8</ele></trkpt>
   <trkpt lon="-4.584660" lat="36.714040"><ele>29.8</ele></trkpt>
   <trkpt lon="-4.584687" lat="36.714115"><ele>29.6</ele></trkpt>
   <trkpt lon="-4.584686" lat="36.714184"><ele>29.4</ele></trkpt>
   <trkpt lon="-4.584652" lat="36.714267"><ele>29.0</ele></trkpt>
   <trkpt lon="-4.584659" lat="36.714345"><ele>28.8</ele></trkpt>
   <trkpt lon="-4.584706" lat="36.714420"><ele>28.8</ele></trkpt>
   <trkpt lon="-4.584728" lat="36.714487"><ele>28.5</ele></trkpt>
   <trkpt lon="-4.584763" lat="36.714544"><ele>28.3</ele></trkpt>
   <trkpt lon="-4.584811" lat="36.714584"><ele>28.1</ele></trkpt>
   <trkpt lon="-4.585350" lat="36.714835"><ele>27.3</ele></trkpt>
   <trkpt lon="-4.585675" lat="36.715017"><ele>26.4</ele></trkpt>
   <trkpt lon="-4.586174" lat="36.715318"><ele>24.4</ele></trkpt>
   <trkpt lon="-4.587215" lat="36.715960"><ele>24.0</ele></trkpt>
   <trkpt lon="-4.588009" lat="36.716438"><ele>24.2</ele></trkpt>
   <trkpt lon="-4.588881" lat="36.716993"><ele>23.4</ele></trkpt>
   <trkpt lon="-4.589017" lat="36.717091"><ele>23.3</ele></trkpt>
   <trkpt lon="-4.589122" lat="36.717180"><ele>23.0</ele></trkpt>
   <trkpt lon="-4.589196" lat="36.717267"><ele>23.0</ele></trkpt>
   <trkpt lon="-4.589288" lat="36.717330"><ele>23.2</ele></trkpt>
   <trkpt lon="-4.589737" lat="36.717493"><ele>24.5</ele></trkpt>
   <trkpt lon="-4.589856" lat="36.717516"><ele>24.8</ele></trkpt>
   <trkpt lon="-4.589954" lat="36.717548"><ele>25.3</ele></trkpt>
   <trkpt lon="-4.590013" lat="36.717601"><ele>25.6</ele></trkpt>
   <trkpt lon="-4.590062" lat="36.717668"><ele>25.8</ele></trkpt>
   <trkpt lon="-4.590108" lat="36.717725"><ele>25.9</ele></trkpt>
   <trkpt lon="-4.590116" lat="36.717734"><ele>25.9</ele></trkpt>
   <trkpt lon="-4.590154" lat="36.717784"><ele>25.9</ele></trkpt>
   <trkpt lon="-4.590161" lat="36.717839"><ele>25.7</ele></trkpt>
   <trkpt lon="-4.590134" lat="36.717907"><ele>25.6</ele></trkpt>
   <trkpt lon="-4.590083" lat="36.717985"><ele>25.5</ele></trkpt>
   <trkpt lon="-4.590068" lat="36.718077"><ele>25.4</ele></trkpt>
   <trkpt lon="-4.590091" lat="36.718135"><ele>25.5</ele></trkpt>
   <trkpt lon="-4.590298" lat="36.718273"><ele>26.1</ele></trkpt>
   <trkpt lon="-4.590486" lat="36.718340"><ele>26.9</ele></trkpt>
   <trkpt lon="-4.590632" lat="36.718363"><ele>27.7</ele></trkpt>
   <trkpt lon="-4.590760" lat="36.718374"><ele>28.4</ele></trkpt>
   <trkpt lon="-4.590946" lat="36.718372"><ele>29.5</ele></trkpt>
   <trkpt lon="-4.591181" lat="36.718346"><ele>31.2</ele></trkpt>
   <trkpt lon="-4.591604" lat="36.718270"><ele>33.6</ele></trkpt>
   <trkpt lon="-4.591715" lat="36.718271"><ele>33.8</ele></trkpt>
   <trkpt lon="-4.591764" lat="36.718285"><ele>33.8</ele></trkpt>
   <trkpt lon="-4.591767" lat="36.718321"><ele>33.8</ele></trkpt>
   <trkpt lon="-4.591751" lat="36.718365"><ele>33.7</ele></trkpt>
   <trkpt lon="-4.591185" lat="36.718936"><ele>32.1</ele></trkpt>
   <trkpt lon="-4.591038" lat="36.719092"><ele>30.3</ele></trkpt>
   <trkpt lon="-4.591037" lat="36.719114"><ele>30.1</ele></trkpt>
   <trkpt lon="-4.591054" lat="36.719135"><ele>30.0</ele></trkpt>
   <trkpt lon="-4.591133" lat="36.719166"><ele>29.9</ele></trkpt>
   <trkpt lon="-4.591278" lat="36.719202"><ele>30.1</ele></trkpt>
   <trkpt lon="-4.591442" lat="36.719233"><ele>29.7</ele></trkpt>
   <trkpt lon="-4.591739" lat="36.719272"><ele>29.6</ele></trkpt>
   <trkpt lon="-4.591810" lat="36.719287"><ele>29.6</ele></trkpt>
   <trkpt lon="-4.591830" lat="36.719299"><ele>29.6</ele></trkpt>
   <trkpt lon="-4.591839" lat="36.719319"><ele>29.4</ele></trkpt>
   <trkpt lon="-4.591835" lat="36.719365"><ele>28.8</ele></trkpt>
   <trkpt lon="-4.591827" lat="36.719405"><ele>28.3</ele></trkpt>
   <trkpt lon="-4.591819" lat="36.719450"><ele>27.7</ele></trkpt>
   <trkpt lon="-4.591810" lat="36.719493"><ele>27.2</ele></trkpt>
   <trkpt lon="-4.591831" lat="36.719544"><ele>26.7</ele></trkpt>
   <trkpt lon="-4.592084" lat="36.719701"><ele>27.4</ele></trkpt>
   <trkpt lon="-4.592200" lat="36.719783"><ele>28.1</ele></trkpt>
   <trkpt lon="-4.592317" lat="36.719852"><ele>29.0</ele></trkpt>
   <trkpt lon="-4.592339" lat="36.719855"><ele>29.1</ele></trkpt>
   <trkpt lon="-4.592359" lat="36.719855"><ele>29.1</ele></trkpt>
   <trkpt lon="-4.592394" lat="36.719855"><ele>29.3</ele></trkpt>
   <trkpt lon="-4.592430" lat="36.719855"><ele>29.4</ele></trkpt>
   <trkpt lon="-4.592542" lat="36.719841"><ele>29.8</ele></trkpt>
   <trkpt lon="-4.592569" lat="36.719825"><ele>29.9</ele></trkpt>
   <trkpt lon="-4.592660" lat="36.719748"><ele>30.4</ele></trkpt>
   <trkpt lon="-4.592708" lat="36.719718"><ele>30.5</ele></trkpt>
   <trkpt lon="-4.592789" lat="36.719692"><ele>30.6</ele></trkpt>
   <trkpt lon="-4.592847" lat="36.719685"><ele>30.6</ele></trkpt>
   <trkpt lon="-4.593011" lat="36.719701"><ele>30.6</ele></trkpt>
   <trkpt lon="-4.593128" lat="36.719721"><ele>30.7</ele></trkpt>
   <trkpt lon="-4.593292" lat="36.719752"><ele>30.8</ele></trkpt>
   <trkpt lon="-4.593579" lat="36.719817"><ele>31.1</ele></trkpt>
   <trkpt lon="-4.594055" lat="36.719912"><ele>32.1</ele></trkpt>
   <trkpt lon="-4.594250" lat="36.719932"><ele>33.2</ele></trkpt>
   <trkpt lon="-4.594455" lat="36.719942"><ele>34.0</ele></trkpt>
   <trkpt lon="-4.594653" lat="36.719940"><ele>34.6</ele></trkpt>
   <trkpt lon="-4.595008" lat="36.719907"><ele>35.8</ele></trkpt>
   <trkpt lon="-4.596142" lat="36.719779"><ele>38.7</ele></trkpt>
   <trkpt lon="-4.596614" lat="36.719744"><ele>39.6</ele></trkpt>
   <trkpt lon="-4.597052" lat="36.719719"><ele>40.1</ele></trkpt>
   <trkpt lon="-4.598105" lat="36.719705"><ele>37.8</ele></trkpt>
   <trkpt lon="-4.598792" lat="36.719683"><ele>33.9</ele></trkpt>
   <trkpt lon="-4.599302" lat="36.719660"><ele>36.5</ele></trkpt>
   <trkpt lon="-4.599601" lat="36.719656"><ele>38.5</ele></trkpt>
   <trkpt lon="-4.599890" lat="36.719665"><ele>39.9</ele></trkpt>
   <trkpt lon="-4.600307" lat="36.719702"><ele>40.3</ele></trkpt>
   <trkpt lon="-4.600658" lat="36.719761"><ele>40.6</ele></trkpt>
   <trkpt lon="-4.601096" lat="36.719843"><ele>41.2</ele></trkpt>
   <trkpt lon="-4.601959" lat="36.720008"><ele>46.3</ele></trkpt>
   <trkpt lon="-4.602657" lat="36.720158"><ele>48.3</ele></trkpt>
   <trkpt lon="-4.603934" lat="36.720418"><ele>51.5</ele></trkpt>
   <trkpt lon="-4.604108" lat="36.720460"><ele>52.1</ele></trkpt>
   <trkpt lon="-4.604380" lat="36.720512"><ele>53.1</ele></trkpt>
   <trkpt lon="-4.604529" lat="36.720613"><ele>53.4</ele></trkpt>
   <trkpt lon="-4.604572" lat="36.720610"><ele>53.6</ele></trkpt>
   <trkpt lon="-4.604599" lat="36.720607"><ele>53.8</ele></trkpt>
   <trkpt lon="-4.604647" lat="36.720604"><ele>54.1</ele></trkpt>
   <trkpt lon="-4.604667" lat="36.720602"><ele>54.2</ele></trkpt>
   <trkpt lon="-4.604800" lat="36.720592"><ele>55.0</ele></trkpt>
   <trkpt lon="-4.605074" lat="36.720639"><ele>55.7</ele></trkpt>
   <trkpt lon="-4.605653" lat="36.720751"><ele>57.1</ele></trkpt>
   <trkpt lon="-4.606445" lat="36.720853"><ele>60.7</ele></trkpt>
   <trkpt lon="-4.606923" lat="36.720873"><ele>62.0</ele></trkpt>
   <trkpt lon="-4.608644" lat="36.720820"><ele>63.9</ele></trkpt>
   <trkpt lon="-4.608777" lat="36.720839"><ele>63.6</ele></trkpt>
   <trkpt lon="-4.608898" lat="36.720878"><ele>63.3</ele></trkpt>
   <trkpt lon="-4.608987" lat="36.720930"><ele>62.9</ele></trkpt>
   <trkpt lon="-4.609069" lat="36.720951"><ele>62.6</ele></trkpt>
   <trkpt lon="-4.609196" lat="36.720948"><ele>62.2</ele></trkpt>
   <trkpt lon="-4.609323" lat="36.720969"><ele>61.6</ele></trkpt>
   <trkpt lon="-4.609416" lat="36.721015"><ele>60.8</ele></trkpt>
   <trkpt lon="-4.609587" lat="36.721166"><ele>59.4</ele></trkpt>
   <trkpt lon="-4.609701" lat="36.721328"><ele>58.3</ele></trkpt>
   <trkpt lon="-4.609759" lat="36.721480"><ele>57.3</ele></trkpt>
   <trkpt lon="-4.609799" lat="36.721798"><ele>55.1</ele></trkpt>
   <trkpt lon="-4.609873" lat="36.721794"><ele>55.9</ele></trkpt>
   <trkpt lon="-4.609902" lat="36.721792"><ele>56.2</ele></trkpt>
   <trkpt lon="-4.610001" lat="36.721787"><ele>57.3</ele></trkpt>
   <trkpt lon="-4.610020" lat="36.721786"><ele>57.5</ele></trkpt>
   <trkpt lon="-4.610020" lat="36.721865"><ele>57.0</ele></trkpt>
   <trkpt lon="-4.610069" lat="36.722419"><ele>53.3</ele></trkpt>
   <trkpt lon="-4.610141" lat="36.722788"><ele>52.5</ele></trkpt>
   <trkpt lon="-4.610262" lat="36.723003"><ele>53.3</ele></trkpt>
   <trkpt lon="-4.610405" lat="36.723142"><ele>54.5</ele></trkpt>
   <trkpt lon="-4.610607" lat="36.723260"><ele>53.8</ele></trkpt>
   <trkpt lon="-4.610940" lat="36.723348"><ele>51.8</ele></trkpt>
   <trkpt lon="-4.611178" lat="36.723361"><ele>50.8</ele></trkpt>
   <trkpt lon="-4.611390" lat="36.723330"><ele>50.7</ele></trkpt>
   <trkpt lon="-4.612324" lat="36.723155"><ele>49.7</ele></trkpt>
   <trkpt lon="-4.613589" lat="36.722905"><ele>41.4</ele></trkpt>
   <trkpt lon="-4.614229" lat="36.722835"><ele>36.0</ele></trkpt>
   <trkpt lon="-4.614820" lat="36.722784"><ele>34.0</ele></trkpt>
   <trkpt lon="-4.614861" lat="36.722697"><ele>34.0</ele></trkpt>
   <trkpt lon="-4.614920" lat="36.722645"><ele>34.0</ele></trkpt>
   <trkpt lon="-4.615521" lat="36.722124"><ele>34.5</ele></trkpt>
   <trkpt lon="-4.616508" lat="36.721332"><ele>36.1</ele></trkpt>
   <trkpt lon="-4.616523" lat="36.721287"><ele>36.1</ele></trkpt>
   <trkpt lon="-4.616522" lat="36.721257"><ele>36.1</ele></trkpt>
   <trkpt lon="-4.616511" lat="36.721072"><ele>37.2</ele></trkpt>
   <trkpt lon="-4.616550" lat="36.721018"><ele>37.4</ele></trkpt>
   <trkpt lon="-4.616573" lat="36.720998"><ele>37.5</ele></trkpt>
   <trkpt lon="-4.616647" lat="36.720969"><ele>37.5</ele></trkpt>
   <trkpt lon="-4.616656" lat="36.720965"><ele>37.5</ele></trkpt>
   <trkpt lon="-4.616925" lat="36.720960"><ele>36.9</ele></trkpt>
   <trkpt lon="-4.617027" lat="36.720922"><ele>37.0</ele></trkpt>
   <trkpt lon="-4.619294" lat="36.719104"><ele>40.6</ele></trkpt>
   <trkpt lon="-4.619694" lat="36.718809"><ele>43.0</ele></trkpt>
   <trkpt lon="-4.620200" lat="36.718511"><ele>47.4</ele></trkpt>
   <trkpt lon="-4.620249" lat="36.718463"><ele>48.3</ele></trkpt>
   <trkpt lon="-4.620294" lat="36.718374"><ele>50.2</ele></trkpt>
   <trkpt lon="-4.620318" lat="36.718328"><ele>51.1</ele></trkpt>
   <trkpt lon="-4.620373" lat="36.718278"><ele>52.1</ele></trkpt>
   <trkpt lon="-4.620512" lat="36.718231"><ele>53.1</ele></trkpt>
   <trkpt lon="-4.620688" lat="36.718221"><ele>53.2</ele></trkpt>
   <trkpt lon="-4.620785" lat="36.718191"><ele>53.5</ele></trkpt>
   <trkpt lon="-4.620877" lat="36.718134"><ele>53.8</ele></trkpt>
   <trkpt lon="-4.621151" lat="36.717894"><ele>55.0</ele></trkpt>
   <trkpt lon="-4.621877" lat="36.717430"><ele>53.2</ele></trkpt>
   <trkpt lon="-4.621920" lat="36.717362"><ele>53.4</ele></trkpt>
   <trkpt lon="-4.621972" lat="36.717277"><ele>53.7</ele></trkpt>
   <trkpt lon="-4.622089" lat="36.717233"><ele>54.0</ele></trkpt>
   <trkpt lon="-4.622083" lat="36.717279"><ele>53.9</ele></trkpt>
   <trkpt lon="-4.622100" lat="36.717330"><ele>53.8</ele></trkpt>
   <trkpt lon="-4.622139" lat="36.717372"><ele>53.8</ele></trkpt>
   <trkpt lon="-4.622183" lat="36.717395"><ele>53.8</ele></trkpt>
   <trkpt lon="-4.622232" lat="36.717406"><ele>53.9</ele></trkpt>
   <trkpt lon="-4.622284" lat="36.717405"><ele>54.1</ele></trkpt>
   <trkpt lon="-4.622333" lat="36.717392"><ele>54.3</ele></trkpt>
   <trkpt lon="-4.622375" lat="36.717367"><ele>54.5</ele></trkpt>
   <trkpt lon="-4.622400" lat="36.717342"><ele>54.7</ele></trkpt>
   <trkpt lon="-4.622417" lat="36.717312"><ele>54.8</ele></trkpt>
   <trkpt lon="-4.622425" lat="36.717279"><ele>55.0</ele></trkpt>
   <trkpt lon="-4.622506" lat="36.717159"><ele>55.5</ele></trkpt>
   <trkpt lon="-4.622654" lat="36.717051"><ele>56.5</ele></trkpt>
   <trkpt lon="-4.623198" lat="36.716817"><ele>59.0</ele></trkpt>
   <trkpt lon="-4.623218" lat="36.716809"><ele>59.1</ele></trkpt>
   <trkpt lon="-4.623370" lat="36.716725"><ele>59.6</ele></trkpt>
   <trkpt lon="-4.624487" lat="36.716017"><ele>64.3</ele></trkpt>
   <trkpt lon="-4.624511" lat="36.715930"><ele>65.2</ele></trkpt>
   <trkpt lon="-4.624533" lat="36.715850"><ele>65.9</ele></trkpt>
   <trkpt lon="-4.626363" lat="36.714673"><ele>83.5</ele></trkpt>
   <trkpt lon="-4.626469" lat="36.714646"><ele>83.0</ele></trkpt>
   <trkpt lon="-4.626581" lat="36.714649"><ele>82.6</ele></trkpt>
   <trkpt lon="-4.626617" lat="36.714652"><ele>82.4</ele></trkpt>
   <trkpt lon="-4.626673" lat="36.714643"><ele>82.2</ele></trkpt>
   <trkpt lon="-4.626721" lat="36.714620"><ele>82.2</ele></trkpt>
   <trkpt lon="-4.626757" lat="36.714585"><ele>82.3</ele></trkpt>
   <trkpt lon="-4.626775" lat="36.714542"><ele>82.4</ele></trkpt>
   <trkpt lon="-4.626777" lat="36.714513"><ele>82.6</ele></trkpt>
   <trkpt lon="-4.626821" lat="36.714415"><ele>83.2</ele></trkpt>
   <trkpt lon="-4.626906" lat="36.714336"><ele>84.0</ele></trkpt>
   <trkpt lon="-4.627049" lat="36.714217"><ele>85.0</ele></trkpt>
   <trkpt lon="-4.627198" lat="36.714040"><ele>86.2</ele></trkpt>
   <trkpt lon="-4.627441" lat="36.713705"><ele>88.6</ele></trkpt>
   <trkpt lon="-4.627648" lat="36.713456"><ele>89.1</ele></trkpt>
   <trkpt lon="-4.627839" lat="36.713303"><ele>88.9</ele></trkpt>
   <trkpt lon="-4.627971" lat="36.713248"><ele>88.0</ele></trkpt>
   <trkpt lon="-4.628101" lat="36.713223"><ele>86.8</ele></trkpt>
   <trkpt lon="-4.628282" lat="36.713219"><ele>85.7</ele></trkpt>
   <trkpt lon="-4.628473" lat="36.713247"><ele>84.5</ele></trkpt>
   <trkpt lon="-4.629098" lat="36.713400"><ele>83.6</ele></trkpt>
   <trkpt lon="-4.629250" lat="36.713427"><ele>84.0</ele></trkpt>
   <trkpt lon="-4.629400" lat="36.713423"><ele>84.5</ele></trkpt>
   <trkpt lon="-4.629525" lat="36.713400"><ele>85.0</ele></trkpt>
   <trkpt lon="-4.629685" lat="36.713332"><ele>85.3</ele></trkpt>
   <trkpt lon="-4.629756" lat="36.713273"><ele>85.6</ele></trkpt>
   <trkpt lon="-4.629921" lat="36.713128"><ele>86.1</ele></trkpt>
   <trkpt lon="-4.629978" lat="36.713099"><ele>86.0</ele></trkpt>
   <trkpt lon="-4.630104" lat="36.713036"><ele>85.9</ele></trkpt>
   <trkpt lon="-4.630243" lat="36.712992"><ele>85.8</ele></trkpt>
   <trkpt lon="-4.630968" lat="36.712855"><ele>85.8</ele></trkpt>
   <trkpt lon="-4.631129" lat="36.712801"><ele>86.2</ele></trkpt>
   <trkpt lon="-4.631251" lat="36.712738"><ele>86.6</ele></trkpt>
   <trkpt lon="-4.631368" lat="36.712650"><ele>87.0</ele></trkpt>
   <trkpt lon="-4.631561" lat="36.712416"><ele>88.6</ele></trkpt>
   <trkpt lon="-4.631637" lat="36.712324"><ele>88.8</ele></trkpt>
   <trkpt lon="-4.631782" lat="36.712420"><ele>85.4</ele></trkpt>
   <trkpt lon="-4.632020" lat="36.712642"><ele>80.1</ele></trkpt>
   <trkpt lon="-4.632249" lat="36.712882"><ele>75.2</ele></trkpt>
   <trkpt lon="-4.632436" lat="36.712755"><ele>75.0</ele></trkpt>
   <trkpt lon="-4.632725" lat="36.712639"><ele>74.6</ele></trkpt>
   <trkpt lon="-4.633004" lat="36.712974"><ele>68.7</ele></trkpt>
   <trkpt lon="-4.632725" lat="36.712639"><ele>74.6</ele></trkpt>
   <trkpt lon="-4.632436" lat="36.712755"><ele>75.0</ele></trkpt>
   <trkpt lon="-4.632229" lat="36.712488"><ele>80.7</ele></trkpt>
   <trkpt lon="-4.632031" lat="36.712213"><ele>85.8</ele></trkpt>
   <trkpt lon="-4.632238" lat="36.712070"><ele>86.7</ele></trkpt>
   <trkpt lon="-4.632710" lat="36.711994"><ele>85.5</ele></trkpt>
   <trkpt lon="-4.632872" lat="36.711941"><ele>84.8</ele></trkpt>
   <trkpt lon="-4.633385" lat="36.711647"><ele>82.2</ele></trkpt>
   <trkpt lon="-4.633652" lat="36.711558"><ele>80.3</ele></trkpt>
   <trkpt lon="-4.634066" lat="36.711479"><ele>79.4</ele></trkpt>
   <trkpt lon="-4.634431" lat="36.711450"><ele>78.0</ele></trkpt>
   <trkpt lon="-4.635068" lat="36.711428"><ele>77.4</ele></trkpt>
   <trkpt lon="-4.635303" lat="36.711438"><ele>78.3</ele></trkpt>
   <trkpt lon="-4.635496" lat="36.711475"><ele>78.5</ele></trkpt>
   <trkpt lon="-4.635704" lat="36.711528"><ele>78.2</ele></trkpt>
   <trkpt lon="-4.636372" lat="36.711841"><ele>76.1</ele></trkpt>
   <trkpt lon="-4.636560" lat="36.711908"><ele>76.2</ele></trkpt>
   <trkpt lon="-4.636761" lat="36.711956"><ele>76.4</ele></trkpt>
   <trkpt lon="-4.637257" lat="36.712074"><ele>75.5</ele></trkpt>
   <trkpt lon="-4.638420" lat="36.712379"><ele>68.9</ele></trkpt>
   <trkpt lon="-4.638587" lat="36.712402"><ele>67.5</ele></trkpt>
   <trkpt lon="-4.638769" lat="36.712403"><ele>66.5</ele></trkpt>
   <trkpt lon="-4.638940" lat="36.712384"><ele>65.8</ele></trkpt>
   <trkpt lon="-4.639235" lat="36.712329"><ele>63.6</ele></trkpt>
   <trkpt lon="-4.640104" lat="36.712164"><ele>58.6</ele></trkpt>
   <trkpt lon="-4.640713" lat="36.712058"><ele>56.2</ele></trkpt>
   <trkpt lon="-4.640895" lat="36.712034"><ele>55.5</ele></trkpt>
   <trkpt lon="-4.641078" lat="36.712022"><ele>54.6</ele></trkpt>
   <trkpt lon="-4.641248" lat="36.712033"><ele>54.1</ele></trkpt>
   <trkpt lon="-4.641453" lat="36.712056"><ele>54.0</ele></trkpt>
   <trkpt lon="-4.641693" lat="36.712112"><ele>53.7</ele></trkpt>
   <trkpt lon="-4.641920" lat="36.712187"><ele>52.8</ele></trkpt>
   <trkpt lon="-4.642154" lat="36.712317"><ele>51.4</ele></trkpt>
   <trkpt lon="-4.642226" lat="36.712358"><ele>51.0</ele></trkpt>
   <trkpt lon="-4.642256" lat="36.712389"><ele>50.7</ele></trkpt>
   <trkpt lon="-4.642299" lat="36.712411"><ele>50.6</ele></trkpt>
   <trkpt lon="-4.642358" lat="36.712470"><ele>50.4</ele></trkpt>
   <trkpt lon="-4.642529" lat="36.712575"><ele>50.0</ele></trkpt>
   <trkpt lon="-4.642635" lat="36.712621"><ele>50.0</ele></trkpt>
   <trkpt lon="-4.643134" lat="36.712936"><ele>48.3</ele></trkpt>
   <trkpt lon="-4.644404" lat="36.713771"><ele>44.4</ele></trkpt>
   <trkpt lon="-4.644577" lat="36.713915"><ele>44.0</ele></trkpt>
   <trkpt lon="-4.644700" lat="36.714039"><ele>43.6</ele></trkpt>
   <trkpt lon="-4.644814" lat="36.714175"><ele>43.1</ele></trkpt>
   <trkpt lon="-4.644912" lat="36.714334"><ele>43.0</ele></trkpt>
   <trkpt lon="-4.644941" lat="36.714291"><ele>43.0</ele></trkpt>
   <trkpt lon="-4.644996" lat="36.714247"><ele>43.0</ele></trkpt>
   <trkpt lon="-4.645080" lat="36.714219"><ele>43.0</ele></trkpt>
   <trkpt lon="-4.645225" lat="36.714215"><ele>43.0</ele></trkpt>
   <trkpt lon="-4.645729" lat="36.714417"><ele>41.5</ele></trkpt>
   <trkpt lon="-4.646196" lat="36.714583"><ele>41.5</ele></trkpt>
   <trkpt lon="-4.647037" lat="36.714808"><ele>42.2</ele></trkpt>
   <trkpt lon="-4.647797" lat="36.715018"><ele>44.4</ele></trkpt>
   <trkpt lon="-4.648284" lat="36.715127"><ele>45.8</ele></trkpt>
   <trkpt lon="-4.648519" lat="36.715141"><ele>47.0</ele></trkpt>
   <trkpt lon="-4.648925" lat="36.715047"><ele>49.6</ele></trkpt>
   <trkpt lon="-4.649315" lat="36.714922"><ele>50.9</ele></trkpt>
   <trkpt lon="-4.649784" lat="36.714878"><ele>47.5</ele></trkpt>
   <trkpt lon="-4.650841" lat="36.714629"><ele>50.4</ele></trkpt>
   <trkpt lon="-4.651247" lat="36.714591"><ele>50.3</ele></trkpt>
   <trkpt lon="-4.653147" lat="36.714314"><ele>47.8</ele></trkpt>
   <trkpt lon="-4.653741" lat="36.714259"><ele>50.5</ele></trkpt>
   <trkpt lon="-4.653966" lat="36.714203"><ele>52.0</ele></trkpt>
   <trkpt lon="-4.654595" lat="36.714105"><ele>54.2</ele></trkpt>
   <trkpt lon="-4.655255" lat="36.714065"><ele>53.2</ele></trkpt>
   <trkpt lon="-4.655408" lat="36.714066"><ele>52.7</ele></trkpt>
   <trkpt lon="-4.655781" lat="36.714136"><ele>49.4</ele></trkpt>
   <trkpt lon="-4.655934" lat="36.714147"><ele>48.3</ele></trkpt>
   <trkpt lon="-4.656221" lat="36.714094"><ele>47.3</ele></trkpt>
   <trkpt lon="-4.657003" lat="36.713984"><ele>45.4</ele></trkpt>
   <trkpt lon="-4.657404" lat="36.713974"><ele>45.6</ele></trkpt>
   <trkpt lon="-4.657862" lat="36.714028"><ele>46.1</ele></trkpt>
   <trkpt lon="-4.658635" lat="36.714215"><ele>44.5</ele></trkpt>
   <trkpt lon="-4.660130" lat="36.714337"><ele>50.9</ele></trkpt>
   <trkpt lon="-4.660302" lat="36.714381"><ele>51.1</ele></trkpt>
   <trkpt lon="-4.661306" lat="36.714777"><ele>45.0</ele></trkpt>
   <trkpt lon="-4.661591" lat="36.714878"><ele>44.1</ele></trkpt>
   <trkpt lon="-4.662613" lat="36.715260"><ele>42.0</ele></trkpt>
   <trkpt lon="-4.663009" lat="36.715438"><ele>41.0</ele></trkpt>
   <trkpt lon="-4.663068" lat="36.715460"><ele>40.7</ele></trkpt>
   <trkpt lon="-4.663457" lat="36.715612"><ele>39.9</ele></trkpt>
   <trkpt lon="-4.663563" lat="36.715653"><ele>39.4</ele></trkpt>
   <trkpt lon="-4.663497" lat="36.715779"><ele>39.9</ele></trkpt>
   <trkpt lon="-4.663490" lat="36.715967"><ele>39.7</ele></trkpt>
   <trkpt lon="-4.663533" lat="36.716271"><ele>39.1</ele></trkpt>
   <trkpt lon="-4.663553" lat="36.716362"><ele>38.9</ele></trkpt>
   <trkpt lon="-4.664179" lat="36.716711"><ele>42.3</ele></trkpt>
   <trkpt lon="-4.665099" lat="36.717253"><ele>46.5</ele></trkpt>
   <trkpt lon="-4.665678" lat="36.717579"><ele>49.4</ele></trkpt>
   <trkpt lon="-4.666245" lat="36.718059"><ele>53.0</ele></trkpt>
   <trkpt lon="-4.666767" lat="36.718395"><ele>55.2</ele></trkpt>
   <trkpt lon="-4.666881" lat="36.718467"><ele>55.6</ele></trkpt>
   <trkpt lon="-4.666933" lat="36.718537"><ele>56.1</ele></trkpt>
   <trkpt lon="-4.666962" lat="36.718615"><ele>56.7</ele></trkpt>
   <trkpt lon="-4.666967" lat="36.718691"><ele>57.3</ele></trkpt>
   <trkpt lon="-4.667003" lat="36.718745"><ele>57.8</ele></trkpt>
   <trkpt lon="-4.666970" lat="36.718790"><ele>58.1</ele></trkpt>
   <trkpt lon="-4.666775" lat="36.718920"><ele>58.1</ele></trkpt>
   <trkpt lon="-4.666652" lat="36.718961"><ele>58.0</ele></trkpt>
   <trkpt lon="-4.666515" lat="36.718986"><ele>58.0</ele></trkpt>
   <trkpt lon="-4.665691" lat="36.719135"><ele>57.7</ele></trkpt>
   <trkpt lon="-4.665508" lat="36.719201"><ele>57.4</ele></trkpt>
   <trkpt lon="-4.664933" lat="36.719470"><ele>55.0</ele></trkpt>
   <trkpt lon="-4.664811" lat="36.719585"><ele>54.9</ele></trkpt>
   <trkpt lon="-4.664652" lat="36.719995"><ele>55.6</ele></trkpt>
   <trkpt lon="-4.664433" lat="36.720395"><ele>54.5</ele></trkpt>
   <trkpt lon="-4.663998" lat="36.720969"><ele>53.2</ele></trkpt>
   <trkpt lon="-4.663548" lat="36.721965"><ele>52.5</ele></trkpt>
   <trkpt lon="-4.662629" lat="36.725336"><ele>39.1</ele></trkpt>
   <trkpt lon="-4.663253" lat="36.725522"><ele>39.5</ele></trkpt>
   <trkpt lon="-4.664117" lat="36.725544"><ele>39.6</ele></trkpt>
   <trkpt lon="-4.664644" lat="36.725589"><ele>40.0</ele></trkpt>
   <trkpt lon="-4.665030" lat="36.725679"><ele>40.0</ele></trkpt>
   <trkpt lon="-4.665999" lat="36.725713"><ele>39.1</ele></trkpt>
   <trkpt lon="-4.666553" lat="36.725949"><ele>38.6</ele></trkpt>
   <trkpt lon="-4.667845" lat="36.726293"><ele>39.3</ele></trkpt>
   <trkpt lon="-4.669600" lat="36.726495"><ele>40.1</ele></trkpt>
   <trkpt lon="-4.671587" lat="36.726838"><ele>42.0</ele></trkpt>
   <trkpt lon="-4.672676" lat="36.726917"><ele>43.3</ele></trkpt>
   <trkpt lon="-4.672939" lat="36.726884"><ele>44.1</ele></trkpt>
   <trkpt lon="-4.673188" lat="36.726822"><ele>45.1</ele></trkpt>
   <trkpt lon="-4.673882" lat="36.726730"><ele>43.0</ele></trkpt>
   <trkpt lon="-4.674174" lat="36.726726"><ele>42.1</ele></trkpt>
   <trkpt lon="-4.674263" lat="36.726738"><ele>41.8</ele></trkpt>
   <trkpt lon="-4.674385" lat="36.726725"><ele>41.5</ele></trkpt>
   <trkpt lon="-4.674391" lat="36.726974"><ele>39.7</ele></trkpt>
   <trkpt lon="-4.674309" lat="36.727467"><ele>37.2</ele></trkpt>
   <trkpt lon="-4.674302" lat="36.727745"><ele>37.2</ele></trkpt>
   <trkpt lon="-4.674243" lat="36.728088"><ele>37.0</ele></trkpt>
   <trkpt lon="-4.674191" lat="36.728267"><ele>37.0</ele></trkpt>
   <trkpt lon="-4.674178" lat="36.728464"><ele>37.0</ele></trkpt>
   <trkpt lon="-4.674196" lat="36.728588"><ele>37.0</ele></trkpt>
   <trkpt lon="-4.674223" lat="36.728638"><ele>37.0</ele></trkpt>
   <trkpt lon="-4.674241" lat="36.728709"><ele>37.0</ele></trkpt>
   <trkpt lon="-4.674304" lat="36.728745"><ele>37.0</ele></trkpt>
   <trkpt lon="-4.674406" lat="36.728866"><ele>37.0</ele></trkpt>
   <trkpt lon="-4.674518" lat="36.729130"><ele>36.9</ele></trkpt>
   <trkpt lon="-4.674690" lat="36.729657"><ele>34.8</ele></trkpt>
   <trkpt lon="-4.674625" lat="36.729912"><ele>34.4</ele></trkpt>
   <trkpt lon="-4.674554" lat="36.730056"><ele>34.8</ele></trkpt>
   <trkpt lon="-4.674485" lat="36.730143"><ele>35.1</ele></trkpt>
   <trkpt lon="-4.674439" lat="36.730270"><ele>36.0</ele></trkpt>
   <trkpt lon="-4.674141" lat="36.730376"><ele>36.1</ele></trkpt>
   <trkpt lon="-4.673865" lat="36.730763"><ele>37.7</ele></trkpt>
   <trkpt lon="-4.673863" lat="36.730914"><ele>38.0</ele></trkpt>
   <trkpt lon="-4.673839" lat="36.730926"><ele>38.0</ele></trkpt>
   <trkpt lon="-4.674132" lat="36.732248"><ele>39.0</ele></trkpt>
   <trkpt lon="-4.674347" lat="36.733037"><ele>40.2</ele></trkpt>
   <trkpt lon="-4.674424" lat="36.733531"><ele>41.0</ele></trkpt>
   <trkpt lon="-4.674453" lat="36.733993"><ele>41.2</ele></trkpt>
   <trkpt lon="-4.674461" lat="36.734127"><ele>41.5</ele></trkpt>
   <trkpt lon="-4.674591" lat="36.734552"><ele>42.0</ele></trkpt>
   <trkpt lon="-4.674570" lat="36.735031"><ele>43.3</ele></trkpt>
   <trkpt lon="-4.674442" lat="36.735279"><ele>44.1</ele></trkpt>
   <trkpt lon="-4.674715" lat="36.735353"><ele>44.0</ele></trkpt>
   <trkpt lon="-4.674904" lat="36.735381"><ele>43.8</ele></trkpt>
   <trkpt lon="-4.675198" lat="36.735376"><ele>43.4</ele></trkpt>
   <trkpt lon="-4.677495" lat="36.735067"><ele>43.5</ele></trkpt>
   <trkpt lon="-4.678335" lat="36.734905"><ele>43.0</ele></trkpt>
   <trkpt lon="-4.678577" lat="36.734816"><ele>43.8</ele></trkpt>
   <trkpt lon="-4.679480" lat="36.734433"><ele>44.3</ele></trkpt>
   <trkpt lon="-4.680161" lat="36.734319"><ele>45.6</ele></trkpt>
   <trkpt lon="-4.682284" lat="36.734261"><ele>51.0</ele></trkpt>
   <trkpt lon="-4.682899" lat="36.734242"><ele>50.0</ele></trkpt>
   <trkpt lon="-4.683348" lat="36.734250"><ele>50.8</ele></trkpt>
   <trkpt lon="-4.683587" lat="36.734300"><ele>51.7</ele></trkpt>
   <trkpt lon="-4.684020" lat="36.734439"><ele>53.1</ele></trkpt>
   <trkpt lon="-4.684417" lat="36.734604"><ele>54.8</ele></trkpt>
   <trkpt lon="-4.685266" lat="36.734796"><ele>56.6</ele></trkpt>
   <trkpt lon="-4.685617" lat="36.734963"><ele>57.4</ele></trkpt>
   <trkpt lon="-4.685922" lat="36.735136"><ele>58.8</ele></trkpt>
   <trkpt lon="-4.686196" lat="36.735191"><ele>58.6</ele></trkpt>
   <trkpt lon="-4.686607" lat="36.735231"><ele>59.4</ele></trkpt>
   <trkpt lon="-4.687186" lat="36.735379"><ele>61.7</ele></trkpt>
   <trkpt lon="-4.687900" lat="36.735609"><ele>61.1</ele></trkpt>
   <trkpt lon="-4.688715" lat="36.736009"><ele>63.2</ele></trkpt>
   <trkpt lon="-4.688977" lat="36.736287"><ele>64.9</ele></trkpt>
   <trkpt lon="-4.689360" lat="36.736901"><ele>65.0</ele></trkpt>
   <trkpt lon="-4.690145" lat="36.737375"><ele>58.9</ele></trkpt>
   <trkpt lon="-4.690503" lat="36.737448"><ele>58.6</ele></trkpt>
   <trkpt lon="-4.691175" lat="36.737451"><ele>58.7</ele></trkpt>
   <trkpt lon="-4.691599" lat="36.737333"><ele>60.7</ele></trkpt>
   <trkpt lon="-4.691971" lat="36.737265"><ele>62.9</ele></trkpt>
   <trkpt lon="-4.692151" lat="36.737288"><ele>63.0</ele></trkpt>
   <trkpt lon="-4.692417" lat="36.737396"><ele>62.9</ele></trkpt>
   <trkpt lon="-4.692757" lat="36.737642"><ele>60.8</ele></trkpt>
   <trkpt lon="-4.693074" lat="36.737834"><ele>59.2</ele></trkpt>
   <trkpt lon="-4.693351" lat="36.737966"><ele>58.0</ele></trkpt>
   <trkpt lon="-4.693653" lat="36.738017"><ele>57.3</ele></trkpt>
   <trkpt lon="-4.694223" lat="36.738060"><ele>59.2</ele></trkpt>
   <trkpt lon="-4.695038" lat="36.738285"><ele>61.0</ele></trkpt>
   <trkpt lon="-4.696082" lat="36.738944"><ele>59.0</ele></trkpt>
   <trkpt lon="-4.696228" lat="36.738994"><ele>58.6</ele></trkpt>
   <trkpt lon="-4.696947" lat="36.739238"><ele>59.0</ele></trkpt>
   <trkpt lon="-4.697201" lat="36.739473"><ele>59.1</ele></trkpt>
   <trkpt lon="-4.697359" lat="36.739710"><ele>59.3</ele></trkpt>
   <trkpt lon="-4.697449" lat="36.740003"><ele>59.0</ele></trkpt>
   <trkpt lon="-4.697424" lat="36.740490"><ele>59.2</ele></trkpt>
   <trkpt lon="-4.697449" lat="36.740898"><ele>58.5</ele></trkpt>
   <trkpt lon="-4.697603" lat="36.741246"><ele>58.1</ele></trkpt>
   <trkpt lon="-4.697714" lat="36.741596"><ele>59.4</ele></trkpt>
   <trkpt lon="-4.698008" lat="36.743045"><ele>65.8</ele></trkpt>
   <trkpt lon="-4.698403" lat="36.744059"><ele>68.0</ele></trkpt>
   <trkpt lon="-4.698684" lat="36.744782"><ele>70.3</ele></trkpt>
   <trkpt lon="-4.699172" lat="36.745979"><ele>73.3</ele></trkpt>
   <trkpt lon="-4.699397" lat="36.746356"><ele>74.0</ele></trkpt>
   <trkpt lon="-4.700676" lat="36.748419"><ele>73.8</ele></trkpt>
   <trkpt lon="-4.700848" lat="36.748746"><ele>74.2</ele></trkpt>
   <trkpt lon="-4.700907" lat="36.749085"><ele>75.8</ele></trkpt>
   <trkpt lon="-4.700869" lat="36.749383"><ele>78.1</ele></trkpt>
   <trkpt lon="-4.700710" lat="36.749836"><ele>83.9</ele></trkpt>
   <trkpt lon="-4.700678" lat="36.750088"><ele>85.4</ele></trkpt>
   <trkpt lon="-4.700872" lat="36.750649"><ele>78.9</ele></trkpt>
   <trkpt lon="-4.701181" lat="36.751467"><ele>92.1</ele></trkpt>
   <trkpt lon="-4.701824" lat="36.753473"><ele>58.8</ele></trkpt>
   <trkpt lon="-4.702114" lat="36.754073"><ele>61.9</ele></trkpt>
   <trkpt lon="-4.702469" lat="36.754632"><ele>59.3</ele></trkpt>
   <trkpt lon="-4.702946" lat="36.755162"><ele>59.1</ele></trkpt>
   <trkpt lon="-4.703410" lat="36.755600"><ele>61.3</ele></trkpt>
   <trkpt lon="-4.703900" lat="36.755980"><ele>59.0</ele></trkpt>
   <trkpt lon="-4.705612" lat="36.756972"><ele>58.8</ele></trkpt>
   <trkpt lon="-4.706033" lat="36.757178"><ele>59.3</ele></trkpt>
   <trkpt lon="-4.706582" lat="36.757344"><ele>58.1</ele></trkpt>
   <trkpt lon="-4.707253" lat="36.757547"><ele>58.8</ele></trkpt>
   <trkpt lon="-4.707698" lat="36.757738"><ele>60.6</ele></trkpt>
   <trkpt lon="-4.708244" lat="36.758040"><ele>64.0</ele></trkpt>
   <trkpt lon="-4.708588" lat="36.758223"><ele>66.0</ele></trkpt>
   <trkpt lon="-4.709011" lat="36.758382"><ele>67.6</ele></trkpt>
   <trkpt lon="-4.709828" lat="36.758598"><ele>70.4</ele></trkpt>
   <trkpt lon="-4.710415" lat="36.758745"><ele>73.7</ele></trkpt>
   <trkpt lon="-4.710464" lat="36.758757"><ele>74.1</ele></trkpt>
   <trkpt lon="-4.711035" lat="36.758956"><ele>78.3</ele></trkpt>
   <trkpt lon="-4.711630" lat="36.759391"><ele>79.2</ele></trkpt>
   <trkpt lon="-4.711771" lat="36.759566"><ele>79.4</ele></trkpt>
   <trkpt lon="-4.711866" lat="36.759784"><ele>80.9</ele></trkpt>
   <trkpt lon="-4.711889" lat="36.760084"><ele>82.7</ele></trkpt>
   <trkpt lon="-4.711820" lat="36.760515"><ele>83.3</ele></trkpt>
   <trkpt lon="-4.711868" lat="36.761329"><ele>74.2</ele></trkpt>
   <trkpt lon="-4.711698" lat="36.762129"><ele>66.5</ele></trkpt>
   <trkpt lon="-4.711574" lat="36.762551"><ele>67.0</ele></trkpt>
   <trkpt lon="-4.711510" lat="36.762662"><ele>67.2</ele></trkpt>
   <trkpt lon="-4.711133" lat="36.763139"><ele>68.0</ele></trkpt>
   <trkpt lon="-4.710991" lat="36.763296"><ele>68.1</ele></trkpt>
   <trkpt lon="-4.710767" lat="36.763546"><ele>68.9</ele></trkpt>
   <trkpt lon="-4.710616" lat="36.763715"><ele>69.4</ele></trkpt>
   <trkpt lon="-4.710535" lat="36.763804"><ele>69.6</ele></trkpt>
   <trkpt lon="-4.710403" lat="36.763958"><ele>70.1</ele></trkpt>
   <trkpt lon="-4.710364" lat="36.763969"><ele>70.3</ele></trkpt>
   <trkpt lon="-4.710330" lat="36.763987"><ele>70.4</ele></trkpt>
   <trkpt lon="-4.710302" lat="36.764012"><ele>70.5</ele></trkpt>
   <trkpt lon="-4.710283" lat="36.764041"><ele>70.6</ele></trkpt>
   <trkpt lon="-4.710274" lat="36.764073"><ele>70.7</ele></trkpt>
   <trkpt lon="-4.710274" lat="36.764105"><ele>70.7</ele></trkpt>
   <trkpt lon="-4.710285" lat="36.764137"><ele>70.8</ele></trkpt>
   <trkpt lon="-4.710302" lat="36.764164"><ele>70.8</ele></trkpt>
   <trkpt lon="-4.710357" lat="36.764204"><ele>70.8</ele></trkpt>
   <trkpt lon="-4.710395" lat="36.764386"><ele>71.3</ele></trkpt>
   <trkpt lon="-4.710405" lat="36.764610"><ele>72.0</ele></trkpt>
   <trkpt lon="-4.710431" lat="36.765001"><ele>72.0</ele></trkpt>
   <trkpt lon="-4.710600" lat="36.766309"><ele>74.0</ele></trkpt>
   <trkpt lon="-4.710616" lat="36.766600"><ele>74.0</ele></trkpt>
   <trkpt lon="-4.710830" lat="36.766665"><ele>74.0</ele></trkpt>
   <trkpt lon="-4.710882" lat="36.766681"><ele>74.0</ele></trkpt>
   <trkpt lon="-4.711015" lat="36.766796"><ele>74.1</ele></trkpt>
   <trkpt lon="-4.711094" lat="36.766963"><ele>74.0</ele></trkpt>
   <trkpt lon="-4.711127" lat="36.767288"><ele>73.1</ele></trkpt>
   <trkpt lon="-4.711208" lat="36.767850"><ele>72.8</ele></trkpt>
   <trkpt lon="-4.711450" lat="36.768526"><ele>73.0</ele></trkpt>
   <trkpt lon="-4.711767" lat="36.769052"><ele>73.0</ele></trkpt>
   <trkpt lon="-4.712070" lat="36.769490"><ele>73.4</ele></trkpt>
   <trkpt lon="-4.712135" lat="36.769561"><ele>73.5</ele></trkpt>
   <trkpt lon="-4.712708" lat="36.770175"><ele>73.6</ele></trkpt>
   <trkpt lon="-4.713290" lat="36.770795"><ele>74.2</ele></trkpt>
   <trkpt lon="-4.714042" lat="36.771610"><ele>75.2</ele></trkpt>
   <trkpt lon="-4.714222" lat="36.771806"><ele>75.9</ele></trkpt>
   <trkpt lon="-4.714160" lat="36.771933"><ele>76.5</ele></trkpt>
   <trkpt lon="-4.713735" lat="36.772178"><ele>77.3</ele></trkpt>
   <trkpt lon="-4.713497" lat="36.772305"><ele>78.5</ele></trkpt>
   <trkpt lon="-4.713531" lat="36.772378"><ele>78.6</ele></trkpt>
   <trkpt lon="-4.714405" lat="36.771878"><ele>75.6</ele></trkpt>
   <trkpt lon="-4.714599" lat="36.771759"><ele>74.9</ele></trkpt>
   <trkpt lon="-4.714759" lat="36.771727"><ele>74.8</ele></trkpt>
   <trkpt lon="-4.714872" lat="36.771741"><ele>74.9</ele></trkpt>
   <trkpt lon="-4.715071" lat="36.771867"><ele>74.8</ele></trkpt>
   <trkpt lon="-4.715238" lat="36.772015"><ele>74.3</ele></trkpt>
   <trkpt lon="-4.715633" lat="36.772318"><ele>72.6</ele></trkpt>
   <trkpt lon="-4.716505" lat="36.773047"><ele>65.6</ele></trkpt>
   <trkpt lon="-4.716739" lat="36.773239"><ele>71.7</ele></trkpt>
   <trkpt lon="-4.717343" lat="36.773665"><ele>80.0</ele></trkpt>
   <trkpt lon="-4.717956" lat="36.773963"><ele>83.1</ele></trkpt>
   <trkpt lon="-4.719830" lat="36.774245"><ele>87.1</ele></trkpt>
   <trkpt lon="-4.720552" lat="36.774413"><ele>88.5</ele></trkpt>
   <trkpt lon="-4.721869" lat="36.774696"><ele>90.5</ele></trkpt>
   <trkpt lon="-4.722442" lat="36.774820"><ele>92.2</ele></trkpt>
   <trkpt lon="-4.723172" lat="36.774855"><ele>93.3</ele></trkpt>
   <trkpt lon="-4.723984" lat="36.774670"><ele>95.4</ele></trkpt>
   <trkpt lon="-4.726513" lat="36.774014"><ele>105.0</ele></trkpt>
   <trkpt lon="-4.727885" lat="36.773841"><ele>107.3</ele></trkpt>
   <trkpt lon="-4.729223" lat="36.773845"><ele>103.1</ele></trkpt>
   <trkpt lon="-4.729466" lat="36.773853"><ele>103.8</ele></trkpt>
   <trkpt lon="-4.729630" lat="36.773871"><ele>104.3</ele></trkpt>
   <trkpt lon="-4.729729" lat="36.773902"><ele>104.7</ele></trkpt>
   <trkpt lon="-4.729799" lat="36.773966"><ele>105.1</ele></trkpt>
   <trkpt lon="-4.729853" lat="36.774003"><ele>105.4</ele></trkpt>
   <trkpt lon="-4.729914" lat="36.774043"><ele>105.7</ele></trkpt>
   <trkpt lon="-4.729955" lat="36.774054"><ele>105.7</ele></trkpt>
   <trkpt lon="-4.729986" lat="36.774062"><ele>105.8</ele></trkpt>
   <trkpt lon="-4.730040" lat="36.774064"><ele>105.9</ele></trkpt>
   <trkpt lon="-4.730093" lat="36.774050"><ele>105.8</ele></trkpt>
   <trkpt lon="-4.730344" lat="36.773926"><ele>104.6</ele></trkpt>
   <trkpt lon="-4.730439" lat="36.773923"><ele>104.4</ele></trkpt>
   <trkpt lon="-4.731498" lat="36.773438"><ele>99.9</ele></trkpt>
   <trkpt lon="-4.731565" lat="36.773386"><ele>99.6</ele></trkpt>
   <trkpt lon="-4.732926" lat="36.772768"><ele>97.1</ele></trkpt>
   <trkpt lon="-4.733388" lat="36.772544"><ele>97.0</ele></trkpt>
   <trkpt lon="-4.733561" lat="36.772436"><ele>96.0</ele></trkpt>
   <trkpt lon="-4.733750" lat="36.772295"><ele>94.4</ele></trkpt>
   <trkpt lon="-4.734358" lat="36.771768"><ele>90.2</ele></trkpt>
   <trkpt lon="-4.734460" lat="36.771684"><ele>90.1</ele></trkpt>
   <trkpt lon="-4.734589" lat="36.771592"><ele>90.2</ele></trkpt>
   <trkpt lon="-4.734750" lat="36.771491"><ele>89.9</ele></trkpt>
   <trkpt lon="-4.734911" lat="36.771406"><ele>89.4</ele></trkpt>
   <trkpt lon="-4.735059" lat="36.771338"><ele>89.5</ele></trkpt>
   <trkpt lon="-4.735345" lat="36.771243"><ele>90.9</ele></trkpt>
   <trkpt lon="-4.735586" lat="36.771190"><ele>91.3</ele></trkpt>
   <trkpt lon="-4.735819" lat="36.771157"><ele>91.0</ele></trkpt>
   <trkpt lon="-4.736097" lat="36.771133"><ele>89.8</ele></trkpt>
   <trkpt lon="-4.736576" lat="36.771108"><ele>86.2</ele></trkpt>
   <trkpt lon="-4.736948" lat="36.771089"><ele>84.3</ele></trkpt>
   <trkpt lon="-4.737653" lat="36.771054"><ele>84.6</ele></trkpt>
   <trkpt lon="-4.738113" lat="36.771012"><ele>85.0</ele></trkpt>
   <trkpt lon="-4.738246" lat="36.771003"><ele>85.9</ele></trkpt>
   <trkpt lon="-4.738354" lat="36.770984"><ele>86.6</ele></trkpt>
   <trkpt lon="-4.738455" lat="36.770965"><ele>87.5</ele></trkpt>
   <trkpt lon="-4.738498" lat="36.770933"><ele>88.0</ele></trkpt>
   <trkpt lon="-4.738511" lat="36.770896"><ele>88.2</ele></trkpt>
   <trkpt lon="-4.738508" lat="36.770861"><ele>88.2</ele></trkpt>
   <trkpt lon="-4.738395" lat="36.770639"><ele>87.5</ele></trkpt>
   <trkpt lon="-4.738389" lat="36.770533"><ele>88.1</ele></trkpt>
   <trkpt lon="-4.738208" lat="36.770216"><ele>88.2</ele></trkpt>
   <trkpt lon="-4.738043" lat="36.769975"><ele>87.0</ele></trkpt>
   <trkpt lon="-4.738014" lat="36.769867"><ele>87.2</ele></trkpt>
   <trkpt lon="-4.738012" lat="36.769816"><ele>87.3</ele></trkpt>
   <trkpt lon="-4.738024" lat="36.769762"><ele>87.6</ele></trkpt>
   <trkpt lon="-4.738040" lat="36.769705"><ele>87.8</ele></trkpt>
   <trkpt lon="-4.738136" lat="36.769625"><ele>88.4</ele></trkpt>
   <trkpt lon="-4.739190" lat="36.769020"><ele>95.5</ele></trkpt>
   <trkpt lon="-4.739498" lat="36.768834"><ele>98.7</ele></trkpt>
   <trkpt lon="-4.739795" lat="36.768639"><ele>101.6</ele></trkpt>
   <trkpt lon="-4.740097" lat="36.768429"><ele>105.0</ele></trkpt>
   <trkpt lon="-4.741024" lat="36.767753"><ele>111.9</ele></trkpt>
   <trkpt lon="-4.741979" lat="36.767045"><ele>116.6</ele></trkpt>
   <trkpt lon="-4.742495" lat="36.766672"><ele>118.0</ele></trkpt>
   <trkpt lon="-4.743240" lat="36.766117"><ele>124.2</ele></trkpt>
   <trkpt lon="-4.743486" lat="36.765952"><ele>124.9</ele></trkpt>
   <trkpt lon="-4.743747" lat="36.765808"><ele>124.2</ele></trkpt>
   <trkpt lon="-4.743935" lat="36.765717"><ele>124.0</ele></trkpt>
   <trkpt lon="-4.744180" lat="36.765621"><ele>124.0</ele></trkpt>
   <trkpt lon="-4.744410" lat="36.765548"><ele>124.0</ele></trkpt>
   <trkpt lon="-4.744688" lat="36.765476"><ele>124.2</ele></trkpt>
   <trkpt lon="-4.744963" lat="36.765420"><ele>124.6</ele></trkpt>
   <trkpt lon="-4.744995" lat="36.765414"><ele>124.7</ele></trkpt>
   <trkpt lon="-4.745202" lat="36.765376"><ele>124.8</ele></trkpt>
   <trkpt lon="-4.745410" lat="36.765337"><ele>124.9</ele></trkpt>
   <trkpt lon="-4.746247" lat="36.765180"><ele>126.3</ele></trkpt>
   <trkpt lon="-4.746353" lat="36.765161"><ele>126.5</ele></trkpt>
   <trkpt lon="-4.747192" lat="36.765003"><ele>128.7</ele></trkpt>
   <trkpt lon="-4.747330" lat="36.764977"><ele>129.1</ele></trkpt>
   <trkpt lon="-4.747636" lat="36.764921"><ele>130.0</ele></trkpt>
   <trkpt lon="-4.748706" lat="36.764716"><ele>129.6</ele></trkpt>
   <trkpt lon="-4.749326" lat="36.764609"><ele>130.0</ele></trkpt>
   <trkpt lon="-4.749585" lat="36.764574"><ele>131.3</ele></trkpt>
   <trkpt lon="-4.749853" lat="36.764550"><ele>132.1</ele></trkpt>
   <trkpt lon="-4.750327" lat="36.764533"><ele>133.4</ele></trkpt>
   <trkpt lon="-4.750586" lat="36.764535"><ele>133.6</ele></trkpt>
   <trkpt lon="-4.750843" lat="36.764548"><ele>133.6</ele></trkpt>
   <trkpt lon="-4.752555" lat="36.764666"><ele>130.1</ele></trkpt>
   <trkpt lon="-4.752977" lat="36.764684"><ele>129.0</ele></trkpt>
   <trkpt lon="-4.753257" lat="36.764684"><ele>128.4</ele></trkpt>
   <trkpt lon="-4.753620" lat="36.764672"><ele>128.5</ele></trkpt>
   <trkpt lon="-4.753981" lat="36.764648"><ele>128.8</ele></trkpt>
   <trkpt lon="-4.756211" lat="36.764393"><ele>106.6</ele></trkpt>
   <trkpt lon="-4.756815" lat="36.764322"><ele>101.5</ele></trkpt>
   <trkpt lon="-4.757442" lat="36.764264"><ele>101.7</ele></trkpt>
   <trkpt lon="-4.757888" lat="36.764253"><ele>104.0</ele></trkpt>
   <trkpt lon="-4.758228" lat="36.764259"><ele>107.1</ele></trkpt>
   <trkpt lon="-4.758531" lat="36.764282"><ele>110.9</ele></trkpt>
   <trkpt lon="-4.758862" lat="36.764320"><ele>115.1</ele></trkpt>
   <trkpt lon="-4.759195" lat="36.764377"><ele>118.6</ele></trkpt>
   <trkpt lon="-4.759558" lat="36.764458"><ele>120.4</ele></trkpt>
   <trkpt lon="-4.759900" lat="36.764553"><ele>121.1</ele></trkpt>
   <trkpt lon="-4.760277" lat="36.764672"><ele>123.4</ele></trkpt>
   <trkpt lon="-4.764654" lat="36.766112"><ele>131.8</ele></trkpt>
   <trkpt lon="-4.765995" lat="36.766550"><ele>133.4</ele></trkpt>
   <trkpt lon="-4.766339" lat="36.766651"><ele>134.9</ele></trkpt>
   <trkpt lon="-4.766729" lat="36.766745"><ele>135.3</ele></trkpt>
   <trkpt lon="-4.767153" lat="36.766825"><ele>136.7</ele></trkpt>
   <trkpt lon="-4.767563" lat="36.766880"><ele>138.7</ele></trkpt>
   <trkpt lon="-4.767855" lat="36.766907"><ele>141.1</ele></trkpt>
   <trkpt lon="-4.768167" lat="36.766922"><ele>143.7</ele></trkpt>
   <trkpt lon="-4.768561" lat="36.766926"><ele>146.9</ele></trkpt>
   <trkpt lon="-4.769138" lat="36.766917"><ele>153.0</ele></trkpt>
   <trkpt lon="-4.772160" lat="36.766839"><ele>173.7</ele></trkpt>
   <trkpt lon="-4.772534" lat="36.766843"><ele>174.9</ele></trkpt>
   <trkpt lon="-4.772816" lat="36.766865"><ele>175.6</ele></trkpt>
   <trkpt lon="-4.773089" lat="36.766897"><ele>175.6</ele></trkpt>
   <trkpt lon="-4.773413" lat="36.766953"><ele>175.3</ele></trkpt>
   <trkpt lon="-4.773684" lat="36.767016"><ele>175.1</ele></trkpt>
   <trkpt lon="-4.773928" lat="36.767087"><ele>175.0</ele></trkpt>
   <trkpt lon="-4.774206" lat="36.767181"><ele>175.2</ele></trkpt>
   <trkpt lon="-4.774475" lat="36.767293"><ele>175.6</ele></trkpt>
   <trkpt lon="-4.774738" lat="36.767418"><ele>175.7</ele></trkpt>
   <trkpt lon="-4.774923" lat="36.767521"><ele>175.4</ele></trkpt>
   <trkpt lon="-4.775175" lat="36.767689"><ele>174.2</ele></trkpt>
   <trkpt lon="-4.775380" lat="36.767826"><ele>172.4</ele></trkpt>
   <trkpt lon="-4.775579" lat="36.767979"><ele>171.9</ele></trkpt>
   <trkpt lon="-4.777057" lat="36.769244"><ele>179.0</ele></trkpt>
   <trkpt lon="-4.777283" lat="36.769408"><ele>180.6</ele></trkpt>
   <trkpt lon="-4.777492" lat="36.769540"><ele>182.2</ele></trkpt>
   <trkpt lon="-4.777677" lat="36.769641"><ele>183.3</ele></trkpt>
   <trkpt lon="-4.777942" lat="36.769762"><ele>184.5</ele></trkpt>
   <trkpt lon="-4.778270" lat="36.769877"><ele>185.2</ele></trkpt>
   <trkpt lon="-4.778555" lat="36.769963"><ele>185.3</ele></trkpt>
   <trkpt lon="-4.781115" lat="36.770674"><ele>190.4</ele></trkpt>
   <trkpt lon="-4.781479" lat="36.770768"><ele>192.3</ele></trkpt>
   <trkpt lon="-4.781798" lat="36.770842"><ele>194.3</ele></trkpt>
   <trkpt lon="-4.782189" lat="36.770913"><ele>198.0</ele></trkpt>
   <trkpt lon="-4.782511" lat="36.770956"><ele>199.7</ele></trkpt>
   <trkpt lon="-4.782896" lat="36.770990"><ele>201.3</ele></trkpt>
   <trkpt lon="-4.785573" lat="36.771177"><ele>210.2</ele></trkpt>
   <trkpt lon="-4.785783" lat="36.771178"><ele>211.3</ele></trkpt>
   <trkpt lon="-4.785988" lat="36.771167"><ele>211.6</ele></trkpt>
   <trkpt lon="-4.786203" lat="36.771140"><ele>211.4</ele></trkpt>
   <trkpt lon="-4.786416" lat="36.771094"><ele>210.4</ele></trkpt>
   <trkpt lon="-4.786627" lat="36.771030"><ele>209.2</ele></trkpt>
   <trkpt lon="-4.786860" lat="36.770932"><ele>206.8</ele></trkpt>
   <trkpt lon="-4.787402" lat="36.770663"><ele>205.7</ele></trkpt>
   <trkpt lon="-4.787721" lat="36.770517"><ele>209.0</ele></trkpt>
   <trkpt lon="-4.787946" lat="36.770432"><ele>211.4</ele></trkpt>
   <trkpt lon="-4.788330" lat="36.770325"><ele>213.7</ele></trkpt>
   <trkpt lon="-4.788602" lat="36.770273"><ele>213.2</ele></trkpt>
   <trkpt lon="-4.790980" lat="36.769934"><ele>206.2</ele></trkpt>
   <trkpt lon="-4.791369" lat="36.769864"><ele>209.3</ele></trkpt>
   <trkpt lon="-4.791724" lat="36.769775"><ele>209.8</ele></trkpt>
   <trkpt lon="-4.792044" lat="36.769674"><ele>210.8</ele></trkpt>
   <trkpt lon="-4.792377" lat="36.769550"><ele>211.4</ele></trkpt>
   <trkpt lon="-4.793694" lat="36.769016"><ele>204.4</ele></trkpt>
   <trkpt lon="-4.794021" lat="36.768894"><ele>201.3</ele></trkpt>
   <trkpt lon="-4.794250" lat="36.768820"><ele>201.1</ele></trkpt>
   <trkpt lon="-4.794497" lat="36.768760"><ele>201.5</ele></trkpt>
   <trkpt lon="-4.794760" lat="36.768715"><ele>202.1</ele></trkpt>
   <trkpt lon="-4.795006" lat="36.768695"><ele>201.8</ele></trkpt>
   <trkpt lon="-4.795229" lat="36.768690"><ele>201.8</ele></trkpt>
   <trkpt lon="-4.795466" lat="36.768700"><ele>201.9</ele></trkpt>
   <trkpt lon="-4.796587" lat="36.768828"><ele>203.0</ele></trkpt>
   <trkpt lon="-4.796873" lat="36.768855"><ele>202.8</ele></trkpt>
   <trkpt lon="-4.797108" lat="36.768864"><ele>203.3</ele></trkpt>
   <trkpt lon="-4.797594" lat="36.768839"><ele>205.3</ele></trkpt>
   <trkpt lon="-4.798322" lat="36.768733"><ele>208.7</ele></trkpt>
   <trkpt lon="-4.800207" lat="36.768439"><ele>201.8</ele></trkpt>
   <trkpt lon="-4.800495" lat="36.768400"><ele>199.7</ele></trkpt>
   <trkpt lon="-4.800707" lat="36.768381"><ele>198.7</ele></trkpt>
   <trkpt lon="-4.800932" lat="36.768377"><ele>198.3</ele></trkpt>
   <trkpt lon="-4.801181" lat="36.768389"><ele>199.2</ele></trkpt>
   <trkpt lon="-4.801422" lat="36.768422"><ele>198.6</ele></trkpt>
   <trkpt lon="-4.801657" lat="36.768472"><ele>196.9</ele></trkpt>
   <trkpt lon="-4.801911" lat="36.768548"><ele>194.2</ele></trkpt>
   <trkpt lon="-4.802140" lat="36.768640"><ele>191.9</ele></trkpt>
   <trkpt lon="-4.802411" lat="36.768776"><ele>192.6</ele></trkpt>
   <trkpt lon="-4.802751" lat="36.769021"><ele>194.1</ele></trkpt>
   <trkpt lon="-4.803432" lat="36.769646"><ele>182.0</ele></trkpt>
   <trkpt lon="-4.803927" lat="36.770094"><ele>187.8</ele></trkpt>
   <trkpt lon="-4.804098" lat="36.770219"><ele>189.0</ele></trkpt>
   <trkpt lon="-4.804262" lat="36.770326"><ele>190.3</ele></trkpt>
   <trkpt lon="-4.804407" lat="36.770397"><ele>191.5</ele></trkpt>
   <trkpt lon="-4.804597" lat="36.770472"><ele>193.1</ele></trkpt>
   <trkpt lon="-4.804796" lat="36.770529"><ele>195.2</ele></trkpt>
   <trkpt lon="-4.805000" lat="36.770567"><ele>197.3</ele></trkpt>
   <trkpt lon="-4.805199" lat="36.770593"><ele>199.9</ele></trkpt>
   <trkpt lon="-4.805405" lat="36.770597"><ele>202.4</ele></trkpt>
   <trkpt lon="-4.805603" lat="36.770589"><ele>204.8</ele></trkpt>
   <trkpt lon="-4.805819" lat="36.770561"><ele>207.4</ele></trkpt>
   <trkpt lon="-4.805999" lat="36.770515"><ele>210.2</ele></trkpt>
   <trkpt lon="-4.806168" lat="36.770457"><ele>212.7</ele></trkpt>
   <trkpt lon="-4.806533" lat="36.770300"><ele>217.2</ele></trkpt>
   <trkpt lon="-4.807017" lat="36.770030"><ele>218.7</ele></trkpt>
   <trkpt lon="-4.807336" lat="36.769844"><ele>219.4</ele></trkpt>
   <trkpt lon="-4.807819" lat="36.769604"><ele>224.1</ele></trkpt>
   <trkpt lon="-4.808156" lat="36.769460"><ele>227.3</ele></trkpt>
   <trkpt lon="-4.808641" lat="36.769361"><ele>230.3</ele></trkpt>
   <trkpt lon="-4.809293" lat="36.769320"><ele>233.0</ele></trkpt>
   <trkpt lon="-4.809938" lat="36.769392"><ele>235.5</ele></trkpt>
   <trkpt lon="-4.810511" lat="36.769592"><ele>238.0</ele></trkpt>
   <trkpt lon="-4.811039" lat="36.769915"><ele>238.5</ele></trkpt>
   <trkpt lon="-4.812826" lat="36.771427"><ele>249.9</ele></trkpt>
   <trkpt lon="-4.813418" lat="36.771916"><ele>253.7</ele></trkpt>
   <trkpt lon="-4.813687" lat="36.772128"><ele>255.5</ele></trkpt>
   <trkpt lon="-4.813896" lat="36.772263"><ele>257.6</ele></trkpt>
   <trkpt lon="-4.814158" lat="36.772373"><ele>259.9</ele></trkpt>
   <trkpt lon="-4.814393" lat="36.772444"><ele>261.4</ele></trkpt>
   <trkpt lon="-4.814469" lat="36.772466"><ele>261.8</ele></trkpt>
   <trkpt lon="-4.814805" lat="36.772535"><ele>264.6</ele></trkpt>
   <trkpt lon="-4.815351" lat="36.772594"><ele>269.1</ele></trkpt>
   <trkpt lon="-4.815851" lat="36.772625"><ele>273.0</ele></trkpt>
   <trkpt lon="-4.816669" lat="36.772693"><ele>279.9</ele></trkpt>
   <trkpt lon="-4.816806" lat="36.772734"><ele>280.8</ele></trkpt>
   <trkpt lon="-4.817025" lat="36.772820"><ele>282.3</ele></trkpt>
   <trkpt lon="-4.817224" lat="36.772919"><ele>284.1</ele></trkpt>
   <trkpt lon="-4.817385" lat="36.773059"><ele>286.1</ele></trkpt>
   <trkpt lon="-4.817574" lat="36.773289"><ele>290.1</ele></trkpt>
   <trkpt lon="-4.818002" lat="36.773915"><ele>296.6</ele></trkpt>
   <trkpt lon="-4.818158" lat="36.774103"><ele>297.4</ele></trkpt>
   <trkpt lon="-4.818347" lat="36.774251"><ele>296.7</ele></trkpt>
   <trkpt lon="-4.818647" lat="36.774372"><ele>296.7</ele></trkpt>
   <trkpt lon="-4.819000" lat="36.774421"><ele>299.6</ele></trkpt>
   <trkpt lon="-4.819214" lat="36.774410"><ele>300.8</ele></trkpt>
   <trkpt lon="-4.819414" lat="36.774371"><ele>302.0</ele></trkpt>
   <trkpt lon="-4.819665" lat="36.774282"><ele>303.7</ele></trkpt>
   <trkpt lon="-4.820672" lat="36.773797"><ele>310.6</ele></trkpt>
   <trkpt lon="-4.820919" lat="36.773693"><ele>311.1</ele></trkpt>
   <trkpt lon="-4.821198" lat="36.773635"><ele>312.8</ele></trkpt>
   <trkpt lon="-4.821546" lat="36.773633"><ele>316.2</ele></trkpt>
   <trkpt lon="-4.821735" lat="36.773676"><ele>318.4</ele></trkpt>
   <trkpt lon="-4.821972" lat="36.773768"><ele>321.1</ele></trkpt>
   <trkpt lon="-4.822244" lat="36.773979"><ele>324.5</ele></trkpt>
   <trkpt lon="-4.822541" lat="36.774319"><ele>328.2</ele></trkpt>
   <trkpt lon="-4.823132" lat="36.775048"><ele>336.2</ele></trkpt>
   <trkpt lon="-4.823348" lat="36.775264"><ele>338.6</ele></trkpt>
   <trkpt lon="-4.823666" lat="36.775534"><ele>342.2</ele></trkpt>
   <trkpt lon="-4.824029" lat="36.775748"><ele>344.3</ele></trkpt>
   <trkpt lon="-4.824505" lat="36.775936"><ele>347.6</ele></trkpt>
   <trkpt lon="-4.825025" lat="36.776078"><ele>350.5</ele></trkpt>
   <trkpt lon="-4.826383" lat="36.776246"><ele>359.3</ele></trkpt>
   <trkpt lon="-4.826859" lat="36.776359"><ele>360.8</ele></trkpt>
   <trkpt lon="-4.827335" lat="36.776509"><ele>361.5</ele></trkpt>
   <trkpt lon="-4.827905" lat="36.776770"><ele>361.5</ele></trkpt>
   <trkpt lon="-4.828462" lat="36.777100"><ele>361.0</ele></trkpt>
   <trkpt lon="-4.828748" lat="36.777271"><ele>361.1</ele></trkpt>
   <trkpt lon="-4.828814" lat="36.777328"><ele>361.2</ele></trkpt>
   <trkpt lon="-4.829448" lat="36.777708"><ele>361.9</ele></trkpt>
   <trkpt lon="-4.829704" lat="36.777864"><ele>362.3</ele></trkpt>
   <trkpt lon="-4.829951" lat="36.778032"><ele>363.8</ele></trkpt>
   <trkpt lon="-4.830151" lat="36.778192"><ele>365.1</ele></trkpt>
   <trkpt lon="-4.830356" lat="36.778399"><ele>366.4</ele></trkpt>
   <trkpt lon="-4.830508" lat="36.778587"><ele>367.2</ele></trkpt>
   <trkpt lon="-4.830588" lat="36.778714"><ele>367.1</ele></trkpt>
   <trkpt lon="-4.830726" lat="36.778965"><ele>366.9</ele></trkpt>
   <trkpt lon="-4.830776" lat="36.779029"><ele>367.0</ele></trkpt>
   <trkpt lon="-4.830955" lat="36.779401"><ele>367.3</ele></trkpt>
   <trkpt lon="-4.831084" lat="36.779652"><ele>369.3</ele></trkpt>
   <trkpt lon="-4.831184" lat="36.779816"><ele>370.9</ele></trkpt>
   <trkpt lon="-4.831277" lat="36.779941"><ele>372.4</ele></trkpt>
   <trkpt lon="-4.831411" lat="36.780098"><ele>373.6</ele></trkpt>
   <trkpt lon="-4.831537" lat="36.780215"><ele>374.3</ele></trkpt>
   <trkpt lon="-4.831715" lat="36.780353"><ele>374.9</ele></trkpt>
   <trkpt lon="-4.831902" lat="36.780480"><ele>375.4</ele></trkpt>
   <trkpt lon="-4.832110" lat="36.780592"><ele>375.0</ele></trkpt>
   <trkpt lon="-4.832319" lat="36.780679"><ele>369.1</ele></trkpt>
   <trkpt lon="-4.832536" lat="36.780752"><ele>369.7</ele></trkpt>
   <trkpt lon="-4.832778" lat="36.780810"><ele>370.4</ele></trkpt>
   <trkpt lon="-4.834112" lat="36.781080"><ele>367.1</ele></trkpt>
   <trkpt lon="-4.834398" lat="36.781156"><ele>365.1</ele></trkpt>
   <trkpt lon="-4.834582" lat="36.781216"><ele>363.4</ele></trkpt>
   <trkpt lon="-4.834845" lat="36.781382"><ele>360.1</ele></trkpt>
   <trkpt lon="-4.835009" lat="36.781540"><ele>357.4</ele></trkpt>
   <trkpt lon="-4.835305" lat="36.781919"><ele>352.7</ele></trkpt>
   <trkpt lon="-4.835535" lat="36.782137"><ele>352.3</ele></trkpt>
   <trkpt lon="-4.835764" lat="36.782324"><ele>351.8</ele></trkpt>
   <trkpt lon="-4.836120" lat="36.782502"><ele>351.2</ele></trkpt>
   <trkpt lon="-4.836231" lat="36.782567"><ele>350.6</ele></trkpt>
   <trkpt lon="-4.836339" lat="36.782664"><ele>349.4</ele></trkpt>
   <trkpt lon="-4.836434" lat="36.782803"><ele>347.4</ele></trkpt>
   <trkpt lon="-4.836489" lat="36.782935"><ele>345.8</ele></trkpt>
   <trkpt lon="-4.836497" lat="36.783041"><ele>344.4</ele></trkpt>
   <trkpt lon="-4.836464" lat="36.783189"><ele>345.2</ele></trkpt>
   <trkpt lon="-4.836062" lat="36.784000"><ele>350.5</ele></trkpt>
   <trkpt lon="-4.835981" lat="36.784194"><ele>351.3</ele></trkpt>
   <trkpt lon="-4.836118" lat="36.784150"><ele>353.4</ele></trkpt>
   <trkpt lon="-4.836222" lat="36.784091"><ele>354.5</ele></trkpt>
   <trkpt lon="-4.836347" lat="36.784092"><ele>356.7</ele></trkpt>
   <trkpt lon="-4.836578" lat="36.784122"><ele>361.3</ele></trkpt>
   <trkpt lon="-4.837165" lat="36.784078"><ele>368.3</ele></trkpt>
   <trkpt lon="-4.837459" lat="36.783989"><ele>369.9</ele></trkpt>
   <trkpt lon="-4.837615" lat="36.783934"><ele>370.7</ele></trkpt>
   <trkpt lon="-4.837892" lat="36.783888"><ele>373.2</ele></trkpt>
   <trkpt lon="-4.839115" lat="36.783873"><ele>389.9</ele></trkpt>
   <trkpt lon="-4.839268" lat="36.783940"><ele>393.5</ele></trkpt>
   <trkpt lon="-4.839533" lat="36.784133"><ele>402.0</ele></trkpt>
   <trkpt lon="-4.839668" lat="36.784153"><ele>404.2</ele></trkpt>
   <trkpt lon="-4.840583" lat="36.783911"><ele>418.4</ele></trkpt>
   <trkpt lon="-4.840591" lat="36.783832"><ele>417.7</ele></trkpt>
   <trkpt lon="-4.840622" lat="36.783783"><ele>417.9</ele></trkpt>
   <trkpt lon="-4.840754" lat="36.783644"><ele>419.0</ele></trkpt>
   <trkpt lon="-4.841014" lat="36.783472"><ele>419.9</ele></trkpt>
   <trkpt lon="-4.841589" lat="36.783283"><ele>424.4</ele></trkpt>
   <trkpt lon="-4.841618" lat="36.783274"><ele>424.7</ele></trkpt>
   <trkpt lon="-4.841887" lat="36.783142"><ele>426.5</ele></trkpt>
   <trkpt lon="-4.842246" lat="36.783029"><ele>426.4</ele></trkpt>
   <trkpt lon="-4.842768" lat="36.782997"><ele>428.0</ele></trkpt>
   <trkpt lon="-4.842863" lat="36.783012"><ele>429.2</ele></trkpt>
   <trkpt lon="-4.842961" lat="36.783060"><ele>430.6</ele></trkpt>
   <trkpt lon="-4.843048" lat="36.783124"><ele>433.9</ele></trkpt>
   <trkpt lon="-4.843524" lat="36.783500"><ele>449.5</ele></trkpt>
   <trkpt lon="-4.843743" lat="36.783661"><ele>456.3</ele></trkpt>
   <trkpt lon="-4.843878" lat="36.783682"><ele>456.6</ele></trkpt>
   <trkpt lon="-4.844000" lat="36.783677"><ele>457.4</ele></trkpt>
   <trkpt lon="-4.844125" lat="36.783640"><ele>458.1</ele></trkpt>
   <trkpt lon="-4.844308" lat="36.783525"><ele>460.9</ele></trkpt>
   <trkpt lon="-4.844372" lat="36.783611"><ele>462.9</ele></trkpt>
   <trkpt lon="-4.844374" lat="36.783722"><ele>463.2</ele></trkpt>
   <trkpt lon="-4.844322" lat="36.783811"><ele>465.1</ele></trkpt>
   <trkpt lon="-4.844208" lat="36.783850"><ele>465.5</ele></trkpt>
   <trkpt lon="-4.844062" lat="36.783872"><ele>466.5</ele></trkpt>
   <trkpt lon="-4.843842" lat="36.783846"><ele>465.5</ele></trkpt>
   <trkpt lon="-4.843840" lat="36.783876"><ele>467.1</ele></trkpt>
   <trkpt lon="-4.843956" lat="36.783953"><ele>471.6</ele></trkpt>
   <trkpt lon="-4.844115" lat="36.784108"><ele>479.2</ele></trkpt>
   <trkpt lon="-4.844276" lat="36.784148"><ele>480.9</ele></trkpt>
   <trkpt lon="-4.844632" lat="36.784253"><ele>486.3</ele></trkpt>
   <trkpt lon="-4.844695" lat="36.784289"><ele>489.1</ele></trkpt>
   <trkpt lon="-4.844684" lat="36.784304"><ele>489.9</ele></trkpt>
   <trkpt lon="-4.844491" lat="36.784300"><ele>489.9</ele></trkpt>
   <trkpt lon="-4.844433" lat="36.784324"><ele>492.2</ele></trkpt>
   <trkpt lon="-4.844415" lat="36.784342"><ele>493.7</ele></trkpt>
   <trkpt lon="-4.844460" lat="36.784464"><ele>500.6</ele></trkpt>
   <trkpt lon="-4.844448" lat="36.784496"><ele>502.4</ele></trkpt>
   <trkpt lon="-4.844457" lat="36.784521"><ele>503.5</ele></trkpt>
   <trkpt lon="-4.844610" lat="36.784557"><ele>503.4</ele></trkpt>
   <trkpt lon="-4.844739" lat="36.784629"><ele>505.4</ele></trkpt>
   <trkpt lon="-4.844265" lat="36.785132"><ele>509.6</ele></trkpt>
   <trkpt lon="-4.844206" lat="36.785537"><ele>504.6</ele></trkpt>
   <trkpt lon="-4.844079" lat="36.785865"><ele>504.6</ele></trkpt>
   <trkpt lon="-4.844097" lat="36.785954"><ele>506.8</ele></trkpt>
   <trkpt lon="-4.844208" lat="36.786124"><ele>512.5</ele></trkpt>
   <trkpt lon="-4.844341" lat="36.786714"><ele>516.6</ele></trkpt>
   <trkpt lon="-4.844283" lat="36.786795"><ele>515.1</ele></trkpt>
   <trkpt lon="-4.844222" lat="36.786909"><ele>513.8</ele></trkpt>
   <trkpt lon="-4.844328" lat="36.787166"><ele>516.2</ele></trkpt>
   <trkpt lon="-4.844456" lat="36.787407"><ele>517.0</ele></trkpt>
   <trkpt lon="-4.844520" lat="36.787497"><ele>517.5</ele></trkpt>
   <trkpt lon="-4.844677" lat="36.787633"><ele>520.4</ele></trkpt>
   <trkpt lon="-4.844751" lat="36.787730"><ele>521.2</ele></trkpt>
   <trkpt lon="-4.844756" lat="36.787819"><ele>520.3</ele></trkpt>
   <trkpt lon="-4.844624" lat="36.787959"><ele>518.0</ele></trkpt>
   <trkpt lon="-4.844555" lat="36.788090"><ele>517.1</ele></trkpt>
   <trkpt lon="-4.844602" lat="36.788136"><ele>518.5</ele></trkpt>
   <trkpt lon="-4.844780" lat="36.788407"><ele>525.0</ele></trkpt>
   <trkpt lon="-4.844891" lat="36.788736"><ele>528.5</ele></trkpt>
   <trkpt lon="-4.844915" lat="36.789010"><ele>529.4</ele></trkpt>
   <trkpt lon="-4.844881" lat="36.789136"><ele>529.2</ele></trkpt>
   <trkpt lon="-4.844729" lat="36.789353"><ele>528.2</ele></trkpt>
   <trkpt lon="-4.844694" lat="36.789469"><ele>528.3</ele></trkpt>
   <trkpt lon="-4.844663" lat="36.789571"><ele>528.3</ele></trkpt>
   <trkpt lon="-4.844502" lat="36.789847"><ele>526.4</ele></trkpt>
   <trkpt lon="-4.844454" lat="36.790034"><ele>526.9</ele></trkpt>
   <trkpt lon="-4.844439" lat="36.790239"><ele>528.2</ele></trkpt>
   <trkpt lon="-4.844477" lat="36.790344"><ele>529.3</ele></trkpt>
   <trkpt lon="-4.844551" lat="36.790486"><ele>532.0</ele></trkpt>
   <trkpt lon="-4.844524" lat="36.790808"><ele>530.5</ele></trkpt>
   <trkpt lon="-4.844542" lat="36.790893"><ele>531.4</ele></trkpt>
   <trkpt lon="-4.844612" lat="36.791101"><ele>535.4</ele></trkpt>
   <trkpt lon="-4.844533" lat="36.791227"><ele>532.5</ele></trkpt>
   <trkpt lon="-4.844203" lat="36.791555"><ele>531.5</ele></trkpt>
   <trkpt lon="-4.844052" lat="36.791742"><ele>532.5</ele></trkpt>
   <trkpt lon="-4.843996" lat="36.791884"><ele>534.6</ele></trkpt>
   <trkpt lon="-4.843933" lat="36.792180"><ele>537.8</ele></trkpt>
   <trkpt lon="-4.843780" lat="36.792396"><ele>538.4</ele></trkpt>
   <trkpt lon="-4.843499" lat="36.792686"><ele>537.5</ele></trkpt>
   <trkpt lon="-4.843494" lat="36.792992"><ele>540.3</ele></trkpt>
   <trkpt lon="-4.843335" lat="36.793359"><ele>545.4</ele></trkpt>
   <trkpt lon="-4.843004" lat="36.793840"><ele>552.1</ele></trkpt>
   <trkpt lon="-4.842915" lat="36.794128"><ele>555.0</ele></trkpt>
   <trkpt lon="-4.842905" lat="36.794249"><ele>555.6</ele></trkpt>
   <trkpt lon="-4.842964" lat="36.794391"><ele>556.9</ele></trkpt>
   <trkpt lon="-4.843004" lat="36.794514"><ele>557.1</ele></trkpt>
   <trkpt lon="-4.842990" lat="36.794630"><ele>555.5</ele></trkpt>
   <trkpt lon="-4.842908" lat="36.794795"><ele>551.7</ele></trkpt>
   <trkpt lon="-4.842738" lat="36.794921"><ele>545.7</ele></trkpt>
   <trkpt lon="-4.842656" lat="36.795013"><ele>543.7</ele></trkpt>
   <trkpt lon="-4.842616" lat="36.795108"><ele>545.2</ele></trkpt>
   <trkpt lon="-4.842500" lat="36.795200"><ele>544.4</ele></trkpt>
   <trkpt lon="-4.842379" lat="36.795241"><ele>542.8</ele></trkpt>
   <trkpt lon="-4.842233" lat="36.795258"><ele>539.8</ele></trkpt>
   <trkpt lon="-4.842169" lat="36.795301"><ele>539.7</ele></trkpt>
   <trkpt lon="-4.842027" lat="36.795418"><ele>541.4</ele></trkpt>
   <trkpt lon="-4.841828" lat="36.795510"><ele>540.8</ele></trkpt>
   <trkpt lon="-4.841633" lat="36.795581"><ele>538.3</ele></trkpt>
   <trkpt lon="-4.841541" lat="36.795653"><ele>537.6</ele></trkpt>
   <trkpt lon="-4.841508" lat="36.795755"><ele>537.1</ele></trkpt>
   <trkpt lon="-4.841527" lat="36.795911"><ele>537.8</ele></trkpt>
   <trkpt lon="-4.841388" lat="36.796236"><ele>536.0</ele></trkpt>
   <trkpt lon="-4.841261" lat="36.796347"><ele>534.4</ele></trkpt>
   <trkpt lon="-4.841187" lat="36.796539"><ele>535.8</ele></trkpt>
   <trkpt lon="-4.841200" lat="36.796682"><ele>538.5</ele></trkpt>
   <trkpt lon="-4.841332" lat="36.796769"><ele>540.7</ele></trkpt>
   <trkpt lon="-4.841674" lat="36.796915"><ele>546.6</ele></trkpt>
   <trkpt lon="-4.841700" lat="36.797003"><ele>545.3</ele></trkpt>
   <trkpt lon="-4.841767" lat="36.797230"><ele>541.6</ele></trkpt>
   <trkpt lon="-4.841746" lat="36.797349"><ele>538.2</ele></trkpt>
   <trkpt lon="-4.841367" lat="36.797630"><ele>532.5</ele></trkpt>
   <trkpt lon="-4.841311" lat="36.797737"><ele>533.0</ele></trkpt>
   <trkpt lon="-4.841287" lat="36.797877"><ele>534.1</ele></trkpt>
   <trkpt lon="-4.841282" lat="36.798154"><ele>536.9</ele></trkpt>
   <trkpt lon="-4.841242" lat="36.798234"><ele>536.5</ele></trkpt>
   <trkpt lon="-4.841174" lat="36.798293"><ele>535.3</ele></trkpt>
   <trkpt lon="-4.840960" lat="36.798421"><ele>529.8</ele></trkpt>
   <trkpt lon="-4.840900" lat="36.798472"><ele>529.1</ele></trkpt>
   <trkpt lon="-4.840835" lat="36.798574"><ele>529.3</ele></trkpt>
   <trkpt lon="-4.840816" lat="36.798733"><ele>532.5</ele></trkpt>
   <trkpt lon="-4.840832" lat="36.798821"><ele>534.4</ele></trkpt>
   <trkpt lon="-4.840899" lat="36.798931"><ele>538.1</ele></trkpt>
   <trkpt lon="-4.841816" lat="36.799721"><ele>552.2</ele></trkpt>
   <trkpt lon="-4.841905" lat="36.799821"><ele>553.5</ele></trkpt>
   <trkpt lon="-4.841942" lat="36.799947"><ele>553.0</ele></trkpt>
   <trkpt lon="-4.841838" lat="36.800334"><ele>549.7</ele></trkpt>
   <trkpt lon="-4.841840" lat="36.800465"><ele>550.8</ele></trkpt>
   <trkpt lon="-4.842030" lat="36.801027"><ele>557.1</ele></trkpt>
   <trkpt lon="-4.842033" lat="36.801158"><ele>557.1</ele></trkpt>
   <trkpt lon="-4.842001" lat="36.801233"><ele>557.7</ele></trkpt>
   <trkpt lon="-4.841940" lat="36.801294"><ele>557.4</ele></trkpt>
   <trkpt lon="-4.841688" lat="36.801408"><ele>553.8</ele></trkpt>
   <trkpt lon="-4.841570" lat="36.801487"><ele>553.0</ele></trkpt>
   <trkpt lon="-4.841507" lat="36.801560"><ele>553.4</ele></trkpt>
   <trkpt lon="-4.841308" lat="36.801909"><ele>562.3</ele></trkpt>
   <trkpt lon="-4.841199" lat="36.802018"><ele>565.0</ele></trkpt>
   <trkpt lon="-4.841085" lat="36.802069"><ele>565.3</ele></trkpt>
   <trkpt lon="-4.840855" lat="36.802133"><ele>563.0</ele></trkpt>
   <trkpt lon="-4.840782" lat="36.802172"><ele>562.2</ele></trkpt>
   <trkpt lon="-4.840532" lat="36.802423"><ele>565.4</ele></trkpt>
   <trkpt lon="-4.840300" lat="36.802528"><ele>563.9</ele></trkpt>
   <trkpt lon="-4.840148" lat="36.802615"><ele>563.6</ele></trkpt>
   <trkpt lon="-4.839998" lat="36.802746"><ele>566.3</ele></trkpt>
   <trkpt lon="-4.839873" lat="36.802831"><ele>567.8</ele></trkpt>
   <trkpt lon="-4.839795" lat="36.802865"><ele>568.4</ele></trkpt>
   <trkpt lon="-4.839637" lat="36.802903"><ele>568.4</ele></trkpt>
   <trkpt lon="-4.839198" lat="36.802979"><ele>564.4</ele></trkpt>
   <trkpt lon="-4.839090" lat="36.803021"><ele>564.3</ele></trkpt>
   <trkpt lon="-4.839018" lat="36.803063"><ele>565.1</ele></trkpt>
   <trkpt lon="-4.838753" lat="36.803290"><ele>571.3</ele></trkpt>
   <trkpt lon="-4.838604" lat="36.803396"><ele>576.4</ele></trkpt>
   <trkpt lon="-4.838497" lat="36.803445"><ele>577.7</ele></trkpt>
   <trkpt lon="-4.838133" lat="36.803553"><ele>581.2</ele></trkpt>
   <trkpt lon="-4.837576" lat="36.803654"><ele>590.8</ele></trkpt>
   <trkpt lon="-4.837320" lat="36.803655"><ele>593.2</ele></trkpt>
   <trkpt lon="-4.836615" lat="36.803484"><ele>594.0</ele></trkpt>
   <trkpt lon="-4.836344" lat="36.803445"><ele>595.1</ele></trkpt>
   <trkpt lon="-4.835774" lat="36.803434"><ele>600.5</ele></trkpt>
   <trkpt lon="-4.835455" lat="36.803399"><ele>605.6</ele></trkpt>
   <trkpt lon="-4.835370" lat="36.803378"><ele>607.0</ele></trkpt>
   <trkpt lon="-4.835217" lat="36.803309"><ele>609.6</ele></trkpt>
   <trkpt lon="-4.835053" lat="36.803155"><ele>611.3</ele></trkpt>
   <trkpt lon="-4.834822" lat="36.802684"><ele>612.2</ele></trkpt>
   <trkpt lon="-4.834743" lat="36.802557"><ele>611.9</ele></trkpt>
   <trkpt lon="-4.834666" lat="36.802469"><ele>611.2</ele></trkpt>
   <trkpt lon="-4.834546" lat="36.802377"><ele>609.8</ele></trkpt>
   <trkpt lon="-4.834316" lat="36.802290"><ele>609.4</ele></trkpt>
   <trkpt lon="-4.834199" lat="36.802265"><ele>608.8</ele></trkpt>
   <trkpt lon="-4.834026" lat="36.802262"><ele>608.8</ele></trkpt>
   <trkpt lon="-4.833902" lat="36.802299"><ele>608.6</ele></trkpt>
   <trkpt lon="-4.833835" lat="36.802352"><ele>608.6</ele></trkpt>
   <trkpt lon="-4.833780" lat="36.802476"><ele>609.5</ele></trkpt>
   <trkpt lon="-4.833785" lat="36.802564"><ele>610.0</ele></trkpt>
   <trkpt lon="-4.833827" lat="36.802665"><ele>610.8</ele></trkpt>
   <trkpt lon="-4.833877" lat="36.802735"><ele>611.7</ele></trkpt>
   <trkpt lon="-4.833999" lat="36.802849"><ele>614.0</ele></trkpt>
   <trkpt lon="-4.834375" lat="36.803153"><ele>617.9</ele></trkpt>
   <trkpt lon="-4.834501" lat="36.803289"><ele>618.1</ele></trkpt>
   <trkpt lon="-4.834562" lat="36.803374"><ele>618.6</ele></trkpt>
   <trkpt lon="-4.834662" lat="36.803571"><ele>620.7</ele></trkpt>
   <trkpt lon="-4.834841" lat="36.803963"><ele>626.4</ele></trkpt>
   <trkpt lon="-4.834915" lat="36.804074"><ele>628.3</ele></trkpt>
   <trkpt lon="-4.835003" lat="36.804165"><ele>629.1</ele></trkpt>
   <trkpt lon="-4.835070" lat="36.804210"><ele>628.4</ele></trkpt>
   <trkpt lon="-4.835159" lat="36.804245"><ele>627.0</ele></trkpt>
   <trkpt lon="-4.835333" lat="36.804272"><ele>622.4</ele></trkpt>
   <trkpt lon="-4.835836" lat="36.804280"><ele>616.5</ele></trkpt>
   <trkpt lon="-4.836019" lat="36.804299"><ele>616.5</ele></trkpt>
   <trkpt lon="-4.836092" lat="36.804332"><ele>617.9</ele></trkpt>
   <trkpt lon="-4.836168" lat="36.804407"><ele>621.0</ele></trkpt>
   <trkpt lon="-4.836274" lat="36.804585"><ele>628.4</ele></trkpt>
   <trkpt lon="-4.836362" lat="36.804687"><ele>631.8</ele></trkpt>
   <trkpt lon="-4.836509" lat="36.804791"><ele>633.1</ele></trkpt>
   <trkpt lon="-4.836662" lat="36.804838"><ele>631.5</ele></trkpt>
   <trkpt lon="-4.836986" lat="36.804845"><ele>626.4</ele></trkpt>
   <trkpt lon="-4.837447" lat="36.804810"><ele>624.7</ele></trkpt>
   <trkpt lon="-4.837784" lat="36.804811"><ele>626.9</ele></trkpt>
   <trkpt lon="-4.838006" lat="36.804827"><ele>628.0</ele></trkpt>
   <trkpt lon="-4.838154" lat="36.804857"><ele>629.4</ele></trkpt>
   <trkpt lon="-4.838345" lat="36.804958"><ele>635.1</ele></trkpt>
   <trkpt lon="-4.838406" lat="36.805030"><ele>639.3</ele></trkpt>
   <trkpt lon="-4.838430" lat="36.805098"><ele>643.2</ele></trkpt>
   <trkpt lon="-4.838434" lat="36.805727"><ele>662.7</ele></trkpt>
   <trkpt lon="-4.838448" lat="36.805842"><ele>663.5</ele></trkpt>
   <trkpt lon="-4.838501" lat="36.805948"><ele>662.8</ele></trkpt>
   <trkpt lon="-4.838556" lat="36.806004"><ele>661.8</ele></trkpt>
   <trkpt lon="-4.838672" lat="36.806073"><ele>658.9</ele></trkpt>
   <trkpt lon="-4.838787" lat="36.806100"><ele>655.6</ele></trkpt>
   <trkpt lon="-4.838899" lat="36.806099"><ele>653.5</ele></trkpt>
   <trkpt lon="-4.839018" lat="36.806080"><ele>650.7</ele></trkpt>
   <trkpt lon="-4.839330" lat="36.805983"><ele>648.9</ele></trkpt>
   <trkpt lon="-4.839502" lat="36.805950"><ele>650.3</ele></trkpt>
   <trkpt lon="-4.839664" lat="36.805967"><ele>652.6</ele></trkpt>
   <trkpt lon="-4.839774" lat="36.806024"><ele>655.2</ele></trkpt>
   <trkpt lon="-4.839824" lat="36.806082"><ele>657.0</ele></trkpt>
   <trkpt lon="-4.839884" lat="36.806280"><ele>661.2</ele></trkpt>
   <trkpt lon="-4.839938" lat="36.806386"><ele>664.2</ele></trkpt>
   <trkpt lon="-4.840049" lat="36.806497"><ele>666.4</ele></trkpt>
   <trkpt lon="-4.840381" lat="36.806691"><ele>666.4</ele></trkpt>
   <trkpt lon="-4.840470" lat="36.806802"><ele>668.1</ele></trkpt>
   <trkpt lon="-4.840497" lat="36.806933"><ele>671.5</ele></trkpt>
   <trkpt lon="-4.840496" lat="36.807167"><ele>677.6</ele></trkpt>
   <trkpt lon="-4.840524" lat="36.807298"><ele>679.9</ele></trkpt>
   <trkpt lon="-4.840589" lat="36.807400"><ele>679.4</ele></trkpt>
   <trkpt lon="-4.840666" lat="36.807463"><ele>678.3</ele></trkpt>
   <trkpt lon="-4.840749" lat="36.807502"><ele>676.8</ele></trkpt>
   <trkpt lon="-4.840849" lat="36.807513"><ele>674.8</ele></trkpt>
   <trkpt lon="-4.841003" lat="36.807496"><ele>672.4</ele></trkpt>
   <trkpt lon="-4.841690" lat="36.807240"><ele>672.3</ele></trkpt>
   <trkpt lon="-4.841993" lat="36.807156"><ele>677.4</ele></trkpt>
   <trkpt lon="-4.842134" lat="36.807162"><ele>678.8</ele></trkpt>
   <trkpt lon="-4.842277" lat="36.807210"><ele>679.7</ele></trkpt>
   <trkpt lon="-4.842680" lat="36.807448"><ele>684.2</ele></trkpt>
   <trkpt lon="-4.842966" lat="36.807565"><ele>685.2</ele></trkpt>
   <trkpt lon="-4.843363" lat="36.807673"><ele>686.3</ele></trkpt>
   <trkpt lon="-4.843750" lat="36.807756"><ele>688.4</ele></trkpt>
   <trkpt lon="-4.843861" lat="36.807764"><ele>688.8</ele></trkpt>
   <trkpt lon="-4.844015" lat="36.807751"><ele>689.0</ele></trkpt>
   <trkpt lon="-4.844806" lat="36.807604"><ele>691.2</ele></trkpt>
   <trkpt lon="-4.845163" lat="36.807597"><ele>693.7</ele></trkpt>
   <trkpt lon="-4.845619" lat="36.807613"><ele>696.1</ele></trkpt>
   <trkpt lon="-4.846051" lat="36.807584"><ele>698.2</ele></trkpt>
   <trkpt lon="-4.846204" lat="36.807595"><ele>699.5</ele></trkpt>
   <trkpt lon="-4.846354" lat="36.807625"><ele>700.7</ele></trkpt>
   <trkpt lon="-4.847051" lat="36.807846"><ele>708.3</ele></trkpt>
   <trkpt lon="-4.847233" lat="36.807882"><ele>708.6</ele></trkpt>
   <trkpt lon="-4.847635" lat="36.807885"><ele>709.4</ele></trkpt>
   <trkpt lon="-4.848019" lat="36.807848"><ele>711.1</ele></trkpt>
   <trkpt lon="-4.848212" lat="36.807804"><ele>712.1</ele></trkpt>
   <trkpt lon="-4.848534" lat="36.807784"><ele>713.2</ele></trkpt>
   <trkpt lon="-4.848802" lat="36.807729"><ele>714.2</ele></trkpt>
   <trkpt lon="-4.848937" lat="36.807665"><ele>714.7</ele></trkpt>
   <trkpt lon="-4.849374" lat="36.807189"><ele>720.3</ele></trkpt>
   <trkpt lon="-4.849526" lat="36.807013"><ele>723.4</ele></trkpt>
   <trkpt lon="-4.849781" lat="36.806751"><ele>727.4</ele></trkpt>
   <trkpt lon="-4.850492" lat="36.806448"><ele>729.4</ele></trkpt>
   <trkpt lon="-4.850981" lat="36.806171"><ele>733.1</ele></trkpt>
   <trkpt lon="-4.851739" lat="36.805614"><ele>747.7</ele></trkpt>
   <trkpt lon="-4.852258" lat="36.805122"><ele>748.6</ele></trkpt>
   <trkpt lon="-4.852550" lat="36.804949"><ele>746.3</ele></trkpt>
   <trkpt lon="-4.853179" lat="36.804661"><ele>741.5</ele></trkpt>
   <trkpt lon="-4.854187" lat="36.804157"><ele>734.4</ele></trkpt>
   <trkpt lon="-4.854571" lat="36.803919"><ele>735.3</ele></trkpt>
   <trkpt lon="-4.855161" lat="36.803781"><ele>735.1</ele></trkpt>
   <trkpt lon="-4.856073" lat="36.803454"><ele>732.0</ele></trkpt>
   <trkpt lon="-4.856387" lat="36.802942"><ele>730.2</ele></trkpt>
   <trkpt lon="-4.856595" lat="36.802843"><ele>727.3</ele></trkpt>
   <trkpt lon="-4.856860" lat="36.802782"><ele>726.5</ele></trkpt>
   <trkpt lon="-4.857561" lat="36.802909"><ele>722.2</ele></trkpt>
   <trkpt lon="-4.858617" lat="36.802732"><ele>714.6</ele></trkpt>
   <trkpt lon="-4.859480" lat="36.802597"><ele>707.6</ele></trkpt>
   <trkpt lon="-4.860123" lat="36.802232"><ele>706.7</ele></trkpt>
   <trkpt lon="-4.860901" lat="36.801883"><ele>704.0</ele></trkpt>
   <trkpt lon="-4.861815" lat="36.801386"><ele>692.3</ele></trkpt>
   <trkpt lon="-4.862837" lat="36.800711"><ele>690.1</ele></trkpt>
   <trkpt lon="-4.862970" lat="36.800685"><ele>688.9</ele></trkpt>
   <trkpt lon="-4.863384" lat="36.800604"><ele>687.5</ele></trkpt>
   <trkpt lon="-4.864012" lat="36.800669"><ele>682.8</ele></trkpt>
   <trkpt lon="-4.864804" lat="36.800842"><ele>678.3</ele></trkpt>
   <trkpt lon="-4.866138" lat="36.800611"><ele>672.0</ele></trkpt>
   <trkpt lon="-4.866728" lat="36.800520"><ele>669.5</ele></trkpt>
   <trkpt lon="-4.867415" lat="36.800319"><ele>664.4</ele></trkpt>
   <trkpt lon="-4.867620" lat="36.800337"><ele>661.2</ele></trkpt>
   <trkpt lon="-4.867866" lat="36.800527"><ele>655.1</ele></trkpt>
   <trkpt lon="-4.868132" lat="36.800830"><ele>647.3</ele></trkpt>
   <trkpt lon="-4.868653" lat="36.801841"><ele>634.7</ele></trkpt>
   <trkpt lon="-4.869066" lat="36.802917"><ele>622.6</ele></trkpt>
   <trkpt lon="-4.869786" lat="36.803393"><ele>617.9</ele></trkpt>
   <trkpt lon="-4.871523" lat="36.803624"><ele>607.6</ele></trkpt>
   <trkpt lon="-4.872129" lat="36.803527"><ele>605.1</ele></trkpt>
   <trkpt lon="-4.872790" lat="36.803324"><ele>597.9</ele></trkpt>
   <trkpt lon="-4.873142" lat="36.803382"><ele>591.4</ele></trkpt>
   <trkpt lon="-4.873443" lat="36.803609"><ele>586.9</ele></trkpt>
   <trkpt lon="-4.873903" lat="36.804861"><ele>577.7</ele></trkpt>
   <trkpt lon="-4.874009" lat="36.805419"><ele>577.0</ele></trkpt>
   <trkpt lon="-4.874048" lat="36.805530"><ele>577.5</ele></trkpt>
   <trkpt lon="-4.874113" lat="36.805591"><ele>578.5</ele></trkpt>
   <trkpt lon="-4.874303" lat="36.805705"><ele>587.1</ele></trkpt>
   <trkpt lon="-4.874739" lat="36.806038"><ele>582.7</ele></trkpt>
   <trkpt lon="-4.874968" lat="36.806128"><ele>584.5</ele></trkpt>
   <trkpt lon="-4.875194" lat="36.806179"><ele>586.5</ele></trkpt>
   <trkpt lon="-4.875431" lat="36.806250"><ele>586.9</ele></trkpt>
   <trkpt lon="-4.875579" lat="36.806374"><ele>586.1</ele></trkpt>
   <trkpt lon="-4.875736" lat="36.806621"><ele>583.0</ele></trkpt>
   <trkpt lon="-4.875959" lat="36.806842"><ele>581.7</ele></trkpt>
   <trkpt lon="-4.876591" lat="36.807212"><ele>571.7</ele></trkpt>
   <trkpt lon="-4.877044" lat="36.807396"><ele>564.7</ele></trkpt>
   <trkpt lon="-4.877364" lat="36.807576"><ele>562.7</ele></trkpt>
   <trkpt lon="-4.877643" lat="36.807867"><ele>558.0</ele></trkpt>
   <trkpt lon="-4.877767" lat="36.808011"><ele>556.6</ele></trkpt>
   <trkpt lon="-4.877833" lat="36.808196"><ele>555.1</ele></trkpt>
   <trkpt lon="-4.877816" lat="36.808264"><ele>554.5</ele></trkpt>
   <trkpt lon="-4.877727" lat="36.808311"><ele>553.3</ele></trkpt>
   <trkpt lon="-4.877632" lat="36.808318"><ele>552.4</ele></trkpt>
   <trkpt lon="-4.877535" lat="36.808273"><ele>552.1</ele></trkpt>
   <trkpt lon="-4.877384" lat="36.808154"><ele>553.3</ele></trkpt>
   <trkpt lon="-4.877252" lat="36.808079"><ele>554.5</ele></trkpt>
   <trkpt lon="-4.876664" lat="36.807975"><ele>557.6</ele></trkpt>
   <trkpt lon="-4.876361" lat="36.808020"><ele>557.3</ele></trkpt>
   <trkpt lon="-4.875806" lat="36.808179"><ele>556.6</ele></trkpt>
   <trkpt lon="-4.875669" lat="36.808271"><ele>557.2</ele></trkpt>
   <trkpt lon="-4.875605" lat="36.808404"><ele>555.8</ele></trkpt>
   <trkpt lon="-4.875593" lat="36.808881"><ele>542.0</ele></trkpt>
   <trkpt lon="-4.875142" lat="36.809096"><ele>534.1</ele></trkpt>
   <trkpt lon="-4.874537" lat="36.809057"><ele>529.8</ele></trkpt>
   <trkpt lon="-4.874153" lat="36.809210"><ele>522.3</ele></trkpt>
   <trkpt lon="-4.873846" lat="36.809372"><ele>522.5</ele></trkpt>
   <trkpt lon="-4.873797" lat="36.809596"><ele>525.6</ele></trkpt>
   <trkpt lon="-4.873817" lat="36.809933"><ele>525.8</ele></trkpt>
   <trkpt lon="-4.874258" lat="36.810265"><ele>521.1</ele></trkpt>
   <trkpt lon="-4.874873" lat="36.810533"><ele>521.4</ele></trkpt>
   <trkpt lon="-4.876274" lat="36.811002"><ele>523.7</ele></trkpt>
   <trkpt lon="-4.876662" lat="36.811286"><ele>524.4</ele></trkpt>
   <trkpt lon="-4.876936" lat="36.811555"><ele>523.5</ele></trkpt>
   <trkpt lon="-4.877065" lat="36.811725"><ele>523.8</ele></trkpt>
   <trkpt lon="-4.876994" lat="36.812031"><ele>525.3</ele></trkpt>
   <trkpt lon="-4.876632" lat="36.812586"><ele>528.5</ele></trkpt>
   <trkpt lon="-4.876284" lat="36.812892"><ele>527.8</ele></trkpt>
   <trkpt lon="-4.875833" lat="36.812946"><ele>528.8</ele></trkpt>
   <trkpt lon="-4.875430" lat="36.812907"><ele>535.1</ele></trkpt>
   <trkpt lon="-4.875264" lat="36.813021"><ele>533.9</ele></trkpt>
   <trkpt lon="-4.875151" lat="36.813207"><ele>529.4</ele></trkpt>
   <trkpt lon="-4.875322" lat="36.813390"><ele>523.8</ele></trkpt>
   <trkpt lon="-4.875516" lat="36.813501"><ele>522.1</ele></trkpt>
   <trkpt lon="-4.875774" lat="36.813592"><ele>522.1</ele></trkpt>
   <trkpt lon="-4.876399" lat="36.814198"><ele>529.1</ele></trkpt>
   <trkpt lon="-4.877196" lat="36.815551"><ele>544.6</ele></trkpt>
   <trkpt lon="-4.877353" lat="36.815991"><ele>549.4</ele></trkpt>
   <trkpt lon="-4.877388" lat="36.816450"><ele>552.2</ele></trkpt>
   <trkpt lon="-4.877119" lat="36.817157"><ele>557.5</ele></trkpt>
   <trkpt lon="-4.877234" lat="36.817406"><ele>555.4</ele></trkpt>
   <trkpt lon="-4.877599" lat="36.817864"><ele>558.8</ele></trkpt>
   <trkpt lon="-4.877670" lat="36.818043"><ele>561.3</ele></trkpt>
   <trkpt lon="-4.877695" lat="36.818176"><ele>563.4</ele></trkpt>
   <trkpt lon="-4.877628" lat="36.818286"><ele>565.1</ele></trkpt>
   <trkpt lon="-4.877330" lat="36.818578"><ele>571.1</ele></trkpt>
   <trkpt lon="-4.877295" lat="36.818733"><ele>571.6</ele></trkpt>
   <trkpt lon="-4.877292" lat="36.818847"><ele>571.9</ele></trkpt>
   <trkpt lon="-4.877368" lat="36.818936"><ele>570.6</ele></trkpt>
   <trkpt lon="-4.877472" lat="36.819000"><ele>568.6</ele></trkpt>
   <trkpt lon="-4.878971" lat="36.819785"><ele>555.9</ele></trkpt>
   <trkpt lon="-4.879306" lat="36.819831"><ele>552.4</ele></trkpt>
   <trkpt lon="-4.879576" lat="36.819823"><ele>549.5</ele></trkpt>
   <trkpt lon="-4.879967" lat="36.819785"><ele>545.7</ele></trkpt>
   <trkpt lon="-4.880210" lat="36.819692"><ele>542.5</ele></trkpt>
   <trkpt lon="-4.880757" lat="36.819139"><ele>537.7</ele></trkpt>
   <trkpt lon="-4.881028" lat="36.819033"><ele>538.1</ele></trkpt>
   <trkpt lon="-4.882859" lat="36.818624"><ele>529.5</ele></trkpt>
   <trkpt lon="-4.883076" lat="36.818653"><ele>529.2</ele></trkpt>
   <trkpt lon="-4.883243" lat="36.818709"><ele>529.0</ele></trkpt>
   <trkpt lon="-4.883508" lat="36.818862"><ele>528.8</ele></trkpt>
   <trkpt lon="-4.884481" lat="36.819792"><ele>523.3</ele></trkpt>
   <trkpt lon="-4.884692" lat="36.819846"><ele>521.4</ele></trkpt>
   <trkpt lon="-4.884999" lat="36.819877"><ele>519.0</ele></trkpt>
   <trkpt lon="-4.885729" lat="36.819915"><ele>516.5</ele></trkpt>
   <trkpt lon="-4.885980" lat="36.820045"><ele>516.2</ele></trkpt>
   <trkpt lon="-4.886041" lat="36.820228"><ele>516.9</ele></trkpt>
   <trkpt lon="-4.885882" lat="36.820430"><ele>515.9</ele></trkpt>
   <trkpt lon="-4.885687" lat="36.820493"><ele>516.0</ele></trkpt>
   <trkpt lon="-4.885450" lat="36.820499"><ele>516.7</ele></trkpt>
   <trkpt lon="-4.885143" lat="36.820476"><ele>518.3</ele></trkpt>
   <trkpt lon="-4.885039" lat="36.820522"><ele>518.7</ele></trkpt>
   <trkpt lon="-4.884971" lat="36.820613"><ele>518.3</ele></trkpt>
   <trkpt lon="-4.884818" lat="36.820864"><ele>515.9</ele></trkpt>
   <trkpt lon="-4.884770" lat="36.820960"><ele>515.5</ele></trkpt>
   <trkpt lon="-4.884759" lat="36.821091"><ele>515.4</ele></trkpt>
   <trkpt lon="-4.884801" lat="36.821223"><ele>514.3</ele></trkpt>
   <trkpt lon="-4.884951" lat="36.821398"><ele>511.9</ele></trkpt>
   <trkpt lon="-4.885412" lat="36.821483"><ele>504.3</ele></trkpt>
   <trkpt lon="-4.885656" lat="36.821604"><ele>504.2</ele></trkpt>
   <trkpt lon="-4.885870" lat="36.821787"><ele>507.0</ele></trkpt>
   <trkpt lon="-4.886151" lat="36.821944"><ele>507.3</ele></trkpt>
   <trkpt lon="-4.887475" lat="36.822174"><ele>495.9</ele></trkpt>
   <trkpt lon="-4.887866" lat="36.822301"><ele>492.7</ele></trkpt>
   <trkpt lon="-4.888368" lat="36.822627"><ele>492.4</ele></trkpt>
   <trkpt lon="-4.888668" lat="36.822864"><ele>490.0</ele></trkpt>
   <trkpt lon="-4.888963" lat="36.823204"><ele>487.5</ele></trkpt>
   <trkpt lon="-4.889170" lat="36.823299"><ele>484.7</ele></trkpt>
   <trkpt lon="-4.889520" lat="36.823342"><ele>481.1</ele></trkpt>
   <trkpt lon="-4.892054" lat="36.823112"><ele>476.4</ele></trkpt>
   <trkpt lon="-4.895269" lat="36.822896"><ele>469.1</ele></trkpt>
   <trkpt lon="-4.896419" lat="36.822805"><ele>466.9</ele></trkpt>
   <trkpt lon="-4.897928" lat="36.822706"><ele>465.3</ele></trkpt>
   <trkpt lon="-4.898435" lat="36.822741"><ele>465.3</ele></trkpt>
   <trkpt lon="-4.899064" lat="36.820431"><ele>463.7</ele></trkpt>
   <trkpt lon="-4.898994" lat="36.819992"><ele>470.5</ele></trkpt>
   <trkpt lon="-4.899452" lat="36.818687"><ele>464.1</ele></trkpt>
   <trkpt lon="-4.899548" lat="36.818278"><ele>465.8</ele></trkpt>
   <trkpt lon="-4.899668" lat="36.817325"><ele>470.5</ele></trkpt>
   <trkpt lon="-4.899972" lat="36.816761"><ele>473.3</ele></trkpt>
   <trkpt lon="-4.900099" lat="36.816504"><ele>474.6</ele></trkpt>
   <trkpt lon="-4.900153" lat="36.816298"><ele>475.9</ele></trkpt>
   <trkpt lon="-4.900140" lat="36.816116"><ele>476.8</ele></trkpt>
   <trkpt lon="-4.900103" lat="36.815910"><ele>477.5</ele></trkpt>
   <trkpt lon="-4.900142" lat="36.815788"><ele>478.7</ele></trkpt>
   <trkpt lon="-4.900243" lat="36.815734"><ele>480.4</ele></trkpt>
   <trkpt lon="-4.901182" lat="36.815563"><ele>490.0</ele></trkpt>
   <trkpt lon="-4.901418" lat="36.815483"><ele>491.8</ele></trkpt>
   <trkpt lon="-4.901585" lat="36.815388"><ele>493.5</ele></trkpt>
   <trkpt lon="-4.901704" lat="36.815271"><ele>494.8</ele></trkpt>
   <trkpt lon="-4.901813" lat="36.815137"><ele>495.9</ele></trkpt>
   <trkpt lon="-4.901903" lat="36.814976"><ele>497.1</ele></trkpt>
   <trkpt lon="-4.901954" lat="36.814749"><ele>499.2</ele></trkpt>
   <trkpt lon="-4.901912" lat="36.813850"><ele>512.3</ele></trkpt>
   <trkpt lon="-4.901845" lat="36.813518"><ele>518.1</ele></trkpt>
   <trkpt lon="-4.901846" lat="36.813363"><ele>520.5</ele></trkpt>
   <trkpt lon="-4.902043" lat="36.813074"><ele>521.9</ele></trkpt>
   <trkpt lon="-4.902087" lat="36.812945"><ele>523.5</ele></trkpt>
   <trkpt lon="-4.902135" lat="36.812659"><ele>528.2</ele></trkpt>
   <trkpt lon="-4.902246" lat="36.812269"><ele>532.0</ele></trkpt>
   <trkpt lon="-4.902291" lat="36.811908"><ele>534.3</ele></trkpt>
   <trkpt lon="-4.902276" lat="36.811658"><ele>535.8</ele></trkpt>
   <trkpt lon="-4.902204" lat="36.811407"><ele>537.3</ele></trkpt>
   <trkpt lon="-4.901976" lat="36.811031"><ele>543.1</ele></trkpt>
   <trkpt lon="-4.901984" lat="36.810921"><ele>543.4</ele></trkpt>
   <trkpt lon="-4.902085" lat="36.810866"><ele>542.2</ele></trkpt>
   <trkpt lon="-4.902262" lat="36.810849"><ele>539.7</ele></trkpt>
   <trkpt lon="-4.902388" lat="36.810876"><ele>539.6</ele></trkpt>
   <trkpt lon="-4.902727" lat="36.811081"><ele>538.0</ele></trkpt>
   <trkpt lon="-4.902998" lat="36.811231"><ele>538.9</ele></trkpt>
   <trkpt lon="-4.903202" lat="36.811305"><ele>540.9</ele></trkpt>
   <trkpt lon="-4.903311" lat="36.811313"><ele>542.6</ele></trkpt>
   <trkpt lon="-4.903478" lat="36.811302"><ele>545.5</ele></trkpt>
   <trkpt lon="-4.903574" lat="36.811308"><ele>546.9</ele></trkpt>
   <trkpt lon="-4.903674" lat="36.811348"><ele>547.3</ele></trkpt>
   <trkpt lon="-4.903792" lat="36.811469"><ele>546.1</ele></trkpt>
   <trkpt lon="-4.904151" lat="36.811885"><ele>546.6</ele></trkpt>
   <trkpt lon="-4.904257" lat="36.811951"><ele>548.0</ele></trkpt>
   <trkpt lon="-4.904333" lat="36.811971"><ele>549.0</ele></trkpt>
   <trkpt lon="-4.904445" lat="36.811953"><ele>550.7</ele></trkpt>
   <trkpt lon="-4.904595" lat="36.811858"><ele>553.4</ele></trkpt>
   <trkpt lon="-4.904719" lat="36.811732"><ele>554.6</ele></trkpt>
   <trkpt lon="-4.904783" lat="36.811626"><ele>554.8</ele></trkpt>
   <trkpt lon="-4.904777" lat="36.811538"><ele>555.3</ele></trkpt>
   <trkpt lon="-4.904711" lat="36.811367"><ele>557.3</ele></trkpt>
   <trkpt lon="-4.904658" lat="36.811169"><ele>559.8</ele></trkpt>
   <trkpt lon="-4.904664" lat="36.810750"><ele>561.6</ele></trkpt>
   <trkpt lon="-4.904682" lat="36.810468"><ele>558.8</ele></trkpt>
   <trkpt lon="-4.904647" lat="36.810200"><ele>554.5</ele></trkpt>
   <trkpt lon="-4.904607" lat="36.810105"><ele>552.9</ele></trkpt>
   <trkpt lon="-4.904484" lat="36.809998"><ele>552.2</ele></trkpt>
   <trkpt lon="-4.904252" lat="36.809900"><ele>554.4</ele></trkpt>
   <trkpt lon="-4.904041" lat="36.809742"><ele>558.0</ele></trkpt>
   <trkpt lon="-4.903934" lat="36.809584"><ele>559.6</ele></trkpt>
   <trkpt lon="-4.903927" lat="36.809387"><ele>558.5</ele></trkpt>
   <trkpt lon="-4.903948" lat="36.809177"><ele>555.8</ele></trkpt>
   <trkpt lon="-4.904006" lat="36.809012"><ele>552.3</ele></trkpt>
   <trkpt lon="-4.903932" lat="36.808666"><ele>548.0</ele></trkpt>
   <trkpt lon="-4.903966" lat="36.808517"><ele>545.2</ele></trkpt>
   <trkpt lon="-4.903954" lat="36.808409"><ele>543.8</ele></trkpt>
   <trkpt lon="-4.903919" lat="36.808335"><ele>542.9</ele></trkpt>
   <trkpt lon="-4.903804" lat="36.808172"><ele>541.1</ele></trkpt>
   <trkpt lon="-4.903721" lat="36.807980"><ele>538.5</ele></trkpt>
   <trkpt lon="-4.903592" lat="36.807611"><ele>536.4</ele></trkpt>
   <trkpt lon="-4.903487" lat="36.807524"><ele>538.4</ele></trkpt>
   <trkpt lon="-4.903359" lat="36.807450"><ele>540.9</ele></trkpt>
   <trkpt lon="-4.903325" lat="36.807378"><ele>542.6</ele></trkpt>
   <trkpt lon="-4.903370" lat="36.807300"><ele>543.5</ele></trkpt>
   <trkpt lon="-4.903507" lat="36.807238"><ele>542.6</ele></trkpt>
   <trkpt lon="-4.903627" lat="36.807134"><ele>542.3</ele></trkpt>
   <trkpt lon="-4.903704" lat="36.806982"><ele>543.2</ele></trkpt>
   <trkpt lon="-4.903707" lat="36.806837"><ele>544.1</ele></trkpt>
   <trkpt lon="-4.903549" lat="36.806572"><ele>549.5</ele></trkpt>
   <trkpt lon="-4.903531" lat="36.806405"><ele>550.4</ele></trkpt>
   <trkpt lon="-4.903618" lat="36.806138"><ele>547.3</ele></trkpt>
   <trkpt lon="-4.903814" lat="36.805995"><ele>543.2</ele></trkpt>
   <trkpt lon="-4.904005" lat="36.805873"><ele>541.2</ele></trkpt>
   <trkpt lon="-4.904100" lat="36.805851"><ele>541.1</ele></trkpt>
   <trkpt lon="-4.904263" lat="36.805857"><ele>540.8</ele></trkpt>
   <trkpt lon="-4.904400" lat="36.805873"><ele>541.3</ele></trkpt>
   <trkpt lon="-4.904462" lat="36.805927"><ele>541.2</ele></trkpt>
   <trkpt lon="-4.904452" lat="36.806060"><ele>540.4</ele></trkpt>
   <trkpt lon="-4.904350" lat="36.806351"><ele>537.8</ele></trkpt>
   <trkpt lon="-4.904403" lat="36.806462"><ele>537.9</ele></trkpt>
   <trkpt lon="-4.904566" lat="36.806546"><ele>539.8</ele></trkpt>
   <trkpt lon="-4.904789" lat="36.806590"><ele>543.4</ele></trkpt>
   <trkpt lon="-4.904945" lat="36.806594"><ele>546.1</ele></trkpt>
   <trkpt lon="-4.905032" lat="36.806613"><ele>547.3</ele></trkpt>
   <trkpt lon="-4.905083" lat="36.806650"><ele>547.5</ele></trkpt>
   <trkpt lon="-4.905181" lat="36.806782"><ele>546.5</ele></trkpt>
   <trkpt lon="-4.905623" lat="36.807298"><ele>548.4</ele></trkpt>
   <trkpt lon="-4.905710" lat="36.807352"><ele>550.2</ele></trkpt>
   <trkpt lon="-4.905824" lat="36.807372"><ele>552.3</ele></trkpt>
   <trkpt lon="-4.905994" lat="36.807324"><ele>556.5</ele></trkpt>
   <trkpt lon="-4.906172" lat="36.807295"><ele>559.9</ele></trkpt>
   <trkpt lon="-4.906317" lat="36.807341"><ele>560.8</ele></trkpt>
   <trkpt lon="-4.906463" lat="36.807508"><ele>558.7</ele></trkpt>
   <trkpt lon="-4.906685" lat="36.807740"><ele>557.9</ele></trkpt>
   <trkpt lon="-4.906847" lat="36.807884"><ele>559.4</ele></trkpt>
   <trkpt lon="-4.906951" lat="36.807897"><ele>561.6</ele></trkpt>
   <trkpt lon="-4.907083" lat="36.807849"><ele>564.6</ele></trkpt>
   <trkpt lon="-4.907223" lat="36.807752"><ele>566.4</ele></trkpt>
   <trkpt lon="-4.907249" lat="36.807499"><ele>568.3</ele></trkpt>
   <trkpt lon="-4.907150" lat="36.807047"><ele>570.0</ele></trkpt>
   <trkpt lon="-4.907061" lat="36.806918"><ele>571.8</ele></trkpt>
   <trkpt lon="-4.906878" lat="36.806728"><ele>574.0</ele></trkpt>
   <trkpt lon="-4.906844" lat="36.806572"><ele>575.5</ele></trkpt>
   <trkpt lon="-4.906974" lat="36.806364"><ele>578.7</ele></trkpt>
   <trkpt lon="-4.907161" lat="36.806194"><ele>580.7</ele></trkpt>
   <trkpt lon="-4.907415" lat="36.806100"><ele>580.0</ele></trkpt>
   <trkpt lon="-4.907816" lat="36.805999"><ele>574.1</ele></trkpt>
   <trkpt lon="-4.907937" lat="36.805944"><ele>572.8</ele></trkpt>
   <trkpt lon="-4.907959" lat="36.805834"><ele>573.2</ele></trkpt>
   <trkpt lon="-4.907921" lat="36.805563"><ele>575.4</ele></trkpt>
   <trkpt lon="-4.907950" lat="36.805376"><ele>576.1</ele></trkpt>
   <trkpt lon="-4.908057" lat="36.805192"><ele>575.2</ele></trkpt>
   <trkpt lon="-4.908074" lat="36.804824"><ele>582.2</ele></trkpt>
   <trkpt lon="-4.908165" lat="36.804601"><ele>583.1</ele></trkpt>
   <trkpt lon="-4.908265" lat="36.804398"><ele>583.2</ele></trkpt>
   <trkpt lon="-4.908348" lat="36.804049"><ele>585.1</ele></trkpt>
   <trkpt lon="-4.908538" lat="36.803895"><ele>578.5</ele></trkpt>
   <trkpt lon="-4.908661" lat="36.803737"><ele>573.6</ele></trkpt>
   <trkpt lon="-4.908651" lat="36.803547"><ele>573.6</ele></trkpt>
   <trkpt lon="-4.908658" lat="36.803377"><ele>575.2</ele></trkpt>
   <trkpt lon="-4.908702" lat="36.803276"><ele>574.8</ele></trkpt>
   <trkpt lon="-4.908730" lat="36.803117"><ele>575.3</ele></trkpt>
   <trkpt lon="-4.908698" lat="36.802854"><ele>577.9</ele></trkpt>
   <trkpt lon="-4.908765" lat="36.802692"><ele>577.4</ele></trkpt>
   <trkpt lon="-4.909204" lat="36.802292"><ele>568.9</ele></trkpt>
   <trkpt lon="-4.909362" lat="36.802134"><ele>566.1</ele></trkpt>
   <trkpt lon="-4.909419" lat="36.801986"><ele>562.8</ele></trkpt>
   <trkpt lon="-4.909358" lat="36.801869"><ele>562.1</ele></trkpt>
   <trkpt lon="-4.909179" lat="36.801693"><ele>562.1</ele></trkpt>
   <trkpt lon="-4.909011" lat="36.801390"><ele>561.7</ele></trkpt>
   <trkpt lon="-4.908856" lat="36.801200"><ele>564.5</ele></trkpt>
   <trkpt lon="-4.908835" lat="36.801083"><ele>563.6</ele></trkpt>
   <trkpt lon="-4.908857" lat="36.800946"><ele>560.5</ele></trkpt>
   <trkpt lon="-4.908820" lat="36.800630"><ele>555.2</ele></trkpt>
   <trkpt lon="-4.908765" lat="36.800501"><ele>553.0</ele></trkpt>
   <trkpt lon="-4.908719" lat="36.800441"><ele>552.4</ele></trkpt>
   <trkpt lon="-4.908443" lat="36.800252"><ele>556.0</ele></trkpt>
   <trkpt lon="-4.908434" lat="36.800173"><ele>557.2</ele></trkpt>
   <trkpt lon="-4.908464" lat="36.800109"><ele>558.4</ele></trkpt>
   <trkpt lon="-4.908512" lat="36.800064"><ele>560.0</ele></trkpt>
   <trkpt lon="-4.908592" lat="36.800055"><ele>560.9</ele></trkpt>
   <trkpt lon="-4.908972" lat="36.800084"><ele>562.0</ele></trkpt>
   <trkpt lon="-4.909243" lat="36.800182"><ele>560.3</ele></trkpt>
   <trkpt lon="-4.909712" lat="36.800455"><ele>555.1</ele></trkpt>
   <trkpt lon="-4.909944" lat="36.800511"><ele>557.2</ele></trkpt>
   <trkpt lon="-4.910685" lat="36.800488"><ele>565.2</ele></trkpt>
   <trkpt lon="-4.910822" lat="36.800469"><ele>565.9</ele></trkpt>
   <trkpt lon="-4.910925" lat="36.800427"><ele>566.6</ele></trkpt>
   <trkpt lon="-4.911058" lat="36.800323"><ele>569.9</ele></trkpt>
   <trkpt lon="-4.911197" lat="36.800272"><ele>570.3</ele></trkpt>
   <trkpt lon="-4.911414" lat="36.800276"><ele>567.2</ele></trkpt>
   <trkpt lon="-4.911700" lat="36.800303"><ele>563.9</ele></trkpt>
   <trkpt lon="-4.911867" lat="36.800356"><ele>560.6</ele></trkpt>
   <trkpt lon="-4.912030" lat="36.800380"><ele>560.2</ele></trkpt>
   <trkpt lon="-4.912482" lat="36.800326"><ele>563.7</ele></trkpt>
   <trkpt lon="-4.912604" lat="36.800332"><ele>563.0</ele></trkpt>
   <trkpt lon="-4.912808" lat="36.800368"><ele>560.2</ele></trkpt>
   <trkpt lon="-4.912990" lat="36.800364"><ele>559.1</ele></trkpt>
   <trkpt lon="-4.913233" lat="36.800268"><ele>561.2</ele></trkpt>
   <trkpt lon="-4.913537" lat="36.800176"><ele>560.1</ele></trkpt>
   <trkpt lon="-4.914171" lat="36.800097"><ele>554.5</ele></trkpt>
   <trkpt lon="-4.914416" lat="36.799988"><ele>552.1</ele></trkpt>
   <trkpt lon="-4.914806" lat="36.799787"><ele>545.5</ele></trkpt>
   <trkpt lon="-4.914919" lat="36.799773"><ele>543.9</ele></trkpt>
   <trkpt lon="-4.915020" lat="36.799785"><ele>543.1</ele></trkpt>
   <trkpt lon="-4.915233" lat="36.799857"><ele>542.8</ele></trkpt>
   <trkpt lon="-4.915443" lat="36.800015"><ele>543.8</ele></trkpt>
   <trkpt lon="-4.915578" lat="36.800151"><ele>544.1</ele></trkpt>
   <trkpt lon="-4.915621" lat="36.800365"><ele>544.3</ele></trkpt>
   <trkpt lon="-4.915650" lat="36.800583"><ele>543.7</ele></trkpt>
   <trkpt lon="-4.915778" lat="36.800799"><ele>541.1</ele></trkpt>
   <trkpt lon="-4.915892" lat="36.801104"><ele>539.3</ele></trkpt>
   <trkpt lon="-4.915915" lat="36.801283"><ele>538.2</ele></trkpt>
   <trkpt lon="-4.915860" lat="36.801394"><ele>537.6</ele></trkpt>
   <trkpt lon="-4.915838" lat="36.801505"><ele>536.1</ele></trkpt>
   <trkpt lon="-4.915886" lat="36.801556"><ele>534.6</ele></trkpt>
   <trkpt lon="-4.915970" lat="36.801549"><ele>534.5</ele></trkpt>
   <trkpt lon="-4.916180" lat="36.801307"><ele>534.6</ele></trkpt>
   <trkpt lon="-4.916382" lat="36.801125"><ele>532.3</ele></trkpt>
   <trkpt lon="-4.917383" lat="36.800761"><ele>523.0</ele></trkpt>
   <trkpt lon="-4.917460" lat="36.800681"><ele>522.0</ele></trkpt>
   <trkpt lon="-4.917484" lat="36.800528"><ele>521.0</ele></trkpt>
   <trkpt lon="-4.917484" lat="36.800162"><ele>519.0</ele></trkpt>
   <trkpt lon="-4.917508" lat="36.799979"><ele>518.3</ele></trkpt>
   <trkpt lon="-4.917612" lat="36.799871"><ele>517.1</ele></trkpt>
   <trkpt lon="-4.917792" lat="36.799839"><ele>516.0</ele></trkpt>
   <trkpt lon="-4.917951" lat="36.799872"><ele>515.1</ele></trkpt>
   <trkpt lon="-4.917981" lat="36.799895"><ele>515.1</ele></trkpt>
   <trkpt lon="-4.918196" lat="36.800063"><ele>515.9</ele></trkpt>
   <trkpt lon="-4.918390" lat="36.800129"><ele>516.7</ele></trkpt>
   <trkpt lon="-4.919031" lat="36.800188"><ele>522.8</ele></trkpt>
   <trkpt lon="-4.919840" lat="36.800059"><ele>529.9</ele></trkpt>
   <trkpt lon="-4.920198" lat="36.799886"><ele>533.0</ele></trkpt>
   <trkpt lon="-4.920535" lat="36.799795"><ele>534.1</ele></trkpt>
   <trkpt lon="-4.920805" lat="36.799803"><ele>534.1</ele></trkpt>
   <trkpt lon="-4.921068" lat="36.799834"><ele>535.2</ele></trkpt>
   <trkpt lon="-4.921233" lat="36.799828"><ele>536.4</ele></trkpt>
   <trkpt lon="-4.921403" lat="36.799733"><ele>538.5</ele></trkpt>
   <trkpt lon="-4.921550" lat="36.799518"><ele>541.3</ele></trkpt>
   <trkpt lon="-4.921695" lat="36.799321"><ele>544.2</ele></trkpt>
   <trkpt lon="-4.921826" lat="36.799213"><ele>545.4</ele></trkpt>
   <trkpt lon="-4.922150" lat="36.799012"><ele>548.0</ele></trkpt>
   <trkpt lon="-4.922860" lat="36.798524"><ele>554.7</ele></trkpt>
   <trkpt lon="-4.923393" lat="36.798190"><ele>557.3</ele></trkpt>
   <trkpt lon="-4.923681" lat="36.797962"><ele>559.5</ele></trkpt>
   <trkpt lon="-4.923775" lat="36.797850"><ele>560.5</ele></trkpt>
   <trkpt lon="-4.923856" lat="36.797707"><ele>561.7</ele></trkpt>
   <trkpt lon="-4.923933" lat="36.797665"><ele>561.8</ele></trkpt>
   <trkpt lon="-4.924160" lat="36.797645"><ele>561.0</ele></trkpt>
   <trkpt lon="-4.924909" lat="36.797665"><ele>560.0</ele></trkpt>
   <trkpt lon="-4.925368" lat="36.797687"><ele>560.2</ele></trkpt>
   <trkpt lon="-4.925601" lat="36.797577"><ele>562.1</ele></trkpt>
   <trkpt lon="-4.925848" lat="36.797320"><ele>565.8</ele></trkpt>
   <trkpt lon="-4.926107" lat="36.797192"><ele>565.8</ele></trkpt>
   <trkpt lon="-4.926415" lat="36.797158"><ele>564.7</ele></trkpt>
   <trkpt lon="-4.926746" lat="36.797259"><ele>563.3</ele></trkpt>
   <trkpt lon="-4.927003" lat="36.797406"><ele>562.8</ele></trkpt>
   <trkpt lon="-4.927122" lat="36.797457"><ele>562.7</ele></trkpt>
   <trkpt lon="-4.927323" lat="36.797478"><ele>564.9</ele></trkpt>
   <trkpt lon="-4.927685" lat="36.797396"><ele>570.5</ele></trkpt>
   <trkpt lon="-4.928054" lat="36.797260"><ele>571.3</ele></trkpt>
   <trkpt lon="-4.928449" lat="36.797003"><ele>571.3</ele></trkpt>
   <trkpt lon="-4.928723" lat="36.796765"><ele>568.3</ele></trkpt>
   <trkpt lon="-4.928785" lat="36.796595"><ele>567.3</ele></trkpt>
   <trkpt lon="-4.928780" lat="36.796428"><ele>566.9</ele></trkpt>
   <trkpt lon="-4.928648" lat="36.796052"><ele>569.2</ele></trkpt>
   <trkpt lon="-4.928731" lat="36.795900"><ele>568.9</ele></trkpt>
   <trkpt lon="-4.929183" lat="36.795149"><ele>565.4</ele></trkpt>
   <trkpt lon="-4.929204" lat="36.794900"><ele>565.8</ele></trkpt>
   <trkpt lon="-4.929299" lat="36.794663"><ele>565.2</ele></trkpt>
   <trkpt lon="-4.929469" lat="36.794591"><ele>564.0</ele></trkpt>
   <trkpt lon="-4.929930" lat="36.794520"><ele>563.3</ele></trkpt>
   <trkpt lon="-4.930399" lat="36.794504"><ele>564.3</ele></trkpt>
   <trkpt lon="-4.930674" lat="36.794417"><ele>566.0</ele></trkpt>
   <trkpt lon="-4.931140" lat="36.794223"><ele>566.0</ele></trkpt>
   <trkpt lon="-4.931533" lat="36.793885"><ele>562.6</ele></trkpt>
   <trkpt lon="-4.932269" lat="36.793308"><ele>559.9</ele></trkpt>
   <trkpt lon="-4.932874" lat="36.792849"><ele>560.5</ele></trkpt>
   <trkpt lon="-4.933752" lat="36.792315"><ele>561.3</ele></trkpt>
   <trkpt lon="-4.935160" lat="36.791430"><ele>566.8</ele></trkpt>
   <trkpt lon="-4.935516" lat="36.791302"><ele>567.4</ele></trkpt>
   <trkpt lon="-4.936885" lat="36.790332"><ele>564.0</ele></trkpt>
   <trkpt lon="-4.937605" lat="36.789695"><ele>560.2</ele></trkpt>
   <trkpt lon="-4.937848" lat="36.789499"><ele>558.2</ele></trkpt>
   <trkpt lon="-4.937966" lat="36.789319"><ele>556.0</ele></trkpt>
   <trkpt lon="-4.938151" lat="36.788935"><ele>552.4</ele></trkpt>
   <trkpt lon="-4.938337" lat="36.788841"><ele>551.3</ele></trkpt>
   <trkpt lon="-4.938563" lat="36.788798"><ele>550.2</ele></trkpt>
   <trkpt lon="-4.938820" lat="36.788776"><ele>548.9</ele></trkpt>
   <trkpt lon="-4.938913" lat="36.788768"><ele>548.1</ele></trkpt>
   <trkpt lon="-4.939178" lat="36.788775"><ele>546.0</ele></trkpt>
   <trkpt lon="-4.939462" lat="36.788809"><ele>543.8</ele></trkpt>
   <trkpt lon="-4.939669" lat="36.788870"><ele>541.3</ele></trkpt>
   <trkpt lon="-4.939871" lat="36.788948"><ele>539.2</ele></trkpt>
   <trkpt lon="-4.940060" lat="36.789041"><ele>538.3</ele></trkpt>
   <trkpt lon="-4.940624" lat="36.789345"><ele>536.3</ele></trkpt>
   <trkpt lon="-4.940785" lat="36.789461"><ele>536.1</ele></trkpt>
   <trkpt lon="-4.940857" lat="36.789498"><ele>536.0</ele></trkpt>
   <trkpt lon="-4.940889" lat="36.789506"><ele>536.0</ele></trkpt>
   <trkpt lon="-4.940959" lat="36.789508"><ele>536.0</ele></trkpt>
   <trkpt lon="-4.941367" lat="36.789432"><ele>537.5</ele></trkpt>
   <trkpt lon="-4.941436" lat="36.789425"><ele>538.0</ele></trkpt>
   <trkpt lon="-4.941561" lat="36.789427"><ele>539.0</ele></trkpt>
   <trkpt lon="-4.941610" lat="36.789436"><ele>539.6</ele></trkpt>
   <trkpt lon="-4.941651" lat="36.789446"><ele>540.0</ele></trkpt>
   <trkpt lon="-4.941692" lat="36.789464"><ele>540.4</ele></trkpt>
   <trkpt lon="-4.941772" lat="36.789534"><ele>540.9</ele></trkpt>
   <trkpt lon="-4.942081" lat="36.789950"><ele>542.7</ele></trkpt>
   <trkpt lon="-4.942297" lat="36.790261"><ele>543.8</ele></trkpt>
   <trkpt lon="-4.942331" lat="36.790301"><ele>543.9</ele></trkpt>
   <trkpt lon="-4.942636" lat="36.790583"><ele>545.9</ele></trkpt>
   <trkpt lon="-4.942740" lat="36.790649"><ele>546.7</ele></trkpt>
   <trkpt lon="-4.942840" lat="36.790676"><ele>547.7</ele></trkpt>
   <trkpt lon="-4.944304" lat="36.790872"><ele>554.0</ele></trkpt>
   <trkpt lon="-4.944405" lat="36.790897"><ele>554.8</ele></trkpt>
   <trkpt lon="-4.944488" lat="36.790930"><ele>555.2</ele></trkpt>
   <trkpt lon="-4.944516" lat="36.790942"><ele>555.3</ele></trkpt>
   <trkpt lon="-4.944862" lat="36.791161"><ele>555.8</ele></trkpt>
   <trkpt lon="-4.945178" lat="36.791393"><ele>555.7</ele></trkpt>
   <trkpt lon="-4.945394" lat="36.791497"><ele>555.9</ele></trkpt>
   <trkpt lon="-4.945531" lat="36.791557"><ele>555.8</ele></trkpt>
   <trkpt lon="-4.945579" lat="36.791572"><ele>555.8</ele></trkpt>
   <trkpt lon="-4.945704" lat="36.791601"><ele>556.5</ele></trkpt>
   <trkpt lon="-4.945800" lat="36.791614"><ele>557.1</ele></trkpt>
   <trkpt lon="-4.945895" lat="36.791617"><ele>557.9</ele></trkpt>
   <trkpt lon="-4.945973" lat="36.791610"><ele>558.6</ele></trkpt>
   <trkpt lon="-4.946041" lat="36.791595"><ele>559.0</ele></trkpt>
   <trkpt lon="-4.946119" lat="36.791565"><ele>559.8</ele></trkpt>
   <trkpt lon="-4.946255" lat="36.791512"><ele>561.5</ele></trkpt>
   <trkpt lon="-4.946503" lat="36.791439"><ele>563.3</ele></trkpt>
   <trkpt lon="-4.946897" lat="36.791346"><ele>563.7</ele></trkpt>
   <trkpt lon="-4.946952" lat="36.791328"><ele>563.6</ele></trkpt>
   <trkpt lon="-4.947077" lat="36.791266"><ele>564.0</ele></trkpt>
   <trkpt lon="-4.947411" lat="36.791055"><ele>565.6</ele></trkpt>
   <trkpt lon="-4.947562" lat="36.790954"><ele>566.0</ele></trkpt>
   <trkpt lon="-4.947680" lat="36.790845"><ele>566.5</ele></trkpt>
   <trkpt lon="-4.947764" lat="36.790753"><ele>566.8</ele></trkpt>
   <trkpt lon="-4.947797" lat="36.790727"><ele>566.9</ele></trkpt>
   <trkpt lon="-4.947844" lat="36.790706"><ele>566.7</ele></trkpt>
   <trkpt lon="-4.947968" lat="36.790674"><ele>566.0</ele></trkpt>
   <trkpt lon="-4.948518" lat="36.790524"><ele>562.5</ele></trkpt>
   <trkpt lon="-4.948612" lat="36.790500"><ele>561.7</ele></trkpt>
   <trkpt lon="-4.948759" lat="36.790480"><ele>560.8</ele></trkpt>
   <trkpt lon="-4.948962" lat="36.790466"><ele>560.2</ele></trkpt>
   <trkpt lon="-4.949104" lat="36.790466"><ele>559.8</ele></trkpt>
   <trkpt lon="-4.949164" lat="36.790472"><ele>559.6</ele></trkpt>
   <trkpt lon="-4.949364" lat="36.790502"><ele>559.0</ele></trkpt>
   <trkpt lon="-4.949518" lat="36.790526"><ele>559.0</ele></trkpt>
   <trkpt lon="-4.949705" lat="36.790557"><ele>559.0</ele></trkpt>
   <trkpt lon="-4.949703" lat="36.790581"><ele>559.0</ele></trkpt>
   <trkpt lon="-4.949710" lat="36.790605"><ele>559.0</ele></trkpt>
   <trkpt lon="-4.949748" lat="36.790642"><ele>559.1</ele></trkpt>
   <trkpt lon="-4.949775" lat="36.790653"><ele>559.2</ele></trkpt>
   <trkpt lon="-4.949835" lat="36.790654"><ele>559.4</ele></trkpt>
   <trkpt lon="-4.949862" lat="36.790645"><ele>559.4</ele></trkpt>
   <trkpt lon="-4.949885" lat="36.790629"><ele>559.5</ele></trkpt>
   <trkpt lon="-4.949903" lat="36.790607"><ele>559.5</ele></trkpt>
   <trkpt lon="-4.949912" lat="36.790580"><ele>559.6</ele></trkpt>
   <trkpt lon="-4.949909" lat="36.790554"><ele>559.6</ele></trkpt>
   <trkpt lon="-4.949921" lat="36.790530"><ele>559.5</ele></trkpt>
   <trkpt lon="-4.949972" lat="36.790478"><ele>559.4</ele></trkpt>
   <trkpt lon="-4.950006" lat="36.790455"><ele>559.4</ele></trkpt>
   <trkpt lon="-4.950047" lat="36.790438"><ele>559.3</ele></trkpt>
   <trkpt lon="-4.950105" lat="36.790426"><ele>559.2</ele></trkpt>
   <trkpt lon="-4.950191" lat="36.790420"><ele>559.2</ele></trkpt>
   <trkpt lon="-4.950281" lat="36.790483"><ele>559.6</ele></trkpt>
   <trkpt lon="-4.950501" lat="36.790605"><ele>560.0</ele></trkpt>
   <trkpt lon="-4.950632" lat="36.790657"><ele>560.0</ele></trkpt>
   <trkpt lon="-4.951070" lat="36.790779"><ele>560.6</ele></trkpt>
   <trkpt lon="-4.951857" lat="36.790995"><ele>561.6</ele></trkpt>
   <trkpt lon="-4.952240" lat="36.791101"><ele>562.0</ele></trkpt>
   <trkpt lon="-4.952602" lat="36.791208"><ele>562.3</ele></trkpt>
   <trkpt lon="-4.952667" lat="36.791233"><ele>562.3</ele></trkpt>
   <trkpt lon="-4.952748" lat="36.791268"><ele>562.4</ele></trkpt>
   <trkpt lon="-4.952945" lat="36.791381"><ele>563.3</ele></trkpt>
   <trkpt lon="-4.953051" lat="36.791415"><ele>563.6</ele></trkpt>
   <trkpt lon="-4.953173" lat="36.791440"><ele>563.7</ele></trkpt>
   <trkpt lon="-4.953306" lat="36.791438"><ele>563.5</ele></trkpt>
   <trkpt lon="-4.953371" lat="36.791428"><ele>563.3</ele></trkpt>
   <trkpt lon="-4.953715" lat="36.791346"><ele>563.1</ele></trkpt>
   <trkpt lon="-4.953826" lat="36.791317"><ele>563.3</ele></trkpt>
   <trkpt lon="-4.953869" lat="36.791308"><ele>563.5</ele></trkpt>
   <trkpt lon="-4.953979" lat="36.791282"><ele>564.0</ele></trkpt>
   <trkpt lon="-4.954506" lat="36.791157"><ele>567.1</ele></trkpt>
   <trkpt lon="-4.956108" lat="36.790781"><ele>575.4</ele></trkpt>
   <trkpt lon="-4.956242" lat="36.790714"><ele>576.5</ele></trkpt>
   <trkpt lon="-4.956402" lat="36.790503"><ele>578.1</ele></trkpt>
   <trkpt lon="-4.956484" lat="36.790422"><ele>578.6</ele></trkpt>
   <trkpt lon="-4.956590" lat="36.790368"><ele>579.1</ele></trkpt>
   <trkpt lon="-4.956657" lat="36.790354"><ele>579.3</ele></trkpt>
   <trkpt lon="-4.956806" lat="36.790369"><ele>580.0</ele></trkpt>
   <trkpt lon="-4.957216" lat="36.790585"><ele>583.2</ele></trkpt>
   <trkpt lon="-4.957365" lat="36.790631"><ele>583.8</ele></trkpt>
   <trkpt lon="-4.957448" lat="36.790640"><ele>584.1</ele></trkpt>
   <trkpt lon="-4.957631" lat="36.790628"><ele>584.4</ele></trkpt>
   <trkpt lon="-4.958372" lat="36.790469"><ele>586.4</ele></trkpt>
   <trkpt lon="-4.958563" lat="36.790459"><ele>588.1</ele></trkpt>
   <trkpt lon="-4.958654" lat="36.790469"><ele>589.1</ele></trkpt>
   <trkpt lon="-4.958904" lat="36.790552"><ele>592.7</ele></trkpt>
   <trkpt lon="-4.959017" lat="36.790634"><ele>594.8</ele></trkpt>
   <trkpt lon="-4.959077" lat="36.790757"><ele>597.9</ele></trkpt>
   <trkpt lon="-4.959117" lat="36.791054"><ele>603.8</ele></trkpt>
   <trkpt lon="-4.959181" lat="36.791202"><ele>605.8</ele></trkpt>
   <trkpt lon="-4.959283" lat="36.791338"><ele>606.5</ele></trkpt>
   <trkpt lon="-4.959518" lat="36.791588"><ele>607.3</ele></trkpt>
   <trkpt lon="-4.959669" lat="36.791693"><ele>607.7</ele></trkpt>
   <trkpt lon="-4.959731" lat="36.791736"><ele>608.1</ele></trkpt>
   <trkpt lon="-4.959909" lat="36.791808"><ele>608.9</ele></trkpt>
   <trkpt lon="-4.960091" lat="36.791862"><ele>610.4</ele></trkpt>
   <trkpt lon="-4.960273" lat="36.791895"><ele>611.7</ele></trkpt>
   <trkpt lon="-4.960457" lat="36.791882"><ele>613.2</ele></trkpt>
   <trkpt lon="-4.960546" lat="36.791852"><ele>613.9</ele></trkpt>
   <trkpt lon="-4.960891" lat="36.791673"><ele>617.0</ele></trkpt>
   <trkpt lon="-4.960983" lat="36.791652"><ele>618.0</ele></trkpt>
   <trkpt lon="-4.961076" lat="36.791649"><ele>618.4</ele></trkpt>
   <trkpt lon="-4.961170" lat="36.791667"><ele>618.8</ele></trkpt>
   <trkpt lon="-4.961909" lat="36.791930"><ele>620.2</ele></trkpt>
   <trkpt lon="-4.962128" lat="36.791973"><ele>620.7</ele></trkpt>
   <trkpt lon="-4.962241" lat="36.791979"><ele>620.6</ele></trkpt>
   <trkpt lon="-4.962985" lat="36.791913"><ele>621.6</ele></trkpt>
   <trkpt lon="-4.963487" lat="36.791955"><ele>625.1</ele></trkpt>
   <trkpt lon="-4.963734" lat="36.791949"><ele>625.8</ele></trkpt>
   <trkpt lon="-4.963971" lat="36.791901"><ele>626.1</ele></trkpt>
   <trkpt lon="-4.964308" lat="36.791797"><ele>627.0</ele></trkpt>
   <trkpt lon="-4.964415" lat="36.791775"><ele>627.6</ele></trkpt>
   <trkpt lon="-4.964523" lat="36.791769"><ele>628.6</ele></trkpt>
   <trkpt lon="-4.964745" lat="36.791808"><ele>631.4</ele></trkpt>
   <trkpt lon="-4.965328" lat="36.791994"><ele>636.0</ele></trkpt>
   <trkpt lon="-4.965530" lat="36.792082"><ele>637.8</ele></trkpt>
   <trkpt lon="-4.965782" lat="36.792220"><ele>640.1</ele></trkpt>
   <trkpt lon="-4.965863" lat="36.792250"><ele>640.8</ele></trkpt>
   <trkpt lon="-4.965949" lat="36.792263"><ele>641.0</ele></trkpt>
   <trkpt lon="-4.966036" lat="36.792256"><ele>640.9</ele></trkpt>
   <trkpt lon="-4.966098" lat="36.792222"><ele>640.4</ele></trkpt>
   <trkpt lon="-4.966161" lat="36.792167"><ele>640.5</ele></trkpt>
   <trkpt lon="-4.966574" lat="36.791561"><ele>645.9</ele></trkpt>
   <trkpt lon="-4.966705" lat="36.791424"><ele>647.1</ele></trkpt>
   <trkpt lon="-4.966847" lat="36.791347"><ele>648.6</ele></trkpt>
   <trkpt lon="-4.967057" lat="36.791308"><ele>651.2</ele></trkpt>
   <trkpt lon="-4.967288" lat="36.791290"><ele>653.0</ele></trkpt>
   <trkpt lon="-4.968179" lat="36.791281"><ele>654.8</ele></trkpt>
   <trkpt lon="-4.968509" lat="36.791299"><ele>657.3</ele></trkpt>
   <trkpt lon="-4.968775" lat="36.791336"><ele>658.4</ele></trkpt>
   <trkpt lon="-4.968920" lat="36.791389"><ele>660.7</ele></trkpt>
   <trkpt lon="-4.968978" lat="36.791429"><ele>662.4</ele></trkpt>
   <trkpt lon="-4.969028" lat="36.791479"><ele>664.5</ele></trkpt>
   <trkpt lon="-4.969109" lat="36.791613"><ele>670.1</ele></trkpt>
   <trkpt lon="-4.969229" lat="36.791995"><ele>679.7</ele></trkpt>
   <trkpt lon="-4.969321" lat="36.792129"><ele>681.3</ele></trkpt>
   <trkpt lon="-4.969449" lat="36.792239"><ele>681.7</ele></trkpt>
   <trkpt lon="-4.969608" lat="36.792308"><ele>680.6</ele></trkpt>
   <trkpt lon="-4.969701" lat="36.792324"><ele>679.0</ele></trkpt>
   <trkpt lon="-4.970208" lat="36.792339"><ele>673.2</ele></trkpt>
   <trkpt lon="-4.970372" lat="36.792368"><ele>675.6</ele></trkpt>
   <trkpt lon="-4.970503" lat="36.792438"><ele>679.1</ele></trkpt>
   <trkpt lon="-4.970553" lat="36.792491"><ele>681.5</ele></trkpt>
   <trkpt lon="-4.970650" lat="36.792681"><ele>688.5</ele></trkpt>
   <trkpt lon="-4.970696" lat="36.792736"><ele>690.0</ele></trkpt>
   <trkpt lon="-4.970757" lat="36.792781"><ele>690.9</ele></trkpt>
   <trkpt lon="-4.970833" lat="36.792810"><ele>691.1</ele></trkpt>
   <trkpt lon="-4.970920" lat="36.792823"><ele>691.0</ele></trkpt>
   <trkpt lon="-4.971011" lat="36.792817"><ele>690.4</ele></trkpt>
   <trkpt lon="-4.971102" lat="36.792792"><ele>689.4</ele></trkpt>
   <trkpt lon="-4.971519" lat="36.792614"><ele>687.9</ele></trkpt>
   <trkpt lon="-4.971737" lat="36.792559"><ele>689.2</ele></trkpt>
   <trkpt lon="-4.971835" lat="36.792548"><ele>690.3</ele></trkpt>
   <trkpt lon="-4.972017" lat="36.792565"><ele>692.1</ele></trkpt>
   <trkpt lon="-4.972348" lat="36.792654"><ele>695.0</ele></trkpt>
   <trkpt lon="-4.972526" lat="36.792646"><ele>694.4</ele></trkpt>
   <trkpt lon="-4.972867" lat="36.792572"><ele>695.0</ele></trkpt>
   <trkpt lon="-4.973128" lat="36.792546"><ele>699.0</ele></trkpt>
   <trkpt lon="-4.973224" lat="36.792527"><ele>700.7</ele></trkpt>
   <trkpt lon="-4.973320" lat="36.792483"><ele>702.3</ele></trkpt>
   <trkpt lon="-4.973384" lat="36.792426"><ele>703.5</ele></trkpt>
   <trkpt lon="-4.973416" lat="36.792382"><ele>704.1</ele></trkpt>
   <trkpt lon="-4.973436" lat="36.792335"><ele>704.5</ele></trkpt>
   <trkpt lon="-4.973445" lat="36.792274"><ele>704.6</ele></trkpt>
   <trkpt lon="-4.973422" lat="36.792172"><ele>706.8</ele></trkpt>
   <trkpt lon="-4.973381" lat="36.792097"><ele>708.0</ele></trkpt>
   <trkpt lon="-4.973015" lat="36.791644"><ele>710.0</ele></trkpt>
   <trkpt lon="-4.972406" lat="36.790798"><ele>714.1</ele></trkpt>
   <trkpt lon="-4.972370" lat="36.790713"><ele>713.1</ele></trkpt>
   <trkpt lon="-4.972361" lat="36.790636"><ele>712.8</ele></trkpt>
   <trkpt lon="-4.972367" lat="36.790564"><ele>712.9</ele></trkpt>
   <trkpt lon="-4.972403" lat="36.790485"><ele>711.4</ele></trkpt>
   <trkpt lon="-4.972462" lat="36.790416"><ele>710.3</ele></trkpt>
   <trkpt lon="-4.972550" lat="36.790359"><ele>709.9</ele></trkpt>
   <trkpt lon="-4.972890" lat="36.790213"><ele>713.0</ele></trkpt>
   <trkpt lon="-4.973024" lat="36.790137"><ele>714.8</ele></trkpt>
   <trkpt lon="-4.973281" lat="36.789939"><ele>717.5</ele></trkpt>
   <trkpt lon="-4.973434" lat="36.789836"><ele>718.7</ele></trkpt>
   <trkpt lon="-4.973591" lat="36.789763"><ele>721.2</ele></trkpt>
   <trkpt lon="-4.973735" lat="36.789721"><ele>723.7</ele></trkpt>
   <trkpt lon="-4.973868" lat="36.789701"><ele>726.3</ele></trkpt>
   <trkpt lon="-4.973983" lat="36.789707"><ele>729.2</ele></trkpt>
   <trkpt lon="-4.974096" lat="36.789730"><ele>731.6</ele></trkpt>
   <trkpt lon="-4.974335" lat="36.789815"><ele>736.5</ele></trkpt>
   <trkpt lon="-4.974446" lat="36.789828"><ele>737.6</ele></trkpt>
   <trkpt lon="-4.974548" lat="36.789811"><ele>738.4</ele></trkpt>
   <trkpt lon="-4.974655" lat="36.789772"><ele>739.5</ele></trkpt>
   <trkpt lon="-4.974732" lat="36.789695"><ele>740.8</ele></trkpt>
   <trkpt lon="-4.974763" lat="36.789634"><ele>741.6</ele></trkpt>
   <trkpt lon="-4.974769" lat="36.789557"><ele>742.2</ele></trkpt>
   <trkpt lon="-4.974753" lat="36.789477"><ele>743.9</ele></trkpt>
   <trkpt lon="-4.974701" lat="36.789406"><ele>745.4</ele></trkpt>
   <trkpt lon="-4.974633" lat="36.789346"><ele>745.9</ele></trkpt>
   <trkpt lon="-4.974277" lat="36.789114"><ele>740.6</ele></trkpt>
   <trkpt lon="-4.974167" lat="36.789017"><ele>739.4</ele></trkpt>
   <trkpt lon="-4.974104" lat="36.788935"><ele>739.3</ele></trkpt>
   <trkpt lon="-4.973971" lat="36.788704"><ele>738.4</ele></trkpt>
   <trkpt lon="-4.973930" lat="36.788593"><ele>738.2</ele></trkpt>
   <trkpt lon="-4.973904" lat="36.788479"><ele>737.9</ele></trkpt>
   <trkpt lon="-4.973904" lat="36.788394"><ele>736.7</ele></trkpt>
   <trkpt lon="-4.973925" lat="36.788310"><ele>736.2</ele></trkpt>
   <trkpt lon="-4.973960" lat="36.788231"><ele>736.2</ele></trkpt>
   <trkpt lon="-4.974019" lat="36.788144"><ele>736.3</ele></trkpt>
   <trkpt lon="-4.974099" lat="36.788069"><ele>736.0</ele></trkpt>
   <trkpt lon="-4.974431" lat="36.787847"><ele>737.0</ele></trkpt>
   <trkpt lon="-4.974548" lat="36.787784"><ele>737.4</ele></trkpt>
   <trkpt lon="-4.975200" lat="36.787529"><ele>741.3</ele></trkpt>
   <trkpt lon="-4.975420" lat="36.787470"><ele>743.4</ele></trkpt>
   <trkpt lon="-4.975843" lat="36.787368"><ele>749.8</ele></trkpt>
   <trkpt lon="-4.976390" lat="36.787222"><ele>752.9</ele></trkpt>
   <trkpt lon="-4.976526" lat="36.787196"><ele>753.6</ele></trkpt>
   <trkpt lon="-4.976956" lat="36.787186"><ele>759.4</ele></trkpt>
   <trkpt lon="-4.977335" lat="36.787220"><ele>766.1</ele></trkpt>
   <trkpt lon="-4.977436" lat="36.787215"><ele>767.2</ele></trkpt>
   <trkpt lon="-4.977520" lat="36.787193"><ele>767.3</ele></trkpt>
   <trkpt lon="-4.977591" lat="36.787158"><ele>767.0</ele></trkpt>
   <trkpt lon="-4.977652" lat="36.787097"><ele>766.4</ele></trkpt>
   <trkpt lon="-4.977765" lat="36.786897"><ele>766.2</ele></trkpt>
   <trkpt lon="-4.977853" lat="36.786772"><ele>767.3</ele></trkpt>
   <trkpt lon="-4.977931" lat="36.786686"><ele>768.9</ele></trkpt>
   <trkpt lon="-4.978009" lat="36.786634"><ele>771.1</ele></trkpt>
   <trkpt lon="-4.978095" lat="36.786600"><ele>773.2</ele></trkpt>
   <trkpt lon="-4.978172" lat="36.786591"><ele>774.7</ele></trkpt>
   <trkpt lon="-4.978256" lat="36.786600"><ele>776.5</ele></trkpt>
   <trkpt lon="-4.978397" lat="36.786652"><ele>779.7</ele></trkpt>
   <trkpt lon="-4.978854" lat="36.786873"><ele>782.7</ele></trkpt>
   <trkpt lon="-4.978954" lat="36.786901"><ele>782.6</ele></trkpt>
   <trkpt lon="-4.979403" lat="36.786966"><ele>781.2</ele></trkpt>
   <trkpt lon="-4.980056" lat="36.787095"><ele>786.5</ele></trkpt>
   <trkpt lon="-4.980577" lat="36.787230"><ele>791.7</ele></trkpt>
   <trkpt lon="-4.981324" lat="36.787447"><ele>799.5</ele></trkpt>
   <trkpt lon="-4.981486" lat="36.787489"><ele>800.3</ele></trkpt>
   <trkpt lon="-4.981747" lat="36.787517"><ele>800.6</ele></trkpt>
   <trkpt lon="-4.981850" lat="36.787546"><ele>801.6</ele></trkpt>
   <trkpt lon="-4.981937" lat="36.787596"><ele>803.7</ele></trkpt>
   <trkpt lon="-4.982077" lat="36.787740"><ele>808.5</ele></trkpt>
   <trkpt lon="-4.982205" lat="36.787903"><ele>812.7</ele></trkpt>
   <trkpt lon="-4.982255" lat="36.787982"><ele>814.4</ele></trkpt>
   <trkpt lon="-4.982295" lat="36.788067"><ele>816.1</ele></trkpt>
   <trkpt lon="-4.982340" lat="36.788232"><ele>819.9</ele></trkpt>
   <trkpt lon="-4.982391" lat="36.788323"><ele>821.4</ele></trkpt>
   <trkpt lon="-4.982480" lat="36.788424"><ele>821.8</ele></trkpt>
   <trkpt lon="-4.982535" lat="36.788499"><ele>822.2</ele></trkpt>
   <trkpt lon="-4.982685" lat="36.788809"><ele>826.5</ele></trkpt>
   <trkpt lon="-4.982744" lat="36.788984"><ele>828.4</ele></trkpt>
   <trkpt lon="-4.982774" lat="36.789182"><ele>831.6</ele></trkpt>
   <trkpt lon="-4.982800" lat="36.789267"><ele>831.6</ele></trkpt>
   <trkpt lon="-4.982892" lat="36.789400"><ele>830.1</ele></trkpt>
   <trkpt lon="-4.982949" lat="36.789451"><ele>829.2</ele></trkpt>
   <trkpt lon="-4.983067" lat="36.789522"><ele>827.2</ele></trkpt>
   <trkpt lon="-4.983117" lat="36.789562"><ele>826.8</ele></trkpt>
   <trkpt lon="-4.983160" lat="36.789609"><ele>826.8</ele></trkpt>
   <trkpt lon="-4.983191" lat="36.789660"><ele>827.4</ele></trkpt>
   <trkpt lon="-4.983212" lat="36.789718"><ele>828.4</ele></trkpt>
   <trkpt lon="-4.983217" lat="36.789777"><ele>829.6</ele></trkpt>
   <trkpt lon="-4.983207" lat="36.789850"><ele>831.2</ele></trkpt>
   <trkpt lon="-4.983189" lat="36.789903"><ele>832.4</ele></trkpt>
   <trkpt lon="-4.983141" lat="36.789978"><ele>834.4</ele></trkpt>
   <trkpt lon="-4.983023" lat="36.790099"><ele>838.1</ele></trkpt>
   <trkpt lon="-4.982992" lat="36.790160"><ele>839.8</ele></trkpt>
   <trkpt lon="-4.982983" lat="36.790235"><ele>841.5</ele></trkpt>
   <trkpt lon="-4.983006" lat="36.790338"><ele>842.5</ele></trkpt>
   <trkpt lon="-4.983037" lat="36.790392"><ele>842.7</ele></trkpt>
   <trkpt lon="-4.983116" lat="36.790454"><ele>842.1</ele></trkpt>
   <trkpt lon="-4.983220" lat="36.790484"><ele>840.6</ele></trkpt>
   <trkpt lon="-4.983297" lat="36.790487"><ele>839.5</ele></trkpt>
   <trkpt lon="-4.983383" lat="36.790475"><ele>838.1</ele></trkpt>
   <trkpt lon="-4.983464" lat="36.790443"><ele>836.7</ele></trkpt>
   <trkpt lon="-4.983547" lat="36.790390"><ele>835.7</ele></trkpt>
   <trkpt lon="-4.983683" lat="36.790272"><ele>834.0</ele></trkpt>
   <trkpt lon="-4.983743" lat="36.790235"><ele>833.0</ele></trkpt>
   <trkpt lon="-4.983834" lat="36.790207"><ele>832.0</ele></trkpt>
   <trkpt lon="-4.984258" lat="36.790123"><ele>836.1</ele></trkpt>
   <trkpt lon="-4.984347" lat="36.790093"><ele>837.4</ele></trkpt>
   <trkpt lon="-4.984414" lat="36.790054"><ele>838.0</ele></trkpt>
   <trkpt lon="-4.984460" lat="36.790008"><ele>837.8</ele></trkpt>
   <trkpt lon="-4.984503" lat="36.789956"><ele>837.4</ele></trkpt>
   <trkpt lon="-4.984558" lat="36.789831"><ele>835.7</ele></trkpt>
   <trkpt lon="-4.984617" lat="36.789773"><ele>836.0</ele></trkpt>
   <trkpt lon="-4.984682" lat="36.789728"><ele>836.7</ele></trkpt>
   <trkpt lon="-4.984784" lat="36.789688"><ele>838.6</ele></trkpt>
   <trkpt lon="-4.984985" lat="36.789639"><ele>843.6</ele></trkpt>
   <trkpt lon="-4.985102" lat="36.789590"><ele>846.4</ele></trkpt>
   <trkpt lon="-4.985151" lat="36.789557"><ele>847.3</ele></trkpt>
   <trkpt lon="-4.985206" lat="36.789509"><ele>849.2</ele></trkpt>
   <trkpt lon="-4.985229" lat="36.789480"><ele>850.9</ele></trkpt>
   <trkpt lon="-4.985265" lat="36.789402"><ele>854.6</ele></trkpt>
   <trkpt lon="-4.985264" lat="36.789296"><ele>857.5</ele></trkpt>
   <trkpt lon="-4.985247" lat="36.789245"><ele>858.0</ele></trkpt>
   <trkpt lon="-4.985211" lat="36.789200"><ele>857.4</ele></trkpt>
   <trkpt lon="-4.985091" lat="36.789108"><ele>852.9</ele></trkpt>
   <trkpt lon="-4.984978" lat="36.788990"><ele>849.0</ele></trkpt>
   <trkpt lon="-4.984930" lat="36.788899"><ele>847.8</ele></trkpt>
   <trkpt lon="-4.984919" lat="36.788808"><ele>847.6</ele></trkpt>
   <trkpt lon="-4.984942" lat="36.788710"><ele>848.0</ele></trkpt>
   <trkpt lon="-4.984994" lat="36.788618"><ele>849.4</ele></trkpt>
   <trkpt lon="-4.985107" lat="36.788496"><ele>853.1</ele></trkpt>
   <trkpt lon="-4.985167" lat="36.788417"><ele>857.4</ele></trkpt>
   <trkpt lon="-4.985193" lat="36.788356"><ele>860.0</ele></trkpt>
   <trkpt lon="-4.985204" lat="36.788287"><ele>862.3</ele></trkpt>
   <trkpt lon="-4.985195" lat="36.788206"><ele>864.1</ele></trkpt>
   <trkpt lon="-4.985159" lat="36.788129"><ele>864.5</ele></trkpt>
   <trkpt lon="-4.984983" lat="36.787923"><ele>861.6</ele></trkpt>
   <trkpt lon="-4.984937" lat="36.787839"><ele>861.3</ele></trkpt>
   <trkpt lon="-4.984903" lat="36.787714"><ele>859.8</ele></trkpt>
   <trkpt lon="-4.984902" lat="36.787581"><ele>859.4</ele></trkpt>
   <trkpt lon="-4.984912" lat="36.787487"><ele>859.5</ele></trkpt>
   <trkpt lon="-4.984957" lat="36.787372"><ele>858.4</ele></trkpt>
   <trkpt lon="-4.985021" lat="36.787272"><ele>858.2</ele></trkpt>
   <trkpt lon="-4.985102" lat="36.787164"><ele>858.2</ele></trkpt>
   <trkpt lon="-4.985191" lat="36.787071"><ele>858.1</ele></trkpt>
   <trkpt lon="-4.985387" lat="36.786920"><ele>858.2</ele></trkpt>
   <trkpt lon="-4.985525" lat="36.786824"><ele>858.1</ele></trkpt>
   <trkpt lon="-4.985663" lat="36.786743"><ele>858.2</ele></trkpt>
   <trkpt lon="-4.985789" lat="36.786688"><ele>859.4</ele></trkpt>
   <trkpt lon="-4.986135" lat="36.786594"><ele>867.6</ele></trkpt>
   <trkpt lon="-4.986211" lat="36.786545"><ele>868.8</ele></trkpt>
   <trkpt lon="-4.986239" lat="36.786515"><ele>868.9</ele></trkpt>
   <trkpt lon="-4.986281" lat="36.786449"><ele>869.3</ele></trkpt>
   <trkpt lon="-4.986296" lat="36.786363"><ele>871.5</ele></trkpt>
   <trkpt lon="-4.986287" lat="36.786279"><ele>872.3</ele></trkpt>
   <trkpt lon="-4.986127" lat="36.785841"><ele>874.0</ele></trkpt>
   <trkpt lon="-4.986073" lat="36.785730"><ele>874.0</ele></trkpt>
   <trkpt lon="-4.985924" lat="36.785494"><ele>870.2</ele></trkpt>
   <trkpt lon="-4.985890" lat="36.785424"><ele>869.4</ele></trkpt>
   <trkpt lon="-4.985875" lat="36.785360"><ele>867.5</ele></trkpt>
   <trkpt lon="-4.985880" lat="36.785283"><ele>866.2</ele></trkpt>
   <trkpt lon="-4.985909" lat="36.785207"><ele>865.6</ele></trkpt>
   <trkpt lon="-4.985968" lat="36.785131"><ele>866.1</ele></trkpt>
   <trkpt lon="-4.986091" lat="36.785014"><ele>869.9</ele></trkpt>
   <trkpt lon="-4.986146" lat="36.784949"><ele>872.0</ele></trkpt>
   <trkpt lon="-4.986182" lat="36.784864"><ele>873.5</ele></trkpt>
   <trkpt lon="-4.986188" lat="36.784815"><ele>873.8</ele></trkpt>
   <trkpt lon="-4.986181" lat="36.784752"><ele>873.7</ele></trkpt>
   <trkpt lon="-4.986144" lat="36.784625"><ele>874.1</ele></trkpt>
   <trkpt lon="-4.985977" lat="36.784188"><ele>871.3</ele></trkpt>
   <trkpt lon="-4.985966" lat="36.784120"><ele>870.8</ele></trkpt>
   <trkpt lon="-4.985972" lat="36.784052"><ele>870.4</ele></trkpt>
   <trkpt lon="-4.985998" lat="36.783995"><ele>870.0</ele></trkpt>
   <trkpt lon="-4.986033" lat="36.783929"><ele>869.6</ele></trkpt>
   <trkpt lon="-4.986092" lat="36.783858"><ele>869.8</ele></trkpt>
   <trkpt lon="-4.986161" lat="36.783793"><ele>870.3</ele></trkpt>
   <trkpt lon="-4.986468" lat="36.783583"><ele>873.9</ele></trkpt>
   <trkpt lon="-4.986667" lat="36.783492"><ele>876.6</ele></trkpt>
   <trkpt lon="-4.986790" lat="36.783411"><ele>877.9</ele></trkpt>
   <trkpt lon="-4.986859" lat="36.783358"><ele>879.1</ele></trkpt>
   <trkpt lon="-4.986917" lat="36.783293"><ele>880.0</ele></trkpt>
   <trkpt lon="-4.986972" lat="36.783200"><ele>880.6</ele></trkpt>
   <trkpt lon="-4.987537" lat="36.782099"><ele>900.0</ele></trkpt>
   <trkpt lon="-4.987605" lat="36.781997"><ele>901.4</ele></trkpt>
   <trkpt lon="-4.987638" lat="36.781960"><ele>901.8</ele></trkpt>
   <trkpt lon="-4.987783" lat="36.781875"><ele>901.8</ele></trkpt>
   <trkpt lon="-4.988030" lat="36.781785"><ele>900.4</ele></trkpt>
   <trkpt lon="-4.988172" lat="36.781712"><ele>899.7</ele></trkpt>
   <trkpt lon="-4.988336" lat="36.781577"><ele>898.1</ele></trkpt>
   <trkpt lon="-4.988746" lat="36.781199"><ele>899.2</ele></trkpt>
   <trkpt lon="-4.989130" lat="36.780788"><ele>906.2</ele></trkpt>
   <trkpt lon="-4.989326" lat="36.780683"><ele>910.2</ele></trkpt>
   <trkpt lon="-4.989519" lat="36.780642"><ele>906.7</ele></trkpt>
   <trkpt lon="-4.990029" lat="36.780675"><ele>915.9</ele></trkpt>
   <trkpt lon="-4.990264" lat="36.780716"><ele>915.2</ele></trkpt>
   <trkpt lon="-4.990381" lat="36.780723"><ele>915.0</ele></trkpt>
   <trkpt lon="-4.990500" lat="36.780706"><ele>915.0</ele></trkpt>
   <trkpt lon="-4.991255" lat="36.780490"><ele>898.3</ele></trkpt>
   <trkpt lon="-4.992129" lat="36.780286"><ele>893.8</ele></trkpt>
   <trkpt lon="-4.992238" lat="36.780276"><ele>893.7</ele></trkpt>
   <trkpt lon="-4.992463" lat="36.780348"><ele>897.5</ele></trkpt>
   <trkpt lon="-4.993450" lat="36.780345"><ele>894.2</ele></trkpt>
   <trkpt lon="-4.993582" lat="36.780378"><ele>896.4</ele></trkpt>
   <trkpt lon="-4.993620" lat="36.780412"><ele>898.2</ele></trkpt>
   <trkpt lon="-4.993634" lat="36.780508"><ele>903.1</ele></trkpt>
   <trkpt lon="-4.993531" lat="36.780741"><ele>925.3</ele></trkpt>
   <trkpt lon="-4.993509" lat="36.780886"><ele>926.4</ele></trkpt>
   <trkpt lon="-4.993493" lat="36.781139"><ele>929.5</ele></trkpt>
   <trkpt lon="-4.993356" lat="36.781762"><ele>934.9</ele></trkpt>
   <trkpt lon="-4.993374" lat="36.782241"><ele>929.1</ele></trkpt>
   <trkpt lon="-4.993300" lat="36.782592"><ele>931.7</ele></trkpt>
   <trkpt lon="-4.993376" lat="36.782746"><ele>927.4</ele></trkpt>
   <trkpt lon="-4.993451" lat="36.782795"><ele>924.4</ele></trkpt>
   <trkpt lon="-4.993531" lat="36.782824"><ele>921.9</ele></trkpt>
   <trkpt lon="-4.993610" lat="36.782840"><ele>919.8</ele></trkpt>
   <trkpt lon="-4.993731" lat="36.782843"><ele>916.3</ele></trkpt>
   <trkpt lon="-4.993947" lat="36.782831"><ele>911.7</ele></trkpt>
   <trkpt lon="-4.994288" lat="36.782740"><ele>903.9</ele></trkpt>
   <trkpt lon="-4.994542" lat="36.782706"><ele>902.2</ele></trkpt>
   <trkpt lon="-4.994791" lat="36.782703"><ele>904.0</ele></trkpt>
   <trkpt lon="-4.994967" lat="36.782743"><ele>906.9</ele></trkpt>
   <trkpt lon="-4.995057" lat="36.782833"><ele>913.6</ele></trkpt>
   <trkpt lon="-4.995102" lat="36.782942"><ele>921.6</ele></trkpt>
   <trkpt lon="-4.995182" lat="36.783443"><ele>942.6</ele></trkpt>
   <trkpt lon="-4.995171" lat="36.783610"><ele>944.3</ele></trkpt>
   <trkpt lon="-4.995090" lat="36.783776"><ele>948.5</ele></trkpt>
   <trkpt lon="-4.994923" lat="36.784010"><ele>951.1</ele></trkpt>
   <trkpt lon="-4.994783" lat="36.784135"><ele>953.0</ele></trkpt>
   <trkpt lon="-4.994527" lat="36.784290"><ele>958.4</ele></trkpt>
   <trkpt lon="-4.994458" lat="36.784350"><ele>958.2</ele></trkpt>
   <trkpt lon="-4.994272" lat="36.784579"><ele>958.6</ele></trkpt>
   <trkpt lon="-4.994056" lat="36.784781"><ele>960.4</ele></trkpt>
   <trkpt lon="-4.993874" lat="36.785005"><ele>963.0</ele></trkpt>
   <trkpt lon="-4.993798" lat="36.785072"><ele>963.8</ele></trkpt>
   <trkpt lon="-4.993455" lat="36.785313"><ele>966.9</ele></trkpt>
   <trkpt lon="-4.993073" lat="36.785416"><ele>975.9</ele></trkpt>
   <trkpt lon="-4.992950" lat="36.785531"><ele>977.5</ele></trkpt>
   <trkpt lon="-4.992892" lat="36.785662"><ele>975.3</ele></trkpt>
   <trkpt lon="-4.992821" lat="36.785958"><ele>970.9</ele></trkpt>
   <trkpt lon="-4.992602" lat="36.786289"><ele>974.2</ele></trkpt>
   <trkpt lon="-4.992588" lat="36.786399"><ele>972.1</ele></trkpt>
   <trkpt lon="-4.992647" lat="36.787021"><ele>968.8</ele></trkpt>
   <trkpt lon="-4.992635" lat="36.787177"><ele>969.5</ele></trkpt>
   <trkpt lon="-4.992407" lat="36.787455"><ele>969.2</ele></trkpt>
   <trkpt lon="-4.992389" lat="36.787537"><ele>969.6</ele></trkpt>
   <trkpt lon="-4.992517" lat="36.787868"><ele>970.8</ele></trkpt>
   <trkpt lon="-4.992520" lat="36.787950"><ele>971.6</ele></trkpt>
   <trkpt lon="-4.992442" lat="36.788127"><ele>975.3</ele></trkpt>
   <trkpt lon="-4.992137" lat="36.788509"><ele>980.3</ele></trkpt>
   <trkpt lon="-4.992119" lat="36.788595"><ele>979.6</ele></trkpt>
   <trkpt lon="-4.992140" lat="36.788643"><ele>978.7</ele></trkpt>
   <trkpt lon="-4.992219" lat="36.788710"><ele>976.9</ele></trkpt>
   <trkpt lon="-4.992291" lat="36.788750"><ele>975.6</ele></trkpt>
   <trkpt lon="-4.992395" lat="36.788775"><ele>974.4</ele></trkpt>
   <trkpt lon="-4.993439" lat="36.788836"><ele>976.0</ele></trkpt>
   <trkpt lon="-4.993747" lat="36.788893"><ele>978.3</ele></trkpt>
   <trkpt lon="-4.994115" lat="36.789081"><ele>980.6</ele></trkpt>
   <trkpt lon="-4.995497" lat="36.789753"><ele>979.0</ele></trkpt>
   <trkpt lon="-4.996650" lat="36.790340"><ele>974.5</ele></trkpt>
   <trkpt lon="-4.996872" lat="36.790481"><ele>973.9</ele></trkpt>
   <trkpt lon="-4.997107" lat="36.790720"><ele>972.8</ele></trkpt>
   <trkpt lon="-4.997214" lat="36.790849"><ele>972.3</ele></trkpt>
   <trkpt lon="-4.998014" lat="36.792080"><ele>966.8</ele></trkpt>
   <trkpt lon="-4.998155" lat="36.792346"><ele>965.3</ele></trkpt>
   <trkpt lon="-4.998377" lat="36.793072"><ele>963.3</ele></trkpt>
   <trkpt lon="-4.998503" lat="36.793261"><ele>960.6</ele></trkpt>
   <trkpt lon="-4.998585" lat="36.793337"><ele>959.6</ele></trkpt>
   <trkpt lon="-4.998784" lat="36.793476"><ele>958.4</ele></trkpt>
   <trkpt lon="-4.999431" lat="36.793818"><ele>956.5</ele></trkpt>
   <trkpt lon="-4.999722" lat="36.793921"><ele>954.9</ele></trkpt>
   <trkpt lon="-5.000741" lat="36.794088"><ele>950.5</ele></trkpt>
   <trkpt lon="-5.003032" lat="36.794455"><ele>941.9</ele></trkpt>
   <trkpt lon="-5.003371" lat="36.794510"><ele>941.5</ele></trkpt>
   <trkpt lon="-5.003771" lat="36.794626"><ele>941.0</ele></trkpt>
   <trkpt lon="-5.004131" lat="36.794794"><ele>940.4</ele></trkpt>
   <trkpt lon="-5.007379" lat="36.796369"><ele>939.7</ele></trkpt>
   <trkpt lon="-5.007557" lat="36.796481"><ele>940.8</ele></trkpt>
   <trkpt lon="-5.007637" lat="36.796547"><ele>940.3</ele></trkpt>
   <trkpt lon="-5.007741" lat="36.796704"><ele>937.0</ele></trkpt>
   <trkpt lon="-5.007744" lat="36.797121"><ele>935.3</ele></trkpt>
   <trkpt lon="-5.007844" lat="36.797283"><ele>935.8</ele></trkpt>
   <trkpt lon="-5.007967" lat="36.797422"><ele>935.6</ele></trkpt>
   <trkpt lon="-5.008333" lat="36.797744"><ele>933.9</ele></trkpt>
   <trkpt lon="-5.008451" lat="36.797892"><ele>932.3</ele></trkpt>
   <trkpt lon="-5.008548" lat="36.798079"><ele>930.0</ele></trkpt>
   <trkpt lon="-5.008618" lat="36.798127"><ele>929.6</ele></trkpt>
   <trkpt lon="-5.008662" lat="36.798142"><ele>929.3</ele></trkpt>
   <trkpt lon="-5.008737" lat="36.798145"><ele>929.0</ele></trkpt>
   <trkpt lon="-5.008834" lat="36.798124"><ele>929.4</ele></trkpt>
   <trkpt lon="-5.008983" lat="36.798049"><ele>931.8</ele></trkpt>
   <trkpt lon="-5.009338" lat="36.797814"><ele>940.0</ele></trkpt>
   <trkpt lon="-5.009515" lat="36.797728"><ele>941.5</ele></trkpt>
   <trkpt lon="-5.009609" lat="36.797696"><ele>941.3</ele></trkpt>
   <trkpt lon="-5.009816" lat="36.797673"><ele>938.3</ele></trkpt>
   <trkpt lon="-5.010230" lat="36.797640"><ele>931.6</ele></trkpt>
   <trkpt lon="-5.010330" lat="36.797666"><ele>929.0</ele></trkpt>
   <trkpt lon="-5.010431" lat="36.797710"><ele>925.3</ele></trkpt>
   <trkpt lon="-5.010515" lat="36.797758"><ele>923.0</ele></trkpt>
   <trkpt lon="-5.010637" lat="36.797914"><ele>918.4</ele></trkpt>
   <trkpt lon="-5.010916" lat="36.798309"><ele>912.6</ele></trkpt>
   <trkpt lon="-5.010959" lat="36.798468"><ele>910.9</ele></trkpt>
   <trkpt lon="-5.010956" lat="36.798718"><ele>908.5</ele></trkpt>
   <trkpt lon="-5.010978" lat="36.798884"><ele>907.8</ele></trkpt>
   <trkpt lon="-5.011055" lat="36.799138"><ele>907.1</ele></trkpt>
   <trkpt lon="-5.011127" lat="36.799305"><ele>906.2</ele></trkpt>
   <trkpt lon="-5.011254" lat="36.799441"><ele>905.8</ele></trkpt>
   <trkpt lon="-5.011426" lat="36.799547"><ele>905.6</ele></trkpt>
   <trkpt lon="-5.011578" lat="36.799662"><ele>905.1</ele></trkpt>
   <trkpt lon="-5.011716" lat="36.799866"><ele>903.6</ele></trkpt>
   <trkpt lon="-5.011780" lat="36.800066"><ele>899.5</ele></trkpt>
   <trkpt lon="-5.011863" lat="36.800563"><ele>887.8</ele></trkpt>
   <trkpt lon="-5.011940" lat="36.800730"><ele>885.9</ele></trkpt>
   <trkpt lon="-5.012060" lat="36.800879"><ele>884.9</ele></trkpt>
   <trkpt lon="-5.012192" lat="36.800985"><ele>885.2</ele></trkpt>
   <trkpt lon="-5.012438" lat="36.801153"><ele>887.1</ele></trkpt>
   <trkpt lon="-5.012644" lat="36.801236"><ele>889.4</ele></trkpt>
   <trkpt lon="-5.012867" lat="36.801296"><ele>892.7</ele></trkpt>
   <trkpt lon="-5.013314" lat="36.801358"><ele>898.4</ele></trkpt>
   <trkpt lon="-5.013569" lat="36.801370"><ele>898.5</ele></trkpt>
   <trkpt lon="-5.013858" lat="36.801354"><ele>896.3</ele></trkpt>
   <trkpt lon="-5.014436" lat="36.801250"><ele>896.4</ele></trkpt>
   <trkpt lon="-5.014664" lat="36.801178"><ele>897.7</ele></trkpt>
   <trkpt lon="-5.015375" lat="36.800860"><ele>907.4</ele></trkpt>
   <trkpt lon="-5.015584" lat="36.800827"><ele>906.1</ele></trkpt>
   <trkpt lon="-5.015873" lat="36.800795"><ele>905.5</ele></trkpt>
   <trkpt lon="-5.016072" lat="36.800759"><ele>906.4</ele></trkpt>
   <trkpt lon="-5.016248" lat="36.800702"><ele>908.9</ele></trkpt>
   <trkpt lon="-5.016739" lat="36.800488"><ele>914.8</ele></trkpt>
   <trkpt lon="-5.018194" lat="36.800023"><ele>915.7</ele></trkpt>
   <trkpt lon="-5.018309" lat="36.799976"><ele>916.1</ele></trkpt>
   <trkpt lon="-5.018466" lat="36.799863"><ele>918.4</ele></trkpt>
   <trkpt lon="-5.018772" lat="36.799534"><ele>927.1</ele></trkpt>
   <trkpt lon="-5.018836" lat="36.799484"><ele>927.9</ele></trkpt>
   <trkpt lon="-5.018941" lat="36.799453"><ele>926.6</ele></trkpt>
   <trkpt lon="-5.019966" lat="36.799372"><ele>924.1</ele></trkpt>
   <trkpt lon="-5.020174" lat="36.799362"><ele>925.4</ele></trkpt>
   <trkpt lon="-5.020413" lat="36.799370"><ele>925.4</ele></trkpt>
   <trkpt lon="-5.020617" lat="36.799334"><ele>926.9</ele></trkpt>
   <trkpt lon="-5.020817" lat="36.799273"><ele>929.0</ele></trkpt>
   <trkpt lon="-5.021006" lat="36.799132"><ele>934.4</ele></trkpt>
   <trkpt lon="-5.021228" lat="36.799004"><ele>937.3</ele></trkpt>
   <trkpt lon="-5.021455" lat="36.798933"><ele>937.7</ele></trkpt>
   <trkpt lon="-5.021777" lat="36.798872"><ele>937.4</ele></trkpt>
   <trkpt lon="-5.022986" lat="36.798752"><ele>939.1</ele></trkpt>
   <trkpt lon="-5.023425" lat="36.798556"><ele>944.1</ele></trkpt>
   <trkpt lon="-5.023708" lat="36.798452"><ele>944.5</ele></trkpt>
   <trkpt lon="-5.024033" lat="36.798372"><ele>945.2</ele></trkpt>
   <trkpt lon="-5.024158" lat="36.798367"><ele>944.9</ele></trkpt>
   <trkpt lon="-5.024264" lat="36.798386"><ele>944.6</ele></trkpt>
   <trkpt lon="-5.024368" lat="36.798414"><ele>944.1</ele></trkpt>
   <trkpt lon="-5.024467" lat="36.798456"><ele>943.1</ele></trkpt>
   <trkpt lon="-5.024847" lat="36.798669"><ele>940.2</ele></trkpt>
   <trkpt lon="-5.025067" lat="36.798747"><ele>942.1</ele></trkpt>
   <trkpt lon="-5.025304" lat="36.798795"><ele>944.9</ele></trkpt>
   <trkpt lon="-5.025519" lat="36.798803"><ele>947.6</ele></trkpt>
   <trkpt lon="-5.025738" lat="36.798789"><ele>950.3</ele></trkpt>
   <trkpt lon="-5.025835" lat="36.798770"><ele>952.1</ele></trkpt>
   <trkpt lon="-5.026007" lat="36.798705"><ele>954.1</ele></trkpt>
   <trkpt lon="-5.026098" lat="36.798654"><ele>955.5</ele></trkpt>
   <trkpt lon="-5.026235" lat="36.798517"><ele>958.4</ele></trkpt>
   <trkpt lon="-5.026451" lat="36.798228"><ele>963.2</ele></trkpt>
   <trkpt lon="-5.026601" lat="36.797961"><ele>967.1</ele></trkpt>
   <trkpt lon="-5.026770" lat="36.797454"><ele>972.2</ele></trkpt>
   <trkpt lon="-5.026842" lat="36.797292"><ele>972.9</ele></trkpt>
   <trkpt lon="-5.026903" lat="36.797205"><ele>972.8</ele></trkpt>
   <trkpt lon="-5.027133" lat="36.797084"><ele>970.4</ele></trkpt>
   <trkpt lon="-5.027221" lat="36.797007"><ele>970.0</ele></trkpt>
   <trkpt lon="-5.027241" lat="36.796884"><ele>971.0</ele></trkpt>
   <trkpt lon="-5.027255" lat="36.796648"><ele>973.5</ele></trkpt>
   <trkpt lon="-5.027280" lat="36.796541"><ele>974.0</ele></trkpt>
   <trkpt lon="-5.027537" lat="36.796168"><ele>976.7</ele></trkpt>
   <trkpt lon="-5.027701" lat="36.796019"><ele>979.1</ele></trkpt>
   <trkpt lon="-5.027941" lat="36.795896"><ele>982.2</ele></trkpt>
   <trkpt lon="-5.028276" lat="36.795767"><ele>982.0</ele></trkpt>
   <trkpt lon="-5.028405" lat="36.795741"><ele>980.6</ele></trkpt>
   <trkpt lon="-5.028518" lat="36.795733"><ele>978.8</ele></trkpt>
   <trkpt lon="-5.028857" lat="36.795763"><ele>974.8</ele></trkpt>
   <trkpt lon="-5.029086" lat="36.795739"><ele>975.2</ele></trkpt>
   <trkpt lon="-5.029287" lat="36.795630"><ele>978.5</ele></trkpt>
   <trkpt lon="-5.029453" lat="36.795520"><ele>981.5</ele></trkpt>
   <trkpt lon="-5.029658" lat="36.795429"><ele>982.9</ele></trkpt>
   <trkpt lon="-5.029999" lat="36.795375"><ele>981.2</ele></trkpt>
   <trkpt lon="-5.030335" lat="36.795304"><ele>981.9</ele></trkpt>
   <trkpt lon="-5.030584" lat="36.795210"><ele>984.2</ele></trkpt>
   <trkpt lon="-5.030835" lat="36.795095"><ele>986.5</ele></trkpt>
   <trkpt lon="-5.031069" lat="36.794950"><ele>988.9</ele></trkpt>
   <trkpt lon="-5.031836" lat="36.794326"><ele>997.2</ele></trkpt>
   <trkpt lon="-5.031976" lat="36.794246"><ele>997.7</ele></trkpt>
   <trkpt lon="-5.032125" lat="36.794177"><ele>998.6</ele></trkpt>
   <trkpt lon="-5.032481" lat="36.794052"><ele>999.0</ele></trkpt>
   <trkpt lon="-5.032641" lat="36.793987"><ele>999.5</ele></trkpt>
   <trkpt lon="-5.033180" lat="36.793791"><ele>999.8</ele></trkpt>
   <trkpt lon="-5.033670" lat="36.793621"><ele>1000.6</ele></trkpt>
   <trkpt lon="-5.033918" lat="36.793568"><ele>999.3</ele></trkpt>
   <trkpt lon="-5.034144" lat="36.793558"><ele>996.7</ele></trkpt>
   <trkpt lon="-5.034242" lat="36.793548"><ele>995.7</ele></trkpt>
   <trkpt lon="-5.034366" lat="36.793520"><ele>995.1</ele></trkpt>
   <trkpt lon="-5.034535" lat="36.793438"><ele>996.3</ele></trkpt>
   <trkpt lon="-5.034679" lat="36.793355"><ele>997.3</ele></trkpt>
   <trkpt lon="-5.034799" lat="36.793269"><ele>998.0</ele></trkpt>
   <trkpt lon="-5.035161" lat="36.792904"><ele>1002.1</ele></trkpt>
   <trkpt lon="-5.035317" lat="36.792759"><ele>1003.6</ele></trkpt>
   <trkpt lon="-5.035489" lat="36.792637"><ele>1003.8</ele></trkpt>
   <trkpt lon="-5.035876" lat="36.792416"><ele>1000.1</ele></trkpt>
   <trkpt lon="-5.035959" lat="36.792354"><ele>999.4</ele></trkpt>
   <trkpt lon="-5.036047" lat="36.792277"><ele>998.6</ele></trkpt>
   <trkpt lon="-5.036194" lat="36.792081"><ele>997.6</ele></trkpt>
   <trkpt lon="-5.036428" lat="36.791734"><ele>997.8</ele></trkpt>
   <trkpt lon="-5.036502" lat="36.791631"><ele>999.2</ele></trkpt>
   <trkpt lon="-5.036605" lat="36.791525"><ele>1001.5</ele></trkpt>
   <trkpt lon="-5.036750" lat="36.791433"><ele>1005.0</ele></trkpt>
   <trkpt lon="-5.036885" lat="36.791383"><ele>1006.6</ele></trkpt>
   <trkpt lon="-5.037097" lat="36.791346"><ele>1007.6</ele></trkpt>
   <trkpt lon="-5.038487" lat="36.791108"><ele>1013.7</ele></trkpt>
   <trkpt lon="-5.038836" lat="36.791086"><ele>1013.9</ele></trkpt>
   <trkpt lon="-5.039948" lat="36.791130"><ele>1016.3</ele></trkpt>
   <trkpt lon="-5.040197" lat="36.791110"><ele>1018.7</ele></trkpt>
   <trkpt lon="-5.040439" lat="36.791045"><ele>1021.5</ele></trkpt>
   <trkpt lon="-5.040669" lat="36.790951"><ele>1024.5</ele></trkpt>
   <trkpt lon="-5.040893" lat="36.790840"><ele>1027.7</ele></trkpt>
   <trkpt lon="-5.041721" lat="36.790396"><ele>1033.7</ele></trkpt>
   <trkpt lon="-5.042756" lat="36.789720"><ele>1045.0</ele></trkpt>
   <trkpt lon="-5.043123" lat="36.789503"><ele>1048.0</ele></trkpt>
   <trkpt lon="-5.043539" lat="36.789338"><ele>1048.8</ele></trkpt>
   <trkpt lon="-5.044242" lat="36.789103"><ele>1053.0</ele></trkpt>
   <trkpt lon="-5.044508" lat="36.788996"><ele>1055.5</ele></trkpt>
   <trkpt lon="-5.045011" lat="36.788680"><ele>1059.0</ele></trkpt>
   <trkpt lon="-5.045357" lat="36.788553"><ele>1059.7</ele></trkpt>
   <trkpt lon="-5.045619" lat="36.788471"><ele>1060.5</ele></trkpt>
   <trkpt lon="-5.045747" lat="36.788465"><ele>1059.9</ele></trkpt>
   <trkpt lon="-5.045872" lat="36.788487"><ele>1058.3</ele></trkpt>
   <trkpt lon="-5.046547" lat="36.788840"><ele>1055.1</ele></trkpt>
   <trkpt lon="-5.046825" lat="36.788908"><ele>1058.5</ele></trkpt>
   <trkpt lon="-5.047160" lat="36.788952"><ele>1062.7</ele></trkpt>
   <trkpt lon="-5.048033" lat="36.789085"><ele>1068.8</ele></trkpt>
   <trkpt lon="-5.048212" lat="36.789094"><ele>1069.2</ele></trkpt>
   <trkpt lon="-5.048311" lat="36.789077"><ele>1069.8</ele></trkpt>
   <trkpt lon="-5.048396" lat="36.789038"><ele>1070.7</ele></trkpt>
   <trkpt lon="-5.048468" lat="36.788995"><ele>1071.3</ele></trkpt>
   <trkpt lon="-5.048527" lat="36.788947"><ele>1071.7</ele></trkpt>
   <trkpt lon="-5.048571" lat="36.788876"><ele>1072.0</ele></trkpt>
   <trkpt lon="-5.048591" lat="36.788787"><ele>1072.0</ele></trkpt>
   <trkpt lon="-5.048590" lat="36.788695"><ele>1072.1</ele></trkpt>
   <trkpt lon="-5.048590" lat="36.788653"><ele>1072.1</ele></trkpt>
   <trkpt lon="-5.048588" lat="36.788521"><ele>1072.2</ele></trkpt>
   <trkpt lon="-5.048633" lat="36.788418"><ele>1072.1</ele></trkpt>
   <trkpt lon="-5.048996" lat="36.787835"><ele>1067.1</ele></trkpt>
   <trkpt lon="-5.049056" lat="36.787689"><ele>1056.8</ele></trkpt>
   <trkpt lon="-5.049076" lat="36.787475"><ele>1054.8</ele></trkpt>
   <trkpt lon="-5.049039" lat="36.787302"><ele>1057.8</ele></trkpt>
   <trkpt lon="-5.049007" lat="36.787223"><ele>1056.1</ele></trkpt>
   <trkpt lon="-5.048942" lat="36.787144"><ele>1054.7</ele></trkpt>
   <trkpt lon="-5.048799" lat="36.787016"><ele>1053.2</ele></trkpt>
   <trkpt lon="-5.048650" lat="36.786927"><ele>1053.2</ele></trkpt>
   <trkpt lon="-5.048405" lat="36.786801"><ele>1056.0</ele></trkpt>
   <trkpt lon="-5.048335" lat="36.786747"><ele>1057.6</ele></trkpt>
   <trkpt lon="-5.048267" lat="36.786665"><ele>1059.1</ele></trkpt>
   <trkpt lon="-5.048229" lat="36.786571"><ele>1059.1</ele></trkpt>
   <trkpt lon="-5.048217" lat="36.786339"><ele>1057.1</ele></trkpt>
   <trkpt lon="-5.048231" lat="36.786152"><ele>1055.5</ele></trkpt>
   <trkpt lon="-5.048278" lat="36.786079"><ele>1054.0</ele></trkpt>
   <trkpt lon="-5.048344" lat="36.786027"><ele>1052.5</ele></trkpt>
   <trkpt lon="-5.048425" lat="36.785994"><ele>1051.3</ele></trkpt>
   <trkpt lon="-5.048509" lat="36.785984"><ele>1050.4</ele></trkpt>
   <trkpt lon="-5.048608" lat="36.785998"><ele>1049.2</ele></trkpt>
   <trkpt lon="-5.048650" lat="36.786016"><ele>1048.6</ele></trkpt>
   <trkpt lon="-5.048708" lat="36.786042"><ele>1047.7</ele></trkpt>
   <trkpt lon="-5.048821" lat="36.786119"><ele>1048.0</ele></trkpt>
   <trkpt lon="-5.049493" lat="36.786591"><ele>1046.9</ele></trkpt>
   <trkpt lon="-5.049852" lat="36.786969"><ele>1042.4</ele></trkpt>
   <trkpt lon="-5.050668" lat="36.787383"><ele>1036.7</ele></trkpt>
   <trkpt lon="-5.050804" lat="36.787431"><ele>1035.5</ele></trkpt>
   <trkpt lon="-5.051067" lat="36.787454"><ele>1035.7</ele></trkpt>
   <trkpt lon="-5.051337" lat="36.787447"><ele>1035.2</ele></trkpt>
   <trkpt lon="-5.051503" lat="36.787413"><ele>1035.1</ele></trkpt>
   <trkpt lon="-5.051943" lat="36.787228"><ele>1034.7</ele></trkpt>
   <trkpt lon="-5.052394" lat="36.787075"><ele>1030.2</ele></trkpt>
   <trkpt lon="-5.053551" lat="36.786792"><ele>1018.2</ele></trkpt>
   <trkpt lon="-5.054620" lat="36.786493"><ele>1009.1</ele></trkpt>
   <trkpt lon="-5.054722" lat="36.786433"><ele>1008.0</ele></trkpt>
   <trkpt lon="-5.054794" lat="36.786361"><ele>1006.9</ele></trkpt>
   <trkpt lon="-5.054833" lat="36.786287"><ele>1006.4</ele></trkpt>
   <trkpt lon="-5.054896" lat="36.786083"><ele>1005.0</ele></trkpt>
   <trkpt lon="-5.054939" lat="36.785634"><ele>1003.4</ele></trkpt>
   <trkpt lon="-5.055027" lat="36.785503"><ele>1002.5</ele></trkpt>
   <trkpt lon="-5.056253" lat="36.784061"><ele>990.5</ele></trkpt>
   <trkpt lon="-5.056381" lat="36.783809"><ele>986.4</ele></trkpt>
   <trkpt lon="-5.056447" lat="36.783458"><ele>987.0</ele></trkpt>
   <trkpt lon="-5.056501" lat="36.783347"><ele>988.0</ele></trkpt>
   <trkpt lon="-5.056586" lat="36.783244"><ele>989.8</ele></trkpt>
   <trkpt lon="-5.056686" lat="36.783185"><ele>990.0</ele></trkpt>
   <trkpt lon="-5.057096" lat="36.783016"><ele>987.4</ele></trkpt>
   <trkpt lon="-5.059070" lat="36.781880"><ele>979.7</ele></trkpt>
   <trkpt lon="-5.059434" lat="36.781639"><ele>978.6</ele></trkpt>
   <trkpt lon="-5.059956" lat="36.781224"><ele>976.7</ele></trkpt>
   <trkpt lon="-5.060820" lat="36.780458"><ele>969.0</ele></trkpt>
   <trkpt lon="-5.061570" lat="36.779812"><ele>970.8</ele></trkpt>
   <trkpt lon="-5.061729" lat="36.779726"><ele>971.8</ele></trkpt>
   <trkpt lon="-5.061943" lat="36.779664"><ele>971.8</ele></trkpt>
   <trkpt lon="-5.062553" lat="36.779622"><ele>970.3</ele></trkpt>
   <trkpt lon="-5.063817" lat="36.779613"><ele>967.9</ele></trkpt>
   <trkpt lon="-5.063976" lat="36.779575"><ele>967.7</ele></trkpt>
   <trkpt lon="-5.064105" lat="36.779522"><ele>967.6</ele></trkpt>
   <trkpt lon="-5.064432" lat="36.779241"><ele>968.6</ele></trkpt>
   <trkpt lon="-5.065880" lat="36.777867"><ele>964.8</ele></trkpt>
   <trkpt lon="-5.066004" lat="36.777753"><ele>963.9</ele></trkpt>
   <trkpt lon="-5.066078" lat="36.777698"><ele>963.4</ele></trkpt>
   <trkpt lon="-5.066158" lat="36.777663"><ele>963.0</ele></trkpt>
   <trkpt lon="-5.066359" lat="36.777605"><ele>962.3</ele></trkpt>
   <trkpt lon="-5.066524" lat="36.777575"><ele>961.5</ele></trkpt>
   <trkpt lon="-5.066731" lat="36.777550"><ele>960.3</ele></trkpt>
   <trkpt lon="-5.067731" lat="36.777405"><ele>955.0</ele></trkpt>
   <trkpt lon="-5.070446" lat="36.777003"><ele>944.8</ele></trkpt>
   <trkpt lon="-5.072021" lat="36.776772"><ele>936.1</ele></trkpt>
   <trkpt lon="-5.072544" lat="36.776685"><ele>935.6</ele></trkpt>
   <trkpt lon="-5.074058" lat="36.776263"><ele>934.4</ele></trkpt>
   <trkpt lon="-5.076782" lat="36.775453"><ele>942.2</ele></trkpt>
   <trkpt lon="-5.076955" lat="36.775361"><ele>943.0</ele></trkpt>
   <trkpt lon="-5.077138" lat="36.775176"><ele>944.3</ele></trkpt>
   <trkpt lon="-5.077189" lat="36.775100"><ele>944.4</ele></trkpt>
   <trkpt lon="-5.077220" lat="36.775022"><ele>944.7</ele></trkpt>
   <trkpt lon="-5.077163" lat="36.774034"><ele>945.3</ele></trkpt>
   <trkpt lon="-5.077200" lat="36.773924"><ele>942.6</ele></trkpt>
   <trkpt lon="-5.077273" lat="36.773811"><ele>939.6</ele></trkpt>
   <trkpt lon="-5.077392" lat="36.773718"><ele>936.4</ele></trkpt>
   <trkpt lon="-5.077620" lat="36.773609"><ele>933.6</ele></trkpt>
   <trkpt lon="-5.077799" lat="36.773563"><ele>932.5</ele></trkpt>
   <trkpt lon="-5.079030" lat="36.773186"><ele>922.1</ele></trkpt>
   <trkpt lon="-5.079212" lat="36.773145"><ele>920.3</ele></trkpt>
   <trkpt lon="-5.079337" lat="36.773175"><ele>920.2</ele></trkpt>
   <trkpt lon="-5.079685" lat="36.773395"><ele>922.8</ele></trkpt>
   <trkpt lon="-5.079780" lat="36.773422"><ele>922.6</ele></trkpt>
   <trkpt lon="-5.079955" lat="36.773429"><ele>920.7</ele></trkpt>
   <trkpt lon="-5.080381" lat="36.773427"><ele>915.8</ele></trkpt>
   <trkpt lon="-5.080527" lat="36.773443"><ele>914.6</ele></trkpt>
   <trkpt lon="-5.081585" lat="36.773782"><ele>908.2</ele></trkpt>
   <trkpt lon="-5.081768" lat="36.773806"><ele>905.5</ele></trkpt>
   <trkpt lon="-5.081944" lat="36.773816"><ele>903.3</ele></trkpt>
   <trkpt lon="-5.082110" lat="36.773799"><ele>901.1</ele></trkpt>
   <trkpt lon="-5.082285" lat="36.773752"><ele>899.1</ele></trkpt>
   <trkpt lon="-5.082498" lat="36.773667"><ele>896.2</ele></trkpt>
   <trkpt lon="-5.082723" lat="36.773533"><ele>892.4</ele></trkpt>
   <trkpt lon="-5.083433" lat="36.773047"><ele>885.3</ele></trkpt>
   <trkpt lon="-5.083762" lat="36.772909"><ele>884.8</ele></trkpt>
   <trkpt lon="-5.084093" lat="36.772805"><ele>883.0</ele></trkpt>
   <trkpt lon="-5.084271" lat="36.772770"><ele>883.0</ele></trkpt>
   <trkpt lon="-5.085292" lat="36.772641"><ele>877.3</ele></trkpt>
   <trkpt lon="-5.085416" lat="36.772596"><ele>876.5</ele></trkpt>
   <trkpt lon="-5.085502" lat="36.772524"><ele>875.8</ele></trkpt>
   <trkpt lon="-5.085536" lat="36.772476"><ele>875.3</ele></trkpt>
   <trkpt lon="-5.085645" lat="36.772285"><ele>878.0</ele></trkpt>
   <trkpt lon="-5.085699" lat="36.772216"><ele>879.1</ele></trkpt>
   <trkpt lon="-5.085790" lat="36.772153"><ele>879.9</ele></trkpt>
   <trkpt lon="-5.085917" lat="36.772127"><ele>880.0</ele></trkpt>
   <trkpt lon="-5.086062" lat="36.772138"><ele>880.6</ele></trkpt>
   <trkpt lon="-5.086170" lat="36.772174"><ele>880.4</ele></trkpt>
   <trkpt lon="-5.086275" lat="36.772222"><ele>879.8</ele></trkpt>
   <trkpt lon="-5.086379" lat="36.772287"><ele>879.0</ele></trkpt>
   <trkpt lon="-5.086478" lat="36.772379"><ele>877.4</ele></trkpt>
   <trkpt lon="-5.088292" lat="36.774297"><ele>864.9</ele></trkpt>
   <trkpt lon="-5.088588" lat="36.774523"><ele>865.1</ele></trkpt>
   <trkpt lon="-5.089120" lat="36.774947"><ele>862.0</ele></trkpt>
   <trkpt lon="-5.089224" lat="36.775066"><ele>860.9</ele></trkpt>
   <trkpt lon="-5.089302" lat="36.775174"><ele>859.9</ele></trkpt>
   <trkpt lon="-5.089388" lat="36.775328"><ele>858.0</ele></trkpt>
   <trkpt lon="-5.089443" lat="36.775408"><ele>857.6</ele></trkpt>
   <trkpt lon="-5.089503" lat="36.775471"><ele>858.0</ele></trkpt>
   <trkpt lon="-5.090975" lat="36.776806"><ele>857.9</ele></trkpt>
   <trkpt lon="-5.091392" lat="36.777225"><ele>856.5</ele></trkpt>
   <trkpt lon="-5.091722" lat="36.777522"><ele>856.2</ele></trkpt>
   <trkpt lon="-5.091866" lat="36.777610"><ele>856.5</ele></trkpt>
   <trkpt lon="-5.092038" lat="36.777685"><ele>857.3</ele></trkpt>
   <trkpt lon="-5.092149" lat="36.777717"><ele>857.4</ele></trkpt>
   <trkpt lon="-5.092270" lat="36.777721"><ele>858.0</ele></trkpt>
   <trkpt lon="-5.092437" lat="36.777702"><ele>859.1</ele></trkpt>
   <trkpt lon="-5.092685" lat="36.777657"><ele>859.6</ele></trkpt>
   <trkpt lon="-5.092868" lat="36.777598"><ele>859.3</ele></trkpt>
   <trkpt lon="-5.092979" lat="36.777536"><ele>858.7</ele></trkpt>
   <trkpt lon="-5.093077" lat="36.777437"><ele>858.4</ele></trkpt>
   <trkpt lon="-5.093222" lat="36.777246"><ele>857.6</ele></trkpt>
   <trkpt lon="-5.093363" lat="36.777024"><ele>854.6</ele></trkpt>
   <trkpt lon="-5.093425" lat="36.776737"><ele>851.6</ele></trkpt>
   <trkpt lon="-5.093576" lat="36.775938"><ele>845.2</ele></trkpt>
   <trkpt lon="-5.093816" lat="36.775130"><ele>838.9</ele></trkpt>
   <trkpt lon="-5.093919" lat="36.774898"><ele>836.0</ele></trkpt>
   <trkpt lon="-5.094014" lat="36.774780"><ele>833.8</ele></trkpt>
   <trkpt lon="-5.094092" lat="36.774723"><ele>832.5</ele></trkpt>
   <trkpt lon="-5.094132" lat="36.774694"><ele>831.8</ele></trkpt>
   <trkpt lon="-5.094322" lat="36.774616"><ele>829.0</ele></trkpt>
   <trkpt lon="-5.094556" lat="36.774552"><ele>826.0</ele></trkpt>
   <trkpt lon="-5.094749" lat="36.774471"><ele>823.3</ele></trkpt>
   <trkpt lon="-5.094967" lat="36.774343"><ele>821.0</ele></trkpt>
   <trkpt lon="-5.095899" lat="36.773513"><ele>813.2</ele></trkpt>
   <trkpt lon="-5.096042" lat="36.773464"><ele>812.9</ele></trkpt>
   <trkpt lon="-5.096206" lat="36.773431"><ele>812.5</ele></trkpt>
   <trkpt lon="-5.096621" lat="36.773365"><ele>810.6</ele></trkpt>
   <trkpt lon="-5.097586" lat="36.773212"><ele>804.0</ele></trkpt>
   <trkpt lon="-5.098015" lat="36.773130"><ele>801.1</ele></trkpt>
   <trkpt lon="-5.098750" lat="36.772856"><ele>797.6</ele></trkpt>
   <trkpt lon="-5.098840" lat="36.772821"><ele>797.2</ele></trkpt>
   <trkpt lon="-5.101278" lat="36.771871"><ele>789.3</ele></trkpt>
   <trkpt lon="-5.101415" lat="36.771819"><ele>789.1</ele></trkpt>
   <trkpt lon="-5.102268" lat="36.771495"><ele>787.1</ele></trkpt>
   <trkpt lon="-5.102771" lat="36.771350"><ele>785.6</ele></trkpt>
   <trkpt lon="-5.103528" lat="36.771153"><ele>784.4</ele></trkpt>
   <trkpt lon="-5.103690" lat="36.771078"><ele>783.9</ele></trkpt>
   <trkpt lon="-5.103852" lat="36.770983"><ele>783.5</ele></trkpt>
   <trkpt lon="-5.104181" lat="36.770769"><ele>782.5</ele></trkpt>
   <trkpt lon="-5.104219" lat="36.770745"><ele>782.4</ele></trkpt>
   <trkpt lon="-5.104680" lat="36.770442"><ele>781.1</ele></trkpt>
   <trkpt lon="-5.105178" lat="36.770055"><ele>780.6</ele></trkpt>
   <trkpt lon="-5.106018" lat="36.769378"><ele>779.0</ele></trkpt>
   <trkpt lon="-5.106279" lat="36.769121"><ele>778.4</ele></trkpt>
   <trkpt lon="-5.106485" lat="36.768919"><ele>777.8</ele></trkpt>
   <trkpt lon="-5.106755" lat="36.768673"><ele>778.0</ele></trkpt>
   <trkpt lon="-5.107074" lat="36.768431"><ele>777.8</ele></trkpt>
   <trkpt lon="-5.107879" lat="36.767879"><ele>777.0</ele></trkpt>
   <trkpt lon="-5.108260" lat="36.767618"><ele>776.1</ele></trkpt>
   <trkpt lon="-5.108927" lat="36.767222"><ele>774.6</ele></trkpt>
   <trkpt lon="-5.109278" lat="36.767056"><ele>773.6</ele></trkpt>
   <trkpt lon="-5.109373" lat="36.767026"><ele>773.3</ele></trkpt>
   <trkpt lon="-5.111752" lat="36.766265"><ele>767.6</ele></trkpt>
   <trkpt lon="-5.111874" lat="36.766220"><ele>767.6</ele></trkpt>
   <trkpt lon="-5.113930" lat="36.765461"><ele>766.0</ele></trkpt>
   <trkpt lon="-5.114250" lat="36.765343"><ele>765.7</ele></trkpt>
   <trkpt lon="-5.115141" lat="36.765014"><ele>763.9</ele></trkpt>
   <trkpt lon="-5.115420" lat="36.764920"><ele>763.6</ele></trkpt>
   <trkpt lon="-5.115814" lat="36.764787"><ele>763.2</ele></trkpt>
   <trkpt lon="-5.117180" lat="36.764338"><ele>763.6</ele></trkpt>
   <trkpt lon="-5.117422" lat="36.764287"><ele>763.6</ele></trkpt>
   <trkpt lon="-5.117934" lat="36.764205"><ele>763.2</ele></trkpt>
   <trkpt lon="-5.118192" lat="36.764144"><ele>762.8</ele></trkpt>
   <trkpt lon="-5.118272" lat="36.764125"><ele>762.6</ele></trkpt>
   <trkpt lon="-5.118453" lat="36.764068"><ele>762.6</ele></trkpt>
   <trkpt lon="-5.118718" lat="36.763942"><ele>762.9</ele></trkpt>
   <trkpt lon="-5.123251" lat="36.761366"><ele>754.3</ele></trkpt>
   <trkpt lon="-5.124002" lat="36.760939"><ele>752.4</ele></trkpt>
   <trkpt lon="-5.124374" lat="36.760748"><ele>751.4</ele></trkpt>
   <trkpt lon="-5.124985" lat="36.760465"><ele>750.1</ele></trkpt>
   <trkpt lon="-5.125550" lat="36.760251"><ele>749.7</ele></trkpt>
   <trkpt lon="-5.125774" lat="36.760170"><ele>749.3</ele></trkpt>
   <trkpt lon="-5.127680" lat="36.759476"><ele>748.7</ele></trkpt>
   <trkpt lon="-5.127896" lat="36.759397"><ele>748.3</ele></trkpt>
   <trkpt lon="-5.129027" lat="36.758914"><ele>746.4</ele></trkpt>
   <trkpt lon="-5.129377" lat="36.758788"><ele>744.8</ele></trkpt>
   <trkpt lon="-5.129459" lat="36.758759"><ele>744.6</ele></trkpt>
   <trkpt lon="-5.130931" lat="36.758274"><ele>742.8</ele></trkpt>
   <trkpt lon="-5.131108" lat="36.758197"><ele>742.6</ele></trkpt>
   <trkpt lon="-5.132231" lat="36.757651"><ele>741.0</ele></trkpt>
   <trkpt lon="-5.134492" lat="36.756544"><ele>737.0</ele></trkpt>
   <trkpt lon="-5.134583" lat="36.756517"><ele>736.9</ele></trkpt>
   <trkpt lon="-5.134749" lat="36.756445"><ele>736.3</ele></trkpt>
   <trkpt lon="-5.134886" lat="36.756394"><ele>736.4</ele></trkpt>
   <trkpt lon="-5.135031" lat="36.756352"><ele>736.7</ele></trkpt>
   <trkpt lon="-5.135177" lat="36.756318"><ele>736.6</ele></trkpt>
   <trkpt lon="-5.135325" lat="36.756294"><ele>736.4</ele></trkpt>
   <trkpt lon="-5.135869" lat="36.756235"><ele>736.7</ele></trkpt>
   <trkpt lon="-5.136209" lat="36.756198"><ele>737.6</ele></trkpt>
   <trkpt lon="-5.136448" lat="36.756165"><ele>739.3</ele></trkpt>
   <trkpt lon="-5.136634" lat="36.756132"><ele>739.1</ele></trkpt>
   <trkpt lon="-5.136758" lat="36.756106"><ele>739.1</ele></trkpt>
   <trkpt lon="-5.136982" lat="36.756048"><ele>739.5</ele></trkpt>
   <trkpt lon="-5.137200" lat="36.755979"><ele>739.7</ele></trkpt>
   <trkpt lon="-5.137966" lat="36.755706"><ele>740.0</ele></trkpt>
   <trkpt lon="-5.138051" lat="36.755668"><ele>739.9</ele></trkpt>
   <trkpt lon="-5.138584" lat="36.755519"><ele>740.0</ele></trkpt>
   <trkpt lon="-5.138853" lat="36.755453"><ele>740.0</ele></trkpt>
   <trkpt lon="-5.139335" lat="36.755346"><ele>739.4</ele></trkpt>
   <trkpt lon="-5.139918" lat="36.755236"><ele>738.8</ele></trkpt>
   <trkpt lon="-5.140767" lat="36.755079"><ele>737.4</ele></trkpt>
   <trkpt lon="-5.140879" lat="36.755074"><ele>737.1</ele></trkpt>
   <trkpt lon="-5.141401" lat="36.754996"><ele>737.5</ele></trkpt>
   <trkpt lon="-5.141826" lat="36.754924"><ele>737.6</ele></trkpt>
   <trkpt lon="-5.142432" lat="36.754806"><ele>739.0</ele></trkpt>
   <trkpt lon="-5.142837" lat="36.754727"><ele>741.4</ele></trkpt>
   <trkpt lon="-5.143344" lat="36.754617"><ele>744.8</ele></trkpt>
   <trkpt lon="-5.143451" lat="36.754586"><ele>745.0</ele></trkpt>
   <trkpt lon="-5.143675" lat="36.754557"><ele>744.8</ele></trkpt>
   <trkpt lon="-5.144358" lat="36.754490"><ele>739.3</ele></trkpt>
   <trkpt lon="-5.144649" lat="36.754447"><ele>736.6</ele></trkpt>
   <trkpt lon="-5.145031" lat="36.754375"><ele>733.7</ele></trkpt>
   <trkpt lon="-5.145351" lat="36.754314"><ele>731.9</ele></trkpt>
   <trkpt lon="-5.145415" lat="36.754303"><ele>731.7</ele></trkpt>
   <trkpt lon="-5.146067" lat="36.754192"><ele>728.6</ele></trkpt>
   <trkpt lon="-5.146728" lat="36.754093"><ele>725.2</ele></trkpt>
   <trkpt lon="-5.147048" lat="36.754035"><ele>725.0</ele></trkpt>
   <trkpt lon="-5.147384" lat="36.753958"><ele>724.8</ele></trkpt>
   <trkpt lon="-5.147514" lat="36.753924"><ele>724.4</ele></trkpt>
   <trkpt lon="-5.147760" lat="36.753857"><ele>723.8</ele></trkpt>
   <trkpt lon="-5.147775" lat="36.753853"><ele>723.8</ele></trkpt>
   <trkpt lon="-5.147918" lat="36.753873"><ele>723.4</ele></trkpt>
   <trkpt lon="-5.148017" lat="36.753908"><ele>723.1</ele></trkpt>
   <trkpt lon="-5.148131" lat="36.753973"><ele>723.0</ele></trkpt>
   <trkpt lon="-5.148164" lat="36.753996"><ele>723.0</ele></trkpt>
   <trkpt lon="-5.148195" lat="36.754052"><ele>723.2</ele></trkpt>
   <trkpt lon="-5.148377" lat="36.754218"><ele>724.7</ele></trkpt>
   <trkpt lon="-5.148499" lat="36.754296"><ele>724.9</ele></trkpt>
   <trkpt lon="-5.148791" lat="36.754533"><ele>723.8</ele></trkpt>
   <trkpt lon="-5.148876" lat="36.754622"><ele>723.6</ele></trkpt>
   <trkpt lon="-5.149058" lat="36.754768"><ele>722.5</ele></trkpt>
   <trkpt lon="-5.149158" lat="36.754815"><ele>722.1</ele></trkpt>
   <trkpt lon="-5.149261" lat="36.754832"><ele>721.9</ele></trkpt>
   <trkpt lon="-5.149369" lat="36.754830"><ele>722.0</ele></trkpt>
   <trkpt lon="-5.149487" lat="36.754769"><ele>722.7</ele></trkpt>
   <trkpt lon="-5.149566" lat="36.754719"><ele>723.4</ele></trkpt>
   <trkpt lon="-5.149589" lat="36.754696"><ele>723.5</ele></trkpt>
   <trkpt lon="-5.149618" lat="36.754665"><ele>723.7</ele></trkpt>
   <trkpt lon="-5.149659" lat="36.754593"><ele>723.8</ele></trkpt>
   <trkpt lon="-5.149692" lat="36.754503"><ele>723.9</ele></trkpt>
   <trkpt lon="-5.149542" lat="36.753892"><ele>723.8</ele></trkpt>
   <trkpt lon="-5.149502" lat="36.753741"><ele>723.2</ele></trkpt>
   <trkpt lon="-5.149511" lat="36.753663"><ele>723.0</ele></trkpt>
   <trkpt lon="-5.149530" lat="36.753585"><ele>723.2</ele></trkpt>
   <trkpt lon="-5.149568" lat="36.753515"><ele>723.3</ele></trkpt>
   <trkpt lon="-5.149614" lat="36.753463"><ele>723.3</ele></trkpt>
   <trkpt lon="-5.149665" lat="36.753418"><ele>723.2</ele></trkpt>
   <trkpt lon="-5.149738" lat="36.753377"><ele>723.0</ele></trkpt>
   <trkpt lon="-5.149816" lat="36.753355"><ele>723.2</ele></trkpt>
   <trkpt lon="-5.149853" lat="36.753363"><ele>723.3</ele></trkpt>
   <trkpt lon="-5.149891" lat="36.753361"><ele>723.4</ele></trkpt>
   <trkpt lon="-5.149926" lat="36.753350"><ele>723.5</ele></trkpt>
   <trkpt lon="-5.149955" lat="36.753330"><ele>723.6</ele></trkpt>
   <trkpt lon="-5.149975" lat="36.753303"><ele>723.7</ele></trkpt>
   <trkpt lon="-5.149983" lat="36.753273"><ele>723.8</ele></trkpt>
   <trkpt lon="-5.149978" lat="36.753243"><ele>723.8</ele></trkpt>
   <trkpt lon="-5.149962" lat="36.753215"><ele>723.8</ele></trkpt>
   <trkpt lon="-5.149998" lat="36.753125"><ele>723.9</ele></trkpt>
   <trkpt lon="-5.150059" lat="36.753005"><ele>724.0</ele></trkpt>
   <trkpt lon="-5.150136" lat="36.752893"><ele>723.7</ele></trkpt>
   <trkpt lon="-5.150397" lat="36.752565"><ele>723.9</ele></trkpt>
   <trkpt lon="-5.150459" lat="36.752487"><ele>724.1</ele></trkpt>
   <trkpt lon="-5.150787" lat="36.752078"><ele>724.3</ele></trkpt>
   <trkpt lon="-5.151007" lat="36.751797"><ele>725.4</ele></trkpt>
   <trkpt lon="-5.151117" lat="36.751657"><ele>726.0</ele></trkpt>
   <trkpt lon="-5.151142" lat="36.751591"><ele>726.1</ele></trkpt>
   <trkpt lon="-5.151174" lat="36.751567"><ele>726.2</ele></trkpt>
   <trkpt lon="-5.151190" lat="36.751534"><ele>726.3</ele></trkpt>
   <trkpt lon="-5.151297" lat="36.751406"><ele>726.9</ele></trkpt>
   <trkpt lon="-5.151655" lat="36.750995"><ele>729.1</ele></trkpt>
   <trkpt lon="-5.151742" lat="36.750893"><ele>729.8</ele></trkpt>
   <trkpt lon="-5.152160" lat="36.750492"><ele>732.0</ele></trkpt>
   <trkpt lon="-5.152660" lat="36.750060"><ele>734.2</ele></trkpt>
   <trkpt lon="-5.153185" lat="36.749723"><ele>736.1</ele></trkpt>
   <trkpt lon="-5.153440" lat="36.749562"><ele>737.5</ele></trkpt>
   <trkpt lon="-5.153544" lat="36.749495"><ele>737.9</ele></trkpt>
   <trkpt lon="-5.153557" lat="36.749486"><ele>737.9</ele></trkpt>
   <trkpt lon="-5.153922" lat="36.749264"><ele>739.4</ele></trkpt>
   <trkpt lon="-5.154563" lat="36.748914"><ele>742.0</ele></trkpt>
   <trkpt lon="-5.154598" lat="36.748895"><ele>742.0</ele></trkpt>
   <trkpt lon="-5.155251" lat="36.748538"><ele>742.0</ele></trkpt>
   <trkpt lon="-5.155293" lat="36.748555"><ele>742.2</ele></trkpt>
   <trkpt lon="-5.155340" lat="36.748556"><ele>742.3</ele></trkpt>
   <trkpt lon="-5.155383" lat="36.748542"><ele>742.4</ele></trkpt>
   <trkpt lon="-5.155415" lat="36.748514"><ele>742.3</ele></trkpt>
   <trkpt lon="-5.155429" lat="36.748478"><ele>742.2</ele></trkpt>
   <trkpt lon="-5.155424" lat="36.748441"><ele>742.0</ele></trkpt>
   <trkpt lon="-5.155412" lat="36.748422"><ele>741.9</ele></trkpt>
   <trkpt lon="-5.155508" lat="36.748369"><ele>741.8</ele></trkpt>
   <trkpt lon="-5.155936" lat="36.748129"><ele>741.5</ele></trkpt>
   <trkpt lon="-5.156007" lat="36.748090"><ele>741.4</ele></trkpt>
   <trkpt lon="-5.156050" lat="36.748066"><ele>741.3</ele></trkpt>
   <trkpt lon="-5.156191" lat="36.747987"><ele>740.9</ele></trkpt>
   <trkpt lon="-5.156232" lat="36.747964"><ele>740.7</ele></trkpt>
   <trkpt lon="-5.156267" lat="36.747945"><ele>740.7</ele></trkpt>
   <trkpt lon="-5.156509" lat="36.747809"><ele>740.7</ele></trkpt>
   <trkpt lon="-5.156611" lat="36.747752"><ele>740.7</ele></trkpt>
   <trkpt lon="-5.156700" lat="36.747703"><ele>741.0</ele></trkpt>
   <trkpt lon="-5.156716" lat="36.747721"><ele>741.3</ele></trkpt>
   <trkpt lon="-5.156807" lat="36.747731"><ele>742.1</ele></trkpt>
   <trkpt lon="-5.156883" lat="36.747811"><ele>743.3</ele></trkpt>
   <trkpt lon="-5.157029" lat="36.747985"><ele>744.3</ele></trkpt>
   <trkpt lon="-5.157085" lat="36.748047"><ele>744.5</ele></trkpt>
   <trkpt lon="-5.157139" lat="36.748079"><ele>744.6</ele></trkpt>
   <trkpt lon="-5.157277" lat="36.748097"><ele>745.0</ele></trkpt>
   <trkpt lon="-5.157309" lat="36.748096"><ele>745.1</ele></trkpt>
   <trkpt lon="-5.157434" lat="36.748098"><ele>745.5</ele></trkpt>
   <trkpt lon="-5.157495" lat="36.748100"><ele>745.7</ele></trkpt>
   <trkpt lon="-5.157537" lat="36.748101"><ele>745.8</ele></trkpt>
   <trkpt lon="-5.157684" lat="36.748106"><ele>746.1</ele></trkpt>
   <trkpt lon="-5.157804" lat="36.748110"><ele>746.2</ele></trkpt>
   <trkpt lon="-5.157960" lat="36.748116"><ele>746.3</ele></trkpt>
   <trkpt lon="-5.158282" lat="36.748123"><ele>746.3</ele></trkpt>
   <trkpt lon="-5.158597" lat="36.748133"><ele>746.3</ele></trkpt>
   <trkpt lon="-5.158860" lat="36.748139"><ele>746.3</ele></trkpt>
   <trkpt lon="-5.158938" lat="36.748141"><ele>746.3</ele></trkpt>
   <trkpt lon="-5.159041" lat="36.748144"><ele>746.1</ele></trkpt>
   <trkpt lon="-5.159112" lat="36.748156"><ele>745.9</ele></trkpt>
   <trkpt lon="-5.159135" lat="36.748169"><ele>745.8</ele></trkpt>
   <trkpt lon="-5.159155" lat="36.748173"><ele>745.7</ele></trkpt>
   <trkpt lon="-5.159175" lat="36.748171"><ele>745.6</ele></trkpt>
   <trkpt lon="-5.160123" lat="36.748438"><ele>742.0</ele></trkpt>
   <trkpt lon="-5.160185" lat="36.748456"><ele>741.8</ele></trkpt>
   <trkpt lon="-5.160211" lat="36.748394"><ele>741.9</ele></trkpt>
   <trkpt lon="-5.160233" lat="36.748343"><ele>742.0</ele></trkpt>
   <trkpt lon="-5.160339" lat="36.748140"><ele>742.0</ele></trkpt>
   <trkpt lon="-5.160632" lat="36.747550"><ele>741.1</ele></trkpt>
   <trkpt lon="-5.160657" lat="36.747541"><ele>741.1</ele></trkpt>
   <trkpt lon="-5.160793" lat="36.747244"><ele>741.2</ele></trkpt>
   <trkpt lon="-5.160977" lat="36.746831"><ele>740.0</ele></trkpt>
   <trkpt lon="-5.161102" lat="36.746581"><ele>738.9</ele></trkpt>
   <trkpt lon="-5.161096" lat="36.746544"><ele>738.8</ele></trkpt>
   <trkpt lon="-5.161195" lat="36.746317"><ele>737.9</ele></trkpt>
   <trkpt lon="-5.161209" lat="36.746280"><ele>737.7</ele></trkpt>
   <trkpt lon="-5.161264" lat="36.746282"><ele>737.6</ele></trkpt>
   <trkpt lon="-5.161289" lat="36.746274"><ele>737.5</ele></trkpt>
   <trkpt lon="-5.161327" lat="36.746245"><ele>737.3</ele></trkpt>
   <trkpt lon="-5.161339" lat="36.746219"><ele>737.2</ele></trkpt>
   <trkpt lon="-5.161339" lat="36.746191"><ele>737.1</ele></trkpt>
   <trkpt lon="-5.161328" lat="36.746165"><ele>737.1</ele></trkpt>
   <trkpt lon="-5.161306" lat="36.746144"><ele>737.0</ele></trkpt>
   <trkpt lon="-5.161276" lat="36.746129"><ele>737.1</ele></trkpt>
   <trkpt lon="-5.161301" lat="36.746051"><ele>736.8</ele></trkpt>
   <trkpt lon="-5.161695" lat="36.744846"><ele>732.0</ele></trkpt>
   <trkpt lon="-5.161931" lat="36.744296"><ele>730.5</ele></trkpt>
   <trkpt lon="-5.162026" lat="36.744207"><ele>730.1</ele></trkpt>
   <trkpt lon="-5.162056" lat="36.744183"><ele>730.0</ele></trkpt>
   <trkpt lon="-5.162109" lat="36.744142"><ele>729.8</ele></trkpt>
   <trkpt lon="-5.162687" lat="36.743692"><ele>727.1</ele></trkpt>
   <trkpt lon="-5.163484" lat="36.743027"><ele>720.2</ele></trkpt>
   <trkpt lon="-5.163636" lat="36.742874"><ele>719.7</ele></trkpt>
   <trkpt lon="-5.163669" lat="36.742841"><ele>719.7</ele></trkpt>
   <trkpt lon="-5.163694" lat="36.742853"><ele>719.8</ele></trkpt>
   <trkpt lon="-5.163691" lat="36.742832"><ele>719.8</ele></trkpt>
   <trkpt lon="-5.163714" lat="36.742789"><ele>719.8</ele></trkpt>
   <trkpt lon="-5.163844" lat="36.742686"><ele>720.4</ele></trkpt>
   <trkpt lon="-5.163863" lat="36.742660"><ele>720.5</ele></trkpt>
   <trkpt lon="-5.163875" lat="36.742642"><ele>720.6</ele></trkpt>
   <trkpt lon="-5.163905" lat="36.742665"><ele>720.7</ele></trkpt>
   <trkpt lon="-5.164471" lat="36.742313"><ele>724.6</ele></trkpt>
   <trkpt lon="-5.165008" lat="36.742007"><ele>723.7</ele></trkpt>
   <trkpt lon="-5.165031" lat="36.741994"><ele>723.5</ele></trkpt>
   <trkpt lon="-5.165242" lat="36.742355"><ele>724.0</ele></trkpt>
   <trkpt lon="-5.164698" lat="36.742649"><ele>722.7</ele></trkpt>
   <trkpt lon="-5.164195" lat="36.742934"><ele>720.8</ele></trkpt>
   <trkpt lon="-5.164055" lat="36.743020"><ele>720.2</ele></trkpt>
   <trkpt lon="-5.163694" lat="36.742853"><ele>719.8</ele></trkpt>
   <trkpt lon="-5.163669" lat="36.742841"><ele>719.7</ele></trkpt>
   <trkpt lon="-5.163104" lat="36.742613"><ele>714.6</ele></trkpt>
   <trkpt lon="-5.163008" lat="36.742708"><ele>715.3</ele></trkpt>
   <trkpt lon="-5.162365" lat="36.743347"><ele>723.9</ele></trkpt>
   <trkpt lon="-5.162302" lat="36.743410"><ele>725.0</ele></trkpt>
   <trkpt lon="-5.162129" lat="36.743545"><ele>727.1</ele></trkpt>
   <trkpt lon="-5.161859" lat="36.743758"><ele>729.4</ele></trkpt>
   <trkpt lon="-5.161656" lat="36.743884"><ele>730.5</ele></trkpt>
   <trkpt lon="-5.160765" lat="36.744425"><ele>733.6</ele></trkpt>
   <trkpt lon="-5.160673" lat="36.744487"><ele>734.0</ele></trkpt>
   <trkpt lon="-5.160033" lat="36.744874"><ele>734.3</ele></trkpt>
   <trkpt lon="-5.159967" lat="36.744913"><ele>734.6</ele></trkpt>
   <trkpt lon="-5.159604" lat="36.745190"><ele>736.5</ele></trkpt>
   <trkpt lon="-5.159529" lat="36.745257"><ele>737.3</ele></trkpt>
   <trkpt lon="-5.159380" lat="36.745392"><ele>738.9</ele></trkpt>
   <trkpt lon="-5.159063" lat="36.745647"><ele>740.9</ele></trkpt>
   <trkpt lon="-5.158782" lat="36.745891"><ele>742.4</ele></trkpt>
   <trkpt lon="-5.158594" lat="36.745999"><ele>741.8</ele></trkpt>
   <trkpt lon="-5.157763" lat="36.746493"><ele>740.7</ele></trkpt>
   <trkpt lon="-5.157617" lat="36.746602"><ele>740.6</ele></trkpt>
   <trkpt lon="-5.157511" lat="36.746728"><ele>741.5</ele></trkpt>
   <trkpt lon="-5.157469" lat="36.746782"><ele>741.9</ele></trkpt>
   <trkpt lon="-5.157380" lat="36.746904"><ele>742.7</ele></trkpt>
   <trkpt lon="-5.157303" lat="36.747008"><ele>742.7</ele></trkpt>
   <trkpt lon="-5.157098" lat="36.747280"><ele>742.4</ele></trkpt>
   <trkpt lon="-5.156970" lat="36.747419"><ele>741.7</ele></trkpt>
   <trkpt lon="-5.156878" lat="36.747528"><ele>741.4</ele></trkpt>
   <trkpt lon="-5.156707" lat="36.747615"><ele>740.2</ele></trkpt>
   <trkpt lon="-5.156680" lat="36.747679"><ele>740.5</ele></trkpt>
   <trkpt lon="-5.156700" lat="36.747703"><ele>741.0</ele></trkpt>
   <trkpt lon="-5.156611" lat="36.747752"><ele>740.7</ele></trkpt>
   <trkpt lon="-5.156509" lat="36.747809"><ele>740.7</ele></trkpt>
   <trkpt lon="-5.156267" lat="36.747945"><ele>740.7</ele></trkpt>
   <trkpt lon="-5.156232" lat="36.747964"><ele>740.7</ele></trkpt>
   <trkpt lon="-5.156191" lat="36.747987"><ele>740.9</ele></trkpt>
   <trkpt lon="-5.156050" lat="36.748066"><ele>741.3</ele></trkpt>
   <trkpt lon="-5.156007" lat="36.748090"><ele>741.4</ele></trkpt>
   <trkpt lon="-5.155936" lat="36.748129"><ele>741.5</ele></trkpt>
   <trkpt lon="-5.155508" lat="36.748369"><ele>741.8</ele></trkpt>
   <trkpt lon="-5.155412" lat="36.748422"><ele>741.9</ele></trkpt>
   <trkpt lon="-5.155374" lat="36.748393"><ele>741.7</ele></trkpt>
   <trkpt lon="-5.155343" lat="36.748384"><ele>741.6</ele></trkpt>
   <trkpt lon="-5.155309" lat="36.748383"><ele>741.6</ele></trkpt>
   <trkpt lon="-5.155277" lat="36.748390"><ele>741.6</ele></trkpt>
   <trkpt lon="-5.155249" lat="36.748404"><ele>741.6</ele></trkpt>
   <trkpt lon="-5.155225" lat="36.748427"><ele>741.6</ele></trkpt>
   <trkpt lon="-5.155213" lat="36.748456"><ele>741.7</ele></trkpt>
   <trkpt lon="-5.154939" lat="36.748606"><ele>742.0</ele></trkpt>
   <trkpt lon="-5.154690" lat="36.748738"><ele>742.0</ele></trkpt>
   <trkpt lon="-5.154533" lat="36.748818"><ele>742.0</ele></trkpt>
   <trkpt lon="-5.154480" lat="36.748845"><ele>741.7</ele></trkpt>
   <trkpt lon="-5.154205" lat="36.748988"><ele>740.3</ele></trkpt>
   <trkpt lon="-5.153463" lat="36.749386"><ele>737.1</ele></trkpt>
   <trkpt lon="-5.153385" lat="36.749443"><ele>736.7</ele></trkpt>
   <trkpt lon="-5.153176" lat="36.749560"><ele>735.9</ele></trkpt>
   <trkpt lon="-5.153102" lat="36.749564"><ele>735.5</ele></trkpt>
   <trkpt lon="-5.153053" lat="36.749576"><ele>735.3</ele></trkpt>
   <trkpt lon="-5.152974" lat="36.749607"><ele>734.9</ele></trkpt>
   <trkpt lon="-5.152755" lat="36.749762"><ele>734.1</ele></trkpt>
   <trkpt lon="-5.152477" lat="36.749968"><ele>733.1</ele></trkpt>
   <trkpt lon="-5.152163" lat="36.750241"><ele>732.0</ele></trkpt>
   <trkpt lon="-5.151923" lat="36.750468"><ele>731.4</ele></trkpt>
   <trkpt lon="-5.151566" lat="36.750834"><ele>729.0</ele></trkpt>
   <trkpt lon="-5.151497" lat="36.750918"><ele>728.3</ele></trkpt>
   <trkpt lon="-5.151428" lat="36.751004"><ele>727.6</ele></trkpt>
   <trkpt lon="-5.151396" lat="36.751060"><ele>727.2</ele></trkpt>
   <trkpt lon="-5.151360" lat="36.751175"><ele>727.1</ele></trkpt>
   <trkpt lon="-5.151206" lat="36.751349"><ele>726.5</ele></trkpt>
   <trkpt lon="-5.151183" lat="36.751367"><ele>726.3</ele></trkpt>
   <trkpt lon="-5.151084" lat="36.751443"><ele>725.8</ele></trkpt>
   <trkpt lon="-5.151055" lat="36.751448"><ele>725.6</ele></trkpt>
   <trkpt lon="-5.151029" lat="36.751460"><ele>725.5</ele></trkpt>
   <trkpt lon="-5.151009" lat="36.751478"><ele>725.4</ele></trkpt>
   <trkpt lon="-5.150993" lat="36.751523"><ele>725.3</ele></trkpt>
   <trkpt lon="-5.150997" lat="36.751546"><ele>725.3</ele></trkpt>
   <trkpt lon="-5.151019" lat="36.751577"><ele>725.4</ele></trkpt>
   <trkpt lon="-5.150973" lat="36.751688"><ele>725.1</ele></trkpt>
   <trkpt lon="-5.150920" lat="36.751753"><ele>724.8</ele></trkpt>
   <trkpt lon="-5.150677" lat="36.752047"><ele>723.9</ele></trkpt>
   <trkpt lon="-5.150373" lat="36.752443"><ele>723.8</ele></trkpt>
   <trkpt lon="-5.150316" lat="36.752518"><ele>723.6</ele></trkpt>
   <trkpt lon="-5.150069" lat="36.752844"><ele>723.5</ele></trkpt>
   <trkpt lon="-5.149975" lat="36.752963"><ele>723.9</ele></trkpt>
   <trkpt lon="-5.149911" lat="36.753044"><ele>723.9</ele></trkpt>
   <trkpt lon="-5.149879" lat="36.753110"><ele>723.8</ele></trkpt>
   <trkpt lon="-5.149863" lat="36.753175"><ele>723.7</ele></trkpt>
   <trkpt lon="-5.149824" lat="36.753181"><ele>723.6</ele></trkpt>
   <trkpt lon="-5.149790" lat="36.753196"><ele>723.5</ele></trkpt>
   <trkpt lon="-5.149764" lat="36.753220"><ele>723.4</ele></trkpt>
   <trkpt lon="-5.149750" lat="36.753250"><ele>723.3</ele></trkpt>
   <trkpt lon="-5.149749" lat="36.753281"><ele>723.2</ele></trkpt>
   <trkpt lon="-5.149464" lat="36.753461"><ele>723.6</ele></trkpt>
   <trkpt lon="-5.149233" lat="36.753576"><ele>723.3</ele></trkpt>
   <trkpt lon="-5.149172" lat="36.753597"><ele>723.3</ele></trkpt>
   <trkpt lon="-5.148988" lat="36.753603"><ele>723.0</ele></trkpt>
   <trkpt lon="-5.148487" lat="36.753627"><ele>722.0</ele></trkpt>
   <trkpt lon="-5.148378" lat="36.753656"><ele>722.0</ele></trkpt>
   <trkpt lon="-5.148311" lat="36.753692"><ele>722.2</ele></trkpt>
   <trkpt lon="-5.148252" lat="36.753733"><ele>722.5</ele></trkpt>
   <trkpt lon="-5.148208" lat="36.753782"><ele>722.6</ele></trkpt>
   <trkpt lon="-5.148170" lat="36.753860"><ele>722.8</ele></trkpt>
   <trkpt lon="-5.148162" lat="36.753925"><ele>722.9</ele></trkpt>
   <trkpt lon="-5.148164" lat="36.753996"><ele>723.0</ele></trkpt>
   <trkpt lon="-5.148195" lat="36.754052"><ele>723.2</ele></trkpt>
   <trkpt lon="-5.148377" lat="36.754218"><ele>724.7</ele></trkpt>
   <trkpt lon="-5.148408" lat="36.754307"><ele>725.4</ele></trkpt>
   <trkpt lon="-5.148417" lat="36.754380"><ele>725.8</ele></trkpt>
   <trkpt lon="-5.148402" lat="36.754448"><ele>725.9</ele></trkpt>
   <trkpt lon="-5.148354" lat="36.754527"><ele>726.1</ele></trkpt>
   <trkpt lon="-5.148265" lat="36.754635"><ele>726.6</ele></trkpt>
   <trkpt lon="-5.148085" lat="36.754746"><ele>727.6</ele></trkpt>
   <trkpt lon="-5.147899" lat="36.754836"><ele>727.4</ele></trkpt>
   <trkpt lon="-5.147514" lat="36.754989"><ele>727.6</ele></trkpt>
   <trkpt lon="-5.147282" lat="36.755071"><ele>728.0</ele></trkpt>
   <trkpt lon="-5.147000" lat="36.755179"><ele>728.1</ele></trkpt>
   <trkpt lon="-5.146899" lat="36.755205"><ele>728.5</ele></trkpt>
   <trkpt lon="-5.146576" lat="36.755352"><ele>730.1</ele></trkpt>
   <trkpt lon="-5.145822" lat="36.755735"><ele>732.0</ele></trkpt>
   <trkpt lon="-5.144865" lat="36.756239"><ele>734.0</ele></trkpt>
   <trkpt lon="-5.144228" lat="36.756581"><ele>732.9</ele></trkpt>
   <trkpt lon="-5.143700" lat="36.756881"><ele>731.8</ele></trkpt>
   <trkpt lon="-5.143651" lat="36.756929"><ele>731.7</ele></trkpt>
   <trkpt lon="-5.142440" lat="36.757568"><ele>738.9</ele></trkpt>
   <trkpt lon="-5.142139" lat="36.757743"><ele>739.2</ele></trkpt>
   <trkpt lon="-5.141860" lat="36.757951"><ele>740.1</ele></trkpt>
   <trkpt lon="-5.141524" lat="36.758278"><ele>739.0</ele></trkpt>
   <trkpt lon="-5.141255" lat="36.758643"><ele>740.6</ele></trkpt>
   <trkpt lon="-5.141164" lat="36.758789"><ele>742.6</ele></trkpt>
   <trkpt lon="-5.140309" lat="36.760118"><ele>742.9</ele></trkpt>
   <trkpt lon="-5.139854" lat="36.760850"><ele>745.1</ele></trkpt>
   <trkpt lon="-5.139662" lat="36.761148"><ele>745.7</ele></trkpt>
   <trkpt lon="-5.139444" lat="36.761448"><ele>746.7</ele></trkpt>
   <trkpt lon="-5.139308" lat="36.761619"><ele>748.0</ele></trkpt>
   <trkpt lon="-5.139158" lat="36.761792"><ele>749.0</ele></trkpt>
   <trkpt lon="-5.138629" lat="36.762324"><ele>750.0</ele></trkpt>
   <trkpt lon="-5.138150" lat="36.762776"><ele>751.1</ele></trkpt>
   <trkpt lon="-5.137859" lat="36.763036"><ele>750.6</ele></trkpt>
   <trkpt lon="-5.137697" lat="36.763159"><ele>750.0</ele></trkpt>
   <trkpt lon="-5.137509" lat="36.763288"><ele>749.7</ele></trkpt>
   <trkpt lon="-5.137430" lat="36.763312"><ele>749.9</ele></trkpt>
   <trkpt lon="-5.137170" lat="36.763443"><ele>750.8</ele></trkpt>
   <trkpt lon="-5.136650" lat="36.763646"><ele>752.0</ele></trkpt>
   <trkpt lon="-5.136443" lat="36.763710"><ele>752.0</ele></trkpt>
   <trkpt lon="-5.136237" lat="36.763756"><ele>753.1</ele></trkpt>
   <trkpt lon="-5.136044" lat="36.763785"><ele>753.8</ele></trkpt>
   <trkpt lon="-5.135845" lat="36.763807"><ele>754.9</ele></trkpt>
   <trkpt lon="-5.135706" lat="36.763823"><ele>755.4</ele></trkpt>
   <trkpt lon="-5.135248" lat="36.763835"><ele>756.2</ele></trkpt>
   <trkpt lon="-5.134363" lat="36.763836"><ele>758.5</ele></trkpt>
   <trkpt lon="-5.134118" lat="36.763851"><ele>759.4</ele></trkpt>
   <trkpt lon="-5.133904" lat="36.763872"><ele>759.7</ele></trkpt>
   <trkpt lon="-5.133704" lat="36.763897"><ele>759.9</ele></trkpt>
   <trkpt lon="-5.133476" lat="36.763943"><ele>760.1</ele></trkpt>
   <trkpt lon="-5.133199" lat="36.764019"><ele>760.9</ele></trkpt>
   <trkpt lon="-5.132963" lat="36.764104"><ele>761.4</ele></trkpt>
   <trkpt lon="-5.132748" lat="36.764198"><ele>761.6</ele></trkpt>
   <trkpt lon="-5.132525" lat="36.764317"><ele>761.4</ele></trkpt>
   <trkpt lon="-5.132310" lat="36.764458"><ele>761.5</ele></trkpt>
   <trkpt lon="-5.132113" lat="36.764610"><ele>761.6</ele></trkpt>
   <trkpt lon="-5.132101" lat="36.764642"><ele>761.7</ele></trkpt>
   <trkpt lon="-5.131907" lat="36.764807"><ele>761.2</ele></trkpt>
   <trkpt lon="-5.131683" lat="36.765031"><ele>761.1</ele></trkpt>
   <trkpt lon="-5.131553" lat="36.765191"><ele>760.8</ele></trkpt>
   <trkpt lon="-5.130457" lat="36.766725"><ele>755.0</ele></trkpt>
   <trkpt lon="-5.130009" lat="36.767354"><ele>752.3</ele></trkpt>
   <trkpt lon="-5.128600" lat="36.769334"><ele>751.0</ele></trkpt>
   <trkpt lon="-5.128302" lat="36.769753"><ele>751.0</ele></trkpt>
   <trkpt lon="-5.127555" lat="36.770801"><ele>752.0</ele></trkpt>
   <trkpt lon="-5.127017" lat="36.771554"><ele>751.7</ele></trkpt>
   <trkpt lon="-5.126721" lat="36.771971"><ele>749.9</ele></trkpt>
   <trkpt lon="-5.125703" lat="36.773393"><ele>744.3</ele></trkpt>
   <trkpt lon="-5.125006" lat="36.774379"><ele>748.5</ele></trkpt>
   <trkpt lon="-5.124703" lat="36.774781"><ele>752.8</ele></trkpt>
   <trkpt lon="-5.124401" lat="36.775158"><ele>754.2</ele></trkpt>
   <trkpt lon="-5.124092" lat="36.775522"><ele>755.0</ele></trkpt>
   <trkpt lon="-5.123605" lat="36.776068"><ele>755.0</ele></trkpt>
   <trkpt lon="-5.123261" lat="36.776429"><ele>755.4</ele></trkpt>
   <trkpt lon="-5.122917" lat="36.776770"><ele>756.0</ele></trkpt>
   <trkpt lon="-5.122368" lat="36.777299"><ele>757.2</ele></trkpt>
   <trkpt lon="-5.120214" lat="36.779369"><ele>764.1</ele></trkpt>
   <trkpt lon="-5.119955" lat="36.779623"><ele>765.3</ele></trkpt>
   <trkpt lon="-5.119590" lat="36.779982"><ele>766.3</ele></trkpt>
   <trkpt lon="-5.119125" lat="36.780425"><ele>765.4</ele></trkpt>
   <trkpt lon="-5.118919" lat="36.780623"><ele>765.1</ele></trkpt>
   <trkpt lon="-5.118776" lat="36.780760"><ele>765.0</ele></trkpt>
   <trkpt lon="-5.117276" lat="36.782201"><ele>764.0</ele></trkpt>
   <trkpt lon="-5.117042" lat="36.782426"><ele>764.0</ele></trkpt>
   <trkpt lon="-5.116993" lat="36.782475"><ele>764.0</ele></trkpt>
   <trkpt lon="-5.116442" lat="36.783018"><ele>764.5</ele></trkpt>
   <trkpt lon="-5.116326" lat="36.783131"><ele>764.3</ele></trkpt>
   <trkpt lon="-5.116068" lat="36.783390"><ele>765.0</ele></trkpt>
   <trkpt lon="-5.115597" lat="36.783822"><ele>766.0</ele></trkpt>
   <trkpt lon="-5.115311" lat="36.784097"><ele>766.1</ele></trkpt>
   <trkpt lon="-5.114419" lat="36.784952"><ele>767.0</ele></trkpt>
   <trkpt lon="-5.113806" lat="36.785542"><ele>766.9</ele></trkpt>
   <trkpt lon="-5.113574" lat="36.785764"><ele>766.0</ele></trkpt>
   <trkpt lon="-5.112821" lat="36.786492"><ele>766.9</ele></trkpt>
   <trkpt lon="-5.111580" lat="36.787687"><ele>766.9</ele></trkpt>
   <trkpt lon="-5.110257" lat="36.788953"><ele>766.9</ele></trkpt>
   <trkpt lon="-5.109170" lat="36.790001"><ele>767.0</ele></trkpt>
   <trkpt lon="-5.109117" lat="36.790055"><ele>767.0</ele></trkpt>
   <trkpt lon="-5.109063" lat="36.790108"><ele>767.1</ele></trkpt>
   <trkpt lon="-5.107858" lat="36.791266"><ele>755.3</ele></trkpt>
   <trkpt lon="-5.106811" lat="36.792275"><ele>747.3</ele></trkpt>
   <trkpt lon="-5.106779" lat="36.792306"><ele>749.1</ele></trkpt>
   <trkpt lon="-5.106646" lat="36.792438"><ele>756.4</ele></trkpt>
   <trkpt lon="-5.106549" lat="36.792508"><ele>759.8</ele></trkpt>
   <trkpt lon="-5.106172" lat="36.792888"><ele>765.6</ele></trkpt>
   <trkpt lon="-5.105965" lat="36.793116"><ele>765.5</ele></trkpt>
   <trkpt lon="-5.105938" lat="36.793202"><ele>765.3</ele></trkpt>
   <trkpt lon="-5.105743" lat="36.793437"><ele>765.0</ele></trkpt>
   <trkpt lon="-5.105669" lat="36.793531"><ele>765.0</ele></trkpt>
   <trkpt lon="-5.105637" lat="36.793574"><ele>765.0</ele></trkpt>
   <trkpt lon="-5.105643" lat="36.793621"><ele>765.0</ele></trkpt>
   <trkpt lon="-5.105651" lat="36.793648"><ele>765.1</ele></trkpt>
   <trkpt lon="-5.105680" lat="36.793697"><ele>765.2</ele></trkpt>
   <trkpt lon="-5.105726" lat="36.793743"><ele>765.3</ele></trkpt>
   <trkpt lon="-5.105809" lat="36.793774"><ele>765.4</ele></trkpt>
   <trkpt lon="-5.105886" lat="36.793790"><ele>765.5</ele></trkpt>
   <trkpt lon="-5.106040" lat="36.793829"><ele>765.6</ele></trkpt>
   <trkpt lon="-5.106195" lat="36.793877"><ele>765.4</ele></trkpt>
   <trkpt lon="-5.107098" lat="36.794431"><ele>764.6</ele></trkpt>
   <trkpt lon="-5.107430" lat="36.794656"><ele>764.0</ele></trkpt>
   <trkpt lon="-5.107597" lat="36.794799"><ele>763.8</ele></trkpt>
   <trkpt lon="-5.107748" lat="36.794958"><ele>763.1</ele></trkpt>
   <trkpt lon="-5.107874" lat="36.795132"><ele>762.9</ele></trkpt>
   <trkpt lon="-5.107989" lat="36.795340"><ele>762.3</ele></trkpt>
   <trkpt lon="-5.108085" lat="36.795604"><ele>762.0</ele></trkpt>
   <trkpt lon="-5.108106" lat="36.795883"><ele>761.4</ele></trkpt>
   <trkpt lon="-5.108085" lat="36.796193"><ele>761.0</ele></trkpt>
   <trkpt lon="-5.107983" lat="36.796523"><ele>761.0</ele></trkpt>
   <trkpt lon="-5.107806" lat="36.796953"><ele>761.0</ele></trkpt>
   <trkpt lon="-5.107602" lat="36.797417"><ele>761.0</ele></trkpt>
   <trkpt lon="-5.107478" lat="36.797773"><ele>761.0</ele></trkpt>
   <trkpt lon="-5.107419" lat="36.798087"><ele>760.9</ele></trkpt>
   <trkpt lon="-5.107414" lat="36.798418"><ele>760.0</ele></trkpt>
   <trkpt lon="-5.107419" lat="36.798671"><ele>759.2</ele></trkpt>
   <trkpt lon="-5.107462" lat="36.798916"><ele>758.5</ele></trkpt>
   <trkpt lon="-5.107596" lat="36.799242"><ele>757.6</ele></trkpt>
   <trkpt lon="-5.107714" lat="36.799474"><ele>756.9</ele></trkpt>
   <trkpt lon="-5.108012" lat="36.799936"><ele>755.5</ele></trkpt>
   <trkpt lon="-5.109895" lat="36.802419"><ele>752.5</ele></trkpt>
   <trkpt lon="-5.110930" lat="36.803804"><ele>750.2</ele></trkpt>
   <trkpt lon="-5.111078" lat="36.804015"><ele>749.6</ele></trkpt>
   <trkpt lon="-5.111209" lat="36.804236"><ele>749.1</ele></trkpt>
   <trkpt lon="-5.111324" lat="36.804446"><ele>749.1</ele></trkpt>
   <trkpt lon="-5.111423" lat="36.804664"><ele>748.9</ele></trkpt>
   <trkpt lon="-5.111498" lat="36.804859"><ele>748.9</ele></trkpt>
   <trkpt lon="-5.111558" lat="36.805062"><ele>749.1</ele></trkpt>
   <trkpt lon="-5.111618" lat="36.805307"><ele>749.2</ele></trkpt>
   <trkpt lon="-5.111795" lat="36.806253"><ele>747.8</ele></trkpt>
   <trkpt lon="-5.111872" lat="36.806603"><ele>747.0</ele></trkpt>
   <trkpt lon="-5.112005" lat="36.807073"><ele>746.3</ele></trkpt>
   <trkpt lon="-5.112156" lat="36.807515"><ele>746.0</ele></trkpt>
   <trkpt lon="-5.112358" lat="36.807955"><ele>745.5</ele></trkpt>
   <trkpt lon="-5.112518" lat="36.808256"><ele>745.9</ele></trkpt>
   <trkpt lon="-5.112672" lat="36.808518"><ele>746.1</ele></trkpt>
   <trkpt lon="-5.112994" lat="36.808954"><ele>747.2</ele></trkpt>
   <trkpt lon="-5.113318" lat="36.809330"><ele>746.7</ele></trkpt>
   <trkpt lon="-5.113838" lat="36.809935"><ele>747.0</ele></trkpt>
   <trkpt lon="-5.115022" lat="36.811122"><ele>747.4</ele></trkpt>
   <trkpt lon="-5.115353" lat="36.811466"><ele>747.0</ele></trkpt>
   <trkpt lon="-5.115643" lat="36.811813"><ele>747.2</ele></trkpt>
   <trkpt lon="-5.115844" lat="36.812119"><ele>747.4</ele></trkpt>
   <trkpt lon="-5.115992" lat="36.812450"><ele>746.8</ele></trkpt>
   <trkpt lon="-5.116075" lat="36.812729"><ele>746.6</ele></trkpt>
   <trkpt lon="-5.116229" lat="36.813415"><ele>747.4</ele></trkpt>
   <trkpt lon="-5.116357" lat="36.813912"><ele>747.2</ele></trkpt>
   <trkpt lon="-5.116567" lat="36.814601"><ele>746.5</ele></trkpt>
   <trkpt lon="-5.116870" lat="36.815219"><ele>745.9</ele></trkpt>
   <trkpt lon="-5.117263" lat="36.815845"><ele>746.1</ele></trkpt>
   <trkpt lon="-5.117574" lat="36.816251"><ele>746.3</ele></trkpt>
   <trkpt lon="-5.117819" lat="36.816535"><ele>744.9</ele></trkpt>
   <trkpt lon="-5.118356" lat="36.817054"><ele>740.0</ele></trkpt>
   <trkpt lon="-5.118790" lat="36.817410"><ele>739.4</ele></trkpt>
   <trkpt lon="-5.119230" lat="36.817734"><ele>740.4</ele></trkpt>
   <trkpt lon="-5.119979" lat="36.818265"><ele>743.2</ele></trkpt>
   <trkpt lon="-5.120637" lat="36.818751"><ele>744.2</ele></trkpt>
   <trkpt lon="-5.121067" lat="36.819131"><ele>744.5</ele></trkpt>
   <trkpt lon="-5.121317" lat="36.819389"><ele>744.5</ele></trkpt>
   <trkpt lon="-5.121482" lat="36.819582"><ele>744.7</ele></trkpt>
   <trkpt lon="-5.121619" lat="36.819793"><ele>744.9</ele></trkpt>
   <trkpt lon="-5.121736" lat="36.819989"><ele>745.3</ele></trkpt>
   <trkpt lon="-5.121839" lat="36.820208"><ele>745.4</ele></trkpt>
   <trkpt lon="-5.121923" lat="36.820433"><ele>745.8</ele></trkpt>
   <trkpt lon="-5.121987" lat="36.820661"><ele>746.4</ele></trkpt>
   <trkpt lon="-5.122034" lat="36.820841"><ele>746.4</ele></trkpt>
   <trkpt lon="-5.122066" lat="36.821030"><ele>746.5</ele></trkpt>
   <trkpt lon="-5.122381" lat="36.823588"><ele>748.0</ele></trkpt>
   <trkpt lon="-5.122699" lat="36.826080"><ele>755.6</ele></trkpt>
   <trkpt lon="-5.122909" lat="36.827802"><ele>758.1</ele></trkpt>
   <trkpt lon="-5.122975" lat="36.828261"><ele>758.9</ele></trkpt>
   <trkpt lon="-5.123064" lat="36.828676"><ele>759.9</ele></trkpt>
   <trkpt lon="-5.123130" lat="36.828879"><ele>760.3</ele></trkpt>
   <trkpt lon="-5.123252" lat="36.829153"><ele>761.8</ele></trkpt>
   <trkpt lon="-5.123381" lat="36.829355"><ele>763.3</ele></trkpt>
   <trkpt lon="-5.123546" lat="36.829587"><ele>764.5</ele></trkpt>
   <trkpt lon="-5.123790" lat="36.829832"><ele>765.0</ele></trkpt>
   <trkpt lon="-5.124020" lat="36.830029"><ele>764.6</ele></trkpt>
   <trkpt lon="-5.124289" lat="36.830207"><ele>763.7</ele></trkpt>
   <trkpt lon="-5.124724" lat="36.830437"><ele>761.8</ele></trkpt>
   <trkpt lon="-5.125140" lat="36.830649"><ele>760.6</ele></trkpt>
   <trkpt lon="-5.125457" lat="36.830830"><ele>760.2</ele></trkpt>
   <trkpt lon="-5.125701" lat="36.831023"><ele>760.8</ele></trkpt>
   <trkpt lon="-5.125902" lat="36.831241"><ele>761.2</ele></trkpt>
   <trkpt lon="-5.126029" lat="36.831431"><ele>761.2</ele></trkpt>
   <trkpt lon="-5.126160" lat="36.831714"><ele>760.9</ele></trkpt>
   <trkpt lon="-5.126226" lat="36.831910"><ele>760.6</ele></trkpt>
   <trkpt lon="-5.126297" lat="36.832156"><ele>759.3</ele></trkpt>
   <trkpt lon="-5.126407" lat="36.832471"><ele>757.1</ele></trkpt>
   <trkpt lon="-5.126508" lat="36.832682"><ele>756.1</ele></trkpt>
   <trkpt lon="-5.126631" lat="36.832896"><ele>755.5</ele></trkpt>
   <trkpt lon="-5.126787" lat="36.833088"><ele>755.0</ele></trkpt>
   <trkpt lon="-5.127012" lat="36.833320"><ele>755.3</ele></trkpt>
   <trkpt lon="-5.127236" lat="36.833479"><ele>755.8</ele></trkpt>
   <trkpt lon="-5.127469" lat="36.833612"><ele>756.1</ele></trkpt>
   <trkpt lon="-5.127729" lat="36.833717"><ele>756.4</ele></trkpt>
   <trkpt lon="-5.128049" lat="36.833823"><ele>757.2</ele></trkpt>
   <trkpt lon="-5.128322" lat="36.833876"><ele>758.1</ele></trkpt>
   <trkpt lon="-5.130237" lat="36.834084"><ele>762.4</ele></trkpt>
   <trkpt lon="-5.132428" lat="36.834291"><ele>765.1</ele></trkpt>
   <trkpt lon="-5.133318" lat="36.834392"><ele>766.0</ele></trkpt>
   <trkpt lon="-5.133603" lat="36.834464"><ele>766.7</ele></trkpt>
   <trkpt lon="-5.133880" lat="36.834566"><ele>767.0</ele></trkpt>
   <trkpt lon="-5.135837" lat="36.835510"><ele>770.0</ele></trkpt>
   <trkpt lon="-5.136168" lat="36.835660"><ele>770.3</ele></trkpt>
   <trkpt lon="-5.136365" lat="36.835723"><ele>771.1</ele></trkpt>
   <trkpt lon="-5.136521" lat="36.835782"><ele>771.5</ele></trkpt>
   <trkpt lon="-5.136667" lat="36.835825"><ele>771.6</ele></trkpt>
   <trkpt lon="-5.136696" lat="36.835849"><ele>771.7</ele></trkpt>
   <trkpt lon="-5.136733" lat="36.835866"><ele>771.7</ele></trkpt>
   <trkpt lon="-5.136774" lat="36.835874"><ele>771.8</ele></trkpt>
   <trkpt lon="-5.136817" lat="36.835873"><ele>771.8</ele></trkpt>
   <trkpt lon="-5.136857" lat="36.835862"><ele>771.8</ele></trkpt>
   <trkpt lon="-5.136891" lat="36.835842"><ele>771.8</ele></trkpt>
   <trkpt lon="-5.137061" lat="36.835844"><ele>771.9</ele></trkpt>
   <trkpt lon="-5.137106" lat="36.835872"><ele>772.0</ele></trkpt>
   <trkpt lon="-5.137165" lat="36.835922"><ele>772.1</ele></trkpt>
   <trkpt lon="-5.137216" lat="36.836007"><ele>772.4</ele></trkpt>
   <trkpt lon="-5.137251" lat="36.836104"><ele>772.6</ele></trkpt>
   <trkpt lon="-5.137283" lat="36.836355"><ele>773.3</ele></trkpt>
   <trkpt lon="-5.137320" lat="36.836775"><ele>775.8</ele></trkpt>
   <trkpt lon="-5.137458" lat="36.837910"><ele>780.7</ele></trkpt>
   <trkpt lon="-5.137514" lat="36.838078"><ele>781.4</ele></trkpt>
   <trkpt lon="-5.137584" lat="36.838179"><ele>781.9</ele></trkpt>
   <trkpt lon="-5.137687" lat="36.838287"><ele>782.1</ele></trkpt>
   <trkpt lon="-5.137722" lat="36.838315"><ele>782.1</ele></trkpt>
   <trkpt lon="-5.137844" lat="36.838386"><ele>782.1</ele></trkpt>
   <trkpt lon="-5.137989" lat="36.838443"><ele>782.3</ele></trkpt>
   <trkpt lon="-5.139087" lat="36.838559"><ele>784.8</ele></trkpt>
   <trkpt lon="-5.139312" lat="36.838623"><ele>785.4</ele></trkpt>
   <trkpt lon="-5.139555" lat="36.838722"><ele>786.1</ele></trkpt>
   <trkpt lon="-5.140662" lat="36.839564"><ele>786.2</ele></trkpt>
   <trkpt lon="-5.141125" lat="36.840684"><ele>780.8</ele></trkpt>
   <trkpt lon="-5.141273" lat="36.841040"><ele>779.0</ele></trkpt>
   <trkpt lon="-5.142003" lat="36.842973"><ele>766.6</ele></trkpt>
   <trkpt lon="-5.142339" lat="36.843671"><ele>761.1</ele></trkpt>
   <trkpt lon="-5.142620" lat="36.844296"><ele>757.5</ele></trkpt>
   <trkpt lon="-5.142947" lat="36.844900"><ele>752.5</ele></trkpt>
   <trkpt lon="-5.143304" lat="36.845374"><ele>748.8</ele></trkpt>
   <trkpt lon="-5.143711" lat="36.845818"><ele>745.6</ele></trkpt>
   <trkpt lon="-5.144155" lat="36.846142"><ele>743.5</ele></trkpt>
   <trkpt lon="-5.144634" lat="36.846460"><ele>742.5</ele></trkpt>
   <trkpt lon="-5.145802" lat="36.847213"><ele>735.6</ele></trkpt>
   <trkpt lon="-5.146934" lat="36.847980"><ele>728.4</ele></trkpt>
   <trkpt lon="-5.147548" lat="36.848387"><ele>723.9</ele></trkpt>
   <trkpt lon="-5.148481" lat="36.849006"><ele>717.3</ele></trkpt>
   <trkpt lon="-5.148662" lat="36.849126"><ele>716.3</ele></trkpt>
   <trkpt lon="-5.149029" lat="36.849369"><ele>713.2</ele></trkpt>
   <trkpt lon="-5.149480" lat="36.849653"><ele>709.6</ele></trkpt>
   <trkpt lon="-5.149923" lat="36.849865"><ele>707.0</ele></trkpt>
   <trkpt lon="-5.150401" lat="36.850070"><ele>704.0</ele></trkpt>
   <trkpt lon="-5.150640" lat="36.850194"><ele>702.3</ele></trkpt>
   <trkpt lon="-5.151152" lat="36.850271"><ele>700.1</ele></trkpt>
   <trkpt lon="-5.152595" lat="36.850486"><ele>691.8</ele></trkpt>
   <trkpt lon="-5.153307" lat="36.850580"><ele>688.6</ele></trkpt>
   <trkpt lon="-5.153589" lat="36.850653"><ele>686.4</ele></trkpt>
   <trkpt lon="-5.153961" lat="36.850750"><ele>683.9</ele></trkpt>
   <trkpt lon="-5.155349" lat="36.851069"><ele>676.2</ele></trkpt>
   <trkpt lon="-5.155597" lat="36.851075"><ele>674.9</ele></trkpt>
   <trkpt lon="-5.155801" lat="36.851068"><ele>673.8</ele></trkpt>
   <trkpt lon="-5.156674" lat="36.851040"><ele>669.1</ele></trkpt>
   <trkpt lon="-5.156759" lat="36.851058"><ele>668.5</ele></trkpt>
   <trkpt lon="-5.157309" lat="36.851171"><ele>665.7</ele></trkpt>
   <trkpt lon="-5.157525" lat="36.851216"><ele>664.8</ele></trkpt>
   <trkpt lon="-5.157850" lat="36.851283"><ele>664.1</ele></trkpt>
   <trkpt lon="-5.157938" lat="36.851302"><ele>664.0</ele></trkpt>
   <trkpt lon="-5.158208" lat="36.851358"><ele>662.2</ele></trkpt>
   <trkpt lon="-5.158405" lat="36.851398"><ele>661.2</ele></trkpt>
   <trkpt lon="-5.158768" lat="36.851473"><ele>659.5</ele></trkpt>
   <trkpt lon="-5.158928" lat="36.851507"><ele>658.5</ele></trkpt>
   <trkpt lon="-5.159167" lat="36.851556"><ele>657.3</ele></trkpt>
   <trkpt lon="-5.159532" lat="36.851676"><ele>655.2</ele></trkpt>
   <trkpt lon="-5.159756" lat="36.851824"><ele>653.7</ele></trkpt>
   <trkpt lon="-5.159803" lat="36.851855"><ele>653.4</ele></trkpt>
   <trkpt lon="-5.159906" lat="36.851972"><ele>652.4</ele></trkpt>
   <trkpt lon="-5.160000" lat="36.852078"><ele>651.3</ele></trkpt>
   <trkpt lon="-5.160043" lat="36.852138"><ele>650.6</ele></trkpt>
   <trkpt lon="-5.160210" lat="36.852371"><ele>648.2</ele></trkpt>
   <trkpt lon="-5.160353" lat="36.852571"><ele>646.7</ele></trkpt>
   <trkpt lon="-5.160501" lat="36.852780"><ele>645.3</ele></trkpt>
   <trkpt lon="-5.160606" lat="36.852927"><ele>644.0</ele></trkpt>
   <trkpt lon="-5.160729" lat="36.853101"><ele>642.5</ele></trkpt>
   <trkpt lon="-5.161184" lat="36.853690"><ele>638.1</ele></trkpt>
   <trkpt lon="-5.161383" lat="36.853946"><ele>636.5</ele></trkpt>
   <trkpt lon="-5.162046" lat="36.854480"><ele>629.5</ele></trkpt>
   <trkpt lon="-5.162434" lat="36.854793"><ele>625.4</ele></trkpt>
   <trkpt lon="-5.162614" lat="36.854938"><ele>623.8</ele></trkpt>
   <trkpt lon="-5.162797" lat="36.855205"><ele>621.8</ele></trkpt>
   <trkpt lon="-5.162758" lat="36.855799"><ele>617.8</ele></trkpt>
   <trkpt lon="-5.162761" lat="36.856218"><ele>616.1</ele></trkpt>
   <trkpt lon="-5.162769" lat="36.856268"><ele>615.7</ele></trkpt>
   <trkpt lon="-5.162782" lat="36.856351"><ele>615.2</ele></trkpt>
   <trkpt lon="-5.162866" lat="36.856464"><ele>614.0</ele></trkpt>
   <trkpt lon="-5.163034" lat="36.856595"><ele>612.7</ele></trkpt>
   <trkpt lon="-5.163173" lat="36.856704"><ele>611.3</ele></trkpt>
   <trkpt lon="-5.163273" lat="36.856784"><ele>610.1</ele></trkpt>
   <trkpt lon="-5.163492" lat="36.856944"><ele>607.9</ele></trkpt>
   <trkpt lon="-5.164089" lat="36.857378"><ele>602.5</ele></trkpt>
   <trkpt lon="-5.164110" lat="36.857393"><ele>602.3</ele></trkpt>
   <trkpt lon="-5.164175" lat="36.857440"><ele>601.8</ele></trkpt>
   <trkpt lon="-5.164214" lat="36.857469"><ele>601.6</ele></trkpt>
   <trkpt lon="-5.166976" lat="36.859477"><ele>586.1</ele></trkpt>
   <trkpt lon="-5.167233" lat="36.859664"><ele>584.5</ele></trkpt>
   <trkpt lon="-5.167899" lat="36.860142"><ele>581.4</ele></trkpt>
   <trkpt lon="-5.168235" lat="36.860399"><ele>579.2</ele></trkpt>
   <trkpt lon="-5.168763" lat="36.860801"><ele>575.5</ele></trkpt>
   <trkpt lon="-5.170097" lat="36.861979"><ele>568.4</ele></trkpt>
   <trkpt lon="-5.170235" lat="36.862286"><ele>568.1</ele></trkpt>
   <trkpt lon="-5.170372" lat="36.862523"><ele>567.2</ele></trkpt>
   <trkpt lon="-5.170536" lat="36.862702"><ele>564.8</ele></trkpt>
   <trkpt lon="-5.170971" lat="36.863149"><ele>556.9</ele></trkpt>
   <trkpt lon="-5.171050" lat="36.863254"><ele>556.0</ele></trkpt>
   <trkpt lon="-5.171076" lat="36.863287"><ele>556.2</ele></trkpt>
   <trkpt lon="-5.171063" lat="36.863331"><ele>556.5</ele></trkpt>
   <trkpt lon="-5.171072" lat="36.863374"><ele>556.8</ele></trkpt>
   <trkpt lon="-5.171093" lat="36.863401"><ele>557.0</ele></trkpt>
   <trkpt lon="-5.171128" lat="36.863425"><ele>557.2</ele></trkpt>
   <trkpt lon="-5.171178" lat="36.863438"><ele>557.4</ele></trkpt>
   <trkpt lon="-5.171232" lat="36.863435"><ele>557.5</ele></trkpt>
   <trkpt lon="-5.171278" lat="36.863415"><ele>557.3</ele></trkpt>
   <trkpt lon="-5.171307" lat="36.863388"><ele>557.0</ele></trkpt>
   <trkpt lon="-5.171325" lat="36.863347"><ele>556.6</ele></trkpt>
   <trkpt lon="-5.171320" lat="36.863304"><ele>556.2</ele></trkpt>
   <trkpt lon="-5.171493" lat="36.863151"><ele>555.3</ele></trkpt>
   <trkpt lon="-5.171533" lat="36.863118"><ele>555.2</ele></trkpt>
   <trkpt lon="-5.171897" lat="36.862974"><ele>554.4</ele></trkpt>
   <trkpt lon="-5.172110" lat="36.862864"><ele>554.5</ele></trkpt>
   <trkpt lon="-5.172544" lat="36.862491"><ele>554.8</ele></trkpt>
   <trkpt lon="-5.172666" lat="36.862412"><ele>554.9</ele></trkpt>
   <trkpt lon="-5.172771" lat="36.862344"><ele>554.9</ele></trkpt>
   <trkpt lon="-5.172885" lat="36.862253"><ele>554.0</ele></trkpt>
   <trkpt lon="-5.172936" lat="36.862220"><ele>553.6</ele></trkpt>
   <trkpt lon="-5.173079" lat="36.862113"><ele>553.9</ele></trkpt>
   <trkpt lon="-5.173552" lat="36.861698"><ele>551.1</ele></trkpt>
   <trkpt lon="-5.173605" lat="36.861669"><ele>550.5</ele></trkpt>
   <trkpt lon="-5.173670" lat="36.861653"><ele>550.0</ele></trkpt>
   <trkpt lon="-5.173731" lat="36.861656"><ele>549.9</ele></trkpt>
   <trkpt lon="-5.173783" lat="36.861666"><ele>549.9</ele></trkpt>
   <trkpt lon="-5.173900" lat="36.861731"><ele>550.0</ele></trkpt>
   <trkpt lon="-5.174128" lat="36.861965"><ele>551.4</ele></trkpt>
   <trkpt lon="-5.174312" lat="36.862210"><ele>553.8</ele></trkpt>
   <trkpt lon="-5.174447" lat="36.862347"><ele>554.1</ele></trkpt>
   <trkpt lon="-5.174531" lat="36.862407"><ele>553.6</ele></trkpt>
   <trkpt lon="-5.174705" lat="36.862510"><ele>551.8</ele></trkpt>
   <trkpt lon="-5.174977" lat="36.862645"><ele>549.8</ele></trkpt>
   <trkpt lon="-5.175094" lat="36.862687"><ele>550.0</ele></trkpt>
   <trkpt lon="-5.175204" lat="36.862714"><ele>550.2</ele></trkpt>
   <trkpt lon="-5.175324" lat="36.862732"><ele>550.0</ele></trkpt>
   <trkpt lon="-5.175437" lat="36.862740"><ele>549.8</ele></trkpt>
   <trkpt lon="-5.175622" lat="36.862725"><ele>549.6</ele></trkpt>
   <trkpt lon="-5.175712" lat="36.862704"><ele>549.6</ele></trkpt>
   <trkpt lon="-5.176197" lat="36.862522"><ele>550.4</ele></trkpt>
   <trkpt lon="-5.176342" lat="36.862474"><ele>551.4</ele></trkpt>
   <trkpt lon="-5.176410" lat="36.862455"><ele>551.7</ele></trkpt>
   <trkpt lon="-5.176474" lat="36.862436"><ele>552.0</ele></trkpt>
   <trkpt lon="-5.176685" lat="36.862371"><ele>552.3</ele></trkpt>
   <trkpt lon="-5.176750" lat="36.862340"><ele>552.4</ele></trkpt>
   <trkpt lon="-5.176893" lat="36.862275"><ele>551.6</ele></trkpt>
   <trkpt lon="-5.177073" lat="36.862166"><ele>550.2</ele></trkpt>
   <trkpt lon="-5.177151" lat="36.862102"><ele>550.1</ele></trkpt>
   <trkpt lon="-5.177299" lat="36.861960"><ele>548.5</ele></trkpt>
   <trkpt lon="-5.177330" lat="36.861934"><ele>547.9</ele></trkpt>
   <trkpt lon="-5.177403" lat="36.861873"><ele>545.9</ele></trkpt>
   <trkpt lon="-5.177560" lat="36.861719"><ele>544.1</ele></trkpt>
   <trkpt lon="-5.177608" lat="36.861635"><ele>543.9</ele></trkpt>
   <trkpt lon="-5.177614" lat="36.861588"><ele>544.0</ele></trkpt>
   <trkpt lon="-5.177607" lat="36.861380"><ele>546.6</ele></trkpt>
   <trkpt lon="-5.177596" lat="36.861351"><ele>546.9</ele></trkpt>
   <trkpt lon="-5.177579" lat="36.861313"><ele>547.3</ele></trkpt>
   <trkpt lon="-5.177545" lat="36.861281"><ele>547.3</ele></trkpt>
   <trkpt lon="-5.177059" lat="36.860949"><ele>543.8</ele></trkpt>
   <trkpt lon="-5.176935" lat="36.860847"><ele>543.3</ele></trkpt>
   <trkpt lon="-5.176914" lat="36.860807"><ele>543.3</ele></trkpt>
   <trkpt lon="-5.176910" lat="36.860761"><ele>543.5</ele></trkpt>
   <trkpt lon="-5.176922" lat="36.860719"><ele>543.6</ele></trkpt>
   <trkpt lon="-5.176948" lat="36.860681"><ele>543.9</ele></trkpt>
   <trkpt lon="-5.176985" lat="36.860654"><ele>544.2</ele></trkpt>
   <trkpt lon="-5.177048" lat="36.860629"><ele>544.6</ele></trkpt>
   <trkpt lon="-5.177099" lat="36.860617"><ele>545.0</ele></trkpt>
   <trkpt lon="-5.177156" lat="36.860616"><ele>545.5</ele></trkpt>
   <trkpt lon="-5.177216" lat="36.860629"><ele>545.9</ele></trkpt>
   <trkpt lon="-5.177268" lat="36.860655"><ele>546.3</ele></trkpt>
   <trkpt lon="-5.177314" lat="36.860713"><ele>546.7</ele></trkpt>
   <trkpt lon="-5.177336" lat="36.860701"><ele>546.9</ele></trkpt>
   <trkpt lon="-5.177374" lat="36.860702"><ele>547.2</ele></trkpt>
   <trkpt lon="-5.177670" lat="36.860800"><ele>550.1</ele></trkpt>
   <trkpt lon="-5.178019" lat="36.860803"><ele>552.9</ele></trkpt>
   <trkpt lon="-5.178130" lat="36.860848"><ele>553.5</ele></trkpt>
   <trkpt lon="-5.179050" lat="36.860974"><ele>562.3</ele></trkpt>
   <trkpt lon="-5.179824" lat="36.861013"><ele>565.6</ele></trkpt>
   <trkpt lon="-5.180080" lat="36.860984"><ele>566.4</ele></trkpt>
   <trkpt lon="-5.180388" lat="36.860892"><ele>564.3</ele></trkpt>
   <trkpt lon="-5.180080" lat="36.860984"><ele>566.4</ele></trkpt>
   <trkpt lon="-5.179824" lat="36.861013"><ele>565.6</ele></trkpt>
   <trkpt lon="-5.179050" lat="36.860974"><ele>562.3</ele></trkpt>
   <trkpt lon="-5.178130" lat="36.860848"><ele>553.5</ele></trkpt>
   <trkpt lon="-5.178019" lat="36.860803"><ele>552.9</ele></trkpt>
   <trkpt lon="-5.177670" lat="36.860800"><ele>550.1</ele></trkpt>
   <trkpt lon="-5.177374" lat="36.860702"><ele>547.2</ele></trkpt>
   <trkpt lon="-5.177336" lat="36.860701"><ele>546.9</ele></trkpt>
   <trkpt lon="-5.177314" lat="36.860713"><ele>546.7</ele></trkpt>
   <trkpt lon="-5.177268" lat="36.860655"><ele>546.3</ele></trkpt>
   <trkpt lon="-5.177216" lat="36.860629"><ele>545.9</ele></trkpt>
   <trkpt lon="-5.177156" lat="36.860616"><ele>545.5</ele></trkpt>
   <trkpt lon="-5.177099" lat="36.860617"><ele>545.0</ele></trkpt>
   <trkpt lon="-5.177048" lat="36.860629"><ele>544.6</ele></trkpt>
   <trkpt lon="-5.176985" lat="36.860654"><ele>544.2</ele></trkpt>
   <trkpt lon="-5.176948" lat="36.860681"><ele>543.9</ele></trkpt>
   <trkpt lon="-5.176922" lat="36.860719"><ele>543.6</ele></trkpt>
   <trkpt lon="-5.176910" lat="36.860761"><ele>543.5</ele></trkpt>
   <trkpt lon="-5.176914" lat="36.860807"><ele>543.3</ele></trkpt>
   <trkpt lon="-5.176935" lat="36.860847"><ele>543.3</ele></trkpt>
   <trkpt lon="-5.177059" lat="36.860949"><ele>543.8</ele></trkpt>
   <trkpt lon="-5.177545" lat="36.861281"><ele>547.3</ele></trkpt>
   <trkpt lon="-5.177579" lat="36.861313"><ele>547.3</ele></trkpt>
   <trkpt lon="-5.177596" lat="36.861351"><ele>546.9</ele></trkpt>
   <trkpt lon="-5.177607" lat="36.861380"><ele>546.6</ele></trkpt>
   <trkpt lon="-5.177614" lat="36.861588"><ele>544.0</ele></trkpt>
   <trkpt lon="-5.177608" lat="36.861635"><ele>543.9</ele></trkpt>
   <trkpt lon="-5.177560" lat="36.861719"><ele>544.1</ele></trkpt>
   <trkpt lon="-5.177403" lat="36.861873"><ele>545.9</ele></trkpt>
   <trkpt lon="-5.177330" lat="36.861934"><ele>547.9</ele></trkpt>
   <trkpt lon="-5.177299" lat="36.861960"><ele>548.5</ele></trkpt>
   <trkpt lon="-5.177151" lat="36.862102"><ele>550.1</ele></trkpt>
   <trkpt lon="-5.177073" lat="36.862166"><ele>550.2</ele></trkpt>
   <trkpt lon="-5.176893" lat="36.862275"><ele>551.6</ele></trkpt>
   <trkpt lon="-5.176750" lat="36.862340"><ele>552.4</ele></trkpt>
   <trkpt lon="-5.176685" lat="36.862371"><ele>552.3</ele></trkpt>
   <trkpt lon="-5.176474" lat="36.862436"><ele>552.0</ele></trkpt>
   <trkpt lon="-5.176410" lat="36.862455"><ele>551.7</ele></trkpt>
   <trkpt lon="-5.176342" lat="36.862474"><ele>551.4</ele></trkpt>
   <trkpt lon="-5.176197" lat="36.862522"><ele>550.4</ele></trkpt>
   <trkpt lon="-5.175712" lat="36.862704"><ele>549.6</ele></trkpt>
   <trkpt lon="-5.175622" lat="36.862725"><ele>549.6</ele></trkpt>
   <trkpt lon="-5.175437" lat="36.862740"><ele>549.8</ele></trkpt>
   <trkpt lon="-5.175324" lat="36.862732"><ele>550.0</ele></trkpt>
   <trkpt lon="-5.175204" lat="36.862714"><ele>550.2</ele></trkpt>
   <trkpt lon="-5.175094" lat="36.862687"><ele>550.0</ele></trkpt>
   <trkpt lon="-5.174977" lat="36.862645"><ele>549.8</ele></trkpt>
   <trkpt lon="-5.174705" lat="36.862510"><ele>551.8</ele></trkpt>
   <trkpt lon="-5.174531" lat="36.862407"><ele>553.6</ele></trkpt>
   <trkpt lon="-5.174447" lat="36.862347"><ele>554.1</ele></trkpt>
   <trkpt lon="-5.174312" lat="36.862210"><ele>553.8</ele></trkpt>
   <trkpt lon="-5.174128" lat="36.861965"><ele>551.4</ele></trkpt>
   <trkpt lon="-5.173900" lat="36.861731"><ele>550.0</ele></trkpt>
   <trkpt lon="-5.173783" lat="36.861666"><ele>549.9</ele></trkpt>
   <trkpt lon="-5.173731" lat="36.861656"><ele>549.9</ele></trkpt>
   <trkpt lon="-5.173670" lat="36.861653"><ele>550.0</ele></trkpt>
   <trkpt lon="-5.173605" lat="36.861669"><ele>550.5</ele></trkpt>
   <trkpt lon="-5.173552" lat="36.861698"><ele>551.1</ele></trkpt>
   <trkpt lon="-5.173079" lat="36.862113"><ele>553.9</ele></trkpt>
   <trkpt lon="-5.172936" lat="36.862220"><ele>553.6</ele></trkpt>
   <trkpt lon="-5.172885" lat="36.862253"><ele>554.0</ele></trkpt>
   <trkpt lon="-5.172771" lat="36.862344"><ele>554.9</ele></trkpt>
   <trkpt lon="-5.172666" lat="36.862412"><ele>554.9</ele></trkpt>
   <trkpt lon="-5.172544" lat="36.862491"><ele>554.8</ele></trkpt>
   <trkpt lon="-5.172110" lat="36.862864"><ele>554.5</ele></trkpt>
   <trkpt lon="-5.171897" lat="36.862974"><ele>554.4</ele></trkpt>
   <trkpt lon="-5.171533" lat="36.863118"><ele>555.2</ele></trkpt>
   <trkpt lon="-5.171291" lat="36.863211"><ele>555.9</ele></trkpt>
   <trkpt lon="-5.171202" lat="36.863229"><ele>556.0</ele></trkpt>
   <trkpt lon="-5.171144" lat="36.863237"><ele>556.1</ele></trkpt>
   <trkpt lon="-5.170971" lat="36.863149"><ele>556.9</ele></trkpt>
   <trkpt lon="-5.170536" lat="36.862702"><ele>564.8</ele></trkpt>
   <trkpt lon="-5.170372" lat="36.862523"><ele>567.2</ele></trkpt>
   <trkpt lon="-5.170235" lat="36.862286"><ele>568.1</ele></trkpt>
   <trkpt lon="-5.170097" lat="36.861979"><ele>568.4</ele></trkpt>
   <trkpt lon="-5.168763" lat="36.860801"><ele>575.5</ele></trkpt>
   <trkpt lon="-5.168235" lat="36.860399"><ele>579.2</ele></trkpt>
   <trkpt lon="-5.167899" lat="36.860142"><ele>581.4</ele></trkpt>
   <trkpt lon="-5.167233" lat="36.859664"><ele>584.5</ele></trkpt>
   <trkpt lon="-5.166976" lat="36.859477"><ele>586.1</ele></trkpt>
   <trkpt lon="-5.164214" lat="36.857469"><ele>601.6</ele></trkpt>
   <trkpt lon="-5.164175" lat="36.857440"><ele>601.8</ele></trkpt>
   <trkpt lon="-5.164110" lat="36.857393"><ele>602.3</ele></trkpt>
   <trkpt lon="-5.164089" lat="36.857378"><ele>602.5</ele></trkpt>
   <trkpt lon="-5.163492" lat="36.856944"><ele>607.9</ele></trkpt>
   <trkpt lon="-5.163273" lat="36.856784"><ele>610.1</ele></trkpt>
   <trkpt lon="-5.163173" lat="36.856704"><ele>611.3</ele></trkpt>
   <trkpt lon="-5.163034" lat="36.856595"><ele>612.7</ele></trkpt>
   <trkpt lon="-5.162866" lat="36.856464"><ele>614.0</ele></trkpt>
   <trkpt lon="-5.162782" lat="36.856351"><ele>615.2</ele></trkpt>
   <trkpt lon="-5.162769" lat="36.856268"><ele>615.7</ele></trkpt>
   <trkpt lon="-5.162761" lat="36.856218"><ele>616.1</ele></trkpt>
   <trkpt lon="-5.162758" lat="36.855799"><ele>617.8</ele></trkpt>
   <trkpt lon="-5.162797" lat="36.855205"><ele>621.8</ele></trkpt>
   <trkpt lon="-5.162614" lat="36.854938"><ele>623.8</ele></trkpt>
   <trkpt lon="-5.162434" lat="36.854793"><ele>625.4</ele></trkpt>
   <trkpt lon="-5.162046" lat="36.854480"><ele>629.5</ele></trkpt>
   <trkpt lon="-5.161383" lat="36.853946"><ele>636.5</ele></trkpt>
   <trkpt lon="-5.161184" lat="36.853690"><ele>638.1</ele></trkpt>
   <trkpt lon="-5.160729" lat="36.853101"><ele>642.5</ele></trkpt>
   <trkpt lon="-5.160606" lat="36.852927"><ele>644.0</ele></trkpt>
   <trkpt lon="-5.160501" lat="36.852780"><ele>645.3</ele></trkpt>
   <trkpt lon="-5.160353" lat="36.852571"><ele>646.7</ele></trkpt>
   <trkpt lon="-5.160210" lat="36.852371"><ele>648.2</ele></trkpt>
   <trkpt lon="-5.160043" lat="36.852138"><ele>650.6</ele></trkpt>
   <trkpt lon="-5.160000" lat="36.852078"><ele>651.3</ele></trkpt>
   <trkpt lon="-5.159906" lat="36.851972"><ele>652.4</ele></trkpt>
   <trkpt lon="-5.159803" lat="36.851855"><ele>653.4</ele></trkpt>
   <trkpt lon="-5.159756" lat="36.851824"><ele>653.7</ele></trkpt>
   <trkpt lon="-5.159532" lat="36.851676"><ele>655.2</ele></trkpt>
   <trkpt lon="-5.159167" lat="36.851556"><ele>657.3</ele></trkpt>
   <trkpt lon="-5.158928" lat="36.851507"><ele>658.5</ele></trkpt>
   <trkpt lon="-5.158768" lat="36.851473"><ele>659.5</ele></trkpt>
   <trkpt lon="-5.158405" lat="36.851398"><ele>661.2</ele></trkpt>
   <trkpt lon="-5.158208" lat="36.851358"><ele>662.2</ele></trkpt>
   <trkpt lon="-5.157938" lat="36.851302"><ele>664.0</ele></trkpt>
   <trkpt lon="-5.157850" lat="36.851283"><ele>664.1</ele></trkpt>
   <trkpt lon="-5.157525" lat="36.851216"><ele>664.8</ele></trkpt>
   <trkpt lon="-5.157309" lat="36.851171"><ele>665.7</ele></trkpt>
   <trkpt lon="-5.156759" lat="36.851058"><ele>668.5</ele></trkpt>
   <trkpt lon="-5.156674" lat="36.851040"><ele>669.1</ele></trkpt>
   <trkpt lon="-5.155801" lat="36.851068"><ele>673.8</ele></trkpt>
   <trkpt lon="-5.155597" lat="36.851075"><ele>674.9</ele></trkpt>
   <trkpt lon="-5.155349" lat="36.851069"><ele>676.2</ele></trkpt>
   <trkpt lon="-5.153961" lat="36.850750"><ele>683.9</ele></trkpt>
   <trkpt lon="-5.153589" lat="36.850653"><ele>686.4</ele></trkpt>
   <trkpt lon="-5.153307" lat="36.850580"><ele>688.6</ele></trkpt>
   <trkpt lon="-5.152595" lat="36.850486"><ele>691.8</ele></trkpt>
   <trkpt lon="-5.151152" lat="36.850271"><ele>700.1</ele></trkpt>
   <trkpt lon="-5.150640" lat="36.850194"><ele>702.3</ele></trkpt>
   <trkpt lon="-5.150401" lat="36.850070"><ele>704.0</ele></trkpt>
   <trkpt lon="-5.149923" lat="36.849865"><ele>707.0</ele></trkpt>
   <trkpt lon="-5.149480" lat="36.849653"><ele>709.6</ele></trkpt>
   <trkpt lon="-5.149029" lat="36.849369"><ele>713.2</ele></trkpt>
   <trkpt lon="-5.148662" lat="36.849126"><ele>716.3</ele></trkpt>
   <trkpt lon="-5.148481" lat="36.849006"><ele>717.3</ele></trkpt>
   <trkpt lon="-5.147548" lat="36.848387"><ele>723.9</ele></trkpt>
   <trkpt lon="-5.146934" lat="36.847980"><ele>728.4</ele></trkpt>
   <trkpt lon="-5.145802" lat="36.847213"><ele>735.6</ele></trkpt>
   <trkpt lon="-5.144634" lat="36.846460"><ele>742.5</ele></trkpt>
   <trkpt lon="-5.144155" lat="36.846142"><ele>743.5</ele></trkpt>
   <trkpt lon="-5.143711" lat="36.845818"><ele>745.6</ele></trkpt>
   <trkpt lon="-5.143304" lat="36.845374"><ele>748.8</ele></trkpt>
   <trkpt lon="-5.142947" lat="36.844900"><ele>752.5</ele></trkpt>
   <trkpt lon="-5.142620" lat="36.844296"><ele>757.5</ele></trkpt>
   <trkpt lon="-5.142339" lat="36.843671"><ele>761.1</ele></trkpt>
   <trkpt lon="-5.142003" lat="36.842973"><ele>766.6</ele></trkpt>
   <trkpt lon="-5.141273" lat="36.841040"><ele>779.0</ele></trkpt>
   <trkpt lon="-5.141125" lat="36.840684"><ele>780.8</ele></trkpt>
   <trkpt lon="-5.140662" lat="36.839564"><ele>786.2</ele></trkpt>
   <trkpt lon="-5.139555" lat="36.838722"><ele>786.1</ele></trkpt>
   <trkpt lon="-5.139312" lat="36.838623"><ele>785.4</ele></trkpt>
   <trkpt lon="-5.139087" lat="36.838559"><ele>784.8</ele></trkpt>
   <trkpt lon="-5.137989" lat="36.838443"><ele>782.3</ele></trkpt>
   <trkpt lon="-5.137844" lat="36.838386"><ele>782.1</ele></trkpt>
   <trkpt lon="-5.137722" lat="36.838315"><ele>782.1</ele></trkpt>
   <trkpt lon="-5.137687" lat="36.838287"><ele>782.1</ele></trkpt>
   <trkpt lon="-5.137584" lat="36.838179"><ele>781.9</ele></trkpt>
   <trkpt lon="-5.137514" lat="36.838078"><ele>781.4</ele></trkpt>
   <trkpt lon="-5.137458" lat="36.837910"><ele>780.7</ele></trkpt>
   <trkpt lon="-5.137320" lat="36.836775"><ele>775.8</ele></trkpt>
   <trkpt lon="-5.137283" lat="36.836355"><ele>773.3</ele></trkpt>
   <trkpt lon="-5.137251" lat="36.836104"><ele>772.6</ele></trkpt>
   <trkpt lon="-5.137216" lat="36.836007"><ele>772.4</ele></trkpt>
   <trkpt lon="-5.137165" lat="36.835922"><ele>772.1</ele></trkpt>
   <trkpt lon="-5.137106" lat="36.835872"><ele>772.0</ele></trkpt>
   <trkpt lon="-5.137061" lat="36.835844"><ele>771.9</ele></trkpt>
   <trkpt lon="-5.136937" lat="36.835749"><ele>771.7</ele></trkpt>
   <trkpt lon="-5.136929" lat="36.835716"><ele>771.6</ele></trkpt>
   <trkpt lon="-5.136910" lat="36.835686"><ele>771.5</ele></trkpt>
   <trkpt lon="-5.136881" lat="36.835661"><ele>771.4</ele></trkpt>
   <trkpt lon="-5.136844" lat="36.835644"><ele>771.3</ele></trkpt>
   <trkpt lon="-5.136803" lat="36.835636"><ele>771.1</ele></trkpt>
   <trkpt lon="-5.136760" lat="36.835638"><ele>771.1</ele></trkpt>
   <trkpt lon="-5.136720" lat="36.835649"><ele>771.1</ele></trkpt>
   <trkpt lon="-5.136685" lat="36.835669"><ele>771.2</ele></trkpt>
   <trkpt lon="-5.136659" lat="36.835695"><ele>771.2</ele></trkpt>
   <trkpt lon="-5.136543" lat="36.835726"><ele>771.3</ele></trkpt>
   <trkpt lon="-5.136365" lat="36.835723"><ele>771.1</ele></trkpt>
   <trkpt lon="-5.136168" lat="36.835660"><ele>770.3</ele></trkpt>
   <trkpt lon="-5.135837" lat="36.835510"><ele>770.0</ele></trkpt>
   <trkpt lon="-5.133880" lat="36.834566"><ele>767.0</ele></trkpt>
   <trkpt lon="-5.133603" lat="36.834464"><ele>766.7</ele></trkpt>
   <trkpt lon="-5.133318" lat="36.834392"><ele>766.0</ele></trkpt>
   <trkpt lon="-5.132428" lat="36.834291"><ele>765.1</ele></trkpt>
   <trkpt lon="-5.130237" lat="36.834084"><ele>762.4</ele></trkpt>
   <trkpt lon="-5.128322" lat="36.833876"><ele>758.1</ele></trkpt>
   <trkpt lon="-5.128049" lat="36.833823"><ele>757.2</ele></trkpt>
   <trkpt lon="-5.127729" lat="36.833717"><ele>756.4</ele></trkpt>
   <trkpt lon="-5.127469" lat="36.833612"><ele>756.1</ele></trkpt>
   <trkpt lon="-5.127236" lat="36.833479"><ele>755.8</ele></trkpt>
   <trkpt lon="-5.127012" lat="36.833320"><ele>755.3</ele></trkpt>
   <trkpt lon="-5.126787" lat="36.833088"><ele>755.0</ele></trkpt>
   <trkpt lon="-5.126631" lat="36.832896"><ele>755.5</ele></trkpt>
   <trkpt lon="-5.126508" lat="36.832682"><ele>756.1</ele></trkpt>
   <trkpt lon="-5.126407" lat="36.832471"><ele>757.1</ele></trkpt>
   <trkpt lon="-5.126297" lat="36.832156"><ele>759.3</ele></trkpt>
   <trkpt lon="-5.126226" lat="36.831910"><ele>760.6</ele></trkpt>
   <trkpt lon="-5.126160" lat="36.831714"><ele>760.9</ele></trkpt>
   <trkpt lon="-5.126029" lat="36.831431"><ele>761.2</ele></trkpt>
   <trkpt lon="-5.125902" lat="36.831241"><ele>761.2</ele></trkpt>
   <trkpt lon="-5.125701" lat="36.831023"><ele>760.8</ele></trkpt>
   <trkpt lon="-5.125457" lat="36.830830"><ele>760.2</ele></trkpt>
   <trkpt lon="-5.125140" lat="36.830649"><ele>760.6</ele></trkpt>
   <trkpt lon="-5.124724" lat="36.830437"><ele>761.8</ele></trkpt>
   <trkpt lon="-5.124289" lat="36.830207"><ele>763.7</ele></trkpt>
   <trkpt lon="-5.124020" lat="36.830029"><ele>764.6</ele></trkpt>
   <trkpt lon="-5.123790" lat="36.829832"><ele>765.0</ele></trkpt>
   <trkpt lon="-5.123546" lat="36.829587"><ele>764.5</ele></trkpt>
   <trkpt lon="-5.123381" lat="36.829355"><ele>763.3</ele></trkpt>
   <trkpt lon="-5.123252" lat="36.829153"><ele>761.8</ele></trkpt>
   <trkpt lon="-5.123130" lat="36.828879"><ele>760.3</ele></trkpt>
   <trkpt lon="-5.123064" lat="36.828676"><ele>759.9</ele></trkpt>
   <trkpt lon="-5.122975" lat="36.828261"><ele>758.9</ele></trkpt>
   <trkpt lon="-5.122909" lat="36.827802"><ele>758.1</ele></trkpt>
   <trkpt lon="-5.122699" lat="36.826080"><ele>755.6</ele></trkpt>
   <trkpt lon="-5.122381" lat="36.823588"><ele>748.0</ele></trkpt>
   <trkpt lon="-5.122066" lat="36.821030"><ele>746.5</ele></trkpt>
   <trkpt lon="-5.122034" lat="36.820841"><ele>746.4</ele></trkpt>
   <trkpt lon="-5.121987" lat="36.820661"><ele>746.4</ele></trkpt>
   <trkpt lon="-5.121923" lat="36.820433"><ele>745.8</ele></trkpt>
   <trkpt lon="-5.121839" lat="36.820208"><ele>745.4</ele></trkpt>
   <trkpt lon="-5.121736" lat="36.819989"><ele>745.3</ele></trkpt>
   <trkpt lon="-5.121619" lat="36.819793"><ele>744.9</ele></trkpt>
   <trkpt lon="-5.121482" lat="36.819582"><ele>744.7</ele></trkpt>
   <trkpt lon="-5.121317" lat="36.819389"><ele>744.5</ele></trkpt>
   <trkpt lon="-5.121067" lat="36.819131"><ele>744.5</ele></trkpt>
   <trkpt lon="-5.120637" lat="36.818751"><ele>744.2</ele></trkpt>
   <trkpt lon="-5.119979" lat="36.818265"><ele>743.2</ele></trkpt>
   <trkpt lon="-5.119230" lat="36.817734"><ele>740.4</ele></trkpt>
   <trkpt lon="-5.118790" lat="36.817410"><ele>739.4</ele></trkpt>
   <trkpt lon="-5.118356" lat="36.817054"><ele>740.0</ele></trkpt>
   <trkpt lon="-5.117819" lat="36.816535"><ele>744.9</ele></trkpt>
   <trkpt lon="-5.117574" lat="36.816251"><ele>746.3</ele></trkpt>
   <trkpt lon="-5.117263" lat="36.815845"><ele>746.1</ele></trkpt>
   <trkpt lon="-5.116870" lat="36.815219"><ele>745.9</ele></trkpt>
   <trkpt lon="-5.116567" lat="36.814601"><ele>746.5</ele></trkpt>
   <trkpt lon="-5.116357" lat="36.813912"><ele>747.2</ele></trkpt>
   <trkpt lon="-5.116229" lat="36.813415"><ele>747.4</ele></trkpt>
   <trkpt lon="-5.116075" lat="36.812729"><ele>746.6</ele></trkpt>
   <trkpt lon="-5.115992" lat="36.812450"><ele>746.8</ele></trkpt>
   <trkpt lon="-5.115844" lat="36.812119"><ele>747.4</ele></trkpt>
   <trkpt lon="-5.115643" lat="36.811813"><ele>747.2</ele></trkpt>
   <trkpt lon="-5.115353" lat="36.811466"><ele>747.0</ele></trkpt>
   <trkpt lon="-5.115022" lat="36.811122"><ele>747.4</ele></trkpt>
   <trkpt lon="-5.113838" lat="36.809935"><ele>747.0</ele></trkpt>
   <trkpt lon="-5.113318" lat="36.809330"><ele>746.7</ele></trkpt>
   <trkpt lon="-5.112994" lat="36.808954"><ele>747.2</ele></trkpt>
   <trkpt lon="-5.112672" lat="36.808518"><ele>746.1</ele></trkpt>
   <trkpt lon="-5.112518" lat="36.808256"><ele>745.9</ele></trkpt>
   <trkpt lon="-5.112358" lat="36.807955"><ele>745.5</ele></trkpt>
   <trkpt lon="-5.112156" lat="36.807515"><ele>746.0</ele></trkpt>
   <trkpt lon="-5.112005" lat="36.807073"><ele>746.3</ele></trkpt>
   <trkpt lon="-5.111872" lat="36.806603"><ele>747.0</ele></trkpt>
   <trkpt lon="-5.111795" lat="36.806253"><ele>747.8</ele></trkpt>
   <trkpt lon="-5.111618" lat="36.805307"><ele>749.2</ele></trkpt>
   <trkpt lon="-5.111558" lat="36.805062"><ele>749.1</ele></trkpt>
   <trkpt lon="-5.111498" lat="36.804859"><ele>748.9</ele></trkpt>
   <trkpt lon="-5.111423" lat="36.804664"><ele>748.9</ele></trkpt>
   <trkpt lon="-5.111324" lat="36.804446"><ele>749.1</ele></trkpt>
   <trkpt lon="-5.111209" lat="36.804236"><ele>749.1</ele></trkpt>
   <trkpt lon="-5.111078" lat="36.804015"><ele>749.6</ele></trkpt>
   <trkpt lon="-5.110930" lat="36.803804"><ele>750.2</ele></trkpt>
   <trkpt lon="-5.109895" lat="36.802419"><ele>752.5</ele></trkpt>
   <trkpt lon="-5.108012" lat="36.799936"><ele>755.5</ele></trkpt>
   <trkpt lon="-5.107714" lat="36.799474"><ele>756.9</ele></trkpt>
   <trkpt lon="-5.107596" lat="36.799242"><ele>757.6</ele></trkpt>
   <trkpt lon="-5.107462" lat="36.798916"><ele>758.5</ele></trkpt>
   <trkpt lon="-5.107419" lat="36.798671"><ele>759.2</ele></trkpt>
   <trkpt lon="-5.107414" lat="36.798418"><ele>760.0</ele></trkpt>
   <trkpt lon="-5.107419" lat="36.798087"><ele>760.9</ele></trkpt>
   <trkpt lon="-5.107478" lat="36.797773"><ele>761.0</ele></trkpt>
   <trkpt lon="-5.107602" lat="36.797417"><ele>761.0</ele></trkpt>
   <trkpt lon="-5.107806" lat="36.796953"><ele>761.0</ele></trkpt>
   <trkpt lon="-5.107983" lat="36.796523"><ele>761.0</ele></trkpt>
   <trkpt lon="-5.108085" lat="36.796193"><ele>761.0</ele></trkpt>
   <trkpt lon="-5.108106" lat="36.795883"><ele>761.4</ele></trkpt>
   <trkpt lon="-5.108085" lat="36.795604"><ele>762.0</ele></trkpt>
   <trkpt lon="-5.107989" lat="36.795340"><ele>762.3</ele></trkpt>
   <trkpt lon="-5.107874" lat="36.795132"><ele>762.9</ele></trkpt>
   <trkpt lon="-5.107748" lat="36.794958"><ele>763.1</ele></trkpt>
   <trkpt lon="-5.107597" lat="36.794799"><ele>763.8</ele></trkpt>
   <trkpt lon="-5.107430" lat="36.794656"><ele>764.0</ele></trkpt>
   <trkpt lon="-5.107098" lat="36.794431"><ele>764.6</ele></trkpt>
   <trkpt lon="-5.106195" lat="36.793877"><ele>765.4</ele></trkpt>
   <trkpt lon="-5.106052" lat="36.793727"><ele>765.3</ele></trkpt>
   <trkpt lon="-5.106001" lat="36.793645"><ele>765.0</ele></trkpt>
   <trkpt lon="-5.105963" lat="36.793566"><ele>765.0</ele></trkpt>
   <trkpt lon="-5.105955" lat="36.793463"><ele>765.0</ele></trkpt>
   <trkpt lon="-5.105971" lat="36.793336"><ele>765.0</ele></trkpt>
   <trkpt lon="-5.106005" lat="36.793242"><ele>765.1</ele></trkpt>
   <trkpt lon="-5.106095" lat="36.793128"><ele>765.4</ele></trkpt>
   <trkpt lon="-5.106132" lat="36.793035"><ele>765.6</ele></trkpt>
   <trkpt lon="-5.106583" lat="36.792527"><ele>760.2</ele></trkpt>
   <trkpt lon="-5.106646" lat="36.792438"><ele>756.4</ele></trkpt>
   <trkpt lon="-5.106779" lat="36.792306"><ele>749.1</ele></trkpt>
   <trkpt lon="-5.106811" lat="36.792275"><ele>747.3</ele></trkpt>
   <trkpt lon="-5.107858" lat="36.791266"><ele>755.3</ele></trkpt>
   <trkpt lon="-5.109063" lat="36.790108"><ele>767.1</ele></trkpt>
   <trkpt lon="-5.109117" lat="36.790055"><ele>767.0</ele></trkpt>
   <trkpt lon="-5.108990" lat="36.790020"><ele>767.2</ele></trkpt>
   <trkpt lon="-5.108905" lat="36.790069"><ele>767.3</ele></trkpt>
   <trkpt lon="-5.108578" lat="36.790365"><ele>767.2</ele></trkpt>
   <trkpt lon="-5.108184" lat="36.790702"><ele>766.6</ele></trkpt>
   <trkpt lon="-5.108069" lat="36.790765"><ele>766.4</ele></trkpt>
   <trkpt lon="-5.107795" lat="36.790821"><ele>765.7</ele></trkpt>
   <trkpt lon="-5.107398" lat="36.790817"><ele>765.9</ele></trkpt>
   <trkpt lon="-5.107092" lat="36.790765"><ele>766.0</ele></trkpt>
   <trkpt lon="-5.106860" lat="36.790684"><ele>764.2</ele></trkpt>
   <trkpt lon="-5.106700" lat="36.790604"><ele>763.6</ele></trkpt>
   <trkpt lon="-5.106371" lat="36.790352"><ele>760.0</ele></trkpt>
   <trkpt lon="-5.106073" lat="36.789994"><ele>756.6</ele></trkpt>
   <trkpt lon="-5.105606" lat="36.789386"><ele>756.0</ele></trkpt>
   <trkpt lon="-5.105265" lat="36.788919"><ele>758.0</ele></trkpt>
   <trkpt lon="-5.105148" lat="36.788785"><ele>759.7</ele></trkpt>
   <trkpt lon="-5.104955" lat="36.788630"><ele>763.3</ele></trkpt>
   <trkpt lon="-5.104721" lat="36.788527"><ele>766.2</ele></trkpt>
   <trkpt lon="-5.104410" lat="36.788479"><ele>768.4</ele></trkpt>
   <trkpt lon="-5.104249" lat="36.788484"><ele>768.1</ele></trkpt>
   <trkpt lon="-5.104088" lat="36.788518"><ele>766.9</ele></trkpt>
   <trkpt lon="-5.103644" lat="36.788759"><ele>752.7</ele></trkpt>
   <trkpt lon="-5.103529" lat="36.788829"><ele>748.9</ele></trkpt>
   <trkpt lon="-5.103423" lat="36.788766"><ele>747.1</ele></trkpt>
   <trkpt lon="-5.103335" lat="36.788673"><ele>745.7</ele></trkpt>
   <trkpt lon="-5.103214" lat="36.788469"><ele>746.6</ele></trkpt>
   <trkpt lon="-5.103134" lat="36.788160"><ele>747.7</ele></trkpt>
   <trkpt lon="-5.103025" lat="36.788030"><ele>747.8</ele></trkpt>
   <trkpt lon="-5.102892" lat="36.787919"><ele>748.2</ele></trkpt>
   <trkpt lon="-5.102495" lat="36.787618"><ele>748.4</ele></trkpt>
   <trkpt lon="-5.102141" lat="36.787328"><ele>750.0</ele></trkpt>
   <trkpt lon="-5.101947" lat="36.787187"><ele>754.3</ele></trkpt>
   <trkpt lon="-5.101903" lat="36.787140"><ele>755.9</ele></trkpt>
   <trkpt lon="-5.101376" lat="36.787084"><ele>766.0</ele></trkpt>
   <trkpt lon="-5.101114" lat="36.787095"><ele>769.6</ele></trkpt>
   <trkpt lon="-5.100675" lat="36.787185"><ele>772.0</ele></trkpt>
   <trkpt lon="-5.100503" lat="36.787248"><ele>771.5</ele></trkpt>
   <trkpt lon="-5.100288" lat="36.787244"><ele>772.8</ele></trkpt>
   <trkpt lon="-5.100082" lat="36.787226"><ele>772.8</ele></trkpt>
   <trkpt lon="-5.100026" lat="36.787200"><ele>773.3</ele></trkpt>
   <trkpt lon="-5.100022" lat="36.787155"><ele>774.3</ele></trkpt>
   <trkpt lon="-5.100050" lat="36.787110"><ele>775.1</ele></trkpt>
   <trkpt lon="-5.100250" lat="36.787042"><ele>777.4</ele></trkpt>
   <trkpt lon="-5.100470" lat="36.786927"><ele>777.9</ele></trkpt>
   <trkpt lon="-5.100704" lat="36.786819"><ele>778.4</ele></trkpt>
   <trkpt lon="-5.100709" lat="36.786774"><ele>778.8</ele></trkpt>
   <trkpt lon="-5.100674" lat="36.786750"><ele>778.9</ele></trkpt>
   <trkpt lon="-5.100454" lat="36.786791"><ele>779.9</ele></trkpt>
   <trkpt lon="-5.100419" lat="36.786759"><ele>780.2</ele></trkpt>
   <trkpt lon="-5.100336" lat="36.786508"><ele>781.4</ele></trkpt>
   <trkpt lon="-5.100089" lat="36.786097"><ele>780.0</ele></trkpt>
   <trkpt lon="-5.100160" lat="36.785962"><ele>779.8</ele></trkpt>
   <trkpt lon="-5.100203" lat="36.785412"><ele>779.4</ele></trkpt>
   <trkpt lon="-5.100210" lat="36.785346"><ele>779.6</ele></trkpt>
   <trkpt lon="-5.100019" lat="36.785261"><ele>781.6</ele></trkpt>
   <trkpt lon="-5.099695" lat="36.785114"><ele>785.1</ele></trkpt>
   <trkpt lon="-5.099618" lat="36.785079"><ele>785.8</ele></trkpt>
   <trkpt lon="-5.099660" lat="36.784982"><ele>785.8</ele></trkpt>
   <trkpt lon="-5.099747" lat="36.784886"><ele>785.6</ele></trkpt>
   <trkpt lon="-5.099874" lat="36.784816"><ele>785.0</ele></trkpt>
   <trkpt lon="-5.099967" lat="36.784743"><ele>784.6</ele></trkpt>
   <trkpt lon="-5.100023" lat="36.784630"><ele>783.3</ele></trkpt>
   <trkpt lon="-5.100045" lat="36.784533"><ele>782.2</ele></trkpt>
   <trkpt lon="-5.100017" lat="36.784436"><ele>781.7</ele></trkpt>
   <trkpt lon="-5.099944" lat="36.784326"><ele>781.0</ele></trkpt>
   <trkpt lon="-5.099787" lat="36.784260"><ele>782.5</ele></trkpt>
   <trkpt lon="-5.099571" lat="36.784137"><ele>785.4</ele></trkpt>
   <trkpt lon="-5.099523" lat="36.784077"><ele>785.9</ele></trkpt>
   <trkpt lon="-5.099514" lat="36.783910"><ele>784.2</ele></trkpt>
   <trkpt lon="-5.099305" lat="36.783414"><ele>787.9</ele></trkpt>
   <trkpt lon="-5.099323" lat="36.783343"><ele>788.3</ele></trkpt>
   <trkpt lon="-5.099389" lat="36.783151"><ele>789.4</ele></trkpt>
   <trkpt lon="-5.099416" lat="36.783023"><ele>790.2</ele></trkpt>
   <trkpt lon="-5.099476" lat="36.782917"><ele>789.1</ele></trkpt>
   <trkpt lon="-5.099575" lat="36.782848"><ele>786.7</ele></trkpt>
   <trkpt lon="-5.099644" lat="36.782790"><ele>785.8</ele></trkpt>
   <trkpt lon="-5.099860" lat="36.782447"><ele>784.2</ele></trkpt>
   <trkpt lon="-5.099910" lat="36.782306"><ele>784.6</ele></trkpt>
   <trkpt lon="-5.099936" lat="36.782169"><ele>785.9</ele></trkpt>
   <trkpt lon="-5.099937" lat="36.782089"><ele>786.6</ele></trkpt>
   <trkpt lon="-5.099922" lat="36.781882"><ele>788.3</ele></trkpt>
   <trkpt lon="-5.099874" lat="36.781754"><ele>789.4</ele></trkpt>
   <trkpt lon="-5.099835" lat="36.781507"><ele>793.1</ele></trkpt>
   <trkpt lon="-5.099776" lat="36.781382"><ele>795.0</ele></trkpt>
   <trkpt lon="-5.099649" lat="36.781170"><ele>798.5</ele></trkpt>
   <trkpt lon="-5.099530" lat="36.780883"><ele>801.5</ele></trkpt>
   <trkpt lon="-5.099496" lat="36.780759"><ele>801.1</ele></trkpt>
   <trkpt lon="-5.099413" lat="36.780267"><ele>814.2</ele></trkpt>
   <trkpt lon="-5.099426" lat="36.780144"><ele>816.0</ele></trkpt>
   <trkpt lon="-5.099541" lat="36.779750"><ele>819.5</ele></trkpt>
   <trkpt lon="-5.099622" lat="36.779472"><ele>819.5</ele></trkpt>
   <trkpt lon="-5.099574" lat="36.779054"><ele>820.0</ele></trkpt>
   <trkpt lon="-5.099615" lat="36.778764"><ele>818.9</ele></trkpt>
   <trkpt lon="-5.099604" lat="36.778210"><ele>817.5</ele></trkpt>
   <trkpt lon="-5.099624" lat="36.777748"><ele>815.4</ele></trkpt>
   <trkpt lon="-5.099615" lat="36.777652"><ele>814.9</ele></trkpt>
   <trkpt lon="-5.099576" lat="36.777541"><ele>814.5</ele></trkpt>
   <trkpt lon="-5.099489" lat="36.777386"><ele>813.8</ele></trkpt>
   <trkpt lon="-5.099183" lat="36.776919"><ele>809.1</ele></trkpt>
   <trkpt lon="-5.098884" lat="36.776545"><ele>808.0</ele></trkpt>
   <trkpt lon="-5.098770" lat="36.776439"><ele>808.2</ele></trkpt>
   <trkpt lon="-5.098608" lat="36.776330"><ele>808.7</ele></trkpt>
   <trkpt lon="-5.098273" lat="36.776184"><ele>811.0</ele></trkpt>
   <trkpt lon="-5.098029" lat="36.776049"><ele>812.6</ele></trkpt>
   <trkpt lon="-5.097951" lat="36.775964"><ele>812.8</ele></trkpt>
   <trkpt lon="-5.097828" lat="36.775713"><ele>812.5</ele></trkpt>
   <trkpt lon="-5.097764" lat="36.775581"><ele>812.2</ele></trkpt>
   <trkpt lon="-5.097561" lat="36.775228"><ele>812.0</ele></trkpt>
   <trkpt lon="-5.097413" lat="36.774857"><ele>811.7</ele></trkpt>
   <trkpt lon="-5.097242" lat="36.774506"><ele>812.6</ele></trkpt>
   <trkpt lon="-5.097199" lat="36.774453"><ele>812.7</ele></trkpt>
   <trkpt lon="-5.097078" lat="36.774356"><ele>813.2</ele></trkpt>
   <trkpt lon="-5.096811" lat="36.774308"><ele>814.6</ele></trkpt>
   <trkpt lon="-5.096265" lat="36.774169"><ele>817.4</ele></trkpt>
   <trkpt lon="-5.096097" lat="36.774147"><ele>818.0</ele></trkpt>
   <trkpt lon="-5.095769" lat="36.774156"><ele>818.7</ele></trkpt>
   <trkpt lon="-5.095542" lat="36.774191"><ele>818.5</ele></trkpt>
   <trkpt lon="-5.095251" lat="36.774258"><ele>819.1</ele></trkpt>
   <trkpt lon="-5.095084" lat="36.774332"><ele>820.2</ele></trkpt>
   <trkpt lon="-5.094967" lat="36.774343"><ele>821.0</ele></trkpt>
   <trkpt lon="-5.094749" lat="36.774471"><ele>823.3</ele></trkpt>
   <trkpt lon="-5.094556" lat="36.774552"><ele>826.0</ele></trkpt>
   <trkpt lon="-5.094322" lat="36.774616"><ele>829.0</ele></trkpt>
   <trkpt lon="-5.094132" lat="36.774694"><ele>831.8</ele></trkpt>
   <trkpt lon="-5.094092" lat="36.774723"><ele>832.5</ele></trkpt>
   <trkpt lon="-5.094014" lat="36.774780"><ele>833.8</ele></trkpt>
   <trkpt lon="-5.093919" lat="36.774898"><ele>836.0</ele></trkpt>
   <trkpt lon="-5.093816" lat="36.775130"><ele>838.9</ele></trkpt>
   <trkpt lon="-5.093576" lat="36.775938"><ele>845.2</ele></trkpt>
   <trkpt lon="-5.093425" lat="36.776737"><ele>851.6</ele></trkpt>
   <trkpt lon="-5.093363" lat="36.777024"><ele>854.6</ele></trkpt>
   <trkpt lon="-5.093222" lat="36.777246"><ele>857.6</ele></trkpt>
   <trkpt lon="-5.093077" lat="36.777437"><ele>858.4</ele></trkpt>
   <trkpt lon="-5.092979" lat="36.777536"><ele>858.7</ele></trkpt>
   <trkpt lon="-5.092868" lat="36.777598"><ele>859.3</ele></trkpt>
   <trkpt lon="-5.092685" lat="36.777657"><ele>859.6</ele></trkpt>
   <trkpt lon="-5.092437" lat="36.777702"><ele>859.1</ele></trkpt>
   <trkpt lon="-5.092270" lat="36.777721"><ele>858.0</ele></trkpt>
   <trkpt lon="-5.092149" lat="36.777717"><ele>857.4</ele></trkpt>
   <trkpt lon="-5.092038" lat="36.777685"><ele>857.3</ele></trkpt>
   <trkpt lon="-5.091866" lat="36.777610"><ele>856.5</ele></trkpt>
   <trkpt lon="-5.091722" lat="36.777522"><ele>856.2</ele></trkpt>
   <trkpt lon="-5.091392" lat="36.777225"><ele>856.5</ele></trkpt>
   <trkpt lon="-5.090975" lat="36.776806"><ele>857.9</ele></trkpt>
   <trkpt lon="-5.089503" lat="36.775471"><ele>858.0</ele></trkpt>
   <trkpt lon="-5.089443" lat="36.775408"><ele>857.6</ele></trkpt>
   <trkpt lon="-5.089388" lat="36.775328"><ele>858.0</ele></trkpt>
   <trkpt lon="-5.089302" lat="36.775174"><ele>859.9</ele></trkpt>
   <trkpt lon="-5.089224" lat="36.775066"><ele>860.9</ele></trkpt>
   <trkpt lon="-5.089120" lat="36.774947"><ele>862.0</ele></trkpt>
   <trkpt lon="-5.088588" lat="36.774523"><ele>865.1</ele></trkpt>
   <trkpt lon="-5.088292" lat="36.774297"><ele>864.9</ele></trkpt>
   <trkpt lon="-5.086478" lat="36.772379"><ele>877.4</ele></trkpt>
   <trkpt lon="-5.086379" lat="36.772287"><ele>879.0</ele></trkpt>
   <trkpt lon="-5.086275" lat="36.772222"><ele>879.8</ele></trkpt>
   <trkpt lon="-5.086170" lat="36.772174"><ele>880.4</ele></trkpt>
   <trkpt lon="-5.086062" lat="36.772138"><ele>880.6</ele></trkpt>
   <trkpt lon="-5.085917" lat="36.772127"><ele>880.0</ele></trkpt>
   <trkpt lon="-5.085790" lat="36.772153"><ele>879.9</ele></trkpt>
   <trkpt lon="-5.085699" lat="36.772216"><ele>879.1</ele></trkpt>
   <trkpt lon="-5.085645" lat="36.772285"><ele>878.0</ele></trkpt>
   <trkpt lon="-5.085536" lat="36.772476"><ele>875.3</ele></trkpt>
   <trkpt lon="-5.085502" lat="36.772524"><ele>875.8</ele></trkpt>
   <trkpt lon="-5.085416" lat="36.772596"><ele>876.5</ele></trkpt>
   <trkpt lon="-5.085292" lat="36.772641"><ele>877.3</ele></trkpt>
   <trkpt lon="-5.084271" lat="36.772770"><ele>883.0</ele></trkpt>
   <trkpt lon="-5.084093" lat="36.772805"><ele>883.0</ele></trkpt>
   <trkpt lon="-5.083762" lat="36.772909"><ele>884.8</ele></trkpt>
   <trkpt lon="-5.083433" lat="36.773047"><ele>885.3</ele></trkpt>
   <trkpt lon="-5.082723" lat="36.773533"><ele>892.4</ele></trkpt>
   <trkpt lon="-5.082498" lat="36.773667"><ele>896.2</ele></trkpt>
   <trkpt lon="-5.082285" lat="36.773752"><ele>899.1</ele></trkpt>
   <trkpt lon="-5.082110" lat="36.773799"><ele>901.1</ele></trkpt>
   <trkpt lon="-5.081944" lat="36.773816"><ele>903.3</ele></trkpt>
   <trkpt lon="-5.081768" lat="36.773806"><ele>905.5</ele></trkpt>
   <trkpt lon="-5.081585" lat="36.773782"><ele>908.2</ele></trkpt>
   <trkpt lon="-5.080527" lat="36.773443"><ele>914.6</ele></trkpt>
   <trkpt lon="-5.080381" lat="36.773427"><ele>915.8</ele></trkpt>
   <trkpt lon="-5.079955" lat="36.773429"><ele>920.7</ele></trkpt>
   <trkpt lon="-5.079780" lat="36.773422"><ele>922.6</ele></trkpt>
   <trkpt lon="-5.079685" lat="36.773395"><ele>922.8</ele></trkpt>
   <trkpt lon="-5.079337" lat="36.773175"><ele>920.2</ele></trkpt>
   <trkpt lon="-5.079212" lat="36.773145"><ele>920.3</ele></trkpt>
   <trkpt lon="-5.079030" lat="36.773186"><ele>922.1</ele></trkpt>
   <trkpt lon="-5.077799" lat="36.773563"><ele>932.5</ele></trkpt>
   <trkpt lon="-5.077620" lat="36.773609"><ele>933.6</ele></trkpt>
   <trkpt lon="-5.077392" lat="36.773718"><ele>936.4</ele></trkpt>
   <trkpt lon="-5.077273" lat="36.773811"><ele>939.6</ele></trkpt>
   <trkpt lon="-5.077200" lat="36.773924"><ele>942.6</ele></trkpt>
   <trkpt lon="-5.077163" lat="36.774034"><ele>945.3</ele></trkpt>
   <trkpt lon="-5.077220" lat="36.775022"><ele>944.7</ele></trkpt>
   <trkpt lon="-5.077189" lat="36.775100"><ele>944.4</ele></trkpt>
   <trkpt lon="-5.077138" lat="36.775176"><ele>944.3</ele></trkpt>
   <trkpt lon="-5.076955" lat="36.775361"><ele>943.0</ele></trkpt>
   <trkpt lon="-5.076782" lat="36.775453"><ele>942.2</ele></trkpt>
   <trkpt lon="-5.074058" lat="36.776263"><ele>934.4</ele></trkpt>
   <trkpt lon="-5.072544" lat="36.776685"><ele>935.6</ele></trkpt>
   <trkpt lon="-5.072021" lat="36.776772"><ele>936.1</ele></trkpt>
   <trkpt lon="-5.070446" lat="36.777003"><ele>944.8</ele></trkpt>
   <trkpt lon="-5.067731" lat="36.777405"><ele>955.0</ele></trkpt>
   <trkpt lon="-5.066731" lat="36.777550"><ele>960.3</ele></trkpt>
   <trkpt lon="-5.066524" lat="36.777575"><ele>961.5</ele></trkpt>
   <trkpt lon="-5.066359" lat="36.777605"><ele>962.3</ele></trkpt>
   <trkpt lon="-5.066158" lat="36.777663"><ele>963.0</ele></trkpt>
   <trkpt lon="-5.066078" lat="36.777698"><ele>963.4</ele></trkpt>
   <trkpt lon="-5.066004" lat="36.777753"><ele>963.9</ele></trkpt>
   <trkpt lon="-5.065880" lat="36.777867"><ele>964.8</ele></trkpt>
   <trkpt lon="-5.064432" lat="36.779241"><ele>968.6</ele></trkpt>
   <trkpt lon="-5.064105" lat="36.779522"><ele>967.6</ele></trkpt>
   <trkpt lon="-5.063976" lat="36.779575"><ele>967.7</ele></trkpt>
   <trkpt lon="-5.063817" lat="36.779613"><ele>967.9</ele></trkpt>
   <trkpt lon="-5.062553" lat="36.779622"><ele>970.3</ele></trkpt>
   <trkpt lon="-5.061943" lat="36.779664"><ele>971.8</ele></trkpt>
   <trkpt lon="-5.061729" lat="36.779726"><ele>971.8</ele></trkpt>
   <trkpt lon="-5.061570" lat="36.779812"><ele>970.8</ele></trkpt>
   <trkpt lon="-5.060820" lat="36.780458"><ele>969.0</ele></trkpt>
   <trkpt lon="-5.059956" lat="36.781224"><ele>976.7</ele></trkpt>
   <trkpt lon="-5.059434" lat="36.781639"><ele>978.6</ele></trkpt>
   <trkpt lon="-5.059070" lat="36.781880"><ele>979.7</ele></trkpt>
   <trkpt lon="-5.057096" lat="36.783016"><ele>987.4</ele></trkpt>
   <trkpt lon="-5.056686" lat="36.783185"><ele>990.0</ele></trkpt>
   <trkpt lon="-5.056586" lat="36.783244"><ele>989.8</ele></trkpt>
   <trkpt lon="-5.056501" lat="36.783347"><ele>988.0</ele></trkpt>
   <trkpt lon="-5.056447" lat="36.783458"><ele>987.0</ele></trkpt>
   <trkpt lon="-5.056381" lat="36.783809"><ele>986.4</ele></trkpt>
   <trkpt lon="-5.056253" lat="36.784061"><ele>990.5</ele></trkpt>
   <trkpt lon="-5.055027" lat="36.785503"><ele>1002.5</ele></trkpt>
   <trkpt lon="-5.054939" lat="36.785634"><ele>1003.4</ele></trkpt>
   <trkpt lon="-5.054896" lat="36.786083"><ele>1005.0</ele></trkpt>
   <trkpt lon="-5.054833" lat="36.786287"><ele>1006.4</ele></trkpt>
   <trkpt lon="-5.054794" lat="36.786361"><ele>1006.9</ele></trkpt>
   <trkpt lon="-5.054722" lat="36.786433"><ele>1008.0</ele></trkpt>
   <trkpt lon="-5.054620" lat="36.786493"><ele>1009.1</ele></trkpt>
   <trkpt lon="-5.053551" lat="36.786792"><ele>1018.2</ele></trkpt>
   <trkpt lon="-5.052394" lat="36.787075"><ele>1030.2</ele></trkpt>
   <trkpt lon="-5.051943" lat="36.787228"><ele>1034.7</ele></trkpt>
   <trkpt lon="-5.051503" lat="36.787413"><ele>1035.1</ele></trkpt>
   <trkpt lon="-5.051337" lat="36.787447"><ele>1035.2</ele></trkpt>
   <trkpt lon="-5.051067" lat="36.787454"><ele>1035.7</ele></trkpt>
   <trkpt lon="-5.050804" lat="36.787431"><ele>1035.5</ele></trkpt>
   <trkpt lon="-5.050668" lat="36.787383"><ele>1036.7</ele></trkpt>
   <trkpt lon="-5.049852" lat="36.786969"><ele>1042.4</ele></trkpt>
   <trkpt lon="-5.049493" lat="36.786591"><ele>1046.9</ele></trkpt>
   <trkpt lon="-5.048821" lat="36.786119"><ele>1048.0</ele></trkpt>
   <trkpt lon="-5.048708" lat="36.786042"><ele>1047.7</ele></trkpt>
   <trkpt lon="-5.048650" lat="36.786016"><ele>1048.6</ele></trkpt>
   <trkpt lon="-5.048608" lat="36.785998"><ele>1049.2</ele></trkpt>
   <trkpt lon="-5.048509" lat="36.785984"><ele>1050.4</ele></trkpt>
   <trkpt lon="-5.048425" lat="36.785994"><ele>1051.3</ele></trkpt>
   <trkpt lon="-5.048344" lat="36.786027"><ele>1052.5</ele></trkpt>
   <trkpt lon="-5.048278" lat="36.786079"><ele>1054.0</ele></trkpt>
   <trkpt lon="-5.048231" lat="36.786152"><ele>1055.5</ele></trkpt>
   <trkpt lon="-5.048217" lat="36.786339"><ele>1057.1</ele></trkpt>
   <trkpt lon="-5.048229" lat="36.786571"><ele>1059.1</ele></trkpt>
   <trkpt lon="-5.048267" lat="36.786665"><ele>1059.1</ele></trkpt>
   <trkpt lon="-5.048335" lat="36.786747"><ele>1057.6</ele></trkpt>
   <trkpt lon="-5.048405" lat="36.786801"><ele>1056.0</ele></trkpt>
   <trkpt lon="-5.048650" lat="36.786927"><ele>1053.2</ele></trkpt>
   <trkpt lon="-5.048799" lat="36.787016"><ele>1053.2</ele></trkpt>
   <trkpt lon="-5.048942" lat="36.787144"><ele>1054.7</ele></trkpt>
   <trkpt lon="-5.049007" lat="36.787223"><ele>1056.1</ele></trkpt>
   <trkpt lon="-5.049039" lat="36.787302"><ele>1057.8</ele></trkpt>
   <trkpt lon="-5.049076" lat="36.787475"><ele>1054.8</ele></trkpt>
   <trkpt lon="-5.049056" lat="36.787689"><ele>1056.8</ele></trkpt>
   <trkpt lon="-5.048996" lat="36.787835"><ele>1067.1</ele></trkpt>
   <trkpt lon="-5.048633" lat="36.788418"><ele>1072.1</ele></trkpt>
   <trkpt lon="-5.048588" lat="36.788521"><ele>1072.2</ele></trkpt>
   <trkpt lon="-5.048590" lat="36.788653"><ele>1072.1</ele></trkpt>
   <trkpt lon="-5.048590" lat="36.788695"><ele>1072.1</ele></trkpt>
   <trkpt lon="-5.048591" lat="36.788787"><ele>1072.0</ele></trkpt>
   <trkpt lon="-5.048571" lat="36.788876"><ele>1072.0</ele></trkpt>
   <trkpt lon="-5.048527" lat="36.788947"><ele>1071.7</ele></trkpt>
   <trkpt lon="-5.048468" lat="36.788995"><ele>1071.3</ele></trkpt>
   <trkpt lon="-5.048396" lat="36.789038"><ele>1070.7</ele></trkpt>
   <trkpt lon="-5.048311" lat="36.789077"><ele>1069.8</ele></trkpt>
   <trkpt lon="-5.048212" lat="36.789094"><ele>1069.2</ele></trkpt>
   <trkpt lon="-5.048033" lat="36.789085"><ele>1068.8</ele></trkpt>
   <trkpt lon="-5.047160" lat="36.788952"><ele>1062.7</ele></trkpt>
   <trkpt lon="-5.046825" lat="36.788908"><ele>1058.5</ele></trkpt>
   <trkpt lon="-5.046547" lat="36.788840"><ele>1055.1</ele></trkpt>
   <trkpt lon="-5.045872" lat="36.788487"><ele>1058.3</ele></trkpt>
   <trkpt lon="-5.045747" lat="36.788465"><ele>1059.9</ele></trkpt>
   <trkpt lon="-5.045619" lat="36.788471"><ele>1060.5</ele></trkpt>
   <trkpt lon="-5.045357" lat="36.788553"><ele>1059.7</ele></trkpt>
   <trkpt lon="-5.045011" lat="36.788680"><ele>1059.0</ele></trkpt>
   <trkpt lon="-5.044508" lat="36.788996"><ele>1055.5</ele></trkpt>
   <trkpt lon="-5.044242" lat="36.789103"><ele>1053.0</ele></trkpt>
   <trkpt lon="-5.043539" lat="36.789338"><ele>1048.8</ele></trkpt>
   <trkpt lon="-5.043123" lat="36.789503"><ele>1048.0</ele></trkpt>
   <trkpt lon="-5.042756" lat="36.789720"><ele>1045.0</ele></trkpt>
   <trkpt lon="-5.041721" lat="36.790396"><ele>1033.7</ele></trkpt>
   <trkpt lon="-5.040893" lat="36.790840"><ele>1027.7</ele></trkpt>
   <trkpt lon="-5.040669" lat="36.790951"><ele>1024.5</ele></trkpt>
   <trkpt lon="-5.040439" lat="36.791045"><ele>1021.5</ele></trkpt>
   <trkpt lon="-5.040197" lat="36.791110"><ele>1018.7</ele></trkpt>
   <trkpt lon="-5.039948" lat="36.791130"><ele>1016.3</ele></trkpt>
   <trkpt lon="-5.038836" lat="36.791086"><ele>1013.9</ele></trkpt>
   <trkpt lon="-5.038487" lat="36.791108"><ele>1013.7</ele></trkpt>
   <trkpt lon="-5.037097" lat="36.791346"><ele>1007.6</ele></trkpt>
   <trkpt lon="-5.036885" lat="36.791383"><ele>1006.6</ele></trkpt>
   <trkpt lon="-5.036750" lat="36.791433"><ele>1005.0</ele></trkpt>
   <trkpt lon="-5.036605" lat="36.791525"><ele>1001.5</ele></trkpt>
   <trkpt lon="-5.036502" lat="36.791631"><ele>999.2</ele></trkpt>
   <trkpt lon="-5.036428" lat="36.791734"><ele>997.8</ele></trkpt>
   <trkpt lon="-5.036194" lat="36.792081"><ele>997.6</ele></trkpt>
   <trkpt lon="-5.036047" lat="36.792277"><ele>998.6</ele></trkpt>
   <trkpt lon="-5.035959" lat="36.792354"><ele>999.4</ele></trkpt>
   <trkpt lon="-5.035876" lat="36.792416"><ele>1000.1</ele></trkpt>
   <trkpt lon="-5.035489" lat="36.792637"><ele>1003.8</ele></trkpt>
   <trkpt lon="-5.035317" lat="36.792759"><ele>1003.6</ele></trkpt>
   <trkpt lon="-5.035161" lat="36.792904"><ele>1002.1</ele></trkpt>
   <trkpt lon="-5.034799" lat="36.793269"><ele>998.0</ele></trkpt>
   <trkpt lon="-5.034679" lat="36.793355"><ele>997.3</ele></trkpt>
   <trkpt lon="-5.034535" lat="36.793438"><ele>996.3</ele></trkpt>
   <trkpt lon="-5.034366" lat="36.793520"><ele>995.1</ele></trkpt>
   <trkpt lon="-5.034242" lat="36.793548"><ele>995.7</ele></trkpt>
   <trkpt lon="-5.034144" lat="36.793558"><ele>996.7</ele></trkpt>
   <trkpt lon="-5.033918" lat="36.793568"><ele>999.3</ele></trkpt>
   <trkpt lon="-5.033670" lat="36.793621"><ele>1000.6</ele></trkpt>
   <trkpt lon="-5.033180" lat="36.793791"><ele>999.8</ele></trkpt>
   <trkpt lon="-5.032641" lat="36.793987"><ele>999.5</ele></trkpt>
   <trkpt lon="-5.032481" lat="36.794052"><ele>999.0</ele></trkpt>
   <trkpt lon="-5.032125" lat="36.794177"><ele>998.6</ele></trkpt>
   <trkpt lon="-5.031976" lat="36.794246"><ele>997.7</ele></trkpt>
   <trkpt lon="-5.031836" lat="36.794326"><ele>997.2</ele></trkpt>
   <trkpt lon="-5.031069" lat="36.794950"><ele>988.9</ele></trkpt>
   <trkpt lon="-5.030835" lat="36.795095"><ele>986.5</ele></trkpt>
   <trkpt lon="-5.030584" lat="36.795210"><ele>984.2</ele></trkpt>
   <trkpt lon="-5.030335" lat="36.795304"><ele>981.9</ele></trkpt>
   <trkpt lon="-5.029999" lat="36.795375"><ele>981.2</ele></trkpt>
   <trkpt lon="-5.029658" lat="36.795429"><ele>982.9</ele></trkpt>
   <trkpt lon="-5.029453" lat="36.795520"><ele>981.5</ele></trkpt>
   <trkpt lon="-5.029287" lat="36.795630"><ele>978.5</ele></trkpt>
   <trkpt lon="-5.029086" lat="36.795739"><ele>975.2</ele></trkpt>
   <trkpt lon="-5.028857" lat="36.795763"><ele>974.8</ele></trkpt>
   <trkpt lon="-5.028518" lat="36.795733"><ele>978.8</ele></trkpt>
   <trkpt lon="-5.028405" lat="36.795741"><ele>980.6</ele></trkpt>
   <trkpt lon="-5.028276" lat="36.795767"><ele>982.0</ele></trkpt>
   <trkpt lon="-5.027941" lat="36.795896"><ele>982.2</ele></trkpt>
   <trkpt lon="-5.027701" lat="36.796019"><ele>979.1</ele></trkpt>
   <trkpt lon="-5.027537" lat="36.796168"><ele>976.7</ele></trkpt>
   <trkpt lon="-5.027280" lat="36.796541"><ele>974.0</ele></trkpt>
   <trkpt lon="-5.027255" lat="36.796648"><ele>973.5</ele></trkpt>
   <trkpt lon="-5.027241" lat="36.796884"><ele>971.0</ele></trkpt>
   <trkpt lon="-5.027221" lat="36.797007"><ele>970.0</ele></trkpt>
   <trkpt lon="-5.027133" lat="36.797084"><ele>970.4</ele></trkpt>
   <trkpt lon="-5.026903" lat="36.797205"><ele>972.8</ele></trkpt>
   <trkpt lon="-5.026842" lat="36.797292"><ele>972.9</ele></trkpt>
   <trkpt lon="-5.026770" lat="36.797454"><ele>972.2</ele></trkpt>
   <trkpt lon="-5.026601" lat="36.797961"><ele>967.1</ele></trkpt>
   <trkpt lon="-5.026451" lat="36.798228"><ele>963.2</ele></trkpt>
   <trkpt lon="-5.026235" lat="36.798517"><ele>958.4</ele></trkpt>
   <trkpt lon="-5.026098" lat="36.798654"><ele>955.5</ele></trkpt>
   <trkpt lon="-5.026007" lat="36.798705"><ele>954.1</ele></trkpt>
   <trkpt lon="-5.025835" lat="36.798770"><ele>952.1</ele></trkpt>
   <trkpt lon="-5.025738" lat="36.798789"><ele>950.3</ele></trkpt>
   <trkpt lon="-5.025519" lat="36.798803"><ele>947.6</ele></trkpt>
   <trkpt lon="-5.025304" lat="36.798795"><ele>944.9</ele></trkpt>
   <trkpt lon="-5.025067" lat="36.798747"><ele>942.1</ele></trkpt>
   <trkpt lon="-5.024847" lat="36.798669"><ele>940.2</ele></trkpt>
   <trkpt lon="-5.024467" lat="36.798456"><ele>943.1</ele></trkpt>
   <trkpt lon="-5.024368" lat="36.798414"><ele>944.1</ele></trkpt>
   <trkpt lon="-5.024264" lat="36.798386"><ele>944.6</ele></trkpt>
   <trkpt lon="-5.024158" lat="36.798367"><ele>944.9</ele></trkpt>
   <trkpt lon="-5.024033" lat="36.798372"><ele>945.2</ele></trkpt>
   <trkpt lon="-5.023708" lat="36.798452"><ele>944.5</ele></trkpt>
   <trkpt lon="-5.023425" lat="36.798556"><ele>944.1</ele></trkpt>
   <trkpt lon="-5.022986" lat="36.798752"><ele>939.1</ele></trkpt>
   <trkpt lon="-5.021777" lat="36.798872"><ele>937.4</ele></trkpt>
   <trkpt lon="-5.021455" lat="36.798933"><ele>937.7</ele></trkpt>
   <trkpt lon="-5.021228" lat="36.799004"><ele>937.3</ele></trkpt>
   <trkpt lon="-5.021006" lat="36.799132"><ele>934.4</ele></trkpt>
   <trkpt lon="-5.020817" lat="36.799273"><ele>929.0</ele></trkpt>
   <trkpt lon="-5.020617" lat="36.799334"><ele>926.9</ele></trkpt>
   <trkpt lon="-5.020413" lat="36.799370"><ele>925.4</ele></trkpt>
   <trkpt lon="-5.020174" lat="36.799362"><ele>925.4</ele></trkpt>
   <trkpt lon="-5.019966" lat="36.799372"><ele>924.1</ele></trkpt>
   <trkpt lon="-5.018941" lat="36.799453"><ele>926.6</ele></trkpt>
   <trkpt lon="-5.018836" lat="36.799484"><ele>927.9</ele></trkpt>
   <trkpt lon="-5.018772" lat="36.799534"><ele>927.1</ele></trkpt>
   <trkpt lon="-5.018466" lat="36.799863"><ele>918.4</ele></trkpt>
   <trkpt lon="-5.018309" lat="36.799976"><ele>916.1</ele></trkpt>
   <trkpt lon="-5.018194" lat="36.800023"><ele>915.7</ele></trkpt>
   <trkpt lon="-5.016739" lat="36.800488"><ele>914.8</ele></trkpt>
   <trkpt lon="-5.016248" lat="36.800702"><ele>908.9</ele></trkpt>
   <trkpt lon="-5.016072" lat="36.800759"><ele>906.4</ele></trkpt>
   <trkpt lon="-5.015873" lat="36.800795"><ele>905.5</ele></trkpt>
   <trkpt lon="-5.015584" lat="36.800827"><ele>906.1</ele></trkpt>
   <trkpt lon="-5.015375" lat="36.800860"><ele>907.4</ele></trkpt>
   <trkpt lon="-5.014664" lat="36.801178"><ele>897.7</ele></trkpt>
   <trkpt lon="-5.014436" lat="36.801250"><ele>896.4</ele></trkpt>
   <trkpt lon="-5.013858" lat="36.801354"><ele>896.3</ele></trkpt>
   <trkpt lon="-5.013569" lat="36.801370"><ele>898.5</ele></trkpt>
   <trkpt lon="-5.013314" lat="36.801358"><ele>898.4</ele></trkpt>
   <trkpt lon="-5.012867" lat="36.801296"><ele>892.7</ele></trkpt>
   <trkpt lon="-5.012644" lat="36.801236"><ele>889.4</ele></trkpt>
   <trkpt lon="-5.012438" lat="36.801153"><ele>887.1</ele></trkpt>
   <trkpt lon="-5.012192" lat="36.800985"><ele>885.2</ele></trkpt>
   <trkpt lon="-5.012060" lat="36.800879"><ele>884.9</ele></trkpt>
   <trkpt lon="-5.011940" lat="36.800730"><ele>885.9</ele></trkpt>
   <trkpt lon="-5.011863" lat="36.800563"><ele>887.8</ele></trkpt>
   <trkpt lon="-5.011780" lat="36.800066"><ele>899.5</ele></trkpt>
   <trkpt lon="-5.011716" lat="36.799866"><ele>903.6</ele></trkpt>
   <trkpt lon="-5.011578" lat="36.799662"><ele>905.1</ele></trkpt>
   <trkpt lon="-5.011426" lat="36.799547"><ele>905.6</ele></trkpt>
   <trkpt lon="-5.011254" lat="36.799441"><ele>905.8</ele></trkpt>
   <trkpt lon="-5.011127" lat="36.799305"><ele>906.2</ele></trkpt>
   <trkpt lon="-5.011055" lat="36.799138"><ele>907.1</ele></trkpt>
   <trkpt lon="-5.010978" lat="36.798884"><ele>907.8</ele></trkpt>
   <trkpt lon="-5.010956" lat="36.798718"><ele>908.5</ele></trkpt>
   <trkpt lon="-5.010959" lat="36.798468"><ele>910.9</ele></trkpt>
   <trkpt lon="-5.010916" lat="36.798309"><ele>912.6</ele></trkpt>
   <trkpt lon="-5.010637" lat="36.797914"><ele>918.4</ele></trkpt>
   <trkpt lon="-5.010515" lat="36.797758"><ele>923.0</ele></trkpt>
   <trkpt lon="-5.010431" lat="36.797710"><ele>925.3</ele></trkpt>
   <trkpt lon="-5.010330" lat="36.797666"><ele>929.0</ele></trkpt>
   <trkpt lon="-5.010230" lat="36.797640"><ele>931.6</ele></trkpt>
   <trkpt lon="-5.009816" lat="36.797673"><ele>938.3</ele></trkpt>
   <trkpt lon="-5.009609" lat="36.797696"><ele>941.3</ele></trkpt>
   <trkpt lon="-5.009515" lat="36.797728"><ele>941.5</ele></trkpt>
   <trkpt lon="-5.009338" lat="36.797814"><ele>940.0</ele></trkpt>
   <trkpt lon="-5.008983" lat="36.798049"><ele>931.8</ele></trkpt>
   <trkpt lon="-5.008834" lat="36.798124"><ele>929.4</ele></trkpt>
   <trkpt lon="-5.008737" lat="36.798145"><ele>929.0</ele></trkpt>
   <trkpt lon="-5.008662" lat="36.798142"><ele>929.3</ele></trkpt>
   <trkpt lon="-5.008618" lat="36.798127"><ele>929.6</ele></trkpt>
   <trkpt lon="-5.008548" lat="36.798079"><ele>930.0</ele></trkpt>
   <trkpt lon="-5.008451" lat="36.797892"><ele>932.3</ele></trkpt>
   <trkpt lon="-5.008333" lat="36.797744"><ele>933.9</ele></trkpt>
   <trkpt lon="-5.007967" lat="36.797422"><ele>935.6</ele></trkpt>
   <trkpt lon="-5.007844" lat="36.797283"><ele>935.8</ele></trkpt>
   <trkpt lon="-5.007744" lat="36.797121"><ele>935.3</ele></trkpt>
   <trkpt lon="-5.007741" lat="36.796704"><ele>937.0</ele></trkpt>
   <trkpt lon="-5.007637" lat="36.796547"><ele>940.3</ele></trkpt>
   <trkpt lon="-5.007557" lat="36.796481"><ele>940.8</ele></trkpt>
   <trkpt lon="-5.007379" lat="36.796369"><ele>939.7</ele></trkpt>
   <trkpt lon="-5.004131" lat="36.794794"><ele>940.4</ele></trkpt>
   <trkpt lon="-5.003771" lat="36.794626"><ele>941.0</ele></trkpt>
   <trkpt lon="-5.003371" lat="36.794510"><ele>941.5</ele></trkpt>
   <trkpt lon="-5.003032" lat="36.794455"><ele>941.9</ele></trkpt>
   <trkpt lon="-5.000741" lat="36.794088"><ele>950.5</ele></trkpt>
   <trkpt lon="-4.999722" lat="36.793921"><ele>954.9</ele></trkpt>
   <trkpt lon="-4.999431" lat="36.793818"><ele>956.5</ele></trkpt>
   <trkpt lon="-4.998784" lat="36.793476"><ele>958.4</ele></trkpt>
   <trkpt lon="-4.998585" lat="36.793337"><ele>959.6</ele></trkpt>
   <trkpt lon="-4.998503" lat="36.793261"><ele>960.6</ele></trkpt>
   <trkpt lon="-4.998377" lat="36.793072"><ele>963.3</ele></trkpt>
   <trkpt lon="-4.998155" lat="36.792346"><ele>965.3</ele></trkpt>
   <trkpt lon="-4.998014" lat="36.792080"><ele>966.8</ele></trkpt>
   <trkpt lon="-4.997214" lat="36.790849"><ele>972.3</ele></trkpt>
   <trkpt lon="-4.997107" lat="36.790720"><ele>972.8</ele></trkpt>
   <trkpt lon="-4.996872" lat="36.790481"><ele>973.9</ele></trkpt>
   <trkpt lon="-4.996650" lat="36.790340"><ele>974.5</ele></trkpt>
   <trkpt lon="-4.995497" lat="36.789753"><ele>979.0</ele></trkpt>
   <trkpt lon="-4.994115" lat="36.789081"><ele>980.6</ele></trkpt>
   <trkpt lon="-4.993747" lat="36.788893"><ele>978.3</ele></trkpt>
   <trkpt lon="-4.993439" lat="36.788836"><ele>976.0</ele></trkpt>
   <trkpt lon="-4.992395" lat="36.788775"><ele>974.4</ele></trkpt>
   <trkpt lon="-4.992291" lat="36.788750"><ele>975.6</ele></trkpt>
   <trkpt lon="-4.992219" lat="36.788710"><ele>976.9</ele></trkpt>
   <trkpt lon="-4.992140" lat="36.788643"><ele>978.7</ele></trkpt>
   <trkpt lon="-4.992119" lat="36.788595"><ele>979.6</ele></trkpt>
   <trkpt lon="-4.992137" lat="36.788509"><ele>980.3</ele></trkpt>
   <trkpt lon="-4.992442" lat="36.788127"><ele>975.3</ele></trkpt>
   <trkpt lon="-4.992520" lat="36.787950"><ele>971.6</ele></trkpt>
   <trkpt lon="-4.992517" lat="36.787868"><ele>970.8</ele></trkpt>
   <trkpt lon="-4.992389" lat="36.787537"><ele>969.6</ele></trkpt>
   <trkpt lon="-4.992407" lat="36.787455"><ele>969.2</ele></trkpt>
   <trkpt lon="-4.992635" lat="36.787177"><ele>969.5</ele></trkpt>
   <trkpt lon="-4.992647" lat="36.787021"><ele>968.8</ele></trkpt>
   <trkpt lon="-4.992588" lat="36.786399"><ele>972.1</ele></trkpt>
   <trkpt lon="-4.992602" lat="36.786289"><ele>974.2</ele></trkpt>
   <trkpt lon="-4.992821" lat="36.785958"><ele>970.9</ele></trkpt>
   <trkpt lon="-4.992892" lat="36.785662"><ele>975.3</ele></trkpt>
   <trkpt lon="-4.992950" lat="36.785531"><ele>977.5</ele></trkpt>
   <trkpt lon="-4.993073" lat="36.785416"><ele>975.9</ele></trkpt>
   <trkpt lon="-4.993455" lat="36.785313"><ele>966.9</ele></trkpt>
   <trkpt lon="-4.993798" lat="36.785072"><ele>963.8</ele></trkpt>
   <trkpt lon="-4.993874" lat="36.785005"><ele>963.0</ele></trkpt>
   <trkpt lon="-4.994056" lat="36.784781"><ele>960.4</ele></trkpt>
   <trkpt lon="-4.994272" lat="36.784579"><ele>958.6</ele></trkpt>
   <trkpt lon="-4.994458" lat="36.784350"><ele>958.2</ele></trkpt>
   <trkpt lon="-4.994527" lat="36.784290"><ele>958.4</ele></trkpt>
   <trkpt lon="-4.994783" lat="36.784135"><ele>953.0</ele></trkpt>
   <trkpt lon="-4.994923" lat="36.784010"><ele>951.1</ele></trkpt>
   <trkpt lon="-4.995090" lat="36.783776"><ele>948.5</ele></trkpt>
   <trkpt lon="-4.995171" lat="36.783610"><ele>944.3</ele></trkpt>
   <trkpt lon="-4.995182" lat="36.783443"><ele>942.6</ele></trkpt>
   <trkpt lon="-4.995102" lat="36.782942"><ele>921.6</ele></trkpt>
   <trkpt lon="-4.995057" lat="36.782833"><ele>913.6</ele></trkpt>
   <trkpt lon="-4.994967" lat="36.782743"><ele>906.9</ele></trkpt>
   <trkpt lon="-4.994791" lat="36.782703"><ele>904.0</ele></trkpt>
   <trkpt lon="-4.994542" lat="36.782706"><ele>902.2</ele></trkpt>
   <trkpt lon="-4.994288" lat="36.782740"><ele>903.9</ele></trkpt>
   <trkpt lon="-4.993947" lat="36.782831"><ele>911.7</ele></trkpt>
   <trkpt lon="-4.993731" lat="36.782843"><ele>916.3</ele></trkpt>
   <trkpt lon="-4.993610" lat="36.782840"><ele>919.8</ele></trkpt>
   <trkpt lon="-4.993531" lat="36.782824"><ele>921.9</ele></trkpt>
   <trkpt lon="-4.993451" lat="36.782795"><ele>924.4</ele></trkpt>
   <trkpt lon="-4.993376" lat="36.782746"><ele>927.4</ele></trkpt>
   <trkpt lon="-4.993300" lat="36.782592"><ele>931.7</ele></trkpt>
   <trkpt lon="-4.993374" lat="36.782241"><ele>929.1</ele></trkpt>
   <trkpt lon="-4.993356" lat="36.781762"><ele>934.9</ele></trkpt>
   <trkpt lon="-4.993493" lat="36.781139"><ele>929.5</ele></trkpt>
   <trkpt lon="-4.993509" lat="36.780886"><ele>926.4</ele></trkpt>
   <trkpt lon="-4.993531" lat="36.780741"><ele>925.3</ele></trkpt>
   <trkpt lon="-4.993634" lat="36.780508"><ele>903.1</ele></trkpt>
   <trkpt lon="-4.993620" lat="36.780412"><ele>898.2</ele></trkpt>
   <trkpt lon="-4.993582" lat="36.780378"><ele>896.4</ele></trkpt>
   <trkpt lon="-4.993450" lat="36.780345"><ele>894.2</ele></trkpt>
   <trkpt lon="-4.992463" lat="36.780348"><ele>897.5</ele></trkpt>
   <trkpt lon="-4.992238" lat="36.780276"><ele>893.7</ele></trkpt>
   <trkpt lon="-4.992129" lat="36.780286"><ele>893.8</ele></trkpt>
   <trkpt lon="-4.991255" lat="36.780490"><ele>898.3</ele></trkpt>
   <trkpt lon="-4.990500" lat="36.780706"><ele>915.0</ele></trkpt>
   <trkpt lon="-4.990381" lat="36.780723"><ele>915.0</ele></trkpt>
   <trkpt lon="-4.990264" lat="36.780716"><ele>915.2</ele></trkpt>
   <trkpt lon="-4.990029" lat="36.780675"><ele>915.9</ele></trkpt>
   <trkpt lon="-4.989519" lat="36.780642"><ele>906.7</ele></trkpt>
   <trkpt lon="-4.989326" lat="36.780683"><ele>910.2</ele></trkpt>
   <trkpt lon="-4.989130" lat="36.780788"><ele>906.2</ele></trkpt>
   <trkpt lon="-4.988746" lat="36.781199"><ele>899.2</ele></trkpt>
   <trkpt lon="-4.988336" lat="36.781577"><ele>898.1</ele></trkpt>
   <trkpt lon="-4.988172" lat="36.781712"><ele>899.7</ele></trkpt>
   <trkpt lon="-4.988030" lat="36.781785"><ele>900.4</ele></trkpt>
   <trkpt lon="-4.987783" lat="36.781875"><ele>901.8</ele></trkpt>
   <trkpt lon="-4.987638" lat="36.781960"><ele>901.8</ele></trkpt>
   <trkpt lon="-4.987605" lat="36.781997"><ele>901.4</ele></trkpt>
   <trkpt lon="-4.987537" lat="36.782099"><ele>900.0</ele></trkpt>
   <trkpt lon="-4.986972" lat="36.783200"><ele>880.6</ele></trkpt>
   <trkpt lon="-4.986917" lat="36.783293"><ele>880.0</ele></trkpt>
   <trkpt lon="-4.986859" lat="36.783358"><ele>879.1</ele></trkpt>
   <trkpt lon="-4.986790" lat="36.783411"><ele>877.9</ele></trkpt>
   <trkpt lon="-4.986667" lat="36.783492"><ele>876.6</ele></trkpt>
   <trkpt lon="-4.986468" lat="36.783583"><ele>873.9</ele></trkpt>
   <trkpt lon="-4.986161" lat="36.783793"><ele>870.3</ele></trkpt>
   <trkpt lon="-4.986092" lat="36.783858"><ele>869.8</ele></trkpt>
   <trkpt lon="-4.986033" lat="36.783929"><ele>869.6</ele></trkpt>
   <trkpt lon="-4.985998" lat="36.783995"><ele>870.0</ele></trkpt>
   <trkpt lon="-4.985972" lat="36.784052"><ele>870.4</ele></trkpt>
   <trkpt lon="-4.985966" lat="36.784120"><ele>870.8</ele></trkpt>
   <trkpt lon="-4.985977" lat="36.784188"><ele>871.3</ele></trkpt>
   <trkpt lon="-4.986144" lat="36.784625"><ele>874.1</ele></trkpt>
   <trkpt lon="-4.986181" lat="36.784752"><ele>873.7</ele></trkpt>
   <trkpt lon="-4.986188" lat="36.784815"><ele>873.8</ele></trkpt>
   <trkpt lon="-4.986182" lat="36.784864"><ele>873.5</ele></trkpt>
   <trkpt lon="-4.986146" lat="36.784949"><ele>872.0</ele></trkpt>
   <trkpt lon="-4.986091" lat="36.785014"><ele>869.9</ele></trkpt>
   <trkpt lon="-4.985968" lat="36.785131"><ele>866.1</ele></trkpt>
   <trkpt lon="-4.985909" lat="36.785207"><ele>865.6</ele></trkpt>
   <trkpt lon="-4.985880" lat="36.785283"><ele>866.2</ele></trkpt>
   <trkpt lon="-4.985875" lat="36.785360"><ele>867.5</ele></trkpt>
   <trkpt lon="-4.985890" lat="36.785424"><ele>869.4</ele></trkpt>
   <trkpt lon="-4.985924" lat="36.785494"><ele>870.2</ele></trkpt>
   <trkpt lon="-4.986073" lat="36.785730"><ele>874.0</ele></trkpt>
   <trkpt lon="-4.986127" lat="36.785841"><ele>874.0</ele></trkpt>
   <trkpt lon="-4.986287" lat="36.786279"><ele>872.3</ele></trkpt>
   <trkpt lon="-4.986296" lat="36.786363"><ele>871.5</ele></trkpt>
   <trkpt lon="-4.986281" lat="36.786449"><ele>869.3</ele></trkpt>
   <trkpt lon="-4.986239" lat="36.786515"><ele>868.9</ele></trkpt>
   <trkpt lon="-4.986211" lat="36.786545"><ele>868.8</ele></trkpt>
   <trkpt lon="-4.986135" lat="36.786594"><ele>867.6</ele></trkpt>
   <trkpt lon="-4.985789" lat="36.786688"><ele>859.4</ele></trkpt>
   <trkpt lon="-4.985663" lat="36.786743"><ele>858.2</ele></trkpt>
   <trkpt lon="-4.985525" lat="36.786824"><ele>858.1</ele></trkpt>
   <trkpt lon="-4.985387" lat="36.786920"><ele>858.2</ele></trkpt>
   <trkpt lon="-4.985191" lat="36.787071"><ele>858.1</ele></trkpt>
   <trkpt lon="-4.985102" lat="36.787164"><ele>858.2</ele></trkpt>
   <trkpt lon="-4.985021" lat="36.787272"><ele>858.2</ele></trkpt>
   <trkpt lon="-4.984957" lat="36.787372"><ele>858.4</ele></trkpt>
   <trkpt lon="-4.984912" lat="36.787487"><ele>859.5</ele></trkpt>
   <trkpt lon="-4.984902" lat="36.787581"><ele>859.4</ele></trkpt>
   <trkpt lon="-4.984903" lat="36.787714"><ele>859.8</ele></trkpt>
   <trkpt lon="-4.984937" lat="36.787839"><ele>861.3</ele></trkpt>
   <trkpt lon="-4.984983" lat="36.787923"><ele>861.6</ele></trkpt>
   <trkpt lon="-4.985159" lat="36.788129"><ele>864.5</ele></trkpt>
   <trkpt lon="-4.985195" lat="36.788206"><ele>864.1</ele></trkpt>
   <trkpt lon="-4.985204" lat="36.788287"><ele>862.3</ele></trkpt>
   <trkpt lon="-4.985193" lat="36.788356"><ele>860.0</ele></trkpt>
   <trkpt lon="-4.985167" lat="36.788417"><ele>857.4</ele></trkpt>
   <trkpt lon="-4.985107" lat="36.788496"><ele>853.1</ele></trkpt>
   <trkpt lon="-4.984994" lat="36.788618"><ele>849.4</ele></trkpt>
   <trkpt lon="-4.984942" lat="36.788710"><ele>848.0</ele></trkpt>
   <trkpt lon="-4.984919" lat="36.788808"><ele>847.6</ele></trkpt>
   <trkpt lon="-4.984930" lat="36.788899"><ele>847.8</ele></trkpt>
   <trkpt lon="-4.984978" lat="36.788990"><ele>849.0</ele></trkpt>
   <trkpt lon="-4.985091" lat="36.789108"><ele>852.9</ele></trkpt>
   <trkpt lon="-4.985211" lat="36.789200"><ele>857.4</ele></trkpt>
   <trkpt lon="-4.985247" lat="36.789245"><ele>858.0</ele></trkpt>
   <trkpt lon="-4.985264" lat="36.789296"><ele>857.5</ele></trkpt>
   <trkpt lon="-4.985265" lat="36.789402"><ele>854.6</ele></trkpt>
   <trkpt lon="-4.985229" lat="36.789480"><ele>850.9</ele></trkpt>
   <trkpt lon="-4.985206" lat="36.789509"><ele>849.2</ele></trkpt>
   <trkpt lon="-4.985151" lat="36.789557"><ele>847.3</ele></trkpt>
   <trkpt lon="-4.985102" lat="36.789590"><ele>846.4</ele></trkpt>
   <trkpt lon="-4.984985" lat="36.789639"><ele>843.6</ele></trkpt>
   <trkpt lon="-4.984784" lat="36.789688"><ele>838.6</ele></trkpt>
   <trkpt lon="-4.984682" lat="36.789728"><ele>836.7</ele></trkpt>
   <trkpt lon="-4.984617" lat="36.789773"><ele>836.0</ele></trkpt>
   <trkpt lon="-4.984558" lat="36.789831"><ele>835.7</ele></trkpt>
   <trkpt lon="-4.984503" lat="36.789956"><ele>837.4</ele></trkpt>
   <trkpt lon="-4.984460" lat="36.790008"><ele>837.8</ele></trkpt>
   <trkpt lon="-4.984414" lat="36.790054"><ele>838.0</ele></trkpt>
   <trkpt lon="-4.984347" lat="36.790093"><ele>837.4</ele></trkpt>
   <trkpt lon="-4.984258" lat="36.790123"><ele>836.1</ele></trkpt>
   <trkpt lon="-4.983834" lat="36.790207"><ele>832.0</ele></trkpt>
   <trkpt lon="-4.983743" lat="36.790235"><ele>833.0</ele></trkpt>
   <trkpt lon="-4.983683" lat="36.790272"><ele>834.0</ele></trkpt>
   <trkpt lon="-4.983547" lat="36.790390"><ele>835.7</ele></trkpt>
   <trkpt lon="-4.983464" lat="36.790443"><ele>836.7</ele></trkpt>
   <trkpt lon="-4.983383" lat="36.790475"><ele>838.1</ele></trkpt>
   <trkpt lon="-4.983297" lat="36.790487"><ele>839.5</ele></trkpt>
   <trkpt lon="-4.983220" lat="36.790484"><ele>840.6</ele></trkpt>
   <trkpt lon="-4.983116" lat="36.790454"><ele>842.1</ele></trkpt>
   <trkpt lon="-4.983037" lat="36.790392"><ele>842.7</ele></trkpt>
   <trkpt lon="-4.983006" lat="36.790338"><ele>842.5</ele></trkpt>
   <trkpt lon="-4.982983" lat="36.790235"><ele>841.5</ele></trkpt>
   <trkpt lon="-4.982992" lat="36.790160"><ele>839.8</ele></trkpt>
   <trkpt lon="-4.983023" lat="36.790099"><ele>838.1</ele></trkpt>
   <trkpt lon="-4.983141" lat="36.789978"><ele>834.4</ele></trkpt>
   <trkpt lon="-4.983189" lat="36.789903"><ele>832.4</ele></trkpt>
   <trkpt lon="-4.983207" lat="36.789850"><ele>831.2</ele></trkpt>
   <trkpt lon="-4.983217" lat="36.789777"><ele>829.6</ele></trkpt>
   <trkpt lon="-4.983212" lat="36.789718"><ele>828.4</ele></trkpt>
   <trkpt lon="-4.983191" lat="36.789660"><ele>827.4</ele></trkpt>
   <trkpt lon="-4.983160" lat="36.789609"><ele>826.8</ele></trkpt>
   <trkpt lon="-4.983117" lat="36.789562"><ele>826.8</ele></trkpt>
   <trkpt lon="-4.983067" lat="36.789522"><ele>827.2</ele></trkpt>
   <trkpt lon="-4.982949" lat="36.789451"><ele>829.2</ele></trkpt>
   <trkpt lon="-4.982892" lat="36.789400"><ele>830.1</ele></trkpt>
   <trkpt lon="-4.982800" lat="36.789267"><ele>831.6</ele></trkpt>
   <trkpt lon="-4.982774" lat="36.789182"><ele>831.6</ele></trkpt>
   <trkpt lon="-4.982744" lat="36.788984"><ele>828.4</ele></trkpt>
   <trkpt lon="-4.982685" lat="36.788809"><ele>826.5</ele></trkpt>
   <trkpt lon="-4.982535" lat="36.788499"><ele>822.2</ele></trkpt>
   <trkpt lon="-4.982480" lat="36.788424"><ele>821.8</ele></trkpt>
   <trkpt lon="-4.982391" lat="36.788323"><ele>821.4</ele></trkpt>
   <trkpt lon="-4.982340" lat="36.788232"><ele>819.9</ele></trkpt>
   <trkpt lon="-4.982295" lat="36.788067"><ele>816.1</ele></trkpt>
   <trkpt lon="-4.982255" lat="36.787982"><ele>814.4</ele></trkpt>
   <trkpt lon="-4.982205" lat="36.787903"><ele>812.7</ele></trkpt>
   <trkpt lon="-4.982077" lat="36.787740"><ele>808.5</ele></trkpt>
   <trkpt lon="-4.981937" lat="36.787596"><ele>803.7</ele></trkpt>
   <trkpt lon="-4.981850" lat="36.787546"><ele>801.6</ele></trkpt>
   <trkpt lon="-4.981747" lat="36.787517"><ele>800.6</ele></trkpt>
   <trkpt lon="-4.981486" lat="36.787489"><ele>800.3</ele></trkpt>
   <trkpt lon="-4.981324" lat="36.787447"><ele>799.5</ele></trkpt>
   <trkpt lon="-4.980577" lat="36.787230"><ele>791.7</ele></trkpt>
   <trkpt lon="-4.980056" lat="36.787095"><ele>786.5</ele></trkpt>
   <trkpt lon="-4.979403" lat="36.786966"><ele>781.2</ele></trkpt>
   <trkpt lon="-4.978954" lat="36.786901"><ele>782.6</ele></trkpt>
   <trkpt lon="-4.978854" lat="36.786873"><ele>782.7</ele></trkpt>
   <trkpt lon="-4.978397" lat="36.786652"><ele>779.7</ele></trkpt>
   <trkpt lon="-4.978256" lat="36.786600"><ele>776.5</ele></trkpt>
   <trkpt lon="-4.978172" lat="36.786591"><ele>774.7</ele></trkpt>
   <trkpt lon="-4.978095" lat="36.786600"><ele>773.2</ele></trkpt>
   <trkpt lon="-4.978009" lat="36.786634"><ele>771.1</ele></trkpt>
   <trkpt lon="-4.977931" lat="36.786686"><ele>768.9</ele></trkpt>
   <trkpt lon="-4.977853" lat="36.786772"><ele>767.3</ele></trkpt>
   <trkpt lon="-4.977765" lat="36.786897"><ele>766.2</ele></trkpt>
   <trkpt lon="-4.977652" lat="36.787097"><ele>766.4</ele></trkpt>
   <trkpt lon="-4.977591" lat="36.787158"><ele>767.0</ele></trkpt>
   <trkpt lon="-4.977520" lat="36.787193"><ele>767.3</ele></trkpt>
   <trkpt lon="-4.977436" lat="36.787215"><ele>767.2</ele></trkpt>
   <trkpt lon="-4.977335" lat="36.787220"><ele>766.1</ele></trkpt>
   <trkpt lon="-4.976956" lat="36.787186"><ele>759.4</ele></trkpt>
   <trkpt lon="-4.976526" lat="36.787196"><ele>753.6</ele></trkpt>
   <trkpt lon="-4.976390" lat="36.787222"><ele>752.9</ele></trkpt>
   <trkpt lon="-4.975843" lat="36.787368"><ele>749.8</ele></trkpt>
   <trkpt lon="-4.975420" lat="36.787470"><ele>743.4</ele></trkpt>
   <trkpt lon="-4.975200" lat="36.787529"><ele>741.3</ele></trkpt>
   <trkpt lon="-4.974548" lat="36.787784"><ele>737.4</ele></trkpt>
   <trkpt lon="-4.974431" lat="36.787847"><ele>737.0</ele></trkpt>
   <trkpt lon="-4.974099" lat="36.788069"><ele>736.0</ele></trkpt>
   <trkpt lon="-4.974019" lat="36.788144"><ele>736.3</ele></trkpt>
   <trkpt lon="-4.973960" lat="36.788231"><ele>736.2</ele></trkpt>
   <trkpt lon="-4.973925" lat="36.788310"><ele>736.2</ele></trkpt>
   <trkpt lon="-4.973904" lat="36.788394"><ele>736.7</ele></trkpt>
   <trkpt lon="-4.973904" lat="36.788479"><ele>737.9</ele></trkpt>
   <trkpt lon="-4.973930" lat="36.788593"><ele>738.2</ele></trkpt>
   <trkpt lon="-4.973971" lat="36.788704"><ele>738.4</ele></trkpt>
   <trkpt lon="-4.974104" lat="36.788935"><ele>739.3</ele></trkpt>
   <trkpt lon="-4.974167" lat="36.789017"><ele>739.4</ele></trkpt>
   <trkpt lon="-4.974277" lat="36.789114"><ele>740.6</ele></trkpt>
   <trkpt lon="-4.974633" lat="36.789346"><ele>745.9</ele></trkpt>
   <trkpt lon="-4.974701" lat="36.789406"><ele>745.4</ele></trkpt>
   <trkpt lon="-4.974753" lat="36.789477"><ele>743.9</ele></trkpt>
   <trkpt lon="-4.974769" lat="36.789557"><ele>742.2</ele></trkpt>
   <trkpt lon="-4.974763" lat="36.789634"><ele>741.6</ele></trkpt>
   <trkpt lon="-4.974732" lat="36.789695"><ele>740.8</ele></trkpt>
   <trkpt lon="-4.974655" lat="36.789772"><ele>739.5</ele></trkpt>
   <trkpt lon="-4.974548" lat="36.789811"><ele>738.4</ele></trkpt>
   <trkpt lon="-4.974446" lat="36.789828"><ele>737.6</ele></trkpt>
   <trkpt lon="-4.974335" lat="36.789815"><ele>736.5</ele></trkpt>
   <trkpt lon="-4.974096" lat="36.789730"><ele>731.6</ele></trkpt>
   <trkpt lon="-4.973983" lat="36.789707"><ele>729.2</ele></trkpt>
   <trkpt lon="-4.973868" lat="36.789701"><ele>726.3</ele></trkpt>
   <trkpt lon="-4.973735" lat="36.789721"><ele>723.7</ele></trkpt>
   <trkpt lon="-4.973591" lat="36.789763"><ele>721.2</ele></trkpt>
   <trkpt lon="-4.973434" lat="36.789836"><ele>718.7</ele></trkpt>
   <trkpt lon="-4.973281" lat="36.789939"><ele>717.5</ele></trkpt>
   <trkpt lon="-4.973024" lat="36.790137"><ele>714.8</ele></trkpt>
   <trkpt lon="-4.972890" lat="36.790213"><ele>713.0</ele></trkpt>
   <trkpt lon="-4.972550" lat="36.790359"><ele>709.9</ele></trkpt>
   <trkpt lon="-4.972462" lat="36.790416"><ele>710.3</ele></trkpt>
   <trkpt lon="-4.972403" lat="36.790485"><ele>711.4</ele></trkpt>
   <trkpt lon="-4.972367" lat="36.790564"><ele>712.9</ele></trkpt>
   <trkpt lon="-4.972361" lat="36.790636"><ele>712.8</ele></trkpt>
   <trkpt lon="-4.972370" lat="36.790713"><ele>713.1</ele></trkpt>
   <trkpt lon="-4.972406" lat="36.790798"><ele>714.1</ele></trkpt>
   <trkpt lon="-4.973015" lat="36.791644"><ele>710.0</ele></trkpt>
   <trkpt lon="-4.973381" lat="36.792097"><ele>708.0</ele></trkpt>
   <trkpt lon="-4.973422" lat="36.792172"><ele>706.8</ele></trkpt>
   <trkpt lon="-4.973445" lat="36.792274"><ele>704.6</ele></trkpt>
   <trkpt lon="-4.973436" lat="36.792335"><ele>704.5</ele></trkpt>
   <trkpt lon="-4.973416" lat="36.792382"><ele>704.1</ele></trkpt>
   <trkpt lon="-4.973384" lat="36.792426"><ele>703.5</ele></trkpt>
   <trkpt lon="-4.973320" lat="36.792483"><ele>702.3</ele></trkpt>
   <trkpt lon="-4.973224" lat="36.792527"><ele>700.7</ele></trkpt>
   <trkpt lon="-4.973128" lat="36.792546"><ele>699.0</ele></trkpt>
   <trkpt lon="-4.972867" lat="36.792572"><ele>695.0</ele></trkpt>
   <trkpt lon="-4.972526" lat="36.792646"><ele>694.4</ele></trkpt>
   <trkpt lon="-4.972348" lat="36.792654"><ele>695.0</ele></trkpt>
   <trkpt lon="-4.972017" lat="36.792565"><ele>692.1</ele></trkpt>
   <trkpt lon="-4.971835" lat="36.792548"><ele>690.3</ele></trkpt>
   <trkpt lon="-4.971737" lat="36.792559"><ele>689.2</ele></trkpt>
   <trkpt lon="-4.971519" lat="36.792614"><ele>687.9</ele></trkpt>
   <trkpt lon="-4.971102" lat="36.792792"><ele>689.4</ele></trkpt>
   <trkpt lon="-4.971011" lat="36.792817"><ele>690.4</ele></trkpt>
   <trkpt lon="-4.970920" lat="36.792823"><ele>691.0</ele></trkpt>
   <trkpt lon="-4.970833" lat="36.792810"><ele>691.1</ele></trkpt>
   <trkpt lon="-4.970757" lat="36.792781"><ele>690.9</ele></trkpt>
   <trkpt lon="-4.970696" lat="36.792736"><ele>690.0</ele></trkpt>
   <trkpt lon="-4.970650" lat="36.792681"><ele>688.5</ele></trkpt>
   <trkpt lon="-4.970553" lat="36.792491"><ele>681.5</ele></trkpt>
   <trkpt lon="-4.970503" lat="36.792438"><ele>679.1</ele></trkpt>
   <trkpt lon="-4.970372" lat="36.792368"><ele>675.6</ele></trkpt>
   <trkpt lon="-4.970208" lat="36.792339"><ele>673.2</ele></trkpt>
   <trkpt lon="-4.969701" lat="36.792324"><ele>679.0</ele></trkpt>
   <trkpt lon="-4.969608" lat="36.792308"><ele>680.6</ele></trkpt>
   <trkpt lon="-4.969449" lat="36.792239"><ele>681.7</ele></trkpt>
   <trkpt lon="-4.969321" lat="36.792129"><ele>681.3</ele></trkpt>
   <trkpt lon="-4.969229" lat="36.791995"><ele>679.7</ele></trkpt>
   <trkpt lon="-4.969109" lat="36.791613"><ele>670.1</ele></trkpt>
   <trkpt lon="-4.969028" lat="36.791479"><ele>664.5</ele></trkpt>
   <trkpt lon="-4.968978" lat="36.791429"><ele>662.4</ele></trkpt>
   <trkpt lon="-4.968920" lat="36.791389"><ele>660.7</ele></trkpt>
   <trkpt lon="-4.968775" lat="36.791336"><ele>658.4</ele></trkpt>
   <trkpt lon="-4.968509" lat="36.791299"><ele>657.3</ele></trkpt>
   <trkpt lon="-4.968179" lat="36.791281"><ele>654.8</ele></trkpt>
   <trkpt lon="-4.967288" lat="36.791290"><ele>653.0</ele></trkpt>
   <trkpt lon="-4.967057" lat="36.791308"><ele>651.2</ele></trkpt>
   <trkpt lon="-4.966847" lat="36.791347"><ele>648.6</ele></trkpt>
   <trkpt lon="-4.966705" lat="36.791424"><ele>647.1</ele></trkpt>
   <trkpt lon="-4.966574" lat="36.791561"><ele>645.9</ele></trkpt>
   <trkpt lon="-4.966161" lat="36.792167"><ele>640.5</ele></trkpt>
   <trkpt lon="-4.966098" lat="36.792222"><ele>640.4</ele></trkpt>
   <trkpt lon="-4.966036" lat="36.792256"><ele>640.9</ele></trkpt>
   <trkpt lon="-4.965949" lat="36.792263"><ele>641.0</ele></trkpt>
   <trkpt lon="-4.965863" lat="36.792250"><ele>640.8</ele></trkpt>
   <trkpt lon="-4.965782" lat="36.792220"><ele>640.1</ele></trkpt>
   <trkpt lon="-4.965530" lat="36.792082"><ele>637.8</ele></trkpt>
   <trkpt lon="-4.965328" lat="36.791994"><ele>636.0</ele></trkpt>
   <trkpt lon="-4.964745" lat="36.791808"><ele>631.4</ele></trkpt>
   <trkpt lon="-4.964523" lat="36.791769"><ele>628.6</ele></trkpt>
   <trkpt lon="-4.964415" lat="36.791775"><ele>627.6</ele></trkpt>
   <trkpt lon="-4.964308" lat="36.791797"><ele>627.0</ele></trkpt>
   <trkpt lon="-4.963971" lat="36.791901"><ele>626.1</ele></trkpt>
   <trkpt lon="-4.963734" lat="36.791949"><ele>625.8</ele></trkpt>
   <trkpt lon="-4.963487" lat="36.791955"><ele>625.1</ele></trkpt>
   <trkpt lon="-4.962985" lat="36.791913"><ele>621.6</ele></trkpt>
   <trkpt lon="-4.962241" lat="36.791979"><ele>620.6</ele></trkpt>
   <trkpt lon="-4.962128" lat="36.791973"><ele>620.7</ele></trkpt>
   <trkpt lon="-4.961909" lat="36.791930"><ele>620.2</ele></trkpt>
   <trkpt lon="-4.961170" lat="36.791667"><ele>618.8</ele></trkpt>
   <trkpt lon="-4.961076" lat="36.791649"><ele>618.4</ele></trkpt>
   <trkpt lon="-4.960983" lat="36.791652"><ele>618.0</ele></trkpt>
   <trkpt lon="-4.960891" lat="36.791673"><ele>617.0</ele></trkpt>
   <trkpt lon="-4.960546" lat="36.791852"><ele>613.9</ele></trkpt>
   <trkpt lon="-4.960457" lat="36.791882"><ele>613.2</ele></trkpt>
   <trkpt lon="-4.960273" lat="36.791895"><ele>611.7</ele></trkpt>
   <trkpt lon="-4.960091" lat="36.791862"><ele>610.4</ele></trkpt>
   <trkpt lon="-4.959909" lat="36.791808"><ele>608.9</ele></trkpt>
   <trkpt lon="-4.959731" lat="36.791736"><ele>608.1</ele></trkpt>
   <trkpt lon="-4.959669" lat="36.791693"><ele>607.7</ele></trkpt>
   <trkpt lon="-4.959518" lat="36.791588"><ele>607.3</ele></trkpt>
   <trkpt lon="-4.959283" lat="36.791338"><ele>606.5</ele></trkpt>
   <trkpt lon="-4.959181" lat="36.791202"><ele>605.8</ele></trkpt>
   <trkpt lon="-4.959117" lat="36.791054"><ele>603.8</ele></trkpt>
   <trkpt lon="-4.959077" lat="36.790757"><ele>597.9</ele></trkpt>
   <trkpt lon="-4.959017" lat="36.790634"><ele>594.8</ele></trkpt>
   <trkpt lon="-4.958904" lat="36.790552"><ele>592.7</ele></trkpt>
   <trkpt lon="-4.958654" lat="36.790469"><ele>589.1</ele></trkpt>
   <trkpt lon="-4.958563" lat="36.790459"><ele>588.1</ele></trkpt>
   <trkpt lon="-4.958372" lat="36.790469"><ele>586.4</ele></trkpt>
   <trkpt lon="-4.957631" lat="36.790628"><ele>584.4</ele></trkpt>
   <trkpt lon="-4.957448" lat="36.790640"><ele>584.1</ele></trkpt>
   <trkpt lon="-4.957365" lat="36.790631"><ele>583.8</ele></trkpt>
   <trkpt lon="-4.957216" lat="36.790585"><ele>583.2</ele></trkpt>
   <trkpt lon="-4.956806" lat="36.790369"><ele>580.0</ele></trkpt>
   <trkpt lon="-4.956657" lat="36.790354"><ele>579.3</ele></trkpt>
   <trkpt lon="-4.956590" lat="36.790368"><ele>579.1</ele></trkpt>
   <trkpt lon="-4.956484" lat="36.790422"><ele>578.6</ele></trkpt>
   <trkpt lon="-4.956402" lat="36.790503"><ele>578.1</ele></trkpt>
   <trkpt lon="-4.956242" lat="36.790714"><ele>576.5</ele></trkpt>
   <trkpt lon="-4.956108" lat="36.790781"><ele>575.4</ele></trkpt>
   <trkpt lon="-4.954506" lat="36.791157"><ele>567.1</ele></trkpt>
   <trkpt lon="-4.953979" lat="36.791282"><ele>564.0</ele></trkpt>
   <trkpt lon="-4.953869" lat="36.791308"><ele>563.5</ele></trkpt>
   <trkpt lon="-4.953826" lat="36.791317"><ele>563.3</ele></trkpt>
   <trkpt lon="-4.953715" lat="36.791346"><ele>563.1</ele></trkpt>
   <trkpt lon="-4.953371" lat="36.791428"><ele>563.3</ele></trkpt>
   <trkpt lon="-4.953306" lat="36.791438"><ele>563.5</ele></trkpt>
   <trkpt lon="-4.953173" lat="36.791440"><ele>563.7</ele></trkpt>
   <trkpt lon="-4.953051" lat="36.791415"><ele>563.6</ele></trkpt>
   <trkpt lon="-4.952945" lat="36.791381"><ele>563.3</ele></trkpt>
   <trkpt lon="-4.952748" lat="36.791268"><ele>562.4</ele></trkpt>
   <trkpt lon="-4.952667" lat="36.791233"><ele>562.3</ele></trkpt>
   <trkpt lon="-4.952602" lat="36.791208"><ele>562.3</ele></trkpt>
   <trkpt lon="-4.952240" lat="36.791101"><ele>562.0</ele></trkpt>
   <trkpt lon="-4.951857" lat="36.790995"><ele>561.6</ele></trkpt>
   <trkpt lon="-4.951070" lat="36.790779"><ele>560.6</ele></trkpt>
   <trkpt lon="-4.950632" lat="36.790657"><ele>560.0</ele></trkpt>
   <trkpt lon="-4.950501" lat="36.790605"><ele>560.0</ele></trkpt>
   <trkpt lon="-4.950281" lat="36.790483"><ele>559.6</ele></trkpt>
   <trkpt lon="-4.950191" lat="36.790420"><ele>559.2</ele></trkpt>
   <trkpt lon="-4.950117" lat="36.790358"><ele>558.9</ele></trkpt>
   <trkpt lon="-4.950075" lat="36.790364"><ele>558.9</ele></trkpt>
   <trkpt lon="-4.950025" lat="36.790370"><ele>558.9</ele></trkpt>
   <trkpt lon="-4.949943" lat="36.790397"><ele>559.0</ele></trkpt>
   <trkpt lon="-4.949875" lat="36.790441"><ele>559.1</ele></trkpt>
   <trkpt lon="-4.949826" lat="36.790491"><ele>559.2</ele></trkpt>
   <trkpt lon="-4.949797" lat="36.790490"><ele>559.1</ele></trkpt>
   <trkpt lon="-4.949748" lat="36.790505"><ele>559.1</ele></trkpt>
   <trkpt lon="-4.949713" lat="36.790537"><ele>559.0</ele></trkpt>
   <trkpt lon="-4.949705" lat="36.790557"><ele>559.0</ele></trkpt>
   <trkpt lon="-4.949518" lat="36.790526"><ele>559.0</ele></trkpt>
   <trkpt lon="-4.949364" lat="36.790502"><ele>559.0</ele></trkpt>
   <trkpt lon="-4.949164" lat="36.790472"><ele>559.6</ele></trkpt>
   <trkpt lon="-4.949104" lat="36.790466"><ele>559.8</ele></trkpt>
   <trkpt lon="-4.948962" lat="36.790466"><ele>560.2</ele></trkpt>
   <trkpt lon="-4.948759" lat="36.790480"><ele>560.8</ele></trkpt>
   <trkpt lon="-4.948612" lat="36.790500"><ele>561.7</ele></trkpt>
   <trkpt lon="-4.948518" lat="36.790524"><ele>562.5</ele></trkpt>
   <trkpt lon="-4.947972" lat="36.790317"><ele>568.1</ele></trkpt>
   <trkpt lon="-4.947944" lat="36.790306"><ele>568.4</ele></trkpt>
   <trkpt lon="-4.947774" lat="36.790252"><ele>570.6</ele></trkpt>
   <trkpt lon="-4.946932" lat="36.790016"><ele>580.0</ele></trkpt>
   <trkpt lon="-4.946878" lat="36.789997"><ele>580.4</ele></trkpt>
   <trkpt lon="-4.946607" lat="36.789881"><ele>582.3</ele></trkpt>
   <trkpt lon="-4.946344" lat="36.789741"><ele>581.9</ele></trkpt>
   <trkpt lon="-4.945977" lat="36.789559"><ele>579.3</ele></trkpt>
   <trkpt lon="-4.945852" lat="36.789516"><ele>578.0</ele></trkpt>
   <trkpt lon="-4.945853" lat="36.789486"><ele>577.9</ele></trkpt>
   <trkpt lon="-4.945704" lat="36.789496"><ele>576.6</ele></trkpt>
   <trkpt lon="-4.945535" lat="36.789527"><ele>575.5</ele></trkpt>
   <trkpt lon="-4.944652" lat="36.789770"><ele>572.0</ele></trkpt>
   <trkpt lon="-4.944248" lat="36.789868"><ele>568.0</ele></trkpt>
   <trkpt lon="-4.944256" lat="36.789977"><ele>566.8</ele></trkpt>
   <trkpt lon="-4.944277" lat="36.790028"><ele>566.4</ele></trkpt>
   <trkpt lon="-4.944340" lat="36.790070"><ele>566.6</ele></trkpt>
   <trkpt lon="-4.944439" lat="36.790090"><ele>567.4</ele></trkpt>
   <trkpt lon="-4.944603" lat="36.790081"><ele>569.3</ele></trkpt>
   <trkpt lon="-4.944742" lat="36.790064"><ele>571.3</ele></trkpt>
   <trkpt lon="-4.945007" lat="36.790021"><ele>574.8</ele></trkpt>
   <trkpt lon="-4.944742" lat="36.790064"><ele>571.3</ele></trkpt>
   <trkpt lon="-4.944603" lat="36.790081"><ele>569.3</ele></trkpt>
   <trkpt lon="-4.944439" lat="36.790090"><ele>567.4</ele></trkpt>
   <trkpt lon="-4.944340" lat="36.790070"><ele>566.6</ele></trkpt>
   <trkpt lon="-4.944277" lat="36.790028"><ele>566.4</ele></trkpt>
   <trkpt lon="-4.944256" lat="36.789977"><ele>566.8</ele></trkpt>
   <trkpt lon="-4.944248" lat="36.789868"><ele>568.0</ele></trkpt>
   <trkpt lon="-4.944196" lat="36.789877"><ele>567.4</ele></trkpt>
   <trkpt lon="-4.944220" lat="36.789733"><ele>569.8</ele></trkpt>
   <trkpt lon="-4.944208" lat="36.789705"><ele>570.1</ele></trkpt>
   <trkpt lon="-4.944195" lat="36.789693"><ele>570.2</ele></trkpt>
   <trkpt lon="-4.943608" lat="36.789563"><ele>567.0</ele></trkpt>
   <trkpt lon="-4.943082" lat="36.789384"><ele>558.3</ele></trkpt>
   <trkpt lon="-4.942931" lat="36.789363"><ele>556.1</ele></trkpt>
   <trkpt lon="-4.942777" lat="36.789365"><ele>554.0</ele></trkpt>
   <trkpt lon="-4.942596" lat="36.789383"><ele>551.5</ele></trkpt>
   <trkpt lon="-4.942424" lat="36.789425"><ele>549.2</ele></trkpt>
   <trkpt lon="-4.941976" lat="36.789447"><ele>543.8</ele></trkpt>
   <trkpt lon="-4.941760" lat="36.789430"><ele>541.4</ele></trkpt>
   <trkpt lon="-4.941610" lat="36.789436"><ele>539.6</ele></trkpt>
   <trkpt lon="-4.941561" lat="36.789427"><ele>539.0</ele></trkpt>
   <trkpt lon="-4.941436" lat="36.789425"><ele>538.0</ele></trkpt>
   <trkpt lon="-4.941367" lat="36.789432"><ele>537.5</ele></trkpt>
   <trkpt lon="-4.940959" lat="36.789508"><ele>536.0</ele></trkpt>
   <trkpt lon="-4.940889" lat="36.789506"><ele>536.0</ele></trkpt>
   <trkpt lon="-4.940857" lat="36.789498"><ele>536.0</ele></trkpt>
   <trkpt lon="-4.940785" lat="36.789461"><ele>536.1</ele></trkpt>
   <trkpt lon="-4.940624" lat="36.789345"><ele>536.3</ele></trkpt>
   <trkpt lon="-4.940060" lat="36.789041"><ele>538.3</ele></trkpt>
   <trkpt lon="-4.939871" lat="36.788948"><ele>539.2</ele></trkpt>
   <trkpt lon="-4.939669" lat="36.788870"><ele>541.3</ele></trkpt>
   <trkpt lon="-4.939462" lat="36.788809"><ele>543.8</ele></trkpt>
   <trkpt lon="-4.939178" lat="36.788775"><ele>546.0</ele></trkpt>
   <trkpt lon="-4.938913" lat="36.788768"><ele>548.1</ele></trkpt>
   <trkpt lon="-4.938820" lat="36.788776"><ele>548.9</ele></trkpt>
   <trkpt lon="-4.938563" lat="36.788798"><ele>550.2</ele></trkpt>
   <trkpt lon="-4.938337" lat="36.788841"><ele>551.3</ele></trkpt>
   <trkpt lon="-4.938151" lat="36.788935"><ele>552.4</ele></trkpt>
   <trkpt lon="-4.937966" lat="36.789319"><ele>556.0</ele></trkpt>
   <trkpt lon="-4.937848" lat="36.789499"><ele>558.2</ele></trkpt>
   <trkpt lon="-4.937605" lat="36.789695"><ele>560.2</ele></trkpt>
   <trkpt lon="-4.936885" lat="36.790332"><ele>564.0</ele></trkpt>
   <trkpt lon="-4.935516" lat="36.791302"><ele>567.4</ele></trkpt>
   <trkpt lon="-4.935160" lat="36.791430"><ele>566.8</ele></trkpt>
   <trkpt lon="-4.933752" lat="36.792315"><ele>561.3</ele></trkpt>
   <trkpt lon="-4.932874" lat="36.792849"><ele>560.5</ele></trkpt>
   <trkpt lon="-4.932269" lat="36.793308"><ele>559.9</ele></trkpt>
   <trkpt lon="-4.931533" lat="36.793885"><ele>562.6</ele></trkpt>
   <trkpt lon="-4.931140" lat="36.794223"><ele>566.0</ele></trkpt>
   <trkpt lon="-4.930674" lat="36.794417"><ele>566.0</ele></trkpt>
   <trkpt lon="-4.930399" lat="36.794504"><ele>564.3</ele></trkpt>
   <trkpt lon="-4.929930" lat="36.794520"><ele>563.3</ele></trkpt>
   <trkpt lon="-4.929469" lat="36.794591"><ele>564.0</ele></trkpt>
   <trkpt lon="-4.929299" lat="36.794663"><ele>565.2</ele></trkpt>
   <trkpt lon="-4.929204" lat="36.794900"><ele>565.8</ele></trkpt>
   <trkpt lon="-4.929183" lat="36.795149"><ele>565.4</ele></trkpt>
   <trkpt lon="-4.928731" lat="36.795900"><ele>568.9</ele></trkpt>
   <trkpt lon="-4.928648" lat="36.796052"><ele>569.2</ele></trkpt>
   <trkpt lon="-4.928780" lat="36.796428"><ele>566.9</ele></trkpt>
   <trkpt lon="-4.928785" lat="36.796595"><ele>567.3</ele></trkpt>
   <trkpt lon="-4.928723" lat="36.796765"><ele>568.3</ele></trkpt>
   <trkpt lon="-4.928449" lat="36.797003"><ele>571.3</ele></trkpt>
   <trkpt lon="-4.928054" lat="36.797260"><ele>571.3</ele></trkpt>
   <trkpt lon="-4.927685" lat="36.797396"><ele>570.5</ele></trkpt>
   <trkpt lon="-4.927323" lat="36.797478"><ele>564.9</ele></trkpt>
   <trkpt lon="-4.927122" lat="36.797457"><ele>562.7</ele></trkpt>
   <trkpt lon="-4.927003" lat="36.797406"><ele>562.8</ele></trkpt>
   <trkpt lon="-4.926746" lat="36.797259"><ele>563.3</ele></trkpt>
   <trkpt lon="-4.926415" lat="36.797158"><ele>564.7</ele></trkpt>
   <trkpt lon="-4.926107" lat="36.797192"><ele>565.8</ele></trkpt>
   <trkpt lon="-4.925848" lat="36.797320"><ele>565.8</ele></trkpt>
   <trkpt lon="-4.925601" lat="36.797577"><ele>562.1</ele></trkpt>
   <trkpt lon="-4.925368" lat="36.797687"><ele>560.2</ele></trkpt>
   <trkpt lon="-4.924909" lat="36.797665"><ele>560.0</ele></trkpt>
   <trkpt lon="-4.924160" lat="36.797645"><ele>561.0</ele></trkpt>
   <trkpt lon="-4.923933" lat="36.797665"><ele>561.8</ele></trkpt>
   <trkpt lon="-4.923856" lat="36.797707"><ele>561.7</ele></trkpt>
   <trkpt lon="-4.923775" lat="36.797850"><ele>560.5</ele></trkpt>
   <trkpt lon="-4.923681" lat="36.797962"><ele>559.5</ele></trkpt>
   <trkpt lon="-4.923393" lat="36.798190"><ele>557.3</ele></trkpt>
   <trkpt lon="-4.922860" lat="36.798524"><ele>554.7</ele></trkpt>
   <trkpt lon="-4.922150" lat="36.799012"><ele>548.0</ele></trkpt>
   <trkpt lon="-4.921826" lat="36.799213"><ele>545.4</ele></trkpt>
   <trkpt lon="-4.921695" lat="36.799321"><ele>544.2</ele></trkpt>
   <trkpt lon="-4.921550" lat="36.799518"><ele>541.3</ele></trkpt>
   <trkpt lon="-4.921403" lat="36.799733"><ele>538.5</ele></trkpt>
   <trkpt lon="-4.921233" lat="36.799828"><ele>536.4</ele></trkpt>
   <trkpt lon="-4.921068" lat="36.799834"><ele>535.2</ele></trkpt>
   <trkpt lon="-4.920805" lat="36.799803"><ele>534.1</ele></trkpt>
   <trkpt lon="-4.920535" lat="36.799795"><ele>534.1</ele></trkpt>
   <trkpt lon="-4.920198" lat="36.799886"><ele>533.0</ele></trkpt>
   <trkpt lon="-4.919840" lat="36.800059"><ele>529.9</ele></trkpt>
   <trkpt lon="-4.919031" lat="36.800188"><ele>522.8</ele></trkpt>
   <trkpt lon="-4.918390" lat="36.800129"><ele>516.7</ele></trkpt>
   <trkpt lon="-4.918196" lat="36.800063"><ele>515.9</ele></trkpt>
   <trkpt lon="-4.917981" lat="36.799895"><ele>515.1</ele></trkpt>
   <trkpt lon="-4.917951" lat="36.799872"><ele>515.1</ele></trkpt>
   <trkpt lon="-4.917792" lat="36.799839"><ele>516.0</ele></trkpt>
   <trkpt lon="-4.917612" lat="36.799871"><ele>517.1</ele></trkpt>
   <trkpt lon="-4.917508" lat="36.799979"><ele>518.3</ele></trkpt>
   <trkpt lon="-4.917484" lat="36.800162"><ele>519.0</ele></trkpt>
   <trkpt lon="-4.917484" lat="36.800528"><ele>521.0</ele></trkpt>
   <trkpt lon="-4.917460" lat="36.800681"><ele>522.0</ele></trkpt>
   <trkpt lon="-4.917383" lat="36.800761"><ele>523.0</ele></trkpt>
   <trkpt lon="-4.916382" lat="36.801125"><ele>532.3</ele></trkpt>
   <trkpt lon="-4.916180" lat="36.801307"><ele>534.6</ele></trkpt>
   <trkpt lon="-4.915970" lat="36.801549"><ele>534.5</ele></trkpt>
   <trkpt lon="-4.915886" lat="36.801556"><ele>534.6</ele></trkpt>
   <trkpt lon="-4.915838" lat="36.801505"><ele>536.1</ele></trkpt>
   <trkpt lon="-4.915860" lat="36.801394"><ele>537.6</ele></trkpt>
   <trkpt lon="-4.915915" lat="36.801283"><ele>538.2</ele></trkpt>
   <trkpt lon="-4.915892" lat="36.801104"><ele>539.3</ele></trkpt>
   <trkpt lon="-4.915778" lat="36.800799"><ele>541.1</ele></trkpt>
   <trkpt lon="-4.915650" lat="36.800583"><ele>543.7</ele></trkpt>
   <trkpt lon="-4.915621" lat="36.800365"><ele>544.3</ele></trkpt>
   <trkpt lon="-4.915578" lat="36.800151"><ele>544.1</ele></trkpt>
   <trkpt lon="-4.915443" lat="36.800015"><ele>543.8</ele></trkpt>
   <trkpt lon="-4.915233" lat="36.799857"><ele>542.8</ele></trkpt>
   <trkpt lon="-4.915020" lat="36.799785"><ele>543.1</ele></trkpt>
   <trkpt lon="-4.914919" lat="36.799773"><ele>543.9</ele></trkpt>
   <trkpt lon="-4.914806" lat="36.799787"><ele>545.5</ele></trkpt>
   <trkpt lon="-4.914416" lat="36.799988"><ele>552.1</ele></trkpt>
   <trkpt lon="-4.914171" lat="36.800097"><ele>554.5</ele></trkpt>
   <trkpt lon="-4.913537" lat="36.800176"><ele>560.1</ele></trkpt>
   <trkpt lon="-4.913233" lat="36.800268"><ele>561.2</ele></trkpt>
   <trkpt lon="-4.912990" lat="36.800364"><ele>559.1</ele></trkpt>
   <trkpt lon="-4.912808" lat="36.800368"><ele>560.2</ele></trkpt>
   <trkpt lon="-4.912604" lat="36.800332"><ele>563.0</ele></trkpt>
   <trkpt lon="-4.912482" lat="36.800326"><ele>563.7</ele></trkpt>
   <trkpt lon="-4.912030" lat="36.800380"><ele>560.2</ele></trkpt>
   <trkpt lon="-4.911867" lat="36.800356"><ele>560.6</ele></trkpt>
   <trkpt lon="-4.911700" lat="36.800303"><ele>563.9</ele></trkpt>
   <trkpt lon="-4.911414" lat="36.800276"><ele>567.2</ele></trkpt>
   <trkpt lon="-4.911197" lat="36.800272"><ele>570.3</ele></trkpt>
   <trkpt lon="-4.911058" lat="36.800323"><ele>569.9</ele></trkpt>
   <trkpt lon="-4.910925" lat="36.800427"><ele>566.6</ele></trkpt>
   <trkpt lon="-4.910822" lat="36.800469"><ele>565.9</ele></trkpt>
   <trkpt lon="-4.910685" lat="36.800488"><ele>565.2</ele></trkpt>
   <trkpt lon="-4.909944" lat="36.800511"><ele>557.2</ele></trkpt>
   <trkpt lon="-4.909712" lat="36.800455"><ele>555.1</ele></trkpt>
   <trkpt lon="-4.909243" lat="36.800182"><ele>560.3</ele></trkpt>
   <trkpt lon="-4.908972" lat="36.800084"><ele>562.0</ele></trkpt>
   <trkpt lon="-4.908592" lat="36.800055"><ele>560.9</ele></trkpt>
   <trkpt lon="-4.908512" lat="36.800064"><ele>560.0</ele></trkpt>
   <trkpt lon="-4.908464" lat="36.800109"><ele>558.4</ele></trkpt>
   <trkpt lon="-4.908434" lat="36.800173"><ele>557.2</ele></trkpt>
   <trkpt lon="-4.908443" lat="36.800252"><ele>556.0</ele></trkpt>
   <trkpt lon="-4.908719" lat="36.800441"><ele>552.4</ele></trkpt>
   <trkpt lon="-4.908765" lat="36.800501"><ele>553.0</ele></trkpt>
   <trkpt lon="-4.908820" lat="36.800630"><ele>555.2</ele></trkpt>
   <trkpt lon="-4.908857" lat="36.800946"><ele>560.5</ele></trkpt>
   <trkpt lon="-4.908835" lat="36.801083"><ele>563.6</ele></trkpt>
   <trkpt lon="-4.908856" lat="36.801200"><ele>564.5</ele></trkpt>
   <trkpt lon="-4.909011" lat="36.801390"><ele>561.7</ele></trkpt>
   <trkpt lon="-4.909179" lat="36.801693"><ele>562.1</ele></trkpt>
   <trkpt lon="-4.909358" lat="36.801869"><ele>562.1</ele></trkpt>
   <trkpt lon="-4.909419" lat="36.801986"><ele>562.8</ele></trkpt>
   <trkpt lon="-4.909362" lat="36.802134"><ele>566.1</ele></trkpt>
   <trkpt lon="-4.909204" lat="36.802292"><ele>568.9</ele></trkpt>
   <trkpt lon="-4.908765" lat="36.802692"><ele>577.4</ele></trkpt>
   <trkpt lon="-4.908698" lat="36.802854"><ele>577.9</ele></trkpt>
   <trkpt lon="-4.908730" lat="36.803117"><ele>575.3</ele></trkpt>
   <trkpt lon="-4.908702" lat="36.803276"><ele>574.8</ele></trkpt>
   <trkpt lon="-4.908658" lat="36.803377"><ele>575.2</ele></trkpt>
   <trkpt lon="-4.908651" lat="36.803547"><ele>573.6</ele></trkpt>
   <trkpt lon="-4.908661" lat="36.803737"><ele>573.6</ele></trkpt>
   <trkpt lon="-4.908538" lat="36.803895"><ele>578.5</ele></trkpt>
   <trkpt lon="-4.908348" lat="36.804049"><ele>585.1</ele></trkpt>
   <trkpt lon="-4.908265" lat="36.804398"><ele>583.2</ele></trkpt>
   <trkpt lon="-4.908165" lat="36.804601"><ele>583.1</ele></trkpt>
   <trkpt lon="-4.908074" lat="36.804824"><ele>582.2</ele></trkpt>
   <trkpt lon="-4.908057" lat="36.805192"><ele>575.2</ele></trkpt>
   <trkpt lon="-4.907950" lat="36.805376"><ele>576.1</ele></trkpt>
   <trkpt lon="-4.907921" lat="36.805563"><ele>575.4</ele></trkpt>
   <trkpt lon="-4.907959" lat="36.805834"><ele>573.2</ele></trkpt>
   <trkpt lon="-4.907937" lat="36.805944"><ele>572.8</ele></trkpt>
   <trkpt lon="-4.907816" lat="36.805999"><ele>574.1</ele></trkpt>
   <trkpt lon="-4.907415" lat="36.806100"><ele>580.0</ele></trkpt>
   <trkpt lon="-4.907161" lat="36.806194"><ele>580.7</ele></trkpt>
   <trkpt lon="-4.906974" lat="36.806364"><ele>578.7</ele></trkpt>
   <trkpt lon="-4.906844" lat="36.806572"><ele>575.5</ele></trkpt>
   <trkpt lon="-4.906878" lat="36.806728"><ele>574.0</ele></trkpt>
   <trkpt lon="-4.907061" lat="36.806918"><ele>571.8</ele></trkpt>
   <trkpt lon="-4.907150" lat="36.807047"><ele>570.0</ele></trkpt>
   <trkpt lon="-4.907249" lat="36.807499"><ele>568.3</ele></trkpt>
   <trkpt lon="-4.907223" lat="36.807752"><ele>566.4</ele></trkpt>
   <trkpt lon="-4.907083" lat="36.807849"><ele>564.6</ele></trkpt>
   <trkpt lon="-4.906951" lat="36.807897"><ele>561.6</ele></trkpt>
   <trkpt lon="-4.906847" lat="36.807884"><ele>559.4</ele></trkpt>
   <trkpt lon="-4.906685" lat="36.807740"><ele>557.9</ele></trkpt>
   <trkpt lon="-4.906463" lat="36.807508"><ele>558.7</ele></trkpt>
   <trkpt lon="-4.906317" lat="36.807341"><ele>560.8</ele></trkpt>
   <trkpt lon="-4.906172" lat="36.807295"><ele>559.9</ele></trkpt>
   <trkpt lon="-4.905994" lat="36.807324"><ele>556.5</ele></trkpt>
   <trkpt lon="-4.905824" lat="36.807372"><ele>552.3</ele></trkpt>
   <trkpt lon="-4.905710" lat="36.807352"><ele>550.2</ele></trkpt>
   <trkpt lon="-4.905623" lat="36.807298"><ele>548.4</ele></trkpt>
   <trkpt lon="-4.905181" lat="36.806782"><ele>546.5</ele></trkpt>
   <trkpt lon="-4.905083" lat="36.806650"><ele>547.5</ele></trkpt>
   <trkpt lon="-4.905032" lat="36.806613"><ele>547.3</ele></trkpt>
   <trkpt lon="-4.904945" lat="36.806594"><ele>546.1</ele></trkpt>
   <trkpt lon="-4.904789" lat="36.806590"><ele>543.4</ele></trkpt>
   <trkpt lon="-4.904566" lat="36.806546"><ele>539.8</ele></trkpt>
   <trkpt lon="-4.904403" lat="36.806462"><ele>537.9</ele></trkpt>
   <trkpt lon="-4.904350" lat="36.806351"><ele>537.8</ele></trkpt>
   <trkpt lon="-4.904452" lat="36.806060"><ele>540.4</ele></trkpt>
   <trkpt lon="-4.904462" lat="36.805927"><ele>541.2</ele></trkpt>
   <trkpt lon="-4.904400" lat="36.805873"><ele>541.3</ele></trkpt>
   <trkpt lon="-4.904263" lat="36.805857"><ele>540.8</ele></trkpt>
   <trkpt lon="-4.904100" lat="36.805851"><ele>541.1</ele></trkpt>
   <trkpt lon="-4.904005" lat="36.805873"><ele>541.2</ele></trkpt>
   <trkpt lon="-4.903814" lat="36.805995"><ele>543.2</ele></trkpt>
   <trkpt lon="-4.903618" lat="36.806138"><ele>547.3</ele></trkpt>
   <trkpt lon="-4.903531" lat="36.806405"><ele>550.4</ele></trkpt>
   <trkpt lon="-4.903549" lat="36.806572"><ele>549.5</ele></trkpt>
   <trkpt lon="-4.903707" lat="36.806837"><ele>544.1</ele></trkpt>
   <trkpt lon="-4.903704" lat="36.806982"><ele>543.2</ele></trkpt>
   <trkpt lon="-4.903627" lat="36.807134"><ele>542.3</ele></trkpt>
   <trkpt lon="-4.903507" lat="36.807238"><ele>542.6</ele></trkpt>
   <trkpt lon="-4.903370" lat="36.807300"><ele>543.5</ele></trkpt>
   <trkpt lon="-4.903325" lat="36.807378"><ele>542.6</ele></trkpt>
   <trkpt lon="-4.903359" lat="36.807450"><ele>540.9</ele></trkpt>
   <trkpt lon="-4.903487" lat="36.807524"><ele>538.4</ele></trkpt>
   <trkpt lon="-4.903592" lat="36.807611"><ele>536.4</ele></trkpt>
   <trkpt lon="-4.903721" lat="36.807980"><ele>538.5</ele></trkpt>
   <trkpt lon="-4.903804" lat="36.808172"><ele>541.1</ele></trkpt>
   <trkpt lon="-4.903919" lat="36.808335"><ele>542.9</ele></trkpt>
   <trkpt lon="-4.903954" lat="36.808409"><ele>543.8</ele></trkpt>
   <trkpt lon="-4.903966" lat="36.808517"><ele>545.2</ele></trkpt>
   <trkpt lon="-4.903932" lat="36.808666"><ele>548.0</ele></trkpt>
   <trkpt lon="-4.904006" lat="36.809012"><ele>552.3</ele></trkpt>
   <trkpt lon="-4.903948" lat="36.809177"><ele>555.8</ele></trkpt>
   <trkpt lon="-4.903927" lat="36.809387"><ele>558.5</ele></trkpt>
   <trkpt lon="-4.903934" lat="36.809584"><ele>559.6</ele></trkpt>
   <trkpt lon="-4.904041" lat="36.809742"><ele>558.0</ele></trkpt>
   <trkpt lon="-4.904252" lat="36.809900"><ele>554.4</ele></trkpt>
   <trkpt lon="-4.904484" lat="36.809998"><ele>552.2</ele></trkpt>
   <trkpt lon="-4.904607" lat="36.810105"><ele>552.9</ele></trkpt>
   <trkpt lon="-4.904647" lat="36.810200"><ele>554.5</ele></trkpt>
   <trkpt lon="-4.904682" lat="36.810468"><ele>558.8</ele></trkpt>
   <trkpt lon="-4.904664" lat="36.810750"><ele>561.6</ele></trkpt>
   <trkpt lon="-4.904658" lat="36.811169"><ele>559.8</ele></trkpt>
   <trkpt lon="-4.904711" lat="36.811367"><ele>557.3</ele></trkpt>
   <trkpt lon="-4.904777" lat="36.811538"><ele>555.3</ele></trkpt>
   <trkpt lon="-4.904783" lat="36.811626"><ele>554.8</ele></trkpt>
   <trkpt lon="-4.904719" lat="36.811732"><ele>554.6</ele></trkpt>
   <trkpt lon="-4.904595" lat="36.811858"><ele>553.4</ele></trkpt>
   <trkpt lon="-4.904445" lat="36.811953"><ele>550.7</ele></trkpt>
   <trkpt lon="-4.904333" lat="36.811971"><ele>549.0</ele></trkpt>
   <trkpt lon="-4.904257" lat="36.811951"><ele>548.0</ele></trkpt>
   <trkpt lon="-4.904151" lat="36.811885"><ele>546.6</ele></trkpt>
   <trkpt lon="-4.903792" lat="36.811469"><ele>546.1</ele></trkpt>
   <trkpt lon="-4.903674" lat="36.811348"><ele>547.3</ele></trkpt>
   <trkpt lon="-4.903574" lat="36.811308"><ele>546.9</ele></trkpt>
   <trkpt lon="-4.903478" lat="36.811302"><ele>545.5</ele></trkpt>
   <trkpt lon="-4.903311" lat="36.811313"><ele>542.6</ele></trkpt>
   <trkpt lon="-4.903202" lat="36.811305"><ele>540.9</ele></trkpt>
   <trkpt lon="-4.902998" lat="36.811231"><ele>538.9</ele></trkpt>
   <trkpt lon="-4.902727" lat="36.811081"><ele>538.0</ele></trkpt>
   <trkpt lon="-4.902388" lat="36.810876"><ele>539.6</ele></trkpt>
   <trkpt lon="-4.902262" lat="36.810849"><ele>539.7</ele></trkpt>
   <trkpt lon="-4.902085" lat="36.810866"><ele>542.2</ele></trkpt>
   <trkpt lon="-4.901984" lat="36.810921"><ele>543.4</ele></trkpt>
   <trkpt lon="-4.901976" lat="36.811031"><ele>543.1</ele></trkpt>
   <trkpt lon="-4.902204" lat="36.811407"><ele>537.3</ele></trkpt>
   <trkpt lon="-4.902276" lat="36.811658"><ele>535.8</ele></trkpt>
   <trkpt lon="-4.902291" lat="36.811908"><ele>534.3</ele></trkpt>
   <trkpt lon="-4.902246" lat="36.812269"><ele>532.0</ele></trkpt>
   <trkpt lon="-4.902135" lat="36.812659"><ele>528.2</ele></trkpt>
   <trkpt lon="-4.902087" lat="36.812945"><ele>523.5</ele></trkpt>
   <trkpt lon="-4.902043" lat="36.813074"><ele>521.9</ele></trkpt>
   <trkpt lon="-4.901846" lat="36.813363"><ele>520.5</ele></trkpt>
   <trkpt lon="-4.901845" lat="36.813518"><ele>518.1</ele></trkpt>
   <trkpt lon="-4.901912" lat="36.813850"><ele>512.3</ele></trkpt>
   <trkpt lon="-4.901954" lat="36.814749"><ele>499.2</ele></trkpt>
   <trkpt lon="-4.901903" lat="36.814976"><ele>497.1</ele></trkpt>
   <trkpt lon="-4.901813" lat="36.815137"><ele>495.9</ele></trkpt>
   <trkpt lon="-4.901704" lat="36.815271"><ele>494.8</ele></trkpt>
   <trkpt lon="-4.901585" lat="36.815388"><ele>493.5</ele></trkpt>
   <trkpt lon="-4.901418" lat="36.815483"><ele>491.8</ele></trkpt>
   <trkpt lon="-4.901182" lat="36.815563"><ele>490.0</ele></trkpt>
   <trkpt lon="-4.900243" lat="36.815734"><ele>480.4</ele></trkpt>
   <trkpt lon="-4.900142" lat="36.815788"><ele>478.7</ele></trkpt>
   <trkpt lon="-4.900103" lat="36.815910"><ele>477.5</ele></trkpt>
   <trkpt lon="-4.900140" lat="36.816116"><ele>476.8</ele></trkpt>
   <trkpt lon="-4.900153" lat="36.816298"><ele>475.9</ele></trkpt>
   <trkpt lon="-4.900099" lat="36.816504"><ele>474.6</ele></trkpt>
   <trkpt lon="-4.899972" lat="36.816761"><ele>473.3</ele></trkpt>
   <trkpt lon="-4.899668" lat="36.817325"><ele>470.5</ele></trkpt>
   <trkpt lon="-4.899548" lat="36.818278"><ele>465.8</ele></trkpt>
   <trkpt lon="-4.899452" lat="36.818687"><ele>464.1</ele></trkpt>
   <trkpt lon="-4.898994" lat="36.819992"><ele>470.5</ele></trkpt>
   <trkpt lon="-4.899064" lat="36.820431"><ele>463.7</ele></trkpt>
   <trkpt lon="-4.898435" lat="36.822741"><ele>465.3</ele></trkpt>
   <trkpt lon="-4.897928" lat="36.822706"><ele>465.3</ele></trkpt>
   <trkpt lon="-4.896419" lat="36.822805"><ele>466.9</ele></trkpt>
   <trkpt lon="-4.895269" lat="36.822896"><ele>469.1</ele></trkpt>
   <trkpt lon="-4.892054" lat="36.823112"><ele>476.4</ele></trkpt>
   <trkpt lon="-4.889520" lat="36.823342"><ele>481.1</ele></trkpt>
   <trkpt lon="-4.889170" lat="36.823299"><ele>484.7</ele></trkpt>
   <trkpt lon="-4.888963" lat="36.823204"><ele>487.5</ele></trkpt>
   <trkpt lon="-4.888668" lat="36.822864"><ele>490.0</ele></trkpt>
   <trkpt lon="-4.888368" lat="36.822627"><ele>492.4</ele></trkpt>
   <trkpt lon="-4.887866" lat="36.822301"><ele>492.7</ele></trkpt>
   <trkpt lon="-4.887475" lat="36.822174"><ele>495.9</ele></trkpt>
   <trkpt lon="-4.886151" lat="36.821944"><ele>507.3</ele></trkpt>
   <trkpt lon="-4.885870" lat="36.821787"><ele>507.0</ele></trkpt>
   <trkpt lon="-4.885656" lat="36.821604"><ele>504.2</ele></trkpt>
   <trkpt lon="-4.885412" lat="36.821483"><ele>504.3</ele></trkpt>
   <trkpt lon="-4.884951" lat="36.821398"><ele>511.9</ele></trkpt>
   <trkpt lon="-4.884801" lat="36.821223"><ele>514.3</ele></trkpt>
   <trkpt lon="-4.884759" lat="36.821091"><ele>515.4</ele></trkpt>
   <trkpt lon="-4.884770" lat="36.820960"><ele>515.5</ele></trkpt>
   <trkpt lon="-4.884818" lat="36.820864"><ele>515.9</ele></trkpt>
   <trkpt lon="-4.884971" lat="36.820613"><ele>518.3</ele></trkpt>
   <trkpt lon="-4.885039" lat="36.820522"><ele>518.7</ele></trkpt>
   <trkpt lon="-4.885143" lat="36.820476"><ele>518.3</ele></trkpt>
   <trkpt lon="-4.885450" lat="36.820499"><ele>516.7</ele></trkpt>
   <trkpt lon="-4.885687" lat="36.820493"><ele>516.0</ele></trkpt>
   <trkpt lon="-4.885882" lat="36.820430"><ele>515.9</ele></trkpt>
   <trkpt lon="-4.886041" lat="36.820228"><ele>516.9</ele></trkpt>
   <trkpt lon="-4.885980" lat="36.820045"><ele>516.2</ele></trkpt>
   <trkpt lon="-4.885729" lat="36.819915"><ele>516.5</ele></trkpt>
   <trkpt lon="-4.884999" lat="36.819877"><ele>519.0</ele></trkpt>
   <trkpt lon="-4.884692" lat="36.819846"><ele>521.4</ele></trkpt>
   <trkpt lon="-4.884481" lat="36.819792"><ele>523.3</ele></trkpt>
   <trkpt lon="-4.883508" lat="36.818862"><ele>528.8</ele></trkpt>
   <trkpt lon="-4.883243" lat="36.818709"><ele>529.0</ele></trkpt>
   <trkpt lon="-4.883076" lat="36.818653"><ele>529.2</ele></trkpt>
   <trkpt lon="-4.882859" lat="36.818624"><ele>529.5</ele></trkpt>
   <trkpt lon="-4.881028" lat="36.819033"><ele>538.1</ele></trkpt>
   <trkpt lon="-4.880757" lat="36.819139"><ele>537.7</ele></trkpt>
   <trkpt lon="-4.880210" lat="36.819692"><ele>542.5</ele></trkpt>
   <trkpt lon="-4.879967" lat="36.819785"><ele>545.7</ele></trkpt>
   <trkpt lon="-4.879576" lat="36.819823"><ele>549.5</ele></trkpt>
   <trkpt lon="-4.879306" lat="36.819831"><ele>552.4</ele></trkpt>
   <trkpt lon="-4.878971" lat="36.819785"><ele>555.9</ele></trkpt>
   <trkpt lon="-4.877472" lat="36.819000"><ele>568.6</ele></trkpt>
   <trkpt lon="-4.877368" lat="36.818936"><ele>570.6</ele></trkpt>
   <trkpt lon="-4.877292" lat="36.818847"><ele>571.9</ele></trkpt>
   <trkpt lon="-4.877295" lat="36.818733"><ele>571.6</ele></trkpt>
   <trkpt lon="-4.877330" lat="36.818578"><ele>571.1</ele></trkpt>
   <trkpt lon="-4.877628" lat="36.818286"><ele>565.1</ele></trkpt>
   <trkpt lon="-4.877695" lat="36.818176"><ele>563.4</ele></trkpt>
   <trkpt lon="-4.877670" lat="36.818043"><ele>561.3</ele></trkpt>
   <trkpt lon="-4.877599" lat="36.817864"><ele>558.8</ele></trkpt>
   <trkpt lon="-4.877234" lat="36.817406"><ele>555.4</ele></trkpt>
   <trkpt lon="-4.877119" lat="36.817157"><ele>557.5</ele></trkpt>
   <trkpt lon="-4.877388" lat="36.816450"><ele>552.2</ele></trkpt>
   <trkpt lon="-4.877353" lat="36.815991"><ele>549.4</ele></trkpt>
   <trkpt lon="-4.877196" lat="36.815551"><ele>544.6</ele></trkpt>
   <trkpt lon="-4.876399" lat="36.814198"><ele>529.1</ele></trkpt>
   <trkpt lon="-4.875774" lat="36.813592"><ele>522.1</ele></trkpt>
   <trkpt lon="-4.875516" lat="36.813501"><ele>522.1</ele></trkpt>
   <trkpt lon="-4.875322" lat="36.813390"><ele>523.8</ele></trkpt>
   <trkpt lon="-4.875151" lat="36.813207"><ele>529.4</ele></trkpt>
   <trkpt lon="-4.875264" lat="36.813021"><ele>533.9</ele></trkpt>
   <trkpt lon="-4.875430" lat="36.812907"><ele>535.1</ele></trkpt>
   <trkpt lon="-4.875833" lat="36.812946"><ele>528.8</ele></trkpt>
   <trkpt lon="-4.876284" lat="36.812892"><ele>527.8</ele></trkpt>
   <trkpt lon="-4.876632" lat="36.812586"><ele>528.5</ele></trkpt>
   <trkpt lon="-4.876994" lat="36.812031"><ele>525.3</ele></trkpt>
   <trkpt lon="-4.877065" lat="36.811725"><ele>523.8</ele></trkpt>
   <trkpt lon="-4.876936" lat="36.811555"><ele>523.5</ele></trkpt>
   <trkpt lon="-4.876662" lat="36.811286"><ele>524.4</ele></trkpt>
   <trkpt lon="-4.876274" lat="36.811002"><ele>523.7</ele></trkpt>
   <trkpt lon="-4.874873" lat="36.810533"><ele>521.4</ele></trkpt>
   <trkpt lon="-4.874258" lat="36.810265"><ele>521.1</ele></trkpt>
   <trkpt lon="-4.873817" lat="36.809933"><ele>525.8</ele></trkpt>
   <trkpt lon="-4.873797" lat="36.809596"><ele>525.6</ele></trkpt>
   <trkpt lon="-4.873846" lat="36.809372"><ele>522.5</ele></trkpt>
   <trkpt lon="-4.874153" lat="36.809210"><ele>522.3</ele></trkpt>
   <trkpt lon="-4.874537" lat="36.809057"><ele>529.8</ele></trkpt>
   <trkpt lon="-4.875142" lat="36.809096"><ele>534.1</ele></trkpt>
   <trkpt lon="-4.875593" lat="36.808881"><ele>542.0</ele></trkpt>
   <trkpt lon="-4.875605" lat="36.808404"><ele>555.8</ele></trkpt>
   <trkpt lon="-4.875669" lat="36.808271"><ele>557.2</ele></trkpt>
   <trkpt lon="-4.875806" lat="36.808179"><ele>556.6</ele></trkpt>
   <trkpt lon="-4.876361" lat="36.808020"><ele>557.3</ele></trkpt>
   <trkpt lon="-4.876664" lat="36.807975"><ele>557.6</ele></trkpt>
   <trkpt lon="-4.877252" lat="36.808079"><ele>554.5</ele></trkpt>
   <trkpt lon="-4.877384" lat="36.808154"><ele>553.3</ele></trkpt>
   <trkpt lon="-4.877535" lat="36.808273"><ele>552.1</ele></trkpt>
   <trkpt lon="-4.877632" lat="36.808318"><ele>552.4</ele></trkpt>
   <trkpt lon="-4.877727" lat="36.808311"><ele>553.3</ele></trkpt>
   <trkpt lon="-4.877816" lat="36.808264"><ele>554.5</ele></trkpt>
   <trkpt lon="-4.877833" lat="36.808196"><ele>555.1</ele></trkpt>
   <trkpt lon="-4.877767" lat="36.808011"><ele>556.6</ele></trkpt>
   <trkpt lon="-4.877643" lat="36.807867"><ele>558.0</ele></trkpt>
   <trkpt lon="-4.877364" lat="36.807576"><ele>562.7</ele></trkpt>
   <trkpt lon="-4.877044" lat="36.807396"><ele>564.7</ele></trkpt>
   <trkpt lon="-4.876591" lat="36.807212"><ele>571.7</ele></trkpt>
   <trkpt lon="-4.875959" lat="36.806842"><ele>581.7</ele></trkpt>
   <trkpt lon="-4.875736" lat="36.806621"><ele>583.0</ele></trkpt>
   <trkpt lon="-4.875579" lat="36.806374"><ele>586.1</ele></trkpt>
   <trkpt lon="-4.875431" lat="36.806250"><ele>586.9</ele></trkpt>
   <trkpt lon="-4.875194" lat="36.806179"><ele>586.5</ele></trkpt>
   <trkpt lon="-4.874968" lat="36.806128"><ele>584.5</ele></trkpt>
   <trkpt lon="-4.874739" lat="36.806038"><ele>582.7</ele></trkpt>
   <trkpt lon="-4.874303" lat="36.805705"><ele>587.1</ele></trkpt>
   <trkpt lon="-4.874113" lat="36.805591"><ele>578.5</ele></trkpt>
   <trkpt lon="-4.874048" lat="36.805530"><ele>577.5</ele></trkpt>
   <trkpt lon="-4.874009" lat="36.805419"><ele>577.0</ele></trkpt>
   <trkpt lon="-4.873903" lat="36.804861"><ele>577.7</ele></trkpt>
   <trkpt lon="-4.873443" lat="36.803609"><ele>586.9</ele></trkpt>
   <trkpt lon="-4.873142" lat="36.803382"><ele>591.4</ele></trkpt>
   <trkpt lon="-4.872790" lat="36.803324"><ele>597.9</ele></trkpt>
   <trkpt lon="-4.872129" lat="36.803527"><ele>605.1</ele></trkpt>
   <trkpt lon="-4.871523" lat="36.803624"><ele>607.6</ele></trkpt>
   <trkpt lon="-4.869786" lat="36.803393"><ele>617.9</ele></trkpt>
   <trkpt lon="-4.869066" lat="36.802917"><ele>622.6</ele></trkpt>
   <trkpt lon="-4.868653" lat="36.801841"><ele>634.7</ele></trkpt>
   <trkpt lon="-4.868132" lat="36.800830"><ele>647.3</ele></trkpt>
   <trkpt lon="-4.867866" lat="36.800527"><ele>655.1</ele></trkpt>
   <trkpt lon="-4.867620" lat="36.800337"><ele>661.2</ele></trkpt>
   <trkpt lon="-4.867415" lat="36.800319"><ele>664.4</ele></trkpt>
   <trkpt lon="-4.866728" lat="36.800520"><ele>669.5</ele></trkpt>
   <trkpt lon="-4.866138" lat="36.800611"><ele>672.0</ele></trkpt>
   <trkpt lon="-4.864804" lat="36.800842"><ele>678.3</ele></trkpt>
   <trkpt lon="-4.864012" lat="36.800669"><ele>682.8</ele></trkpt>
   <trkpt lon="-4.863384" lat="36.800604"><ele>687.5</ele></trkpt>
   <trkpt lon="-4.862970" lat="36.800685"><ele>688.9</ele></trkpt>
   <trkpt lon="-4.862837" lat="36.800711"><ele>690.1</ele></trkpt>
   <trkpt lon="-4.861815" lat="36.801386"><ele>692.3</ele></trkpt>
   <trkpt lon="-4.860901" lat="36.801883"><ele>704.0</ele></trkpt>
   <trkpt lon="-4.860123" lat="36.802232"><ele>706.7</ele></trkpt>
   <trkpt lon="-4.859480" lat="36.802597"><ele>707.6</ele></trkpt>
   <trkpt lon="-4.858617" lat="36.802732"><ele>714.6</ele></trkpt>
   <trkpt lon="-4.857561" lat="36.802909"><ele>722.2</ele></trkpt>
   <trkpt lon="-4.856860" lat="36.802782"><ele>726.5</ele></trkpt>
   <trkpt lon="-4.856595" lat="36.802843"><ele>727.3</ele></trkpt>
   <trkpt lon="-4.856387" lat="36.802942"><ele>730.2</ele></trkpt>
   <trkpt lon="-4.856073" lat="36.803454"><ele>732.0</ele></trkpt>
   <trkpt lon="-4.855161" lat="36.803781"><ele>735.1</ele></trkpt>
   <trkpt lon="-4.854571" lat="36.803919"><ele>735.3</ele></trkpt>
   <trkpt lon="-4.854187" lat="36.804157"><ele>734.4</ele></trkpt>
   <trkpt lon="-4.853179" lat="36.804661"><ele>741.5</ele></trkpt>
   <trkpt lon="-4.852550" lat="36.804949"><ele>746.3</ele></trkpt>
   <trkpt lon="-4.852258" lat="36.805122"><ele>748.6</ele></trkpt>
   <trkpt lon="-4.851739" lat="36.805614"><ele>747.7</ele></trkpt>
   <trkpt lon="-4.850981" lat="36.806171"><ele>733.1</ele></trkpt>
   <trkpt lon="-4.850492" lat="36.806448"><ele>729.4</ele></trkpt>
   <trkpt lon="-4.849781" lat="36.806751"><ele>727.4</ele></trkpt>
   <trkpt lon="-4.849526" lat="36.807013"><ele>723.4</ele></trkpt>
   <trkpt lon="-4.849374" lat="36.807189"><ele>720.3</ele></trkpt>
   <trkpt lon="-4.848937" lat="36.807665"><ele>714.7</ele></trkpt>
   <trkpt lon="-4.848802" lat="36.807729"><ele>714.2</ele></trkpt>
   <trkpt lon="-4.848534" lat="36.807784"><ele>713.2</ele></trkpt>
   <trkpt lon="-4.848212" lat="36.807804"><ele>712.1</ele></trkpt>
   <trkpt lon="-4.848019" lat="36.807848"><ele>711.1</ele></trkpt>
   <trkpt lon="-4.847635" lat="36.807885"><ele>709.4</ele></trkpt>
   <trkpt lon="-4.847233" lat="36.807882"><ele>708.6</ele></trkpt>
   <trkpt lon="-4.847051" lat="36.807846"><ele>708.3</ele></trkpt>
   <trkpt lon="-4.846354" lat="36.807625"><ele>700.7</ele></trkpt>
   <trkpt lon="-4.846204" lat="36.807595"><ele>699.5</ele></trkpt>
   <trkpt lon="-4.846051" lat="36.807584"><ele>698.2</ele></trkpt>
   <trkpt lon="-4.845619" lat="36.807613"><ele>696.1</ele></trkpt>
   <trkpt lon="-4.845163" lat="36.807597"><ele>693.7</ele></trkpt>
   <trkpt lon="-4.844806" lat="36.807604"><ele>691.2</ele></trkpt>
   <trkpt lon="-4.844015" lat="36.807751"><ele>689.0</ele></trkpt>
   <trkpt lon="-4.843861" lat="36.807764"><ele>688.8</ele></trkpt>
   <trkpt lon="-4.843750" lat="36.807756"><ele>688.4</ele></trkpt>
   <trkpt lon="-4.843363" lat="36.807673"><ele>686.3</ele></trkpt>
   <trkpt lon="-4.842966" lat="36.807565"><ele>685.2</ele></trkpt>
   <trkpt lon="-4.842680" lat="36.807448"><ele>684.2</ele></trkpt>
   <trkpt lon="-4.842277" lat="36.807210"><ele>679.7</ele></trkpt>
   <trkpt lon="-4.842134" lat="36.807162"><ele>678.8</ele></trkpt>
   <trkpt lon="-4.841993" lat="36.807156"><ele>677.4</ele></trkpt>
   <trkpt lon="-4.841690" lat="36.807240"><ele>672.3</ele></trkpt>
   <trkpt lon="-4.841003" lat="36.807496"><ele>672.4</ele></trkpt>
   <trkpt lon="-4.840849" lat="36.807513"><ele>674.8</ele></trkpt>
   <trkpt lon="-4.840749" lat="36.807502"><ele>676.8</ele></trkpt>
   <trkpt lon="-4.840666" lat="36.807463"><ele>678.3</ele></trkpt>
   <trkpt lon="-4.840589" lat="36.807400"><ele>679.4</ele></trkpt>
   <trkpt lon="-4.840524" lat="36.807298"><ele>679.9</ele></trkpt>
   <trkpt lon="-4.840496" lat="36.807167"><ele>677.6</ele></trkpt>
   <trkpt lon="-4.840497" lat="36.806933"><ele>671.5</ele></trkpt>
   <trkpt lon="-4.840470" lat="36.806802"><ele>668.1</ele></trkpt>
   <trkpt lon="-4.840381" lat="36.806691"><ele>666.4</ele></trkpt>
   <trkpt lon="-4.840049" lat="36.806497"><ele>666.4</ele></trkpt>
   <trkpt lon="-4.839938" lat="36.806386"><ele>664.2</ele></trkpt>
   <trkpt lon="-4.839884" lat="36.806280"><ele>661.2</ele></trkpt>
   <trkpt lon="-4.839824" lat="36.806082"><ele>657.0</ele></trkpt>
   <trkpt lon="-4.839774" lat="36.806024"><ele>655.2</ele></trkpt>
   <trkpt lon="-4.839664" lat="36.805967"><ele>652.6</ele></trkpt>
   <trkpt lon="-4.839502" lat="36.805950"><ele>650.3</ele></trkpt>
   <trkpt lon="-4.839330" lat="36.805983"><ele>648.9</ele></trkpt>
   <trkpt lon="-4.839018" lat="36.806080"><ele>650.7</ele></trkpt>
   <trkpt lon="-4.838899" lat="36.806099"><ele>653.5</ele></trkpt>
   <trkpt lon="-4.838787" lat="36.806100"><ele>655.6</ele></trkpt>
   <trkpt lon="-4.838672" lat="36.806073"><ele>658.9</ele></trkpt>
   <trkpt lon="-4.838556" lat="36.806004"><ele>661.8</ele></trkpt>
   <trkpt lon="-4.838501" lat="36.805948"><ele>662.8</ele></trkpt>
   <trkpt lon="-4.838448" lat="36.805842"><ele>663.5</ele></trkpt>
   <trkpt lon="-4.838434" lat="36.805727"><ele>662.7</ele></trkpt>
   <trkpt lon="-4.838430" lat="36.805098"><ele>643.2</ele></trkpt>
   <trkpt lon="-4.838406" lat="36.805030"><ele>639.3</ele></trkpt>
   <trkpt lon="-4.838345" lat="36.804958"><ele>635.1</ele></trkpt>
   <trkpt lon="-4.838154" lat="36.804857"><ele>629.4</ele></trkpt>
   <trkpt lon="-4.838006" lat="36.804827"><ele>628.0</ele></trkpt>
   <trkpt lon="-4.837784" lat="36.804811"><ele>626.9</ele></trkpt>
   <trkpt lon="-4.837447" lat="36.804810"><ele>624.7</ele></trkpt>
   <trkpt lon="-4.836986" lat="36.804845"><ele>626.4</ele></trkpt>
   <trkpt lon="-4.836662" lat="36.804838"><ele>631.5</ele></trkpt>
   <trkpt lon="-4.836509" lat="36.804791"><ele>633.1</ele></trkpt>
   <trkpt lon="-4.836362" lat="36.804687"><ele>631.8</ele></trkpt>
   <trkpt lon="-4.836274" lat="36.804585"><ele>628.4</ele></trkpt>
   <trkpt lon="-4.836168" lat="36.804407"><ele>621.0</ele></trkpt>
   <trkpt lon="-4.836092" lat="36.804332"><ele>617.9</ele></trkpt>
   <trkpt lon="-4.836019" lat="36.804299"><ele>616.5</ele></trkpt>
   <trkpt lon="-4.835836" lat="36.804280"><ele>616.5</ele></trkpt>
   <trkpt lon="-4.835333" lat="36.804272"><ele>622.4</ele></trkpt>
   <trkpt lon="-4.835159" lat="36.804245"><ele>627.0</ele></trkpt>
   <trkpt lon="-4.835070" lat="36.804210"><ele>628.4</ele></trkpt>
   <trkpt lon="-4.835003" lat="36.804165"><ele>629.1</ele></trkpt>
   <trkpt lon="-4.834915" lat="36.804074"><ele>628.3</ele></trkpt>
   <trkpt lon="-4.834841" lat="36.803963"><ele>626.4</ele></trkpt>
   <trkpt lon="-4.834662" lat="36.803571"><ele>620.7</ele></trkpt>
   <trkpt lon="-4.834562" lat="36.803374"><ele>618.6</ele></trkpt>
   <trkpt lon="-4.834501" lat="36.803289"><ele>618.1</ele></trkpt>
   <trkpt lon="-4.834375" lat="36.803153"><ele>617.9</ele></trkpt>
   <trkpt lon="-4.833999" lat="36.802849"><ele>614.0</ele></trkpt>
   <trkpt lon="-4.833877" lat="36.802735"><ele>611.7</ele></trkpt>
   <trkpt lon="-4.833827" lat="36.802665"><ele>610.8</ele></trkpt>
   <trkpt lon="-4.833785" lat="36.802564"><ele>610.0</ele></trkpt>
   <trkpt lon="-4.833780" lat="36.802476"><ele>609.5</ele></trkpt>
   <trkpt lon="-4.833835" lat="36.802352"><ele>608.6</ele></trkpt>
   <trkpt lon="-4.833902" lat="36.802299"><ele>608.6</ele></trkpt>
   <trkpt lon="-4.834026" lat="36.802262"><ele>608.8</ele></trkpt>
   <trkpt lon="-4.834199" lat="36.802265"><ele>608.8</ele></trkpt>
   <trkpt lon="-4.834316" lat="36.802290"><ele>609.4</ele></trkpt>
   <trkpt lon="-4.834546" lat="36.802377"><ele>609.8</ele></trkpt>
   <trkpt lon="-4.834666" lat="36.802469"><ele>611.2</ele></trkpt>
   <trkpt lon="-4.834743" lat="36.802557"><ele>611.9</ele></trkpt>
   <trkpt lon="-4.834822" lat="36.802684"><ele>612.2</ele></trkpt>
   <trkpt lon="-4.835053" lat="36.803155"><ele>611.3</ele></trkpt>
   <trkpt lon="-4.835217" lat="36.803309"><ele>609.6</ele></trkpt>
   <trkpt lon="-4.835370" lat="36.803378"><ele>607.0</ele></trkpt>
   <trkpt lon="-4.835455" lat="36.803399"><ele>605.6</ele></trkpt>
   <trkpt lon="-4.835774" lat="36.803434"><ele>600.5</ele></trkpt>
   <trkpt lon="-4.836344" lat="36.803445"><ele>595.1</ele></trkpt>
   <trkpt lon="-4.836615" lat="36.803484"><ele>594.0</ele></trkpt>
   <trkpt lon="-4.837320" lat="36.803655"><ele>593.2</ele></trkpt>
   <trkpt lon="-4.837576" lat="36.803654"><ele>590.8</ele></trkpt>
   <trkpt lon="-4.838133" lat="36.803553"><ele>581.2</ele></trkpt>
   <trkpt lon="-4.838497" lat="36.803445"><ele>577.7</ele></trkpt>
   <trkpt lon="-4.838604" lat="36.803396"><ele>576.4</ele></trkpt>
   <trkpt lon="-4.838753" lat="36.803290"><ele>571.3</ele></trkpt>
   <trkpt lon="-4.839018" lat="36.803063"><ele>565.1</ele></trkpt>
   <trkpt lon="-4.839090" lat="36.803021"><ele>564.3</ele></trkpt>
   <trkpt lon="-4.839198" lat="36.802979"><ele>564.4</ele></trkpt>
   <trkpt lon="-4.839637" lat="36.802903"><ele>568.4</ele></trkpt>
   <trkpt lon="-4.839795" lat="36.802865"><ele>568.4</ele></trkpt>
   <trkpt lon="-4.839873" lat="36.802831"><ele>567.8</ele></trkpt>
   <trkpt lon="-4.839998" lat="36.802746"><ele>566.3</ele></trkpt>
   <trkpt lon="-4.840148" lat="36.802615"><ele>563.6</ele></trkpt>
   <trkpt lon="-4.840300" lat="36.802528"><ele>563.9</ele></trkpt>
   <trkpt lon="-4.840532" lat="36.802423"><ele>565.4</ele></trkpt>
   <trkpt lon="-4.840782" lat="36.802172"><ele>562.2</ele></trkpt>
   <trkpt lon="-4.840855" lat="36.802133"><ele>563.0</ele></trkpt>
   <trkpt lon="-4.841085" lat="36.802069"><ele>565.3</ele></trkpt>
   <trkpt lon="-4.841199" lat="36.802018"><ele>565.0</ele></trkpt>
   <trkpt lon="-4.841308" lat="36.801909"><ele>562.3</ele></trkpt>
   <trkpt lon="-4.841507" lat="36.801560"><ele>553.4</ele></trkpt>
   <trkpt lon="-4.841570" lat="36.801487"><ele>553.0</ele></trkpt>
   <trkpt lon="-4.841688" lat="36.801408"><ele>553.8</ele></trkpt>
   <trkpt lon="-4.841940" lat="36.801294"><ele>557.4</ele></trkpt>
   <trkpt lon="-4.842001" lat="36.801233"><ele>557.7</ele></trkpt>
   <trkpt lon="-4.842033" lat="36.801158"><ele>557.1</ele></trkpt>
   <trkpt lon="-4.842030" lat="36.801027"><ele>557.1</ele></trkpt>
   <trkpt lon="-4.841840" lat="36.800465"><ele>550.8</ele></trkpt>
   <trkpt lon="-4.841838" lat="36.800334"><ele>549.7</ele></trkpt>
   <trkpt lon="-4.841942" lat="36.799947"><ele>553.0</ele></trkpt>
   <trkpt lon="-4.841905" lat="36.799821"><ele>553.5</ele></trkpt>
   <trkpt lon="-4.841816" lat="36.799721"><ele>552.2</ele></trkpt>
   <trkpt lon="-4.840899" lat="36.798931"><ele>538.1</ele></trkpt>
   <trkpt lon="-4.840832" lat="36.798821"><ele>534.4</ele></trkpt>
   <trkpt lon="-4.840816" lat="36.798733"><ele>532.5</ele></trkpt>
   <trkpt lon="-4.840835" lat="36.798574"><ele>529.3</ele></trkpt>
   <trkpt lon="-4.840900" lat="36.798472"><ele>529.1</ele></trkpt>
   <trkpt lon="-4.840960" lat="36.798421"><ele>529.8</ele></trkpt>
   <trkpt lon="-4.841174" lat="36.798293"><ele>535.3</ele></trkpt>
   <trkpt lon="-4.841242" lat="36.798234"><ele>536.5</ele></trkpt>
   <trkpt lon="-4.841282" lat="36.798154"><ele>536.9</ele></trkpt>
   <trkpt lon="-4.841287" lat="36.797877"><ele>534.1</ele></trkpt>
   <trkpt lon="-4.841311" lat="36.797737"><ele>533.0</ele></trkpt>
   <trkpt lon="-4.841367" lat="36.797630"><ele>532.5</ele></trkpt>
   <trkpt lon="-4.841746" lat="36.797349"><ele>538.2</ele></trkpt>
   <trkpt lon="-4.841767" lat="36.797230"><ele>541.6</ele></trkpt>
   <trkpt lon="-4.841700" lat="36.797003"><ele>545.3</ele></trkpt>
   <trkpt lon="-4.841394" lat="36.796902"><ele>539.9</ele></trkpt>
   <trkpt lon="-4.840971" lat="36.796779"><ele>532.0</ele></trkpt>
   <trkpt lon="-4.840710" lat="36.796477"><ele>523.4</ele></trkpt>
   <trkpt lon="-4.840755" lat="36.796246"><ele>518.7</ele></trkpt>
   <trkpt lon="-4.841058" lat="36.796081"><ele>522.3</ele></trkpt>
   <trkpt lon="-4.841124" lat="36.796022"><ele>522.8</ele></trkpt>
   <trkpt lon="-4.841150" lat="36.795971"><ele>523.7</ele></trkpt>
   <trkpt lon="-4.841146" lat="36.795899"><ele>523.8</ele></trkpt>
   <trkpt lon="-4.840924" lat="36.795466"><ele>516.2</ele></trkpt>
   <trkpt lon="-4.840889" lat="36.795363"><ele>515.0</ele></trkpt>
   <trkpt lon="-4.840920" lat="36.795266"><ele>513.6</ele></trkpt>
   <trkpt lon="-4.840999" lat="36.795191"><ele>513.6</ele></trkpt>
   <trkpt lon="-4.841746" lat="36.794857"><ele>522.0</ele></trkpt>
   <trkpt lon="-4.841854" lat="36.794779"><ele>522.7</ele></trkpt>
   <trkpt lon="-4.841907" lat="36.794673"><ele>522.5</ele></trkpt>
   <trkpt lon="-4.841897" lat="36.794552"><ele>523.6</ele></trkpt>
   <trkpt lon="-4.841825" lat="36.794428"><ele>523.8</ele></trkpt>
   <trkpt lon="-4.841737" lat="36.794328"><ele>523.2</ele></trkpt>
   <trkpt lon="-4.841540" lat="36.794181"><ele>521.0</ele></trkpt>
   <trkpt lon="-4.841322" lat="36.794069"><ele>518.0</ele></trkpt>
   <trkpt lon="-4.840971" lat="36.793946"><ele>512.3</ele></trkpt>
   <trkpt lon="-4.840612" lat="36.793831"><ele>502.4</ele></trkpt>
   <trkpt lon="-4.840482" lat="36.793765"><ele>498.8</ele></trkpt>
   <trkpt lon="-4.840337" lat="36.793601"><ele>493.7</ele></trkpt>
   <trkpt lon="-4.840224" lat="36.793398"><ele>488.9</ele></trkpt>
   <trkpt lon="-4.840225" lat="36.793046"><ele>492.0</ele></trkpt>
   <trkpt lon="-4.840255" lat="36.792418"><ele>493.9</ele></trkpt>
   <trkpt lon="-4.840283" lat="36.792192"><ele>493.7</ele></trkpt>
   <trkpt lon="-4.840307" lat="36.792001"><ele>491.5</ele></trkpt>
   <trkpt lon="-4.840230" lat="36.791886"><ele>489.3</ele></trkpt>
   <trkpt lon="-4.840114" lat="36.791812"><ele>486.8</ele></trkpt>
   <trkpt lon="-4.839996" lat="36.791802"><ele>484.5</ele></trkpt>
   <trkpt lon="-4.839895" lat="36.791828"><ele>483.5</ele></trkpt>
   <trkpt lon="-4.839831" lat="36.791888"><ele>483.8</ele></trkpt>
   <trkpt lon="-4.839801" lat="36.791964"><ele>484.1</ele></trkpt>
   <trkpt lon="-4.839819" lat="36.792056"><ele>484.4</ele></trkpt>
   <trkpt lon="-4.839945" lat="36.792245"><ele>487.4</ele></trkpt>
   <trkpt lon="-4.840007" lat="36.792392"><ele>488.5</ele></trkpt>
   <trkpt lon="-4.840002" lat="36.792523"><ele>488.0</ele></trkpt>
   <trkpt lon="-4.839963" lat="36.792671"><ele>486.6</ele></trkpt>
   <trkpt lon="-4.839868" lat="36.792767"><ele>483.8</ele></trkpt>
   <trkpt lon="-4.839775" lat="36.792784"><ele>481.3</ele></trkpt>
   <trkpt lon="-4.839680" lat="36.792770"><ele>478.9</ele></trkpt>
   <trkpt lon="-4.839612" lat="36.792716"><ele>477.4</ele></trkpt>
   <trkpt lon="-4.839576" lat="36.792615"><ele>477.1</ele></trkpt>
   <trkpt lon="-4.839683" lat="36.792383"><ele>481.1</ele></trkpt>
   <trkpt lon="-4.839688" lat="36.792293"><ele>481.6</ele></trkpt>
   <trkpt lon="-4.839653" lat="36.792198"><ele>481.0</ele></trkpt>
   <trkpt lon="-4.839434" lat="36.791971"><ele>476.5</ele></trkpt>
   <trkpt lon="-4.839327" lat="36.791847"><ele>472.2</ele></trkpt>
   <trkpt lon="-4.839287" lat="36.791739"><ele>468.8</ele></trkpt>
   <trkpt lon="-4.839286" lat="36.791628"><ele>466.2</ele></trkpt>
   <trkpt lon="-4.839378" lat="36.791521"><ele>464.2</ele></trkpt>
   <trkpt lon="-4.839519" lat="36.791413"><ele>462.0</ele></trkpt>
   <trkpt lon="-4.839683" lat="36.791321"><ele>460.8</ele></trkpt>
   <trkpt lon="-4.839842" lat="36.791263"><ele>461.2</ele></trkpt>
   <trkpt lon="-4.839959" lat="36.791246"><ele>462.6</ele></trkpt>
   <trkpt lon="-4.840169" lat="36.791249"><ele>466.9</ele></trkpt>
   <trkpt lon="-4.840269" lat="36.791228"><ele>467.7</ele></trkpt>
   <trkpt lon="-4.840363" lat="36.791190"><ele>468.1</ele></trkpt>
   <trkpt lon="-4.840443" lat="36.791126"><ele>468.0</ele></trkpt>
   <trkpt lon="-4.840503" lat="36.791007"><ele>466.6</ele></trkpt>
   <trkpt lon="-4.840764" lat="36.790406"><ele>456.9</ele></trkpt>
   <trkpt lon="-4.840842" lat="36.790326"><ele>455.6</ele></trkpt>
   <trkpt lon="-4.840937" lat="36.790249"><ele>455.1</ele></trkpt>
   <trkpt lon="-4.841059" lat="36.790180"><ele>455.4</ele></trkpt>
   <trkpt lon="-4.841201" lat="36.790125"><ele>456.6</ele></trkpt>
   <trkpt lon="-4.841574" lat="36.790017"><ele>460.3</ele></trkpt>
   <trkpt lon="-4.841714" lat="36.789930"><ele>460.3</ele></trkpt>
   <trkpt lon="-4.841776" lat="36.789817"><ele>461.3</ele></trkpt>
   <trkpt lon="-4.841778" lat="36.789718"><ele>463.9</ele></trkpt>
   <trkpt lon="-4.841740" lat="36.789632"><ele>465.4</ele></trkpt>
   <trkpt lon="-4.841673" lat="36.789548"><ele>466.1</ele></trkpt>
   <trkpt lon="-4.841495" lat="36.789470"><ele>464.1</ele></trkpt>
   <trkpt lon="-4.841309" lat="36.789430"><ele>461.5</ele></trkpt>
   <trkpt lon="-4.840829" lat="36.789318"><ele>454.9</ele></trkpt>
   <trkpt lon="-4.840643" lat="36.789210"><ele>452.4</ele></trkpt>
   <trkpt lon="-4.840543" lat="36.789092"><ele>450.2</ele></trkpt>
   <trkpt lon="-4.840571" lat="36.788517"><ele>451.1</ele></trkpt>
   <trkpt lon="-4.840540" lat="36.788368"><ele>450.5</ele></trkpt>
   <trkpt lon="-4.840437" lat="36.788254"><ele>447.5</ele></trkpt>
   <trkpt lon="-4.840391" lat="36.788203"><ele>445.9</ele></trkpt>
   <trkpt lon="-4.840305" lat="36.788082"><ele>441.7</ele></trkpt>
   <trkpt lon="-4.840292" lat="36.787991"><ele>440.1</ele></trkpt>
   <trkpt lon="-4.840307" lat="36.787913"><ele>439.6</ele></trkpt>
   <trkpt lon="-4.840329" lat="36.787892"><ele>440.0</ele></trkpt>
   <trkpt lon="-4.840607" lat="36.787644"><ele>444.0</ele></trkpt>
   <trkpt lon="-4.840972" lat="36.787322"><ele>445.8</ele></trkpt>
   <trkpt lon="-4.841288" lat="36.787059"><ele>446.2</ele></trkpt>
   <trkpt lon="-4.841462" lat="36.786962"><ele>446.8</ele></trkpt>
   <trkpt lon="-4.841520" lat="36.786930"><ele>447.2</ele></trkpt>
   <trkpt lon="-4.841624" lat="36.786873"><ele>448.6</ele></trkpt>
   <trkpt lon="-4.841650" lat="36.786824"><ele>448.2</ele></trkpt>
   <trkpt lon="-4.841636" lat="36.786781"><ele>446.8</ele></trkpt>
   <trkpt lon="-4.841575" lat="36.786769"><ele>444.5</ele></trkpt>
   <trkpt lon="-4.841487" lat="36.786805"><ele>442.8</ele></trkpt>
   <trkpt lon="-4.841371" lat="36.786864"><ele>442.2</ele></trkpt>
   <trkpt lon="-4.841148" lat="36.786964"><ele>440.4</ele></trkpt>
   <trkpt lon="-4.840959" lat="36.787034"><ele>437.4</ele></trkpt>
   <trkpt lon="-4.840712" lat="36.787181"><ele>435.3</ele></trkpt>
   <trkpt lon="-4.840517" lat="36.787352"><ele>434.6</ele></trkpt>
   <trkpt lon="-4.840113" lat="36.787748"><ele>430.9</ele></trkpt>
   <trkpt lon="-4.839994" lat="36.787898"><ele>429.6</ele></trkpt>
   <trkpt lon="-4.839948" lat="36.788081"><ele>430.4</ele></trkpt>
   <trkpt lon="-4.839940" lat="36.788467"><ele>431.5</ele></trkpt>
   <trkpt lon="-4.839918" lat="36.788631"><ele>431.3</ele></trkpt>
   <trkpt lon="-4.839893" lat="36.788721"><ele>431.0</ele></trkpt>
   <trkpt lon="-4.839843" lat="36.788775"><ele>429.8</ele></trkpt>
   <trkpt lon="-4.839767" lat="36.788815"><ele>427.7</ele></trkpt>
   <trkpt lon="-4.839685" lat="36.788790"><ele>424.9</ele></trkpt>
   <trkpt lon="-4.839632" lat="36.788735"><ele>423.0</ele></trkpt>
   <trkpt lon="-4.839636" lat="36.788653"><ele>423.0</ele></trkpt>
   <trkpt lon="-4.839674" lat="36.788541"><ele>423.8</ele></trkpt>
   <trkpt lon="-4.839686" lat="36.788404"><ele>424.1</ele></trkpt>
   <trkpt lon="-4.839643" lat="36.788299"><ele>423.2</ele></trkpt>
   <trkpt lon="-4.839568" lat="36.788174"><ele>421.6</ele></trkpt>
   <trkpt lon="-4.839525" lat="36.788069"><ele>419.7</ele></trkpt>
   <trkpt lon="-4.839515" lat="36.787963"><ele>418.5</ele></trkpt>
   <trkpt lon="-4.839542" lat="36.787830"><ele>417.8</ele></trkpt>
   <trkpt lon="-4.839584" lat="36.787735"><ele>417.1</ele></trkpt>
   <trkpt lon="-4.839651" lat="36.787563"><ele>415.8</ele></trkpt>
   <trkpt lon="-4.839651" lat="36.787334"><ele>411.9</ele></trkpt>
   <trkpt lon="-4.839688" lat="36.787224"><ele>410.6</ele></trkpt>
   <trkpt lon="-4.839776" lat="36.787134"><ele>410.5</ele></trkpt>
   <trkpt lon="-4.840045" lat="36.786947"><ele>411.8</ele></trkpt>
   <trkpt lon="-4.840202" lat="36.786797"><ele>411.3</ele></trkpt>
   <trkpt lon="-4.840382" lat="36.786552"><ele>412.0</ele></trkpt>
   <trkpt lon="-4.840523" lat="36.786382"><ele>413.0</ele></trkpt>
   <trkpt lon="-4.840655" lat="36.786261"><ele>415.0</ele></trkpt>
   <trkpt lon="-4.840707" lat="36.786184"><ele>415.3</ele></trkpt>
   <trkpt lon="-4.840727" lat="36.786063"><ele>415.6</ele></trkpt>
   <trkpt lon="-4.840703" lat="36.785950"><ele>416.3</ele></trkpt>
   <trkpt lon="-4.840616" lat="36.785816"><ele>416.3</ele></trkpt>
   <trkpt lon="-4.840513" lat="36.785699"><ele>415.9</ele></trkpt>
   <trkpt lon="-4.840406" lat="36.785616"><ele>415.1</ele></trkpt>
   <trkpt lon="-4.840374" lat="36.785590"><ele>414.8</ele></trkpt>
   <trkpt lon="-4.840330" lat="36.785556"><ele>414.5</ele></trkpt>
   <trkpt lon="-4.840107" lat="36.785423"><ele>412.8</ele></trkpt>
   <trkpt lon="-4.839796" lat="36.785237"><ele>411.1</ele></trkpt>
   <trkpt lon="-4.839735" lat="36.785216"><ele>410.8</ele></trkpt>
   <trkpt lon="-4.839667" lat="36.785193"><ele>410.5</ele></trkpt>
   <trkpt lon="-4.839537" lat="36.785188"><ele>409.7</ele></trkpt>
   <trkpt lon="-4.839287" lat="36.785218"><ele>407.3</ele></trkpt>
   <trkpt lon="-4.839145" lat="36.785257"><ele>405.8</ele></trkpt>
   <trkpt lon="-4.839051" lat="36.785318"><ele>404.7</ele></trkpt>
   <trkpt lon="-4.839001" lat="36.785375"><ele>403.9</ele></trkpt>
   <trkpt lon="-4.838942" lat="36.785491"><ele>402.5</ele></trkpt>
   <trkpt lon="-4.838780" lat="36.785890"><ele>398.1</ele></trkpt>
   <trkpt lon="-4.838712" lat="36.786014"><ele>397.5</ele></trkpt>
   <trkpt lon="-4.838657" lat="36.786084"><ele>397.0</ele></trkpt>
   <trkpt lon="-4.838585" lat="36.786102"><ele>396.3</ele></trkpt>
   <trkpt lon="-4.838460" lat="36.786095"><ele>395.2</ele></trkpt>
   <trkpt lon="-4.838307" lat="36.786001"><ele>393.3</ele></trkpt>
   <trkpt lon="-4.838228" lat="36.785917"><ele>392.4</ele></trkpt>
   <trkpt lon="-4.837952" lat="36.785539"><ele>392.9</ele></trkpt>
   <trkpt lon="-4.837813" lat="36.785437"><ele>393.3</ele></trkpt>
   <trkpt lon="-4.837731" lat="36.785422"><ele>392.9</ele></trkpt>
   <trkpt lon="-4.837650" lat="36.785441"><ele>392.6</ele></trkpt>
   <trkpt lon="-4.837575" lat="36.785501"><ele>391.4</ele></trkpt>
   <trkpt lon="-4.837479" lat="36.785799"><ele>386.1</ele></trkpt>
   <trkpt lon="-4.837386" lat="36.785887"><ele>384.1</ele></trkpt>
   <trkpt lon="-4.837316" lat="36.785925"><ele>382.8</ele></trkpt>
   <trkpt lon="-4.837198" lat="36.785948"><ele>381.3</ele></trkpt>
   <trkpt lon="-4.837022" lat="36.785946"><ele>379.1</ele></trkpt>
   <trkpt lon="-4.836708" lat="36.785893"><ele>373.6</ele></trkpt>
   <trkpt lon="-4.836590" lat="36.785846"><ele>371.5</ele></trkpt>
   <trkpt lon="-4.836520" lat="36.785791"><ele>370.6</ele></trkpt>
   <trkpt lon="-4.836355" lat="36.785559"><ele>370.0</ele></trkpt>
   <trkpt lon="-4.836244" lat="36.785447"><ele>369.4</ele></trkpt>
   <trkpt lon="-4.836071" lat="36.785320"><ele>365.9</ele></trkpt>
   <trkpt lon="-4.835999" lat="36.785231"><ele>364.0</ele></trkpt>
   <trkpt lon="-4.835976" lat="36.785145"><ele>363.1</ele></trkpt>
   <trkpt lon="-4.836018" lat="36.784729"><ele>359.2</ele></trkpt>
   <trkpt lon="-4.836003" lat="36.784577"><ele>356.6</ele></trkpt>
   <trkpt lon="-4.835951" lat="36.784367"><ele>352.4</ele></trkpt>
   <trkpt lon="-4.835981" lat="36.784194"><ele>351.3</ele></trkpt>
   <trkpt lon="-4.836062" lat="36.784000"><ele>350.5</ele></trkpt>
   <trkpt lon="-4.836464" lat="36.783189"><ele>345.2</ele></trkpt>
   <trkpt lon="-4.836497" lat="36.783041"><ele>344.4</ele></trkpt>
   <trkpt lon="-4.836489" lat="36.782935"><ele>345.8</ele></trkpt>
   <trkpt lon="-4.836434" lat="36.782803"><ele>347.4</ele></trkpt>
   <trkpt lon="-4.836339" lat="36.782664"><ele>349.4</ele></trkpt>
   <trkpt lon="-4.836231" lat="36.782567"><ele>350.6</ele></trkpt>
   <trkpt lon="-4.836120" lat="36.782502"><ele>351.2</ele></trkpt>
   <trkpt lon="-4.835764" lat="36.782324"><ele>351.8</ele></trkpt>
   <trkpt lon="-4.835535" lat="36.782137"><ele>352.3</ele></trkpt>
   <trkpt lon="-4.835305" lat="36.781919"><ele>352.7</ele></trkpt>
   <trkpt lon="-4.835009" lat="36.781540"><ele>357.4</ele></trkpt>
   <trkpt lon="-4.834845" lat="36.781382"><ele>360.1</ele></trkpt>
   <trkpt lon="-4.834582" lat="36.781216"><ele>363.4</ele></trkpt>
   <trkpt lon="-4.834398" lat="36.781156"><ele>365.1</ele></trkpt>
   <trkpt lon="-4.834112" lat="36.781080"><ele>367.1</ele></trkpt>
   <trkpt lon="-4.832778" lat="36.780810"><ele>370.4</ele></trkpt>
   <trkpt lon="-4.832536" lat="36.780752"><ele>369.7</ele></trkpt>
   <trkpt lon="-4.832319" lat="36.780679"><ele>369.1</ele></trkpt>
   <trkpt lon="-4.832110" lat="36.780592"><ele>375.0</ele></trkpt>
   <trkpt lon="-4.831902" lat="36.780480"><ele>375.4</ele></trkpt>
   <trkpt lon="-4.831715" lat="36.780353"><ele>374.9</ele></trkpt>
   <trkpt lon="-4.831537" lat="36.780215"><ele>374.3</ele></trkpt>
   <trkpt lon="-4.831411" lat="36.780098"><ele>373.6</ele></trkpt>
   <trkpt lon="-4.831277" lat="36.779941"><ele>372.4</ele></trkpt>
   <trkpt lon="-4.831184" lat="36.779816"><ele>370.9</ele></trkpt>
   <trkpt lon="-4.831084" lat="36.779652"><ele>369.3</ele></trkpt>
   <trkpt lon="-4.830955" lat="36.779401"><ele>367.3</ele></trkpt>
   <trkpt lon="-4.830776" lat="36.779029"><ele>367.0</ele></trkpt>
   <trkpt lon="-4.830761" lat="36.778955"><ele>367.6</ele></trkpt>
   <trkpt lon="-4.830640" lat="36.778694"><ele>368.0</ele></trkpt>
   <trkpt lon="-4.830547" lat="36.778538"><ele>367.8</ele></trkpt>
   <trkpt lon="-4.830438" lat="36.778385"><ele>367.3</ele></trkpt>
   <trkpt lon="-4.830346" lat="36.778278"><ele>366.9</ele></trkpt>
   <trkpt lon="-4.830215" lat="36.778151"><ele>365.8</ele></trkpt>
   <trkpt lon="-4.830075" lat="36.778034"><ele>364.7</ele></trkpt>
   <trkpt lon="-4.829743" lat="36.777808"><ele>363.2</ele></trkpt>
   <trkpt lon="-4.829594" lat="36.777715"><ele>362.8</ele></trkpt>
   <trkpt lon="-4.829262" lat="36.777517"><ele>362.9</ele></trkpt>
   <trkpt lon="-4.828832" lat="36.777303"><ele>361.8</ele></trkpt>
   <trkpt lon="-4.828748" lat="36.777271"><ele>361.1</ele></trkpt>
   <trkpt lon="-4.828462" lat="36.777100"><ele>361.0</ele></trkpt>
   <trkpt lon="-4.827905" lat="36.776770"><ele>361.5</ele></trkpt>
   <trkpt lon="-4.827335" lat="36.776509"><ele>361.5</ele></trkpt>
   <trkpt lon="-4.826859" lat="36.776359"><ele>360.8</ele></trkpt>
   <trkpt lon="-4.826383" lat="36.776246"><ele>359.3</ele></trkpt>
   <trkpt lon="-4.825025" lat="36.776078"><ele>350.5</ele></trkpt>
   <trkpt lon="-4.824505" lat="36.775936"><ele>347.6</ele></trkpt>
   <trkpt lon="-4.824029" lat="36.775748"><ele>344.3</ele></trkpt>
   <trkpt lon="-4.823666" lat="36.775534"><ele>342.2</ele></trkpt>
   <trkpt lon="-4.823348" lat="36.775264"><ele>338.6</ele></trkpt>
   <trkpt lon="-4.823132" lat="36.775048"><ele>336.2</ele></trkpt>
   <trkpt lon="-4.822541" lat="36.774319"><ele>328.2</ele></trkpt>
   <trkpt lon="-4.822244" lat="36.773979"><ele>324.5</ele></trkpt>
   <trkpt lon="-4.821972" lat="36.773768"><ele>321.1</ele></trkpt>
   <trkpt lon="-4.821735" lat="36.773676"><ele>318.4</ele></trkpt>
   <trkpt lon="-4.821546" lat="36.773633"><ele>316.2</ele></trkpt>
   <trkpt lon="-4.821198" lat="36.773635"><ele>312.8</ele></trkpt>
   <trkpt lon="-4.820919" lat="36.773693"><ele>311.1</ele></trkpt>
   <trkpt lon="-4.820672" lat="36.773797"><ele>310.6</ele></trkpt>
   <trkpt lon="-4.819665" lat="36.774282"><ele>303.7</ele></trkpt>
   <trkpt lon="-4.819414" lat="36.774371"><ele>302.0</ele></trkpt>
   <trkpt lon="-4.819214" lat="36.774410"><ele>300.8</ele></trkpt>
   <trkpt lon="-4.819000" lat="36.774421"><ele>299.6</ele></trkpt>
   <trkpt lon="-4.818647" lat="36.774372"><ele>296.7</ele></trkpt>
   <trkpt lon="-4.818347" lat="36.774251"><ele>296.7</ele></trkpt>
   <trkpt lon="-4.818158" lat="36.774103"><ele>297.4</ele></trkpt>
   <trkpt lon="-4.818002" lat="36.773915"><ele>296.6</ele></trkpt>
   <trkpt lon="-4.817574" lat="36.773289"><ele>290.1</ele></trkpt>
   <trkpt lon="-4.817385" lat="36.773059"><ele>286.1</ele></trkpt>
   <trkpt lon="-4.817224" lat="36.772919"><ele>284.1</ele></trkpt>
   <trkpt lon="-4.817025" lat="36.772820"><ele>282.3</ele></trkpt>
   <trkpt lon="-4.816806" lat="36.772734"><ele>280.8</ele></trkpt>
   <trkpt lon="-4.816669" lat="36.772693"><ele>279.9</ele></trkpt>
   <trkpt lon="-4.815851" lat="36.772625"><ele>273.0</ele></trkpt>
   <trkpt lon="-4.815351" lat="36.772594"><ele>269.1</ele></trkpt>
   <trkpt lon="-4.814805" lat="36.772535"><ele>264.6</ele></trkpt>
   <trkpt lon="-4.814469" lat="36.772466"><ele>261.8</ele></trkpt>
   <trkpt lon="-4.814393" lat="36.772444"><ele>261.4</ele></trkpt>
   <trkpt lon="-4.814140" lat="36.772570"><ele>261.4</ele></trkpt>
   <trkpt lon="-4.812083" lat="36.773022"><ele>246.7</ele></trkpt>
   <trkpt lon="-4.810790" lat="36.772983"><ele>239.7</ele></trkpt>
   <trkpt lon="-4.810708" lat="36.772993"><ele>238.6</ele></trkpt>
   <trkpt lon="-4.810670" lat="36.773007"><ele>238.3</ele></trkpt>
   <trkpt lon="-4.810636" lat="36.773027"><ele>238.0</ele></trkpt>
   <trkpt lon="-4.810587" lat="36.773078"><ele>237.8</ele></trkpt>
   <trkpt lon="-4.810565" lat="36.773138"><ele>238.1</ele></trkpt>
   <trkpt lon="-4.810564" lat="36.773170"><ele>238.1</ele></trkpt>
   <trkpt lon="-4.810596" lat="36.773364"><ele>237.8</ele></trkpt>
   <trkpt lon="-4.810807" lat="36.773715"><ele>238.4</ele></trkpt>
   <trkpt lon="-4.810822" lat="36.773756"><ele>238.3</ele></trkpt>
   <trkpt lon="-4.810825" lat="36.773799"><ele>237.9</ele></trkpt>
   <trkpt lon="-4.810816" lat="36.773841"><ele>237.5</ele></trkpt>
   <trkpt lon="-4.810796" lat="36.773881"><ele>237.3</ele></trkpt>
   <trkpt lon="-4.810765" lat="36.773916"><ele>237.3</ele></trkpt>
   <trkpt lon="-4.810726" lat="36.773945"><ele>237.7</ele></trkpt>
   <trkpt lon="-4.810679" lat="36.773967"><ele>238.1</ele></trkpt>
   <trkpt lon="-4.810627" lat="36.773979"><ele>238.5</ele></trkpt>
   <trkpt lon="-4.810573" lat="36.773982"><ele>238.9</ele></trkpt>
   <trkpt lon="-4.810519" lat="36.773976"><ele>239.2</ele></trkpt>
   <trkpt lon="-4.810469" lat="36.773960"><ele>239.4</ele></trkpt>
   <trkpt lon="-4.810424" lat="36.773935"><ele>239.5</ele></trkpt>
   <trkpt lon="-4.810387" lat="36.773903"><ele>239.7</ele></trkpt>
   <trkpt lon="-4.810286" lat="36.773781"><ele>239.7</ele></trkpt>
   <trkpt lon="-4.809536" lat="36.772814"><ele>231.2</ele></trkpt>
   <trkpt lon="-4.808954" lat="36.772332"><ele>225.3</ele></trkpt>
   <trkpt lon="-4.808298" lat="36.772007"><ele>224.2</ele></trkpt>
   <trkpt lon="-4.807884" lat="36.771531"><ele>220.1</ele></trkpt>
   <trkpt lon="-4.807649" lat="36.771339"><ele>218.1</ele></trkpt>
   <trkpt lon="-4.807035" lat="36.770906"><ele>213.9</ele></trkpt>
   <trkpt lon="-4.806928" lat="36.770857"><ele>213.3</ele></trkpt>
   <trkpt lon="-4.806525" lat="36.770748"><ele>210.7</ele></trkpt>
   <trkpt lon="-4.806408" lat="36.770698"><ele>210.5</ele></trkpt>
   <trkpt lon="-4.806233" lat="36.770683"><ele>209.3</ele></trkpt>
   <trkpt lon="-4.806093" lat="36.770594"><ele>209.6</ele></trkpt>
   <trkpt lon="-4.805999" lat="36.770515"><ele>210.2</ele></trkpt>
   <trkpt lon="-4.805819" lat="36.770561"><ele>207.4</ele></trkpt>
   <trkpt lon="-4.805603" lat="36.770589"><ele>204.8</ele></trkpt>
   <trkpt lon="-4.805405" lat="36.770597"><ele>202.4</ele></trkpt>
   <trkpt lon="-4.805199" lat="36.770593"><ele>199.9</ele></trkpt>
   <trkpt lon="-4.805000" lat="36.770567"><ele>197.3</ele></trkpt>
   <trkpt lon="-4.804796" lat="36.770529"><ele>195.2</ele></trkpt>
   <trkpt lon="-4.804597" lat="36.770472"><ele>193.1</ele></trkpt>
   <trkpt lon="-4.804407" lat="36.770397"><ele>191.5</ele></trkpt>
   <trkpt lon="-4.804262" lat="36.770326"><ele>190.3</ele></trkpt>
   <trkpt lon="-4.804098" lat="36.770219"><ele>189.0</ele></trkpt>
   <trkpt lon="-4.803927" lat="36.770094"><ele>187.8</ele></trkpt>
   <trkpt lon="-4.803432" lat="36.769646"><ele>182.0</ele></trkpt>
   <trkpt lon="-4.802751" lat="36.769021"><ele>194.1</ele></trkpt>
   <trkpt lon="-4.802411" lat="36.768776"><ele>192.6</ele></trkpt>
   <trkpt lon="-4.802140" lat="36.768640"><ele>191.9</ele></trkpt>
   <trkpt lon="-4.801911" lat="36.768548"><ele>194.2</ele></trkpt>
   <trkpt lon="-4.801657" lat="36.768472"><ele>196.9</ele></trkpt>
   <trkpt lon="-4.801422" lat="36.768422"><ele>198.6</ele></trkpt>
   <trkpt lon="-4.801181" lat="36.768389"><ele>199.2</ele></trkpt>
   <trkpt lon="-4.800932" lat="36.768377"><ele>198.3</ele></trkpt>
   <trkpt lon="-4.800707" lat="36.768381"><ele>198.7</ele></trkpt>
   <trkpt lon="-4.800495" lat="36.768400"><ele>199.7</ele></trkpt>
   <trkpt lon="-4.800207" lat="36.768439"><ele>201.8</ele></trkpt>
   <trkpt lon="-4.798322" lat="36.768733"><ele>208.7</ele></trkpt>
   <trkpt lon="-4.797594" lat="36.768839"><ele>205.3</ele></trkpt>
   <trkpt lon="-4.797108" lat="36.768864"><ele>203.3</ele></trkpt>
   <trkpt lon="-4.796873" lat="36.768855"><ele>202.8</ele></trkpt>
   <trkpt lon="-4.796587" lat="36.768828"><ele>203.0</ele></trkpt>
   <trkpt lon="-4.795466" lat="36.768700"><ele>201.9</ele></trkpt>
   <trkpt lon="-4.795229" lat="36.768690"><ele>201.8</ele></trkpt>
   <trkpt lon="-4.795006" lat="36.768695"><ele>201.8</ele></trkpt>
   <trkpt lon="-4.794760" lat="36.768715"><ele>202.1</ele></trkpt>
   <trkpt lon="-4.794497" lat="36.768760"><ele>201.5</ele></trkpt>
   <trkpt lon="-4.794250" lat="36.768820"><ele>201.1</ele></trkpt>
   <trkpt lon="-4.794021" lat="36.768894"><ele>201.3</ele></trkpt>
   <trkpt lon="-4.793694" lat="36.769016"><ele>204.4</ele></trkpt>
   <trkpt lon="-4.792377" lat="36.769550"><ele>211.4</ele></trkpt>
   <trkpt lon="-4.792044" lat="36.769674"><ele>210.8</ele></trkpt>
   <trkpt lon="-4.791724" lat="36.769775"><ele>209.8</ele></trkpt>
   <trkpt lon="-4.791369" lat="36.769864"><ele>209.3</ele></trkpt>
   <trkpt lon="-4.790980" lat="36.769934"><ele>206.2</ele></trkpt>
   <trkpt lon="-4.788602" lat="36.770273"><ele>213.2</ele></trkpt>
   <trkpt lon="-4.788330" lat="36.770325"><ele>213.7</ele></trkpt>
   <trkpt lon="-4.787946" lat="36.770432"><ele>211.4</ele></trkpt>
   <trkpt lon="-4.787721" lat="36.770517"><ele>209.0</ele></trkpt>
   <trkpt lon="-4.787402" lat="36.770663"><ele>205.7</ele></trkpt>
   <trkpt lon="-4.786860" lat="36.770932"><ele>206.8</ele></trkpt>
   <trkpt lon="-4.786627" lat="36.771030"><ele>209.2</ele></trkpt>
   <trkpt lon="-4.786416" lat="36.771094"><ele>210.4</ele></trkpt>
   <trkpt lon="-4.786203" lat="36.771140"><ele>211.4</ele></trkpt>
   <trkpt lon="-4.785988" lat="36.771167"><ele>211.6</ele></trkpt>
   <trkpt lon="-4.785783" lat="36.771178"><ele>211.3</ele></trkpt>
   <trkpt lon="-4.785573" lat="36.771177"><ele>210.2</ele></trkpt>
   <trkpt lon="-4.782896" lat="36.770990"><ele>201.3</ele></trkpt>
   <trkpt lon="-4.782511" lat="36.770956"><ele>199.7</ele></trkpt>
   <trkpt lon="-4.782189" lat="36.770913"><ele>198.0</ele></trkpt>
   <trkpt lon="-4.781798" lat="36.770842"><ele>194.3</ele></trkpt>
   <trkpt lon="-4.781479" lat="36.770768"><ele>192.3</ele></trkpt>
   <trkpt lon="-4.781115" lat="36.770674"><ele>190.4</ele></trkpt>
   <trkpt lon="-4.778555" lat="36.769963"><ele>185.3</ele></trkpt>
   <trkpt lon="-4.778270" lat="36.769877"><ele>185.2</ele></trkpt>
   <trkpt lon="-4.777942" lat="36.769762"><ele>184.5</ele></trkpt>
   <trkpt lon="-4.777677" lat="36.769641"><ele>183.3</ele></trkpt>
   <trkpt lon="-4.777492" lat="36.769540"><ele>182.2</ele></trkpt>
   <trkpt lon="-4.777283" lat="36.769408"><ele>180.6</ele></trkpt>
   <trkpt lon="-4.777057" lat="36.769244"><ele>179.0</ele></trkpt>
   <trkpt lon="-4.775579" lat="36.767979"><ele>171.9</ele></trkpt>
   <trkpt lon="-4.775380" lat="36.767826"><ele>172.4</ele></trkpt>
   <trkpt lon="-4.775175" lat="36.767689"><ele>174.2</ele></trkpt>
   <trkpt lon="-4.774923" lat="36.767521"><ele>175.4</ele></trkpt>
   <trkpt lon="-4.774738" lat="36.767418"><ele>175.7</ele></trkpt>
   <trkpt lon="-4.774475" lat="36.767293"><ele>175.6</ele></trkpt>
   <trkpt lon="-4.774206" lat="36.767181"><ele>175.2</ele></trkpt>
   <trkpt lon="-4.773928" lat="36.767087"><ele>175.0</ele></trkpt>
   <trkpt lon="-4.773684" lat="36.767016"><ele>175.1</ele></trkpt>
   <trkpt lon="-4.773413" lat="36.766953"><ele>175.3</ele></trkpt>
   <trkpt lon="-4.773089" lat="36.766897"><ele>175.6</ele></trkpt>
   <trkpt lon="-4.772816" lat="36.766865"><ele>175.6</ele></trkpt>
   <trkpt lon="-4.772534" lat="36.766843"><ele>174.9</ele></trkpt>
   <trkpt lon="-4.772160" lat="36.766839"><ele>173.7</ele></trkpt>
   <trkpt lon="-4.769138" lat="36.766917"><ele>153.0</ele></trkpt>
   <trkpt lon="-4.768561" lat="36.766926"><ele>146.9</ele></trkpt>
   <trkpt lon="-4.768167" lat="36.766922"><ele>143.7</ele></trkpt>
   <trkpt lon="-4.767855" lat="36.766907"><ele>141.1</ele></trkpt>
   <trkpt lon="-4.767563" lat="36.766880"><ele>138.7</ele></trkpt>
   <trkpt lon="-4.767153" lat="36.766825"><ele>136.7</ele></trkpt>
   <trkpt lon="-4.766729" lat="36.766745"><ele>135.3</ele></trkpt>
   <trkpt lon="-4.766339" lat="36.766651"><ele>134.9</ele></trkpt>
   <trkpt lon="-4.765995" lat="36.766550"><ele>133.4</ele></trkpt>
   <trkpt lon="-4.764654" lat="36.766112"><ele>131.8</ele></trkpt>
   <trkpt lon="-4.760277" lat="36.764672"><ele>123.4</ele></trkpt>
   <trkpt lon="-4.759900" lat="36.764553"><ele>121.1</ele></trkpt>
   <trkpt lon="-4.759558" lat="36.764458"><ele>120.4</ele></trkpt>
   <trkpt lon="-4.759195" lat="36.764377"><ele>118.6</ele></trkpt>
   <trkpt lon="-4.758862" lat="36.764320"><ele>115.1</ele></trkpt>
   <trkpt lon="-4.758531" lat="36.764282"><ele>110.9</ele></trkpt>
   <trkpt lon="-4.758228" lat="36.764259"><ele>107.1</ele></trkpt>
   <trkpt lon="-4.757888" lat="36.764253"><ele>104.0</ele></trkpt>
   <trkpt lon="-4.757442" lat="36.764264"><ele>101.7</ele></trkpt>
   <trkpt lon="-4.756815" lat="36.764322"><ele>101.5</ele></trkpt>
   <trkpt lon="-4.756211" lat="36.764393"><ele>106.6</ele></trkpt>
   <trkpt lon="-4.753981" lat="36.764648"><ele>128.8</ele></trkpt>
   <trkpt lon="-4.753620" lat="36.764672"><ele>128.5</ele></trkpt>
   <trkpt lon="-4.753257" lat="36.764684"><ele>128.4</ele></trkpt>
   <trkpt lon="-4.752977" lat="36.764684"><ele>129.0</ele></trkpt>
   <trkpt lon="-4.752555" lat="36.764666"><ele>130.1</ele></trkpt>
   <trkpt lon="-4.750843" lat="36.764548"><ele>133.6</ele></trkpt>
   <trkpt lon="-4.750586" lat="36.764535"><ele>133.6</ele></trkpt>
   <trkpt lon="-4.750327" lat="36.764533"><ele>133.4</ele></trkpt>
   <trkpt lon="-4.749853" lat="36.764550"><ele>132.1</ele></trkpt>
   <trkpt lon="-4.749585" lat="36.764574"><ele>131.3</ele></trkpt>
   <trkpt lon="-4.749326" lat="36.764609"><ele>130.0</ele></trkpt>
   <trkpt lon="-4.748706" lat="36.764716"><ele>129.6</ele></trkpt>
   <trkpt lon="-4.747636" lat="36.764921"><ele>130.0</ele></trkpt>
   <trkpt lon="-4.747330" lat="36.764977"><ele>129.1</ele></trkpt>
   <trkpt lon="-4.747192" lat="36.765003"><ele>128.7</ele></trkpt>
   <trkpt lon="-4.746353" lat="36.765161"><ele>126.5</ele></trkpt>
   <trkpt lon="-4.746247" lat="36.765180"><ele>126.3</ele></trkpt>
   <trkpt lon="-4.745410" lat="36.765337"><ele>124.9</ele></trkpt>
   <trkpt lon="-4.745202" lat="36.765376"><ele>124.8</ele></trkpt>
   <trkpt lon="-4.744995" lat="36.765414"><ele>124.7</ele></trkpt>
   <trkpt lon="-4.744963" lat="36.765420"><ele>124.6</ele></trkpt>
   <trkpt lon="-4.744688" lat="36.765476"><ele>124.2</ele></trkpt>
   <trkpt lon="-4.744410" lat="36.765548"><ele>124.0</ele></trkpt>
   <trkpt lon="-4.744180" lat="36.765621"><ele>124.0</ele></trkpt>
   <trkpt lon="-4.743935" lat="36.765717"><ele>124.0</ele></trkpt>
   <trkpt lon="-4.743747" lat="36.765808"><ele>124.2</ele></trkpt>
   <trkpt lon="-4.743486" lat="36.765952"><ele>124.9</ele></trkpt>
   <trkpt lon="-4.743240" lat="36.766117"><ele>124.2</ele></trkpt>
   <trkpt lon="-4.742495" lat="36.766672"><ele>118.0</ele></trkpt>
   <trkpt lon="-4.741979" lat="36.767045"><ele>116.6</ele></trkpt>
   <trkpt lon="-4.741024" lat="36.767753"><ele>111.9</ele></trkpt>
   <trkpt lon="-4.740097" lat="36.768429"><ele>105.0</ele></trkpt>
   <trkpt lon="-4.739795" lat="36.768639"><ele>101.6</ele></trkpt>
   <trkpt lon="-4.739498" lat="36.768834"><ele>98.7</ele></trkpt>
   <trkpt lon="-4.739190" lat="36.769020"><ele>95.5</ele></trkpt>
   <trkpt lon="-4.738136" lat="36.769625"><ele>88.4</ele></trkpt>
   <trkpt lon="-4.737972" lat="36.769693"><ele>87.5</ele></trkpt>
   <trkpt lon="-4.737895" lat="36.769745"><ele>86.9</ele></trkpt>
   <trkpt lon="-4.737872" lat="36.769780"><ele>86.6</ele></trkpt>
   <trkpt lon="-4.737867" lat="36.769798"><ele>86.5</ele></trkpt>
   <trkpt lon="-4.737872" lat="36.769829"><ele>86.4</ele></trkpt>
   <trkpt lon="-4.738038" lat="36.770039"><ele>86.8</ele></trkpt>
   <trkpt lon="-4.738047" lat="36.770132"><ele>86.6</ele></trkpt>
   <trkpt lon="-4.738146" lat="36.770281"><ele>87.2</ele></trkpt>
   <trkpt lon="-4.738366" lat="36.770679"><ele>87.0</ele></trkpt>
   <trkpt lon="-4.738350" lat="36.770800"><ele>86.5</ele></trkpt>
   <trkpt lon="-4.738316" lat="36.770875"><ele>86.2</ele></trkpt>
   <trkpt lon="-4.738270" lat="36.770936"><ele>86.0</ele></trkpt>
   <trkpt lon="-4.738240" lat="36.770966"><ele>85.8</ele></trkpt>
   <trkpt lon="-4.738113" lat="36.771012"><ele>85.0</ele></trkpt>
   <trkpt lon="-4.737653" lat="36.771054"><ele>84.6</ele></trkpt>
   <trkpt lon="-4.736948" lat="36.771089"><ele>84.3</ele></trkpt>
   <trkpt lon="-4.736576" lat="36.771108"><ele>86.2</ele></trkpt>
   <trkpt lon="-4.736097" lat="36.771133"><ele>89.8</ele></trkpt>
   <trkpt lon="-4.735819" lat="36.771157"><ele>91.0</ele></trkpt>
   <trkpt lon="-4.735586" lat="36.771190"><ele>91.3</ele></trkpt>
   <trkpt lon="-4.735345" lat="36.771243"><ele>90.9</ele></trkpt>
   <trkpt lon="-4.735059" lat="36.771338"><ele>89.5</ele></trkpt>
   <trkpt lon="-4.734911" lat="36.771406"><ele>89.4</ele></trkpt>
   <trkpt lon="-4.734750" lat="36.771491"><ele>89.9</ele></trkpt>
   <trkpt lon="-4.734589" lat="36.771592"><ele>90.2</ele></trkpt>
   <trkpt lon="-4.734460" lat="36.771684"><ele>90.1</ele></trkpt>
   <trkpt lon="-4.734358" lat="36.771768"><ele>90.2</ele></trkpt>
   <trkpt lon="-4.733750" lat="36.772295"><ele>94.4</ele></trkpt>
   <trkpt lon="-4.733561" lat="36.772436"><ele>96.0</ele></trkpt>
   <trkpt lon="-4.733388" lat="36.772544"><ele>97.0</ele></trkpt>
   <trkpt lon="-4.732926" lat="36.772768"><ele>97.1</ele></trkpt>
   <trkpt lon="-4.731565" lat="36.773386"><ele>99.6</ele></trkpt>
   <trkpt lon="-4.731462" lat="36.773411"><ele>99.0</ele></trkpt>
   <trkpt lon="-4.730469" lat="36.773832"><ele>103.3</ele></trkpt>
   <trkpt lon="-4.730359" lat="36.773850"><ele>103.8</ele></trkpt>
   <trkpt lon="-4.730092" lat="36.773973"><ele>105.3</ele></trkpt>
   <trkpt lon="-4.730035" lat="36.773981"><ele>105.4</ele></trkpt>
   <trkpt lon="-4.729982" lat="36.773976"><ele>105.4</ele></trkpt>
   <trkpt lon="-4.729926" lat="36.773971"><ele>105.4</ele></trkpt>
   <trkpt lon="-4.729808" lat="36.773915"><ele>105.0</ele></trkpt>
   <trkpt lon="-4.729729" lat="36.773902"><ele>104.7</ele></trkpt>
   <trkpt lon="-4.729630" lat="36.773871"><ele>104.3</ele></trkpt>
   <trkpt lon="-4.729466" lat="36.773853"><ele>103.8</ele></trkpt>
   <trkpt lon="-4.729223" lat="36.773845"><ele>103.1</ele></trkpt>
   <trkpt lon="-4.727885" lat="36.773841"><ele>107.3</ele></trkpt>
   <trkpt lon="-4.726513" lat="36.774014"><ele>105.0</ele></trkpt>
   <trkpt lon="-4.723984" lat="36.774670"><ele>95.4</ele></trkpt>
   <trkpt lon="-4.723172" lat="36.774855"><ele>93.3</ele></trkpt>
   <trkpt lon="-4.722442" lat="36.774820"><ele>92.2</ele></trkpt>
   <trkpt lon="-4.721869" lat="36.774696"><ele>90.5</ele></trkpt>
   <trkpt lon="-4.720552" lat="36.774413"><ele>88.5</ele></trkpt>
   <trkpt lon="-4.719830" lat="36.774245"><ele>87.1</ele></trkpt>
   <trkpt lon="-4.717956" lat="36.773963"><ele>83.1</ele></trkpt>
   <trkpt lon="-4.717343" lat="36.773665"><ele>80.0</ele></trkpt>
   <trkpt lon="-4.716739" lat="36.773239"><ele>71.7</ele></trkpt>
   <trkpt lon="-4.716505" lat="36.773047"><ele>65.6</ele></trkpt>
   <trkpt lon="-4.715633" lat="36.772318"><ele>72.6</ele></trkpt>
   <trkpt lon="-4.715238" lat="36.772015"><ele>74.3</ele></trkpt>
   <trkpt lon="-4.715071" lat="36.771867"><ele>74.8</ele></trkpt>
   <trkpt lon="-4.714872" lat="36.771741"><ele>74.9</ele></trkpt>
   <trkpt lon="-4.714759" lat="36.771727"><ele>74.8</ele></trkpt>
   <trkpt lon="-4.714599" lat="36.771759"><ele>74.9</ele></trkpt>
   <trkpt lon="-4.714405" lat="36.771878"><ele>75.6</ele></trkpt>
   <trkpt lon="-4.713531" lat="36.772378"><ele>78.6</ele></trkpt>
   <trkpt lon="-4.713497" lat="36.772305"><ele>78.5</ele></trkpt>
   <trkpt lon="-4.713735" lat="36.772178"><ele>77.3</ele></trkpt>
   <trkpt lon="-4.714160" lat="36.771933"><ele>76.5</ele></trkpt>
   <trkpt lon="-4.714222" lat="36.771806"><ele>75.9</ele></trkpt>
   <trkpt lon="-4.714042" lat="36.771610"><ele>75.2</ele></trkpt>
   <trkpt lon="-4.713290" lat="36.770795"><ele>74.2</ele></trkpt>
   <trkpt lon="-4.712708" lat="36.770175"><ele>73.6</ele></trkpt>
   <trkpt lon="-4.712135" lat="36.769561"><ele>73.5</ele></trkpt>
   <trkpt lon="-4.712070" lat="36.769490"><ele>73.4</ele></trkpt>
   <trkpt lon="-4.711767" lat="36.769052"><ele>73.0</ele></trkpt>
   <trkpt lon="-4.711450" lat="36.768526"><ele>73.0</ele></trkpt>
   <trkpt lon="-4.711208" lat="36.767850"><ele>72.8</ele></trkpt>
   <trkpt lon="-4.711127" lat="36.767288"><ele>73.1</ele></trkpt>
   <trkpt lon="-4.711094" lat="36.766963"><ele>74.0</ele></trkpt>
   <trkpt lon="-4.711015" lat="36.766796"><ele>74.1</ele></trkpt>
   <trkpt lon="-4.710882" lat="36.766681"><ele>74.0</ele></trkpt>
   <trkpt lon="-4.710830" lat="36.766665"><ele>74.0</ele></trkpt>
   <trkpt lon="-4.710826" lat="36.766579"><ele>74.0</ele></trkpt>
   <trkpt lon="-4.710603" lat="36.764961"><ele>72.0</ele></trkpt>
   <trkpt lon="-4.710606" lat="36.764722"><ele>71.6</ele></trkpt>
   <trkpt lon="-4.710595" lat="36.764512"><ele>71.3</ele></trkpt>
   <trkpt lon="-4.710585" lat="36.764149"><ele>70.6</ele></trkpt>
   <trkpt lon="-4.710599" lat="36.764120"><ele>70.5</ele></trkpt>
   <trkpt lon="-4.710604" lat="36.764090"><ele>70.5</ele></trkpt>
   <trkpt lon="-4.710600" lat="36.764060"><ele>70.4</ele></trkpt>
   <trkpt lon="-4.710584" lat="36.764025"><ele>70.3</ele></trkpt>
   <trkpt lon="-4.710557" lat="36.763995"><ele>70.2</ele></trkpt>
   <trkpt lon="-4.710530" lat="36.763977"><ele>70.1</ele></trkpt>
   <trkpt lon="-4.710535" lat="36.763804"><ele>69.6</ele></trkpt>
   <trkpt lon="-4.710616" lat="36.763715"><ele>69.4</ele></trkpt>
   <trkpt lon="-4.710767" lat="36.763546"><ele>68.9</ele></trkpt>
   <trkpt lon="-4.710991" lat="36.763296"><ele>68.1</ele></trkpt>
   <trkpt lon="-4.711133" lat="36.763139"><ele>68.0</ele></trkpt>
   <trkpt lon="-4.711510" lat="36.762662"><ele>67.2</ele></trkpt>
   <trkpt lon="-4.711574" lat="36.762551"><ele>67.0</ele></trkpt>
   <trkpt lon="-4.711698" lat="36.762129"><ele>66.5</ele></trkpt>
   <trkpt lon="-4.711868" lat="36.761329"><ele>74.2</ele></trkpt>
   <trkpt lon="-4.711820" lat="36.760515"><ele>83.3</ele></trkpt>
   <trkpt lon="-4.711889" lat="36.760084"><ele>82.7</ele></trkpt>
   <trkpt lon="-4.711866" lat="36.759784"><ele>80.9</ele></trkpt>
   <trkpt lon="-4.711771" lat="36.759566"><ele>79.4</ele></trkpt>
   <trkpt lon="-4.711630" lat="36.759391"><ele>79.2</ele></trkpt>
   <trkpt lon="-4.711035" lat="36.758956"><ele>78.3</ele></trkpt>
   <trkpt lon="-4.710464" lat="36.758757"><ele>74.1</ele></trkpt>
   <trkpt lon="-4.710415" lat="36.758745"><ele>73.7</ele></trkpt>
   <trkpt lon="-4.709828" lat="36.758598"><ele>70.4</ele></trkpt>
   <trkpt lon="-4.709011" lat="36.758382"><ele>67.6</ele></trkpt>
   <trkpt lon="-4.708588" lat="36.758223"><ele>66.0</ele></trkpt>
   <trkpt lon="-4.708244" lat="36.758040"><ele>64.0</ele></trkpt>
   <trkpt lon="-4.707698" lat="36.757738"><ele>60.6</ele></trkpt>
   <trkpt lon="-4.707253" lat="36.757547"><ele>58.8</ele></trkpt>
   <trkpt lon="-4.706582" lat="36.757344"><ele>58.1</ele></trkpt>
   <trkpt lon="-4.706033" lat="36.757178"><ele>59.3</ele></trkpt>
   <trkpt lon="-4.705612" lat="36.756972"><ele>58.8</ele></trkpt>
   <trkpt lon="-4.703900" lat="36.755980"><ele>59.0</ele></trkpt>
   <trkpt lon="-4.703410" lat="36.755600"><ele>61.3</ele></trkpt>
   <trkpt lon="-4.702946" lat="36.755162"><ele>59.1</ele></trkpt>
   <trkpt lon="-4.702469" lat="36.754632"><ele>59.3</ele></trkpt>
   <trkpt lon="-4.702114" lat="36.754073"><ele>61.9</ele></trkpt>
   <trkpt lon="-4.701824" lat="36.753473"><ele>58.8</ele></trkpt>
   <trkpt lon="-4.701181" lat="36.751467"><ele>92.1</ele></trkpt>
   <trkpt lon="-4.700872" lat="36.750649"><ele>78.9</ele></trkpt>
   <trkpt lon="-4.700678" lat="36.750088"><ele>85.4</ele></trkpt>
   <trkpt lon="-4.700710" lat="36.749836"><ele>83.9</ele></trkpt>
   <trkpt lon="-4.700869" lat="36.749383"><ele>78.1</ele></trkpt>
   <trkpt lon="-4.700907" lat="36.749085"><ele>75.8</ele></trkpt>
   <trkpt lon="-4.700848" lat="36.748746"><ele>74.2</ele></trkpt>
   <trkpt lon="-4.700676" lat="36.748419"><ele>73.8</ele></trkpt>
   <trkpt lon="-4.699397" lat="36.746356"><ele>74.0</ele></trkpt>
   <trkpt lon="-4.699172" lat="36.745979"><ele>73.3</ele></trkpt>
   <trkpt lon="-4.698684" lat="36.744782"><ele>70.3</ele></trkpt>
   <trkpt lon="-4.698403" lat="36.744059"><ele>68.0</ele></trkpt>
   <trkpt lon="-4.698008" lat="36.743045"><ele>65.8</ele></trkpt>
   <trkpt lon="-4.697714" lat="36.741596"><ele>59.4</ele></trkpt>
   <trkpt lon="-4.697603" lat="36.741246"><ele>58.1</ele></trkpt>
   <trkpt lon="-4.697449" lat="36.740898"><ele>58.5</ele></trkpt>
   <trkpt lon="-4.697424" lat="36.740490"><ele>59.2</ele></trkpt>
   <trkpt lon="-4.697449" lat="36.740003"><ele>59.0</ele></trkpt>
   <trkpt lon="-4.697359" lat="36.739710"><ele>59.3</ele></trkpt>
   <trkpt lon="-4.697201" lat="36.739473"><ele>59.1</ele></trkpt>
   <trkpt lon="-4.696947" lat="36.739238"><ele>59.0</ele></trkpt>
   <trkpt lon="-4.696228" lat="36.738994"><ele>58.6</ele></trkpt>
   <trkpt lon="-4.696082" lat="36.738944"><ele>59.0</ele></trkpt>
   <trkpt lon="-4.695038" lat="36.738285"><ele>61.0</ele></trkpt>
   <trkpt lon="-4.694223" lat="36.738060"><ele>59.2</ele></trkpt>
   <trkpt lon="-4.693653" lat="36.738017"><ele>57.3</ele></trkpt>
   <trkpt lon="-4.693351" lat="36.737966"><ele>58.0</ele></trkpt>
   <trkpt lon="-4.693074" lat="36.737834"><ele>59.2</ele></trkpt>
   <trkpt lon="-4.692757" lat="36.737642"><ele>60.8</ele></trkpt>
   <trkpt lon="-4.692417" lat="36.737396"><ele>62.9</ele></trkpt>
   <trkpt lon="-4.692151" lat="36.737288"><ele>63.0</ele></trkpt>
   <trkpt lon="-4.691971" lat="36.737265"><ele>62.9</ele></trkpt>
   <trkpt lon="-4.691599" lat="36.737333"><ele>60.7</ele></trkpt>
   <trkpt lon="-4.691175" lat="36.737451"><ele>58.7</ele></trkpt>
   <trkpt lon="-4.690503" lat="36.737448"><ele>58.6</ele></trkpt>
   <trkpt lon="-4.690145" lat="36.737375"><ele>58.9</ele></trkpt>
   <trkpt lon="-4.689360" lat="36.736901"><ele>65.0</ele></trkpt>
   <trkpt lon="-4.688977" lat="36.736287"><ele>64.9</ele></trkpt>
   <trkpt lon="-4.688715" lat="36.736009"><ele>63.2</ele></trkpt>
   <trkpt lon="-4.687900" lat="36.735609"><ele>61.1</ele></trkpt>
   <trkpt lon="-4.687186" lat="36.735379"><ele>61.7</ele></trkpt>
   <trkpt lon="-4.686607" lat="36.735231"><ele>59.4</ele></trkpt>
   <trkpt lon="-4.686196" lat="36.735191"><ele>58.6</ele></trkpt>
   <trkpt lon="-4.685922" lat="36.735136"><ele>58.8</ele></trkpt>
   <trkpt lon="-4.685617" lat="36.734963"><ele>57.4</ele></trkpt>
   <trkpt lon="-4.685266" lat="36.734796"><ele>56.6</ele></trkpt>
   <trkpt lon="-4.684417" lat="36.734604"><ele>54.8</ele></trkpt>
   <trkpt lon="-4.684020" lat="36.734439"><ele>53.1</ele></trkpt>
   <trkpt lon="-4.683587" lat="36.734300"><ele>51.7</ele></trkpt>
   <trkpt lon="-4.683348" lat="36.734250"><ele>50.8</ele></trkpt>
   <trkpt lon="-4.682899" lat="36.734242"><ele>50.0</ele></trkpt>
   <trkpt lon="-4.682284" lat="36.734261"><ele>51.0</ele></trkpt>
   <trkpt lon="-4.680161" lat="36.734319"><ele>45.6</ele></trkpt>
   <trkpt lon="-4.679480" lat="36.734433"><ele>44.3</ele></trkpt>
   <trkpt lon="-4.678577" lat="36.734816"><ele>43.8</ele></trkpt>
   <trkpt lon="-4.678335" lat="36.734905"><ele>43.0</ele></trkpt>
   <trkpt lon="-4.677495" lat="36.735067"><ele>43.5</ele></trkpt>
   <trkpt lon="-4.675198" lat="36.735376"><ele>43.4</ele></trkpt>
   <trkpt lon="-4.674904" lat="36.735381"><ele>43.8</ele></trkpt>
   <trkpt lon="-4.674715" lat="36.735353"><ele>44.0</ele></trkpt>
   <trkpt lon="-4.674442" lat="36.735279"><ele>44.1</ele></trkpt>
   <trkpt lon="-4.673987" lat="36.735080"><ele>43.3</ele></trkpt>
   <trkpt lon="-4.672889" lat="36.734516"><ele>43.4</ele></trkpt>
   <trkpt lon="-4.671980" lat="36.734077"><ele>40.1</ele></trkpt>
   <trkpt lon="-4.671624" lat="36.733949"><ele>39.2</ele></trkpt>
   <trkpt lon="-4.671431" lat="36.733907"><ele>39.3</ele></trkpt>
   <trkpt lon="-4.670328" lat="36.733692"><ele>39.2</ele></trkpt>
   <trkpt lon="-4.669253" lat="36.733505"><ele>38.8</ele></trkpt>
   <trkpt lon="-4.668928" lat="36.733477"><ele>38.1</ele></trkpt>
   <trkpt lon="-4.668621" lat="36.733531"><ele>37.5</ele></trkpt>
   <trkpt lon="-4.668308" lat="36.733666"><ele>37.2</ele></trkpt>
   <trkpt lon="-4.667023" lat="36.734482"><ele>36.6</ele></trkpt>
   <trkpt lon="-4.666587" lat="36.734687"><ele>37.4</ele></trkpt>
   <trkpt lon="-4.664367" lat="36.734761"><ele>37.2</ele></trkpt>
   <trkpt lon="-4.663796" lat="36.734750"><ele>38.2</ele></trkpt>
   <trkpt lon="-4.663412" lat="36.734687"><ele>38.9</ele></trkpt>
   <trkpt lon="-4.662964" lat="36.734555"><ele>39.9</ele></trkpt>
   <trkpt lon="-4.658381" lat="36.732524"><ele>40.8</ele></trkpt>
   <trkpt lon="-4.657824" lat="36.732166"><ele>38.9</ele></trkpt>
   <trkpt lon="-4.657479" lat="36.731980"><ele>37.0</ele></trkpt>
   <trkpt lon="-4.657084" lat="36.731933"><ele>36.3</ele></trkpt>
   <trkpt lon="-4.656656" lat="36.731944"><ele>38.4</ele></trkpt>
   <trkpt lon="-4.656304" lat="36.731893"><ele>40.0</ele></trkpt>
   <trkpt lon="-4.655485" lat="36.731529"><ele>37.5</ele></trkpt>
   <trkpt lon="-4.654549" lat="36.731345"><ele>40.1</ele></trkpt>
   <trkpt lon="-4.653757" lat="36.730905"><ele>40.5</ele></trkpt>
   <trkpt lon="-4.653409" lat="36.730762"><ele>40.2</ele></trkpt>
   <trkpt lon="-4.651896" lat="36.730465"><ele>45.1</ele></trkpt>
   <trkpt lon="-4.649197" lat="36.729574"><ele>38.0</ele></trkpt>
   <trkpt lon="-4.647687" lat="36.729205"><ele>37.2</ele></trkpt>
   <trkpt lon="-4.647159" lat="36.729162"><ele>38.7</ele></trkpt>
   <trkpt lon="-4.646900" lat="36.729107"><ele>40.2</ele></trkpt>
   <trkpt lon="-4.646724" lat="36.729050"><ele>41.2</ele></trkpt>
   <trkpt lon="-4.645969" lat="36.728780"><ele>44.8</ele></trkpt>
   <trkpt lon="-4.644981" lat="36.728482"><ele>43.3</ele></trkpt>
   <trkpt lon="-4.643971" lat="36.728314"><ele>41.3</ele></trkpt>
   <trkpt lon="-4.642292" lat="36.728276"><ele>38.0</ele></trkpt>
   <trkpt lon="-4.641445" lat="36.728281"><ele>37.1</ele></trkpt>
   <trkpt lon="-4.640581" lat="36.728330"><ele>36.5</ele></trkpt>
   <trkpt lon="-4.639277" lat="36.728481"><ele>36.9</ele></trkpt>
   <trkpt lon="-4.637269" lat="36.728770"><ele>41.0</ele></trkpt>
   <trkpt lon="-4.636738" lat="36.728784"><ele>41.0</ele></trkpt>
   <trkpt lon="-4.636578" lat="36.728789"><ele>41.0</ele></trkpt>
   <trkpt lon="-4.634934" lat="36.728839"><ele>37.9</ele></trkpt>
   <trkpt lon="-4.634247" lat="36.728849"><ele>37.1</ele></trkpt>
   <trkpt lon="-4.633576" lat="36.728941"><ele>36.4</ele></trkpt>
   <trkpt lon="-4.632682" lat="36.729099"><ele>34.3</ele></trkpt>
   <trkpt lon="-4.631107" lat="36.729440"><ele>34.0</ele></trkpt>
   <trkpt lon="-4.630822" lat="36.729500"><ele>33.7</ele></trkpt>
   <trkpt lon="-4.630656" lat="36.729528"><ele>33.3</ele></trkpt>
   <trkpt lon="-4.630534" lat="36.729550"><ele>33.0</ele></trkpt>
   <trkpt lon="-4.629882" lat="36.729590"><ele>31.1</ele></trkpt>
   <trkpt lon="-4.629434" lat="36.729692"><ele>30.6</ele></trkpt>
   <trkpt lon="-4.628760" lat="36.729867"><ele>30.2</ele></trkpt>
   <trkpt lon="-4.628424" lat="36.729995"><ele>30.0</ele></trkpt>
   <trkpt lon="-4.628101" lat="36.730193"><ele>30.3</ele></trkpt>
   <trkpt lon="-4.627802" lat="36.730363"><ele>30.3</ele></trkpt>
   <trkpt lon="-4.627327" lat="36.730555"><ele>30.7</ele></trkpt>
   <trkpt lon="-4.627123" lat="36.730689"><ele>30.8</ele></trkpt>
   <trkpt lon="-4.627012" lat="36.730811"><ele>30.9</ele></trkpt>
   <trkpt lon="-4.626935" lat="36.730943"><ele>31.2</ele></trkpt>
   <trkpt lon="-4.626954" lat="36.731137"><ele>32.8</ele></trkpt>
   <trkpt lon="-4.627146" lat="36.731774"><ele>33.5</ele></trkpt>
   <trkpt lon="-4.627091" lat="36.731965"><ele>32.6</ele></trkpt>
   <trkpt lon="-4.626895" lat="36.732201"><ele>32.0</ele></trkpt>
   <trkpt lon="-4.626555" lat="36.732354"><ele>32.0</ele></trkpt>
   <trkpt lon="-4.625929" lat="36.732568"><ele>30.7</ele></trkpt>
   <trkpt lon="-4.625311" lat="36.732759"><ele>30.7</ele></trkpt>
   <trkpt lon="-4.624127" lat="36.733087"><ele>30.3</ele></trkpt>
   <trkpt lon="-4.623697" lat="36.733171"><ele>29.8</ele></trkpt>
   <trkpt lon="-4.623552" lat="36.733187"><ele>29.5</ele></trkpt>
   <trkpt lon="-4.622918" lat="36.733258"><ele>29.9</ele></trkpt>
   <trkpt lon="-4.622269" lat="36.733317"><ele>30.0</ele></trkpt>
   <trkpt lon="-4.621741" lat="36.733325"><ele>30.1</ele></trkpt>
   <trkpt lon="-4.621366" lat="36.733307"><ele>30.4</ele></trkpt>
   <trkpt lon="-4.620363" lat="36.733229"><ele>31.4</ele></trkpt>
   <trkpt lon="-4.619590" lat="36.733129"><ele>29.5</ele></trkpt>
   <trkpt lon="-4.619074" lat="36.733021"><ele>29.2</ele></trkpt>
   <trkpt lon="-4.618359" lat="36.732856"><ele>29.7</ele></trkpt>
   <trkpt lon="-4.617509" lat="36.732639"><ele>29.9</ele></trkpt>
   <trkpt lon="-4.617397" lat="36.732606"><ele>30.0</ele></trkpt>
   <trkpt lon="-4.617232" lat="36.732560"><ele>30.2</ele></trkpt>
   <trkpt lon="-4.616603" lat="36.732392"><ele>31.3</ele></trkpt>
   <trkpt lon="-4.615914" lat="36.732246"><ele>30.9</ele></trkpt>
   <trkpt lon="-4.615563" lat="36.732215"><ele>31.3</ele></trkpt>
   <trkpt lon="-4.614894" lat="36.732246"><ele>34.9</ele></trkpt>
   <trkpt lon="-4.614452" lat="36.732293"><ele>36.3</ele></trkpt>
   <trkpt lon="-4.614148" lat="36.732309"><ele>35.9</ele></trkpt>
   <trkpt lon="-4.613885" lat="36.732387"><ele>34.6</ele></trkpt>
   <trkpt lon="-4.613690" lat="36.732465"><ele>34.5</ele></trkpt>
   <trkpt lon="-4.613450" lat="36.732599"><ele>35.3</ele></trkpt>
   <trkpt lon="-4.613304" lat="36.732655"><ele>35.7</ele></trkpt>
   <trkpt lon="-4.613195" lat="36.732683"><ele>35.9</ele></trkpt>
   <trkpt lon="-4.613149" lat="36.732672"><ele>36.0</ele></trkpt>
   <trkpt lon="-4.613094" lat="36.732674"><ele>36.1</ele></trkpt>
   <trkpt lon="-4.613042" lat="36.732689"><ele>36.1</ele></trkpt>
   <trkpt lon="-4.612998" lat="36.732717"><ele>36.2</ele></trkpt>
   <trkpt lon="-4.612969" lat="36.732755"><ele>36.2</ele></trkpt>
   <trkpt lon="-4.612956" lat="36.732799"><ele>36.1</ele></trkpt>
   <trkpt lon="-4.612958" lat="36.732832"><ele>36.0</ele></trkpt>
   <trkpt lon="-4.612967" lat="36.732859"><ele>36.0</ele></trkpt>
   <trkpt lon="-4.612942" lat="36.732959"><ele>36.0</ele></trkpt>
   <trkpt lon="-4.612877" lat="36.733126"><ele>36.0</ele></trkpt>
   <trkpt lon="-4.612689" lat="36.733588"><ele>34.7</ele></trkpt>
   <trkpt lon="-4.612677" lat="36.733645"><ele>34.6</ele></trkpt>
   <trkpt lon="-4.612619" lat="36.733750"><ele>34.2</ele></trkpt>
   <trkpt lon="-4.612487" lat="36.734038"><ele>32.8</ele></trkpt>
   <trkpt lon="-4.612447" lat="36.734077"><ele>32.5</ele></trkpt>
   <trkpt lon="-4.612432" lat="36.734101"><ele>32.4</ele></trkpt>
   <trkpt lon="-4.612357" lat="36.734268"><ele>32.0</ele></trkpt>
   <trkpt lon="-4.612282" lat="36.734445"><ele>32.0</ele></trkpt>
   <trkpt lon="-4.612209" lat="36.734577"><ele>32.0</ele></trkpt>
   <trkpt lon="-4.612127" lat="36.734695"><ele>32.0</ele></trkpt>
   <trkpt lon="-4.612019" lat="36.734819"><ele>30.4</ele></trkpt>
   <trkpt lon="-4.611829" lat="36.735009"><ele>30.4</ele></trkpt>
   <trkpt lon="-4.611431" lat="36.735361"><ele>29.3</ele></trkpt>
   <trkpt lon="-4.611305" lat="36.735467"><ele>29.4</ele></trkpt>
   <trkpt lon="-4.611028" lat="36.735672"><ele>29.2</ele></trkpt>
   <trkpt lon="-4.610983" lat="36.735708"><ele>29.3</ele></trkpt>
   <trkpt lon="-4.610950" lat="36.735745"><ele>29.4</ele></trkpt>
   <trkpt lon="-4.610852" lat="36.735786"><ele>29.6</ele></trkpt>
   <trkpt lon="-4.610743" lat="36.735829"><ele>29.7</ele></trkpt>
   <trkpt lon="-4.609936" lat="36.736226"><ele>31.2</ele></trkpt>
   <trkpt lon="-4.609769" lat="36.736301"><ele>31.9</ele></trkpt>
   <trkpt lon="-4.609040" lat="36.736643"><ele>31.1</ele></trkpt>
   <trkpt lon="-4.608938" lat="36.736700"><ele>31.2</ele></trkpt>
   <trkpt lon="-4.608935" lat="36.736765"><ele>31.4</ele></trkpt>
   <trkpt lon="-4.608838" lat="36.736780"><ele>31.5</ele></trkpt>
   <trkpt lon="-4.608633" lat="36.736834"><ele>31.7</ele></trkpt>
   <trkpt lon="-4.608409" lat="36.736874"><ele>32.0</ele></trkpt>
   <trkpt lon="-4.608135" lat="36.736898"><ele>32.5</ele></trkpt>
   <trkpt lon="-4.607945" lat="36.736905"><ele>32.9</ele></trkpt>
   <trkpt lon="-4.607905" lat="36.736903"><ele>32.9</ele></trkpt>
   <trkpt lon="-4.607776" lat="36.736893"><ele>32.9</ele></trkpt>
   <trkpt lon="-4.606860" lat="36.736780"><ele>32.9</ele></trkpt>
   <trkpt lon="-4.606276" lat="36.736708"><ele>33.3</ele></trkpt>
   <trkpt lon="-4.605350" lat="36.736594"><ele>32.9</ele></trkpt>
   <trkpt lon="-4.605123" lat="36.736565"><ele>32.8</ele></trkpt>
   <trkpt lon="-4.604261" lat="36.736458"><ele>33.0</ele></trkpt>
   <trkpt lon="-4.603867" lat="36.736410"><ele>33.1</ele></trkpt>
   <trkpt lon="-4.603823" lat="36.736404"><ele>33.1</ele></trkpt>
   <trkpt lon="-4.603127" lat="36.736309"><ele>33.0</ele></trkpt>
   <trkpt lon="-4.602906" lat="36.736265"><ele>33.0</ele></trkpt>
   <trkpt lon="-4.602633" lat="36.736189"><ele>32.0</ele></trkpt>
   <trkpt lon="-4.602452" lat="36.736128"><ele>31.4</ele></trkpt>
   <trkpt lon="-4.600396" lat="36.735330"><ele>30.0</ele></trkpt>
   <trkpt lon="-4.600147" lat="36.735233"><ele>30.0</ele></trkpt>
   <trkpt lon="-4.599030" lat="36.734801"><ele>31.1</ele></trkpt>
   <trkpt lon="-4.598877" lat="36.734733"><ele>31.6</ele></trkpt>
   <trkpt lon="-4.598619" lat="36.734460"><ele>32.0</ele></trkpt>
   <trkpt lon="-4.598619" lat="36.734430"><ele>31.9</ele></trkpt>
   <trkpt lon="-4.598590" lat="36.734365"><ele>31.8</ele></trkpt>
   <trkpt lon="-4.598537" lat="36.734311"><ele>31.8</ele></trkpt>
   <trkpt lon="-4.598466" lat="36.734273"><ele>32.1</ele></trkpt>
   <trkpt lon="-4.598383" lat="36.734254"><ele>32.7</ele></trkpt>
   <trkpt lon="-4.598013" lat="36.734020"><ele>35.6</ele></trkpt>
   <trkpt lon="-4.598003" lat="36.734011"><ele>35.7</ele></trkpt>
   <trkpt lon="-4.596992" lat="36.731927"><ele>31.3</ele></trkpt>
   <trkpt lon="-4.596767" lat="36.731610"><ele>30.3</ele></trkpt>
   <trkpt lon="-4.596426" lat="36.731371"><ele>30.0</ele></trkpt>
   <trkpt lon="-4.596147" lat="36.731288"><ele>29.5</ele></trkpt>
   <trkpt lon="-4.595695" lat="36.731228"><ele>28.1</ele></trkpt>
   <trkpt lon="-4.594023" lat="36.731143"><ele>28.9</ele></trkpt>
   <trkpt lon="-4.593805" lat="36.731165"><ele>30.3</ele></trkpt>
   <trkpt lon="-4.593751" lat="36.731170"><ele>30.6</ele></trkpt>
   <trkpt lon="-4.593532" lat="36.731214"><ele>30.9</ele></trkpt>
   <trkpt lon="-4.593263" lat="36.731311"><ele>30.1</ele></trkpt>
   <trkpt lon="-4.592999" lat="36.731453"><ele>28.2</ele></trkpt>
   <trkpt lon="-4.592796" lat="36.731598"><ele>27.4</ele></trkpt>
   <trkpt lon="-4.592377" lat="36.731942"><ele>27.8</ele></trkpt>
   <trkpt lon="-4.592272" lat="36.732028"><ele>28.1</ele></trkpt>
   <trkpt lon="-4.591956" lat="36.732196"><ele>29.2</ele></trkpt>
   <trkpt lon="-4.591576" lat="36.732323"><ele>32.0</ele></trkpt>
   <trkpt lon="-4.591245" lat="36.732369"><ele>31.9</ele></trkpt>
   <trkpt lon="-4.591181" lat="36.732378"><ele>31.9</ele></trkpt>
   <trkpt lon="-4.590969" lat="36.732390"><ele>31.8</ele></trkpt>
   <trkpt lon="-4.590343" lat="36.732424"><ele>33.0</ele></trkpt>
   <trkpt lon="-4.590000" lat="36.732475"><ele>33.9</ele></trkpt>
   <trkpt lon="-4.586874" lat="36.733100"><ele>46.7</ele></trkpt>
   <trkpt lon="-4.586394" lat="36.733088"><ele>44.9</ele></trkpt>
   <trkpt lon="-4.586149" lat="36.733040"><ele>44.0</ele></trkpt>
   <trkpt lon="-4.585995" lat="36.733010"><ele>43.5</ele></trkpt>
   <trkpt lon="-4.585249" lat="36.732797"><ele>39.8</ele></trkpt>
   <trkpt lon="-4.584982" lat="36.732711"><ele>38.5</ele></trkpt>
   <trkpt lon="-4.584665" lat="36.732698"><ele>36.9</ele></trkpt>
   <trkpt lon="-4.584152" lat="36.732724"><ele>34.5</ele></trkpt>
   <trkpt lon="-4.583131" lat="36.732932"><ele>31.3</ele></trkpt>
   <trkpt lon="-4.581976" lat="36.733062"><ele>30.6</ele></trkpt>
   <trkpt lon="-4.580498" lat="36.733260"><ele>30.9</ele></trkpt>
   <trkpt lon="-4.580181" lat="36.733310"><ele>32.1</ele></trkpt>
   <trkpt lon="-4.579116" lat="36.733482"><ele>34.0</ele></trkpt>
   <trkpt lon="-4.578825" lat="36.733531"><ele>33.4</ele></trkpt>
   <trkpt lon="-4.578069" lat="36.733660"><ele>31.9</ele></trkpt>
   <trkpt lon="-4.577325" lat="36.733779"><ele>31.6</ele></trkpt>
   <trkpt lon="-4.576175" lat="36.733957"><ele>35.1</ele></trkpt>
   <trkpt lon="-4.576052" lat="36.733978"><ele>36.1</ele></trkpt>
   <trkpt lon="-4.575862" lat="36.734009"><ele>37.6</ele></trkpt>
   <trkpt lon="-4.575415" lat="36.734083"><ele>40.6</ele></trkpt>
   <trkpt lon="-4.575174" lat="36.734099"><ele>41.1</ele></trkpt>
   <trkpt lon="-4.574800" lat="36.734094"><ele>40.4</ele></trkpt>
   <trkpt lon="-4.574487" lat="36.734049"><ele>39.1</ele></trkpt>
   <trkpt lon="-4.574096" lat="36.733954"><ele>37.3</ele></trkpt>
   <trkpt lon="-4.573732" lat="36.733838"><ele>36.8</ele></trkpt>
   <trkpt lon="-4.573675" lat="36.733786"><ele>36.5</ele></trkpt>
   <trkpt lon="-4.573641" lat="36.733725"><ele>36.2</ele></trkpt>
   <trkpt lon="-4.573652" lat="36.733699"><ele>36.1</ele></trkpt>
   <trkpt lon="-4.573650" lat="36.733670"><ele>35.9</ele></trkpt>
   <trkpt lon="-4.573635" lat="36.733645"><ele>35.8</ele></trkpt>
   <trkpt lon="-4.573609" lat="36.733626"><ele>35.6</ele></trkpt>
   <trkpt lon="-4.573576" lat="36.733616"><ele>35.5</ele></trkpt>
   <trkpt lon="-4.573507" lat="36.733573"><ele>35.1</ele></trkpt>
   <trkpt lon="-4.573462" lat="36.733550"><ele>35.0</ele></trkpt>
   <trkpt lon="-4.573389" lat="36.733513"><ele>34.9</ele></trkpt>
   <trkpt lon="-4.572980" lat="36.733357"><ele>35.1</ele></trkpt>
   <trkpt lon="-4.572635" lat="36.733224"><ele>35.1</ele></trkpt>
   <trkpt lon="-4.572314" lat="36.733094"><ele>35.1</ele></trkpt>
   <trkpt lon="-4.572228" lat="36.733060"><ele>35.0</ele></trkpt>
   <trkpt lon="-4.571678" lat="36.732851"><ele>34.0</ele></trkpt>
   <trkpt lon="-4.571296" lat="36.732743"><ele>33.4</ele></trkpt>
   <trkpt lon="-4.570838" lat="36.732663"><ele>32.4</ele></trkpt>
   <trkpt lon="-4.570789" lat="36.732659"><ele>32.3</ele></trkpt>
   <trkpt lon="-4.570219" lat="36.732619"><ele>31.3</ele></trkpt>
   <trkpt lon="-4.569661" lat="36.732599"><ele>31.5</ele></trkpt>
   <trkpt lon="-4.569532" lat="36.732592"><ele>31.8</ele></trkpt>
   <trkpt lon="-4.569306" lat="36.732581"><ele>32.8</ele></trkpt>
   <trkpt lon="-4.569171" lat="36.732575"><ele>33.6</ele></trkpt>
   <trkpt lon="-4.568748" lat="36.732555"><ele>35.0</ele></trkpt>
   <trkpt lon="-4.568638" lat="36.732551"><ele>35.4</ele></trkpt>
   <trkpt lon="-4.568160" lat="36.732532"><ele>36.0</ele></trkpt>
   <trkpt lon="-4.567962" lat="36.732523"><ele>36.0</ele></trkpt>
   <trkpt lon="-4.567707" lat="36.732516"><ele>35.9</ele></trkpt>
   <trkpt lon="-4.567581" lat="36.732493"><ele>35.4</ele></trkpt>
   <trkpt lon="-4.567481" lat="36.732491"><ele>35.1</ele></trkpt>
   <trkpt lon="-4.566491" lat="36.732716"><ele>35.6</ele></trkpt>
   <trkpt lon="-4.566218" lat="36.732784"><ele>36.0</ele></trkpt>
   <trkpt lon="-4.566221" lat="36.732882"><ele>36.0</ele></trkpt>
   <trkpt lon="-4.566007" lat="36.732946"><ele>36.1</ele></trkpt>
   <trkpt lon="-4.565506" lat="36.733039"><ele>37.0</ele></trkpt>
   <trkpt lon="-4.565404" lat="36.733069"><ele>37.0</ele></trkpt>
   <trkpt lon="-4.565352" lat="36.733068"><ele>37.0</ele></trkpt>
   <trkpt lon="-4.565304" lat="36.733085"><ele>37.1</ele></trkpt>
   <trkpt lon="-4.565275" lat="36.733114"><ele>37.2</ele></trkpt>
   <trkpt lon="-4.565268" lat="36.733133"><ele>37.2</ele></trkpt>
   <trkpt lon="-4.565262" lat="36.733149"><ele>37.2</ele></trkpt>
   <trkpt lon="-4.565268" lat="36.733186"><ele>37.2</ele></trkpt>
   <trkpt lon="-4.565304" lat="36.733232"><ele>37.1</ele></trkpt>
   <trkpt lon="-4.565309" lat="36.733294"><ele>37.1</ele></trkpt>
   <trkpt lon="-4.565302" lat="36.733328"><ele>37.1</ele></trkpt>
   <trkpt lon="-4.565285" lat="36.733357"><ele>37.2</ele></trkpt>
   <trkpt lon="-4.565243" lat="36.733381"><ele>37.3</ele></trkpt>
   <trkpt lon="-4.565205" lat="36.733383"><ele>37.4</ele></trkpt>
   <trkpt lon="-4.564700" lat="36.733425"><ele>38.3</ele></trkpt>
   <trkpt lon="-4.563889" lat="36.733455"><ele>40.4</ele></trkpt>
   <trkpt lon="-4.563562" lat="36.733462"><ele>41.0</ele></trkpt>
   <trkpt lon="-4.563012" lat="36.733454"><ele>42.6</ele></trkpt>
   <trkpt lon="-4.562898" lat="36.733449"><ele>43.2</ele></trkpt>
   <trkpt lon="-4.562611" lat="36.733439"><ele>45.0</ele></trkpt>
   <trkpt lon="-4.562408" lat="36.733431"><ele>46.2</ele></trkpt>
   <trkpt lon="-4.562071" lat="36.733401"><ele>47.9</ele></trkpt>
   <trkpt lon="-4.561943" lat="36.733389"><ele>48.4</ele></trkpt>
   <trkpt lon="-4.561540" lat="36.733341"><ele>49.7</ele></trkpt>
   <trkpt lon="-4.561274" lat="36.733306"><ele>50.0</ele></trkpt>
   <trkpt lon="-4.561008" lat="36.733253"><ele>50.8</ele></trkpt>
   <trkpt lon="-4.560913" lat="36.733234"><ele>51.1</ele></trkpt>
   <trkpt lon="-4.560713" lat="36.733182"><ele>50.9</ele></trkpt>
   <trkpt lon="-4.560312" lat="36.733069"><ele>51.4</ele></trkpt>
   <trkpt lon="-4.560230" lat="36.733044"><ele>51.5</ele></trkpt>
   <trkpt lon="-4.560256" lat="36.732961"><ele>51.2</ele></trkpt>
   <trkpt lon="-4.560213" lat="36.732842"><ele>51.0</ele></trkpt>
   <trkpt lon="-4.560128" lat="36.732762"><ele>51.0</ele></trkpt>
   <trkpt lon="-4.559893" lat="36.732701"><ele>51.0</ele></trkpt>
   <trkpt lon="-4.559529" lat="36.732645"><ele>51.0</ele></trkpt>
   <trkpt lon="-4.558960" lat="36.732616"><ele>50.0</ele></trkpt>
   <trkpt lon="-4.558610" lat="36.732617"><ele>49.8</ele></trkpt>
   <trkpt lon="-4.556036" lat="36.732624"><ele>44.3</ele></trkpt>
   <trkpt lon="-4.554805" lat="36.732590"><ele>42.1</ele></trkpt>
   <trkpt lon="-4.554697" lat="36.732473"><ele>42.2</ele></trkpt>
   <trkpt lon="-4.554013" lat="36.732375"><ele>43.7</ele></trkpt>
   <trkpt lon="-4.553432" lat="36.732296"><ele>44.6</ele></trkpt>
   <trkpt lon="-4.553463" lat="36.732112"><ele>43.6</ele></trkpt>
   <trkpt lon="-4.552998" lat="36.732018"><ele>44.6</ele></trkpt>
   <trkpt lon="-4.552952" lat="36.732008"><ele>44.6</ele></trkpt>
   <trkpt lon="-4.552732" lat="36.731912"><ele>44.4</ele></trkpt>
   <trkpt lon="-4.552383" lat="36.731780"><ele>44.6</ele></trkpt>
   <trkpt lon="-4.551727" lat="36.731503"><ele>43.0</ele></trkpt>
   <trkpt lon="-4.551447" lat="36.731328"><ele>43.0</ele></trkpt>
   <trkpt lon="-4.551336" lat="36.731232"><ele>43.0</ele></trkpt>
   <trkpt lon="-4.551269" lat="36.731071"><ele>42.9</ele></trkpt>
   <trkpt lon="-4.551267" lat="36.730909"><ele>42.8</ele></trkpt>
   <trkpt lon="-4.551233" lat="36.730834"><ele>42.7</ele></trkpt>
   <trkpt lon="-4.551131" lat="36.730764"><ele>42.3</ele></trkpt>
   <trkpt lon="-4.551023" lat="36.730758"><ele>41.9</ele></trkpt>
   <trkpt lon="-4.550950" lat="36.730810"><ele>41.8</ele></trkpt>
   <trkpt lon="-4.550913" lat="36.730941"><ele>42.2</ele></trkpt>
   <trkpt lon="-4.550913" lat="36.731021"><ele>42.5</ele></trkpt>
   <trkpt lon="-4.550845" lat="36.730964"><ele>42.2</ele></trkpt>
   <trkpt lon="-4.550758" lat="36.730925"><ele>41.8</ele></trkpt>
   <trkpt lon="-4.550660" lat="36.730907"><ele>41.5</ele></trkpt>
   <trkpt lon="-4.550560" lat="36.730913"><ele>41.8</ele></trkpt>
   <trkpt lon="-4.550491" lat="36.730932"><ele>42.0</ele></trkpt>
   <trkpt lon="-4.550380" lat="36.730946"><ele>42.3</ele></trkpt>
   <trkpt lon="-4.550275" lat="36.730934"><ele>42.5</ele></trkpt>
   <trkpt lon="-4.550066" lat="36.730873"><ele>42.9</ele></trkpt>
   <trkpt lon="-4.549745" lat="36.730661"><ele>43.1</ele></trkpt>
   <trkpt lon="-4.549550" lat="36.730531"><ele>44.0</ele></trkpt>
   <trkpt lon="-4.549418" lat="36.730370"><ele>45.0</ele></trkpt>
   <trkpt lon="-4.549504" lat="36.730226"><ele>44.2</ele></trkpt>
   <trkpt lon="-4.549572" lat="36.730088"><ele>43.9</ele></trkpt>
   <trkpt lon="-4.549668" lat="36.729900"><ele>44.1</ele></trkpt>
   <trkpt lon="-4.549644" lat="36.729656"><ele>45.8</ele></trkpt>
   <trkpt lon="-4.549636" lat="36.729520"><ele>46.7</ele></trkpt>
   <trkpt lon="-4.549590" lat="36.728813"><ele>48.3</ele></trkpt>
   <trkpt lon="-4.549593" lat="36.728707"><ele>47.9</ele></trkpt>
   <trkpt lon="-4.549693" lat="36.728074"><ele>45.7</ele></trkpt>
   <trkpt lon="-4.549710" lat="36.727980"><ele>45.9</ele></trkpt>
   <trkpt lon="-4.549725" lat="36.727879"><ele>46.1</ele></trkpt>
   <trkpt lon="-4.549801" lat="36.727356"><ele>46.7</ele></trkpt>
   <trkpt lon="-4.549881" lat="36.726795"><ele>47.3</ele></trkpt>
   <trkpt lon="-4.549885" lat="36.726730"><ele>47.3</ele></trkpt>
   <trkpt lon="-4.549866" lat="36.726665"><ele>47.4</ele></trkpt>
   <trkpt lon="-4.549821" lat="36.726617"><ele>47.6</ele></trkpt>
   <trkpt lon="-4.549766" lat="36.726583"><ele>47.9</ele></trkpt>
   <trkpt lon="-4.549613" lat="36.726521"><ele>48.6</ele></trkpt>
   <trkpt lon="-4.549502" lat="36.726492"><ele>48.9</ele></trkpt>
   <trkpt lon="-4.549469" lat="36.726485"><ele>49.0</ele></trkpt>
   <trkpt lon="-4.549427" lat="36.726476"><ele>49.2</ele></trkpt>
   <trkpt lon="-4.549286" lat="36.726428"><ele>49.7</ele></trkpt>
   <trkpt lon="-4.549191" lat="36.726336"><ele>49.8</ele></trkpt>
   <trkpt lon="-4.549121" lat="36.726199"><ele>50.0</ele></trkpt>
   <trkpt lon="-4.549113" lat="36.726038"><ele>50.4</ele></trkpt>
   <trkpt lon="-4.549129" lat="36.725967"><ele>50.2</ele></trkpt>
   <trkpt lon="-4.549174" lat="36.725895"><ele>50.0</ele></trkpt>
   <trkpt lon="-4.549261" lat="36.725820"><ele>49.7</ele></trkpt>
   <trkpt lon="-4.549299" lat="36.725804"><ele>49.6</ele></trkpt>
   <trkpt lon="-4.549448" lat="36.725757"><ele>50.1</ele></trkpt>
   <trkpt lon="-4.549814" lat="36.725746"><ele>50.9</ele></trkpt>
   <trkpt lon="-4.549925" lat="36.725706"><ele>51.0</ele></trkpt>
   <trkpt lon="-4.549990" lat="36.725633"><ele>50.8</ele></trkpt>
   <trkpt lon="-4.550002" lat="36.725515"><ele>50.3</ele></trkpt>
   <trkpt lon="-4.549971" lat="36.725337"><ele>50.0</ele></trkpt>
   <trkpt lon="-4.549817" lat="36.725078"><ele>49.5</ele></trkpt>
   <trkpt lon="-4.549802" lat="36.725011"><ele>49.5</ele></trkpt>
   <trkpt lon="-4.549803" lat="36.724929"><ele>49.5</ele></trkpt>
   <trkpt lon="-4.549833" lat="36.724828"><ele>49.6</ele></trkpt>
   <trkpt lon="-4.549948" lat="36.724626"><ele>49.6</ele></trkpt>
   <trkpt lon="-4.549986" lat="36.724518"><ele>49.1</ele></trkpt>
   <trkpt lon="-4.549986" lat="36.724432"><ele>48.6</ele></trkpt>
   <trkpt lon="-4.549948" lat="36.724361"><ele>48.1</ele></trkpt>
   <trkpt lon="-4.549847" lat="36.724230"><ele>46.0</ele></trkpt>
   <trkpt lon="-4.549717" lat="36.724108"><ele>43.5</ele></trkpt>
   <trkpt lon="-4.549593" lat="36.724042"><ele>42.1</ele></trkpt>
   <trkpt lon="-4.549528" lat="36.724033"><ele>42.3</ele></trkpt>
   <trkpt lon="-4.549457" lat="36.724039"><ele>42.7</ele></trkpt>
   <trkpt lon="-4.549322" lat="36.724070"><ele>43.6</ele></trkpt>
   <trkpt lon="-4.549199" lat="36.724066"><ele>43.5</ele></trkpt>
   <trkpt lon="-4.549112" lat="36.724039"><ele>43.3</ele></trkpt>
   <trkpt lon="-4.549031" lat="36.723976"><ele>43.0</ele></trkpt>
   <trkpt lon="-4.548919" lat="36.723847"><ele>42.2</ele></trkpt>
   <trkpt lon="-4.548889" lat="36.723748"><ele>41.7</ele></trkpt>
   <trkpt lon="-4.548898" lat="36.723654"><ele>41.5</ele></trkpt>
   <trkpt lon="-4.548925" lat="36.723508"><ele>41.3</ele></trkpt>
   <trkpt lon="-4.549011" lat="36.723168"><ele>39.7</ele></trkpt>
   <trkpt lon="-4.548999" lat="36.723047"><ele>38.7</ele></trkpt>
   <trkpt lon="-4.548955" lat="36.722990"><ele>38.2</ele></trkpt>
   <trkpt lon="-4.548927" lat="36.722960"><ele>37.8</ele></trkpt>
   <trkpt lon="-4.548889" lat="36.722920"><ele>37.0</ele></trkpt>
   <trkpt lon="-4.548763" lat="36.722848"><ele>35.5</ele></trkpt>
   <trkpt lon="-4.548586" lat="36.722808"><ele>34.6</ele></trkpt>
   <trkpt lon="-4.548407" lat="36.722819"><ele>34.3</ele></trkpt>
   <trkpt lon="-4.548171" lat="36.722915"><ele>34.1</ele></trkpt>
   <trkpt lon="-4.548093" lat="36.722953"><ele>34.0</ele></trkpt>
   <trkpt lon="-4.547966" lat="36.723032"><ele>34.0</ele></trkpt>
   <trkpt lon="-4.548011" lat="36.722674"><ele>35.3</ele></trkpt>
   <trkpt lon="-4.548057" lat="36.722426"><ele>36.4</ele></trkpt>
   <trkpt lon="-4.548228" lat="36.721848"><ele>38.4</ele></trkpt>
   <trkpt lon="-4.548298" lat="36.721588"><ele>39.0</ele></trkpt>
   <trkpt lon="-4.548347" lat="36.721400"><ele>38.5</ele></trkpt>
   <trkpt lon="-4.548397" lat="36.721213"><ele>38.2</ele></trkpt>
   <trkpt lon="-4.548412" lat="36.721157"><ele>38.1</ele></trkpt>
   <trkpt lon="-4.548451" lat="36.721010"><ele>37.8</ele></trkpt>
   <trkpt lon="-4.548506" lat="36.720779"><ele>37.7</ele></trkpt>
   <trkpt lon="-4.548547" lat="36.720591"><ele>37.8</ele></trkpt>
   <trkpt lon="-4.548566" lat="36.720404"><ele>37.4</ele></trkpt>
   <trkpt lon="-4.548576" lat="36.720380"><ele>37.3</ele></trkpt>
   <trkpt lon="-4.548591" lat="36.720344"><ele>37.2</ele></trkpt>
   <trkpt lon="-4.548700" lat="36.719756"><ele>36.6</ele></trkpt>
   <trkpt lon="-4.548765" lat="36.719512"><ele>36.6</ele></trkpt>
   <trkpt lon="-4.548832" lat="36.719261"><ele>36.9</ele></trkpt>
   <trkpt lon="-4.548875" lat="36.719092"><ele>36.7</ele></trkpt>
   <trkpt lon="-4.548899" lat="36.718998"><ele>36.4</ele></trkpt>
   <trkpt lon="-4.548961" lat="36.718741"><ele>36.0</ele></trkpt>
   <trkpt lon="-4.549139" lat="36.718053"><ele>35.3</ele></trkpt>
   <trkpt lon="-4.549219" lat="36.717765"><ele>35.0</ele></trkpt>
   <trkpt lon="-4.549544" lat="36.716588"><ele>33.5</ele></trkpt>
   <trkpt lon="-4.550007" lat="36.714839"><ele>30.3</ele></trkpt>
   <trkpt lon="-4.550141" lat="36.714339"><ele>30.4</ele></trkpt>
   <trkpt lon="-4.550187" lat="36.714118"><ele>30.0</ele></trkpt>
   <trkpt lon="-4.550192" lat="36.714027"><ele>30.0</ele></trkpt>
   <trkpt lon="-4.550177" lat="36.713748"><ele>29.9</ele></trkpt>
   <trkpt lon="-4.549984" lat="36.713123"><ele>31.0</ele></trkpt>
   <trkpt lon="-4.549953" lat="36.713059"><ele>31.0</ele></trkpt>
   <trkpt lon="-4.549864" lat="36.712836"><ele>31.0</ele></trkpt>
   <trkpt lon="-4.549514" lat="36.712098"><ele>30.5</ele></trkpt>
   <trkpt lon="-4.549259" lat="36.711418"><ele>29.1</ele></trkpt>
   <trkpt lon="-4.549139" lat="36.711200"><ele>27.8</ele></trkpt>
   <trkpt lon="-4.548785" lat="36.710739"><ele>26.6</ele></trkpt>
   <trkpt lon="-4.548726" lat="36.710592"><ele>26.7</ele></trkpt>
   <trkpt lon="-4.548715" lat="36.710464"><ele>26.7</ele></trkpt>
   <trkpt lon="-4.548747" lat="36.710201"><ele>26.9</ele></trkpt>
   <trkpt lon="-4.548767" lat="36.710068"><ele>27.3</ele></trkpt>
   <trkpt lon="-4.548782" lat="36.709977"><ele>27.5</ele></trkpt>
   <trkpt lon="-4.548789" lat="36.709933"><ele>27.7</ele></trkpt>
   <trkpt lon="-4.548803" lat="36.709807"><ele>28.1</ele></trkpt>
   <trkpt lon="-4.548802" lat="36.709540"><ele>28.4</ele></trkpt>
   <trkpt lon="-4.548821" lat="36.709120"><ele>27.1</ele></trkpt>
   <trkpt lon="-4.548823" lat="36.709064"><ele>26.8</ele></trkpt>
   <trkpt lon="-4.548826" lat="36.708836"><ele>25.6</ele></trkpt>
   <trkpt lon="-4.548849" lat="36.708032"><ele>19.9</ele></trkpt>
   <trkpt lon="-4.548894" lat="36.707689"><ele>18.4</ele></trkpt>
   <trkpt lon="-4.547829" lat="36.707199"><ele>18.5</ele></trkpt>
   <trkpt lon="-4.547371" lat="36.707002"><ele>16.6</ele></trkpt>
   <trkpt lon="-4.547006" lat="36.706867"><ele>16.0</ele></trkpt>
   <trkpt lon="-4.546815" lat="36.706801"><ele>16.2</ele></trkpt>
   <trkpt lon="-4.546713" lat="36.706765"><ele>16.3</ele></trkpt>
   <trkpt lon="-4.545699" lat="36.706482"><ele>17.3</ele></trkpt>
   <trkpt lon="-4.545391" lat="36.706410"><ele>18.2</ele></trkpt>
   <trkpt lon="-4.545201" lat="36.706390"><ele>19.0</ele></trkpt>
   <trkpt lon="-4.545085" lat="36.706377"><ele>19.4</ele></trkpt>
   <trkpt lon="-4.544952" lat="36.706338"><ele>19.7</ele></trkpt>
   <trkpt lon="-4.544732" lat="36.706219"><ele>20.0</ele></trkpt>
   <trkpt lon="-4.544658" lat="36.706204"><ele>20.0</ele></trkpt>
   <trkpt lon="-4.544394" lat="36.706162"><ele>20.0</ele></trkpt>
   <trkpt lon="-4.543630" lat="36.706047"><ele>18.0</ele></trkpt>
   <trkpt lon="-4.542919" lat="36.705943"><ele>16.4</ele></trkpt>
   <trkpt lon="-4.542001" lat="36.705810"><ele>16.3</ele></trkpt>
   <trkpt lon="-4.541342" lat="36.705694"><ele>16.4</ele></trkpt>
   <trkpt lon="-4.540787" lat="36.705599"><ele>16.9</ele></trkpt>
   <trkpt lon="-4.540584" lat="36.705554"><ele>17.0</ele></trkpt>
   <trkpt lon="-4.540527" lat="36.705532"><ele>17.1</ele></trkpt>
   <trkpt lon="-4.540461" lat="36.705482"><ele>17.2</ele></trkpt>
   <trkpt lon="-4.540426" lat="36.705449"><ele>17.3</ele></trkpt>
   <trkpt lon="-4.540380" lat="36.705428"><ele>17.4</ele></trkpt>
   <trkpt lon="-4.540327" lat="36.705421"><ele>17.4</ele></trkpt>
   <trkpt lon="-4.540274" lat="36.705428"><ele>17.4</ele></trkpt>
   <trkpt lon="-4.540228" lat="36.705449"><ele>17.3</ele></trkpt>
   <trkpt lon="-4.540113" lat="36.705475"><ele>17.2</ele></trkpt>
   <trkpt lon="-4.539908" lat="36.705492"><ele>16.8</ele></trkpt>
   <trkpt lon="-4.539202" lat="36.705462"><ele>16.3</ele></trkpt>
   <trkpt lon="-4.538750" lat="36.705425"><ele>15.1</ele></trkpt>
   <trkpt lon="-4.538163" lat="36.705356"><ele>15.3</ele></trkpt>
   <trkpt lon="-4.537932" lat="36.705351"><ele>16.1</ele></trkpt>
   <trkpt lon="-4.537911" lat="36.705351"><ele>16.2</ele></trkpt>
   <trkpt lon="-4.537788" lat="36.705342"><ele>16.6</ele></trkpt>
   <trkpt lon="-4.537502" lat="36.705237"><ele>18.4</ele></trkpt>
   <trkpt lon="-4.537238" lat="36.705127"><ele>19.6</ele></trkpt>
   <trkpt lon="-4.537100" lat="36.705092"><ele>20.1</ele></trkpt>
   <trkpt lon="-4.536940" lat="36.705012"><ele>20.6</ele></trkpt>
   <trkpt lon="-4.536693" lat="36.704992"><ele>20.7</ele></trkpt>
   <trkpt lon="-4.536150" lat="36.704983"><ele>21.2</ele></trkpt>
   <trkpt lon="-4.534737" lat="36.705055"><ele>22.5</ele></trkpt>
   <trkpt lon="-4.533250" lat="36.705105"><ele>20.7</ele></trkpt>
   <trkpt lon="-4.532652" lat="36.705110"><ele>20.0</ele></trkpt>
   <trkpt lon="-4.532351" lat="36.705113"><ele>19.8</ele></trkpt>
   <trkpt lon="-4.531022" lat="36.705083"><ele>19.6</ele></trkpt>
   <trkpt lon="-4.529581" lat="36.704975"><ele>19.5</ele></trkpt>
   <trkpt lon="-4.528347" lat="36.704840"><ele>16.2</ele></trkpt>
   <trkpt lon="-4.527862" lat="36.704766"><ele>15.0</ele></trkpt>
   <trkpt lon="-4.527305" lat="36.704682"><ele>14.4</ele></trkpt>
   <trkpt lon="-4.527240" lat="36.704678"><ele>14.4</ele></trkpt>
   <trkpt lon="-4.527159" lat="36.704708"><ele>14.5</ele></trkpt>
   <trkpt lon="-4.527124" lat="36.704764"><ele>14.7</ele></trkpt>
   <trkpt lon="-4.526991" lat="36.705423"><ele>16.0</ele></trkpt>
   <trkpt lon="-4.526949" lat="36.705550"><ele>16.0</ele></trkpt>
   <trkpt lon="-4.526837" lat="36.705678"><ele>15.9</ele></trkpt>
   <trkpt lon="-4.526692" lat="36.705750"><ele>16.0</ele></trkpt>
   <trkpt lon="-4.526426" lat="36.705772"><ele>16.0</ele></trkpt>
   <trkpt lon="-4.524354" lat="36.705785"><ele>16.0</ele></trkpt>
   <trkpt lon="-4.522989" lat="36.705819"><ele>15.9</ele></trkpt>
   <trkpt lon="-4.521666" lat="36.705811"><ele>15.0</ele></trkpt>
   <trkpt lon="-4.519358" lat="36.705850"><ele>15.0</ele></trkpt>
   <trkpt lon="-4.519266" lat="36.705847"><ele>15.0</ele></trkpt>
   <trkpt lon="-4.519091" lat="36.705850"><ele>15.0</ele></trkpt>
   <trkpt lon="-4.518939" lat="36.705855"><ele>15.0</ele></trkpt>
   <trkpt lon="-4.518855" lat="36.705839"><ele>15.0</ele></trkpt>
   <trkpt lon="-4.518724" lat="36.705847"><ele>14.9</ele></trkpt>
   <trkpt lon="-4.518609" lat="36.705889"><ele>15.0</ele></trkpt>
   <trkpt lon="-4.518476" lat="36.705908"><ele>14.7</ele></trkpt>
   <trkpt lon="-4.518316" lat="36.705908"><ele>14.2</ele></trkpt>
   <trkpt lon="-4.518208" lat="36.705893"><ele>14.0</ele></trkpt>
   <trkpt lon="-4.518090" lat="36.705859"><ele>14.0</ele></trkpt>
   <trkpt lon="-4.517986" lat="36.705857"><ele>14.0</ele></trkpt>
   <trkpt lon="-4.517608" lat="36.705802"><ele>14.0</ele></trkpt>
   <trkpt lon="-4.516972" lat="36.705784"><ele>14.0</ele></trkpt>
   <trkpt lon="-4.516440" lat="36.705827"><ele>14.0</ele></trkpt>
   <trkpt lon="-4.516252" lat="36.705861"><ele>14.0</ele></trkpt>
   <trkpt lon="-4.515340" lat="36.706026"><ele>14.3</ele></trkpt>
   <trkpt lon="-4.514757" lat="36.706150"><ele>18.8</ele></trkpt>
   <trkpt lon="-4.514625" lat="36.706172"><ele>20.7</ele></trkpt>
   <trkpt lon="-4.514308" lat="36.706204"><ele>22.3</ele></trkpt>
   <trkpt lon="-4.513950" lat="36.706240"><ele>18.7</ele></trkpt>
   <trkpt lon="-4.513121" lat="36.706311"><ele>14.0</ele></trkpt>
   <trkpt lon="-4.512906" lat="36.706322"><ele>14.0</ele></trkpt>
   <trkpt lon="-4.512725" lat="36.706292"><ele>14.0</ele></trkpt>
   <trkpt lon="-4.512578" lat="36.706222"><ele>13.9</ele></trkpt>
   <trkpt lon="-4.512521" lat="36.706183"><ele>13.8</ele></trkpt>
   <trkpt lon="-4.512446" lat="36.706091"><ele>13.6</ele></trkpt>
   <trkpt lon="-4.512342" lat="36.706019"><ele>13.5</ele></trkpt>
   <trkpt lon="-4.512218" lat="36.705972"><ele>13.7</ele></trkpt>
   <trkpt lon="-4.512088" lat="36.705954"><ele>14.0</ele></trkpt>
   <trkpt lon="-4.512011" lat="36.705960"><ele>14.0</ele></trkpt>
   <trkpt lon="-4.511957" lat="36.705964"><ele>14.0</ele></trkpt>
   <trkpt lon="-4.511835" lat="36.706001"><ele>14.0</ele></trkpt>
   <trkpt lon="-4.511729" lat="36.706062"><ele>14.0</ele></trkpt>
   <trkpt lon="-4.511630" lat="36.706165"><ele>14.3</ele></trkpt>
   <trkpt lon="-4.511589" lat="36.706248"><ele>14.5</ele></trkpt>
   <trkpt lon="-4.511412" lat="36.706367"><ele>14.6</ele></trkpt>
   <trkpt lon="-4.511252" lat="36.706408"><ele>14.3</ele></trkpt>
   <trkpt lon="-4.510998" lat="36.706426"><ele>13.9</ele></trkpt>
   <trkpt lon="-4.510263" lat="36.706459"><ele>13.9</ele></trkpt>
   <trkpt lon="-4.509562" lat="36.706447"><ele>14.6</ele></trkpt>
   <trkpt lon="-4.508923" lat="36.706378"><ele>17.0</ele></trkpt>
   <trkpt lon="-4.506451" lat="36.706103"><ele>18.1</ele></trkpt>
   <trkpt lon="-4.506242" lat="36.706106"><ele>17.6</ele></trkpt>
   <trkpt lon="-4.505939" lat="36.706110"><ele>17.6</ele></trkpt>
   <trkpt lon="-4.505848" lat="36.706115"><ele>17.6</ele></trkpt>
   <trkpt lon="-4.505546" lat="36.706145"><ele>17.6</ele></trkpt>
   <trkpt lon="-4.505364" lat="36.706179"><ele>17.1</ele></trkpt>
   <trkpt lon="-4.505239" lat="36.706210"><ele>16.9</ele></trkpt>
   <trkpt lon="-4.504952" lat="36.706293"><ele>16.4</ele></trkpt>
   <trkpt lon="-4.504818" lat="36.706334"><ele>16.5</ele></trkpt>
   <trkpt lon="-4.504758" lat="36.706352"><ele>16.5</ele></trkpt>
   <trkpt lon="-4.504497" lat="36.706441"><ele>16.6</ele></trkpt>
   <trkpt lon="-4.503517" lat="36.706757"><ele>17.0</ele></trkpt>
   <trkpt lon="-4.503175" lat="36.706841"><ele>17.0</ele></trkpt>
   <trkpt lon="-4.502535" lat="36.706937"><ele>17.0</ele></trkpt>
   <trkpt lon="-4.501909" lat="36.706988"><ele>16.2</ele></trkpt>
   <trkpt lon="-4.497535" lat="36.707407"><ele>16.6</ele></trkpt>
   <trkpt lon="-4.497278" lat="36.707364"><ele>16.3</ele></trkpt>
   <trkpt lon="-4.496914" lat="36.707398"><ele>16.4</ele></trkpt>
   <trkpt lon="-4.496530" lat="36.707400"><ele>16.4</ele></trkpt>
   <trkpt lon="-4.495881" lat="36.707459"><ele>16.6</ele></trkpt>
   <trkpt lon="-4.495417" lat="36.707504"><ele>16.7</ele></trkpt>
   <trkpt lon="-4.495026" lat="36.707551"><ele>16.8</ele></trkpt>
   <trkpt lon="-4.494694" lat="36.707619"><ele>16.2</ele></trkpt>
   <trkpt lon="-4.494598" lat="36.707631"><ele>16.5</ele></trkpt>
   <trkpt lon="-4.494365" lat="36.707711"><ele>17.6</ele></trkpt>
   <trkpt lon="-4.494143" lat="36.707730"><ele>18.3</ele></trkpt>
   <trkpt lon="-4.493905" lat="36.707696"><ele>19.3</ele></trkpt>
   <trkpt lon="-4.493711" lat="36.707685"><ele>20.8</ele></trkpt>
   <trkpt lon="-4.493607" lat="36.707620"><ele>21.3</ele></trkpt>
   <trkpt lon="-4.493346" lat="36.707621"><ele>22.8</ele></trkpt>
   <trkpt lon="-4.493094" lat="36.707637"><ele>23.6</ele></trkpt>
   <trkpt lon="-4.492870" lat="36.707663"><ele>24.1</ele></trkpt>
   <trkpt lon="-4.492792" lat="36.707635"><ele>24.4</ele></trkpt>
   <trkpt lon="-4.492764" lat="36.707645"><ele>24.5</ele></trkpt>
   <trkpt lon="-4.492703" lat="36.707681"><ele>24.6</ele></trkpt>
   <trkpt lon="-4.492654" lat="36.707730"><ele>24.6</ele></trkpt>
   <trkpt lon="-4.492624" lat="36.707768"><ele>24.6</ele></trkpt>
   <trkpt lon="-4.492567" lat="36.707822"><ele>24.6</ele></trkpt>
   <trkpt lon="-4.492467" lat="36.707868"><ele>24.7</ele></trkpt>
   <trkpt lon="-4.492361" lat="36.707902"><ele>24.9</ele></trkpt>
   <trkpt lon="-4.492364" lat="36.707926"><ele>24.9</ele></trkpt>
   <trkpt lon="-4.492381" lat="36.708069"><ele>24.4</ele></trkpt>
   <trkpt lon="-4.492389" lat="36.708132"><ele>24.2</ele></trkpt>
   <trkpt lon="-4.492238" lat="36.708135"><ele>24.6</ele></trkpt>
   <trkpt lon="-4.491329" lat="36.708236"><ele>27.1</ele></trkpt>
   <trkpt lon="-4.490983" lat="36.708252"><ele>28.1</ele></trkpt>
   <trkpt lon="-4.489727" lat="36.708400"><ele>32.5</ele></trkpt>
   <trkpt lon="-4.489446" lat="36.708421"><ele>33.3</ele></trkpt>
   <trkpt lon="-4.489241" lat="36.708426"><ele>33.9</ele></trkpt>
   <trkpt lon="-4.488964" lat="36.708421"><ele>35.5</ele></trkpt>
   <trkpt lon="-4.488979" lat="36.708433"><ele>35.4</ele></trkpt>
   <trkpt lon="-4.488888" lat="36.708478"><ele>36.0</ele></trkpt>
   <trkpt lon="-4.488754" lat="36.708474"><ele>37.1</ele></trkpt>
   <trkpt lon="-4.488749" lat="36.708461"><ele>37.1</ele></trkpt>
   <trkpt lon="-4.488728" lat="36.708424"><ele>37.3</ele></trkpt>
   <trkpt lon="-4.488449" lat="36.708391"><ele>39.8</ele></trkpt>
   <trkpt lon="-4.487707" lat="36.708264"><ele>44.2</ele></trkpt>
   <trkpt lon="-4.487374" lat="36.708213"><ele>46.2</ele></trkpt>
   <trkpt lon="-4.487152" lat="36.708191"><ele>46.9</ele></trkpt>
   <trkpt lon="-4.486865" lat="36.708184"><ele>47.8</ele></trkpt>
   <trkpt lon="-4.486636" lat="36.708186"><ele>48.9</ele></trkpt>
   <trkpt lon="-4.485866" lat="36.708226"><ele>49.5</ele></trkpt>
   <trkpt lon="-4.485805" lat="36.708243"><ele>49.8</ele></trkpt>
   <trkpt lon="-4.485731" lat="36.708289"><ele>50.2</ele></trkpt>
   <trkpt lon="-4.485660" lat="36.708378"><ele>50.8</ele></trkpt>
   <trkpt lon="-4.485605" lat="36.708407"><ele>51.2</ele></trkpt>
   <trkpt lon="-4.485457" lat="36.708461"><ele>52.0</ele></trkpt>
   <trkpt lon="-4.485403" lat="36.708469"><ele>52.3</ele></trkpt>
   <trkpt lon="-4.485234" lat="36.708432"><ele>52.5</ele></trkpt>
   <trkpt lon="-4.485109" lat="36.708367"><ele>52.5</ele></trkpt>
   <trkpt lon="-4.485052" lat="36.708311"><ele>52.5</ele></trkpt>
   <trkpt lon="-4.484975" lat="36.708267"><ele>52.8</ele></trkpt>
   <trkpt lon="-4.484848" lat="36.708252"><ele>53.7</ele></trkpt>
   <trkpt lon="-4.482689" lat="36.708385"><ele>47.9</ele></trkpt>
   <trkpt lon="-4.482565" lat="36.708420"><ele>47.5</ele></trkpt>
   <trkpt lon="-4.482508" lat="36.708462"><ele>47.3</ele></trkpt>
   <trkpt lon="-4.482433" lat="36.708551"><ele>47.1</ele></trkpt>
   <trkpt lon="-4.482358" lat="36.708603"><ele>46.9</ele></trkpt>
   <trkpt lon="-4.482298" lat="36.708625"><ele>46.7</ele></trkpt>
   <trkpt lon="-4.482232" lat="36.708633"><ele>46.5</ele></trkpt>
   <trkpt lon="-4.482115" lat="36.708648"><ele>46.3</ele></trkpt>
   <trkpt lon="-4.482060" lat="36.708649"><ele>46.2</ele></trkpt>
   <trkpt lon="-4.481941" lat="36.708589"><ele>45.8</ele></trkpt>
   <trkpt lon="-4.481874" lat="36.708546"><ele>45.6</ele></trkpt>
   <trkpt lon="-4.481809" lat="36.708478"><ele>45.4</ele></trkpt>
   <trkpt lon="-4.481793" lat="36.708461"><ele>45.4</ele></trkpt>
   <trkpt lon="-4.481620" lat="36.708456"><ele>44.6</ele></trkpt>
   <trkpt lon="-4.481626" lat="36.708386"><ele>44.6</ele></trkpt>
   <trkpt lon="-4.481634" lat="36.708293"><ele>44.5</ele></trkpt>
   <trkpt lon="-4.481529" lat="36.708291"><ele>43.9</ele></trkpt>
   <trkpt lon="-4.481073" lat="36.708236"><ele>43.3</ele></trkpt>
   <trkpt lon="-4.480640" lat="36.708151"><ele>42.2</ele></trkpt>
   <trkpt lon="-4.480493" lat="36.708042"><ele>41.7</ele></trkpt>
   <trkpt lon="-4.480354" lat="36.707993"><ele>41.0</ele></trkpt>
   <trkpt lon="-4.479864" lat="36.707891"><ele>39.9</ele></trkpt>
   <trkpt lon="-4.479644" lat="36.707845"><ele>39.7</ele></trkpt>
   <trkpt lon="-4.478988" lat="36.707720"><ele>39.0</ele></trkpt>
   <trkpt lon="-4.478657" lat="36.707674"><ele>38.0</ele></trkpt>
   <trkpt lon="-4.478256" lat="36.707641"><ele>35.2</ele></trkpt>
   <trkpt lon="-4.477223" lat="36.707631"><ele>35.1</ele></trkpt>
   <trkpt lon="-4.476869" lat="36.707609"><ele>34.8</ele></trkpt>
   <trkpt lon="-4.476546" lat="36.707570"><ele>34.0</ele></trkpt>
   <trkpt lon="-4.476205" lat="36.707514"><ele>34.0</ele></trkpt>
   <trkpt lon="-4.475464" lat="36.707362"><ele>32.7</ele></trkpt>
   <trkpt lon="-4.475227" lat="36.707313"><ele>32.0</ele></trkpt>
   <trkpt lon="-4.475150" lat="36.707297"><ele>31.8</ele></trkpt>
   <trkpt lon="-4.475165" lat="36.707234"><ele>31.8</ele></trkpt>
   <trkpt lon="-4.475202" lat="36.707153"><ele>31.9</ele></trkpt>
   <trkpt lon="-4.475456" lat="36.706723"><ele>31.4</ele></trkpt>
   <trkpt lon="-4.475831" lat="36.706131"><ele>31.0</ele></trkpt>
   <trkpt lon="-4.476255" lat="36.705434"><ele>29.6</ele></trkpt>
   <trkpt lon="-4.476362" lat="36.705260"><ele>29.4</ele></trkpt>
   <trkpt lon="-4.476418" lat="36.705157"><ele>29.6</ele></trkpt>
   <trkpt lon="-4.476504" lat="36.704953"><ele>29.9</ele></trkpt>
   <trkpt lon="-4.476589" lat="36.704678"><ele>30.0</ele></trkpt>
   <trkpt lon="-4.476645" lat="36.704340"><ele>30.6</ele></trkpt>
   <trkpt lon="-4.476632" lat="36.703994"><ele>31.1</ele></trkpt>
   <trkpt lon="-4.476620" lat="36.703851"><ele>31.1</ele></trkpt>
   <trkpt lon="-4.476511" lat="36.703853"><ele>31.0</ele></trkpt>
   <trkpt lon="-4.475624" lat="36.703881"><ele>29.1</ele></trkpt>
   <trkpt lon="-4.474731" lat="36.703910"><ele>28.6</ele></trkpt>
   <trkpt lon="-4.474657" lat="36.702601"><ele>27.0</ele></trkpt>
  </trkseg>
 </trk>
</gpx>
