<?xml version="1.0" encoding="UTF-8"?>
<!-- track-length = 98770 filtered ascend = 2039 plain-ascend = 1 cost=242388 energy=.8kwh time=7h 58m 49s -->
<gpx 
 xmlns="http://www.topografix.com/GPX/1/1" 
 xmlns:xsi="http://www.w3.org/2001/XMLSchema-instance" 
 xsi:schemaLocation="http://www.topografix.com/GPX/1/1 http://www.topografix.com/GPX/1/1/gpx.xsd" 
 creator="BRouter-1.7.10" version="1.1">
 <trk>
  <name>brouter_trekking_0</name>
  <trkseg>
   <trkpt lon="-4.474657" lat="36.702601"><ele>27.0</ele></trkpt>
   <trkpt lon="-4.474584" lat="36.701316"><ele>25.1</ele></trkpt>
   <trkpt lon="-4.473689" lat="36.701350"><ele>23.7</ele></trkpt>
   <trkpt lon="-4.473292" lat="36.701361"><ele>23.7</ele></trkpt>
   <trkpt lon="-4.472850" lat="36.701374"><ele>23.5</ele></trkpt>
   <trkpt lon="-4.472765" lat="36.701377"><ele>23.6</ele></trkpt>
   <trkpt lon="-4.472687" lat="36.701380"><ele>23.6</ele></trkpt>
   <trkpt lon="-4.472608" lat="36.701382"><ele>23.7</ele></trkpt>
   <trkpt lon="-4.472517" lat="36.701385"><ele>23.8</ele></trkpt>
   <trkpt lon="-4.471384" lat="36.701427"><ele>23.2</ele></trkpt>
   <trkpt lon="-4.471269" lat="36.701430"><ele>22.6</ele></trkpt>
   <trkpt lon="-4.470646" lat="36.701451"><ele>21.4</ele></trkpt>
   <trkpt lon="-4.470430" lat="36.701439"><ele>21.9</ele></trkpt>
   <trkpt lon="-4.469027" lat="36.701355"><ele>22.3</ele></trkpt>
   <trkpt lon="-4.468867" lat="36.701328"><ele>21.8</ele></trkpt>
   <trkpt lon="-4.468709" lat="36.701261"><ele>21.3</ele></trkpt>
   <trkpt lon="-4.468549" lat="36.701174"><ele>20.6</ele></trkpt>
   <trkpt lon="-4.468434" lat="36.701056"><ele>20.1</ele></trkpt>
   <trkpt lon="-4.468354" lat="36.700932"><ele>19.9</ele></trkpt>
   <trkpt lon="-4.468015" lat="36.700102"><ele>17.9</ele></trkpt>
   <trkpt lon="-4.467954" lat="36.699953"><ele>17.7</ele></trkpt>
   <trkpt lon="-4.467820" lat="36.699627"><ele>17.2</ele></trkpt>
   <trkpt lon="-4.467706" lat="36.699335"><ele>16.8</ele></trkpt>
   <trkpt lon="-4.467669" lat="36.699250"><ele>16.4</ele></trkpt>
   <trkpt lon="-4.467727" lat="36.699229"><ele>16.5</ele></trkpt>
   <trkpt lon="-4.467774" lat="36.699196"><ele>16.5</ele></trkpt>
   <trkpt lon="-4.467809" lat="36.699150"><ele>16.4</ele></trkpt>
   <trkpt lon="-4.467825" lat="36.699097"><ele>16.4</ele></trkpt>
   <trkpt lon="-4.467819" lat="36.699044"><ele>16.3</ele></trkpt>
   <trkpt lon="-4.467794" lat="36.698994"><ele>16.2</ele></trkpt>
   <trkpt lon="-4.467750" lat="36.698952"><ele>16.1</ele></trkpt>
   <trkpt lon="-4.467697" lat="36.698925"><ele>16.0</ele></trkpt>
   <trkpt lon="-4.467638" lat="36.698912"><ele>16.1</ele></trkpt>
   <trkpt lon="-4.467577" lat="36.698912"><ele>16.2</ele></trkpt>
   <trkpt lon="-4.467518" lat="36.698927"><ele>16.2</ele></trkpt>
   <trkpt lon="-4.467481" lat="36.698944"><ele>16.3</ele></trkpt>
   <trkpt lon="-4.467423" lat="36.698996"><ele>16.2</ele></trkpt>
   <trkpt lon="-4.467085" lat="36.699148"><ele>16.7</ele></trkpt>
   <trkpt lon="-4.466640" lat="36.699311"><ele>15.3</ele></trkpt>
   <trkpt lon="-4.466199" lat="36.699454"><ele>13.7</ele></trkpt>
   <trkpt lon="-4.464843" lat="36.699992"><ele>15.6</ele></trkpt>
   <trkpt lon="-4.463348" lat="36.700581"><ele>15.9</ele></trkpt>
   <trkpt lon="-4.463109" lat="36.700674"><ele>16.5</ele></trkpt>
   <trkpt lon="-4.462699" lat="36.700828"><ele>17.1</ele></trkpt>
   <trkpt lon="-4.462295" lat="36.701000"><ele>17.1</ele></trkpt>
   <trkpt lon="-4.462193" lat="36.701008"><ele>17.0</ele></trkpt>
   <trkpt lon="-4.462083" lat="36.700983"><ele>17.0</ele></trkpt>
   <trkpt lon="-4.461993" lat="36.700972"><ele>17.0</ele></trkpt>
   <trkpt lon="-4.461905" lat="36.700975"><ele>17.0</ele></trkpt>
   <trkpt lon="-4.461469" lat="36.701144"><ele>17.4</ele></trkpt>
   <trkpt lon="-4.461106" lat="36.701281"><ele>18.0</ele></trkpt>
   <trkpt lon="-4.460677" lat="36.701442"><ele>18.0</ele></trkpt>
   <trkpt lon="-4.460344" lat="36.701573"><ele>18.0</ele></trkpt>
   <trkpt lon="-4.459746" lat="36.701802"><ele>18.0</ele></trkpt>
   <trkpt lon="-4.459657" lat="36.701846"><ele>18.0</ele></trkpt>
   <trkpt lon="-4.459601" lat="36.701902"><ele>18.0</ele></trkpt>
   <trkpt lon="-4.459580" lat="36.701956"><ele>18.0</ele></trkpt>
   <trkpt lon="-4.459521" lat="36.702021"><ele>18.0</ele></trkpt>
   <trkpt lon="-4.459422" lat="36.702082"><ele>17.8</ele></trkpt>
   <trkpt lon="-4.458910" lat="36.702291"><ele>16.7</ele></trkpt>
   <trkpt lon="-4.458494" lat="36.702470"><ele>18.0</ele></trkpt>
   <trkpt lon="-4.457972" lat="36.702687"><ele>18.4</ele></trkpt>
   <trkpt lon="-4.457480" lat="36.702896"><ele>15.8</ele></trkpt>
   <trkpt lon="-4.457423" lat="36.702922"><ele>15.4</ele></trkpt>
   <trkpt lon="-4.457174" lat="36.703035"><ele>14.2</ele></trkpt>
   <trkpt lon="-4.457036" lat="36.703088"><ele>14.1</ele></trkpt>
   <trkpt lon="-4.456413" lat="36.703376"><ele>13.4</ele></trkpt>
   <trkpt lon="-4.456177" lat="36.703485"><ele>13.1</ele></trkpt>
   <trkpt lon="-4.456141" lat="36.703501"><ele>13.0</ele></trkpt>
   <trkpt lon="-4.454654" lat="36.704213"><ele>12.0</ele></trkpt>
   <trkpt lon="-4.454403" lat="36.704323"><ele>12.0</ele></trkpt>
   <trkpt lon="-4.454326" lat="36.704346"><ele>11.8</ele></trkpt>
   <trkpt lon="-4.454251" lat="36.704331"><ele>11.6</ele></trkpt>
   <trkpt lon="-4.454199" lat="36.704332"><ele>11.4</ele></trkpt>
   <trkpt lon="-4.454159" lat="36.704340"><ele>11.3</ele></trkpt>
   <trkpt lon="-4.454119" lat="36.704355"><ele>11.2</ele></trkpt>
   <trkpt lon="-4.454082" lat="36.704377"><ele>11.1</ele></trkpt>
   <trkpt lon="-4.454036" lat="36.704423"><ele>11.0</ele></trkpt>
   <trkpt lon="-4.454023" lat="36.704447"><ele>11.0</ele></trkpt>
   <trkpt lon="-4.453824" lat="36.704548"><ele>11.0</ele></trkpt>
   <trkpt lon="-4.453287" lat="36.704791"><ele>10.7</ele></trkpt>
   <trkpt lon="-4.452379" lat="36.705196"><ele>10.0</ele></trkpt>
   <trkpt lon="-4.452293" lat="36.705248"><ele>10.0</ele></trkpt>
   <trkpt lon="-4.452192" lat="36.705285"><ele>10.0</ele></trkpt>
   <trkpt lon="-4.452129" lat="36.705305"><ele>10.0</ele></trkpt>
   <trkpt lon="-4.452086" lat="36.705287"><ele>10.0</ele></trkpt>
   <trkpt lon="-4.452014" lat="36.705277"><ele>10.0</ele></trkpt>
   <trkpt lon="-4.451964" lat="36.705239"><ele>10.0</ele></trkpt>
   <trkpt lon="-4.451870" lat="36.705201"><ele>10.0</ele></trkpt>
   <trkpt lon="-4.451610" lat="36.704991"><ele>10.0</ele></trkpt>
   <trkpt lon="-4.451211" lat="36.704680"><ele>9.3</ele></trkpt>
   <trkpt lon="-4.450856" lat="36.704393"><ele>9.0</ele></trkpt>
   <trkpt lon="-4.450745" lat="36.704363"><ele>9.0</ele></trkpt>
   <trkpt lon="-4.450589" lat="36.704408"><ele>9.0</ele></trkpt>
   <trkpt lon="-4.448573" lat="36.705371"><ele>10.0</ele></trkpt>
   <trkpt lon="-4.447926" lat="36.705683"><ele>9.4</ele></trkpt>
   <trkpt lon="-4.447876" lat="36.705705"><ele>9.3</ele></trkpt>
   <trkpt lon="-4.447782" lat="36.705751"><ele>9.2</ele></trkpt>
   <trkpt lon="-4.447702" lat="36.705789"><ele>9.1</ele></trkpt>
   <trkpt lon="-4.447540" lat="36.705862"><ele>8.8</ele></trkpt>
   <trkpt lon="-4.447493" lat="36.705883"><ele>8.7</ele></trkpt>
   <trkpt lon="-4.444673" lat="36.707219"><ele>8.9</ele></trkpt>
   <trkpt lon="-4.443732" lat="36.707655"><ele>8.7</ele></trkpt>
   <trkpt lon="-4.443651" lat="36.707626"><ele>8.5</ele></trkpt>
   <trkpt lon="-4.443624" lat="36.707588"><ele>8.4</ele></trkpt>
   <trkpt lon="-4.443546" lat="36.707524"><ele>8.0</ele></trkpt>
   <trkpt lon="-4.443515" lat="36.707488"><ele>7.8</ele></trkpt>
   <trkpt lon="-4.443151" lat="36.706937"><ele>6.0</ele></trkpt>
   <trkpt lon="-4.443109" lat="36.706877"><ele>6.0</ele></trkpt>
   <trkpt lon="-4.443082" lat="36.706833"><ele>6.0</ele></trkpt>
   <trkpt lon="-4.443070" lat="36.706813"><ele>6.0</ele></trkpt>
   <trkpt lon="-4.442992" lat="36.706790"><ele>6.0</ele></trkpt>
   <trkpt lon="-4.442856" lat="36.706608"><ele>6.0</ele></trkpt>
   <trkpt lon="-4.441981" lat="36.705297"><ele>5.1</ele></trkpt>
   <trkpt lon="-4.441923" lat="36.705208"><ele>5.0</ele></trkpt>
   <trkpt lon="-4.441881" lat="36.705124"><ele>5.0</ele></trkpt>
   <trkpt lon="-4.441849" lat="36.705029"><ele>5.0</ele></trkpt>
   <trkpt lon="-4.441847" lat="36.704972"><ele>5.0</ele></trkpt>
   <trkpt lon="-4.441835" lat="36.704922"><ele>5.0</ele></trkpt>
   <trkpt lon="-4.441232" lat="36.704010"><ele>5.0</ele></trkpt>
   <trkpt lon="-4.441203" lat="36.703989"><ele>5.0</ele></trkpt>
   <trkpt lon="-4.441134" lat="36.703937"><ele>5.0</ele></trkpt>
   <trkpt lon="-4.441068" lat="36.703885"><ele>5.0</ele></trkpt>
   <trkpt lon="-4.441030" lat="36.703841"><ele>5.0</ele></trkpt>
   <trkpt lon="-4.440960" lat="36.703710"><ele>4.8</ele></trkpt>
   <trkpt lon="-4.440941" lat="36.703639"><ele>4.7</ele></trkpt>
   <trkpt lon="-4.440879" lat="36.703583"><ele>4.5</ele></trkpt>
   <trkpt lon="-4.440846" lat="36.703554"><ele>4.4</ele></trkpt>
   <trkpt lon="-4.440814" lat="36.703530"><ele>4.2</ele></trkpt>
   <trkpt lon="-4.440744" lat="36.703513"><ele>4.0</ele></trkpt>
   <trkpt lon="-4.440614" lat="36.703428"><ele>4.2</ele></trkpt>
   <trkpt lon="-4.440506" lat="36.703324"><ele>4.2</ele></trkpt>
   <trkpt lon="-4.440215" lat="36.703016"><ele>4.0</ele></trkpt>
   <trkpt lon="-4.440170" lat="36.702994"><ele>4.0</ele></trkpt>
   <trkpt lon="-4.440094" lat="36.702921"><ele>4.0</ele></trkpt>
   <trkpt lon="-4.439966" lat="36.702788"><ele>4.0</ele></trkpt>
   <trkpt lon="-4.439914" lat="36.702733"><ele>4.0</ele></trkpt>
   <trkpt lon="-4.439861" lat="36.702656"><ele>4.0</ele></trkpt>
   <trkpt lon="-4.439104" lat="36.701895"><ele>4.0</ele></trkpt>
   <trkpt lon="-4.438981" lat="36.701783"><ele>4.0</ele></trkpt>
   <trkpt lon="-4.438926" lat="36.701719"><ele>4.0</ele></trkpt>
   <trkpt lon="-4.438801" lat="36.701606"><ele>4.0</ele></trkpt>
   <trkpt lon="-4.438737" lat="36.701527"><ele>4.0</ele></trkpt>
   <trkpt lon="-4.438681" lat="36.701459"><ele>3.9</ele></trkpt>
   <trkpt lon="-4.438473" lat="36.701357"><ele>3.2</ele></trkpt>
   <trkpt lon="-4.437773" lat="36.701024"><ele>3.0</ele></trkpt>
   <trkpt lon="-4.436962" lat="36.700648"><ele>3.0</ele></trkpt>
   <trkpt lon="-4.436394" lat="36.700378"><ele>3.0</ele></trkpt>
   <trkpt lon="-4.436297" lat="36.700371"><ele>3.0</ele></trkpt>
   <trkpt lon="-4.436250" lat="36.700475"><ele>3.0</ele></trkpt>
   <trkpt lon="-4.436220" lat="36.700534"><ele>3.0</ele></trkpt>
   <trkpt lon="-4.436136" lat="36.700542"><ele>3.0</ele></trkpt>
   <trkpt lon="-4.436055" lat="36.700575"><ele>3.0</ele></trkpt>
   <trkpt lon="-4.435997" lat="36.700612"><ele>3.0</ele></trkpt>
   <trkpt lon="-4.435913" lat="36.700598"><ele>3.0</ele></trkpt>
   <trkpt lon="-4.435868" lat="36.700589"><ele>3.0</ele></trkpt>
   <trkpt lon="-4.435736" lat="36.700586"><ele>3.0</ele></trkpt>
   <trkpt lon="-4.435664" lat="36.700624"><ele>3.0</ele></trkpt>
   <trkpt lon="-4.435628" lat="36.700598"><ele>3.0</ele></trkpt>
   <trkpt lon="-4.435540" lat="36.700537"><ele>3.0</ele></trkpt>
   <trkpt lon="-4.435494" lat="36.700507"><ele>3.0</ele></trkpt>
   <trkpt lon="-4.435469" lat="36.700491"><ele>3.0</ele></trkpt>
   <trkpt lon="-4.435459" lat="36.700522"><ele>3.0</ele></trkpt>
   <trkpt lon="-4.435240" lat="36.700706"><ele>2.8</ele></trkpt>
   <trkpt lon="-4.434644" lat="36.701180"><ele>2.1</ele></trkpt>
   <trkpt lon="-4.433970" lat="36.701739"><ele>1.1</ele></trkpt>
   <trkpt lon="-4.433812" lat="36.701798"><ele>1.0</ele></trkpt>
   <trkpt lon="-4.433744" lat="36.701887"><ele>1.2</ele></trkpt>
   <trkpt lon="-4.433689" lat="36.701977"><ele>1.3</ele></trkpt>
   <trkpt lon="-4.433264" lat="36.702565"><ele>1.3</ele></trkpt>
   <trkpt lon="-4.433251" lat="36.702584"><ele>1.3</ele></trkpt>
   <trkpt lon="-4.433266" lat="36.702625"><ele>1.5</ele></trkpt>
   <trkpt lon="-4.433307" lat="36.702646"><ele>1.7</ele></trkpt>
   <trkpt lon="-4.433385" lat="36.702686"><ele>2.0</ele></trkpt>
   <trkpt lon="-4.433503" lat="36.702757"><ele>2.6</ele></trkpt>
   <trkpt lon="-4.433539" lat="36.702782"><ele>2.8</ele></trkpt>
   <trkpt lon="-4.433478" lat="36.702877"><ele>2.8</ele></trkpt>
   <trkpt lon="-4.433462" lat="36.702920"><ele>2.8</ele></trkpt>
   <trkpt lon="-4.433438" lat="36.702947"><ele>2.7</ele></trkpt>
   <trkpt lon="-4.433348" lat="36.703073"><ele>2.8</ele></trkpt>
   <trkpt lon="-4.433287" lat="36.703148"><ele>3.0</ele></trkpt>
   <trkpt lon="-4.433140" lat="36.703346"><ele>2.9</ele></trkpt>
   <trkpt lon="-4.433108" lat="36.703440"><ele>2.9</ele></trkpt>
   <trkpt lon="-4.433083" lat="36.703482"><ele>3.0</ele></trkpt>
   <trkpt lon="-4.432939" lat="36.703673"><ele>3.0</ele></trkpt>
   <trkpt lon="-4.432851" lat="36.703773"><ele>3.0</ele></trkpt>
   <trkpt lon="-4.432294" lat="36.704501"><ele>2.9</ele></trkpt>
   <trkpt lon="-4.432228" lat="36.704625"><ele>3.0</ele></trkpt>
   <trkpt lon="-4.432199" lat="36.704682"><ele>3.0</ele></trkpt>
   <trkpt lon="-4.432191" lat="36.704775"><ele>3.0</ele></trkpt>
   <trkpt lon="-4.432175" lat="36.704819"><ele>3.0</ele></trkpt>
   <trkpt lon="-4.432126" lat="36.704876"><ele>3.0</ele></trkpt>
   <trkpt lon="-4.431942" lat="36.705098"><ele>3.0</ele></trkpt>
   <trkpt lon="-4.431799" lat="36.705262"><ele>3.0</ele></trkpt>
   <trkpt lon="-4.431771" lat="36.705305"><ele>3.0</ele></trkpt>
   <trkpt lon="-4.431607" lat="36.705518"><ele>3.0</ele></trkpt>
   <trkpt lon="-4.431502" lat="36.705597"><ele>3.0</ele></trkpt>
   <trkpt lon="-4.431400" lat="36.705697"><ele>3.0</ele></trkpt>
   <trkpt lon="-4.431362" lat="36.705748"><ele>3.0</ele></trkpt>
   <trkpt lon="-4.430959" lat="36.706293"><ele>3.0</ele></trkpt>
   <trkpt lon="-4.430890" lat="36.706356"><ele>3.0</ele></trkpt>
   <trkpt lon="-4.430882" lat="36.706363"><ele>3.0</ele></trkpt>
   <trkpt lon="-4.430827" lat="36.706416"><ele>3.0</ele></trkpt>
   <trkpt lon="-4.430772" lat="36.706461"><ele>3.0</ele></trkpt>
   <trkpt lon="-4.430671" lat="36.706525"><ele>3.0</ele></trkpt>
   <trkpt lon="-4.430644" lat="36.706527"><ele>3.0</ele></trkpt>
   <trkpt lon="-4.430019" lat="36.707243"><ele>3.0</ele></trkpt>
   <trkpt lon="-4.429449" lat="36.707895"><ele>3.0</ele></trkpt>
   <trkpt lon="-4.429416" lat="36.707933"><ele>3.0</ele></trkpt>
   <trkpt lon="-4.429366" lat="36.707972"><ele>3.0</ele></trkpt>
   <trkpt lon="-4.429328" lat="36.708017"><ele>3.0</ele></trkpt>
   <trkpt lon="-4.429279" lat="36.708074"><ele>3.0</ele></trkpt>
   <trkpt lon="-4.429257" lat="36.708118"><ele>3.0</ele></trkpt>
   <trkpt lon="-4.429169" lat="36.708206"><ele>3.0</ele></trkpt>
   <trkpt lon="-4.428984" lat="36.708359"><ele>3.0</ele></trkpt>
   <trkpt lon="-4.428873" lat="36.708479"><ele>3.0</ele></trkpt>
   <trkpt lon="-4.428795" lat="36.708609"><ele>3.0</ele></trkpt>
   <trkpt lon="-4.428596" lat="36.708837"><ele>3.0</ele></trkpt>
   <trkpt lon="-4.428524" lat="36.708887"><ele>3.0</ele></trkpt>
   <trkpt lon="-4.428135" lat="36.709336"><ele>3.0</ele></trkpt>
   <trkpt lon="-4.428088" lat="36.709318"><ele>3.0</ele></trkpt>
   <trkpt lon="-4.428025" lat="36.709289"><ele>3.0</ele></trkpt>
   <trkpt lon="-4.428009" lat="36.709281"><ele>3.0</ele></trkpt>
   <trkpt lon="-4.427902" lat="36.709225"><ele>3.0</ele></trkpt>
   <trkpt lon="-4.427855" lat="36.709194"><ele>3.0</ele></trkpt>
   <trkpt lon="-4.427832" lat="36.709220"><ele>3.0</ele></trkpt>
   <trkpt lon="-4.427653" lat="36.709414"><ele>3.0</ele></trkpt>
   <trkpt lon="-4.427611" lat="36.709437"><ele>3.0</ele></trkpt>
   <trkpt lon="-4.427578" lat="36.709471"><ele>3.0</ele></trkpt>
   <trkpt lon="-4.427538" lat="36.709526"><ele>3.0</ele></trkpt>
   <trkpt lon="-4.427515" lat="36.709573"><ele>3.0</ele></trkpt>
   <trkpt lon="-4.427300" lat="36.709830"><ele>3.4</ele></trkpt>
   <trkpt lon="-4.427279" lat="36.709853"><ele>3.5</ele></trkpt>
   <trkpt lon="-4.426947" lat="36.710218"><ele>3.2</ele></trkpt>
   <trkpt lon="-4.426317" lat="36.710836"><ele>1.6</ele></trkpt>
   <trkpt lon="-4.426220" lat="36.710933"><ele>1.9</ele></trkpt>
   <trkpt lon="-4.426034" lat="36.711121"><ele>2.4</ele></trkpt>
   <trkpt lon="-4.425661" lat="36.711502"><ele>3.3</ele></trkpt>
   <trkpt lon="-4.425269" lat="36.711896"><ele>3.0</ele></trkpt>
   <trkpt lon="-4.425173" lat="36.711985"><ele>3.0</ele></trkpt>
   <trkpt lon="-4.425083" lat="36.712073"><ele>3.0</ele></trkpt>
   <trkpt lon="-4.424154" lat="36.713014"><ele>2.9</ele></trkpt>
   <trkpt lon="-4.424075" lat="36.713086"><ele>3.0</ele></trkpt>
   <trkpt lon="-4.423784" lat="36.713375"><ele>3.0</ele></trkpt>
   <trkpt lon="-4.423744" lat="36.713414"><ele>3.0</ele></trkpt>
   <trkpt lon="-4.421933" lat="36.715266"><ele>2.9</ele></trkpt>
   <trkpt lon="-4.421903" lat="36.715296"><ele>2.9</ele></trkpt>
   <trkpt lon="-4.421642" lat="36.715567"><ele>3.3</ele></trkpt>
   <trkpt lon="-4.421619" lat="36.715592"><ele>3.4</ele></trkpt>
   <trkpt lon="-4.421383" lat="36.715830"><ele>3.2</ele></trkpt>
   <trkpt lon="-4.420954" lat="36.716268"><ele>3.0</ele></trkpt>
   <trkpt lon="-4.420833" lat="36.716391"><ele>2.7</ele></trkpt>
   <trkpt lon="-4.420608" lat="36.716646"><ele>2.5</ele></trkpt>
   <trkpt lon="-4.420537" lat="36.716722"><ele>2.6</ele></trkpt>
   <trkpt lon="-4.420330" lat="36.716967"><ele>2.2</ele></trkpt>
   <trkpt lon="-4.420235" lat="36.717070"><ele>2.0</ele></trkpt>
   <trkpt lon="-4.419834" lat="36.717486"><ele>2.0</ele></trkpt>
   <trkpt lon="-4.419702" lat="36.717581"><ele>2.2</ele></trkpt>
   <trkpt lon="-4.419608" lat="36.717628"><ele>2.4</ele></trkpt>
   <trkpt lon="-4.419495" lat="36.717659"><ele>2.5</ele></trkpt>
   <trkpt lon="-4.415533" lat="36.718746"><ele>3.0</ele></trkpt>
   <trkpt lon="-4.415435" lat="36.718773"><ele>3.0</ele></trkpt>
   <trkpt lon="-4.414277" lat="36.719091"><ele>2.5</ele></trkpt>
   <trkpt lon="-4.412948" lat="36.719455"><ele>5.0</ele></trkpt>
   <trkpt lon="-4.412573" lat="36.719558"><ele>5.5</ele></trkpt>
   <trkpt lon="-4.412331" lat="36.719626"><ele>5.0</ele></trkpt>
   <trkpt lon="-4.412204" lat="36.719652"><ele>4.8</ele></trkpt>
   <trkpt lon="-4.411932" lat="36.719656"><ele>4.9</ele></trkpt>
   <trkpt lon="-4.411775" lat="36.719645"><ele>5.2</ele></trkpt>
   <trkpt lon="-4.411681" lat="36.719616"><ele>5.3</ele></trkpt>
   <trkpt lon="-4.411565" lat="36.719566"><ele>5.5</ele></trkpt>
   <trkpt lon="-4.411420" lat="36.719449"><ele>5.6</ele></trkpt>
   <trkpt lon="-4.411243" lat="36.719307"><ele>5.2</ele></trkpt>
   <trkpt lon="-4.411114" lat="36.719229"><ele>5.0</ele></trkpt>
   <trkpt lon="-4.410986" lat="36.719128"><ele>4.8</ele></trkpt>
   <trkpt lon="-4.410591" lat="36.718772"><ele>4.0</ele></trkpt>
   <trkpt lon="-4.410546" lat="36.718732"><ele>4.0</ele></trkpt>
   <trkpt lon="-4.410264" lat="36.718500"><ele>4.0</ele></trkpt>
   <trkpt lon="-4.410218" lat="36.718470"><ele>4.1</ele></trkpt>
   <trkpt lon="-4.410200" lat="36.718406"><ele>4.2</ele></trkpt>
   <trkpt lon="-4.409998" lat="36.718305"><ele>4.7</ele></trkpt>
   <trkpt lon="-4.409790" lat="36.718246"><ele>4.8</ele></trkpt>
   <trkpt lon="-4.409732" lat="36.718236"><ele>4.9</ele></trkpt>
   <trkpt lon="-4.409458" lat="36.718207"><ele>4.3</ele></trkpt>
   <trkpt lon="-4.409402" lat="36.718209"><ele>4.2</ele></trkpt>
   <trkpt lon="-4.409376" lat="36.718210"><ele>4.1</ele></trkpt>
   <trkpt lon="-4.409372" lat="36.718192"><ele>4.1</ele></trkpt>
   <trkpt lon="-4.409365" lat="36.718160"><ele>3.9</ele></trkpt>
   <trkpt lon="-4.409304" lat="36.718158"><ele>3.6</ele></trkpt>
   <trkpt lon="-4.409090" lat="36.718175"><ele>2.5</ele></trkpt>
   <trkpt lon="-4.408963" lat="36.718208"><ele>2.0</ele></trkpt>
   <trkpt lon="-4.408808" lat="36.718271"><ele>1.9</ele></trkpt>
   <trkpt lon="-4.408706" lat="36.718326"><ele>1.9</ele></trkpt>
   <trkpt lon="-4.407728" lat="36.718961"><ele>1.8</ele></trkpt>
   <trkpt lon="-4.407453" lat="36.719133"><ele>1.8</ele></trkpt>
   <trkpt lon="-4.407120" lat="36.719326"><ele>1.8</ele></trkpt>
   <trkpt lon="-4.405690" lat="36.719958"><ele>2.3</ele></trkpt>
   <trkpt lon="-4.405215" lat="36.720120"><ele>2.3</ele></trkpt>
   <trkpt lon="-4.404573" lat="36.720277"><ele>3.1</ele></trkpt>
   <trkpt lon="-4.404090" lat="36.720338"><ele>2.6</ele></trkpt>
   <trkpt lon="-4.403131" lat="36.720396"><ele>3.3</ele></trkpt>
   <trkpt lon="-4.402832" lat="36.720460"><ele>2.6</ele></trkpt>
   <trkpt lon="-4.402619" lat="36.720526"><ele>2.8</ele></trkpt>
   <trkpt lon="-4.400704" lat="36.721199"><ele>2.5</ele></trkpt>
   <trkpt lon="-4.400362" lat="36.721304"><ele>2.1</ele></trkpt>
   <trkpt lon="-4.399431" lat="36.721564"><ele>2.0</ele></trkpt>
   <trkpt lon="-4.399150" lat="36.721639"><ele>2.2</ele></trkpt>
   <trkpt lon="-4.398135" lat="36.721902"><ele>2.2</ele></trkpt>
   <trkpt lon="-4.397479" lat="36.722090"><ele>3.0</ele></trkpt>
   <trkpt lon="-4.397291" lat="36.722146"><ele>2.7</ele></trkpt>
   <trkpt lon="-4.396780" lat="36.722297"><ele>1.3</ele></trkpt>
   <trkpt lon="-4.396377" lat="36.722444"><ele>3.0</ele></trkpt>
   <trkpt lon="-4.395734" lat="36.722685"><ele>2.5</ele></trkpt>
   <trkpt lon="-4.395133" lat="36.722882"><ele>2.8</ele></trkpt>
   <trkpt lon="-4.394901" lat="36.722933"><ele>2.9</ele></trkpt>
   <trkpt lon="-4.394730" lat="36.722957"><ele>3.0</ele></trkpt>
   <trkpt lon="-4.394524" lat="36.722973"><ele>3.0</ele></trkpt>
   <trkpt lon="-4.393583" lat="36.722976"><ele>3.2</ele></trkpt>
   <trkpt lon="-4.393248" lat="36.722965"><ele>4.0</ele></trkpt>
   <trkpt lon="-4.392918" lat="36.722910"><ele>4.0</ele></trkpt>
   <trkpt lon="-4.392698" lat="36.722838"><ele>4.4</ele></trkpt>
   <trkpt lon="-4.391986" lat="36.722543"><ele>4.9</ele></trkpt>
   <trkpt lon="-4.391761" lat="36.722475"><ele>5.0</ele></trkpt>
   <trkpt lon="-4.391538" lat="36.722432"><ele>5.2</ele></trkpt>
   <trkpt lon="-4.388241" lat="36.722174"><ele>3.8</ele></trkpt>
   <trkpt lon="-4.387993" lat="36.722142"><ele>4.5</ele></trkpt>
   <trkpt lon="-4.387857" lat="36.722138"><ele>4.9</ele></trkpt>
   <trkpt lon="-4.387703" lat="36.722090"><ele>4.6</ele></trkpt>
   <trkpt lon="-4.387523" lat="36.722020"><ele>3.7</ele></trkpt>
   <trkpt lon="-4.386922" lat="36.721735"><ele>5.4</ele></trkpt>
   <trkpt lon="-4.386276" lat="36.721443"><ele>4.3</ele></trkpt>
   <trkpt lon="-4.386116" lat="36.721393"><ele>3.6</ele></trkpt>
   <trkpt lon="-4.385952" lat="36.721354"><ele>3.8</ele></trkpt>
   <trkpt lon="-4.385747" lat="36.721332"><ele>6.0</ele></trkpt>
   <trkpt lon="-4.385567" lat="36.721322"><ele>6.0</ele></trkpt>
   <trkpt lon="-4.383531" lat="36.721457"><ele>3.0</ele></trkpt>
   <trkpt lon="-4.383274" lat="36.721466"><ele>3.0</ele></trkpt>
   <trkpt lon="-4.382237" lat="36.721439"><ele>3.1</ele></trkpt>
   <trkpt lon="-4.381027" lat="36.721398"><ele>2.8</ele></trkpt>
   <trkpt lon="-4.380493" lat="36.721388"><ele>2.8</ele></trkpt>
   <trkpt lon="-4.380446" lat="36.721433"><ele>3.0</ele></trkpt>
   <trkpt lon="-4.380004" lat="36.721428"><ele>3.0</ele></trkpt>
   <trkpt lon="-4.379725" lat="36.721433"><ele>3.0</ele></trkpt>
   <trkpt lon="-4.379708" lat="36.721434"><ele>3.0</ele></trkpt>
   <trkpt lon="-4.379656" lat="36.721438"><ele>3.1</ele></trkpt>
   <trkpt lon="-4.378990" lat="36.721486"><ele>2.7</ele></trkpt>
   <trkpt lon="-4.378932" lat="36.721489"><ele>2.7</ele></trkpt>
   <trkpt lon="-4.378638" lat="36.721509"><ele>2.7</ele></trkpt>
   <trkpt lon="-4.378530" lat="36.721517"><ele>2.8</ele></trkpt>
   <trkpt lon="-4.378363" lat="36.721529"><ele>2.8</ele></trkpt>
   <trkpt lon="-4.378211" lat="36.721535"><ele>2.9</ele></trkpt>
   <trkpt lon="-4.377562" lat="36.721571"><ele>3.0</ele></trkpt>
   <trkpt lon="-4.377008" lat="36.721582"><ele>2.9</ele></trkpt>
   <trkpt lon="-4.376873" lat="36.721585"><ele>3.0</ele></trkpt>
   <trkpt lon="-4.376433" lat="36.721588"><ele>3.0</ele></trkpt>
   <trkpt lon="-4.375961" lat="36.721578"><ele>3.0</ele></trkpt>
   <trkpt lon="-4.375794" lat="36.721574"><ele>3.2</ele></trkpt>
   <trkpt lon="-4.375612" lat="36.721571"><ele>3.7</ele></trkpt>
   <trkpt lon="-4.375312" lat="36.721551"><ele>3.1</ele></trkpt>
   <trkpt lon="-4.375176" lat="36.721542"><ele>2.8</ele></trkpt>
   <trkpt lon="-4.374831" lat="36.721524"><ele>2.8</ele></trkpt>
   <trkpt lon="-4.374755" lat="36.721519"><ele>2.8</ele></trkpt>
   <trkpt lon="-4.374709" lat="36.721516"><ele>2.8</ele></trkpt>
   <trkpt lon="-4.374706" lat="36.721573"><ele>2.9</ele></trkpt>
   <trkpt lon="-4.374581" lat="36.721838"><ele>3.7</ele></trkpt>
   <trkpt lon="-4.374481" lat="36.722045"><ele>4.3</ele></trkpt>
   <trkpt lon="-4.374399" lat="36.722210"><ele>4.5</ele></trkpt>
   <trkpt lon="-4.374344" lat="36.722326"><ele>4.6</ele></trkpt>
   <trkpt lon="-4.374311" lat="36.722393"><ele>4.7</ele></trkpt>
   <trkpt lon="-4.373838" lat="36.722396"><ele>4.3</ele></trkpt>
   <trkpt lon="-4.373518" lat="36.722398"><ele>4.3</ele></trkpt>
   <trkpt lon="-4.373486" lat="36.722398"><ele>4.3</ele></trkpt>
   <trkpt lon="-4.373438" lat="36.722399"><ele>4.3</ele></trkpt>
   <trkpt lon="-4.373234" lat="36.722400"><ele>4.3</ele></trkpt>
   <trkpt lon="-4.372548" lat="36.722404"><ele>4.4</ele></trkpt>
   <trkpt lon="-4.372513" lat="36.722405"><ele>4.4</ele></trkpt>
   <trkpt lon="-4.372321" lat="36.722405"><ele>4.4</ele></trkpt>
   <trkpt lon="-4.371736" lat="36.722406"><ele>4.4</ele></trkpt>
   <trkpt lon="-4.371611" lat="36.722406"><ele>4.4</ele></trkpt>
   <trkpt lon="-4.371253" lat="36.722406"><ele>4.4</ele></trkpt>
   <trkpt lon="-4.371066" lat="36.722406"><ele>4.4</ele></trkpt>
   <trkpt lon="-4.370514" lat="36.722407"><ele>4.8</ele></trkpt>
   <trkpt lon="-4.370220" lat="36.722406"><ele>5.2</ele></trkpt>
   <trkpt lon="-4.370096" lat="36.722405"><ele>5.3</ele></trkpt>
   <trkpt lon="-4.369973" lat="36.722404"><ele>5.7</ele></trkpt>
   <trkpt lon="-4.369888" lat="36.722404"><ele>5.9</ele></trkpt>
   <trkpt lon="-4.369673" lat="36.722401"><ele>6.6</ele></trkpt>
   <trkpt lon="-4.369316" lat="36.722403"><ele>7.4</ele></trkpt>
   <trkpt lon="-4.368271" lat="36.722402"><ele>9.1</ele></trkpt>
   <trkpt lon="-4.368092" lat="36.722403"><ele>9.3</ele></trkpt>
   <trkpt lon="-4.367922" lat="36.722404"><ele>9.5</ele></trkpt>
   <trkpt lon="-4.367821" lat="36.722405"><ele>9.6</ele></trkpt>
   <trkpt lon="-4.367536" lat="36.722408"><ele>10.0</ele></trkpt>
   <trkpt lon="-4.367488" lat="36.722404"><ele>10.1</ele></trkpt>
   <trkpt lon="-4.367302" lat="36.722392"><ele>10.4</ele></trkpt>
   <trkpt lon="-4.367072" lat="36.722376"><ele>10.9</ele></trkpt>
   <trkpt lon="-4.366850" lat="36.722349"><ele>10.6</ele></trkpt>
   <trkpt lon="-4.366436" lat="36.722291"><ele>10.0</ele></trkpt>
   <trkpt lon="-4.366320" lat="36.722275"><ele>10.0</ele></trkpt>
   <trkpt lon="-4.366272" lat="36.722268"><ele>10.1</ele></trkpt>
   <trkpt lon="-4.366255" lat="36.722265"><ele>10.1</ele></trkpt>
   <trkpt lon="-4.365918" lat="36.722219"><ele>10.6</ele></trkpt>
   <trkpt lon="-4.365870" lat="36.722211"><ele>10.5</ele></trkpt>
   <trkpt lon="-4.365856" lat="36.722208"><ele>10.5</ele></trkpt>
   <trkpt lon="-4.365375" lat="36.722127"><ele>9.6</ele></trkpt>
   <trkpt lon="-4.365269" lat="36.722109"><ele>9.4</ele></trkpt>
   <trkpt lon="-4.364970" lat="36.722053"><ele>8.7</ele></trkpt>
   <trkpt lon="-4.364854" lat="36.722031"><ele>8.4</ele></trkpt>
   <trkpt lon="-4.364287" lat="36.721906"><ele>7.8</ele></trkpt>
   <trkpt lon="-4.364157" lat="36.721875"><ele>7.6</ele></trkpt>
   <trkpt lon="-4.363803" lat="36.721777"><ele>7.0</ele></trkpt>
   <trkpt lon="-4.363062" lat="36.721510"><ele>7.1</ele></trkpt>
   <trkpt lon="-4.362934" lat="36.721464"><ele>7.2</ele></trkpt>
   <trkpt lon="-4.362425" lat="36.721300"><ele>6.3</ele></trkpt>
   <trkpt lon="-4.361929" lat="36.721190"><ele>6.5</ele></trkpt>
   <trkpt lon="-4.361526" lat="36.721151"><ele>6.4</ele></trkpt>
   <trkpt lon="-4.361426" lat="36.721147"><ele>6.3</ele></trkpt>
   <trkpt lon="-4.361329" lat="36.721143"><ele>6.3</ele></trkpt>
   <trkpt lon="-4.361215" lat="36.721137"><ele>6.3</ele></trkpt>
   <trkpt lon="-4.360874" lat="36.721127"><ele>5.6</ele></trkpt>
   <trkpt lon="-4.360819" lat="36.721125"><ele>5.8</ele></trkpt>
   <trkpt lon="-4.360466" lat="36.721117"><ele>6.6</ele></trkpt>
   <trkpt lon="-4.360276" lat="36.721111"><ele>6.6</ele></trkpt>
   <trkpt lon="-4.360079" lat="36.721101"><ele>6.2</ele></trkpt>
   <trkpt lon="-4.359935" lat="36.721091"><ele>5.8</ele></trkpt>
   <trkpt lon="-4.359200" lat="36.721018"><ele>5.3</ele></trkpt>
   <trkpt lon="-4.359046" lat="36.721001"><ele>5.2</ele></trkpt>
   <trkpt lon="-4.358296" lat="36.720916"><ele>5.0</ele></trkpt>
   <trkpt lon="-4.358077" lat="36.720899"><ele>5.0</ele></trkpt>
   <trkpt lon="-4.358010" lat="36.720892"><ele>5.0</ele></trkpt>
   <trkpt lon="-4.357628" lat="36.720853"><ele>5.0</ele></trkpt>
   <trkpt lon="-4.357283" lat="36.720818"><ele>5.4</ele></trkpt>
   <trkpt lon="-4.357302" lat="36.720751"><ele>5.2</ele></trkpt>
   <trkpt lon="-4.357385" lat="36.720459"><ele>4.7</ele></trkpt>
   <trkpt lon="-4.357440" lat="36.720266"><ele>4.1</ele></trkpt>
   <trkpt lon="-4.357463" lat="36.720196"><ele>3.9</ele></trkpt>
   <trkpt lon="-4.357575" lat="36.719832"><ele>3.3</ele></trkpt>
   <trkpt lon="-4.357592" lat="36.719783"><ele>3.3</ele></trkpt>
   <trkpt lon="-4.357651" lat="36.719583"><ele>3.0</ele></trkpt>
   <trkpt lon="-4.357704" lat="36.719407"><ele>2.7</ele></trkpt>
   <trkpt lon="-4.357786" lat="36.719135"><ele>2.0</ele></trkpt>
   <trkpt lon="-4.357612" lat="36.719110"><ele>2.4</ele></trkpt>
   <trkpt lon="-4.357173" lat="36.719045"><ele>2.5</ele></trkpt>
   <trkpt lon="-4.356912" lat="36.719005"><ele>2.4</ele></trkpt>
   <trkpt lon="-4.356876" lat="36.719000"><ele>2.4</ele></trkpt>
   <trkpt lon="-4.356793" lat="36.718984"><ele>2.3</ele></trkpt>
   <trkpt lon="-4.356532" lat="36.718933"><ele>2.8</ele></trkpt>
   <trkpt lon="-4.356374" lat="36.718902"><ele>3.0</ele></trkpt>
   <trkpt lon="-4.356196" lat="36.718861"><ele>3.0</ele></trkpt>
   <trkpt lon="-4.356113" lat="36.718841"><ele>2.9</ele></trkpt>
   <trkpt lon="-4.355893" lat="36.718787"><ele>2.8</ele></trkpt>
   <trkpt lon="-4.355790" lat="36.718762"><ele>2.7</ele></trkpt>
   <trkpt lon="-4.355668" lat="36.718724"><ele>2.7</ele></trkpt>
   <trkpt lon="-4.355281" lat="36.718606"><ele>2.9</ele></trkpt>
   <trkpt lon="-4.355223" lat="36.718589"><ele>2.9</ele></trkpt>
   <trkpt lon="-4.354741" lat="36.718443"><ele>2.8</ele></trkpt>
   <trkpt lon="-4.354454" lat="36.718359"><ele>2.9</ele></trkpt>
   <trkpt lon="-4.354258" lat="36.718301"><ele>2.9</ele></trkpt>
   <trkpt lon="-4.354230" lat="36.718378"><ele>3.3</ele></trkpt>
   <trkpt lon="-4.354092" lat="36.718756"><ele>4.0</ele></trkpt>
   <trkpt lon="-4.354002" lat="36.719063"><ele>5.2</ele></trkpt>
   <trkpt lon="-4.353993" lat="36.719094"><ele>5.4</ele></trkpt>
   <trkpt lon="-4.353981" lat="36.719169"><ele>5.8</ele></trkpt>
   <trkpt lon="-4.353971" lat="36.719226"><ele>6.0</ele></trkpt>
   <trkpt lon="-4.353958" lat="36.719272"><ele>6.2</ele></trkpt>
   <trkpt lon="-4.353876" lat="36.719542"><ele>7.0</ele></trkpt>
   <trkpt lon="-4.353808" lat="36.719798"><ele>7.5</ele></trkpt>
   <trkpt lon="-4.353692" lat="36.719858"><ele>7.9</ele></trkpt>
   <trkpt lon="-4.353537" lat="36.719951"><ele>8.1</ele></trkpt>
   <trkpt lon="-4.353491" lat="36.719978"><ele>8.2</ele></trkpt>
   <trkpt lon="-4.353462" lat="36.720022"><ele>8.3</ele></trkpt>
   <trkpt lon="-4.353454" lat="36.720108"><ele>8.5</ele></trkpt>
   <trkpt lon="-4.353458" lat="36.720197"><ele>8.6</ele></trkpt>
   <trkpt lon="-4.353462" lat="36.720293"><ele>8.9</ele></trkpt>
   <trkpt lon="-4.353381" lat="36.720397"><ele>9.4</ele></trkpt>
   <trkpt lon="-4.353043" lat="36.720595"><ele>12.0</ele></trkpt>
   <trkpt lon="-4.352815" lat="36.720712"><ele>13.2</ele></trkpt>
   <trkpt lon="-4.352593" lat="36.720810"><ele>13.3</ele></trkpt>
   <trkpt lon="-4.352425" lat="36.720855"><ele>12.5</ele></trkpt>
   <trkpt lon="-4.352099" lat="36.720889"><ele>11.9</ele></trkpt>
   <trkpt lon="-4.351954" lat="36.720905"><ele>12.0</ele></trkpt>
   <trkpt lon="-4.351488" lat="36.720958"><ele>12.3</ele></trkpt>
   <trkpt lon="-4.351319" lat="36.720996"><ele>12.5</ele></trkpt>
   <trkpt lon="-4.351278" lat="36.721005"><ele>12.5</ele></trkpt>
   <trkpt lon="-4.351194" lat="36.721030"><ele>12.6</ele></trkpt>
   <trkpt lon="-4.351041" lat="36.721075"><ele>12.6</ele></trkpt>
   <trkpt lon="-4.350819" lat="36.721145"><ele>12.8</ele></trkpt>
   <trkpt lon="-4.350650" lat="36.721194"><ele>13.0</ele></trkpt>
   <trkpt lon="-4.349370" lat="36.721593"><ele>15.9</ele></trkpt>
   <trkpt lon="-4.349045" lat="36.721695"><ele>16.6</ele></trkpt>
   <trkpt lon="-4.348950" lat="36.721718"><ele>16.7</ele></trkpt>
   <trkpt lon="-4.348554" lat="36.721818"><ele>17.3</ele></trkpt>
   <trkpt lon="-4.348519" lat="36.721828"><ele>17.5</ele></trkpt>
   <trkpt lon="-4.348452" lat="36.721845"><ele>17.6</ele></trkpt>
   <trkpt lon="-4.348147" lat="36.721931"><ele>18.8</ele></trkpt>
   <trkpt lon="-4.348112" lat="36.721903"><ele>19.2</ele></trkpt>
   <trkpt lon="-4.348066" lat="36.721892"><ele>19.6</ele></trkpt>
   <trkpt lon="-4.348018" lat="36.721899"><ele>20.0</ele></trkpt>
   <trkpt lon="-4.347982" lat="36.721920"><ele>20.3</ele></trkpt>
   <trkpt lon="-4.347961" lat="36.721950"><ele>20.4</ele></trkpt>
   <trkpt lon="-4.347764" lat="36.722106"><ele>21.5</ele></trkpt>
   <trkpt lon="-4.347662" lat="36.722233"><ele>21.6</ele></trkpt>
   <trkpt lon="-4.347632" lat="36.722254"><ele>21.7</ele></trkpt>
   <trkpt lon="-4.346647" lat="36.723065"><ele>24.1</ele></trkpt>
   <trkpt lon="-4.346042" lat="36.723547"><ele>25.7</ele></trkpt>
   <trkpt lon="-4.345822" lat="36.723747"><ele>26.4</ele></trkpt>
   <trkpt lon="-4.345692" lat="36.723921"><ele>27.4</ele></trkpt>
   <trkpt lon="-4.345548" lat="36.724125"><ele>28.2</ele></trkpt>
   <trkpt lon="-4.345425" lat="36.724298"><ele>31.3</ele></trkpt>
   <trkpt lon="-4.345272" lat="36.724495"><ele>35.8</ele></trkpt>
   <trkpt lon="-4.345017" lat="36.725071"><ele>40.3</ele></trkpt>
   <trkpt lon="-4.344894" lat="36.725348"><ele>41.0</ele></trkpt>
   <trkpt lon="-4.344873" lat="36.725405"><ele>41.5</ele></trkpt>
   <trkpt lon="-4.344826" lat="36.725596"><ele>42.7</ele></trkpt>
   <trkpt lon="-4.344826" lat="36.725878"><ele>44.6</ele></trkpt>
   <trkpt lon="-4.344783" lat="36.725987"><ele>46.5</ele></trkpt>
   <trkpt lon="-4.344684" lat="36.726052"><ele>48.8</ele></trkpt>
   <trkpt lon="-4.344181" lat="36.726111"><ele>56.4</ele></trkpt>
   <trkpt lon="-4.343997" lat="36.726168"><ele>57.7</ele></trkpt>
   <trkpt lon="-4.343806" lat="36.726298"><ele>58.7</ele></trkpt>
   <trkpt lon="-4.343613" lat="36.726499"><ele>61.0</ele></trkpt>
   <trkpt lon="-4.343522" lat="36.726632"><ele>62.1</ele></trkpt>
   <trkpt lon="-4.343450" lat="36.726859"><ele>62.5</ele></trkpt>
   <trkpt lon="-4.343410" lat="36.727005"><ele>62.5</ele></trkpt>
   <trkpt lon="-4.343332" lat="36.727123"><ele>63.8</ele></trkpt>
   <trkpt lon="-4.343224" lat="36.727228"><ele>65.5</ele></trkpt>
   <trkpt lon="-4.343095" lat="36.727367"><ele>66.8</ele></trkpt>
   <trkpt lon="-4.343008" lat="36.727531"><ele>67.9</ele></trkpt>
   <trkpt lon="-4.342938" lat="36.727605"><ele>68.8</ele></trkpt>
   <trkpt lon="-4.342841" lat="36.727671"><ele>69.8</ele></trkpt>
   <trkpt lon="-4.342836" lat="36.727753"><ele>69.4</ele></trkpt>
   <trkpt lon="-4.342937" lat="36.727791"><ele>68.7</ele></trkpt>
   <trkpt lon="-4.343107" lat="36.727779"><ele>66.7</ele></trkpt>
   <trkpt lon="-4.343219" lat="36.727806"><ele>66.3</ele></trkpt>
   <trkpt lon="-4.343264" lat="36.727899"><ele>67.3</ele></trkpt>
   <trkpt lon="-4.342824" lat="36.728474"><ele>80.7</ele></trkpt>
   <trkpt lon="-4.342702" lat="36.728571"><ele>81.9</ele></trkpt>
   <trkpt lon="-4.342478" lat="36.728685"><ele>85.0</ele></trkpt>
   <trkpt lon="-4.342337" lat="36.728781"><ele>87.9</ele></trkpt>
   <trkpt lon="-4.342256" lat="36.728889"><ele>89.5</ele></trkpt>
   <trkpt lon="-4.342197" lat="36.729180"><ele>92.3</ele></trkpt>
   <trkpt lon="-4.342173" lat="36.729242"><ele>92.6</ele></trkpt>
   <trkpt lon="-4.342132" lat="36.729290"><ele>93.2</ele></trkpt>
   <trkpt lon="-4.341993" lat="36.729404"><ele>95.3</ele></trkpt>
   <trkpt lon="-4.341851" lat="36.729479"><ele>97.4</ele></trkpt>
   <trkpt lon="-4.341746" lat="36.729525"><ele>98.3</ele></trkpt>
   <trkpt lon="-4.341599" lat="36.729590"><ele>98.3</ele></trkpt>
   <trkpt lon="-4.340490" lat="36.729986"><ele>101.9</ele></trkpt>
   <trkpt lon="-4.340261" lat="36.730068"><ele>101.5</ele></trkpt>
   <trkpt lon="-4.340155" lat="36.730116"><ele>101.1</ele></trkpt>
   <trkpt lon="-4.340082" lat="36.730148"><ele>101.0</ele></trkpt>
   <trkpt lon="-4.340021" lat="36.730190"><ele>100.6</ele></trkpt>
   <trkpt lon="-4.339962" lat="36.730229"><ele>99.8</ele></trkpt>
   <trkpt lon="-4.339827" lat="36.730429"><ele>97.8</ele></trkpt>
   <trkpt lon="-4.339791" lat="36.730538"><ele>96.7</ele></trkpt>
   <trkpt lon="-4.339805" lat="36.730654"><ele>96.0</ele></trkpt>
   <trkpt lon="-4.339860" lat="36.730845"><ele>95.7</ele></trkpt>
   <trkpt lon="-4.339878" lat="36.730909"><ele>96.2</ele></trkpt>
   <trkpt lon="-4.339986" lat="36.731090"><ele>98.6</ele></trkpt>
   <trkpt lon="-4.340014" lat="36.731122"><ele>99.2</ele></trkpt>
   <trkpt lon="-4.340054" lat="36.731168"><ele>100.1</ele></trkpt>
   <trkpt lon="-4.340104" lat="36.731218"><ele>100.7</ele></trkpt>
   <trkpt lon="-4.340255" lat="36.731390"><ele>102.3</ele></trkpt>
   <trkpt lon="-4.340309" lat="36.731593"><ele>102.7</ele></trkpt>
   <trkpt lon="-4.340310" lat="36.731753"><ele>103.0</ele></trkpt>
   <trkpt lon="-4.340266" lat="36.731876"><ele>103.3</ele></trkpt>
   <trkpt lon="-4.340165" lat="36.731966"><ele>103.7</ele></trkpt>
   <trkpt lon="-4.339951" lat="36.732035"><ele>102.7</ele></trkpt>
   <trkpt lon="-4.339762" lat="36.732117"><ele>102.5</ele></trkpt>
   <trkpt lon="-4.339664" lat="36.732262"><ele>105.8</ele></trkpt>
   <trkpt lon="-4.339588" lat="36.732470"><ele>113.5</ele></trkpt>
   <trkpt lon="-4.339542" lat="36.732791"><ele>117.9</ele></trkpt>
   <trkpt lon="-4.339492" lat="36.733131"><ele>114.2</ele></trkpt>
   <trkpt lon="-4.339417" lat="36.733392"><ele>113.5</ele></trkpt>
   <trkpt lon="-4.339380" lat="36.733456"><ele>113.7</ele></trkpt>
   <trkpt lon="-4.339322" lat="36.733538"><ele>114.8</ele></trkpt>
   <trkpt lon="-4.338952" lat="36.733749"><ele>122.9</ele></trkpt>
   <trkpt lon="-4.338755" lat="36.733900"><ele>126.5</ele></trkpt>
   <trkpt lon="-4.338604" lat="36.733974"><ele>129.5</ele></trkpt>
   <trkpt lon="-4.338367" lat="36.734033"><ele>133.1</ele></trkpt>
   <trkpt lon="-4.338244" lat="36.734054"><ele>134.7</ele></trkpt>
   <trkpt lon="-4.338112" lat="36.734077"><ele>136.3</ele></trkpt>
   <trkpt lon="-4.337902" lat="36.734080"><ele>140.3</ele></trkpt>
   <trkpt lon="-4.337787" lat="36.734041"><ele>143.4</ele></trkpt>
   <trkpt lon="-4.337764" lat="36.733978"><ele>144.5</ele></trkpt>
   <trkpt lon="-4.337793" lat="36.733905"><ele>144.8</ele></trkpt>
   <trkpt lon="-4.338110" lat="36.733816"><ele>141.1</ele></trkpt>
   <trkpt lon="-4.338262" lat="36.733748"><ele>139.7</ele></trkpt>
   <trkpt lon="-4.338331" lat="36.733669"><ele>140.0</ele></trkpt>
   <trkpt lon="-4.338374" lat="36.733568"><ele>140.8</ele></trkpt>
   <trkpt lon="-4.338370" lat="36.733224"><ele>139.4</ele></trkpt>
   <trkpt lon="-4.338305" lat="36.733082"><ele>136.3</ele></trkpt>
   <trkpt lon="-4.338116" lat="36.732931"><ele>132.5</ele></trkpt>
   <trkpt lon="-4.338026" lat="36.732891"><ele>131.8</ele></trkpt>
   <trkpt lon="-4.337910" lat="36.732864"><ele>130.7</ele></trkpt>
   <trkpt lon="-4.337803" lat="36.732856"><ele>130.2</ele></trkpt>
   <trkpt lon="-4.337682" lat="36.732864"><ele>130.1</ele></trkpt>
   <trkpt lon="-4.337551" lat="36.732895"><ele>129.8</ele></trkpt>
   <trkpt lon="-4.337429" lat="36.732936"><ele>129.7</ele></trkpt>
   <trkpt lon="-4.337254" lat="36.733033"><ele>130.5</ele></trkpt>
   <trkpt lon="-4.337105" lat="36.733164"><ele>131.6</ele></trkpt>
   <trkpt lon="-4.336976" lat="36.733344"><ele>133.7</ele></trkpt>
   <trkpt lon="-4.336899" lat="36.733471"><ele>135.2</ele></trkpt>
   <trkpt lon="-4.336483" lat="36.734155"><ele>146.5</ele></trkpt>
   <trkpt lon="-4.336427" lat="36.734202"><ele>147.2</ele></trkpt>
   <trkpt lon="-4.336362" lat="36.734240"><ele>147.4</ele></trkpt>
   <trkpt lon="-4.336115" lat="36.734287"><ele>144.6</ele></trkpt>
   <trkpt lon="-4.336039" lat="36.734328"><ele>144.5</ele></trkpt>
   <trkpt lon="-4.335975" lat="36.734378"><ele>144.8</ele></trkpt>
   <trkpt lon="-4.335682" lat="36.734693"><ele>146.9</ele></trkpt>
   <trkpt lon="-4.335537" lat="36.734904"><ele>149.5</ele></trkpt>
   <trkpt lon="-4.335413" lat="36.735117"><ele>153.2</ele></trkpt>
   <trkpt lon="-4.335064" lat="36.735821"><ele>166.3</ele></trkpt>
   <trkpt lon="-4.334952" lat="36.736078"><ele>172.2</ele></trkpt>
   <trkpt lon="-4.334835" lat="36.736240"><ele>177.1</ele></trkpt>
   <trkpt lon="-4.334720" lat="36.736329"><ele>179.5</ele></trkpt>
   <trkpt lon="-4.334298" lat="36.736511"><ele>185.6</ele></trkpt>
   <trkpt lon="-4.333880" lat="36.736654"><ele>192.2</ele></trkpt>
   <trkpt lon="-4.333667" lat="36.736825"><ele>194.6</ele></trkpt>
   <trkpt lon="-4.333580" lat="36.736951"><ele>194.8</ele></trkpt>
   <trkpt lon="-4.333514" lat="36.737260"><ele>194.9</ele></trkpt>
   <trkpt lon="-4.333424" lat="36.737393"><ele>196.2</ele></trkpt>
   <trkpt lon="-4.333299" lat="36.737506"><ele>199.1</ele></trkpt>
   <trkpt lon="-4.333014" lat="36.737718"><ele>204.7</ele></trkpt>
   <trkpt lon="-4.332815" lat="36.737822"><ele>206.5</ele></trkpt>
   <trkpt lon="-4.332401" lat="36.737906"><ele>213.3</ele></trkpt>
   <trkpt lon="-4.332362" lat="36.737942"><ele>213.4</ele></trkpt>
   <trkpt lon="-4.332345" lat="36.737999"><ele>212.9</ele></trkpt>
   <trkpt lon="-4.332361" lat="36.738060"><ele>212.1</ele></trkpt>
   <trkpt lon="-4.332543" lat="36.738407"><ele>205.6</ele></trkpt>
   <trkpt lon="-4.332532" lat="36.738449"><ele>206.2</ele></trkpt>
   <trkpt lon="-4.332509" lat="36.738538"><ele>207.6</ele></trkpt>
   <trkpt lon="-4.332450" lat="36.738580"><ele>209.4</ele></trkpt>
   <trkpt lon="-4.332387" lat="36.738597"><ele>211.1</ele></trkpt>
   <trkpt lon="-4.332291" lat="36.738597"><ele>213.4</ele></trkpt>
   <trkpt lon="-4.332219" lat="36.738564"><ele>215.1</ele></trkpt>
   <trkpt lon="-4.332165" lat="36.738492"><ele>216.4</ele></trkpt>
   <trkpt lon="-4.332120" lat="36.738256"><ele>217.7</ele></trkpt>
   <trkpt lon="-4.332047" lat="36.738067"><ele>220.9</ele></trkpt>
   <trkpt lon="-4.331988" lat="36.737935"><ele>224.3</ele></trkpt>
   <trkpt lon="-4.331988" lat="36.737818"><ele>226.4</ele></trkpt>
   <trkpt lon="-4.332110" lat="36.737731"><ele>224.0</ele></trkpt>
   <trkpt lon="-4.332336" lat="36.737657"><ele>219.5</ele></trkpt>
   <trkpt lon="-4.332462" lat="36.737604"><ele>216.8</ele></trkpt>
   <trkpt lon="-4.332510" lat="36.737531"><ele>215.4</ele></trkpt>
   <trkpt lon="-4.332470" lat="36.737433"><ele>216.4</ele></trkpt>
   <trkpt lon="-4.332320" lat="36.737371"><ele>221.3</ele></trkpt>
   <trkpt lon="-4.332136" lat="36.737373"><ele>227.2</ele></trkpt>
   <trkpt lon="-4.332015" lat="36.737441"><ele>230.3</ele></trkpt>
   <trkpt lon="-4.331617" lat="36.737775"><ele>234.6</ele></trkpt>
   <trkpt lon="-4.331564" lat="36.737897"><ele>234.0</ele></trkpt>
   <trkpt lon="-4.331494" lat="36.738741"><ele>232.0</ele></trkpt>
   <trkpt lon="-4.331534" lat="36.738871"><ele>231.7</ele></trkpt>
   <trkpt lon="-4.331635" lat="36.738983"><ele>230.2</ele></trkpt>
   <trkpt lon="-4.331904" lat="36.739137"><ele>228.6</ele></trkpt>
   <trkpt lon="-4.331978" lat="36.739196"><ele>228.5</ele></trkpt>
   <trkpt lon="-4.332038" lat="36.739281"><ele>229.2</ele></trkpt>
   <trkpt lon="-4.332245" lat="36.739770"><ele>234.7</ele></trkpt>
   <trkpt lon="-4.332229" lat="36.739896"><ele>237.0</ele></trkpt>
   <trkpt lon="-4.332165" lat="36.740020"><ele>240.7</ele></trkpt>
   <trkpt lon="-4.331725" lat="36.740423"><ele>248.4</ele></trkpt>
   <trkpt lon="-4.331573" lat="36.740484"><ele>248.7</ele></trkpt>
   <trkpt lon="-4.331411" lat="36.740507"><ele>249.9</ele></trkpt>
   <trkpt lon="-4.331044" lat="36.740530"><ele>254.0</ele></trkpt>
   <trkpt lon="-4.330930" lat="36.740561"><ele>255.6</ele></trkpt>
   <trkpt lon="-4.330830" lat="36.740620"><ele>257.3</ele></trkpt>
   <trkpt lon="-4.330672" lat="36.740805"><ele>260.2</ele></trkpt>
   <trkpt lon="-4.330404" lat="36.741174"><ele>266.6</ele></trkpt>
   <trkpt lon="-4.330386" lat="36.741243"><ele>267.4</ele></trkpt>
   <trkpt lon="-4.330389" lat="36.741315"><ele>267.5</ele></trkpt>
   <trkpt lon="-4.330453" lat="36.741378"><ele>265.4</ele></trkpt>
   <trkpt lon="-4.330685" lat="36.741452"><ele>257.4</ele></trkpt>
   <trkpt lon="-4.330803" lat="36.741525"><ele>255.1</ele></trkpt>
   <trkpt lon="-4.330911" lat="36.741702"><ele>257.4</ele></trkpt>
   <trkpt lon="-4.331057" lat="36.741893"><ele>259.8</ele></trkpt>
   <trkpt lon="-4.331149" lat="36.741968"><ele>259.6</ele></trkpt>
   <trkpt lon="-4.331218" lat="36.742088"><ele>261.6</ele></trkpt>
   <trkpt lon="-4.331215" lat="36.742163"><ele>261.4</ele></trkpt>
   <trkpt lon="-4.331198" lat="36.742196"><ele>261.7</ele></trkpt>
   <trkpt lon="-4.331159" lat="36.742227"><ele>262.5</ele></trkpt>
   <trkpt lon="-4.331071" lat="36.742251"><ele>264.4</ele></trkpt>
   <trkpt lon="-4.330967" lat="36.742245"><ele>266.9</ele></trkpt>
   <trkpt lon="-4.330668" lat="36.742243"><ele>274.9</ele></trkpt>
   <trkpt lon="-4.330473" lat="36.742273"><ele>280.2</ele></trkpt>
   <trkpt lon="-4.330052" lat="36.742392"><ele>292.8</ele></trkpt>
   <trkpt lon="-4.329933" lat="36.742458"><ele>295.6</ele></trkpt>
   <trkpt lon="-4.329897" lat="36.742520"><ele>295.4</ele></trkpt>
   <trkpt lon="-4.329904" lat="36.742573"><ele>293.8</ele></trkpt>
   <trkpt lon="-4.329941" lat="36.742626"><ele>291.1</ele></trkpt>
   <trkpt lon="-4.330079" lat="36.742734"><ele>282.7</ele></trkpt>
   <trkpt lon="-4.330117" lat="36.742812"><ele>280.2</ele></trkpt>
   <trkpt lon="-4.330111" lat="36.742897"><ele>280.4</ele></trkpt>
   <trkpt lon="-4.330080" lat="36.742935"><ele>281.6</ele></trkpt>
   <trkpt lon="-4.329815" lat="36.743131"><ele>290.6</ele></trkpt>
   <trkpt lon="-4.329738" lat="36.743232"><ele>293.4</ele></trkpt>
   <trkpt lon="-4.329501" lat="36.743589"><ele>302.2</ele></trkpt>
   <trkpt lon="-4.329255" lat="36.743918"><ele>307.6</ele></trkpt>
   <trkpt lon="-4.329216" lat="36.744011"><ele>307.3</ele></trkpt>
   <trkpt lon="-4.329214" lat="36.744056"><ele>306.2</ele></trkpt>
   <trkpt lon="-4.329240" lat="36.744107"><ele>303.5</ele></trkpt>
   <trkpt lon="-4.329336" lat="36.744222"><ele>297.2</ele></trkpt>
   <trkpt lon="-4.329356" lat="36.744312"><ele>295.7</ele></trkpt>
   <trkpt lon="-4.329357" lat="36.744378"><ele>295.3</ele></trkpt>
   <trkpt lon="-4.329323" lat="36.744448"><ele>296.4</ele></trkpt>
   <trkpt lon="-4.329219" lat="36.744571"><ele>301.1</ele></trkpt>
   <trkpt lon="-4.329211" lat="36.744614"><ele>301.5</ele></trkpt>
   <trkpt lon="-4.329237" lat="36.744683"><ele>300.6</ele></trkpt>
   <trkpt lon="-4.329374" lat="36.744865"><ele>296.9</ele></trkpt>
   <trkpt lon="-4.329428" lat="36.744915"><ele>295.8</ele></trkpt>
   <trkpt lon="-4.329476" lat="36.744943"><ele>294.6</ele></trkpt>
   <trkpt lon="-4.329557" lat="36.744962"><ele>292.5</ele></trkpt>
   <trkpt lon="-4.329803" lat="36.745003"><ele>286.7</ele></trkpt>
   <trkpt lon="-4.329940" lat="36.745058"><ele>285.6</ele></trkpt>
   <trkpt lon="-4.330001" lat="36.745123"><ele>287.1</ele></trkpt>
   <trkpt lon="-4.330042" lat="36.745191"><ele>288.9</ele></trkpt>
   <trkpt lon="-4.330055" lat="36.745289"><ele>292.6</ele></trkpt>
   <trkpt lon="-4.330046" lat="36.745395"><ele>296.9</ele></trkpt>
   <trkpt lon="-4.330088" lat="36.745467"><ele>299.0</ele></trkpt>
   <trkpt lon="-4.330183" lat="36.745507"><ele>298.4</ele></trkpt>
   <trkpt lon="-4.330336" lat="36.745500"><ele>294.1</ele></trkpt>
   <trkpt lon="-4.330443" lat="36.745518"><ele>291.9</ele></trkpt>
   <trkpt lon="-4.330504" lat="36.745587"><ele>292.7</ele></trkpt>
   <trkpt lon="-4.330513" lat="36.745684"><ele>295.7</ele></trkpt>
   <trkpt lon="-4.330448" lat="36.745902"><ele>304.1</ele></trkpt>
   <trkpt lon="-4.330469" lat="36.746001"><ele>306.9</ele></trkpt>
   <trkpt lon="-4.330554" lat="36.746171"><ele>309.3</ele></trkpt>
   <trkpt lon="-4.330601" lat="36.746356"><ele>310.9</ele></trkpt>
   <trkpt lon="-4.330599" lat="36.746420"><ele>312.1</ele></trkpt>
   <trkpt lon="-4.330381" lat="36.746739"><ele>323.3</ele></trkpt>
   <trkpt lon="-4.330374" lat="36.746819"><ele>323.9</ele></trkpt>
   <trkpt lon="-4.330399" lat="36.746904"><ele>323.3</ele></trkpt>
   <trkpt lon="-4.330521" lat="36.747097"><ele>319.8</ele></trkpt>
   <trkpt lon="-4.330550" lat="36.747175"><ele>319.3</ele></trkpt>
   <trkpt lon="-4.330554" lat="36.747335"><ele>321.3</ele></trkpt>
   <trkpt lon="-4.330491" lat="36.747477"><ele>326.0</ele></trkpt>
   <trkpt lon="-4.330432" lat="36.747589"><ele>328.7</ele></trkpt>
   <trkpt lon="-4.330417" lat="36.747640"><ele>329.1</ele></trkpt>
   <trkpt lon="-4.330416" lat="36.747684"><ele>328.9</ele></trkpt>
   <trkpt lon="-4.330440" lat="36.747791"><ele>327.9</ele></trkpt>
   <trkpt lon="-4.330460" lat="36.747827"><ele>327.1</ele></trkpt>
   <trkpt lon="-4.330502" lat="36.747857"><ele>325.7</ele></trkpt>
   <trkpt lon="-4.330611" lat="36.747897"><ele>322.4</ele></trkpt>
   <trkpt lon="-4.330788" lat="36.747958"><ele>318.4</ele></trkpt>
   <trkpt lon="-4.330979" lat="36.748010"><ele>315.1</ele></trkpt>
   <trkpt lon="-4.331366" lat="36.748025"><ele>308.6</ele></trkpt>
   <trkpt lon="-4.331430" lat="36.748048"><ele>309.0</ele></trkpt>
   <trkpt lon="-4.331475" lat="36.748097"><ele>311.2</ele></trkpt>
   <trkpt lon="-4.331489" lat="36.748138"><ele>313.3</ele></trkpt>
   <trkpt lon="-4.331488" lat="36.748181"><ele>315.6</ele></trkpt>
   <trkpt lon="-4.331453" lat="36.748263"><ele>319.3</ele></trkpt>
   <trkpt lon="-4.331403" lat="36.748315"><ele>320.9</ele></trkpt>
   <trkpt lon="-4.331338" lat="36.748359"><ele>323.0</ele></trkpt>
   <trkpt lon="-4.331214" lat="36.748412"><ele>326.5</ele></trkpt>
   <trkpt lon="-4.331088" lat="36.748499"><ele>331.9</ele></trkpt>
   <trkpt lon="-4.331057" lat="36.748559"><ele>334.6</ele></trkpt>
   <trkpt lon="-4.331049" lat="36.748623"><ele>336.3</ele></trkpt>
   <trkpt lon="-4.331064" lat="36.748687"><ele>337.2</ele></trkpt>
   <trkpt lon="-4.331224" lat="36.749017"><ele>339.0</ele></trkpt>
   <trkpt lon="-4.331314" lat="36.749072"><ele>337.3</ele></trkpt>
   <trkpt lon="-4.331446" lat="36.749083"><ele>333.0</ele></trkpt>
   <trkpt lon="-4.332118" lat="36.749079"><ele>323.8</ele></trkpt>
   <trkpt lon="-4.332416" lat="36.749129"><ele>326.0</ele></trkpt>
   <trkpt lon="-4.333341" lat="36.749123"><ele>327.6</ele></trkpt>
   <trkpt lon="-4.333496" lat="36.749159"><ele>330.5</ele></trkpt>
   <trkpt lon="-4.333627" lat="36.749238"><ele>334.9</ele></trkpt>
   <trkpt lon="-4.333802" lat="36.749407"><ele>342.4</ele></trkpt>
   <trkpt lon="-4.333932" lat="36.749550"><ele>347.1</ele></trkpt>
   <trkpt lon="-4.333960" lat="36.749603"><ele>348.5</ele></trkpt>
   <trkpt lon="-4.333969" lat="36.749663"><ele>349.7</ele></trkpt>
   <trkpt lon="-4.333964" lat="36.749721"><ele>351.4</ele></trkpt>
   <trkpt lon="-4.333917" lat="36.749782"><ele>354.6</ele></trkpt>
   <trkpt lon="-4.333793" lat="36.749873"><ele>360.1</ele></trkpt>
   <trkpt lon="-4.333615" lat="36.750024"><ele>365.6</ele></trkpt>
   <trkpt lon="-4.333425" lat="36.750304"><ele>368.5</ele></trkpt>
   <trkpt lon="-4.333305" lat="36.750402"><ele>369.9</ele></trkpt>
   <trkpt lon="-4.333091" lat="36.750535"><ele>373.2</ele></trkpt>
   <trkpt lon="-4.332951" lat="36.750701"><ele>375.0</ele></trkpt>
   <trkpt lon="-4.332867" lat="36.750860"><ele>375.9</ele></trkpt>
   <trkpt lon="-4.332813" lat="36.751034"><ele>376.4</ele></trkpt>
   <trkpt lon="-4.332792" lat="36.751223"><ele>376.3</ele></trkpt>
   <trkpt lon="-4.332756" lat="36.751774"><ele>374.9</ele></trkpt>
   <trkpt lon="-4.332747" lat="36.752043"><ele>375.1</ele></trkpt>
   <trkpt lon="-4.332706" lat="36.752097"><ele>376.9</ele></trkpt>
   <trkpt lon="-4.332662" lat="36.752124"><ele>378.7</ele></trkpt>
   <trkpt lon="-4.332591" lat="36.752129"><ele>381.3</ele></trkpt>
   <trkpt lon="-4.332518" lat="36.752109"><ele>383.9</ele></trkpt>
   <trkpt lon="-4.332465" lat="36.752055"><ele>385.6</ele></trkpt>
   <trkpt lon="-4.332431" lat="36.751995"><ele>386.5</ele></trkpt>
   <trkpt lon="-4.332415" lat="36.751828"><ele>387.3</ele></trkpt>
   <trkpt lon="-4.332500" lat="36.751208"><ele>388.8</ele></trkpt>
   <trkpt lon="-4.332506" lat="36.750620"><ele>389.6</ele></trkpt>
   <trkpt lon="-4.332522" lat="36.750534"><ele>388.1</ele></trkpt>
   <trkpt lon="-4.332662" lat="36.750348"><ele>383.7</ele></trkpt>
   <trkpt lon="-4.332793" lat="36.750154"><ele>378.3</ele></trkpt>
   <trkpt lon="-4.332819" lat="36.750083"><ele>375.9</ele></trkpt>
   <trkpt lon="-4.332822" lat="36.750028"><ele>374.0</ele></trkpt>
   <trkpt lon="-4.332801" lat="36.749967"><ele>371.9</ele></trkpt>
   <trkpt lon="-4.332734" lat="36.749933"><ele>370.5</ele></trkpt>
   <trkpt lon="-4.332654" lat="36.749913"><ele>369.2</ele></trkpt>
   <trkpt lon="-4.332576" lat="36.749917"><ele>369.2</ele></trkpt>
   <trkpt lon="-4.332446" lat="36.749982"><ele>372.0</ele></trkpt>
   <trkpt lon="-4.332389" lat="36.750077"><ele>376.1</ele></trkpt>
   <trkpt lon="-4.332289" lat="36.750542"><ele>392.1</ele></trkpt>
   <trkpt lon="-4.332253" lat="36.750833"><ele>396.9</ele></trkpt>
   <trkpt lon="-4.331967" lat="36.751364"><ele>406.1</ele></trkpt>
   <trkpt lon="-4.331908" lat="36.751547"><ele>407.3</ele></trkpt>
   <trkpt lon="-4.331864" lat="36.751831"><ele>408.1</ele></trkpt>
   <trkpt lon="-4.331906" lat="36.752407"><ele>407.9</ele></trkpt>
   <trkpt lon="-4.331876" lat="36.752569"><ele>409.8</ele></trkpt>
   <trkpt lon="-4.331768" lat="36.752744"><ele>413.1</ele></trkpt>
   <trkpt lon="-4.331527" lat="36.752995"><ele>419.6</ele></trkpt>
   <trkpt lon="-4.331034" lat="36.753395"><ele>425.8</ele></trkpt>
   <trkpt lon="-4.330771" lat="36.753781"><ele>421.6</ele></trkpt>
   <trkpt lon="-4.330534" lat="36.754089"><ele>414.0</ele></trkpt>
   <trkpt lon="-4.330364" lat="36.754280"><ele>410.0</ele></trkpt>
   <trkpt lon="-4.330161" lat="36.754536"><ele>407.8</ele></trkpt>
   <trkpt lon="-4.329985" lat="36.754849"><ele>408.6</ele></trkpt>
   <trkpt lon="-4.329741" lat="36.755330"><ele>410.9</ele></trkpt>
   <trkpt lon="-4.329698" lat="36.755523"><ele>411.3</ele></trkpt>
   <trkpt lon="-4.329755" lat="36.755699"><ele>413.7</ele></trkpt>
   <trkpt lon="-4.329981" lat="36.756196"><ele>419.1</ele></trkpt>
   <trkpt lon="-4.330004" lat="36.756379"><ele>418.6</ele></trkpt>
   <trkpt lon="-4.329910" lat="36.756618"><ele>418.2</ele></trkpt>
   <trkpt lon="-4.329675" lat="36.756994"><ele>419.0</ele></trkpt>
   <trkpt lon="-4.329592" lat="36.757219"><ele>423.4</ele></trkpt>
   <trkpt lon="-4.329477" lat="36.757328"><ele>424.3</ele></trkpt>
   <trkpt lon="-4.329271" lat="36.757412"><ele>424.1</ele></trkpt>
   <trkpt lon="-4.329042" lat="36.757480"><ele>425.1</ele></trkpt>
   <trkpt lon="-4.328457" lat="36.757687"><ele>433.5</ele></trkpt>
   <trkpt lon="-4.328403" lat="36.757843"><ele>434.4</ele></trkpt>
   <trkpt lon="-4.328490" lat="36.758022"><ele>433.8</ele></trkpt>
   <trkpt lon="-4.328652" lat="36.758266"><ele>436.7</ele></trkpt>
   <trkpt lon="-4.328692" lat="36.758412"><ele>436.6</ele></trkpt>
   <trkpt lon="-4.328649" lat="36.758916"><ele>438.8</ele></trkpt>
   <trkpt lon="-4.328550" lat="36.759068"><ele>438.6</ele></trkpt>
   <trkpt lon="-4.328293" lat="36.759395"><ele>441.9</ele></trkpt>
   <trkpt lon="-4.328153" lat="36.759602"><ele>445.8</ele></trkpt>
   <trkpt lon="-4.327981" lat="36.759744"><ele>448.4</ele></trkpt>
   <trkpt lon="-4.327714" lat="36.759827"><ele>448.7</ele></trkpt>
   <trkpt lon="-4.327500" lat="36.759914"><ele>446.8</ele></trkpt>
   <trkpt lon="-4.327362" lat="36.760004"><ele>446.7</ele></trkpt>
   <trkpt lon="-4.327217" lat="36.760133"><ele>448.3</ele></trkpt>
   <trkpt lon="-4.326995" lat="36.760302"><ele>452.9</ele></trkpt>
   <trkpt lon="-4.326818" lat="36.760320"><ele>452.6</ele></trkpt>
   <trkpt lon="-4.326590" lat="36.760314"><ele>451.8</ele></trkpt>
   <trkpt lon="-4.326360" lat="36.760361"><ele>453.3</ele></trkpt>
   <trkpt lon="-4.326062" lat="36.760461"><ele>451.6</ele></trkpt>
   <trkpt lon="-4.325861" lat="36.760662"><ele>453.5</ele></trkpt>
   <trkpt lon="-4.325768" lat="36.760789"><ele>457.0</ele></trkpt>
   <trkpt lon="-4.325651" lat="36.760828"><ele>455.8</ele></trkpt>
   <trkpt lon="-4.325489" lat="36.760856"><ele>453.2</ele></trkpt>
   <trkpt lon="-4.325386" lat="36.760931"><ele>452.8</ele></trkpt>
   <trkpt lon="-4.325322" lat="36.761245"><ele>461.5</ele></trkpt>
   <trkpt lon="-4.325184" lat="36.761414"><ele>463.9</ele></trkpt>
   <trkpt lon="-4.324917" lat="36.761659"><ele>466.8</ele></trkpt>
   <trkpt lon="-4.324417" lat="36.762165"><ele>466.3</ele></trkpt>
   <trkpt lon="-4.324299" lat="36.762332"><ele>464.8</ele></trkpt>
   <trkpt lon="-4.324302" lat="36.762459"><ele>466.9</ele></trkpt>
   <trkpt lon="-4.324388" lat="36.762619"><ele>472.8</ele></trkpt>
   <trkpt lon="-4.324374" lat="36.762691"><ele>473.7</ele></trkpt>
   <trkpt lon="-4.324269" lat="36.762760"><ele>471.8</ele></trkpt>
   <trkpt lon="-4.324088" lat="36.762901"><ele>470.1</ele></trkpt>
   <trkpt lon="-4.324046" lat="36.763124"><ele>473.7</ele></trkpt>
   <trkpt lon="-4.323933" lat="36.763286"><ele>473.8</ele></trkpt>
   <trkpt lon="-4.323803" lat="36.763417"><ele>471.5</ele></trkpt>
   <trkpt lon="-4.323705" lat="36.763631"><ele>471.2</ele></trkpt>
   <trkpt lon="-4.323536" lat="36.763968"><ele>481.6</ele></trkpt>
   <trkpt lon="-4.323484" lat="36.764014"><ele>483.1</ele></trkpt>
   <trkpt lon="-4.323414" lat="36.764054"><ele>484.4</ele></trkpt>
   <trkpt lon="-4.323263" lat="36.764068"><ele>484.6</ele></trkpt>
   <trkpt lon="-4.323066" lat="36.764054"><ele>484.1</ele></trkpt>
   <trkpt lon="-4.322172" lat="36.764020"><ele>491.5</ele></trkpt>
   <trkpt lon="-4.321883" lat="36.763947"><ele>493.0</ele></trkpt>
   <trkpt lon="-4.321351" lat="36.763759"><ele>492.3</ele></trkpt>
   <trkpt lon="-4.320980" lat="36.763680"><ele>493.6</ele></trkpt>
   <trkpt lon="-4.320832" lat="36.763672"><ele>492.8</ele></trkpt>
   <trkpt lon="-4.320712" lat="36.763724"><ele>490.6</ele></trkpt>
   <trkpt lon="-4.320689" lat="36.763848"><ele>488.3</ele></trkpt>
   <trkpt lon="-4.320733" lat="36.763987"><ele>486.9</ele></trkpt>
   <trkpt lon="-4.320959" lat="36.764248"><ele>489.3</ele></trkpt>
   <trkpt lon="-4.321007" lat="36.764356"><ele>488.8</ele></trkpt>
   <trkpt lon="-4.321039" lat="36.764427"><ele>488.4</ele></trkpt>
   <trkpt lon="-4.321044" lat="36.764631"><ele>484.3</ele></trkpt>
   <trkpt lon="-4.321035" lat="36.764748"><ele>482.0</ele></trkpt>
   <trkpt lon="-4.321074" lat="36.765210"><ele>479.2</ele></trkpt>
   <trkpt lon="-4.321074" lat="36.765639"><ele>479.0</ele></trkpt>
   <trkpt lon="-4.321190" lat="36.766009"><ele>479.4</ele></trkpt>
   <trkpt lon="-4.321095" lat="36.766277"><ele>475.5</ele></trkpt>
   <trkpt lon="-4.321099" lat="36.766359"><ele>475.4</ele></trkpt>
   <trkpt lon="-4.321129" lat="36.766457"><ele>476.1</ele></trkpt>
   <trkpt lon="-4.321410" lat="36.766681"><ele>481.4</ele></trkpt>
   <trkpt lon="-4.321426" lat="36.766812"><ele>479.0</ele></trkpt>
   <trkpt lon="-4.321200" lat="36.767044"><ele>469.6</ele></trkpt>
   <trkpt lon="-4.321023" lat="36.767140"><ele>466.0</ele></trkpt>
   <trkpt lon="-4.320711" lat="36.767214"><ele>458.3</ele></trkpt>
   <trkpt lon="-4.320625" lat="36.767252"><ele>456.2</ele></trkpt>
   <trkpt lon="-4.320531" lat="36.767332"><ele>454.5</ele></trkpt>
   <trkpt lon="-4.320494" lat="36.767433"><ele>456.5</ele></trkpt>
   <trkpt lon="-4.320517" lat="36.767526"><ele>459.8</ele></trkpt>
   <trkpt lon="-4.320612" lat="36.767630"><ele>464.9</ele></trkpt>
   <trkpt lon="-4.320897" lat="36.767983"><ele>465.5</ele></trkpt>
   <trkpt lon="-4.321170" lat="36.768089"><ele>468.1</ele></trkpt>
   <trkpt lon="-4.321269" lat="36.768182"><ele>467.8</ele></trkpt>
   <trkpt lon="-4.321244" lat="36.768279"><ele>464.6</ele></trkpt>
   <trkpt lon="-4.320844" lat="36.768633"><ele>447.7</ele></trkpt>
   <trkpt lon="-4.320799" lat="36.768765"><ele>444.3</ele></trkpt>
   <trkpt lon="-4.320780" lat="36.769077"><ele>442.2</ele></trkpt>
   <trkpt lon="-4.320828" lat="36.769290"><ele>443.0</ele></trkpt>
   <trkpt lon="-4.320957" lat="36.769488"><ele>446.5</ele></trkpt>
   <trkpt lon="-4.320953" lat="36.769698"><ele>444.9</ele></trkpt>
   <trkpt lon="-4.320945" lat="36.770022"><ele>445.2</ele></trkpt>
   <trkpt lon="-4.320968" lat="36.770405"><ele>443.3</ele></trkpt>
   <trkpt lon="-4.320911" lat="36.770482"><ele>442.6</ele></trkpt>
   <trkpt lon="-4.320821" lat="36.770514"><ele>440.4</ele></trkpt>
   <trkpt lon="-4.320753" lat="36.770537"><ele>438.8</ele></trkpt>
   <trkpt lon="-4.320595" lat="36.770627"><ele>435.3</ele></trkpt>
   <trkpt lon="-4.320559" lat="36.770710"><ele>435.2</ele></trkpt>
   <trkpt lon="-4.320512" lat="36.771192"><ele>440.1</ele></trkpt>
   <trkpt lon="-4.320487" lat="36.771238"><ele>440.0</ele></trkpt>
   <trkpt lon="-4.320457" lat="36.771295"><ele>440.0</ele></trkpt>
   <trkpt lon="-4.320439" lat="36.771306"><ele>439.6</ele></trkpt>
   <trkpt lon="-4.320301" lat="36.771388"><ele>436.8</ele></trkpt>
   <trkpt lon="-4.320259" lat="36.771420"><ele>436.0</ele></trkpt>
   <trkpt lon="-4.320228" lat="36.771486"><ele>435.2</ele></trkpt>
   <trkpt lon="-4.320237" lat="36.771541"><ele>435.1</ele></trkpt>
   <trkpt lon="-4.320277" lat="36.771588"><ele>436.1</ele></trkpt>
   <trkpt lon="-4.320625" lat="36.771977"><ele>443.9</ele></trkpt>
   <trkpt lon="-4.320702" lat="36.772142"><ele>443.9</ele></trkpt>
   <trkpt lon="-4.320798" lat="36.772416"><ele>446.2</ele></trkpt>
   <trkpt lon="-4.320880" lat="36.772606"><ele>449.7</ele></trkpt>
   <trkpt lon="-4.321065" lat="36.772812"><ele>455.4</ele></trkpt>
   <trkpt lon="-4.321083" lat="36.772872"><ele>457.6</ele></trkpt>
   <trkpt lon="-4.321078" lat="36.772916"><ele>458.7</ele></trkpt>
   <trkpt lon="-4.321025" lat="36.772968"><ele>459.7</ele></trkpt>
   <trkpt lon="-4.320823" lat="36.772975"><ele>460.3</ele></trkpt>
   <trkpt lon="-4.320600" lat="36.772923"><ele>460.1</ele></trkpt>
   <trkpt lon="-4.320190" lat="36.772744"><ele>453.3</ele></trkpt>
   <trkpt lon="-4.320067" lat="36.772708"><ele>450.1</ele></trkpt>
   <trkpt lon="-4.319940" lat="36.772705"><ele>448.4</ele></trkpt>
   <trkpt lon="-4.319818" lat="36.772755"><ele>447.4</ele></trkpt>
   <trkpt lon="-4.319581" lat="36.772883"><ele>446.0</ele></trkpt>
   <trkpt lon="-4.319367" lat="36.773049"><ele>447.6</ele></trkpt>
   <trkpt lon="-4.319299" lat="36.773130"><ele>449.7</ele></trkpt>
   <trkpt lon="-4.319279" lat="36.773195"><ele>450.7</ele></trkpt>
   <trkpt lon="-4.319284" lat="36.773258"><ele>451.9</ele></trkpt>
   <trkpt lon="-4.319346" lat="36.773356"><ele>455.8</ele></trkpt>
   <trkpt lon="-4.319669" lat="36.773738"><ele>467.1</ele></trkpt>
   <trkpt lon="-4.319881" lat="36.774049"><ele>471.9</ele></trkpt>
   <trkpt lon="-4.319956" lat="36.774254"><ele>472.1</ele></trkpt>
   <trkpt lon="-4.319996" lat="36.774607"><ele>470.3</ele></trkpt>
   <trkpt lon="-4.320089" lat="36.774879"><ele>472.1</ele></trkpt>
   <trkpt lon="-4.320146" lat="36.775013"><ele>472.9</ele></trkpt>
   <trkpt lon="-4.320234" lat="36.775394"><ele>473.8</ele></trkpt>
   <trkpt lon="-4.320313" lat="36.775529"><ele>476.7</ele></trkpt>
   <trkpt lon="-4.321034" lat="36.776001"><ele>491.0</ele></trkpt>
   <trkpt lon="-4.321151" lat="36.776167"><ele>489.5</ele></trkpt>
   <trkpt lon="-4.321249" lat="36.776635"><ele>488.9</ele></trkpt>
   <trkpt lon="-4.321373" lat="36.777152"><ele>498.4</ele></trkpt>
   <trkpt lon="-4.321370" lat="36.777296"><ele>501.4</ele></trkpt>
   <trkpt lon="-4.321256" lat="36.777378"><ele>503.4</ele></trkpt>
   <trkpt lon="-4.320685" lat="36.777283"><ele>500.0</ele></trkpt>
   <trkpt lon="-4.320461" lat="36.777258"><ele>498.0</ele></trkpt>
   <trkpt lon="-4.320316" lat="36.777302"><ele>497.2</ele></trkpt>
   <trkpt lon="-4.320201" lat="36.777400"><ele>496.8</ele></trkpt>
   <trkpt lon="-4.320129" lat="36.777630"><ele>498.8</ele></trkpt>
   <trkpt lon="-4.320110" lat="36.778022"><ele>507.5</ele></trkpt>
   <trkpt lon="-4.320074" lat="36.778084"><ele>508.8</ele></trkpt>
   <trkpt lon="-4.320015" lat="36.778123"><ele>509.0</ele></trkpt>
   <trkpt lon="-4.319944" lat="36.778139"><ele>508.4</ele></trkpt>
   <trkpt lon="-4.319314" lat="36.778137"><ele>509.4</ele></trkpt>
   <trkpt lon="-4.319115" lat="36.778136"><ele>513.0</ele></trkpt>
   <trkpt lon="-4.318640" lat="36.777932"><ele>511.6</ele></trkpt>
   <trkpt lon="-4.318189" lat="36.777844"><ele>511.4</ele></trkpt>
   <trkpt lon="-4.317960" lat="36.777833"><ele>509.4</ele></trkpt>
   <trkpt lon="-4.317793" lat="36.777894"><ele>509.1</ele></trkpt>
   <trkpt lon="-4.317610" lat="36.778065"><ele>508.5</ele></trkpt>
   <trkpt lon="-4.317305" lat="36.778395"><ele>508.5</ele></trkpt>
   <trkpt lon="-4.317097" lat="36.778706"><ele>511.3</ele></trkpt>
   <trkpt lon="-4.317024" lat="36.778945"><ele>515.1</ele></trkpt>
   <trkpt lon="-4.317041" lat="36.779089"><ele>518.1</ele></trkpt>
   <trkpt lon="-4.317154" lat="36.779227"><ele>524.3</ele></trkpt>
   <trkpt lon="-4.317381" lat="36.779340"><ele>530.5</ele></trkpt>
   <trkpt lon="-4.317974" lat="36.779487"><ele>541.0</ele></trkpt>
   <trkpt lon="-4.318663" lat="36.779742"><ele>545.8</ele></trkpt>
   <trkpt lon="-4.319130" lat="36.779975"><ele>546.8</ele></trkpt>
   <trkpt lon="-4.319256" lat="36.780047"><ele>547.1</ele></trkpt>
   <trkpt lon="-4.319413" lat="36.780330"><ele>539.2</ele></trkpt>
   <trkpt lon="-4.319748" lat="36.780489"><ele>547.5</ele></trkpt>
   <trkpt lon="-4.320729" lat="36.780932"><ele>556.5</ele></trkpt>
   <trkpt lon="-4.320843" lat="36.781062"><ele>557.7</ele></trkpt>
   <trkpt lon="-4.320879" lat="36.781130"><ele>556.5</ele></trkpt>
   <trkpt lon="-4.321093" lat="36.782190"><ele>556.6</ele></trkpt>
   <trkpt lon="-4.321058" lat="36.782386"><ele>557.3</ele></trkpt>
   <trkpt lon="-4.320978" lat="36.782564"><ele>558.3</ele></trkpt>
   <trkpt lon="-4.320784" lat="36.782866"><ele>556.6</ele></trkpt>
   <trkpt lon="-4.320742" lat="36.783032"><ele>557.0</ele></trkpt>
   <trkpt lon="-4.320717" lat="36.783709"><ele>563.1</ele></trkpt>
   <trkpt lon="-4.320601" lat="36.784066"><ele>565.4</ele></trkpt>
   <trkpt lon="-4.320576" lat="36.784295"><ele>567.7</ele></trkpt>
   <trkpt lon="-4.320618" lat="36.784654"><ele>573.5</ele></trkpt>
   <trkpt lon="-4.320616" lat="36.784821"><ele>575.0</ele></trkpt>
   <trkpt lon="-4.320587" lat="36.785053"><ele>576.4</ele></trkpt>
   <trkpt lon="-4.320494" lat="36.785326"><ele>578.4</ele></trkpt>
   <trkpt lon="-4.320508" lat="36.785429"><ele>581.0</ele></trkpt>
   <trkpt lon="-4.320585" lat="36.785450"><ele>583.8</ele></trkpt>
   <trkpt lon="-4.320661" lat="36.785431"><ele>586.9</ele></trkpt>
   <trkpt lon="-4.320709" lat="36.785364"><ele>587.5</ele></trkpt>
   <trkpt lon="-4.320801" lat="36.784999"><ele>585.3</ele></trkpt>
   <trkpt lon="-4.320914" lat="36.784686"><ele>587.6</ele></trkpt>
   <trkpt lon="-4.321053" lat="36.784404"><ele>590.9</ele></trkpt>
   <trkpt lon="-4.321168" lat="36.784321"><ele>594.5</ele></trkpt>
   <trkpt lon="-4.321323" lat="36.784358"><ele>600.4</ele></trkpt>
   <trkpt lon="-4.321359" lat="36.784422"><ele>601.6</ele></trkpt>
   <trkpt lon="-4.321370" lat="36.784534"><ele>602.2</ele></trkpt>
   <trkpt lon="-4.321224" lat="36.784849"><ele>601.0</ele></trkpt>
   <trkpt lon="-4.321099" lat="36.785243"><ele>600.6</ele></trkpt>
   <trkpt lon="-4.321133" lat="36.785605"><ele>606.7</ele></trkpt>
   <trkpt lon="-4.321272" lat="36.785965"><ele>615.5</ele></trkpt>
   <trkpt lon="-4.321453" lat="36.786210"><ele>621.7</ele></trkpt>
   <trkpt lon="-4.321877" lat="36.786513"><ele>633.4</ele></trkpt>
   <trkpt lon="-4.322224" lat="36.786642"><ele>639.4</ele></trkpt>
   <trkpt lon="-4.322696" lat="36.786795"><ele>648.2</ele></trkpt>
   <trkpt lon="-4.323270" lat="36.787005"><ele>655.7</ele></trkpt>
   <trkpt lon="-4.323642" lat="36.787216"><ele>661.0</ele></trkpt>
   <trkpt lon="-4.323903" lat="36.787497"><ele>660.5</ele></trkpt>
   <trkpt lon="-4.323949" lat="36.787748"><ele>657.4</ele></trkpt>
   <trkpt lon="-4.324056" lat="36.788188"><ele>658.4</ele></trkpt>
   <trkpt lon="-4.324157" lat="36.788432"><ele>662.8</ele></trkpt>
   <trkpt lon="-4.324324" lat="36.788553"><ele>670.0</ele></trkpt>
   <trkpt lon="-4.324892" lat="36.788640"><ele>682.4</ele></trkpt>
   <trkpt lon="-4.325527" lat="36.788879"><ele>685.3</ele></trkpt>
   <trkpt lon="-4.325965" lat="36.789319"><ele>687.6</ele></trkpt>
   <trkpt lon="-4.326183" lat="36.789500"><ele>692.6</ele></trkpt>
   <trkpt lon="-4.326311" lat="36.789587"><ele>696.4</ele></trkpt>
   <trkpt lon="-4.326330" lat="36.789711"><ele>696.1</ele></trkpt>
   <trkpt lon="-4.326133" lat="36.789915"><ele>688.3</ele></trkpt>
   <trkpt lon="-4.326110" lat="36.790028"><ele>688.6</ele></trkpt>
   <trkpt lon="-4.326149" lat="36.790904"><ele>696.5</ele></trkpt>
   <trkpt lon="-4.326048" lat="36.791125"><ele>697.2</ele></trkpt>
   <trkpt lon="-4.325851" lat="36.791376"><ele>697.8</ele></trkpt>
   <trkpt lon="-4.325765" lat="36.791489"><ele>699.3</ele></trkpt>
   <trkpt lon="-4.325048" lat="36.792214"><ele>695.0</ele></trkpt>
   <trkpt lon="-4.324778" lat="36.792524"><ele>698.3</ele></trkpt>
   <trkpt lon="-4.324018" lat="36.793497"><ele>706.3</ele></trkpt>
   <trkpt lon="-4.323715" lat="36.793754"><ele>710.1</ele></trkpt>
   <trkpt lon="-4.323495" lat="36.793987"><ele>710.6</ele></trkpt>
   <trkpt lon="-4.323428" lat="36.794263"><ele>713.9</ele></trkpt>
   <trkpt lon="-4.323342" lat="36.794510"><ele>717.7</ele></trkpt>
   <trkpt lon="-4.323045" lat="36.794771"><ele>714.6</ele></trkpt>
   <trkpt lon="-4.322851" lat="36.795103"><ele>720.0</ele></trkpt>
   <trkpt lon="-4.322863" lat="36.795340"><ele>726.9</ele></trkpt>
   <trkpt lon="-4.322957" lat="36.795793"><ele>731.9</ele></trkpt>
   <trkpt lon="-4.323038" lat="36.795989"><ele>735.4</ele></trkpt>
   <trkpt lon="-4.323026" lat="36.796125"><ele>735.4</ele></trkpt>
   <trkpt lon="-4.322892" lat="36.796416"><ele>732.1</ele></trkpt>
   <trkpt lon="-4.322779" lat="36.796738"><ele>735.2</ele></trkpt>
   <trkpt lon="-4.322568" lat="36.797002"><ele>732.4</ele></trkpt>
   <trkpt lon="-4.322436" lat="36.797228"><ele>730.4</ele></trkpt>
   <trkpt lon="-4.322276" lat="36.797583"><ele>730.8</ele></trkpt>
   <trkpt lon="-4.322242" lat="36.797845"><ele>736.5</ele></trkpt>
   <trkpt lon="-4.322191" lat="36.797975"><ele>737.9</ele></trkpt>
   <trkpt lon="-4.322063" lat="36.798115"><ele>736.7</ele></trkpt>
   <trkpt lon="-4.321984" lat="36.798220"><ele>736.3</ele></trkpt>
   <trkpt lon="-4.321869" lat="36.798801"><ele>742.5</ele></trkpt>
   <trkpt lon="-4.321928" lat="36.799159"><ele>749.0</ele></trkpt>
   <trkpt lon="-4.321838" lat="36.799524"><ele>747.2</ele></trkpt>
   <trkpt lon="-4.321783" lat="36.799907"><ele>749.9</ele></trkpt>
   <trkpt lon="-4.321652" lat="36.800161"><ele>747.9</ele></trkpt>
   <trkpt lon="-4.321489" lat="36.800352"><ele>748.6</ele></trkpt>
   <trkpt lon="-4.321317" lat="36.800507"><ele>749.8</ele></trkpt>
   <trkpt lon="-4.320726" lat="36.800801"><ele>752.5</ele></trkpt>
   <trkpt lon="-4.320565" lat="36.800944"><ele>752.8</ele></trkpt>
   <trkpt lon="-4.320450" lat="36.801101"><ele>754.7</ele></trkpt>
   <trkpt lon="-4.320326" lat="36.801201"><ele>754.7</ele></trkpt>
   <trkpt lon="-4.319970" lat="36.801325"><ele>754.3</ele></trkpt>
   <trkpt lon="-4.319191" lat="36.801435"><ele>754.8</ele></trkpt>
   <trkpt lon="-4.318665" lat="36.801438"><ele>751.7</ele></trkpt>
   <trkpt lon="-4.318125" lat="36.801542"><ele>749.9</ele></trkpt>
   <trkpt lon="-4.317461" lat="36.801570"><ele>744.4</ele></trkpt>
   <trkpt lon="-4.316957" lat="36.801671"><ele>746.7</ele></trkpt>
   <trkpt lon="-4.315956" lat="36.801719"><ele>745.0</ele></trkpt>
   <trkpt lon="-4.315511" lat="36.801737"><ele>745.8</ele></trkpt>
   <trkpt lon="-4.315170" lat="36.801662"><ele>744.2</ele></trkpt>
   <trkpt lon="-4.314489" lat="36.801253"><ele>734.8</ele></trkpt>
   <trkpt lon="-4.314057" lat="36.801105"><ele>731.9</ele></trkpt>
   <trkpt lon="-4.312725" lat="36.800854"><ele>730.2</ele></trkpt>
   <trkpt lon="-4.312444" lat="36.800765"><ele>735.2</ele></trkpt>
   <trkpt lon="-4.312036" lat="36.800481"><ele>738.1</ele></trkpt>
   <trkpt lon="-4.311803" lat="36.800343"><ele>737.3</ele></trkpt>
   <trkpt lon="-4.311533" lat="36.800170"><ele>736.8</ele></trkpt>
   <trkpt lon="-4.311196" lat="36.799958"><ele>735.0</ele></trkpt>
   <trkpt lon="-4.310502" lat="36.799610"><ele>739.6</ele></trkpt>
   <trkpt lon="-4.309414" lat="36.799329"><ele>735.3</ele></trkpt>
   <trkpt lon="-4.308678" lat="36.799120"><ele>734.0</ele></trkpt>
   <trkpt lon="-4.308437" lat="36.799072"><ele>731.2</ele></trkpt>
   <trkpt lon="-4.307931" lat="36.799064"><ele>728.2</ele></trkpt>
   <trkpt lon="-4.307018" lat="36.799254"><ele>735.9</ele></trkpt>
   <trkpt lon="-4.306238" lat="36.799460"><ele>735.1</ele></trkpt>
   <trkpt lon="-4.305892" lat="36.799615"><ele>738.8</ele></trkpt>
   <trkpt lon="-4.305566" lat="36.799705"><ele>744.2</ele></trkpt>
   <trkpt lon="-4.305190" lat="36.799710"><ele>748.7</ele></trkpt>
   <trkpt lon="-4.304654" lat="36.799581"><ele>745.9</ele></trkpt>
   <trkpt lon="-4.304455" lat="36.799551"><ele>743.2</ele></trkpt>
   <trkpt lon="-4.304216" lat="36.799557"><ele>740.7</ele></trkpt>
   <trkpt lon="-4.303927" lat="36.799644"><ele>745.0</ele></trkpt>
   <trkpt lon="-4.303612" lat="36.799685"><ele>748.5</ele></trkpt>
   <trkpt lon="-4.303017" lat="36.799650"><ele>743.5</ele></trkpt>
   <trkpt lon="-4.302196" lat="36.799762"><ele>757.8</ele></trkpt>
   <trkpt lon="-4.301868" lat="36.799733"><ele>768.3</ele></trkpt>
   <trkpt lon="-4.301638" lat="36.799610"><ele>772.1</ele></trkpt>
   <trkpt lon="-4.301462" lat="36.799395"><ele>768.2</ele></trkpt>
   <trkpt lon="-4.301280" lat="36.799223"><ele>763.5</ele></trkpt>
   <trkpt lon="-4.300742" lat="36.799030"><ele>770.4</ele></trkpt>
   <trkpt lon="-4.299976" lat="36.798699"><ele>777.2</ele></trkpt>
   <trkpt lon="-4.299713" lat="36.798519"><ele>776.7</ele></trkpt>
   <trkpt lon="-4.299010" lat="36.798240"><ele>782.7</ele></trkpt>
   <trkpt lon="-4.298786" lat="36.798161"><ele>788.1</ele></trkpt>
   <trkpt lon="-4.298582" lat="36.798029"><ele>794.0</ele></trkpt>
   <trkpt lon="-4.298455" lat="36.797828"><ele>793.7</ele></trkpt>
   <trkpt lon="-4.298422" lat="36.797464"><ele>777.8</ele></trkpt>
   <trkpt lon="-4.298134" lat="36.797297"><ele>767.9</ele></trkpt>
   <trkpt lon="-4.297734" lat="36.797328"><ele>768.5</ele></trkpt>
   <trkpt lon="-4.297285" lat="36.797430"><ele>785.7</ele></trkpt>
   <trkpt lon="-4.296964" lat="36.797347"><ele>798.9</ele></trkpt>
   <trkpt lon="-4.296815" lat="36.797208"><ele>803.4</ele></trkpt>
   <trkpt lon="-4.296666" lat="36.796860"><ele>801.0</ele></trkpt>
   <trkpt lon="-4.296315" lat="36.796352"><ele>803.6</ele></trkpt>
   <trkpt lon="-4.296270" lat="36.796146"><ele>799.5</ele></trkpt>
   <trkpt lon="-4.296100" lat="36.795822"><ele>786.9</ele></trkpt>
   <trkpt lon="-4.295815" lat="36.795713"><ele>778.4</ele></trkpt>
   <trkpt lon="-4.295545" lat="36.795789"><ele>776.7</ele></trkpt>
   <trkpt lon="-4.295207" lat="36.796174"><ele>783.1</ele></trkpt>
   <trkpt lon="-4.294975" lat="36.796326"><ele>785.3</ele></trkpt>
   <trkpt lon="-4.294400" lat="36.796583"><ele>779.4</ele></trkpt>
   <trkpt lon="-4.294033" lat="36.797496"><ele>788.2</ele></trkpt>
   <trkpt lon="-4.293889" lat="36.797737"><ele>796.0</ele></trkpt>
   <trkpt lon="-4.293643" lat="36.797835"><ele>802.2</ele></trkpt>
   <trkpt lon="-4.293345" lat="36.797826"><ele>809.2</ele></trkpt>
   <trkpt lon="-4.292863" lat="36.797578"><ele>805.6</ele></trkpt>
   <trkpt lon="-4.292537" lat="36.797456"><ele>802.9</ele></trkpt>
   <trkpt lon="-4.292325" lat="36.797471"><ele>800.3</ele></trkpt>
   <trkpt lon="-4.292135" lat="36.797553"><ele>795.8</ele></trkpt>
   <trkpt lon="-4.292053" lat="36.797663"><ele>794.5</ele></trkpt>
   <trkpt lon="-4.291469" lat="36.798855"><ele>806.6</ele></trkpt>
   <trkpt lon="-4.290558" lat="36.799323"><ele>817.0</ele></trkpt>
   <trkpt lon="-4.290304" lat="36.799359"><ele>826.0</ele></trkpt>
   <trkpt lon="-4.290129" lat="36.799318"><ele>830.6</ele></trkpt>
   <trkpt lon="-4.289331" lat="36.798725"><ele>826.0</ele></trkpt>
   <trkpt lon="-4.289006" lat="36.798612"><ele>817.0</ele></trkpt>
   <trkpt lon="-4.288538" lat="36.798696"><ele>812.8</ele></trkpt>
   <trkpt lon="-4.287968" lat="36.798993"><ele>821.0</ele></trkpt>
   <trkpt lon="-4.287760" lat="36.799052"><ele>823.5</ele></trkpt>
   <trkpt lon="-4.287261" lat="36.799048"><ele>818.5</ele></trkpt>
   <trkpt lon="-4.286886" lat="36.799182"><ele>817.4</ele></trkpt>
   <trkpt lon="-4.285825" lat="36.800353"><ele>831.5</ele></trkpt>
   <trkpt lon="-4.285600" lat="36.800640"><ele>837.5</ele></trkpt>
   <trkpt lon="-4.285631" lat="36.801196"><ele>844.4</ele></trkpt>
   <trkpt lon="-4.285572" lat="36.801336"><ele>843.8</ele></trkpt>
   <trkpt lon="-4.285395" lat="36.801496"><ele>843.3</ele></trkpt>
   <trkpt lon="-4.284869" lat="36.801580"><ele>838.8</ele></trkpt>
   <trkpt lon="-4.283873" lat="36.801943"><ele>833.9</ele></trkpt>
   <trkpt lon="-4.283645" lat="36.802143"><ele>838.5</ele></trkpt>
   <trkpt lon="-4.283642" lat="36.802387"><ele>841.8</ele></trkpt>
   <trkpt lon="-4.283778" lat="36.802948"><ele>844.4</ele></trkpt>
   <trkpt lon="-4.283577" lat="36.803224"><ele>839.0</ele></trkpt>
   <trkpt lon="-4.283465" lat="36.803436"><ele>841.7</ele></trkpt>
   <trkpt lon="-4.283473" lat="36.803641"><ele>846.5</ele></trkpt>
   <trkpt lon="-4.283345" lat="36.803847"><ele>843.3</ele></trkpt>
   <trkpt lon="-4.282903" lat="36.804136"><ele>842.4</ele></trkpt>
   <trkpt lon="-4.282532" lat="36.804350"><ele>842.3</ele></trkpt>
   <trkpt lon="-4.282302" lat="36.804576"><ele>843.9</ele></trkpt>
   <trkpt lon="-4.282008" lat="36.804941"><ele>850.3</ele></trkpt>
   <trkpt lon="-4.281696" lat="36.805278"><ele>861.1</ele></trkpt>
   <trkpt lon="-4.281636" lat="36.805356"><ele>862.0</ele></trkpt>
   <trkpt lon="-4.281339" lat="36.806159"><ele>863.2</ele></trkpt>
   <trkpt lon="-4.281287" lat="36.806571"><ele>858.9</ele></trkpt>
   <trkpt lon="-4.281132" lat="36.806792"><ele>859.7</ele></trkpt>
   <trkpt lon="-4.281082" lat="36.807023"><ele>856.1</ele></trkpt>
   <trkpt lon="-4.280664" lat="36.807369"><ele>855.9</ele></trkpt>
   <trkpt lon="-4.280295" lat="36.807957"><ele>840.7</ele></trkpt>
   <trkpt lon="-4.280239" lat="36.808164"><ele>835.3</ele></trkpt>
   <trkpt lon="-4.280170" lat="36.808273"><ele>831.4</ele></trkpt>
   <trkpt lon="-4.279764" lat="36.808425"><ele>815.3</ele></trkpt>
   <trkpt lon="-4.279476" lat="36.808628"><ele>805.5</ele></trkpt>
   <trkpt lon="-4.279062" lat="36.809136"><ele>807.0</ele></trkpt>
   <trkpt lon="-4.278917" lat="36.809260"><ele>809.2</ele></trkpt>
   <trkpt lon="-4.278799" lat="36.809346"><ele>809.4</ele></trkpt>
   <trkpt lon="-4.278667" lat="36.809460"><ele>808.5</ele></trkpt>
   <trkpt lon="-4.278383" lat="36.809677"><ele>803.3</ele></trkpt>
   <trkpt lon="-4.277987" lat="36.809954"><ele>798.0</ele></trkpt>
   <trkpt lon="-4.277854" lat="36.810144"><ele>799.5</ele></trkpt>
   <trkpt lon="-4.277712" lat="36.810571"><ele>804.6</ele></trkpt>
   <trkpt lon="-4.277516" lat="36.810814"><ele>802.9</ele></trkpt>
   <trkpt lon="-4.277335" lat="36.810947"><ele>801.1</ele></trkpt>
   <trkpt lon="-4.277098" lat="36.811098"><ele>800.0</ele></trkpt>
   <trkpt lon="-4.276924" lat="36.811172"><ele>797.6</ele></trkpt>
   <trkpt lon="-4.276693" lat="36.811316"><ele>796.0</ele></trkpt>
   <trkpt lon="-4.276557" lat="36.811562"><ele>799.0</ele></trkpt>
   <trkpt lon="-4.276527" lat="36.811800"><ele>803.9</ele></trkpt>
   <trkpt lon="-4.276282" lat="36.812509"><ele>796.6</ele></trkpt>
   <trkpt lon="-4.276103" lat="36.813201"><ele>791.5</ele></trkpt>
   <trkpt lon="-4.275922" lat="36.813463"><ele>788.0</ele></trkpt>
   <trkpt lon="-4.275770" lat="36.813675"><ele>787.5</ele></trkpt>
   <trkpt lon="-4.275728" lat="36.813835"><ele>789.8</ele></trkpt>
   <trkpt lon="-4.275884" lat="36.814538"><ele>809.8</ele></trkpt>
   <trkpt lon="-4.275838" lat="36.814803"><ele>812.3</ele></trkpt>
   <trkpt lon="-4.275662" lat="36.815000"><ele>808.4</ele></trkpt>
   <trkpt lon="-4.275069" lat="36.815425"><ele>789.2</ele></trkpt>
   <trkpt lon="-4.274932" lat="36.815605"><ele>785.1</ele></trkpt>
   <trkpt lon="-4.274890" lat="36.815750"><ele>786.0</ele></trkpt>
   <trkpt lon="-4.274872" lat="36.815902"><ele>788.4</ele></trkpt>
   <trkpt lon="-4.274874" lat="36.815961"><ele>789.5</ele></trkpt>
   <trkpt lon="-4.274898" lat="36.816535"><ele>802.0</ele></trkpt>
   <trkpt lon="-4.274801" lat="36.816984"><ele>808.5</ele></trkpt>
   <trkpt lon="-4.274457" lat="36.817766"><ele>815.0</ele></trkpt>
   <trkpt lon="-4.274495" lat="36.817955"><ele>814.6</ele></trkpt>
   <trkpt lon="-4.274868" lat="36.818180"><ele>800.8</ele></trkpt>
   <trkpt lon="-4.274929" lat="36.818337"><ele>800.3</ele></trkpt>
   <trkpt lon="-4.274820" lat="36.818512"><ele>807.5</ele></trkpt>
   <trkpt lon="-4.274596" lat="36.818776"><ele>811.8</ele></trkpt>
   <trkpt lon="-4.274602" lat="36.818936"><ele>809.6</ele></trkpt>
   <trkpt lon="-4.274906" lat="36.819377"><ele>795.8</ele></trkpt>
   <trkpt lon="-4.274854" lat="36.819561"><ele>799.6</ele></trkpt>
   <trkpt lon="-4.274657" lat="36.819765"><ele>802.5</ele></trkpt>
   <trkpt lon="-4.274596" lat="36.819969"><ele>800.5</ele></trkpt>
   <trkpt lon="-4.274579" lat="36.820439"><ele>795.2</ele></trkpt>
   <trkpt lon="-4.274568" lat="36.821169"><ele>789.3</ele></trkpt>
   <trkpt lon="-4.274640" lat="36.821608"><ele>787.9</ele></trkpt>
   <trkpt lon="-4.274820" lat="36.821747"><ele>781.7</ele></trkpt>
   <trkpt lon="-4.275495" lat="36.822040"><ele>760.7</ele></trkpt>
   <trkpt lon="-4.275599" lat="36.822185"><ele>763.2</ele></trkpt>
   <trkpt lon="-4.275558" lat="36.822395"><ele>769.2</ele></trkpt>
   <trkpt lon="-4.275517" lat="36.822598"><ele>770.5</ele></trkpt>
   <trkpt lon="-4.275376" lat="36.822997"><ele>772.4</ele></trkpt>
   <trkpt lon="-4.275602" lat="36.823519"><ele>764.5</ele></trkpt>
   <trkpt lon="-4.276493" lat="36.824631"><ele>751.1</ele></trkpt>
   <trkpt lon="-4.276813" lat="36.824891"><ele>743.1</ele></trkpt>
   <trkpt lon="-4.276960" lat="36.825082"><ele>741.5</ele></trkpt>
   <trkpt lon="-4.276920" lat="36.825204"><ele>741.9</ele></trkpt>
   <trkpt lon="-4.276719" lat="36.825320"><ele>744.2</ele></trkpt>
   <trkpt lon="-4.275999" lat="36.825365"><ele>753.3</ele></trkpt>
   <trkpt lon="-4.275755" lat="36.825438"><ele>755.4</ele></trkpt>
   <trkpt lon="-4.275645" lat="36.825569"><ele>754.2</ele></trkpt>
   <trkpt lon="-4.275670" lat="36.826234"><ele>742.0</ele></trkpt>
   <trkpt lon="-4.275234" lat="36.826613"><ele>742.7</ele></trkpt>
   <trkpt lon="-4.275030" lat="36.826843"><ele>736.8</ele></trkpt>
   <trkpt lon="-4.274880" lat="36.827014"><ele>733.1</ele></trkpt>
   <trkpt lon="-4.274877" lat="36.827209"><ele>730.2</ele></trkpt>
   <trkpt lon="-4.274951" lat="36.827429"><ele>726.4</ele></trkpt>
   <trkpt lon="-4.274888" lat="36.827617"><ele>726.2</ele></trkpt>
   <trkpt lon="-4.274755" lat="36.827849"><ele>725.4</ele></trkpt>
   <trkpt lon="-4.274769" lat="36.828150"><ele>726.0</ele></trkpt>
   <trkpt lon="-4.274880" lat="36.828345"><ele>724.6</ele></trkpt>
   <trkpt lon="-4.275138" lat="36.828518"><ele>716.6</ele></trkpt>
   <trkpt lon="-4.275191" lat="36.828681"><ele>716.7</ele></trkpt>
   <trkpt lon="-4.275121" lat="36.828910"><ele>719.4</ele></trkpt>
   <trkpt lon="-4.275047" lat="36.829228"><ele>718.1</ele></trkpt>
   <trkpt lon="-4.275225" lat="36.829860"><ele>702.5</ele></trkpt>
   <trkpt lon="-4.275622" lat="36.830439"><ele>697.5</ele></trkpt>
   <trkpt lon="-4.275798" lat="36.830541"><ele>695.2</ele></trkpt>
   <trkpt lon="-4.276002" lat="36.830507"><ele>691.1</ele></trkpt>
   <trkpt lon="-4.276696" lat="36.830332"><ele>674.8</ele></trkpt>
   <trkpt lon="-4.277045" lat="36.830323"><ele>673.7</ele></trkpt>
   <trkpt lon="-4.277203" lat="36.830409"><ele>677.4</ele></trkpt>
   <trkpt lon="-4.277206" lat="36.830561"><ele>683.1</ele></trkpt>
   <trkpt lon="-4.277161" lat="36.830962"><ele>692.2</ele></trkpt>
   <trkpt lon="-4.277246" lat="36.831679"><ele>689.5</ele></trkpt>
   <trkpt lon="-4.277458" lat="36.831783"><ele>680.2</ele></trkpt>
   <trkpt lon="-4.278206" lat="36.831899"><ele>656.5</ele></trkpt>
   <trkpt lon="-4.279185" lat="36.831881"><ele>645.9</ele></trkpt>
   <trkpt lon="-4.279280" lat="36.831991"><ele>649.4</ele></trkpt>
   <trkpt lon="-4.279263" lat="36.832094"><ele>653.8</ele></trkpt>
   <trkpt lon="-4.279139" lat="36.832198"><ele>660.1</ele></trkpt>
   <trkpt lon="-4.278750" lat="36.832348"><ele>664.6</ele></trkpt>
   <trkpt lon="-4.278288" lat="36.832786"><ele>667.2</ele></trkpt>
   <trkpt lon="-4.277890" lat="36.832999"><ele>665.8</ele></trkpt>
   <trkpt lon="-4.277394" lat="36.833229"><ele>665.8</ele></trkpt>
   <trkpt lon="-4.277290" lat="36.833380"><ele>663.6</ele></trkpt>
   <trkpt lon="-4.277495" lat="36.833934"><ele>643.7</ele></trkpt>
   <trkpt lon="-4.277429" lat="36.834050"><ele>642.0</ele></trkpt>
   <trkpt lon="-4.276904" lat="36.834213"><ele>645.4</ele></trkpt>
   <trkpt lon="-4.276771" lat="36.834278"><ele>644.8</ele></trkpt>
   <trkpt lon="-4.276496" lat="36.834883"><ele>628.4</ele></trkpt>
   <trkpt lon="-4.276382" lat="36.834982"><ele>623.1</ele></trkpt>
   <trkpt lon="-4.276223" lat="36.835006"><ele>619.1</ele></trkpt>
   <trkpt lon="-4.276031" lat="36.834933"><ele>615.0</ele></trkpt>
   <trkpt lon="-4.275788" lat="36.834765"><ele>611.7</ele></trkpt>
   <trkpt lon="-4.275597" lat="36.834565"><ele>611.5</ele></trkpt>
   <trkpt lon="-4.275156" lat="36.834129"><ele>619.4</ele></trkpt>
   <trkpt lon="-4.274620" lat="36.834015"><ele>616.3</ele></trkpt>
   <trkpt lon="-4.274093" lat="36.833957"><ele>605.1</ele></trkpt>
   <trkpt lon="-4.273704" lat="36.833758"><ele>590.0</ele></trkpt>
   <trkpt lon="-4.273603" lat="36.833772"><ele>586.9</ele></trkpt>
   <trkpt lon="-4.273571" lat="36.833846"><ele>588.5</ele></trkpt>
   <trkpt lon="-4.273962" lat="36.834178"><ele>594.7</ele></trkpt>
   <trkpt lon="-4.274516" lat="36.834226"><ele>605.2</ele></trkpt>
   <trkpt lon="-4.274869" lat="36.834366"><ele>602.6</ele></trkpt>
   <trkpt lon="-4.275156" lat="36.834748"><ele>591.2</ele></trkpt>
   <trkpt lon="-4.275217" lat="36.835124"><ele>580.9</ele></trkpt>
   <trkpt lon="-4.275368" lat="36.835275"><ele>582.3</ele></trkpt>
   <trkpt lon="-4.275611" lat="36.835437"><ele>585.2</ele></trkpt>
   <trkpt lon="-4.275782" lat="36.835653"><ele>581.7</ele></trkpt>
   <trkpt lon="-4.276113" lat="36.835790"><ele>584.0</ele></trkpt>
   <trkpt lon="-4.276295" lat="36.836140"><ele>574.9</ele></trkpt>
   <trkpt lon="-4.276444" lat="36.836383"><ele>570.9</ele></trkpt>
   <trkpt lon="-4.276546" lat="36.836529"><ele>569.3</ele></trkpt>
   <trkpt lon="-4.276860" lat="36.836710"><ele>571.2</ele></trkpt>
   <trkpt lon="-4.277181" lat="36.836851"><ele>571.2</ele></trkpt>
   <trkpt lon="-4.277394" lat="36.836975"><ele>568.5</ele></trkpt>
   <trkpt lon="-4.277559" lat="36.836982"><ele>570.6</ele></trkpt>
   <trkpt lon="-4.277692" lat="36.836926"><ele>571.7</ele></trkpt>
   <trkpt lon="-4.277881" lat="36.836793"><ele>571.9</ele></trkpt>
   <trkpt lon="-4.278032" lat="36.836795"><ele>566.8</ele></trkpt>
   <trkpt lon="-4.278061" lat="36.836900"><ele>565.2</ele></trkpt>
   <trkpt lon="-4.277541" lat="36.837198"><ele>561.5</ele></trkpt>
   <trkpt lon="-4.277335" lat="36.837207"><ele>557.6</ele></trkpt>
   <trkpt lon="-4.276600" lat="36.836957"><ele>558.2</ele></trkpt>
   <trkpt lon="-4.276405" lat="36.836934"><ele>556.2</ele></trkpt>
   <trkpt lon="-4.276274" lat="36.836952"><ele>554.2</ele></trkpt>
   <trkpt lon="-4.275826" lat="36.837197"><ele>546.1</ele></trkpt>
   <trkpt lon="-4.275625" lat="36.837641"><ele>545.3</ele></trkpt>
   <trkpt lon="-4.275458" lat="36.837792"><ele>543.2</ele></trkpt>
   <trkpt lon="-4.275083" lat="36.837971"><ele>541.0</ele></trkpt>
   <trkpt lon="-4.274936" lat="36.838118"><ele>537.8</ele></trkpt>
   <trkpt lon="-4.274762" lat="36.838515"><ele>529.0</ele></trkpt>
   <trkpt lon="-4.274403" lat="36.839365"><ele>527.5</ele></trkpt>
   <trkpt lon="-4.274242" lat="36.839546"><ele>530.0</ele></trkpt>
   <trkpt lon="-4.274001" lat="36.839706"><ele>534.4</ele></trkpt>
   <trkpt lon="-4.273724" lat="36.839826"><ele>535.9</ele></trkpt>
   <trkpt lon="-4.273500" lat="36.839877"><ele>536.9</ele></trkpt>
   <trkpt lon="-4.273182" lat="36.839885"><ele>538.7</ele></trkpt>
   <trkpt lon="-4.272642" lat="36.840103"><ele>538.9</ele></trkpt>
   <trkpt lon="-4.272520" lat="36.840230"><ele>538.8</ele></trkpt>
   <trkpt lon="-4.272470" lat="36.840525"><ele>537.6</ele></trkpt>
   <trkpt lon="-4.272391" lat="36.840645"><ele>537.5</ele></trkpt>
   <trkpt lon="-4.272229" lat="36.840835"><ele>536.4</ele></trkpt>
   <trkpt lon="-4.272135" lat="36.841314"><ele>528.9</ele></trkpt>
   <trkpt lon="-4.271940" lat="36.841887"><ele>517.7</ele></trkpt>
   <trkpt lon="-4.271771" lat="36.842284"><ele>522.5</ele></trkpt>
   <trkpt lon="-4.271693" lat="36.842380"><ele>526.0</ele></trkpt>
   <trkpt lon="-4.271578" lat="36.842447"><ele>528.7</ele></trkpt>
   <trkpt lon="-4.270637" lat="36.842425"><ele>526.0</ele></trkpt>
   <trkpt lon="-4.270336" lat="36.842473"><ele>527.6</ele></trkpt>
   <trkpt lon="-4.269766" lat="36.842499"><ele>528.1</ele></trkpt>
   <trkpt lon="-4.269465" lat="36.842618"><ele>530.2</ele></trkpt>
   <trkpt lon="-4.269193" lat="36.842658"><ele>532.1</ele></trkpt>
   <trkpt lon="-4.268534" lat="36.842605"><ele>527.7</ele></trkpt>
   <trkpt lon="-4.268342" lat="36.842691"><ele>529.3</ele></trkpt>
   <trkpt lon="-4.268110" lat="36.842953"><ele>538.1</ele></trkpt>
   <trkpt lon="-4.267950" lat="36.842970"><ele>537.3</ele></trkpt>
   <trkpt lon="-4.267747" lat="36.842923"><ele>532.9</ele></trkpt>
   <trkpt lon="-4.267598" lat="36.842971"><ele>531.4</ele></trkpt>
   <trkpt lon="-4.267498" lat="36.843074"><ele>530.7</ele></trkpt>
   <trkpt lon="-4.267419" lat="36.843223"><ele>530.7</ele></trkpt>
   <trkpt lon="-4.267406" lat="36.843370"><ele>532.8</ele></trkpt>
   <trkpt lon="-4.267495" lat="36.843577"><ele>540.7</ele></trkpt>
   <trkpt lon="-4.267466" lat="36.843706"><ele>543.0</ele></trkpt>
   <trkpt lon="-4.267366" lat="36.843771"><ele>542.5</ele></trkpt>
   <trkpt lon="-4.266986" lat="36.843795"><ele>535.4</ele></trkpt>
   <trkpt lon="-4.266830" lat="36.843893"><ele>535.8</ele></trkpt>
   <trkpt lon="-4.266666" lat="36.844262"><ele>544.2</ele></trkpt>
   <trkpt lon="-4.266559" lat="36.844346"><ele>546.8</ele></trkpt>
   <trkpt lon="-4.266195" lat="36.844454"><ele>551.3</ele></trkpt>
   <trkpt lon="-4.266100" lat="36.844522"><ele>553.8</ele></trkpt>
   <trkpt lon="-4.266065" lat="36.844547"><ele>554.5</ele></trkpt>
   <trkpt lon="-4.266043" lat="36.844570"><ele>554.9</ele></trkpt>
   <trkpt lon="-4.266015" lat="36.844597"><ele>555.5</ele></trkpt>
   <trkpt lon="-4.265673" lat="36.844837"><ele>558.7</ele></trkpt>
   <trkpt lon="-4.265487" lat="36.844875"><ele>556.3</ele></trkpt>
   <trkpt lon="-4.265140" lat="36.844841"><ele>552.2</ele></trkpt>
   <trkpt lon="-4.264376" lat="36.844826"><ele>544.7</ele></trkpt>
   <trkpt lon="-4.263657" lat="36.844853"><ele>551.4</ele></trkpt>
   <trkpt lon="-4.263526" lat="36.844836"><ele>553.2</ele></trkpt>
   <trkpt lon="-4.263122" lat="36.844763"><ele>558.6</ele></trkpt>
   <trkpt lon="-4.262977" lat="36.844717"><ele>559.9</ele></trkpt>
   <trkpt lon="-4.262702" lat="36.844565"><ele>555.4</ele></trkpt>
   <trkpt lon="-4.262592" lat="36.844525"><ele>553.5</ele></trkpt>
   <trkpt lon="-4.262473" lat="36.844506"><ele>560.6</ele></trkpt>
   <trkpt lon="-4.262334" lat="36.844493"><ele>563.4</ele></trkpt>
   <trkpt lon="-4.262107" lat="36.844502"><ele>569.5</ele></trkpt>
   <trkpt lon="-4.262046" lat="36.844493"><ele>571.1</ele></trkpt>
   <trkpt lon="-4.261929" lat="36.844457"><ele>573.5</ele></trkpt>
   <trkpt lon="-4.261810" lat="36.844385"><ele>574.4</ele></trkpt>
   <trkpt lon="-4.261698" lat="36.844293"><ele>574.0</ele></trkpt>
   <trkpt lon="-4.261662" lat="36.844244"><ele>573.0</ele></trkpt>
   <trkpt lon="-4.261612" lat="36.844114"><ele>568.9</ele></trkpt>
   <trkpt lon="-4.261591" lat="36.844081"><ele>567.8</ele></trkpt>
   <trkpt lon="-4.261560" lat="36.844060"><ele>567.2</ele></trkpt>
   <trkpt lon="-4.261519" lat="36.844053"><ele>567.0</ele></trkpt>
   <trkpt lon="-4.261472" lat="36.844071"><ele>567.5</ele></trkpt>
   <trkpt lon="-4.261442" lat="36.844103"><ele>569.0</ele></trkpt>
   <trkpt lon="-4.261427" lat="36.844156"><ele>571.3</ele></trkpt>
   <trkpt lon="-4.261443" lat="36.844220"><ele>574.2</ele></trkpt>
   <trkpt lon="-4.261598" lat="36.844428"><ele>581.1</ele></trkpt>
   <trkpt lon="-4.261869" lat="36.844615"><ele>578.0</ele></trkpt>
   <trkpt lon="-4.261905" lat="36.844658"><ele>577.8</ele></trkpt>
   <trkpt lon="-4.261914" lat="36.844703"><ele>578.4</ele></trkpt>
   <trkpt lon="-4.261903" lat="36.844738"><ele>579.1</ele></trkpt>
   <trkpt lon="-4.261867" lat="36.844771"><ele>580.4</ele></trkpt>
   <trkpt lon="-4.261818" lat="36.844785"><ele>581.7</ele></trkpt>
   <trkpt lon="-4.261763" lat="36.844778"><ele>582.9</ele></trkpt>
   <trkpt lon="-4.261697" lat="36.844746"><ele>584.1</ele></trkpt>
   <trkpt lon="-4.261595" lat="36.844650"><ele>585.4</ele></trkpt>
   <trkpt lon="-4.261223" lat="36.844296"><ele>576.8</ele></trkpt>
   <trkpt lon="-4.261075" lat="36.844267"><ele>572.8</ele></trkpt>
   <trkpt lon="-4.260802" lat="36.844372"><ele>574.4</ele></trkpt>
   <trkpt lon="-4.259909" lat="36.844622"><ele>578.0</ele></trkpt>
   <trkpt lon="-4.259511" lat="36.844815"><ele>584.2</ele></trkpt>
   <trkpt lon="-4.259169" lat="36.844899"><ele>583.7</ele></trkpt>
   <trkpt lon="-4.258715" lat="36.845158"><ele>602.2</ele></trkpt>
   <trkpt lon="-4.258544" lat="36.845195"><ele>608.4</ele></trkpt>
   <trkpt lon="-4.258192" lat="36.845006"><ele>603.9</ele></trkpt>
   <trkpt lon="-4.257861" lat="36.844912"><ele>601.4</ele></trkpt>
   <trkpt lon="-4.257562" lat="36.844899"><ele>604.5</ele></trkpt>
   <trkpt lon="-4.257351" lat="36.844927"><ele>610.2</ele></trkpt>
   <trkpt lon="-4.257102" lat="36.844930"><ele>616.9</ele></trkpt>
   <trkpt lon="-4.256835" lat="36.844803"><ele>620.0</ele></trkpt>
   <trkpt lon="-4.256592" lat="36.844507"><ele>618.7</ele></trkpt>
   <trkpt lon="-4.256161" lat="36.843924"><ele>613.8</ele></trkpt>
   <trkpt lon="-4.256029" lat="36.843815"><ele>611.1</ele></trkpt>
   <trkpt lon="-4.255947" lat="36.843853"><ele>611.9</ele></trkpt>
   <trkpt lon="-4.255577" lat="36.843837"><ele>608.6</ele></trkpt>
   <trkpt lon="-4.255345" lat="36.843970"><ele>608.5</ele></trkpt>
   <trkpt lon="-4.255132" lat="36.844223"><ele>610.8</ele></trkpt>
   <trkpt lon="-4.255057" lat="36.844546"><ele>619.0</ele></trkpt>
   <trkpt lon="-4.254956" lat="36.844626"><ele>621.2</ele></trkpt>
   <trkpt lon="-4.254611" lat="36.844707"><ele>624.0</ele></trkpt>
   <trkpt lon="-4.254286" lat="36.844851"><ele>631.9</ele></trkpt>
   <trkpt lon="-4.254085" lat="36.844828"><ele>634.1</ele></trkpt>
   <trkpt lon="-4.253746" lat="36.844604"><ele>630.8</ele></trkpt>
   <trkpt lon="-4.253643" lat="36.844581"><ele>630.9</ele></trkpt>
   <trkpt lon="-4.253387" lat="36.844643"><ele>634.2</ele></trkpt>
   <trkpt lon="-4.253236" lat="36.844651"><ele>635.3</ele></trkpt>
   <trkpt lon="-4.252957" lat="36.844609"><ele>635.9</ele></trkpt>
   <trkpt lon="-4.252703" lat="36.844552"><ele>635.3</ele></trkpt>
   <trkpt lon="-4.252558" lat="36.844570"><ele>635.8</ele></trkpt>
   <trkpt lon="-4.252438" lat="36.844662"><ele>637.7</ele></trkpt>
   <trkpt lon="-4.252366" lat="36.844795"><ele>640.4</ele></trkpt>
   <trkpt lon="-4.252331" lat="36.844864"><ele>641.2</ele></trkpt>
   <trkpt lon="-4.252179" lat="36.845096"><ele>640.8</ele></trkpt>
   <trkpt lon="-4.251965" lat="36.845301"><ele>640.7</ele></trkpt>
   <trkpt lon="-4.251244" lat="36.845863"><ele>639.5</ele></trkpt>
   <trkpt lon="-4.251213" lat="36.845971"><ele>640.8</ele></trkpt>
   <trkpt lon="-4.251230" lat="36.846046"><ele>642.3</ele></trkpt>
   <trkpt lon="-4.251298" lat="36.846103"><ele>644.5</ele></trkpt>
   <trkpt lon="-4.251500" lat="36.846233"><ele>651.4</ele></trkpt>
   <trkpt lon="-4.251608" lat="36.846445"><ele>653.6</ele></trkpt>
   <trkpt lon="-4.251667" lat="36.846643"><ele>655.7</ele></trkpt>
   <trkpt lon="-4.251613" lat="36.846732"><ele>655.2</ele></trkpt>
   <trkpt lon="-4.251513" lat="36.846801"><ele>653.7</ele></trkpt>
   <trkpt lon="-4.251464" lat="36.846833"><ele>653.0</ele></trkpt>
   <trkpt lon="-4.251409" lat="36.846876"><ele>652.3</ele></trkpt>
   <trkpt lon="-4.251158" lat="36.847029"><ele>653.8</ele></trkpt>
   <trkpt lon="-4.250746" lat="36.847196"><ele>655.8</ele></trkpt>
   <trkpt lon="-4.250670" lat="36.847213"><ele>656.1</ele></trkpt>
   <trkpt lon="-4.250260" lat="36.847305"><ele>660.2</ele></trkpt>
   <trkpt lon="-4.249869" lat="36.847355"><ele>661.4</ele></trkpt>
   <trkpt lon="-4.249445" lat="36.847473"><ele>665.7</ele></trkpt>
   <trkpt lon="-4.248681" lat="36.847686"><ele>666.8</ele></trkpt>
   <trkpt lon="-4.248049" lat="36.848029"><ele>670.2</ele></trkpt>
   <trkpt lon="-4.247743" lat="36.848155"><ele>668.2</ele></trkpt>
   <trkpt lon="-4.247605" lat="36.848227"><ele>667.4</ele></trkpt>
   <trkpt lon="-4.247308" lat="36.848419"><ele>670.1</ele></trkpt>
   <trkpt lon="-4.247128" lat="36.848479"><ele>667.8</ele></trkpt>
   <trkpt lon="-4.246950" lat="36.848451"><ele>659.0</ele></trkpt>
   <trkpt lon="-4.246635" lat="36.848561"><ele>652.5</ele></trkpt>
   <trkpt lon="-4.246427" lat="36.848664"><ele>650.4</ele></trkpt>
   <trkpt lon="-4.246283" lat="36.848751"><ele>650.2</ele></trkpt>
   <trkpt lon="-4.245796" lat="36.849108"><ele>654.0</ele></trkpt>
   <trkpt lon="-4.245001" lat="36.849446"><ele>641.2</ele></trkpt>
   <trkpt lon="-4.244859" lat="36.849558"><ele>638.7</ele></trkpt>
   <trkpt lon="-4.244737" lat="36.849680"><ele>637.7</ele></trkpt>
   <trkpt lon="-4.244501" lat="36.849985"><ele>639.6</ele></trkpt>
   <trkpt lon="-4.244438" lat="36.850055"><ele>640.5</ele></trkpt>
   <trkpt lon="-4.244373" lat="36.850091"><ele>640.1</ele></trkpt>
   <trkpt lon="-4.244272" lat="36.850132"><ele>639.0</ele></trkpt>
   <trkpt lon="-4.244103" lat="36.850165"><ele>635.5</ele></trkpt>
   <trkpt lon="-4.243924" lat="36.850228"><ele>632.7</ele></trkpt>
   <trkpt lon="-4.243307" lat="36.850607"><ele>639.3</ele></trkpt>
   <trkpt lon="-4.243133" lat="36.850605"><ele>640.6</ele></trkpt>
   <trkpt lon="-4.243066" lat="36.850561"><ele>639.4</ele></trkpt>
   <trkpt lon="-4.242732" lat="36.850381"><ele>634.9</ele></trkpt>
   <trkpt lon="-4.241977" lat="36.850108"><ele>617.4</ele></trkpt>
   <trkpt lon="-4.241757" lat="36.849915"><ele>614.0</ele></trkpt>
   <trkpt lon="-4.241549" lat="36.849789"><ele>608.3</ele></trkpt>
   <trkpt lon="-4.240879" lat="36.849463"><ele>598.1</ele></trkpt>
   <trkpt lon="-4.240251" lat="36.849417"><ele>590.2</ele></trkpt>
   <trkpt lon="-4.240090" lat="36.849457"><ele>586.8</ele></trkpt>
   <trkpt lon="-4.239928" lat="36.849544"><ele>581.9</ele></trkpt>
   <trkpt lon="-4.240090" lat="36.849457"><ele>586.8</ele></trkpt>
   <trkpt lon="-4.240251" lat="36.849417"><ele>590.2</ele></trkpt>
   <trkpt lon="-4.240879" lat="36.849463"><ele>598.1</ele></trkpt>
   <trkpt lon="-4.241549" lat="36.849789"><ele>608.3</ele></trkpt>
   <trkpt lon="-4.241757" lat="36.849915"><ele>614.0</ele></trkpt>
   <trkpt lon="-4.241977" lat="36.850108"><ele>617.4</ele></trkpt>
   <trkpt lon="-4.242732" lat="36.850381"><ele>634.9</ele></trkpt>
   <trkpt lon="-4.243066" lat="36.850561"><ele>639.4</ele></trkpt>
   <trkpt lon="-4.243133" lat="36.850605"><ele>640.6</ele></trkpt>
   <trkpt lon="-4.243307" lat="36.850607"><ele>639.3</ele></trkpt>
   <trkpt lon="-4.243924" lat="36.850228"><ele>632.7</ele></trkpt>
   <trkpt lon="-4.244103" lat="36.850165"><ele>635.5</ele></trkpt>
   <trkpt lon="-4.244272" lat="36.850132"><ele>639.0</ele></trkpt>
   <trkpt lon="-4.244373" lat="36.850091"><ele>640.1</ele></trkpt>
   <trkpt lon="-4.244438" lat="36.850055"><ele>640.5</ele></trkpt>
   <trkpt lon="-4.244501" lat="36.849985"><ele>639.6</ele></trkpt>
   <trkpt lon="-4.244737" lat="36.849680"><ele>637.7</ele></trkpt>
   <trkpt lon="-4.244859" lat="36.849558"><ele>638.7</ele></trkpt>
   <trkpt lon="-4.245001" lat="36.849446"><ele>641.2</ele></trkpt>
   <trkpt lon="-4.245796" lat="36.849108"><ele>654.0</ele></trkpt>
   <trkpt lon="-4.246283" lat="36.848751"><ele>650.2</ele></trkpt>
   <trkpt lon="-4.246427" lat="36.848664"><ele>650.4</ele></trkpt>
   <trkpt lon="-4.246635" lat="36.848561"><ele>652.5</ele></trkpt>
   <trkpt lon="-4.246950" lat="36.848451"><ele>659.0</ele></trkpt>
   <trkpt lon="-4.247128" lat="36.848479"><ele>667.8</ele></trkpt>
   <trkpt lon="-4.247308" lat="36.848419"><ele>670.1</ele></trkpt>
   <trkpt lon="-4.247605" lat="36.848227"><ele>667.4</ele></trkpt>
   <trkpt lon="-4.247743" lat="36.848155"><ele>668.2</ele></trkpt>
   <trkpt lon="-4.248049" lat="36.848029"><ele>670.2</ele></trkpt>
   <trkpt lon="-4.248681" lat="36.847686"><ele>666.8</ele></trkpt>
   <trkpt lon="-4.249445" lat="36.847473"><ele>665.7</ele></trkpt>
   <trkpt lon="-4.249869" lat="36.847355"><ele>661.4</ele></trkpt>
   <trkpt lon="-4.250260" lat="36.847305"><ele>660.2</ele></trkpt>
   <trkpt lon="-4.250670" lat="36.847213"><ele>656.1</ele></trkpt>
   <trkpt lon="-4.250746" lat="36.847196"><ele>655.8</ele></trkpt>
   <trkpt lon="-4.251158" lat="36.847029"><ele>653.8</ele></trkpt>
   <trkpt lon="-4.251409" lat="36.846876"><ele>652.3</ele></trkpt>
   <trkpt lon="-4.251464" lat="36.846833"><ele>653.0</ele></trkpt>
   <trkpt lon="-4.251513" lat="36.846801"><ele>653.7</ele></trkpt>
   <trkpt lon="-4.251613" lat="36.846732"><ele>655.2</ele></trkpt>
   <trkpt lon="-4.251667" lat="36.846643"><ele>655.7</ele></trkpt>
   <trkpt lon="-4.251608" lat="36.846445"><ele>653.6</ele></trkpt>
   <trkpt lon="-4.251500" lat="36.846233"><ele>651.4</ele></trkpt>
   <trkpt lon="-4.251298" lat="36.846103"><ele>644.5</ele></trkpt>
   <trkpt lon="-4.251230" lat="36.846046"><ele>642.3</ele></trkpt>
   <trkpt lon="-4.251213" lat="36.845971"><ele>640.8</ele></trkpt>
   <trkpt lon="-4.251244" lat="36.845863"><ele>639.5</ele></trkpt>
   <trkpt lon="-4.251965" lat="36.845301"><ele>640.7</ele></trkpt>
   <trkpt lon="-4.252179" lat="36.845096"><ele>640.8</ele></trkpt>
   <trkpt lon="-4.252331" lat="36.844864"><ele>641.2</ele></trkpt>
   <trkpt lon="-4.252366" lat="36.844795"><ele>640.4</ele></trkpt>
   <trkpt lon="-4.252438" lat="36.844662"><ele>637.7</ele></trkpt>
   <trkpt lon="-4.252558" lat="36.844570"><ele>635.8</ele></trkpt>
   <trkpt lon="-4.252703" lat="36.844552"><ele>635.3</ele></trkpt>
   <trkpt lon="-4.252957" lat="36.844609"><ele>635.9</ele></trkpt>
   <trkpt lon="-4.253236" lat="36.844651"><ele>635.3</ele></trkpt>
   <trkpt lon="-4.253387" lat="36.844643"><ele>634.2</ele></trkpt>
   <trkpt lon="-4.253643" lat="36.844581"><ele>630.9</ele></trkpt>
   <trkpt lon="-4.253746" lat="36.844604"><ele>630.8</ele></trkpt>
   <trkpt lon="-4.254085" lat="36.844828"><ele>634.1</ele></trkpt>
   <trkpt lon="-4.254286" lat="36.844851"><ele>631.9</ele></trkpt>
   <trkpt lon="-4.254611" lat="36.844707"><ele>624.0</ele></trkpt>
   <trkpt lon="-4.254956" lat="36.844626"><ele>621.2</ele></trkpt>
   <trkpt lon="-4.255057" lat="36.844546"><ele>619.0</ele></trkpt>
   <trkpt lon="-4.255132" lat="36.844223"><ele>610.8</ele></trkpt>
   <trkpt lon="-4.255345" lat="36.843970"><ele>608.5</ele></trkpt>
   <trkpt lon="-4.255577" lat="36.843837"><ele>608.6</ele></trkpt>
   <trkpt lon="-4.255947" lat="36.843853"><ele>611.9</ele></trkpt>
   <trkpt lon="-4.256029" lat="36.843815"><ele>611.1</ele></trkpt>
   <trkpt lon="-4.256161" lat="36.843924"><ele>613.8</ele></trkpt>
   <trkpt lon="-4.256592" lat="36.844507"><ele>618.7</ele></trkpt>
   <trkpt lon="-4.256835" lat="36.844803"><ele>620.0</ele></trkpt>
   <trkpt lon="-4.257102" lat="36.844930"><ele>616.9</ele></trkpt>
   <trkpt lon="-4.257351" lat="36.844927"><ele>610.2</ele></trkpt>
   <trkpt lon="-4.257562" lat="36.844899"><ele>604.5</ele></trkpt>
   <trkpt lon="-4.257861" lat="36.844912"><ele>601.4</ele></trkpt>
   <trkpt lon="-4.258192" lat="36.845006"><ele>603.9</ele></trkpt>
   <trkpt lon="-4.258544" lat="36.845195"><ele>608.4</ele></trkpt>
   <trkpt lon="-4.258715" lat="36.845158"><ele>602.2</ele></trkpt>
   <trkpt lon="-4.259169" lat="36.844899"><ele>583.7</ele></trkpt>
   <trkpt lon="-4.259511" lat="36.844815"><ele>584.2</ele></trkpt>
   <trkpt lon="-4.259909" lat="36.844622"><ele>578.0</ele></trkpt>
   <trkpt lon="-4.260802" lat="36.844372"><ele>574.4</ele></trkpt>
   <trkpt lon="-4.261075" lat="36.844267"><ele>572.8</ele></trkpt>
   <trkpt lon="-4.261223" lat="36.844296"><ele>576.8</ele></trkpt>
   <trkpt lon="-4.261595" lat="36.844650"><ele>585.4</ele></trkpt>
   <trkpt lon="-4.261697" lat="36.844746"><ele>584.1</ele></trkpt>
   <trkpt lon="-4.261763" lat="36.844778"><ele>582.9</ele></trkpt>
   <trkpt lon="-4.261818" lat="36.844785"><ele>581.7</ele></trkpt>
   <trkpt lon="-4.261867" lat="36.844771"><ele>580.4</ele></trkpt>
   <trkpt lon="-4.261903" lat="36.844738"><ele>579.1</ele></trkpt>
   <trkpt lon="-4.261914" lat="36.844703"><ele>578.4</ele></trkpt>
   <trkpt lon="-4.261905" lat="36.844658"><ele>577.8</ele></trkpt>
   <trkpt lon="-4.261869" lat="36.844615"><ele>578.0</ele></trkpt>
   <trkpt lon="-4.261598" lat="36.844428"><ele>581.1</ele></trkpt>
   <trkpt lon="-4.261443" lat="36.844220"><ele>574.2</ele></trkpt>
   <trkpt lon="-4.261427" lat="36.844156"><ele>571.3</ele></trkpt>
   <trkpt lon="-4.261442" lat="36.844103"><ele>569.0</ele></trkpt>
   <trkpt lon="-4.261472" lat="36.844071"><ele>567.5</ele></trkpt>
   <trkpt lon="-4.261519" lat="36.844053"><ele>567.0</ele></trkpt>
   <trkpt lon="-4.261560" lat="36.844060"><ele>567.2</ele></trkpt>
   <trkpt lon="-4.261591" lat="36.844081"><ele>567.8</ele></trkpt>
   <trkpt lon="-4.261612" lat="36.844114"><ele>568.9</ele></trkpt>
   <trkpt lon="-4.261662" lat="36.844244"><ele>573.0</ele></trkpt>
   <trkpt lon="-4.261698" lat="36.844293"><ele>574.0</ele></trkpt>
   <trkpt lon="-4.261810" lat="36.844385"><ele>574.4</ele></trkpt>
   <trkpt lon="-4.261929" lat="36.844457"><ele>573.5</ele></trkpt>
   <trkpt lon="-4.262046" lat="36.844493"><ele>571.1</ele></trkpt>
   <trkpt lon="-4.262107" lat="36.844502"><ele>569.5</ele></trkpt>
   <trkpt lon="-4.262334" lat="36.844493"><ele>563.4</ele></trkpt>
   <trkpt lon="-4.262473" lat="36.844506"><ele>560.6</ele></trkpt>
   <trkpt lon="-4.262592" lat="36.844525"><ele>553.5</ele></trkpt>
   <trkpt lon="-4.262702" lat="36.844565"><ele>555.4</ele></trkpt>
   <trkpt lon="-4.262977" lat="36.844717"><ele>559.9</ele></trkpt>
   <trkpt lon="-4.263122" lat="36.844763"><ele>558.6</ele></trkpt>
   <trkpt lon="-4.263526" lat="36.844836"><ele>553.2</ele></trkpt>
   <trkpt lon="-4.263657" lat="36.844853"><ele>551.4</ele></trkpt>
   <trkpt lon="-4.264376" lat="36.844826"><ele>544.7</ele></trkpt>
   <trkpt lon="-4.265140" lat="36.844841"><ele>552.2</ele></trkpt>
   <trkpt lon="-4.265487" lat="36.844875"><ele>556.3</ele></trkpt>
   <trkpt lon="-4.265673" lat="36.844837"><ele>558.7</ele></trkpt>
   <trkpt lon="-4.266015" lat="36.844597"><ele>555.5</ele></trkpt>
   <trkpt lon="-4.266043" lat="36.844570"><ele>554.9</ele></trkpt>
   <trkpt lon="-4.266065" lat="36.844547"><ele>554.5</ele></trkpt>
   <trkpt lon="-4.266100" lat="36.844522"><ele>553.8</ele></trkpt>
   <trkpt lon="-4.266195" lat="36.844454"><ele>551.3</ele></trkpt>
   <trkpt lon="-4.266559" lat="36.844346"><ele>546.8</ele></trkpt>
   <trkpt lon="-4.266666" lat="36.844262"><ele>544.2</ele></trkpt>
   <trkpt lon="-4.266830" lat="36.843893"><ele>535.8</ele></trkpt>
   <trkpt lon="-4.266986" lat="36.843795"><ele>535.4</ele></trkpt>
   <trkpt lon="-4.267366" lat="36.843771"><ele>542.5</ele></trkpt>
   <trkpt lon="-4.267466" lat="36.843706"><ele>543.0</ele></trkpt>
   <trkpt lon="-4.267495" lat="36.843577"><ele>540.7</ele></trkpt>
   <trkpt lon="-4.267406" lat="36.843370"><ele>532.8</ele></trkpt>
   <trkpt lon="-4.267419" lat="36.843223"><ele>530.7</ele></trkpt>
   <trkpt lon="-4.267498" lat="36.843074"><ele>530.7</ele></trkpt>
   <trkpt lon="-4.267598" lat="36.842971"><ele>531.4</ele></trkpt>
   <trkpt lon="-4.267747" lat="36.842923"><ele>532.9</ele></trkpt>
   <trkpt lon="-4.267950" lat="36.842970"><ele>537.3</ele></trkpt>
   <trkpt lon="-4.268110" lat="36.842953"><ele>538.1</ele></trkpt>
   <trkpt lon="-4.268342" lat="36.842691"><ele>529.3</ele></trkpt>
   <trkpt lon="-4.268534" lat="36.842605"><ele>527.7</ele></trkpt>
   <trkpt lon="-4.269193" lat="36.842658"><ele>532.1</ele></trkpt>
   <trkpt lon="-4.269465" lat="36.842618"><ele>530.2</ele></trkpt>
   <trkpt lon="-4.269766" lat="36.842499"><ele>528.1</ele></trkpt>
   <trkpt lon="-4.270336" lat="36.842473"><ele>527.6</ele></trkpt>
   <trkpt lon="-4.270637" lat="36.842425"><ele>526.0</ele></trkpt>
   <trkpt lon="-4.271578" lat="36.842447"><ele>528.7</ele></trkpt>
   <trkpt lon="-4.271693" lat="36.842380"><ele>526.0</ele></trkpt>
   <trkpt lon="-4.271771" lat="36.842284"><ele>522.5</ele></trkpt>
   <trkpt lon="-4.271940" lat="36.841887"><ele>517.7</ele></trkpt>
   <trkpt lon="-4.272135" lat="36.841314"><ele>528.9</ele></trkpt>
   <trkpt lon="-4.272229" lat="36.840835"><ele>536.4</ele></trkpt>
   <trkpt lon="-4.272391" lat="36.840645"><ele>537.5</ele></trkpt>
   <trkpt lon="-4.272470" lat="36.840525"><ele>537.6</ele></trkpt>
   <trkpt lon="-4.272520" lat="36.840230"><ele>538.8</ele></trkpt>
   <trkpt lon="-4.272642" lat="36.840103"><ele>538.9</ele></trkpt>
   <trkpt lon="-4.273182" lat="36.839885"><ele>538.7</ele></trkpt>
   <trkpt lon="-4.273500" lat="36.839877"><ele>536.9</ele></trkpt>
   <trkpt lon="-4.273724" lat="36.839826"><ele>535.9</ele></trkpt>
   <trkpt lon="-4.274001" lat="36.839706"><ele>534.4</ele></trkpt>
   <trkpt lon="-4.274242" lat="36.839546"><ele>530.0</ele></trkpt>
   <trkpt lon="-4.274403" lat="36.839365"><ele>527.5</ele></trkpt>
   <trkpt lon="-4.274762" lat="36.838515"><ele>529.0</ele></trkpt>
   <trkpt lon="-4.274936" lat="36.838118"><ele>537.8</ele></trkpt>
   <trkpt lon="-4.275083" lat="36.837971"><ele>541.0</ele></trkpt>
   <trkpt lon="-4.275458" lat="36.837792"><ele>543.2</ele></trkpt>
   <trkpt lon="-4.275625" lat="36.837641"><ele>545.3</ele></trkpt>
   <trkpt lon="-4.275826" lat="36.837197"><ele>546.1</ele></trkpt>
   <trkpt lon="-4.276274" lat="36.836952"><ele>554.2</ele></trkpt>
   <trkpt lon="-4.276405" lat="36.836934"><ele>556.2</ele></trkpt>
   <trkpt lon="-4.276600" lat="36.836957"><ele>558.2</ele></trkpt>
   <trkpt lon="-4.277335" lat="36.837207"><ele>557.6</ele></trkpt>
   <trkpt lon="-4.277541" lat="36.837198"><ele>561.5</ele></trkpt>
   <trkpt lon="-4.278061" lat="36.836900"><ele>565.2</ele></trkpt>
   <trkpt lon="-4.278032" lat="36.836795"><ele>566.8</ele></trkpt>
   <trkpt lon="-4.277881" lat="36.836793"><ele>571.9</ele></trkpt>
   <trkpt lon="-4.277692" lat="36.836926"><ele>571.7</ele></trkpt>
   <trkpt lon="-4.277559" lat="36.836982"><ele>570.6</ele></trkpt>
   <trkpt lon="-4.277394" lat="36.836975"><ele>568.5</ele></trkpt>
   <trkpt lon="-4.277181" lat="36.836851"><ele>571.2</ele></trkpt>
   <trkpt lon="-4.276860" lat="36.836710"><ele>571.2</ele></trkpt>
   <trkpt lon="-4.276546" lat="36.836529"><ele>569.3</ele></trkpt>
   <trkpt lon="-4.276444" lat="36.836383"><ele>570.9</ele></trkpt>
   <trkpt lon="-4.276480" lat="36.836384"><ele>572.0</ele></trkpt>
   <trkpt lon="-4.276676" lat="36.836531"><ele>572.8</ele></trkpt>
   <trkpt lon="-4.276762" lat="36.836561"><ele>574.3</ele></trkpt>
   <trkpt lon="-4.277273" lat="36.836508"><ele>585.5</ele></trkpt>
   <trkpt lon="-4.277354" lat="36.836459"><ele>585.8</ele></trkpt>
   <trkpt lon="-4.277382" lat="36.836362"><ele>587.4</ele></trkpt>
   <trkpt lon="-4.277335" lat="36.836157"><ele>588.6</ele></trkpt>
   <trkpt lon="-4.277076" lat="36.835687"><ele>598.0</ele></trkpt>
   <trkpt lon="-4.277111" lat="36.835601"><ele>598.7</ele></trkpt>
   <trkpt lon="-4.277282" lat="36.835412"><ele>598.0</ele></trkpt>
   <trkpt lon="-4.277430" lat="36.834991"><ele>602.8</ele></trkpt>
   <trkpt lon="-4.277494" lat="36.834961"><ele>601.7</ele></trkpt>
   <trkpt lon="-4.277661" lat="36.834942"><ele>598.7</ele></trkpt>
   <trkpt lon="-4.277952" lat="36.834946"><ele>595.2</ele></trkpt>
   <trkpt lon="-4.278392" lat="36.834913"><ele>594.4</ele></trkpt>
   <trkpt lon="-4.278479" lat="36.834882"><ele>594.1</ele></trkpt>
   <trkpt lon="-4.278526" lat="36.834824"><ele>594.3</ele></trkpt>
   <trkpt lon="-4.278574" lat="36.834649"><ele>595.4</ele></trkpt>
   <trkpt lon="-4.278575" lat="36.834134"><ele>595.7</ele></trkpt>
   <trkpt lon="-4.278609" lat="36.834082"><ele>594.7</ele></trkpt>
   <trkpt lon="-4.278656" lat="36.834087"><ele>593.0</ele></trkpt>
   <trkpt lon="-4.278734" lat="36.834255"><ele>586.9</ele></trkpt>
   <trkpt lon="-4.278916" lat="36.834479"><ele>578.4</ele></trkpt>
   <trkpt lon="-4.278955" lat="36.834480"><ele>576.5</ele></trkpt>
   <trkpt lon="-4.278983" lat="36.834458"><ele>575.4</ele></trkpt>
   <trkpt lon="-4.278943" lat="36.834322"><ele>577.0</ele></trkpt>
   <trkpt lon="-4.278915" lat="36.834306"><ele>578.4</ele></trkpt>
   <trkpt lon="-4.278900" lat="36.834263"><ele>579.1</ele></trkpt>
   <trkpt lon="-4.278924" lat="36.834198"><ele>579.7</ele></trkpt>
   <trkpt lon="-4.279117" lat="36.834068"><ele>578.6</ele></trkpt>
   <trkpt lon="-4.279206" lat="36.833978"><ele>580.0</ele></trkpt>
   <trkpt lon="-4.279395" lat="36.833635"><ele>587.8</ele></trkpt>
   <trkpt lon="-4.279467" lat="36.833432"><ele>594.7</ele></trkpt>
   <trkpt lon="-4.279514" lat="36.833408"><ele>594.3</ele></trkpt>
   <trkpt lon="-4.279624" lat="36.833410"><ele>590.4</ele></trkpt>
   <trkpt lon="-4.279741" lat="36.833347"><ele>591.5</ele></trkpt>
   <trkpt lon="-4.279981" lat="36.833289"><ele>590.5</ele></trkpt>
   <trkpt lon="-4.280645" lat="36.833050"><ele>589.8</ele></trkpt>
   <trkpt lon="-4.280704" lat="36.832912"><ele>591.4</ele></trkpt>
   <trkpt lon="-4.280671" lat="36.832738"><ele>594.7</ele></trkpt>
   <trkpt lon="-4.280626" lat="36.832183"><ele>604.6</ele></trkpt>
   <trkpt lon="-4.280647" lat="36.832112"><ele>604.8</ele></trkpt>
   <trkpt lon="-4.280708" lat="36.831994"><ele>603.9</ele></trkpt>
   <trkpt lon="-4.280736" lat="36.831814"><ele>604.5</ele></trkpt>
   <trkpt lon="-4.280781" lat="36.831673"><ele>600.9</ele></trkpt>
   <trkpt lon="-4.280910" lat="36.831504"><ele>595.3</ele></trkpt>
   <trkpt lon="-4.281012" lat="36.831293"><ele>583.5</ele></trkpt>
   <trkpt lon="-4.281047" lat="36.831179"><ele>578.0</ele></trkpt>
   <trkpt lon="-4.280966" lat="36.831066"><ele>572.0</ele></trkpt>
   <trkpt lon="-4.280234" lat="36.830978"><ele>583.8</ele></trkpt>
   <trkpt lon="-4.279990" lat="36.830872"><ele>585.3</ele></trkpt>
   <trkpt lon="-4.279880" lat="36.830718"><ele>581.9</ele></trkpt>
   <trkpt lon="-4.279768" lat="36.830630"><ele>582.8</ele></trkpt>
   <trkpt lon="-4.279389" lat="36.830550"><ele>597.9</ele></trkpt>
   <trkpt lon="-4.279344" lat="36.830487"><ele>599.9</ele></trkpt>
   <trkpt lon="-4.279365" lat="36.830029"><ele>596.3</ele></trkpt>
   <trkpt lon="-4.279344" lat="36.829769"><ele>594.5</ele></trkpt>
   <trkpt lon="-4.279365" lat="36.829673"><ele>593.5</ele></trkpt>
   <trkpt lon="-4.279393" lat="36.829627"><ele>592.8</ele></trkpt>
   <trkpt lon="-4.279495" lat="36.829610"><ele>591.0</ele></trkpt>
   <trkpt lon="-4.279553" lat="36.829653"><ele>589.3</ele></trkpt>
   <trkpt lon="-4.279668" lat="36.829681"><ele>587.2</ele></trkpt>
   <trkpt lon="-4.279927" lat="36.829640"><ele>590.3</ele></trkpt>
   <trkpt lon="-4.280009" lat="36.829641"><ele>591.5</ele></trkpt>
   <trkpt lon="-4.280560" lat="36.829650"><ele>602.7</ele></trkpt>
   <trkpt lon="-4.280863" lat="36.829562"><ele>610.6</ele></trkpt>
   <trkpt lon="-4.281028" lat="36.829489"><ele>615.0</ele></trkpt>
   <trkpt lon="-4.281316" lat="36.829222"><ele>625.5</ele></trkpt>
   <trkpt lon="-4.281650" lat="36.829186"><ele>621.8</ele></trkpt>
   <trkpt lon="-4.281893" lat="36.829087"><ele>624.4</ele></trkpt>
   <trkpt lon="-4.282195" lat="36.829024"><ele>623.1</ele></trkpt>
   <trkpt lon="-4.282680" lat="36.828846"><ele>619.9</ele></trkpt>
   <trkpt lon="-4.282761" lat="36.828757"><ele>619.0</ele></trkpt>
   <trkpt lon="-4.282171" lat="36.828567"><ele>633.7</ele></trkpt>
   <trkpt lon="-4.281648" lat="36.828474"><ele>647.2</ele></trkpt>
   <trkpt lon="-4.281224" lat="36.828412"><ele>658.8</ele></trkpt>
   <trkpt lon="-4.281004" lat="36.828339"><ele>665.0</ele></trkpt>
   <trkpt lon="-4.280948" lat="36.828283"><ele>666.4</ele></trkpt>
   <trkpt lon="-4.280886" lat="36.828126"><ele>669.5</ele></trkpt>
   <trkpt lon="-4.280814" lat="36.828075"><ele>671.3</ele></trkpt>
   <trkpt lon="-4.280768" lat="36.828088"><ele>672.0</ele></trkpt>
   <trkpt lon="-4.280645" lat="36.828245"><ele>670.7</ele></trkpt>
   <trkpt lon="-4.280497" lat="36.828264"><ele>669.0</ele></trkpt>
   <trkpt lon="-4.280411" lat="36.828236"><ele>669.1</ele></trkpt>
   <trkpt lon="-4.280218" lat="36.828064"><ele>672.4</ele></trkpt>
   <trkpt lon="-4.279961" lat="36.827766"><ele>677.8</ele></trkpt>
   <trkpt lon="-4.279807" lat="36.827416"><ele>683.6</ele></trkpt>
   <trkpt lon="-4.279684" lat="36.827184"><ele>684.4</ele></trkpt>
   <trkpt lon="-4.279566" lat="36.827032"><ele>684.9</ele></trkpt>
   <trkpt lon="-4.279282" lat="36.826864"><ele>686.3</ele></trkpt>
   <trkpt lon="-4.278566" lat="36.826265"><ele>701.8</ele></trkpt>
   <trkpt lon="-4.277879" lat="36.825666"><ele>718.2</ele></trkpt>
   <trkpt lon="-4.277552" lat="36.825481"><ele>726.6</ele></trkpt>
   <trkpt lon="-4.277230" lat="36.825127"><ele>733.3</ele></trkpt>
   <trkpt lon="-4.276849" lat="36.824889"><ele>741.7</ele></trkpt>
   <trkpt lon="-4.276813" lat="36.824891"><ele>743.1</ele></trkpt>
   <trkpt lon="-4.276493" lat="36.824631"><ele>751.1</ele></trkpt>
   <trkpt lon="-4.275602" lat="36.823519"><ele>764.5</ele></trkpt>
   <trkpt lon="-4.275376" lat="36.822997"><ele>772.4</ele></trkpt>
   <trkpt lon="-4.275517" lat="36.822598"><ele>770.5</ele></trkpt>
   <trkpt lon="-4.275558" lat="36.822395"><ele>769.2</ele></trkpt>
   <trkpt lon="-4.275599" lat="36.822185"><ele>763.2</ele></trkpt>
   <trkpt lon="-4.275495" lat="36.822040"><ele>760.7</ele></trkpt>
   <trkpt lon="-4.274820" lat="36.821747"><ele>781.7</ele></trkpt>
   <trkpt lon="-4.274640" lat="36.821608"><ele>787.9</ele></trkpt>
   <trkpt lon="-4.274568" lat="36.821169"><ele>789.3</ele></trkpt>
   <trkpt lon="-4.274579" lat="36.820439"><ele>795.2</ele></trkpt>
   <trkpt lon="-4.274596" lat="36.819969"><ele>800.5</ele></trkpt>
   <trkpt lon="-4.274657" lat="36.819765"><ele>802.5</ele></trkpt>
   <trkpt lon="-4.274854" lat="36.819561"><ele>799.6</ele></trkpt>
   <trkpt lon="-4.274906" lat="36.819377"><ele>795.8</ele></trkpt>
   <trkpt lon="-4.274602" lat="36.818936"><ele>809.6</ele></trkpt>
   <trkpt lon="-4.274596" lat="36.818776"><ele>811.8</ele></trkpt>
   <trkpt lon="-4.274820" lat="36.818512"><ele>807.5</ele></trkpt>
   <trkpt lon="-4.274929" lat="36.818337"><ele>800.3</ele></trkpt>
   <trkpt lon="-4.274868" lat="36.818180"><ele>800.8</ele></trkpt>
   <trkpt lon="-4.274495" lat="36.817955"><ele>814.6</ele></trkpt>
   <trkpt lon="-4.274457" lat="36.817766"><ele>815.0</ele></trkpt>
   <trkpt lon="-4.274801" lat="36.816984"><ele>808.5</ele></trkpt>
   <trkpt lon="-4.274898" lat="36.816535"><ele>802.0</ele></trkpt>
   <trkpt lon="-4.274874" lat="36.815961"><ele>789.5</ele></trkpt>
   <trkpt lon="-4.274872" lat="36.815902"><ele>788.4</ele></trkpt>
   <trkpt lon="-4.274754" lat="36.815886"><ele>782.8</ele></trkpt>
   <trkpt lon="-4.274887" lat="36.815484"><ele>781.0</ele></trkpt>
   <trkpt lon="-4.274940" lat="36.814924"><ele>779.2</ele></trkpt>
   <trkpt lon="-4.274961" lat="36.814394"><ele>771.5</ele></trkpt>
   <trkpt lon="-4.275305" lat="36.813872"><ele>769.3</ele></trkpt>
   <trkpt lon="-4.275425" lat="36.813392"><ele>762.3</ele></trkpt>
   <trkpt lon="-4.275645" lat="36.813125"><ele>765.6</ele></trkpt>
   <trkpt lon="-4.275677" lat="36.813031"><ele>765.6</ele></trkpt>
   <trkpt lon="-4.275627" lat="36.812794"><ele>760.2</ele></trkpt>
   <trkpt lon="-4.275488" lat="36.811952"><ele>752.6</ele></trkpt>
   <trkpt lon="-4.275291" lat="36.811711"><ele>747.3</ele></trkpt>
   <trkpt lon="-4.275009" lat="36.811532"><ele>732.5</ele></trkpt>
   <trkpt lon="-4.275146" lat="36.811173"><ele>725.7</ele></trkpt>
   <trkpt lon="-4.275086" lat="36.811164"><ele>723.0</ele></trkpt>
   <trkpt lon="-4.274527" lat="36.811603"><ele>718.8</ele></trkpt>
   <trkpt lon="-4.273733" lat="36.811719"><ele>706.8</ele></trkpt>
   <trkpt lon="-4.273670" lat="36.811675"><ele>703.1</ele></trkpt>
   <trkpt lon="-4.273925" lat="36.811534"><ele>701.7</ele></trkpt>
   <trkpt lon="-4.274092" lat="36.811305"><ele>695.6</ele></trkpt>
   <trkpt lon="-4.274313" lat="36.811119"><ele>694.3</ele></trkpt>
   <trkpt lon="-4.274302" lat="36.810978"><ele>687.3</ele></trkpt>
   <trkpt lon="-4.273752" lat="36.811244"><ele>682.5</ele></trkpt>
   <trkpt lon="-4.272300" lat="36.811276"><ele>658.0</ele></trkpt>
   <trkpt lon="-4.272262" lat="36.811215"><ele>655.0</ele></trkpt>
   <trkpt lon="-4.272326" lat="36.811163"><ele>654.5</ele></trkpt>
   <trkpt lon="-4.272865" lat="36.811061"><ele>656.9</ele></trkpt>
   <trkpt lon="-4.273108" lat="36.810953"><ele>653.0</ele></trkpt>
   <trkpt lon="-4.273124" lat="36.810873"><ele>648.6</ele></trkpt>
   <trkpt lon="-4.272935" lat="36.810954"><ele>651.6</ele></trkpt>
   <trkpt lon="-4.272143" lat="36.810926"><ele>641.2</ele></trkpt>
   <trkpt lon="-4.271308" lat="36.811127"><ele>635.8</ele></trkpt>
   <trkpt lon="-4.271252" lat="36.811148"><ele>635.7</ele></trkpt>
   <trkpt lon="-4.270287" lat="36.811338"><ele>623.9</ele></trkpt>
   <trkpt lon="-4.270031" lat="36.811407"><ele>620.5</ele></trkpt>
   <trkpt lon="-4.269769" lat="36.811525"><ele>617.0</ele></trkpt>
   <trkpt lon="-4.269056" lat="36.811567"><ele>604.7</ele></trkpt>
   <trkpt lon="-4.268902" lat="36.811640"><ele>604.4</ele></trkpt>
   <trkpt lon="-4.268651" lat="36.811815"><ele>602.0</ele></trkpt>
   <trkpt lon="-4.268457" lat="36.811818"><ele>598.5</ele></trkpt>
   <trkpt lon="-4.268186" lat="36.811749"><ele>594.4</ele></trkpt>
   <trkpt lon="-4.267983" lat="36.811663"><ele>589.2</ele></trkpt>
   <trkpt lon="-4.267915" lat="36.811584"><ele>585.2</ele></trkpt>
   <trkpt lon="-4.267896" lat="36.811484"><ele>582.1</ele></trkpt>
   <trkpt lon="-4.268000" lat="36.811427"><ele>582.3</ele></trkpt>
   <trkpt lon="-4.268404" lat="36.811283"><ele>581.9</ele></trkpt>
   <trkpt lon="-4.268486" lat="36.811230"><ele>581.1</ele></trkpt>
   <trkpt lon="-4.268425" lat="36.811206"><ele>579.1</ele></trkpt>
   <trkpt lon="-4.268146" lat="36.811255"><ele>577.0</ele></trkpt>
   <trkpt lon="-4.267987" lat="36.811260"><ele>575.0</ele></trkpt>
   <trkpt lon="-4.267836" lat="36.811340"><ele>576.5</ele></trkpt>
   <trkpt lon="-4.267650" lat="36.811420"><ele>576.2</ele></trkpt>
   <trkpt lon="-4.267533" lat="36.811371"><ele>573.1</ele></trkpt>
   <trkpt lon="-4.267439" lat="36.811370"><ele>571.5</ele></trkpt>
   <trkpt lon="-4.267324" lat="36.811410"><ele>569.8</ele></trkpt>
   <trkpt lon="-4.267254" lat="36.811393"><ele>568.5</ele></trkpt>
   <trkpt lon="-4.267174" lat="36.811303"><ele>564.2</ele></trkpt>
   <trkpt lon="-4.267076" lat="36.811260"><ele>561.1</ele></trkpt>
   <trkpt lon="-4.266895" lat="36.811301"><ele>559.4</ele></trkpt>
   <trkpt lon="-4.266628" lat="36.811275"><ele>553.4</ele></trkpt>
   <trkpt lon="-4.266473" lat="36.811270"><ele>550.0</ele></trkpt>
   <trkpt lon="-4.266268" lat="36.811273"><ele>545.8</ele></trkpt>
   <trkpt lon="-4.265849" lat="36.811323"><ele>542.1</ele></trkpt>
   <trkpt lon="-4.265441" lat="36.811465"><ele>543.9</ele></trkpt>
   <trkpt lon="-4.264434" lat="36.811265"><ele>530.0</ele></trkpt>
   <trkpt lon="-4.264383" lat="36.811283"><ele>529.9</ele></trkpt>
   <trkpt lon="-4.264360" lat="36.811328"><ele>530.8</ele></trkpt>
   <trkpt lon="-4.264143" lat="36.811211"><ele>525.5</ele></trkpt>
   <trkpt lon="-4.263536" lat="36.811121"><ele>520.3</ele></trkpt>
   <trkpt lon="-4.262558" lat="36.810848"><ele>502.3</ele></trkpt>
   <trkpt lon="-4.261603" lat="36.810405"><ele>486.6</ele></trkpt>
   <trkpt lon="-4.260968" lat="36.809966"><ele>477.4</ele></trkpt>
   <trkpt lon="-4.260500" lat="36.809838"><ele>470.6</ele></trkpt>
   <trkpt lon="-4.260348" lat="36.809714"><ele>464.1</ele></trkpt>
   <trkpt lon="-4.260187" lat="36.809288"><ele>460.8</ele></trkpt>
   <trkpt lon="-4.259475" lat="36.808607"><ele>443.2</ele></trkpt>
   <trkpt lon="-4.258980" lat="36.808330"><ele>437.6</ele></trkpt>
   <trkpt lon="-4.258834" lat="36.808092"><ele>437.2</ele></trkpt>
   <trkpt lon="-4.258278" lat="36.807700"><ele>433.2</ele></trkpt>
   <trkpt lon="-4.257333" lat="36.807034"><ele>422.9</ele></trkpt>
   <trkpt lon="-4.256694" lat="36.806827"><ele>417.1</ele></trkpt>
   <trkpt lon="-4.256877" lat="36.806733"><ele>415.8</ele></trkpt>
   <trkpt lon="-4.257006" lat="36.806561"><ele>411.0</ele></trkpt>
   <trkpt lon="-4.257027" lat="36.806355"><ele>402.5</ele></trkpt>
   <trkpt lon="-4.257081" lat="36.806024"><ele>389.1</ele></trkpt>
   <trkpt lon="-4.256748" lat="36.804981"><ele>356.8</ele></trkpt>
   <trkpt lon="-4.255734" lat="36.804478"><ele>342.7</ele></trkpt>
   <trkpt lon="-4.255943" lat="36.804478"><ele>341.2</ele></trkpt>
   <trkpt lon="-4.256464" lat="36.804461"><ele>333.9</ele></trkpt>
   <trkpt lon="-4.256930" lat="36.804366"><ele>332.9</ele></trkpt>
   <trkpt lon="-4.257188" lat="36.804444"><ele>335.2</ele></trkpt>
   <trkpt lon="-4.257134" lat="36.804334"><ele>334.7</ele></trkpt>
   <trkpt lon="-4.256941" lat="36.804274"><ele>332.3</ele></trkpt>
   <trkpt lon="-4.256791" lat="36.804306"><ele>330.8</ele></trkpt>
   <trkpt lon="-4.256330" lat="36.804358"><ele>332.0</ele></trkpt>
   <trkpt lon="-4.256086" lat="36.804295"><ele>333.1</ele></trkpt>
   <trkpt lon="-4.255927" lat="36.804027"><ele>327.6</ele></trkpt>
   <trkpt lon="-4.254723" lat="36.803226"><ele>311.4</ele></trkpt>
   <trkpt lon="-4.254634" lat="36.803086"><ele>310.4</ele></trkpt>
   <trkpt lon="-4.254562" lat="36.802891"><ele>311.4</ele></trkpt>
   <trkpt lon="-4.254192" lat="36.802738"><ele>305.3</ele></trkpt>
   <trkpt lon="-4.254082" lat="36.802788"><ele>303.1</ele></trkpt>
   <trkpt lon="-4.253905" lat="36.802912"><ele>302.3</ele></trkpt>
   <trkpt lon="-4.253801" lat="36.803032"><ele>301.8</ele></trkpt>
   <trkpt lon="-4.253750" lat="36.803272"><ele>300.2</ele></trkpt>
   <trkpt lon="-4.253682" lat="36.803417"><ele>298.6</ele></trkpt>
   <trkpt lon="-4.253592" lat="36.803517"><ele>297.6</ele></trkpt>
   <trkpt lon="-4.253444" lat="36.803542"><ele>296.6</ele></trkpt>
   <trkpt lon="-4.253217" lat="36.803649"><ele>297.6</ele></trkpt>
   <trkpt lon="-4.253109" lat="36.803815"><ele>296.6</ele></trkpt>
   <trkpt lon="-4.253088" lat="36.803995"><ele>295.3</ele></trkpt>
   <trkpt lon="-4.252903" lat="36.804290"><ele>295.6</ele></trkpt>
   <trkpt lon="-4.252433" lat="36.804658"><ele>299.1</ele></trkpt>
   <trkpt lon="-4.252014" lat="36.805071"><ele>291.6</ele></trkpt>
   <trkpt lon="-4.251699" lat="36.805249"><ele>286.2</ele></trkpt>
   <trkpt lon="-4.251515" lat="36.805293"><ele>286.8</ele></trkpt>
   <trkpt lon="-4.251223" lat="36.805273"><ele>285.7</ele></trkpt>
   <trkpt lon="-4.251014" lat="36.805221"><ele>283.6</ele></trkpt>
   <trkpt lon="-4.250760" lat="36.805113"><ele>283.8</ele></trkpt>
   <trkpt lon="-4.250591" lat="36.805080"><ele>283.7</ele></trkpt>
   <trkpt lon="-4.250387" lat="36.805091"><ele>283.3</ele></trkpt>
   <trkpt lon="-4.250154" lat="36.805174"><ele>282.1</ele></trkpt>
   <trkpt lon="-4.249746" lat="36.805407"><ele>284.6</ele></trkpt>
   <trkpt lon="-4.249585" lat="36.805532"><ele>283.5</ele></trkpt>
   <trkpt lon="-4.249504" lat="36.805595"><ele>283.5</ele></trkpt>
   <trkpt lon="-4.249373" lat="36.805812"><ele>281.9</ele></trkpt>
   <trkpt lon="-4.249272" lat="36.806029"><ele>279.8</ele></trkpt>
   <trkpt lon="-4.249137" lat="36.806145"><ele>279.2</ele></trkpt>
   <trkpt lon="-4.249051" lat="36.806287"><ele>278.2</ele></trkpt>
   <trkpt lon="-4.248979" lat="36.806390"><ele>278.5</ele></trkpt>
   <trkpt lon="-4.248754" lat="36.806500"><ele>277.5</ele></trkpt>
   <trkpt lon="-4.248474" lat="36.806552"><ele>275.9</ele></trkpt>
   <trkpt lon="-4.248100" lat="36.806559"><ele>274.8</ele></trkpt>
   <trkpt lon="-4.247878" lat="36.806543"><ele>274.3</ele></trkpt>
   <trkpt lon="-4.247717" lat="36.806480"><ele>274.6</ele></trkpt>
   <trkpt lon="-4.247521" lat="36.806394"><ele>276.3</ele></trkpt>
   <trkpt lon="-4.247380" lat="36.806374"><ele>277.2</ele></trkpt>
   <trkpt lon="-4.247099" lat="36.806371"><ele>279.1</ele></trkpt>
   <trkpt lon="-4.246926" lat="36.806405"><ele>279.5</ele></trkpt>
   <trkpt lon="-4.246491" lat="36.806679"><ele>274.9</ele></trkpt>
   <trkpt lon="-4.246207" lat="36.806892"><ele>269.8</ele></trkpt>
   <trkpt lon="-4.245940" lat="36.807149"><ele>266.1</ele></trkpt>
   <trkpt lon="-4.245544" lat="36.807374"><ele>264.2</ele></trkpt>
   <trkpt lon="-4.245380" lat="36.807409"><ele>264.5</ele></trkpt>
   <trkpt lon="-4.245140" lat="36.807427"><ele>264.4</ele></trkpt>
   <trkpt lon="-4.244983" lat="36.807535"><ele>264.3</ele></trkpt>
   <trkpt lon="-4.244724" lat="36.807766"><ele>266.5</ele></trkpt>
   <trkpt lon="-4.244356" lat="36.807927"><ele>270.9</ele></trkpt>
   <trkpt lon="-4.244284" lat="36.807988"><ele>272.6</ele></trkpt>
   <trkpt lon="-4.244173" lat="36.808292"><ele>272.2</ele></trkpt>
   <trkpt lon="-4.244034" lat="36.808349"><ele>271.8</ele></trkpt>
   <trkpt lon="-4.243663" lat="36.808416"><ele>269.2</ele></trkpt>
   <trkpt lon="-4.243523" lat="36.808528"><ele>264.8</ele></trkpt>
   <trkpt lon="-4.243206" lat="36.808744"><ele>257.6</ele></trkpt>
   <trkpt lon="-4.243016" lat="36.808774"><ele>254.6</ele></trkpt>
   <trkpt lon="-4.242735" lat="36.808704"><ele>247.4</ele></trkpt>
   <trkpt lon="-4.242564" lat="36.808730"><ele>247.1</ele></trkpt>
   <trkpt lon="-4.241983" lat="36.808873"><ele>249.8</ele></trkpt>
   <trkpt lon="-4.241414" lat="36.809202"><ele>254.6</ele></trkpt>
   <trkpt lon="-4.241121" lat="36.809419"><ele>253.0</ele></trkpt>
   <trkpt lon="-4.240895" lat="36.809555"><ele>250.5</ele></trkpt>
   <trkpt lon="-4.240758" lat="36.809638"><ele>248.7</ele></trkpt>
   <trkpt lon="-4.239986" lat="36.809970"><ele>238.4</ele></trkpt>
   <trkpt lon="-4.239789" lat="36.810145"><ele>238.4</ele></trkpt>
   <trkpt lon="-4.239671" lat="36.810166"><ele>238.6</ele></trkpt>
   <trkpt lon="-4.239629" lat="36.810173"><ele>238.6</ele></trkpt>
   <trkpt lon="-4.239549" lat="36.810172"><ele>238.8</ele></trkpt>
   <trkpt lon="-4.239194" lat="36.810210"><ele>238.7</ele></trkpt>
   <trkpt lon="-4.238809" lat="36.810319"><ele>236.1</ele></trkpt>
   <trkpt lon="-4.238555" lat="36.810486"><ele>235.2</ele></trkpt>
   <trkpt lon="-4.238364" lat="36.810796"><ele>234.4</ele></trkpt>
   <trkpt lon="-4.238142" lat="36.811215"><ele>239.8</ele></trkpt>
   <trkpt lon="-4.238065" lat="36.811388"><ele>241.2</ele></trkpt>
   <trkpt lon="-4.238015" lat="36.811833"><ele>239.5</ele></trkpt>
   <trkpt lon="-4.237980" lat="36.812336"><ele>235.0</ele></trkpt>
   <trkpt lon="-4.237964" lat="36.812481"><ele>233.0</ele></trkpt>
   <trkpt lon="-4.237909" lat="36.812525"><ele>233.4</ele></trkpt>
   <trkpt lon="-4.237650" lat="36.812906"><ele>228.1</ele></trkpt>
   <trkpt lon="-4.237606" lat="36.812945"><ele>227.5</ele></trkpt>
   <trkpt lon="-4.237532" lat="36.812922"><ele>228.0</ele></trkpt>
   <trkpt lon="-4.237097" lat="36.812949"><ele>228.5</ele></trkpt>
   <trkpt lon="-4.236874" lat="36.812930"><ele>229.7</ele></trkpt>
   <trkpt lon="-4.236506" lat="36.812884"><ele>231.8</ele></trkpt>
   <trkpt lon="-4.236074" lat="36.812891"><ele>230.8</ele></trkpt>
   <trkpt lon="-4.235653" lat="36.812958"><ele>228.5</ele></trkpt>
   <trkpt lon="-4.234832" lat="36.812953"><ele>236.4</ele></trkpt>
   <trkpt lon="-4.234633" lat="36.812979"><ele>236.6</ele></trkpt>
   <trkpt lon="-4.233853" lat="36.813084"><ele>221.7</ele></trkpt>
   <trkpt lon="-4.233544" lat="36.813101"><ele>218.0</ele></trkpt>
   <trkpt lon="-4.233179" lat="36.813025"><ele>218.8</ele></trkpt>
   <trkpt lon="-4.232987" lat="36.812971"><ele>221.8</ele></trkpt>
   <trkpt lon="-4.232615" lat="36.812904"><ele>224.5</ele></trkpt>
   <trkpt lon="-4.231656" lat="36.812863"><ele>216.4</ele></trkpt>
   <trkpt lon="-4.230682" lat="36.812707"><ele>209.7</ele></trkpt>
   <trkpt lon="-4.230078" lat="36.812497"><ele>206.7</ele></trkpt>
   <trkpt lon="-4.229642" lat="36.812335"><ele>206.6</ele></trkpt>
   <trkpt lon="-4.229078" lat="36.812039"><ele>204.7</ele></trkpt>
   <trkpt lon="-4.228478" lat="36.811771"><ele>211.8</ele></trkpt>
   <trkpt lon="-4.227920" lat="36.811758"><ele>211.4</ele></trkpt>
   <trkpt lon="-4.227387" lat="36.811788"><ele>208.1</ele></trkpt>
   <trkpt lon="-4.226891" lat="36.811863"><ele>203.6</ele></trkpt>
   <trkpt lon="-4.225945" lat="36.811885"><ele>200.3</ele></trkpt>
   <trkpt lon="-4.224716" lat="36.811698"><ele>197.8</ele></trkpt>
   <trkpt lon="-4.224415" lat="36.811531"><ele>196.4</ele></trkpt>
   <trkpt lon="-4.224255" lat="36.811434"><ele>194.6</ele></trkpt>
   <trkpt lon="-4.223599" lat="36.811011"><ele>200.2</ele></trkpt>
   <trkpt lon="-4.223294" lat="36.810918"><ele>212.0</ele></trkpt>
   <trkpt lon="-4.223104" lat="36.810997"><ele>215.0</ele></trkpt>
   <trkpt lon="-4.222796" lat="36.811488"><ele>206.0</ele></trkpt>
   <trkpt lon="-4.222541" lat="36.811616"><ele>203.7</ele></trkpt>
   <trkpt lon="-4.222265" lat="36.811692"><ele>199.3</ele></trkpt>
   <trkpt lon="-4.221964" lat="36.811562"><ele>203.7</ele></trkpt>
   <trkpt lon="-4.221857" lat="36.811517"><ele>204.6</ele></trkpt>
   <trkpt lon="-4.221150" lat="36.811410"><ele>198.8</ele></trkpt>
   <trkpt lon="-4.221018" lat="36.811358"><ele>197.6</ele></trkpt>
   <trkpt lon="-4.220943" lat="36.811230"><ele>197.3</ele></trkpt>
   <trkpt lon="-4.221017" lat="36.810908"><ele>201.5</ele></trkpt>
   <trkpt lon="-4.220966" lat="36.810789"><ele>203.4</ele></trkpt>
   <trkpt lon="-4.220771" lat="36.810651"><ele>203.6</ele></trkpt>
   <trkpt lon="-4.220504" lat="36.810544"><ele>199.2</ele></trkpt>
   <trkpt lon="-4.220404" lat="36.810382"><ele>197.5</ele></trkpt>
   <trkpt lon="-4.220439" lat="36.809931"><ele>203.1</ele></trkpt>
   <trkpt lon="-4.220430" lat="36.809767"><ele>206.3</ele></trkpt>
   <trkpt lon="-4.220250" lat="36.809526"><ele>205.2</ele></trkpt>
   <trkpt lon="-4.220241" lat="36.809349"><ele>207.0</ele></trkpt>
   <trkpt lon="-4.220388" lat="36.809158"><ele>214.1</ele></trkpt>
   <trkpt lon="-4.220584" lat="36.809001"><ele>218.8</ele></trkpt>
   <trkpt lon="-4.220809" lat="36.808860"><ele>221.3</ele></trkpt>
   <trkpt lon="-4.221060" lat="36.808748"><ele>222.6</ele></trkpt>
   <trkpt lon="-4.221211" lat="36.808636"><ele>222.5</ele></trkpt>
   <trkpt lon="-4.221236" lat="36.808461"><ele>226.1</ele></trkpt>
   <trkpt lon="-4.221229" lat="36.808405"><ele>227.4</ele></trkpt>
   <trkpt lon="-4.221169" lat="36.808296"><ele>231.3</ele></trkpt>
   <trkpt lon="-4.221211" lat="36.808276"><ele>231.0</ele></trkpt>
   <trkpt lon="-4.221241" lat="36.808246"><ele>231.2</ele></trkpt>
   <trkpt lon="-4.221256" lat="36.808210"><ele>232.1</ele></trkpt>
   <trkpt lon="-4.221254" lat="36.808171"><ele>233.4</ele></trkpt>
   <trkpt lon="-4.221236" lat="36.808135"><ele>235.0</ele></trkpt>
   <trkpt lon="-4.221203" lat="36.808107"><ele>237.0</ele></trkpt>
   <trkpt lon="-4.221160" lat="36.808090"><ele>238.8</ele></trkpt>
   <trkpt lon="-4.221107" lat="36.808086"><ele>240.6</ele></trkpt>
   <trkpt lon="-4.221056" lat="36.808098"><ele>241.8</ele></trkpt>
   <trkpt lon="-4.221015" lat="36.808126"><ele>241.9</ele></trkpt>
   <trkpt lon="-4.220990" lat="36.808164"><ele>241.1</ele></trkpt>
   <trkpt lon="-4.220985" lat="36.808207"><ele>239.3</ele></trkpt>
   <trkpt lon="-4.220746" lat="36.808271"><ele>242.1</ele></trkpt>
   <trkpt lon="-4.220562" lat="36.808322"><ele>243.3</ele></trkpt>
   <trkpt lon="-4.220094" lat="36.808466"><ele>238.6</ele></trkpt>
   <trkpt lon="-4.219889" lat="36.808454"><ele>239.5</ele></trkpt>
   <trkpt lon="-4.219718" lat="36.808389"><ele>246.0</ele></trkpt>
   <trkpt lon="-4.219517" lat="36.808372"><ele>251.3</ele></trkpt>
   <trkpt lon="-4.219305" lat="36.808452"><ele>256.1</ele></trkpt>
   <trkpt lon="-4.219137" lat="36.808630"><ele>256.1</ele></trkpt>
   <trkpt lon="-4.219077" lat="36.808780"><ele>254.1</ele></trkpt>
   <trkpt lon="-4.218719" lat="36.809229"><ele>254.5</ele></trkpt>
   <trkpt lon="-4.218555" lat="36.809691"><ele>251.3</ele></trkpt>
   <trkpt lon="-4.218401" lat="36.809783"><ele>250.4</ele></trkpt>
   <trkpt lon="-4.217603" lat="36.810066"><ele>237.7</ele></trkpt>
   <trkpt lon="-4.217530" lat="36.810120"><ele>237.0</ele></trkpt>
   <trkpt lon="-4.217521" lat="36.810080"><ele>236.4</ele></trkpt>
   <trkpt lon="-4.217492" lat="36.810047"><ele>235.3</ele></trkpt>
   <trkpt lon="-4.217431" lat="36.810022"><ele>233.5</ele></trkpt>
   <trkpt lon="-4.217363" lat="36.810026"><ele>232.0</ele></trkpt>
   <trkpt lon="-4.217357" lat="36.809981"><ele>231.4</ele></trkpt>
   <trkpt lon="-4.217403" lat="36.809945"><ele>232.2</ele></trkpt>
   <trkpt lon="-4.217473" lat="36.809718"><ele>232.5</ele></trkpt>
   <trkpt lon="-4.217469" lat="36.809661"><ele>232.1</ele></trkpt>
   <trkpt lon="-4.217415" lat="36.809599"><ele>230.4</ele></trkpt>
   <trkpt lon="-4.217265" lat="36.809465"><ele>226.4</ele></trkpt>
   <trkpt lon="-4.217218" lat="36.809347"><ele>225.4</ele></trkpt>
   <trkpt lon="-4.217246" lat="36.809270"><ele>227.8</ele></trkpt>
   <trkpt lon="-4.217273" lat="36.809192"><ele>230.3</ele></trkpt>
   <trkpt lon="-4.217283" lat="36.809109"><ele>232.6</ele></trkpt>
   <trkpt lon="-4.217329" lat="36.809030"><ele>235.1</ele></trkpt>
   <trkpt lon="-4.217361" lat="36.808912"><ele>239.3</ele></trkpt>
   <trkpt lon="-4.217301" lat="36.808888"><ele>239.8</ele></trkpt>
   <trkpt lon="-4.217046" lat="36.808904"><ele>237.1</ele></trkpt>
   <trkpt lon="-4.216692" lat="36.808872"><ele>233.3</ele></trkpt>
   <trkpt lon="-4.216600" lat="36.808792"><ele>232.7</ele></trkpt>
   <trkpt lon="-4.216478" lat="36.808855"><ele>229.8</ele></trkpt>
   <trkpt lon="-4.216297" lat="36.808943"><ele>225.4</ele></trkpt>
   <trkpt lon="-4.216203" lat="36.808988"><ele>223.4</ele></trkpt>
   <trkpt lon="-4.216046" lat="36.808791"><ele>219.3</ele></trkpt>
   <trkpt lon="-4.215971" lat="36.808702"><ele>216.7</ele></trkpt>
   <trkpt lon="-4.216006" lat="36.808638"><ele>217.1</ele></trkpt>
   <trkpt lon="-4.216136" lat="36.808462"><ele>218.9</ele></trkpt>
   <trkpt lon="-4.216234" lat="36.808408"><ele>221.5</ele></trkpt>
   <trkpt lon="-4.216316" lat="36.808255"><ele>222.5</ele></trkpt>
   <trkpt lon="-4.216312" lat="36.808196"><ele>221.4</ele></trkpt>
   <trkpt lon="-4.216297" lat="36.808176"><ele>220.4</ele></trkpt>
   <trkpt lon="-4.216212" lat="36.808099"><ele>215.1</ele></trkpt>
   <trkpt lon="-4.216241" lat="36.808071"><ele>215.9</ele></trkpt>
   <trkpt lon="-4.216194" lat="36.807910"><ele>209.4</ele></trkpt>
   <trkpt lon="-4.216220" lat="36.807764"><ele>205.7</ele></trkpt>
   <trkpt lon="-4.216248" lat="36.807727"><ele>206.2</ele></trkpt>
   <trkpt lon="-4.216306" lat="36.807608"><ele>206.0</ele></trkpt>
   <trkpt lon="-4.216305" lat="36.807376"><ele>203.5</ele></trkpt>
   <trkpt lon="-4.216329" lat="36.807216"><ele>203.6</ele></trkpt>
   <trkpt lon="-4.216425" lat="36.807099"><ele>207.5</ele></trkpt>
   <trkpt lon="-4.216481" lat="36.806997"><ele>209.4</ele></trkpt>
   <trkpt lon="-4.216674" lat="36.806970"><ele>215.5</ele></trkpt>
   <trkpt lon="-4.216589" lat="36.806848"><ele>213.5</ele></trkpt>
   <trkpt lon="-4.216430" lat="36.806786"><ele>208.3</ele></trkpt>
   <trkpt lon="-4.216288" lat="36.806721"><ele>203.7</ele></trkpt>
   <trkpt lon="-4.216058" lat="36.806565"><ele>197.5</ele></trkpt>
   <trkpt lon="-4.216054" lat="36.806529"><ele>197.6</ele></trkpt>
   <trkpt lon="-4.216065" lat="36.806398"><ele>198.2</ele></trkpt>
   <trkpt lon="-4.215855" lat="36.806401"><ele>193.9</ele></trkpt>
   <trkpt lon="-4.215807" lat="36.806570"><ele>192.4</ele></trkpt>
   <trkpt lon="-4.215870" lat="36.806775"><ele>193.0</ele></trkpt>
   <trkpt lon="-4.215859" lat="36.806871"><ele>192.4</ele></trkpt>
   <trkpt lon="-4.215714" lat="36.806920"><ele>193.5</ele></trkpt>
   <trkpt lon="-4.215466" lat="36.807026"><ele>201.8</ele></trkpt>
   <trkpt lon="-4.215360" lat="36.807067"><ele>207.5</ele></trkpt>
   <trkpt lon="-4.215320" lat="36.807189"><ele>209.8</ele></trkpt>
   <trkpt lon="-4.215225" lat="36.807332"><ele>213.0</ele></trkpt>
   <trkpt lon="-4.215055" lat="36.807404"><ele>217.4</ele></trkpt>
   <trkpt lon="-4.214912" lat="36.807477"><ele>218.8</ele></trkpt>
   <trkpt lon="-4.214675" lat="36.807577"><ele>220.0</ele></trkpt>
   <trkpt lon="-4.214291" lat="36.807670"><ele>222.2</ele></trkpt>
   <trkpt lon="-4.214143" lat="36.807681"><ele>224.6</ele></trkpt>
   <trkpt lon="-4.213940" lat="36.807674"><ele>231.0</ele></trkpt>
   <trkpt lon="-4.213888" lat="36.807753"><ele>230.2</ele></trkpt>
   <trkpt lon="-4.213826" lat="36.807891"><ele>228.5</ele></trkpt>
   <trkpt lon="-4.213696" lat="36.808008"><ele>229.3</ele></trkpt>
   <trkpt lon="-4.212992" lat="36.808243"><ele>239.1</ele></trkpt>
   <trkpt lon="-4.212893" lat="36.808335"><ele>238.6</ele></trkpt>
   <trkpt lon="-4.212671" lat="36.808425"><ele>241.1</ele></trkpt>
   <trkpt lon="-4.212436" lat="36.808557"><ele>239.4</ele></trkpt>
   <trkpt lon="-4.212002" lat="36.808491"><ele>239.6</ele></trkpt>
   <trkpt lon="-4.211601" lat="36.808500"><ele>231.9</ele></trkpt>
   <trkpt lon="-4.211563" lat="36.808458"><ele>230.7</ele></trkpt>
   <trkpt lon="-4.211635" lat="36.808234"><ele>232.2</ele></trkpt>
   <trkpt lon="-4.211683" lat="36.808162"><ele>234.3</ele></trkpt>
   <trkpt lon="-4.211671" lat="36.808154"><ele>234.1</ele></trkpt>
   <trkpt lon="-4.211715" lat="36.808032"><ele>236.8</ele></trkpt>
   <trkpt lon="-4.211666" lat="36.807917"><ele>236.4</ele></trkpt>
   <trkpt lon="-4.211575" lat="36.807875"><ele>234.1</ele></trkpt>
   <trkpt lon="-4.211509" lat="36.807894"><ele>232.3</ele></trkpt>
   <trkpt lon="-4.211489" lat="36.807938"><ele>231.6</ele></trkpt>
   <trkpt lon="-4.211499" lat="36.808030"><ele>231.1</ele></trkpt>
   <trkpt lon="-4.211361" lat="36.808212"><ele>225.3</ele></trkpt>
   <trkpt lon="-4.211278" lat="36.808340"><ele>222.6</ele></trkpt>
   <trkpt lon="-4.211183" lat="36.808387"><ele>221.1</ele></trkpt>
   <trkpt lon="-4.210696" lat="36.808450"><ele>210.9</ele></trkpt>
   <trkpt lon="-4.210475" lat="36.808452"><ele>207.1</ele></trkpt>
   <trkpt lon="-4.210390" lat="36.808475"><ele>206.0</ele></trkpt>
   <trkpt lon="-4.210204" lat="36.808561"><ele>204.7</ele></trkpt>
   <trkpt lon="-4.210175" lat="36.808640"><ele>205.2</ele></trkpt>
   <trkpt lon="-4.210224" lat="36.808943"><ele>216.6</ele></trkpt>
   <trkpt lon="-4.210181" lat="36.809049"><ele>219.8</ele></trkpt>
   <trkpt lon="-4.210072" lat="36.809141"><ele>221.6</ele></trkpt>
   <trkpt lon="-4.209805" lat="36.809257"><ele>220.3</ele></trkpt>
   <trkpt lon="-4.209609" lat="36.809742"><ele>232.9</ele></trkpt>
   <trkpt lon="-4.209638" lat="36.809817"><ele>235.3</ele></trkpt>
   <trkpt lon="-4.209727" lat="36.809800"><ele>236.1</ele></trkpt>
   <trkpt lon="-4.209638" lat="36.809817"><ele>235.3</ele></trkpt>
   <trkpt lon="-4.209609" lat="36.809742"><ele>232.9</ele></trkpt>
   <trkpt lon="-4.209805" lat="36.809257"><ele>220.3</ele></trkpt>
   <trkpt lon="-4.210072" lat="36.809141"><ele>221.6</ele></trkpt>
   <trkpt lon="-4.210181" lat="36.809049"><ele>219.8</ele></trkpt>
   <trkpt lon="-4.210224" lat="36.808943"><ele>216.6</ele></trkpt>
   <trkpt lon="-4.210175" lat="36.808640"><ele>205.2</ele></trkpt>
   <trkpt lon="-4.210204" lat="36.808561"><ele>204.7</ele></trkpt>
   <trkpt lon="-4.210390" lat="36.808475"><ele>206.0</ele></trkpt>
   <trkpt lon="-4.210475" lat="36.808452"><ele>207.1</ele></trkpt>
   <trkpt lon="-4.210696" lat="36.808450"><ele>210.9</ele></trkpt>
   <trkpt lon="-4.211183" lat="36.808387"><ele>221.1</ele></trkpt>
   <trkpt lon="-4.211278" lat="36.808340"><ele>222.6</ele></trkpt>
   <trkpt lon="-4.211361" lat="36.808212"><ele>225.3</ele></trkpt>
   <trkpt lon="-4.211499" lat="36.808030"><ele>231.1</ele></trkpt>
   <trkpt lon="-4.211489" lat="36.807938"><ele>231.6</ele></trkpt>
   <trkpt lon="-4.211509" lat="36.807894"><ele>232.3</ele></trkpt>
   <trkpt lon="-4.211575" lat="36.807875"><ele>234.1</ele></trkpt>
   <trkpt lon="-4.211666" lat="36.807917"><ele>236.4</ele></trkpt>
   <trkpt lon="-4.211715" lat="36.808032"><ele>236.8</ele></trkpt>
   <trkpt lon="-4.211671" lat="36.808154"><ele>234.1</ele></trkpt>
   <trkpt lon="-4.211683" lat="36.808162"><ele>234.3</ele></trkpt>
   <trkpt lon="-4.211784" lat="36.808071"><ele>238.7</ele></trkpt>
   <trkpt lon="-4.211841" lat="36.807969"><ele>242.0</ele></trkpt>
   <trkpt lon="-4.211848" lat="36.807847"><ele>243.0</ele></trkpt>
   <trkpt lon="-4.211782" lat="36.807638"><ele>241.9</ele></trkpt>
   <trkpt lon="-4.211808" lat="36.807511"><ele>240.3</ele></trkpt>
   <trkpt lon="-4.211887" lat="36.807420"><ele>240.9</ele></trkpt>
   <trkpt lon="-4.212123" lat="36.807305"><ele>247.2</ele></trkpt>
   <trkpt lon="-4.212265" lat="36.807170"><ele>251.9</ele></trkpt>
   <trkpt lon="-4.212302" lat="36.807026"><ele>252.0</ele></trkpt>
   <trkpt lon="-4.212393" lat="36.806914"><ele>255.0</ele></trkpt>
   <trkpt lon="-4.212554" lat="36.806810"><ele>263.0</ele></trkpt>
   <trkpt lon="-4.212782" lat="36.806685"><ele>272.1</ele></trkpt>
   <trkpt lon="-4.212963" lat="36.806464"><ele>282.1</ele></trkpt>
   <trkpt lon="-4.213004" lat="36.806301"><ele>288.0</ele></trkpt>
   <trkpt lon="-4.212969" lat="36.805922"><ele>296.4</ele></trkpt>
   <trkpt lon="-4.212860" lat="36.805741"><ele>296.8</ele></trkpt>
   <trkpt lon="-4.212690" lat="36.805566"><ele>297.0</ele></trkpt>
   <trkpt lon="-4.212593" lat="36.805314"><ele>291.2</ele></trkpt>
   <trkpt lon="-4.212599" lat="36.805266"><ele>290.8</ele></trkpt>
   <trkpt lon="-4.212644" lat="36.804887"><ele>283.5</ele></trkpt>
   <trkpt lon="-4.212652" lat="36.804666"><ele>280.6</ele></trkpt>
   <trkpt lon="-4.212792" lat="36.804076"><ele>284.1</ele></trkpt>
   <trkpt lon="-4.212799" lat="36.803944"><ele>285.4</ele></trkpt>
   <trkpt lon="-4.212781" lat="36.803837"><ele>285.8</ele></trkpt>
   <trkpt lon="-4.212772" lat="36.803784"><ele>286.2</ele></trkpt>
   <trkpt lon="-4.212823" lat="36.803515"><ele>292.1</ele></trkpt>
   <trkpt lon="-4.213002" lat="36.803112"><ele>302.1</ele></trkpt>
   <trkpt lon="-4.213112" lat="36.802884"><ele>301.7</ele></trkpt>
   <trkpt lon="-4.213202" lat="36.802779"><ele>303.1</ele></trkpt>
   <trkpt lon="-4.213270" lat="36.802578"><ele>301.4</ele></trkpt>
   <trkpt lon="-4.213381" lat="36.802406"><ele>305.8</ele></trkpt>
   <trkpt lon="-4.213482" lat="36.802291"><ele>310.6</ele></trkpt>
   <trkpt lon="-4.213523" lat="36.802129"><ele>311.8</ele></trkpt>
   <trkpt lon="-4.213624" lat="36.801992"><ele>313.3</ele></trkpt>
   <trkpt lon="-4.213780" lat="36.801911"><ele>316.5</ele></trkpt>
   <trkpt lon="-4.213947" lat="36.801845"><ele>319.8</ele></trkpt>
   <trkpt lon="-4.214023" lat="36.801741"><ele>319.5</ele></trkpt>
   <trkpt lon="-4.214077" lat="36.801607"><ele>318.3</ele></trkpt>
   <trkpt lon="-4.214606" lat="36.800927"><ele>333.9</ele></trkpt>
   <trkpt lon="-4.214841" lat="36.800773"><ele>342.7</ele></trkpt>
   <trkpt lon="-4.215019" lat="36.800462"><ele>354.0</ele></trkpt>
   <trkpt lon="-4.214864" lat="36.799989"><ele>360.8</ele></trkpt>
   <trkpt lon="-4.214595" lat="36.799467"><ele>365.4</ele></trkpt>
   <trkpt lon="-4.214473" lat="36.799311"><ele>365.1</ele></trkpt>
   <trkpt lon="-4.214315" lat="36.798665"><ele>373.6</ele></trkpt>
   <trkpt lon="-4.214268" lat="36.798573"><ele>375.2</ele></trkpt>
   <trkpt lon="-4.214090" lat="36.798314"><ele>383.2</ele></trkpt>
   <trkpt lon="-4.213904" lat="36.798078"><ele>389.9</ele></trkpt>
   <trkpt lon="-4.213811" lat="36.797804"><ele>399.9</ele></trkpt>
   <trkpt lon="-4.213828" lat="36.797634"><ele>406.1</ele></trkpt>
   <trkpt lon="-4.213850" lat="36.797525"><ele>409.7</ele></trkpt>
   <trkpt lon="-4.213777" lat="36.797487"><ele>410.3</ele></trkpt>
   <trkpt lon="-4.213511" lat="36.797473"><ele>403.0</ele></trkpt>
   <trkpt lon="-4.213463" lat="36.797417"><ele>403.0</ele></trkpt>
   <trkpt lon="-4.213494" lat="36.797362"><ele>405.6</ele></trkpt>
   <trkpt lon="-4.213771" lat="36.797226"><ele>417.5</ele></trkpt>
   <trkpt lon="-4.213976" lat="36.797073"><ele>424.5</ele></trkpt>
   <trkpt lon="-4.213899" lat="36.797045"><ele>424.1</ele></trkpt>
   <trkpt lon="-4.213772" lat="36.797052"><ele>422.1</ele></trkpt>
   <trkpt lon="-4.213712" lat="36.796993"><ele>422.1</ele></trkpt>
   <trkpt lon="-4.213726" lat="36.796937"><ele>423.4</ele></trkpt>
   <trkpt lon="-4.213772" lat="36.796851"><ele>425.4</ele></trkpt>
   <trkpt lon="-4.213463" lat="36.796381"><ele>423.0</ele></trkpt>
   <trkpt lon="-4.213415" lat="36.796089"><ele>422.9</ele></trkpt>
   <trkpt lon="-4.213183" lat="36.795396"><ele>429.8</ele></trkpt>
   <trkpt lon="-4.212991" lat="36.795003"><ele>433.4</ele></trkpt>
   <trkpt lon="-4.212886" lat="36.794340"><ele>448.3</ele></trkpt>
   <trkpt lon="-4.212808" lat="36.793935"><ele>463.3</ele></trkpt>
   <trkpt lon="-4.212829" lat="36.793759"><ele>469.6</ele></trkpt>
   <trkpt lon="-4.213160" lat="36.793426"><ele>473.9</ele></trkpt>
   <trkpt lon="-4.213192" lat="36.793331"><ele>476.1</ele></trkpt>
   <trkpt lon="-4.213143" lat="36.793029"><ele>480.3</ele></trkpt>
   <trkpt lon="-4.213155" lat="36.792902"><ele>479.8</ele></trkpt>
   <trkpt lon="-4.213231" lat="36.792737"><ele>476.5</ele></trkpt>
   <trkpt lon="-4.213462" lat="36.792440"><ele>472.3</ele></trkpt>
   <trkpt lon="-4.213435" lat="36.792362"><ele>469.3</ele></trkpt>
   <trkpt lon="-4.213700" lat="36.792113"><ele>469.8</ele></trkpt>
   <trkpt lon="-4.214354" lat="36.791415"><ele>467.2</ele></trkpt>
   <trkpt lon="-4.214943" lat="36.790648"><ele>454.7</ele></trkpt>
   <trkpt lon="-4.215266" lat="36.790310"><ele>452.0</ele></trkpt>
   <trkpt lon="-4.215537" lat="36.790044"><ele>453.0</ele></trkpt>
   <trkpt lon="-4.216142" lat="36.789272"><ele>467.1</ele></trkpt>
   <trkpt lon="-4.216172" lat="36.788955"><ele>462.4</ele></trkpt>
   <trkpt lon="-4.216329" lat="36.788747"><ele>459.0</ele></trkpt>
   <trkpt lon="-4.216660" lat="36.788493"><ele>458.7</ele></trkpt>
   <trkpt lon="-4.216901" lat="36.788352"><ele>462.4</ele></trkpt>
   <trkpt lon="-4.217497" lat="36.788124"><ele>469.8</ele></trkpt>
   <trkpt lon="-4.217592" lat="36.788033"><ele>466.6</ele></trkpt>
   <trkpt lon="-4.217729" lat="36.787828"><ele>461.5</ele></trkpt>
   <trkpt lon="-4.218399" lat="36.787205"><ele>469.4</ele></trkpt>
   <trkpt lon="-4.218686" lat="36.786516"><ele>478.4</ele></trkpt>
   <trkpt lon="-4.218907" lat="36.786241"><ele>478.3</ele></trkpt>
   <trkpt lon="-4.219163" lat="36.785967"><ele>477.5</ele></trkpt>
   <trkpt lon="-4.219305" lat="36.785540"><ele>476.3</ele></trkpt>
   <trkpt lon="-4.219222" lat="36.785013"><ele>482.2</ele></trkpt>
   <trkpt lon="-4.219245" lat="36.784847"><ele>488.4</ele></trkpt>
   <trkpt lon="-4.219582" lat="36.784315"><ele>500.1</ele></trkpt>
   <trkpt lon="-4.219690" lat="36.783769"><ele>489.5</ele></trkpt>
   <trkpt lon="-4.220006" lat="36.783446"><ele>500.9</ele></trkpt>
   <trkpt lon="-4.220175" lat="36.783293"><ele>510.6</ele></trkpt>
   <trkpt lon="-4.220417" lat="36.783144"><ele>517.8</ele></trkpt>
   <trkpt lon="-4.220566" lat="36.782917"><ele>520.1</ele></trkpt>
   <trkpt lon="-4.220733" lat="36.782738"><ele>514.5</ele></trkpt>
   <trkpt lon="-4.221078" lat="36.782559"><ele>501.7</ele></trkpt>
   <trkpt lon="-4.221830" lat="36.781996"><ele>493.8</ele></trkpt>
   <trkpt lon="-4.222250" lat="36.781922"><ele>498.1</ele></trkpt>
   <trkpt lon="-4.222474" lat="36.781914"><ele>501.2</ele></trkpt>
   <trkpt lon="-4.222738" lat="36.781914"><ele>504.8</ele></trkpt>
   <trkpt lon="-4.223178" lat="36.781718"><ele>504.4</ele></trkpt>
   <trkpt lon="-4.223444" lat="36.781712"><ele>510.4</ele></trkpt>
   <trkpt lon="-4.223637" lat="36.781666"><ele>514.2</ele></trkpt>
   <trkpt lon="-4.224354" lat="36.781522"><ele>509.6</ele></trkpt>
   <trkpt lon="-4.224672" lat="36.781436"><ele>505.8</ele></trkpt>
   <trkpt lon="-4.225086" lat="36.781240"><ele>501.9</ele></trkpt>
   <trkpt lon="-4.225299" lat="36.781150"><ele>501.4</ele></trkpt>
   <trkpt lon="-4.225684" lat="36.781099"><ele>502.9</ele></trkpt>
   <trkpt lon="-4.226213" lat="36.781048"><ele>504.3</ele></trkpt>
   <trkpt lon="-4.227265" lat="36.780686"><ele>513.0</ele></trkpt>
   <trkpt lon="-4.227443" lat="36.780590"><ele>505.0</ele></trkpt>
   <trkpt lon="-4.228391" lat="36.780325"><ele>505.2</ele></trkpt>
   <trkpt lon="-4.228681" lat="36.780195"><ele>505.9</ele></trkpt>
   <trkpt lon="-4.228728" lat="36.780192"><ele>506.7</ele></trkpt>
   <trkpt lon="-4.229113" lat="36.780136"><ele>506.8</ele></trkpt>
   <trkpt lon="-4.229763" lat="36.780233"><ele>509.6</ele></trkpt>
   <trkpt lon="-4.230593" lat="36.780133"><ele>501.2</ele></trkpt>
   <trkpt lon="-4.230864" lat="36.780209"><ele>502.3</ele></trkpt>
   <trkpt lon="-4.231169" lat="36.780281"><ele>503.5</ele></trkpt>
   <trkpt lon="-4.231347" lat="36.780272"><ele>503.1</ele></trkpt>
   <trkpt lon="-4.231716" lat="36.780194"><ele>502.8</ele></trkpt>
   <trkpt lon="-4.231825" lat="36.780206"><ele>505.0</ele></trkpt>
   <trkpt lon="-4.231972" lat="36.780266"><ele>508.3</ele></trkpt>
   <trkpt lon="-4.232101" lat="36.780383"><ele>512.4</ele></trkpt>
   <trkpt lon="-4.232341" lat="36.780555"><ele>514.7</ele></trkpt>
   <trkpt lon="-4.232524" lat="36.780516"><ele>511.1</ele></trkpt>
   <trkpt lon="-4.232747" lat="36.780409"><ele>504.1</ele></trkpt>
   <trkpt lon="-4.232954" lat="36.780421"><ele>502.7</ele></trkpt>
   <trkpt lon="-4.233110" lat="36.780399"><ele>500.9</ele></trkpt>
   <trkpt lon="-4.233628" lat="36.780148"><ele>490.4</ele></trkpt>
   <trkpt lon="-4.233925" lat="36.780204"><ele>496.9</ele></trkpt>
   <trkpt lon="-4.234161" lat="36.780148"><ele>493.8</ele></trkpt>
   <trkpt lon="-4.234400" lat="36.780032"><ele>486.1</ele></trkpt>
   <trkpt lon="-4.234671" lat="36.780064"><ele>488.1</ele></trkpt>
   <trkpt lon="-4.234810" lat="36.780019"><ele>487.2</ele></trkpt>
   <trkpt lon="-4.235170" lat="36.779858"><ele>494.0</ele></trkpt>
   <trkpt lon="-4.235189" lat="36.779815"><ele>494.8</ele></trkpt>
   <trkpt lon="-4.235012" lat="36.779501"><ele>488.0</ele></trkpt>
   <trkpt lon="-4.235138" lat="36.779009"><ele>494.2</ele></trkpt>
   <trkpt lon="-4.235130" lat="36.778814"><ele>495.7</ele></trkpt>
   <trkpt lon="-4.235047" lat="36.778651"><ele>495.5</ele></trkpt>
   <trkpt lon="-4.234955" lat="36.778521"><ele>493.1</ele></trkpt>
   <trkpt lon="-4.234912" lat="36.778433"><ele>491.5</ele></trkpt>
   <trkpt lon="-4.235020" lat="36.778336"><ele>491.1</ele></trkpt>
   <trkpt lon="-4.235299" lat="36.778349"><ele>492.9</ele></trkpt>
   <trkpt lon="-4.235502" lat="36.778282"><ele>490.7</ele></trkpt>
   <trkpt lon="-4.235821" lat="36.777997"><ele>481.2</ele></trkpt>
   <trkpt lon="-4.235957" lat="36.777957"><ele>481.9</ele></trkpt>
   <trkpt lon="-4.236251" lat="36.778015"><ele>488.8</ele></trkpt>
   <trkpt lon="-4.236342" lat="36.778002"><ele>490.1</ele></trkpt>
   <trkpt lon="-4.236406" lat="36.777918"><ele>489.1</ele></trkpt>
   <trkpt lon="-4.236363" lat="36.777533"><ele>488.2</ele></trkpt>
   <trkpt lon="-4.236404" lat="36.777454"><ele>490.9</ele></trkpt>
   <trkpt lon="-4.236361" lat="36.777095"><ele>492.8</ele></trkpt>
   <trkpt lon="-4.236484" lat="36.776983"><ele>494.5</ele></trkpt>
   <trkpt lon="-4.236838" lat="36.776876"><ele>496.6</ele></trkpt>
   <trkpt lon="-4.237096" lat="36.776433"><ele>486.5</ele></trkpt>
   <trkpt lon="-4.237266" lat="36.776292"><ele>487.9</ele></trkpt>
   <trkpt lon="-4.237434" lat="36.775928"><ele>489.9</ele></trkpt>
   <trkpt lon="-4.237492" lat="36.775609"><ele>493.2</ele></trkpt>
   <trkpt lon="-4.237428" lat="36.775406"><ele>491.6</ele></trkpt>
   <trkpt lon="-4.237532" lat="36.775108"><ele>494.7</ele></trkpt>
   <trkpt lon="-4.237897" lat="36.774827"><ele>497.1</ele></trkpt>
   <trkpt lon="-4.238102" lat="36.774638"><ele>498.6</ele></trkpt>
   <trkpt lon="-4.238190" lat="36.774009"><ele>494.6</ele></trkpt>
   <trkpt lon="-4.238347" lat="36.773693"><ele>495.6</ele></trkpt>
   <trkpt lon="-4.238502" lat="36.773340"><ele>500.2</ele></trkpt>
   <trkpt lon="-4.238386" lat="36.772835"><ele>507.5</ele></trkpt>
   <trkpt lon="-4.238247" lat="36.772519"><ele>505.4</ele></trkpt>
   <trkpt lon="-4.238175" lat="36.772110"><ele>497.4</ele></trkpt>
   <trkpt lon="-4.238193" lat="36.771987"><ele>498.5</ele></trkpt>
   <trkpt lon="-4.238216" lat="36.771825"><ele>499.8</ele></trkpt>
   <trkpt lon="-4.238158" lat="36.771467"><ele>500.1</ele></trkpt>
   <trkpt lon="-4.238205" lat="36.771107"><ele>503.2</ele></trkpt>
   <trkpt lon="-4.238126" lat="36.770671"><ele>501.1</ele></trkpt>
   <trkpt lon="-4.238109" lat="36.770487"><ele>500.9</ele></trkpt>
   <trkpt lon="-4.238036" lat="36.770266"><ele>500.2</ele></trkpt>
   <trkpt lon="-4.237832" lat="36.769957"><ele>500.3</ele></trkpt>
   <trkpt lon="-4.237590" lat="36.769700"><ele>505.8</ele></trkpt>
   <trkpt lon="-4.237403" lat="36.769548"><ele>507.5</ele></trkpt>
   <trkpt lon="-4.237205" lat="36.769441"><ele>508.8</ele></trkpt>
   <trkpt lon="-4.236853" lat="36.769201"><ele>502.7</ele></trkpt>
   <trkpt lon="-4.236612" lat="36.769090"><ele>501.5</ele></trkpt>
   <trkpt lon="-4.236227" lat="36.768995"><ele>495.7</ele></trkpt>
   <trkpt lon="-4.236092" lat="36.768926"><ele>492.3</ele></trkpt>
   <trkpt lon="-4.235954" lat="36.768814"><ele>490.9</ele></trkpt>
   <trkpt lon="-4.235797" lat="36.768595"><ele>488.9</ele></trkpt>
   <trkpt lon="-4.235596" lat="36.768350"><ele>486.1</ele></trkpt>
   <trkpt lon="-4.235281" lat="36.767440"><ele>487.8</ele></trkpt>
   <trkpt lon="-4.235037" lat="36.766916"><ele>489.1</ele></trkpt>
   <trkpt lon="-4.234876" lat="36.766668"><ele>490.3</ele></trkpt>
   <trkpt lon="-4.234555" lat="36.766458"><ele>482.6</ele></trkpt>
   <trkpt lon="-4.234139" lat="36.766325"><ele>484.3</ele></trkpt>
   <trkpt lon="-4.233889" lat="36.766201"><ele>482.7</ele></trkpt>
   <trkpt lon="-4.233674" lat="36.765999"><ele>477.1</ele></trkpt>
   <trkpt lon="-4.233554" lat="36.765604"><ele>472.9</ele></trkpt>
   <trkpt lon="-4.233087" lat="36.764545"><ele>465.3</ele></trkpt>
   <trkpt lon="-4.232828" lat="36.764185"><ele>463.7</ele></trkpt>
   <trkpt lon="-4.232403" lat="36.763443"><ele>473.2</ele></trkpt>
   <trkpt lon="-4.232055" lat="36.762580"><ele>469.4</ele></trkpt>
   <trkpt lon="-4.231728" lat="36.762266"><ele>459.4</ele></trkpt>
   <trkpt lon="-4.231544" lat="36.761931"><ele>453.1</ele></trkpt>
   <trkpt lon="-4.231473" lat="36.761684"><ele>453.9</ele></trkpt>
   <trkpt lon="-4.231445" lat="36.761587"><ele>454.2</ele></trkpt>
   <trkpt lon="-4.231158" lat="36.761156"><ele>457.6</ele></trkpt>
   <trkpt lon="-4.230574" lat="36.760670"><ele>445.5</ele></trkpt>
   <trkpt lon="-4.230492" lat="36.760146"><ele>444.7</ele></trkpt>
   <trkpt lon="-4.230319" lat="36.759847"><ele>444.4</ele></trkpt>
   <trkpt lon="-4.229583" lat="36.759446"><ele>421.3</ele></trkpt>
   <trkpt lon="-4.229251" lat="36.759189"><ele>412.7</ele></trkpt>
   <trkpt lon="-4.228948" lat="36.759044"><ele>408.2</ele></trkpt>
   <trkpt lon="-4.228540" lat="36.758817"><ele>398.6</ele></trkpt>
   <trkpt lon="-4.228380" lat="36.758839"><ele>397.6</ele></trkpt>
   <trkpt lon="-4.228047" lat="36.758937"><ele>398.9</ele></trkpt>
   <trkpt lon="-4.227956" lat="36.758897"><ele>399.1</ele></trkpt>
   <trkpt lon="-4.228469" lat="36.758721"><ele>393.1</ele></trkpt>
   <trkpt lon="-4.228691" lat="36.758732"><ele>396.1</ele></trkpt>
   <trkpt lon="-4.229223" lat="36.758917"><ele>403.2</ele></trkpt>
   <trkpt lon="-4.229439" lat="36.758892"><ele>400.0</ele></trkpt>
   <trkpt lon="-4.229979" lat="36.758647"><ele>396.4</ele></trkpt>
   <trkpt lon="-4.230168" lat="36.758452"><ele>397.8</ele></trkpt>
   <trkpt lon="-4.230196" lat="36.758262"><ele>400.0</ele></trkpt>
   <trkpt lon="-4.230067" lat="36.757808"><ele>396.1</ele></trkpt>
   <trkpt lon="-4.230149" lat="36.757653"><ele>395.2</ele></trkpt>
   <trkpt lon="-4.230272" lat="36.757587"><ele>395.0</ele></trkpt>
   <trkpt lon="-4.230685" lat="36.757454"><ele>393.4</ele></trkpt>
   <trkpt lon="-4.231145" lat="36.757402"><ele>397.5</ele></trkpt>
   <trkpt lon="-4.231366" lat="36.757286"><ele>398.0</ele></trkpt>
   <trkpt lon="-4.231805" lat="36.756903"><ele>396.0</ele></trkpt>
   <trkpt lon="-4.232086" lat="36.756542"><ele>390.8</ele></trkpt>
   <trkpt lon="-4.232779" lat="36.755883"><ele>393.9</ele></trkpt>
   <trkpt lon="-4.233280" lat="36.755545"><ele>391.4</ele></trkpt>
   <trkpt lon="-4.233427" lat="36.755372"><ele>387.9</ele></trkpt>
   <trkpt lon="-4.233502" lat="36.755165"><ele>384.3</ele></trkpt>
   <trkpt lon="-4.233534" lat="36.754779"><ele>383.4</ele></trkpt>
   <trkpt lon="-4.233281" lat="36.754407"><ele>373.1</ele></trkpt>
   <trkpt lon="-4.233248" lat="36.754263"><ele>370.1</ele></trkpt>
   <trkpt lon="-4.233342" lat="36.753770"><ele>372.2</ele></trkpt>
   <trkpt lon="-4.233309" lat="36.753605"><ele>372.3</ele></trkpt>
   <trkpt lon="-4.233048" lat="36.753259"><ele>365.2</ele></trkpt>
   <trkpt lon="-4.233037" lat="36.753038"><ele>361.2</ele></trkpt>
   <trkpt lon="-4.233181" lat="36.752672"><ele>360.1</ele></trkpt>
   <trkpt lon="-4.233603" lat="36.752133"><ele>369.3</ele></trkpt>
   <trkpt lon="-4.233754" lat="36.751941"><ele>368.2</ele></trkpt>
   <trkpt lon="-4.233800" lat="36.751751"><ele>366.2</ele></trkpt>
   <trkpt lon="-4.233630" lat="36.751168"><ele>365.3</ele></trkpt>
   <trkpt lon="-4.233709" lat="36.750924"><ele>365.7</ele></trkpt>
   <trkpt lon="-4.234024" lat="36.750542"><ele>364.3</ele></trkpt>
   <trkpt lon="-4.234190" lat="36.750181"><ele>360.2</ele></trkpt>
   <trkpt lon="-4.234410" lat="36.750000"><ele>354.9</ele></trkpt>
   <trkpt lon="-4.234707" lat="36.749907"><ele>351.0</ele></trkpt>
   <trkpt lon="-4.235071" lat="36.749822"><ele>344.1</ele></trkpt>
   <trkpt lon="-4.235227" lat="36.749706"><ele>341.7</ele></trkpt>
   <trkpt lon="-4.235344" lat="36.749504"><ele>338.3</ele></trkpt>
   <trkpt lon="-4.235976" lat="36.748765"><ele>325.6</ele></trkpt>
   <trkpt lon="-4.236159" lat="36.748660"><ele>320.0</ele></trkpt>
   <trkpt lon="-4.236855" lat="36.748494"><ele>320.0</ele></trkpt>
   <trkpt lon="-4.237579" lat="36.748331"><ele>321.4</ele></trkpt>
   <trkpt lon="-4.237766" lat="36.748215"><ele>319.8</ele></trkpt>
   <trkpt lon="-4.237825" lat="36.748000"><ele>314.3</ele></trkpt>
   <trkpt lon="-4.237571" lat="36.747391"><ele>301.2</ele></trkpt>
   <trkpt lon="-4.237452" lat="36.747247"><ele>296.4</ele></trkpt>
   <trkpt lon="-4.236897" lat="36.747069"><ele>293.8</ele></trkpt>
   <trkpt lon="-4.236369" lat="36.746584"><ele>276.0</ele></trkpt>
   <trkpt lon="-4.236260" lat="36.746347"><ele>271.4</ele></trkpt>
   <trkpt lon="-4.236304" lat="36.746097"><ele>268.7</ele></trkpt>
   <trkpt lon="-4.236626" lat="36.745763"><ele>268.1</ele></trkpt>
   <trkpt lon="-4.236657" lat="36.745695"><ele>268.8</ele></trkpt>
   <trkpt lon="-4.236640" lat="36.745559"><ele>268.0</ele></trkpt>
   <trkpt lon="-4.236454" lat="36.745058"><ele>259.6</ele></trkpt>
   <trkpt lon="-4.236439" lat="36.744514"><ele>261.4</ele></trkpt>
   <trkpt lon="-4.236440" lat="36.744436"><ele>261.5</ele></trkpt>
   <trkpt lon="-4.236445" lat="36.744008"><ele>254.2</ele></trkpt>
   <trkpt lon="-4.236494" lat="36.743840"><ele>250.0</ele></trkpt>
   <trkpt lon="-4.236604" lat="36.743728"><ele>249.0</ele></trkpt>
   <trkpt lon="-4.236876" lat="36.743584"><ele>249.9</ele></trkpt>
   <trkpt lon="-4.237004" lat="36.743507"><ele>250.4</ele></trkpt>
   <trkpt lon="-4.237054" lat="36.743459"><ele>250.0</ele></trkpt>
   <trkpt lon="-4.237132" lat="36.743306"><ele>247.2</ele></trkpt>
   <trkpt lon="-4.237218" lat="36.742795"><ele>243.0</ele></trkpt>
   <trkpt lon="-4.237337" lat="36.742551"><ele>243.8</ele></trkpt>
   <trkpt lon="-4.237524" lat="36.742327"><ele>241.5</ele></trkpt>
   <trkpt lon="-4.237555" lat="36.742189"><ele>238.6</ele></trkpt>
   <trkpt lon="-4.237399" lat="36.741702"><ele>230.2</ele></trkpt>
   <trkpt lon="-4.237416" lat="36.741546"><ele>228.8</ele></trkpt>
   <trkpt lon="-4.237429" lat="36.741505"><ele>228.4</ele></trkpt>
   <trkpt lon="-4.237558" lat="36.741354"><ele>226.5</ele></trkpt>
   <trkpt lon="-4.237738" lat="36.741223"><ele>224.0</ele></trkpt>
   <trkpt lon="-4.237935" lat="36.741032"><ele>224.0</ele></trkpt>
   <trkpt lon="-4.238041" lat="36.740685"><ele>226.4</ele></trkpt>
   <trkpt lon="-4.238154" lat="36.740464"><ele>231.0</ele></trkpt>
   <trkpt lon="-4.238492" lat="36.739999"><ele>226.4</ele></trkpt>
   <trkpt lon="-4.238593" lat="36.739728"><ele>221.6</ele></trkpt>
   <trkpt lon="-4.238726" lat="36.739281"><ele>221.1</ele></trkpt>
   <trkpt lon="-4.238790" lat="36.739026"><ele>221.2</ele></trkpt>
   <trkpt lon="-4.238853" lat="36.738841"><ele>225.0</ele></trkpt>
   <trkpt lon="-4.238837" lat="36.738697"><ele>226.2</ele></trkpt>
   <trkpt lon="-4.238636" lat="36.738361"><ele>226.2</ele></trkpt>
   <trkpt lon="-4.238596" lat="36.738239"><ele>224.5</ele></trkpt>
   <trkpt lon="-4.238623" lat="36.738107"><ele>221.7</ele></trkpt>
   <trkpt lon="-4.239047" lat="36.737643"><ele>219.2</ele></trkpt>
   <trkpt lon="-4.239150" lat="36.737489"><ele>221.8</ele></trkpt>
   <trkpt lon="-4.239187" lat="36.737344"><ele>222.4</ele></trkpt>
   <trkpt lon="-4.239199" lat="36.736921"><ele>227.2</ele></trkpt>
   <trkpt lon="-4.239245" lat="36.736440"><ele>237.3</ele></trkpt>
   <trkpt lon="-4.239286" lat="36.736187"><ele>243.8</ele></trkpt>
   <trkpt lon="-4.239413" lat="36.735971"><ele>247.5</ele></trkpt>
   <trkpt lon="-4.239572" lat="36.735873"><ele>246.3</ele></trkpt>
   <trkpt lon="-4.239912" lat="36.735763"><ele>240.9</ele></trkpt>
   <trkpt lon="-4.240038" lat="36.735656"><ele>239.1</ele></trkpt>
   <trkpt lon="-4.240074" lat="36.735554"><ele>237.8</ele></trkpt>
   <trkpt lon="-4.239987" lat="36.735282"><ele>236.8</ele></trkpt>
   <trkpt lon="-4.239955" lat="36.735109"><ele>235.7</ele></trkpt>
   <trkpt lon="-4.239992" lat="36.734792"><ele>233.2</ele></trkpt>
   <trkpt lon="-4.240112" lat="36.734454"><ele>228.1</ele></trkpt>
   <trkpt lon="-4.240230" lat="36.734283"><ele>225.3</ele></trkpt>
   <trkpt lon="-4.240580" lat="36.734021"><ele>223.3</ele></trkpt>
   <trkpt lon="-4.240855" lat="36.733885"><ele>222.4</ele></trkpt>
   <trkpt lon="-4.240974" lat="36.733796"><ele>219.4</ele></trkpt>
   <trkpt lon="-4.241093" lat="36.733622"><ele>215.8</ele></trkpt>
   <trkpt lon="-4.241113" lat="36.733509"><ele>213.3</ele></trkpt>
   <trkpt lon="-4.241037" lat="36.733331"><ele>207.9</ele></trkpt>
   <trkpt lon="-4.240127" lat="36.732600"><ele>193.0</ele></trkpt>
   <trkpt lon="-4.239918" lat="36.732444"><ele>189.7</ele></trkpt>
   <trkpt lon="-4.239825" lat="36.732309"><ele>188.3</ele></trkpt>
   <trkpt lon="-4.239858" lat="36.732169"><ele>188.8</ele></trkpt>
   <trkpt lon="-4.239979" lat="36.732087"><ele>188.8</ele></trkpt>
   <trkpt lon="-4.240157" lat="36.732095"><ele>188.5</ele></trkpt>
   <trkpt lon="-4.240257" lat="36.732136"><ele>188.7</ele></trkpt>
   <trkpt lon="-4.240689" lat="36.732551"><ele>191.9</ele></trkpt>
   <trkpt lon="-4.240891" lat="36.732683"><ele>190.2</ele></trkpt>
   <trkpt lon="-4.241063" lat="36.732711"><ele>186.8</ele></trkpt>
   <trkpt lon="-4.241220" lat="36.732665"><ele>184.1</ele></trkpt>
   <trkpt lon="-4.241311" lat="36.732595"><ele>181.4</ele></trkpt>
   <trkpt lon="-4.241409" lat="36.732301"><ele>174.6</ele></trkpt>
   <trkpt lon="-4.241387" lat="36.731827"><ele>164.7</ele></trkpt>
   <trkpt lon="-4.241379" lat="36.731520"><ele>159.3</ele></trkpt>
   <trkpt lon="-4.241451" lat="36.731170"><ele>154.7</ele></trkpt>
   <trkpt lon="-4.241486" lat="36.731086"><ele>153.9</ele></trkpt>
   <trkpt lon="-4.241544" lat="36.731034"><ele>154.1</ele></trkpt>
   <trkpt lon="-4.241636" lat="36.731002"><ele>155.3</ele></trkpt>
   <trkpt lon="-4.241730" lat="36.730999"><ele>157.2</ele></trkpt>
   <trkpt lon="-4.241833" lat="36.731028"><ele>158.6</ele></trkpt>
   <trkpt lon="-4.241909" lat="36.731079"><ele>160.3</ele></trkpt>
   <trkpt lon="-4.241972" lat="36.731152"><ele>162.5</ele></trkpt>
   <trkpt lon="-4.242024" lat="36.731379"><ele>166.8</ele></trkpt>
   <trkpt lon="-4.242064" lat="36.731449"><ele>168.1</ele></trkpt>
   <trkpt lon="-4.242131" lat="36.731511"><ele>167.6</ele></trkpt>
   <trkpt lon="-4.242283" lat="36.731569"><ele>164.2</ele></trkpt>
   <trkpt lon="-4.242541" lat="36.731630"><ele>159.0</ele></trkpt>
   <trkpt lon="-4.242703" lat="36.731634"><ele>155.7</ele></trkpt>
   <trkpt lon="-4.242809" lat="36.731613"><ele>154.0</ele></trkpt>
   <trkpt lon="-4.242899" lat="36.731524"><ele>152.0</ele></trkpt>
   <trkpt lon="-4.242913" lat="36.731467"><ele>151.0</ele></trkpt>
   <trkpt lon="-4.242912" lat="36.731310"><ele>148.8</ele></trkpt>
   <trkpt lon="-4.242929" lat="36.731212"><ele>147.3</ele></trkpt>
   <trkpt lon="-4.242972" lat="36.731127"><ele>145.8</ele></trkpt>
   <trkpt lon="-4.243048" lat="36.731043"><ele>143.9</ele></trkpt>
   <trkpt lon="-4.243142" lat="36.730978"><ele>142.2</ele></trkpt>
   <trkpt lon="-4.243298" lat="36.730930"><ele>140.9</ele></trkpt>
   <trkpt lon="-4.243534" lat="36.730923"><ele>139.6</ele></trkpt>
   <trkpt lon="-4.243656" lat="36.730944"><ele>139.5</ele></trkpt>
   <trkpt lon="-4.243752" lat="36.730984"><ele>140.0</ele></trkpt>
   <trkpt lon="-4.243810" lat="36.731030"><ele>140.9</ele></trkpt>
   <trkpt lon="-4.243889" lat="36.731139"><ele>143.0</ele></trkpt>
   <trkpt lon="-4.243972" lat="36.731185"><ele>142.9</ele></trkpt>
   <trkpt lon="-4.244097" lat="36.731200"><ele>141.3</ele></trkpt>
   <trkpt lon="-4.244193" lat="36.731183"><ele>139.7</ele></trkpt>
   <trkpt lon="-4.244291" lat="36.731143"><ele>137.8</ele></trkpt>
   <trkpt lon="-4.244356" lat="36.731077"><ele>135.9</ele></trkpt>
   <trkpt lon="-4.244390" lat="36.730968"><ele>133.9</ele></trkpt>
   <trkpt lon="-4.244448" lat="36.730573"><ele>129.6</ele></trkpt>
   <trkpt lon="-4.244621" lat="36.730324"><ele>127.9</ele></trkpt>
   <trkpt lon="-4.244759" lat="36.730073"><ele>125.6</ele></trkpt>
   <trkpt lon="-4.245008" lat="36.729708"><ele>122.4</ele></trkpt>
   <trkpt lon="-4.245124" lat="36.729635"><ele>122.0</ele></trkpt>
   <trkpt lon="-4.245606" lat="36.729438"><ele>120.5</ele></trkpt>
   <trkpt lon="-4.245699" lat="36.729386"><ele>119.8</ele></trkpt>
   <trkpt lon="-4.245770" lat="36.729325"><ele>119.1</ele></trkpt>
   <trkpt lon="-4.246037" lat="36.729000"><ele>115.8</ele></trkpt>
   <trkpt lon="-4.246094" lat="36.728882"><ele>115.3</ele></trkpt>
   <trkpt lon="-4.246123" lat="36.728781"><ele>114.9</ele></trkpt>
   <trkpt lon="-4.246128" lat="36.728696"><ele>114.6</ele></trkpt>
   <trkpt lon="-4.246115" lat="36.728610"><ele>114.3</ele></trkpt>
   <trkpt lon="-4.246088" lat="36.728504"><ele>113.8</ele></trkpt>
   <trkpt lon="-4.245806" lat="36.727652"><ele>109.9</ele></trkpt>
   <trkpt lon="-4.245796" lat="36.727579"><ele>109.8</ele></trkpt>
   <trkpt lon="-4.245813" lat="36.727509"><ele>109.9</ele></trkpt>
   <trkpt lon="-4.245853" lat="36.727433"><ele>110.0</ele></trkpt>
   <trkpt lon="-4.245909" lat="36.727377"><ele>109.7</ele></trkpt>
   <trkpt lon="-4.246274" lat="36.727094"><ele>105.2</ele></trkpt>
   <trkpt lon="-4.246425" lat="36.726882"><ele>101.0</ele></trkpt>
   <trkpt lon="-4.246457" lat="36.726789"><ele>99.5</ele></trkpt>
   <trkpt lon="-4.246489" lat="36.726532"><ele>96.6</ele></trkpt>
   <trkpt lon="-4.246485" lat="36.726406"><ele>95.6</ele></trkpt>
   <trkpt lon="-4.246469" lat="36.726290"><ele>94.4</ele></trkpt>
   <trkpt lon="-4.246418" lat="36.726128"><ele>92.8</ele></trkpt>
   <trkpt lon="-4.246354" lat="36.725994"><ele>91.2</ele></trkpt>
   <trkpt lon="-4.246277" lat="36.725868"><ele>89.6</ele></trkpt>
   <trkpt lon="-4.246111" lat="36.725651"><ele>86.4</ele></trkpt>
   <trkpt lon="-4.245845" lat="36.725304"><ele>82.6</ele></trkpt>
   <trkpt lon="-4.245753" lat="36.725181"><ele>81.7</ele></trkpt>
   <trkpt lon="-4.245637" lat="36.725026"><ele>80.7</ele></trkpt>
   <trkpt lon="-4.245514" lat="36.724742"><ele>78.4</ele></trkpt>
   <trkpt lon="-4.245366" lat="36.724307"><ele>75.2</ele></trkpt>
   <trkpt lon="-4.245292" lat="36.724141"><ele>74.6</ele></trkpt>
   <trkpt lon="-4.244849" lat="36.723331"><ele>69.8</ele></trkpt>
   <trkpt lon="-4.244717" lat="36.723159"><ele>68.5</ele></trkpt>
   <trkpt lon="-4.244573" lat="36.723001"><ele>67.1</ele></trkpt>
   <trkpt lon="-4.244229" lat="36.722720"><ele>68.6</ele></trkpt>
   <trkpt lon="-4.244170" lat="36.722635"><ele>68.1</ele></trkpt>
   <trkpt lon="-4.244159" lat="36.722565"><ele>67.9</ele></trkpt>
   <trkpt lon="-4.244189" lat="36.722501"><ele>66.8</ele></trkpt>
   <trkpt lon="-4.244237" lat="36.722466"><ele>65.5</ele></trkpt>
   <trkpt lon="-4.244311" lat="36.722410"><ele>63.4</ele></trkpt>
   <trkpt lon="-4.244385" lat="36.722353"><ele>61.3</ele></trkpt>
   <trkpt lon="-4.244543" lat="36.722210"><ele>58.8</ele></trkpt>
   <trkpt lon="-4.244852" lat="36.721970"><ele>58.6</ele></trkpt>
   <trkpt lon="-4.244951" lat="36.721886"><ele>57.3</ele></trkpt>
   <trkpt lon="-4.245015" lat="36.721834"><ele>56.2</ele></trkpt>
   <trkpt lon="-4.245246" lat="36.721612"><ele>53.1</ele></trkpt>
   <trkpt lon="-4.245306" lat="36.721513"><ele>52.5</ele></trkpt>
   <trkpt lon="-4.245378" lat="36.721394"><ele>52.0</ele></trkpt>
   <trkpt lon="-4.245300" lat="36.720950"><ele>50.8</ele></trkpt>
   <trkpt lon="-4.245123" lat="36.719924"><ele>57.4</ele></trkpt>
   <trkpt lon="-4.245069" lat="36.719644"><ele>55.5</ele></trkpt>
   <trkpt lon="-4.245101" lat="36.719305"><ele>52.3</ele></trkpt>
   <trkpt lon="-4.245460" lat="36.718760"><ele>54.1</ele></trkpt>
   <trkpt lon="-4.245657" lat="36.718434"><ele>53.7</ele></trkpt>
   <trkpt lon="-4.245789" lat="36.718208"><ele>53.8</ele></trkpt>
   <trkpt lon="-4.245939" lat="36.718003"><ele>52.6</ele></trkpt>
   <trkpt lon="-4.246541" lat="36.716807"><ele>36.9</ele></trkpt>
   <trkpt lon="-4.246903" lat="36.716130"><ele>31.8</ele></trkpt>
   <trkpt lon="-4.246953" lat="36.716141"><ele>31.7</ele></trkpt>
   <trkpt lon="-4.246985" lat="36.716141"><ele>31.6</ele></trkpt>
   <trkpt lon="-4.247035" lat="36.716129"><ele>31.4</ele></trkpt>
   <trkpt lon="-4.247089" lat="36.716091"><ele>31.0</ele></trkpt>
   <trkpt lon="-4.247114" lat="36.716042"><ele>30.7</ele></trkpt>
   <trkpt lon="-4.247117" lat="36.716005"><ele>30.4</ele></trkpt>
   <trkpt lon="-4.247504" lat="36.715977"><ele>28.3</ele></trkpt>
   <trkpt lon="-4.248576" lat="36.715901"><ele>23.5</ele></trkpt>
   <trkpt lon="-4.249106" lat="36.715853"><ele>19.6</ele></trkpt>
   <trkpt lon="-4.249174" lat="36.715850"><ele>19.4</ele></trkpt>
   <trkpt lon="-4.249189" lat="36.715889"><ele>19.4</ele></trkpt>
   <trkpt lon="-4.249226" lat="36.715927"><ele>19.4</ele></trkpt>
   <trkpt lon="-4.249284" lat="36.715950"><ele>19.5</ele></trkpt>
   <trkpt lon="-4.249323" lat="36.715953"><ele>19.6</ele></trkpt>
   <trkpt lon="-4.249372" lat="36.715945"><ele>19.6</ele></trkpt>
   <trkpt lon="-4.249416" lat="36.715923"><ele>19.6</ele></trkpt>
   <trkpt lon="-4.249437" lat="36.715904"><ele>19.5</ele></trkpt>
   <trkpt lon="-4.249462" lat="36.715849"><ele>19.3</ele></trkpt>
   <trkpt lon="-4.249459" lat="36.715809"><ele>19.1</ele></trkpt>
   <trkpt lon="-4.249431" lat="36.715765"><ele>19.0</ele></trkpt>
   <trkpt lon="-4.249393" lat="36.715738"><ele>18.9</ele></trkpt>
   <trkpt lon="-4.249324" lat="36.715721"><ele>18.8</ele></trkpt>
   <trkpt lon="-4.249263" lat="36.715287"><ele>17.6</ele></trkpt>
   <trkpt lon="-4.249130" lat="36.714486"><ele>13.9</ele></trkpt>
   <trkpt lon="-4.249058" lat="36.714407"><ele>13.3</ele></trkpt>
   <trkpt lon="-4.248931" lat="36.714265"><ele>12.6</ele></trkpt>
   <trkpt lon="-4.248790" lat="36.713933"><ele>11.4</ele></trkpt>
   <trkpt lon="-4.248755" lat="36.713850"><ele>11.0</ele></trkpt>
   <trkpt lon="-4.249341" lat="36.713784"><ele>11.1</ele></trkpt>
   <trkpt lon="-4.250084" lat="36.713613"><ele>9.6</ele></trkpt>
   <trkpt lon="-4.250479" lat="36.713522"><ele>8.9</ele></trkpt>
   <trkpt lon="-4.251816" lat="36.713258"><ele>7.3</ele></trkpt>
   <trkpt lon="-4.251885" lat="36.713244"><ele>7.4</ele></trkpt>
   <trkpt lon="-4.252222" lat="36.713148"><ele>7.2</ele></trkpt>
   <trkpt lon="-4.252595" lat="36.713028"><ele>6.9</ele></trkpt>
   <trkpt lon="-4.252676" lat="36.712993"><ele>6.8</ele></trkpt>
   <trkpt lon="-4.252864" lat="36.712777"><ele>6.2</ele></trkpt>
   <trkpt lon="-4.253362" lat="36.712456"><ele>5.4</ele></trkpt>
   <trkpt lon="-4.254233" lat="36.712135"><ele>5.9</ele></trkpt>
   <trkpt lon="-4.254669" lat="36.711943"><ele>5.4</ele></trkpt>
   <trkpt lon="-4.254679" lat="36.711918"><ele>5.3</ele></trkpt>
   <trkpt lon="-4.254708" lat="36.711920"><ele>5.3</ele></trkpt>
   <trkpt lon="-4.254738" lat="36.711914"><ele>5.3</ele></trkpt>
   <trkpt lon="-4.254765" lat="36.711901"><ele>5.2</ele></trkpt>
   <trkpt lon="-4.255274" lat="36.711906"><ele>5.2</ele></trkpt>
   <trkpt lon="-4.255745" lat="36.711924"><ele>4.6</ele></trkpt>
   <trkpt lon="-4.256184" lat="36.711997"><ele>4.5</ele></trkpt>
   <trkpt lon="-4.256658" lat="36.712061"><ele>4.1</ele></trkpt>
   <trkpt lon="-4.257162" lat="36.712043"><ele>4.0</ele></trkpt>
   <trkpt lon="-4.257681" lat="36.712045"><ele>4.0</ele></trkpt>
   <trkpt lon="-4.258188" lat="36.712181"><ele>4.4</ele></trkpt>
   <trkpt lon="-4.258224" lat="36.712191"><ele>4.4</ele></trkpt>
   <trkpt lon="-4.258422" lat="36.712278"><ele>4.7</ele></trkpt>
   <trkpt lon="-4.258611" lat="36.712348"><ele>4.9</ele></trkpt>
   <trkpt lon="-4.258704" lat="36.712376"><ele>5.0</ele></trkpt>
   <trkpt lon="-4.258781" lat="36.712238"><ele>4.6</ele></trkpt>
   <trkpt lon="-4.258914" lat="36.711997"><ele>3.9</ele></trkpt>
   <trkpt lon="-4.259336" lat="36.712053"><ele>4.0</ele></trkpt>
   <trkpt lon="-4.259460" lat="36.712070"><ele>4.0</ele></trkpt>
   <trkpt lon="-4.259527" lat="36.711720"><ele>3.0</ele></trkpt>
   <trkpt lon="-4.259576" lat="36.711458"><ele>2.3</ele></trkpt>
   <trkpt lon="-4.260225" lat="36.711510"><ele>2.4</ele></trkpt>
   <trkpt lon="-4.261268" lat="36.711629"><ele>1.9</ele></trkpt>
   <trkpt lon="-4.263753" lat="36.711958"><ele>2.8</ele></trkpt>
   <trkpt lon="-4.265376" lat="36.712136"><ele>2.3</ele></trkpt>
   <trkpt lon="-4.266614" lat="36.712296"><ele>2.5</ele></trkpt>
   <trkpt lon="-4.267375" lat="36.712415"><ele>2.1</ele></trkpt>
   <trkpt lon="-4.268278" lat="36.712539"><ele>2.9</ele></trkpt>
   <trkpt lon="-4.268535" lat="36.712551"><ele>2.7</ele></trkpt>
   <trkpt lon="-4.268870" lat="36.712590"><ele>2.4</ele></trkpt>
   <trkpt lon="-4.269696" lat="36.712752"><ele>3.1</ele></trkpt>
   <trkpt lon="-4.270163" lat="36.712812"><ele>3.0</ele></trkpt>
   <trkpt lon="-4.270511" lat="36.712892"><ele>3.0</ele></trkpt>
   <trkpt lon="-4.270609" lat="36.712915"><ele>3.1</ele></trkpt>
   <trkpt lon="-4.270738" lat="36.712873"><ele>2.9</ele></trkpt>
   <trkpt lon="-4.271126" lat="36.712928"><ele>2.6</ele></trkpt>
   <trkpt lon="-4.271956" lat="36.713047"><ele>2.4</ele></trkpt>
   <trkpt lon="-4.272540" lat="36.713127"><ele>2.2</ele></trkpt>
   <trkpt lon="-4.272587" lat="36.713116"><ele>2.1</ele></trkpt>
   <trkpt lon="-4.272606" lat="36.713101"><ele>2.1</ele></trkpt>
   <trkpt lon="-4.272646" lat="36.712997"><ele>2.0</ele></trkpt>
   <trkpt lon="-4.272663" lat="36.712973"><ele>2.0</ele></trkpt>
   <trkpt lon="-4.272710" lat="36.712968"><ele>2.0</ele></trkpt>
   <trkpt lon="-4.272981" lat="36.713018"><ele>2.0</ele></trkpt>
   <trkpt lon="-4.273010" lat="36.713026"><ele>2.0</ele></trkpt>
   <trkpt lon="-4.273047" lat="36.713052"><ele>2.0</ele></trkpt>
   <trkpt lon="-4.273121" lat="36.713163"><ele>2.3</ele></trkpt>
   <trkpt lon="-4.273143" lat="36.713185"><ele>2.4</ele></trkpt>
   <trkpt lon="-4.273162" lat="36.713197"><ele>2.4</ele></trkpt>
   <trkpt lon="-4.273210" lat="36.713212"><ele>2.4</ele></trkpt>
   <trkpt lon="-4.274073" lat="36.713337"><ele>2.9</ele></trkpt>
   <trkpt lon="-4.275196" lat="36.713479"><ele>2.4</ele></trkpt>
   <trkpt lon="-4.275409" lat="36.713430"><ele>1.5</ele></trkpt>
   <trkpt lon="-4.275525" lat="36.713439"><ele>1.2</ele></trkpt>
   <trkpt lon="-4.275691" lat="36.713545"><ele>1.8</ele></trkpt>
   <trkpt lon="-4.277081" lat="36.713727"><ele>2.0</ele></trkpt>
   <trkpt lon="-4.277192" lat="36.713659"><ele>2.0</ele></trkpt>
   <trkpt lon="-4.277271" lat="36.713635"><ele>2.0</ele></trkpt>
   <trkpt lon="-4.277557" lat="36.713670"><ele>2.0</ele></trkpt>
   <trkpt lon="-4.277623" lat="36.713695"><ele>2.0</ele></trkpt>
   <trkpt lon="-4.277815" lat="36.713828"><ele>2.2</ele></trkpt>
   <trkpt lon="-4.279228" lat="36.714034"><ele>2.7</ele></trkpt>
   <trkpt lon="-4.279492" lat="36.713970"><ele>2.3</ele></trkpt>
   <trkpt lon="-4.280056" lat="36.714057"><ele>2.0</ele></trkpt>
   <trkpt lon="-4.280413" lat="36.714199"><ele>2.3</ele></trkpt>
   <trkpt lon="-4.281225" lat="36.714311"><ele>2.3</ele></trkpt>
   <trkpt lon="-4.282165" lat="36.714442"><ele>2.0</ele></trkpt>
   <trkpt lon="-4.282556" lat="36.714463"><ele>2.1</ele></trkpt>
   <trkpt lon="-4.283225" lat="36.714542"><ele>2.3</ele></trkpt>
   <trkpt lon="-4.283411" lat="36.714569"><ele>2.4</ele></trkpt>
   <trkpt lon="-4.283639" lat="36.714613"><ele>2.5</ele></trkpt>
   <trkpt lon="-4.284328" lat="36.714696"><ele>2.5</ele></trkpt>
   <trkpt lon="-4.285221" lat="36.714785"><ele>3.0</ele></trkpt>
   <trkpt lon="-4.285435" lat="36.714781"><ele>3.0</ele></trkpt>
   <trkpt lon="-4.285737" lat="36.714801"><ele>2.3</ele></trkpt>
   <trkpt lon="-4.285897" lat="36.714862"><ele>2.5</ele></trkpt>
   <trkpt lon="-4.286139" lat="36.714896"><ele>2.7</ele></trkpt>
   <trkpt lon="-4.286763" lat="36.714962"><ele>2.5</ele></trkpt>
   <trkpt lon="-4.287194" lat="36.714999"><ele>2.7</ele></trkpt>
   <trkpt lon="-4.287326" lat="36.714930"><ele>2.5</ele></trkpt>
   <trkpt lon="-4.287678" lat="36.714947"><ele>2.2</ele></trkpt>
   <trkpt lon="-4.287766" lat="36.715016"><ele>2.1</ele></trkpt>
   <trkpt lon="-4.289333" lat="36.714989"><ele>2.6</ele></trkpt>
   <trkpt lon="-4.290522" lat="36.714955"><ele>2.1</ele></trkpt>
   <trkpt lon="-4.291505" lat="36.714943"><ele>2.0</ele></trkpt>
   <trkpt lon="-4.292179" lat="36.714911"><ele>1.8</ele></trkpt>
   <trkpt lon="-4.292468" lat="36.714888"><ele>1.7</ele></trkpt>
   <trkpt lon="-4.293042" lat="36.714841"><ele>2.2</ele></trkpt>
   <trkpt lon="-4.293118" lat="36.714862"><ele>2.3</ele></trkpt>
   <trkpt lon="-4.293155" lat="36.714870"><ele>2.3</ele></trkpt>
   <trkpt lon="-4.293311" lat="36.714835"><ele>2.2</ele></trkpt>
   <trkpt lon="-4.293457" lat="36.714788"><ele>2.0</ele></trkpt>
   <trkpt lon="-4.293740" lat="36.714660"><ele>1.7</ele></trkpt>
   <trkpt lon="-4.293854" lat="36.714586"><ele>1.6</ele></trkpt>
   <trkpt lon="-4.294384" lat="36.714197"><ele>7.5</ele></trkpt>
   <trkpt lon="-4.294864" lat="36.713840"><ele>20.6</ele></trkpt>
   <trkpt lon="-4.294948" lat="36.713777"><ele>22.9</ele></trkpt>
   <trkpt lon="-4.295758" lat="36.713173"><ele>12.7</ele></trkpt>
   <trkpt lon="-4.295922" lat="36.713072"><ele>8.5</ele></trkpt>
   <trkpt lon="-4.296114" lat="36.712987"><ele>8.3</ele></trkpt>
   <trkpt lon="-4.296329" lat="36.712923"><ele>8.9</ele></trkpt>
   <trkpt lon="-4.296550" lat="36.712877"><ele>11.3</ele></trkpt>
   <trkpt lon="-4.296845" lat="36.712860"><ele>13.9</ele></trkpt>
   <trkpt lon="-4.297113" lat="36.712887"><ele>14.6</ele></trkpt>
   <trkpt lon="-4.297423" lat="36.712930"><ele>13.1</ele></trkpt>
   <trkpt lon="-4.298387" lat="36.713145"><ele>17.0</ele></trkpt>
   <trkpt lon="-4.298568" lat="36.713180"><ele>17.3</ele></trkpt>
   <trkpt lon="-4.298753" lat="36.713220"><ele>15.9</ele></trkpt>
   <trkpt lon="-4.298935" lat="36.713255"><ele>13.8</ele></trkpt>
   <trkpt lon="-4.299889" lat="36.713506"><ele>14.3</ele></trkpt>
   <trkpt lon="-4.300298" lat="36.713676"><ele>13.6</ele></trkpt>
   <trkpt lon="-4.300314" lat="36.713760"><ele>13.3</ele></trkpt>
   <trkpt lon="-4.300663" lat="36.713974"><ele>6.8</ele></trkpt>
   <trkpt lon="-4.300837" lat="36.714207"><ele>3.4</ele></trkpt>
   <trkpt lon="-4.300870" lat="36.714212"><ele>3.3</ele></trkpt>
   <trkpt lon="-4.300942" lat="36.714220"><ele>2.9</ele></trkpt>
   <trkpt lon="-4.300971" lat="36.714248"><ele>2.7</ele></trkpt>
   <trkpt lon="-4.301370" lat="36.714500"><ele>2.0</ele></trkpt>
   <trkpt lon="-4.301598" lat="36.714568"><ele>2.0</ele></trkpt>
   <trkpt lon="-4.301823" lat="36.714615"><ele>2.0</ele></trkpt>
   <trkpt lon="-4.302088" lat="36.714628"><ele>2.1</ele></trkpt>
   <trkpt lon="-4.302575" lat="36.714499"><ele>2.2</ele></trkpt>
   <trkpt lon="-4.302743" lat="36.714469"><ele>2.1</ele></trkpt>
   <trkpt lon="-4.303113" lat="36.714506"><ele>1.6</ele></trkpt>
   <trkpt lon="-4.303131" lat="36.714530"><ele>1.7</ele></trkpt>
   <trkpt lon="-4.303122" lat="36.714602"><ele>2.1</ele></trkpt>
   <trkpt lon="-4.303147" lat="36.714636"><ele>2.3</ele></trkpt>
   <trkpt lon="-4.303184" lat="36.714653"><ele>2.3</ele></trkpt>
   <trkpt lon="-4.304325" lat="36.714718"><ele>2.8</ele></trkpt>
   <trkpt lon="-4.304635" lat="36.714573"><ele>2.4</ele></trkpt>
   <trkpt lon="-4.304746" lat="36.714534"><ele>2.3</ele></trkpt>
   <trkpt lon="-4.304890" lat="36.714533"><ele>2.3</ele></trkpt>
   <trkpt lon="-4.305201" lat="36.714562"><ele>2.4</ele></trkpt>
   <trkpt lon="-4.305551" lat="36.714570"><ele>2.4</ele></trkpt>
   <trkpt lon="-4.305584" lat="36.714603"><ele>2.5</ele></trkpt>
   <trkpt lon="-4.305627" lat="36.714684"><ele>2.7</ele></trkpt>
   <trkpt lon="-4.305665" lat="36.714717"><ele>2.8</ele></trkpt>
   <trkpt lon="-4.305773" lat="36.714737"><ele>2.9</ele></trkpt>
   <trkpt lon="-4.306327" lat="36.714689"><ele>2.8</ele></trkpt>
   <trkpt lon="-4.306681" lat="36.714679"><ele>2.7</ele></trkpt>
   <trkpt lon="-4.306884" lat="36.714658"><ele>2.7</ele></trkpt>
   <trkpt lon="-4.307116" lat="36.714512"><ele>2.2</ele></trkpt>
   <trkpt lon="-4.307487" lat="36.714404"><ele>2.0</ele></trkpt>
   <trkpt lon="-4.307578" lat="36.714413"><ele>2.0</ele></trkpt>
   <trkpt lon="-4.307746" lat="36.714452"><ele>2.4</ele></trkpt>
   <trkpt lon="-4.308246" lat="36.714357"><ele>2.8</ele></trkpt>
   <trkpt lon="-4.308475" lat="36.714263"><ele>2.5</ele></trkpt>
   <trkpt lon="-4.308749" lat="36.714127"><ele>2.1</ele></trkpt>
   <trkpt lon="-4.308975" lat="36.714117"><ele>2.1</ele></trkpt>
   <trkpt lon="-4.309242" lat="36.714108"><ele>2.1</ele></trkpt>
   <trkpt lon="-4.310839" lat="36.713771"><ele>1.1</ele></trkpt>
   <trkpt lon="-4.311989" lat="36.713564"><ele>0.9</ele></trkpt>
   <trkpt lon="-4.313281" lat="36.713407"><ele>1.0</ele></trkpt>
   <trkpt lon="-4.314158" lat="36.713314"><ele>1.5</ele></trkpt>
   <trkpt lon="-4.314679" lat="36.713270"><ele>2.0</ele></trkpt>
   <trkpt lon="-4.314706" lat="36.713291"><ele>2.2</ele></trkpt>
   <trkpt lon="-4.315120" lat="36.713268"><ele>3.2</ele></trkpt>
   <trkpt lon="-4.315881" lat="36.713217"><ele>1.6</ele></trkpt>
   <trkpt lon="-4.315975" lat="36.713205"><ele>1.9</ele></trkpt>
   <trkpt lon="-4.316836" lat="36.713151"><ele>3.5</ele></trkpt>
   <trkpt lon="-4.317586" lat="36.713024"><ele>3.0</ele></trkpt>
   <trkpt lon="-4.317787" lat="36.712985"><ele>3.0</ele></trkpt>
   <trkpt lon="-4.318050" lat="36.712935"><ele>3.0</ele></trkpt>
   <trkpt lon="-4.318359" lat="36.712767"><ele>4.4</ele></trkpt>
   <trkpt lon="-4.318665" lat="36.712687"><ele>0.9</ele></trkpt>
   <trkpt lon="-4.319142" lat="36.712628"><ele>1.0</ele></trkpt>
   <trkpt lon="-4.320252" lat="36.712559"><ele>2.0</ele></trkpt>
   <trkpt lon="-4.321184" lat="36.712487"><ele>3.6</ele></trkpt>
   <trkpt lon="-4.322050" lat="36.712462"><ele>6.7</ele></trkpt>
   <trkpt lon="-4.322237" lat="36.712476"><ele>6.2</ele></trkpt>
   <trkpt lon="-4.322268" lat="36.712494"><ele>6.1</ele></trkpt>
   <trkpt lon="-4.322336" lat="36.712496"><ele>6.0</ele></trkpt>
   <trkpt lon="-4.322668" lat="36.712547"><ele>5.8</ele></trkpt>
   <trkpt lon="-4.322969" lat="36.712608"><ele>4.1</ele></trkpt>
   <trkpt lon="-4.323197" lat="36.712688"><ele>2.1</ele></trkpt>
   <trkpt lon="-4.323168" lat="36.712722"><ele>2.3</ele></trkpt>
   <trkpt lon="-4.323344" lat="36.712811"><ele>1.8</ele></trkpt>
   <trkpt lon="-4.323603" lat="36.712924"><ele>2.9</ele></trkpt>
   <trkpt lon="-4.323893" lat="36.713029"><ele>2.8</ele></trkpt>
   <trkpt lon="-4.324203" lat="36.713104"><ele>3.2</ele></trkpt>
   <trkpt lon="-4.324504" lat="36.713137"><ele>3.4</ele></trkpt>
   <trkpt lon="-4.325044" lat="36.713170"><ele>3.6</ele></trkpt>
   <trkpt lon="-4.325562" lat="36.713211"><ele>3.8</ele></trkpt>
   <trkpt lon="-4.325753" lat="36.713197"><ele>4.0</ele></trkpt>
   <trkpt lon="-4.325823" lat="36.713151"><ele>4.1</ele></trkpt>
   <trkpt lon="-4.325871" lat="36.713166"><ele>4.1</ele></trkpt>
   <trkpt lon="-4.325923" lat="36.713157"><ele>4.2</ele></trkpt>
   <trkpt lon="-4.325939" lat="36.713146"><ele>4.2</ele></trkpt>
   <trkpt lon="-4.326005" lat="36.713174"><ele>4.3</ele></trkpt>
   <trkpt lon="-4.326129" lat="36.713194"><ele>4.6</ele></trkpt>
   <trkpt lon="-4.326566" lat="36.713212"><ele>5.4</ele></trkpt>
   <trkpt lon="-4.327083" lat="36.713232"><ele>6.0</ele></trkpt>
   <trkpt lon="-4.327313" lat="36.713241"><ele>7.0</ele></trkpt>
   <trkpt lon="-4.327569" lat="36.713253"><ele>8.8</ele></trkpt>
   <trkpt lon="-4.327894" lat="36.713254"><ele>11.1</ele></trkpt>
   <trkpt lon="-4.328095" lat="36.713271"><ele>12.0</ele></trkpt>
   <trkpt lon="-4.328225" lat="36.713291"><ele>11.2</ele></trkpt>
   <trkpt lon="-4.328310" lat="36.713332"><ele>10.3</ele></trkpt>
   <trkpt lon="-4.328566" lat="36.713361"><ele>8.3</ele></trkpt>
   <trkpt lon="-4.328756" lat="36.713377"><ele>6.3</ele></trkpt>
   <trkpt lon="-4.328774" lat="36.713393"><ele>6.1</ele></trkpt>
   <trkpt lon="-4.330568" lat="36.713499"><ele>1.9</ele></trkpt>
   <trkpt lon="-4.330729" lat="36.713477"><ele>2.4</ele></trkpt>
   <trkpt lon="-4.331283" lat="36.713477"><ele>3.2</ele></trkpt>
   <trkpt lon="-4.331548" lat="36.713437"><ele>2.6</ele></trkpt>
   <trkpt lon="-4.331588" lat="36.713416"><ele>2.8</ele></trkpt>
   <trkpt lon="-4.331661" lat="36.713395"><ele>3.3</ele></trkpt>
   <trkpt lon="-4.331702" lat="36.713406"><ele>3.7</ele></trkpt>
   <trkpt lon="-4.331742" lat="36.713429"><ele>4.2</ele></trkpt>
   <trkpt lon="-4.331859" lat="36.713434"><ele>5.2</ele></trkpt>
   <trkpt lon="-4.332043" lat="36.713397"><ele>6.1</ele></trkpt>
   <trkpt lon="-4.332175" lat="36.713347"><ele>6.9</ele></trkpt>
   <trkpt lon="-4.332356" lat="36.713156"><ele>8.9</ele></trkpt>
   <trkpt lon="-4.332440" lat="36.713100"><ele>9.9</ele></trkpt>
   <trkpt lon="-4.332533" lat="36.713075"><ele>10.9</ele></trkpt>
   <trkpt lon="-4.333164" lat="36.712965"><ele>5.7</ele></trkpt>
   <trkpt lon="-4.333264" lat="36.712961"><ele>6.3</ele></trkpt>
   <trkpt lon="-4.333366" lat="36.712967"><ele>6.8</ele></trkpt>
   <trkpt lon="-4.333509" lat="36.713035"><ele>7.7</ele></trkpt>
   <trkpt lon="-4.333613" lat="36.713128"><ele>9.9</ele></trkpt>
   <trkpt lon="-4.333908" lat="36.713574"><ele>17.3</ele></trkpt>
   <trkpt lon="-4.333978" lat="36.713633"><ele>16.7</ele></trkpt>
   <trkpt lon="-4.334182" lat="36.713688"><ele>12.0</ele></trkpt>
   <trkpt lon="-4.334532" lat="36.713752"><ele>6.8</ele></trkpt>
   <trkpt lon="-4.334852" lat="36.713813"><ele>6.4</ele></trkpt>
   <trkpt lon="-4.335464" lat="36.713926"><ele>8.1</ele></trkpt>
   <trkpt lon="-4.335693" lat="36.713933"><ele>9.0</ele></trkpt>
   <trkpt lon="-4.335895" lat="36.713893"><ele>9.5</ele></trkpt>
   <trkpt lon="-4.336097" lat="36.713834"><ele>9.9</ele></trkpt>
   <trkpt lon="-4.336849" lat="36.713269"><ele>8.2</ele></trkpt>
   <trkpt lon="-4.337213" lat="36.712877"><ele>6.1</ele></trkpt>
   <trkpt lon="-4.337388" lat="36.712821"><ele>7.8</ele></trkpt>
   <trkpt lon="-4.337620" lat="36.712827"><ele>10.6</ele></trkpt>
   <trkpt lon="-4.338239" lat="36.712980"><ele>10.6</ele></trkpt>
   <trkpt lon="-4.339115" lat="36.712962"><ele>6.0</ele></trkpt>
   <trkpt lon="-4.339398" lat="36.712887"><ele>6.0</ele></trkpt>
   <trkpt lon="-4.339468" lat="36.712872"><ele>6.0</ele></trkpt>
   <trkpt lon="-4.339806" lat="36.712917"><ele>5.7</ele></trkpt>
   <trkpt lon="-4.340225" lat="36.713046"><ele>4.0</ele></trkpt>
   <trkpt lon="-4.340514" lat="36.713168"><ele>4.7</ele></trkpt>
   <trkpt lon="-4.340770" lat="36.713265"><ele>5.8</ele></trkpt>
   <trkpt lon="-4.340931" lat="36.713312"><ele>4.8</ele></trkpt>
   <trkpt lon="-4.342102" lat="36.713593"><ele>5.0</ele></trkpt>
   <trkpt lon="-4.342293" lat="36.713644"><ele>4.4</ele></trkpt>
   <trkpt lon="-4.342876" lat="36.713913"><ele>4.5</ele></trkpt>
   <trkpt lon="-4.343007" lat="36.714011"><ele>5.1</ele></trkpt>
   <trkpt lon="-4.343194" lat="36.714346"><ele>6.1</ele></trkpt>
   <trkpt lon="-4.343642" lat="36.714601"><ele>6.1</ele></trkpt>
   <trkpt lon="-4.344040" lat="36.714745"><ele>4.4</ele></trkpt>
   <trkpt lon="-4.344410" lat="36.714872"><ele>4.1</ele></trkpt>
   <trkpt lon="-4.345300" lat="36.715115"><ele>3.0</ele></trkpt>
   <trkpt lon="-4.345731" lat="36.715225"><ele>6.3</ele></trkpt>
   <trkpt lon="-4.345963" lat="36.715327"><ele>4.7</ele></trkpt>
   <trkpt lon="-4.346212" lat="36.715457"><ele>5.0</ele></trkpt>
   <trkpt lon="-4.346360" lat="36.715601"><ele>7.5</ele></trkpt>
   <trkpt lon="-4.346446" lat="36.715637"><ele>7.2</ele></trkpt>
   <trkpt lon="-4.346476" lat="36.715695"><ele>7.7</ele></trkpt>
   <trkpt lon="-4.347011" lat="36.716423"><ele>7.1</ele></trkpt>
   <trkpt lon="-4.347150" lat="36.716595"><ele>7.3</ele></trkpt>
   <trkpt lon="-4.347282" lat="36.716713"><ele>6.9</ele></trkpt>
   <trkpt lon="-4.347372" lat="36.716784"><ele>6.4</ele></trkpt>
   <trkpt lon="-4.347583" lat="36.716952"><ele>5.0</ele></trkpt>
   <trkpt lon="-4.347962" lat="36.717127"><ele>4.5</ele></trkpt>
   <trkpt lon="-4.348100" lat="36.717175"><ele>4.4</ele></trkpt>
   <trkpt lon="-4.348257" lat="36.717217"><ele>4.0</ele></trkpt>
   <trkpt lon="-4.348568" lat="36.717279"><ele>3.4</ele></trkpt>
   <trkpt lon="-4.348723" lat="36.717377"><ele>3.2</ele></trkpt>
   <trkpt lon="-4.348698" lat="36.717483"><ele>3.6</ele></trkpt>
   <trkpt lon="-4.348594" lat="36.717926"><ele>4.7</ele></trkpt>
   <trkpt lon="-4.348583" lat="36.717973"><ele>5.1</ele></trkpt>
   <trkpt lon="-4.348747" lat="36.718013"><ele>5.0</ele></trkpt>
   <trkpt lon="-4.349041" lat="36.718089"><ele>4.7</ele></trkpt>
   <trkpt lon="-4.349230" lat="36.718135"><ele>4.8</ele></trkpt>
   <trkpt lon="-4.349552" lat="36.718214"><ele>4.5</ele></trkpt>
   <trkpt lon="-4.349685" lat="36.718248"><ele>4.8</ele></trkpt>
   <trkpt lon="-4.349777" lat="36.718272"><ele>5.1</ele></trkpt>
   <trkpt lon="-4.349946" lat="36.718315"><ele>5.5</ele></trkpt>
   <trkpt lon="-4.350145" lat="36.718379"><ele>5.7</ele></trkpt>
   <trkpt lon="-4.350263" lat="36.718430"><ele>6.1</ele></trkpt>
   <trkpt lon="-4.350363" lat="36.718473"><ele>6.1</ele></trkpt>
   <trkpt lon="-4.350594" lat="36.718518"><ele>5.2</ele></trkpt>
   <trkpt lon="-4.350641" lat="36.718528"><ele>5.0</ele></trkpt>
   <trkpt lon="-4.350707" lat="36.718531"><ele>5.0</ele></trkpt>
   <trkpt lon="-4.350982" lat="36.718534"><ele>5.0</ele></trkpt>
   <trkpt lon="-4.351245" lat="36.718588"><ele>5.5</ele></trkpt>
   <trkpt lon="-4.351955" lat="36.718880"><ele>8.0</ele></trkpt>
   <trkpt lon="-4.352060" lat="36.718912"><ele>7.9</ele></trkpt>
   <trkpt lon="-4.351791" lat="36.719294"><ele>10.2</ele></trkpt>
   <trkpt lon="-4.351655" lat="36.719486"><ele>11.0</ele></trkpt>
   <trkpt lon="-4.351527" lat="36.719666"><ele>10.8</ele></trkpt>
   <trkpt lon="-4.351642" lat="36.719720"><ele>10.5</ele></trkpt>
   <trkpt lon="-4.351845" lat="36.719819"><ele>10.0</ele></trkpt>
   <trkpt lon="-4.351929" lat="36.719858"><ele>9.9</ele></trkpt>
   <trkpt lon="-4.352351" lat="36.720038"><ele>9.4</ele></trkpt>
   <trkpt lon="-4.352579" lat="36.720109"><ele>9.4</ele></trkpt>
   <trkpt lon="-4.352840" lat="36.720148"><ele>9.5</ele></trkpt>
   <trkpt lon="-4.353163" lat="36.720171"><ele>9.3</ele></trkpt>
   <trkpt lon="-4.353249" lat="36.720176"><ele>9.1</ele></trkpt>
   <trkpt lon="-4.353458" lat="36.720197"><ele>8.6</ele></trkpt>
   <trkpt lon="-4.353897" lat="36.720263"><ele>7.6</ele></trkpt>
   <trkpt lon="-4.353922" lat="36.720267"><ele>7.5</ele></trkpt>
   <trkpt lon="-4.354329" lat="36.720325"><ele>7.1</ele></trkpt>
   <trkpt lon="-4.355180" lat="36.720432"><ele>5.0</ele></trkpt>
   <trkpt lon="-4.355270" lat="36.720445"><ele>4.9</ele></trkpt>
   <trkpt lon="-4.355312" lat="36.720451"><ele>4.8</ele></trkpt>
   <trkpt lon="-4.355350" lat="36.720458"><ele>4.8</ele></trkpt>
   <trkpt lon="-4.355753" lat="36.720520"><ele>4.8</ele></trkpt>
   <trkpt lon="-4.356260" lat="36.720600"><ele>5.3</ele></trkpt>
   <trkpt lon="-4.356373" lat="36.720618"><ele>5.4</ele></trkpt>
   <trkpt lon="-4.356478" lat="36.720641"><ele>5.5</ele></trkpt>
   <trkpt lon="-4.356826" lat="36.720718"><ele>5.8</ele></trkpt>
   <trkpt lon="-4.357283" lat="36.720818"><ele>5.4</ele></trkpt>
   <trkpt lon="-4.357628" lat="36.720853"><ele>5.0</ele></trkpt>
   <trkpt lon="-4.358010" lat="36.720892"><ele>5.0</ele></trkpt>
   <trkpt lon="-4.358077" lat="36.720899"><ele>5.0</ele></trkpt>
   <trkpt lon="-4.358296" lat="36.720916"><ele>5.0</ele></trkpt>
   <trkpt lon="-4.359046" lat="36.721001"><ele>5.2</ele></trkpt>
   <trkpt lon="-4.359200" lat="36.721018"><ele>5.3</ele></trkpt>
   <trkpt lon="-4.359935" lat="36.721091"><ele>5.8</ele></trkpt>
   <trkpt lon="-4.360079" lat="36.721101"><ele>6.2</ele></trkpt>
   <trkpt lon="-4.360276" lat="36.721111"><ele>6.6</ele></trkpt>
   <trkpt lon="-4.360466" lat="36.721117"><ele>6.6</ele></trkpt>
   <trkpt lon="-4.360819" lat="36.721125"><ele>5.8</ele></trkpt>
   <trkpt lon="-4.360874" lat="36.721127"><ele>5.6</ele></trkpt>
   <trkpt lon="-4.361215" lat="36.721137"><ele>6.3</ele></trkpt>
   <trkpt lon="-4.361329" lat="36.721143"><ele>6.3</ele></trkpt>
   <trkpt lon="-4.361426" lat="36.721147"><ele>6.3</ele></trkpt>
   <trkpt lon="-4.361526" lat="36.721151"><ele>6.4</ele></trkpt>
   <trkpt lon="-4.361929" lat="36.721190"><ele>6.5</ele></trkpt>
   <trkpt lon="-4.362425" lat="36.721300"><ele>6.3</ele></trkpt>
   <trkpt lon="-4.362934" lat="36.721464"><ele>7.2</ele></trkpt>
   <trkpt lon="-4.363062" lat="36.721510"><ele>7.1</ele></trkpt>
   <trkpt lon="-4.363803" lat="36.721777"><ele>7.0</ele></trkpt>
   <trkpt lon="-4.364157" lat="36.721875"><ele>7.6</ele></trkpt>
   <trkpt lon="-4.364287" lat="36.721906"><ele>7.8</ele></trkpt>
   <trkpt lon="-4.364854" lat="36.722031"><ele>8.4</ele></trkpt>
   <trkpt lon="-4.364970" lat="36.722053"><ele>8.7</ele></trkpt>
   <trkpt lon="-4.365269" lat="36.722109"><ele>9.4</ele></trkpt>
   <trkpt lon="-4.365375" lat="36.722127"><ele>9.6</ele></trkpt>
   <trkpt lon="-4.365856" lat="36.722208"><ele>10.5</ele></trkpt>
   <trkpt lon="-4.365870" lat="36.722211"><ele>10.5</ele></trkpt>
   <trkpt lon="-4.365918" lat="36.722219"><ele>10.6</ele></trkpt>
   <trkpt lon="-4.366255" lat="36.722265"><ele>10.1</ele></trkpt>
   <trkpt lon="-4.366272" lat="36.722268"><ele>10.1</ele></trkpt>
   <trkpt lon="-4.366320" lat="36.722275"><ele>10.0</ele></trkpt>
   <trkpt lon="-4.366436" lat="36.722291"><ele>10.0</ele></trkpt>
   <trkpt lon="-4.366850" lat="36.722349"><ele>10.6</ele></trkpt>
   <trkpt lon="-4.367072" lat="36.722376"><ele>10.9</ele></trkpt>
   <trkpt lon="-4.367302" lat="36.722392"><ele>10.4</ele></trkpt>
   <trkpt lon="-4.367488" lat="36.722404"><ele>10.1</ele></trkpt>
   <trkpt lon="-4.367536" lat="36.722408"><ele>10.0</ele></trkpt>
   <trkpt lon="-4.367821" lat="36.722405"><ele>9.6</ele></trkpt>
   <trkpt lon="-4.367922" lat="36.722404"><ele>9.5</ele></trkpt>
   <trkpt lon="-4.368092" lat="36.722403"><ele>9.3</ele></trkpt>
   <trkpt lon="-4.368271" lat="36.722402"><ele>9.1</ele></trkpt>
   <trkpt lon="-4.369316" lat="36.722403"><ele>7.4</ele></trkpt>
   <trkpt lon="-4.369673" lat="36.722401"><ele>6.6</ele></trkpt>
   <trkpt lon="-4.369888" lat="36.722404"><ele>5.9</ele></trkpt>
   <trkpt lon="-4.369973" lat="36.722404"><ele>5.7</ele></trkpt>
   <trkpt lon="-4.370096" lat="36.722405"><ele>5.3</ele></trkpt>
   <trkpt lon="-4.370220" lat="36.722406"><ele>5.2</ele></trkpt>
   <trkpt lon="-4.370514" lat="36.722407"><ele>4.8</ele></trkpt>
   <trkpt lon="-4.371066" lat="36.722406"><ele>4.4</ele></trkpt>
   <trkpt lon="-4.371253" lat="36.722406"><ele>4.4</ele></trkpt>
   <trkpt lon="-4.371611" lat="36.722406"><ele>4.4</ele></trkpt>
   <trkpt lon="-4.371736" lat="36.722406"><ele>4.4</ele></trkpt>
   <trkpt lon="-4.372321" lat="36.722405"><ele>4.4</ele></trkpt>
   <trkpt lon="-4.372513" lat="36.722405"><ele>4.4</ele></trkpt>
   <trkpt lon="-4.372548" lat="36.722404"><ele>4.4</ele></trkpt>
   <trkpt lon="-4.373234" lat="36.722400"><ele>4.3</ele></trkpt>
   <trkpt lon="-4.373438" lat="36.722399"><ele>4.3</ele></trkpt>
   <trkpt lon="-4.373486" lat="36.722398"><ele>4.3</ele></trkpt>
   <trkpt lon="-4.373518" lat="36.722398"><ele>4.3</ele></trkpt>
   <trkpt lon="-4.373838" lat="36.722396"><ele>4.3</ele></trkpt>
   <trkpt lon="-4.374311" lat="36.722393"><ele>4.7</ele></trkpt>
   <trkpt lon="-4.374759" lat="36.722382"><ele>5.3</ele></trkpt>
   <trkpt lon="-4.374964" lat="36.722376"><ele>5.2</ele></trkpt>
   <trkpt lon="-4.375003" lat="36.722374"><ele>5.2</ele></trkpt>
   <trkpt lon="-4.375971" lat="36.722342"><ele>5.0</ele></trkpt>
   <trkpt lon="-4.376352" lat="36.722330"><ele>4.7</ele></trkpt>
   <trkpt lon="-4.376984" lat="36.722312"><ele>4.0</ele></trkpt>
   <trkpt lon="-4.377176" lat="36.722296"><ele>4.0</ele></trkpt>
   <trkpt lon="-4.377696" lat="36.722250"><ele>4.5</ele></trkpt>
   <trkpt lon="-4.378508" lat="36.722125"><ele>4.9</ele></trkpt>
   <trkpt lon="-4.378998" lat="36.722055"><ele>4.4</ele></trkpt>
   <trkpt lon="-4.379094" lat="36.722040"><ele>4.6</ele></trkpt>
   <trkpt lon="-4.379477" lat="36.721988"><ele>5.0</ele></trkpt>
   <trkpt lon="-4.379525" lat="36.721982"><ele>5.0</ele></trkpt>
   <trkpt lon="-4.379872" lat="36.721935"><ele>5.0</ele></trkpt>
   <trkpt lon="-4.380357" lat="36.721862"><ele>4.8</ele></trkpt>
   <trkpt lon="-4.380363" lat="36.721799"><ele>4.6</ele></trkpt>
   <trkpt lon="-4.380369" lat="36.721745"><ele>4.4</ele></trkpt>
   <trkpt lon="-4.380361" lat="36.721643"><ele>4.1</ele></trkpt>
   <trkpt lon="-4.380375" lat="36.721528"><ele>3.6</ele></trkpt>
   <trkpt lon="-4.380381" lat="36.721487"><ele>3.3</ele></trkpt>
   <trkpt lon="-4.380402" lat="36.721455"><ele>3.1</ele></trkpt>
   <trkpt lon="-4.380446" lat="36.721433"><ele>3.0</ele></trkpt>
   <trkpt lon="-4.380493" lat="36.721388"><ele>2.8</ele></trkpt>
   <trkpt lon="-4.381027" lat="36.721398"><ele>2.8</ele></trkpt>
   <trkpt lon="-4.382237" lat="36.721439"><ele>3.1</ele></trkpt>
   <trkpt lon="-4.383274" lat="36.721466"><ele>3.0</ele></trkpt>
   <trkpt lon="-4.383531" lat="36.721457"><ele>3.0</ele></trkpt>
   <trkpt lon="-4.385567" lat="36.721322"><ele>6.0</ele></trkpt>
   <trkpt lon="-4.385747" lat="36.721332"><ele>6.0</ele></trkpt>
   <trkpt lon="-4.385952" lat="36.721354"><ele>3.8</ele></trkpt>
   <trkpt lon="-4.386116" lat="36.721393"><ele>3.6</ele></trkpt>
   <trkpt lon="-4.386276" lat="36.721443"><ele>4.3</ele></trkpt>
   <trkpt lon="-4.386922" lat="36.721735"><ele>5.4</ele></trkpt>
   <trkpt lon="-4.387523" lat="36.722020"><ele>3.7</ele></trkpt>
   <trkpt lon="-4.387703" lat="36.722090"><ele>4.6</ele></trkpt>
   <trkpt lon="-4.387857" lat="36.722138"><ele>4.9</ele></trkpt>
   <trkpt lon="-4.387993" lat="36.722142"><ele>4.5</ele></trkpt>
   <trkpt lon="-4.388241" lat="36.722174"><ele>3.8</ele></trkpt>
   <trkpt lon="-4.391538" lat="36.722432"><ele>5.2</ele></trkpt>
   <trkpt lon="-4.391761" lat="36.722475"><ele>5.0</ele></trkpt>
   <trkpt lon="-4.391986" lat="36.722543"><ele>4.9</ele></trkpt>
   <trkpt lon="-4.392698" lat="36.722838"><ele>4.4</ele></trkpt>
   <trkpt lon="-4.392918" lat="36.722910"><ele>4.0</ele></trkpt>
   <trkpt lon="-4.393248" lat="36.722965"><ele>4.0</ele></trkpt>
   <trkpt lon="-4.393583" lat="36.722976"><ele>3.2</ele></trkpt>
   <trkpt lon="-4.394524" lat="36.722973"><ele>3.0</ele></trkpt>
   <trkpt lon="-4.394730" lat="36.722957"><ele>3.0</ele></trkpt>
   <trkpt lon="-4.394901" lat="36.722933"><ele>2.9</ele></trkpt>
   <trkpt lon="-4.395133" lat="36.722882"><ele>2.8</ele></trkpt>
   <trkpt lon="-4.395734" lat="36.722685"><ele>2.5</ele></trkpt>
   <trkpt lon="-4.396377" lat="36.722444"><ele>3.0</ele></trkpt>
   <trkpt lon="-4.396780" lat="36.722297"><ele>1.3</ele></trkpt>
   <trkpt lon="-4.397291" lat="36.722146"><ele>2.7</ele></trkpt>
   <trkpt lon="-4.397479" lat="36.722090"><ele>3.0</ele></trkpt>
   <trkpt lon="-4.398135" lat="36.721902"><ele>2.2</ele></trkpt>
   <trkpt lon="-4.399150" lat="36.721639"><ele>2.2</ele></trkpt>
   <trkpt lon="-4.399431" lat="36.721564"><ele>2.0</ele></trkpt>
   <trkpt lon="-4.400362" lat="36.721304"><ele>2.1</ele></trkpt>
   <trkpt lon="-4.400704" lat="36.721199"><ele>2.5</ele></trkpt>
   <trkpt lon="-4.402619" lat="36.720526"><ele>2.8</ele></trkpt>
   <trkpt lon="-4.402832" lat="36.720460"><ele>2.6</ele></trkpt>
   <trkpt lon="-4.403131" lat="36.720396"><ele>3.3</ele></trkpt>
   <trkpt lon="-4.404090" lat="36.720338"><ele>2.6</ele></trkpt>
   <trkpt lon="-4.404573" lat="36.720277"><ele>3.1</ele></trkpt>
   <trkpt lon="-4.405215" lat="36.720120"><ele>2.3</ele></trkpt>
   <trkpt lon="-4.405690" lat="36.719958"><ele>2.3</ele></trkpt>
   <trkpt lon="-4.407120" lat="36.719326"><ele>1.8</ele></trkpt>
   <trkpt lon="-4.407453" lat="36.719133"><ele>1.8</ele></trkpt>
   <trkpt lon="-4.407728" lat="36.718961"><ele>1.8</ele></trkpt>
   <trkpt lon="-4.408706" lat="36.718326"><ele>1.9</ele></trkpt>
   <trkpt lon="-4.408808" lat="36.718271"><ele>1.9</ele></trkpt>
   <trkpt lon="-4.408963" lat="36.718208"><ele>2.0</ele></trkpt>
   <trkpt lon="-4.409090" lat="36.718175"><ele>2.5</ele></trkpt>
   <trkpt lon="-4.409304" lat="36.718158"><ele>3.6</ele></trkpt>
   <trkpt lon="-4.409365" lat="36.718160"><ele>3.9</ele></trkpt>
   <trkpt lon="-4.409372" lat="36.718192"><ele>4.1</ele></trkpt>
   <trkpt lon="-4.409376" lat="36.718210"><ele>4.1</ele></trkpt>
   <trkpt lon="-4.409385" lat="36.718304"><ele>4.1</ele></trkpt>
   <trkpt lon="-4.409410" lat="36.718301"><ele>4.1</ele></trkpt>
   <trkpt lon="-4.409721" lat="36.718329"><ele>4.6</ele></trkpt>
   <trkpt lon="-4.409838" lat="36.718354"><ele>4.5</ele></trkpt>
   <trkpt lon="-4.409960" lat="36.718388"><ele>4.4</ele></trkpt>
   <trkpt lon="-4.410159" lat="36.718482"><ele>4.1</ele></trkpt>
   <trkpt lon="-4.410218" lat="36.718470"><ele>4.1</ele></trkpt>
   <trkpt lon="-4.410264" lat="36.718500"><ele>4.0</ele></trkpt>
   <trkpt lon="-4.410546" lat="36.718732"><ele>4.0</ele></trkpt>
   <trkpt lon="-4.410591" lat="36.718772"><ele>4.0</ele></trkpt>
   <trkpt lon="-4.410986" lat="36.719128"><ele>4.8</ele></trkpt>
   <trkpt lon="-4.411114" lat="36.719229"><ele>5.0</ele></trkpt>
   <trkpt lon="-4.411206" lat="36.719338"><ele>5.2</ele></trkpt>
   <trkpt lon="-4.411368" lat="36.719488"><ele>5.8</ele></trkpt>
   <trkpt lon="-4.411537" lat="36.719627"><ele>5.7</ele></trkpt>
   <trkpt lon="-4.411614" lat="36.719664"><ele>5.6</ele></trkpt>
   <trkpt lon="-4.411780" lat="36.719719"><ele>5.4</ele></trkpt>
   <trkpt lon="-4.411957" lat="36.719744"><ele>5.3</ele></trkpt>
   <trkpt lon="-4.412136" lat="36.719739"><ele>5.2</ele></trkpt>
   <trkpt lon="-4.412225" lat="36.719725"><ele>5.2</ele></trkpt>
   <trkpt lon="-4.412359" lat="36.719701"><ele>5.3</ele></trkpt>
   <trkpt lon="-4.413383" lat="36.719418"><ele>3.6</ele></trkpt>
   <trkpt lon="-4.415570" lat="36.718826"><ele>3.0</ele></trkpt>
   <trkpt lon="-4.416319" lat="36.718623"><ele>3.0</ele></trkpt>
   <trkpt lon="-4.417160" lat="36.718395"><ele>3.0</ele></trkpt>
   <trkpt lon="-4.419532" lat="36.717753"><ele>2.7</ele></trkpt>
   <trkpt lon="-4.419717" lat="36.717690"><ele>2.5</ele></trkpt>
   <trkpt lon="-4.419828" lat="36.717608"><ele>2.3</ele></trkpt>
   <trkpt lon="-4.420133" lat="36.717295"><ele>2.2</ele></trkpt>
   <trkpt lon="-4.420302" lat="36.717113"><ele>2.1</ele></trkpt>
   <trkpt lon="-4.420571" lat="36.716834"><ele>2.9</ele></trkpt>
   <trkpt lon="-4.420631" lat="36.716772"><ele>2.9</ele></trkpt>
   <trkpt lon="-4.420959" lat="36.716433"><ele>3.0</ele></trkpt>
   <trkpt lon="-4.421052" lat="36.716332"><ele>3.0</ele></trkpt>
   <trkpt lon="-4.421475" lat="36.715891"><ele>3.4</ele></trkpt>
   <trkpt lon="-4.421545" lat="36.715817"><ele>3.7</ele></trkpt>
   <trkpt lon="-4.421704" lat="36.715653"><ele>3.5</ele></trkpt>
   <trkpt lon="-4.421967" lat="36.715378"><ele>3.0</ele></trkpt>
   <trkpt lon="-4.421984" lat="36.715360"><ele>3.0</ele></trkpt>
   <trkpt lon="-4.422022" lat="36.715320"><ele>3.0</ele></trkpt>
   <trkpt lon="-4.422394" lat="36.714934"><ele>3.0</ele></trkpt>
   <trkpt lon="-4.422778" lat="36.714532"><ele>3.0</ele></trkpt>
   <trkpt lon="-4.423349" lat="36.713942"><ele>3.0</ele></trkpt>
   <trkpt lon="-4.423672" lat="36.713614"><ele>3.0</ele></trkpt>
   <trkpt lon="-4.423819" lat="36.713460"><ele>3.0</ele></trkpt>
   <trkpt lon="-4.424120" lat="36.713162"><ele>3.0</ele></trkpt>
   <trkpt lon="-4.424146" lat="36.713134"><ele>3.0</ele></trkpt>
   <trkpt lon="-4.424216" lat="36.713055"><ele>3.0</ele></trkpt>
   <trkpt lon="-4.424463" lat="36.712806"><ele>3.0</ele></trkpt>
   <trkpt lon="-4.425154" lat="36.712130"><ele>3.0</ele></trkpt>
   <trkpt lon="-4.425245" lat="36.712040"><ele>3.0</ele></trkpt>
   <trkpt lon="-4.425380" lat="36.711922"><ele>3.0</ele></trkpt>
   <trkpt lon="-4.425665" lat="36.711661"><ele>3.7</ele></trkpt>
   <trkpt lon="-4.426182" lat="36.711154"><ele>2.4</ele></trkpt>
   <trkpt lon="-4.426280" lat="36.711060"><ele>2.1</ele></trkpt>
   <trkpt lon="-4.426331" lat="36.711011"><ele>2.0</ele></trkpt>
   <trkpt lon="-4.426435" lat="36.710912"><ele>1.8</ele></trkpt>
   <trkpt lon="-4.426702" lat="36.710658"><ele>2.7</ele></trkpt>
   <trkpt lon="-4.427231" lat="36.710148"><ele>3.3</ele></trkpt>
   <trkpt lon="-4.427323" lat="36.710219"><ele>3.1</ele></trkpt>
   <trkpt lon="-4.427388" lat="36.710274"><ele>3.0</ele></trkpt>
   <trkpt lon="-4.427897" lat="36.710684"><ele>2.4</ele></trkpt>
   <trkpt lon="-4.428016" lat="36.710760"><ele>2.7</ele></trkpt>
   <trkpt lon="-4.428130" lat="36.710833"><ele>3.0</ele></trkpt>
   <trkpt lon="-4.428721" lat="36.711284"><ele>3.0</ele></trkpt>
   <trkpt lon="-4.428950" lat="36.711453"><ele>3.3</ele></trkpt>
   <trkpt lon="-4.429174" lat="36.711619"><ele>3.3</ele></trkpt>
   <trkpt lon="-4.429294" lat="36.711713"><ele>3.4</ele></trkpt>
   <trkpt lon="-4.429389" lat="36.711788"><ele>3.7</ele></trkpt>
   <trkpt lon="-4.429763" lat="36.712059"><ele>4.0</ele></trkpt>
   <trkpt lon="-4.429880" lat="36.712176"><ele>4.0</ele></trkpt>
   <trkpt lon="-4.429942" lat="36.712284"><ele>4.0</ele></trkpt>
   <trkpt lon="-4.430345" lat="36.713161"><ele>5.0</ele></trkpt>
   <trkpt lon="-4.430359" lat="36.713191"><ele>5.0</ele></trkpt>
   <trkpt lon="-4.430430" lat="36.713224"><ele>5.0</ele></trkpt>
   <trkpt lon="-4.430466" lat="36.713241"><ele>5.0</ele></trkpt>
   <trkpt lon="-4.430521" lat="36.713226"><ele>5.0</ele></trkpt>
   <trkpt lon="-4.430793" lat="36.713163"><ele>5.0</ele></trkpt>
   <trkpt lon="-4.431163" lat="36.713056"><ele>4.1</ele></trkpt>
   <trkpt lon="-4.431228" lat="36.713036"><ele>4.0</ele></trkpt>
   <trkpt lon="-4.431444" lat="36.712968"><ele>4.0</ele></trkpt>
   <trkpt lon="-4.431528" lat="36.712943"><ele>4.0</ele></trkpt>
   <trkpt lon="-4.431751" lat="36.712866"><ele>4.0</ele></trkpt>
   <trkpt lon="-4.431853" lat="36.712833"><ele>4.0</ele></trkpt>
   <trkpt lon="-4.431966" lat="36.712804"><ele>4.1</ele></trkpt>
   <trkpt lon="-4.432054" lat="36.712786"><ele>4.1</ele></trkpt>
   <trkpt lon="-4.432580" lat="36.712656"><ele>4.0</ele></trkpt>
   <trkpt lon="-4.432925" lat="36.712568"><ele>4.0</ele></trkpt>
   <trkpt lon="-4.433921" lat="36.712312"><ele>4.0</ele></trkpt>
   <trkpt lon="-4.434671" lat="36.712119"><ele>4.3</ele></trkpt>
   <trkpt lon="-4.434690" lat="36.712114"><ele>4.3</ele></trkpt>
   <trkpt lon="-4.434787" lat="36.712089"><ele>4.2</ele></trkpt>
   <trkpt lon="-4.435035" lat="36.712018"><ele>4.2</ele></trkpt>
   <trkpt lon="-4.435064" lat="36.712010"><ele>4.3</ele></trkpt>
   <trkpt lon="-4.435102" lat="36.711988"><ele>4.4</ele></trkpt>
   <trkpt lon="-4.435133" lat="36.711948"><ele>4.4</ele></trkpt>
   <trkpt lon="-4.435198" lat="36.711872"><ele>4.4</ele></trkpt>
   <trkpt lon="-4.435539" lat="36.711412"><ele>4.1</ele></trkpt>
   <trkpt lon="-4.435697" lat="36.711214"><ele>4.1</ele></trkpt>
   <trkpt lon="-4.435830" lat="36.711097"><ele>4.1</ele></trkpt>
   <trkpt lon="-4.436078" lat="36.710906"><ele>4.2</ele></trkpt>
   <trkpt lon="-4.436777" lat="36.710379"><ele>4.5</ele></trkpt>
   <trkpt lon="-4.436892" lat="36.710260"><ele>4.7</ele></trkpt>
   <trkpt lon="-4.437237" lat="36.710010"><ele>7.1</ele></trkpt>
   <trkpt lon="-4.437270" lat="36.709986"><ele>7.4</ele></trkpt>
   <trkpt lon="-4.437409" lat="36.709916"><ele>8.1</ele></trkpt>
   <trkpt lon="-4.437872" lat="36.709759"><ele>5.9</ele></trkpt>
   <trkpt lon="-4.438028" lat="36.709728"><ele>5.5</ele></trkpt>
   <trkpt lon="-4.438106" lat="36.709728"><ele>5.6</ele></trkpt>
   <trkpt lon="-4.438200" lat="36.709772"><ele>5.8</ele></trkpt>
   <trkpt lon="-4.438420" lat="36.709957"><ele>6.0</ele></trkpt>
   <trkpt lon="-4.438712" lat="36.710203"><ele>6.6</ele></trkpt>
   <trkpt lon="-4.439088" lat="36.710520"><ele>6.0</ele></trkpt>
   <trkpt lon="-4.439121" lat="36.710547"><ele>6.0</ele></trkpt>
   <trkpt lon="-4.439138" lat="36.710562"><ele>6.0</ele></trkpt>
   <trkpt lon="-4.439171" lat="36.710589"><ele>6.0</ele></trkpt>
   <trkpt lon="-4.439201" lat="36.710565"><ele>6.0</ele></trkpt>
   <trkpt lon="-4.439246" lat="36.710528"><ele>6.0</ele></trkpt>
   <trkpt lon="-4.439281" lat="36.710500"><ele>6.0</ele></trkpt>
   <trkpt lon="-4.439475" lat="36.710351"><ele>6.3</ele></trkpt>
   <trkpt lon="-4.439613" lat="36.710245"><ele>6.7</ele></trkpt>
   <trkpt lon="-4.439980" lat="36.709960"><ele>7.0</ele></trkpt>
   <trkpt lon="-4.440024" lat="36.709926"><ele>7.0</ele></trkpt>
   <trkpt lon="-4.440122" lat="36.709851"><ele>7.1</ele></trkpt>
   <trkpt lon="-4.440818" lat="36.709324"><ele>8.0</ele></trkpt>
   <trkpt lon="-4.440887" lat="36.709277"><ele>8.0</ele></trkpt>
   <trkpt lon="-4.440945" lat="36.709231"><ele>8.0</ele></trkpt>
   <trkpt lon="-4.441068" lat="36.709141"><ele>8.0</ele></trkpt>
   <trkpt lon="-4.441303" lat="36.708962"><ele>8.0</ele></trkpt>
   <trkpt lon="-4.441326" lat="36.708944"><ele>8.0</ele></trkpt>
   <trkpt lon="-4.441350" lat="36.708926"><ele>8.0</ele></trkpt>
   <trkpt lon="-4.441407" lat="36.708881"><ele>8.0</ele></trkpt>
   <trkpt lon="-4.441556" lat="36.708766"><ele>8.0</ele></trkpt>
   <trkpt lon="-4.441678" lat="36.708671"><ele>8.0</ele></trkpt>
   <trkpt lon="-4.441752" lat="36.708617"><ele>8.0</ele></trkpt>
   <trkpt lon="-4.441823" lat="36.708565"><ele>8.0</ele></trkpt>
   <trkpt lon="-4.441860" lat="36.708537"><ele>8.0</ele></trkpt>
   <trkpt lon="-4.441888" lat="36.708517"><ele>8.0</ele></trkpt>
   <trkpt lon="-4.442069" lat="36.708426"><ele>8.0</ele></trkpt>
   <trkpt lon="-4.442155" lat="36.708422"><ele>8.0</ele></trkpt>
   <trkpt lon="-4.442195" lat="36.708428"><ele>8.0</ele></trkpt>
   <trkpt lon="-4.442220" lat="36.708440"><ele>8.0</ele></trkpt>
   <trkpt lon="-4.442228" lat="36.708479"><ele>8.0</ele></trkpt>
   <trkpt lon="-4.442256" lat="36.708511"><ele>8.0</ele></trkpt>
   <trkpt lon="-4.442278" lat="36.708529"><ele>8.0</ele></trkpt>
   <trkpt lon="-4.442296" lat="36.708544"><ele>8.0</ele></trkpt>
   <trkpt lon="-4.442463" lat="36.708665"><ele>8.1</ele></trkpt>
   <trkpt lon="-4.443030" lat="36.709047"><ele>9.2</ele></trkpt>
   <trkpt lon="-4.443049" lat="36.709069"><ele>9.2</ele></trkpt>
   <trkpt lon="-4.443096" lat="36.709124"><ele>9.4</ele></trkpt>
   <trkpt lon="-4.443120" lat="36.709152"><ele>9.5</ele></trkpt>
   <trkpt lon="-4.442932" lat="36.709247"><ele>9.3</ele></trkpt>
   <trkpt lon="-4.442815" lat="36.709301"><ele>9.1</ele></trkpt>
   <trkpt lon="-4.442520" lat="36.709452"><ele>9.0</ele></trkpt>
   <trkpt lon="-4.442605" lat="36.709518"><ele>9.0</ele></trkpt>
   <trkpt lon="-4.443003" lat="36.709806"><ele>9.8</ele></trkpt>
   <trkpt lon="-4.443130" lat="36.709901"><ele>10.0</ele></trkpt>
   <trkpt lon="-4.443534" lat="36.710222"><ele>10.7</ele></trkpt>
   <trkpt lon="-4.443550" lat="36.710234"><ele>10.7</ele></trkpt>
   <trkpt lon="-4.443601" lat="36.710273"><ele>10.8</ele></trkpt>
   <trkpt lon="-4.443859" lat="36.710094"><ele>10.4</ele></trkpt>
   <trkpt lon="-4.443931" lat="36.710048"><ele>10.4</ele></trkpt>
   <trkpt lon="-4.444022" lat="36.710011"><ele>10.6</ele></trkpt>
   <trkpt lon="-4.444144" lat="36.709954"><ele>10.8</ele></trkpt>
   <trkpt lon="-4.444367" lat="36.709897"><ele>11.3</ele></trkpt>
   <trkpt lon="-4.444505" lat="36.709876"><ele>11.7</ele></trkpt>
   <trkpt lon="-4.444689" lat="36.709885"><ele>11.7</ele></trkpt>
   <trkpt lon="-4.444797" lat="36.709882"><ele>11.7</ele></trkpt>
   <trkpt lon="-4.444939" lat="36.709863"><ele>11.6</ele></trkpt>
   <trkpt lon="-4.445064" lat="36.709819"><ele>11.5</ele></trkpt>
   <trkpt lon="-4.445116" lat="36.709785"><ele>11.4</ele></trkpt>
   <trkpt lon="-4.445142" lat="36.709749"><ele>11.3</ele></trkpt>
   <trkpt lon="-4.445269" lat="36.709682"><ele>11.3</ele></trkpt>
   <trkpt lon="-4.445303" lat="36.709656"><ele>11.3</ele></trkpt>
   <trkpt lon="-4.445393" lat="36.709597"><ele>11.5</ele></trkpt>
   <trkpt lon="-4.445634" lat="36.709437"><ele>11.6</ele></trkpt>
   <trkpt lon="-4.445767" lat="36.709336"><ele>11.7</ele></trkpt>
   <trkpt lon="-4.445854" lat="36.709274"><ele>11.8</ele></trkpt>
   <trkpt lon="-4.446417" lat="36.708873"><ele>11.7</ele></trkpt>
   <trkpt lon="-4.446582" lat="36.708756"><ele>11.4</ele></trkpt>
   <trkpt lon="-4.446694" lat="36.708679"><ele>11.5</ele></trkpt>
   <trkpt lon="-4.446724" lat="36.708658"><ele>11.6</ele></trkpt>
   <trkpt lon="-4.447334" lat="36.708216"><ele>11.9</ele></trkpt>
   <trkpt lon="-4.447758" lat="36.707965"><ele>12.0</ele></trkpt>
   <trkpt lon="-4.447896" lat="36.707884"><ele>11.8</ele></trkpt>
   <trkpt lon="-4.448402" lat="36.707587"><ele>12.0</ele></trkpt>
   <trkpt lon="-4.448484" lat="36.707538"><ele>11.9</ele></trkpt>
   <trkpt lon="-4.448880" lat="36.707290"><ele>12.0</ele></trkpt>
   <trkpt lon="-4.449024" lat="36.707211"><ele>11.9</ele></trkpt>
   <trkpt lon="-4.449132" lat="36.707142"><ele>11.8</ele></trkpt>
   <trkpt lon="-4.449280" lat="36.707061"><ele>12.0</ele></trkpt>
   <trkpt lon="-4.449435" lat="36.706963"><ele>12.1</ele></trkpt>
   <trkpt lon="-4.449488" lat="36.706930"><ele>12.0</ele></trkpt>
   <trkpt lon="-4.449530" lat="36.706899"><ele>12.0</ele></trkpt>
   <trkpt lon="-4.449867" lat="36.706697"><ele>12.0</ele></trkpt>
   <trkpt lon="-4.450754" lat="36.706158"><ele>12.0</ele></trkpt>
   <trkpt lon="-4.451281" lat="36.705836"><ele>11.8</ele></trkpt>
   <trkpt lon="-4.451638" lat="36.705627"><ele>11.0</ele></trkpt>
   <trkpt lon="-4.451821" lat="36.705574"><ele>10.6</ele></trkpt>
   <trkpt lon="-4.451886" lat="36.705554"><ele>10.4</ele></trkpt>
   <trkpt lon="-4.451949" lat="36.705584"><ele>10.3</ele></trkpt>
   <trkpt lon="-4.451998" lat="36.705593"><ele>10.2</ele></trkpt>
   <trkpt lon="-4.452036" lat="36.705593"><ele>10.1</ele></trkpt>
   <trkpt lon="-4.452106" lat="36.705577"><ele>10.1</ele></trkpt>
   <trkpt lon="-4.452156" lat="36.705548"><ele>10.0</ele></trkpt>
   <trkpt lon="-4.452179" lat="36.705526"><ele>10.0</ele></trkpt>
   <trkpt lon="-4.452271" lat="36.705476"><ele>10.0</ele></trkpt>
   <trkpt lon="-4.452396" lat="36.705392"><ele>10.1</ele></trkpt>
   <trkpt lon="-4.452479" lat="36.705345"><ele>10.1</ele></trkpt>
   <trkpt lon="-4.453380" lat="36.704941"><ele>11.0</ele></trkpt>
   <trkpt lon="-4.453490" lat="36.704890"><ele>11.0</ele></trkpt>
   <trkpt lon="-4.453610" lat="36.704833"><ele>11.0</ele></trkpt>
   <trkpt lon="-4.453787" lat="36.704726"><ele>11.0</ele></trkpt>
   <trkpt lon="-4.453875" lat="36.704672"><ele>11.0</ele></trkpt>
   <trkpt lon="-4.454015" lat="36.704660"><ele>11.0</ele></trkpt>
   <trkpt lon="-4.454116" lat="36.704665"><ele>11.2</ele></trkpt>
   <trkpt lon="-4.454198" lat="36.704689"><ele>11.4</ele></trkpt>
   <trkpt lon="-4.454251" lat="36.704691"><ele>11.6</ele></trkpt>
   <trkpt lon="-4.454288" lat="36.704686"><ele>11.7</ele></trkpt>
   <trkpt lon="-4.454364" lat="36.704658"><ele>11.9</ele></trkpt>
   <trkpt lon="-4.454406" lat="36.704627"><ele>12.0</ele></trkpt>
   <trkpt lon="-4.454441" lat="36.704582"><ele>12.0</ele></trkpt>
   <trkpt lon="-4.454457" lat="36.704535"><ele>12.0</ele></trkpt>
   <trkpt lon="-4.454458" lat="36.704495"><ele>12.0</ele></trkpt>
   <trkpt lon="-4.454539" lat="36.704404"><ele>12.0</ele></trkpt>
   <trkpt lon="-4.454712" lat="36.704299"><ele>12.0</ele></trkpt>
   <trkpt lon="-4.456238" lat="36.703571"><ele>13.0</ele></trkpt>
   <trkpt lon="-4.456471" lat="36.703460"><ele>13.2</ele></trkpt>
   <trkpt lon="-4.456953" lat="36.703231"><ele>14.0</ele></trkpt>
   <trkpt lon="-4.457098" lat="36.703168"><ele>14.0</ele></trkpt>
   <trkpt lon="-4.458014" lat="36.702791"><ele>18.1</ele></trkpt>
   <trkpt lon="-4.458427" lat="36.702624"><ele>17.5</ele></trkpt>
   <trkpt lon="-4.458700" lat="36.702514"><ele>16.8</ele></trkpt>
   <trkpt lon="-4.459045" lat="36.702377"><ele>16.7</ele></trkpt>
   <trkpt lon="-4.459497" lat="36.702199"><ele>17.8</ele></trkpt>
   <trkpt lon="-4.459688" lat="36.702145"><ele>18.0</ele></trkpt>
   <trkpt lon="-4.459747" lat="36.702177"><ele>18.0</ele></trkpt>
   <trkpt lon="-4.459843" lat="36.702184"><ele>18.0</ele></trkpt>
   <trkpt lon="-4.459874" lat="36.702179"><ele>18.0</ele></trkpt>
   <trkpt lon="-4.460168" lat="36.702076"><ele>18.0</ele></trkpt>
   <trkpt lon="-4.460487" lat="36.701955"><ele>18.0</ele></trkpt>
   <trkpt lon="-4.460559" lat="36.701927"><ele>18.0</ele></trkpt>
   <trkpt lon="-4.460899" lat="36.701809"><ele>19.0</ele></trkpt>
   <trkpt lon="-4.461292" lat="36.701661"><ele>18.0</ele></trkpt>
   <trkpt lon="-4.461681" lat="36.701514"><ele>18.0</ele></trkpt>
   <trkpt lon="-4.461934" lat="36.701419"><ele>17.9</ele></trkpt>
   <trkpt lon="-4.462071" lat="36.701367"><ele>17.7</ele></trkpt>
   <trkpt lon="-4.462150" lat="36.701338"><ele>17.6</ele></trkpt>
   <trkpt lon="-4.462194" lat="36.701273"><ele>17.5</ele></trkpt>
   <trkpt lon="-4.462223" lat="36.701173"><ele>17.2</ele></trkpt>
   <trkpt lon="-4.462301" lat="36.701116"><ele>17.1</ele></trkpt>
   <trkpt lon="-4.462628" lat="36.700981"><ele>17.5</ele></trkpt>
   <trkpt lon="-4.463048" lat="36.700818"><ele>16.7</ele></trkpt>
   <trkpt lon="-4.463872" lat="36.700491"><ele>15.9</ele></trkpt>
   <trkpt lon="-4.464038" lat="36.700427"><ele>16.0</ele></trkpt>
   <trkpt lon="-4.464808" lat="36.700114"><ele>15.6</ele></trkpt>
   <trkpt lon="-4.465561" lat="36.699818"><ele>15.0</ele></trkpt>
   <trkpt lon="-4.466289" lat="36.699543"><ele>14.3</ele></trkpt>
   <trkpt lon="-4.466511" lat="36.699469"><ele>14.6</ele></trkpt>
   <trkpt lon="-4.466958" lat="36.699336"><ele>16.1</ele></trkpt>
   <trkpt lon="-4.467027" lat="36.699327"><ele>16.2</ele></trkpt>
   <trkpt lon="-4.467165" lat="36.699299"><ele>16.2</ele></trkpt>
   <trkpt lon="-4.467415" lat="36.699259"><ele>16.1</ele></trkpt>
   <trkpt lon="-4.467546" lat="36.699250"><ele>16.3</ele></trkpt>
   <trkpt lon="-4.467608" lat="36.699257"><ele>16.4</ele></trkpt>
   <trkpt lon="-4.467669" lat="36.699250"><ele>16.4</ele></trkpt>
   <trkpt lon="-4.467706" lat="36.699335"><ele>16.8</ele></trkpt>
   <trkpt lon="-4.467820" lat="36.699627"><ele>17.2</ele></trkpt>
   <trkpt lon="-4.467954" lat="36.699953"><ele>17.7</ele></trkpt>
   <trkpt lon="-4.468015" lat="36.700102"><ele>17.9</ele></trkpt>
   <trkpt lon="-4.468354" lat="36.700932"><ele>19.9</ele></trkpt>
   <trkpt lon="-4.468434" lat="36.701056"><ele>20.1</ele></trkpt>
   <trkpt lon="-4.468549" lat="36.701174"><ele>20.6</ele></trkpt>
   <trkpt lon="-4.468709" lat="36.701261"><ele>21.3</ele></trkpt>
   <trkpt lon="-4.468867" lat="36.701328"><ele>21.8</ele></trkpt>
   <trkpt lon="-4.469027" lat="36.701355"><ele>22.3</ele></trkpt>
   <trkpt lon="-4.470430" lat="36.701439"><ele>21.9</ele></trkpt>
   <trkpt lon="-4.470646" lat="36.701451"><ele>21.4</ele></trkpt>
   <trkpt lon="-4.471269" lat="36.701430"><ele>22.6</ele></trkpt>
   <trkpt lon="-4.471384" lat="36.701427"><ele>23.2</ele></trkpt>
   <trkpt lon="-4.472517" lat="36.701385"><ele>23.8</ele></trkpt>
   <trkpt lon="-4.472608" lat="36.701382"><ele>23.7</ele></trkpt>
   <trkpt lon="-4.472687" lat="36.701380"><ele>23.6</ele></trkpt>
   <trkpt lon="-4.472765" lat="36.701377"><ele>23.6</ele></trkpt>
   <trkpt lon="-4.472850" lat="36.701374"><ele>23.5</ele></trkpt>
   <trkpt lon="-4.473292" lat="36.701361"><ele>23.7</ele></trkpt>
   <trkpt lon="-4.473689" lat="36.701350"><ele>23.7</ele></trkpt>
   <trkpt lon="-4.474584" lat="36.701316"><ele>25.1</ele></trkpt>
   <trkpt lon="-4.474657" lat="36.702601"><ele>27.0</ele></trkpt>
  </trkseg>
 </trk>
</gpx>
