<?xml version="1.0" encoding="UTF-8"?>
<!-- track-length = 146378 filtered ascend = 1545 plain-ascend = 1 cost=273675 energy=.9kwh time=8h 53m 35s -->
<gpx 
 xmlns="http://www.topografix.com/GPX/1/1" 
 xmlns:xsi="http://www.w3.org/2001/XMLSchema-instance" 
 xsi:schemaLocation="http://www.topografix.com/GPX/1/1 http://www.topografix.com/GPX/1/1/gpx.xsd" 
 creator="BRouter-1.7.10" version="1.1">
 <trk>
  <name>brouter_trekking_0</name>
  <trkseg>
   <trkpt lon="-4.474657" lat="36.702601"><ele>27.0</ele></trkpt>
   <trkpt lon="-4.474584" lat="36.701316"><ele>25.1</ele></trkpt>
   <trkpt lon="-4.473689" lat="36.701350"><ele>23.7</ele></trkpt>
   <trkpt lon="-4.473292" lat="36.701361"><ele>23.7</ele></trkpt>
   <trkpt lon="-4.472850" lat="36.701374"><ele>23.5</ele></trkpt>
   <trkpt lon="-4.472765" lat="36.701377"><ele>23.6</ele></trkpt>
   <trkpt lon="-4.472687" lat="36.701380"><ele>23.6</ele></trkpt>
   <trkpt lon="-4.472608" lat="36.701382"><ele>23.7</ele></trkpt>
   <trkpt lon="-4.472517" lat="36.701385"><ele>23.8</ele></trkpt>
   <trkpt lon="-4.471384" lat="36.701427"><ele>23.2</ele></trkpt>
   <trkpt lon="-4.471269" lat="36.701430"><ele>22.6</ele></trkpt>
   <trkpt lon="-4.470646" lat="36.701451"><ele>21.4</ele></trkpt>
   <trkpt lon="-4.470430" lat="36.701439"><ele>21.9</ele></trkpt>
   <trkpt lon="-4.469027" lat="36.701355"><ele>22.3</ele></trkpt>
   <trkpt lon="-4.468867" lat="36.701328"><ele>21.8</ele></trkpt>
   <trkpt lon="-4.468709" lat="36.701261"><ele>21.3</ele></trkpt>
   <trkpt lon="-4.468549" lat="36.701174"><ele>20.6</ele></trkpt>
   <trkpt lon="-4.468434" lat="36.701056"><ele>20.1</ele></trkpt>
   <trkpt lon="-4.468354" lat="36.700932"><ele>19.9</ele></trkpt>
   <trkpt lon="-4.468015" lat="36.700102"><ele>17.9</ele></trkpt>
   <trkpt lon="-4.467954" lat="36.699953"><ele>17.7</ele></trkpt>
   <trkpt lon="-4.467820" lat="36.699627"><ele>17.2</ele></trkpt>
   <trkpt lon="-4.467706" lat="36.699335"><ele>16.8</ele></trkpt>
   <trkpt lon="-4.467669" lat="36.699250"><ele>16.4</ele></trkpt>
   <trkpt lon="-4.467727" lat="36.699229"><ele>16.5</ele></trkpt>
   <trkpt lon="-4.467774" lat="36.699196"><ele>16.5</ele></trkpt>
   <trkpt lon="-4.467809" lat="36.699150"><ele>16.4</ele></trkpt>
   <trkpt lon="-4.467825" lat="36.699097"><ele>16.4</ele></trkpt>
   <trkpt lon="-4.467819" lat="36.699044"><ele>16.3</ele></trkpt>
   <trkpt lon="-4.467794" lat="36.698994"><ele>16.2</ele></trkpt>
   <trkpt lon="-4.467750" lat="36.698952"><ele>16.1</ele></trkpt>
   <trkpt lon="-4.467697" lat="36.698925"><ele>16.0</ele></trkpt>
   <trkpt lon="-4.467638" lat="36.698912"><ele>16.1</ele></trkpt>
   <trkpt lon="-4.467577" lat="36.698912"><ele>16.2</ele></trkpt>
   <trkpt lon="-4.467518" lat="36.698927"><ele>16.2</ele></trkpt>
   <trkpt lon="-4.467481" lat="36.698944"><ele>16.3</ele></trkpt>
   <trkpt lon="-4.467423" lat="36.698996"><ele>16.2</ele></trkpt>
   <trkpt lon="-4.467085" lat="36.699148"><ele>16.7</ele></trkpt>
   <trkpt lon="-4.466640" lat="36.699311"><ele>15.3</ele></trkpt>
   <trkpt lon="-4.466199" lat="36.699454"><ele>13.7</ele></trkpt>
   <trkpt lon="-4.464843" lat="36.699992"><ele>15.6</ele></trkpt>
   <trkpt lon="-4.463348" lat="36.700581"><ele>15.9</ele></trkpt>
   <trkpt lon="-4.463109" lat="36.700674"><ele>16.5</ele></trkpt>
   <trkpt lon="-4.462699" lat="36.700828"><ele>17.1</ele></trkpt>
   <trkpt lon="-4.462295" lat="36.701000"><ele>17.1</ele></trkpt>
   <trkpt lon="-4.462193" lat="36.701008"><ele>17.0</ele></trkpt>
   <trkpt lon="-4.462083" lat="36.700983"><ele>17.0</ele></trkpt>
   <trkpt lon="-4.461993" lat="36.700972"><ele>17.0</ele></trkpt>
   <trkpt lon="-4.461905" lat="36.700975"><ele>17.0</ele></trkpt>
   <trkpt lon="-4.461469" lat="36.701144"><ele>17.4</ele></trkpt>
   <trkpt lon="-4.461106" lat="36.701281"><ele>18.0</ele></trkpt>
   <trkpt lon="-4.460677" lat="36.701442"><ele>18.0</ele></trkpt>
   <trkpt lon="-4.460344" lat="36.701573"><ele>18.0</ele></trkpt>
   <trkpt lon="-4.459746" lat="36.701802"><ele>18.0</ele></trkpt>
   <trkpt lon="-4.459657" lat="36.701846"><ele>18.0</ele></trkpt>
   <trkpt lon="-4.459601" lat="36.701902"><ele>18.0</ele></trkpt>
   <trkpt lon="-4.459580" lat="36.701956"><ele>18.0</ele></trkpt>
   <trkpt lon="-4.459521" lat="36.702021"><ele>18.0</ele></trkpt>
   <trkpt lon="-4.459422" lat="36.702082"><ele>17.8</ele></trkpt>
   <trkpt lon="-4.458910" lat="36.702291"><ele>16.7</ele></trkpt>
   <trkpt lon="-4.458494" lat="36.702470"><ele>18.0</ele></trkpt>
   <trkpt lon="-4.457972" lat="36.702687"><ele>18.4</ele></trkpt>
   <trkpt lon="-4.457480" lat="36.702896"><ele>15.8</ele></trkpt>
   <trkpt lon="-4.457423" lat="36.702922"><ele>15.4</ele></trkpt>
   <trkpt lon="-4.457174" lat="36.703035"><ele>14.2</ele></trkpt>
   <trkpt lon="-4.457036" lat="36.703088"><ele>14.1</ele></trkpt>
   <trkpt lon="-4.456413" lat="36.703376"><ele>13.4</ele></trkpt>
   <trkpt lon="-4.456177" lat="36.703485"><ele>13.1</ele></trkpt>
   <trkpt lon="-4.456141" lat="36.703501"><ele>13.0</ele></trkpt>
   <trkpt lon="-4.454654" lat="36.704213"><ele>12.0</ele></trkpt>
   <trkpt lon="-4.454403" lat="36.704323"><ele>12.0</ele></trkpt>
   <trkpt lon="-4.454326" lat="36.704346"><ele>11.8</ele></trkpt>
   <trkpt lon="-4.454251" lat="36.704331"><ele>11.6</ele></trkpt>
   <trkpt lon="-4.454199" lat="36.704332"><ele>11.4</ele></trkpt>
   <trkpt lon="-4.454159" lat="36.704340"><ele>11.3</ele></trkpt>
   <trkpt lon="-4.454119" lat="36.704355"><ele>11.2</ele></trkpt>
   <trkpt lon="-4.454082" lat="36.704377"><ele>11.1</ele></trkpt>
   <trkpt lon="-4.454036" lat="36.704423"><ele>11.0</ele></trkpt>
   <trkpt lon="-4.454023" lat="36.704447"><ele>11.0</ele></trkpt>
   <trkpt lon="-4.453824" lat="36.704548"><ele>11.0</ele></trkpt>
   <trkpt lon="-4.453287" lat="36.704791"><ele>10.7</ele></trkpt>
   <trkpt lon="-4.452379" lat="36.705196"><ele>10.0</ele></trkpt>
   <trkpt lon="-4.452293" lat="36.705248"><ele>10.0</ele></trkpt>
   <trkpt lon="-4.452192" lat="36.705285"><ele>10.0</ele></trkpt>
   <trkpt lon="-4.452129" lat="36.705305"><ele>10.0</ele></trkpt>
   <trkpt lon="-4.452086" lat="36.705287"><ele>10.0</ele></trkpt>
   <trkpt lon="-4.452014" lat="36.705277"><ele>10.0</ele></trkpt>
   <trkpt lon="-4.451964" lat="36.705239"><ele>10.0</ele></trkpt>
   <trkpt lon="-4.451870" lat="36.705201"><ele>10.0</ele></trkpt>
   <trkpt lon="-4.451610" lat="36.704991"><ele>10.0</ele></trkpt>
   <trkpt lon="-4.451211" lat="36.704680"><ele>9.3</ele></trkpt>
   <trkpt lon="-4.450856" lat="36.704393"><ele>9.0</ele></trkpt>
   <trkpt lon="-4.450745" lat="36.704363"><ele>9.0</ele></trkpt>
   <trkpt lon="-4.450589" lat="36.704408"><ele>9.0</ele></trkpt>
   <trkpt lon="-4.448573" lat="36.705371"><ele>10.0</ele></trkpt>
   <trkpt lon="-4.447926" lat="36.705683"><ele>9.4</ele></trkpt>
   <trkpt lon="-4.447876" lat="36.705705"><ele>9.3</ele></trkpt>
   <trkpt lon="-4.447782" lat="36.705751"><ele>9.2</ele></trkpt>
   <trkpt lon="-4.447702" lat="36.705789"><ele>9.1</ele></trkpt>
   <trkpt lon="-4.447540" lat="36.705862"><ele>8.8</ele></trkpt>
   <trkpt lon="-4.447493" lat="36.705883"><ele>8.7</ele></trkpt>
   <trkpt lon="-4.444673" lat="36.707219"><ele>8.9</ele></trkpt>
   <trkpt lon="-4.443732" lat="36.707655"><ele>8.7</ele></trkpt>
   <trkpt lon="-4.443651" lat="36.707626"><ele>8.5</ele></trkpt>
   <trkpt lon="-4.443624" lat="36.707588"><ele>8.4</ele></trkpt>
   <trkpt lon="-4.443546" lat="36.707524"><ele>8.0</ele></trkpt>
   <trkpt lon="-4.443515" lat="36.707488"><ele>7.8</ele></trkpt>
   <trkpt lon="-4.443151" lat="36.706937"><ele>6.0</ele></trkpt>
   <trkpt lon="-4.443109" lat="36.706877"><ele>6.0</ele></trkpt>
   <trkpt lon="-4.443082" lat="36.706833"><ele>6.0</ele></trkpt>
   <trkpt lon="-4.443070" lat="36.706813"><ele>6.0</ele></trkpt>
   <trkpt lon="-4.442992" lat="36.706790"><ele>6.0</ele></trkpt>
   <trkpt lon="-4.442856" lat="36.706608"><ele>6.0</ele></trkpt>
   <trkpt lon="-4.441981" lat="36.705297"><ele>5.1</ele></trkpt>
   <trkpt lon="-4.441923" lat="36.705208"><ele>5.0</ele></trkpt>
   <trkpt lon="-4.441881" lat="36.705124"><ele>5.0</ele></trkpt>
   <trkpt lon="-4.441849" lat="36.705029"><ele>5.0</ele></trkpt>
   <trkpt lon="-4.441847" lat="36.704972"><ele>5.0</ele></trkpt>
   <trkpt lon="-4.441835" lat="36.704922"><ele>5.0</ele></trkpt>
   <trkpt lon="-4.441232" lat="36.704010"><ele>5.0</ele></trkpt>
   <trkpt lon="-4.441203" lat="36.703989"><ele>5.0</ele></trkpt>
   <trkpt lon="-4.441134" lat="36.703937"><ele>5.0</ele></trkpt>
   <trkpt lon="-4.441068" lat="36.703885"><ele>5.0</ele></trkpt>
   <trkpt lon="-4.441030" lat="36.703841"><ele>5.0</ele></trkpt>
   <trkpt lon="-4.440960" lat="36.703710"><ele>4.8</ele></trkpt>
   <trkpt lon="-4.440941" lat="36.703639"><ele>4.7</ele></trkpt>
   <trkpt lon="-4.440879" lat="36.703583"><ele>4.5</ele></trkpt>
   <trkpt lon="-4.440846" lat="36.703554"><ele>4.4</ele></trkpt>
   <trkpt lon="-4.440814" lat="36.703530"><ele>4.2</ele></trkpt>
   <trkpt lon="-4.440744" lat="36.703513"><ele>4.0</ele></trkpt>
   <trkpt lon="-4.440614" lat="36.703428"><ele>4.2</ele></trkpt>
   <trkpt lon="-4.440506" lat="36.703324"><ele>4.2</ele></trkpt>
   <trkpt lon="-4.440215" lat="36.703016"><ele>4.0</ele></trkpt>
   <trkpt lon="-4.440170" lat="36.702994"><ele>4.0</ele></trkpt>
   <trkpt lon="-4.440094" lat="36.702921"><ele>4.0</ele></trkpt>
   <trkpt lon="-4.439966" lat="36.702788"><ele>4.0</ele></trkpt>
   <trkpt lon="-4.439914" lat="36.702733"><ele>4.0</ele></trkpt>
   <trkpt lon="-4.439861" lat="36.702656"><ele>4.0</ele></trkpt>
   <trkpt lon="-4.439104" lat="36.701895"><ele>4.0</ele></trkpt>
   <trkpt lon="-4.438981" lat="36.701783"><ele>4.0</ele></trkpt>
   <trkpt lon="-4.438926" lat="36.701719"><ele>4.0</ele></trkpt>
   <trkpt lon="-4.438801" lat="36.701606"><ele>4.0</ele></trkpt>
   <trkpt lon="-4.438737" lat="36.701527"><ele>4.0</ele></trkpt>
   <trkpt lon="-4.438681" lat="36.701459"><ele>3.9</ele></trkpt>
   <trkpt lon="-4.438473" lat="36.701357"><ele>3.2</ele></trkpt>
   <trkpt lon="-4.437773" lat="36.701024"><ele>3.0</ele></trkpt>
   <trkpt lon="-4.436962" lat="36.700648"><ele>3.0</ele></trkpt>
   <trkpt lon="-4.436394" lat="36.700378"><ele>3.0</ele></trkpt>
   <trkpt lon="-4.436297" lat="36.700371"><ele>3.0</ele></trkpt>
   <trkpt lon="-4.436250" lat="36.700475"><ele>3.0</ele></trkpt>
   <trkpt lon="-4.436220" lat="36.700534"><ele>3.0</ele></trkpt>
   <trkpt lon="-4.436136" lat="36.700542"><ele>3.0</ele></trkpt>
   <trkpt lon="-4.436055" lat="36.700575"><ele>3.0</ele></trkpt>
   <trkpt lon="-4.435997" lat="36.700612"><ele>3.0</ele></trkpt>
   <trkpt lon="-4.435913" lat="36.700598"><ele>3.0</ele></trkpt>
   <trkpt lon="-4.435868" lat="36.700589"><ele>3.0</ele></trkpt>
   <trkpt lon="-4.435736" lat="36.700586"><ele>3.0</ele></trkpt>
   <trkpt lon="-4.435664" lat="36.700624"><ele>3.0</ele></trkpt>
   <trkpt lon="-4.435628" lat="36.700598"><ele>3.0</ele></trkpt>
   <trkpt lon="-4.435540" lat="36.700537"><ele>3.0</ele></trkpt>
   <trkpt lon="-4.435494" lat="36.700507"><ele>3.0</ele></trkpt>
   <trkpt lon="-4.435469" lat="36.700491"><ele>3.0</ele></trkpt>
   <trkpt lon="-4.435459" lat="36.700522"><ele>3.0</ele></trkpt>
   <trkpt lon="-4.435240" lat="36.700706"><ele>2.8</ele></trkpt>
   <trkpt lon="-4.434644" lat="36.701180"><ele>2.1</ele></trkpt>
   <trkpt lon="-4.433970" lat="36.701739"><ele>1.1</ele></trkpt>
   <trkpt lon="-4.433812" lat="36.701798"><ele>1.0</ele></trkpt>
   <trkpt lon="-4.433744" lat="36.701887"><ele>1.2</ele></trkpt>
   <trkpt lon="-4.433689" lat="36.701977"><ele>1.3</ele></trkpt>
   <trkpt lon="-4.433264" lat="36.702565"><ele>1.3</ele></trkpt>
   <trkpt lon="-4.433251" lat="36.702584"><ele>1.3</ele></trkpt>
   <trkpt lon="-4.433266" lat="36.702625"><ele>1.5</ele></trkpt>
   <trkpt lon="-4.433307" lat="36.702646"><ele>1.7</ele></trkpt>
   <trkpt lon="-4.433385" lat="36.702686"><ele>2.0</ele></trkpt>
   <trkpt lon="-4.433503" lat="36.702757"><ele>2.6</ele></trkpt>
   <trkpt lon="-4.433539" lat="36.702782"><ele>2.8</ele></trkpt>
   <trkpt lon="-4.433478" lat="36.702877"><ele>2.8</ele></trkpt>
   <trkpt lon="-4.433462" lat="36.702920"><ele>2.8</ele></trkpt>
   <trkpt lon="-4.433438" lat="36.702947"><ele>2.7</ele></trkpt>
   <trkpt lon="-4.433348" lat="36.703073"><ele>2.8</ele></trkpt>
   <trkpt lon="-4.433287" lat="36.703148"><ele>3.0</ele></trkpt>
   <trkpt lon="-4.433140" lat="36.703346"><ele>2.9</ele></trkpt>
   <trkpt lon="-4.433108" lat="36.703440"><ele>2.9</ele></trkpt>
   <trkpt lon="-4.433083" lat="36.703482"><ele>3.0</ele></trkpt>
   <trkpt lon="-4.432939" lat="36.703673"><ele>3.0</ele></trkpt>
   <trkpt lon="-4.432851" lat="36.703773"><ele>3.0</ele></trkpt>
   <trkpt lon="-4.432294" lat="36.704501"><ele>2.9</ele></trkpt>
   <trkpt lon="-4.432228" lat="36.704625"><ele>3.0</ele></trkpt>
   <trkpt lon="-4.432199" lat="36.704682"><ele>3.0</ele></trkpt>
   <trkpt lon="-4.432191" lat="36.704775"><ele>3.0</ele></trkpt>
   <trkpt lon="-4.432175" lat="36.704819"><ele>3.0</ele></trkpt>
   <trkpt lon="-4.432126" lat="36.704876"><ele>3.0</ele></trkpt>
   <trkpt lon="-4.431942" lat="36.705098"><ele>3.0</ele></trkpt>
   <trkpt lon="-4.431799" lat="36.705262"><ele>3.0</ele></trkpt>
   <trkpt lon="-4.431771" lat="36.705305"><ele>3.0</ele></trkpt>
   <trkpt lon="-4.431607" lat="36.705518"><ele>3.0</ele></trkpt>
   <trkpt lon="-4.431502" lat="36.705597"><ele>3.0</ele></trkpt>
   <trkpt lon="-4.431400" lat="36.705697"><ele>3.0</ele></trkpt>
   <trkpt lon="-4.431362" lat="36.705748"><ele>3.0</ele></trkpt>
   <trkpt lon="-4.430959" lat="36.706293"><ele>3.0</ele></trkpt>
   <trkpt lon="-4.430890" lat="36.706356"><ele>3.0</ele></trkpt>
   <trkpt lon="-4.430882" lat="36.706363"><ele>3.0</ele></trkpt>
   <trkpt lon="-4.430827" lat="36.706416"><ele>3.0</ele></trkpt>
   <trkpt lon="-4.430772" lat="36.706461"><ele>3.0</ele></trkpt>
   <trkpt lon="-4.430671" lat="36.706525"><ele>3.0</ele></trkpt>
   <trkpt lon="-4.430644" lat="36.706527"><ele>3.0</ele></trkpt>
   <trkpt lon="-4.430019" lat="36.707243"><ele>3.0</ele></trkpt>
   <trkpt lon="-4.429449" lat="36.707895"><ele>3.0</ele></trkpt>
   <trkpt lon="-4.429416" lat="36.707933"><ele>3.0</ele></trkpt>
   <trkpt lon="-4.429366" lat="36.707972"><ele>3.0</ele></trkpt>
   <trkpt lon="-4.429328" lat="36.708017"><ele>3.0</ele></trkpt>
   <trkpt lon="-4.429279" lat="36.708074"><ele>3.0</ele></trkpt>
   <trkpt lon="-4.429257" lat="36.708118"><ele>3.0</ele></trkpt>
   <trkpt lon="-4.429169" lat="36.708206"><ele>3.0</ele></trkpt>
   <trkpt lon="-4.428984" lat="36.708359"><ele>3.0</ele></trkpt>
   <trkpt lon="-4.428873" lat="36.708479"><ele>3.0</ele></trkpt>
   <trkpt lon="-4.428795" lat="36.708609"><ele>3.0</ele></trkpt>
   <trkpt lon="-4.428596" lat="36.708837"><ele>3.0</ele></trkpt>
   <trkpt lon="-4.428524" lat="36.708887"><ele>3.0</ele></trkpt>
   <trkpt lon="-4.428135" lat="36.709336"><ele>3.0</ele></trkpt>
   <trkpt lon="-4.428088" lat="36.709318"><ele>3.0</ele></trkpt>
   <trkpt lon="-4.428025" lat="36.709289"><ele>3.0</ele></trkpt>
   <trkpt lon="-4.428009" lat="36.709281"><ele>3.0</ele></trkpt>
   <trkpt lon="-4.427902" lat="36.709225"><ele>3.0</ele></trkpt>
   <trkpt lon="-4.427855" lat="36.709194"><ele>3.0</ele></trkpt>
   <trkpt lon="-4.427832" lat="36.709220"><ele>3.0</ele></trkpt>
   <trkpt lon="-4.427653" lat="36.709414"><ele>3.0</ele></trkpt>
   <trkpt lon="-4.427611" lat="36.709437"><ele>3.0</ele></trkpt>
   <trkpt lon="-4.427578" lat="36.709471"><ele>3.0</ele></trkpt>
   <trkpt lon="-4.427538" lat="36.709526"><ele>3.0</ele></trkpt>
   <trkpt lon="-4.427515" lat="36.709573"><ele>3.0</ele></trkpt>
   <trkpt lon="-4.427300" lat="36.709830"><ele>3.4</ele></trkpt>
   <trkpt lon="-4.427279" lat="36.709853"><ele>3.5</ele></trkpt>
   <trkpt lon="-4.426947" lat="36.710218"><ele>3.2</ele></trkpt>
   <trkpt lon="-4.426317" lat="36.710836"><ele>1.6</ele></trkpt>
   <trkpt lon="-4.426220" lat="36.710933"><ele>1.9</ele></trkpt>
   <trkpt lon="-4.426034" lat="36.711121"><ele>2.4</ele></trkpt>
   <trkpt lon="-4.425661" lat="36.711502"><ele>3.3</ele></trkpt>
   <trkpt lon="-4.425269" lat="36.711896"><ele>3.0</ele></trkpt>
   <trkpt lon="-4.425173" lat="36.711985"><ele>3.0</ele></trkpt>
   <trkpt lon="-4.425083" lat="36.712073"><ele>3.0</ele></trkpt>
   <trkpt lon="-4.424154" lat="36.713014"><ele>2.9</ele></trkpt>
   <trkpt lon="-4.424075" lat="36.713086"><ele>3.0</ele></trkpt>
   <trkpt lon="-4.423784" lat="36.713375"><ele>3.0</ele></trkpt>
   <trkpt lon="-4.423744" lat="36.713414"><ele>3.0</ele></trkpt>
   <trkpt lon="-4.421933" lat="36.715266"><ele>2.9</ele></trkpt>
   <trkpt lon="-4.421903" lat="36.715296"><ele>2.9</ele></trkpt>
   <trkpt lon="-4.421642" lat="36.715567"><ele>3.3</ele></trkpt>
   <trkpt lon="-4.421619" lat="36.715592"><ele>3.4</ele></trkpt>
   <trkpt lon="-4.421383" lat="36.715830"><ele>3.2</ele></trkpt>
   <trkpt lon="-4.420954" lat="36.716268"><ele>3.0</ele></trkpt>
   <trkpt lon="-4.420833" lat="36.716391"><ele>2.7</ele></trkpt>
   <trkpt lon="-4.420608" lat="36.716646"><ele>2.5</ele></trkpt>
   <trkpt lon="-4.420537" lat="36.716722"><ele>2.6</ele></trkpt>
   <trkpt lon="-4.420330" lat="36.716967"><ele>2.2</ele></trkpt>
   <trkpt lon="-4.420235" lat="36.717070"><ele>2.0</ele></trkpt>
   <trkpt lon="-4.419834" lat="36.717486"><ele>2.0</ele></trkpt>
   <trkpt lon="-4.419702" lat="36.717581"><ele>2.2</ele></trkpt>
   <trkpt lon="-4.419608" lat="36.717628"><ele>2.4</ele></trkpt>
   <trkpt lon="-4.419495" lat="36.717659"><ele>2.5</ele></trkpt>
   <trkpt lon="-4.415533" lat="36.718746"><ele>3.0</ele></trkpt>
   <trkpt lon="-4.415435" lat="36.718773"><ele>3.0</ele></trkpt>
   <trkpt lon="-4.414277" lat="36.719091"><ele>2.5</ele></trkpt>
   <trkpt lon="-4.412948" lat="36.719455"><ele>5.0</ele></trkpt>
   <trkpt lon="-4.412573" lat="36.719558"><ele>5.5</ele></trkpt>
   <trkpt lon="-4.412331" lat="36.719626"><ele>5.0</ele></trkpt>
   <trkpt lon="-4.412204" lat="36.719652"><ele>4.8</ele></trkpt>
   <trkpt lon="-4.411932" lat="36.719656"><ele>4.9</ele></trkpt>
   <trkpt lon="-4.411775" lat="36.719645"><ele>5.2</ele></trkpt>
   <trkpt lon="-4.411681" lat="36.719616"><ele>5.3</ele></trkpt>
   <trkpt lon="-4.411565" lat="36.719566"><ele>5.5</ele></trkpt>
   <trkpt lon="-4.411420" lat="36.719449"><ele>5.6</ele></trkpt>
   <trkpt lon="-4.411243" lat="36.719307"><ele>5.2</ele></trkpt>
   <trkpt lon="-4.411114" lat="36.719229"><ele>5.0</ele></trkpt>
   <trkpt lon="-4.410986" lat="36.719128"><ele>4.8</ele></trkpt>
   <trkpt lon="-4.410591" lat="36.718772"><ele>4.0</ele></trkpt>
   <trkpt lon="-4.410546" lat="36.718732"><ele>4.0</ele></trkpt>
   <trkpt lon="-4.410264" lat="36.718500"><ele>4.0</ele></trkpt>
   <trkpt lon="-4.410218" lat="36.718470"><ele>4.1</ele></trkpt>
   <trkpt lon="-4.410200" lat="36.718406"><ele>4.2</ele></trkpt>
   <trkpt lon="-4.409998" lat="36.718305"><ele>4.7</ele></trkpt>
   <trkpt lon="-4.409790" lat="36.718246"><ele>4.8</ele></trkpt>
   <trkpt lon="-4.409732" lat="36.718236"><ele>4.9</ele></trkpt>
   <trkpt lon="-4.409458" lat="36.718207"><ele>4.3</ele></trkpt>
   <trkpt lon="-4.409402" lat="36.718209"><ele>4.2</ele></trkpt>
   <trkpt lon="-4.409376" lat="36.718210"><ele>4.1</ele></trkpt>
   <trkpt lon="-4.409372" lat="36.718192"><ele>4.1</ele></trkpt>
   <trkpt lon="-4.409365" lat="36.718160"><ele>3.9</ele></trkpt>
   <trkpt lon="-4.409304" lat="36.718158"><ele>3.6</ele></trkpt>
   <trkpt lon="-4.409090" lat="36.718175"><ele>2.5</ele></trkpt>
   <trkpt lon="-4.408963" lat="36.718208"><ele>2.0</ele></trkpt>
   <trkpt lon="-4.408808" lat="36.718271"><ele>1.9</ele></trkpt>
   <trkpt lon="-4.408706" lat="36.718326"><ele>1.9</ele></trkpt>
   <trkpt lon="-4.407728" lat="36.718961"><ele>1.8</ele></trkpt>
   <trkpt lon="-4.407453" lat="36.719133"><ele>1.8</ele></trkpt>
   <trkpt lon="-4.407120" lat="36.719326"><ele>1.8</ele></trkpt>
   <trkpt lon="-4.405690" lat="36.719958"><ele>2.3</ele></trkpt>
   <trkpt lon="-4.405215" lat="36.720120"><ele>2.3</ele></trkpt>
   <trkpt lon="-4.404573" lat="36.720277"><ele>3.1</ele></trkpt>
   <trkpt lon="-4.404090" lat="36.720338"><ele>2.6</ele></trkpt>
   <trkpt lon="-4.403131" lat="36.720396"><ele>3.3</ele></trkpt>
   <trkpt lon="-4.402832" lat="36.720460"><ele>2.6</ele></trkpt>
   <trkpt lon="-4.402619" lat="36.720526"><ele>2.8</ele></trkpt>
   <trkpt lon="-4.400704" lat="36.721199"><ele>2.5</ele></trkpt>
   <trkpt lon="-4.400362" lat="36.721304"><ele>2.1</ele></trkpt>
   <trkpt lon="-4.399431" lat="36.721564"><ele>2.0</ele></trkpt>
   <trkpt lon="-4.399150" lat="36.721639"><ele>2.2</ele></trkpt>
   <trkpt lon="-4.398135" lat="36.721902"><ele>2.2</ele></trkpt>
   <trkpt lon="-4.397479" lat="36.722090"><ele>3.0</ele></trkpt>
   <trkpt lon="-4.397291" lat="36.722146"><ele>2.7</ele></trkpt>
   <trkpt lon="-4.396780" lat="36.722297"><ele>1.3</ele></trkpt>
   <trkpt lon="-4.396377" lat="36.722444"><ele>3.0</ele></trkpt>
   <trkpt lon="-4.395734" lat="36.722685"><ele>2.5</ele></trkpt>
   <trkpt lon="-4.395133" lat="36.722882"><ele>2.8</ele></trkpt>
   <trkpt lon="-4.394901" lat="36.722933"><ele>2.9</ele></trkpt>
   <trkpt lon="-4.394730" lat="36.722957"><ele>3.0</ele></trkpt>
   <trkpt lon="-4.394524" lat="36.722973"><ele>3.0</ele></trkpt>
   <trkpt lon="-4.393583" lat="36.722976"><ele>3.2</ele></trkpt>
   <trkpt lon="-4.393248" lat="36.722965"><ele>4.0</ele></trkpt>
   <trkpt lon="-4.392918" lat="36.722910"><ele>4.0</ele></trkpt>
   <trkpt lon="-4.392698" lat="36.722838"><ele>4.4</ele></trkpt>
   <trkpt lon="-4.391986" lat="36.722543"><ele>4.9</ele></trkpt>
   <trkpt lon="-4.391761" lat="36.722475"><ele>5.0</ele></trkpt>
   <trkpt lon="-4.391538" lat="36.722432"><ele>5.2</ele></trkpt>
   <trkpt lon="-4.388241" lat="36.722174"><ele>3.8</ele></trkpt>
   <trkpt lon="-4.387993" lat="36.722142"><ele>4.5</ele></trkpt>
   <trkpt lon="-4.387857" lat="36.722138"><ele>4.9</ele></trkpt>
   <trkpt lon="-4.387703" lat="36.722090"><ele>4.6</ele></trkpt>
   <trkpt lon="-4.387523" lat="36.722020"><ele>3.7</ele></trkpt>
   <trkpt lon="-4.386922" lat="36.721735"><ele>5.4</ele></trkpt>
   <trkpt lon="-4.386276" lat="36.721443"><ele>4.3</ele></trkpt>
   <trkpt lon="-4.386116" lat="36.721393"><ele>3.6</ele></trkpt>
   <trkpt lon="-4.385952" lat="36.721354"><ele>3.8</ele></trkpt>
   <trkpt lon="-4.385747" lat="36.721332"><ele>6.0</ele></trkpt>
   <trkpt lon="-4.385567" lat="36.721322"><ele>6.0</ele></trkpt>
   <trkpt lon="-4.383531" lat="36.721457"><ele>3.0</ele></trkpt>
   <trkpt lon="-4.383274" lat="36.721466"><ele>3.0</ele></trkpt>
   <trkpt lon="-4.382237" lat="36.721439"><ele>3.1</ele></trkpt>
   <trkpt lon="-4.381027" lat="36.721398"><ele>2.8</ele></trkpt>
   <trkpt lon="-4.380493" lat="36.721388"><ele>2.8</ele></trkpt>
   <trkpt lon="-4.380446" lat="36.721433"><ele>3.0</ele></trkpt>
   <trkpt lon="-4.380004" lat="36.721428"><ele>3.0</ele></trkpt>
   <trkpt lon="-4.379725" lat="36.721433"><ele>3.0</ele></trkpt>
   <trkpt lon="-4.379708" lat="36.721434"><ele>3.0</ele></trkpt>
   <trkpt lon="-4.379656" lat="36.721438"><ele>3.1</ele></trkpt>
   <trkpt lon="-4.378990" lat="36.721486"><ele>2.7</ele></trkpt>
   <trkpt lon="-4.378932" lat="36.721489"><ele>2.7</ele></trkpt>
   <trkpt lon="-4.378638" lat="36.721509"><ele>2.7</ele></trkpt>
   <trkpt lon="-4.378530" lat="36.721517"><ele>2.8</ele></trkpt>
   <trkpt lon="-4.378363" lat="36.721529"><ele>2.8</ele></trkpt>
   <trkpt lon="-4.378211" lat="36.721535"><ele>2.9</ele></trkpt>
   <trkpt lon="-4.377562" lat="36.721571"><ele>3.0</ele></trkpt>
   <trkpt lon="-4.377008" lat="36.721582"><ele>2.9</ele></trkpt>
   <trkpt lon="-4.376873" lat="36.721585"><ele>3.0</ele></trkpt>
   <trkpt lon="-4.376433" lat="36.721588"><ele>3.0</ele></trkpt>
   <trkpt lon="-4.375961" lat="36.721578"><ele>3.0</ele></trkpt>
   <trkpt lon="-4.375794" lat="36.721574"><ele>3.2</ele></trkpt>
   <trkpt lon="-4.375612" lat="36.721571"><ele>3.7</ele></trkpt>
   <trkpt lon="-4.375312" lat="36.721551"><ele>3.1</ele></trkpt>
   <trkpt lon="-4.375176" lat="36.721542"><ele>2.8</ele></trkpt>
   <trkpt lon="-4.374831" lat="36.721524"><ele>2.8</ele></trkpt>
   <trkpt lon="-4.374755" lat="36.721519"><ele>2.8</ele></trkpt>
   <trkpt lon="-4.374709" lat="36.721516"><ele>2.8</ele></trkpt>
   <trkpt lon="-4.374706" lat="36.721573"><ele>2.9</ele></trkpt>
   <trkpt lon="-4.374581" lat="36.721838"><ele>3.7</ele></trkpt>
   <trkpt lon="-4.374481" lat="36.722045"><ele>4.3</ele></trkpt>
   <trkpt lon="-4.374399" lat="36.722210"><ele>4.5</ele></trkpt>
   <trkpt lon="-4.374344" lat="36.722326"><ele>4.6</ele></trkpt>
   <trkpt lon="-4.374311" lat="36.722393"><ele>4.7</ele></trkpt>
   <trkpt lon="-4.373838" lat="36.722396"><ele>4.3</ele></trkpt>
   <trkpt lon="-4.373518" lat="36.722398"><ele>4.3</ele></trkpt>
   <trkpt lon="-4.373486" lat="36.722398"><ele>4.3</ele></trkpt>
   <trkpt lon="-4.373438" lat="36.722399"><ele>4.3</ele></trkpt>
   <trkpt lon="-4.373234" lat="36.722400"><ele>4.3</ele></trkpt>
   <trkpt lon="-4.372548" lat="36.722404"><ele>4.4</ele></trkpt>
   <trkpt lon="-4.372513" lat="36.722405"><ele>4.4</ele></trkpt>
   <trkpt lon="-4.372321" lat="36.722405"><ele>4.4</ele></trkpt>
   <trkpt lon="-4.371736" lat="36.722406"><ele>4.4</ele></trkpt>
   <trkpt lon="-4.371611" lat="36.722406"><ele>4.4</ele></trkpt>
   <trkpt lon="-4.371253" lat="36.722406"><ele>4.4</ele></trkpt>
   <trkpt lon="-4.371066" lat="36.722406"><ele>4.4</ele></trkpt>
   <trkpt lon="-4.370514" lat="36.722407"><ele>4.8</ele></trkpt>
   <trkpt lon="-4.370220" lat="36.722406"><ele>5.2</ele></trkpt>
   <trkpt lon="-4.370096" lat="36.722405"><ele>5.3</ele></trkpt>
   <trkpt lon="-4.369973" lat="36.722404"><ele>5.7</ele></trkpt>
   <trkpt lon="-4.369888" lat="36.722404"><ele>5.9</ele></trkpt>
   <trkpt lon="-4.369673" lat="36.722401"><ele>6.6</ele></trkpt>
   <trkpt lon="-4.369316" lat="36.722403"><ele>7.4</ele></trkpt>
   <trkpt lon="-4.368271" lat="36.722402"><ele>9.1</ele></trkpt>
   <trkpt lon="-4.368092" lat="36.722403"><ele>9.3</ele></trkpt>
   <trkpt lon="-4.367922" lat="36.722404"><ele>9.5</ele></trkpt>
   <trkpt lon="-4.367821" lat="36.722405"><ele>9.6</ele></trkpt>
   <trkpt lon="-4.367536" lat="36.722408"><ele>10.0</ele></trkpt>
   <trkpt lon="-4.367488" lat="36.722404"><ele>10.1</ele></trkpt>
   <trkpt lon="-4.367302" lat="36.722392"><ele>10.4</ele></trkpt>
   <trkpt lon="-4.367072" lat="36.722376"><ele>10.9</ele></trkpt>
   <trkpt lon="-4.366850" lat="36.722349"><ele>10.6</ele></trkpt>
   <trkpt lon="-4.366436" lat="36.722291"><ele>10.0</ele></trkpt>
   <trkpt lon="-4.366320" lat="36.722275"><ele>10.0</ele></trkpt>
   <trkpt lon="-4.366272" lat="36.722268"><ele>10.1</ele></trkpt>
   <trkpt lon="-4.366255" lat="36.722265"><ele>10.1</ele></trkpt>
   <trkpt lon="-4.365918" lat="36.722219"><ele>10.6</ele></trkpt>
   <trkpt lon="-4.365870" lat="36.722211"><ele>10.5</ele></trkpt>
   <trkpt lon="-4.365856" lat="36.722208"><ele>10.5</ele></trkpt>
   <trkpt lon="-4.365375" lat="36.722127"><ele>9.6</ele></trkpt>
   <trkpt lon="-4.365269" lat="36.722109"><ele>9.4</ele></trkpt>
   <trkpt lon="-4.364970" lat="36.722053"><ele>8.7</ele></trkpt>
   <trkpt lon="-4.364854" lat="36.722031"><ele>8.4</ele></trkpt>
   <trkpt lon="-4.364287" lat="36.721906"><ele>7.8</ele></trkpt>
   <trkpt lon="-4.364157" lat="36.721875"><ele>7.6</ele></trkpt>
   <trkpt lon="-4.363803" lat="36.721777"><ele>7.0</ele></trkpt>
   <trkpt lon="-4.363062" lat="36.721510"><ele>7.1</ele></trkpt>
   <trkpt lon="-4.362934" lat="36.721464"><ele>7.2</ele></trkpt>
   <trkpt lon="-4.362942" lat="36.721380"><ele>6.6</ele></trkpt>
   <trkpt lon="-4.362962" lat="36.721200"><ele>5.7</ele></trkpt>
   <trkpt lon="-4.362978" lat="36.721048"><ele>5.3</ele></trkpt>
   <trkpt lon="-4.363041" lat="36.720473"><ele>5.0</ele></trkpt>
   <trkpt lon="-4.363059" lat="36.720310"><ele>5.0</ele></trkpt>
   <trkpt lon="-4.363069" lat="36.720198"><ele>4.9</ele></trkpt>
   <trkpt lon="-4.363108" lat="36.719785"><ele>3.4</ele></trkpt>
   <trkpt lon="-4.363116" lat="36.719702"><ele>2.9</ele></trkpt>
   <trkpt lon="-4.362113" lat="36.719622"><ele>3.2</ele></trkpt>
   <trkpt lon="-4.361808" lat="36.719590"><ele>3.1</ele></trkpt>
   <trkpt lon="-4.361545" lat="36.719559"><ele>3.0</ele></trkpt>
   <trkpt lon="-4.361437" lat="36.719547"><ele>3.0</ele></trkpt>
   <trkpt lon="-4.361141" lat="36.719522"><ele>2.9</ele></trkpt>
   <trkpt lon="-4.361040" lat="36.719514"><ele>2.9</ele></trkpt>
   <trkpt lon="-4.360849" lat="36.719496"><ele>2.8</ele></trkpt>
   <trkpt lon="-4.360798" lat="36.719490"><ele>2.8</ele></trkpt>
   <trkpt lon="-4.360138" lat="36.719423"><ele>2.6</ele></trkpt>
   <trkpt lon="-4.359683" lat="36.719374"><ele>2.3</ele></trkpt>
   <trkpt lon="-4.359296" lat="36.719333"><ele>2.0</ele></trkpt>
   <trkpt lon="-4.359125" lat="36.719314"><ele>2.0</ele></trkpt>
   <trkpt lon="-4.357786" lat="36.719135"><ele>2.0</ele></trkpt>
   <trkpt lon="-4.357612" lat="36.719110"><ele>2.4</ele></trkpt>
   <trkpt lon="-4.357173" lat="36.719045"><ele>2.5</ele></trkpt>
   <trkpt lon="-4.356912" lat="36.719005"><ele>2.4</ele></trkpt>
   <trkpt lon="-4.356876" lat="36.719000"><ele>2.4</ele></trkpt>
   <trkpt lon="-4.356793" lat="36.718984"><ele>2.3</ele></trkpt>
   <trkpt lon="-4.356532" lat="36.718933"><ele>2.8</ele></trkpt>
   <trkpt lon="-4.356374" lat="36.718902"><ele>3.0</ele></trkpt>
   <trkpt lon="-4.356196" lat="36.718861"><ele>3.0</ele></trkpt>
   <trkpt lon="-4.356113" lat="36.718841"><ele>2.9</ele></trkpt>
   <trkpt lon="-4.355893" lat="36.718787"><ele>2.8</ele></trkpt>
   <trkpt lon="-4.355790" lat="36.718762"><ele>2.7</ele></trkpt>
   <trkpt lon="-4.355668" lat="36.718724"><ele>2.7</ele></trkpt>
   <trkpt lon="-4.355281" lat="36.718606"><ele>2.9</ele></trkpt>
   <trkpt lon="-4.355223" lat="36.718589"><ele>2.9</ele></trkpt>
   <trkpt lon="-4.354741" lat="36.718443"><ele>2.8</ele></trkpt>
   <trkpt lon="-4.354454" lat="36.718359"><ele>2.9</ele></trkpt>
   <trkpt lon="-4.354258" lat="36.718301"><ele>2.9</ele></trkpt>
   <trkpt lon="-4.354176" lat="36.718283"><ele>3.0</ele></trkpt>
   <trkpt lon="-4.354128" lat="36.718272"><ele>3.1</ele></trkpt>
   <trkpt lon="-4.353400" lat="36.718119"><ele>2.8</ele></trkpt>
   <trkpt lon="-4.352969" lat="36.718028"><ele>2.5</ele></trkpt>
   <trkpt lon="-4.352916" lat="36.718017"><ele>2.5</ele></trkpt>
   <trkpt lon="-4.352543" lat="36.717962"><ele>2.7</ele></trkpt>
   <trkpt lon="-4.352445" lat="36.717944"><ele>3.0</ele></trkpt>
   <trkpt lon="-4.350895" lat="36.717708"><ele>2.9</ele></trkpt>
   <trkpt lon="-4.350793" lat="36.717697"><ele>2.8</ele></trkpt>
   <trkpt lon="-4.348949" lat="36.717413"><ele>2.7</ele></trkpt>
   <trkpt lon="-4.348723" lat="36.717377"><ele>3.2</ele></trkpt>
   <trkpt lon="-4.348568" lat="36.717279"><ele>3.4</ele></trkpt>
   <trkpt lon="-4.348257" lat="36.717217"><ele>4.0</ele></trkpt>
   <trkpt lon="-4.348100" lat="36.717175"><ele>4.4</ele></trkpt>
   <trkpt lon="-4.347962" lat="36.717127"><ele>4.5</ele></trkpt>
   <trkpt lon="-4.347583" lat="36.716952"><ele>5.0</ele></trkpt>
   <trkpt lon="-4.347372" lat="36.716784"><ele>6.4</ele></trkpt>
   <trkpt lon="-4.347282" lat="36.716713"><ele>6.9</ele></trkpt>
   <trkpt lon="-4.347150" lat="36.716595"><ele>7.3</ele></trkpt>
   <trkpt lon="-4.347011" lat="36.716423"><ele>7.1</ele></trkpt>
   <trkpt lon="-4.346476" lat="36.715695"><ele>7.7</ele></trkpt>
   <trkpt lon="-4.346446" lat="36.715637"><ele>7.2</ele></trkpt>
   <trkpt lon="-4.346360" lat="36.715601"><ele>7.5</ele></trkpt>
   <trkpt lon="-4.346212" lat="36.715457"><ele>5.0</ele></trkpt>
   <trkpt lon="-4.345963" lat="36.715327"><ele>4.7</ele></trkpt>
   <trkpt lon="-4.345731" lat="36.715225"><ele>6.3</ele></trkpt>
   <trkpt lon="-4.345300" lat="36.715115"><ele>3.0</ele></trkpt>
   <trkpt lon="-4.344410" lat="36.714872"><ele>4.1</ele></trkpt>
   <trkpt lon="-4.344040" lat="36.714745"><ele>4.4</ele></trkpt>
   <trkpt lon="-4.343642" lat="36.714601"><ele>6.1</ele></trkpt>
   <trkpt lon="-4.343194" lat="36.714346"><ele>6.1</ele></trkpt>
   <trkpt lon="-4.343007" lat="36.714011"><ele>5.1</ele></trkpt>
   <trkpt lon="-4.342876" lat="36.713913"><ele>4.5</ele></trkpt>
   <trkpt lon="-4.342293" lat="36.713644"><ele>4.4</ele></trkpt>
   <trkpt lon="-4.342102" lat="36.713593"><ele>5.0</ele></trkpt>
   <trkpt lon="-4.340931" lat="36.713312"><ele>4.8</ele></trkpt>
   <trkpt lon="-4.340770" lat="36.713265"><ele>5.8</ele></trkpt>
   <trkpt lon="-4.340514" lat="36.713168"><ele>4.7</ele></trkpt>
   <trkpt lon="-4.340225" lat="36.713046"><ele>4.0</ele></trkpt>
   <trkpt lon="-4.339806" lat="36.712917"><ele>5.7</ele></trkpt>
   <trkpt lon="-4.339468" lat="36.712872"><ele>6.0</ele></trkpt>
   <trkpt lon="-4.339398" lat="36.712887"><ele>6.0</ele></trkpt>
   <trkpt lon="-4.339115" lat="36.712962"><ele>6.0</ele></trkpt>
   <trkpt lon="-4.338239" lat="36.712980"><ele>10.6</ele></trkpt>
   <trkpt lon="-4.337620" lat="36.712827"><ele>10.6</ele></trkpt>
   <trkpt lon="-4.337388" lat="36.712821"><ele>7.8</ele></trkpt>
   <trkpt lon="-4.337213" lat="36.712877"><ele>6.1</ele></trkpt>
   <trkpt lon="-4.336849" lat="36.713269"><ele>8.2</ele></trkpt>
   <trkpt lon="-4.336097" lat="36.713834"><ele>9.9</ele></trkpt>
   <trkpt lon="-4.335895" lat="36.713893"><ele>9.5</ele></trkpt>
   <trkpt lon="-4.335693" lat="36.713933"><ele>9.0</ele></trkpt>
   <trkpt lon="-4.335464" lat="36.713926"><ele>8.1</ele></trkpt>
   <trkpt lon="-4.334852" lat="36.713813"><ele>6.4</ele></trkpt>
   <trkpt lon="-4.334532" lat="36.713752"><ele>6.8</ele></trkpt>
   <trkpt lon="-4.334182" lat="36.713688"><ele>12.0</ele></trkpt>
   <trkpt lon="-4.333978" lat="36.713633"><ele>16.7</ele></trkpt>
   <trkpt lon="-4.333908" lat="36.713574"><ele>17.3</ele></trkpt>
   <trkpt lon="-4.333613" lat="36.713128"><ele>9.9</ele></trkpt>
   <trkpt lon="-4.333509" lat="36.713035"><ele>7.7</ele></trkpt>
   <trkpt lon="-4.333366" lat="36.712967"><ele>6.8</ele></trkpt>
   <trkpt lon="-4.333264" lat="36.712961"><ele>6.3</ele></trkpt>
   <trkpt lon="-4.333164" lat="36.712965"><ele>5.7</ele></trkpt>
   <trkpt lon="-4.332533" lat="36.713075"><ele>10.9</ele></trkpt>
   <trkpt lon="-4.332440" lat="36.713100"><ele>9.9</ele></trkpt>
   <trkpt lon="-4.332356" lat="36.713156"><ele>8.9</ele></trkpt>
   <trkpt lon="-4.332175" lat="36.713347"><ele>6.9</ele></trkpt>
   <trkpt lon="-4.332043" lat="36.713397"><ele>6.1</ele></trkpt>
   <trkpt lon="-4.331859" lat="36.713434"><ele>5.2</ele></trkpt>
   <trkpt lon="-4.331742" lat="36.713429"><ele>4.2</ele></trkpt>
   <trkpt lon="-4.331702" lat="36.713406"><ele>3.7</ele></trkpt>
   <trkpt lon="-4.331661" lat="36.713395"><ele>3.3</ele></trkpt>
   <trkpt lon="-4.331588" lat="36.713416"><ele>2.8</ele></trkpt>
   <trkpt lon="-4.331548" lat="36.713437"><ele>2.6</ele></trkpt>
   <trkpt lon="-4.331283" lat="36.713477"><ele>3.2</ele></trkpt>
   <trkpt lon="-4.330729" lat="36.713477"><ele>2.4</ele></trkpt>
   <trkpt lon="-4.330568" lat="36.713499"><ele>1.9</ele></trkpt>
   <trkpt lon="-4.328774" lat="36.713393"><ele>6.1</ele></trkpt>
   <trkpt lon="-4.328756" lat="36.713377"><ele>6.3</ele></trkpt>
   <trkpt lon="-4.328566" lat="36.713361"><ele>8.3</ele></trkpt>
   <trkpt lon="-4.328310" lat="36.713332"><ele>10.3</ele></trkpt>
   <trkpt lon="-4.328225" lat="36.713291"><ele>11.2</ele></trkpt>
   <trkpt lon="-4.328095" lat="36.713271"><ele>12.0</ele></trkpt>
   <trkpt lon="-4.327894" lat="36.713254"><ele>11.1</ele></trkpt>
   <trkpt lon="-4.327569" lat="36.713253"><ele>8.8</ele></trkpt>
   <trkpt lon="-4.327313" lat="36.713241"><ele>7.0</ele></trkpt>
   <trkpt lon="-4.327083" lat="36.713232"><ele>6.0</ele></trkpt>
   <trkpt lon="-4.326566" lat="36.713212"><ele>5.4</ele></trkpt>
   <trkpt lon="-4.326129" lat="36.713194"><ele>4.6</ele></trkpt>
   <trkpt lon="-4.326005" lat="36.713174"><ele>4.3</ele></trkpt>
   <trkpt lon="-4.325939" lat="36.713146"><ele>4.2</ele></trkpt>
   <trkpt lon="-4.325948" lat="36.713128"><ele>4.1</ele></trkpt>
   <trkpt lon="-4.325946" lat="36.713112"><ele>4.1</ele></trkpt>
   <trkpt lon="-4.325931" lat="36.713090"><ele>4.0</ele></trkpt>
   <trkpt lon="-4.325903" lat="36.713073"><ele>4.0</ele></trkpt>
   <trkpt lon="-4.325865" lat="36.713067"><ele>4.0</ele></trkpt>
   <trkpt lon="-4.325828" lat="36.713075"><ele>4.0</ele></trkpt>
   <trkpt lon="-4.325808" lat="36.713105"><ele>4.0</ele></trkpt>
   <trkpt lon="-4.325809" lat="36.713127"><ele>4.0</ele></trkpt>
   <trkpt lon="-4.325823" lat="36.713151"><ele>4.1</ele></trkpt>
   <trkpt lon="-4.325753" lat="36.713197"><ele>4.0</ele></trkpt>
   <trkpt lon="-4.325562" lat="36.713211"><ele>3.8</ele></trkpt>
   <trkpt lon="-4.325044" lat="36.713170"><ele>3.6</ele></trkpt>
   <trkpt lon="-4.324504" lat="36.713137"><ele>3.4</ele></trkpt>
   <trkpt lon="-4.324203" lat="36.713104"><ele>3.2</ele></trkpt>
   <trkpt lon="-4.323893" lat="36.713029"><ele>2.8</ele></trkpt>
   <trkpt lon="-4.323603" lat="36.712924"><ele>2.9</ele></trkpt>
   <trkpt lon="-4.323344" lat="36.712811"><ele>1.8</ele></trkpt>
   <trkpt lon="-4.323168" lat="36.712722"><ele>2.3</ele></trkpt>
   <trkpt lon="-4.323197" lat="36.712688"><ele>2.1</ele></trkpt>
   <trkpt lon="-4.322969" lat="36.712608"><ele>4.1</ele></trkpt>
   <trkpt lon="-4.322668" lat="36.712547"><ele>5.8</ele></trkpt>
   <trkpt lon="-4.322336" lat="36.712496"><ele>6.0</ele></trkpt>
   <trkpt lon="-4.322268" lat="36.712494"><ele>6.1</ele></trkpt>
   <trkpt lon="-4.322237" lat="36.712476"><ele>6.2</ele></trkpt>
   <trkpt lon="-4.322050" lat="36.712462"><ele>6.7</ele></trkpt>
   <trkpt lon="-4.321184" lat="36.712487"><ele>3.6</ele></trkpt>
   <trkpt lon="-4.320252" lat="36.712559"><ele>2.0</ele></trkpt>
   <trkpt lon="-4.319142" lat="36.712628"><ele>1.0</ele></trkpt>
   <trkpt lon="-4.318665" lat="36.712687"><ele>0.9</ele></trkpt>
   <trkpt lon="-4.318359" lat="36.712767"><ele>4.4</ele></trkpt>
   <trkpt lon="-4.318050" lat="36.712935"><ele>3.0</ele></trkpt>
   <trkpt lon="-4.317787" lat="36.712985"><ele>3.0</ele></trkpt>
   <trkpt lon="-4.317586" lat="36.713024"><ele>3.0</ele></trkpt>
   <trkpt lon="-4.316836" lat="36.713151"><ele>3.5</ele></trkpt>
   <trkpt lon="-4.315975" lat="36.713205"><ele>1.9</ele></trkpt>
   <trkpt lon="-4.315881" lat="36.713217"><ele>1.6</ele></trkpt>
   <trkpt lon="-4.315120" lat="36.713268"><ele>3.2</ele></trkpt>
   <trkpt lon="-4.314706" lat="36.713291"><ele>2.2</ele></trkpt>
   <trkpt lon="-4.314679" lat="36.713270"><ele>2.0</ele></trkpt>
   <trkpt lon="-4.314158" lat="36.713314"><ele>1.5</ele></trkpt>
   <trkpt lon="-4.313281" lat="36.713407"><ele>1.0</ele></trkpt>
   <trkpt lon="-4.311989" lat="36.713564"><ele>0.9</ele></trkpt>
   <trkpt lon="-4.310839" lat="36.713771"><ele>1.1</ele></trkpt>
   <trkpt lon="-4.309242" lat="36.714108"><ele>2.1</ele></trkpt>
   <trkpt lon="-4.308975" lat="36.714117"><ele>2.1</ele></trkpt>
   <trkpt lon="-4.308749" lat="36.714127"><ele>2.1</ele></trkpt>
   <trkpt lon="-4.308475" lat="36.714263"><ele>2.5</ele></trkpt>
   <trkpt lon="-4.308246" lat="36.714357"><ele>2.8</ele></trkpt>
   <trkpt lon="-4.307746" lat="36.714452"><ele>2.4</ele></trkpt>
   <trkpt lon="-4.307578" lat="36.714413"><ele>2.0</ele></trkpt>
   <trkpt lon="-4.307487" lat="36.714404"><ele>2.0</ele></trkpt>
   <trkpt lon="-4.307116" lat="36.714512"><ele>2.2</ele></trkpt>
   <trkpt lon="-4.306884" lat="36.714658"><ele>2.7</ele></trkpt>
   <trkpt lon="-4.306681" lat="36.714679"><ele>2.7</ele></trkpt>
   <trkpt lon="-4.306327" lat="36.714689"><ele>2.8</ele></trkpt>
   <trkpt lon="-4.305773" lat="36.714737"><ele>2.9</ele></trkpt>
   <trkpt lon="-4.305665" lat="36.714717"><ele>2.8</ele></trkpt>
   <trkpt lon="-4.305627" lat="36.714684"><ele>2.7</ele></trkpt>
   <trkpt lon="-4.305584" lat="36.714603"><ele>2.5</ele></trkpt>
   <trkpt lon="-4.305551" lat="36.714570"><ele>2.4</ele></trkpt>
   <trkpt lon="-4.305201" lat="36.714562"><ele>2.4</ele></trkpt>
   <trkpt lon="-4.304890" lat="36.714533"><ele>2.3</ele></trkpt>
   <trkpt lon="-4.304746" lat="36.714534"><ele>2.3</ele></trkpt>
   <trkpt lon="-4.304635" lat="36.714573"><ele>2.4</ele></trkpt>
   <trkpt lon="-4.304325" lat="36.714718"><ele>2.8</ele></trkpt>
   <trkpt lon="-4.303184" lat="36.714653"><ele>2.3</ele></trkpt>
   <trkpt lon="-4.303147" lat="36.714636"><ele>2.3</ele></trkpt>
   <trkpt lon="-4.303122" lat="36.714602"><ele>2.1</ele></trkpt>
   <trkpt lon="-4.303131" lat="36.714530"><ele>1.7</ele></trkpt>
   <trkpt lon="-4.303113" lat="36.714506"><ele>1.6</ele></trkpt>
   <trkpt lon="-4.302743" lat="36.714469"><ele>2.1</ele></trkpt>
   <trkpt lon="-4.302575" lat="36.714499"><ele>2.2</ele></trkpt>
   <trkpt lon="-4.302088" lat="36.714628"><ele>2.1</ele></trkpt>
   <trkpt lon="-4.301823" lat="36.714615"><ele>2.0</ele></trkpt>
   <trkpt lon="-4.301598" lat="36.714568"><ele>2.0</ele></trkpt>
   <trkpt lon="-4.301370" lat="36.714500"><ele>2.0</ele></trkpt>
   <trkpt lon="-4.300971" lat="36.714248"><ele>2.7</ele></trkpt>
   <trkpt lon="-4.300942" lat="36.714220"><ele>2.9</ele></trkpt>
   <trkpt lon="-4.300870" lat="36.714212"><ele>3.3</ele></trkpt>
   <trkpt lon="-4.300837" lat="36.714207"><ele>3.4</ele></trkpt>
   <trkpt lon="-4.300663" lat="36.713974"><ele>6.8</ele></trkpt>
   <trkpt lon="-4.300314" lat="36.713760"><ele>13.3</ele></trkpt>
   <trkpt lon="-4.300298" lat="36.713676"><ele>13.6</ele></trkpt>
   <trkpt lon="-4.299889" lat="36.713506"><ele>14.3</ele></trkpt>
   <trkpt lon="-4.298935" lat="36.713255"><ele>13.8</ele></trkpt>
   <trkpt lon="-4.298753" lat="36.713220"><ele>15.9</ele></trkpt>
   <trkpt lon="-4.298568" lat="36.713180"><ele>17.3</ele></trkpt>
   <trkpt lon="-4.298387" lat="36.713145"><ele>17.0</ele></trkpt>
   <trkpt lon="-4.297423" lat="36.712930"><ele>13.1</ele></trkpt>
   <trkpt lon="-4.297113" lat="36.712887"><ele>14.6</ele></trkpt>
   <trkpt lon="-4.296845" lat="36.712860"><ele>13.9</ele></trkpt>
   <trkpt lon="-4.296550" lat="36.712877"><ele>11.3</ele></trkpt>
   <trkpt lon="-4.296329" lat="36.712923"><ele>8.9</ele></trkpt>
   <trkpt lon="-4.296114" lat="36.712987"><ele>8.3</ele></trkpt>
   <trkpt lon="-4.295922" lat="36.713072"><ele>8.5</ele></trkpt>
   <trkpt lon="-4.295758" lat="36.713173"><ele>12.7</ele></trkpt>
   <trkpt lon="-4.294948" lat="36.713777"><ele>22.9</ele></trkpt>
   <trkpt lon="-4.294864" lat="36.713840"><ele>20.6</ele></trkpt>
   <trkpt lon="-4.294384" lat="36.714197"><ele>7.5</ele></trkpt>
   <trkpt lon="-4.293854" lat="36.714586"><ele>1.6</ele></trkpt>
   <trkpt lon="-4.293740" lat="36.714660"><ele>1.7</ele></trkpt>
   <trkpt lon="-4.293457" lat="36.714788"><ele>2.0</ele></trkpt>
   <trkpt lon="-4.293311" lat="36.714835"><ele>2.2</ele></trkpt>
   <trkpt lon="-4.293155" lat="36.714870"><ele>2.3</ele></trkpt>
   <trkpt lon="-4.293118" lat="36.714862"><ele>2.3</ele></trkpt>
   <trkpt lon="-4.293042" lat="36.714841"><ele>2.2</ele></trkpt>
   <trkpt lon="-4.292468" lat="36.714888"><ele>1.7</ele></trkpt>
   <trkpt lon="-4.292179" lat="36.714911"><ele>1.8</ele></trkpt>
   <trkpt lon="-4.291505" lat="36.714943"><ele>2.0</ele></trkpt>
   <trkpt lon="-4.290522" lat="36.714955"><ele>2.1</ele></trkpt>
   <trkpt lon="-4.289333" lat="36.714989"><ele>2.6</ele></trkpt>
   <trkpt lon="-4.287766" lat="36.715016"><ele>2.1</ele></trkpt>
   <trkpt lon="-4.287678" lat="36.714947"><ele>2.2</ele></trkpt>
   <trkpt lon="-4.287326" lat="36.714930"><ele>2.5</ele></trkpt>
   <trkpt lon="-4.287194" lat="36.714999"><ele>2.7</ele></trkpt>
   <trkpt lon="-4.286763" lat="36.714962"><ele>2.5</ele></trkpt>
   <trkpt lon="-4.286139" lat="36.714896"><ele>2.7</ele></trkpt>
   <trkpt lon="-4.285897" lat="36.714862"><ele>2.5</ele></trkpt>
   <trkpt lon="-4.285737" lat="36.714801"><ele>2.3</ele></trkpt>
   <trkpt lon="-4.285435" lat="36.714781"><ele>3.0</ele></trkpt>
   <trkpt lon="-4.285221" lat="36.714785"><ele>3.0</ele></trkpt>
   <trkpt lon="-4.284328" lat="36.714696"><ele>2.5</ele></trkpt>
   <trkpt lon="-4.283639" lat="36.714613"><ele>2.5</ele></trkpt>
   <trkpt lon="-4.283411" lat="36.714569"><ele>2.4</ele></trkpt>
   <trkpt lon="-4.283225" lat="36.714542"><ele>2.3</ele></trkpt>
   <trkpt lon="-4.282556" lat="36.714463"><ele>2.1</ele></trkpt>
   <trkpt lon="-4.282165" lat="36.714442"><ele>2.0</ele></trkpt>
   <trkpt lon="-4.281225" lat="36.714311"><ele>2.3</ele></trkpt>
   <trkpt lon="-4.280413" lat="36.714199"><ele>2.3</ele></trkpt>
   <trkpt lon="-4.280056" lat="36.714057"><ele>2.0</ele></trkpt>
   <trkpt lon="-4.279492" lat="36.713970"><ele>2.3</ele></trkpt>
   <trkpt lon="-4.279228" lat="36.714034"><ele>2.7</ele></trkpt>
   <trkpt lon="-4.277815" lat="36.713828"><ele>2.2</ele></trkpt>
   <trkpt lon="-4.277623" lat="36.713695"><ele>2.0</ele></trkpt>
   <trkpt lon="-4.277557" lat="36.713670"><ele>2.0</ele></trkpt>
   <trkpt lon="-4.277271" lat="36.713635"><ele>2.0</ele></trkpt>
   <trkpt lon="-4.277192" lat="36.713659"><ele>2.0</ele></trkpt>
   <trkpt lon="-4.277081" lat="36.713727"><ele>2.0</ele></trkpt>
   <trkpt lon="-4.275691" lat="36.713545"><ele>1.8</ele></trkpt>
   <trkpt lon="-4.275525" lat="36.713439"><ele>1.2</ele></trkpt>
   <trkpt lon="-4.275409" lat="36.713430"><ele>1.5</ele></trkpt>
   <trkpt lon="-4.275196" lat="36.713479"><ele>2.4</ele></trkpt>
   <trkpt lon="-4.274073" lat="36.713337"><ele>2.9</ele></trkpt>
   <trkpt lon="-4.273210" lat="36.713212"><ele>2.4</ele></trkpt>
   <trkpt lon="-4.273162" lat="36.713197"><ele>2.4</ele></trkpt>
   <trkpt lon="-4.273143" lat="36.713185"><ele>2.4</ele></trkpt>
   <trkpt lon="-4.273121" lat="36.713163"><ele>2.3</ele></trkpt>
   <trkpt lon="-4.273047" lat="36.713052"><ele>2.0</ele></trkpt>
   <trkpt lon="-4.273010" lat="36.713026"><ele>2.0</ele></trkpt>
   <trkpt lon="-4.272981" lat="36.713018"><ele>2.0</ele></trkpt>
   <trkpt lon="-4.272710" lat="36.712968"><ele>2.0</ele></trkpt>
   <trkpt lon="-4.272663" lat="36.712973"><ele>2.0</ele></trkpt>
   <trkpt lon="-4.272646" lat="36.712997"><ele>2.0</ele></trkpt>
   <trkpt lon="-4.272606" lat="36.713101"><ele>2.1</ele></trkpt>
   <trkpt lon="-4.272587" lat="36.713116"><ele>2.1</ele></trkpt>
   <trkpt lon="-4.272540" lat="36.713127"><ele>2.2</ele></trkpt>
   <trkpt lon="-4.271956" lat="36.713047"><ele>2.4</ele></trkpt>
   <trkpt lon="-4.271126" lat="36.712928"><ele>2.6</ele></trkpt>
   <trkpt lon="-4.270738" lat="36.712873"><ele>2.9</ele></trkpt>
   <trkpt lon="-4.270609" lat="36.712915"><ele>3.1</ele></trkpt>
   <trkpt lon="-4.270511" lat="36.712892"><ele>3.0</ele></trkpt>
   <trkpt lon="-4.270163" lat="36.712812"><ele>3.0</ele></trkpt>
   <trkpt lon="-4.269696" lat="36.712752"><ele>3.1</ele></trkpt>
   <trkpt lon="-4.268870" lat="36.712590"><ele>2.4</ele></trkpt>
   <trkpt lon="-4.268535" lat="36.712551"><ele>2.7</ele></trkpt>
   <trkpt lon="-4.268278" lat="36.712539"><ele>2.9</ele></trkpt>
   <trkpt lon="-4.267375" lat="36.712415"><ele>2.1</ele></trkpt>
   <trkpt lon="-4.266614" lat="36.712296"><ele>2.5</ele></trkpt>
   <trkpt lon="-4.265376" lat="36.712136"><ele>2.3</ele></trkpt>
   <trkpt lon="-4.263753" lat="36.711958"><ele>2.8</ele></trkpt>
   <trkpt lon="-4.261268" lat="36.711629"><ele>1.9</ele></trkpt>
   <trkpt lon="-4.260225" lat="36.711510"><ele>2.4</ele></trkpt>
   <trkpt lon="-4.259576" lat="36.711458"><ele>2.3</ele></trkpt>
   <trkpt lon="-4.259345" lat="36.711440"><ele>2.2</ele></trkpt>
   <trkpt lon="-4.258932" lat="36.711390"><ele>2.1</ele></trkpt>
   <trkpt lon="-4.258304" lat="36.711344"><ele>2.0</ele></trkpt>
   <trkpt lon="-4.257523" lat="36.711317"><ele>1.9</ele></trkpt>
   <trkpt lon="-4.256384" lat="36.711298"><ele>1.8</ele></trkpt>
   <trkpt lon="-4.255250" lat="36.711249"><ele>2.0</ele></trkpt>
   <trkpt lon="-4.254421" lat="36.711235"><ele>2.2</ele></trkpt>
   <trkpt lon="-4.253690" lat="36.711199"><ele>2.5</ele></trkpt>
   <trkpt lon="-4.252667" lat="36.711087"><ele>2.2</ele></trkpt>
   <trkpt lon="-4.251510" lat="36.710981"><ele>2.8</ele></trkpt>
   <trkpt lon="-4.251381" lat="36.710975"><ele>2.8</ele></trkpt>
   <trkpt lon="-4.250669" lat="36.710944"><ele>2.6</ele></trkpt>
   <trkpt lon="-4.250095" lat="36.710920"><ele>2.1</ele></trkpt>
   <trkpt lon="-4.249382" lat="36.710891"><ele>2.3</ele></trkpt>
   <trkpt lon="-4.248294" lat="36.710868"><ele>2.1</ele></trkpt>
   <trkpt lon="-4.248186" lat="36.710879"><ele>2.2</ele></trkpt>
   <trkpt lon="-4.247773" lat="36.710931"><ele>3.0</ele></trkpt>
   <trkpt lon="-4.247232" lat="36.710998"><ele>2.1</ele></trkpt>
   <trkpt lon="-4.246790" lat="36.711042"><ele>1.9</ele></trkpt>
   <trkpt lon="-4.246647" lat="36.711058"><ele>1.6</ele></trkpt>
   <trkpt lon="-4.246446" lat="36.711099"><ele>1.5</ele></trkpt>
   <trkpt lon="-4.246046" lat="36.711144"><ele>2.0</ele></trkpt>
   <trkpt lon="-4.245802" lat="36.711163"><ele>3.0</ele></trkpt>
   <trkpt lon="-4.244912" lat="36.711238"><ele>2.0</ele></trkpt>
   <trkpt lon="-4.244698" lat="36.711252"><ele>2.0</ele></trkpt>
   <trkpt lon="-4.244396" lat="36.711271"><ele>2.0</ele></trkpt>
   <trkpt lon="-4.244099" lat="36.711291"><ele>1.9</ele></trkpt>
   <trkpt lon="-4.243831" lat="36.711324"><ele>1.1</ele></trkpt>
   <trkpt lon="-4.243399" lat="36.711394"><ele>1.3</ele></trkpt>
   <trkpt lon="-4.242919" lat="36.711458"><ele>1.9</ele></trkpt>
   <trkpt lon="-4.242675" lat="36.711513"><ele>2.8</ele></trkpt>
   <trkpt lon="-4.242442" lat="36.711554"><ele>2.1</ele></trkpt>
   <trkpt lon="-4.241951" lat="36.711623"><ele>2.0</ele></trkpt>
   <trkpt lon="-4.241442" lat="36.711714"><ele>2.0</ele></trkpt>
   <trkpt lon="-4.241071" lat="36.711760"><ele>1.4</ele></trkpt>
   <trkpt lon="-4.240676" lat="36.711830"><ele>1.8</ele></trkpt>
   <trkpt lon="-4.240605" lat="36.711840"><ele>1.8</ele></trkpt>
   <trkpt lon="-4.240573" lat="36.711850"><ele>1.9</ele></trkpt>
   <trkpt lon="-4.240357" lat="36.711888"><ele>2.1</ele></trkpt>
   <trkpt lon="-4.239653" lat="36.711984"><ele>1.9</ele></trkpt>
   <trkpt lon="-4.239613" lat="36.712000"><ele>1.8</ele></trkpt>
   <trkpt lon="-4.239513" lat="36.711998"><ele>1.5</ele></trkpt>
   <trkpt lon="-4.238818" lat="36.712095"><ele>1.6</ele></trkpt>
   <trkpt lon="-4.236965" lat="36.712370"><ele>1.0</ele></trkpt>
   <trkpt lon="-4.236474" lat="36.712401"><ele>4.0</ele></trkpt>
   <trkpt lon="-4.235948" lat="36.712411"><ele>3.0</ele></trkpt>
   <trkpt lon="-4.235594" lat="36.712442"><ele>3.0</ele></trkpt>
   <trkpt lon="-4.235648" lat="36.712898"><ele>4.0</ele></trkpt>
   <trkpt lon="-4.234420" lat="36.712970"><ele>3.6</ele></trkpt>
   <trkpt lon="-4.234376" lat="36.712973"><ele>3.7</ele></trkpt>
   <trkpt lon="-4.232892" lat="36.713064"><ele>4.1</ele></trkpt>
   <trkpt lon="-4.232662" lat="36.713078"><ele>4.1</ele></trkpt>
   <trkpt lon="-4.231431" lat="36.713155"><ele>3.8</ele></trkpt>
   <trkpt lon="-4.231219" lat="36.713166"><ele>3.9</ele></trkpt>
   <trkpt lon="-4.230985" lat="36.713183"><ele>3.9</ele></trkpt>
   <trkpt lon="-4.230707" lat="36.713202"><ele>4.0</ele></trkpt>
   <trkpt lon="-4.230615" lat="36.713205"><ele>4.2</ele></trkpt>
   <trkpt lon="-4.230318" lat="36.713212"><ele>5.0</ele></trkpt>
   <trkpt lon="-4.230020" lat="36.713195"><ele>5.0</ele></trkpt>
   <trkpt lon="-4.229418" lat="36.713235"><ele>3.5</ele></trkpt>
   <trkpt lon="-4.229005" lat="36.713277"><ele>5.0</ele></trkpt>
   <trkpt lon="-4.228849" lat="36.713311"><ele>5.0</ele></trkpt>
   <trkpt lon="-4.228804" lat="36.713321"><ele>5.0</ele></trkpt>
   <trkpt lon="-4.228644" lat="36.713283"><ele>4.7</ele></trkpt>
   <trkpt lon="-4.228474" lat="36.713281"><ele>4.2</ele></trkpt>
   <trkpt lon="-4.227373" lat="36.713336"><ele>3.0</ele></trkpt>
   <trkpt lon="-4.227177" lat="36.713367"><ele>3.0</ele></trkpt>
   <trkpt lon="-4.226228" lat="36.713413"><ele>2.0</ele></trkpt>
   <trkpt lon="-4.225862" lat="36.713429"><ele>2.1</ele></trkpt>
   <trkpt lon="-4.225424" lat="36.713452"><ele>2.1</ele></trkpt>
   <trkpt lon="-4.224963" lat="36.713468"><ele>2.1</ele></trkpt>
   <trkpt lon="-4.224928" lat="36.713468"><ele>2.0</ele></trkpt>
   <trkpt lon="-4.224751" lat="36.713456"><ele>1.5</ele></trkpt>
   <trkpt lon="-4.224719" lat="36.713429"><ele>1.3</ele></trkpt>
   <trkpt lon="-4.224678" lat="36.713413"><ele>1.1</ele></trkpt>
   <trkpt lon="-4.224633" lat="36.713409"><ele>1.0</ele></trkpt>
   <trkpt lon="-4.224589" lat="36.713417"><ele>1.1</ele></trkpt>
   <trkpt lon="-4.224550" lat="36.713436"><ele>1.2</ele></trkpt>
   <trkpt lon="-4.224522" lat="36.713465"><ele>1.4</ele></trkpt>
   <trkpt lon="-4.224387" lat="36.713500"><ele>1.6</ele></trkpt>
   <trkpt lon="-4.224350" lat="36.713503"><ele>1.6</ele></trkpt>
   <trkpt lon="-4.223670" lat="36.713530"><ele>1.7</ele></trkpt>
   <trkpt lon="-4.221541" lat="36.713658"><ele>2.0</ele></trkpt>
   <trkpt lon="-4.221082" lat="36.713709"><ele>2.0</ele></trkpt>
   <trkpt lon="-4.220701" lat="36.713749"><ele>1.4</ele></trkpt>
   <trkpt lon="-4.220589" lat="36.713767"><ele>1.3</ele></trkpt>
   <trkpt lon="-4.220371" lat="36.713797"><ele>1.6</ele></trkpt>
   <trkpt lon="-4.219205" lat="36.713992"><ele>3.0</ele></trkpt>
   <trkpt lon="-4.218127" lat="36.714119"><ele>2.3</ele></trkpt>
   <trkpt lon="-4.217919" lat="36.714143"><ele>2.6</ele></trkpt>
   <trkpt lon="-4.217792" lat="36.714143"><ele>2.7</ele></trkpt>
   <trkpt lon="-4.217417" lat="36.714145"><ele>5.8</ele></trkpt>
   <trkpt lon="-4.217197" lat="36.714150"><ele>5.1</ele></trkpt>
   <trkpt lon="-4.217114" lat="36.714150"><ele>5.0</ele></trkpt>
   <trkpt lon="-4.217024" lat="36.714149"><ele>5.0</ele></trkpt>
   <trkpt lon="-4.215970" lat="36.714149"><ele>1.9</ele></trkpt>
   <trkpt lon="-4.215010" lat="36.714152"><ele>1.6</ele></trkpt>
   <trkpt lon="-4.214068" lat="36.714191"><ele>2.2</ele></trkpt>
   <trkpt lon="-4.213397" lat="36.714264"><ele>3.0</ele></trkpt>
   <trkpt lon="-4.213233" lat="36.714283"><ele>3.0</ele></trkpt>
   <trkpt lon="-4.211426" lat="36.714496"><ele>2.0</ele></trkpt>
   <trkpt lon="-4.210408" lat="36.714598"><ele>2.1</ele></trkpt>
   <trkpt lon="-4.209997" lat="36.714642"><ele>2.6</ele></trkpt>
   <trkpt lon="-4.209330" lat="36.714715"><ele>2.6</ele></trkpt>
   <trkpt lon="-4.208212" lat="36.714850"><ele>3.5</ele></trkpt>
   <trkpt lon="-4.207130" lat="36.714977"><ele>3.8</ele></trkpt>
   <trkpt lon="-4.206759" lat="36.715007"><ele>3.4</ele></trkpt>
   <trkpt lon="-4.206637" lat="36.715017"><ele>3.4</ele></trkpt>
   <trkpt lon="-4.206566" lat="36.715022"><ele>3.5</ele></trkpt>
   <trkpt lon="-4.206497" lat="36.715010"><ele>3.6</ele></trkpt>
   <trkpt lon="-4.205697" lat="36.715046"><ele>3.9</ele></trkpt>
   <trkpt lon="-4.205210" lat="36.715061"><ele>3.7</ele></trkpt>
   <trkpt lon="-4.204862" lat="36.715064"><ele>3.6</ele></trkpt>
   <trkpt lon="-4.204341" lat="36.715048"><ele>3.4</ele></trkpt>
   <trkpt lon="-4.203744" lat="36.715038"><ele>3.3</ele></trkpt>
   <trkpt lon="-4.203285" lat="36.715031"><ele>3.3</ele></trkpt>
   <trkpt lon="-4.203088" lat="36.715030"><ele>3.4</ele></trkpt>
   <trkpt lon="-4.202424" lat="36.715029"><ele>4.0</ele></trkpt>
   <trkpt lon="-4.202038" lat="36.715031"><ele>4.0</ele></trkpt>
   <trkpt lon="-4.201699" lat="36.715048"><ele>3.4</ele></trkpt>
   <trkpt lon="-4.201339" lat="36.715078"><ele>2.0</ele></trkpt>
   <trkpt lon="-4.200927" lat="36.715138"><ele>2.1</ele></trkpt>
   <trkpt lon="-4.200713" lat="36.715177"><ele>2.4</ele></trkpt>
   <trkpt lon="-4.200493" lat="36.715226"><ele>2.6</ele></trkpt>
   <trkpt lon="-4.200315" lat="36.715273"><ele>2.8</ele></trkpt>
   <trkpt lon="-4.199161" lat="36.715571"><ele>2.9</ele></trkpt>
   <trkpt lon="-4.198523" lat="36.715755"><ele>3.2</ele></trkpt>
   <trkpt lon="-4.198425" lat="36.715783"><ele>3.1</ele></trkpt>
   <trkpt lon="-4.197919" lat="36.715933"><ele>3.4</ele></trkpt>
   <trkpt lon="-4.197792" lat="36.715962"><ele>3.5</ele></trkpt>
   <trkpt lon="-4.197650" lat="36.715982"><ele>3.5</ele></trkpt>
   <trkpt lon="-4.197390" lat="36.715996"><ele>3.6</ele></trkpt>
   <trkpt lon="-4.196700" lat="36.716007"><ele>3.3</ele></trkpt>
   <trkpt lon="-4.196398" lat="36.716012"><ele>3.3</ele></trkpt>
   <trkpt lon="-4.195734" lat="36.716037"><ele>3.4</ele></trkpt>
   <trkpt lon="-4.194891" lat="36.716080"><ele>3.5</ele></trkpt>
   <trkpt lon="-4.194441" lat="36.716081"><ele>2.8</ele></trkpt>
   <trkpt lon="-4.193659" lat="36.716067"><ele>2.8</ele></trkpt>
   <trkpt lon="-4.193139" lat="36.716065"><ele>2.8</ele></trkpt>
   <trkpt lon="-4.193075" lat="36.716070"><ele>2.8</ele></trkpt>
   <trkpt lon="-4.192981" lat="36.716079"><ele>2.8</ele></trkpt>
   <trkpt lon="-4.192901" lat="36.716084"><ele>2.8</ele></trkpt>
   <trkpt lon="-4.192865" lat="36.716074"><ele>2.8</ele></trkpt>
   <trkpt lon="-4.192826" lat="36.716072"><ele>2.8</ele></trkpt>
   <trkpt lon="-4.192789" lat="36.716079"><ele>2.8</ele></trkpt>
   <trkpt lon="-4.192755" lat="36.716094"><ele>2.9</ele></trkpt>
   <trkpt lon="-4.192596" lat="36.716098"><ele>2.9</ele></trkpt>
   <trkpt lon="-4.192412" lat="36.716086"><ele>2.9</ele></trkpt>
   <trkpt lon="-4.191928" lat="36.716090"><ele>2.9</ele></trkpt>
   <trkpt lon="-4.191534" lat="36.716070"><ele>2.8</ele></trkpt>
   <trkpt lon="-4.191208" lat="36.716048"><ele>2.8</ele></trkpt>
   <trkpt lon="-4.190864" lat="36.716013"><ele>3.6</ele></trkpt>
   <trkpt lon="-4.190166" lat="36.715923"><ele>2.8</ele></trkpt>
   <trkpt lon="-4.188749" lat="36.715677"><ele>3.3</ele></trkpt>
   <trkpt lon="-4.188295" lat="36.715614"><ele>3.2</ele></trkpt>
   <trkpt lon="-4.188125" lat="36.715593"><ele>3.2</ele></trkpt>
   <trkpt lon="-4.187898" lat="36.715586"><ele>3.4</ele></trkpt>
   <trkpt lon="-4.187719" lat="36.715588"><ele>3.6</ele></trkpt>
   <trkpt lon="-4.187433" lat="36.715603"><ele>4.2</ele></trkpt>
   <trkpt lon="-4.187295" lat="36.715630"><ele>4.5</ele></trkpt>
   <trkpt lon="-4.186469" lat="36.715699"><ele>2.8</ele></trkpt>
   <trkpt lon="-4.185540" lat="36.715785"><ele>3.0</ele></trkpt>
   <trkpt lon="-4.184966" lat="36.715859"><ele>3.2</ele></trkpt>
   <trkpt lon="-4.184124" lat="36.715984"><ele>3.0</ele></trkpt>
   <trkpt lon="-4.182876" lat="36.716201"><ele>3.1</ele></trkpt>
   <trkpt lon="-4.182264" lat="36.716318"><ele>3.9</ele></trkpt>
   <trkpt lon="-4.181581" lat="36.716443"><ele>3.9</ele></trkpt>
   <trkpt lon="-4.181286" lat="36.716498"><ele>4.1</ele></trkpt>
   <trkpt lon="-4.180642" lat="36.716619"><ele>4.8</ele></trkpt>
   <trkpt lon="-4.180469" lat="36.716613"><ele>4.8</ele></trkpt>
   <trkpt lon="-4.180396" lat="36.716608"><ele>4.7</ele></trkpt>
   <trkpt lon="-4.180331" lat="36.716598"><ele>4.7</ele></trkpt>
   <trkpt lon="-4.180294" lat="36.716576"><ele>4.6</ele></trkpt>
   <trkpt lon="-4.180249" lat="36.716561"><ele>4.4</ele></trkpt>
   <trkpt lon="-4.180199" lat="36.716558"><ele>4.2</ele></trkpt>
   <trkpt lon="-4.180151" lat="36.716566"><ele>4.2</ele></trkpt>
   <trkpt lon="-4.180108" lat="36.716585"><ele>4.2</ele></trkpt>
   <trkpt lon="-4.180073" lat="36.716613"><ele>4.4</ele></trkpt>
   <trkpt lon="-4.180050" lat="36.716646"><ele>4.6</ele></trkpt>
   <trkpt lon="-4.180040" lat="36.716683"><ele>4.9</ele></trkpt>
   <trkpt lon="-4.180043" lat="36.716721"><ele>5.2</ele></trkpt>
   <trkpt lon="-4.180063" lat="36.716763"><ele>5.5</ele></trkpt>
   <trkpt lon="-4.180098" lat="36.716797"><ele>5.8</ele></trkpt>
   <trkpt lon="-4.180145" lat="36.716820"><ele>6.0</ele></trkpt>
   <trkpt lon="-4.180155" lat="36.716914"><ele>6.0</ele></trkpt>
   <trkpt lon="-4.180177" lat="36.717137"><ele>6.0</ele></trkpt>
   <trkpt lon="-4.180190" lat="36.717462"><ele>7.8</ele></trkpt>
   <trkpt lon="-4.180150" lat="36.717484"><ele>7.9</ele></trkpt>
   <trkpt lon="-4.180118" lat="36.717514"><ele>8.2</ele></trkpt>
   <trkpt lon="-4.180100" lat="36.717550"><ele>8.8</ele></trkpt>
   <trkpt lon="-4.180095" lat="36.717589"><ele>9.6</ele></trkpt>
   <trkpt lon="-4.179941" lat="36.717595"><ele>10.2</ele></trkpt>
   <trkpt lon="-4.179847" lat="36.717623"><ele>11.9</ele></trkpt>
   <trkpt lon="-4.179768" lat="36.717662"><ele>13.8</ele></trkpt>
   <trkpt lon="-4.179672" lat="36.717758"><ele>18.0</ele></trkpt>
   <trkpt lon="-4.179656" lat="36.717833"><ele>20.8</ele></trkpt>
   <trkpt lon="-4.179667" lat="36.718057"><ele>24.7</ele></trkpt>
   <trkpt lon="-4.179613" lat="36.718165"><ele>27.6</ele></trkpt>
   <trkpt lon="-4.179483" lat="36.718252"><ele>28.6</ele></trkpt>
   <trkpt lon="-4.179038" lat="36.718347"><ele>25.5</ele></trkpt>
   <trkpt lon="-4.178916" lat="36.718386"><ele>23.9</ele></trkpt>
   <trkpt lon="-4.178835" lat="36.718464"><ele>23.9</ele></trkpt>
   <trkpt lon="-4.178698" lat="36.718681"><ele>27.3</ele></trkpt>
   <trkpt lon="-4.178592" lat="36.718759"><ele>28.5</ele></trkpt>
   <trkpt lon="-4.177495" lat="36.719226"><ele>32.7</ele></trkpt>
   <trkpt lon="-4.177401" lat="36.719314"><ele>31.5</ele></trkpt>
   <trkpt lon="-4.177116" lat="36.719676"><ele>29.6</ele></trkpt>
   <trkpt lon="-4.176976" lat="36.719853"><ele>30.3</ele></trkpt>
   <trkpt lon="-4.176965" lat="36.719873"><ele>30.4</ele></trkpt>
   <trkpt lon="-4.176901" lat="36.719903"><ele>30.3</ele></trkpt>
   <trkpt lon="-4.176813" lat="36.719841"><ele>29.1</ele></trkpt>
   <trkpt lon="-4.176689" lat="36.719806"><ele>28.3</ele></trkpt>
   <trkpt lon="-4.176493" lat="36.719770"><ele>27.1</ele></trkpt>
   <trkpt lon="-4.176445" lat="36.719727"><ele>25.9</ele></trkpt>
   <trkpt lon="-4.176401" lat="36.719554"><ele>22.3</ele></trkpt>
   <trkpt lon="-4.176351" lat="36.719415"><ele>17.5</ele></trkpt>
   <trkpt lon="-4.176252" lat="36.719333"><ele>14.3</ele></trkpt>
   <trkpt lon="-4.176094" lat="36.719280"><ele>11.6</ele></trkpt>
   <trkpt lon="-4.175927" lat="36.719275"><ele>10.6</ele></trkpt>
   <trkpt lon="-4.175647" lat="36.719288"><ele>9.2</ele></trkpt>
   <trkpt lon="-4.175562" lat="36.719313"><ele>8.9</ele></trkpt>
   <trkpt lon="-4.175448" lat="36.719435"><ele>9.3</ele></trkpt>
   <trkpt lon="-4.175375" lat="36.719481"><ele>9.6</ele></trkpt>
   <trkpt lon="-4.175286" lat="36.719449"><ele>9.4</ele></trkpt>
   <trkpt lon="-4.175239" lat="36.719408"><ele>9.1</ele></trkpt>
   <trkpt lon="-4.175138" lat="36.719408"><ele>8.6</ele></trkpt>
   <trkpt lon="-4.175011" lat="36.719419"><ele>8.8</ele></trkpt>
   <trkpt lon="-4.174929" lat="36.719412"><ele>8.9</ele></trkpt>
   <trkpt lon="-4.174857" lat="36.719380"><ele>9.0</ele></trkpt>
   <trkpt lon="-4.174850" lat="36.719328"><ele>9.0</ele></trkpt>
   <trkpt lon="-4.174718" lat="36.719257"><ele>9.0</ele></trkpt>
   <trkpt lon="-4.174571" lat="36.719183"><ele>8.9</ele></trkpt>
   <trkpt lon="-4.174384" lat="36.719151"><ele>8.8</ele></trkpt>
   <trkpt lon="-4.174226" lat="36.719156"><ele>8.7</ele></trkpt>
   <trkpt lon="-4.174099" lat="36.719192"><ele>8.9</ele></trkpt>
   <trkpt lon="-4.173884" lat="36.719143"><ele>8.6</ele></trkpt>
   <trkpt lon="-4.173516" lat="36.719082"><ele>7.7</ele></trkpt>
   <trkpt lon="-4.173234" lat="36.719035"><ele>7.2</ele></trkpt>
   <trkpt lon="-4.173121" lat="36.718996"><ele>7.0</ele></trkpt>
   <trkpt lon="-4.172933" lat="36.719150"><ele>6.9</ele></trkpt>
   <trkpt lon="-4.172765" lat="36.719181"><ele>6.9</ele></trkpt>
   <trkpt lon="-4.172591" lat="36.719196"><ele>6.4</ele></trkpt>
   <trkpt lon="-4.171723" lat="36.719280"><ele>5.0</ele></trkpt>
   <trkpt lon="-4.170888" lat="36.719422"><ele>4.8</ele></trkpt>
   <trkpt lon="-4.170416" lat="36.719460"><ele>4.0</ele></trkpt>
   <trkpt lon="-4.169818" lat="36.719594"><ele>4.1</ele></trkpt>
   <trkpt lon="-4.169513" lat="36.719697"><ele>4.2</ele></trkpt>
   <trkpt lon="-4.169146" lat="36.719856"><ele>4.0</ele></trkpt>
   <trkpt lon="-4.168130" lat="36.720499"><ele>5.8</ele></trkpt>
   <trkpt lon="-4.167777" lat="36.720677"><ele>5.6</ele></trkpt>
   <trkpt lon="-4.166863" lat="36.720915"><ele>6.0</ele></trkpt>
   <trkpt lon="-4.166461" lat="36.720976"><ele>6.0</ele></trkpt>
   <trkpt lon="-4.165241" lat="36.720885"><ele>4.9</ele></trkpt>
   <trkpt lon="-4.163886" lat="36.720849"><ele>4.0</ele></trkpt>
   <trkpt lon="-4.162573" lat="36.720822"><ele>3.1</ele></trkpt>
   <trkpt lon="-4.162375" lat="36.720819"><ele>3.0</ele></trkpt>
   <trkpt lon="-4.161133" lat="36.720838"><ele>3.0</ele></trkpt>
   <trkpt lon="-4.160293" lat="36.720850"><ele>3.8</ele></trkpt>
   <trkpt lon="-4.160197" lat="36.720903"><ele>4.0</ele></trkpt>
   <trkpt lon="-4.160142" lat="36.721010"><ele>4.0</ele></trkpt>
   <trkpt lon="-4.158866" lat="36.721188"><ele>4.0</ele></trkpt>
   <trkpt lon="-4.158705" lat="36.721211"><ele>4.2</ele></trkpt>
   <trkpt lon="-4.158660" lat="36.721217"><ele>4.3</ele></trkpt>
   <trkpt lon="-4.158605" lat="36.721215"><ele>4.5</ele></trkpt>
   <trkpt lon="-4.158390" lat="36.721206"><ele>4.8</ele></trkpt>
   <trkpt lon="-4.158218" lat="36.721126"><ele>4.6</ele></trkpt>
   <trkpt lon="-4.157992" lat="36.720914"><ele>4.0</ele></trkpt>
   <trkpt lon="-4.157872" lat="36.720837"><ele>3.5</ele></trkpt>
   <trkpt lon="-4.157712" lat="36.720774"><ele>3.2</ele></trkpt>
   <trkpt lon="-4.157482" lat="36.720770"><ele>3.1</ele></trkpt>
   <trkpt lon="-4.156652" lat="36.720774"><ele>2.6</ele></trkpt>
   <trkpt lon="-4.156359" lat="36.720833"><ele>2.8</ele></trkpt>
   <trkpt lon="-4.156244" lat="36.720850"><ele>2.8</ele></trkpt>
   <trkpt lon="-4.155754" lat="36.720834"><ele>3.4</ele></trkpt>
   <trkpt lon="-4.155288" lat="36.720887"><ele>3.8</ele></trkpt>
   <trkpt lon="-4.154767" lat="36.720825"><ele>3.8</ele></trkpt>
   <trkpt lon="-4.154766" lat="36.720749"><ele>3.0</ele></trkpt>
   <trkpt lon="-4.154306" lat="36.720741"><ele>3.5</ele></trkpt>
   <trkpt lon="-4.153479" lat="36.720703"><ele>2.8</ele></trkpt>
   <trkpt lon="-4.153471" lat="36.720785"><ele>3.6</ele></trkpt>
   <trkpt lon="-4.153102" lat="36.720882"><ele>8.2</ele></trkpt>
   <trkpt lon="-4.152881" lat="36.720966"><ele>14.3</ele></trkpt>
   <trkpt lon="-4.152826" lat="36.721077"><ele>18.6</ele></trkpt>
   <trkpt lon="-4.152772" lat="36.721301"><ele>25.7</ele></trkpt>
   <trkpt lon="-4.152722" lat="36.721959"><ele>31.6</ele></trkpt>
   <trkpt lon="-4.152679" lat="36.722121"><ele>32.5</ele></trkpt>
   <trkpt lon="-4.152593" lat="36.722280"><ele>34.0</ele></trkpt>
   <trkpt lon="-4.152308" lat="36.722530"><ele>37.6</ele></trkpt>
   <trkpt lon="-4.152053" lat="36.722764"><ele>40.1</ele></trkpt>
   <trkpt lon="-4.151802" lat="36.723151"><ele>41.4</ele></trkpt>
   <trkpt lon="-4.151536" lat="36.723200"><ele>42.1</ele></trkpt>
   <trkpt lon="-4.151060" lat="36.723182"><ele>40.9</ele></trkpt>
   <trkpt lon="-4.150818" lat="36.723173"><ele>43.1</ele></trkpt>
   <trkpt lon="-4.150689" lat="36.723084"><ele>44.0</ele></trkpt>
   <trkpt lon="-4.150652" lat="36.722816"><ele>41.1</ele></trkpt>
   <trkpt lon="-4.150642" lat="36.722695"><ele>39.5</ele></trkpt>
   <trkpt lon="-4.150546" lat="36.722511"><ele>36.5</ele></trkpt>
   <trkpt lon="-4.150318" lat="36.722273"><ele>32.0</ele></trkpt>
   <trkpt lon="-4.150143" lat="36.722261"><ele>33.1</ele></trkpt>
   <trkpt lon="-4.149848" lat="36.722405"><ele>36.1</ele></trkpt>
   <trkpt lon="-4.149725" lat="36.722418"><ele>37.2</ele></trkpt>
   <trkpt lon="-4.149646" lat="36.722374"><ele>37.1</ele></trkpt>
   <trkpt lon="-4.149583" lat="36.722217"><ele>35.6</ele></trkpt>
   <trkpt lon="-4.149534" lat="36.722125"><ele>34.6</ele></trkpt>
   <trkpt lon="-4.149328" lat="36.721985"><ele>29.8</ele></trkpt>
   <trkpt lon="-4.149253" lat="36.721954"><ele>27.8</ele></trkpt>
   <trkpt lon="-4.148578" lat="36.721944"><ele>13.6</ele></trkpt>
   <trkpt lon="-4.148102" lat="36.721788"><ele>19.9</ele></trkpt>
   <trkpt lon="-4.147951" lat="36.721780"><ele>24.1</ele></trkpt>
   <trkpt lon="-4.147840" lat="36.721813"><ele>27.4</ele></trkpt>
   <trkpt lon="-4.147764" lat="36.721868"><ele>29.5</ele></trkpt>
   <trkpt lon="-4.147635" lat="36.721998"><ele>31.9</ele></trkpt>
   <trkpt lon="-4.147488" lat="36.722078"><ele>33.0</ele></trkpt>
   <trkpt lon="-4.146997" lat="36.722248"><ele>35.4</ele></trkpt>
   <trkpt lon="-4.146437" lat="36.722305"><ele>36.2</ele></trkpt>
   <trkpt lon="-4.146281" lat="36.722370"><ele>34.7</ele></trkpt>
   <trkpt lon="-4.146198" lat="36.722448"><ele>34.6</ele></trkpt>
   <trkpt lon="-4.146126" lat="36.722693"><ele>35.8</ele></trkpt>
   <trkpt lon="-4.145973" lat="36.722829"><ele>35.0</ele></trkpt>
   <trkpt lon="-4.145344" lat="36.723164"><ele>22.4</ele></trkpt>
   <trkpt lon="-4.145326" lat="36.723255"><ele>21.5</ele></trkpt>
   <trkpt lon="-4.145424" lat="36.724007"><ele>19.1</ele></trkpt>
   <trkpt lon="-4.145436" lat="36.724182"><ele>20.1</ele></trkpt>
   <trkpt lon="-4.145405" lat="36.724239"><ele>19.9</ele></trkpt>
   <trkpt lon="-4.145369" lat="36.724267"><ele>19.7</ele></trkpt>
   <trkpt lon="-4.145157" lat="36.723914"><ele>13.6</ele></trkpt>
   <trkpt lon="-4.144910" lat="36.723589"><ele>10.4</ele></trkpt>
   <trkpt lon="-4.144537" lat="36.723137"><ele>5.5</ele></trkpt>
   <trkpt lon="-4.144344" lat="36.722929"><ele>4.6</ele></trkpt>
   <trkpt lon="-4.143716" lat="36.723194"><ele>4.5</ele></trkpt>
   <trkpt lon="-4.143272" lat="36.723324"><ele>4.2</ele></trkpt>
   <trkpt lon="-4.142798" lat="36.723486"><ele>6.6</ele></trkpt>
   <trkpt lon="-4.142311" lat="36.723687"><ele>5.5</ele></trkpt>
   <trkpt lon="-4.141996" lat="36.723876"><ele>5.4</ele></trkpt>
   <trkpt lon="-4.141873" lat="36.724006"><ele>6.1</ele></trkpt>
   <trkpt lon="-4.141706" lat="36.724117"><ele>6.1</ele></trkpt>
   <trkpt lon="-4.141231" lat="36.724381"><ele>6.2</ele></trkpt>
   <trkpt lon="-4.140869" lat="36.724547"><ele>6.4</ele></trkpt>
   <trkpt lon="-4.140411" lat="36.724745"><ele>6.8</ele></trkpt>
   <trkpt lon="-4.139812" lat="36.724958"><ele>7.4</ele></trkpt>
   <trkpt lon="-4.139135" lat="36.725140"><ele>7.1</ele></trkpt>
   <trkpt lon="-4.138782" lat="36.725245"><ele>7.4</ele></trkpt>
   <trkpt lon="-4.138660" lat="36.725229"><ele>7.3</ele></trkpt>
   <trkpt lon="-4.138654" lat="36.725228"><ele>7.3</ele></trkpt>
   <trkpt lon="-4.138344" lat="36.725278"><ele>6.9</ele></trkpt>
   <trkpt lon="-4.138079" lat="36.725339"><ele>6.3</ele></trkpt>
   <trkpt lon="-4.137350" lat="36.725665"><ele>6.3</ele></trkpt>
   <trkpt lon="-4.136938" lat="36.725928"><ele>5.4</ele></trkpt>
   <trkpt lon="-4.135116" lat="36.727329"><ele>5.4</ele></trkpt>
   <trkpt lon="-4.135060" lat="36.727363"><ele>5.4</ele></trkpt>
   <trkpt lon="-4.134273" lat="36.727697"><ele>6.0</ele></trkpt>
   <trkpt lon="-4.133771" lat="36.727854"><ele>6.6</ele></trkpt>
   <trkpt lon="-4.133393" lat="36.728031"><ele>6.5</ele></trkpt>
   <trkpt lon="-4.132703" lat="36.728255"><ele>6.5</ele></trkpt>
   <trkpt lon="-4.132386" lat="36.728291"><ele>6.3</ele></trkpt>
   <trkpt lon="-4.131641" lat="36.728556"><ele>5.6</ele></trkpt>
   <trkpt lon="-4.131467" lat="36.728683"><ele>5.8</ele></trkpt>
   <trkpt lon="-4.131428" lat="36.728765"><ele>6.0</ele></trkpt>
   <trkpt lon="-4.130947" lat="36.728979"><ele>6.8</ele></trkpt>
   <trkpt lon="-4.130326" lat="36.729467"><ele>7.7</ele></trkpt>
   <trkpt lon="-4.129906" lat="36.729910"><ele>9.5</ele></trkpt>
   <trkpt lon="-4.129671" lat="36.730169"><ele>9.8</ele></trkpt>
   <trkpt lon="-4.129658" lat="36.730184"><ele>9.8</ele></trkpt>
   <trkpt lon="-4.129477" lat="36.730478"><ele>10.2</ele></trkpt>
   <trkpt lon="-4.129225" lat="36.730648"><ele>10.4</ele></trkpt>
   <trkpt lon="-4.128824" lat="36.730995"><ele>11.7</ele></trkpt>
   <trkpt lon="-4.128631" lat="36.731163"><ele>13.0</ele></trkpt>
   <trkpt lon="-4.128338" lat="36.731440"><ele>15.6</ele></trkpt>
   <trkpt lon="-4.127756" lat="36.731997"><ele>20.9</ele></trkpt>
   <trkpt lon="-4.127544" lat="36.732200"><ele>22.0</ele></trkpt>
   <trkpt lon="-4.127207" lat="36.732673"><ele>19.7</ele></trkpt>
   <trkpt lon="-4.127023" lat="36.732976"><ele>19.3</ele></trkpt>
   <trkpt lon="-4.126975" lat="36.733143"><ele>20.0</ele></trkpt>
   <trkpt lon="-4.126847" lat="36.733572"><ele>21.6</ele></trkpt>
   <trkpt lon="-4.126710" lat="36.733777"><ele>22.6</ele></trkpt>
   <trkpt lon="-4.126691" lat="36.733823"><ele>22.8</ele></trkpt>
   <trkpt lon="-4.126634" lat="36.733899"><ele>23.2</ele></trkpt>
   <trkpt lon="-4.126249" lat="36.734143"><ele>25.5</ele></trkpt>
   <trkpt lon="-4.125625" lat="36.734338"><ele>26.7</ele></trkpt>
   <trkpt lon="-4.125134" lat="36.734558"><ele>28.1</ele></trkpt>
   <trkpt lon="-4.124701" lat="36.734860"><ele>32.4</ele></trkpt>
   <trkpt lon="-4.124306" lat="36.735285"><ele>35.1</ele></trkpt>
   <trkpt lon="-4.123670" lat="36.735863"><ele>38.2</ele></trkpt>
   <trkpt lon="-4.123420" lat="36.736259"><ele>37.4</ele></trkpt>
   <trkpt lon="-4.123000" lat="36.736902"><ele>32.5</ele></trkpt>
   <trkpt lon="-4.122529" lat="36.737625"><ele>29.8</ele></trkpt>
   <trkpt lon="-4.122254" lat="36.738024"><ele>26.8</ele></trkpt>
   <trkpt lon="-4.122060" lat="36.738238"><ele>25.7</ele></trkpt>
   <trkpt lon="-4.121767" lat="36.738602"><ele>26.9</ele></trkpt>
   <trkpt lon="-4.121311" lat="36.739268"><ele>26.2</ele></trkpt>
   <trkpt lon="-4.120608" lat="36.739745"><ele>25.9</ele></trkpt>
   <trkpt lon="-4.120308" lat="36.739976"><ele>22.3</ele></trkpt>
   <trkpt lon="-4.120027" lat="36.740090"><ele>19.1</ele></trkpt>
   <trkpt lon="-4.119734" lat="36.740076"><ele>17.3</ele></trkpt>
   <trkpt lon="-4.118796" lat="36.739834"><ele>14.4</ele></trkpt>
   <trkpt lon="-4.118103" lat="36.739690"><ele>11.0</ele></trkpt>
   <trkpt lon="-4.117230" lat="36.739635"><ele>9.5</ele></trkpt>
   <trkpt lon="-4.117046" lat="36.739654"><ele>8.7</ele></trkpt>
   <trkpt lon="-4.116764" lat="36.739716"><ele>8.0</ele></trkpt>
   <trkpt lon="-4.116659" lat="36.739714"><ele>7.6</ele></trkpt>
   <trkpt lon="-4.116542" lat="36.740199"><ele>7.5</ele></trkpt>
   <trkpt lon="-4.116306" lat="36.740720"><ele>7.6</ele></trkpt>
   <trkpt lon="-4.116061" lat="36.741151"><ele>7.5</ele></trkpt>
   <trkpt lon="-4.115985" lat="36.741249"><ele>7.7</ele></trkpt>
   <trkpt lon="-4.115582" lat="36.741571"><ele>7.4</ele></trkpt>
   <trkpt lon="-4.115528" lat="36.741668"><ele>7.4</ele></trkpt>
   <trkpt lon="-4.115444" lat="36.741894"><ele>7.5</ele></trkpt>
   <trkpt lon="-4.115395" lat="36.742424"><ele>7.9</ele></trkpt>
   <trkpt lon="-4.115386" lat="36.742621"><ele>8.4</ele></trkpt>
   <trkpt lon="-4.115417" lat="36.742804"><ele>8.8</ele></trkpt>
   <trkpt lon="-4.115422" lat="36.742974"><ele>8.4</ele></trkpt>
   <trkpt lon="-4.115223" lat="36.743647"><ele>8.4</ele></trkpt>
   <trkpt lon="-4.115099" lat="36.743953"><ele>8.0</ele></trkpt>
   <trkpt lon="-4.114989" lat="36.744122"><ele>8.0</ele></trkpt>
   <trkpt lon="-4.114895" lat="36.744389"><ele>9.1</ele></trkpt>
   <trkpt lon="-4.114865" lat="36.744469"><ele>9.3</ele></trkpt>
   <trkpt lon="-4.114663" lat="36.744649"><ele>9.4</ele></trkpt>
   <trkpt lon="-4.114559" lat="36.744764"><ele>9.4</ele></trkpt>
   <trkpt lon="-4.114392" lat="36.744982"><ele>9.5</ele></trkpt>
   <trkpt lon="-4.114203" lat="36.745289"><ele>9.8</ele></trkpt>
   <trkpt lon="-4.114097" lat="36.745460"><ele>10.0</ele></trkpt>
   <trkpt lon="-4.113621" lat="36.746100"><ele>10.5</ele></trkpt>
   <trkpt lon="-4.113567" lat="36.746215"><ele>10.6</ele></trkpt>
   <trkpt lon="-4.113550" lat="36.746355"><ele>10.7</ele></trkpt>
   <trkpt lon="-4.113543" lat="36.746568"><ele>10.9</ele></trkpt>
   <trkpt lon="-4.113572" lat="36.746897"><ele>10.6</ele></trkpt>
   <trkpt lon="-4.113579" lat="36.747140"><ele>10.6</ele></trkpt>
   <trkpt lon="-4.113588" lat="36.747255"><ele>10.6</ele></trkpt>
   <trkpt lon="-4.113654" lat="36.747655"><ele>10.5</ele></trkpt>
   <trkpt lon="-4.113700" lat="36.748178"><ele>10.0</ele></trkpt>
   <trkpt lon="-4.113692" lat="36.748549"><ele>10.1</ele></trkpt>
   <trkpt lon="-4.113666" lat="36.748810"><ele>10.8</ele></trkpt>
   <trkpt lon="-4.113661" lat="36.749346"><ele>11.0</ele></trkpt>
   <trkpt lon="-4.113643" lat="36.749677"><ele>10.8</ele></trkpt>
   <trkpt lon="-4.113604" lat="36.750000"><ele>10.5</ele></trkpt>
   <trkpt lon="-4.113515" lat="36.750485"><ele>11.0</ele></trkpt>
   <trkpt lon="-4.113458" lat="36.750835"><ele>11.0</ele></trkpt>
   <trkpt lon="-4.113171" lat="36.752480"><ele>11.0</ele></trkpt>
   <trkpt lon="-4.113111" lat="36.752953"><ele>11.0</ele></trkpt>
   <trkpt lon="-4.113098" lat="36.753226"><ele>11.1</ele></trkpt>
   <trkpt lon="-4.113127" lat="36.753662"><ele>11.9</ele></trkpt>
   <trkpt lon="-4.113154" lat="36.753944"><ele>12.0</ele></trkpt>
   <trkpt lon="-4.113198" lat="36.754117"><ele>12.3</ele></trkpt>
   <trkpt lon="-4.112960" lat="36.754151"><ele>12.3</ele></trkpt>
   <trkpt lon="-4.112841" lat="36.754200"><ele>12.5</ele></trkpt>
   <trkpt lon="-4.112753" lat="36.754253"><ele>12.7</ele></trkpt>
   <trkpt lon="-4.112677" lat="36.754314"><ele>12.8</ele></trkpt>
   <trkpt lon="-4.112603" lat="36.754425"><ele>13.0</ele></trkpt>
   <trkpt lon="-4.112557" lat="36.754511"><ele>13.0</ele></trkpt>
   <trkpt lon="-4.112493" lat="36.754731"><ele>13.0</ele></trkpt>
   <trkpt lon="-4.112410" lat="36.754898"><ele>13.1</ele></trkpt>
   <trkpt lon="-4.112348" lat="36.754992"><ele>13.0</ele></trkpt>
   <trkpt lon="-4.112290" lat="36.755054"><ele>13.0</ele></trkpt>
   <trkpt lon="-4.112215" lat="36.755083"><ele>13.3</ele></trkpt>
   <trkpt lon="-4.110794" lat="36.755425"><ele>14.2</ele></trkpt>
   <trkpt lon="-4.110647" lat="36.755522"><ele>14.4</ele></trkpt>
   <trkpt lon="-4.110593" lat="36.755584"><ele>14.4</ele></trkpt>
   <trkpt lon="-4.110550" lat="36.755652"><ele>14.4</ele></trkpt>
   <trkpt lon="-4.110380" lat="36.756187"><ele>17.6</ele></trkpt>
   <trkpt lon="-4.110364" lat="36.756347"><ele>17.1</ele></trkpt>
   <trkpt lon="-4.110410" lat="36.756412"><ele>16.7</ele></trkpt>
   <trkpt lon="-4.110527" lat="36.756528"><ele>15.5</ele></trkpt>
   <trkpt lon="-4.110544" lat="36.756561"><ele>15.2</ele></trkpt>
   <trkpt lon="-4.110544" lat="36.756609"><ele>14.8</ele></trkpt>
   <trkpt lon="-4.110522" lat="36.756660"><ele>14.4</ele></trkpt>
   <trkpt lon="-4.110436" lat="36.756744"><ele>13.5</ele></trkpt>
   <trkpt lon="-4.110317" lat="36.756869"><ele>12.7</ele></trkpt>
   <trkpt lon="-4.110226" lat="36.756949"><ele>12.1</ele></trkpt>
   <trkpt lon="-4.110157" lat="36.757061"><ele>11.6</ele></trkpt>
   <trkpt lon="-4.110148" lat="36.757164"><ele>11.6</ele></trkpt>
   <trkpt lon="-4.110192" lat="36.757300"><ele>11.8</ele></trkpt>
   <trkpt lon="-4.110266" lat="36.757385"><ele>12.0</ele></trkpt>
   <trkpt lon="-4.110698" lat="36.757710"><ele>12.3</ele></trkpt>
   <trkpt lon="-4.110656" lat="36.757786"><ele>12.0</ele></trkpt>
   <trkpt lon="-4.110569" lat="36.757820"><ele>12.3</ele></trkpt>
   <trkpt lon="-4.110384" lat="36.757958"><ele>13.3</ele></trkpt>
   <trkpt lon="-4.110337" lat="36.758015"><ele>13.6</ele></trkpt>
   <trkpt lon="-4.110283" lat="36.758144"><ele>14.1</ele></trkpt>
   <trkpt lon="-4.110247" lat="36.758244"><ele>14.5</ele></trkpt>
   <trkpt lon="-4.110209" lat="36.758338"><ele>14.7</ele></trkpt>
   <trkpt lon="-4.109959" lat="36.758843"><ele>15.0</ele></trkpt>
   <trkpt lon="-4.109816" lat="36.759057"><ele>15.0</ele></trkpt>
   <trkpt lon="-4.109654" lat="36.759299"><ele>15.0</ele></trkpt>
   <trkpt lon="-4.109552" lat="36.759409"><ele>15.2</ele></trkpt>
   <trkpt lon="-4.109453" lat="36.759471"><ele>15.5</ele></trkpt>
   <trkpt lon="-4.109326" lat="36.759535"><ele>16.1</ele></trkpt>
   <trkpt lon="-4.108924" lat="36.759699"><ele>16.0</ele></trkpt>
   <trkpt lon="-4.108811" lat="36.759770"><ele>16.0</ele></trkpt>
   <trkpt lon="-4.108508" lat="36.759991"><ele>16.3</ele></trkpt>
   <trkpt lon="-4.108404" lat="36.760094"><ele>16.3</ele></trkpt>
   <trkpt lon="-4.108326" lat="36.760204"><ele>16.3</ele></trkpt>
   <trkpt lon="-4.108280" lat="36.760343"><ele>16.5</ele></trkpt>
   <trkpt lon="-4.108185" lat="36.760828"><ele>16.5</ele></trkpt>
   <trkpt lon="-4.108170" lat="36.761059"><ele>16.0</ele></trkpt>
   <trkpt lon="-4.108187" lat="36.761226"><ele>15.9</ele></trkpt>
   <trkpt lon="-4.108246" lat="36.761409"><ele>16.6</ele></trkpt>
   <trkpt lon="-4.108345" lat="36.761592"><ele>17.4</ele></trkpt>
   <trkpt lon="-4.108441" lat="36.761794"><ele>17.9</ele></trkpt>
   <trkpt lon="-4.108490" lat="36.761979"><ele>18.2</ele></trkpt>
   <trkpt lon="-4.108511" lat="36.762271"><ele>18.8</ele></trkpt>
   <trkpt lon="-4.108522" lat="36.762546"><ele>19.0</ele></trkpt>
   <trkpt lon="-4.108521" lat="36.762586"><ele>19.0</ele></trkpt>
   <trkpt lon="-4.108549" lat="36.762781"><ele>19.1</ele></trkpt>
   <trkpt lon="-4.108557" lat="36.763261"><ele>21.2</ele></trkpt>
   <trkpt lon="-4.108563" lat="36.763372"><ele>21.5</ele></trkpt>
   <trkpt lon="-4.108542" lat="36.763698"><ele>23.0</ele></trkpt>
   <trkpt lon="-4.108488" lat="36.764232"><ele>24.4</ele></trkpt>
   <trkpt lon="-4.108470" lat="36.764585"><ele>24.4</ele></trkpt>
   <trkpt lon="-4.108407" lat="36.765244"><ele>26.8</ele></trkpt>
   <trkpt lon="-4.108284" lat="36.765527"><ele>27.6</ele></trkpt>
   <trkpt lon="-4.107985" lat="36.766035"><ele>30.0</ele></trkpt>
   <trkpt lon="-4.107869" lat="36.766186"><ele>30.4</ele></trkpt>
   <trkpt lon="-4.107722" lat="36.766380"><ele>30.4</ele></trkpt>
   <trkpt lon="-4.107491" lat="36.766686"><ele>29.4</ele></trkpt>
   <trkpt lon="-4.107416" lat="36.766785"><ele>28.8</ele></trkpt>
   <trkpt lon="-4.107391" lat="36.766817"><ele>28.7</ele></trkpt>
   <trkpt lon="-4.107292" lat="36.766999"><ele>28.1</ele></trkpt>
   <trkpt lon="-4.107151" lat="36.767212"><ele>29.2</ele></trkpt>
   <trkpt lon="-4.107057" lat="36.767378"><ele>30.1</ele></trkpt>
   <trkpt lon="-4.106945" lat="36.767648"><ele>30.9</ele></trkpt>
   <trkpt lon="-4.106897" lat="36.767763"><ele>31.2</ele></trkpt>
   <trkpt lon="-4.106748" lat="36.768159"><ele>31.6</ele></trkpt>
   <trkpt lon="-4.106599" lat="36.768555"><ele>31.1</ele></trkpt>
   <trkpt lon="-4.106591" lat="36.768575"><ele>31.1</ele></trkpt>
   <trkpt lon="-4.106513" lat="36.768660"><ele>30.9</ele></trkpt>
   <trkpt lon="-4.106443" lat="36.768708"><ele>30.7</ele></trkpt>
   <trkpt lon="-4.106349" lat="36.768714"><ele>30.4</ele></trkpt>
   <trkpt lon="-4.106268" lat="36.768740"><ele>30.1</ele></trkpt>
   <trkpt lon="-4.106200" lat="36.768785"><ele>29.9</ele></trkpt>
   <trkpt lon="-4.106181" lat="36.768808"><ele>29.9</ele></trkpt>
   <trkpt lon="-4.106151" lat="36.768844"><ele>29.8</ele></trkpt>
   <trkpt lon="-4.106126" lat="36.768912"><ele>29.7</ele></trkpt>
   <trkpt lon="-4.106128" lat="36.768982"><ele>29.7</ele></trkpt>
   <trkpt lon="-4.106155" lat="36.769049"><ele>29.8</ele></trkpt>
   <trkpt lon="-4.106206" lat="36.769107"><ele>30.1</ele></trkpt>
   <trkpt lon="-4.106166" lat="36.769180"><ele>30.2</ele></trkpt>
   <trkpt lon="-4.106156" lat="36.769199"><ele>30.3</ele></trkpt>
   <trkpt lon="-4.105838" lat="36.769744"><ele>30.1</ele></trkpt>
   <trkpt lon="-4.105401" lat="36.770491"><ele>33.3</ele></trkpt>
   <trkpt lon="-4.104937" lat="36.771284"><ele>32.9</ele></trkpt>
   <trkpt lon="-4.104859" lat="36.771418"><ele>32.1</ele></trkpt>
   <trkpt lon="-4.104778" lat="36.771547"><ele>31.4</ele></trkpt>
   <trkpt lon="-4.104720" lat="36.771577"><ele>31.2</ele></trkpt>
   <trkpt lon="-4.104682" lat="36.771623"><ele>30.9</ele></trkpt>
   <trkpt lon="-4.104670" lat="36.771668"><ele>30.7</ele></trkpt>
   <trkpt lon="-4.104678" lat="36.771714"><ele>30.4</ele></trkpt>
   <trkpt lon="-4.104627" lat="36.771813"><ele>30.0</ele></trkpt>
   <trkpt lon="-4.104456" lat="36.772147"><ele>30.2</ele></trkpt>
   <trkpt lon="-4.104219" lat="36.772535"><ele>31.2</ele></trkpt>
   <trkpt lon="-4.104178" lat="36.772622"><ele>31.4</ele></trkpt>
   <trkpt lon="-4.103617" lat="36.773544"><ele>34.6</ele></trkpt>
   <trkpt lon="-4.103537" lat="36.773640"><ele>34.9</ele></trkpt>
   <trkpt lon="-4.103448" lat="36.773658"><ele>35.0</ele></trkpt>
   <trkpt lon="-4.103371" lat="36.773698"><ele>35.2</ele></trkpt>
   <trkpt lon="-4.103314" lat="36.773751"><ele>35.4</ele></trkpt>
   <trkpt lon="-4.103280" lat="36.773814"><ele>35.6</ele></trkpt>
   <trkpt lon="-4.103269" lat="36.773883"><ele>35.6</ele></trkpt>
   <trkpt lon="-4.103284" lat="36.773952"><ele>35.6</ele></trkpt>
   <trkpt lon="-4.103323" lat="36.774014"><ele>35.5</ele></trkpt>
   <trkpt lon="-4.103408" lat="36.774197"><ele>35.2</ele></trkpt>
   <trkpt lon="-4.103428" lat="36.774296"><ele>35.2</ele></trkpt>
   <trkpt lon="-4.103428" lat="36.774366"><ele>35.2</ele></trkpt>
   <trkpt lon="-4.103439" lat="36.774835"><ele>35.1</ele></trkpt>
   <trkpt lon="-4.103439" lat="36.774958"><ele>35.5</ele></trkpt>
   <trkpt lon="-4.103440" lat="36.774993"><ele>35.5</ele></trkpt>
   <trkpt lon="-4.103439" lat="36.775049"><ele>35.7</ele></trkpt>
   <trkpt lon="-4.103440" lat="36.775248"><ele>36.3</ele></trkpt>
   <trkpt lon="-4.103436" lat="36.775356"><ele>36.6</ele></trkpt>
   <trkpt lon="-4.103422" lat="36.775752"><ele>37.8</ele></trkpt>
   <trkpt lon="-4.103420" lat="36.775798"><ele>38.0</ele></trkpt>
   <trkpt lon="-4.103418" lat="36.775842"><ele>38.1</ele></trkpt>
   <trkpt lon="-4.103367" lat="36.775842"><ele>38.2</ele></trkpt>
   <trkpt lon="-4.103324" lat="36.775865"><ele>38.4</ele></trkpt>
   <trkpt lon="-4.103303" lat="36.775903"><ele>38.7</ele></trkpt>
   <trkpt lon="-4.103312" lat="36.775944"><ele>38.9</ele></trkpt>
   <trkpt lon="-4.103350" lat="36.775976"><ele>39.0</ele></trkpt>
   <trkpt lon="-4.103376" lat="36.775984"><ele>39.0</ele></trkpt>
   <trkpt lon="-4.103404" lat="36.775985"><ele>38.9</ele></trkpt>
   <trkpt lon="-4.103414" lat="36.776101"><ele>39.5</ele></trkpt>
   <trkpt lon="-4.103406" lat="36.776606"><ele>42.4</ele></trkpt>
   <trkpt lon="-4.103343" lat="36.776892"><ele>43.4</ele></trkpt>
   <trkpt lon="-4.103307" lat="36.777067"><ele>43.5</ele></trkpt>
   <trkpt lon="-4.103245" lat="36.777330"><ele>43.7</ele></trkpt>
   <trkpt lon="-4.103204" lat="36.777489"><ele>43.8</ele></trkpt>
   <trkpt lon="-4.103194" lat="36.777536"><ele>43.9</ele></trkpt>
   <trkpt lon="-4.103026" lat="36.778064"><ele>44.1</ele></trkpt>
   <trkpt lon="-4.102842" lat="36.778331"><ele>44.8</ele></trkpt>
   <trkpt lon="-4.102332" lat="36.779160"><ele>48.6</ele></trkpt>
   <trkpt lon="-4.102211" lat="36.779112"><ele>48.7</ele></trkpt>
   <trkpt lon="-4.101862" lat="36.779002"><ele>49.0</ele></trkpt>
   <trkpt lon="-4.100813" lat="36.778705"><ele>51.2</ele></trkpt>
   <trkpt lon="-4.100680" lat="36.778647"><ele>51.5</ele></trkpt>
   <trkpt lon="-4.100706" lat="36.778616"><ele>51.3</ele></trkpt>
   <trkpt lon="-4.100718" lat="36.778581"><ele>51.2</ele></trkpt>
   <trkpt lon="-4.100715" lat="36.778544"><ele>51.2</ele></trkpt>
   <trkpt lon="-4.100696" lat="36.778510"><ele>51.3</ele></trkpt>
   <trkpt lon="-4.100662" lat="36.778479"><ele>51.5</ele></trkpt>
   <trkpt lon="-4.100590" lat="36.778460"><ele>52.0</ele></trkpt>
   <trkpt lon="-4.100550" lat="36.778463"><ele>52.2</ele></trkpt>
   <trkpt lon="-4.100513" lat="36.778474"><ele>52.4</ele></trkpt>
   <trkpt lon="-4.100482" lat="36.778494"><ele>52.6</ele></trkpt>
   <trkpt lon="-4.100459" lat="36.778519"><ele>52.7</ele></trkpt>
   <trkpt lon="-4.100446" lat="36.778549"><ele>52.8</ele></trkpt>
   <trkpt lon="-4.100442" lat="36.778581"><ele>52.8</ele></trkpt>
   <trkpt lon="-4.100453" lat="36.778612"><ele>52.8</ele></trkpt>
   <trkpt lon="-4.100466" lat="36.778708"><ele>52.7</ele></trkpt>
   <trkpt lon="-4.099662" lat="36.778721"><ele>56.6</ele></trkpt>
   <trkpt lon="-4.099580" lat="36.778710"><ele>56.9</ele></trkpt>
   <trkpt lon="-4.099511" lat="36.778692"><ele>57.0</ele></trkpt>
   <trkpt lon="-4.099448" lat="36.778668"><ele>57.1</ele></trkpt>
   <trkpt lon="-4.099243" lat="36.778553"><ele>56.5</ele></trkpt>
   <trkpt lon="-4.099142" lat="36.778508"><ele>56.1</ele></trkpt>
   <trkpt lon="-4.099077" lat="36.778531"><ele>56.3</ele></trkpt>
   <trkpt lon="-4.099043" lat="36.778582"><ele>56.8</ele></trkpt>
   <trkpt lon="-4.098928" lat="36.778751"><ele>58.0</ele></trkpt>
   <trkpt lon="-4.098941" lat="36.779255"><ele>62.6</ele></trkpt>
   <trkpt lon="-4.098946" lat="36.779515"><ele>66.3</ele></trkpt>
   <trkpt lon="-4.099138" lat="36.779601"><ele>66.8</ele></trkpt>
   <trkpt lon="-4.099279" lat="36.779587"><ele>65.5</ele></trkpt>
   <trkpt lon="-4.099354" lat="36.779621"><ele>65.2</ele></trkpt>
   <trkpt lon="-4.099412" lat="36.779658"><ele>65.4</ele></trkpt>
   <trkpt lon="-4.099477" lat="36.779722"><ele>66.0</ele></trkpt>
   <trkpt lon="-4.099525" lat="36.779841"><ele>67.9</ele></trkpt>
   <trkpt lon="-4.099550" lat="36.779879"><ele>68.3</ele></trkpt>
   <trkpt lon="-4.099612" lat="36.779909"><ele>68.2</ele></trkpt>
   <trkpt lon="-4.099796" lat="36.779964"><ele>66.9</ele></trkpt>
   <trkpt lon="-4.099959" lat="36.780034"><ele>66.2</ele></trkpt>
   <trkpt lon="-4.100062" lat="36.780121"><ele>67.0</ele></trkpt>
   <trkpt lon="-4.100115" lat="36.780185"><ele>68.0</ele></trkpt>
   <trkpt lon="-4.100159" lat="36.780293"><ele>70.2</ele></trkpt>
   <trkpt lon="-4.100172" lat="36.780467"><ele>72.2</ele></trkpt>
   <trkpt lon="-4.100188" lat="36.780531"><ele>72.6</ele></trkpt>
   <trkpt lon="-4.100300" lat="36.780518"><ele>70.6</ele></trkpt>
   <trkpt lon="-4.100635" lat="36.780508"><ele>64.1</ele></trkpt>
   <trkpt lon="-4.100925" lat="36.780547"><ele>59.9</ele></trkpt>
   <trkpt lon="-4.100964" lat="36.780538"><ele>59.3</ele></trkpt>
   <trkpt lon="-4.100605" lat="36.780004"><ele>57.3</ele></trkpt>
   <trkpt lon="-4.100724" lat="36.779934"><ele>55.0</ele></trkpt>
   <trkpt lon="-4.100774" lat="36.779974"><ele>54.9</ele></trkpt>
   <trkpt lon="-4.101384" lat="36.780389"><ele>56.3</ele></trkpt>
   <trkpt lon="-4.101819" lat="36.780626"><ele>56.9</ele></trkpt>
   <trkpt lon="-4.102109" lat="36.780783"><ele>60.0</ele></trkpt>
   <trkpt lon="-4.102346" lat="36.780922"><ele>60.0</ele></trkpt>
   <trkpt lon="-4.102452" lat="36.781010"><ele>60.1</ele></trkpt>
   <trkpt lon="-4.102588" lat="36.780984"><ele>59.6</ele></trkpt>
   <trkpt lon="-4.102733" lat="36.781099"><ele>59.6</ele></trkpt>
   <trkpt lon="-4.102776" lat="36.781140"><ele>59.5</ele></trkpt>
   <trkpt lon="-4.102911" lat="36.781281"><ele>59.2</ele></trkpt>
   <trkpt lon="-4.102960" lat="36.781398"><ele>59.0</ele></trkpt>
   <trkpt lon="-4.103027" lat="36.781728"><ele>57.6</ele></trkpt>
   <trkpt lon="-4.103044" lat="36.781785"><ele>57.0</ele></trkpt>
   <trkpt lon="-4.102476" lat="36.781793"><ele>61.9</ele></trkpt>
   <trkpt lon="-4.102353" lat="36.781815"><ele>62.1</ele></trkpt>
   <trkpt lon="-4.102246" lat="36.781878"><ele>62.0</ele></trkpt>
   <trkpt lon="-4.102126" lat="36.782056"><ele>61.8</ele></trkpt>
   <trkpt lon="-4.102017" lat="36.782230"><ele>61.6</ele></trkpt>
   <trkpt lon="-4.101887" lat="36.782513"><ele>62.6</ele></trkpt>
   <trkpt lon="-4.101877" lat="36.782564"><ele>62.9</ele></trkpt>
   <trkpt lon="-4.101886" lat="36.782594"><ele>62.9</ele></trkpt>
   <trkpt lon="-4.101972" lat="36.782712"><ele>63.0</ele></trkpt>
   <trkpt lon="-4.102077" lat="36.782827"><ele>64.5</ele></trkpt>
   <trkpt lon="-4.102281" lat="36.783139"><ele>68.7</ele></trkpt>
   <trkpt lon="-4.102321" lat="36.783186"><ele>69.2</ele></trkpt>
   <trkpt lon="-4.102369" lat="36.783227"><ele>69.2</ele></trkpt>
   <trkpt lon="-4.102580" lat="36.783343"><ele>67.5</ele></trkpt>
   <trkpt lon="-4.102651" lat="36.783384"><ele>66.6</ele></trkpt>
   <trkpt lon="-4.102907" lat="36.783465"><ele>64.1</ele></trkpt>
   <trkpt lon="-4.103387" lat="36.783604"><ele>59.7</ele></trkpt>
   <trkpt lon="-4.103725" lat="36.783721"><ele>55.7</ele></trkpt>
   <trkpt lon="-4.103846" lat="36.783809"><ele>55.4</ele></trkpt>
   <trkpt lon="-4.103997" lat="36.783956"><ele>55.6</ele></trkpt>
   <trkpt lon="-4.103972" lat="36.784010"><ele>57.1</ele></trkpt>
   <trkpt lon="-4.103907" lat="36.784526"><ele>61.2</ele></trkpt>
   <trkpt lon="-4.103895" lat="36.784726"><ele>62.1</ele></trkpt>
   <trkpt lon="-4.103898" lat="36.784795"><ele>62.3</ele></trkpt>
   <trkpt lon="-4.103969" lat="36.785381"><ele>60.8</ele></trkpt>
   <trkpt lon="-4.104101" lat="36.786001"><ele>61.8</ele></trkpt>
   <trkpt lon="-4.104246" lat="36.786442"><ele>60.8</ele></trkpt>
   <trkpt lon="-4.104273" lat="36.786463"><ele>60.5</ele></trkpt>
   <trkpt lon="-4.104287" lat="36.786630"><ele>61.3</ele></trkpt>
   <trkpt lon="-4.104253" lat="36.786768"><ele>62.6</ele></trkpt>
   <trkpt lon="-4.104182" lat="36.787139"><ele>62.8</ele></trkpt>
   <trkpt lon="-4.104179" lat="36.787241"><ele>63.2</ele></trkpt>
   <trkpt lon="-4.104183" lat="36.787547"><ele>64.0</ele></trkpt>
   <trkpt lon="-4.104187" lat="36.787745"><ele>64.5</ele></trkpt>
   <trkpt lon="-4.104230" lat="36.787862"><ele>63.8</ele></trkpt>
   <trkpt lon="-4.104407" lat="36.788086"><ele>61.1</ele></trkpt>
   <trkpt lon="-4.104659" lat="36.788295"><ele>59.6</ele></trkpt>
   <trkpt lon="-4.104827" lat="36.788391"><ele>58.9</ele></trkpt>
   <trkpt lon="-4.105304" lat="36.788689"><ele>58.3</ele></trkpt>
   <trkpt lon="-4.105375" lat="36.788860"><ele>59.5</ele></trkpt>
   <trkpt lon="-4.105643" lat="36.789451"><ele>62.9</ele></trkpt>
   <trkpt lon="-4.105726" lat="36.789556"><ele>62.9</ele></trkpt>
   <trkpt lon="-4.105759" lat="36.789647"><ele>63.0</ele></trkpt>
   <trkpt lon="-4.105823" lat="36.789973"><ele>62.7</ele></trkpt>
   <trkpt lon="-4.105860" lat="36.790391"><ele>57.0</ele></trkpt>
   <trkpt lon="-4.105865" lat="36.790529"><ele>54.5</ele></trkpt>
   <trkpt lon="-4.105849" lat="36.790604"><ele>53.7</ele></trkpt>
   <trkpt lon="-4.105800" lat="36.791858"><ele>49.4</ele></trkpt>
   <trkpt lon="-4.105811" lat="36.791968"><ele>49.4</ele></trkpt>
   <trkpt lon="-4.105816" lat="36.792013"><ele>49.3</ele></trkpt>
   <trkpt lon="-4.105817" lat="36.792146"><ele>49.3</ele></trkpt>
   <trkpt lon="-4.106051" lat="36.792819"><ele>50.0</ele></trkpt>
   <trkpt lon="-4.106245" lat="36.793072"><ele>51.2</ele></trkpt>
   <trkpt lon="-4.106688" lat="36.793526"><ele>55.0</ele></trkpt>
   <trkpt lon="-4.106699" lat="36.793554"><ele>55.1</ele></trkpt>
   <trkpt lon="-4.106858" lat="36.793934"><ele>56.9</ele></trkpt>
   <trkpt lon="-4.106990" lat="36.794447"><ele>56.9</ele></trkpt>
   <trkpt lon="-4.107039" lat="36.794679"><ele>56.7</ele></trkpt>
   <trkpt lon="-4.107096" lat="36.794942"><ele>57.3</ele></trkpt>
   <trkpt lon="-4.107544" lat="36.795680"><ele>58.0</ele></trkpt>
   <trkpt lon="-4.108101" lat="36.795993"><ele>60.0</ele></trkpt>
   <trkpt lon="-4.109367" lat="36.796742"><ele>62.9</ele></trkpt>
   <trkpt lon="-4.109781" lat="36.796930"><ele>62.2</ele></trkpt>
   <trkpt lon="-4.110323" lat="36.797086"><ele>62.4</ele></trkpt>
   <trkpt lon="-4.110993" lat="36.797435"><ele>64.8</ele></trkpt>
   <trkpt lon="-4.111237" lat="36.797603"><ele>63.4</ele></trkpt>
   <trkpt lon="-4.113011" lat="36.798820"><ele>55.7</ele></trkpt>
   <trkpt lon="-4.113339" lat="36.799044"><ele>56.9</ele></trkpt>
   <trkpt lon="-4.114064" lat="36.799613"><ele>60.6</ele></trkpt>
   <trkpt lon="-4.114374" lat="36.799814"><ele>60.4</ele></trkpt>
   <trkpt lon="-4.114440" lat="36.799856"><ele>60.4</ele></trkpt>
   <trkpt lon="-4.115920" lat="36.800266"><ele>57.9</ele></trkpt>
   <trkpt lon="-4.116273" lat="36.800451"><ele>58.5</ele></trkpt>
   <trkpt lon="-4.116758" lat="36.800766"><ele>58.9</ele></trkpt>
   <trkpt lon="-4.117501" lat="36.801035"><ele>56.4</ele></trkpt>
   <trkpt lon="-4.118498" lat="36.801307"><ele>53.5</ele></trkpt>
   <trkpt lon="-4.119490" lat="36.801818"><ele>55.2</ele></trkpt>
   <trkpt lon="-4.120044" lat="36.802024"><ele>55.0</ele></trkpt>
   <trkpt lon="-4.120409" lat="36.802218"><ele>53.0</ele></trkpt>
   <trkpt lon="-4.121425" lat="36.802787"><ele>49.5</ele></trkpt>
   <trkpt lon="-4.122237" lat="36.803217"><ele>46.1</ele></trkpt>
   <trkpt lon="-4.123172" lat="36.803593"><ele>43.0</ele></trkpt>
   <trkpt lon="-4.123739" lat="36.803886"><ele>41.8</ele></trkpt>
   <trkpt lon="-4.123984" lat="36.804110"><ele>41.7</ele></trkpt>
   <trkpt lon="-4.124263" lat="36.804501"><ele>41.3</ele></trkpt>
   <trkpt lon="-4.124240" lat="36.804608"><ele>41.6</ele></trkpt>
   <trkpt lon="-4.124202" lat="36.804818"><ele>42.6</ele></trkpt>
   <trkpt lon="-4.124196" lat="36.805001"><ele>43.8</ele></trkpt>
   <trkpt lon="-4.124269" lat="36.805506"><ele>46.2</ele></trkpt>
   <trkpt lon="-4.124169" lat="36.806133"><ele>44.6</ele></trkpt>
   <trkpt lon="-4.124166" lat="36.806241"><ele>44.0</ele></trkpt>
   <trkpt lon="-4.124179" lat="36.806349"><ele>43.6</ele></trkpt>
   <trkpt lon="-4.124349" lat="36.807135"><ele>44.6</ele></trkpt>
   <trkpt lon="-4.124419" lat="36.807379"><ele>45.2</ele></trkpt>
   <trkpt lon="-4.124410" lat="36.808533"><ele>45.4</ele></trkpt>
   <trkpt lon="-4.124412" lat="36.808743"><ele>44.9</ele></trkpt>
   <trkpt lon="-4.124425" lat="36.808865"><ele>44.5</ele></trkpt>
   <trkpt lon="-4.124460" lat="36.809024"><ele>44.3</ele></trkpt>
   <trkpt lon="-4.124472" lat="36.809081"><ele>44.5</ele></trkpt>
   <trkpt lon="-4.124492" lat="36.809173"><ele>44.7</ele></trkpt>
   <trkpt lon="-4.124524" lat="36.809316"><ele>45.0</ele></trkpt>
   <trkpt lon="-4.124523" lat="36.809488"><ele>45.6</ele></trkpt>
   <trkpt lon="-4.124468" lat="36.809731"><ele>46.5</ele></trkpt>
   <trkpt lon="-4.124393" lat="36.809847"><ele>46.9</ele></trkpt>
   <trkpt lon="-4.124247" lat="36.810143"><ele>47.4</ele></trkpt>
   <trkpt lon="-4.124224" lat="36.810333"><ele>47.7</ele></trkpt>
   <trkpt lon="-4.124252" lat="36.810955"><ele>53.6</ele></trkpt>
   <trkpt lon="-4.124266" lat="36.811336"><ele>55.5</ele></trkpt>
   <trkpt lon="-4.124287" lat="36.811711"><ele>58.4</ele></trkpt>
   <trkpt lon="-4.124345" lat="36.811850"><ele>58.5</ele></trkpt>
   <trkpt lon="-4.124458" lat="36.811961"><ele>56.6</ele></trkpt>
   <trkpt lon="-4.124606" lat="36.812037"><ele>53.1</ele></trkpt>
   <trkpt lon="-4.125047" lat="36.812126"><ele>48.1</ele></trkpt>
   <trkpt lon="-4.125168" lat="36.812179"><ele>48.4</ele></trkpt>
   <trkpt lon="-4.125233" lat="36.812237"><ele>49.0</ele></trkpt>
   <trkpt lon="-4.125254" lat="36.812306"><ele>50.1</ele></trkpt>
   <trkpt lon="-4.125254" lat="36.812414"><ele>52.1</ele></trkpt>
   <trkpt lon="-4.125190" lat="36.812574"><ele>55.4</ele></trkpt>
   <trkpt lon="-4.125187" lat="36.812691"><ele>57.3</ele></trkpt>
   <trkpt lon="-4.125239" lat="36.812852"><ele>58.3</ele></trkpt>
   <trkpt lon="-4.125319" lat="36.812988"><ele>58.3</ele></trkpt>
   <trkpt lon="-4.125507" lat="36.813149"><ele>58.1</ele></trkpt>
   <trkpt lon="-4.125541" lat="36.813231"><ele>58.5</ele></trkpt>
   <trkpt lon="-4.125542" lat="36.813309"><ele>59.2</ele></trkpt>
   <trkpt lon="-4.125516" lat="36.813403"><ele>60.5</ele></trkpt>
   <trkpt lon="-4.125370" lat="36.813614"><ele>63.3</ele></trkpt>
   <trkpt lon="-4.125328" lat="36.813694"><ele>64.1</ele></trkpt>
   <trkpt lon="-4.125318" lat="36.813811"><ele>64.1</ele></trkpt>
   <trkpt lon="-4.125363" lat="36.813994"><ele>62.7</ele></trkpt>
   <trkpt lon="-4.125356" lat="36.814081"><ele>62.6</ele></trkpt>
   <trkpt lon="-4.125319" lat="36.814155"><ele>63.1</ele></trkpt>
   <trkpt lon="-4.124895" lat="36.814574"><ele>67.9</ele></trkpt>
   <trkpt lon="-4.124487" lat="36.814860"><ele>69.8</ele></trkpt>
   <trkpt lon="-4.124414" lat="36.814981"><ele>68.4</ele></trkpt>
   <trkpt lon="-4.124329" lat="36.815681"><ele>60.7</ele></trkpt>
   <trkpt lon="-4.124270" lat="36.816104"><ele>58.5</ele></trkpt>
   <trkpt lon="-4.124262" lat="36.816393"><ele>58.5</ele></trkpt>
   <trkpt lon="-4.124608" lat="36.817498"><ele>58.3</ele></trkpt>
   <trkpt lon="-4.124861" lat="36.818045"><ele>57.5</ele></trkpt>
   <trkpt lon="-4.124961" lat="36.818142"><ele>57.1</ele></trkpt>
   <trkpt lon="-4.125080" lat="36.818213"><ele>56.5</ele></trkpt>
   <trkpt lon="-4.125819" lat="36.818492"><ele>55.3</ele></trkpt>
   <trkpt lon="-4.126024" lat="36.818585"><ele>55.5</ele></trkpt>
   <trkpt lon="-4.126176" lat="36.818743"><ele>56.7</ele></trkpt>
   <trkpt lon="-4.126628" lat="36.819408"><ele>58.2</ele></trkpt>
   <trkpt lon="-4.126843" lat="36.819725"><ele>59.0</ele></trkpt>
   <trkpt lon="-4.127222" lat="36.820410"><ele>67.0</ele></trkpt>
   <trkpt lon="-4.127304" lat="36.820738"><ele>68.0</ele></trkpt>
   <trkpt lon="-4.127304" lat="36.821403"><ele>70.2</ele></trkpt>
   <trkpt lon="-4.127219" lat="36.821832"><ele>72.2</ele></trkpt>
   <trkpt lon="-4.127078" lat="36.822141"><ele>72.3</ele></trkpt>
   <trkpt lon="-4.126820" lat="36.822382"><ele>73.7</ele></trkpt>
   <trkpt lon="-4.126725" lat="36.822572"><ele>75.4</ele></trkpt>
   <trkpt lon="-4.126706" lat="36.822710"><ele>76.1</ele></trkpt>
   <trkpt lon="-4.126701" lat="36.822926"><ele>76.8</ele></trkpt>
   <trkpt lon="-4.126658" lat="36.823048"><ele>77.6</ele></trkpt>
   <trkpt lon="-4.126591" lat="36.823154"><ele>78.5</ele></trkpt>
   <trkpt lon="-4.126453" lat="36.823278"><ele>81.0</ele></trkpt>
   <trkpt lon="-4.126291" lat="36.823401"><ele>83.0</ele></trkpt>
   <trkpt lon="-4.124872" lat="36.824403"><ele>90.1</ele></trkpt>
   <trkpt lon="-4.124621" lat="36.824746"><ele>97.5</ele></trkpt>
   <trkpt lon="-4.124424" lat="36.825067"><ele>105.9</ele></trkpt>
   <trkpt lon="-4.124377" lat="36.825201"><ele>107.2</ele></trkpt>
   <trkpt lon="-4.124355" lat="36.825334"><ele>107.4</ele></trkpt>
   <trkpt lon="-4.124359" lat="36.825556"><ele>104.9</ele></trkpt>
   <trkpt lon="-4.124435" lat="36.826150"><ele>93.9</ele></trkpt>
   <trkpt lon="-4.124455" lat="36.827275"><ele>89.1</ele></trkpt>
   <trkpt lon="-4.124459" lat="36.827602"><ele>85.8</ele></trkpt>
   <trkpt lon="-4.124418" lat="36.829358"><ele>87.2</ele></trkpt>
   <trkpt lon="-4.124401" lat="36.830096"><ele>86.8</ele></trkpt>
   <trkpt lon="-4.124566" lat="36.830469"><ele>83.0</ele></trkpt>
   <trkpt lon="-4.124769" lat="36.830815"><ele>76.3</ele></trkpt>
   <trkpt lon="-4.124950" lat="36.831125"><ele>69.7</ele></trkpt>
   <trkpt lon="-4.124975" lat="36.831167"><ele>69.2</ele></trkpt>
   <trkpt lon="-4.125065" lat="36.831235"><ele>69.5</ele></trkpt>
   <trkpt lon="-4.125207" lat="36.831285"><ele>70.8</ele></trkpt>
   <trkpt lon="-4.125556" lat="36.831287"><ele>74.8</ele></trkpt>
   <trkpt lon="-4.125842" lat="36.831282"><ele>78.9</ele></trkpt>
   <trkpt lon="-4.126023" lat="36.831330"><ele>82.5</ele></trkpt>
   <trkpt lon="-4.126147" lat="36.831400"><ele>83.4</ele></trkpt>
   <trkpt lon="-4.126268" lat="36.831492"><ele>83.7</ele></trkpt>
   <trkpt lon="-4.126357" lat="36.831594"><ele>84.3</ele></trkpt>
   <trkpt lon="-4.126456" lat="36.831888"><ele>87.3</ele></trkpt>
   <trkpt lon="-4.126568" lat="36.832529"><ele>91.5</ele></trkpt>
   <trkpt lon="-4.126808" lat="36.833848"><ele>97.8</ele></trkpt>
   <trkpt lon="-4.126921" lat="36.834021"><ele>100.5</ele></trkpt>
   <trkpt lon="-4.127216" lat="36.834335"><ele>105.5</ele></trkpt>
   <trkpt lon="-4.127383" lat="36.834599"><ele>110.2</ele></trkpt>
   <trkpt lon="-4.127448" lat="36.834941"><ele>119.3</ele></trkpt>
   <trkpt lon="-4.127623" lat="36.836046"><ele>125.0</ele></trkpt>
   <trkpt lon="-4.127601" lat="36.836205"><ele>125.5</ele></trkpt>
   <trkpt lon="-4.127523" lat="36.836331"><ele>127.1</ele></trkpt>
   <trkpt lon="-4.127020" lat="36.836776"><ele>133.9</ele></trkpt>
   <trkpt lon="-4.126926" lat="36.836903"><ele>135.7</ele></trkpt>
   <trkpt lon="-4.126893" lat="36.837036"><ele>135.5</ele></trkpt>
   <trkpt lon="-4.126893" lat="36.837170"><ele>134.0</ele></trkpt>
   <trkpt lon="-4.126931" lat="36.837280"><ele>131.6</ele></trkpt>
   <trkpt lon="-4.127166" lat="36.837751"><ele>127.4</ele></trkpt>
   <trkpt lon="-4.127187" lat="36.837855"><ele>128.6</ele></trkpt>
   <trkpt lon="-4.127174" lat="36.837953"><ele>129.9</ele></trkpt>
   <trkpt lon="-4.127113" lat="36.838123"><ele>131.3</ele></trkpt>
   <trkpt lon="-4.127061" lat="36.838227"><ele>131.9</ele></trkpt>
   <trkpt lon="-4.127041" lat="36.838267"><ele>132.2</ele></trkpt>
   <trkpt lon="-4.126896" lat="36.838568"><ele>131.9</ele></trkpt>
   <trkpt lon="-4.126706" lat="36.838944"><ele>128.6</ele></trkpt>
   <trkpt lon="-4.126674" lat="36.839008"><ele>127.6</ele></trkpt>
   <trkpt lon="-4.126611" lat="36.839310"><ele>126.3</ele></trkpt>
   <trkpt lon="-4.126616" lat="36.839355"><ele>126.0</ele></trkpt>
   <trkpt lon="-4.126819" lat="36.840071"><ele>131.7</ele></trkpt>
   <trkpt lon="-4.126832" lat="36.840378"><ele>134.7</ele></trkpt>
   <trkpt lon="-4.126768" lat="36.840598"><ele>135.0</ele></trkpt>
   <trkpt lon="-4.126431" lat="36.841398"><ele>129.0</ele></trkpt>
   <trkpt lon="-4.126229" lat="36.841850"><ele>121.5</ele></trkpt>
   <trkpt lon="-4.126245" lat="36.841987"><ele>116.6</ele></trkpt>
   <trkpt lon="-4.126344" lat="36.842217"><ele>108.1</ele></trkpt>
   <trkpt lon="-4.126531" lat="36.842628"><ele>99.4</ele></trkpt>
   <trkpt lon="-4.126757" lat="36.843111"><ele>106.1</ele></trkpt>
   <trkpt lon="-4.127377" lat="36.843554"><ele>106.0</ele></trkpt>
   <trkpt lon="-4.127573" lat="36.843854"><ele>109.7</ele></trkpt>
   <trkpt lon="-4.128167" lat="36.844666"><ele>113.7</ele></trkpt>
   <trkpt lon="-4.128254" lat="36.844833"><ele>114.4</ele></trkpt>
   <trkpt lon="-4.128268" lat="36.844997"><ele>114.9</ele></trkpt>
   <trkpt lon="-4.128265" lat="36.845138"><ele>115.7</ele></trkpt>
   <trkpt lon="-4.128189" lat="36.845278"><ele>115.9</ele></trkpt>
   <trkpt lon="-4.128054" lat="36.845382"><ele>116.3</ele></trkpt>
   <trkpt lon="-4.127821" lat="36.845428"><ele>116.6</ele></trkpt>
   <trkpt lon="-4.126616" lat="36.845579"><ele>121.5</ele></trkpt>
   <trkpt lon="-4.126332" lat="36.845669"><ele>123.6</ele></trkpt>
   <trkpt lon="-4.126111" lat="36.845792"><ele>124.5</ele></trkpt>
   <trkpt lon="-4.125895" lat="36.845942"><ele>125.4</ele></trkpt>
   <trkpt lon="-4.125644" lat="36.846103"><ele>127.3</ele></trkpt>
   <trkpt lon="-4.125304" lat="36.846368"><ele>132.3</ele></trkpt>
   <trkpt lon="-4.125271" lat="36.846487"><ele>132.9</ele></trkpt>
   <trkpt lon="-4.125310" lat="36.846584"><ele>131.8</ele></trkpt>
   <trkpt lon="-4.125625" lat="36.846822"><ele>125.8</ele></trkpt>
   <trkpt lon="-4.125745" lat="36.847035"><ele>126.0</ele></trkpt>
   <trkpt lon="-4.125765" lat="36.847314"><ele>128.9</ele></trkpt>
   <trkpt lon="-4.125788" lat="36.847997"><ele>133.4</ele></trkpt>
   <trkpt lon="-4.125926" lat="36.848303"><ele>131.7</ele></trkpt>
   <trkpt lon="-4.126057" lat="36.848368"><ele>130.2</ele></trkpt>
   <trkpt lon="-4.126290" lat="36.848435"><ele>127.8</ele></trkpt>
   <trkpt lon="-4.126479" lat="36.848464"><ele>126.8</ele></trkpt>
   <trkpt lon="-4.126638" lat="36.848434"><ele>125.7</ele></trkpt>
   <trkpt lon="-4.126731" lat="36.848359"><ele>123.7</ele></trkpt>
   <trkpt lon="-4.127007" lat="36.847993"><ele>114.4</ele></trkpt>
   <trkpt lon="-4.127125" lat="36.847963"><ele>114.5</ele></trkpt>
   <trkpt lon="-4.127336" lat="36.848003"><ele>118.1</ele></trkpt>
   <trkpt lon="-4.127566" lat="36.848164"><ele>122.1</ele></trkpt>
   <trkpt lon="-4.127973" lat="36.848615"><ele>126.7</ele></trkpt>
   <trkpt lon="-4.128239" lat="36.848843"><ele>127.8</ele></trkpt>
   <trkpt lon="-4.128834" lat="36.849110"><ele>128.6</ele></trkpt>
   <trkpt lon="-4.129178" lat="36.849173"><ele>125.6</ele></trkpt>
   <trkpt lon="-4.129329" lat="36.849219"><ele>123.0</ele></trkpt>
   <trkpt lon="-4.129447" lat="36.849294"><ele>120.9</ele></trkpt>
   <trkpt lon="-4.129673" lat="36.849650"><ele>119.8</ele></trkpt>
   <trkpt lon="-4.129766" lat="36.849749"><ele>118.9</ele></trkpt>
   <trkpt lon="-4.129961" lat="36.849779"><ele>118.4</ele></trkpt>
   <trkpt lon="-4.130497" lat="36.849684"><ele>118.4</ele></trkpt>
   <trkpt lon="-4.130683" lat="36.849665"><ele>120.5</ele></trkpt>
   <trkpt lon="-4.130819" lat="36.849692"><ele>122.8</ele></trkpt>
   <trkpt lon="-4.131071" lat="36.849827"><ele>128.1</ele></trkpt>
   <trkpt lon="-4.131568" lat="36.850201"><ele>133.3</ele></trkpt>
   <trkpt lon="-4.131737" lat="36.850434"><ele>131.0</ele></trkpt>
   <trkpt lon="-4.131819" lat="36.851018"><ele>131.1</ele></trkpt>
   <trkpt lon="-4.131955" lat="36.851176"><ele>126.7</ele></trkpt>
   <trkpt lon="-4.132190" lat="36.851339"><ele>120.7</ele></trkpt>
   <trkpt lon="-4.132349" lat="36.851413"><ele>117.5</ele></trkpt>
   <trkpt lon="-4.132835" lat="36.851593"><ele>106.5</ele></trkpt>
   <trkpt lon="-4.133093" lat="36.851696"><ele>107.3</ele></trkpt>
   <trkpt lon="-4.133248" lat="36.851713"><ele>108.1</ele></trkpt>
   <trkpt lon="-4.133909" lat="36.851631"><ele>107.1</ele></trkpt>
   <trkpt lon="-4.134091" lat="36.851682"><ele>110.0</ele></trkpt>
   <trkpt lon="-4.134176" lat="36.851761"><ele>114.3</ele></trkpt>
   <trkpt lon="-4.134199" lat="36.851869"><ele>119.2</ele></trkpt>
   <trkpt lon="-4.134139" lat="36.851962"><ele>123.5</ele></trkpt>
   <trkpt lon="-4.133834" lat="36.852134"><ele>129.5</ele></trkpt>
   <trkpt lon="-4.133633" lat="36.852308"><ele>134.6</ele></trkpt>
   <trkpt lon="-4.133376" lat="36.852677"><ele>132.9</ele></trkpt>
   <trkpt lon="-4.133262" lat="36.852993"><ele>141.3</ele></trkpt>
   <trkpt lon="-4.133286" lat="36.853301"><ele>150.4</ele></trkpt>
   <trkpt lon="-4.133431" lat="36.853547"><ele>153.9</ele></trkpt>
   <trkpt lon="-4.134319" lat="36.854165"><ele>143.8</ele></trkpt>
   <trkpt lon="-4.134572" lat="36.854334"><ele>142.6</ele></trkpt>
   <trkpt lon="-4.134725" lat="36.854450"><ele>142.4</ele></trkpt>
   <trkpt lon="-4.134762" lat="36.854574"><ele>143.7</ele></trkpt>
   <trkpt lon="-4.134702" lat="36.854756"><ele>147.8</ele></trkpt>
   <trkpt lon="-4.134574" lat="36.854954"><ele>150.5</ele></trkpt>
   <trkpt lon="-4.134532" lat="36.855342"><ele>149.2</ele></trkpt>
   <trkpt lon="-4.134612" lat="36.855547"><ele>142.7</ele></trkpt>
   <trkpt lon="-4.134643" lat="36.855575"><ele>141.1</ele></trkpt>
   <trkpt lon="-4.134895" lat="36.855804"><ele>132.0</ele></trkpt>
   <trkpt lon="-4.135005" lat="36.855904"><ele>132.3</ele></trkpt>
   <trkpt lon="-4.135189" lat="36.856078"><ele>134.4</ele></trkpt>
   <trkpt lon="-4.135384" lat="36.856281"><ele>139.1</ele></trkpt>
   <trkpt lon="-4.135506" lat="36.856490"><ele>142.2</ele></trkpt>
   <trkpt lon="-4.136276" lat="36.858388"><ele>139.7</ele></trkpt>
   <trkpt lon="-4.136285" lat="36.858775"><ele>144.3</ele></trkpt>
   <trkpt lon="-4.136436" lat="36.858967"><ele>141.2</ele></trkpt>
   <trkpt lon="-4.136759" lat="36.859108"><ele>135.6</ele></trkpt>
   <trkpt lon="-4.137196" lat="36.859246"><ele>132.8</ele></trkpt>
   <trkpt lon="-4.137512" lat="36.859347"><ele>132.5</ele></trkpt>
   <trkpt lon="-4.137710" lat="36.859354"><ele>131.9</ele></trkpt>
   <trkpt lon="-4.137857" lat="36.859360"><ele>132.5</ele></trkpt>
   <trkpt lon="-4.138273" lat="36.859349"><ele>135.0</ele></trkpt>
   <trkpt lon="-4.139106" lat="36.859472"><ele>147.1</ele></trkpt>
   <trkpt lon="-4.139239" lat="36.859518"><ele>150.9</ele></trkpt>
   <trkpt lon="-4.139331" lat="36.859643"><ele>151.8</ele></trkpt>
   <trkpt lon="-4.139339" lat="36.859790"><ele>150.6</ele></trkpt>
   <trkpt lon="-4.139262" lat="36.859803"><ele>150.0</ele></trkpt>
   <trkpt lon="-4.139212" lat="36.859853"><ele>149.7</ele></trkpt>
   <trkpt lon="-4.139214" lat="36.859916"><ele>150.2</ele></trkpt>
   <trkpt lon="-4.139252" lat="36.859957"><ele>150.6</ele></trkpt>
   <trkpt lon="-4.139297" lat="36.859973"><ele>150.7</ele></trkpt>
   <trkpt lon="-4.139337" lat="36.859975"><ele>150.7</ele></trkpt>
   <trkpt lon="-4.139393" lat="36.859963"><ele>150.5</ele></trkpt>
   <trkpt lon="-4.139486" lat="36.860045"><ele>150.3</ele></trkpt>
   <trkpt lon="-4.139544" lat="36.860138"><ele>150.1</ele></trkpt>
   <trkpt lon="-4.139588" lat="36.860963"><ele>156.9</ele></trkpt>
   <trkpt lon="-4.139681" lat="36.861146"><ele>156.0</ele></trkpt>
   <trkpt lon="-4.139866" lat="36.861309"><ele>150.8</ele></trkpt>
   <trkpt lon="-4.139969" lat="36.861317"><ele>147.3</ele></trkpt>
   <trkpt lon="-4.140291" lat="36.861355"><ele>143.6</ele></trkpt>
   <trkpt lon="-4.140461" lat="36.861394"><ele>143.8</ele></trkpt>
   <trkpt lon="-4.140676" lat="36.861485"><ele>144.0</ele></trkpt>
   <trkpt lon="-4.140809" lat="36.861600"><ele>143.2</ele></trkpt>
   <trkpt lon="-4.140889" lat="36.861686"><ele>143.6</ele></trkpt>
   <trkpt lon="-4.141078" lat="36.861944"><ele>145.8</ele></trkpt>
   <trkpt lon="-4.141140" lat="36.862074"><ele>147.8</ele></trkpt>
   <trkpt lon="-4.141173" lat="36.862177"><ele>149.4</ele></trkpt>
   <trkpt lon="-4.141243" lat="36.862309"><ele>151.2</ele></trkpt>
   <trkpt lon="-4.141359" lat="36.862531"><ele>153.5</ele></trkpt>
   <trkpt lon="-4.141285" lat="36.862648"><ele>153.5</ele></trkpt>
   <trkpt lon="-4.141262" lat="36.862726"><ele>153.7</ele></trkpt>
   <trkpt lon="-4.141312" lat="36.862968"><ele>155.1</ele></trkpt>
   <trkpt lon="-4.141255" lat="36.863121"><ele>156.3</ele></trkpt>
   <trkpt lon="-4.141388" lat="36.863563"><ele>158.0</ele></trkpt>
   <trkpt lon="-4.141421" lat="36.863725"><ele>160.1</ele></trkpt>
   <trkpt lon="-4.141316" lat="36.864181"><ele>163.8</ele></trkpt>
   <trkpt lon="-4.141338" lat="36.864373"><ele>163.9</ele></trkpt>
   <trkpt lon="-4.141478" lat="36.864748"><ele>167.0</ele></trkpt>
   <trkpt lon="-4.141560" lat="36.865033"><ele>171.3</ele></trkpt>
   <trkpt lon="-4.141582" lat="36.865211"><ele>173.1</ele></trkpt>
   <trkpt lon="-4.141578" lat="36.865425"><ele>174.3</ele></trkpt>
   <trkpt lon="-4.141643" lat="36.865515"><ele>176.3</ele></trkpt>
   <trkpt lon="-4.141961" lat="36.865700"><ele>186.3</ele></trkpt>
   <trkpt lon="-4.142390" lat="36.865600"><ele>198.2</ele></trkpt>
   <trkpt lon="-4.142551" lat="36.865658"><ele>199.3</ele></trkpt>
   <trkpt lon="-4.142920" lat="36.865826"><ele>200.1</ele></trkpt>
   <trkpt lon="-4.142990" lat="36.865858"><ele>200.5</ele></trkpt>
   <trkpt lon="-4.143210" lat="36.865952"><ele>202.0</ele></trkpt>
   <trkpt lon="-4.143242" lat="36.866100"><ele>200.8</ele></trkpt>
   <trkpt lon="-4.143259" lat="36.866177"><ele>200.2</ele></trkpt>
   <trkpt lon="-4.143491" lat="36.866605"><ele>200.6</ele></trkpt>
   <trkpt lon="-4.143643" lat="36.866910"><ele>202.2</ele></trkpt>
   <trkpt lon="-4.143721" lat="36.867084"><ele>203.1</ele></trkpt>
   <trkpt lon="-4.145292" lat="36.867236"><ele>215.6</ele></trkpt>
   <trkpt lon="-4.145586" lat="36.867347"><ele>214.6</ele></trkpt>
   <trkpt lon="-4.145677" lat="36.867410"><ele>215.1</ele></trkpt>
   <trkpt lon="-4.145888" lat="36.867609"><ele>216.2</ele></trkpt>
   <trkpt lon="-4.146163" lat="36.867957"><ele>217.9</ele></trkpt>
   <trkpt lon="-4.146251" lat="36.868145"><ele>220.6</ele></trkpt>
   <trkpt lon="-4.146269" lat="36.868601"><ele>220.8</ele></trkpt>
   <trkpt lon="-4.146246" lat="36.869373"><ele>221.3</ele></trkpt>
   <trkpt lon="-4.146140" lat="36.869858"><ele>224.9</ele></trkpt>
   <trkpt lon="-4.145973" lat="36.870499"><ele>228.6</ele></trkpt>
   <trkpt lon="-4.145744" lat="36.871373"><ele>230.7</ele></trkpt>
   <trkpt lon="-4.145510" lat="36.871889"><ele>231.8</ele></trkpt>
   <trkpt lon="-4.145287" lat="36.872326"><ele>232.9</ele></trkpt>
   <trkpt lon="-4.145182" lat="36.872527"><ele>233.9</ele></trkpt>
   <trkpt lon="-4.144820" lat="36.873223"><ele>235.8</ele></trkpt>
   <trkpt lon="-4.144795" lat="36.874269"><ele>231.2</ele></trkpt>
   <trkpt lon="-4.144746" lat="36.875228"><ele>239.6</ele></trkpt>
   <trkpt lon="-4.144693" lat="36.876540"><ele>238.0</ele></trkpt>
   <trkpt lon="-4.144676" lat="36.876938"><ele>235.3</ele></trkpt>
   <trkpt lon="-4.144608" lat="36.878157"><ele>235.0</ele></trkpt>
   <trkpt lon="-4.144573" lat="36.878774"><ele>232.0</ele></trkpt>
   <trkpt lon="-4.144463" lat="36.880729"><ele>217.5</ele></trkpt>
   <trkpt lon="-4.144453" lat="36.880916"><ele>219.1</ele></trkpt>
   <trkpt lon="-4.144450" lat="36.880966"><ele>219.6</ele></trkpt>
   <trkpt lon="-4.144292" lat="36.881251"><ele>223.3</ele></trkpt>
   <trkpt lon="-4.144170" lat="36.881506"><ele>225.9</ele></trkpt>
   <trkpt lon="-4.144450" lat="36.882084"><ele>226.3</ele></trkpt>
   <trkpt lon="-4.144833" lat="36.882999"><ele>228.6</ele></trkpt>
   <trkpt lon="-4.145008" lat="36.883501"><ele>229.1</ele></trkpt>
   <trkpt lon="-4.145004" lat="36.883798"><ele>230.2</ele></trkpt>
   <trkpt lon="-4.144907" lat="36.884120"><ele>231.9</ele></trkpt>
   <trkpt lon="-4.144666" lat="36.884653"><ele>228.1</ele></trkpt>
   <trkpt lon="-4.144907" lat="36.884967"><ele>220.6</ele></trkpt>
   <trkpt lon="-4.145202" lat="36.885149"><ele>216.4</ele></trkpt>
   <trkpt lon="-4.145390" lat="36.885268"><ele>212.1</ele></trkpt>
   <trkpt lon="-4.146055" lat="36.885680"><ele>212.9</ele></trkpt>
   <trkpt lon="-4.146357" lat="36.885873"><ele>217.5</ele></trkpt>
   <trkpt lon="-4.146716" lat="36.886092"><ele>218.3</ele></trkpt>
   <trkpt lon="-4.146759" lat="36.886131"><ele>218.2</ele></trkpt>
   <trkpt lon="-4.146801" lat="36.886152"><ele>218.2</ele></trkpt>
   <trkpt lon="-4.146843" lat="36.886173"><ele>218.2</ele></trkpt>
   <trkpt lon="-4.146945" lat="36.886274"><ele>218.8</ele></trkpt>
   <trkpt lon="-4.146996" lat="36.886350"><ele>219.3</ele></trkpt>
   <trkpt lon="-4.147025" lat="36.886420"><ele>219.7</ele></trkpt>
   <trkpt lon="-4.146942" lat="36.886967"><ele>222.3</ele></trkpt>
   <trkpt lon="-4.146837" lat="36.887889"><ele>230.6</ele></trkpt>
   <trkpt lon="-4.146821" lat="36.888095"><ele>232.9</ele></trkpt>
   <trkpt lon="-4.146792" lat="36.888274"><ele>234.6</ele></trkpt>
   <trkpt lon="-4.146626" lat="36.889180"><ele>241.2</ele></trkpt>
   <trkpt lon="-4.146617" lat="36.889274"><ele>241.7</ele></trkpt>
   <trkpt lon="-4.146576" lat="36.889463"><ele>242.6</ele></trkpt>
   <trkpt lon="-4.146426" lat="36.890222"><ele>248.9</ele></trkpt>
   <trkpt lon="-4.146419" lat="36.890375"><ele>249.8</ele></trkpt>
   <trkpt lon="-4.146443" lat="36.890542"><ele>250.8</ele></trkpt>
   <trkpt lon="-4.146489" lat="36.890683"><ele>252.0</ele></trkpt>
   <trkpt lon="-4.146565" lat="36.890820"><ele>253.0</ele></trkpt>
   <trkpt lon="-4.146691" lat="36.890972"><ele>254.2</ele></trkpt>
   <trkpt lon="-4.147469" lat="36.891816"><ele>263.4</ele></trkpt>
   <trkpt lon="-4.147563" lat="36.891938"><ele>264.5</ele></trkpt>
   <trkpt lon="-4.147613" lat="36.892059"><ele>266.0</ele></trkpt>
   <trkpt lon="-4.147633" lat="36.892170"><ele>267.7</ele></trkpt>
   <trkpt lon="-4.147625" lat="36.892340"><ele>270.4</ele></trkpt>
   <trkpt lon="-4.147192" lat="36.895906"><ele>286.5</ele></trkpt>
   <trkpt lon="-4.147035" lat="36.896122"><ele>289.1</ele></trkpt>
   <trkpt lon="-4.146853" lat="36.896181"><ele>290.0</ele></trkpt>
   <trkpt lon="-4.146101" lat="36.896352"><ele>295.8</ele></trkpt>
   <trkpt lon="-4.145800" lat="36.896373"><ele>298.0</ele></trkpt>
   <trkpt lon="-4.145198" lat="36.896415"><ele>299.8</ele></trkpt>
   <trkpt lon="-4.144882" lat="36.896470"><ele>298.9</ele></trkpt>
   <trkpt lon="-4.144430" lat="36.896750"><ele>299.4</ele></trkpt>
   <trkpt lon="-4.144063" lat="36.897428"><ele>309.8</ele></trkpt>
   <trkpt lon="-4.143768" lat="36.897528"><ele>313.4</ele></trkpt>
   <trkpt lon="-4.143265" lat="36.897467"><ele>312.0</ele></trkpt>
   <trkpt lon="-4.143022" lat="36.897528"><ele>312.1</ele></trkpt>
   <trkpt lon="-4.142152" lat="36.898425"><ele>313.4</ele></trkpt>
   <trkpt lon="-4.142069" lat="36.898586"><ele>316.4</ele></trkpt>
   <trkpt lon="-4.142107" lat="36.898672"><ele>318.9</ele></trkpt>
   <trkpt lon="-4.142192" lat="36.898739"><ele>321.2</ele></trkpt>
   <trkpt lon="-4.142417" lat="36.898715"><ele>322.4</ele></trkpt>
   <trkpt lon="-4.142924" lat="36.898174"><ele>322.0</ele></trkpt>
   <trkpt lon="-4.143293" lat="36.898070"><ele>325.2</ele></trkpt>
   <trkpt lon="-4.143647" lat="36.898147"><ele>328.9</ele></trkpt>
   <trkpt lon="-4.144123" lat="36.898435"><ele>334.1</ele></trkpt>
   <trkpt lon="-4.144434" lat="36.898455"><ele>332.8</ele></trkpt>
   <trkpt lon="-4.145079" lat="36.898404"><ele>335.1</ele></trkpt>
   <trkpt lon="-4.145250" lat="36.898420"><ele>336.9</ele></trkpt>
   <trkpt lon="-4.145466" lat="36.898466"><ele>339.6</ele></trkpt>
   <trkpt lon="-4.145933" lat="36.898645"><ele>342.5</ele></trkpt>
   <trkpt lon="-4.146107" lat="36.898805"><ele>344.8</ele></trkpt>
   <trkpt lon="-4.146138" lat="36.898947"><ele>347.3</ele></trkpt>
   <trkpt lon="-4.146032" lat="36.899057"><ele>349.8</ele></trkpt>
   <trkpt lon="-4.145940" lat="36.899075"><ele>350.6</ele></trkpt>
   <trkpt lon="-4.145465" lat="36.899032"><ele>350.4</ele></trkpt>
   <trkpt lon="-4.145314" lat="36.899039"><ele>350.1</ele></trkpt>
   <trkpt lon="-4.145190" lat="36.899044"><ele>349.7</ele></trkpt>
   <trkpt lon="-4.145042" lat="36.899087"><ele>350.0</ele></trkpt>
   <trkpt lon="-4.144441" lat="36.899330"><ele>354.2</ele></trkpt>
   <trkpt lon="-4.144285" lat="36.899380"><ele>355.4</ele></trkpt>
   <trkpt lon="-4.143825" lat="36.899471"><ele>356.7</ele></trkpt>
   <trkpt lon="-4.143691" lat="36.899507"><ele>356.6</ele></trkpt>
   <trkpt lon="-4.143546" lat="36.899575"><ele>356.8</ele></trkpt>
   <trkpt lon="-4.143348" lat="36.899705"><ele>357.3</ele></trkpt>
   <trkpt lon="-4.143106" lat="36.899911"><ele>359.1</ele></trkpt>
   <trkpt lon="-4.142804" lat="36.900252"><ele>363.2</ele></trkpt>
   <trkpt lon="-4.142630" lat="36.900409"><ele>364.3</ele></trkpt>
   <trkpt lon="-4.142430" lat="36.900550"><ele>364.7</ele></trkpt>
   <trkpt lon="-4.142387" lat="36.900591"><ele>364.9</ele></trkpt>
   <trkpt lon="-4.142348" lat="36.900665"><ele>365.6</ele></trkpt>
   <trkpt lon="-4.142309" lat="36.900805"><ele>367.3</ele></trkpt>
   <trkpt lon="-4.142176" lat="36.901378"><ele>369.3</ele></trkpt>
   <trkpt lon="-4.142123" lat="36.901563"><ele>370.5</ele></trkpt>
   <trkpt lon="-4.141903" lat="36.902046"><ele>376.0</ele></trkpt>
   <trkpt lon="-4.141820" lat="36.902182"><ele>377.6</ele></trkpt>
   <trkpt lon="-4.141528" lat="36.902547"><ele>381.8</ele></trkpt>
   <trkpt lon="-4.141383" lat="36.902669"><ele>383.1</ele></trkpt>
   <trkpt lon="-4.140461" lat="36.903327"><ele>387.1</ele></trkpt>
   <trkpt lon="-4.139982" lat="36.903726"><ele>387.7</ele></trkpt>
   <trkpt lon="-4.139368" lat="36.904198"><ele>388.3</ele></trkpt>
   <trkpt lon="-4.139272" lat="36.904283"><ele>388.5</ele></trkpt>
   <trkpt lon="-4.139179" lat="36.904408"><ele>390.3</ele></trkpt>
   <trkpt lon="-4.139097" lat="36.904595"><ele>393.3</ele></trkpt>
   <trkpt lon="-4.139048" lat="36.904841"><ele>395.3</ele></trkpt>
   <trkpt lon="-4.139039" lat="36.904983"><ele>396.5</ele></trkpt>
   <trkpt lon="-4.139055" lat="36.905271"><ele>399.6</ele></trkpt>
   <trkpt lon="-4.138988" lat="36.905852"><ele>405.1</ele></trkpt>
   <trkpt lon="-4.139003" lat="36.905980"><ele>406.9</ele></trkpt>
   <trkpt lon="-4.139074" lat="36.906315"><ele>412.5</ele></trkpt>
   <trkpt lon="-4.138996" lat="36.906453"><ele>413.8</ele></trkpt>
   <trkpt lon="-4.138922" lat="36.906507"><ele>414.3</ele></trkpt>
   <trkpt lon="-4.138790" lat="36.906560"><ele>414.9</ele></trkpt>
   <trkpt lon="-4.138686" lat="36.906581"><ele>415.1</ele></trkpt>
   <trkpt lon="-4.138534" lat="36.906590"><ele>415.5</ele></trkpt>
   <trkpt lon="-4.138415" lat="36.906578"><ele>415.5</ele></trkpt>
   <trkpt lon="-4.138237" lat="36.906542"><ele>414.9</ele></trkpt>
   <trkpt lon="-4.138124" lat="36.906534"><ele>414.5</ele></trkpt>
   <trkpt lon="-4.138013" lat="36.906547"><ele>415.0</ele></trkpt>
   <trkpt lon="-4.137890" lat="36.906580"><ele>415.6</ele></trkpt>
   <trkpt lon="-4.137023" lat="36.906918"><ele>418.0</ele></trkpt>
   <trkpt lon="-4.136932" lat="36.906972"><ele>418.1</ele></trkpt>
   <trkpt lon="-4.136884" lat="36.907017"><ele>418.1</ele></trkpt>
   <trkpt lon="-4.136848" lat="36.907101"><ele>419.2</ele></trkpt>
   <trkpt lon="-4.136329" lat="36.909619"><ele>439.5</ele></trkpt>
   <trkpt lon="-4.136287" lat="36.909789"><ele>441.6</ele></trkpt>
   <trkpt lon="-4.136237" lat="36.909871"><ele>442.6</ele></trkpt>
   <trkpt lon="-4.136168" lat="36.909932"><ele>443.4</ele></trkpt>
   <trkpt lon="-4.136071" lat="36.909994"><ele>444.1</ele></trkpt>
   <trkpt lon="-4.135702" lat="36.910156"><ele>444.0</ele></trkpt>
   <trkpt lon="-4.135617" lat="36.910252"><ele>444.2</ele></trkpt>
   <trkpt lon="-4.135538" lat="36.910378"><ele>444.3</ele></trkpt>
   <trkpt lon="-4.135316" lat="36.910853"><ele>445.3</ele></trkpt>
   <trkpt lon="-4.135206" lat="36.911023"><ele>447.0</ele></trkpt>
   <trkpt lon="-4.135098" lat="36.911146"><ele>448.1</ele></trkpt>
   <trkpt lon="-4.134870" lat="36.911356"><ele>449.8</ele></trkpt>
   <trkpt lon="-4.134787" lat="36.911460"><ele>450.9</ele></trkpt>
   <trkpt lon="-4.134744" lat="36.911595"><ele>453.2</ele></trkpt>
   <trkpt lon="-4.134710" lat="36.911671"><ele>454.4</ele></trkpt>
   <trkpt lon="-4.134653" lat="36.911743"><ele>455.4</ele></trkpt>
   <trkpt lon="-4.134533" lat="36.911817"><ele>455.7</ele></trkpt>
   <trkpt lon="-4.134317" lat="36.911918"><ele>456.9</ele></trkpt>
   <trkpt lon="-4.134162" lat="36.911966"><ele>457.4</ele></trkpt>
   <trkpt lon="-4.134014" lat="36.911996"><ele>457.4</ele></trkpt>
   <trkpt lon="-4.133788" lat="36.911999"><ele>455.6</ele></trkpt>
   <trkpt lon="-4.133678" lat="36.912021"><ele>454.8</ele></trkpt>
   <trkpt lon="-4.133623" lat="36.912060"><ele>455.0</ele></trkpt>
   <trkpt lon="-4.133585" lat="36.912119"><ele>455.4</ele></trkpt>
   <trkpt lon="-4.133579" lat="36.912219"><ele>456.6</ele></trkpt>
   <trkpt lon="-4.133618" lat="36.912521"><ele>460.8</ele></trkpt>
   <trkpt lon="-4.133695" lat="36.913010"><ele>466.3</ele></trkpt>
   <trkpt lon="-4.133677" lat="36.913245"><ele>468.2</ele></trkpt>
   <trkpt lon="-4.133091" lat="36.914519"><ele>475.8</ele></trkpt>
   <trkpt lon="-4.133038" lat="36.914692"><ele>477.1</ele></trkpt>
   <trkpt lon="-4.133036" lat="36.914827"><ele>478.5</ele></trkpt>
   <trkpt lon="-4.133061" lat="36.914981"><ele>480.6</ele></trkpt>
   <trkpt lon="-4.133059" lat="36.915074"><ele>481.6</ele></trkpt>
   <trkpt lon="-4.133021" lat="36.915153"><ele>482.1</ele></trkpt>
   <trkpt lon="-4.132963" lat="36.915216"><ele>482.5</ele></trkpt>
   <trkpt lon="-4.132753" lat="36.915362"><ele>482.9</ele></trkpt>
   <trkpt lon="-4.132549" lat="36.915463"><ele>482.9</ele></trkpt>
   <trkpt lon="-4.132437" lat="36.915536"><ele>483.0</ele></trkpt>
   <trkpt lon="-4.132360" lat="36.915618"><ele>483.6</ele></trkpt>
   <trkpt lon="-4.132298" lat="36.915726"><ele>484.7</ele></trkpt>
   <trkpt lon="-4.132268" lat="36.915840"><ele>486.4</ele></trkpt>
   <trkpt lon="-4.132257" lat="36.916083"><ele>489.3</ele></trkpt>
   <trkpt lon="-4.132222" lat="36.916167"><ele>489.8</ele></trkpt>
   <trkpt lon="-4.132144" lat="36.916260"><ele>490.2</ele></trkpt>
   <trkpt lon="-4.131889" lat="36.916419"><ele>488.0</ele></trkpt>
   <trkpt lon="-4.131788" lat="36.916507"><ele>487.3</ele></trkpt>
   <trkpt lon="-4.131718" lat="36.916588"><ele>487.4</ele></trkpt>
   <trkpt lon="-4.131681" lat="36.916642"><ele>487.6</ele></trkpt>
   <trkpt lon="-4.131651" lat="36.916732"><ele>488.7</ele></trkpt>
   <trkpt lon="-4.131656" lat="36.916816"><ele>490.4</ele></trkpt>
   <trkpt lon="-4.131700" lat="36.917091"><ele>495.2</ele></trkpt>
   <trkpt lon="-4.131697" lat="36.917318"><ele>498.0</ele></trkpt>
   <trkpt lon="-4.131674" lat="36.917567"><ele>500.8</ele></trkpt>
   <trkpt lon="-4.131628" lat="36.917734"><ele>501.9</ele></trkpt>
   <trkpt lon="-4.131542" lat="36.917967"><ele>503.6</ele></trkpt>
   <trkpt lon="-4.131428" lat="36.918390"><ele>509.5</ele></trkpt>
   <trkpt lon="-4.131369" lat="36.918474"><ele>510.4</ele></trkpt>
   <trkpt lon="-4.131285" lat="36.918541"><ele>510.9</ele></trkpt>
   <trkpt lon="-4.131182" lat="36.918599"><ele>511.3</ele></trkpt>
   <trkpt lon="-4.130834" lat="36.918713"><ele>512.3</ele></trkpt>
   <trkpt lon="-4.130744" lat="36.918775"><ele>512.9</ele></trkpt>
   <trkpt lon="-4.130683" lat="36.918852"><ele>513.8</ele></trkpt>
   <trkpt lon="-4.130659" lat="36.918956"><ele>515.0</ele></trkpt>
   <trkpt lon="-4.130673" lat="36.919117"><ele>516.8</ele></trkpt>
   <trkpt lon="-4.130668" lat="36.919239"><ele>518.1</ele></trkpt>
   <trkpt lon="-4.130645" lat="36.919379"><ele>519.5</ele></trkpt>
   <trkpt lon="-4.130564" lat="36.919593"><ele>521.3</ele></trkpt>
   <trkpt lon="-4.130585" lat="36.919948"><ele>523.5</ele></trkpt>
   <trkpt lon="-4.130505" lat="36.920143"><ele>524.3</ele></trkpt>
   <trkpt lon="-4.130063" lat="36.920538"><ele>524.4</ele></trkpt>
   <trkpt lon="-4.129890" lat="36.920797"><ele>525.8</ele></trkpt>
   <trkpt lon="-4.129895" lat="36.921035"><ele>528.5</ele></trkpt>
   <trkpt lon="-4.129966" lat="36.921180"><ele>530.8</ele></trkpt>
   <trkpt lon="-4.130238" lat="36.921445"><ele>538.6</ele></trkpt>
   <trkpt lon="-4.130243" lat="36.921713"><ele>538.8</ele></trkpt>
   <trkpt lon="-4.130226" lat="36.922074"><ele>540.3</ele></trkpt>
   <trkpt lon="-4.130373" lat="36.922866"><ele>547.5</ele></trkpt>
   <trkpt lon="-4.130342" lat="36.923050"><ele>548.2</ele></trkpt>
   <trkpt lon="-4.130299" lat="36.923234"><ele>549.5</ele></trkpt>
   <trkpt lon="-4.130315" lat="36.923552"><ele>553.4</ele></trkpt>
   <trkpt lon="-4.130268" lat="36.923722"><ele>554.7</ele></trkpt>
   <trkpt lon="-4.129235" lat="36.925398"><ele>567.2</ele></trkpt>
   <trkpt lon="-4.128802" lat="36.926164"><ele>573.7</ele></trkpt>
   <trkpt lon="-4.128629" lat="36.926614"><ele>580.1</ele></trkpt>
   <trkpt lon="-4.128543" lat="36.926864"><ele>582.7</ele></trkpt>
   <trkpt lon="-4.128225" lat="36.927276"><ele>579.8</ele></trkpt>
   <trkpt lon="-4.128304" lat="36.927456"><ele>582.8</ele></trkpt>
   <trkpt lon="-4.128455" lat="36.927525"><ele>587.5</ele></trkpt>
   <trkpt lon="-4.128653" lat="36.927531"><ele>591.5</ele></trkpt>
   <trkpt lon="-4.128883" lat="36.927426"><ele>593.9</ele></trkpt>
   <trkpt lon="-4.129442" lat="36.926692"><ele>596.4</ele></trkpt>
   <trkpt lon="-4.129559" lat="36.926305"><ele>592.0</ele></trkpt>
   <trkpt lon="-4.129678" lat="36.926173"><ele>591.0</ele></trkpt>
   <trkpt lon="-4.130247" lat="36.926083"><ele>598.6</ele></trkpt>
   <trkpt lon="-4.130843" lat="36.925829"><ele>600.8</ele></trkpt>
   <trkpt lon="-4.131442" lat="36.925625"><ele>602.3</ele></trkpt>
   <trkpt lon="-4.131673" lat="36.925628"><ele>605.6</ele></trkpt>
   <trkpt lon="-4.131875" lat="36.925724"><ele>610.9</ele></trkpt>
   <trkpt lon="-4.131967" lat="36.925897"><ele>615.2</ele></trkpt>
   <trkpt lon="-4.131916" lat="36.926017"><ele>618.0</ele></trkpt>
   <trkpt lon="-4.131702" lat="36.926112"><ele>619.6</ele></trkpt>
   <trkpt lon="-4.131212" lat="36.926070"><ele>613.8</ele></trkpt>
   <trkpt lon="-4.130958" lat="36.926172"><ele>614.6</ele></trkpt>
   <trkpt lon="-4.130689" lat="36.926365"><ele>617.5</ele></trkpt>
   <trkpt lon="-4.130591" lat="36.926527"><ele>620.1</ele></trkpt>
   <trkpt lon="-4.130516" lat="36.927173"><ele>626.0</ele></trkpt>
   <trkpt lon="-4.130595" lat="36.928039"><ele>635.3</ele></trkpt>
   <trkpt lon="-4.130615" lat="36.928752"><ele>638.1</ele></trkpt>
   <trkpt lon="-4.130552" lat="36.929027"><ele>640.3</ele></trkpt>
   <trkpt lon="-4.130140" lat="36.929802"><ele>643.5</ele></trkpt>
   <trkpt lon="-4.130035" lat="36.930263"><ele>646.0</ele></trkpt>
   <trkpt lon="-4.130126" lat="36.930595"><ele>653.1</ele></trkpt>
   <trkpt lon="-4.130233" lat="36.930916"><ele>657.3</ele></trkpt>
   <trkpt lon="-4.130166" lat="36.931125"><ele>656.2</ele></trkpt>
   <trkpt lon="-4.130038" lat="36.931389"><ele>655.6</ele></trkpt>
   <trkpt lon="-4.130033" lat="36.931511"><ele>656.9</ele></trkpt>
   <trkpt lon="-4.130020" lat="36.931878"><ele>660.1</ele></trkpt>
   <trkpt lon="-4.129594" lat="36.932993"><ele>661.4</ele></trkpt>
   <trkpt lon="-4.129529" lat="36.933661"><ele>663.4</ele></trkpt>
   <trkpt lon="-4.129594" lat="36.934351"><ele>669.6</ele></trkpt>
   <trkpt lon="-4.129835" lat="36.935218"><ele>681.7</ele></trkpt>
   <trkpt lon="-4.129958" lat="36.935790"><ele>684.3</ele></trkpt>
   <trkpt lon="-4.130000" lat="36.936137"><ele>684.8</ele></trkpt>
   <trkpt lon="-4.129896" lat="36.936583"><ele>685.3</ele></trkpt>
   <trkpt lon="-4.129575" lat="36.937244"><ele>689.6</ele></trkpt>
   <trkpt lon="-4.129565" lat="36.937403"><ele>693.4</ele></trkpt>
   <trkpt lon="-4.129615" lat="36.937529"><ele>697.4</ele></trkpt>
   <trkpt lon="-4.129874" lat="36.937659"><ele>705.4</ele></trkpt>
   <trkpt lon="-4.130181" lat="36.937653"><ele>709.9</ele></trkpt>
   <trkpt lon="-4.130659" lat="36.937580"><ele>715.6</ele></trkpt>
   <trkpt lon="-4.130868" lat="36.937637"><ele>717.0</ele></trkpt>
   <trkpt lon="-4.131005" lat="36.937832"><ele>716.4</ele></trkpt>
   <trkpt lon="-4.130772" lat="36.938662"><ele>713.1</ele></trkpt>
   <trkpt lon="-4.130787" lat="36.938864"><ele>714.8</ele></trkpt>
   <trkpt lon="-4.130904" lat="36.939011"><ele>717.7</ele></trkpt>
   <trkpt lon="-4.131159" lat="36.939332"><ele>722.2</ele></trkpt>
   <trkpt lon="-4.131304" lat="36.939390"><ele>723.5</ele></trkpt>
   <trkpt lon="-4.131380" lat="36.939392"><ele>724.1</ele></trkpt>
   <trkpt lon="-4.131489" lat="36.939313"><ele>725.4</ele></trkpt>
   <trkpt lon="-4.131545" lat="36.938959"><ele>726.3</ele></trkpt>
   <trkpt lon="-4.131670" lat="36.938690"><ele>726.7</ele></trkpt>
   <trkpt lon="-4.132101" lat="36.938265"><ele>730.7</ele></trkpt>
   <trkpt lon="-4.132412" lat="36.938070"><ele>734.1</ele></trkpt>
   <trkpt lon="-4.132501" lat="36.937976"><ele>735.3</ele></trkpt>
   <trkpt lon="-4.132537" lat="36.937869"><ele>736.4</ele></trkpt>
   <trkpt lon="-4.132511" lat="36.937459"><ele>743.0</ele></trkpt>
   <trkpt lon="-4.132617" lat="36.937350"><ele>747.7</ele></trkpt>
   <trkpt lon="-4.132697" lat="36.937337"><ele>749.6</ele></trkpt>
   <trkpt lon="-4.132870" lat="36.937368"><ele>751.8</ele></trkpt>
   <trkpt lon="-4.133611" lat="36.937936"><ele>751.9</ele></trkpt>
   <trkpt lon="-4.133677" lat="36.938143"><ele>751.8</ele></trkpt>
   <trkpt lon="-4.133624" lat="36.938405"><ele>750.9</ele></trkpt>
   <trkpt lon="-4.133539" lat="36.938517"><ele>751.0</ele></trkpt>
   <trkpt lon="-4.133206" lat="36.938854"><ele>751.0</ele></trkpt>
   <trkpt lon="-4.133188" lat="36.939072"><ele>753.5</ele></trkpt>
   <trkpt lon="-4.133289" lat="36.939199"><ele>757.1</ele></trkpt>
   <trkpt lon="-4.133489" lat="36.939293"><ele>761.2</ele></trkpt>
   <trkpt lon="-4.133696" lat="36.939285"><ele>763.1</ele></trkpt>
   <trkpt lon="-4.133918" lat="36.939179"><ele>764.1</ele></trkpt>
   <trkpt lon="-4.134120" lat="36.939024"><ele>764.7</ele></trkpt>
   <trkpt lon="-4.134798" lat="36.938248"><ele>771.5</ele></trkpt>
   <trkpt lon="-4.134873" lat="36.938106"><ele>774.0</ele></trkpt>
   <trkpt lon="-4.134926" lat="36.937513"><ele>784.2</ele></trkpt>
   <trkpt lon="-4.135005" lat="36.937387"><ele>787.4</ele></trkpt>
   <trkpt lon="-4.135120" lat="36.937302"><ele>790.3</ele></trkpt>
   <trkpt lon="-4.135269" lat="36.937266"><ele>792.0</ele></trkpt>
   <trkpt lon="-4.135631" lat="36.937284"><ele>792.6</ele></trkpt>
   <trkpt lon="-4.135897" lat="36.937343"><ele>792.8</ele></trkpt>
   <trkpt lon="-4.136052" lat="36.937432"><ele>793.0</ele></trkpt>
   <trkpt lon="-4.136145" lat="36.937555"><ele>792.1</ele></trkpt>
   <trkpt lon="-4.136487" lat="36.938423"><ele>795.1</ele></trkpt>
   <trkpt lon="-4.136489" lat="36.938583"><ele>796.0</ele></trkpt>
   <trkpt lon="-4.136425" lat="36.938794"><ele>796.6</ele></trkpt>
   <trkpt lon="-4.136352" lat="36.938941"><ele>796.7</ele></trkpt>
   <trkpt lon="-4.136193" lat="36.939134"><ele>796.8</ele></trkpt>
   <trkpt lon="-4.136042" lat="36.939232"><ele>796.8</ele></trkpt>
   <trkpt lon="-4.135057" lat="36.939652"><ele>792.8</ele></trkpt>
   <trkpt lon="-4.134713" lat="36.939850"><ele>789.2</ele></trkpt>
   <trkpt lon="-4.134569" lat="36.940028"><ele>792.0</ele></trkpt>
   <trkpt lon="-4.134367" lat="36.940150"><ele>796.6</ele></trkpt>
   <trkpt lon="-4.133521" lat="36.940242"><ele>796.5</ele></trkpt>
   <trkpt lon="-4.133291" lat="36.940369"><ele>794.1</ele></trkpt>
   <trkpt lon="-4.132970" lat="36.940787"><ele>796.3</ele></trkpt>
   <trkpt lon="-4.132632" lat="36.941471"><ele>806.3</ele></trkpt>
   <trkpt lon="-4.132515" lat="36.941610"><ele>808.9</ele></trkpt>
   <trkpt lon="-4.131820" lat="36.942022"><ele>810.6</ele></trkpt>
   <trkpt lon="-4.131583" lat="36.942284"><ele>809.7</ele></trkpt>
   <trkpt lon="-4.131421" lat="36.942667"><ele>812.3</ele></trkpt>
   <trkpt lon="-4.131349" lat="36.943040"><ele>817.1</ele></trkpt>
   <trkpt lon="-4.131394" lat="36.943273"><ele>822.7</ele></trkpt>
   <trkpt lon="-4.131542" lat="36.943446"><ele>829.9</ele></trkpt>
   <trkpt lon="-4.132078" lat="36.943631"><ele>843.5</ele></trkpt>
   <trkpt lon="-4.132204" lat="36.943779"><ele>842.8</ele></trkpt>
   <trkpt lon="-4.132235" lat="36.943958"><ele>841.0</ele></trkpt>
   <trkpt lon="-4.132202" lat="36.944207"><ele>838.9</ele></trkpt>
   <trkpt lon="-4.132278" lat="36.944527"><ele>841.2</ele></trkpt>
   <trkpt lon="-4.132250" lat="36.944633"><ele>841.5</ele></trkpt>
   <trkpt lon="-4.131822" lat="36.945071"><ele>841.6</ele></trkpt>
   <trkpt lon="-4.131378" lat="36.945257"><ele>840.3</ele></trkpt>
   <trkpt lon="-4.129885" lat="36.947213"><ele>854.7</ele></trkpt>
   <trkpt lon="-4.129790" lat="36.947303"><ele>855.5</ele></trkpt>
   <trkpt lon="-4.129679" lat="36.947396"><ele>856.3</ele></trkpt>
   <trkpt lon="-4.129544" lat="36.947480"><ele>856.6</ele></trkpt>
   <trkpt lon="-4.129357" lat="36.947559"><ele>856.2</ele></trkpt>
   <trkpt lon="-4.127853" lat="36.948022"><ele>860.7</ele></trkpt>
   <trkpt lon="-4.126892" lat="36.948437"><ele>864.0</ele></trkpt>
   <trkpt lon="-4.126359" lat="36.948774"><ele>865.5</ele></trkpt>
   <trkpt lon="-4.125281" lat="36.949663"><ele>872.9</ele></trkpt>
   <trkpt lon="-4.124674" lat="36.950421"><ele>881.4</ele></trkpt>
   <trkpt lon="-4.124055" lat="36.951450"><ele>900.9</ele></trkpt>
   <trkpt lon="-4.123658" lat="36.951825"><ele>913.2</ele></trkpt>
   <trkpt lon="-4.123554" lat="36.952003"><ele>918.3</ele></trkpt>
   <trkpt lon="-4.123404" lat="36.952342"><ele>922.3</ele></trkpt>
   <trkpt lon="-4.123349" lat="36.952469"><ele>921.9</ele></trkpt>
   <trkpt lon="-4.123335" lat="36.952502"><ele>921.6</ele></trkpt>
   <trkpt lon="-4.123230" lat="36.952746"><ele>919.5</ele></trkpt>
   <trkpt lon="-4.123058" lat="36.953043"><ele>916.6</ele></trkpt>
   <trkpt lon="-4.122724" lat="36.953735"><ele>910.2</ele></trkpt>
   <trkpt lon="-4.122504" lat="36.954395"><ele>907.3</ele></trkpt>
   <trkpt lon="-4.122478" lat="36.954473"><ele>907.1</ele></trkpt>
   <trkpt lon="-4.122641" lat="36.954508"><ele>906.9</ele></trkpt>
   <trkpt lon="-4.122700" lat="36.954560"><ele>907.1</ele></trkpt>
   <trkpt lon="-4.122828" lat="36.954712"><ele>907.4</ele></trkpt>
   <trkpt lon="-4.123079" lat="36.955165"><ele>907.5</ele></trkpt>
   <trkpt lon="-4.123919" lat="36.955931"><ele>910.0</ele></trkpt>
   <trkpt lon="-4.124229" lat="36.956333"><ele>908.2</ele></trkpt>
   <trkpt lon="-4.124274" lat="36.956436"><ele>907.0</ele></trkpt>
   <trkpt lon="-4.124458" lat="36.956553"><ele>907.7</ele></trkpt>
   <trkpt lon="-4.125161" lat="36.956965"><ele>907.3</ele></trkpt>
   <trkpt lon="-4.125959" lat="36.957462"><ele>904.9</ele></trkpt>
   <trkpt lon="-4.126282" lat="36.957663"><ele>904.3</ele></trkpt>
   <trkpt lon="-4.126627" lat="36.957895"><ele>904.2</ele></trkpt>
   <trkpt lon="-4.128270" lat="36.959179"><ele>902.0</ele></trkpt>
   <trkpt lon="-4.129530" lat="36.960173"><ele>899.1</ele></trkpt>
   <trkpt lon="-4.129929" lat="36.960498"><ele>898.6</ele></trkpt>
   <trkpt lon="-4.130466" lat="36.960914"><ele>897.9</ele></trkpt>
   <trkpt lon="-4.131395" lat="36.961664"><ele>896.8</ele></trkpt>
   <trkpt lon="-4.131970" lat="36.962128"><ele>896.0</ele></trkpt>
   <trkpt lon="-4.132827" lat="36.962819"><ele>896.0</ele></trkpt>
   <trkpt lon="-4.136225" lat="36.965513"><ele>894.0</ele></trkpt>
   <trkpt lon="-4.139208" lat="36.967892"><ele>893.0</ele></trkpt>
   <trkpt lon="-4.139431" lat="36.968160"><ele>893.0</ele></trkpt>
   <trkpt lon="-4.139857" lat="36.968831"><ele>892.4</ele></trkpt>
   <trkpt lon="-4.140312" lat="36.969612"><ele>892.0</ele></trkpt>
   <trkpt lon="-4.140352" lat="36.969709"><ele>892.0</ele></trkpt>
   <trkpt lon="-4.139934" lat="36.969801"><ele>892.0</ele></trkpt>
   <trkpt lon="-4.140352" lat="36.969709"><ele>892.0</ele></trkpt>
   <trkpt lon="-4.140312" lat="36.969612"><ele>892.0</ele></trkpt>
   <trkpt lon="-4.139857" lat="36.968831"><ele>892.4</ele></trkpt>
   <trkpt lon="-4.139431" lat="36.968160"><ele>893.0</ele></trkpt>
   <trkpt lon="-4.139208" lat="36.967892"><ele>893.0</ele></trkpt>
   <trkpt lon="-4.136225" lat="36.965513"><ele>894.0</ele></trkpt>
   <trkpt lon="-4.132827" lat="36.962819"><ele>896.0</ele></trkpt>
   <trkpt lon="-4.131970" lat="36.962128"><ele>896.0</ele></trkpt>
   <trkpt lon="-4.131395" lat="36.961664"><ele>896.8</ele></trkpt>
   <trkpt lon="-4.130466" lat="36.960914"><ele>897.9</ele></trkpt>
   <trkpt lon="-4.129929" lat="36.960498"><ele>898.6</ele></trkpt>
   <trkpt lon="-4.129530" lat="36.960173"><ele>899.1</ele></trkpt>
   <trkpt lon="-4.128270" lat="36.959179"><ele>902.0</ele></trkpt>
   <trkpt lon="-4.126627" lat="36.957895"><ele>904.2</ele></trkpt>
   <trkpt lon="-4.126282" lat="36.957663"><ele>904.3</ele></trkpt>
   <trkpt lon="-4.125959" lat="36.957462"><ele>904.9</ele></trkpt>
   <trkpt lon="-4.125161" lat="36.956965"><ele>907.3</ele></trkpt>
   <trkpt lon="-4.124458" lat="36.956553"><ele>907.7</ele></trkpt>
   <trkpt lon="-4.124274" lat="36.956436"><ele>907.0</ele></trkpt>
   <trkpt lon="-4.124229" lat="36.956333"><ele>908.2</ele></trkpt>
   <trkpt lon="-4.123919" lat="36.955931"><ele>910.0</ele></trkpt>
   <trkpt lon="-4.123079" lat="36.955165"><ele>907.5</ele></trkpt>
   <trkpt lon="-4.122828" lat="36.954712"><ele>907.4</ele></trkpt>
   <trkpt lon="-4.122700" lat="36.954560"><ele>907.1</ele></trkpt>
   <trkpt lon="-4.122641" lat="36.954508"><ele>906.9</ele></trkpt>
   <trkpt lon="-4.122478" lat="36.954473"><ele>907.1</ele></trkpt>
   <trkpt lon="-4.122504" lat="36.954395"><ele>907.3</ele></trkpt>
   <trkpt lon="-4.122724" lat="36.953735"><ele>910.2</ele></trkpt>
   <trkpt lon="-4.123058" lat="36.953043"><ele>916.6</ele></trkpt>
   <trkpt lon="-4.123230" lat="36.952746"><ele>919.5</ele></trkpt>
   <trkpt lon="-4.123335" lat="36.952502"><ele>921.6</ele></trkpt>
   <trkpt lon="-4.123349" lat="36.952469"><ele>921.9</ele></trkpt>
   <trkpt lon="-4.123404" lat="36.952342"><ele>922.3</ele></trkpt>
   <trkpt lon="-4.123554" lat="36.952003"><ele>918.3</ele></trkpt>
   <trkpt lon="-4.123658" lat="36.951825"><ele>913.2</ele></trkpt>
   <trkpt lon="-4.124055" lat="36.951450"><ele>900.9</ele></trkpt>
   <trkpt lon="-4.124674" lat="36.950421"><ele>881.4</ele></trkpt>
   <trkpt lon="-4.125281" lat="36.949663"><ele>872.9</ele></trkpt>
   <trkpt lon="-4.126359" lat="36.948774"><ele>865.5</ele></trkpt>
   <trkpt lon="-4.126892" lat="36.948437"><ele>864.0</ele></trkpt>
   <trkpt lon="-4.127853" lat="36.948022"><ele>860.7</ele></trkpt>
   <trkpt lon="-4.129357" lat="36.947559"><ele>856.2</ele></trkpt>
   <trkpt lon="-4.129544" lat="36.947480"><ele>856.6</ele></trkpt>
   <trkpt lon="-4.129679" lat="36.947396"><ele>856.3</ele></trkpt>
   <trkpt lon="-4.129790" lat="36.947303"><ele>855.5</ele></trkpt>
   <trkpt lon="-4.129885" lat="36.947213"><ele>854.7</ele></trkpt>
   <trkpt lon="-4.131378" lat="36.945257"><ele>840.3</ele></trkpt>
   <trkpt lon="-4.131822" lat="36.945071"><ele>841.6</ele></trkpt>
   <trkpt lon="-4.132250" lat="36.944633"><ele>841.5</ele></trkpt>
   <trkpt lon="-4.132278" lat="36.944527"><ele>841.2</ele></trkpt>
   <trkpt lon="-4.132202" lat="36.944207"><ele>838.9</ele></trkpt>
   <trkpt lon="-4.132235" lat="36.943958"><ele>841.0</ele></trkpt>
   <trkpt lon="-4.132204" lat="36.943779"><ele>842.8</ele></trkpt>
   <trkpt lon="-4.132078" lat="36.943631"><ele>843.5</ele></trkpt>
   <trkpt lon="-4.131542" lat="36.943446"><ele>829.9</ele></trkpt>
   <trkpt lon="-4.131394" lat="36.943273"><ele>822.7</ele></trkpt>
   <trkpt lon="-4.131349" lat="36.943040"><ele>817.1</ele></trkpt>
   <trkpt lon="-4.131421" lat="36.942667"><ele>812.3</ele></trkpt>
   <trkpt lon="-4.131583" lat="36.942284"><ele>809.7</ele></trkpt>
   <trkpt lon="-4.131820" lat="36.942022"><ele>810.6</ele></trkpt>
   <trkpt lon="-4.132515" lat="36.941610"><ele>808.9</ele></trkpt>
   <trkpt lon="-4.132632" lat="36.941471"><ele>806.3</ele></trkpt>
   <trkpt lon="-4.132970" lat="36.940787"><ele>796.3</ele></trkpt>
   <trkpt lon="-4.133291" lat="36.940369"><ele>794.1</ele></trkpt>
   <trkpt lon="-4.133521" lat="36.940242"><ele>796.5</ele></trkpt>
   <trkpt lon="-4.134367" lat="36.940150"><ele>796.6</ele></trkpt>
   <trkpt lon="-4.134569" lat="36.940028"><ele>792.0</ele></trkpt>
   <trkpt lon="-4.134713" lat="36.939850"><ele>789.2</ele></trkpt>
   <trkpt lon="-4.135057" lat="36.939652"><ele>792.8</ele></trkpt>
   <trkpt lon="-4.136042" lat="36.939232"><ele>796.8</ele></trkpt>
   <trkpt lon="-4.136193" lat="36.939134"><ele>796.8</ele></trkpt>
   <trkpt lon="-4.136352" lat="36.938941"><ele>796.7</ele></trkpt>
   <trkpt lon="-4.136425" lat="36.938794"><ele>796.6</ele></trkpt>
   <trkpt lon="-4.136489" lat="36.938583"><ele>796.0</ele></trkpt>
   <trkpt lon="-4.136487" lat="36.938423"><ele>795.1</ele></trkpt>
   <trkpt lon="-4.136145" lat="36.937555"><ele>792.1</ele></trkpt>
   <trkpt lon="-4.136052" lat="36.937432"><ele>793.0</ele></trkpt>
   <trkpt lon="-4.135897" lat="36.937343"><ele>792.8</ele></trkpt>
   <trkpt lon="-4.135631" lat="36.937284"><ele>792.6</ele></trkpt>
   <trkpt lon="-4.135269" lat="36.937266"><ele>792.0</ele></trkpt>
   <trkpt lon="-4.135120" lat="36.937302"><ele>790.3</ele></trkpt>
   <trkpt lon="-4.135005" lat="36.937387"><ele>787.4</ele></trkpt>
   <trkpt lon="-4.134926" lat="36.937513"><ele>784.2</ele></trkpt>
   <trkpt lon="-4.134873" lat="36.938106"><ele>774.0</ele></trkpt>
   <trkpt lon="-4.134798" lat="36.938248"><ele>771.5</ele></trkpt>
   <trkpt lon="-4.134120" lat="36.939024"><ele>764.7</ele></trkpt>
   <trkpt lon="-4.133918" lat="36.939179"><ele>764.1</ele></trkpt>
   <trkpt lon="-4.133696" lat="36.939285"><ele>763.1</ele></trkpt>
   <trkpt lon="-4.133489" lat="36.939293"><ele>761.2</ele></trkpt>
   <trkpt lon="-4.133289" lat="36.939199"><ele>757.1</ele></trkpt>
   <trkpt lon="-4.133188" lat="36.939072"><ele>753.5</ele></trkpt>
   <trkpt lon="-4.133206" lat="36.938854"><ele>751.0</ele></trkpt>
   <trkpt lon="-4.133539" lat="36.938517"><ele>751.0</ele></trkpt>
   <trkpt lon="-4.133624" lat="36.938405"><ele>750.9</ele></trkpt>
   <trkpt lon="-4.133677" lat="36.938143"><ele>751.8</ele></trkpt>
   <trkpt lon="-4.133611" lat="36.937936"><ele>751.9</ele></trkpt>
   <trkpt lon="-4.132870" lat="36.937368"><ele>751.8</ele></trkpt>
   <trkpt lon="-4.132697" lat="36.937337"><ele>749.6</ele></trkpt>
   <trkpt lon="-4.132617" lat="36.937350"><ele>747.7</ele></trkpt>
   <trkpt lon="-4.132511" lat="36.937459"><ele>743.0</ele></trkpt>
   <trkpt lon="-4.132537" lat="36.937869"><ele>736.4</ele></trkpt>
   <trkpt lon="-4.132501" lat="36.937976"><ele>735.3</ele></trkpt>
   <trkpt lon="-4.132412" lat="36.938070"><ele>734.1</ele></trkpt>
   <trkpt lon="-4.132101" lat="36.938265"><ele>730.7</ele></trkpt>
   <trkpt lon="-4.131670" lat="36.938690"><ele>726.7</ele></trkpt>
   <trkpt lon="-4.131545" lat="36.938959"><ele>726.3</ele></trkpt>
   <trkpt lon="-4.131489" lat="36.939313"><ele>725.4</ele></trkpt>
   <trkpt lon="-4.131380" lat="36.939392"><ele>724.1</ele></trkpt>
   <trkpt lon="-4.131304" lat="36.939390"><ele>723.5</ele></trkpt>
   <trkpt lon="-4.131159" lat="36.939332"><ele>722.2</ele></trkpt>
   <trkpt lon="-4.130904" lat="36.939011"><ele>717.7</ele></trkpt>
   <trkpt lon="-4.130787" lat="36.938864"><ele>714.8</ele></trkpt>
   <trkpt lon="-4.130772" lat="36.938662"><ele>713.1</ele></trkpt>
   <trkpt lon="-4.131005" lat="36.937832"><ele>716.4</ele></trkpt>
   <trkpt lon="-4.130868" lat="36.937637"><ele>717.0</ele></trkpt>
   <trkpt lon="-4.130659" lat="36.937580"><ele>715.6</ele></trkpt>
   <trkpt lon="-4.130181" lat="36.937653"><ele>709.9</ele></trkpt>
   <trkpt lon="-4.129874" lat="36.937659"><ele>705.4</ele></trkpt>
   <trkpt lon="-4.129615" lat="36.937529"><ele>697.4</ele></trkpt>
   <trkpt lon="-4.129565" lat="36.937403"><ele>693.4</ele></trkpt>
   <trkpt lon="-4.129575" lat="36.937244"><ele>689.6</ele></trkpt>
   <trkpt lon="-4.129896" lat="36.936583"><ele>685.3</ele></trkpt>
   <trkpt lon="-4.130000" lat="36.936137"><ele>684.8</ele></trkpt>
   <trkpt lon="-4.129958" lat="36.935790"><ele>684.3</ele></trkpt>
   <trkpt lon="-4.129835" lat="36.935218"><ele>681.7</ele></trkpt>
   <trkpt lon="-4.129594" lat="36.934351"><ele>669.6</ele></trkpt>
   <trkpt lon="-4.129529" lat="36.933661"><ele>663.4</ele></trkpt>
   <trkpt lon="-4.129594" lat="36.932993"><ele>661.4</ele></trkpt>
   <trkpt lon="-4.130020" lat="36.931878"><ele>660.1</ele></trkpt>
   <trkpt lon="-4.130033" lat="36.931511"><ele>656.9</ele></trkpt>
   <trkpt lon="-4.130038" lat="36.931389"><ele>655.6</ele></trkpt>
   <trkpt lon="-4.130166" lat="36.931125"><ele>656.2</ele></trkpt>
   <trkpt lon="-4.130233" lat="36.930916"><ele>657.3</ele></trkpt>
   <trkpt lon="-4.130126" lat="36.930595"><ele>653.1</ele></trkpt>
   <trkpt lon="-4.130035" lat="36.930263"><ele>646.0</ele></trkpt>
   <trkpt lon="-4.130140" lat="36.929802"><ele>643.5</ele></trkpt>
   <trkpt lon="-4.130552" lat="36.929027"><ele>640.3</ele></trkpt>
   <trkpt lon="-4.130615" lat="36.928752"><ele>638.1</ele></trkpt>
   <trkpt lon="-4.130595" lat="36.928039"><ele>635.3</ele></trkpt>
   <trkpt lon="-4.130516" lat="36.927173"><ele>626.0</ele></trkpt>
   <trkpt lon="-4.130591" lat="36.926527"><ele>620.1</ele></trkpt>
   <trkpt lon="-4.130689" lat="36.926365"><ele>617.5</ele></trkpt>
   <trkpt lon="-4.130958" lat="36.926172"><ele>614.6</ele></trkpt>
   <trkpt lon="-4.131212" lat="36.926070"><ele>613.8</ele></trkpt>
   <trkpt lon="-4.131702" lat="36.926112"><ele>619.6</ele></trkpt>
   <trkpt lon="-4.131916" lat="36.926017"><ele>618.0</ele></trkpt>
   <trkpt lon="-4.131967" lat="36.925897"><ele>615.2</ele></trkpt>
   <trkpt lon="-4.131875" lat="36.925724"><ele>610.9</ele></trkpt>
   <trkpt lon="-4.131673" lat="36.925628"><ele>605.6</ele></trkpt>
   <trkpt lon="-4.131442" lat="36.925625"><ele>602.3</ele></trkpt>
   <trkpt lon="-4.130843" lat="36.925829"><ele>600.8</ele></trkpt>
   <trkpt lon="-4.130247" lat="36.926083"><ele>598.6</ele></trkpt>
   <trkpt lon="-4.129678" lat="36.926173"><ele>591.0</ele></trkpt>
   <trkpt lon="-4.129559" lat="36.926305"><ele>592.0</ele></trkpt>
   <trkpt lon="-4.129442" lat="36.926692"><ele>596.4</ele></trkpt>
   <trkpt lon="-4.128883" lat="36.927426"><ele>593.9</ele></trkpt>
   <trkpt lon="-4.128653" lat="36.927531"><ele>591.5</ele></trkpt>
   <trkpt lon="-4.128455" lat="36.927525"><ele>587.5</ele></trkpt>
   <trkpt lon="-4.128304" lat="36.927456"><ele>582.8</ele></trkpt>
   <trkpt lon="-4.128225" lat="36.927276"><ele>579.8</ele></trkpt>
   <trkpt lon="-4.128543" lat="36.926864"><ele>582.7</ele></trkpt>
   <trkpt lon="-4.128629" lat="36.926614"><ele>580.1</ele></trkpt>
   <trkpt lon="-4.128802" lat="36.926164"><ele>573.7</ele></trkpt>
   <trkpt lon="-4.129235" lat="36.925398"><ele>567.2</ele></trkpt>
   <trkpt lon="-4.130268" lat="36.923722"><ele>554.7</ele></trkpt>
   <trkpt lon="-4.130315" lat="36.923552"><ele>553.4</ele></trkpt>
   <trkpt lon="-4.130299" lat="36.923234"><ele>549.5</ele></trkpt>
   <trkpt lon="-4.130342" lat="36.923050"><ele>548.2</ele></trkpt>
   <trkpt lon="-4.130373" lat="36.922866"><ele>547.5</ele></trkpt>
   <trkpt lon="-4.130226" lat="36.922074"><ele>540.3</ele></trkpt>
   <trkpt lon="-4.130243" lat="36.921713"><ele>538.8</ele></trkpt>
   <trkpt lon="-4.130238" lat="36.921445"><ele>538.6</ele></trkpt>
   <trkpt lon="-4.129966" lat="36.921180"><ele>530.8</ele></trkpt>
   <trkpt lon="-4.129895" lat="36.921035"><ele>528.5</ele></trkpt>
   <trkpt lon="-4.129890" lat="36.920797"><ele>525.8</ele></trkpt>
   <trkpt lon="-4.130063" lat="36.920538"><ele>524.4</ele></trkpt>
   <trkpt lon="-4.130505" lat="36.920143"><ele>524.3</ele></trkpt>
   <trkpt lon="-4.130585" lat="36.919948"><ele>523.5</ele></trkpt>
   <trkpt lon="-4.130564" lat="36.919593"><ele>521.3</ele></trkpt>
   <trkpt lon="-4.130645" lat="36.919379"><ele>519.5</ele></trkpt>
   <trkpt lon="-4.130668" lat="36.919239"><ele>518.1</ele></trkpt>
   <trkpt lon="-4.130673" lat="36.919117"><ele>516.8</ele></trkpt>
   <trkpt lon="-4.130659" lat="36.918956"><ele>515.0</ele></trkpt>
   <trkpt lon="-4.130683" lat="36.918852"><ele>513.8</ele></trkpt>
   <trkpt lon="-4.130744" lat="36.918775"><ele>512.9</ele></trkpt>
   <trkpt lon="-4.130834" lat="36.918713"><ele>512.3</ele></trkpt>
   <trkpt lon="-4.131182" lat="36.918599"><ele>511.3</ele></trkpt>
   <trkpt lon="-4.131285" lat="36.918541"><ele>510.9</ele></trkpt>
   <trkpt lon="-4.131369" lat="36.918474"><ele>510.4</ele></trkpt>
   <trkpt lon="-4.131428" lat="36.918390"><ele>509.5</ele></trkpt>
   <trkpt lon="-4.131542" lat="36.917967"><ele>503.6</ele></trkpt>
   <trkpt lon="-4.131628" lat="36.917734"><ele>501.9</ele></trkpt>
   <trkpt lon="-4.131674" lat="36.917567"><ele>500.8</ele></trkpt>
   <trkpt lon="-4.131697" lat="36.917318"><ele>498.0</ele></trkpt>
   <trkpt lon="-4.131700" lat="36.917091"><ele>495.2</ele></trkpt>
   <trkpt lon="-4.131656" lat="36.916816"><ele>490.4</ele></trkpt>
   <trkpt lon="-4.131651" lat="36.916732"><ele>488.7</ele></trkpt>
   <trkpt lon="-4.131681" lat="36.916642"><ele>487.6</ele></trkpt>
   <trkpt lon="-4.131718" lat="36.916588"><ele>487.4</ele></trkpt>
   <trkpt lon="-4.131788" lat="36.916507"><ele>487.3</ele></trkpt>
   <trkpt lon="-4.131889" lat="36.916419"><ele>488.0</ele></trkpt>
   <trkpt lon="-4.132144" lat="36.916260"><ele>490.2</ele></trkpt>
   <trkpt lon="-4.132222" lat="36.916167"><ele>489.8</ele></trkpt>
   <trkpt lon="-4.132257" lat="36.916083"><ele>489.3</ele></trkpt>
   <trkpt lon="-4.132268" lat="36.915840"><ele>486.4</ele></trkpt>
   <trkpt lon="-4.132298" lat="36.915726"><ele>484.7</ele></trkpt>
   <trkpt lon="-4.132360" lat="36.915618"><ele>483.6</ele></trkpt>
   <trkpt lon="-4.132437" lat="36.915536"><ele>483.0</ele></trkpt>
   <trkpt lon="-4.132549" lat="36.915463"><ele>482.9</ele></trkpt>
   <trkpt lon="-4.132753" lat="36.915362"><ele>482.9</ele></trkpt>
   <trkpt lon="-4.132963" lat="36.915216"><ele>482.5</ele></trkpt>
   <trkpt lon="-4.133021" lat="36.915153"><ele>482.1</ele></trkpt>
   <trkpt lon="-4.133059" lat="36.915074"><ele>481.6</ele></trkpt>
   <trkpt lon="-4.133061" lat="36.914981"><ele>480.6</ele></trkpt>
   <trkpt lon="-4.133036" lat="36.914827"><ele>478.5</ele></trkpt>
   <trkpt lon="-4.133038" lat="36.914692"><ele>477.1</ele></trkpt>
   <trkpt lon="-4.133091" lat="36.914519"><ele>475.8</ele></trkpt>
   <trkpt lon="-4.133677" lat="36.913245"><ele>468.2</ele></trkpt>
   <trkpt lon="-4.133695" lat="36.913010"><ele>466.3</ele></trkpt>
   <trkpt lon="-4.133618" lat="36.912521"><ele>460.8</ele></trkpt>
   <trkpt lon="-4.133579" lat="36.912219"><ele>456.6</ele></trkpt>
   <trkpt lon="-4.133585" lat="36.912119"><ele>455.4</ele></trkpt>
   <trkpt lon="-4.133623" lat="36.912060"><ele>455.0</ele></trkpt>
   <trkpt lon="-4.133678" lat="36.912021"><ele>454.8</ele></trkpt>
   <trkpt lon="-4.133788" lat="36.911999"><ele>455.6</ele></trkpt>
   <trkpt lon="-4.134014" lat="36.911996"><ele>457.4</ele></trkpt>
   <trkpt lon="-4.134162" lat="36.911966"><ele>457.4</ele></trkpt>
   <trkpt lon="-4.134317" lat="36.911918"><ele>456.9</ele></trkpt>
   <trkpt lon="-4.134533" lat="36.911817"><ele>455.7</ele></trkpt>
   <trkpt lon="-4.134653" lat="36.911743"><ele>455.4</ele></trkpt>
   <trkpt lon="-4.134710" lat="36.911671"><ele>454.4</ele></trkpt>
   <trkpt lon="-4.134744" lat="36.911595"><ele>453.2</ele></trkpt>
   <trkpt lon="-4.134787" lat="36.911460"><ele>450.9</ele></trkpt>
   <trkpt lon="-4.134870" lat="36.911356"><ele>449.8</ele></trkpt>
   <trkpt lon="-4.135098" lat="36.911146"><ele>448.1</ele></trkpt>
   <trkpt lon="-4.135206" lat="36.911023"><ele>447.0</ele></trkpt>
   <trkpt lon="-4.135316" lat="36.910853"><ele>445.3</ele></trkpt>
   <trkpt lon="-4.135538" lat="36.910378"><ele>444.3</ele></trkpt>
   <trkpt lon="-4.135617" lat="36.910252"><ele>444.2</ele></trkpt>
   <trkpt lon="-4.135702" lat="36.910156"><ele>444.0</ele></trkpt>
   <trkpt lon="-4.136071" lat="36.909994"><ele>444.1</ele></trkpt>
   <trkpt lon="-4.136168" lat="36.909932"><ele>443.4</ele></trkpt>
   <trkpt lon="-4.136237" lat="36.909871"><ele>442.6</ele></trkpt>
   <trkpt lon="-4.136287" lat="36.909789"><ele>441.6</ele></trkpt>
   <trkpt lon="-4.136329" lat="36.909619"><ele>439.5</ele></trkpt>
   <trkpt lon="-4.136848" lat="36.907101"><ele>419.2</ele></trkpt>
   <trkpt lon="-4.136884" lat="36.907017"><ele>418.1</ele></trkpt>
   <trkpt lon="-4.136932" lat="36.906972"><ele>418.1</ele></trkpt>
   <trkpt lon="-4.137023" lat="36.906918"><ele>418.0</ele></trkpt>
   <trkpt lon="-4.137890" lat="36.906580"><ele>415.6</ele></trkpt>
   <trkpt lon="-4.138013" lat="36.906547"><ele>415.0</ele></trkpt>
   <trkpt lon="-4.138124" lat="36.906534"><ele>414.5</ele></trkpt>
   <trkpt lon="-4.138237" lat="36.906542"><ele>414.9</ele></trkpt>
   <trkpt lon="-4.138415" lat="36.906578"><ele>415.5</ele></trkpt>
   <trkpt lon="-4.138534" lat="36.906590"><ele>415.5</ele></trkpt>
   <trkpt lon="-4.138686" lat="36.906581"><ele>415.1</ele></trkpt>
   <trkpt lon="-4.138790" lat="36.906560"><ele>414.9</ele></trkpt>
   <trkpt lon="-4.138922" lat="36.906507"><ele>414.3</ele></trkpt>
   <trkpt lon="-4.138996" lat="36.906453"><ele>413.8</ele></trkpt>
   <trkpt lon="-4.139074" lat="36.906315"><ele>412.5</ele></trkpt>
   <trkpt lon="-4.139003" lat="36.905980"><ele>406.9</ele></trkpt>
   <trkpt lon="-4.138988" lat="36.905852"><ele>405.1</ele></trkpt>
   <trkpt lon="-4.139055" lat="36.905271"><ele>399.6</ele></trkpt>
   <trkpt lon="-4.139039" lat="36.904983"><ele>396.5</ele></trkpt>
   <trkpt lon="-4.139048" lat="36.904841"><ele>395.3</ele></trkpt>
   <trkpt lon="-4.139097" lat="36.904595"><ele>393.3</ele></trkpt>
   <trkpt lon="-4.139179" lat="36.904408"><ele>390.3</ele></trkpt>
   <trkpt lon="-4.139272" lat="36.904283"><ele>388.5</ele></trkpt>
   <trkpt lon="-4.139368" lat="36.904198"><ele>388.3</ele></trkpt>
   <trkpt lon="-4.139982" lat="36.903726"><ele>387.7</ele></trkpt>
   <trkpt lon="-4.140461" lat="36.903327"><ele>387.1</ele></trkpt>
   <trkpt lon="-4.141383" lat="36.902669"><ele>383.1</ele></trkpt>
   <trkpt lon="-4.141528" lat="36.902547"><ele>381.8</ele></trkpt>
   <trkpt lon="-4.141820" lat="36.902182"><ele>377.6</ele></trkpt>
   <trkpt lon="-4.141903" lat="36.902046"><ele>376.0</ele></trkpt>
   <trkpt lon="-4.142123" lat="36.901563"><ele>370.5</ele></trkpt>
   <trkpt lon="-4.142176" lat="36.901378"><ele>369.3</ele></trkpt>
   <trkpt lon="-4.142309" lat="36.900805"><ele>367.3</ele></trkpt>
   <trkpt lon="-4.142348" lat="36.900665"><ele>365.6</ele></trkpt>
   <trkpt lon="-4.142387" lat="36.900591"><ele>364.9</ele></trkpt>
   <trkpt lon="-4.142430" lat="36.900550"><ele>364.7</ele></trkpt>
   <trkpt lon="-4.142630" lat="36.900409"><ele>364.3</ele></trkpt>
   <trkpt lon="-4.142804" lat="36.900252"><ele>363.2</ele></trkpt>
   <trkpt lon="-4.143106" lat="36.899911"><ele>359.1</ele></trkpt>
   <trkpt lon="-4.143348" lat="36.899705"><ele>357.3</ele></trkpt>
   <trkpt lon="-4.143546" lat="36.899575"><ele>356.8</ele></trkpt>
   <trkpt lon="-4.143691" lat="36.899507"><ele>356.6</ele></trkpt>
   <trkpt lon="-4.143825" lat="36.899471"><ele>356.7</ele></trkpt>
   <trkpt lon="-4.144285" lat="36.899380"><ele>355.4</ele></trkpt>
   <trkpt lon="-4.144441" lat="36.899330"><ele>354.2</ele></trkpt>
   <trkpt lon="-4.145042" lat="36.899087"><ele>350.0</ele></trkpt>
   <trkpt lon="-4.145190" lat="36.899044"><ele>349.7</ele></trkpt>
   <trkpt lon="-4.145314" lat="36.899039"><ele>350.1</ele></trkpt>
   <trkpt lon="-4.145465" lat="36.899032"><ele>350.4</ele></trkpt>
   <trkpt lon="-4.145940" lat="36.899075"><ele>350.6</ele></trkpt>
   <trkpt lon="-4.146032" lat="36.899057"><ele>349.8</ele></trkpt>
   <trkpt lon="-4.146138" lat="36.898947"><ele>347.3</ele></trkpt>
   <trkpt lon="-4.146107" lat="36.898805"><ele>344.8</ele></trkpt>
   <trkpt lon="-4.145933" lat="36.898645"><ele>342.5</ele></trkpt>
   <trkpt lon="-4.145466" lat="36.898466"><ele>339.6</ele></trkpt>
   <trkpt lon="-4.145250" lat="36.898420"><ele>336.9</ele></trkpt>
   <trkpt lon="-4.145079" lat="36.898404"><ele>335.1</ele></trkpt>
   <trkpt lon="-4.144434" lat="36.898455"><ele>332.8</ele></trkpt>
   <trkpt lon="-4.144123" lat="36.898435"><ele>334.1</ele></trkpt>
   <trkpt lon="-4.143647" lat="36.898147"><ele>328.9</ele></trkpt>
   <trkpt lon="-4.143293" lat="36.898070"><ele>325.2</ele></trkpt>
   <trkpt lon="-4.142924" lat="36.898174"><ele>322.0</ele></trkpt>
   <trkpt lon="-4.142417" lat="36.898715"><ele>322.4</ele></trkpt>
   <trkpt lon="-4.142192" lat="36.898739"><ele>321.2</ele></trkpt>
   <trkpt lon="-4.142107" lat="36.898672"><ele>318.9</ele></trkpt>
   <trkpt lon="-4.142069" lat="36.898586"><ele>316.4</ele></trkpt>
   <trkpt lon="-4.142152" lat="36.898425"><ele>313.4</ele></trkpt>
   <trkpt lon="-4.143022" lat="36.897528"><ele>312.1</ele></trkpt>
   <trkpt lon="-4.143265" lat="36.897467"><ele>312.0</ele></trkpt>
   <trkpt lon="-4.143768" lat="36.897528"><ele>313.4</ele></trkpt>
   <trkpt lon="-4.144063" lat="36.897428"><ele>309.8</ele></trkpt>
   <trkpt lon="-4.144430" lat="36.896750"><ele>299.4</ele></trkpt>
   <trkpt lon="-4.144882" lat="36.896470"><ele>298.9</ele></trkpt>
   <trkpt lon="-4.145198" lat="36.896415"><ele>299.8</ele></trkpt>
   <trkpt lon="-4.145800" lat="36.896373"><ele>298.0</ele></trkpt>
   <trkpt lon="-4.146101" lat="36.896352"><ele>295.8</ele></trkpt>
   <trkpt lon="-4.146853" lat="36.896181"><ele>290.0</ele></trkpt>
   <trkpt lon="-4.147035" lat="36.896122"><ele>289.1</ele></trkpt>
   <trkpt lon="-4.147192" lat="36.895906"><ele>286.5</ele></trkpt>
   <trkpt lon="-4.147625" lat="36.892340"><ele>270.4</ele></trkpt>
   <trkpt lon="-4.147633" lat="36.892170"><ele>267.7</ele></trkpt>
   <trkpt lon="-4.147613" lat="36.892059"><ele>266.0</ele></trkpt>
   <trkpt lon="-4.147563" lat="36.891938"><ele>264.5</ele></trkpt>
   <trkpt lon="-4.147469" lat="36.891816"><ele>263.4</ele></trkpt>
   <trkpt lon="-4.146691" lat="36.890972"><ele>254.2</ele></trkpt>
   <trkpt lon="-4.146565" lat="36.890820"><ele>253.0</ele></trkpt>
   <trkpt lon="-4.146489" lat="36.890683"><ele>252.0</ele></trkpt>
   <trkpt lon="-4.146443" lat="36.890542"><ele>250.8</ele></trkpt>
   <trkpt lon="-4.146419" lat="36.890375"><ele>249.8</ele></trkpt>
   <trkpt lon="-4.146426" lat="36.890222"><ele>248.9</ele></trkpt>
   <trkpt lon="-4.146576" lat="36.889463"><ele>242.6</ele></trkpt>
   <trkpt lon="-4.146617" lat="36.889274"><ele>241.7</ele></trkpt>
   <trkpt lon="-4.146626" lat="36.889180"><ele>241.2</ele></trkpt>
   <trkpt lon="-4.146792" lat="36.888274"><ele>234.6</ele></trkpt>
   <trkpt lon="-4.146821" lat="36.888095"><ele>232.9</ele></trkpt>
   <trkpt lon="-4.146881" lat="36.887891"><ele>230.8</ele></trkpt>
   <trkpt lon="-4.146966" lat="36.887387"><ele>226.2</ele></trkpt>
   <trkpt lon="-4.147078" lat="36.886609"><ele>220.7</ele></trkpt>
   <trkpt lon="-4.147046" lat="36.886522"><ele>220.2</ele></trkpt>
   <trkpt lon="-4.147106" lat="36.886239"><ele>218.6</ele></trkpt>
   <trkpt lon="-4.147073" lat="36.886204"><ele>218.4</ele></trkpt>
   <trkpt lon="-4.147045" lat="36.886178"><ele>218.2</ele></trkpt>
   <trkpt lon="-4.146865" lat="36.886119"><ele>218.0</ele></trkpt>
   <trkpt lon="-4.146821" lat="36.886107"><ele>218.1</ele></trkpt>
   <trkpt lon="-4.146778" lat="36.886095"><ele>218.2</ele></trkpt>
   <trkpt lon="-4.146716" lat="36.886092"><ele>218.3</ele></trkpt>
   <trkpt lon="-4.146357" lat="36.885873"><ele>217.5</ele></trkpt>
   <trkpt lon="-4.146055" lat="36.885680"><ele>212.9</ele></trkpt>
   <trkpt lon="-4.145390" lat="36.885268"><ele>212.1</ele></trkpt>
   <trkpt lon="-4.145202" lat="36.885149"><ele>216.4</ele></trkpt>
   <trkpt lon="-4.144907" lat="36.884967"><ele>220.6</ele></trkpt>
   <trkpt lon="-4.144666" lat="36.884653"><ele>228.1</ele></trkpt>
   <trkpt lon="-4.144907" lat="36.884120"><ele>231.9</ele></trkpt>
   <trkpt lon="-4.145004" lat="36.883798"><ele>230.2</ele></trkpt>
   <trkpt lon="-4.145008" lat="36.883501"><ele>229.1</ele></trkpt>
   <trkpt lon="-4.144833" lat="36.882999"><ele>228.6</ele></trkpt>
   <trkpt lon="-4.144450" lat="36.882084"><ele>226.3</ele></trkpt>
   <trkpt lon="-4.144170" lat="36.881506"><ele>225.9</ele></trkpt>
   <trkpt lon="-4.144292" lat="36.881251"><ele>223.3</ele></trkpt>
   <trkpt lon="-4.144450" lat="36.880966"><ele>219.6</ele></trkpt>
   <trkpt lon="-4.144453" lat="36.880916"><ele>219.1</ele></trkpt>
   <trkpt lon="-4.144463" lat="36.880729"><ele>217.5</ele></trkpt>
   <trkpt lon="-4.144573" lat="36.878774"><ele>232.0</ele></trkpt>
   <trkpt lon="-4.144608" lat="36.878157"><ele>235.0</ele></trkpt>
   <trkpt lon="-4.144676" lat="36.876938"><ele>235.3</ele></trkpt>
   <trkpt lon="-4.144693" lat="36.876540"><ele>238.0</ele></trkpt>
   <trkpt lon="-4.144746" lat="36.875228"><ele>239.6</ele></trkpt>
   <trkpt lon="-4.144795" lat="36.874269"><ele>231.2</ele></trkpt>
   <trkpt lon="-4.144820" lat="36.873223"><ele>235.8</ele></trkpt>
   <trkpt lon="-4.145182" lat="36.872527"><ele>233.9</ele></trkpt>
   <trkpt lon="-4.145287" lat="36.872326"><ele>232.9</ele></trkpt>
   <trkpt lon="-4.145510" lat="36.871889"><ele>231.8</ele></trkpt>
   <trkpt lon="-4.145744" lat="36.871373"><ele>230.7</ele></trkpt>
   <trkpt lon="-4.145973" lat="36.870499"><ele>228.6</ele></trkpt>
   <trkpt lon="-4.146140" lat="36.869858"><ele>224.9</ele></trkpt>
   <trkpt lon="-4.146246" lat="36.869373"><ele>221.3</ele></trkpt>
   <trkpt lon="-4.146269" lat="36.868601"><ele>220.8</ele></trkpt>
   <trkpt lon="-4.146251" lat="36.868145"><ele>220.6</ele></trkpt>
   <trkpt lon="-4.146163" lat="36.867957"><ele>217.9</ele></trkpt>
   <trkpt lon="-4.145888" lat="36.867609"><ele>216.2</ele></trkpt>
   <trkpt lon="-4.145677" lat="36.867410"><ele>215.1</ele></trkpt>
   <trkpt lon="-4.145586" lat="36.867347"><ele>214.6</ele></trkpt>
   <trkpt lon="-4.145292" lat="36.867236"><ele>215.6</ele></trkpt>
   <trkpt lon="-4.143721" lat="36.867084"><ele>203.1</ele></trkpt>
   <trkpt lon="-4.143356" lat="36.867028"><ele>199.7</ele></trkpt>
   <trkpt lon="-4.141654" lat="36.866820"><ele>190.2</ele></trkpt>
   <trkpt lon="-4.140658" lat="36.866693"><ele>186.2</ele></trkpt>
   <trkpt lon="-4.140399" lat="36.866652"><ele>184.6</ele></trkpt>
   <trkpt lon="-4.140203" lat="36.866517"><ele>181.2</ele></trkpt>
   <trkpt lon="-4.140153" lat="36.866297"><ele>178.6</ele></trkpt>
   <trkpt lon="-4.140182" lat="36.865766"><ele>187.1</ele></trkpt>
   <trkpt lon="-4.140205" lat="36.865658"><ele>189.2</ele></trkpt>
   <trkpt lon="-4.140468" lat="36.865181"><ele>192.4</ele></trkpt>
   <trkpt lon="-4.140551" lat="36.864397"><ele>185.0</ele></trkpt>
   <trkpt lon="-4.140618" lat="36.863710"><ele>186.2</ele></trkpt>
   <trkpt lon="-4.140431" lat="36.863054"><ele>174.9</ele></trkpt>
   <trkpt lon="-4.139671" lat="36.862046"><ele>164.5</ele></trkpt>
   <trkpt lon="-4.139468" lat="36.861710"><ele>166.8</ele></trkpt>
   <trkpt lon="-4.139441" lat="36.860743"><ele>157.2</ele></trkpt>
   <trkpt lon="-4.139417" lat="36.860606"><ele>155.2</ele></trkpt>
   <trkpt lon="-4.139355" lat="36.860449"><ele>154.0</ele></trkpt>
   <trkpt lon="-4.139156" lat="36.860228"><ele>153.4</ele></trkpt>
   <trkpt lon="-4.139128" lat="36.860147"><ele>152.7</ele></trkpt>
   <trkpt lon="-4.139142" lat="36.860084"><ele>151.9</ele></trkpt>
   <trkpt lon="-4.139252" lat="36.859957"><ele>150.6</ele></trkpt>
   <trkpt lon="-4.139297" lat="36.859973"><ele>150.7</ele></trkpt>
   <trkpt lon="-4.139337" lat="36.859975"><ele>150.7</ele></trkpt>
   <trkpt lon="-4.139393" lat="36.859963"><ele>150.5</ele></trkpt>
   <trkpt lon="-4.139423" lat="36.859941"><ele>150.3</ele></trkpt>
   <trkpt lon="-4.139439" lat="36.859871"><ele>150.1</ele></trkpt>
   <trkpt lon="-4.139420" lat="36.859831"><ele>150.2</ele></trkpt>
   <trkpt lon="-4.139385" lat="36.859803"><ele>150.5</ele></trkpt>
   <trkpt lon="-4.139339" lat="36.859790"><ele>150.6</ele></trkpt>
   <trkpt lon="-4.139331" lat="36.859643"><ele>151.8</ele></trkpt>
   <trkpt lon="-4.139239" lat="36.859518"><ele>150.9</ele></trkpt>
   <trkpt lon="-4.139106" lat="36.859472"><ele>147.1</ele></trkpt>
   <trkpt lon="-4.138273" lat="36.859349"><ele>135.0</ele></trkpt>
   <trkpt lon="-4.137857" lat="36.859360"><ele>132.5</ele></trkpt>
   <trkpt lon="-4.137710" lat="36.859354"><ele>131.9</ele></trkpt>
   <trkpt lon="-4.137512" lat="36.859347"><ele>132.5</ele></trkpt>
   <trkpt lon="-4.137196" lat="36.859246"><ele>132.8</ele></trkpt>
   <trkpt lon="-4.136759" lat="36.859108"><ele>135.6</ele></trkpt>
   <trkpt lon="-4.136436" lat="36.858967"><ele>141.2</ele></trkpt>
   <trkpt lon="-4.136285" lat="36.858775"><ele>144.3</ele></trkpt>
   <trkpt lon="-4.136276" lat="36.858388"><ele>139.7</ele></trkpt>
   <trkpt lon="-4.135506" lat="36.856490"><ele>142.2</ele></trkpt>
   <trkpt lon="-4.135384" lat="36.856281"><ele>139.1</ele></trkpt>
   <trkpt lon="-4.135189" lat="36.856078"><ele>134.4</ele></trkpt>
   <trkpt lon="-4.135005" lat="36.855904"><ele>132.3</ele></trkpt>
   <trkpt lon="-4.134895" lat="36.855804"><ele>132.0</ele></trkpt>
   <trkpt lon="-4.134643" lat="36.855575"><ele>141.1</ele></trkpt>
   <trkpt lon="-4.134612" lat="36.855547"><ele>142.7</ele></trkpt>
   <trkpt lon="-4.134532" lat="36.855342"><ele>149.2</ele></trkpt>
   <trkpt lon="-4.134574" lat="36.854954"><ele>150.5</ele></trkpt>
   <trkpt lon="-4.134702" lat="36.854756"><ele>147.8</ele></trkpt>
   <trkpt lon="-4.134762" lat="36.854574"><ele>143.7</ele></trkpt>
   <trkpt lon="-4.134725" lat="36.854450"><ele>142.4</ele></trkpt>
   <trkpt lon="-4.134572" lat="36.854334"><ele>142.6</ele></trkpt>
   <trkpt lon="-4.134319" lat="36.854165"><ele>143.8</ele></trkpt>
   <trkpt lon="-4.133431" lat="36.853547"><ele>153.9</ele></trkpt>
   <trkpt lon="-4.133286" lat="36.853301"><ele>150.4</ele></trkpt>
   <trkpt lon="-4.133262" lat="36.852993"><ele>141.3</ele></trkpt>
   <trkpt lon="-4.133376" lat="36.852677"><ele>132.9</ele></trkpt>
   <trkpt lon="-4.133633" lat="36.852308"><ele>134.6</ele></trkpt>
   <trkpt lon="-4.133834" lat="36.852134"><ele>129.5</ele></trkpt>
   <trkpt lon="-4.134139" lat="36.851962"><ele>123.5</ele></trkpt>
   <trkpt lon="-4.134199" lat="36.851869"><ele>119.2</ele></trkpt>
   <trkpt lon="-4.134176" lat="36.851761"><ele>114.3</ele></trkpt>
   <trkpt lon="-4.134091" lat="36.851682"><ele>110.0</ele></trkpt>
   <trkpt lon="-4.133909" lat="36.851631"><ele>107.1</ele></trkpt>
   <trkpt lon="-4.133248" lat="36.851713"><ele>108.1</ele></trkpt>
   <trkpt lon="-4.133093" lat="36.851696"><ele>107.3</ele></trkpt>
   <trkpt lon="-4.132835" lat="36.851593"><ele>106.5</ele></trkpt>
   <trkpt lon="-4.132349" lat="36.851413"><ele>117.5</ele></trkpt>
   <trkpt lon="-4.132190" lat="36.851339"><ele>120.7</ele></trkpt>
   <trkpt lon="-4.131955" lat="36.851176"><ele>126.7</ele></trkpt>
   <trkpt lon="-4.131819" lat="36.851018"><ele>131.1</ele></trkpt>
   <trkpt lon="-4.131737" lat="36.850434"><ele>131.0</ele></trkpt>
   <trkpt lon="-4.131568" lat="36.850201"><ele>133.3</ele></trkpt>
   <trkpt lon="-4.131071" lat="36.849827"><ele>128.1</ele></trkpt>
   <trkpt lon="-4.130819" lat="36.849692"><ele>122.8</ele></trkpt>
   <trkpt lon="-4.130683" lat="36.849665"><ele>120.5</ele></trkpt>
   <trkpt lon="-4.130497" lat="36.849684"><ele>118.4</ele></trkpt>
   <trkpt lon="-4.129961" lat="36.849779"><ele>118.4</ele></trkpt>
   <trkpt lon="-4.129766" lat="36.849749"><ele>118.9</ele></trkpt>
   <trkpt lon="-4.129673" lat="36.849650"><ele>119.8</ele></trkpt>
   <trkpt lon="-4.129447" lat="36.849294"><ele>120.9</ele></trkpt>
   <trkpt lon="-4.129329" lat="36.849219"><ele>123.0</ele></trkpt>
   <trkpt lon="-4.129178" lat="36.849173"><ele>125.6</ele></trkpt>
   <trkpt lon="-4.128834" lat="36.849110"><ele>128.6</ele></trkpt>
   <trkpt lon="-4.128239" lat="36.848843"><ele>127.8</ele></trkpt>
   <trkpt lon="-4.127973" lat="36.848615"><ele>126.7</ele></trkpt>
   <trkpt lon="-4.127566" lat="36.848164"><ele>122.1</ele></trkpt>
   <trkpt lon="-4.127336" lat="36.848003"><ele>118.1</ele></trkpt>
   <trkpt lon="-4.127125" lat="36.847963"><ele>114.5</ele></trkpt>
   <trkpt lon="-4.127007" lat="36.847993"><ele>114.4</ele></trkpt>
   <trkpt lon="-4.126731" lat="36.848359"><ele>123.7</ele></trkpt>
   <trkpt lon="-4.126638" lat="36.848434"><ele>125.7</ele></trkpt>
   <trkpt lon="-4.126479" lat="36.848464"><ele>126.8</ele></trkpt>
   <trkpt lon="-4.126290" lat="36.848435"><ele>127.8</ele></trkpt>
   <trkpt lon="-4.126057" lat="36.848368"><ele>130.2</ele></trkpt>
   <trkpt lon="-4.125926" lat="36.848303"><ele>131.7</ele></trkpt>
   <trkpt lon="-4.125788" lat="36.847997"><ele>133.4</ele></trkpt>
   <trkpt lon="-4.125765" lat="36.847314"><ele>128.9</ele></trkpt>
   <trkpt lon="-4.125745" lat="36.847035"><ele>126.0</ele></trkpt>
   <trkpt lon="-4.125625" lat="36.846822"><ele>125.8</ele></trkpt>
   <trkpt lon="-4.125310" lat="36.846584"><ele>131.8</ele></trkpt>
   <trkpt lon="-4.125271" lat="36.846487"><ele>132.9</ele></trkpt>
   <trkpt lon="-4.125304" lat="36.846368"><ele>132.3</ele></trkpt>
   <trkpt lon="-4.125644" lat="36.846103"><ele>127.3</ele></trkpt>
   <trkpt lon="-4.125895" lat="36.845942"><ele>125.4</ele></trkpt>
   <trkpt lon="-4.126111" lat="36.845792"><ele>124.5</ele></trkpt>
   <trkpt lon="-4.126332" lat="36.845669"><ele>123.6</ele></trkpt>
   <trkpt lon="-4.126616" lat="36.845579"><ele>121.5</ele></trkpt>
   <trkpt lon="-4.127821" lat="36.845428"><ele>116.6</ele></trkpt>
   <trkpt lon="-4.128054" lat="36.845382"><ele>116.3</ele></trkpt>
   <trkpt lon="-4.128189" lat="36.845278"><ele>115.9</ele></trkpt>
   <trkpt lon="-4.128265" lat="36.845138"><ele>115.7</ele></trkpt>
   <trkpt lon="-4.128268" lat="36.844997"><ele>114.9</ele></trkpt>
   <trkpt lon="-4.128254" lat="36.844833"><ele>114.4</ele></trkpt>
   <trkpt lon="-4.128167" lat="36.844666"><ele>113.7</ele></trkpt>
   <trkpt lon="-4.127573" lat="36.843854"><ele>109.7</ele></trkpt>
   <trkpt lon="-4.127377" lat="36.843554"><ele>106.0</ele></trkpt>
   <trkpt lon="-4.126757" lat="36.843111"><ele>106.1</ele></trkpt>
   <trkpt lon="-4.126531" lat="36.842628"><ele>99.4</ele></trkpt>
   <trkpt lon="-4.126344" lat="36.842217"><ele>108.1</ele></trkpt>
   <trkpt lon="-4.126245" lat="36.841987"><ele>116.6</ele></trkpt>
   <trkpt lon="-4.126229" lat="36.841850"><ele>121.5</ele></trkpt>
   <trkpt lon="-4.126431" lat="36.841398"><ele>129.0</ele></trkpt>
   <trkpt lon="-4.126768" lat="36.840598"><ele>135.0</ele></trkpt>
   <trkpt lon="-4.126832" lat="36.840378"><ele>134.7</ele></trkpt>
   <trkpt lon="-4.126819" lat="36.840071"><ele>131.7</ele></trkpt>
   <trkpt lon="-4.126616" lat="36.839355"><ele>126.0</ele></trkpt>
   <trkpt lon="-4.126611" lat="36.839310"><ele>126.3</ele></trkpt>
   <trkpt lon="-4.126674" lat="36.839008"><ele>127.6</ele></trkpt>
   <trkpt lon="-4.126706" lat="36.838944"><ele>128.6</ele></trkpt>
   <trkpt lon="-4.126896" lat="36.838568"><ele>131.9</ele></trkpt>
   <trkpt lon="-4.127041" lat="36.838267"><ele>132.2</ele></trkpt>
   <trkpt lon="-4.127061" lat="36.838227"><ele>131.9</ele></trkpt>
   <trkpt lon="-4.127113" lat="36.838123"><ele>131.3</ele></trkpt>
   <trkpt lon="-4.127174" lat="36.837953"><ele>129.9</ele></trkpt>
   <trkpt lon="-4.127187" lat="36.837855"><ele>128.6</ele></trkpt>
   <trkpt lon="-4.127166" lat="36.837751"><ele>127.4</ele></trkpt>
   <trkpt lon="-4.126931" lat="36.837280"><ele>131.6</ele></trkpt>
   <trkpt lon="-4.126893" lat="36.837170"><ele>134.0</ele></trkpt>
   <trkpt lon="-4.126893" lat="36.837036"><ele>135.5</ele></trkpt>
   <trkpt lon="-4.126926" lat="36.836903"><ele>135.7</ele></trkpt>
   <trkpt lon="-4.127020" lat="36.836776"><ele>133.9</ele></trkpt>
   <trkpt lon="-4.127523" lat="36.836331"><ele>127.1</ele></trkpt>
   <trkpt lon="-4.127601" lat="36.836205"><ele>125.5</ele></trkpt>
   <trkpt lon="-4.127623" lat="36.836046"><ele>125.0</ele></trkpt>
   <trkpt lon="-4.127448" lat="36.834941"><ele>119.3</ele></trkpt>
   <trkpt lon="-4.127383" lat="36.834599"><ele>110.2</ele></trkpt>
   <trkpt lon="-4.127216" lat="36.834335"><ele>105.5</ele></trkpt>
   <trkpt lon="-4.126921" lat="36.834021"><ele>100.5</ele></trkpt>
   <trkpt lon="-4.126808" lat="36.833848"><ele>97.8</ele></trkpt>
   <trkpt lon="-4.126568" lat="36.832529"><ele>91.5</ele></trkpt>
   <trkpt lon="-4.126456" lat="36.831888"><ele>87.3</ele></trkpt>
   <trkpt lon="-4.126357" lat="36.831594"><ele>84.3</ele></trkpt>
   <trkpt lon="-4.126268" lat="36.831492"><ele>83.7</ele></trkpt>
   <trkpt lon="-4.126147" lat="36.831400"><ele>83.4</ele></trkpt>
   <trkpt lon="-4.126023" lat="36.831330"><ele>82.5</ele></trkpt>
   <trkpt lon="-4.125842" lat="36.831282"><ele>78.9</ele></trkpt>
   <trkpt lon="-4.125556" lat="36.831287"><ele>74.8</ele></trkpt>
   <trkpt lon="-4.125207" lat="36.831285"><ele>70.8</ele></trkpt>
   <trkpt lon="-4.125065" lat="36.831235"><ele>69.5</ele></trkpt>
   <trkpt lon="-4.124975" lat="36.831167"><ele>69.2</ele></trkpt>
   <trkpt lon="-4.124950" lat="36.831125"><ele>69.7</ele></trkpt>
   <trkpt lon="-4.124769" lat="36.830815"><ele>76.3</ele></trkpt>
   <trkpt lon="-4.124566" lat="36.830469"><ele>83.0</ele></trkpt>
   <trkpt lon="-4.124401" lat="36.830096"><ele>86.8</ele></trkpt>
   <trkpt lon="-4.124418" lat="36.829358"><ele>87.2</ele></trkpt>
   <trkpt lon="-4.124459" lat="36.827602"><ele>85.8</ele></trkpt>
   <trkpt lon="-4.124455" lat="36.827275"><ele>89.1</ele></trkpt>
   <trkpt lon="-4.124435" lat="36.826150"><ele>93.9</ele></trkpt>
   <trkpt lon="-4.124359" lat="36.825556"><ele>104.9</ele></trkpt>
   <trkpt lon="-4.124355" lat="36.825334"><ele>107.4</ele></trkpt>
   <trkpt lon="-4.124377" lat="36.825201"><ele>107.2</ele></trkpt>
   <trkpt lon="-4.124424" lat="36.825067"><ele>105.9</ele></trkpt>
   <trkpt lon="-4.124621" lat="36.824746"><ele>97.5</ele></trkpt>
   <trkpt lon="-4.124872" lat="36.824403"><ele>90.1</ele></trkpt>
   <trkpt lon="-4.126291" lat="36.823401"><ele>83.0</ele></trkpt>
   <trkpt lon="-4.126453" lat="36.823278"><ele>81.0</ele></trkpt>
   <trkpt lon="-4.126591" lat="36.823154"><ele>78.5</ele></trkpt>
   <trkpt lon="-4.126658" lat="36.823048"><ele>77.6</ele></trkpt>
   <trkpt lon="-4.126701" lat="36.822926"><ele>76.8</ele></trkpt>
   <trkpt lon="-4.126706" lat="36.822710"><ele>76.1</ele></trkpt>
   <trkpt lon="-4.126725" lat="36.822572"><ele>75.4</ele></trkpt>
   <trkpt lon="-4.126820" lat="36.822382"><ele>73.7</ele></trkpt>
   <trkpt lon="-4.127078" lat="36.822141"><ele>72.3</ele></trkpt>
   <trkpt lon="-4.127219" lat="36.821832"><ele>72.2</ele></trkpt>
   <trkpt lon="-4.127304" lat="36.821403"><ele>70.2</ele></trkpt>
   <trkpt lon="-4.127304" lat="36.820738"><ele>68.0</ele></trkpt>
   <trkpt lon="-4.127222" lat="36.820410"><ele>67.0</ele></trkpt>
   <trkpt lon="-4.126843" lat="36.819725"><ele>59.0</ele></trkpt>
   <trkpt lon="-4.126628" lat="36.819408"><ele>58.2</ele></trkpt>
   <trkpt lon="-4.126176" lat="36.818743"><ele>56.7</ele></trkpt>
   <trkpt lon="-4.126024" lat="36.818585"><ele>55.5</ele></trkpt>
   <trkpt lon="-4.125819" lat="36.818492"><ele>55.3</ele></trkpt>
   <trkpt lon="-4.125080" lat="36.818213"><ele>56.5</ele></trkpt>
   <trkpt lon="-4.124961" lat="36.818142"><ele>57.1</ele></trkpt>
   <trkpt lon="-4.124861" lat="36.818045"><ele>57.5</ele></trkpt>
   <trkpt lon="-4.124608" lat="36.817498"><ele>58.3</ele></trkpt>
   <trkpt lon="-4.124262" lat="36.816393"><ele>58.5</ele></trkpt>
   <trkpt lon="-4.124270" lat="36.816104"><ele>58.5</ele></trkpt>
   <trkpt lon="-4.124329" lat="36.815681"><ele>60.7</ele></trkpt>
   <trkpt lon="-4.124414" lat="36.814981"><ele>68.4</ele></trkpt>
   <trkpt lon="-4.124487" lat="36.814860"><ele>69.8</ele></trkpt>
   <trkpt lon="-4.124895" lat="36.814574"><ele>67.9</ele></trkpt>
   <trkpt lon="-4.125319" lat="36.814155"><ele>63.1</ele></trkpt>
   <trkpt lon="-4.125356" lat="36.814081"><ele>62.6</ele></trkpt>
   <trkpt lon="-4.125363" lat="36.813994"><ele>62.7</ele></trkpt>
   <trkpt lon="-4.125318" lat="36.813811"><ele>64.1</ele></trkpt>
   <trkpt lon="-4.125328" lat="36.813694"><ele>64.1</ele></trkpt>
   <trkpt lon="-4.125370" lat="36.813614"><ele>63.3</ele></trkpt>
   <trkpt lon="-4.125516" lat="36.813403"><ele>60.5</ele></trkpt>
   <trkpt lon="-4.125542" lat="36.813309"><ele>59.2</ele></trkpt>
   <trkpt lon="-4.125541" lat="36.813231"><ele>58.5</ele></trkpt>
   <trkpt lon="-4.125507" lat="36.813149"><ele>58.1</ele></trkpt>
   <trkpt lon="-4.125319" lat="36.812988"><ele>58.3</ele></trkpt>
   <trkpt lon="-4.125239" lat="36.812852"><ele>58.3</ele></trkpt>
   <trkpt lon="-4.125187" lat="36.812691"><ele>57.3</ele></trkpt>
   <trkpt lon="-4.125190" lat="36.812574"><ele>55.4</ele></trkpt>
   <trkpt lon="-4.125254" lat="36.812414"><ele>52.1</ele></trkpt>
   <trkpt lon="-4.125254" lat="36.812306"><ele>50.1</ele></trkpt>
   <trkpt lon="-4.125233" lat="36.812237"><ele>49.0</ele></trkpt>
   <trkpt lon="-4.125168" lat="36.812179"><ele>48.4</ele></trkpt>
   <trkpt lon="-4.125047" lat="36.812126"><ele>48.1</ele></trkpt>
   <trkpt lon="-4.124606" lat="36.812037"><ele>53.1</ele></trkpt>
   <trkpt lon="-4.124458" lat="36.811961"><ele>56.6</ele></trkpt>
   <trkpt lon="-4.124345" lat="36.811850"><ele>58.5</ele></trkpt>
   <trkpt lon="-4.124287" lat="36.811711"><ele>58.4</ele></trkpt>
   <trkpt lon="-4.124266" lat="36.811336"><ele>55.5</ele></trkpt>
   <trkpt lon="-4.124252" lat="36.810955"><ele>53.6</ele></trkpt>
   <trkpt lon="-4.124224" lat="36.810333"><ele>47.7</ele></trkpt>
   <trkpt lon="-4.124247" lat="36.810143"><ele>47.4</ele></trkpt>
   <trkpt lon="-4.124393" lat="36.809847"><ele>46.9</ele></trkpt>
   <trkpt lon="-4.124468" lat="36.809731"><ele>46.5</ele></trkpt>
   <trkpt lon="-4.124523" lat="36.809488"><ele>45.6</ele></trkpt>
   <trkpt lon="-4.124524" lat="36.809316"><ele>45.0</ele></trkpt>
   <trkpt lon="-4.124492" lat="36.809173"><ele>44.7</ele></trkpt>
   <trkpt lon="-4.124472" lat="36.809081"><ele>44.5</ele></trkpt>
   <trkpt lon="-4.124460" lat="36.809024"><ele>44.3</ele></trkpt>
   <trkpt lon="-4.124425" lat="36.808865"><ele>44.5</ele></trkpt>
   <trkpt lon="-4.124412" lat="36.808743"><ele>44.9</ele></trkpt>
   <trkpt lon="-4.124410" lat="36.808533"><ele>45.4</ele></trkpt>
   <trkpt lon="-4.124419" lat="36.807379"><ele>45.2</ele></trkpt>
   <trkpt lon="-4.124349" lat="36.807135"><ele>44.6</ele></trkpt>
   <trkpt lon="-4.124179" lat="36.806349"><ele>43.6</ele></trkpt>
   <trkpt lon="-4.124166" lat="36.806241"><ele>44.0</ele></trkpt>
   <trkpt lon="-4.124169" lat="36.806133"><ele>44.6</ele></trkpt>
   <trkpt lon="-4.124269" lat="36.805506"><ele>46.2</ele></trkpt>
   <trkpt lon="-4.124196" lat="36.805001"><ele>43.8</ele></trkpt>
   <trkpt lon="-4.124202" lat="36.804818"><ele>42.6</ele></trkpt>
   <trkpt lon="-4.124240" lat="36.804608"><ele>41.6</ele></trkpt>
   <trkpt lon="-4.124263" lat="36.804501"><ele>41.3</ele></trkpt>
   <trkpt lon="-4.124336" lat="36.804093"><ele>40.6</ele></trkpt>
   <trkpt lon="-4.124336" lat="36.803963"><ele>40.2</ele></trkpt>
   <trkpt lon="-4.124313" lat="36.803828"><ele>39.9</ele></trkpt>
   <trkpt lon="-4.123755" lat="36.802313"><ele>38.1</ele></trkpt>
   <trkpt lon="-4.123566" lat="36.802055"><ele>37.5</ele></trkpt>
   <trkpt lon="-4.122708" lat="36.801321"><ele>38.2</ele></trkpt>
   <trkpt lon="-4.122601" lat="36.801172"><ele>39.0</ele></trkpt>
   <trkpt lon="-4.122180" lat="36.800072"><ele>38.4</ele></trkpt>
   <trkpt lon="-4.122295" lat="36.800006"><ele>37.5</ele></trkpt>
   <trkpt lon="-4.122341" lat="36.799899"><ele>36.9</ele></trkpt>
   <trkpt lon="-4.122301" lat="36.799791"><ele>36.8</ele></trkpt>
   <trkpt lon="-4.122190" lat="36.799721"><ele>37.3</ele></trkpt>
   <trkpt lon="-4.122049" lat="36.799716"><ele>38.1</ele></trkpt>
   <trkpt lon="-4.121835" lat="36.799152"><ele>37.2</ele></trkpt>
   <trkpt lon="-4.121662" lat="36.798682"><ele>37.1</ele></trkpt>
   <trkpt lon="-4.121411" lat="36.798057"><ele>40.0</ele></trkpt>
   <trkpt lon="-4.121267" lat="36.796665"><ele>37.8</ele></trkpt>
   <trkpt lon="-4.121079" lat="36.795717"><ele>36.1</ele></trkpt>
   <trkpt lon="-4.120832" lat="36.794471"><ele>35.0</ele></trkpt>
   <trkpt lon="-4.120775" lat="36.793743"><ele>34.1</ele></trkpt>
   <trkpt lon="-4.120674" lat="36.793461"><ele>33.8</ele></trkpt>
   <trkpt lon="-4.119945" lat="36.792175"><ele>34.3</ele></trkpt>
   <trkpt lon="-4.119809" lat="36.792040"><ele>33.6</ele></trkpt>
   <trkpt lon="-4.119691" lat="36.791935"><ele>32.6</ele></trkpt>
   <trkpt lon="-4.119458" lat="36.791838"><ele>31.5</ele></trkpt>
   <trkpt lon="-4.118712" lat="36.791637"><ele>31.4</ele></trkpt>
   <trkpt lon="-4.118528" lat="36.791556"><ele>30.9</ele></trkpt>
   <trkpt lon="-4.118416" lat="36.791476"><ele>30.4</ele></trkpt>
   <trkpt lon="-4.118343" lat="36.791373"><ele>29.8</ele></trkpt>
   <trkpt lon="-4.118307" lat="36.791261"><ele>29.1</ele></trkpt>
   <trkpt lon="-4.118305" lat="36.790355"><ele>28.4</ele></trkpt>
   <trkpt lon="-4.118285" lat="36.789242"><ele>28.0</ele></trkpt>
   <trkpt lon="-4.118275" lat="36.789108"><ele>28.0</ele></trkpt>
   <trkpt lon="-4.118188" lat="36.788825"><ele>28.0</ele></trkpt>
   <trkpt lon="-4.118128" lat="36.788704"><ele>28.1</ele></trkpt>
   <trkpt lon="-4.118078" lat="36.788628"><ele>28.1</ele></trkpt>
   <trkpt lon="-4.118027" lat="36.788575"><ele>28.1</ele></trkpt>
   <trkpt lon="-4.117926" lat="36.788508"><ele>28.0</ele></trkpt>
   <trkpt lon="-4.117819" lat="36.788454"><ele>27.8</ele></trkpt>
   <trkpt lon="-4.117157" lat="36.788214"><ele>28.1</ele></trkpt>
   <trkpt lon="-4.116638" lat="36.788050"><ele>28.1</ele></trkpt>
   <trkpt lon="-4.116444" lat="36.787959"><ele>28.4</ele></trkpt>
   <trkpt lon="-4.116361" lat="36.787909"><ele>28.5</ele></trkpt>
   <trkpt lon="-4.116266" lat="36.787819"><ele>28.6</ele></trkpt>
   <trkpt lon="-4.116164" lat="36.787682"><ele>28.9</ele></trkpt>
   <trkpt lon="-4.116019" lat="36.787426"><ele>29.1</ele></trkpt>
   <trkpt lon="-4.115617" lat="36.786601"><ele>28.9</ele></trkpt>
   <trkpt lon="-4.115524" lat="36.786516"><ele>28.3</ele></trkpt>
   <trkpt lon="-4.115369" lat="36.786374"><ele>27.9</ele></trkpt>
   <trkpt lon="-4.113918" lat="36.785348"><ele>29.0</ele></trkpt>
   <trkpt lon="-4.113497" lat="36.785068"><ele>29.1</ele></trkpt>
   <trkpt lon="-4.112698" lat="36.784474"><ele>29.2</ele></trkpt>
   <trkpt lon="-4.112618" lat="36.784401"><ele>28.9</ele></trkpt>
   <trkpt lon="-4.112453" lat="36.784165"><ele>28.1</ele></trkpt>
   <trkpt lon="-4.112416" lat="36.784090"><ele>27.9</ele></trkpt>
   <trkpt lon="-4.112388" lat="36.784006"><ele>27.9</ele></trkpt>
   <trkpt lon="-4.112364" lat="36.783912"><ele>28.0</ele></trkpt>
   <trkpt lon="-4.112326" lat="36.783725"><ele>28.0</ele></trkpt>
   <trkpt lon="-4.112332" lat="36.783673"><ele>27.8</ele></trkpt>
   <trkpt lon="-4.112383" lat="36.783570"><ele>27.5</ele></trkpt>
   <trkpt lon="-4.112430" lat="36.783397"><ele>27.0</ele></trkpt>
   <trkpt lon="-4.112436" lat="36.783313"><ele>27.0</ele></trkpt>
   <trkpt lon="-4.112487" lat="36.783138"><ele>27.0</ele></trkpt>
   <trkpt lon="-4.112522" lat="36.782927"><ele>27.0</ele></trkpt>
   <trkpt lon="-4.112549" lat="36.782720"><ele>27.0</ele></trkpt>
   <trkpt lon="-4.112586" lat="36.782686"><ele>27.0</ele></trkpt>
   <trkpt lon="-4.112598" lat="36.782643"><ele>27.0</ele></trkpt>
   <trkpt lon="-4.112584" lat="36.782600"><ele>27.0</ele></trkpt>
   <trkpt lon="-4.112550" lat="36.782569"><ele>27.0</ele></trkpt>
   <trkpt lon="-4.112506" lat="36.782555"><ele>27.0</ele></trkpt>
   <trkpt lon="-4.112463" lat="36.782554"><ele>27.0</ele></trkpt>
   <trkpt lon="-4.111553" lat="36.782005"><ele>28.0</ele></trkpt>
   <trkpt lon="-4.110869" lat="36.781585"><ele>29.2</ele></trkpt>
   <trkpt lon="-4.109684" lat="36.780881"><ele>28.0</ele></trkpt>
   <trkpt lon="-4.109480" lat="36.780801"><ele>28.4</ele></trkpt>
   <trkpt lon="-4.109465" lat="36.780755"><ele>28.5</ele></trkpt>
   <trkpt lon="-4.109440" lat="36.780713"><ele>28.6</ele></trkpt>
   <trkpt lon="-4.109420" lat="36.780690"><ele>28.6</ele></trkpt>
   <trkpt lon="-4.109369" lat="36.780651"><ele>27.8</ele></trkpt>
   <trkpt lon="-4.109304" lat="36.780622"><ele>28.1</ele></trkpt>
   <trkpt lon="-4.109231" lat="36.780607"><ele>28.5</ele></trkpt>
   <trkpt lon="-4.109147" lat="36.780609"><ele>28.9</ele></trkpt>
   <trkpt lon="-4.109068" lat="36.780630"><ele>29.3</ele></trkpt>
   <trkpt lon="-4.109000" lat="36.780669"><ele>29.8</ele></trkpt>
   <trkpt lon="-4.108971" lat="36.780695"><ele>29.9</ele></trkpt>
   <trkpt lon="-4.108937" lat="36.780742"><ele>30.0</ele></trkpt>
   <trkpt lon="-4.108917" lat="36.780795"><ele>30.0</ele></trkpt>
   <trkpt lon="-4.108917" lat="36.780871"><ele>30.0</ele></trkpt>
   <trkpt lon="-4.108792" lat="36.780883"><ele>30.0</ele></trkpt>
   <trkpt lon="-4.107934" lat="36.780890"><ele>32.9</ele></trkpt>
   <trkpt lon="-4.106982" lat="36.780898"><ele>34.8</ele></trkpt>
   <trkpt lon="-4.106397" lat="36.780878"><ele>37.5</ele></trkpt>
   <trkpt lon="-4.106019" lat="36.780865"><ele>38.6</ele></trkpt>
   <trkpt lon="-4.105918" lat="36.780856"><ele>38.9</ele></trkpt>
   <trkpt lon="-4.105724" lat="36.780844"><ele>39.4</ele></trkpt>
   <trkpt lon="-4.104998" lat="36.780768"><ele>42.1</ele></trkpt>
   <trkpt lon="-4.104953" lat="36.780760"><ele>42.4</ele></trkpt>
   <trkpt lon="-4.104796" lat="36.780735"><ele>43.3</ele></trkpt>
   <trkpt lon="-4.104736" lat="36.780732"><ele>43.7</ele></trkpt>
   <trkpt lon="-4.104645" lat="36.780735"><ele>44.2</ele></trkpt>
   <trkpt lon="-4.104543" lat="36.780758"><ele>44.8</ele></trkpt>
   <trkpt lon="-4.104357" lat="36.780847"><ele>46.8</ele></trkpt>
   <trkpt lon="-4.104292" lat="36.780877"><ele>47.5</ele></trkpt>
   <trkpt lon="-4.104163" lat="36.781188"><ele>48.5</ele></trkpt>
   <trkpt lon="-4.103891" lat="36.781080"><ele>50.8</ele></trkpt>
   <trkpt lon="-4.103534" lat="36.780926"><ele>52.7</ele></trkpt>
   <trkpt lon="-4.103349" lat="36.780866"><ele>54.6</ele></trkpt>
   <trkpt lon="-4.103200" lat="36.780831"><ele>56.3</ele></trkpt>
   <trkpt lon="-4.103131" lat="36.780833"><ele>57.1</ele></trkpt>
   <trkpt lon="-4.102981" lat="36.780870"><ele>58.0</ele></trkpt>
   <trkpt lon="-4.102588" lat="36.780984"><ele>59.6</ele></trkpt>
   <trkpt lon="-4.102452" lat="36.781010"><ele>60.1</ele></trkpt>
   <trkpt lon="-4.101839" lat="36.781182"><ele>61.5</ele></trkpt>
   <trkpt lon="-4.101790" lat="36.781210"><ele>61.9</ele></trkpt>
   <trkpt lon="-4.101541" lat="36.781360"><ele>63.1</ele></trkpt>
   <trkpt lon="-4.100937" lat="36.780971"><ele>65.9</ele></trkpt>
   <trkpt lon="-4.101086" lat="36.780816"><ele>64.1</ele></trkpt>
   <trkpt lon="-4.101138" lat="36.780750"><ele>63.6</ele></trkpt>
   <trkpt lon="-4.101104" lat="36.780727"><ele>63.9</ele></trkpt>
   <trkpt lon="-4.101070" lat="36.780691"><ele>64.3</ele></trkpt>
   <trkpt lon="-4.100964" lat="36.780538"><ele>59.3</ele></trkpt>
   <trkpt lon="-4.100925" lat="36.780547"><ele>59.9</ele></trkpt>
   <trkpt lon="-4.100635" lat="36.780508"><ele>64.1</ele></trkpt>
   <trkpt lon="-4.100300" lat="36.780518"><ele>70.6</ele></trkpt>
   <trkpt lon="-4.100188" lat="36.780531"><ele>72.6</ele></trkpt>
   <trkpt lon="-4.100172" lat="36.780467"><ele>72.2</ele></trkpt>
   <trkpt lon="-4.100159" lat="36.780293"><ele>70.2</ele></trkpt>
   <trkpt lon="-4.100115" lat="36.780185"><ele>68.0</ele></trkpt>
   <trkpt lon="-4.100062" lat="36.780121"><ele>67.0</ele></trkpt>
   <trkpt lon="-4.099959" lat="36.780034"><ele>66.2</ele></trkpt>
   <trkpt lon="-4.099796" lat="36.779964"><ele>66.9</ele></trkpt>
   <trkpt lon="-4.099612" lat="36.779909"><ele>68.2</ele></trkpt>
   <trkpt lon="-4.099550" lat="36.779879"><ele>68.3</ele></trkpt>
   <trkpt lon="-4.099525" lat="36.779841"><ele>67.9</ele></trkpt>
   <trkpt lon="-4.099477" lat="36.779722"><ele>66.0</ele></trkpt>
   <trkpt lon="-4.099412" lat="36.779658"><ele>65.4</ele></trkpt>
   <trkpt lon="-4.099354" lat="36.779621"><ele>65.2</ele></trkpt>
   <trkpt lon="-4.099279" lat="36.779587"><ele>65.5</ele></trkpt>
   <trkpt lon="-4.099414" lat="36.779413"><ele>62.8</ele></trkpt>
   <trkpt lon="-4.099495" lat="36.779334"><ele>61.5</ele></trkpt>
   <trkpt lon="-4.099646" lat="36.779224"><ele>59.3</ele></trkpt>
   <trkpt lon="-4.099492" lat="36.779027"><ele>59.0</ele></trkpt>
   <trkpt lon="-4.099139" lat="36.778575"><ele>56.7</ele></trkpt>
   <trkpt lon="-4.099142" lat="36.778508"><ele>56.1</ele></trkpt>
   <trkpt lon="-4.099133" lat="36.778430"><ele>55.5</ele></trkpt>
   <trkpt lon="-4.099155" lat="36.778375"><ele>55.0</ele></trkpt>
   <trkpt lon="-4.099182" lat="36.778341"><ele>54.6</ele></trkpt>
   <trkpt lon="-4.099268" lat="36.778281"><ele>54.1</ele></trkpt>
   <trkpt lon="-4.099823" lat="36.778178"><ele>53.2</ele></trkpt>
   <trkpt lon="-4.099946" lat="36.778155"><ele>53.0</ele></trkpt>
   <trkpt lon="-4.100295" lat="36.778118"><ele>52.3</ele></trkpt>
   <trkpt lon="-4.100332" lat="36.778123"><ele>52.3</ele></trkpt>
   <trkpt lon="-4.100358" lat="36.778141"><ele>52.4</ele></trkpt>
   <trkpt lon="-4.100385" lat="36.778179"><ele>52.5</ele></trkpt>
   <trkpt lon="-4.100426" lat="36.778426"><ele>52.9</ele></trkpt>
   <trkpt lon="-4.100446" lat="36.778549"><ele>52.8</ele></trkpt>
   <trkpt lon="-4.100442" lat="36.778581"><ele>52.8</ele></trkpt>
   <trkpt lon="-4.100453" lat="36.778612"><ele>52.8</ele></trkpt>
   <trkpt lon="-4.100474" lat="36.778640"><ele>52.7</ele></trkpt>
   <trkpt lon="-4.100505" lat="36.778662"><ele>52.5</ele></trkpt>
   <trkpt lon="-4.100542" lat="36.778676"><ele>52.3</ele></trkpt>
   <trkpt lon="-4.100582" lat="36.778681"><ele>52.1</ele></trkpt>
   <trkpt lon="-4.100618" lat="36.778677"><ele>51.9</ele></trkpt>
   <trkpt lon="-4.100652" lat="36.778665"><ele>51.7</ele></trkpt>
   <trkpt lon="-4.100680" lat="36.778647"><ele>51.5</ele></trkpt>
   <trkpt lon="-4.100706" lat="36.778616"><ele>51.3</ele></trkpt>
   <trkpt lon="-4.100718" lat="36.778581"><ele>51.2</ele></trkpt>
   <trkpt lon="-4.100715" lat="36.778544"><ele>51.2</ele></trkpt>
   <trkpt lon="-4.100696" lat="36.778510"><ele>51.3</ele></trkpt>
   <trkpt lon="-4.100662" lat="36.778479"><ele>51.5</ele></trkpt>
   <trkpt lon="-4.100590" lat="36.778460"><ele>52.0</ele></trkpt>
   <trkpt lon="-4.100539" lat="36.778437"><ele>52.3</ele></trkpt>
   <trkpt lon="-4.100494" lat="36.778382"><ele>52.5</ele></trkpt>
   <trkpt lon="-4.100471" lat="36.778317"><ele>52.7</ele></trkpt>
   <trkpt lon="-4.100392" lat="36.777920"><ele>51.0</ele></trkpt>
   <trkpt lon="-4.100361" lat="36.777772"><ele>50.1</ele></trkpt>
   <trkpt lon="-4.100332" lat="36.777688"><ele>49.6</ele></trkpt>
   <trkpt lon="-4.100296" lat="36.777374"><ele>48.4</ele></trkpt>
   <trkpt lon="-4.100287" lat="36.777212"><ele>47.9</ele></trkpt>
   <trkpt lon="-4.100226" lat="36.776824"><ele>46.8</ele></trkpt>
   <trkpt lon="-4.100217" lat="36.776260"><ele>46.0</ele></trkpt>
   <trkpt lon="-4.100241" lat="36.776242"><ele>46.0</ele></trkpt>
   <trkpt lon="-4.100256" lat="36.776219"><ele>46.0</ele></trkpt>
   <trkpt lon="-4.100263" lat="36.776194"><ele>46.0</ele></trkpt>
   <trkpt lon="-4.100261" lat="36.776168"><ele>45.9</ele></trkpt>
   <trkpt lon="-4.100309" lat="36.776144"><ele>45.9</ele></trkpt>
   <trkpt lon="-4.100365" lat="36.776133"><ele>45.8</ele></trkpt>
   <trkpt lon="-4.100878" lat="36.776096"><ele>45.6</ele></trkpt>
   <trkpt lon="-4.101520" lat="36.776051"><ele>44.9</ele></trkpt>
   <trkpt lon="-4.101952" lat="36.776020"><ele>43.9</ele></trkpt>
   <trkpt lon="-4.102186" lat="36.776001"><ele>43.2</ele></trkpt>
   <trkpt lon="-4.102460" lat="36.775978"><ele>42.6</ele></trkpt>
   <trkpt lon="-4.102556" lat="36.775972"><ele>42.3</ele></trkpt>
   <trkpt lon="-4.102910" lat="36.775951"><ele>40.8</ele></trkpt>
   <trkpt lon="-4.103215" lat="36.775943"><ele>39.2</ele></trkpt>
   <trkpt lon="-4.103312" lat="36.775944"><ele>38.9</ele></trkpt>
   <trkpt lon="-4.103350" lat="36.775976"><ele>39.0</ele></trkpt>
   <trkpt lon="-4.103376" lat="36.775984"><ele>39.0</ele></trkpt>
   <trkpt lon="-4.103404" lat="36.775985"><ele>38.9</ele></trkpt>
   <trkpt lon="-4.103432" lat="36.775979"><ele>38.8</ele></trkpt>
   <trkpt lon="-4.103456" lat="36.775966"><ele>38.6</ele></trkpt>
   <trkpt lon="-4.103484" lat="36.775926"><ele>38.3</ele></trkpt>
   <trkpt lon="-4.103485" lat="36.775902"><ele>38.1</ele></trkpt>
   <trkpt lon="-4.103463" lat="36.775864"><ele>38.0</ele></trkpt>
   <trkpt lon="-4.103443" lat="36.775850"><ele>38.0</ele></trkpt>
   <trkpt lon="-4.103418" lat="36.775842"><ele>38.1</ele></trkpt>
   <trkpt lon="-4.103420" lat="36.775798"><ele>38.0</ele></trkpt>
   <trkpt lon="-4.103422" lat="36.775752"><ele>37.8</ele></trkpt>
   <trkpt lon="-4.103436" lat="36.775356"><ele>36.6</ele></trkpt>
   <trkpt lon="-4.103440" lat="36.775248"><ele>36.3</ele></trkpt>
   <trkpt lon="-4.103439" lat="36.775049"><ele>35.7</ele></trkpt>
   <trkpt lon="-4.103440" lat="36.774993"><ele>35.5</ele></trkpt>
   <trkpt lon="-4.103439" lat="36.774958"><ele>35.5</ele></trkpt>
   <trkpt lon="-4.103439" lat="36.774835"><ele>35.1</ele></trkpt>
   <trkpt lon="-4.103428" lat="36.774366"><ele>35.2</ele></trkpt>
   <trkpt lon="-4.103428" lat="36.774296"><ele>35.2</ele></trkpt>
   <trkpt lon="-4.103465" lat="36.774240"><ele>35.1</ele></trkpt>
   <trkpt lon="-4.103594" lat="36.774113"><ele>35.0</ele></trkpt>
   <trkpt lon="-4.103610" lat="36.774112"><ele>34.9</ele></trkpt>
   <trkpt lon="-4.103690" lat="36.774094"><ele>34.9</ele></trkpt>
   <trkpt lon="-4.103761" lat="36.774057"><ele>34.7</ele></trkpt>
   <trkpt lon="-4.103820" lat="36.774001"><ele>34.5</ele></trkpt>
   <trkpt lon="-4.103850" lat="36.773949"><ele>34.3</ele></trkpt>
   <trkpt lon="-4.103863" lat="36.773892"><ele>34.1</ele></trkpt>
   <trkpt lon="-4.103859" lat="36.773835"><ele>33.9</ele></trkpt>
   <trkpt lon="-4.103832" lat="36.773769"><ele>34.0</ele></trkpt>
   <trkpt lon="-4.103781" lat="36.773712"><ele>34.1</ele></trkpt>
   <trkpt lon="-4.103818" lat="36.773621"><ele>34.0</ele></trkpt>
   <trkpt lon="-4.104366" lat="36.772701"><ele>31.3</ele></trkpt>
   <trkpt lon="-4.104839" lat="36.771891"><ele>30.0</ele></trkpt>
   <trkpt lon="-4.104892" lat="36.771801"><ele>30.0</ele></trkpt>
   <trkpt lon="-4.104952" lat="36.771773"><ele>30.0</ele></trkpt>
   <trkpt lon="-4.104993" lat="36.771728"><ele>30.2</ele></trkpt>
   <trkpt lon="-4.105007" lat="36.771673"><ele>30.4</ele></trkpt>
   <trkpt lon="-4.104996" lat="36.771624"><ele>30.5</ele></trkpt>
   <trkpt lon="-4.105064" lat="36.771493"><ele>30.6</ele></trkpt>
   <trkpt lon="-4.105599" lat="36.770569"><ele>32.2</ele></trkpt>
   <trkpt lon="-4.106034" lat="36.769816"><ele>30.6</ele></trkpt>
   <trkpt lon="-4.106051" lat="36.769788"><ele>30.6</ele></trkpt>
   <trkpt lon="-4.106111" lat="36.769688"><ele>30.7</ele></trkpt>
   <trkpt lon="-4.106138" lat="36.769640"><ele>30.8</ele></trkpt>
   <trkpt lon="-4.106349" lat="36.769273"><ele>30.8</ele></trkpt>
   <trkpt lon="-4.106357" lat="36.769251"><ele>30.8</ele></trkpt>
   <trkpt lon="-4.106383" lat="36.769177"><ele>30.7</ele></trkpt>
   <trkpt lon="-4.106454" lat="36.769177"><ele>30.8</ele></trkpt>
   <trkpt lon="-4.106523" lat="36.769163"><ele>30.9</ele></trkpt>
   <trkpt lon="-4.106586" lat="36.769137"><ele>31.1</ele></trkpt>
   <trkpt lon="-4.106639" lat="36.769099"><ele>31.2</ele></trkpt>
   <trkpt lon="-4.106666" lat="36.769068"><ele>31.3</ele></trkpt>
   <trkpt lon="-4.106722" lat="36.768960"><ele>31.5</ele></trkpt>
   <trkpt lon="-4.106701" lat="36.768880"><ele>31.4</ele></trkpt>
   <trkpt lon="-4.106672" lat="36.768825"><ele>31.3</ele></trkpt>
   <trkpt lon="-4.106612" lat="36.768766"><ele>31.2</ele></trkpt>
   <trkpt lon="-4.106590" lat="36.768699"><ele>31.1</ele></trkpt>
   <trkpt lon="-4.106591" lat="36.768575"><ele>31.1</ele></trkpt>
   <trkpt lon="-4.106599" lat="36.768555"><ele>31.1</ele></trkpt>
   <trkpt lon="-4.106748" lat="36.768159"><ele>31.6</ele></trkpt>
   <trkpt lon="-4.106897" lat="36.767763"><ele>31.2</ele></trkpt>
   <trkpt lon="-4.106945" lat="36.767648"><ele>30.9</ele></trkpt>
   <trkpt lon="-4.107057" lat="36.767378"><ele>30.1</ele></trkpt>
   <trkpt lon="-4.107151" lat="36.767212"><ele>29.2</ele></trkpt>
   <trkpt lon="-4.107292" lat="36.766999"><ele>28.1</ele></trkpt>
   <trkpt lon="-4.107391" lat="36.766817"><ele>28.7</ele></trkpt>
   <trkpt lon="-4.107416" lat="36.766785"><ele>28.8</ele></trkpt>
   <trkpt lon="-4.107491" lat="36.766686"><ele>29.4</ele></trkpt>
   <trkpt lon="-4.107722" lat="36.766380"><ele>30.4</ele></trkpt>
   <trkpt lon="-4.107869" lat="36.766186"><ele>30.4</ele></trkpt>
   <trkpt lon="-4.107985" lat="36.766035"><ele>30.0</ele></trkpt>
   <trkpt lon="-4.108284" lat="36.765527"><ele>27.6</ele></trkpt>
   <trkpt lon="-4.108407" lat="36.765244"><ele>26.8</ele></trkpt>
   <trkpt lon="-4.108470" lat="36.764585"><ele>24.4</ele></trkpt>
   <trkpt lon="-4.108488" lat="36.764232"><ele>24.4</ele></trkpt>
   <trkpt lon="-4.108542" lat="36.763698"><ele>23.0</ele></trkpt>
   <trkpt lon="-4.108563" lat="36.763372"><ele>21.5</ele></trkpt>
   <trkpt lon="-4.108557" lat="36.763261"><ele>21.2</ele></trkpt>
   <trkpt lon="-4.108549" lat="36.762781"><ele>19.1</ele></trkpt>
   <trkpt lon="-4.108521" lat="36.762586"><ele>19.0</ele></trkpt>
   <trkpt lon="-4.108522" lat="36.762546"><ele>19.0</ele></trkpt>
   <trkpt lon="-4.108511" lat="36.762271"><ele>18.8</ele></trkpt>
   <trkpt lon="-4.108490" lat="36.761979"><ele>18.2</ele></trkpt>
   <trkpt lon="-4.108441" lat="36.761794"><ele>17.9</ele></trkpt>
   <trkpt lon="-4.108345" lat="36.761592"><ele>17.4</ele></trkpt>
   <trkpt lon="-4.108246" lat="36.761409"><ele>16.6</ele></trkpt>
   <trkpt lon="-4.108187" lat="36.761226"><ele>15.9</ele></trkpt>
   <trkpt lon="-4.108170" lat="36.761059"><ele>16.0</ele></trkpt>
   <trkpt lon="-4.108185" lat="36.760828"><ele>16.5</ele></trkpt>
   <trkpt lon="-4.108280" lat="36.760343"><ele>16.5</ele></trkpt>
   <trkpt lon="-4.108326" lat="36.760204"><ele>16.3</ele></trkpt>
   <trkpt lon="-4.108404" lat="36.760094"><ele>16.3</ele></trkpt>
   <trkpt lon="-4.108508" lat="36.759991"><ele>16.3</ele></trkpt>
   <trkpt lon="-4.108811" lat="36.759770"><ele>16.0</ele></trkpt>
   <trkpt lon="-4.108924" lat="36.759699"><ele>16.0</ele></trkpt>
   <trkpt lon="-4.109326" lat="36.759535"><ele>16.1</ele></trkpt>
   <trkpt lon="-4.109453" lat="36.759471"><ele>15.5</ele></trkpt>
   <trkpt lon="-4.109552" lat="36.759409"><ele>15.2</ele></trkpt>
   <trkpt lon="-4.109654" lat="36.759299"><ele>15.0</ele></trkpt>
   <trkpt lon="-4.109816" lat="36.759057"><ele>15.0</ele></trkpt>
   <trkpt lon="-4.109959" lat="36.758843"><ele>15.0</ele></trkpt>
   <trkpt lon="-4.110209" lat="36.758338"><ele>14.7</ele></trkpt>
   <trkpt lon="-4.110247" lat="36.758244"><ele>14.5</ele></trkpt>
   <trkpt lon="-4.110283" lat="36.758144"><ele>14.1</ele></trkpt>
   <trkpt lon="-4.110337" lat="36.758015"><ele>13.6</ele></trkpt>
   <trkpt lon="-4.110384" lat="36.757958"><ele>13.3</ele></trkpt>
   <trkpt lon="-4.110569" lat="36.757820"><ele>12.3</ele></trkpt>
   <trkpt lon="-4.110656" lat="36.757786"><ele>12.0</ele></trkpt>
   <trkpt lon="-4.110698" lat="36.757710"><ele>12.3</ele></trkpt>
   <trkpt lon="-4.110266" lat="36.757385"><ele>12.0</ele></trkpt>
   <trkpt lon="-4.110192" lat="36.757300"><ele>11.8</ele></trkpt>
   <trkpt lon="-4.110148" lat="36.757164"><ele>11.6</ele></trkpt>
   <trkpt lon="-4.110157" lat="36.757061"><ele>11.6</ele></trkpt>
   <trkpt lon="-4.110226" lat="36.756949"><ele>12.1</ele></trkpt>
   <trkpt lon="-4.110317" lat="36.756869"><ele>12.7</ele></trkpt>
   <trkpt lon="-4.110436" lat="36.756744"><ele>13.5</ele></trkpt>
   <trkpt lon="-4.110522" lat="36.756660"><ele>14.4</ele></trkpt>
   <trkpt lon="-4.110544" lat="36.756609"><ele>14.8</ele></trkpt>
   <trkpt lon="-4.110544" lat="36.756561"><ele>15.2</ele></trkpt>
   <trkpt lon="-4.110527" lat="36.756528"><ele>15.5</ele></trkpt>
   <trkpt lon="-4.110410" lat="36.756412"><ele>16.7</ele></trkpt>
   <trkpt lon="-4.110364" lat="36.756347"><ele>17.1</ele></trkpt>
   <trkpt lon="-4.110380" lat="36.756187"><ele>17.6</ele></trkpt>
   <trkpt lon="-4.110550" lat="36.755652"><ele>14.4</ele></trkpt>
   <trkpt lon="-4.110593" lat="36.755584"><ele>14.4</ele></trkpt>
   <trkpt lon="-4.110647" lat="36.755522"><ele>14.4</ele></trkpt>
   <trkpt lon="-4.110794" lat="36.755425"><ele>14.2</ele></trkpt>
   <trkpt lon="-4.112215" lat="36.755083"><ele>13.3</ele></trkpt>
   <trkpt lon="-4.112290" lat="36.755054"><ele>13.0</ele></trkpt>
   <trkpt lon="-4.112348" lat="36.754992"><ele>13.0</ele></trkpt>
   <trkpt lon="-4.112410" lat="36.754898"><ele>13.1</ele></trkpt>
   <trkpt lon="-4.112493" lat="36.754731"><ele>13.0</ele></trkpt>
   <trkpt lon="-4.112557" lat="36.754511"><ele>13.0</ele></trkpt>
   <trkpt lon="-4.112603" lat="36.754425"><ele>13.0</ele></trkpt>
   <trkpt lon="-4.112677" lat="36.754314"><ele>12.8</ele></trkpt>
   <trkpt lon="-4.112753" lat="36.754253"><ele>12.7</ele></trkpt>
   <trkpt lon="-4.112841" lat="36.754200"><ele>12.5</ele></trkpt>
   <trkpt lon="-4.112960" lat="36.754151"><ele>12.3</ele></trkpt>
   <trkpt lon="-4.113198" lat="36.754117"><ele>12.3</ele></trkpt>
   <trkpt lon="-4.113154" lat="36.753944"><ele>12.0</ele></trkpt>
   <trkpt lon="-4.113127" lat="36.753662"><ele>11.9</ele></trkpt>
   <trkpt lon="-4.113098" lat="36.753226"><ele>11.1</ele></trkpt>
   <trkpt lon="-4.113111" lat="36.752953"><ele>11.0</ele></trkpt>
   <trkpt lon="-4.113171" lat="36.752480"><ele>11.0</ele></trkpt>
   <trkpt lon="-4.113458" lat="36.750835"><ele>11.0</ele></trkpt>
   <trkpt lon="-4.113515" lat="36.750485"><ele>11.0</ele></trkpt>
   <trkpt lon="-4.113604" lat="36.750000"><ele>10.5</ele></trkpt>
   <trkpt lon="-4.113643" lat="36.749677"><ele>10.8</ele></trkpt>
   <trkpt lon="-4.113661" lat="36.749346"><ele>11.0</ele></trkpt>
   <trkpt lon="-4.113666" lat="36.748810"><ele>10.8</ele></trkpt>
   <trkpt lon="-4.113692" lat="36.748549"><ele>10.1</ele></trkpt>
   <trkpt lon="-4.113700" lat="36.748178"><ele>10.0</ele></trkpt>
   <trkpt lon="-4.113654" lat="36.747655"><ele>10.5</ele></trkpt>
   <trkpt lon="-4.113588" lat="36.747255"><ele>10.6</ele></trkpt>
   <trkpt lon="-4.113579" lat="36.747140"><ele>10.6</ele></trkpt>
   <trkpt lon="-4.113572" lat="36.746897"><ele>10.6</ele></trkpt>
   <trkpt lon="-4.113543" lat="36.746568"><ele>10.9</ele></trkpt>
   <trkpt lon="-4.113550" lat="36.746355"><ele>10.7</ele></trkpt>
   <trkpt lon="-4.113567" lat="36.746215"><ele>10.6</ele></trkpt>
   <trkpt lon="-4.113621" lat="36.746100"><ele>10.5</ele></trkpt>
   <trkpt lon="-4.114097" lat="36.745460"><ele>10.0</ele></trkpt>
   <trkpt lon="-4.114203" lat="36.745289"><ele>9.8</ele></trkpt>
   <trkpt lon="-4.114392" lat="36.744982"><ele>9.5</ele></trkpt>
   <trkpt lon="-4.114559" lat="36.744764"><ele>9.4</ele></trkpt>
   <trkpt lon="-4.114663" lat="36.744649"><ele>9.4</ele></trkpt>
   <trkpt lon="-4.114865" lat="36.744469"><ele>9.3</ele></trkpt>
   <trkpt lon="-4.114895" lat="36.744389"><ele>9.1</ele></trkpt>
   <trkpt lon="-4.114989" lat="36.744122"><ele>8.0</ele></trkpt>
   <trkpt lon="-4.115099" lat="36.743953"><ele>8.0</ele></trkpt>
   <trkpt lon="-4.115223" lat="36.743647"><ele>8.4</ele></trkpt>
   <trkpt lon="-4.115422" lat="36.742974"><ele>8.4</ele></trkpt>
   <trkpt lon="-4.115417" lat="36.742804"><ele>8.8</ele></trkpt>
   <trkpt lon="-4.115386" lat="36.742621"><ele>8.4</ele></trkpt>
   <trkpt lon="-4.115395" lat="36.742424"><ele>7.9</ele></trkpt>
   <trkpt lon="-4.115444" lat="36.741894"><ele>7.5</ele></trkpt>
   <trkpt lon="-4.115528" lat="36.741668"><ele>7.4</ele></trkpt>
   <trkpt lon="-4.115582" lat="36.741571"><ele>7.4</ele></trkpt>
   <trkpt lon="-4.115985" lat="36.741249"><ele>7.7</ele></trkpt>
   <trkpt lon="-4.116061" lat="36.741151"><ele>7.5</ele></trkpt>
   <trkpt lon="-4.116306" lat="36.740720"><ele>7.6</ele></trkpt>
   <trkpt lon="-4.116542" lat="36.740199"><ele>7.5</ele></trkpt>
   <trkpt lon="-4.116659" lat="36.739714"><ele>7.6</ele></trkpt>
   <trkpt lon="-4.116764" lat="36.739716"><ele>8.0</ele></trkpt>
   <trkpt lon="-4.117046" lat="36.739654"><ele>8.7</ele></trkpt>
   <trkpt lon="-4.117230" lat="36.739635"><ele>9.5</ele></trkpt>
   <trkpt lon="-4.118103" lat="36.739690"><ele>11.0</ele></trkpt>
   <trkpt lon="-4.118796" lat="36.739834"><ele>14.4</ele></trkpt>
   <trkpt lon="-4.119734" lat="36.740076"><ele>17.3</ele></trkpt>
   <trkpt lon="-4.120027" lat="36.740090"><ele>19.1</ele></trkpt>
   <trkpt lon="-4.120308" lat="36.739976"><ele>22.3</ele></trkpt>
   <trkpt lon="-4.120608" lat="36.739745"><ele>25.9</ele></trkpt>
   <trkpt lon="-4.121311" lat="36.739268"><ele>26.2</ele></trkpt>
   <trkpt lon="-4.121767" lat="36.738602"><ele>26.9</ele></trkpt>
   <trkpt lon="-4.122060" lat="36.738238"><ele>25.7</ele></trkpt>
   <trkpt lon="-4.122254" lat="36.738024"><ele>26.8</ele></trkpt>
   <trkpt lon="-4.122529" lat="36.737625"><ele>29.8</ele></trkpt>
   <trkpt lon="-4.123000" lat="36.736902"><ele>32.5</ele></trkpt>
   <trkpt lon="-4.123420" lat="36.736259"><ele>37.4</ele></trkpt>
   <trkpt lon="-4.123670" lat="36.735863"><ele>38.2</ele></trkpt>
   <trkpt lon="-4.124306" lat="36.735285"><ele>35.1</ele></trkpt>
   <trkpt lon="-4.124701" lat="36.734860"><ele>32.4</ele></trkpt>
   <trkpt lon="-4.125134" lat="36.734558"><ele>28.1</ele></trkpt>
   <trkpt lon="-4.125625" lat="36.734338"><ele>26.7</ele></trkpt>
   <trkpt lon="-4.126249" lat="36.734143"><ele>25.5</ele></trkpt>
   <trkpt lon="-4.126634" lat="36.733899"><ele>23.2</ele></trkpt>
   <trkpt lon="-4.126691" lat="36.733823"><ele>22.8</ele></trkpt>
   <trkpt lon="-4.126710" lat="36.733777"><ele>22.6</ele></trkpt>
   <trkpt lon="-4.126847" lat="36.733572"><ele>21.6</ele></trkpt>
   <trkpt lon="-4.126975" lat="36.733143"><ele>20.0</ele></trkpt>
   <trkpt lon="-4.127023" lat="36.732976"><ele>19.3</ele></trkpt>
   <trkpt lon="-4.127207" lat="36.732673"><ele>19.7</ele></trkpt>
   <trkpt lon="-4.127544" lat="36.732200"><ele>22.0</ele></trkpt>
   <trkpt lon="-4.127756" lat="36.731997"><ele>20.9</ele></trkpt>
   <trkpt lon="-4.128338" lat="36.731440"><ele>15.6</ele></trkpt>
   <trkpt lon="-4.128631" lat="36.731163"><ele>13.0</ele></trkpt>
   <trkpt lon="-4.128824" lat="36.730995"><ele>11.7</ele></trkpt>
   <trkpt lon="-4.129225" lat="36.730648"><ele>10.4</ele></trkpt>
   <trkpt lon="-4.129477" lat="36.730478"><ele>10.2</ele></trkpt>
   <trkpt lon="-4.129658" lat="36.730184"><ele>9.8</ele></trkpt>
   <trkpt lon="-4.129671" lat="36.730169"><ele>9.8</ele></trkpt>
   <trkpt lon="-4.129906" lat="36.729910"><ele>9.5</ele></trkpt>
   <trkpt lon="-4.130326" lat="36.729467"><ele>7.7</ele></trkpt>
   <trkpt lon="-4.130947" lat="36.728979"><ele>6.8</ele></trkpt>
   <trkpt lon="-4.131428" lat="36.728765"><ele>6.0</ele></trkpt>
   <trkpt lon="-4.131467" lat="36.728683"><ele>5.8</ele></trkpt>
   <trkpt lon="-4.131641" lat="36.728556"><ele>5.6</ele></trkpt>
   <trkpt lon="-4.132386" lat="36.728291"><ele>6.3</ele></trkpt>
   <trkpt lon="-4.132703" lat="36.728255"><ele>6.5</ele></trkpt>
   <trkpt lon="-4.133393" lat="36.728031"><ele>6.5</ele></trkpt>
   <trkpt lon="-4.133771" lat="36.727854"><ele>6.6</ele></trkpt>
   <trkpt lon="-4.134273" lat="36.727697"><ele>6.0</ele></trkpt>
   <trkpt lon="-4.135060" lat="36.727363"><ele>5.4</ele></trkpt>
   <trkpt lon="-4.135116" lat="36.727329"><ele>5.4</ele></trkpt>
   <trkpt lon="-4.136938" lat="36.725928"><ele>5.4</ele></trkpt>
   <trkpt lon="-4.137350" lat="36.725665"><ele>6.3</ele></trkpt>
   <trkpt lon="-4.138079" lat="36.725339"><ele>6.3</ele></trkpt>
   <trkpt lon="-4.138344" lat="36.725278"><ele>6.9</ele></trkpt>
   <trkpt lon="-4.138654" lat="36.725228"><ele>7.3</ele></trkpt>
   <trkpt lon="-4.138660" lat="36.725229"><ele>7.3</ele></trkpt>
   <trkpt lon="-4.138782" lat="36.725245"><ele>7.4</ele></trkpt>
   <trkpt lon="-4.139135" lat="36.725140"><ele>7.1</ele></trkpt>
   <trkpt lon="-4.139812" lat="36.724958"><ele>7.4</ele></trkpt>
   <trkpt lon="-4.140411" lat="36.724745"><ele>6.8</ele></trkpt>
   <trkpt lon="-4.140869" lat="36.724547"><ele>6.4</ele></trkpt>
   <trkpt lon="-4.141231" lat="36.724381"><ele>6.2</ele></trkpt>
   <trkpt lon="-4.141706" lat="36.724117"><ele>6.1</ele></trkpt>
   <trkpt lon="-4.141873" lat="36.724006"><ele>6.1</ele></trkpt>
   <trkpt lon="-4.141996" lat="36.723876"><ele>5.4</ele></trkpt>
   <trkpt lon="-4.142311" lat="36.723687"><ele>5.5</ele></trkpt>
   <trkpt lon="-4.142798" lat="36.723486"><ele>6.6</ele></trkpt>
   <trkpt lon="-4.143272" lat="36.723324"><ele>4.2</ele></trkpt>
   <trkpt lon="-4.143716" lat="36.723194"><ele>4.5</ele></trkpt>
   <trkpt lon="-4.144344" lat="36.722929"><ele>4.6</ele></trkpt>
   <trkpt lon="-4.144537" lat="36.723137"><ele>5.5</ele></trkpt>
   <trkpt lon="-4.144910" lat="36.723589"><ele>10.4</ele></trkpt>
   <trkpt lon="-4.145157" lat="36.723914"><ele>13.6</ele></trkpt>
   <trkpt lon="-4.145369" lat="36.724267"><ele>19.7</ele></trkpt>
   <trkpt lon="-4.145405" lat="36.724239"><ele>19.9</ele></trkpt>
   <trkpt lon="-4.145436" lat="36.724182"><ele>20.1</ele></trkpt>
   <trkpt lon="-4.145424" lat="36.724007"><ele>19.1</ele></trkpt>
   <trkpt lon="-4.145326" lat="36.723255"><ele>21.5</ele></trkpt>
   <trkpt lon="-4.145344" lat="36.723164"><ele>22.4</ele></trkpt>
   <trkpt lon="-4.145973" lat="36.722829"><ele>35.0</ele></trkpt>
   <trkpt lon="-4.146126" lat="36.722693"><ele>35.8</ele></trkpt>
   <trkpt lon="-4.146198" lat="36.722448"><ele>34.6</ele></trkpt>
   <trkpt lon="-4.146281" lat="36.722370"><ele>34.7</ele></trkpt>
   <trkpt lon="-4.146437" lat="36.722305"><ele>36.2</ele></trkpt>
   <trkpt lon="-4.146997" lat="36.722248"><ele>35.4</ele></trkpt>
   <trkpt lon="-4.147488" lat="36.722078"><ele>33.0</ele></trkpt>
   <trkpt lon="-4.147635" lat="36.721998"><ele>31.9</ele></trkpt>
   <trkpt lon="-4.147764" lat="36.721868"><ele>29.5</ele></trkpt>
   <trkpt lon="-4.147840" lat="36.721813"><ele>27.4</ele></trkpt>
   <trkpt lon="-4.147951" lat="36.721780"><ele>24.1</ele></trkpt>
   <trkpt lon="-4.148102" lat="36.721788"><ele>19.9</ele></trkpt>
   <trkpt lon="-4.148578" lat="36.721944"><ele>13.6</ele></trkpt>
   <trkpt lon="-4.149253" lat="36.721954"><ele>27.8</ele></trkpt>
   <trkpt lon="-4.149328" lat="36.721985"><ele>29.8</ele></trkpt>
   <trkpt lon="-4.149534" lat="36.722125"><ele>34.6</ele></trkpt>
   <trkpt lon="-4.149583" lat="36.722217"><ele>35.6</ele></trkpt>
   <trkpt lon="-4.149646" lat="36.722374"><ele>37.1</ele></trkpt>
   <trkpt lon="-4.149725" lat="36.722418"><ele>37.2</ele></trkpt>
   <trkpt lon="-4.149848" lat="36.722405"><ele>36.1</ele></trkpt>
   <trkpt lon="-4.150143" lat="36.722261"><ele>33.1</ele></trkpt>
   <trkpt lon="-4.150318" lat="36.722273"><ele>32.0</ele></trkpt>
   <trkpt lon="-4.150546" lat="36.722511"><ele>36.5</ele></trkpt>
   <trkpt lon="-4.150642" lat="36.722695"><ele>39.5</ele></trkpt>
   <trkpt lon="-4.150652" lat="36.722816"><ele>41.1</ele></trkpt>
   <trkpt lon="-4.150689" lat="36.723084"><ele>44.0</ele></trkpt>
   <trkpt lon="-4.150818" lat="36.723173"><ele>43.1</ele></trkpt>
   <trkpt lon="-4.151060" lat="36.723182"><ele>40.9</ele></trkpt>
   <trkpt lon="-4.151536" lat="36.723200"><ele>42.1</ele></trkpt>
   <trkpt lon="-4.151802" lat="36.723151"><ele>41.4</ele></trkpt>
   <trkpt lon="-4.152053" lat="36.722764"><ele>40.1</ele></trkpt>
   <trkpt lon="-4.152308" lat="36.722530"><ele>37.6</ele></trkpt>
   <trkpt lon="-4.152593" lat="36.722280"><ele>34.0</ele></trkpt>
   <trkpt lon="-4.152679" lat="36.722121"><ele>32.5</ele></trkpt>
   <trkpt lon="-4.152722" lat="36.721959"><ele>31.6</ele></trkpt>
   <trkpt lon="-4.152772" lat="36.721301"><ele>25.7</ele></trkpt>
   <trkpt lon="-4.152826" lat="36.721077"><ele>18.6</ele></trkpt>
   <trkpt lon="-4.152881" lat="36.720966"><ele>14.3</ele></trkpt>
   <trkpt lon="-4.153102" lat="36.720882"><ele>8.2</ele></trkpt>
   <trkpt lon="-4.153471" lat="36.720785"><ele>3.6</ele></trkpt>
   <trkpt lon="-4.153479" lat="36.720703"><ele>2.8</ele></trkpt>
   <trkpt lon="-4.154306" lat="36.720741"><ele>3.5</ele></trkpt>
   <trkpt lon="-4.154766" lat="36.720749"><ele>3.0</ele></trkpt>
   <trkpt lon="-4.154767" lat="36.720825"><ele>3.8</ele></trkpt>
   <trkpt lon="-4.155288" lat="36.720887"><ele>3.8</ele></trkpt>
   <trkpt lon="-4.155754" lat="36.720834"><ele>3.4</ele></trkpt>
   <trkpt lon="-4.156244" lat="36.720850"><ele>2.8</ele></trkpt>
   <trkpt lon="-4.156359" lat="36.720833"><ele>2.8</ele></trkpt>
   <trkpt lon="-4.156652" lat="36.720774"><ele>2.6</ele></trkpt>
   <trkpt lon="-4.157482" lat="36.720770"><ele>3.1</ele></trkpt>
   <trkpt lon="-4.157712" lat="36.720774"><ele>3.2</ele></trkpt>
   <trkpt lon="-4.157872" lat="36.720837"><ele>3.5</ele></trkpt>
   <trkpt lon="-4.157992" lat="36.720914"><ele>4.0</ele></trkpt>
   <trkpt lon="-4.158218" lat="36.721126"><ele>4.6</ele></trkpt>
   <trkpt lon="-4.158390" lat="36.721206"><ele>4.8</ele></trkpt>
   <trkpt lon="-4.158605" lat="36.721215"><ele>4.5</ele></trkpt>
   <trkpt lon="-4.158660" lat="36.721217"><ele>4.3</ele></trkpt>
   <trkpt lon="-4.158705" lat="36.721211"><ele>4.2</ele></trkpt>
   <trkpt lon="-4.158866" lat="36.721188"><ele>4.0</ele></trkpt>
   <trkpt lon="-4.160142" lat="36.721010"><ele>4.0</ele></trkpt>
   <trkpt lon="-4.160197" lat="36.720903"><ele>4.0</ele></trkpt>
   <trkpt lon="-4.160293" lat="36.720850"><ele>3.8</ele></trkpt>
   <trkpt lon="-4.161133" lat="36.720838"><ele>3.0</ele></trkpt>
   <trkpt lon="-4.162375" lat="36.720819"><ele>3.0</ele></trkpt>
   <trkpt lon="-4.162573" lat="36.720822"><ele>3.1</ele></trkpt>
   <trkpt lon="-4.163886" lat="36.720849"><ele>4.0</ele></trkpt>
   <trkpt lon="-4.165241" lat="36.720885"><ele>4.9</ele></trkpt>
   <trkpt lon="-4.166461" lat="36.720976"><ele>6.0</ele></trkpt>
   <trkpt lon="-4.166863" lat="36.720915"><ele>6.0</ele></trkpt>
   <trkpt lon="-4.167777" lat="36.720677"><ele>5.6</ele></trkpt>
   <trkpt lon="-4.168130" lat="36.720499"><ele>5.8</ele></trkpt>
   <trkpt lon="-4.169146" lat="36.719856"><ele>4.0</ele></trkpt>
   <trkpt lon="-4.169513" lat="36.719697"><ele>4.2</ele></trkpt>
   <trkpt lon="-4.169818" lat="36.719594"><ele>4.1</ele></trkpt>
   <trkpt lon="-4.170416" lat="36.719460"><ele>4.0</ele></trkpt>
   <trkpt lon="-4.170888" lat="36.719422"><ele>4.8</ele></trkpt>
   <trkpt lon="-4.171723" lat="36.719280"><ele>5.0</ele></trkpt>
   <trkpt lon="-4.172591" lat="36.719196"><ele>6.4</ele></trkpt>
   <trkpt lon="-4.172765" lat="36.719181"><ele>6.9</ele></trkpt>
   <trkpt lon="-4.172933" lat="36.719150"><ele>6.9</ele></trkpt>
   <trkpt lon="-4.173121" lat="36.718996"><ele>7.0</ele></trkpt>
   <trkpt lon="-4.173234" lat="36.719035"><ele>7.2</ele></trkpt>
   <trkpt lon="-4.173516" lat="36.719082"><ele>7.7</ele></trkpt>
   <trkpt lon="-4.173884" lat="36.719143"><ele>8.6</ele></trkpt>
   <trkpt lon="-4.174099" lat="36.719192"><ele>8.9</ele></trkpt>
   <trkpt lon="-4.174226" lat="36.719156"><ele>8.7</ele></trkpt>
   <trkpt lon="-4.174384" lat="36.719151"><ele>8.8</ele></trkpt>
   <trkpt lon="-4.174571" lat="36.719183"><ele>8.9</ele></trkpt>
   <trkpt lon="-4.174718" lat="36.719257"><ele>9.0</ele></trkpt>
   <trkpt lon="-4.174850" lat="36.719328"><ele>9.0</ele></trkpt>
   <trkpt lon="-4.174857" lat="36.719380"><ele>9.0</ele></trkpt>
   <trkpt lon="-4.174929" lat="36.719412"><ele>8.9</ele></trkpt>
   <trkpt lon="-4.175011" lat="36.719419"><ele>8.8</ele></trkpt>
   <trkpt lon="-4.175138" lat="36.719408"><ele>8.6</ele></trkpt>
   <trkpt lon="-4.175239" lat="36.719408"><ele>9.1</ele></trkpt>
   <trkpt lon="-4.175286" lat="36.719449"><ele>9.4</ele></trkpt>
   <trkpt lon="-4.175375" lat="36.719481"><ele>9.6</ele></trkpt>
   <trkpt lon="-4.175448" lat="36.719435"><ele>9.3</ele></trkpt>
   <trkpt lon="-4.175562" lat="36.719313"><ele>8.9</ele></trkpt>
   <trkpt lon="-4.175647" lat="36.719288"><ele>9.2</ele></trkpt>
   <trkpt lon="-4.175927" lat="36.719275"><ele>10.6</ele></trkpt>
   <trkpt lon="-4.176094" lat="36.719280"><ele>11.6</ele></trkpt>
   <trkpt lon="-4.176252" lat="36.719333"><ele>14.3</ele></trkpt>
   <trkpt lon="-4.176351" lat="36.719415"><ele>17.5</ele></trkpt>
   <trkpt lon="-4.176401" lat="36.719554"><ele>22.3</ele></trkpt>
   <trkpt lon="-4.176445" lat="36.719727"><ele>25.9</ele></trkpt>
   <trkpt lon="-4.176493" lat="36.719770"><ele>27.1</ele></trkpt>
   <trkpt lon="-4.176689" lat="36.719806"><ele>28.3</ele></trkpt>
   <trkpt lon="-4.176813" lat="36.719841"><ele>29.1</ele></trkpt>
   <trkpt lon="-4.176901" lat="36.719903"><ele>30.3</ele></trkpt>
   <trkpt lon="-4.176965" lat="36.719873"><ele>30.4</ele></trkpt>
   <trkpt lon="-4.176976" lat="36.719853"><ele>30.3</ele></trkpt>
   <trkpt lon="-4.177116" lat="36.719676"><ele>29.6</ele></trkpt>
   <trkpt lon="-4.177401" lat="36.719314"><ele>31.5</ele></trkpt>
   <trkpt lon="-4.177495" lat="36.719226"><ele>32.7</ele></trkpt>
   <trkpt lon="-4.178592" lat="36.718759"><ele>28.5</ele></trkpt>
   <trkpt lon="-4.178698" lat="36.718681"><ele>27.3</ele></trkpt>
   <trkpt lon="-4.178835" lat="36.718464"><ele>23.9</ele></trkpt>
   <trkpt lon="-4.178916" lat="36.718386"><ele>23.9</ele></trkpt>
   <trkpt lon="-4.179038" lat="36.718347"><ele>25.5</ele></trkpt>
   <trkpt lon="-4.179483" lat="36.718252"><ele>28.6</ele></trkpt>
   <trkpt lon="-4.179613" lat="36.718165"><ele>27.6</ele></trkpt>
   <trkpt lon="-4.179667" lat="36.718057"><ele>24.7</ele></trkpt>
   <trkpt lon="-4.179656" lat="36.717833"><ele>20.8</ele></trkpt>
   <trkpt lon="-4.179672" lat="36.717758"><ele>18.0</ele></trkpt>
   <trkpt lon="-4.179768" lat="36.717662"><ele>13.8</ele></trkpt>
   <trkpt lon="-4.179847" lat="36.717623"><ele>11.9</ele></trkpt>
   <trkpt lon="-4.179941" lat="36.717595"><ele>10.2</ele></trkpt>
   <trkpt lon="-4.180095" lat="36.717589"><ele>9.6</ele></trkpt>
   <trkpt lon="-4.180105" lat="36.717628"><ele>10.3</ele></trkpt>
   <trkpt lon="-4.180128" lat="36.717662"><ele>10.8</ele></trkpt>
   <trkpt lon="-4.180163" lat="36.717690"><ele>11.0</ele></trkpt>
   <trkpt lon="-4.180207" lat="36.717708"><ele>11.0</ele></trkpt>
   <trkpt lon="-4.180255" lat="36.717715"><ele>10.8</ele></trkpt>
   <trkpt lon="-4.180298" lat="36.717711"><ele>10.4</ele></trkpt>
   <trkpt lon="-4.180338" lat="36.717699"><ele>10.3</ele></trkpt>
   <trkpt lon="-4.180373" lat="36.717679"><ele>10.0</ele></trkpt>
   <trkpt lon="-4.180406" lat="36.717644"><ele>9.6</ele></trkpt>
   <trkpt lon="-4.180423" lat="36.717602"><ele>9.2</ele></trkpt>
   <trkpt lon="-4.180423" lat="36.717558"><ele>8.7</ele></trkpt>
   <trkpt lon="-4.180404" lat="36.717517"><ele>8.2</ele></trkpt>
   <trkpt lon="-4.180369" lat="36.717483"><ele>7.9</ele></trkpt>
   <trkpt lon="-4.180323" lat="36.717460"><ele>7.8</ele></trkpt>
   <trkpt lon="-4.180322" lat="36.717318"><ele>6.9</ele></trkpt>
   <trkpt lon="-4.180306" lat="36.717141"><ele>6.0</ele></trkpt>
   <trkpt lon="-4.180289" lat="36.716866"><ele>6.0</ele></trkpt>
   <trkpt lon="-4.180286" lat="36.716816"><ele>6.0</ele></trkpt>
   <trkpt lon="-4.180332" lat="36.716789"><ele>5.8</ele></trkpt>
   <trkpt lon="-4.180364" lat="36.716751"><ele>5.6</ele></trkpt>
   <trkpt lon="-4.180482" lat="36.716686"><ele>5.2</ele></trkpt>
   <trkpt lon="-4.180642" lat="36.716619"><ele>4.8</ele></trkpt>
   <trkpt lon="-4.181286" lat="36.716498"><ele>4.1</ele></trkpt>
   <trkpt lon="-4.181581" lat="36.716443"><ele>3.9</ele></trkpt>
   <trkpt lon="-4.182264" lat="36.716318"><ele>3.9</ele></trkpt>
   <trkpt lon="-4.182876" lat="36.716201"><ele>3.1</ele></trkpt>
   <trkpt lon="-4.184124" lat="36.715984"><ele>3.0</ele></trkpt>
   <trkpt lon="-4.184966" lat="36.715859"><ele>3.2</ele></trkpt>
   <trkpt lon="-4.185540" lat="36.715785"><ele>3.0</ele></trkpt>
   <trkpt lon="-4.186469" lat="36.715699"><ele>2.8</ele></trkpt>
   <trkpt lon="-4.187295" lat="36.715630"><ele>4.5</ele></trkpt>
   <trkpt lon="-4.187437" lat="36.715635"><ele>4.6</ele></trkpt>
   <trkpt lon="-4.187851" lat="36.715622"><ele>3.9</ele></trkpt>
   <trkpt lon="-4.188068" lat="36.715639"><ele>3.7</ele></trkpt>
   <trkpt lon="-4.188735" lat="36.715727"><ele>3.6</ele></trkpt>
   <trkpt lon="-4.190157" lat="36.715969"><ele>3.1</ele></trkpt>
   <trkpt lon="-4.190525" lat="36.716019"><ele>4.3</ele></trkpt>
   <trkpt lon="-4.190816" lat="36.716055"><ele>3.9</ele></trkpt>
   <trkpt lon="-4.191389" lat="36.716104"><ele>2.9</ele></trkpt>
   <trkpt lon="-4.191528" lat="36.716115"><ele>2.9</ele></trkpt>
   <trkpt lon="-4.191956" lat="36.716133"><ele>3.0</ele></trkpt>
   <trkpt lon="-4.192274" lat="36.716128"><ele>3.0</ele></trkpt>
   <trkpt lon="-4.192478" lat="36.716131"><ele>3.0</ele></trkpt>
   <trkpt lon="-4.192570" lat="36.716150"><ele>3.1</ele></trkpt>
   <trkpt lon="-4.192660" lat="36.716180"><ele>3.3</ele></trkpt>
   <trkpt lon="-4.192710" lat="36.716206"><ele>3.5</ele></trkpt>
   <trkpt lon="-4.192726" lat="36.716234"><ele>3.7</ele></trkpt>
   <trkpt lon="-4.192751" lat="36.716258"><ele>3.9</ele></trkpt>
   <trkpt lon="-4.192788" lat="36.716276"><ele>4.0</ele></trkpt>
   <trkpt lon="-4.192831" lat="36.716283"><ele>4.0</ele></trkpt>
   <trkpt lon="-4.192874" lat="36.716279"><ele>3.9</ele></trkpt>
   <trkpt lon="-4.192913" lat="36.716265"><ele>3.8</ele></trkpt>
   <trkpt lon="-4.192939" lat="36.716245"><ele>3.6</ele></trkpt>
   <trkpt lon="-4.193056" lat="36.716237"><ele>3.6</ele></trkpt>
   <trkpt lon="-4.193315" lat="36.716247"><ele>3.6</ele></trkpt>
   <trkpt lon="-4.193515" lat="36.716255"><ele>3.7</ele></trkpt>
   <trkpt lon="-4.193568" lat="36.716299"><ele>3.9</ele></trkpt>
   <trkpt lon="-4.194025" lat="36.716304"><ele>3.9</ele></trkpt>
   <trkpt lon="-4.194102" lat="36.716271"><ele>3.6</ele></trkpt>
   <trkpt lon="-4.194133" lat="36.716238"><ele>3.4</ele></trkpt>
   <trkpt lon="-4.194137" lat="36.716193"><ele>3.2</ele></trkpt>
   <trkpt lon="-4.194141" lat="36.716126"><ele>3.0</ele></trkpt>
   <trkpt lon="-4.194436" lat="36.716131"><ele>3.0</ele></trkpt>
   <trkpt lon="-4.194548" lat="36.716130"><ele>3.0</ele></trkpt>
   <trkpt lon="-4.194891" lat="36.716126"><ele>3.7</ele></trkpt>
   <trkpt lon="-4.195255" lat="36.716112"><ele>3.8</ele></trkpt>
   <trkpt lon="-4.196104" lat="36.716075"><ele>3.6</ele></trkpt>
   <trkpt lon="-4.196701" lat="36.716057"><ele>3.5</ele></trkpt>
   <trkpt lon="-4.197011" lat="36.716052"><ele>3.7</ele></trkpt>
   <trkpt lon="-4.197453" lat="36.716045"><ele>3.7</ele></trkpt>
   <trkpt lon="-4.197647" lat="36.716031"><ele>3.7</ele></trkpt>
   <trkpt lon="-4.197779" lat="36.716014"><ele>3.6</ele></trkpt>
   <trkpt lon="-4.197895" lat="36.715991"><ele>3.6</ele></trkpt>
   <trkpt lon="-4.198446" lat="36.715831"><ele>3.3</ele></trkpt>
   <trkpt lon="-4.198894" lat="36.715706"><ele>3.5</ele></trkpt>
   <trkpt lon="-4.199571" lat="36.715514"><ele>3.2</ele></trkpt>
   <trkpt lon="-4.200195" lat="36.715358"><ele>2.9</ele></trkpt>
   <trkpt lon="-4.200335" lat="36.715321"><ele>3.0</ele></trkpt>
   <trkpt lon="-4.200683" lat="36.715238"><ele>2.7</ele></trkpt>
   <trkpt lon="-4.200870" lat="36.715205"><ele>2.5</ele></trkpt>
   <trkpt lon="-4.201181" lat="36.715156"><ele>2.1</ele></trkpt>
   <trkpt lon="-4.201444" lat="36.715125"><ele>2.1</ele></trkpt>
   <trkpt lon="-4.201717" lat="36.715104"><ele>3.5</ele></trkpt>
   <trkpt lon="-4.201988" lat="36.715095"><ele>4.0</ele></trkpt>
   <trkpt lon="-4.202816" lat="36.715096"><ele>4.0</ele></trkpt>
   <trkpt lon="-4.203087" lat="36.715096"><ele>3.9</ele></trkpt>
   <trkpt lon="-4.203407" lat="36.715098"><ele>3.9</ele></trkpt>
   <trkpt lon="-4.204337" lat="36.715107"><ele>3.9</ele></trkpt>
   <trkpt lon="-4.204744" lat="36.715117"><ele>4.0</ele></trkpt>
   <trkpt lon="-4.205234" lat="36.715113"><ele>4.0</ele></trkpt>
   <trkpt lon="-4.205652" lat="36.715104"><ele>4.2</ele></trkpt>
   <trkpt lon="-4.206226" lat="36.715077"><ele>4.7</ele></trkpt>
   <trkpt lon="-4.206505" lat="36.715046"><ele>3.8</ele></trkpt>
   <trkpt lon="-4.206566" lat="36.715022"><ele>3.5</ele></trkpt>
   <trkpt lon="-4.206637" lat="36.715017"><ele>3.4</ele></trkpt>
   <trkpt lon="-4.206759" lat="36.715007"><ele>3.4</ele></trkpt>
   <trkpt lon="-4.207130" lat="36.714977"><ele>3.8</ele></trkpt>
   <trkpt lon="-4.208212" lat="36.714850"><ele>3.5</ele></trkpt>
   <trkpt lon="-4.209330" lat="36.714715"><ele>2.6</ele></trkpt>
   <trkpt lon="-4.209997" lat="36.714642"><ele>2.6</ele></trkpt>
   <trkpt lon="-4.210408" lat="36.714598"><ele>2.1</ele></trkpt>
   <trkpt lon="-4.211426" lat="36.714496"><ele>2.0</ele></trkpt>
   <trkpt lon="-4.213233" lat="36.714283"><ele>3.0</ele></trkpt>
   <trkpt lon="-4.213397" lat="36.714264"><ele>3.0</ele></trkpt>
   <trkpt lon="-4.214068" lat="36.714191"><ele>2.2</ele></trkpt>
   <trkpt lon="-4.215010" lat="36.714152"><ele>1.6</ele></trkpt>
   <trkpt lon="-4.215970" lat="36.714149"><ele>1.9</ele></trkpt>
   <trkpt lon="-4.217024" lat="36.714149"><ele>5.0</ele></trkpt>
   <trkpt lon="-4.217114" lat="36.714150"><ele>5.0</ele></trkpt>
   <trkpt lon="-4.217197" lat="36.714150"><ele>5.1</ele></trkpt>
   <trkpt lon="-4.217417" lat="36.714145"><ele>5.8</ele></trkpt>
   <trkpt lon="-4.217792" lat="36.714143"><ele>2.7</ele></trkpt>
   <trkpt lon="-4.217919" lat="36.714143"><ele>2.6</ele></trkpt>
   <trkpt lon="-4.218127" lat="36.714119"><ele>2.3</ele></trkpt>
   <trkpt lon="-4.219205" lat="36.713992"><ele>3.0</ele></trkpt>
   <trkpt lon="-4.220371" lat="36.713797"><ele>1.6</ele></trkpt>
   <trkpt lon="-4.220589" lat="36.713767"><ele>1.3</ele></trkpt>
   <trkpt lon="-4.220701" lat="36.713749"><ele>1.4</ele></trkpt>
   <trkpt lon="-4.221082" lat="36.713709"><ele>2.0</ele></trkpt>
   <trkpt lon="-4.221541" lat="36.713658"><ele>2.0</ele></trkpt>
   <trkpt lon="-4.223670" lat="36.713530"><ele>1.7</ele></trkpt>
   <trkpt lon="-4.224350" lat="36.713503"><ele>1.6</ele></trkpt>
   <trkpt lon="-4.224387" lat="36.713500"><ele>1.6</ele></trkpt>
   <trkpt lon="-4.224515" lat="36.713556"><ele>1.9</ele></trkpt>
   <trkpt lon="-4.224535" lat="36.713583"><ele>2.0</ele></trkpt>
   <trkpt lon="-4.224563" lat="36.713605"><ele>2.1</ele></trkpt>
   <trkpt lon="-4.224599" lat="36.713619"><ele>2.2</ele></trkpt>
   <trkpt lon="-4.224638" lat="36.713624"><ele>2.3</ele></trkpt>
   <trkpt lon="-4.224675" lat="36.713620"><ele>2.3</ele></trkpt>
   <trkpt lon="-4.224709" lat="36.713609"><ele>2.2</ele></trkpt>
   <trkpt lon="-4.224738" lat="36.713590"><ele>2.2</ele></trkpt>
   <trkpt lon="-4.224768" lat="36.713551"><ele>2.0</ele></trkpt>
   <trkpt lon="-4.224928" lat="36.713468"><ele>2.0</ele></trkpt>
   <trkpt lon="-4.224963" lat="36.713468"><ele>2.1</ele></trkpt>
   <trkpt lon="-4.225424" lat="36.713452"><ele>2.1</ele></trkpt>
   <trkpt lon="-4.225862" lat="36.713429"><ele>2.1</ele></trkpt>
   <trkpt lon="-4.226228" lat="36.713413"><ele>2.0</ele></trkpt>
   <trkpt lon="-4.227177" lat="36.713367"><ele>3.0</ele></trkpt>
   <trkpt lon="-4.227578" lat="36.713372"><ele>3.0</ele></trkpt>
   <trkpt lon="-4.227915" lat="36.713431"><ele>3.1</ele></trkpt>
   <trkpt lon="-4.228237" lat="36.713531"><ele>4.0</ele></trkpt>
   <trkpt lon="-4.228537" lat="36.713669"><ele>4.8</ele></trkpt>
   <trkpt lon="-4.228729" lat="36.713788"><ele>5.1</ele></trkpt>
   <trkpt lon="-4.228920" lat="36.713801"><ele>5.6</ele></trkpt>
   <trkpt lon="-4.229017" lat="36.713794"><ele>5.9</ele></trkpt>
   <trkpt lon="-4.229109" lat="36.713770"><ele>6.1</ele></trkpt>
   <trkpt lon="-4.229232" lat="36.713696"><ele>5.8</ele></trkpt>
   <trkpt lon="-4.229259" lat="36.713675"><ele>5.8</ele></trkpt>
   <trkpt lon="-4.229324" lat="36.713605"><ele>5.6</ele></trkpt>
   <trkpt lon="-4.229405" lat="36.713502"><ele>5.3</ele></trkpt>
   <trkpt lon="-4.229486" lat="36.713412"><ele>5.0</ele></trkpt>
   <trkpt lon="-4.229589" lat="36.713342"><ele>4.6</ele></trkpt>
   <trkpt lon="-4.229713" lat="36.713282"><ele>4.7</ele></trkpt>
   <trkpt lon="-4.229879" lat="36.713244"><ele>5.0</ele></trkpt>
   <trkpt lon="-4.230318" lat="36.713212"><ele>5.0</ele></trkpt>
   <trkpt lon="-4.230615" lat="36.713205"><ele>4.2</ele></trkpt>
   <trkpt lon="-4.230707" lat="36.713202"><ele>4.0</ele></trkpt>
   <trkpt lon="-4.230985" lat="36.713183"><ele>3.9</ele></trkpt>
   <trkpt lon="-4.231219" lat="36.713166"><ele>3.9</ele></trkpt>
   <trkpt lon="-4.231431" lat="36.713155"><ele>3.8</ele></trkpt>
   <trkpt lon="-4.232662" lat="36.713078"><ele>4.1</ele></trkpt>
   <trkpt lon="-4.232892" lat="36.713064"><ele>4.1</ele></trkpt>
   <trkpt lon="-4.234376" lat="36.712973"><ele>3.7</ele></trkpt>
   <trkpt lon="-4.234420" lat="36.712970"><ele>3.6</ele></trkpt>
   <trkpt lon="-4.235648" lat="36.712898"><ele>4.0</ele></trkpt>
   <trkpt lon="-4.235594" lat="36.712442"><ele>3.0</ele></trkpt>
   <trkpt lon="-4.235948" lat="36.712411"><ele>3.0</ele></trkpt>
   <trkpt lon="-4.236474" lat="36.712401"><ele>4.0</ele></trkpt>
   <trkpt lon="-4.236965" lat="36.712370"><ele>1.0</ele></trkpt>
   <trkpt lon="-4.238818" lat="36.712095"><ele>1.6</ele></trkpt>
   <trkpt lon="-4.239513" lat="36.711998"><ele>1.5</ele></trkpt>
   <trkpt lon="-4.239613" lat="36.712000"><ele>1.8</ele></trkpt>
   <trkpt lon="-4.239653" lat="36.711984"><ele>1.9</ele></trkpt>
   <trkpt lon="-4.240357" lat="36.711888"><ele>2.1</ele></trkpt>
   <trkpt lon="-4.240573" lat="36.711850"><ele>1.9</ele></trkpt>
   <trkpt lon="-4.240605" lat="36.711840"><ele>1.8</ele></trkpt>
   <trkpt lon="-4.240676" lat="36.711830"><ele>1.8</ele></trkpt>
   <trkpt lon="-4.241071" lat="36.711760"><ele>1.4</ele></trkpt>
   <trkpt lon="-4.241442" lat="36.711714"><ele>2.0</ele></trkpt>
   <trkpt lon="-4.241951" lat="36.711623"><ele>2.0</ele></trkpt>
   <trkpt lon="-4.242442" lat="36.711554"><ele>2.1</ele></trkpt>
   <trkpt lon="-4.242675" lat="36.711513"><ele>2.8</ele></trkpt>
   <trkpt lon="-4.242919" lat="36.711458"><ele>1.9</ele></trkpt>
   <trkpt lon="-4.243399" lat="36.711394"><ele>1.3</ele></trkpt>
   <trkpt lon="-4.243831" lat="36.711324"><ele>1.1</ele></trkpt>
   <trkpt lon="-4.244099" lat="36.711291"><ele>1.9</ele></trkpt>
   <trkpt lon="-4.244396" lat="36.711271"><ele>2.0</ele></trkpt>
   <trkpt lon="-4.244698" lat="36.711252"><ele>2.0</ele></trkpt>
   <trkpt lon="-4.244912" lat="36.711238"><ele>2.0</ele></trkpt>
   <trkpt lon="-4.245802" lat="36.711163"><ele>3.0</ele></trkpt>
   <trkpt lon="-4.246046" lat="36.711144"><ele>2.0</ele></trkpt>
   <trkpt lon="-4.246446" lat="36.711099"><ele>1.5</ele></trkpt>
   <trkpt lon="-4.246647" lat="36.711058"><ele>1.6</ele></trkpt>
   <trkpt lon="-4.246790" lat="36.711042"><ele>1.9</ele></trkpt>
   <trkpt lon="-4.247232" lat="36.710998"><ele>2.1</ele></trkpt>
   <trkpt lon="-4.247773" lat="36.710931"><ele>3.0</ele></trkpt>
   <trkpt lon="-4.248186" lat="36.710879"><ele>2.2</ele></trkpt>
   <trkpt lon="-4.248294" lat="36.710868"><ele>2.1</ele></trkpt>
   <trkpt lon="-4.249382" lat="36.710891"><ele>2.3</ele></trkpt>
   <trkpt lon="-4.250095" lat="36.710920"><ele>2.1</ele></trkpt>
   <trkpt lon="-4.250669" lat="36.710944"><ele>2.6</ele></trkpt>
   <trkpt lon="-4.251381" lat="36.710975"><ele>2.8</ele></trkpt>
   <trkpt lon="-4.251510" lat="36.710981"><ele>2.8</ele></trkpt>
   <trkpt lon="-4.252667" lat="36.711087"><ele>2.2</ele></trkpt>
   <trkpt lon="-4.253690" lat="36.711199"><ele>2.5</ele></trkpt>
   <trkpt lon="-4.254421" lat="36.711235"><ele>2.2</ele></trkpt>
   <trkpt lon="-4.255250" lat="36.711249"><ele>2.0</ele></trkpt>
   <trkpt lon="-4.256384" lat="36.711298"><ele>1.8</ele></trkpt>
   <trkpt lon="-4.257523" lat="36.711317"><ele>1.9</ele></trkpt>
   <trkpt lon="-4.258304" lat="36.711344"><ele>2.0</ele></trkpt>
   <trkpt lon="-4.258932" lat="36.711390"><ele>2.1</ele></trkpt>
   <trkpt lon="-4.259345" lat="36.711440"><ele>2.2</ele></trkpt>
   <trkpt lon="-4.259576" lat="36.711458"><ele>2.3</ele></trkpt>
   <trkpt lon="-4.260225" lat="36.711510"><ele>2.4</ele></trkpt>
   <trkpt lon="-4.261268" lat="36.711629"><ele>1.9</ele></trkpt>
   <trkpt lon="-4.263753" lat="36.711958"><ele>2.8</ele></trkpt>
   <trkpt lon="-4.265376" lat="36.712136"><ele>2.3</ele></trkpt>
   <trkpt lon="-4.266614" lat="36.712296"><ele>2.5</ele></trkpt>
   <trkpt lon="-4.267375" lat="36.712415"><ele>2.1</ele></trkpt>
   <trkpt lon="-4.267284" lat="36.712935"><ele>3.6</ele></trkpt>
   <trkpt lon="-4.267274" lat="36.712996"><ele>3.8</ele></trkpt>
   <trkpt lon="-4.267249" lat="36.713137"><ele>4.4</ele></trkpt>
   <trkpt lon="-4.267112" lat="36.713779"><ele>6.1</ele></trkpt>
   <trkpt lon="-4.267068" lat="36.713994"><ele>6.7</ele></trkpt>
   <trkpt lon="-4.266937" lat="36.714635"><ele>9.8</ele></trkpt>
   <trkpt lon="-4.266882" lat="36.715123"><ele>14.1</ele></trkpt>
   <trkpt lon="-4.266846" lat="36.715163"><ele>14.4</ele></trkpt>
   <trkpt lon="-4.267688" lat="36.715591"><ele>13.8</ele></trkpt>
   <trkpt lon="-4.267781" lat="36.715632"><ele>13.9</ele></trkpt>
   <trkpt lon="-4.268851" lat="36.716113"><ele>14.9</ele></trkpt>
   <trkpt lon="-4.268888" lat="36.716102"><ele>14.9</ele></trkpt>
   <trkpt lon="-4.269182" lat="36.715704"><ele>13.7</ele></trkpt>
   <trkpt lon="-4.269496" lat="36.715783"><ele>13.7</ele></trkpt>
   <trkpt lon="-4.269543" lat="36.715782"><ele>13.5</ele></trkpt>
   <trkpt lon="-4.269604" lat="36.715786"><ele>13.3</ele></trkpt>
   <trkpt lon="-4.269968" lat="36.715796"><ele>12.3</ele></trkpt>
   <trkpt lon="-4.269994" lat="36.715791"><ele>12.2</ele></trkpt>
   <trkpt lon="-4.269988" lat="36.715811"><ele>12.3</ele></trkpt>
   <trkpt lon="-4.269991" lat="36.715831"><ele>12.4</ele></trkpt>
   <trkpt lon="-4.270018" lat="36.715865"><ele>12.5</ele></trkpt>
   <trkpt lon="-4.270039" lat="36.715875"><ele>12.5</ele></trkpt>
   <trkpt lon="-4.270062" lat="36.715879"><ele>12.5</ele></trkpt>
   <trkpt lon="-4.270106" lat="36.715871"><ele>12.5</ele></trkpt>
   <trkpt lon="-4.270138" lat="36.715845"><ele>12.4</ele></trkpt>
   <trkpt lon="-4.270426" lat="36.715846"><ele>13.1</ele></trkpt>
   <trkpt lon="-4.270686" lat="36.715860"><ele>13.0</ele></trkpt>
   <trkpt lon="-4.272290" lat="36.716008"><ele>9.5</ele></trkpt>
   <trkpt lon="-4.275107" lat="36.716353"><ele>7.0</ele></trkpt>
   <trkpt lon="-4.276619" lat="36.716567"><ele>8.2</ele></trkpt>
   <trkpt lon="-4.276715" lat="36.716629"><ele>8.2</ele></trkpt>
   <trkpt lon="-4.276785" lat="36.716668"><ele>8.2</ele></trkpt>
   <trkpt lon="-4.276971" lat="36.716690"><ele>7.9</ele></trkpt>
   <trkpt lon="-4.277586" lat="36.716796"><ele>8.0</ele></trkpt>
   <trkpt lon="-4.277554" lat="36.717034"><ele>8.6</ele></trkpt>
   <trkpt lon="-4.277532" lat="36.717129"><ele>8.9</ele></trkpt>
   <trkpt lon="-4.277500" lat="36.717260"><ele>9.3</ele></trkpt>
   <trkpt lon="-4.277482" lat="36.717392"><ele>9.7</ele></trkpt>
   <trkpt lon="-4.277470" lat="36.717607"><ele>10.2</ele></trkpt>
   <trkpt lon="-4.277402" lat="36.717604"><ele>10.1</ele></trkpt>
   <trkpt lon="-4.277339" lat="36.717627"><ele>10.1</ele></trkpt>
   <trkpt lon="-4.277309" lat="36.717655"><ele>10.1</ele></trkpt>
   <trkpt lon="-4.277293" lat="36.717688"><ele>10.1</ele></trkpt>
   <trkpt lon="-4.277172" lat="36.717645"><ele>10.0</ele></trkpt>
   <trkpt lon="-4.277056" lat="36.717624"><ele>10.0</ele></trkpt>
   <trkpt lon="-4.276938" lat="36.717609"><ele>10.0</ele></trkpt>
   <trkpt lon="-4.277056" lat="36.717624"><ele>10.0</ele></trkpt>
   <trkpt lon="-4.277172" lat="36.717645"><ele>10.0</ele></trkpt>
   <trkpt lon="-4.277293" lat="36.717688"><ele>10.1</ele></trkpt>
   <trkpt lon="-4.277290" lat="36.717727"><ele>10.1</ele></trkpt>
   <trkpt lon="-4.277306" lat="36.717765"><ele>10.2</ele></trkpt>
   <trkpt lon="-4.277337" lat="36.717795"><ele>10.3</ele></trkpt>
   <trkpt lon="-4.277373" lat="36.717814"><ele>10.4</ele></trkpt>
   <trkpt lon="-4.277416" lat="36.717822"><ele>10.5</ele></trkpt>
   <trkpt lon="-4.277459" lat="36.717819"><ele>10.6</ele></trkpt>
   <trkpt lon="-4.277499" lat="36.717806"><ele>10.7</ele></trkpt>
   <trkpt lon="-4.277532" lat="36.717783"><ele>10.7</ele></trkpt>
   <trkpt lon="-4.277558" lat="36.717746"><ele>10.7</ele></trkpt>
   <trkpt lon="-4.277564" lat="36.717703"><ele>10.6</ele></trkpt>
   <trkpt lon="-4.277549" lat="36.717662"><ele>10.4</ele></trkpt>
   <trkpt lon="-4.277516" lat="36.717628"><ele>10.3</ele></trkpt>
   <trkpt lon="-4.277470" lat="36.717607"><ele>10.2</ele></trkpt>
   <trkpt lon="-4.277482" lat="36.717392"><ele>9.7</ele></trkpt>
   <trkpt lon="-4.277500" lat="36.717260"><ele>9.3</ele></trkpt>
   <trkpt lon="-4.277532" lat="36.717129"><ele>8.9</ele></trkpt>
   <trkpt lon="-4.277554" lat="36.717034"><ele>8.6</ele></trkpt>
   <trkpt lon="-4.277586" lat="36.716796"><ele>8.0</ele></trkpt>
   <trkpt lon="-4.276971" lat="36.716690"><ele>7.9</ele></trkpt>
   <trkpt lon="-4.276785" lat="36.716668"><ele>8.2</ele></trkpt>
   <trkpt lon="-4.276715" lat="36.716629"><ele>8.2</ele></trkpt>
   <trkpt lon="-4.276619" lat="36.716567"><ele>8.2</ele></trkpt>
   <trkpt lon="-4.275107" lat="36.716353"><ele>7.0</ele></trkpt>
   <trkpt lon="-4.272290" lat="36.716008"><ele>9.5</ele></trkpt>
   <trkpt lon="-4.272433" lat="36.715184"><ele>7.3</ele></trkpt>
   <trkpt lon="-4.272519" lat="36.714737"><ele>6.0</ele></trkpt>
   <trkpt lon="-4.272604" lat="36.714292"><ele>5.6</ele></trkpt>
   <trkpt lon="-4.272677" lat="36.713784"><ele>4.5</ele></trkpt>
   <trkpt lon="-4.272705" lat="36.713656"><ele>3.9</ele></trkpt>
   <trkpt lon="-4.272999" lat="36.713690"><ele>3.4</ele></trkpt>
   <trkpt lon="-4.273087" lat="36.713259"><ele>2.6</ele></trkpt>
   <trkpt lon="-4.272934" lat="36.713237"><ele>2.5</ele></trkpt>
   <trkpt lon="-4.272981" lat="36.713018"><ele>2.0</ele></trkpt>
   <trkpt lon="-4.273010" lat="36.713026"><ele>2.0</ele></trkpt>
   <trkpt lon="-4.273047" lat="36.713052"><ele>2.0</ele></trkpt>
   <trkpt lon="-4.273121" lat="36.713163"><ele>2.3</ele></trkpt>
   <trkpt lon="-4.273143" lat="36.713185"><ele>2.4</ele></trkpt>
   <trkpt lon="-4.273162" lat="36.713197"><ele>2.4</ele></trkpt>
   <trkpt lon="-4.273210" lat="36.713212"><ele>2.4</ele></trkpt>
   <trkpt lon="-4.274073" lat="36.713337"><ele>2.9</ele></trkpt>
   <trkpt lon="-4.275196" lat="36.713479"><ele>2.4</ele></trkpt>
   <trkpt lon="-4.275409" lat="36.713430"><ele>1.5</ele></trkpt>
   <trkpt lon="-4.275525" lat="36.713439"><ele>1.2</ele></trkpt>
   <trkpt lon="-4.275691" lat="36.713545"><ele>1.8</ele></trkpt>
   <trkpt lon="-4.277081" lat="36.713727"><ele>2.0</ele></trkpt>
   <trkpt lon="-4.277192" lat="36.713659"><ele>2.0</ele></trkpt>
   <trkpt lon="-4.277271" lat="36.713635"><ele>2.0</ele></trkpt>
   <trkpt lon="-4.277557" lat="36.713670"><ele>2.0</ele></trkpt>
   <trkpt lon="-4.277623" lat="36.713695"><ele>2.0</ele></trkpt>
   <trkpt lon="-4.277815" lat="36.713828"><ele>2.2</ele></trkpt>
   <trkpt lon="-4.279228" lat="36.714034"><ele>2.7</ele></trkpt>
   <trkpt lon="-4.279492" lat="36.713970"><ele>2.3</ele></trkpt>
   <trkpt lon="-4.280056" lat="36.714057"><ele>2.0</ele></trkpt>
   <trkpt lon="-4.280413" lat="36.714199"><ele>2.3</ele></trkpt>
   <trkpt lon="-4.281225" lat="36.714311"><ele>2.3</ele></trkpt>
   <trkpt lon="-4.282165" lat="36.714442"><ele>2.0</ele></trkpt>
   <trkpt lon="-4.282556" lat="36.714463"><ele>2.1</ele></trkpt>
   <trkpt lon="-4.283225" lat="36.714542"><ele>2.3</ele></trkpt>
   <trkpt lon="-4.283411" lat="36.714569"><ele>2.4</ele></trkpt>
   <trkpt lon="-4.283639" lat="36.714613"><ele>2.5</ele></trkpt>
   <trkpt lon="-4.284328" lat="36.714696"><ele>2.5</ele></trkpt>
   <trkpt lon="-4.285221" lat="36.714785"><ele>3.0</ele></trkpt>
   <trkpt lon="-4.285435" lat="36.714781"><ele>3.0</ele></trkpt>
   <trkpt lon="-4.285737" lat="36.714801"><ele>2.3</ele></trkpt>
   <trkpt lon="-4.285897" lat="36.714862"><ele>2.5</ele></trkpt>
   <trkpt lon="-4.286139" lat="36.714896"><ele>2.7</ele></trkpt>
   <trkpt lon="-4.286763" lat="36.714962"><ele>2.5</ele></trkpt>
   <trkpt lon="-4.287194" lat="36.714999"><ele>2.7</ele></trkpt>
   <trkpt lon="-4.287326" lat="36.714930"><ele>2.5</ele></trkpt>
   <trkpt lon="-4.287678" lat="36.714947"><ele>2.2</ele></trkpt>
   <trkpt lon="-4.287766" lat="36.715016"><ele>2.1</ele></trkpt>
   <trkpt lon="-4.289333" lat="36.714989"><ele>2.6</ele></trkpt>
   <trkpt lon="-4.290522" lat="36.714955"><ele>2.1</ele></trkpt>
   <trkpt lon="-4.291505" lat="36.714943"><ele>2.0</ele></trkpt>
   <trkpt lon="-4.292179" lat="36.714911"><ele>1.8</ele></trkpt>
   <trkpt lon="-4.292468" lat="36.714888"><ele>1.7</ele></trkpt>
   <trkpt lon="-4.293042" lat="36.714841"><ele>2.2</ele></trkpt>
   <trkpt lon="-4.293118" lat="36.714862"><ele>2.3</ele></trkpt>
   <trkpt lon="-4.293155" lat="36.714870"><ele>2.3</ele></trkpt>
   <trkpt lon="-4.293311" lat="36.714835"><ele>2.2</ele></trkpt>
   <trkpt lon="-4.293457" lat="36.714788"><ele>2.0</ele></trkpt>
   <trkpt lon="-4.293740" lat="36.714660"><ele>1.7</ele></trkpt>
   <trkpt lon="-4.293854" lat="36.714586"><ele>1.6</ele></trkpt>
   <trkpt lon="-4.294384" lat="36.714197"><ele>7.5</ele></trkpt>
   <trkpt lon="-4.294864" lat="36.713840"><ele>20.6</ele></trkpt>
   <trkpt lon="-4.294948" lat="36.713777"><ele>22.9</ele></trkpt>
   <trkpt lon="-4.295758" lat="36.713173"><ele>12.7</ele></trkpt>
   <trkpt lon="-4.295922" lat="36.713072"><ele>8.5</ele></trkpt>
   <trkpt lon="-4.296114" lat="36.712987"><ele>8.3</ele></trkpt>
   <trkpt lon="-4.296329" lat="36.712923"><ele>8.9</ele></trkpt>
   <trkpt lon="-4.296550" lat="36.712877"><ele>11.3</ele></trkpt>
   <trkpt lon="-4.296845" lat="36.712860"><ele>13.9</ele></trkpt>
   <trkpt lon="-4.297113" lat="36.712887"><ele>14.6</ele></trkpt>
   <trkpt lon="-4.297423" lat="36.712930"><ele>13.1</ele></trkpt>
   <trkpt lon="-4.298387" lat="36.713145"><ele>17.0</ele></trkpt>
   <trkpt lon="-4.298568" lat="36.713180"><ele>17.3</ele></trkpt>
   <trkpt lon="-4.298753" lat="36.713220"><ele>15.9</ele></trkpt>
   <trkpt lon="-4.298935" lat="36.713255"><ele>13.8</ele></trkpt>
   <trkpt lon="-4.299889" lat="36.713506"><ele>14.3</ele></trkpt>
   <trkpt lon="-4.300298" lat="36.713676"><ele>13.6</ele></trkpt>
   <trkpt lon="-4.300314" lat="36.713760"><ele>13.3</ele></trkpt>
   <trkpt lon="-4.300663" lat="36.713974"><ele>6.8</ele></trkpt>
   <trkpt lon="-4.300837" lat="36.714207"><ele>3.4</ele></trkpt>
   <trkpt lon="-4.300870" lat="36.714212"><ele>3.3</ele></trkpt>
   <trkpt lon="-4.300942" lat="36.714220"><ele>2.9</ele></trkpt>
   <trkpt lon="-4.300971" lat="36.714248"><ele>2.7</ele></trkpt>
   <trkpt lon="-4.301370" lat="36.714500"><ele>2.0</ele></trkpt>
   <trkpt lon="-4.301598" lat="36.714568"><ele>2.0</ele></trkpt>
   <trkpt lon="-4.301823" lat="36.714615"><ele>2.0</ele></trkpt>
   <trkpt lon="-4.302088" lat="36.714628"><ele>2.1</ele></trkpt>
   <trkpt lon="-4.302575" lat="36.714499"><ele>2.2</ele></trkpt>
   <trkpt lon="-4.302743" lat="36.714469"><ele>2.1</ele></trkpt>
   <trkpt lon="-4.303113" lat="36.714506"><ele>1.6</ele></trkpt>
   <trkpt lon="-4.303131" lat="36.714530"><ele>1.7</ele></trkpt>
   <trkpt lon="-4.303122" lat="36.714602"><ele>2.1</ele></trkpt>
   <trkpt lon="-4.303147" lat="36.714636"><ele>2.3</ele></trkpt>
   <trkpt lon="-4.303184" lat="36.714653"><ele>2.3</ele></trkpt>
   <trkpt lon="-4.304325" lat="36.714718"><ele>2.8</ele></trkpt>
   <trkpt lon="-4.304635" lat="36.714573"><ele>2.4</ele></trkpt>
   <trkpt lon="-4.304746" lat="36.714534"><ele>2.3</ele></trkpt>
   <trkpt lon="-4.304890" lat="36.714533"><ele>2.3</ele></trkpt>
   <trkpt lon="-4.305201" lat="36.714562"><ele>2.4</ele></trkpt>
   <trkpt lon="-4.305551" lat="36.714570"><ele>2.4</ele></trkpt>
   <trkpt lon="-4.305584" lat="36.714603"><ele>2.5</ele></trkpt>
   <trkpt lon="-4.305627" lat="36.714684"><ele>2.7</ele></trkpt>
   <trkpt lon="-4.305665" lat="36.714717"><ele>2.8</ele></trkpt>
   <trkpt lon="-4.305773" lat="36.714737"><ele>2.9</ele></trkpt>
   <trkpt lon="-4.306327" lat="36.714689"><ele>2.8</ele></trkpt>
   <trkpt lon="-4.306681" lat="36.714679"><ele>2.7</ele></trkpt>
   <trkpt lon="-4.306884" lat="36.714658"><ele>2.7</ele></trkpt>
   <trkpt lon="-4.307116" lat="36.714512"><ele>2.2</ele></trkpt>
   <trkpt lon="-4.307487" lat="36.714404"><ele>2.0</ele></trkpt>
   <trkpt lon="-4.307578" lat="36.714413"><ele>2.0</ele></trkpt>
   <trkpt lon="-4.307746" lat="36.714452"><ele>2.4</ele></trkpt>
   <trkpt lon="-4.308246" lat="36.714357"><ele>2.8</ele></trkpt>
   <trkpt lon="-4.308475" lat="36.714263"><ele>2.5</ele></trkpt>
   <trkpt lon="-4.308749" lat="36.714127"><ele>2.1</ele></trkpt>
   <trkpt lon="-4.308975" lat="36.714117"><ele>2.1</ele></trkpt>
   <trkpt lon="-4.309242" lat="36.714108"><ele>2.1</ele></trkpt>
   <trkpt lon="-4.310839" lat="36.713771"><ele>1.1</ele></trkpt>
   <trkpt lon="-4.311989" lat="36.713564"><ele>0.9</ele></trkpt>
   <trkpt lon="-4.313281" lat="36.713407"><ele>1.0</ele></trkpt>
   <trkpt lon="-4.314158" lat="36.713314"><ele>1.5</ele></trkpt>
   <trkpt lon="-4.314679" lat="36.713270"><ele>2.0</ele></trkpt>
   <trkpt lon="-4.314706" lat="36.713291"><ele>2.2</ele></trkpt>
   <trkpt lon="-4.315120" lat="36.713268"><ele>3.2</ele></trkpt>
   <trkpt lon="-4.315881" lat="36.713217"><ele>1.6</ele></trkpt>
   <trkpt lon="-4.315975" lat="36.713205"><ele>1.9</ele></trkpt>
   <trkpt lon="-4.316836" lat="36.713151"><ele>3.5</ele></trkpt>
   <trkpt lon="-4.317586" lat="36.713024"><ele>3.0</ele></trkpt>
   <trkpt lon="-4.317787" lat="36.712985"><ele>3.0</ele></trkpt>
   <trkpt lon="-4.318050" lat="36.712935"><ele>3.0</ele></trkpt>
   <trkpt lon="-4.318359" lat="36.712767"><ele>4.4</ele></trkpt>
   <trkpt lon="-4.318665" lat="36.712687"><ele>0.9</ele></trkpt>
   <trkpt lon="-4.319142" lat="36.712628"><ele>1.0</ele></trkpt>
   <trkpt lon="-4.320252" lat="36.712559"><ele>2.0</ele></trkpt>
   <trkpt lon="-4.321184" lat="36.712487"><ele>3.6</ele></trkpt>
   <trkpt lon="-4.322050" lat="36.712462"><ele>6.7</ele></trkpt>
   <trkpt lon="-4.322237" lat="36.712476"><ele>6.2</ele></trkpt>
   <trkpt lon="-4.322268" lat="36.712494"><ele>6.1</ele></trkpt>
   <trkpt lon="-4.322336" lat="36.712496"><ele>6.0</ele></trkpt>
   <trkpt lon="-4.322668" lat="36.712547"><ele>5.8</ele></trkpt>
   <trkpt lon="-4.322969" lat="36.712608"><ele>4.1</ele></trkpt>
   <trkpt lon="-4.323197" lat="36.712688"><ele>2.1</ele></trkpt>
   <trkpt lon="-4.323168" lat="36.712722"><ele>2.3</ele></trkpt>
   <trkpt lon="-4.323344" lat="36.712811"><ele>1.8</ele></trkpt>
   <trkpt lon="-4.323603" lat="36.712924"><ele>2.9</ele></trkpt>
   <trkpt lon="-4.323893" lat="36.713029"><ele>2.8</ele></trkpt>
   <trkpt lon="-4.324203" lat="36.713104"><ele>3.2</ele></trkpt>
   <trkpt lon="-4.324504" lat="36.713137"><ele>3.4</ele></trkpt>
   <trkpt lon="-4.325044" lat="36.713170"><ele>3.6</ele></trkpt>
   <trkpt lon="-4.325562" lat="36.713211"><ele>3.8</ele></trkpt>
   <trkpt lon="-4.325753" lat="36.713197"><ele>4.0</ele></trkpt>
   <trkpt lon="-4.325823" lat="36.713151"><ele>4.1</ele></trkpt>
   <trkpt lon="-4.325871" lat="36.713166"><ele>4.1</ele></trkpt>
   <trkpt lon="-4.325923" lat="36.713157"><ele>4.2</ele></trkpt>
   <trkpt lon="-4.325939" lat="36.713146"><ele>4.2</ele></trkpt>
   <trkpt lon="-4.326005" lat="36.713174"><ele>4.3</ele></trkpt>
   <trkpt lon="-4.326129" lat="36.713194"><ele>4.6</ele></trkpt>
   <trkpt lon="-4.326566" lat="36.713212"><ele>5.4</ele></trkpt>
   <trkpt lon="-4.327083" lat="36.713232"><ele>6.0</ele></trkpt>
   <trkpt lon="-4.327313" lat="36.713241"><ele>7.0</ele></trkpt>
   <trkpt lon="-4.327569" lat="36.713253"><ele>8.8</ele></trkpt>
   <trkpt lon="-4.327894" lat="36.713254"><ele>11.1</ele></trkpt>
   <trkpt lon="-4.328095" lat="36.713271"><ele>12.0</ele></trkpt>
   <trkpt lon="-4.328225" lat="36.713291"><ele>11.2</ele></trkpt>
   <trkpt lon="-4.328310" lat="36.713332"><ele>10.3</ele></trkpt>
   <trkpt lon="-4.328566" lat="36.713361"><ele>8.3</ele></trkpt>
   <trkpt lon="-4.328756" lat="36.713377"><ele>6.3</ele></trkpt>
   <trkpt lon="-4.328774" lat="36.713393"><ele>6.1</ele></trkpt>
   <trkpt lon="-4.330568" lat="36.713499"><ele>1.9</ele></trkpt>
   <trkpt lon="-4.330729" lat="36.713477"><ele>2.4</ele></trkpt>
   <trkpt lon="-4.331283" lat="36.713477"><ele>3.2</ele></trkpt>
   <trkpt lon="-4.331548" lat="36.713437"><ele>2.6</ele></trkpt>
   <trkpt lon="-4.331588" lat="36.713416"><ele>2.8</ele></trkpt>
   <trkpt lon="-4.331661" lat="36.713395"><ele>3.3</ele></trkpt>
   <trkpt lon="-4.331702" lat="36.713406"><ele>3.7</ele></trkpt>
   <trkpt lon="-4.331742" lat="36.713429"><ele>4.2</ele></trkpt>
   <trkpt lon="-4.331859" lat="36.713434"><ele>5.2</ele></trkpt>
   <trkpt lon="-4.332043" lat="36.713397"><ele>6.1</ele></trkpt>
   <trkpt lon="-4.332175" lat="36.713347"><ele>6.9</ele></trkpt>
   <trkpt lon="-4.332356" lat="36.713156"><ele>8.9</ele></trkpt>
   <trkpt lon="-4.332440" lat="36.713100"><ele>9.9</ele></trkpt>
   <trkpt lon="-4.332533" lat="36.713075"><ele>10.9</ele></trkpt>
   <trkpt lon="-4.333164" lat="36.712965"><ele>5.7</ele></trkpt>
   <trkpt lon="-4.333264" lat="36.712961"><ele>6.3</ele></trkpt>
   <trkpt lon="-4.333366" lat="36.712967"><ele>6.8</ele></trkpt>
   <trkpt lon="-4.333509" lat="36.713035"><ele>7.7</ele></trkpt>
   <trkpt lon="-4.333613" lat="36.713128"><ele>9.9</ele></trkpt>
   <trkpt lon="-4.333908" lat="36.713574"><ele>17.3</ele></trkpt>
   <trkpt lon="-4.333978" lat="36.713633"><ele>16.7</ele></trkpt>
   <trkpt lon="-4.334182" lat="36.713688"><ele>12.0</ele></trkpt>
   <trkpt lon="-4.334532" lat="36.713752"><ele>6.8</ele></trkpt>
   <trkpt lon="-4.334852" lat="36.713813"><ele>6.4</ele></trkpt>
   <trkpt lon="-4.335464" lat="36.713926"><ele>8.1</ele></trkpt>
   <trkpt lon="-4.335693" lat="36.713933"><ele>9.0</ele></trkpt>
   <trkpt lon="-4.335895" lat="36.713893"><ele>9.5</ele></trkpt>
   <trkpt lon="-4.336097" lat="36.713834"><ele>9.9</ele></trkpt>
   <trkpt lon="-4.336849" lat="36.713269"><ele>8.2</ele></trkpt>
   <trkpt lon="-4.337213" lat="36.712877"><ele>6.1</ele></trkpt>
   <trkpt lon="-4.337388" lat="36.712821"><ele>7.8</ele></trkpt>
   <trkpt lon="-4.337620" lat="36.712827"><ele>10.6</ele></trkpt>
   <trkpt lon="-4.338239" lat="36.712980"><ele>10.6</ele></trkpt>
   <trkpt lon="-4.339115" lat="36.712962"><ele>6.0</ele></trkpt>
   <trkpt lon="-4.339398" lat="36.712887"><ele>6.0</ele></trkpt>
   <trkpt lon="-4.339468" lat="36.712872"><ele>6.0</ele></trkpt>
   <trkpt lon="-4.339806" lat="36.712917"><ele>5.7</ele></trkpt>
   <trkpt lon="-4.340225" lat="36.713046"><ele>4.0</ele></trkpt>
   <trkpt lon="-4.340514" lat="36.713168"><ele>4.7</ele></trkpt>
   <trkpt lon="-4.340770" lat="36.713265"><ele>5.8</ele></trkpt>
   <trkpt lon="-4.340931" lat="36.713312"><ele>4.8</ele></trkpt>
   <trkpt lon="-4.342102" lat="36.713593"><ele>5.0</ele></trkpt>
   <trkpt lon="-4.342293" lat="36.713644"><ele>4.4</ele></trkpt>
   <trkpt lon="-4.342876" lat="36.713913"><ele>4.5</ele></trkpt>
   <trkpt lon="-4.343007" lat="36.714011"><ele>5.1</ele></trkpt>
   <trkpt lon="-4.343194" lat="36.714346"><ele>6.1</ele></trkpt>
   <trkpt lon="-4.343642" lat="36.714601"><ele>6.1</ele></trkpt>
   <trkpt lon="-4.344040" lat="36.714745"><ele>4.4</ele></trkpt>
   <trkpt lon="-4.344410" lat="36.714872"><ele>4.1</ele></trkpt>
   <trkpt lon="-4.345300" lat="36.715115"><ele>3.0</ele></trkpt>
   <trkpt lon="-4.345731" lat="36.715225"><ele>6.3</ele></trkpt>
   <trkpt lon="-4.345963" lat="36.715327"><ele>4.7</ele></trkpt>
   <trkpt lon="-4.346212" lat="36.715457"><ele>5.0</ele></trkpt>
   <trkpt lon="-4.346360" lat="36.715601"><ele>7.5</ele></trkpt>
   <trkpt lon="-4.346446" lat="36.715637"><ele>7.2</ele></trkpt>
   <trkpt lon="-4.346476" lat="36.715695"><ele>7.7</ele></trkpt>
   <trkpt lon="-4.347011" lat="36.716423"><ele>7.1</ele></trkpt>
   <trkpt lon="-4.347150" lat="36.716595"><ele>7.3</ele></trkpt>
   <trkpt lon="-4.347282" lat="36.716713"><ele>6.9</ele></trkpt>
   <trkpt lon="-4.347372" lat="36.716784"><ele>6.4</ele></trkpt>
   <trkpt lon="-4.347583" lat="36.716952"><ele>5.0</ele></trkpt>
   <trkpt lon="-4.347962" lat="36.717127"><ele>4.5</ele></trkpt>
   <trkpt lon="-4.348100" lat="36.717175"><ele>4.4</ele></trkpt>
   <trkpt lon="-4.348257" lat="36.717217"><ele>4.0</ele></trkpt>
   <trkpt lon="-4.348568" lat="36.717279"><ele>3.4</ele></trkpt>
   <trkpt lon="-4.348723" lat="36.717377"><ele>3.2</ele></trkpt>
   <trkpt lon="-4.348698" lat="36.717483"><ele>3.6</ele></trkpt>
   <trkpt lon="-4.348594" lat="36.717926"><ele>4.7</ele></trkpt>
   <trkpt lon="-4.348583" lat="36.717973"><ele>5.1</ele></trkpt>
   <trkpt lon="-4.348747" lat="36.718013"><ele>5.0</ele></trkpt>
   <trkpt lon="-4.349041" lat="36.718089"><ele>4.7</ele></trkpt>
   <trkpt lon="-4.349230" lat="36.718135"><ele>4.8</ele></trkpt>
   <trkpt lon="-4.349552" lat="36.718214"><ele>4.5</ele></trkpt>
   <trkpt lon="-4.349685" lat="36.718248"><ele>4.8</ele></trkpt>
   <trkpt lon="-4.349777" lat="36.718272"><ele>5.1</ele></trkpt>
   <trkpt lon="-4.349946" lat="36.718315"><ele>5.5</ele></trkpt>
   <trkpt lon="-4.350145" lat="36.718379"><ele>5.7</ele></trkpt>
   <trkpt lon="-4.350263" lat="36.718430"><ele>6.1</ele></trkpt>
   <trkpt lon="-4.350363" lat="36.718473"><ele>6.1</ele></trkpt>
   <trkpt lon="-4.350594" lat="36.718518"><ele>5.2</ele></trkpt>
   <trkpt lon="-4.350641" lat="36.718528"><ele>5.0</ele></trkpt>
   <trkpt lon="-4.350707" lat="36.718531"><ele>5.0</ele></trkpt>
   <trkpt lon="-4.350982" lat="36.718534"><ele>5.0</ele></trkpt>
   <trkpt lon="-4.351245" lat="36.718588"><ele>5.5</ele></trkpt>
   <trkpt lon="-4.351955" lat="36.718880"><ele>8.0</ele></trkpt>
   <trkpt lon="-4.352060" lat="36.718912"><ele>7.9</ele></trkpt>
   <trkpt lon="-4.351791" lat="36.719294"><ele>10.2</ele></trkpt>
   <trkpt lon="-4.351655" lat="36.719486"><ele>11.0</ele></trkpt>
   <trkpt lon="-4.351527" lat="36.719666"><ele>10.8</ele></trkpt>
   <trkpt lon="-4.351642" lat="36.719720"><ele>10.5</ele></trkpt>
   <trkpt lon="-4.351845" lat="36.719819"><ele>10.0</ele></trkpt>
   <trkpt lon="-4.351929" lat="36.719858"><ele>9.9</ele></trkpt>
   <trkpt lon="-4.352351" lat="36.720038"><ele>9.4</ele></trkpt>
   <trkpt lon="-4.352579" lat="36.720109"><ele>9.4</ele></trkpt>
   <trkpt lon="-4.352840" lat="36.720148"><ele>9.5</ele></trkpt>
   <trkpt lon="-4.353163" lat="36.720171"><ele>9.3</ele></trkpt>
   <trkpt lon="-4.353249" lat="36.720176"><ele>9.1</ele></trkpt>
   <trkpt lon="-4.353458" lat="36.720197"><ele>8.6</ele></trkpt>
   <trkpt lon="-4.353897" lat="36.720263"><ele>7.6</ele></trkpt>
   <trkpt lon="-4.353922" lat="36.720267"><ele>7.5</ele></trkpt>
   <trkpt lon="-4.354329" lat="36.720325"><ele>7.1</ele></trkpt>
   <trkpt lon="-4.355180" lat="36.720432"><ele>5.0</ele></trkpt>
   <trkpt lon="-4.355270" lat="36.720445"><ele>4.9</ele></trkpt>
   <trkpt lon="-4.355312" lat="36.720451"><ele>4.8</ele></trkpt>
   <trkpt lon="-4.355350" lat="36.720458"><ele>4.8</ele></trkpt>
   <trkpt lon="-4.355753" lat="36.720520"><ele>4.8</ele></trkpt>
   <trkpt lon="-4.356260" lat="36.720600"><ele>5.3</ele></trkpt>
   <trkpt lon="-4.356373" lat="36.720618"><ele>5.4</ele></trkpt>
   <trkpt lon="-4.356478" lat="36.720641"><ele>5.5</ele></trkpt>
   <trkpt lon="-4.356826" lat="36.720718"><ele>5.8</ele></trkpt>
   <trkpt lon="-4.357283" lat="36.720818"><ele>5.4</ele></trkpt>
   <trkpt lon="-4.357628" lat="36.720853"><ele>5.0</ele></trkpt>
   <trkpt lon="-4.358010" lat="36.720892"><ele>5.0</ele></trkpt>
   <trkpt lon="-4.358077" lat="36.720899"><ele>5.0</ele></trkpt>
   <trkpt lon="-4.358296" lat="36.720916"><ele>5.0</ele></trkpt>
   <trkpt lon="-4.359046" lat="36.721001"><ele>5.2</ele></trkpt>
   <trkpt lon="-4.359200" lat="36.721018"><ele>5.3</ele></trkpt>
   <trkpt lon="-4.359935" lat="36.721091"><ele>5.8</ele></trkpt>
   <trkpt lon="-4.360079" lat="36.721101"><ele>6.2</ele></trkpt>
   <trkpt lon="-4.360276" lat="36.721111"><ele>6.6</ele></trkpt>
   <trkpt lon="-4.360466" lat="36.721117"><ele>6.6</ele></trkpt>
   <trkpt lon="-4.360819" lat="36.721125"><ele>5.8</ele></trkpt>
   <trkpt lon="-4.360874" lat="36.721127"><ele>5.6</ele></trkpt>
   <trkpt lon="-4.361215" lat="36.721137"><ele>6.3</ele></trkpt>
   <trkpt lon="-4.361329" lat="36.721143"><ele>6.3</ele></trkpt>
   <trkpt lon="-4.361426" lat="36.721147"><ele>6.3</ele></trkpt>
   <trkpt lon="-4.361526" lat="36.721151"><ele>6.4</ele></trkpt>
   <trkpt lon="-4.361929" lat="36.721190"><ele>6.5</ele></trkpt>
   <trkpt lon="-4.362425" lat="36.721300"><ele>6.3</ele></trkpt>
   <trkpt lon="-4.362934" lat="36.721464"><ele>7.2</ele></trkpt>
   <trkpt lon="-4.363062" lat="36.721510"><ele>7.1</ele></trkpt>
   <trkpt lon="-4.363803" lat="36.721777"><ele>7.0</ele></trkpt>
   <trkpt lon="-4.364157" lat="36.721875"><ele>7.6</ele></trkpt>
   <trkpt lon="-4.364287" lat="36.721906"><ele>7.8</ele></trkpt>
   <trkpt lon="-4.364854" lat="36.722031"><ele>8.4</ele></trkpt>
   <trkpt lon="-4.364970" lat="36.722053"><ele>8.7</ele></trkpt>
   <trkpt lon="-4.365269" lat="36.722109"><ele>9.4</ele></trkpt>
   <trkpt lon="-4.365375" lat="36.722127"><ele>9.6</ele></trkpt>
   <trkpt lon="-4.365856" lat="36.722208"><ele>10.5</ele></trkpt>
   <trkpt lon="-4.365870" lat="36.722211"><ele>10.5</ele></trkpt>
   <trkpt lon="-4.365918" lat="36.722219"><ele>10.6</ele></trkpt>
   <trkpt lon="-4.366255" lat="36.722265"><ele>10.1</ele></trkpt>
   <trkpt lon="-4.366272" lat="36.722268"><ele>10.1</ele></trkpt>
   <trkpt lon="-4.366320" lat="36.722275"><ele>10.0</ele></trkpt>
   <trkpt lon="-4.366436" lat="36.722291"><ele>10.0</ele></trkpt>
   <trkpt lon="-4.366850" lat="36.722349"><ele>10.6</ele></trkpt>
   <trkpt lon="-4.367072" lat="36.722376"><ele>10.9</ele></trkpt>
   <trkpt lon="-4.367302" lat="36.722392"><ele>10.4</ele></trkpt>
   <trkpt lon="-4.367488" lat="36.722404"><ele>10.1</ele></trkpt>
   <trkpt lon="-4.367536" lat="36.722408"><ele>10.0</ele></trkpt>
   <trkpt lon="-4.367821" lat="36.722405"><ele>9.6</ele></trkpt>
   <trkpt lon="-4.367922" lat="36.722404"><ele>9.5</ele></trkpt>
   <trkpt lon="-4.368092" lat="36.722403"><ele>9.3</ele></trkpt>
   <trkpt lon="-4.368271" lat="36.722402"><ele>9.1</ele></trkpt>
   <trkpt lon="-4.369316" lat="36.722403"><ele>7.4</ele></trkpt>
   <trkpt lon="-4.369673" lat="36.722401"><ele>6.6</ele></trkpt>
   <trkpt lon="-4.369888" lat="36.722404"><ele>5.9</ele></trkpt>
   <trkpt lon="-4.369973" lat="36.722404"><ele>5.7</ele></trkpt>
   <trkpt lon="-4.370096" lat="36.722405"><ele>5.3</ele></trkpt>
   <trkpt lon="-4.370220" lat="36.722406"><ele>5.2</ele></trkpt>
   <trkpt lon="-4.370514" lat="36.722407"><ele>4.8</ele></trkpt>
   <trkpt lon="-4.371066" lat="36.722406"><ele>4.4</ele></trkpt>
   <trkpt lon="-4.371253" lat="36.722406"><ele>4.4</ele></trkpt>
   <trkpt lon="-4.371611" lat="36.722406"><ele>4.4</ele></trkpt>
   <trkpt lon="-4.371736" lat="36.722406"><ele>4.4</ele></trkpt>
   <trkpt lon="-4.372321" lat="36.722405"><ele>4.4</ele></trkpt>
   <trkpt lon="-4.372513" lat="36.722405"><ele>4.4</ele></trkpt>
   <trkpt lon="-4.372548" lat="36.722404"><ele>4.4</ele></trkpt>
   <trkpt lon="-4.373234" lat="36.722400"><ele>4.3</ele></trkpt>
   <trkpt lon="-4.373438" lat="36.722399"><ele>4.3</ele></trkpt>
   <trkpt lon="-4.373486" lat="36.722398"><ele>4.3</ele></trkpt>
   <trkpt lon="-4.373518" lat="36.722398"><ele>4.3</ele></trkpt>
   <trkpt lon="-4.373838" lat="36.722396"><ele>4.3</ele></trkpt>
   <trkpt lon="-4.374311" lat="36.722393"><ele>4.7</ele></trkpt>
   <trkpt lon="-4.374759" lat="36.722382"><ele>5.3</ele></trkpt>
   <trkpt lon="-4.374964" lat="36.722376"><ele>5.2</ele></trkpt>
   <trkpt lon="-4.375003" lat="36.722374"><ele>5.2</ele></trkpt>
   <trkpt lon="-4.375971" lat="36.722342"><ele>5.0</ele></trkpt>
   <trkpt lon="-4.376352" lat="36.722330"><ele>4.7</ele></trkpt>
   <trkpt lon="-4.376984" lat="36.722312"><ele>4.0</ele></trkpt>
   <trkpt lon="-4.377176" lat="36.722296"><ele>4.0</ele></trkpt>
   <trkpt lon="-4.377696" lat="36.722250"><ele>4.5</ele></trkpt>
   <trkpt lon="-4.378508" lat="36.722125"><ele>4.9</ele></trkpt>
   <trkpt lon="-4.378998" lat="36.722055"><ele>4.4</ele></trkpt>
   <trkpt lon="-4.379094" lat="36.722040"><ele>4.6</ele></trkpt>
   <trkpt lon="-4.379477" lat="36.721988"><ele>5.0</ele></trkpt>
   <trkpt lon="-4.379525" lat="36.721982"><ele>5.0</ele></trkpt>
   <trkpt lon="-4.379872" lat="36.721935"><ele>5.0</ele></trkpt>
   <trkpt lon="-4.380357" lat="36.721862"><ele>4.8</ele></trkpt>
   <trkpt lon="-4.380363" lat="36.721799"><ele>4.6</ele></trkpt>
   <trkpt lon="-4.380369" lat="36.721745"><ele>4.4</ele></trkpt>
   <trkpt lon="-4.380361" lat="36.721643"><ele>4.1</ele></trkpt>
   <trkpt lon="-4.380375" lat="36.721528"><ele>3.6</ele></trkpt>
   <trkpt lon="-4.380381" lat="36.721487"><ele>3.3</ele></trkpt>
   <trkpt lon="-4.380402" lat="36.721455"><ele>3.1</ele></trkpt>
   <trkpt lon="-4.380446" lat="36.721433"><ele>3.0</ele></trkpt>
   <trkpt lon="-4.380493" lat="36.721388"><ele>2.8</ele></trkpt>
   <trkpt lon="-4.381027" lat="36.721398"><ele>2.8</ele></trkpt>
   <trkpt lon="-4.382237" lat="36.721439"><ele>3.1</ele></trkpt>
   <trkpt lon="-4.383274" lat="36.721466"><ele>3.0</ele></trkpt>
   <trkpt lon="-4.383531" lat="36.721457"><ele>3.0</ele></trkpt>
   <trkpt lon="-4.385567" lat="36.721322"><ele>6.0</ele></trkpt>
   <trkpt lon="-4.385747" lat="36.721332"><ele>6.0</ele></trkpt>
   <trkpt lon="-4.385952" lat="36.721354"><ele>3.8</ele></trkpt>
   <trkpt lon="-4.386116" lat="36.721393"><ele>3.6</ele></trkpt>
   <trkpt lon="-4.386276" lat="36.721443"><ele>4.3</ele></trkpt>
   <trkpt lon="-4.386922" lat="36.721735"><ele>5.4</ele></trkpt>
   <trkpt lon="-4.387523" lat="36.722020"><ele>3.7</ele></trkpt>
   <trkpt lon="-4.387703" lat="36.722090"><ele>4.6</ele></trkpt>
   <trkpt lon="-4.387857" lat="36.722138"><ele>4.9</ele></trkpt>
   <trkpt lon="-4.387993" lat="36.722142"><ele>4.5</ele></trkpt>
   <trkpt lon="-4.388241" lat="36.722174"><ele>3.8</ele></trkpt>
   <trkpt lon="-4.391538" lat="36.722432"><ele>5.2</ele></trkpt>
   <trkpt lon="-4.391761" lat="36.722475"><ele>5.0</ele></trkpt>
   <trkpt lon="-4.391986" lat="36.722543"><ele>4.9</ele></trkpt>
   <trkpt lon="-4.392698" lat="36.722838"><ele>4.4</ele></trkpt>
   <trkpt lon="-4.392918" lat="36.722910"><ele>4.0</ele></trkpt>
   <trkpt lon="-4.393248" lat="36.722965"><ele>4.0</ele></trkpt>
   <trkpt lon="-4.393583" lat="36.722976"><ele>3.2</ele></trkpt>
   <trkpt lon="-4.394524" lat="36.722973"><ele>3.0</ele></trkpt>
   <trkpt lon="-4.394730" lat="36.722957"><ele>3.0</ele></trkpt>
   <trkpt lon="-4.394901" lat="36.722933"><ele>2.9</ele></trkpt>
   <trkpt lon="-4.395133" lat="36.722882"><ele>2.8</ele></trkpt>
   <trkpt lon="-4.395734" lat="36.722685"><ele>2.5</ele></trkpt>
   <trkpt lon="-4.396377" lat="36.722444"><ele>3.0</ele></trkpt>
   <trkpt lon="-4.396780" lat="36.722297"><ele>1.3</ele></trkpt>
   <trkpt lon="-4.397291" lat="36.722146"><ele>2.7</ele></trkpt>
   <trkpt lon="-4.397479" lat="36.722090"><ele>3.0</ele></trkpt>
   <trkpt lon="-4.398135" lat="36.721902"><ele>2.2</ele></trkpt>
   <trkpt lon="-4.399150" lat="36.721639"><ele>2.2</ele></trkpt>
   <trkpt lon="-4.399431" lat="36.721564"><ele>2.0</ele></trkpt>
   <trkpt lon="-4.400362" lat="36.721304"><ele>2.1</ele></trkpt>
   <trkpt lon="-4.400704" lat="36.721199"><ele>2.5</ele></trkpt>
   <trkpt lon="-4.402619" lat="36.720526"><ele>2.8</ele></trkpt>
   <trkpt lon="-4.402832" lat="36.720460"><ele>2.6</ele></trkpt>
   <trkpt lon="-4.403131" lat="36.720396"><ele>3.3</ele></trkpt>
   <trkpt lon="-4.404090" lat="36.720338"><ele>2.6</ele></trkpt>
   <trkpt lon="-4.404573" lat="36.720277"><ele>3.1</ele></trkpt>
   <trkpt lon="-4.405215" lat="36.720120"><ele>2.3</ele></trkpt>
   <trkpt lon="-4.405690" lat="36.719958"><ele>2.3</ele></trkpt>
   <trkpt lon="-4.407120" lat="36.719326"><ele>1.8</ele></trkpt>
   <trkpt lon="-4.407453" lat="36.719133"><ele>1.8</ele></trkpt>
   <trkpt lon="-4.407728" lat="36.718961"><ele>1.8</ele></trkpt>
   <trkpt lon="-4.408706" lat="36.718326"><ele>1.9</ele></trkpt>
   <trkpt lon="-4.408808" lat="36.718271"><ele>1.9</ele></trkpt>
   <trkpt lon="-4.408963" lat="36.718208"><ele>2.0</ele></trkpt>
   <trkpt lon="-4.409090" lat="36.718175"><ele>2.5</ele></trkpt>
   <trkpt lon="-4.409304" lat="36.718158"><ele>3.6</ele></trkpt>
   <trkpt lon="-4.409365" lat="36.718160"><ele>3.9</ele></trkpt>
   <trkpt lon="-4.409372" lat="36.718192"><ele>4.1</ele></trkpt>
   <trkpt lon="-4.409376" lat="36.718210"><ele>4.1</ele></trkpt>
   <trkpt lon="-4.409385" lat="36.718304"><ele>4.1</ele></trkpt>
   <trkpt lon="-4.409410" lat="36.718301"><ele>4.1</ele></trkpt>
   <trkpt lon="-4.409721" lat="36.718329"><ele>4.6</ele></trkpt>
   <trkpt lon="-4.409838" lat="36.718354"><ele>4.5</ele></trkpt>
   <trkpt lon="-4.409960" lat="36.718388"><ele>4.4</ele></trkpt>
   <trkpt lon="-4.410159" lat="36.718482"><ele>4.1</ele></trkpt>
   <trkpt lon="-4.410218" lat="36.718470"><ele>4.1</ele></trkpt>
   <trkpt lon="-4.410264" lat="36.718500"><ele>4.0</ele></trkpt>
   <trkpt lon="-4.410546" lat="36.718732"><ele>4.0</ele></trkpt>
   <trkpt lon="-4.410591" lat="36.718772"><ele>4.0</ele></trkpt>
   <trkpt lon="-4.410986" lat="36.719128"><ele>4.8</ele></trkpt>
   <trkpt lon="-4.411114" lat="36.719229"><ele>5.0</ele></trkpt>
   <trkpt lon="-4.411206" lat="36.719338"><ele>5.2</ele></trkpt>
   <trkpt lon="-4.411368" lat="36.719488"><ele>5.8</ele></trkpt>
   <trkpt lon="-4.411537" lat="36.719627"><ele>5.7</ele></trkpt>
   <trkpt lon="-4.411614" lat="36.719664"><ele>5.6</ele></trkpt>
   <trkpt lon="-4.411780" lat="36.719719"><ele>5.4</ele></trkpt>
   <trkpt lon="-4.411957" lat="36.719744"><ele>5.3</ele></trkpt>
   <trkpt lon="-4.412136" lat="36.719739"><ele>5.2</ele></trkpt>
   <trkpt lon="-4.412225" lat="36.719725"><ele>5.2</ele></trkpt>
   <trkpt lon="-4.412359" lat="36.719701"><ele>5.3</ele></trkpt>
   <trkpt lon="-4.413383" lat="36.719418"><ele>3.6</ele></trkpt>
   <trkpt lon="-4.415570" lat="36.718826"><ele>3.0</ele></trkpt>
   <trkpt lon="-4.416319" lat="36.718623"><ele>3.0</ele></trkpt>
   <trkpt lon="-4.417160" lat="36.718395"><ele>3.0</ele></trkpt>
   <trkpt lon="-4.419532" lat="36.717753"><ele>2.7</ele></trkpt>
   <trkpt lon="-4.419717" lat="36.717690"><ele>2.5</ele></trkpt>
   <trkpt lon="-4.419828" lat="36.717608"><ele>2.3</ele></trkpt>
   <trkpt lon="-4.420133" lat="36.717295"><ele>2.2</ele></trkpt>
   <trkpt lon="-4.420302" lat="36.717113"><ele>2.1</ele></trkpt>
   <trkpt lon="-4.420571" lat="36.716834"><ele>2.9</ele></trkpt>
   <trkpt lon="-4.420631" lat="36.716772"><ele>2.9</ele></trkpt>
   <trkpt lon="-4.420959" lat="36.716433"><ele>3.0</ele></trkpt>
   <trkpt lon="-4.421052" lat="36.716332"><ele>3.0</ele></trkpt>
   <trkpt lon="-4.421475" lat="36.715891"><ele>3.4</ele></trkpt>
   <trkpt lon="-4.421545" lat="36.715817"><ele>3.7</ele></trkpt>
   <trkpt lon="-4.421704" lat="36.715653"><ele>3.5</ele></trkpt>
   <trkpt lon="-4.421967" lat="36.715378"><ele>3.0</ele></trkpt>
   <trkpt lon="-4.421984" lat="36.715360"><ele>3.0</ele></trkpt>
   <trkpt lon="-4.422022" lat="36.715320"><ele>3.0</ele></trkpt>
   <trkpt lon="-4.422394" lat="36.714934"><ele>3.0</ele></trkpt>
   <trkpt lon="-4.422778" lat="36.714532"><ele>3.0</ele></trkpt>
   <trkpt lon="-4.423349" lat="36.713942"><ele>3.0</ele></trkpt>
   <trkpt lon="-4.423672" lat="36.713614"><ele>3.0</ele></trkpt>
   <trkpt lon="-4.423819" lat="36.713460"><ele>3.0</ele></trkpt>
   <trkpt lon="-4.424120" lat="36.713162"><ele>3.0</ele></trkpt>
   <trkpt lon="-4.424146" lat="36.713134"><ele>3.0</ele></trkpt>
   <trkpt lon="-4.424216" lat="36.713055"><ele>3.0</ele></trkpt>
   <trkpt lon="-4.424463" lat="36.712806"><ele>3.0</ele></trkpt>
   <trkpt lon="-4.425154" lat="36.712130"><ele>3.0</ele></trkpt>
   <trkpt lon="-4.425245" lat="36.712040"><ele>3.0</ele></trkpt>
   <trkpt lon="-4.425380" lat="36.711922"><ele>3.0</ele></trkpt>
   <trkpt lon="-4.425665" lat="36.711661"><ele>3.7</ele></trkpt>
   <trkpt lon="-4.426182" lat="36.711154"><ele>2.4</ele></trkpt>
   <trkpt lon="-4.426280" lat="36.711060"><ele>2.1</ele></trkpt>
   <trkpt lon="-4.426331" lat="36.711011"><ele>2.0</ele></trkpt>
   <trkpt lon="-4.426435" lat="36.710912"><ele>1.8</ele></trkpt>
   <trkpt lon="-4.426702" lat="36.710658"><ele>2.7</ele></trkpt>
   <trkpt lon="-4.427231" lat="36.710148"><ele>3.3</ele></trkpt>
   <trkpt lon="-4.427323" lat="36.710219"><ele>3.1</ele></trkpt>
   <trkpt lon="-4.427388" lat="36.710274"><ele>3.0</ele></trkpt>
   <trkpt lon="-4.427897" lat="36.710684"><ele>2.4</ele></trkpt>
   <trkpt lon="-4.428016" lat="36.710760"><ele>2.7</ele></trkpt>
   <trkpt lon="-4.428130" lat="36.710833"><ele>3.0</ele></trkpt>
   <trkpt lon="-4.428721" lat="36.711284"><ele>3.0</ele></trkpt>
   <trkpt lon="-4.428950" lat="36.711453"><ele>3.3</ele></trkpt>
   <trkpt lon="-4.429174" lat="36.711619"><ele>3.3</ele></trkpt>
   <trkpt lon="-4.429294" lat="36.711713"><ele>3.4</ele></trkpt>
   <trkpt lon="-4.429389" lat="36.711788"><ele>3.7</ele></trkpt>
   <trkpt lon="-4.429763" lat="36.712059"><ele>4.0</ele></trkpt>
   <trkpt lon="-4.429880" lat="36.712176"><ele>4.0</ele></trkpt>
   <trkpt lon="-4.429942" lat="36.712284"><ele>4.0</ele></trkpt>
   <trkpt lon="-4.430345" lat="36.713161"><ele>5.0</ele></trkpt>
   <trkpt lon="-4.430359" lat="36.713191"><ele>5.0</ele></trkpt>
   <trkpt lon="-4.430430" lat="36.713224"><ele>5.0</ele></trkpt>
   <trkpt lon="-4.430466" lat="36.713241"><ele>5.0</ele></trkpt>
   <trkpt lon="-4.430521" lat="36.713226"><ele>5.0</ele></trkpt>
   <trkpt lon="-4.430793" lat="36.713163"><ele>5.0</ele></trkpt>
   <trkpt lon="-4.431163" lat="36.713056"><ele>4.1</ele></trkpt>
   <trkpt lon="-4.431228" lat="36.713036"><ele>4.0</ele></trkpt>
   <trkpt lon="-4.431444" lat="36.712968"><ele>4.0</ele></trkpt>
   <trkpt lon="-4.431528" lat="36.712943"><ele>4.0</ele></trkpt>
   <trkpt lon="-4.431751" lat="36.712866"><ele>4.0</ele></trkpt>
   <trkpt lon="-4.431853" lat="36.712833"><ele>4.0</ele></trkpt>
   <trkpt lon="-4.431966" lat="36.712804"><ele>4.1</ele></trkpt>
   <trkpt lon="-4.432054" lat="36.712786"><ele>4.1</ele></trkpt>
   <trkpt lon="-4.432580" lat="36.712656"><ele>4.0</ele></trkpt>
   <trkpt lon="-4.432925" lat="36.712568"><ele>4.0</ele></trkpt>
   <trkpt lon="-4.433921" lat="36.712312"><ele>4.0</ele></trkpt>
   <trkpt lon="-4.434671" lat="36.712119"><ele>4.3</ele></trkpt>
   <trkpt lon="-4.434690" lat="36.712114"><ele>4.3</ele></trkpt>
   <trkpt lon="-4.434787" lat="36.712089"><ele>4.2</ele></trkpt>
   <trkpt lon="-4.435035" lat="36.712018"><ele>4.2</ele></trkpt>
   <trkpt lon="-4.435064" lat="36.712010"><ele>4.3</ele></trkpt>
   <trkpt lon="-4.435102" lat="36.711988"><ele>4.4</ele></trkpt>
   <trkpt lon="-4.435133" lat="36.711948"><ele>4.4</ele></trkpt>
   <trkpt lon="-4.435198" lat="36.711872"><ele>4.4</ele></trkpt>
   <trkpt lon="-4.435539" lat="36.711412"><ele>4.1</ele></trkpt>
   <trkpt lon="-4.435697" lat="36.711214"><ele>4.1</ele></trkpt>
   <trkpt lon="-4.435830" lat="36.711097"><ele>4.1</ele></trkpt>
   <trkpt lon="-4.436078" lat="36.710906"><ele>4.2</ele></trkpt>
   <trkpt lon="-4.436777" lat="36.710379"><ele>4.5</ele></trkpt>
   <trkpt lon="-4.436892" lat="36.710260"><ele>4.7</ele></trkpt>
   <trkpt lon="-4.437237" lat="36.710010"><ele>7.1</ele></trkpt>
   <trkpt lon="-4.437270" lat="36.709986"><ele>7.4</ele></trkpt>
   <trkpt lon="-4.437409" lat="36.709916"><ele>8.1</ele></trkpt>
   <trkpt lon="-4.437872" lat="36.709759"><ele>5.9</ele></trkpt>
   <trkpt lon="-4.438028" lat="36.709728"><ele>5.5</ele></trkpt>
   <trkpt lon="-4.438106" lat="36.709728"><ele>5.6</ele></trkpt>
   <trkpt lon="-4.438200" lat="36.709772"><ele>5.8</ele></trkpt>
   <trkpt lon="-4.438420" lat="36.709957"><ele>6.0</ele></trkpt>
   <trkpt lon="-4.438712" lat="36.710203"><ele>6.6</ele></trkpt>
   <trkpt lon="-4.439088" lat="36.710520"><ele>6.0</ele></trkpt>
   <trkpt lon="-4.439121" lat="36.710547"><ele>6.0</ele></trkpt>
   <trkpt lon="-4.439138" lat="36.710562"><ele>6.0</ele></trkpt>
   <trkpt lon="-4.439171" lat="36.710589"><ele>6.0</ele></trkpt>
   <trkpt lon="-4.439201" lat="36.710565"><ele>6.0</ele></trkpt>
   <trkpt lon="-4.439246" lat="36.710528"><ele>6.0</ele></trkpt>
   <trkpt lon="-4.439281" lat="36.710500"><ele>6.0</ele></trkpt>
   <trkpt lon="-4.439475" lat="36.710351"><ele>6.3</ele></trkpt>
   <trkpt lon="-4.439613" lat="36.710245"><ele>6.7</ele></trkpt>
   <trkpt lon="-4.439980" lat="36.709960"><ele>7.0</ele></trkpt>
   <trkpt lon="-4.440024" lat="36.709926"><ele>7.0</ele></trkpt>
   <trkpt lon="-4.440122" lat="36.709851"><ele>7.1</ele></trkpt>
   <trkpt lon="-4.440818" lat="36.709324"><ele>8.0</ele></trkpt>
   <trkpt lon="-4.440887" lat="36.709277"><ele>8.0</ele></trkpt>
   <trkpt lon="-4.440945" lat="36.709231"><ele>8.0</ele></trkpt>
   <trkpt lon="-4.441068" lat="36.709141"><ele>8.0</ele></trkpt>
   <trkpt lon="-4.441303" lat="36.708962"><ele>8.0</ele></trkpt>
   <trkpt lon="-4.441326" lat="36.708944"><ele>8.0</ele></trkpt>
   <trkpt lon="-4.441350" lat="36.708926"><ele>8.0</ele></trkpt>
   <trkpt lon="-4.441407" lat="36.708881"><ele>8.0</ele></trkpt>
   <trkpt lon="-4.441556" lat="36.708766"><ele>8.0</ele></trkpt>
   <trkpt lon="-4.441678" lat="36.708671"><ele>8.0</ele></trkpt>
   <trkpt lon="-4.441752" lat="36.708617"><ele>8.0</ele></trkpt>
   <trkpt lon="-4.441823" lat="36.708565"><ele>8.0</ele></trkpt>
   <trkpt lon="-4.441860" lat="36.708537"><ele>8.0</ele></trkpt>
   <trkpt lon="-4.441888" lat="36.708517"><ele>8.0</ele></trkpt>
   <trkpt lon="-4.442069" lat="36.708426"><ele>8.0</ele></trkpt>
   <trkpt lon="-4.442155" lat="36.708422"><ele>8.0</ele></trkpt>
   <trkpt lon="-4.442195" lat="36.708428"><ele>8.0</ele></trkpt>
   <trkpt lon="-4.442220" lat="36.708440"><ele>8.0</ele></trkpt>
   <trkpt lon="-4.442228" lat="36.708479"><ele>8.0</ele></trkpt>
   <trkpt lon="-4.442256" lat="36.708511"><ele>8.0</ele></trkpt>
   <trkpt lon="-4.442278" lat="36.708529"><ele>8.0</ele></trkpt>
   <trkpt lon="-4.442296" lat="36.708544"><ele>8.0</ele></trkpt>
   <trkpt lon="-4.442463" lat="36.708665"><ele>8.1</ele></trkpt>
   <trkpt lon="-4.443030" lat="36.709047"><ele>9.2</ele></trkpt>
   <trkpt lon="-4.443049" lat="36.709069"><ele>9.2</ele></trkpt>
   <trkpt lon="-4.443096" lat="36.709124"><ele>9.4</ele></trkpt>
   <trkpt lon="-4.443120" lat="36.709152"><ele>9.5</ele></trkpt>
   <trkpt lon="-4.442932" lat="36.709247"><ele>9.3</ele></trkpt>
   <trkpt lon="-4.442815" lat="36.709301"><ele>9.1</ele></trkpt>
   <trkpt lon="-4.442520" lat="36.709452"><ele>9.0</ele></trkpt>
   <trkpt lon="-4.442605" lat="36.709518"><ele>9.0</ele></trkpt>
   <trkpt lon="-4.443003" lat="36.709806"><ele>9.8</ele></trkpt>
   <trkpt lon="-4.443130" lat="36.709901"><ele>10.0</ele></trkpt>
   <trkpt lon="-4.443534" lat="36.710222"><ele>10.7</ele></trkpt>
   <trkpt lon="-4.443550" lat="36.710234"><ele>10.7</ele></trkpt>
   <trkpt lon="-4.443601" lat="36.710273"><ele>10.8</ele></trkpt>
   <trkpt lon="-4.443859" lat="36.710094"><ele>10.4</ele></trkpt>
   <trkpt lon="-4.443931" lat="36.710048"><ele>10.4</ele></trkpt>
   <trkpt lon="-4.444022" lat="36.710011"><ele>10.6</ele></trkpt>
   <trkpt lon="-4.444144" lat="36.709954"><ele>10.8</ele></trkpt>
   <trkpt lon="-4.444367" lat="36.709897"><ele>11.3</ele></trkpt>
   <trkpt lon="-4.444505" lat="36.709876"><ele>11.7</ele></trkpt>
   <trkpt lon="-4.444689" lat="36.709885"><ele>11.7</ele></trkpt>
   <trkpt lon="-4.444797" lat="36.709882"><ele>11.7</ele></trkpt>
   <trkpt lon="-4.444939" lat="36.709863"><ele>11.6</ele></trkpt>
   <trkpt lon="-4.445064" lat="36.709819"><ele>11.5</ele></trkpt>
   <trkpt lon="-4.445116" lat="36.709785"><ele>11.4</ele></trkpt>
   <trkpt lon="-4.445142" lat="36.709749"><ele>11.3</ele></trkpt>
   <trkpt lon="-4.445269" lat="36.709682"><ele>11.3</ele></trkpt>
   <trkpt lon="-4.445303" lat="36.709656"><ele>11.3</ele></trkpt>
   <trkpt lon="-4.445393" lat="36.709597"><ele>11.5</ele></trkpt>
   <trkpt lon="-4.445634" lat="36.709437"><ele>11.6</ele></trkpt>
   <trkpt lon="-4.445767" lat="36.709336"><ele>11.7</ele></trkpt>
   <trkpt lon="-4.445854" lat="36.709274"><ele>11.8</ele></trkpt>
   <trkpt lon="-4.446417" lat="36.708873"><ele>11.7</ele></trkpt>
   <trkpt lon="-4.446582" lat="36.708756"><ele>11.4</ele></trkpt>
   <trkpt lon="-4.446694" lat="36.708679"><ele>11.5</ele></trkpt>
   <trkpt lon="-4.446724" lat="36.708658"><ele>11.6</ele></trkpt>
   <trkpt lon="-4.447334" lat="36.708216"><ele>11.9</ele></trkpt>
   <trkpt lon="-4.447758" lat="36.707965"><ele>12.0</ele></trkpt>
   <trkpt lon="-4.447896" lat="36.707884"><ele>11.8</ele></trkpt>
   <trkpt lon="-4.448402" lat="36.707587"><ele>12.0</ele></trkpt>
   <trkpt lon="-4.448484" lat="36.707538"><ele>11.9</ele></trkpt>
   <trkpt lon="-4.448880" lat="36.707290"><ele>12.0</ele></trkpt>
   <trkpt lon="-4.449024" lat="36.707211"><ele>11.9</ele></trkpt>
   <trkpt lon="-4.449132" lat="36.707142"><ele>11.8</ele></trkpt>
   <trkpt lon="-4.449280" lat="36.707061"><ele>12.0</ele></trkpt>
   <trkpt lon="-4.449435" lat="36.706963"><ele>12.1</ele></trkpt>
   <trkpt lon="-4.449488" lat="36.706930"><ele>12.0</ele></trkpt>
   <trkpt lon="-4.449530" lat="36.706899"><ele>12.0</ele></trkpt>
   <trkpt lon="-4.449867" lat="36.706697"><ele>12.0</ele></trkpt>
   <trkpt lon="-4.450754" lat="36.706158"><ele>12.0</ele></trkpt>
   <trkpt lon="-4.451281" lat="36.705836"><ele>11.8</ele></trkpt>
   <trkpt lon="-4.451638" lat="36.705627"><ele>11.0</ele></trkpt>
   <trkpt lon="-4.451821" lat="36.705574"><ele>10.6</ele></trkpt>
   <trkpt lon="-4.451886" lat="36.705554"><ele>10.4</ele></trkpt>
   <trkpt lon="-4.451949" lat="36.705584"><ele>10.3</ele></trkpt>
   <trkpt lon="-4.451998" lat="36.705593"><ele>10.2</ele></trkpt>
   <trkpt lon="-4.452036" lat="36.705593"><ele>10.1</ele></trkpt>
   <trkpt lon="-4.452106" lat="36.705577"><ele>10.1</ele></trkpt>
   <trkpt lon="-4.452156" lat="36.705548"><ele>10.0</ele></trkpt>
   <trkpt lon="-4.452179" lat="36.705526"><ele>10.0</ele></trkpt>
   <trkpt lon="-4.452271" lat="36.705476"><ele>10.0</ele></trkpt>
   <trkpt lon="-4.452396" lat="36.705392"><ele>10.1</ele></trkpt>
   <trkpt lon="-4.452479" lat="36.705345"><ele>10.1</ele></trkpt>
   <trkpt lon="-4.453380" lat="36.704941"><ele>11.0</ele></trkpt>
   <trkpt lon="-4.453490" lat="36.704890"><ele>11.0</ele></trkpt>
   <trkpt lon="-4.453610" lat="36.704833"><ele>11.0</ele></trkpt>
   <trkpt lon="-4.453787" lat="36.704726"><ele>11.0</ele></trkpt>
   <trkpt lon="-4.453875" lat="36.704672"><ele>11.0</ele></trkpt>
   <trkpt lon="-4.454015" lat="36.704660"><ele>11.0</ele></trkpt>
   <trkpt lon="-4.454116" lat="36.704665"><ele>11.2</ele></trkpt>
   <trkpt lon="-4.454198" lat="36.704689"><ele>11.4</ele></trkpt>
   <trkpt lon="-4.454251" lat="36.704691"><ele>11.6</ele></trkpt>
   <trkpt lon="-4.454288" lat="36.704686"><ele>11.7</ele></trkpt>
   <trkpt lon="-4.454364" lat="36.704658"><ele>11.9</ele></trkpt>
   <trkpt lon="-4.454406" lat="36.704627"><ele>12.0</ele></trkpt>
   <trkpt lon="-4.454441" lat="36.704582"><ele>12.0</ele></trkpt>
   <trkpt lon="-4.454457" lat="36.704535"><ele>12.0</ele></trkpt>
   <trkpt lon="-4.454458" lat="36.704495"><ele>12.0</ele></trkpt>
   <trkpt lon="-4.454539" lat="36.704404"><ele>12.0</ele></trkpt>
   <trkpt lon="-4.454712" lat="36.704299"><ele>12.0</ele></trkpt>
   <trkpt lon="-4.456238" lat="36.703571"><ele>13.0</ele></trkpt>
   <trkpt lon="-4.456471" lat="36.703460"><ele>13.2</ele></trkpt>
   <trkpt lon="-4.456953" lat="36.703231"><ele>14.0</ele></trkpt>
   <trkpt lon="-4.457098" lat="36.703168"><ele>14.0</ele></trkpt>
   <trkpt lon="-4.458014" lat="36.702791"><ele>18.1</ele></trkpt>
   <trkpt lon="-4.458427" lat="36.702624"><ele>17.5</ele></trkpt>
   <trkpt lon="-4.458700" lat="36.702514"><ele>16.8</ele></trkpt>
   <trkpt lon="-4.459045" lat="36.702377"><ele>16.7</ele></trkpt>
   <trkpt lon="-4.459497" lat="36.702199"><ele>17.8</ele></trkpt>
   <trkpt lon="-4.459688" lat="36.702145"><ele>18.0</ele></trkpt>
   <trkpt lon="-4.459747" lat="36.702177"><ele>18.0</ele></trkpt>
   <trkpt lon="-4.459843" lat="36.702184"><ele>18.0</ele></trkpt>
   <trkpt lon="-4.459874" lat="36.702179"><ele>18.0</ele></trkpt>
   <trkpt lon="-4.460168" lat="36.702076"><ele>18.0</ele></trkpt>
   <trkpt lon="-4.460487" lat="36.701955"><ele>18.0</ele></trkpt>
   <trkpt lon="-4.460559" lat="36.701927"><ele>18.0</ele></trkpt>
   <trkpt lon="-4.460899" lat="36.701809"><ele>19.0</ele></trkpt>
   <trkpt lon="-4.461292" lat="36.701661"><ele>18.0</ele></trkpt>
   <trkpt lon="-4.461681" lat="36.701514"><ele>18.0</ele></trkpt>
   <trkpt lon="-4.461934" lat="36.701419"><ele>17.9</ele></trkpt>
   <trkpt lon="-4.462071" lat="36.701367"><ele>17.7</ele></trkpt>
   <trkpt lon="-4.462150" lat="36.701338"><ele>17.6</ele></trkpt>
   <trkpt lon="-4.462194" lat="36.701273"><ele>17.5</ele></trkpt>
   <trkpt lon="-4.462223" lat="36.701173"><ele>17.2</ele></trkpt>
   <trkpt lon="-4.462301" lat="36.701116"><ele>17.1</ele></trkpt>
   <trkpt lon="-4.462628" lat="36.700981"><ele>17.5</ele></trkpt>
   <trkpt lon="-4.463048" lat="36.700818"><ele>16.7</ele></trkpt>
   <trkpt lon="-4.463872" lat="36.700491"><ele>15.9</ele></trkpt>
   <trkpt lon="-4.464038" lat="36.700427"><ele>16.0</ele></trkpt>
   <trkpt lon="-4.464808" lat="36.700114"><ele>15.6</ele></trkpt>
   <trkpt lon="-4.465561" lat="36.699818"><ele>15.0</ele></trkpt>
   <trkpt lon="-4.466289" lat="36.699543"><ele>14.3</ele></trkpt>
   <trkpt lon="-4.466511" lat="36.699469"><ele>14.6</ele></trkpt>
   <trkpt lon="-4.466958" lat="36.699336"><ele>16.1</ele></trkpt>
   <trkpt lon="-4.467027" lat="36.699327"><ele>16.2</ele></trkpt>
   <trkpt lon="-4.467165" lat="36.699299"><ele>16.2</ele></trkpt>
   <trkpt lon="-4.467415" lat="36.699259"><ele>16.1</ele></trkpt>
   <trkpt lon="-4.467546" lat="36.699250"><ele>16.3</ele></trkpt>
   <trkpt lon="-4.467608" lat="36.699257"><ele>16.4</ele></trkpt>
   <trkpt lon="-4.467669" lat="36.699250"><ele>16.4</ele></trkpt>
   <trkpt lon="-4.467706" lat="36.699335"><ele>16.8</ele></trkpt>
   <trkpt lon="-4.467820" lat="36.699627"><ele>17.2</ele></trkpt>
   <trkpt lon="-4.467954" lat="36.699953"><ele>17.7</ele></trkpt>
   <trkpt lon="-4.468015" lat="36.700102"><ele>17.9</ele></trkpt>
   <trkpt lon="-4.468354" lat="36.700932"><ele>19.9</ele></trkpt>
   <trkpt lon="-4.468434" lat="36.701056"><ele>20.1</ele></trkpt>
   <trkpt lon="-4.468549" lat="36.701174"><ele>20.6</ele></trkpt>
   <trkpt lon="-4.468709" lat="36.701261"><ele>21.3</ele></trkpt>
   <trkpt lon="-4.468867" lat="36.701328"><ele>21.8</ele></trkpt>
   <trkpt lon="-4.469027" lat="36.701355"><ele>22.3</ele></trkpt>
   <trkpt lon="-4.470430" lat="36.701439"><ele>21.9</ele></trkpt>
   <trkpt lon="-4.470646" lat="36.701451"><ele>21.4</ele></trkpt>
   <trkpt lon="-4.471269" lat="36.701430"><ele>22.6</ele></trkpt>
   <trkpt lon="-4.471384" lat="36.701427"><ele>23.2</ele></trkpt>
   <trkpt lon="-4.472517" lat="36.701385"><ele>23.8</ele></trkpt>
   <trkpt lon="-4.472608" lat="36.701382"><ele>23.7</ele></trkpt>
   <trkpt lon="-4.472687" lat="36.701380"><ele>23.6</ele></trkpt>
   <trkpt lon="-4.472765" lat="36.701377"><ele>23.6</ele></trkpt>
   <trkpt lon="-4.472850" lat="36.701374"><ele>23.5</ele></trkpt>
   <trkpt lon="-4.473292" lat="36.701361"><ele>23.7</ele></trkpt>
   <trkpt lon="-4.473689" lat="36.701350"><ele>23.7</ele></trkpt>
   <trkpt lon="-4.474584" lat="36.701316"><ele>25.1</ele></trkpt>
   <trkpt lon="-4.474657" lat="36.702601"><ele>27.0</ele></trkpt>
  </trkseg>
 </trk>
</gpx>
